# Grid Center: 2611800, 1263800
# Global Anchor: 7.64977475454284, 47.53283995868075, 0.0

g building_ID_76C3BF9C-8360-4F1C-B8FF-9B115CEA65E5
v -4229.2770 -689.8227 345.0886
v -4230.3510 -683.8368 345.0885
v -4221.8771 -683.1636 345.0942
f 1 2 3
v -4222.0456 -682.2212 345.0942
v -4221.8771 -683.1636 345.0942
v -4230.3510 -683.8368 345.0885
f 4 5 6
v -4221.9901 -692.4593 345.0931
v -4228.5824 -693.6985 345.0886
v -4229.2770 -689.8227 345.0886
f 7 8 9
v -4221.8771 -683.1636 345.0942
v -4221.7666 -693.7399 345.0931
v -4221.9901 -692.4593 345.0931
f 10 11 12
v -4221.9901 -692.4593 345.0931
v -4229.2770 -689.8227 345.0886
v -4221.8771 -683.1636 345.0942
f 13 14 15
v -4215.3438 -687.8772 345.0980
v -4221.8771 -683.1636 345.0942
v -4214.9598 -681.9262 345.0989
f 16 17 18
v -4215.3438 -687.8772 345.0980
v -4214.9598 -681.9262 345.0989
v -4214.0031 -686.8518 345.0990
f 19 20 21
v -4213.8571 -687.6231 345.0990
v -4215.3438 -687.8772 345.0980
v -4214.0031 -686.8518 345.0990
f 22 23 24
v -4221.8771 -683.1636 345.0942
v -4215.3438 -687.8772 345.0980
v -4221.7666 -693.7399 345.0931
f 25 26 27
v -4221.7666 -693.7399 345.0931
v -4215.3438 -687.8772 345.0980
v -4214.5182 -692.4774 345.0981
f 28 29 30
v -4213.8655 -687.6243 358.0295
v -4214.0117 -686.8529 358.4015
v -4215.3522 -687.8782 358.0445
f 31 32 33
v -4215.3522 -687.8782 358.0445
v -4214.0117 -686.8529 358.4015
v -4218.6103 -687.8645 358.3444
f 34 35 36
v -4218.6103 -687.8645 358.3444
v -4217.7014 -692.5218 356.0924
v -4214.5251 -692.4782 355.8276
f 37 38 39
v -4214.5251 -692.4782 355.8276
v -4215.3522 -687.8782 358.0445
v -4218.6103 -687.8645 358.3444
f 40 41 42
v -4228.5899 -693.6995 356.5241
v -4228.0403 -689.6992 358.3378
v -4229.2857 -689.8238 358.3910
f 43 44 45
v -4218.6103 -687.8645 358.3444
v -4229.2857 -689.8238 358.3910
v -4228.0403 -689.6992 358.3378
f 46 47 48
v -4227.3063 -693.4580 356.5210
v -4228.0403 -689.6992 358.3378
v -4228.5899 -693.6995 356.5241
f 49 50 51
v -4229.2857 -689.8238 358.3910
v -4218.6103 -687.8645 358.3444
v -4214.0117 -686.8529 358.4015
f 52 53 54
v -4221.7736 -693.7407 355.8916
v -4214.5251 -692.4782 355.8276
v -4217.7014 -692.5218 356.0924
f 55 56 57
v -4217.7014 -692.5218 356.0924
v -4221.8456 -693.3277 356.0906
v -4221.7736 -693.7407 355.8916
f 58 59 60
v -4221.8841 -683.1645 355.8338
v -4230.3576 -683.8377 355.3491
v -4229.2857 -689.8238 358.3910
f 61 62 63
v -4214.0117 -686.8529 358.4015
v -4221.8841 -683.1645 355.8338
v -4229.2857 -689.8238 358.3910
f 64 65 66
v -4222.0523 -682.2219 355.3548
v -4230.3576 -683.8377 355.3491
v -4221.8841 -683.1645 355.8338
f 67 68 69
v -4214.9668 -681.9271 355.8915
v -4221.8841 -683.1645 355.8338
v -4214.0117 -686.8529 358.4015
f 70 71 72
v -4214.5182 -692.4774 345.0981
v -4214.5251 -692.4782 355.8276
v -4221.7666 -693.7399 345.0931
f 73 74 75
v -4214.5251 -692.4782 355.8276
v -4221.7736 -693.7407 355.8916
v -4221.7666 -693.7399 345.0931
f 76 77 78
v -4215.3438 -687.8772 345.0980
v -4214.5251 -692.4782 355.8276
v -4214.5182 -692.4774 345.0981
f 79 80 81
v -4213.8655 -687.6243 358.0295
v -4215.3438 -687.8772 345.0980
v -4213.8613 -687.6237 351.5567
f 82 83 84
v -4213.8571 -687.6231 345.0990
v -4213.8613 -687.6237 351.5567
v -4215.3438 -687.8772 345.0980
f 85 86 87
v -4213.8655 -687.6243 358.0295
v -4215.3522 -687.8782 358.0445
v -4215.3438 -687.8772 345.0980
f 88 89 90
v -4222.0456 -682.2212 345.0942
v -4222.0523 -682.2219 355.3548
v -4221.8771 -683.1636 345.0942
f 91 92 93
v -4222.0523 -682.2219 355.3548
v -4221.8841 -683.1645 355.8338
v -4221.8771 -683.1636 345.0942
f 94 95 96
v -4224.1189 -682.6239 350.0716
v -4230.3542 -683.8372 350.0673
v -4230.3576 -683.8377 355.3491
f 97 98 99
v -4230.3516 -683.8369 346.0385
v -4224.1163 -682.6236 346.0428
v -4230.3510 -683.8368 345.0885
f 100 101 102
v -4222.0523 -682.2219 355.3548
v -4222.0456 -682.2212 345.0942
v -4224.1163 -682.6236 346.0428
f 103 104 105
v -4214.9668 -681.9271 355.8915
v -4214.9633 -681.9266 350.4947
v -4221.8841 -683.1645 355.8338
f 106 107 108
v -4214.9598 -681.9262 345.0989
v -4221.8771 -683.1636 345.0942
v -4221.8841 -683.1645 355.8338
f 109 110 111
v -4214.9633 -681.9266 350.4947
v -4214.9598 -681.9262 345.0989
v -4221.8841 -683.1645 355.8338
f 112 113 114
v -4231.2156 -679.0186 346.0385
v -4231.2182 -679.0189 350.0673
v -4225.1012 -677.9083 350.0714
f 115 116 117
v -4224.4176 -681.6268 346.0427
v -4224.4202 -681.6271 350.0715
v -4224.3162 -681.6084 350.0716
f 118 119 120
v -4225.0986 -677.9080 346.0426
v -4225.1012 -677.9083 350.0714
v -4224.4202 -681.6271 350.0715
f 121 122 123
v -4224.1163 -682.6236 346.0428
v -4230.3516 -683.8369 346.0385
v -4224.4176 -681.6268 346.0427
f 124 125 126
v -4231.2156 -679.0186 346.0385
v -4224.4176 -681.6268 346.0427
v -4230.3516 -683.8369 346.0385
f 127 128 129
v -4224.3135 -681.6081 346.0428
v -4224.1163 -682.6236 346.0428
v -4224.4176 -681.6268 346.0427
f 130 131 132
v -4231.2156 -679.0186 346.0385
v -4225.0986 -677.9080 346.0426
v -4224.4176 -681.6268 346.0427
f 133 134 135
v -4231.2182 -679.0189 350.0673
v -4224.4202 -681.6271 350.0715
v -4225.1012 -677.9083 350.0714
f 136 137 138
v -4224.1189 -682.6239 350.0716
v -4224.4202 -681.6271 350.0715
v -4230.3542 -683.8372 350.0673
f 139 140 141
v -4231.2182 -679.0189 350.0673
v -4230.3542 -683.8372 350.0673
v -4224.4202 -681.6271 350.0715
f 142 143 144
v -4224.3162 -681.6084 350.0716
v -4224.4202 -681.6271 350.0715
v -4224.1189 -682.6239 350.0716
f 145 146 147
v -4224.3135 -681.6081 346.0428
v -4224.3162 -681.6084 350.0716
v -4224.1189 -682.6239 350.0716
f 148 149 150
v -4221.9986 -692.4604 358.2615
v -4217.7028 -692.5219 358.2464
v -4218.6103 -687.8645 358.3444
f 151 152 153
v -4228.0403 -689.6992 358.3378
v -4221.9986 -692.4604 358.2615
v -4218.6103 -687.8645 358.3444
f 154 155 156
v -4221.8470 -693.3278 358.2435
v -4217.7028 -692.5219 358.2464
v -4221.9986 -692.4604 358.2615
f 157 158 159
v -4228.0403 -689.6992 358.3378
v -4227.3073 -693.4581 358.2589
v -4221.9986 -692.4604 358.2615
f 160 161 162
v -4217.7014 -692.5218 356.0924
v -4217.7028 -692.5219 358.2464
v -4221.8470 -693.3278 358.2435
f 163 164 165
v -4217.7014 -692.5218 356.0924
v -4218.6103 -687.8645 358.3444
v -4217.7028 -692.5219 358.2464
f 166 167 168
v -4227.3063 -693.4580 356.5210
v -4227.3073 -693.4581 358.2589
v -4228.0403 -689.6992 358.3378
f 169 170 171
v -4221.9986 -692.4604 358.2615
v -4221.9901 -692.4593 345.0931
v -4221.7666 -693.7399 345.0931
f 172 173 174
v -4221.9986 -692.4604 358.2615
v -4221.7666 -693.7399 345.0931
v -4221.8456 -693.3277 356.0906
f 175 176 177
v -4221.7736 -693.7407 355.8916
v -4221.8456 -693.3277 356.0906
v -4221.7666 -693.7399 345.0931
f 178 179 180
v -4221.8470 -693.3278 358.2435
v -4221.9986 -692.4604 358.2615
v -4221.8456 -693.3277 356.0906
f 181 182 183
v -4214.0117 -686.8529 358.4015
v -4214.9633 -681.9266 350.4947
v -4214.9668 -681.9271 355.8915
f 184 185 186
v -4214.9633 -681.9266 350.4947
v -4213.8613 -687.6237 351.5567
v -4214.9598 -681.9262 345.0989
f 187 188 189
v -4213.8655 -687.6243 358.0295
v -4214.9633 -681.9266 350.4947
v -4214.0117 -686.8529 358.4015
f 190 191 192
v -4213.8613 -687.6237 351.5567
v -4214.0031 -686.8518 345.0990
v -4214.9598 -681.9262 345.0989
f 193 194 195
v -4213.8613 -687.6237 351.5567
v -4213.8571 -687.6231 345.0990
v -4214.0031 -686.8518 345.0990
f 196 197 198
v -4213.8655 -687.6243 358.0295
v -4213.8613 -687.6237 351.5567
v -4214.9633 -681.9266 350.4947
f 199 200 201
v -4230.3576 -683.8377 355.3491
v -4228.5899 -693.6995 356.5241
v -4229.2857 -689.8238 358.3910
f 202 203 204
v -4228.5824 -693.6985 345.0886
v -4228.5899 -693.6995 356.5241
v -4229.2770 -689.8227 345.0886
f 205 206 207
v -4228.5899 -693.6995 356.5241
v -4230.3542 -683.8372 350.0673
v -4229.2770 -689.8227 345.0886
f 208 209 210
v -4230.3576 -683.8377 355.3491
v -4230.3542 -683.8372 350.0673
v -4228.5899 -693.6995 356.5241
f 211 212 213
v -4231.2182 -679.0189 350.0673
v -4231.2156 -679.0186 346.0385
v -4230.3516 -683.8369 346.0385
f 214 215 216
v -4229.2770 -689.8227 345.0886
v -4230.3516 -683.8369 346.0385
v -4230.3510 -683.8368 345.0885
f 217 218 219
v -4229.2770 -689.8227 345.0886
v -4230.3542 -683.8372 350.0673
v -4230.3516 -683.8369 346.0385
f 220 221 222
v -4221.9986 -692.4604 358.2615
v -4228.5824 -693.6985 345.0886
v -4221.9901 -692.4593 345.0931
f 223 224 225
v -4221.9986 -692.4604 358.2615
v -4227.3063 -693.4580 356.5210
v -4228.5824 -693.6985 345.0886
f 226 227 228
v -4228.5899 -693.6995 356.5241
v -4228.5824 -693.6985 345.0886
v -4227.3063 -693.4580 356.5210
f 229 230 231
v -4221.9986 -692.4604 358.2615
v -4227.3073 -693.4581 358.2589
v -4227.3063 -693.4580 356.5210
f 232 233 234
v -4215.3522 -687.8782 358.0445
v -4214.5251 -692.4782 355.8276
v -4215.3438 -687.8772 345.0980
f 235 236 237
v -4224.1189 -682.6239 350.0716
v -4230.3576 -683.8377 355.3491
v -4222.0523 -682.2219 355.3548
f 238 239 240
v -4224.1163 -682.6236 346.0428
v -4222.0456 -682.2212 345.0942
v -4230.3510 -683.8368 345.0885
f 241 242 243
v -4222.0523 -682.2219 355.3548
v -4224.1163 -682.6236 346.0428
v -4224.1189 -682.6239 350.0716
f 244 245 246
v -4231.2156 -679.0186 346.0385
v -4225.1012 -677.9083 350.0714
v -4225.0986 -677.9080 346.0426
f 247 248 249
v -4224.4176 -681.6268 346.0427
v -4224.3162 -681.6084 350.0716
v -4224.3135 -681.6081 346.0428
f 250 251 252
v -4225.0986 -677.9080 346.0426
v -4224.4202 -681.6271 350.0715
v -4224.4176 -681.6268 346.0427
f 253 254 255
v -4224.3135 -681.6081 346.0428
v -4224.1189 -682.6239 350.0716
v -4224.1163 -682.6236 346.0428
f 256 257 258
v -4217.7014 -692.5218 356.0924
v -4221.8470 -693.3278 358.2435
v -4221.8456 -693.3277 356.0906
f 259 260 261
v -4231.2182 -679.0189 350.0673
v -4230.3516 -683.8369 346.0385
v -4230.3542 -683.8372 350.0673
f 262 263 264

g building_ID_AFD7D685-23E7-40B8-A445-9211B31DB3FC
v -4235.4852 -694.8743 347.5418
v -4233.5520 -685.8574 347.5441
v -4231.9401 -685.5438 347.5452
f 265 266 267
v -4235.1169 -685.4622 347.5431
v -4233.8735 -684.2036 347.5441
v -4233.5520 -685.8574 347.5441
f 268 269 270
v -4235.4852 -694.8743 347.5418
v -4231.9401 -685.5438 347.5452
v -4230.2978 -693.9902 347.5454
f 271 272 273
v -4235.1169 -685.4622 347.5431
v -4235.4852 -694.8743 347.5418
v -4237.1088 -685.8159 347.5417
f 274 275 276
v -4233.5520 -685.8574 347.5441
v -4235.4852 -694.8743 347.5418
v -4235.1169 -685.4622 347.5431
f 277 278 279
v -4233.8735 -684.2036 347.5441
v -4235.1169 -685.4622 347.5431
v -4235.1992 -684.4610 347.5431
f 280 281 282
v -4231.0486 -690.1671 358.3898
v -4236.3063 -690.3350 358.8333
v -4235.4909 -694.8750 356.3754
f 283 284 285
v -4230.3035 -693.9909 356.3130
v -4231.0486 -690.1671 358.3898
v -4235.4909 -694.8750 356.3754
f 286 287 288
v -4229.4348 -688.9984 358.8380
v -4231.0486 -690.1671 358.3898
v -4229.2866 -689.8238 358.3910
f 289 290 291
v -4236.3063 -690.3350 358.8333
v -4231.0486 -690.1671 358.3898
v -4229.4348 -688.9984 358.8380
f 292 293 294
v -4236.3043 -685.6728 356.4519
v -4236.3063 -690.3350 358.8333
v -4235.1227 -685.4629 356.4637
f 295 296 297
v -4229.4348 -688.9984 358.8380
v -4235.1227 -685.4629 356.4637
v -4236.3063 -690.3350 358.8333
f 298 299 300
v -4236.3063 -690.3350 358.8333
v -4236.3043 -685.6728 356.4519
v -4237.1147 -685.8166 356.4443
f 301 302 303
v -4229.4348 -688.9984 358.8380
v -4230.4132 -683.5295 355.9470
v -4235.1227 -685.4629 356.4637
f 304 305 306
v -4230.4132 -683.5295 355.9470
v -4235.2047 -684.4617 355.9437
v -4235.1227 -685.4629 356.4637
f 307 308 309
v -4235.1169 -685.4622 347.5431
v -4237.1088 -685.8159 347.5417
v -4237.1147 -685.8166 356.4443
f 310 311 312
v -4233.8758 -684.2038 351.0609
v -4235.1992 -684.4610 347.5431
v -4235.2047 -684.4617 355.9437
f 313 314 315
v -4233.8758 -684.2038 351.0609
v -4230.4132 -683.5295 355.9470
v -4230.4100 -683.5291 351.0633
f 316 317 318
v -4233.8758 -684.2038 351.0609
v -4233.8735 -684.2036 347.5441
v -4235.1992 -684.4610 347.5431
f 319 320 321
v -4235.2047 -684.4617 355.9437
v -4230.4132 -683.5295 355.9470
v -4233.8758 -684.2038 351.0609
f 322 323 324
v -4230.2962 -693.9899 345.0875
v -4232.2009 -684.1968 345.0873
v -4230.3510 -683.8368 345.0885
f 325 326 327
v -4229.2770 -689.8227 345.0886
v -4230.2962 -693.9899 345.0875
v -4230.3510 -683.8368 345.0885
f 328 329 330
v -4228.5824 -693.6985 345.0886
v -4230.2962 -693.9899 345.0875
v -4229.2770 -689.8227 345.0886
f 331 332 333
v -4229.2866 -689.8238 358.3910
v -4230.3037 -693.9909 356.5420
v -4228.5899 -693.6995 356.5241
f 334 335 336
v -4230.3037 -693.9909 356.5420
v -4229.2866 -689.8238 358.3910
v -4231.0486 -690.1671 358.3898
f 337 338 339
v -4230.3035 -693.9909 356.3130
v -4230.3037 -693.9909 356.5420
v -4231.0486 -690.1671 358.3898
f 340 341 342
v -4231.6912 -684.0972 346.0376
v -4232.2009 -684.1968 345.0873
v -4232.2021 -684.1969 346.8652
f 343 344 345
v -4231.6918 -684.0973 346.8655
v -4231.6912 -684.0972 346.0376
v -4232.2021 -684.1969 346.8652
f 346 347 348
v -4230.3510 -683.8368 345.0885
v -4231.6912 -684.0972 346.0376
v -4230.3516 -683.8369 346.0385
f 349 350 351
v -4232.2009 -684.1968 345.0873
v -4231.6912 -684.0972 346.0376
v -4230.3510 -683.8368 345.0885
f 352 353 354
v -4233.5153 -683.5434 346.8644
v -4233.5180 -683.5437 351.0612
v -4234.2174 -679.5699 351.0612
f 355 356 357
v -4233.9865 -683.6221 346.8640
v -4233.9893 -683.6226 351.0608
v -4233.5180 -683.5437 351.0612
f 358 359 360
v -4232.6283 -679.2777 346.0375
v -4230.3516 -683.8369 346.0385
v -4231.6912 -684.0972 346.0376
f 361 362 363
v -4230.3516 -683.8369 346.0385
v -4232.6283 -679.2777 346.0375
v -4231.2156 -679.0186 346.0385
f 364 365 366
v -4231.6912 -684.0972 346.0376
v -4231.6918 -684.0973 346.8655
v -4232.6288 -679.2778 346.8654
f 367 368 369
v -4233.5180 -683.5437 351.0612
v -4233.8758 -684.2038 351.0609
v -4230.4100 -683.5291 351.0633
f 370 371 372
v -4231.2188 -679.0190 351.0633
v -4233.5180 -683.5437 351.0612
v -4230.4100 -683.5291 351.0633
f 373 374 375
v -4233.9893 -683.6226 351.0608
v -4233.8758 -684.2038 351.0609
v -4233.5180 -683.5437 351.0612
f 376 377 378
v -4231.2188 -679.0190 351.0633
v -4234.2174 -679.5699 351.0612
v -4233.5180 -683.5437 351.0612
f 379 380 381
v -4233.5520 -685.8574 347.5441
v -4233.8735 -684.2036 347.5441
v -4233.5515 -685.8573 346.8641
f 382 383 384
v -4233.9893 -683.6226 351.0608
v -4233.9865 -683.6221 346.8640
v -4233.8735 -684.2036 347.5441
f 385 386 387
v -4232.2021 -684.1969 346.8652
v -4233.5153 -683.5434 346.8644
v -4234.2146 -679.5695 346.8643
f 388 389 390
v -4233.5515 -685.8573 346.8641
v -4233.9865 -683.6221 346.8640
v -4233.5153 -683.5434 346.8644
f 391 392 393
v -4232.2021 -684.1969 346.8652
v -4234.2146 -679.5695 346.8643
v -4232.6288 -679.2778 346.8654
f 394 395 396
v -4232.2021 -684.1969 346.8652
v -4231.9397 -685.5437 346.8652
v -4233.5153 -683.5434 346.8644
f 397 398 399
v -4233.5515 -685.8573 346.8641
v -4233.5153 -683.5434 346.8644
v -4231.9397 -685.5437 346.8652
f 400 401 402
v -4232.6288 -679.2778 346.8654
v -4231.6918 -684.0973 346.8655
v -4232.2021 -684.1969 346.8652
f 403 404 405
v -4231.9397 -685.5437 346.8652
v -4231.9401 -685.5438 347.5452
v -4233.5520 -685.8574 347.5441
f 406 407 408
v -4237.1088 -685.8159 347.5417
v -4235.4852 -694.8743 347.5418
v -4235.4909 -694.8750 356.3754
f 409 410 411
v -4237.1147 -685.8166 356.4443
v -4237.1088 -685.8159 347.5417
v -4235.4909 -694.8750 356.3754
f 412 413 414
v -4236.3063 -690.3350 358.8333
v -4237.1147 -685.8166 356.4443
v -4235.4909 -694.8750 356.3754
f 415 416 417
v -4228.5899 -693.6995 356.5241
v -4230.2978 -693.9902 347.5454
v -4228.5841 -693.6988 347.5465
f 418 419 420
v -4230.2962 -693.9899 345.0875
v -4228.5824 -693.6985 345.0886
v -4228.5841 -693.6988 347.5465
f 421 422 423
v -4228.5841 -693.6988 347.5465
v -4230.2978 -693.9902 347.5454
v -4230.2962 -693.9899 345.0875
f 424 425 426
v -4228.5899 -693.6995 356.5241
v -4230.3035 -693.9909 356.3130
v -4230.2978 -693.9902 347.5454
f 427 428 429
v -4230.2978 -693.9902 347.5454
v -4230.3035 -693.9909 356.3130
v -4235.4852 -694.8743 347.5418
f 430 431 432
v -4235.4909 -694.8750 356.3754
v -4235.4852 -694.8743 347.5418
v -4230.3035 -693.9909 356.3130
f 433 434 435
v -4230.3037 -693.9909 356.5420
v -4230.3035 -693.9909 356.3130
v -4228.5899 -693.6995 356.5241
f 436 437 438
v -4230.2962 -693.9899 345.0875
v -4230.2978 -693.9902 347.5454
v -4231.9401 -685.5438 347.5452
f 439 440 441
v -4230.2962 -693.9899 345.0875
v -4231.9401 -685.5438 347.5452
v -4231.9397 -685.5437 346.8652
f 442 443 444
v -4231.9397 -685.5437 346.8652
v -4232.2021 -684.1969 346.8652
v -4232.2009 -684.1968 345.0873
f 445 446 447
v -4230.2962 -693.9899 345.0875
v -4231.9397 -685.5437 346.8652
v -4232.2009 -684.1968 345.0873
f 448 449 450
v -4232.6288 -679.2778 346.8654
v -4234.2146 -679.5695 346.8643
v -4234.2174 -679.5699 351.0612
f 451 452 453
v -4231.2156 -679.0186 346.0385
v -4232.6283 -679.2777 346.0375
v -4232.6288 -679.2778 346.8654
f 454 455 456
v -4232.6288 -679.2778 346.8654
v -4234.2174 -679.5699 351.0612
v -4231.2188 -679.0190 351.0633
f 457 458 459
v -4232.6288 -679.2778 346.8654
v -4231.2188 -679.0190 351.0633
v -4231.2156 -679.0186 346.0385
f 460 461 462
v -4231.2156 -679.0186 346.0385
v -4231.2188 -679.0190 351.0633
v -4230.4100 -683.5291 351.0633
f 463 464 465
v -4229.2770 -689.8227 345.0886
v -4230.3510 -683.8368 345.0885
v -4230.3516 -683.8369 346.0385
f 466 467 468
v -4230.3516 -683.8369 346.0385
v -4231.2156 -679.0186 346.0385
v -4230.4100 -683.5291 351.0633
f 469 470 471
v -4230.3516 -683.8369 346.0385
v -4230.4100 -683.5291 351.0633
v -4229.2770 -689.8227 345.0886
f 472 473 474
v -4229.2866 -689.8238 358.3910
v -4230.4132 -683.5295 355.9470
v -4229.4348 -688.9984 358.8380
f 475 476 477
v -4230.4100 -683.5291 351.0633
v -4229.2866 -689.8238 358.3910
v -4228.5899 -693.6995 356.5241
f 478 479 480
v -4228.5841 -693.6988 347.5465
v -4228.5824 -693.6985 345.0886
v -4229.2770 -689.8227 345.0886
f 481 482 483
v -4230.4100 -683.5291 351.0633
v -4228.5841 -693.6988 347.5465
v -4229.2770 -689.8227 345.0886
f 484 485 486
v -4230.4100 -683.5291 351.0633
v -4228.5899 -693.6995 356.5241
v -4228.5841 -693.6988 347.5465
f 487 488 489
v -4229.2866 -689.8238 358.3910
v -4230.4100 -683.5291 351.0633
v -4230.4132 -683.5295 355.9470
f 490 491 492
v -4235.1227 -685.4629 356.4637
v -4235.2047 -684.4617 355.9437
v -4235.1169 -685.4622 347.5431
f 493 494 495
v -4235.1169 -685.4622 347.5431
v -4235.2047 -684.4617 355.9437
v -4235.1992 -684.4610 347.5431
f 496 497 498
v -4235.1169 -685.4622 347.5431
v -4237.1147 -685.8166 356.4443
v -4236.3043 -685.6728 356.4519
f 499 500 501
v -4236.3043 -685.6728 356.4519
v -4235.1227 -685.4629 356.4637
v -4235.1169 -685.4622 347.5431
f 502 503 504
v -4233.5153 -683.5434 346.8644
v -4234.2174 -679.5699 351.0612
v -4234.2146 -679.5695 346.8643
f 505 506 507
v -4233.9865 -683.6221 346.8640
v -4233.5180 -683.5437 351.0612
v -4233.5153 -683.5434 346.8644
f 508 509 510
v -4231.6912 -684.0972 346.0376
v -4232.6288 -679.2778 346.8654
v -4232.6283 -679.2777 346.0375
f 511 512 513
v -4233.8735 -684.2036 347.5441
v -4233.9865 -683.6221 346.8640
v -4233.5515 -685.8573 346.8641
f 514 515 516
v -4233.9893 -683.6226 351.0608
v -4233.8735 -684.2036 347.5441
v -4233.8758 -684.2038 351.0609
f 517 518 519
v -4231.9397 -685.5437 346.8652
v -4233.5520 -685.8574 347.5441
v -4233.5515 -685.8573 346.8641
f 520 521 522

g building_ID_A62F96A7-6FF3-438A-8837-389DE99155B9
v -4285.5462 -737.9390 361.4819
v -4289.3544 -736.9028 361.4655
v -4289.9945 -739.4151 362.0198
f 523 524 525
v -4285.5462 -737.9390 361.4819
v -4289.9945 -739.4151 362.0198
v -4286.1711 -740.3903 362.0232
f 526 527 528
v -4289.3544 -736.9028 361.4655
v -4289.4369 -737.2275 360.8324
v -4289.9945 -739.4151 362.0198
f 529 530 531
v -4289.4369 -737.2275 360.8324
v -4289.3544 -736.9028 361.4655
v -4289.3538 -736.9027 360.6555
f 532 533 534
v -4285.5400 -737.9382 352.2613
v -4294.6047 -743.3788 352.2546
v -4292.6229 -736.0101 352.2568
f 535 536 537
v -4287.3936 -745.2172 352.2592
v -4294.6047 -743.3788 352.2546
v -4285.5400 -737.9382 352.2613
f 538 539 540
v -4294.6047 -743.3788 352.2546
v -4294.6129 -743.3799 364.6390
v -4292.6285 -736.0109 360.6244
f 541 542 543
v -4292.6229 -736.0101 352.2568
v -4294.6047 -743.3788 352.2546
v -4292.6244 -736.0103 354.4337
f 544 545 546
v -4294.6047 -743.3788 352.2546
v -4287.3936 -745.2172 352.2592
v -4287.4018 -745.2183 364.6436
f 547 548 549
v -4287.4018 -745.2183 364.6436
v -4294.6129 -743.3799 364.6390
v -4294.6047 -743.3788 352.2546
f 550 551 552
v -4289.4369 -737.2275 360.8324
v -4289.3538 -736.9027 360.6555
v -4292.6285 -736.0109 360.6244
f 553 554 555
v -4289.9945 -739.4151 362.0198
v -4289.4369 -737.2275 360.8324
v -4292.6285 -736.0109 360.6244
f 556 557 558
v -4294.6129 -743.3799 364.6390
v -4289.9945 -739.4151 362.0198
v -4292.6285 -736.0109 360.6244
f 559 560 561
v -4289.9945 -739.4151 362.0198
v -4287.4018 -745.2183 364.6436
v -4286.1711 -740.3903 362.0232
f 562 563 564
v -4287.4018 -745.2183 364.6436
v -4289.9945 -739.4151 362.0198
v -4294.6129 -743.3799 364.6390
f 565 566 567
v -4285.5400 -737.9382 352.2613
v -4289.3538 -736.9027 360.6555
v -4289.3544 -736.9028 361.4655
f 568 569 570
v -4289.3538 -736.9027 360.6555
v -4292.6244 -736.0103 354.4337
v -4292.6285 -736.0109 360.6244
f 571 572 573
v -4292.6244 -736.0103 354.4337
v -4285.5400 -737.9382 352.2613
v -4292.6229 -736.0101 352.2568
f 574 575 576
v -4285.5400 -737.9382 352.2613
v -4292.6244 -736.0103 354.4337
v -4289.3538 -736.9027 360.6555
f 577 578 579
v -4285.5400 -737.9382 352.2613
v -4289.3544 -736.9028 361.4655
v -4285.5462 -737.9390 361.4819
f 580 581 582
v -4286.1711 -740.3903 362.0232
v -4287.3936 -745.2172 352.2592
v -4285.5400 -737.9382 352.2613
f 583 584 585
v -4287.4018 -745.2183 364.6436
v -4287.3936 -745.2172 352.2592
v -4286.1711 -740.3903 362.0232
f 586 587 588
v -4285.5462 -737.9390 361.4819
v -4286.1711 -740.3903 362.0232
v -4285.5400 -737.9382 352.2613
f 589 590 591
v -4292.6244 -736.0103 354.4337
v -4294.6047 -743.3788 352.2546
v -4292.6285 -736.0109 360.6244
f 592 593 594

g building_ID_5EA8F655-C958-462F-B226-2B86DDFF2D46
v -4287.9208 -745.2588 352.2589
v -4288.6642 -745.0568 352.2584
v -4287.8874 -745.1308 352.2589
f 595 596 597
v -4288.6248 -744.9038 352.2584
v -4287.8874 -745.1308 352.2589
v -4288.6642 -745.0568 352.2584
f 598 599 600
v -4287.8874 -745.1308 352.2589
v -4287.3936 -745.2172 352.2592
v -4287.4027 -745.2542 352.2592
f 601 602 603
v -4288.6248 -744.9038 352.2584
v -4287.3936 -745.2172 352.2592
v -4287.8874 -745.1308 352.2589
f 604 605 606
v -4293.2794 -743.9685 364.5138
v -4294.6129 -743.3799 364.6390
v -4294.6290 -743.4419 364.6060
f 607 608 609
v -4287.8865 -745.0951 364.6433
v -4294.6129 -743.3799 364.6390
v -4293.2794 -743.9685 364.5138
f 610 611 612
v -4293.2794 -743.9685 364.5138
v -4294.6290 -743.4419 364.6060
v -4294.0667 -747.1012 362.8260
f 613 614 615
v -4287.4452 -745.3912 364.5506
v -4287.8865 -745.0951 364.6433
v -4287.9289 -745.2599 364.5543
f 616 617 618
v -4288.6925 -745.1378 364.5168
v -4287.9289 -745.2599 364.5543
v -4287.8865 -745.0951 364.6433
f 619 620 621
v -4287.8865 -745.0951 364.6433
v -4287.4452 -745.3912 364.5506
v -4287.4018 -745.2183 364.6436
f 622 623 624
v -4287.9289 -745.2599 364.5543
v -4288.6925 -745.1378 364.5168
v -4289.4888 -748.2675 362.8300
f 625 626 627
v -4288.6925 -745.1378 364.5168
v -4287.8865 -745.0951 364.6433
v -4293.2794 -743.9685 364.5138
f 628 629 630
v -4296.6595 -750.9260 360.5539
v -4295.5203 -751.2102 360.5577
v -4294.7673 -748.2503 362.1534
f 631 632 633
v -4294.7673 -748.2503 362.1534
v -4294.0667 -747.1012 362.8260
v -4294.6290 -743.4419 364.6060
f 634 635 636
v -4294.7673 -748.2503 362.1534
v -4294.6290 -743.4419 364.6060
v -4296.6595 -750.9260 360.5539
f 637 638 639
v -4294.0667 -747.1012 362.8260
v -4294.7673 -748.2503 362.1534
v -4289.4888 -748.2675 362.8300
f 640 641 642
v -4289.0603 -749.7056 362.1571
v -4287.9289 -745.2599 364.5543
v -4289.4888 -748.2675 362.8300
f 643 644 645
v -4289.4888 -748.2675 362.8300
v -4294.7673 -748.2503 362.1534
v -4289.0603 -749.7056 362.1571
f 646 647 648
v -4288.7469 -748.4842 359.0616
v -4287.9253 -745.2594 359.0626
v -4287.9289 -745.2599 364.5543
f 649 650 651
v -4288.7469 -748.4842 359.0616
v -4287.9289 -745.2599 364.5543
v -4288.7491 -748.4845 362.4014
f 652 653 654
v -4287.9289 -745.2599 364.5543
v -4289.0603 -749.7056 362.1571
v -4288.7491 -748.4845 362.4014
f 655 656 657
v -4287.4452 -745.3912 364.5506
v -4287.9289 -745.2599 364.5543
v -4287.9253 -745.2594 359.0626
f 658 659 660
v -4288.6246 -744.9039 352.0014
v -4289.4817 -748.2666 352.0005
v -4294.0595 -747.1002 351.9975
f 661 662 663
v -4294.0595 -747.1002 351.9975
v -4293.2125 -743.7355 351.9985
v -4288.6246 -744.9039 352.0014
f 664 665 666
v -4288.6925 -745.1378 364.5168
v -4293.2794 -743.9685 364.5138
v -4289.4897 -748.2677 364.1710
f 667 668 669
v -4289.4897 -748.2677 364.1710
v -4293.2794 -743.9685 364.5138
v -4294.0675 -747.1014 364.1680
f 670 671 672
v -4293.2794 -743.9685 364.5138
v -4294.0667 -747.1012 362.8260
v -4294.0675 -747.1014 364.1680
f 673 674 675
v -4294.0597 -747.1002 352.2544
v -4293.3188 -744.1552 352.2554
v -4293.2125 -743.7355 351.9985
f 676 677 678
v -4294.0597 -747.1002 352.2544
v -4293.2125 -743.7355 351.9985
v -4294.0595 -747.1002 351.9975
f 679 680 681
v -4293.2125 -743.7355 351.9985
v -4293.3188 -744.1552 352.2554
v -4293.2127 -743.7355 352.2555
f 682 683 684
v -4294.0675 -747.1014 364.1680
v -4294.0667 -747.1012 362.8260
v -4289.4897 -748.2677 364.1710
f 685 686 687
v -4294.0667 -747.1012 362.8260
v -4289.4888 -748.2675 362.8300
v -4289.4897 -748.2677 364.1710
f 688 689 690
v -4290.5611 -747.9916 352.2567
v -4294.0597 -747.1002 352.2544
v -4290.5610 -747.9916 352.0628
f 691 692 693
v -4294.0595 -747.1002 351.9975
v -4289.4817 -748.2666 352.0005
v -4289.4817 -748.2666 352.0635
f 694 695 696
v -4290.5610 -747.9916 352.0628
v -4294.0595 -747.1002 351.9975
v -4289.4817 -748.2666 352.0635
f 697 698 699
v -4290.5610 -747.9916 352.0628
v -4294.0597 -747.1002 352.2544
v -4294.0595 -747.1002 351.9975
f 700 701 702
v -4288.6642 -745.0568 352.2584
v -4288.6246 -744.9039 352.0014
v -4288.6248 -744.9038 352.2584
f 703 704 705
v -4288.6246 -744.9039 352.0014
v -4288.6642 -745.0568 352.2584
v -4288.6641 -745.0568 352.0644
f 706 707 708
v -4288.6246 -744.9039 352.0014
v -4289.4817 -748.2666 352.0635
v -4289.4817 -748.2666 352.0005
f 709 710 711
v -4288.6246 -744.9039 352.0014
v -4288.6641 -745.0568 352.0644
v -4289.4817 -748.2666 352.0635
f 712 713 714
v -4289.4888 -748.2675 362.8300
v -4288.6925 -745.1378 364.5168
v -4289.4897 -748.2677 364.1710
f 715 716 717
v -4295.5146 -751.2094 351.9811
v -4294.4493 -747.0282 351.9823
v -4295.2078 -751.2861 351.9813
f 718 719 720
v -4294.4493 -747.0282 351.9823
v -4292.9594 -751.8972 351.9827
v -4295.2078 -751.2861 351.9813
f 721 722 723
v -4292.9594 -751.8972 351.9827
v -4295.3563 -751.8527 351.9810
v -4295.2078 -751.2861 351.9813
f 724 725 726
v -4288.4994 -748.5451 351.9861
v -4289.5859 -752.8123 351.9849
v -4294.4493 -747.0282 351.9823
f 727 728 729
v -4295.3563 -751.8527 351.9810
v -4292.9594 -751.8972 351.9827
v -4293.1028 -752.4268 351.9825
f 730 731 732
v -4294.4493 -747.0282 351.9823
v -4289.5859 -752.8123 351.9849
v -4292.9594 -751.8972 351.9827
f 733 734 735
v -4289.5922 -752.8132 361.5475
v -4288.5041 -748.5459 359.0618
v -4288.5063 -748.5461 362.4016
f 736 737 738
v -4289.5922 -752.8132 361.5475
v -4289.5906 -752.8129 359.0606
v -4288.5041 -748.5459 359.0618
f 739 740 741
v -4292.9642 -751.8979 359.1624
v -4292.9657 -751.8981 361.5553
v -4293.1091 -752.4277 361.4491
f 742 743 744
v -4293.1028 -752.4268 351.9825
v -4292.9594 -751.8972 351.9827
v -4293.1091 -752.4277 361.4491
f 745 746 747
v -4285.6283 -745.8809 352.0663
v -4285.6329 -745.8816 359.0640
v -4287.6559 -753.3381 359.0618
f 748 749 750
v -4287.1602 -745.4648 352.0654
v -4287.1648 -745.4654 359.0630
v -4285.6329 -745.8816 359.0640
f 751 752 753
v -4287.1228 -745.3258 352.0654
v -4287.1274 -745.3266 359.0631
v -4287.1648 -745.4654 359.0630
f 754 755 756
v -4289.1786 -751.2124 352.0633
v -4288.4994 -748.5451 351.9861
v -4288.4995 -748.5452 352.0641
f 757 758 759
v -4288.4994 -748.5451 351.9861
v -4289.1786 -751.2124 352.0633
v -4289.5859 -752.8123 351.9849
f 760 761 762
v -4289.5859 -752.8123 351.9849
v -4289.1786 -751.2124 352.0633
v -4289.5859 -752.8123 352.0628
f 763 764 765
v -4295.5148 -751.2093 352.2530
v -4296.6540 -750.9253 352.2522
v -4294.4495 -747.0282 352.2542
f 766 767 768
v -4294.6209 -743.4407 352.2546
v -4294.4495 -747.0282 352.2542
v -4296.6540 -750.9253 352.2522
f 769 770 771
v -4294.4495 -747.0282 352.2542
v -4294.0597 -747.1002 352.2544
v -4290.5611 -747.9916 352.2567
f 772 773 774
v -4293.2127 -743.7355 352.2555
v -4294.6209 -743.4407 352.2546
v -4294.6047 -743.3788 352.2546
f 775 776 777
v -4294.6209 -743.4407 352.2546
v -4293.2127 -743.7355 352.2555
v -4293.3188 -744.1552 352.2554
f 778 779 780
v -4293.3188 -744.1552 352.2554
v -4294.0597 -747.1002 352.2544
v -4294.4495 -747.0282 352.2542
f 781 782 783
v -4290.5681 -748.0176 352.2567
v -4294.4495 -747.0282 352.2542
v -4290.5611 -747.9916 352.2567
f 784 785 786
v -4293.3188 -744.1552 352.2554
v -4294.4495 -747.0282 352.2542
v -4294.6209 -743.4407 352.2546
f 787 788 789
v -4288.5063 -748.5461 362.4016
v -4289.0603 -749.7056 362.1571
v -4289.5922 -752.8132 361.5475
f 790 791 792
v -4288.7491 -748.4845 362.4014
v -4289.0603 -749.7056 362.1571
v -4288.5063 -748.5461 362.4016
f 793 794 795
v -4289.5922 -752.8132 361.5475
v -4294.7673 -748.2503 362.1534
v -4292.9657 -751.8981 361.5553
f 796 797 798
v -4289.5922 -752.8132 361.5475
v -4289.0603 -749.7056 362.1571
v -4294.7673 -748.2503 362.1534
f 799 800 801
v -4295.3626 -751.8536 361.4477
v -4293.1091 -752.4277 361.4491
v -4292.9657 -751.8981 361.5553
f 802 803 804
v -4295.5209 -751.2102 361.5607
v -4295.2141 -751.2870 361.5619
v -4294.7673 -748.2503 362.1534
f 805 806 807
v -4294.7673 -748.2503 362.1534
v -4295.2141 -751.2870 361.5619
v -4292.9657 -751.8981 361.5553
f 808 809 810
v -4295.3626 -751.8536 361.4477
v -4292.9657 -751.8981 361.5553
v -4295.2141 -751.2870 361.5619
f 811 812 813
v -4290.5680 -748.0176 352.0628
v -4294.4493 -747.0282 351.9823
v -4290.5681 -748.0176 352.2567
f 814 815 816
v -4294.4495 -747.0282 352.2542
v -4290.5681 -748.0176 352.2567
v -4294.4493 -747.0282 351.9823
f 817 818 819
v -4290.5680 -748.0176 352.0628
v -4288.4995 -748.5452 352.0641
v -4288.4994 -748.5451 351.9861
f 820 821 822
v -4294.4493 -747.0282 351.9823
v -4290.5680 -748.0176 352.0628
v -4288.4994 -748.5451 351.9861
f 823 824 825
v -4288.5041 -748.5459 359.0618
v -4288.7469 -748.4842 359.0616
v -4288.7491 -748.4845 362.4014
f 826 827 828
v -4288.7491 -748.4845 362.4014
v -4288.5063 -748.5461 362.4016
v -4288.5041 -748.5459 359.0618
f 829 830 831
v -4295.5203 -751.2102 360.5577
v -4295.5209 -751.2102 361.5607
v -4294.7673 -748.2503 362.1534
f 832 833 834
v -4294.4493 -747.0282 351.9823
v -4295.5146 -751.2094 351.9811
v -4295.5148 -751.2093 352.2530
f 835 836 837
v -4294.4493 -747.0282 351.9823
v -4295.5148 -751.2093 352.2530
v -4294.4495 -747.0282 352.2542
f 838 839 840
v -4295.3563 -751.8527 351.9810
v -4295.3626 -751.8536 361.4477
v -4295.2113 -751.2866 357.2690
f 841 842 843
v -4295.2078 -751.2861 351.9813
v -4295.3563 -751.8527 351.9810
v -4295.2113 -751.2866 357.2690
f 844 845 846
v -4293.1028 -752.4268 351.9825
v -4293.1091 -752.4277 361.4491
v -4295.3626 -751.8536 361.4477
f 847 848 849
v -4287.9206 -745.2588 352.0649
v -4287.9208 -745.2588 352.2589
v -4287.8874 -745.1308 352.2589
f 850 851 852
v -4287.9206 -745.2588 352.0649
v -4288.6641 -745.0568 352.0644
v -4288.6642 -745.0568 352.2584
f 853 854 855
v -4285.6283 -745.8809 352.0663
v -4287.6514 -753.3375 352.0641
v -4288.4995 -748.5452 352.0641
f 856 857 858
v -4289.4817 -748.2666 352.0635
v -4290.5680 -748.0176 352.0628
v -4290.5610 -747.9916 352.0628
f 859 860 861
v -4290.5680 -748.0176 352.0628
v -4289.4817 -748.2666 352.0635
v -4288.4995 -748.5452 352.0641
f 862 863 864
v -4287.6514 -753.3375 352.0641
v -4289.5859 -752.8123 352.0628
v -4289.1786 -751.2124 352.0633
f 865 866 867
v -4288.4995 -748.5452 352.0641
v -4287.6514 -753.3375 352.0641
v -4289.1786 -751.2124 352.0633
f 868 869 870
v -4287.9206 -745.2588 352.0649
v -4289.4817 -748.2666 352.0635
v -4288.6641 -745.0568 352.0644
f 871 872 873
v -4288.4995 -748.5452 352.0641
v -4289.4817 -748.2666 352.0635
v -4287.9206 -745.2588 352.0649
f 874 875 876
v -4287.1228 -745.3258 352.0654
v -4288.4995 -748.5452 352.0641
v -4287.9206 -745.2588 352.0649
f 877 878 879
v -4285.6283 -745.8809 352.0663
v -4288.4995 -748.5452 352.0641
v -4287.1602 -745.4648 352.0654
f 880 881 882
v -4288.4995 -748.5452 352.0641
v -4287.1228 -745.3258 352.0654
v -4287.1602 -745.4648 352.0654
f 883 884 885
v -4287.9206 -745.2588 352.0649
v -4287.8873 -745.1308 352.0649
v -4287.1228 -745.3258 352.0654
f 886 887 888
v -4287.6559 -753.3381 359.0618
v -4288.5041 -748.5459 359.0618
v -4289.5906 -752.8129 359.0606
f 889 890 891
v -4285.6329 -745.8816 359.0640
v -4288.5041 -748.5459 359.0618
v -4287.6559 -753.3381 359.0618
f 892 893 894
v -4287.1648 -745.4654 359.0630
v -4287.4416 -745.3907 359.0629
v -4288.5041 -748.5459 359.0618
f 895 896 897
v -4287.4416 -745.3907 359.0629
v -4287.1648 -745.4654 359.0630
v -4287.4072 -745.2547 359.0629
f 898 899 900
v -4287.1274 -745.3266 359.0631
v -4287.4072 -745.2547 359.0629
v -4287.1648 -745.4654 359.0630
f 901 902 903
v -4288.5041 -748.5459 359.0618
v -4287.4416 -745.3907 359.0629
v -4288.7469 -748.4842 359.0616
f 904 905 906
v -4287.9253 -745.2594 359.0626
v -4288.7469 -748.4842 359.0616
v -4287.4416 -745.3907 359.0629
f 907 908 909
v -4285.6329 -745.8816 359.0640
v -4287.1648 -745.4654 359.0630
v -4288.5041 -748.5459 359.0618
f 910 911 912
v -4290.5680 -748.0176 352.0628
v -4290.5681 -748.0176 352.2567
v -4290.5610 -747.9916 352.0628
f 913 914 915
v -4294.6129 -743.3799 364.6390
v -4294.6209 -743.4407 352.2546
v -4296.6540 -750.9253 352.2522
f 916 917 918
v -4296.6595 -750.9260 360.5539
v -4294.6290 -743.4419 364.6060
v -4296.6540 -750.9253 352.2522
f 919 920 921
v -4294.6047 -743.3788 352.2546
v -4294.6209 -743.4407 352.2546
v -4294.6129 -743.3799 364.6390
f 922 923 924
v -4294.6290 -743.4419 364.6060
v -4294.6129 -743.3799 364.6390
v -4296.6540 -750.9253 352.2522
f 925 926 927
v -4295.5203 -751.2102 360.5577
v -4295.2113 -751.2866 357.2690
v -4295.2141 -751.2870 361.5619
f 928 929 930
v -4295.2113 -751.2866 357.2690
v -4295.5148 -751.2093 352.2530
v -4295.2078 -751.2861 351.9813
f 931 932 933
v -4295.2141 -751.2870 361.5619
v -4295.5209 -751.2102 361.5607
v -4295.5203 -751.2102 360.5577
f 934 935 936
v -4295.2078 -751.2861 351.9813
v -4295.5148 -751.2093 352.2530
v -4295.5146 -751.2094 351.9811
f 937 938 939
v -4295.2113 -751.2866 357.2690
v -4296.6540 -750.9253 352.2522
v -4295.5148 -751.2093 352.2530
f 940 941 942
v -4295.2113 -751.2866 357.2690
v -4296.6595 -750.9260 360.5539
v -4296.6540 -750.9253 352.2522
f 943 944 945
v -4295.5203 -751.2102 360.5577
v -4296.6595 -750.9260 360.5539
v -4295.2113 -751.2866 357.2690
f 946 947 948
v -4287.4452 -745.3912 364.5506
v -4287.4416 -745.3907 359.0629
v -4287.4018 -745.2183 364.6436
f 949 950 951
v -4287.3936 -745.2172 352.2592
v -4287.4072 -745.2547 359.0629
v -4287.4027 -745.2542 352.2592
f 952 953 954
v -4287.4018 -745.2183 364.6436
v -4287.4072 -745.2547 359.0629
v -4287.3936 -745.2172 352.2592
f 955 956 957
v -4287.4018 -745.2183 364.6436
v -4287.4416 -745.3907 359.0629
v -4287.4072 -745.2547 359.0629
f 958 959 960
v -4294.6047 -743.3788 352.2546
v -4294.6129 -743.3799 364.6390
v -4293.2127 -743.7355 352.2555
f 961 962 963
v -4288.6248 -744.9038 352.2584
v -4288.6246 -744.9039 352.0014
v -4293.2127 -743.7355 352.2555
f 964 965 966
v -4293.2125 -743.7355 351.9985
v -4293.2127 -743.7355 352.2555
v -4288.6246 -744.9039 352.0014
f 967 968 969
v -4287.8865 -745.0951 364.6433
v -4293.2127 -743.7355 352.2555
v -4294.6129 -743.3799 364.6390
f 970 971 972
v -4287.8865 -745.0951 364.6433
v -4287.3936 -745.2172 352.2592
v -4288.6248 -744.9038 352.2584
f 973 974 975
v -4293.2127 -743.7355 352.2555
v -4287.8865 -745.0951 364.6433
v -4288.6248 -744.9038 352.2584
f 976 977 978
v -4287.8865 -745.0951 364.6433
v -4287.4018 -745.2183 364.6436
v -4287.3936 -745.2172 352.2592
f 979 980 981
v -4289.5906 -752.8129 359.0606
v -4289.5859 -752.8123 352.0628
v -4287.6559 -753.3381 359.0618
f 982 983 984
v -4287.6559 -753.3381 359.0618
v -4289.5859 -752.8123 352.0628
v -4287.6514 -753.3375 352.0641
f 985 986 987
v -4289.5859 -752.8123 352.0628
v -4292.9594 -751.8972 351.9827
v -4289.5859 -752.8123 351.9849
f 988 989 990
v -4292.9642 -751.8979 359.1624
v -4289.5906 -752.8129 359.0606
v -4289.5922 -752.8132 361.5475
f 991 992 993
v -4289.5922 -752.8132 361.5475
v -4292.9657 -751.8981 361.5553
v -4292.9642 -751.8979 359.1624
f 994 995 996
v -4292.9642 -751.8979 359.1624
v -4292.9594 -751.8972 351.9827
v -4289.5906 -752.8129 359.0606
f 997 998 999
v -4289.5906 -752.8129 359.0606
v -4292.9594 -751.8972 351.9827
v -4289.5859 -752.8123 352.0628
f 1000 1001 1002
v -4287.8873 -745.1308 352.0649
v -4287.8874 -745.1308 352.2589
v -4287.4027 -745.2542 352.2592
f 1003 1004 1005
v -4287.1228 -745.3258 352.0654
v -4287.8873 -745.1308 352.0649
v -4287.4027 -745.2542 352.2592
f 1006 1007 1008
v -4287.1274 -745.3266 359.0631
v -4287.1228 -745.3258 352.0654
v -4287.4027 -745.2542 352.2592
f 1009 1010 1011
v -4287.4072 -745.2547 359.0629
v -4287.1274 -745.3266 359.0631
v -4287.4027 -745.2542 352.2592
f 1012 1013 1014
v -4287.4416 -745.3907 359.0629
v -4287.4452 -745.3912 364.5506
v -4287.9253 -745.2594 359.0626
f 1015 1016 1017
v -4293.1091 -752.4277 361.4491
v -4292.9594 -751.8972 351.9827
v -4292.9642 -751.8979 359.1624
f 1018 1019 1020
v -4285.6283 -745.8809 352.0663
v -4287.6559 -753.3381 359.0618
v -4287.6514 -753.3375 352.0641
f 1021 1022 1023
v -4287.1602 -745.4648 352.0654
v -4285.6329 -745.8816 359.0640
v -4285.6283 -745.8809 352.0663
f 1024 1025 1026
v -4287.1228 -745.3258 352.0654
v -4287.1648 -745.4654 359.0630
v -4287.1602 -745.4648 352.0654
f 1027 1028 1029
v -4295.3626 -751.8536 361.4477
v -4295.2141 -751.2870 361.5619
v -4295.2113 -751.2866 357.2690
f 1030 1031 1032
v -4293.1028 -752.4268 351.9825
v -4295.3626 -751.8536 361.4477
v -4295.3563 -751.8527 351.9810
f 1033 1034 1035
v -4287.9206 -745.2588 352.0649
v -4287.8874 -745.1308 352.2589
v -4287.8873 -745.1308 352.0649
f 1036 1037 1038
v -4287.9206 -745.2588 352.0649
v -4288.6642 -745.0568 352.2584
v -4287.9208 -745.2588 352.2589
f 1039 1040 1041
v -4290.5681 -748.0176 352.2567
v -4290.5611 -747.9916 352.2567
v -4290.5610 -747.9916 352.0628
f 1042 1043 1044

g building_ID_8AF8F9CC-922A-4447-890F-C17C41443ED9
v -4290.7554 -752.4968 358.6608
v -4290.5300 -751.6123 358.6611
v -4292.9638 -751.8979 358.6594
f 1045 1046 1047
v -4296.4360 -750.1085 358.6573
v -4292.9638 -751.8979 358.6594
v -4290.5300 -751.6123 358.6611
f 1048 1049 1050
v -4293.5163 -753.9354 358.6588
v -4292.9638 -751.8979 358.6594
v -4295.7558 -753.3654 358.6573
f 1051 1052 1053
v -4296.6582 -750.9259 358.6570
v -4295.2122 -751.2868 358.6580
v -4296.4360 -750.1085 358.6573
f 1054 1055 1056
v -4292.9638 -751.8979 358.6594
v -4296.4360 -750.1085 358.6573
v -4295.2122 -751.2868 358.6580
f 1057 1058 1059
v -4292.9638 -751.8979 358.6594
v -4295.2122 -751.2868 358.6580
v -4295.7558 -753.3654 358.6573
f 1060 1061 1062
v -4296.6538 -750.9252 351.9842
v -4296.6582 -750.9259 358.6570
v -4296.4360 -750.1085 358.6573
f 1063 1064 1065
v -4295.2078 -751.2861 351.9853
v -4295.2122 -751.2868 358.6580
v -4296.6582 -750.9259 358.6570
f 1066 1067 1068
v -4295.7514 -753.3647 351.9846
v -4295.7558 -753.3654 358.6573
v -4295.2122 -751.2868 358.6580
f 1069 1070 1071
v -4293.5119 -753.9347 351.9860
v -4293.5163 -753.9354 358.6588
v -4295.7558 -753.3654 358.6573
f 1072 1073 1074
v -4292.9594 -751.8972 351.9867
v -4292.9638 -751.8979 358.6594
v -4293.5163 -753.9354 358.6588
f 1075 1076 1077
v -4289.1172 -751.9730 357.3910
v -4290.5292 -751.6123 357.3901
v -4290.7546 -752.4966 357.3898
f 1078 1079 1080
v -4290.7546 -752.4966 357.3898
v -4289.3487 -752.8785 357.3907
v -4289.1172 -751.9730 357.3910
f 1081 1082 1083
v -4289.1136 -751.9725 351.9893
v -4289.1172 -751.9730 357.3910
v -4289.3487 -752.8785 357.3907
f 1084 1085 1086
v -4290.5292 -751.6123 357.3901
v -4290.5300 -751.6123 358.6611
v -4290.7554 -752.4968 358.6608
f 1087 1088 1089
v -4296.6538 -750.9252 351.9842
v -4296.4316 -750.1078 351.9846
v -4295.2078 -751.2861 351.9853
f 1090 1091 1092
v -4292.9594 -751.8972 351.9867
v -4295.2078 -751.2861 351.9853
v -4296.4316 -750.1078 351.9846
f 1093 1094 1095
v -4292.9594 -751.8972 351.9867
v -4293.5119 -753.9347 351.9860
v -4295.7514 -753.3647 351.9846
f 1096 1097 1098
v -4292.9594 -751.8972 351.9867
v -4295.7514 -753.3647 351.9846
v -4295.2078 -751.2861 351.9853
f 1099 1100 1101
v -4290.7510 -752.4961 351.9881
v -4290.5256 -751.6118 351.9884
v -4289.1136 -751.9725 351.9893
f 1102 1103 1104
v -4290.5256 -751.6118 351.9884
v -4290.7510 -752.4961 351.9881
v -4292.9594 -751.8972 351.9867
f 1105 1106 1107
v -4289.1136 -751.9725 351.9893
v -4289.3450 -752.8779 351.9890
v -4290.7510 -752.4961 351.9881
f 1108 1109 1110
v -4296.4316 -750.1078 351.9846
v -4290.5256 -751.6118 351.9884
v -4292.9594 -751.8972 351.9867
f 1111 1112 1113
v -4289.3450 -752.8779 351.9890
v -4289.3487 -752.8785 357.3907
v -4290.7510 -752.4961 351.9881
f 1114 1115 1116
v -4290.7546 -752.4966 357.3898
v -4290.7510 -752.4961 351.9881
v -4289.3487 -752.8785 357.3907
f 1117 1118 1119
v -4290.7546 -752.4966 357.3898
v -4290.7554 -752.4968 358.6608
v -4292.9638 -751.8979 358.6594
f 1120 1121 1122
v -4290.7510 -752.4961 351.9881
v -4290.7546 -752.4966 357.3898
v -4292.9594 -751.8972 351.9867
f 1123 1124 1125
v -4292.9638 -751.8979 358.6594
v -4292.9594 -751.8972 351.9867
v -4290.7546 -752.4966 357.3898
f 1126 1127 1128
v -4290.5292 -751.6123 357.3901
v -4296.4316 -750.1078 351.9846
v -4296.4360 -750.1085 358.6573
f 1129 1130 1131
v -4290.5300 -751.6123 358.6611
v -4290.5292 -751.6123 357.3901
v -4296.4360 -750.1085 358.6573
f 1132 1133 1134
v -4290.5292 -751.6123 357.3901
v -4289.1172 -751.9730 357.3910
v -4289.1136 -751.9725 351.9893
f 1135 1136 1137
v -4296.4316 -750.1078 351.9846
v -4290.5292 -751.6123 357.3901
v -4290.5256 -751.6118 351.9884
f 1138 1139 1140
v -4296.6538 -750.9252 351.9842
v -4296.4360 -750.1085 358.6573
v -4296.4316 -750.1078 351.9846
f 1141 1142 1143
v -4295.2078 -751.2861 351.9853
v -4296.6582 -750.9259 358.6570
v -4296.6538 -750.9252 351.9842
f 1144 1145 1146
v -4295.7514 -753.3647 351.9846
v -4295.2122 -751.2868 358.6580
v -4295.2078 -751.2861 351.9853
f 1147 1148 1149
v -4293.5119 -753.9347 351.9860
v -4295.7558 -753.3654 358.6573
v -4295.7514 -753.3647 351.9846
f 1150 1151 1152
v -4292.9594 -751.8972 351.9867
v -4293.5163 -753.9354 358.6588
v -4293.5119 -753.9347 351.9860
f 1153 1154 1155
v -4289.1136 -751.9725 351.9893
v -4289.3487 -752.8785 357.3907
v -4289.3450 -752.8779 351.9890
f 1156 1157 1158
v -4290.5292 -751.6123 357.3901
v -4290.7554 -752.4968 358.6608
v -4290.7546 -752.4966 357.3898
f 1159 1160 1161
v -4290.5292 -751.6123 357.3901
v -4289.1136 -751.9725 351.9893
v -4290.5256 -751.6118 351.9884
f 1162 1163 1164

g building_ID_4BEB95F2-FF8B-487F-8EE1-B94E8F324241
v -4282.4069 -727.3544 351.1726
v -4284.7458 -720.6361 351.1718
v -4280.8447 -721.7166 351.1743
f 1165 1166 1167
v -4287.6845 -717.9062 351.1702
v -4287.6643 -717.8333 351.1702
v -4284.2329 -718.7836 351.1724
f 1168 1169 1170
v -4284.7458 -720.6361 351.1718
v -4289.7126 -725.3708 351.1680
v -4287.6845 -717.9062 351.1702
f 1171 1172 1173
v -4284.2329 -718.7836 351.1724
v -4284.7458 -720.6361 351.1718
v -4287.6845 -717.9062 351.1702
f 1174 1175 1176
v -4284.7458 -720.6361 351.1718
v -4282.4069 -727.3544 351.1726
v -4289.7126 -725.3708 351.1680
f 1177 1178 1179
v -4286.0658 -726.3634 359.5070
v -4280.3399 -719.8651 363.4644
v -4287.6725 -717.8345 363.4597
f 1180 1181 1182
v -4287.6926 -717.9074 363.4217
v -4286.0658 -726.3634 359.5070
v -4287.6725 -717.8345 363.4597
f 1183 1184 1185
v -4287.6926 -717.9074 363.4217
v -4289.7181 -725.3716 359.4957
v -4286.0658 -726.3634 359.5070
f 1186 1187 1188
v -4280.3399 -719.8651 363.4644
v -4286.0658 -726.3634 359.5070
v -4282.4124 -727.3552 359.5193
f 1189 1190 1191
v -4282.4069 -727.3544 351.1726
v -4282.4124 -727.3552 359.5193
v -4286.0658 -726.3634 359.5070
f 1192 1193 1194
v -4282.4069 -727.3544 351.1726
v -4286.0658 -726.3634 359.5070
v -4289.7181 -725.3716 359.4957
f 1195 1196 1197
v -4282.4069 -727.3544 351.1726
v -4289.7181 -725.3716 359.4957
v -4289.7126 -725.3708 351.1680
f 1198 1199 1200
v -4280.3465 -719.8978 359.7766
v -4280.3363 -719.8646 358.0817
v -4280.3399 -719.8651 363.4644
f 1201 1202 1203
v -4280.3454 -719.8976 358.0817
v -4280.3363 -719.8646 358.0817
v -4280.3465 -719.8978 359.7766
f 1204 1205 1206
v -4281.6162 -724.5006 351.1865
v -4280.8447 -721.7166 351.1743
v -4280.8447 -721.7166 351.1873
f 1207 1208 1209
v -4281.6219 -724.5014 359.7752
v -4280.3465 -719.8978 359.7766
v -4280.3399 -719.8651 363.4644
f 1210 1211 1212
v -4280.3399 -719.8651 363.4644
v -4282.4124 -727.3552 359.5193
v -4281.6219 -724.5014 359.7752
f 1213 1214 1215
v -4282.4069 -727.3544 351.1726
v -4281.6219 -724.5014 359.7752
v -4282.4124 -727.3552 359.5193
f 1216 1217 1218
v -4281.6162 -724.5006 351.1865
v -4281.6219 -724.5014 359.7752
v -4282.4069 -727.3544 351.1726
f 1219 1220 1221
v -4280.8447 -721.7166 351.1743
v -4281.6162 -724.5006 351.1865
v -4282.4069 -727.3544 351.1726
f 1222 1223 1224
v -4281.4460 -724.4340 351.1866
v -4281.4517 -724.4348 359.7753
v -4281.4800 -724.5407 359.7753
f 1225 1226 1227
v -4278.2714 -725.2966 351.1886
v -4278.2770 -725.2974 359.7773
v -4281.4517 -724.4348 359.7753
f 1228 1229 1230
v -4281.4460 -724.4340 351.1866
v -4281.6162 -724.5006 351.1865
v -4280.8447 -721.7166 351.1873
f 1231 1232 1233
v -4277.5332 -722.6345 351.1894
v -4281.4460 -724.4340 351.1866
v -4280.8447 -721.7166 351.1873
f 1234 1235 1236
v -4281.4744 -724.5400 351.1866
v -4281.6162 -724.5006 351.1865
v -4281.4460 -724.4340 351.1866
f 1237 1238 1239
v -4277.5332 -722.6345 351.1894
v -4278.2714 -725.2966 351.1886
v -4281.4460 -724.4340 351.1866
f 1240 1241 1242
v -4277.0290 -720.7976 359.7787
v -4281.4517 -724.4348 359.7753
v -4278.2770 -725.2974 359.7773
f 1243 1244 1245
v -4281.6219 -724.5014 359.7752
v -4281.4517 -724.4348 359.7753
v -4280.3465 -719.8978 359.7766
f 1246 1247 1248
v -4277.0290 -720.7976 359.7787
v -4280.3465 -719.8978 359.7766
v -4281.4517 -724.4348 359.7753
f 1249 1250 1251
v -4281.4800 -724.5407 359.7753
v -4281.4517 -724.4348 359.7753
v -4281.6219 -724.5014 359.7752
f 1252 1253 1254
v -4280.3454 -719.8976 358.0817
v -4280.3465 -719.8978 359.7766
v -4277.0278 -720.7976 358.0838
f 1255 1256 1257
v -4281.4744 -724.5400 351.1866
v -4281.4800 -724.5407 359.7753
v -4281.6219 -724.5014 359.7752
f 1258 1259 1260
v -4277.0192 -720.7809 351.0941
v -4284.7458 -720.6361 351.0888
v -4284.2328 -718.7836 351.0894
f 1261 1262 1263
v -4284.7458 -720.6361 351.0888
v -4277.0192 -720.7809 351.0941
v -4277.5332 -722.6345 351.0934
f 1264 1265 1266
v -4280.3363 -719.8646 358.0817
v -4277.0278 -720.7976 358.0838
v -4277.0238 -720.7815 358.0838
f 1267 1268 1269
v -4277.0278 -720.7976 358.0838
v -4280.3363 -719.8646 358.0817
v -4280.3454 -719.8976 358.0817
f 1270 1271 1272
v -4284.7458 -720.6361 351.0888
v -4284.7458 -720.6361 351.1718
v -4284.2329 -718.7836 351.1724
f 1273 1274 1275
v -4280.8447 -721.7166 351.1743
v -4277.5332 -722.6345 351.0934
v -4277.5332 -722.6345 351.1894
f 1276 1277 1278
v -4280.8447 -721.7166 351.1873
v -4280.8447 -721.7166 351.1743
v -4277.5332 -722.6345 351.1894
f 1279 1280 1281
v -4284.7458 -720.6361 351.0888
v -4280.8447 -721.7166 351.1743
v -4284.7458 -720.6361 351.1718
f 1282 1283 1284
v -4277.5332 -722.6345 351.0934
v -4280.8447 -721.7166 351.1743
v -4284.7458 -720.6361 351.0888
f 1285 1286 1287
v -4287.6845 -717.9062 351.1702
v -4289.7126 -725.3708 351.1680
v -4289.7181 -725.3716 359.4957
f 1288 1289 1290
v -4287.6643 -717.8333 351.1702
v -4287.6926 -717.9074 363.4217
v -4287.6725 -717.8345 363.4597
f 1291 1292 1293
v -4287.6926 -717.9074 363.4217
v -4287.6845 -717.9062 351.1702
v -4289.7181 -725.3716 359.4957
f 1294 1295 1296
v -4287.6643 -717.8333 351.1702
v -4287.6845 -717.9062 351.1702
v -4287.6926 -717.9074 363.4217
f 1297 1298 1299
v -4284.2329 -718.7836 351.1724
v -4287.6643 -717.8333 351.1702
v -4287.6725 -717.8345 363.4597
f 1300 1301 1302
v -4277.0192 -720.7809 351.0941
v -4284.2328 -718.7836 351.0894
v -4284.2329 -718.7836 351.1724
f 1303 1304 1305
v -4284.2329 -718.7836 351.1724
v -4287.6725 -717.8345 363.4597
v -4280.3363 -719.8646 358.0817
f 1306 1307 1308
v -4287.6725 -717.8345 363.4597
v -4280.3399 -719.8651 363.4644
v -4280.3363 -719.8646 358.0817
f 1309 1310 1311
v -4280.3363 -719.8646 358.0817
v -4277.0238 -720.7815 358.0838
v -4277.0192 -720.7809 351.0941
f 1312 1313 1314
v -4284.2329 -718.7836 351.1724
v -4280.3363 -719.8646 358.0817
v -4277.0192 -720.7809 351.0941
f 1315 1316 1317
v -4277.5332 -722.6345 351.1894
v -4277.0192 -720.7809 351.0941
v -4277.0278 -720.7976 358.0838
f 1318 1319 1320
v -4277.0238 -720.7815 358.0838
v -4277.0278 -720.7976 358.0838
v -4277.0192 -720.7809 351.0941
f 1321 1322 1323
v -4277.0278 -720.7976 358.0838
v -4277.0290 -720.7976 359.7787
v -4278.2770 -725.2974 359.7773
f 1324 1325 1326
v -4278.2714 -725.2966 351.1886
v -4277.5332 -722.6345 351.1894
v -4278.2770 -725.2974 359.7773
f 1327 1328 1329
v -4277.0278 -720.7976 358.0838
v -4278.2770 -725.2974 359.7773
v -4277.5332 -722.6345 351.1894
f 1330 1331 1332
v -4277.0192 -720.7809 351.0941
v -4277.5332 -722.6345 351.1894
v -4277.5332 -722.6345 351.0934
f 1333 1334 1335
v -4281.4460 -724.4340 351.1866
v -4281.4800 -724.5407 359.7753
v -4281.4744 -724.5400 351.1866
f 1336 1337 1338
v -4278.2714 -725.2966 351.1886
v -4281.4517 -724.4348 359.7753
v -4281.4460 -724.4340 351.1866
f 1339 1340 1341
v -4280.3465 -719.8978 359.7766
v -4277.0290 -720.7976 359.7787
v -4277.0278 -720.7976 358.0838
f 1342 1343 1344
v -4281.4744 -724.5400 351.1866
v -4281.6219 -724.5014 359.7752
v -4281.6162 -724.5006 351.1865
f 1345 1346 1347
v -4284.7458 -720.6361 351.0888
v -4284.2329 -718.7836 351.1724
v -4284.2328 -718.7836 351.0894
f 1348 1349 1350

g building_ID_23004EAB-2686-4464-A69B-FE580A2414A0
v -4299.2048 -705.8302 350.7669
v -4305.2516 -699.8010 350.7635
v -4298.1573 -701.5300 350.7681
f 1351 1352 1353
v -4305.4488 -704.3095 350.7628
v -4305.2516 -699.8010 350.7635
v -4299.2048 -705.8302 350.7669
f 1354 1355 1356
v -4305.2516 -699.8010 350.7635
v -4305.4488 -704.3095 350.7628
v -4305.4862 -704.4623 350.7628
f 1357 1358 1359
v -4305.9138 -707.3142 350.7622
v -4307.2069 -706.9628 350.7614
v -4305.1564 -704.5343 350.7630
f 1360 1361 1362
v -4305.4862 -704.4623 350.7628
v -4305.1564 -704.5343 350.7630
v -4307.2069 -706.9628 350.7614
f 1363 1364 1365
v -4305.2516 -699.8010 350.7635
v -4305.4862 -704.4623 350.7628
v -4307.2069 -706.9628 350.7614
f 1366 1367 1368
v -4305.7480 -701.5927 362.0804
v -4298.1654 -701.5311 363.0305
v -4305.2597 -699.8020 363.0260
f 1369 1370 1371
v -4306.2361 -703.3833 361.1339
v -4305.1649 -704.5431 360.6896
v -4305.7480 -701.5927 362.0804
f 1372 1373 1374
v -4299.3997 -705.9496 360.6923
v -4298.1654 -701.5311 363.0305
v -4305.1649 -704.5431 360.6896
f 1375 1376 1377
v -4305.7480 -701.5927 362.0804
v -4305.1649 -704.5431 360.6896
v -4298.1654 -701.5311 363.0305
f 1378 1379 1380
v -4298.1654 -701.5311 363.0305
v -4299.3997 -705.9496 360.6923
v -4299.2498 -705.9850 360.6924
f 1381 1382 1383
v -4305.1649 -704.5431 360.6896
v -4306.2361 -703.3833 361.1339
v -4305.1670 -704.5511 360.6876
f 1384 1385 1386
v -4305.9194 -707.3149 359.2248
v -4306.7233 -705.1698 360.1895
v -4307.2125 -706.9635 359.2420
f 1387 1388 1389
v -4305.2769 -704.9548 360.4715
v -4305.1670 -704.5511 360.6876
v -4306.7233 -705.1698 360.1895
f 1390 1391 1392
v -4305.2769 -704.9548 360.4715
v -4306.7233 -705.1698 360.1895
v -4305.9194 -707.3149 359.2248
f 1393 1394 1395
v -4306.2361 -703.3833 361.1339
v -4306.7233 -705.1698 360.1895
v -4305.1670 -704.5511 360.6876
f 1396 1397 1398
v -4305.2516 -699.8010 350.7635
v -4307.2069 -706.9628 350.7614
v -4306.7233 -705.1698 360.1895
f 1399 1400 1401
v -4306.7233 -705.1698 360.1895
v -4307.2069 -706.9628 350.7614
v -4307.2125 -706.9635 359.2420
f 1402 1403 1404
v -4306.2361 -703.3833 361.1339
v -4305.7480 -701.5927 362.0804
v -4305.2597 -699.8020 363.0260
f 1405 1406 1407
v -4306.7233 -705.1698 360.1895
v -4306.2361 -703.3833 361.1339
v -4305.2597 -699.8020 363.0260
f 1408 1409 1410
v -4305.2597 -699.8020 363.0260
v -4305.2516 -699.8010 350.7635
v -4306.7233 -705.1698 360.1895
f 1411 1412 1413
v -4305.9180 -707.3148 357.1049
v -4305.9194 -707.3149 359.2248
v -4307.2069 -706.9628 350.7614
f 1414 1415 1416
v -4305.2516 -699.8010 350.7635
v -4305.2597 -699.8020 363.0260
v -4298.1573 -701.5300 350.7681
f 1417 1418 1419
v -4298.1654 -701.5311 363.0305
v -4298.1573 -701.5300 350.7681
v -4305.2597 -699.8020 363.0260
f 1420 1421 1422
v -4305.1563 -704.5343 350.7300
v -4305.4861 -704.4623 350.7298
v -4305.4487 -704.3095 350.7298
f 1423 1424 1425
v -4299.2058 -705.8302 350.7339
v -4305.1563 -704.5343 350.7300
v -4305.4487 -704.3095 350.7298
f 1426 1427 1428
v -4306.1117 -708.0427 350.7290
v -4304.0776 -709.4811 350.7302
v -4306.3359 -708.8681 350.7287
f 1429 1430 1431
v -4305.1563 -704.5343 350.7300
v -4303.6554 -707.9273 350.7306
v -4306.1117 -708.0427 350.7290
f 1432 1433 1434
v -4299.9601 -708.9302 350.7330
v -4303.6554 -707.9273 350.7306
v -4305.1563 -704.5343 350.7300
f 1435 1436 1437
v -4299.9601 -708.9302 350.7330
v -4305.1563 -704.5343 350.7300
v -4299.2058 -705.8302 350.7339
f 1438 1439 1440
v -4306.1117 -708.0427 350.7290
v -4303.6554 -707.9273 350.7306
v -4304.0776 -709.4811 350.7302
f 1441 1442 1443
v -4305.4487 -704.3095 350.7298
v -4305.4488 -704.3095 350.7628
v -4299.2058 -705.8302 350.7339
f 1444 1445 1446
v -4305.4488 -704.3095 350.7628
v -4305.4861 -704.4623 350.7298
v -4305.4862 -704.4623 350.7628
f 1447 1448 1449
v -4305.4861 -704.4623 350.7298
v -4305.4488 -704.3095 350.7628
v -4305.4487 -704.3095 350.7298
f 1450 1451 1452
v -4305.1563 -704.5343 350.7300
v -4305.1564 -704.5343 350.7630
v -4305.4862 -704.4623 350.7628
f 1453 1454 1455
v -4303.6615 -707.9281 359.8632
v -4299.9601 -708.9302 350.7330
v -4299.9662 -708.9310 359.8376
f 1456 1457 1458
v -4303.6554 -707.9273 350.7306
v -4299.9601 -708.9302 350.7330
v -4303.6615 -707.9281 359.8632
f 1459 1460 1461
v -4298.1573 -701.5300 350.7681
v -4298.1654 -701.5311 363.0305
v -4299.2498 -705.9850 360.6924
f 1462 1463 1464
v -4299.2498 -705.9850 360.6924
v -4299.2048 -705.8302 350.7669
v -4298.1573 -701.5300 350.7681
f 1465 1466 1467
v -4299.2048 -705.8302 350.7669
v -4299.2498 -705.9850 360.6924
v -4299.9662 -708.9310 359.8376
f 1468 1469 1470
v -4299.9662 -708.9310 359.8376
v -4299.9601 -708.9302 350.7330
v -4299.2048 -705.8302 350.7669
f 1471 1472 1473
v -4299.9601 -708.9302 350.7330
v -4299.2058 -705.8302 350.7339
v -4299.2048 -705.8302 350.7669
f 1474 1475 1476
v -4306.3417 -708.8688 359.4273
v -4304.0776 -709.4811 350.7302
v -4304.0834 -709.4819 359.4108
f 1477 1478 1479
v -4304.0776 -709.4811 350.7302
v -4306.3417 -708.8688 359.4273
v -4306.3359 -708.8681 350.7287
f 1480 1481 1482
v -4305.1670 -704.5511 360.6876
v -4303.6615 -707.9281 359.8632
v -4305.1649 -704.5431 360.6896
f 1483 1484 1485
v -4305.9198 -707.3150 359.8808
v -4303.6615 -707.9281 359.8632
v -4305.1670 -704.5511 360.6876
f 1486 1487 1488
v -4299.9662 -708.9310 359.8376
v -4299.2498 -705.9850 360.6924
v -4299.3997 -705.9496 360.6923
f 1489 1490 1491
v -4299.3997 -705.9496 360.6923
v -4303.6615 -707.9281 359.8632
v -4299.9662 -708.9310 359.8376
f 1492 1493 1494
v -4303.6615 -707.9281 359.8632
v -4299.3997 -705.9496 360.6923
v -4305.1649 -704.5431 360.6896
f 1495 1496 1497
v -4306.1187 -708.0454 359.6676
v -4304.0834 -709.4819 359.4108
v -4305.9198 -707.3150 359.8808
f 1498 1499 1500
v -4305.9198 -707.3150 359.8808
v -4304.0834 -709.4819 359.4108
v -4303.8532 -708.6345 359.6570
f 1501 1502 1503
v -4306.1187 -708.0454 359.6676
v -4306.3417 -708.8688 359.4273
v -4304.0834 -709.4819 359.4108
f 1504 1505 1506
v -4303.6615 -707.9281 359.8632
v -4305.9198 -707.3150 359.8808
v -4303.8532 -708.6345 359.6570
f 1507 1508 1509
v -4303.6554 -707.9273 350.7306
v -4303.8532 -708.6345 359.6570
v -4304.0834 -709.4819 359.4108
f 1510 1511 1512
v -4303.6554 -707.9273 350.7306
v -4303.6615 -707.9281 359.8632
v -4303.8532 -708.6345 359.6570
f 1513 1514 1515
v -4303.6554 -707.9273 350.7306
v -4304.0834 -709.4819 359.4108
v -4304.0776 -709.4811 350.7302
f 1516 1517 1518
v -4305.9180 -707.3148 357.1049
v -4306.3417 -708.8688 359.4273
v -4306.1187 -708.0454 359.6676
f 1519 1520 1521
v -4306.1187 -708.0454 359.6676
v -4305.9194 -707.3149 359.2248
v -4305.9180 -707.3148 357.1049
f 1522 1523 1524
v -4305.9194 -707.3149 359.2248
v -4306.1187 -708.0454 359.6676
v -4305.9198 -707.3150 359.8808
f 1525 1526 1527
v -4305.9166 -707.3146 354.9850
v -4306.3417 -708.8688 359.4273
v -4305.9180 -707.3148 357.1049
f 1528 1529 1530
v -4305.9166 -707.3146 354.9850
v -4306.1117 -708.0427 350.7290
v -4306.3359 -708.8681 350.7287
f 1531 1532 1533
v -4305.9138 -707.3142 350.7622
v -4305.1563 -704.5343 350.7300
v -4306.1117 -708.0427 350.7290
f 1534 1535 1536
v -4306.1117 -708.0427 350.7290
v -4305.9166 -707.3146 354.9850
v -4305.9138 -707.3142 350.7622
f 1537 1538 1539
v -4305.9166 -707.3146 354.9850
v -4306.3359 -708.8681 350.7287
v -4306.3417 -708.8688 359.4273
f 1540 1541 1542
v -4305.2769 -704.9548 360.4715
v -4305.9198 -707.3150 359.8808
v -4305.1670 -704.5511 360.6876
f 1543 1544 1545
v -4305.1564 -704.5343 350.7630
v -4305.1563 -704.5343 350.7300
v -4305.9138 -707.3142 350.7622
f 1546 1547 1548
v -4305.9194 -707.3149 359.2248
v -4305.9198 -707.3150 359.8808
v -4305.2769 -704.9548 360.4715
f 1549 1550 1551
v -4305.9194 -707.3149 359.2248
v -4307.2125 -706.9635 359.2420
v -4307.2069 -706.9628 350.7614
f 1552 1553 1554
v -4307.2069 -706.9628 350.7614
v -4305.9166 -707.3146 354.9850
v -4305.9180 -707.3148 357.1049
f 1555 1556 1557
v -4305.9166 -707.3146 354.9850
v -4307.2069 -706.9628 350.7614
v -4305.9138 -707.3142 350.7622
f 1558 1559 1560
v -4305.4488 -704.3095 350.7628
v -4299.2048 -705.8302 350.7669
v -4299.2058 -705.8302 350.7339
f 1561 1562 1563
v -4305.1563 -704.5343 350.7300
v -4305.4862 -704.4623 350.7628
v -4305.4861 -704.4623 350.7298
f 1564 1565 1566

g building_ID_4959C030-F5FE-423B-B94C-7E30D1AC09BC
v -4296.3058 -693.9350 350.7701
v -4305.1749 -699.5192 350.7635
v -4303.1528 -692.0746 350.7657
f 1567 1568 1569
v -4298.1573 -701.5300 350.7681
v -4305.1749 -699.5192 350.7635
v -4296.3058 -693.9350 350.7701
f 1570 1571 1572
v -4305.2516 -699.8010 350.7635
v -4305.1749 -699.5192 350.7635
v -4298.1573 -701.5300 350.7681
f 1573 1574 1575
v -4303.1584 -692.0754 359.0773
v -4298.1654 -701.5311 363.0305
v -4296.3114 -693.9358 359.1737
f 1576 1577 1578
v -4298.1654 -701.5311 363.0305
v -4305.1829 -699.5202 362.8820
v -4305.2597 -699.8020 363.0260
f 1579 1580 1581
v -4305.1829 -699.5202 362.8820
v -4298.1654 -701.5311 363.0305
v -4303.1584 -692.0754 359.0773
f 1582 1583 1584
v -4303.1528 -692.0746 350.7657
v -4303.1584 -692.0754 359.0773
v -4296.3058 -693.9350 350.7701
f 1585 1586 1587
v -4298.1573 -701.5300 350.7681
v -4298.1654 -701.5311 363.0305
v -4305.2597 -699.8020 363.0260
f 1588 1589 1590
v -4298.1654 -701.5311 363.0305
v -4298.1573 -701.5300 350.7681
v -4296.3114 -693.9358 359.1737
f 1591 1592 1593
v -4305.2516 -699.8010 350.7635
v -4305.2597 -699.8020 363.0260
v -4305.1829 -699.5202 362.8820
f 1594 1595 1596
v -4305.1829 -699.5202 362.8820
v -4305.1749 -699.5192 350.7635
v -4305.2516 -699.8010 350.7635
f 1597 1598 1599
v -4305.1749 -699.5192 350.7635
v -4305.1829 -699.5202 362.8820
v -4303.1584 -692.0754 359.0773
f 1600 1601 1602
v -4305.1749 -699.5192 350.7635
v -4303.1584 -692.0754 359.0773
v -4303.1528 -692.0746 350.7657
f 1603 1604 1605
v -4303.1584 -692.0754 359.0773
v -4296.3114 -693.9358 359.1737
v -4296.3058 -693.9350 350.7701
f 1606 1607 1608
v -4298.1573 -701.5300 350.7681
v -4305.2597 -699.8020 363.0260
v -4305.2516 -699.8010 350.7635
f 1609 1610 1611
v -4298.1573 -701.5300 350.7681
v -4296.3058 -693.9350 350.7701
v -4296.3114 -693.9358 359.1737
f 1612 1613 1614

g building_ID_D6C9841D-15B3-41A7-B87E-147C8E9F6573
v -4273.4000 -694.2495 349.7496
v -4275.2904 -701.8595 349.7474
v -4280.7621 -692.4247 349.7447
f 1615 1616 1617
v -4280.7621 -692.4247 349.7447
v -4275.2904 -701.8595 349.7474
v -4282.7720 -699.8273 349.7426
f 1618 1619 1620
v -4275.2958 -701.8601 357.9091
v -4273.4083 -694.2506 362.3180
v -4281.8677 -696.4736 359.9551
f 1621 1622 1623
v -4281.8677 -696.4736 359.9551
v -4273.4083 -694.2506 362.3180
v -4280.7704 -692.4258 362.3132
f 1624 1625 1626
v -4281.8677 -696.4736 359.9551
v -4282.7774 -699.8281 358.0013
v -4275.2958 -701.8601 357.9091
f 1627 1628 1629
v -4282.7720 -699.8273 349.7426
v -4282.7774 -699.8281 358.0013
v -4281.8677 -696.4736 359.9551
f 1630 1631 1632
v -4280.7704 -692.4258 362.3132
v -4280.7621 -692.4247 349.7447
v -4282.7720 -699.8273 349.7426
f 1633 1634 1635
v -4275.2904 -701.8595 349.7474
v -4275.2958 -701.8601 357.9091
v -4282.7720 -699.8273 349.7426
f 1636 1637 1638
v -4273.4000 -694.2495 349.7496
v -4273.4083 -694.2506 362.3180
v -4275.2904 -701.8595 349.7474
f 1639 1640 1641
v -4275.2958 -701.8601 357.9091
v -4275.2904 -701.8595 349.7474
v -4273.4083 -694.2506 362.3180
f 1642 1643 1644
v -4280.7621 -692.4247 349.7447
v -4280.7704 -692.4258 362.3132
v -4273.4000 -694.2495 349.7496
f 1645 1646 1647
v -4273.4083 -694.2506 362.3180
v -4273.4000 -694.2495 349.7496
v -4280.7704 -692.4258 362.3132
f 1648 1649 1650
v -4281.8677 -696.4736 359.9551
v -4280.7704 -692.4258 362.3132
v -4282.7720 -699.8273 349.7426
f 1651 1652 1653
v -4275.2958 -701.8601 357.9091
v -4282.7774 -699.8281 358.0013
v -4282.7720 -699.8273 349.7426
f 1654 1655 1656

g building_ID_78FF98C9-438B-43CB-A3C2-8164CE5AAE04
v -4278.7250 -684.9271 349.7470
v -4273.4000 -694.2495 349.7496
v -4280.7621 -692.4247 349.7447
f 1657 1658 1659
v -4273.4000 -694.2495 349.7496
v -4278.7250 -684.9271 349.7470
v -4271.5712 -686.8705 349.7516
f 1660 1661 1662
v -4280.7704 -692.4258 362.3132
v -4274.5475 -686.0641 358.0663
v -4278.7304 -684.9279 358.0106
f 1663 1664 1665
v -4273.4083 -694.2506 362.3180
v -4271.5767 -686.8711 358.1062
v -4274.5475 -686.0641 358.0663
f 1666 1667 1668
v -4280.7704 -692.4258 362.3132
v -4273.4083 -694.2506 362.3180
v -4274.5475 -686.0641 358.0663
f 1669 1670 1671
v -4278.7250 -684.9271 349.7470
v -4274.5475 -686.0641 358.0663
v -4271.5767 -686.8711 358.1062
f 1672 1673 1674
v -4271.5767 -686.8711 358.1062
v -4271.5712 -686.8705 349.7516
v -4278.7250 -684.9271 349.7470
f 1675 1676 1677
v -4273.4000 -694.2495 349.7496
v -4273.4083 -694.2506 362.3180
v -4280.7704 -692.4258 362.3132
f 1678 1679 1680
v -4273.4083 -694.2506 362.3180
v -4273.4000 -694.2495 349.7496
v -4271.5767 -686.8711 358.1062
f 1681 1682 1683
v -4280.7621 -692.4247 349.7447
v -4280.7704 -692.4258 362.3132
v -4278.7304 -684.9279 358.0106
f 1684 1685 1686
v -4280.7621 -692.4247 349.7447
v -4278.7304 -684.9279 358.0106
v -4278.7250 -684.9271 349.7470
f 1687 1688 1689
v -4278.7304 -684.9279 358.0106
v -4274.5475 -686.0641 358.0663
v -4278.7250 -684.9271 349.7470
f 1690 1691 1692
v -4273.4000 -694.2495 349.7496
v -4280.7704 -692.4258 362.3132
v -4280.7621 -692.4247 349.7447
f 1693 1694 1695
v -4273.4000 -694.2495 349.7496
v -4271.5712 -686.8705 349.7516
v -4271.5767 -686.8711 358.1062
f 1696 1697 1698

g building_ID_79D96207-A9FF-4D7D-90C3-B3BA0D7B2D3C
v -4284.7682 -709.9960 351.1731
v -4284.7033 -710.0142 351.1731
v -4284.9480 -710.6566 351.1729
f 1699 1700 1701
v -4286.0070 -714.7218 351.1716
v -4284.9480 -710.6566 351.1729
v -4284.7033 -710.0142 351.1731
f 1702 1703 1704
v -4285.6715 -710.4597 351.1724
v -4284.9480 -710.6566 351.1729
v -4286.0070 -714.7218 351.1716
f 1705 1706 1707
v -4284.2329 -718.7836 351.1724
v -4286.0070 -714.7218 351.1716
v -4283.3139 -715.4680 351.1734
f 1708 1709 1710
v -4287.6643 -717.8333 351.1702
v -4286.0070 -714.7218 351.1716
v -4284.2329 -718.7836 351.1724
f 1711 1712 1713
v -4286.0070 -714.7218 351.1716
v -4287.6643 -717.8333 351.1702
v -4285.6715 -710.4597 351.1724
f 1714 1715 1716
v -4284.7087 -710.0150 359.2767
v -4284.7736 -709.9968 359.2767
v -4284.9536 -710.6573 359.6205
f 1717 1718 1719
v -4285.7268 -713.6854 361.1906
v -4284.7087 -710.0150 359.2767
v -4284.9536 -710.6573 359.6205
f 1720 1721 1722
v -4285.7268 -713.6854 361.1906
v -4285.6771 -710.4604 359.6220
v -4287.6725 -717.8345 363.4597
f 1723 1724 1725
v -4280.3399 -719.8651 363.4644
v -4285.7268 -713.6854 361.1906
v -4287.6725 -717.8345 363.4597
f 1726 1727 1728
v -4285.7268 -713.6854 361.1906
v -4284.9536 -710.6573 359.6205
v -4285.6771 -710.4604 359.6220
f 1729 1730 1731
v -4279.1327 -715.5112 361.1948
v -4285.7268 -713.6854 361.1906
v -4280.3399 -719.8651 363.4644
f 1732 1733 1734
v -4284.7736 -709.9968 359.2767
v -4284.9480 -710.6566 351.1729
v -4284.9536 -710.6573 359.6205
f 1735 1736 1737
v -4284.9480 -710.6566 351.1729
v -4284.7736 -709.9968 359.2767
v -4284.7682 -709.9960 351.1731
f 1738 1739 1740
v -4284.9480 -710.6566 351.1729
v -4285.6715 -710.4597 351.1724
v -4285.6771 -710.4604 359.6220
f 1741 1742 1743
v -4284.9536 -710.6573 359.6205
v -4284.9480 -710.6566 351.1729
v -4285.6771 -710.4604 359.6220
f 1744 1745 1746
v -4285.6771 -710.4604 359.6220
v -4285.6715 -710.4597 351.1724
v -4287.6643 -717.8333 351.1702
f 1747 1748 1749
v -4284.7087 -710.0150 359.2767
v -4284.7033 -710.0142 351.1731
v -4284.7736 -709.9968 359.2767
f 1750 1751 1752
v -4284.7736 -709.9968 359.2767
v -4284.7033 -710.0142 351.1731
v -4284.7682 -709.9960 351.1731
f 1753 1754 1755
v -4286.0068 -714.7218 350.9257
v -4281.5503 -711.5787 350.9291
v -4279.4127 -716.5484 350.9300
f 1756 1757 1758
v -4279.4127 -716.5484 350.9300
v -4281.5503 -711.5787 350.9291
v -4278.2828 -712.4664 350.9312
f 1759 1760 1761
v -4284.4719 -709.1799 350.9274
v -4283.8174 -709.3566 350.9278
v -4286.0068 -714.7218 350.9257
f 1762 1763 1764
v -4281.0726 -709.8230 350.9296
v -4286.0068 -714.7218 350.9257
v -4283.8174 -709.3566 350.9278
f 1765 1766 1767
v -4283.8174 -709.3566 350.9278
v -4283.7467 -709.0968 350.9279
v -4281.0726 -709.8230 350.9296
f 1768 1769 1770
v -4286.0068 -714.7218 350.9257
v -4281.0726 -709.8230 350.9296
v -4281.5503 -711.5787 350.9291
f 1771 1772 1773
v -4283.8174 -709.3566 350.9278
v -4283.8233 -709.3574 359.9884
v -4283.7467 -709.0968 350.9279
f 1774 1775 1776
v -4284.4719 -709.1799 350.9274
v -4284.4779 -709.1807 359.9890
v -4283.8233 -709.3574 359.9884
f 1777 1778 1779
v -4281.5503 -711.5787 350.9291
v -4281.5566 -711.5795 360.3847
v -4278.2889 -712.4673 360.3828
f 1780 1781 1782
v -4281.5503 -711.5787 350.9291
v -4278.2889 -712.4673 360.3828
v -4278.2828 -712.4664 350.9312
f 1783 1784 1785
v -4283.7467 -709.0968 350.9279
v -4281.0786 -709.8238 359.9172
v -4281.0726 -709.8230 350.9296
f 1786 1787 1788
v -4284.4779 -709.1807 359.9890
v -4285.7268 -713.6854 361.1906
v -4283.8233 -709.3574 359.9884
f 1789 1790 1791
v -4283.8233 -709.3574 359.9884
v -4281.0786 -709.8238 359.9172
v -4283.7526 -709.0976 359.9185
f 1792 1793 1794
v -4283.8233 -709.3574 359.9884
v -4281.5566 -711.5795 360.3847
v -4281.0786 -709.8238 359.9172
f 1795 1796 1797
v -4281.5566 -711.5795 360.3847
v -4283.8233 -709.3574 359.9884
v -4285.7268 -713.6854 361.1906
f 1798 1799 1800
v -4278.2889 -712.4673 360.3828
v -4281.5566 -711.5795 360.3847
v -4279.1327 -715.5112 361.1948
f 1801 1802 1803
v -4279.1327 -715.5112 361.1948
v -4281.5566 -711.5795 360.3847
v -4285.7268 -713.6854 361.1906
f 1804 1805 1806
v -4284.4779 -709.1807 359.9890
v -4284.7087 -710.0150 359.2767
v -4285.7268 -713.6854 361.1906
f 1807 1808 1809
v -4286.0068 -714.7218 350.9257
v -4286.0070 -714.7218 351.1716
v -4284.7033 -710.0142 351.1731
f 1810 1811 1812
v -4284.4719 -709.1799 350.9274
v -4286.0068 -714.7218 350.9257
v -4284.7033 -710.0142 351.1731
f 1813 1814 1815
v -4284.7033 -710.0142 351.1731
v -4284.7087 -710.0150 359.2767
v -4284.4719 -709.1799 350.9274
f 1816 1817 1818
v -4284.7087 -710.0150 359.2767
v -4284.4779 -709.1807 359.9890
v -4284.4719 -709.1799 350.9274
f 1819 1820 1821
v -4279.4127 -716.5484 350.9300
v -4279.4128 -716.5484 351.0930
v -4283.3139 -715.4680 351.0905
f 1822 1823 1824
v -4286.0068 -714.7218 350.9257
v -4279.4127 -716.5484 350.9300
v -4283.3139 -715.4680 351.0905
f 1825 1826 1827
v -4283.3139 -715.4680 351.0905
v -4286.0070 -714.7218 351.1716
v -4286.0068 -714.7218 350.9257
f 1828 1829 1830
v -4283.3139 -715.4680 351.1734
v -4286.0070 -714.7218 351.1716
v -4283.3139 -715.4680 351.0905
f 1831 1832 1833
v -4278.9838 -715.4327 351.0934
v -4278.9884 -715.4332 358.0831
v -4275.7837 -716.3018 358.0851
f 1834 1835 1836
v -4278.9434 -715.2817 351.0934
v -4278.9480 -715.2824 358.0831
v -4278.9884 -715.4332 358.0831
f 1837 1838 1839
v -4275.7791 -716.3013 351.0954
v -4275.7837 -716.3018 358.0851
v -4277.0238 -720.7815 358.0838
f 1840 1841 1842
v -4278.9838 -715.4327 351.0934
v -4275.7791 -716.3013 351.0954
v -4279.4128 -716.5484 351.0930
f 1843 1844 1845
v -4277.0192 -720.7809 351.0941
v -4279.4128 -716.5484 351.0930
v -4275.7791 -716.3013 351.0954
f 1846 1847 1848
v -4278.9434 -715.2817 351.0934
v -4278.9838 -715.4327 351.0934
v -4279.0543 -715.2515 351.0933
f 1849 1850 1851
v -4283.3139 -715.4680 351.0905
v -4279.4128 -716.5484 351.0930
v -4284.2328 -718.7836 351.0894
f 1852 1853 1854
v -4277.0192 -720.7809 351.0941
v -4284.2328 -718.7836 351.0894
v -4279.4128 -716.5484 351.0930
f 1855 1856 1857
v -4278.9838 -715.4327 351.0934
v -4279.4128 -716.5484 351.0930
v -4279.0543 -715.2515 351.0933
f 1858 1859 1860
v -4278.9480 -715.2824 358.0831
v -4279.0589 -715.2520 358.0830
v -4278.9884 -715.4332 358.0831
f 1861 1862 1863
v -4280.3363 -719.8646 358.0817
v -4278.9884 -715.4332 358.0831
v -4279.0589 -715.2520 358.0830
f 1864 1865 1866
v -4275.7837 -716.3018 358.0851
v -4278.9884 -715.4332 358.0831
v -4277.0238 -720.7815 358.0838
f 1867 1868 1869
v -4280.3363 -719.8646 358.0817
v -4277.0238 -720.7815 358.0838
v -4278.9884 -715.4332 358.0831
f 1870 1871 1872
v -4278.9480 -715.2824 358.0831
v -4279.0543 -715.2515 351.0933
v -4279.0589 -715.2520 358.0830
f 1873 1874 1875
v -4278.9480 -715.2824 358.0831
v -4278.9434 -715.2817 351.0934
v -4279.0543 -715.2515 351.0933
f 1876 1877 1878
v -4284.2328 -718.7836 351.0894
v -4284.2329 -718.7836 351.1724
v -4283.3139 -715.4680 351.1734
f 1879 1880 1881
v -4278.2889 -712.4673 360.3828
v -4279.0589 -715.2520 358.0830
v -4278.2828 -712.4664 350.9312
f 1882 1883 1884
v -4279.4127 -716.5484 350.9300
v -4278.2828 -712.4664 350.9312
v -4279.0543 -715.2515 351.0933
f 1885 1886 1887
v -4279.1327 -715.5112 361.1948
v -4280.3363 -719.8646 358.0817
v -4279.0589 -715.2520 358.0830
f 1888 1889 1890
v -4278.2889 -712.4673 360.3828
v -4279.1327 -715.5112 361.1948
v -4279.0589 -715.2520 358.0830
f 1891 1892 1893
v -4280.3399 -719.8651 363.4644
v -4280.3363 -719.8646 358.0817
v -4279.1327 -715.5112 361.1948
f 1894 1895 1896
v -4279.4127 -716.5484 350.9300
v -4279.0543 -715.2515 351.0933
v -4279.4128 -716.5484 351.0930
f 1897 1898 1899
v -4278.2828 -712.4664 350.9312
v -4279.0589 -715.2520 358.0830
v -4279.0543 -715.2515 351.0933
f 1900 1901 1902
v -4284.2328 -718.7836 351.0894
v -4277.0192 -720.7809 351.0941
v -4280.3363 -719.8646 358.0817
f 1903 1904 1905
v -4277.0238 -720.7815 358.0838
v -4280.3363 -719.8646 358.0817
v -4277.0192 -720.7809 351.0941
f 1906 1907 1908
v -4280.3363 -719.8646 358.0817
v -4284.2329 -718.7836 351.1724
v -4284.2328 -718.7836 351.0894
f 1909 1910 1911
v -4287.6704 -717.8341 360.3879
v -4280.3363 -719.8646 358.0817
v -4280.3399 -719.8651 363.4644
f 1912 1913 1914
v -4280.3363 -719.8646 358.0817
v -4287.6704 -717.8341 360.3879
v -4284.2329 -718.7836 351.1724
f 1915 1916 1917
v -4284.2329 -718.7836 351.1724
v -4287.6704 -717.8341 360.3879
v -4287.6643 -717.8333 351.1702
f 1918 1919 1920
v -4287.6725 -717.8345 363.4597
v -4287.6704 -717.8341 360.3879
v -4280.3399 -719.8651 363.4644
f 1921 1922 1923
v -4287.6704 -717.8341 360.3879
v -4287.6725 -717.8345 363.4597
v -4285.6771 -710.4604 359.6220
f 1924 1925 1926
v -4285.6771 -710.4604 359.6220
v -4287.6643 -717.8333 351.1702
v -4287.6704 -717.8341 360.3879
f 1927 1928 1929
v -4283.8233 -709.3574 359.9884
v -4283.7526 -709.0976 359.9185
v -4283.7467 -709.0968 350.9279
f 1930 1931 1932
v -4284.4719 -709.1799 350.9274
v -4283.8233 -709.3574 359.9884
v -4283.8174 -709.3566 350.9278
f 1933 1934 1935
v -4281.5566 -711.5795 360.3847
v -4281.0726 -709.8230 350.9296
v -4281.0786 -709.8238 359.9172
f 1936 1937 1938
v -4281.0726 -709.8230 350.9296
v -4281.5566 -711.5795 360.3847
v -4281.5503 -711.5787 350.9291
f 1939 1940 1941
v -4283.7526 -709.0976 359.9185
v -4281.0786 -709.8238 359.9172
v -4283.7467 -709.0968 350.9279
f 1942 1943 1944
v -4278.9838 -715.4327 351.0934
v -4275.7837 -716.3018 358.0851
v -4275.7791 -716.3013 351.0954
f 1945 1946 1947
v -4278.9434 -715.2817 351.0934
v -4278.9884 -715.4332 358.0831
v -4278.9838 -715.4327 351.0934
f 1948 1949 1950
v -4275.7791 -716.3013 351.0954
v -4277.0238 -720.7815 358.0838
v -4277.0192 -720.7809 351.0941
f 1951 1952 1953
v -4284.2328 -718.7836 351.0894
v -4283.3139 -715.4680 351.1734
v -4283.3139 -715.4680 351.0905
f 1954 1955 1956

g building_ID_BFF4FFF4-DF30-43A2-9808-BE154C4B3632
v -4235.4694 -694.9602 347.5418
v -4238.1938 -695.4599 347.5400
v -4239.0855 -690.8766 347.5399
f 1957 1958 1959
v -4239.0855 -690.8766 347.5399
v -4236.2990 -690.3340 347.5418
v -4235.4694 -694.9602 347.5418
f 1960 1961 1962
v -4236.2990 -690.3340 347.5418
v -4239.0855 -690.8766 347.5399
v -4239.0817 -686.1526 347.5404
f 1963 1964 1965
v -4239.0817 -686.1526 347.5404
v -4240.1468 -685.4236 347.5398
v -4239.3404 -685.2669 347.5403
f 1966 1967 1968
v -4236.2990 -690.3340 347.5418
v -4239.0817 -686.1526 347.5404
v -4237.1088 -685.8159 347.5417
f 1969 1970 1971
v -4239.0855 -690.8766 347.5399
v -4240.1468 -685.4236 347.5398
v -4239.0817 -686.1526 347.5404
f 1972 1973 1974
v -4236.3063 -690.3350 358.8333
v -4235.5352 -694.9718 356.3294
v -4235.4752 -694.9610 356.3294
f 1975 1976 1977
v -4235.5352 -694.9718 356.3294
v -4236.3063 -690.3350 358.8333
v -4236.4344 -690.3596 358.8332
f 1978 1979 1980
v -4236.3063 -690.3350 358.8333
v -4237.1147 -685.8166 356.4443
v -4237.3107 -685.8501 356.4422
f 1981 1982 1983
v -4236.3063 -690.3350 358.8333
v -4237.3107 -685.8501 356.4422
v -4236.4344 -690.3596 358.8332
f 1984 1985 1986
v -4244.1745 -687.0507 357.1925
v -4243.3813 -691.5630 359.7245
v -4242.0575 -686.6654 357.2090
f 1987 1988 1989
v -4236.4626 -690.2166 359.7292
v -4242.0575 -686.6654 357.2090
v -4243.3813 -691.5630 359.7245
f 1990 1991 1992
v -4237.3113 -685.8501 357.2702
v -4239.0881 -686.1534 357.2470
v -4236.4626 -690.2166 359.7292
f 1993 1994 1995
v -4242.0575 -686.6654 357.2090
v -4239.0881 -686.1534 357.2470
v -4242.1229 -685.8071 356.7360
f 1996 1997 1998
v -4239.3464 -685.2677 356.7379
v -4242.1229 -685.8071 356.7360
v -4239.0881 -686.1534 357.2470
f 1999 2000 2001
v -4236.4626 -690.2166 359.7292
v -4239.0881 -686.1534 357.2470
v -4242.0575 -686.6654 357.2090
f 2002 2003 2004
v -4236.4626 -690.2166 359.7292
v -4243.3813 -691.5630 359.7245
v -4242.5532 -696.2580 357.1656
f 2005 2006 2007
v -4242.5532 -696.2580 357.1656
v -4235.5357 -694.9719 357.1294
v -4236.4626 -690.2166 359.7292
f 2008 2009 2010
v -4244.1730 -687.0505 354.9056
v -4244.1745 -687.0507 357.1925
v -4242.0515 -686.6646 348.0584
f 2011 2012 2013
v -4244.1685 -687.0499 348.0569
v -4244.1715 -687.0503 352.6177
v -4242.0515 -686.6646 348.0584
f 2014 2015 2016
v -4242.0515 -686.6646 348.0584
v -4244.1745 -687.0507 357.1925
v -4242.0575 -686.6654 357.2090
f 2017 2018 2019
v -4242.1229 -685.8071 356.7360
v -4242.0515 -686.6646 348.0584
v -4242.0575 -686.6654 357.2090
f 2020 2021 2022
v -4239.0858 -690.8765 348.0599
v -4242.0515 -686.6646 348.0584
v -4240.1471 -685.4237 348.0598
f 2023 2024 2025
v -4240.1471 -685.4237 348.0598
v -4242.0515 -686.6646 348.0584
v -4242.1172 -685.8064 348.0584
f 2026 2027 2028
v -4242.5472 -696.2573 348.0569
v -4239.0858 -690.8765 348.0599
v -4238.1941 -695.4590 348.0600
f 2029 2030 2031
v -4239.0858 -690.8765 348.0599
v -4243.3736 -691.5620 348.0570
v -4242.0515 -686.6646 348.0584
f 2032 2033 2034
v -4243.3736 -691.5620 348.0570
v -4244.1685 -687.0499 348.0569
v -4242.0515 -686.6646 348.0584
f 2035 2036 2037
v -4242.5472 -696.2573 348.0569
v -4243.3736 -691.5620 348.0570
v -4239.0858 -690.8765 348.0599
f 2038 2039 2040
v -4238.1941 -695.4590 348.0600
v -4235.4694 -694.9602 347.5418
v -4235.5352 -694.9718 356.3294
f 2041 2042 2043
v -4235.4752 -694.9610 356.3294
v -4235.5352 -694.9718 356.3294
v -4235.4694 -694.9602 347.5418
f 2044 2045 2046
v -4235.5352 -694.9718 356.3294
v -4235.5357 -694.9719 357.1294
v -4242.5532 -696.2580 357.1656
f 2047 2048 2049
v -4242.5472 -696.2573 348.0569
v -4238.1941 -695.4590 348.0600
v -4242.5532 -696.2580 357.1656
f 2050 2051 2052
v -4235.5352 -694.9718 356.3294
v -4242.5532 -696.2580 357.1656
v -4238.1941 -695.4590 348.0600
f 2053 2054 2055
v -4235.4694 -694.9602 347.5418
v -4238.1941 -695.4590 348.0600
v -4238.1938 -695.4599 347.5400
f 2056 2057 2058
v -4236.2990 -690.3340 347.5418
v -4237.1088 -685.8159 347.5417
v -4237.1147 -685.8166 356.4443
f 2059 2060 2061
v -4236.3063 -690.3350 358.8333
v -4235.4752 -694.9610 356.3294
v -4237.1147 -685.8166 356.4443
f 2062 2063 2064
v -4235.4694 -694.9602 347.5418
v -4236.2990 -690.3340 347.5418
v -4235.4752 -694.9610 356.3294
f 2065 2066 2067
v -4237.1147 -685.8166 356.4443
v -4235.4752 -694.9610 356.3294
v -4236.2990 -690.3340 347.5418
f 2068 2069 2070
v -4239.0855 -690.8766 347.5399
v -4238.1938 -695.4599 347.5400
v -4238.1941 -695.4590 348.0600
f 2071 2072 2073
v -4239.0858 -690.8765 348.0599
v -4239.0855 -690.8766 347.5399
v -4238.1941 -695.4590 348.0600
f 2074 2075 2076
v -4240.1468 -685.4236 347.5398
v -4239.0858 -690.8765 348.0599
v -4240.1471 -685.4237 348.0598
f 2077 2078 2079
v -4239.0855 -690.8766 347.5399
v -4239.0858 -690.8765 348.0599
v -4240.1468 -685.4236 347.5398
f 2080 2081 2082
v -4240.1471 -685.4237 348.0598
v -4242.1172 -685.8064 348.0584
v -4242.1229 -685.8071 356.7360
f 2083 2084 2085
v -4239.3404 -685.2669 347.5403
v -4240.1471 -685.4237 348.0598
v -4239.3464 -685.2677 356.7379
f 2086 2087 2088
v -4242.1229 -685.8071 356.7360
v -4239.3464 -685.2677 356.7379
v -4240.1471 -685.4237 348.0598
f 2089 2090 2091
v -4239.3404 -685.2669 347.5403
v -4240.1468 -685.4236 347.5398
v -4240.1471 -685.4237 348.0598
f 2092 2093 2094
v -4244.1730 -687.0505 354.9056
v -4242.5532 -696.2580 357.1656
v -4243.3813 -691.5630 359.7245
f 2095 2096 2097
v -4242.5532 -696.2580 357.1656
v -4243.3736 -691.5620 348.0570
v -4242.5472 -696.2573 348.0569
f 2098 2099 2100
v -4244.1745 -687.0507 357.1925
v -4244.1730 -687.0505 354.9056
v -4243.3813 -691.5630 359.7245
f 2101 2102 2103
v -4242.5532 -696.2580 357.1656
v -4244.1715 -687.0503 352.6177
v -4243.3736 -691.5620 348.0570
f 2104 2105 2106
v -4244.1715 -687.0503 352.6177
v -4244.1685 -687.0499 348.0569
v -4243.3736 -691.5620 348.0570
f 2107 2108 2109
v -4244.1730 -687.0505 354.9056
v -4244.1715 -687.0503 352.6177
v -4242.5532 -696.2580 357.1656
f 2110 2111 2112
v -4237.3107 -685.8501 356.4422
v -4239.0817 -686.1526 347.5404
v -4239.0881 -686.1534 357.2470
f 2113 2114 2115
v -4239.0881 -686.1534 357.2470
v -4237.3113 -685.8501 357.2702
v -4237.3107 -685.8501 356.4422
f 2116 2117 2118
v -4237.3107 -685.8501 356.4422
v -4237.1147 -685.8166 356.4443
v -4237.1088 -685.8159 347.5417
f 2119 2120 2121
v -4239.0817 -686.1526 347.5404
v -4237.3107 -685.8501 356.4422
v -4237.1088 -685.8159 347.5417
f 2122 2123 2124
v -4239.0817 -686.1526 347.5404
v -4239.3464 -685.2677 356.7379
v -4239.0881 -686.1534 357.2470
f 2125 2126 2127
v -4239.3464 -685.2677 356.7379
v -4239.0817 -686.1526 347.5404
v -4239.3404 -685.2669 347.5403
f 2128 2129 2130
v -4236.4626 -690.2166 359.7292
v -4237.3107 -685.8501 356.4422
v -4237.3113 -685.8501 357.2702
f 2131 2132 2133
v -4235.5357 -694.9719 357.1294
v -4236.4344 -690.3596 358.8332
v -4236.4626 -690.2166 359.7292
f 2134 2135 2136
v -4237.3107 -685.8501 356.4422
v -4236.4626 -690.2166 359.7292
v -4236.4344 -690.3596 358.8332
f 2137 2138 2139
v -4236.4344 -690.3596 358.8332
v -4235.5357 -694.9719 357.1294
v -4235.5352 -694.9718 356.3294
f 2140 2141 2142
v -4242.0515 -686.6646 348.0584
v -4244.1715 -687.0503 352.6177
v -4244.1730 -687.0505 354.9056
f 2143 2144 2145
v -4242.0515 -686.6646 348.0584
v -4242.1229 -685.8071 356.7360
v -4242.1172 -685.8064 348.0584
f 2146 2147 2148

g building_ID_42D3A67B-F938-4167-AAB4-1588A7134F1A
v -4233.6842 -718.5222 348.2563
v -4233.8663 -717.7896 348.2563
v -4221.3052 -715.5554 348.2648
f 2149 2150 2151
v -4220.7514 -718.5989 348.2648
v -4233.6842 -718.5222 348.2563
v -4221.3052 -715.5554 348.2648
f 2152 2153 2154
v -4220.7514 -718.5989 348.2648
v -4233.2616 -720.8763 348.2563
v -4233.6842 -718.5222 348.2563
f 2155 2156 2157
v -4233.6842 -718.5222 348.2563
v -4233.7352 -718.5310 348.2563
v -4233.8663 -717.7896 348.2563
f 2158 2159 2160
v -4233.6893 -718.5228 356.0910
v -4220.7565 -718.5995 356.0995
v -4221.3103 -715.5561 356.0995
f 2161 2162 2163
v -4233.8714 -717.7903 356.0910
v -4233.6893 -718.5228 356.0910
v -4221.3103 -715.5561 356.0995
f 2164 2165 2166
v -4233.8714 -717.7903 356.0910
v -4233.7404 -718.5317 356.0910
v -4233.6893 -718.5228 356.0910
f 2167 2168 2169
v -4220.7565 -718.5995 356.0995
v -4233.6893 -718.5228 356.0910
v -4233.2666 -720.8770 356.0910
f 2170 2171 2172
v -4233.2616 -720.8763 348.2563
v -4233.2617 -720.8763 348.5143
v -4233.6842 -718.5222 348.2563
f 2173 2174 2175
v -4220.7514 -718.5989 348.2648
v -4220.7565 -718.5995 356.0995
v -4221.8592 -718.8005 354.7039
f 2176 2177 2178
v -4233.2666 -720.8770 356.0910
v -4221.8592 -718.8005 354.7039
v -4220.7565 -718.5995 356.0995
f 2179 2180 2181
v -4233.2616 -720.8763 348.2563
v -4220.7514 -718.5989 348.2648
v -4221.8552 -718.7999 348.5221
f 2182 2183 2184
v -4221.8592 -718.8005 354.7039
v -4233.2666 -720.8770 356.0910
v -4233.2658 -720.8768 354.6960
f 2185 2186 2187
v -4221.8552 -718.7999 348.5221
v -4233.2617 -720.8763 348.5143
v -4233.2616 -720.8763 348.2563
f 2188 2189 2190
v -4221.3052 -715.5554 348.2648
v -4221.3103 -715.5561 356.0995
v -4220.7565 -718.5995 356.0995
f 2191 2192 2193
v -4230.9471 -725.8445 348.5153
v -4230.9511 -725.8451 354.6970
v -4230.7078 -727.2337 354.6970
f 2194 2195 2196
v -4221.2053 -724.0777 348.5219
v -4221.2094 -724.0783 354.7036
v -4230.9511 -725.8451 354.6970
f 2197 2198 2199
v -4222.0545 -719.3045 348.5219
v -4222.0585 -719.3049 354.7037
v -4221.2094 -724.0783 354.7036
f 2200 2201 2202
v -4221.7723 -719.2542 348.5221
v -4221.7764 -719.2547 354.7039
v -4222.0585 -719.3049 354.7037
f 2203 2204 2205
v -4235.3871 -721.3856 348.5128
v -4235.3911 -721.3862 354.6945
v -4233.3021 -721.0008 354.6960
f 2206 2207 2208
v -4234.2304 -727.8207 348.5129
v -4234.2344 -727.8212 354.6946
v -4235.3911 -721.3862 354.6945
f 2209 2210 2211
v -4230.7038 -727.2332 348.5153
v -4230.7078 -727.2337 354.6970
v -4234.2344 -727.8212 354.6946
f 2212 2213 2214
v -4233.6884 -718.5227 354.6960
v -4233.6893 -718.5228 356.0910
v -4233.7404 -718.5317 356.0910
f 2215 2216 2217
v -4233.6842 -718.5222 348.2563
v -4233.6844 -718.5222 348.5143
v -4233.7352 -718.5310 348.2563
f 2218 2219 2220
v -4233.2658 -720.8768 354.6960
v -4233.2666 -720.8770 356.0910
v -4233.6893 -718.5228 356.0910
f 2221 2222 2223
v -4233.2617 -720.8763 348.5143
v -4233.7354 -718.5310 348.5143
v -4233.6844 -718.5222 348.5143
f 2224 2225 2226
v -4233.7354 -718.5310 348.5143
v -4233.2617 -720.8763 348.5143
v -4233.2981 -721.0002 348.5143
f 2227 2228 2229
v -4235.3871 -721.3856 348.5128
v -4230.9471 -725.8445 348.5153
v -4234.2304 -727.8207 348.5129
f 2230 2231 2232
v -4235.3871 -721.3856 348.5128
v -4233.2981 -721.0002 348.5143
v -4230.9471 -725.8445 348.5153
f 2233 2234 2235
v -4222.0545 -719.3045 348.5219
v -4233.2981 -721.0002 348.5143
v -4233.2617 -720.8763 348.5143
f 2236 2237 2238
v -4221.7723 -719.2542 348.5221
v -4222.0545 -719.3045 348.5219
v -4221.8552 -718.7999 348.5221
f 2239 2240 2241
v -4233.2981 -721.0002 348.5143
v -4222.0545 -719.3045 348.5219
v -4230.9471 -725.8445 348.5153
f 2242 2243 2244
v -4234.2304 -727.8207 348.5129
v -4230.9471 -725.8445 348.5153
v -4230.7038 -727.2332 348.5153
f 2245 2246 2247
v -4222.0545 -719.3045 348.5219
v -4221.2053 -724.0777 348.5219
v -4230.9471 -725.8445 348.5153
f 2248 2249 2250
v -4222.0545 -719.3045 348.5219
v -4233.2617 -720.8763 348.5143
v -4221.8552 -718.7999 348.5221
f 2251 2252 2253
v -4222.0585 -719.3049 354.7037
v -4221.7764 -719.2547 354.7039
v -4221.8592 -718.8005 354.7039
f 2254 2255 2256
v -4233.2658 -720.8768 354.6960
v -4230.9511 -725.8451 354.6970
v -4222.0585 -719.3049 354.7037
f 2257 2258 2259
v -4222.0585 -719.3049 354.7037
v -4230.9511 -725.8451 354.6970
v -4221.2094 -724.0783 354.7036
f 2260 2261 2262
v -4234.2344 -727.8212 354.6946
v -4230.7078 -727.2337 354.6970
v -4230.9511 -725.8451 354.6970
f 2263 2264 2265
v -4233.2658 -720.8768 354.6960
v -4233.6884 -718.5227 354.6960
v -4233.7394 -718.5315 354.6960
f 2266 2267 2268
v -4221.8592 -718.8005 354.7039
v -4233.2658 -720.8768 354.6960
v -4222.0585 -719.3049 354.7037
f 2269 2270 2271
v -4234.2344 -727.8212 354.6946
v -4233.3021 -721.0008 354.6960
v -4235.3911 -721.3862 354.6945
f 2272 2273 2274
v -4233.7394 -718.5315 354.6960
v -4233.3021 -721.0008 354.6960
v -4233.2658 -720.8768 354.6960
f 2275 2276 2277
v -4233.3021 -721.0008 354.6960
v -4234.2344 -727.8212 354.6946
v -4230.9511 -725.8451 354.6970
f 2278 2279 2280
v -4233.2658 -720.8768 354.6960
v -4233.3021 -721.0008 354.6960
v -4230.9511 -725.8451 354.6970
f 2281 2282 2283
v -4221.8552 -718.7999 348.5221
v -4221.8592 -718.8005 354.7039
v -4221.7764 -719.2547 354.7039
f 2284 2285 2286
v -4221.3052 -715.5554 348.2648
v -4233.8663 -717.7896 348.2563
v -4233.8714 -717.7903 356.0910
f 2287 2288 2289
v -4233.7354 -718.5310 348.5143
v -4233.2981 -721.0002 348.5143
v -4233.7394 -718.5315 354.6960
f 2290 2291 2292
v -4233.3021 -721.0008 354.6960
v -4233.7394 -718.5315 354.6960
v -4233.2981 -721.0002 348.5143
f 2293 2294 2295
v -4233.7394 -718.5315 354.6960
v -4233.7404 -718.5317 356.0910
v -4233.8714 -717.7903 356.0910
f 2296 2297 2298
v -4233.7354 -718.5310 348.5143
v -4233.7394 -718.5315 354.6960
v -4233.8663 -717.7896 348.2563
f 2299 2300 2301
v -4233.8714 -717.7903 356.0910
v -4233.8663 -717.7896 348.2563
v -4233.7394 -718.5315 354.6960
f 2302 2303 2304
v -4233.7354 -718.5310 348.5143
v -4233.8663 -717.7896 348.2563
v -4233.7352 -718.5310 348.2563
f 2305 2306 2307
v -4233.2617 -720.8763 348.5143
v -4233.6844 -718.5222 348.5143
v -4233.6842 -718.5222 348.2563
f 2308 2309 2310
v -4220.7514 -718.5989 348.2648
v -4221.8592 -718.8005 354.7039
v -4221.8552 -718.7999 348.5221
f 2311 2312 2313
v -4221.3052 -715.5554 348.2648
v -4220.7565 -718.5995 356.0995
v -4220.7514 -718.5989 348.2648
f 2314 2315 2316
v -4230.9471 -725.8445 348.5153
v -4230.7078 -727.2337 354.6970
v -4230.7038 -727.2332 348.5153
f 2317 2318 2319
v -4221.2053 -724.0777 348.5219
v -4230.9511 -725.8451 354.6970
v -4230.9471 -725.8445 348.5153
f 2320 2321 2322
v -4222.0545 -719.3045 348.5219
v -4221.2094 -724.0783 354.7036
v -4221.2053 -724.0777 348.5219
f 2323 2324 2325
v -4221.7723 -719.2542 348.5221
v -4222.0585 -719.3049 354.7037
v -4222.0545 -719.3045 348.5219
f 2326 2327 2328
v -4235.3871 -721.3856 348.5128
v -4233.3021 -721.0008 354.6960
v -4233.2981 -721.0002 348.5143
f 2329 2330 2331
v -4234.2304 -727.8207 348.5129
v -4235.3911 -721.3862 354.6945
v -4235.3871 -721.3856 348.5128
f 2332 2333 2334
v -4230.7038 -727.2332 348.5153
v -4234.2344 -727.8212 354.6946
v -4234.2304 -727.8207 348.5129
f 2335 2336 2337
v -4233.6884 -718.5227 354.6960
v -4233.7404 -718.5317 356.0910
v -4233.7394 -718.5315 354.6960
f 2338 2339 2340
v -4233.6844 -718.5222 348.5143
v -4233.7354 -718.5310 348.5143
v -4233.7352 -718.5310 348.2563
f 2341 2342 2343
v -4233.2658 -720.8768 354.6960
v -4233.6893 -718.5228 356.0910
v -4233.6884 -718.5227 354.6960
f 2344 2345 2346
v -4221.8552 -718.7999 348.5221
v -4221.7764 -719.2547 354.7039
v -4221.7723 -719.2542 348.5221
f 2347 2348 2349
v -4221.3052 -715.5554 348.2648
v -4233.8714 -717.7903 356.0910
v -4221.3103 -715.5561 356.0995
f 2350 2351 2352

g building_ID_65B280CD-CFA2-4C68-AFE6-FEFA12CEA8C7
v -4250.4668 -720.9202 350.0368
v -4248.7630 -728.0567 350.0371
v -4251.2959 -727.6440 350.0355
f 2353 2354 2355
v -4246.8271 -727.6900 350.0384
v -4248.7630 -728.0567 350.0371
v -4250.4668 -720.9202 350.0368
f 2356 2357 2358
v -4251.2959 -727.6440 350.0355
v -4252.3528 -721.2602 350.0355
v -4250.4668 -720.9202 350.0368
f 2359 2360 2361
v -4242.9439 -723.5725 350.0415
v -4250.4668 -720.9202 350.0368
v -4245.7964 -717.0317 350.0403
f 2362 2363 2364
v -4246.8271 -727.6900 350.0384
v -4244.1471 -728.8062 350.0401
v -4246.7619 -728.0342 350.0384
f 2365 2366 2367
v -4246.8271 -727.6900 350.0384
v -4250.4668 -720.9202 350.0368
v -4242.9439 -723.5725 350.0415
f 2368 2369 2370
v -4245.7964 -717.0317 350.0403
v -4244.0416 -716.7414 350.0415
v -4242.9439 -723.5725 350.0415
f 2371 2372 2373
v -4244.1471 -728.8062 350.0401
v -4246.8271 -727.6900 350.0384
v -4242.9439 -723.5725 350.0415
f 2374 2375 2376
v -4250.9989 -717.9578 350.0368
v -4245.7964 -717.0317 350.0403
v -4250.4668 -720.9202 350.0368
f 2377 2378 2379
v -4243.5977 -719.5272 355.5833
v -4244.0448 -716.7419 354.9183
v -4245.7995 -717.0321 354.9171
f 2380 2381 2382
v -4250.5148 -720.6726 355.5786
v -4243.5977 -719.5272 355.5833
v -4247.6514 -717.3622 354.9209
f 2383 2384 2385
v -4245.7995 -717.0321 354.9171
v -4247.6514 -717.3622 354.9209
v -4243.5977 -719.5272 355.5833
f 2386 2387 2388
v -4250.5148 -720.6726 355.5786
v -4247.6514 -717.3622 354.9209
v -4251.0020 -717.9582 354.9286
f 2389 2390 2391
v -4246.0244 -723.1237 355.5813
v -4243.5977 -719.5272 355.5833
v -4246.4977 -720.2603 355.5813
f 2392 2393 2394
v -4250.5148 -720.6726 355.5786
v -4246.4977 -720.2603 355.5813
v -4243.5977 -719.5272 355.5833
f 2395 2396 2397
v -4244.1507 -728.8067 355.5819
v -4242.9475 -723.5729 355.5833
v -4246.0244 -723.1237 355.5813
f 2398 2399 2400
v -4243.5977 -719.5272 355.5833
v -4246.0244 -723.1237 355.5813
v -4242.9475 -723.5729 355.5833
f 2401 2402 2403
v -4246.8307 -727.6904 355.5802
v -4244.1507 -728.8067 355.5819
v -4246.0244 -723.1237 355.5813
f 2404 2405 2406
v -4246.7655 -728.0346 355.5802
v -4244.1507 -728.8067 355.5819
v -4246.8307 -727.6904 355.5802
f 2407 2408 2409
v -4247.5550 -723.3765 355.5802
v -4246.8307 -727.6904 355.5802
v -4246.0244 -723.1237 355.5813
f 2410 2411 2412
v -4250.5148 -720.6726 355.5786
v -4250.4705 -720.9207 355.5786
v -4246.4977 -720.2603 355.5813
f 2413 2414 2415
v -4251.0005 -717.9579 352.4827
v -4251.0013 -717.9581 353.7057
v -4247.6514 -717.3622 354.9209
f 2416 2417 2418
v -4250.9989 -717.9578 350.0368
v -4247.6514 -717.3622 354.9209
v -4245.7964 -717.0317 350.0403
f 2419 2420 2421
v -4244.0448 -716.7419 354.9183
v -4245.7964 -717.0317 350.0403
v -4245.7995 -717.0321 354.9171
f 2422 2423 2424
v -4244.0448 -716.7419 354.9183
v -4244.0416 -716.7414 350.0415
v -4245.7964 -717.0317 350.0403
f 2425 2426 2427
v -4246.7619 -728.0342 350.0384
v -4246.7655 -728.0346 355.5802
v -4246.8307 -727.6904 355.5802
f 2428 2429 2430
v -4246.7619 -728.0342 350.0384
v -4246.8307 -727.6904 355.5802
v -4246.8271 -727.6900 350.0384
f 2431 2432 2433
v -4244.1471 -728.8062 350.0401
v -4244.1507 -728.8067 355.5819
v -4246.7655 -728.0346 355.5802
f 2434 2435 2436
v -4242.9439 -723.5725 350.0415
v -4242.9475 -723.5729 355.5833
v -4244.1471 -728.8062 350.0401
f 2437 2438 2439
v -4251.2959 -727.6440 350.0355
v -4251.2959 -727.6440 350.0415
v -4252.3528 -721.2602 350.0355
f 2440 2441 2442
v -4248.7630 -728.0567 350.0371
v -4248.7630 -728.0567 350.0431
v -4251.2959 -727.6440 350.0355
f 2443 2444 2445
v -4254.4754 -724.6811 358.4654
v -4256.7779 -728.1730 358.4635
v -4253.8781 -729.0248 358.4653
f 2446 2447 2448
v -4256.7779 -728.1730 358.4635
v -4254.4754 -724.6811 358.4654
v -4255.9152 -724.9433 358.4644
f 2449 2450 2451
v -4250.4724 -720.9209 358.4685
v -4255.0346 -721.7427 358.4654
v -4254.4754 -724.6811 358.4654
f 2452 2453 2454
v -4254.4754 -724.6811 358.4654
v -4253.8781 -729.0248 358.4653
v -4246.8325 -727.6908 358.4701
f 2455 2456 2457
v -4254.4754 -724.6811 358.4654
v -4247.5570 -723.3768 358.4701
v -4250.4724 -720.9209 358.4685
f 2458 2459 2460
v -4250.4724 -720.9209 358.4685
v -4247.5570 -723.3768 358.4701
v -4246.4996 -720.2606 358.4712
f 2461 2462 2463
v -4246.0262 -723.1239 358.4712
v -4246.4996 -720.2606 358.4712
v -4247.5570 -723.3768 358.4701
f 2464 2465 2466
v -4246.8325 -727.6908 358.4701
v -4247.5570 -723.3768 358.4701
v -4254.4754 -724.6811 358.4654
f 2467 2468 2469
v -4254.4700 -724.6804 350.0397
v -4254.4754 -724.6811 358.4654
v -4255.0346 -721.7427 358.4654
f 2470 2471 2472
v -4255.9096 -724.9425 350.0387
v -4255.9152 -724.9433 358.4644
v -4254.4754 -724.6811 358.4654
f 2473 2474 2475
v -4256.7723 -728.1722 350.0378
v -4256.7779 -728.1730 358.4635
v -4255.9152 -724.9433 358.4644
f 2476 2477 2478
v -4253.8726 -729.0240 350.0396
v -4253.8781 -729.0248 358.4653
v -4256.7779 -728.1730 358.4635
f 2479 2480 2481
v -4252.3528 -721.2602 350.0415
v -4251.2959 -727.6440 350.0415
v -4254.4700 -724.6804 350.0397
f 2482 2483 2484
v -4253.8726 -729.0240 350.0396
v -4251.2959 -727.6440 350.0415
v -4248.7630 -728.0567 350.0431
f 2485 2486 2487
v -4255.0291 -721.7419 350.0397
v -4252.3528 -721.2602 350.0415
v -4254.4700 -724.6804 350.0397
f 2488 2489 2490
v -4254.4700 -724.6804 350.0397
v -4251.2959 -727.6440 350.0415
v -4256.7723 -728.1722 350.0378
f 2491 2492 2493
v -4254.4700 -724.6804 350.0397
v -4256.7723 -728.1722 350.0378
v -4255.9096 -724.9425 350.0387
f 2494 2495 2496
v -4256.7723 -728.1722 350.0378
v -4251.2959 -727.6440 350.0415
v -4253.8726 -729.0240 350.0396
f 2497 2498 2499
v -4247.5550 -723.3765 355.5802
v -4247.5570 -723.3768 358.4701
v -4246.8325 -727.6908 358.4701
f 2500 2501 2502
v -4246.0244 -723.1237 355.5813
v -4246.0262 -723.1239 358.4712
v -4247.5570 -723.3768 358.4701
f 2503 2504 2505
v -4246.4977 -720.2603 355.5813
v -4246.4996 -720.2606 358.4712
v -4246.0262 -723.1239 358.4712
f 2506 2507 2508
v -4250.4705 -720.9207 355.5786
v -4250.4724 -720.9209 358.4685
v -4246.4996 -720.2606 358.4712
f 2509 2510 2511
v -4250.4705 -720.9207 355.5786
v -4251.0005 -717.9579 352.4827
v -4250.4669 -720.9202 350.0428
f 2512 2513 2514
v -4250.4669 -720.9202 350.0428
v -4251.0005 -717.9579 352.4827
v -4250.4668 -720.9202 350.0368
f 2515 2516 2517
v -4251.0013 -717.9581 353.7057
v -4250.4705 -720.9207 355.5786
v -4250.5148 -720.6726 355.5786
f 2518 2519 2520
v -4250.5148 -720.6726 355.5786
v -4251.0020 -717.9582 354.9286
v -4251.0013 -717.9581 353.7057
f 2521 2522 2523
v -4250.4668 -720.9202 350.0368
v -4251.0005 -717.9579 352.4827
v -4250.9989 -717.9578 350.0368
f 2524 2525 2526
v -4250.4705 -720.9207 355.5786
v -4251.0013 -717.9581 353.7057
v -4251.0005 -717.9579 352.4827
f 2527 2528 2529
v -4243.5977 -719.5272 355.5833
v -4244.0416 -716.7414 350.0415
v -4244.0448 -716.7419 354.9183
f 2530 2531 2532
v -4244.0416 -716.7414 350.0415
v -4242.9475 -723.5729 355.5833
v -4242.9439 -723.5725 350.0415
f 2533 2534 2535
v -4243.5977 -719.5272 355.5833
v -4242.9475 -723.5729 355.5833
v -4244.0416 -716.7414 350.0415
f 2536 2537 2538
v -4253.8781 -729.0248 358.4653
v -4246.8307 -727.6904 355.5802
v -4246.8325 -727.6908 358.4701
f 2539 2540 2541
v -4248.7630 -728.0567 350.0431
v -4246.8271 -727.6900 350.0384
v -4246.8307 -727.6904 355.5802
f 2542 2543 2544
v -4248.7630 -728.0567 350.0431
v -4253.8781 -729.0248 358.4653
v -4253.8726 -729.0240 350.0396
f 2545 2546 2547
v -4246.8271 -727.6900 350.0384
v -4248.7630 -728.0567 350.0431
v -4248.7630 -728.0567 350.0371
f 2548 2549 2550
v -4246.8307 -727.6904 355.5802
v -4253.8781 -729.0248 358.4653
v -4248.7630 -728.0567 350.0431
f 2551 2552 2553
v -4252.3528 -721.2602 350.0415
v -4255.0291 -721.7419 350.0397
v -4255.0346 -721.7427 358.4654
f 2554 2555 2556
v -4250.4668 -720.9202 350.0368
v -4252.3528 -721.2602 350.0355
v -4252.3528 -721.2602 350.0415
f 2557 2558 2559
v -4252.3528 -721.2602 350.0415
v -4255.0346 -721.7427 358.4654
v -4250.4705 -720.9207 355.5786
f 2560 2561 2562
v -4255.0346 -721.7427 358.4654
v -4250.4724 -720.9209 358.4685
v -4250.4705 -720.9207 355.5786
f 2563 2564 2565
v -4252.3528 -721.2602 350.0415
v -4250.4669 -720.9202 350.0428
v -4250.4668 -720.9202 350.0368
f 2566 2567 2568
v -4252.3528 -721.2602 350.0415
v -4250.4705 -720.9207 355.5786
v -4250.4669 -720.9202 350.0428
f 2569 2570 2571
v -4250.9989 -717.9578 350.0368
v -4251.0005 -717.9579 352.4827
v -4247.6514 -717.3622 354.9209
f 2572 2573 2574
v -4251.0013 -717.9581 353.7057
v -4251.0020 -717.9582 354.9286
v -4247.6514 -717.3622 354.9209
f 2575 2576 2577
v -4247.6514 -717.3622 354.9209
v -4245.7995 -717.0321 354.9171
v -4245.7964 -717.0317 350.0403
f 2578 2579 2580
v -4244.1471 -728.8062 350.0401
v -4246.7655 -728.0346 355.5802
v -4246.7619 -728.0342 350.0384
f 2581 2582 2583
v -4242.9475 -723.5729 355.5833
v -4244.1507 -728.8067 355.5819
v -4244.1471 -728.8062 350.0401
f 2584 2585 2586
v -4251.2959 -727.6440 350.0415
v -4252.3528 -721.2602 350.0415
v -4252.3528 -721.2602 350.0355
f 2587 2588 2589
v -4248.7630 -728.0567 350.0431
v -4251.2959 -727.6440 350.0415
v -4251.2959 -727.6440 350.0355
f 2590 2591 2592
v -4254.4700 -724.6804 350.0397
v -4255.0346 -721.7427 358.4654
v -4255.0291 -721.7419 350.0397
f 2593 2594 2595
v -4255.9096 -724.9425 350.0387
v -4254.4754 -724.6811 358.4654
v -4254.4700 -724.6804 350.0397
f 2596 2597 2598
v -4256.7723 -728.1722 350.0378
v -4255.9152 -724.9433 358.4644
v -4255.9096 -724.9425 350.0387
f 2599 2600 2601
v -4253.8726 -729.0240 350.0396
v -4256.7779 -728.1730 358.4635
v -4256.7723 -728.1722 350.0378
f 2602 2603 2604
v -4247.5550 -723.3765 355.5802
v -4246.8325 -727.6908 358.4701
v -4246.8307 -727.6904 355.5802
f 2605 2606 2607
v -4246.0244 -723.1237 355.5813
v -4247.5570 -723.3768 358.4701
v -4247.5550 -723.3765 355.5802
f 2608 2609 2610
v -4246.4977 -720.2603 355.5813
v -4246.0262 -723.1239 358.4712
v -4246.0244 -723.1237 355.5813
f 2611 2612 2613
v -4250.4705 -720.9207 355.5786
v -4246.4996 -720.2606 358.4712
v -4246.4977 -720.2603 355.5813
f 2614 2615 2616

g building_ID_0DD025A6-6451-4C97-89AB-4CFBBDA4D8B0
v -4247.3281 -759.9293 356.9120
v -4248.4364 -765.5934 356.9106
v -4245.3695 -766.0116 356.9126
f 2617 2618 2619
v -4245.3695 -766.0116 356.9126
v -4248.4364 -765.5934 356.9106
v -4245.4937 -766.4432 356.9125
f 2620 2621 2622
v -4250.2904 -765.5924 356.9094
v -4248.5757 -766.0800 356.9105
v -4248.4364 -765.5934 356.9106
f 2623 2624 2625
v -4247.3281 -759.9293 356.9120
v -4245.3695 -766.0116 356.9126
v -4243.7522 -760.3240 356.9144
f 2626 2627 2628
v -4248.4364 -765.5934 356.9106
v -4250.1531 -765.0977 356.9095
v -4250.2904 -765.5924 356.9094
f 2629 2630 2631
v -4248.5582 -759.5740 356.9113
v -4250.1531 -765.0977 356.9095
v -4247.3281 -759.9293 356.9120
f 2632 2633 2634
v -4247.3281 -759.9293 356.9120
v -4250.1531 -765.0977 356.9095
v -4248.4364 -765.5934 356.9106
f 2635 2636 2637
v -4243.7522 -760.3240 356.9144
v -4247.1636 -759.3537 356.9122
v -4247.3281 -759.9293 356.9120
f 2638 2639 2640
v -4248.5582 -759.5740 356.9113
v -4250.1490 -765.0972 350.5727
v -4250.1531 -765.0977 356.9095
f 2641 2642 2643
v -4248.5751 -766.0799 356.0125
v -4248.5757 -766.0800 356.9105
v -4250.2904 -765.5924 356.9094
f 2644 2645 2646
v -4235.7585 -765.2707 360.0079
v -4235.0549 -762.7967 360.0087
v -4235.7995 -765.2586 360.0079
f 2647 2648 2649
v -4243.7543 -760.3232 360.0032
v -4235.7995 -765.2586 360.0079
v -4235.0549 -762.7967 360.0087
f 2650 2651 2652
v -4237.8828 -772.4510 360.0056
v -4235.7995 -765.2586 360.0079
v -4245.1529 -766.5425 360.0015
f 2653 2654 2655
v -4245.1529 -766.5425 360.0015
v -4243.7543 -760.3232 360.0032
v -4245.4947 -766.4436 360.0013
f 2656 2657 2658
v -4237.8828 -772.4510 360.0056
v -4245.1529 -766.5425 360.0015
v -4246.1815 -770.0917 360.0004
f 2659 2660 2661
v -4235.7995 -765.2586 360.0079
v -4243.7543 -760.3232 360.0032
v -4245.1529 -766.5425 360.0015
f 2662 2663 2664
v -4246.1754 -770.0908 350.5698
v -4246.1815 -770.0917 360.0004
v -4245.1529 -766.5425 360.0015
f 2665 2666 2667
v -4237.8767 -772.4501 350.5750
v -4237.8828 -772.4510 360.0056
v -4246.1815 -770.0917 360.0004
f 2668 2669 2670
v -4235.7934 -765.2577 350.5773
v -4235.7995 -765.2586 360.0079
v -4237.8828 -772.4510 360.0056
f 2671 2672 2673
v -4235.7524 -765.2698 350.5773
v -4235.7585 -765.2707 360.0079
v -4235.7995 -765.2586 360.0079
f 2674 2675 2676
v -4235.0527 -762.7963 356.6208
v -4235.0549 -762.7967 360.0087
v -4235.7452 -765.2304 356.6201
f 2677 2678 2679
v -4235.7585 -765.2707 360.0079
v -4235.7452 -765.2304 356.6201
v -4235.0549 -762.7967 360.0087
f 2680 2681 2682
v -4235.7412 -765.2298 350.5773
v -4235.7452 -765.2304 356.6201
v -4235.7524 -765.2698 350.5773
f 2683 2684 2685
v -4235.7585 -765.2707 360.0079
v -4235.7524 -765.2698 350.5773
v -4235.7452 -765.2304 356.6201
f 2686 2687 2688
v -4245.3695 -766.0116 356.9126
v -4245.4937 -766.4432 356.9125
v -4245.4947 -766.4436 360.0013
f 2689 2690 2691
v -4243.7522 -760.3240 356.9144
v -4245.3695 -766.0116 356.9126
v -4243.7543 -760.3232 360.0032
f 2692 2693 2694
v -4252.2714 -768.9694 350.6299
v -4252.2749 -768.9699 356.0097
v -4251.3046 -769.2406 356.0103
f 2695 2696 2697
v -4253.7884 -774.1834 350.6282
v -4253.7919 -774.1839 356.0080
v -4252.2749 -768.9699 356.0097
f 2698 2699 2700
v -4250.7857 -775.0424 350.6301
v -4250.7892 -775.0430 356.0099
v -4253.7919 -774.1839 356.0080
f 2701 2702 2703
v -4249.2956 -769.7995 350.6317
v -4249.2991 -769.8000 356.0115
v -4250.7892 -775.0430 356.0099
f 2704 2705 2706
v -4249.6124 -769.7106 350.6315
v -4249.6159 -769.7112 356.0113
v -4249.2991 -769.8000 356.0115
f 2707 2708 2709
v -4248.5715 -766.0793 350.5737
v -4248.5716 -766.0793 350.6327
v -4250.2862 -765.5917 350.5726
f 2710 2711 2712
v -4249.6124 -769.7106 350.6315
v -4251.3011 -769.2401 350.6305
v -4248.5716 -766.0793 350.6327
f 2713 2714 2715
v -4250.2863 -765.5918 350.6316
v -4248.5716 -766.0793 350.6327
v -4251.3011 -769.2401 350.6305
f 2716 2717 2718
v -4249.6124 -769.7106 350.6315
v -4249.2956 -769.7995 350.6317
v -4250.7857 -775.0424 350.6301
f 2719 2720 2721
v -4253.7884 -774.1834 350.6282
v -4251.3011 -769.2401 350.6305
v -4250.7857 -775.0424 350.6301
f 2722 2723 2724
v -4249.6124 -769.7106 350.6315
v -4250.7857 -775.0424 350.6301
v -4251.3011 -769.2401 350.6305
f 2725 2726 2727
v -4251.3011 -769.2401 350.6305
v -4253.7884 -774.1834 350.6282
v -4252.2714 -768.9694 350.6299
f 2728 2729 2730
v -4249.6159 -769.7112 356.0113
v -4248.5751 -766.0799 356.0125
v -4251.3046 -769.2406 356.0103
f 2731 2732 2733
v -4250.2898 -765.5923 356.0114
v -4251.3046 -769.2406 356.0103
v -4248.5751 -766.0799 356.0125
f 2734 2735 2736
v -4249.2991 -769.8000 356.0115
v -4249.6159 -769.7112 356.0113
v -4250.7892 -775.0430 356.0099
f 2737 2738 2739
v -4251.3046 -769.2406 356.0103
v -4252.2749 -768.9699 356.0097
v -4253.7919 -774.1839 356.0080
f 2740 2741 2742
v -4249.6159 -769.7112 356.0113
v -4251.3046 -769.2406 356.0103
v -4250.7892 -775.0430 356.0099
f 2743 2744 2745
v -4253.7919 -774.1839 356.0080
v -4250.7892 -775.0430 356.0099
v -4251.3046 -769.2406 356.0103
f 2746 2747 2748
v -4233.8866 -765.7568 350.4225
v -4243.5702 -763.0048 350.4164
v -4241.8115 -756.8195 350.4184
f 2749 2750 2751
v -4241.8115 -756.8195 350.4184
v -4232.0910 -759.5837 350.4245
v -4233.8866 -765.7568 350.4225
f 2752 2753 2754
v -4244.0243 -748.8546 350.5438
v -4245.1395 -749.0542 356.2298
v -4244.5832 -748.9546 356.2302
f 2755 2756 2757
v -4244.0243 -748.8546 350.5438
v -4245.1358 -749.0536 350.5431
v -4245.1395 -749.0542 356.2298
f 2758 2759 2760
v -4244.0243 -748.8546 350.5438
v -4244.5832 -748.9546 356.2302
v -4244.0280 -748.8552 356.2305
f 2761 2762 2763
v -4245.1395 -749.0542 356.2298
v -4245.6920 -751.0071 350.5425
v -4245.6958 -751.0076 356.2262
f 2764 2765 2766
v -4245.1358 -749.0536 350.5431
v -4245.6920 -751.0071 350.5425
v -4245.1395 -749.0542 356.2298
f 2767 2768 2769
v -4245.4837 -752.0067 350.5425
v -4245.4874 -752.0071 356.2262
v -4245.6920 -751.0071 350.5425
f 2770 2771 2772
v -4245.6958 -751.0076 356.2262
v -4245.6920 -751.0071 350.5425
v -4245.4874 -752.0071 356.2262
f 2773 2774 2775
v -4245.0335 -751.9129 350.5428
v -4245.0372 -751.9134 356.2265
v -4245.4874 -752.0071 356.2262
f 2776 2777 2778
v -4245.0335 -751.9129 350.5428
v -4245.4874 -752.0071 356.2262
v -4245.4837 -752.0067 350.5425
f 2779 2780 2781
v -4244.0243 -748.8546 350.5438
v -4240.7517 -749.7854 350.5459
v -4245.0335 -751.9129 350.5428
f 2782 2783 2784
v -4242.6820 -756.5722 350.5437
v -4245.0335 -751.9129 350.5428
v -4240.7517 -749.7854 350.5459
f 2785 2786 2787
v -4245.1358 -749.0536 350.5431
v -4244.0243 -748.8546 350.5438
v -4245.0335 -751.9129 350.5428
f 2788 2789 2790
v -4245.0335 -751.9129 350.5428
v -4245.6920 -751.0071 350.5425
v -4245.1358 -749.0536 350.5431
f 2791 2792 2793
v -4245.6920 -751.0071 350.5425
v -4245.0335 -751.9129 350.5428
v -4245.4837 -752.0067 350.5425
f 2794 2795 2796
v -4242.6820 -756.5722 350.5437
v -4241.8116 -756.8195 350.5444
v -4243.4491 -762.5801 350.5425
f 2797 2798 2799
v -4247.3240 -759.9287 350.5402
v -4242.6820 -756.5722 350.5437
v -4243.4491 -762.5801 350.5425
f 2800 2801 2802
v -4242.6820 -756.5722 350.5437
v -4247.3240 -759.9287 350.5402
v -4245.0335 -751.9129 350.5428
f 2803 2804 2805
v -4248.1603 -759.6875 350.5397
v -4247.3240 -759.9287 350.5402
v -4248.5692 -761.1244 350.5393
f 2806 2807 2808
v -4243.4491 -762.5801 350.5425
v -4248.5692 -761.1244 350.5393
v -4247.3240 -759.9287 350.5402
f 2809 2810 2811
v -4235.9839 -752.2041 350.1268
v -4230.4093 -753.8071 350.1303
v -4232.0898 -759.5837 350.1285
f 2812 2813 2814
v -4235.9839 -752.2041 350.1268
v -4237.2292 -750.7858 350.1261
v -4236.9603 -750.8625 350.1263
f 2815 2816 2817
v -4242.6817 -756.5721 350.1218
v -4235.9839 -752.2041 350.1268
v -4232.0898 -759.5837 350.1285
f 2818 2819 2820
v -4240.7514 -749.7843 350.1239
v -4238.2106 -750.9552 350.1255
v -4242.6817 -756.5721 350.1218
f 2821 2822 2823
v -4235.9839 -752.2041 350.1268
v -4238.2106 -750.9552 350.1255
v -4237.2292 -750.7858 350.1261
f 2824 2825 2826
v -4240.7514 -749.7843 350.1239
v -4238.2974 -750.4819 350.1255
v -4238.2106 -750.9552 350.1255
f 2827 2828 2829
v -4242.6817 -756.5721 350.1218
v -4238.2106 -750.9552 350.1255
v -4235.9839 -752.2041 350.1268
f 2830 2831 2832
v -4240.7573 -749.7852 359.1095
v -4242.6876 -756.5730 359.1074
v -4238.2165 -750.9560 359.1111
f 2833 2834 2835
v -4235.9898 -752.2050 359.1124
v -4238.2165 -750.9560 359.1111
v -4242.6876 -756.5730 359.1074
f 2836 2837 2838
v -4238.2165 -750.9560 359.1111
v -4238.3032 -750.4828 359.1111
v -4240.7573 -749.7852 359.1095
f 2839 2840 2841
v -4235.9898 -752.2050 359.1124
v -4232.0957 -759.5845 359.1141
v -4230.4151 -753.8080 359.1159
f 2842 2843 2844
v -4237.2350 -750.7866 359.1117
v -4238.2165 -750.9560 359.1111
v -4236.9662 -750.8633 359.1119
f 2845 2846 2847
v -4236.9662 -750.8633 359.1119
v -4238.2165 -750.9560 359.1111
v -4235.9898 -752.2050 359.1124
f 2848 2849 2850
v -4232.0957 -759.5845 359.1141
v -4235.9898 -752.2050 359.1124
v -4242.6876 -756.5730 359.1074
f 2851 2852 2853
v -4235.9839 -752.2041 350.1268
v -4235.9898 -752.2050 359.1124
v -4230.4151 -753.8080 359.1159
f 2854 2855 2856
v -4236.9603 -750.8625 350.1263
v -4236.9662 -750.8633 359.1119
v -4235.9898 -752.2050 359.1124
f 2857 2858 2859
v -4237.2292 -750.7858 350.1261
v -4237.2350 -750.7866 359.1117
v -4236.9662 -750.8633 359.1119
f 2860 2861 2862
v -4237.2292 -750.7858 350.1261
v -4238.2106 -750.9552 350.1255
v -4238.2165 -750.9560 359.1111
f 2863 2864 2865
v -4237.2350 -750.7866 359.1117
v -4237.2292 -750.7858 350.1261
v -4238.2165 -750.9560 359.1111
f 2866 2867 2868
v -4238.3003 -750.4835 356.2342
v -4238.3032 -750.4828 359.1111
v -4238.2165 -750.9560 359.1111
f 2869 2870 2871
v -4238.2974 -750.4819 350.1255
v -4238.2966 -750.4830 350.5475
v -4238.2106 -750.9552 350.1255
f 2872 2873 2874
v -4238.2966 -750.4830 350.5475
v -4238.3003 -750.4835 356.2342
v -4238.2165 -750.9560 359.1111
f 2875 2876 2877
v -4242.6817 -756.5721 350.1218
v -4242.6820 -756.5722 350.5437
v -4240.7517 -749.7854 350.5459
f 2878 2879 2880
v -4242.6857 -756.5728 356.2235
v -4242.6876 -756.5730 359.1074
v -4240.7554 -749.7859 356.2326
f 2881 2882 2883
v -4232.0950 -759.5842 356.6232
v -4232.0957 -759.5845 359.1141
v -4241.8156 -756.8202 356.6171
f 2884 2885 2886
v -4242.6876 -756.5730 359.1074
v -4241.8156 -756.8202 356.6171
v -4232.0957 -759.5845 359.1141
f 2887 2888 2889
v -4241.8153 -756.8201 356.2241
v -4241.8156 -756.8202 356.6171
v -4242.6857 -756.5728 356.2235
f 2890 2891 2892
v -4242.6876 -756.5730 359.1074
v -4242.6857 -756.5728 356.2235
v -4241.8156 -756.8202 356.6171
f 2893 2894 2895
v -4232.0910 -759.5837 350.4245
v -4241.8115 -756.8195 350.4184
v -4232.0898 -759.5837 350.1285
f 2896 2897 2898
v -4242.6817 -756.5721 350.1218
v -4241.8115 -756.8195 350.4184
v -4242.6820 -756.5722 350.5437
f 2899 2900 2901
v -4241.8116 -756.8195 350.5444
v -4242.6820 -756.5722 350.5437
v -4241.8115 -756.8195 350.4184
f 2902 2903 2904
v -4233.8906 -765.7575 356.6213
v -4232.0950 -759.5842 356.6232
v -4235.0527 -762.7963 356.6208
f 2905 2906 2907
v -4241.8156 -756.8202 356.6171
v -4235.0527 -762.7963 356.6208
v -4232.0950 -759.5842 356.6232
f 2908 2909 2910
v -4235.7452 -765.2304 356.6201
v -4233.8906 -765.7575 356.6213
v -4235.0527 -762.7963 356.6208
f 2911 2912 2913
v -4241.8156 -756.8202 356.6171
v -4242.8817 -760.5703 356.6159
v -4235.0527 -762.7963 356.6208
f 2914 2915 2916
v -4242.8814 -760.5702 356.2189
v -4242.8817 -760.5703 356.6159
v -4241.8153 -756.8201 356.2241
f 2917 2918 2919
v -4243.4491 -762.5801 350.5425
v -4243.5702 -763.0048 350.4164
v -4243.5703 -763.0048 350.5724
f 2920 2921 2922
v -4243.4492 -762.5801 350.5725
v -4243.4491 -762.5801 350.5425
v -4243.5703 -763.0048 350.5724
f 2923 2924 2925
v -4243.4491 -762.5801 350.5425
v -4241.8116 -756.8195 350.5444
v -4241.8115 -756.8195 350.4184
f 2926 2927 2928
v -4233.8866 -765.7568 350.4225
v -4233.8906 -765.7575 356.6213
v -4235.7412 -765.2298 350.5773
f 2929 2930 2931
v -4235.7452 -765.2304 356.6201
v -4235.7412 -765.2298 350.5773
v -4233.8906 -765.7575 356.6213
f 2932 2933 2934
v -4243.5702 -763.0048 350.4164
v -4233.8866 -765.7568 350.4225
v -4235.7412 -765.2298 350.5773
f 2935 2936 2937
v -4235.7412 -765.2298 350.5773
v -4243.5703 -763.0048 350.5724
v -4243.5702 -763.0048 350.4164
f 2938 2939 2940
v -4248.5692 -761.1244 350.5393
v -4248.5692 -761.1244 350.5743
v -4248.1603 -759.6875 350.5397
f 2941 2942 2943
v -4241.8153 -756.8201 356.2241
v -4243.7518 -760.3239 356.2184
v -4242.8814 -760.5702 356.2189
f 2944 2945 2946
v -4240.7554 -749.7859 356.2326
v -4245.0372 -751.9134 356.2265
v -4242.6857 -756.5728 356.2235
f 2947 2948 2949
v -4243.7518 -760.3239 356.2184
v -4241.8153 -756.8201 356.2241
v -4242.6857 -756.5728 356.2235
f 2950 2951 2952
v -4247.1632 -759.3537 356.2162
v -4243.7518 -760.3239 356.2184
v -4242.6857 -756.5728 356.2235
f 2953 2954 2955
v -4245.0372 -751.9134 356.2265
v -4247.1632 -759.3537 356.2162
v -4242.6857 -756.5728 356.2235
f 2956 2957 2958
v -4245.0372 -751.9134 356.2265
v -4244.0280 -748.8552 356.2305
v -4245.4874 -752.0071 356.2262
f 2959 2960 2961
v -4245.6958 -751.0076 356.2262
v -4245.4874 -752.0071 356.2262
v -4244.5832 -748.9546 356.2302
f 2962 2963 2964
v -4245.4874 -752.0071 356.2262
v -4244.0280 -748.8552 356.2305
v -4244.5832 -748.9546 356.2302
f 2965 2966 2967
v -4244.0280 -748.8552 356.2305
v -4245.0372 -751.9134 356.2265
v -4240.7554 -749.7859 356.2326
f 2968 2969 2970
v -4245.1395 -749.0542 356.2298
v -4245.6958 -751.0076 356.2262
v -4244.5832 -748.9546 356.2302
f 2971 2972 2973
v -4244.3195 -762.3328 350.5750
v -4243.4491 -762.5801 350.5425
v -4243.4492 -762.5801 350.5725
f 2974 2975 2976
v -4248.5692 -761.1244 350.5393
v -4244.3195 -762.3328 350.5750
v -4248.5692 -761.1244 350.5743
f 2977 2978 2979
v -4243.4491 -762.5801 350.5425
v -4244.3195 -762.3328 350.5750
v -4248.5692 -761.1244 350.5393
f 2980 2981 2982
v -4248.5692 -761.1244 350.5743
v -4250.1490 -765.0972 350.5727
v -4248.5541 -759.5734 350.5745
f 2983 2984 2985
v -4248.5692 -761.1244 350.5743
v -4244.3195 -762.3328 350.5750
v -4248.4322 -765.5928 350.5738
f 2986 2987 2988
v -4248.5541 -759.5734 350.5745
v -4248.1604 -759.6875 350.5747
v -4248.5692 -761.1244 350.5743
f 2989 2990 2991
v -4248.4322 -765.5928 350.5738
v -4250.1490 -765.0972 350.5727
v -4248.5692 -761.1244 350.5743
f 2992 2993 2994
v -4248.4322 -765.5928 350.5738
v -4248.5715 -766.0793 350.5737
v -4250.2862 -765.5917 350.5726
f 2995 2996 2997
v -4248.4322 -765.5928 350.5738
v -4243.5703 -763.0048 350.5724
v -4245.4896 -766.4427 350.5757
f 2998 2999 3000
v -4248.4322 -765.5928 350.5738
v -4250.2862 -765.5917 350.5726
v -4250.1490 -765.0972 350.5727
f 3001 3002 3003
v -4245.4896 -766.4427 350.5757
v -4243.5703 -763.0048 350.5724
v -4245.1468 -766.5416 350.5709
f 3004 3005 3006
v -4243.4492 -762.5801 350.5725
v -4243.5703 -763.0048 350.5724
v -4244.3195 -762.3328 350.5750
f 3007 3008 3009
v -4235.7934 -765.2577 350.5773
v -4243.5703 -763.0048 350.5724
v -4235.7412 -765.2298 350.5773
f 3010 3011 3012
v -4237.8767 -772.4501 350.5750
v -4246.1754 -770.0908 350.5698
v -4245.1468 -766.5416 350.5709
f 3013 3014 3015
v -4245.1468 -766.5416 350.5709
v -4235.7934 -765.2577 350.5773
v -4237.8767 -772.4501 350.5750
f 3016 3017 3018
v -4235.7412 -765.2298 350.5773
v -4235.7524 -765.2698 350.5773
v -4235.7934 -765.2577 350.5773
f 3019 3020 3021
v -4235.7934 -765.2577 350.5773
v -4245.1468 -766.5416 350.5709
v -4243.5703 -763.0048 350.5724
f 3022 3023 3024
v -4243.5703 -763.0048 350.5724
v -4248.4322 -765.5928 350.5738
v -4244.3195 -762.3328 350.5750
f 3025 3026 3027
v -4247.1636 -759.3537 356.9122
v -4247.1632 -759.3537 356.2162
v -4247.3281 -759.9293 356.9120
f 3028 3029 3030
v -4247.1632 -759.3537 356.2162
v -4247.3240 -759.9287 350.5402
v -4247.3281 -759.9293 356.9120
f 3031 3032 3033
v -4245.0372 -751.9134 356.2265
v -4247.3240 -759.9287 350.5402
v -4247.1632 -759.3537 356.2162
f 3034 3035 3036
v -4245.0372 -751.9134 356.2265
v -4245.0335 -751.9129 350.5428
v -4247.3240 -759.9287 350.5402
f 3037 3038 3039
v -4248.5751 -766.0799 356.0125
v -4248.5716 -766.0793 350.6327
v -4248.4364 -765.5934 356.9106
f 3040 3041 3042
v -4248.4364 -765.5934 356.9106
v -4248.5716 -766.0793 350.6327
v -4248.4322 -765.5928 350.5738
f 3043 3044 3045
v -4248.5715 -766.0793 350.5737
v -4248.4322 -765.5928 350.5738
v -4248.5716 -766.0793 350.6327
f 3046 3047 3048
v -4248.4364 -765.5934 356.9106
v -4248.5757 -766.0800 356.9105
v -4248.5751 -766.0799 356.0125
f 3049 3050 3051
v -4249.6159 -769.7112 356.0113
v -4249.6124 -769.7106 350.6315
v -4248.5751 -766.0799 356.0125
f 3052 3053 3054
v -4248.5751 -766.0799 356.0125
v -4249.6124 -769.7106 350.6315
v -4248.5716 -766.0793 350.6327
f 3055 3056 3057
v -4245.4937 -766.4432 356.9125
v -4245.1529 -766.5425 360.0015
v -4245.4947 -766.4436 360.0013
f 3058 3059 3060
v -4245.4896 -766.4427 350.5757
v -4245.1468 -766.5416 350.5709
v -4245.4937 -766.4432 356.9125
f 3061 3062 3063
v -4245.1529 -766.5425 360.0015
v -4245.4937 -766.4432 356.9125
v -4245.1468 -766.5416 350.5709
f 3064 3065 3066
v -4245.4937 -766.4432 356.9125
v -4248.4364 -765.5934 356.9106
v -4245.4896 -766.4427 350.5757
f 3067 3068 3069
v -4248.4364 -765.5934 356.9106
v -4248.4322 -765.5928 350.5738
v -4245.4896 -766.4427 350.5757
f 3070 3071 3072
v -4243.7522 -760.3240 356.9144
v -4243.7518 -760.3239 356.2184
v -4247.1636 -759.3537 356.9122
f 3073 3074 3075
v -4247.1636 -759.3537 356.9122
v -4243.7518 -760.3239 356.2184
v -4247.1632 -759.3537 356.2162
f 3076 3077 3078
v -4235.0549 -762.7967 360.0087
v -4235.0527 -762.7963 356.6208
v -4243.7522 -760.3240 356.9144
f 3079 3080 3081
v -4243.7522 -760.3240 356.9144
v -4235.0527 -762.7963 356.6208
v -4242.8817 -760.5703 356.6159
f 3082 3083 3084
v -4242.8817 -760.5703 356.6159
v -4242.8814 -760.5702 356.2189
v -4243.7518 -760.3239 356.2184
f 3085 3086 3087
v -4243.7522 -760.3240 356.9144
v -4242.8817 -760.5703 356.6159
v -4243.7518 -760.3239 356.2184
f 3088 3089 3090
v -4250.1531 -765.0977 356.9095
v -4250.2898 -765.5923 356.0114
v -4250.2904 -765.5924 356.9094
f 3091 3092 3093
v -4251.3046 -769.2406 356.0103
v -4250.2898 -765.5923 356.0114
v -4251.3011 -769.2401 350.6305
f 3094 3095 3096
v -4250.2863 -765.5918 350.6316
v -4251.3011 -769.2401 350.6305
v -4250.2898 -765.5923 356.0114
f 3097 3098 3099
v -4250.2898 -765.5923 356.0114
v -4250.1490 -765.0972 350.5727
v -4250.2863 -765.5918 350.6316
f 3100 3101 3102
v -4250.2862 -765.5917 350.5726
v -4250.2863 -765.5918 350.6316
v -4250.1490 -765.0972 350.5727
f 3103 3104 3105
v -4250.1531 -765.0977 356.9095
v -4250.1490 -765.0972 350.5727
v -4250.2898 -765.5923 356.0114
f 3106 3107 3108
v -4248.1604 -759.6875 350.5747
v -4248.5541 -759.5734 350.5745
v -4248.5582 -759.5740 356.9113
f 3109 3110 3111
v -4247.3240 -759.9287 350.5402
v -4248.1603 -759.6875 350.5397
v -4248.1604 -759.6875 350.5747
f 3112 3113 3114
v -4248.1604 -759.6875 350.5747
v -4248.5582 -759.5740 356.9113
v -4247.3281 -759.9293 356.9120
f 3115 3116 3117
v -4248.1604 -759.6875 350.5747
v -4247.3281 -759.9293 356.9120
v -4247.3240 -759.9287 350.5402
f 3118 3119 3120
v -4232.0950 -759.5842 356.6232
v -4230.4151 -753.8080 359.1159
v -4232.0957 -759.5845 359.1141
f 3121 3122 3123
v -4232.0910 -759.5837 350.4245
v -4230.4093 -753.8071 350.1303
v -4232.0950 -759.5842 356.6232
f 3124 3125 3126
v -4230.4151 -753.8080 359.1159
v -4232.0950 -759.5842 356.6232
v -4230.4093 -753.8071 350.1303
f 3127 3128 3129
v -4233.8866 -765.7568 350.4225
v -4232.0910 -759.5837 350.4245
v -4232.0950 -759.5842 356.6232
f 3130 3131 3132
v -4230.4093 -753.8071 350.1303
v -4232.0910 -759.5837 350.4245
v -4232.0898 -759.5837 350.1285
f 3133 3134 3135
v -4244.0280 -748.8552 356.2305
v -4240.7517 -749.7854 350.5459
v -4244.0243 -748.8546 350.5438
f 3136 3137 3138
v -4240.7554 -749.7859 356.2326
v -4240.7517 -749.7854 350.5459
v -4244.0280 -748.8552 356.2305
f 3139 3140 3141
v -4238.3003 -750.4835 356.2342
v -4240.7554 -749.7859 356.2326
v -4238.3032 -750.4828 359.1111
f 3142 3143 3144
v -4240.7517 -749.7854 350.5459
v -4240.7554 -749.7859 356.2326
v -4238.3003 -750.4835 356.2342
f 3145 3146 3147
v -4238.2974 -750.4819 350.1255
v -4240.7514 -749.7843 350.1239
v -4240.7517 -749.7854 350.5459
f 3148 3149 3150
v -4250.1490 -765.0972 350.5727
v -4248.5582 -759.5740 356.9113
v -4248.5541 -759.5734 350.5745
f 3151 3152 3153
v -4248.5751 -766.0799 356.0125
v -4250.2904 -765.5924 356.9094
v -4250.2898 -765.5923 356.0114
f 3154 3155 3156
v -4246.1754 -770.0908 350.5698
v -4245.1529 -766.5425 360.0015
v -4245.1468 -766.5416 350.5709
f 3157 3158 3159
v -4237.8767 -772.4501 350.5750
v -4246.1815 -770.0917 360.0004
v -4246.1754 -770.0908 350.5698
f 3160 3161 3162
v -4235.7934 -765.2577 350.5773
v -4237.8828 -772.4510 360.0056
v -4237.8767 -772.4501 350.5750
f 3163 3164 3165
v -4235.7524 -765.2698 350.5773
v -4235.7995 -765.2586 360.0079
v -4235.7934 -765.2577 350.5773
f 3166 3167 3168
v -4245.3695 -766.0116 356.9126
v -4245.4947 -766.4436 360.0013
v -4243.7543 -760.3232 360.0032
f 3169 3170 3171
v -4252.2714 -768.9694 350.6299
v -4251.3046 -769.2406 356.0103
v -4251.3011 -769.2401 350.6305
f 3172 3173 3174
v -4253.7884 -774.1834 350.6282
v -4252.2749 -768.9699 356.0097
v -4252.2714 -768.9694 350.6299
f 3175 3176 3177
v -4250.7857 -775.0424 350.6301
v -4253.7919 -774.1839 356.0080
v -4253.7884 -774.1834 350.6282
f 3178 3179 3180
v -4249.2956 -769.7995 350.6317
v -4250.7892 -775.0430 356.0099
v -4250.7857 -775.0424 350.6301
f 3181 3182 3183
v -4249.6124 -769.7106 350.6315
v -4249.2991 -769.8000 356.0115
v -4249.2956 -769.7995 350.6317
f 3184 3185 3186
v -4248.5716 -766.0793 350.6327
v -4250.2863 -765.5918 350.6316
v -4250.2862 -765.5917 350.5726
f 3187 3188 3189
v -4235.9839 -752.2041 350.1268
v -4230.4151 -753.8080 359.1159
v -4230.4093 -753.8071 350.1303
f 3190 3191 3192
v -4236.9603 -750.8625 350.1263
v -4235.9898 -752.2050 359.1124
v -4235.9839 -752.2041 350.1268
f 3193 3194 3195
v -4237.2292 -750.7858 350.1261
v -4236.9662 -750.8633 359.1119
v -4236.9603 -750.8625 350.1263
f 3196 3197 3198
v -4238.2966 -750.4830 350.5475
v -4238.2165 -750.9560 359.1111
v -4238.2106 -750.9552 350.1255
f 3199 3200 3201
v -4242.6817 -756.5721 350.1218
v -4240.7517 -749.7854 350.5459
v -4240.7514 -749.7843 350.1239
f 3202 3203 3204
v -4242.6876 -756.5730 359.1074
v -4240.7573 -749.7852 359.1095
v -4240.7554 -749.7859 356.2326
f 3205 3206 3207
v -4241.8115 -756.8195 350.4184
v -4242.6817 -756.5721 350.1218
v -4232.0898 -759.5837 350.1285
f 3208 3209 3210
v -4242.8817 -760.5703 356.6159
v -4241.8156 -756.8202 356.6171
v -4241.8153 -756.8201 356.2241
f 3211 3212 3213
v -4243.4491 -762.5801 350.5425
v -4241.8115 -756.8195 350.4184
v -4243.5702 -763.0048 350.4164
f 3214 3215 3216
v -4248.5692 -761.1244 350.5743
v -4248.1604 -759.6875 350.5747
v -4248.1603 -759.6875 350.5397
f 3217 3218 3219
v -4235.0549 -762.7967 360.0087
v -4243.7522 -760.3240 356.9144
v -4243.7543 -760.3232 360.0032
f 3220 3221 3222
v -4233.8866 -765.7568 350.4225
v -4232.0950 -759.5842 356.6232
v -4233.8906 -765.7575 356.6213
f 3223 3224 3225
v -4240.7554 -749.7859 356.2326
v -4240.7573 -749.7852 359.1095
v -4238.3032 -750.4828 359.1111
f 3226 3227 3228
v -4240.7517 -749.7854 350.5459
v -4238.3003 -750.4835 356.2342
v -4238.2966 -750.4830 350.5475
f 3229 3230 3231
v -4238.2974 -750.4819 350.1255
v -4240.7517 -749.7854 350.5459
v -4238.2966 -750.4830 350.5475
f 3232 3233 3234

g building_ID_34037C62-3523-43F5-A7A8-95E21E137DF6
v -4266.7098 -764.8877 351.2397
v -4263.4931 -753.0603 351.2433
v -4255.8486 -755.1388 351.2481
f 3235 3236 3237
v -4261.5077 -776.3917 351.2418
v -4266.7098 -764.8877 351.2397
v -4255.8486 -755.1388 351.2481
f 3238 3239 3240
v -4269.2671 -774.2729 351.2369
v -4266.7098 -764.8877 351.2397
v -4261.5077 -776.3917 351.2418
f 3241 3242 3243
v -4255.8551 -755.1398 361.0557
v -4263.4994 -753.0612 361.0509
v -4266.7102 -764.8657 361.0473
f 3244 3245 3246
v -4261.5142 -776.3926 361.0494
v -4255.8551 -755.1398 361.0557
v -4266.7102 -764.8657 361.0473
f 3247 3248 3249
v -4261.5142 -776.3926 361.0494
v -4266.7102 -764.8657 361.0473
v -4269.2735 -774.2738 361.0445
f 3250 3251 3252
v -4263.4931 -753.0603 351.2433
v -4263.4994 -753.0612 361.0509
v -4255.8551 -755.1398 361.0557
f 3253 3254 3255
v -4255.8486 -755.1388 351.2481
v -4255.8551 -755.1398 361.0557
v -4261.5142 -776.3926 361.0494
f 3256 3257 3258
v -4269.8512 -765.0033 351.3866
v -4269.8555 -765.0039 357.8553
v -4266.9606 -765.7916 357.8572
f 3259 3260 3261
v -4272.1570 -773.4831 351.3841
v -4272.1613 -773.4837 357.8528
v -4269.8555 -765.0039 357.8553
f 3262 3263 3264
v -4269.2672 -774.2729 351.3859
v -4269.8512 -765.0033 351.3866
v -4266.9563 -765.7911 351.3885
f 3265 3266 3267
v -4269.8512 -765.0033 351.3866
v -4269.2672 -774.2729 351.3859
v -4272.1570 -773.4831 351.3841
f 3268 3269 3270
v -4269.2714 -774.2734 357.8546
v -4266.9606 -765.7916 357.8572
v -4269.8555 -765.0039 357.8553
f 3271 3272 3273
v -4269.8555 -765.0039 357.8553
v -4272.1613 -773.4837 357.8528
v -4269.2714 -774.2734 357.8546
f 3274 3275 3276
v -4269.2714 -774.2734 357.8546
v -4261.5142 -776.3926 361.0494
v -4269.2735 -774.2738 361.0445
f 3277 3278 3279
v -4269.2714 -774.2734 357.8546
v -4269.2672 -774.2729 351.3859
v -4261.5077 -776.3917 351.2418
f 3280 3281 3282
v -4272.1613 -773.4837 357.8528
v -4272.1570 -773.4831 351.3841
v -4269.2672 -774.2729 351.3859
f 3283 3284 3285
v -4261.5077 -776.3917 351.2418
v -4269.2672 -774.2729 351.3859
v -4269.2671 -774.2729 351.2369
f 3286 3287 3288
v -4269.2714 -774.2734 357.8546
v -4269.2735 -774.2738 361.0445
v -4266.7102 -764.8657 361.0473
f 3289 3290 3291
v -4266.7098 -764.8877 351.2397
v -4269.2671 -774.2729 351.2369
v -4269.2672 -774.2729 351.3859
f 3292 3293 3294
v -4266.9606 -765.7916 357.8572
v -4269.2714 -774.2734 357.8546
v -4266.7102 -764.8657 361.0473
f 3295 3296 3297
v -4263.4994 -753.0612 361.0509
v -4266.9606 -765.7916 357.8572
v -4266.7102 -764.8657 361.0473
f 3298 3299 3300
v -4263.4931 -753.0603 351.2433
v -4266.9606 -765.7916 357.8572
v -4263.4994 -753.0612 361.0509
f 3301 3302 3303
v -4266.9563 -765.7911 351.3885
v -4266.9606 -765.7916 357.8572
v -4266.7098 -764.8877 351.2397
f 3304 3305 3306
v -4263.4931 -753.0603 351.2433
v -4266.7098 -764.8877 351.2397
v -4266.9606 -765.7916 357.8572
f 3307 3308 3309
v -4263.4931 -753.0603 351.2433
v -4255.8551 -755.1398 361.0557
v -4255.8486 -755.1388 351.2481
f 3310 3311 3312
v -4255.8486 -755.1388 351.2481
v -4261.5142 -776.3926 361.0494
v -4261.5077 -776.3917 351.2418
f 3313 3314 3315
v -4269.8512 -765.0033 351.3866
v -4266.9606 -765.7916 357.8572
v -4266.9563 -765.7911 351.3885
f 3316 3317 3318
v -4272.1570 -773.4831 351.3841
v -4269.8555 -765.0039 357.8553
v -4269.8512 -765.0033 351.3866
f 3319 3320 3321
v -4269.2714 -774.2734 357.8546
v -4261.5077 -776.3917 351.2418
v -4261.5142 -776.3926 361.0494
f 3322 3323 3324
v -4272.1613 -773.4837 357.8528
v -4269.2672 -774.2729 351.3859
v -4269.2714 -774.2734 357.8546
f 3325 3326 3327
v -4266.7098 -764.8877 351.2397
v -4269.2672 -774.2729 351.3859
v -4266.9563 -765.7911 351.3885
f 3328 3329 3330

g building_ID_C1950086-1430-46FD-830E-1F784D2437E6
v -4292.5335 -763.4745 353.3735
v -4301.6177 -769.1590 353.3667
v -4299.5553 -761.5676 353.3690
f 3331 3332 3333
v -4294.4447 -770.9853 353.3713
v -4301.6177 -769.1590 353.3667
v -4292.5335 -763.4745 353.3735
f 3334 3335 3336
v -4299.5606 -761.5684 361.3726
v -4301.6258 -769.1603 365.5142
v -4296.0532 -762.5208 361.4049
f 3337 3338 3339
v -4296.0532 -762.5208 361.4049
v -4294.4527 -770.9866 365.5188
v -4292.5388 -763.4752 361.4381
f 3340 3341 3342
v -4301.6258 -769.1603 365.5142
v -4294.4527 -770.9866 365.5188
v -4296.0532 -762.5208 361.4049
f 3343 3344 3345
v -4299.5553 -761.5676 353.3690
v -4299.5606 -761.5684 361.3726
v -4296.0532 -762.5208 361.4049
f 3346 3347 3348
v -4296.0532 -762.5208 361.4049
v -4292.5335 -763.4745 353.3735
v -4299.5553 -761.5676 353.3690
f 3349 3350 3351
v -4296.0532 -762.5208 361.4049
v -4292.5388 -763.4752 361.4381
v -4292.5335 -763.4745 353.3735
f 3352 3353 3354
v -4294.4447 -770.9853 353.3713
v -4294.4527 -770.9866 365.5188
v -4301.6258 -769.1603 365.5142
f 3355 3356 3357
v -4294.4527 -770.9866 365.5188
v -4294.4447 -770.9853 353.3713
v -4292.5388 -763.4752 361.4381
f 3358 3359 3360
v -4301.6177 -769.1590 353.3667
v -4301.6258 -769.1603 365.5142
v -4299.5606 -761.5684 361.3726
f 3361 3362 3363
v -4301.6177 -769.1590 353.3667
v -4299.5606 -761.5684 361.3726
v -4299.5553 -761.5676 353.3690
f 3364 3365 3366
v -4294.4447 -770.9853 353.3713
v -4301.6258 -769.1603 365.5142
v -4301.6177 -769.1590 353.3667
f 3367 3368 3369
v -4294.4447 -770.9853 353.3713
v -4292.5335 -763.4745 353.3735
v -4292.5388 -763.4752 361.4381
f 3370 3371 3372

g building_ID_01DCC385-DCEE-4970-9A74-8A14DE400285
v -4294.4447 -770.9853 353.3713
v -4296.3397 -778.4293 353.3691
v -4301.6177 -769.1590 353.3667
f 3373 3374 3375
v -4301.6177 -769.1590 353.3667
v -4296.3397 -778.4293 353.3691
v -4303.6093 -776.4548 353.3644
f 3376 3377 3378
v -4299.2947 -777.6292 361.2259
v -4294.4527 -770.9866 365.5188
v -4302.8693 -773.7196 362.8569
f 3379 3380 3381
v -4302.8693 -773.7196 362.8569
v -4294.4527 -770.9866 365.5188
v -4301.6258 -769.1603 365.5142
f 3382 3383 3384
v -4302.8693 -773.7196 362.8569
v -4303.6146 -776.4555 361.2631
v -4299.2947 -777.6292 361.2259
f 3385 3386 3387
v -4294.4527 -770.9866 365.5188
v -4299.2947 -777.6292 361.2259
v -4296.3449 -778.4300 361.1997
f 3388 3389 3390
v -4303.6146 -776.4555 361.2631
v -4302.8693 -773.7196 362.8569
v -4301.6177 -769.1590 353.3667
f 3391 3392 3393
v -4301.6177 -769.1590 353.3667
v -4303.6093 -776.4548 353.3644
v -4303.6146 -776.4555 361.2631
f 3394 3395 3396
v -4296.3397 -778.4293 353.3691
v -4299.2947 -777.6292 361.2259
v -4303.6093 -776.4548 353.3644
f 3397 3398 3399
v -4303.6146 -776.4555 361.2631
v -4303.6093 -776.4548 353.3644
v -4299.2947 -777.6292 361.2259
f 3400 3401 3402
v -4294.4447 -770.9853 353.3713
v -4294.4527 -770.9866 365.5188
v -4296.3449 -778.4300 361.1997
f 3403 3404 3405
v -4294.4527 -770.9866 365.5188
v -4301.6177 -769.1590 353.3667
v -4301.6258 -769.1603 365.5142
f 3406 3407 3408
v -4294.4527 -770.9866 365.5188
v -4294.4447 -770.9853 353.3713
v -4301.6177 -769.1590 353.3667
f 3409 3410 3411
v -4302.8693 -773.7196 362.8569
v -4301.6258 -769.1603 365.5142
v -4301.6177 -769.1590 353.3667
f 3412 3413 3414
v -4296.3397 -778.4293 353.3691
v -4296.3449 -778.4300 361.1997
v -4299.2947 -777.6292 361.2259
f 3415 3416 3417
v -4294.4447 -770.9853 353.3713
v -4296.3449 -778.4300 361.1997
v -4296.3397 -778.4293 353.3691
f 3418 3419 3420

g building_ID_FA39A108-440E-4792-970D-F7228EDEBB31
v -4140.4202 -1021.2332 327.0376
v -4134.9286 -1022.4859 327.0409
v -4142.6522 -1030.5292 327.0346
f 3421 3422 3423
v -4131.7695 -1023.2064 327.0429
v -4142.6522 -1030.5292 327.0346
v -4134.9286 -1022.4859 327.0409
f 3424 3425 3426
v -4142.6522 -1030.5292 327.0346
v -4131.7695 -1023.2064 327.0429
v -4126.0541 -1024.5098 327.0463
f 3427 3428 3429
v -4143.8918 -1034.4978 327.0332
v -4142.9280 -1030.4644 327.0345
v -4142.6522 -1030.5292 327.0346
f 3430 3431 3432
v -4142.6522 -1030.5292 327.0346
v -4138.3364 -1035.8247 327.0366
v -4143.8918 -1034.4978 327.0332
f 3433 3434 3435
v -4126.0541 -1024.5098 327.0463
v -4129.0741 -1037.5556 327.0423
v -4142.6522 -1030.5292 327.0346
f 3436 3437 3438
v -4135.7871 -1036.4326 327.0381
v -4129.0741 -1037.5556 327.0423
v -4129.1793 -1038.0123 327.0421
f 3439 3440 3441
v -4138.3364 -1035.8247 327.0366
v -4142.6522 -1030.5292 327.0346
v -4135.7871 -1036.4326 327.0381
f 3442 3443 3444
v -4142.6522 -1030.5292 327.0346
v -4129.0741 -1037.5556 327.0423
v -4135.7871 -1036.4326 327.0381
f 3445 3446 3447
v -4133.7044 -1024.2028 346.2656
v -4131.7808 -1023.2088 344.8241
v -4134.9399 -1022.4883 344.8552
f 3448 3449 3450
v -4136.1602 -1036.3491 344.9342
v -4136.2803 -1034.9839 346.2622
v -4138.0480 -1035.8990 344.9320
f 3451 3452 3453
v -4136.2803 -1034.9839 346.2622
v -4136.1602 -1036.3491 344.9342
v -4135.1159 -1036.5989 344.9338
f 3454 3455 3456
v -4142.5655 -1034.8370 339.1875
v -4156.6005 -1032.3573 338.6958
v -4145.7495 -1037.5102 337.2851
f 3457 3458 3459
v -4154.3580 -1035.4961 337.2558
v -4145.7495 -1037.5102 337.2851
v -4156.6005 -1032.3573 338.6958
f 3460 3461 3462
v -4155.4812 -1031.7513 339.1796
v -4156.6005 -1032.3573 338.6958
v -4142.5655 -1034.8370 339.1875
f 3463 3464 3465
v -4154.4247 -1035.7889 337.0857
v -4154.3580 -1035.4961 337.2558
v -4156.6005 -1032.3573 338.6958
f 3466 3467 3468
v -4155.6009 -1039.5587 337.2324
v -4160.4979 -1038.0126 337.4303
v -4160.5817 -1038.3763 337.2253
f 3469 3470 3471
v -4160.4979 -1038.0126 337.4303
v -4155.6009 -1039.5587 337.2324
v -4157.5562 -1036.3547 338.6935
f 3472 3473 3474
v -4156.6005 -1032.3573 338.6958
v -4155.4812 -1031.7513 339.1796
v -4158.1303 -1027.7840 337.3966
f 3475 3476 3477
v -4157.5562 -1036.3547 338.6935
v -4156.6005 -1032.3573 338.6958
v -4160.4979 -1038.0126 337.4303
f 3478 3479 3480
v -4158.1303 -1027.7840 337.3966
v -4160.4979 -1038.0126 337.4303
v -4156.6005 -1032.3573 338.6958
f 3481 3482 3483
v -4143.8904 -1030.8039 327.8598
v -4143.8964 -1030.8052 337.2024
v -4143.2231 -1030.3989 336.8999
f 3484 3485 3486
v -4143.9673 -1031.1070 337.3723
v -4143.8964 -1030.8052 337.2024
v -4143.8904 -1030.8039 327.8598
f 3487 3488 3489
v -4143.9613 -1031.1058 327.8597
v -4143.9673 -1031.1070 337.3723
v -4143.8904 -1030.8039 327.8598
f 3490 3491 3492
v -4143.9613 -1031.1058 327.8597
v -4158.0969 -1027.6486 334.1278
v -4143.9673 -1031.1070 337.3723
f 3493 3494 3495
v -4158.0929 -1027.6477 327.8511
v -4158.0969 -1027.6486 334.1278
v -4143.9613 -1031.1058 327.8597
f 3496 3497 3498
v -4143.9613 -1031.1058 327.8597
v -4154.3520 -1035.4948 327.8522
v -4158.0929 -1027.6477 327.8511
f 3499 3500 3501
v -4143.9613 -1031.1058 327.8597
v -4145.5926 -1034.5823 327.8581
v -4154.3520 -1035.4948 327.8522
f 3502 3503 3504
v -4158.0929 -1027.6477 327.8511
v -4154.3520 -1035.4948 327.8522
v -4160.4917 -1038.0113 327.8477
f 3505 3506 3507
v -4160.4917 -1038.0113 327.8477
v -4155.2921 -1039.6292 327.8508
v -4160.5757 -1038.3750 327.8476
f 3508 3509 3510
v -4154.4188 -1035.7876 327.8521
v -4160.4917 -1038.0113 327.8477
v -4154.3520 -1035.4948 327.8522
f 3511 3512 3513
v -4154.4188 -1035.7876 327.8521
v -4155.2921 -1039.6292 327.8508
v -4160.4917 -1038.0113 327.8477
f 3514 3515 3516
v -4142.9285 -1030.4645 327.8605
v -4143.7742 -1031.8532 327.8597
v -4143.9613 -1031.1058 327.8597
f 3517 3518 3519
v -4143.8904 -1030.8039 327.8598
v -4142.9285 -1030.4645 327.8605
v -4143.9613 -1031.1058 327.8597
f 3520 3521 3522
v -4143.7742 -1031.8532 327.8597
v -4145.5926 -1034.5823 327.8581
v -4143.9613 -1031.1058 327.8597
f 3523 3524 3525
v -4143.7742 -1031.8532 327.8597
v -4142.9285 -1030.4645 327.8605
v -4143.4504 -1032.6481 327.8598
f 3526 3527 3528
v -4143.2173 -1030.3977 327.8603
v -4142.9285 -1030.4645 327.8605
v -4143.8904 -1030.8039 327.8598
f 3529 3530 3531
v -4144.4953 -1034.8683 327.8587
v -4145.5926 -1034.5823 327.8581
v -4143.7742 -1031.8532 327.8597
f 3532 3533 3534
v -4154.3520 -1035.4948 327.8522
v -4145.5926 -1034.5823 327.8581
v -4146.2631 -1037.3875 327.8572
f 3535 3536 3537
v -4142.9343 -1030.4657 336.8991
v -4143.2231 -1030.3989 336.8999
v -4143.8964 -1030.8052 337.2024
f 3538 3539 3540
v -4143.9673 -1031.1070 337.3723
v -4143.4792 -1032.7414 338.1832
v -4142.9343 -1030.4657 336.8991
f 3541 3542 3543
v -4143.8996 -1034.4994 339.1767
v -4142.5655 -1034.8370 339.1875
v -4142.5734 -1034.8160 339.1775
f 3544 3545 3546
v -4143.4792 -1032.7414 338.1832
v -4155.4812 -1031.7513 339.1796
v -4143.8996 -1034.4994 339.1767
f 3547 3548 3549
v -4155.4812 -1031.7513 339.1796
v -4142.5655 -1034.8370 339.1875
v -4143.8996 -1034.4994 339.1767
f 3550 3551 3552
v -4142.9343 -1030.4657 336.8991
v -4143.8964 -1030.8052 337.2024
v -4143.9673 -1031.1070 337.3723
f 3553 3554 3555
v -4143.4792 -1032.7414 338.1832
v -4143.9673 -1031.1070 337.3723
v -4155.4812 -1031.7513 339.1796
f 3556 3557 3558
v -4155.4812 -1031.7513 339.1796
v -4158.0989 -1027.6490 337.3207
v -4158.1303 -1027.7840 337.3966
f 3559 3560 3561
v -4143.9673 -1031.1070 337.3723
v -4158.0989 -1027.6490 337.3207
v -4155.4812 -1031.7513 339.1796
f 3562 3563 3564
v -4155.8204 -1063.5858 327.7195
v -4148.3019 -1066.0150 327.7240
v -4155.9854 -1064.3273 327.7193
f 3565 3566 3567
v -4149.7652 -1054.2020 327.7250
v -4148.3019 -1066.0150 327.7240
v -4155.8204 -1063.5858 327.7195
f 3568 3569 3570
v -4145.8856 -1055.0895 327.7274
v -4148.3019 -1066.0150 327.7240
v -4149.7652 -1054.2020 327.7250
f 3571 3572 3573
v -4151.8111 -1045.5876 327.7251
v -4147.8841 -1046.3251 327.7276
v -4149.7652 -1054.2020 327.7250
f 3574 3575 3576
v -4151.7787 -1045.4406 327.7252
v -4147.8841 -1046.3251 327.7276
v -4151.8111 -1045.5876 327.7251
f 3577 3578 3579
v -4151.8111 -1045.5876 327.7251
v -4149.7652 -1054.2020 327.7250
v -4155.8204 -1063.5858 327.7195
f 3580 3581 3582
v -4155.8255 -1063.5869 335.6762
v -4149.2767 -1049.9717 336.8718
v -4151.8160 -1045.5887 335.5768
f 3583 3584 3585
v -4149.2767 -1049.9717 336.8718
v -4155.8255 -1063.5869 335.6762
v -4151.9224 -1061.0506 336.8681
f 3586 3587 3588
v -4148.6877 -1049.6662 336.7192
v -4151.8160 -1045.5887 335.5768
v -4149.2767 -1049.9717 336.8718
f 3589 3590 3591
v -4151.8160 -1045.5887 335.5768
v -4148.2595 -1047.8743 336.0708
v -4151.7837 -1045.4418 335.5239
f 3592 3593 3594
v -4151.8160 -1045.5887 335.5768
v -4148.6877 -1049.6662 336.7192
v -4148.2595 -1047.8743 336.0708
f 3595 3596 3597
v -4151.7837 -1045.4418 335.5239
v -4148.2595 -1047.8743 336.0708
v -4147.8890 -1046.3262 335.5103
f 3598 3599 3600
v -4147.7026 -1063.2847 335.4636
v -4148.3548 -1066.0059 335.4637
v -4148.3069 -1066.0161 335.4487
f 3601 3602 3603
v -4149.7710 -1054.2033 336.7177
v -4151.9224 -1061.0506 336.8681
v -4148.3548 -1066.0059 335.4637
f 3604 3605 3606
v -4149.7710 -1054.2033 336.7177
v -4148.3548 -1066.0059 335.4637
v -4147.7026 -1063.2847 335.4636
f 3607 3608 3609
v -4147.7026 -1063.2847 335.4636
v -4145.8905 -1055.0906 335.5091
v -4149.7710 -1054.2033 336.7177
f 3610 3611 3612
v -4149.2767 -1049.9717 336.8718
v -4149.7710 -1054.2033 336.7177
v -4148.6877 -1049.6662 336.7192
f 3613 3614 3615
v -4151.9224 -1061.0506 336.8681
v -4149.7710 -1054.2033 336.7177
v -4149.2767 -1049.9717 336.8718
f 3616 3617 3618
v -4148.3548 -1066.0059 335.4637
v -4155.8255 -1063.5869 335.6762
v -4155.9903 -1064.3285 335.4080
f 3619 3620 3621
v -4155.8255 -1063.5869 335.6762
v -4148.3548 -1066.0059 335.4637
v -4151.9224 -1061.0506 336.8681
f 3622 3623 3624
v -4145.8856 -1055.0895 327.7274
v -4145.8868 -1055.0897 329.7134
v -4147.7026 -1063.2847 335.4636
f 3625 3626 3627
v -4148.3019 -1066.0150 327.7240
v -4145.8856 -1055.0895 327.7274
v -4147.7026 -1063.2847 335.4636
f 3628 3629 3630
v -4148.3032 -1066.0152 329.6119
v -4148.3019 -1066.0150 327.7240
v -4147.7026 -1063.2847 335.4636
f 3631 3632 3633
v -4140.5349 -1054.6622 344.2354
v -4143.4643 -1055.6431 342.2213
v -4138.9481 -1056.6672 342.2910
f 3634 3635 3636
v -4132.0563 -1048.1411 337.7241
v -4134.2616 -1057.7257 327.5966
v -4129.8401 -1038.5597 327.6026
f 3637 3638 3639
v -4129.8401 -1038.5597 327.6026
v -4129.8466 -1038.5610 337.8012
v -4132.0563 -1048.1411 337.7241
f 3640 3641 3642
v -4134.2680 -1057.7271 337.6461
v -4134.2664 -1057.7267 335.1292
v -4132.0563 -1048.1411 337.7241
f 3643 3644 3645
v -4134.2616 -1057.7257 327.5966
v -4132.0563 -1048.1411 337.7241
v -4134.2664 -1057.7267 335.1292
f 3646 3647 3648
v -4129.8401 -1038.5597 327.6026
v -4129.3370 -1038.6769 334.7466
v -4129.3386 -1038.6773 337.2965
f 3649 3650 3651
v -4129.8401 -1038.5597 327.6026
v -4129.3353 -1038.6766 332.1977
v -4129.3370 -1038.6769 334.7466
f 3652 3653 3654
v -4129.3324 -1038.6760 327.6029
v -4129.3353 -1038.6766 332.1977
v -4129.8401 -1038.5597 327.6026
f 3655 3656 3657
v -4146.8546 -1043.5649 327.5908
v -4146.8609 -1043.5662 337.5343
v -4144.7567 -1043.9955 327.5921
f 3658 3659 3660
v -4146.8609 -1043.5662 337.5343
v -4147.4972 -1046.4132 327.5899
v -4147.5035 -1046.4145 337.5614
f 3661 3662 3663
v -4149.7652 -1054.2020 327.7250
v -4147.8841 -1046.3251 327.7276
v -4147.8840 -1046.3251 327.5897
f 3664 3665 3666
v -4147.8840 -1046.3251 327.5897
v -4149.7651 -1054.2020 327.5870
v -4149.7652 -1054.2020 327.7250
f 3667 3668 3669
v -4147.8898 -1046.3264 336.7263
v -4149.7713 -1054.2034 337.2546
v -4148.8236 -1050.2369 337.2559
f 3670 3671 3672
v -4148.6877 -1049.6662 336.7192
v -4149.7710 -1054.2033 336.7177
v -4149.7713 -1054.2034 337.2546
f 3673 3674 3675
v -4147.8898 -1046.3264 336.7263
v -4148.6877 -1049.6662 336.7192
v -4149.7713 -1054.2034 337.2546
f 3676 3677 3678
v -4148.2595 -1047.8743 336.0708
v -4147.8898 -1046.3264 336.7263
v -4147.8890 -1046.3262 335.5103
f 3679 3680 3681
v -4147.8898 -1046.3264 336.7263
v -4148.2595 -1047.8743 336.0708
v -4148.6877 -1049.6662 336.7192
f 3682 3683 3684
v -4142.6583 -1030.5305 336.6652
v -4142.6604 -1030.5309 339.8781
v -4140.4242 -1021.2340 333.4644
f 3685 3686 3687
v -4140.4202 -1021.2332 327.0376
v -4142.6522 -1030.5292 327.0346
v -4140.4242 -1021.2340 333.4644
f 3688 3689 3690
v -4144.4952 -1034.8682 327.5937
v -4146.2630 -1037.3875 327.5922
v -4145.5924 -1034.5823 327.5931
f 3691 3692 3693
v -4144.7567 -1043.9955 327.5921
v -4143.4550 -1055.6410 327.5909
v -4145.3988 -1055.1998 327.5897
f 3694 3695 3696
v -4147.4972 -1046.4132 327.5899
v -4146.8546 -1043.5649 327.5908
v -4144.7567 -1043.9955 327.5921
f 3697 3698 3699
v -4144.4952 -1034.8682 327.5937
v -4143.7741 -1031.8531 327.5947
v -4143.8922 -1034.4979 327.5942
f 3700 3701 3702
v -4146.2630 -1037.3875 327.5922
v -4144.4952 -1034.8682 327.5937
v -4143.4537 -1038.0450 327.5939
f 3703 3704 3705
v -4143.4537 -1038.0450 327.5939
v -4144.4952 -1034.8682 327.5937
v -4143.8922 -1034.4979 327.5942
f 3706 3707 3708
v -4144.7567 -1043.9955 327.5921
v -4143.4537 -1038.0450 327.5939
v -4135.9243 -1036.4002 327.5990
f 3709 3710 3711
v -4147.8840 -1046.3251 327.5897
v -4145.8855 -1055.0895 327.5894
v -4149.7651 -1054.2020 327.5870
f 3712 3713 3714
v -4145.3988 -1055.1998 327.5897
v -4145.8855 -1055.0895 327.5894
v -4147.8840 -1046.3251 327.5897
f 3715 3716 3717
v -4147.8840 -1046.3251 327.5897
v -4147.4972 -1046.4132 327.5899
v -4145.3988 -1055.1998 327.5897
f 3718 3719 3720
v -4147.4972 -1046.4132 327.5899
v -4144.7567 -1043.9955 327.5921
v -4145.3988 -1055.1998 327.5897
f 3721 3722 3723
v -4143.4502 -1032.6480 327.5948
v -4143.8922 -1034.4979 327.5942
v -4143.7741 -1031.8531 327.5947
f 3724 3725 3726
v -4143.4537 -1038.0450 327.5939
v -4138.6016 -1035.7621 327.5974
v -4135.9243 -1036.4002 327.5990
f 3727 3728 3729
v -4135.9243 -1036.4002 327.5990
v -4134.2616 -1057.7257 327.5966
v -4144.7567 -1043.9955 327.5921
f 3730 3731 3732
v -4129.1797 -1038.0124 327.6031
v -4129.8401 -1038.5597 327.6026
v -4135.9243 -1036.4002 327.5990
f 3733 3734 3735
v -4143.8922 -1034.4979 327.5942
v -4138.6016 -1035.7621 327.5974
v -4143.4537 -1038.0450 327.5939
f 3736 3737 3738
v -4143.4550 -1055.6410 327.5909
v -4144.7567 -1043.9955 327.5921
v -4134.2616 -1057.7257 327.5966
f 3739 3740 3741
v -4129.1797 -1038.0124 327.6031
v -4129.3324 -1038.6760 327.6029
v -4129.8401 -1038.5597 327.6026
f 3742 3743 3744
v -4134.2616 -1057.7257 327.5966
v -4135.9243 -1036.4002 327.5990
v -4129.8401 -1038.5597 327.6026
f 3745 3746 3747
v -4138.9481 -1056.6672 342.2910
v -4134.2680 -1057.7271 337.6461
v -4132.0563 -1048.1411 337.7241
f 3748 3749 3750
v -4138.9481 -1056.6672 342.2910
v -4134.5498 -1036.7331 342.6393
v -4140.5349 -1054.6622 344.2354
f 3751 3752 3753
v -4132.0563 -1048.1411 337.7241
v -4129.8466 -1038.5610 337.8012
v -4134.5498 -1036.7331 342.6393
f 3754 3755 3756
v -4132.0563 -1048.1411 337.7241
v -4134.5498 -1036.7331 342.6393
v -4138.9481 -1056.6672 342.2910
f 3757 3758 3759
v -4129.1858 -1038.0138 337.3017
v -4129.8466 -1038.5610 337.8012
v -4129.3386 -1038.6773 337.2965
f 3760 3761 3762
v -4140.5349 -1054.6622 344.2354
v -4135.1148 -1036.5986 343.2018
v -4136.1597 -1036.3490 344.2412
f 3763 3764 3765
v -4135.1148 -1036.5986 343.2018
v -4140.5349 -1054.6622 344.2354
v -4134.5498 -1036.7331 342.6393
f 3766 3767 3768
v -4129.8466 -1038.5610 337.8012
v -4129.1858 -1038.0138 337.3017
v -4134.5498 -1036.7331 342.6393
f 3769 3770 3771
v -4144.7641 -1043.9972 339.1766
v -4146.8609 -1043.5662 337.5343
v -4147.5035 -1046.4145 337.5614
f 3772 3773 3774
v -4144.7641 -1043.9972 339.1766
v -4147.5035 -1046.4145 337.5614
v -4145.8936 -1055.0912 340.3089
f 3775 3776 3777
v -4144.7641 -1043.9972 339.1766
v -4145.8936 -1055.0912 340.3089
v -4145.4071 -1055.2016 340.6922
f 3778 3779 3780
v -4143.4643 -1055.6431 342.2213
v -4144.7641 -1043.9972 339.1766
v -4145.4071 -1055.2016 340.6922
f 3781 3782 3783
v -4148.8236 -1050.2369 337.2559
v -4145.8936 -1055.0912 340.3089
v -4147.5035 -1046.4145 337.5614
f 3784 3785 3786
v -4148.8236 -1050.2369 337.2559
v -4149.7713 -1054.2034 337.2546
v -4145.8936 -1055.0912 340.3089
f 3787 3788 3789
v -4147.8901 -1046.3264 337.2573
v -4148.8236 -1050.2369 337.2559
v -4147.5035 -1046.4145 337.5614
f 3790 3791 3792
v -4144.7641 -1043.9972 339.1766
v -4143.4643 -1055.6431 342.2213
v -4140.5349 -1054.6622 344.2354
f 3793 3794 3795
v -4138.2444 -1035.8511 342.5950
v -4142.5655 -1034.8370 339.1875
v -4143.4610 -1038.0467 339.0904
f 3796 3797 3798
v -4144.7641 -1043.9972 339.1766
v -4138.2444 -1035.8511 342.5950
v -4143.4610 -1038.0467 339.0904
f 3799 3800 3801
v -4138.2444 -1035.8511 342.5950
v -4142.5734 -1034.8160 339.1775
v -4142.5655 -1034.8370 339.1875
f 3802 3803 3804
v -4140.5349 -1054.6622 344.2354
v -4138.2444 -1035.8511 342.5950
v -4144.7641 -1043.9972 339.1766
f 3805 3806 3807
v -4138.2444 -1035.8511 342.5950
v -4140.5349 -1054.6622 344.2354
v -4136.1597 -1036.3490 344.2412
f 3808 3809 3810
v -4145.7495 -1037.5102 337.2851
v -4143.4610 -1038.0467 339.0904
v -4142.5655 -1034.8370 339.1875
f 3811 3812 3813
v -4143.7742 -1031.8532 327.8597
v -4143.4504 -1032.6481 327.8598
v -4143.7741 -1031.8531 327.5947
f 3814 3815 3816
v -4143.4502 -1032.6480 327.5948
v -4143.7741 -1031.8531 327.5947
v -4143.4504 -1032.6481 327.8598
f 3817 3818 3819
v -4144.4952 -1034.8682 327.5937
v -4144.4953 -1034.8683 327.8587
v -4143.7742 -1031.8532 327.8597
f 3820 3821 3822
v -4144.4953 -1034.8683 327.8587
v -4145.5924 -1034.5823 327.5931
v -4145.5926 -1034.5823 327.8581
f 3823 3824 3825
v -4145.5924 -1034.5823 327.5931
v -4144.4953 -1034.8683 327.8587
v -4144.4952 -1034.8682 327.5937
f 3826 3827 3828
v -4146.2630 -1037.3875 327.5922
v -4146.2631 -1037.3875 327.8572
v -4145.5926 -1034.5823 327.8581
f 3829 3830 3831
v -4144.7567 -1043.9955 327.5921
v -4144.7641 -1043.9972 339.1766
v -4143.4610 -1038.0467 339.0904
f 3832 3833 3834
v -4143.8998 -1034.4995 339.6277
v -4138.6103 -1035.7644 344.4217
v -4133.7044 -1024.2028 346.2656
f 3835 3836 3837
v -4143.8998 -1034.4995 339.6277
v -4142.6604 -1030.5309 339.8781
v -4142.9360 -1030.4661 339.6290
f 3838 3839 3840
v -4142.6604 -1030.5309 339.8781
v -4143.8998 -1034.4995 339.6277
v -4133.7044 -1024.2028 346.2656
f 3841 3842 3843
v -4136.2803 -1034.9839 346.2622
v -4138.6103 -1035.7644 344.4217
v -4138.0480 -1035.8990 344.9320
f 3844 3845 3846
v -4142.6604 -1030.5309 339.8781
v -4133.7044 -1024.2028 346.2656
v -4134.9399 -1022.4883 344.8552
f 3847 3848 3849
v -4134.9399 -1022.4883 344.8552
v -4140.4283 -1021.2349 339.8911
v -4142.6604 -1030.5309 339.8781
f 3850 3851 3852
v -4136.2803 -1034.9839 346.2622
v -4133.7044 -1024.2028 346.2656
v -4138.6103 -1035.7644 344.4217
f 3853 3854 3855
v -4140.4263 -1021.2344 336.6772
v -4134.9399 -1022.4883 344.8552
v -4131.7808 -1023.2088 344.8241
f 3856 3857 3858
v -4140.4283 -1021.2349 339.8911
v -4134.9399 -1022.4883 344.8552
v -4140.4263 -1021.2344 336.6772
f 3859 3860 3861
v -4131.7695 -1023.2064 327.0429
v -4140.4242 -1021.2340 333.4644
v -4140.4263 -1021.2344 336.6772
f 3862 3863 3864
v -4126.0621 -1024.5115 339.6628
v -4140.4263 -1021.2344 336.6772
v -4131.7808 -1023.2088 344.8241
f 3865 3866 3867
v -4131.7695 -1023.2064 327.0429
v -4126.0621 -1024.5115 339.6628
v -4126.0541 -1024.5098 327.0463
f 3868 3869 3870
v -4140.4242 -1021.2340 333.4644
v -4131.7695 -1023.2064 327.0429
v -4134.9286 -1022.4859 327.0409
f 3871 3872 3873
v -4140.4202 -1021.2332 327.0376
v -4140.4242 -1021.2340 333.4644
v -4134.9286 -1022.4859 327.0409
f 3874 3875 3876
v -4131.7695 -1023.2064 327.0429
v -4140.4263 -1021.2344 336.6772
v -4126.0621 -1024.5115 339.6628
f 3877 3878 3879
v -4143.8998 -1034.4995 339.6277
v -4143.4792 -1032.7414 338.1832
v -4143.8996 -1034.4994 339.1767
f 3880 3881 3882
v -4142.9351 -1030.4669 338.1330
v -4143.4792 -1032.7414 338.1832
v -4142.9360 -1030.4661 339.6290
f 3883 3884 3885
v -4143.8998 -1034.4995 339.6277
v -4142.9360 -1030.4661 339.6290
v -4143.4792 -1032.7414 338.1832
f 3886 3887 3888
v -4143.4792 -1032.7414 338.1832
v -4142.9351 -1030.4669 338.1330
v -4142.9343 -1030.4657 336.8991
f 3889 3890 3891
v -4157.5562 -1036.3547 338.6935
v -4155.6009 -1039.5587 337.2324
v -4155.2980 -1039.6305 337.0605
f 3892 3893 3894
v -4157.5562 -1036.3547 338.6935
v -4154.5310 -1036.2586 337.0826
v -4154.4247 -1035.7889 337.0857
f 3895 3896 3897
v -4154.4247 -1035.7889 337.0857
v -4156.6005 -1032.3573 338.6958
v -4157.5562 -1036.3547 338.6935
f 3898 3899 3900
v -4155.2980 -1039.6305 337.0605
v -4154.5310 -1036.2586 337.0826
v -4157.5562 -1036.3547 338.6935
f 3901 3902 3903
v -4155.6009 -1039.5587 337.2324
v -4155.2921 -1039.6292 327.8508
v -4155.2980 -1039.6305 337.0605
f 3904 3905 3906
v -4160.5757 -1038.3750 327.8476
v -4155.2921 -1039.6292 327.8508
v -4160.5817 -1038.3763 337.2253
f 3907 3908 3909
v -4155.6009 -1039.5587 337.2324
v -4160.5817 -1038.3763 337.2253
v -4155.2921 -1039.6292 327.8508
f 3910 3911 3912
v -4154.3520 -1035.4948 327.8522
v -4154.3580 -1035.4961 337.2558
v -4154.4247 -1035.7889 337.0857
f 3913 3914 3915
v -4154.3520 -1035.4948 327.8522
v -4154.4247 -1035.7889 337.0857
v -4154.4188 -1035.7876 327.8521
f 3916 3917 3918
v -4154.5310 -1036.2586 337.0826
v -4154.4188 -1035.7876 327.8521
v -4154.4247 -1035.7889 337.0857
f 3919 3920 3921
v -4155.2980 -1039.6305 337.0605
v -4155.2921 -1039.6292 327.8508
v -4154.4188 -1035.7876 327.8521
f 3922 3923 3924
v -4154.5310 -1036.2586 337.0826
v -4155.2980 -1039.6305 337.0605
v -4154.4188 -1035.7876 327.8521
f 3925 3926 3927
v -4158.0969 -1027.6486 334.1278
v -4160.4917 -1038.0113 327.8477
v -4160.4979 -1038.0126 337.4303
f 3928 3929 3930
v -4160.5757 -1038.3750 327.8476
v -4160.5817 -1038.3763 337.2253
v -4160.4917 -1038.0113 327.8477
f 3931 3932 3933
v -4160.4979 -1038.0126 337.4303
v -4160.4917 -1038.0113 327.8477
v -4160.5817 -1038.3763 337.2253
f 3934 3935 3936
v -4158.0969 -1027.6486 334.1278
v -4160.4979 -1038.0126 337.4303
v -4158.1303 -1027.7840 337.3966
f 3937 3938 3939
v -4158.0969 -1027.6486 334.1278
v -4158.0929 -1027.6477 327.8511
v -4160.4917 -1038.0113 327.8477
f 3940 3941 3942
v -4158.0989 -1027.6490 337.3207
v -4158.0969 -1027.6486 334.1278
v -4158.1303 -1027.7840 337.3966
f 3943 3944 3945
v -4143.8918 -1034.4978 327.0332
v -4143.8922 -1034.4979 327.5942
v -4143.4502 -1032.6480 327.5948
f 3946 3947 3948
v -4143.4502 -1032.6480 327.5948
v -4143.4504 -1032.6481 327.8598
v -4142.9285 -1030.4645 327.8605
f 3949 3950 3951
v -4142.9280 -1030.4644 327.0345
v -4143.4502 -1032.6480 327.5948
v -4142.9284 -1030.4655 327.5955
f 3952 3953 3954
v -4142.9285 -1030.4645 327.8605
v -4142.9284 -1030.4655 327.5955
v -4143.4502 -1032.6480 327.5948
f 3955 3956 3957
v -4143.8918 -1034.4978 327.0332
v -4143.4502 -1032.6480 327.5948
v -4142.9280 -1030.4644 327.0345
f 3958 3959 3960
v -4142.6604 -1030.5309 339.8781
v -4142.9351 -1030.4669 338.1330
v -4142.9360 -1030.4661 339.6290
f 3961 3962 3963
v -4143.2231 -1030.3989 336.8999
v -4142.9285 -1030.4645 327.8605
v -4143.2173 -1030.3977 327.8603
f 3964 3965 3966
v -4142.9343 -1030.4657 336.8991
v -4142.9351 -1030.4669 338.1330
v -4142.6583 -1030.5305 336.6652
f 3967 3968 3969
v -4142.6604 -1030.5309 339.8781
v -4142.6583 -1030.5305 336.6652
v -4142.9351 -1030.4669 338.1330
f 3970 3971 3972
v -4142.9285 -1030.4645 327.8605
v -4142.9343 -1030.4657 336.8991
v -4142.6583 -1030.5305 336.6652
f 3973 3974 3975
v -4142.6522 -1030.5292 327.0346
v -4142.9284 -1030.4655 327.5955
v -4142.9285 -1030.4645 327.8605
f 3976 3977 3978
v -4142.9284 -1030.4655 327.5955
v -4142.6522 -1030.5292 327.0346
v -4142.9280 -1030.4644 327.0345
f 3979 3980 3981
v -4142.6522 -1030.5292 327.0346
v -4142.9285 -1030.4645 327.8605
v -4142.6583 -1030.5305 336.6652
f 3982 3983 3984
v -4142.9343 -1030.4657 336.8991
v -4142.9285 -1030.4645 327.8605
v -4143.2231 -1030.3989 336.8999
f 3985 3986 3987
v -4151.8111 -1045.5876 327.7251
v -4155.8204 -1063.5858 327.7195
v -4155.9903 -1064.3285 335.4080
f 3988 3989 3990
v -4155.9903 -1064.3285 335.4080
v -4155.8204 -1063.5858 327.7195
v -4155.9854 -1064.3273 327.7193
f 3991 3992 3993
v -4151.8111 -1045.5876 327.7251
v -4155.9903 -1064.3285 335.4080
v -4155.8255 -1063.5869 335.6762
f 3994 3995 3996
v -4151.7787 -1045.4406 327.7252
v -4151.8160 -1045.5887 335.5768
v -4151.7837 -1045.4418 335.5239
f 3997 3998 3999
v -4151.7787 -1045.4406 327.7252
v -4151.8111 -1045.5876 327.7251
v -4155.8255 -1063.5869 335.6762
f 4000 4001 4002
v -4151.8160 -1045.5887 335.5768
v -4151.7787 -1045.4406 327.7252
v -4155.8255 -1063.5869 335.6762
f 4003 4004 4005
v -4155.9854 -1064.3273 327.7193
v -4148.3019 -1066.0150 327.7240
v -4148.3032 -1066.0152 329.6119
f 4006 4007 4008
v -4148.3057 -1066.0157 333.5028
v -4148.3069 -1066.0161 335.4487
v -4148.3548 -1066.0059 335.4637
f 4009 4010 4011
v -4148.3032 -1066.0152 329.6119
v -4155.9903 -1064.3285 335.4080
v -4155.9854 -1064.3273 327.7193
f 4012 4013 4014
v -4148.3548 -1066.0059 335.4637
v -4155.9903 -1064.3285 335.4080
v -4148.3057 -1066.0157 333.5028
f 4015 4016 4017
v -4148.3057 -1066.0157 333.5028
v -4155.9903 -1064.3285 335.4080
v -4148.3032 -1066.0152 329.6119
f 4018 4019 4020
v -4147.5035 -1046.4145 337.5614
v -4147.8898 -1046.3264 336.7263
v -4147.8901 -1046.3264 337.2573
f 4021 4022 4023
v -4147.8898 -1046.3264 336.7263
v -4147.5035 -1046.4145 337.5614
v -4147.8890 -1046.3262 335.5103
f 4024 4025 4026
v -4147.8890 -1046.3262 335.5103
v -4151.7787 -1045.4406 327.7252
v -4151.7837 -1045.4418 335.5239
f 4027 4028 4029
v -4151.7787 -1045.4406 327.7252
v -4147.8890 -1046.3262 335.5103
v -4147.8841 -1046.3251 327.7276
f 4030 4031 4032
v -4147.8890 -1046.3262 335.5103
v -4147.5035 -1046.4145 337.5614
v -4147.8841 -1046.3251 327.7276
f 4033 4034 4035
v -4147.5035 -1046.4145 337.5614
v -4147.4972 -1046.4132 327.5899
v -4147.8841 -1046.3251 327.7276
f 4036 4037 4038
v -4147.4972 -1046.4132 327.5899
v -4147.8840 -1046.3251 327.5897
v -4147.8841 -1046.3251 327.7276
f 4039 4040 4041
v -4143.4610 -1038.0467 339.0904
v -4145.7495 -1037.5102 337.2851
v -4143.4537 -1038.0450 327.5939
f 4042 4043 4044
v -4146.2631 -1037.3875 327.8572
v -4143.4537 -1038.0450 327.5939
v -4145.7495 -1037.5102 337.2851
f 4045 4046 4047
v -4145.7495 -1037.5102 337.2851
v -4154.3520 -1035.4948 327.8522
v -4146.2631 -1037.3875 327.8572
f 4048 4049 4050
v -4146.2630 -1037.3875 327.5922
v -4143.4537 -1038.0450 327.5939
v -4146.2631 -1037.3875 327.8572
f 4051 4052 4053
v -4154.3520 -1035.4948 327.8522
v -4145.7495 -1037.5102 337.2851
v -4154.3580 -1035.4961 337.2558
f 4054 4055 4056
v -4134.5509 -1036.7333 344.4232
v -4131.7808 -1023.2088 344.8241
v -4133.7044 -1024.2028 346.2656
f 4057 4058 4059
v -4131.7808 -1023.2088 344.8241
v -4129.0820 -1037.5574 339.5768
v -4126.0621 -1024.5115 339.6628
f 4060 4061 4062
v -4136.2803 -1034.9839 346.2622
v -4134.5509 -1036.7333 344.4232
v -4133.7044 -1024.2028 346.2656
f 4063 4064 4065
v -4131.7808 -1023.2088 344.8241
v -4134.5509 -1036.7333 344.4232
v -4129.0820 -1037.5574 339.5768
f 4066 4067 4068
v -4134.5509 -1036.7333 344.4232
v -4129.1873 -1038.0140 339.5736
v -4129.0820 -1037.5574 339.5768
f 4069 4070 4071
v -4135.1159 -1036.5989 344.9338
v -4134.5509 -1036.7333 344.4232
v -4136.2803 -1034.9839 346.2622
f 4072 4073 4074
v -4126.0621 -1024.5115 339.6628
v -4129.3353 -1038.6766 332.1977
v -4126.0541 -1024.5098 327.0463
f 4075 4076 4077
v -4129.1858 -1038.0138 337.3017
v -4126.0621 -1024.5115 339.6628
v -4129.0820 -1037.5574 339.5768
f 4078 4079 4080
v -4129.3353 -1038.6766 332.1977
v -4129.0741 -1037.5556 327.0423
v -4126.0541 -1024.5098 327.0463
f 4081 4082 4083
v -4129.0741 -1037.5556 327.0423
v -4129.1797 -1038.0124 327.6031
v -4129.1793 -1038.0123 327.0421
f 4084 4085 4086
v -4129.1873 -1038.0140 339.5736
v -4129.1858 -1038.0138 337.3017
v -4129.0820 -1037.5574 339.5768
f 4087 4088 4089
v -4129.3370 -1038.6769 334.7466
v -4129.1858 -1038.0138 337.3017
v -4129.3386 -1038.6773 337.2965
f 4090 4091 4092
v -4126.0621 -1024.5115 339.6628
v -4129.3370 -1038.6769 334.7466
v -4129.3353 -1038.6766 332.1977
f 4093 4094 4095
v -4129.1797 -1038.0124 327.6031
v -4129.3353 -1038.6766 332.1977
v -4129.3324 -1038.6760 327.6029
f 4096 4097 4098
v -4129.1797 -1038.0124 327.6031
v -4129.0741 -1037.5556 327.0423
v -4129.3353 -1038.6766 332.1977
f 4099 4100 4101
v -4129.3370 -1038.6769 334.7466
v -4126.0621 -1024.5115 339.6628
v -4129.1858 -1038.0138 337.3017
f 4102 4103 4104
v -4136.1597 -1036.3490 344.2412
v -4134.5509 -1036.7333 344.4232
v -4135.1159 -1036.5989 344.9338
f 4105 4106 4107
v -4135.1159 -1036.5989 344.9338
v -4136.1602 -1036.3491 344.9342
v -4136.1597 -1036.3490 344.2412
f 4108 4109 4110
v -4138.0480 -1035.8990 344.9320
v -4136.1597 -1036.3490 344.2412
v -4136.1602 -1036.3491 344.9342
f 4111 4112 4113
v -4135.1148 -1036.5986 343.2018
v -4134.5509 -1036.7333 344.4232
v -4136.1597 -1036.3490 344.2412
f 4114 4115 4116
v -4134.5498 -1036.7331 342.6393
v -4129.1858 -1038.0138 337.3017
v -4129.1873 -1038.0140 339.5736
f 4117 4118 4119
v -4134.5509 -1036.7333 344.4232
v -4134.5498 -1036.7331 342.6393
v -4129.1873 -1038.0140 339.5736
f 4120 4121 4122
v -4134.5498 -1036.7331 342.6393
v -4134.5509 -1036.7333 344.4232
v -4135.1148 -1036.5986 343.2018
f 4123 4124 4125
v -4138.2444 -1035.8511 342.5950
v -4138.0480 -1035.8990 344.9320
v -4138.6103 -1035.7644 344.4217
f 4126 4127 4128
v -4138.2444 -1035.8511 342.5950
v -4138.6103 -1035.7644 344.4217
v -4143.8998 -1034.4995 339.6277
f 4129 4130 4131
v -4138.2444 -1035.8511 342.5950
v -4143.8998 -1034.4995 339.6277
v -4142.5734 -1034.8160 339.1775
f 4132 4133 4134
v -4143.8996 -1034.4994 339.1767
v -4142.5734 -1034.8160 339.1775
v -4143.8998 -1034.4995 339.6277
f 4135 4136 4137
v -4136.1597 -1036.3490 344.2412
v -4138.0480 -1035.8990 344.9320
v -4138.2444 -1035.8511 342.5950
f 4138 4139 4140
v -4145.4071 -1055.2016 340.6922
v -4138.9481 -1056.6672 342.2910
v -4143.4643 -1055.6431 342.2213
f 4141 4142 4143
v -4145.8905 -1055.0906 335.5091
v -4138.9481 -1056.6672 342.2910
v -4145.4071 -1055.2016 340.6922
f 4144 4145 4146
v -4149.7710 -1054.2033 336.7177
v -4145.8905 -1055.0906 335.5091
v -4145.8936 -1055.0912 340.3089
f 4147 4148 4149
v -4145.8936 -1055.0912 340.3089
v -4145.8905 -1055.0906 335.5091
v -4145.4071 -1055.2016 340.6922
f 4150 4151 4152
v -4134.2680 -1057.7271 337.6461
v -4138.9481 -1056.6672 342.2910
v -4145.8905 -1055.0906 335.5091
f 4153 4154 4155
v -4134.2616 -1057.7257 327.5966
v -4134.2664 -1057.7267 335.1292
v -4143.4550 -1055.6410 327.5909
f 4156 4157 4158
v -4134.2680 -1057.7271 337.6461
v -4145.8868 -1055.0897 329.7134
v -4134.2664 -1057.7267 335.1292
f 4159 4160 4161
v -4145.8905 -1055.0906 335.5091
v -4145.8868 -1055.0897 329.7134
v -4134.2680 -1057.7271 337.6461
f 4162 4163 4164
v -4149.7713 -1054.2034 337.2546
v -4149.7710 -1054.2033 336.7177
v -4145.8936 -1055.0912 340.3089
f 4165 4166 4167
v -4145.3988 -1055.1998 327.5897
v -4143.4550 -1055.6410 327.5909
v -4145.8868 -1055.0897 329.7134
f 4168 4169 4170
v -4145.8868 -1055.0897 329.7134
v -4143.4550 -1055.6410 327.5909
v -4134.2664 -1057.7267 335.1292
f 4171 4172 4173
v -4145.8856 -1055.0895 327.7274
v -4145.3988 -1055.1998 327.5897
v -4145.8868 -1055.0897 329.7134
f 4174 4175 4176
v -4145.8855 -1055.0895 327.5894
v -4145.8856 -1055.0895 327.7274
v -4149.7651 -1054.2020 327.5870
f 4177 4178 4179
v -4145.3988 -1055.1998 327.5897
v -4145.8856 -1055.0895 327.7274
v -4145.8855 -1055.0895 327.5894
f 4180 4181 4182
v -4145.8856 -1055.0895 327.7274
v -4149.7652 -1054.2020 327.7250
v -4149.7651 -1054.2020 327.5870
f 4183 4184 4185
v -4129.1797 -1038.0124 327.6031
v -4135.7871 -1036.4326 327.0381
v -4129.1793 -1038.0123 327.0421
f 4186 4187 4188
v -4135.9243 -1036.4002 327.5990
v -4135.7871 -1036.4326 327.0381
v -4129.1797 -1038.0124 327.6031
f 4189 4190 4191
v -4138.3364 -1035.8247 327.0366
v -4135.7871 -1036.4326 327.0381
v -4135.9243 -1036.4002 327.5990
f 4192 4193 4194
v -4138.6016 -1035.7621 327.5974
v -4138.3364 -1035.8247 327.0366
v -4135.9243 -1036.4002 327.5990
f 4195 4196 4197
v -4138.6016 -1035.7621 327.5974
v -4143.8918 -1034.4978 327.0332
v -4138.3364 -1035.8247 327.0366
f 4198 4199 4200
v -4138.6016 -1035.7621 327.5974
v -4143.8922 -1034.4979 327.5942
v -4143.8918 -1034.4978 327.0332
f 4201 4202 4203
v -4143.8904 -1030.8039 327.8598
v -4143.2231 -1030.3989 336.8999
v -4143.2173 -1030.3977 327.8603
f 4204 4205 4206
v -4143.9673 -1031.1070 337.3723
v -4158.0969 -1027.6486 334.1278
v -4158.0989 -1027.6490 337.3207
f 4207 4208 4209
v -4145.8905 -1055.0906 335.5091
v -4147.7026 -1063.2847 335.4636
v -4145.8868 -1055.0897 329.7134
f 4210 4211 4212
v -4147.7026 -1063.2847 335.4636
v -4148.3069 -1066.0161 335.4487
v -4148.3057 -1066.0157 333.5028
f 4213 4214 4215
v -4147.7026 -1063.2847 335.4636
v -4148.3057 -1066.0157 333.5028
v -4148.3032 -1066.0152 329.6119
f 4216 4217 4218
v -4129.3386 -1038.6773 337.2965
v -4129.8466 -1038.5610 337.8012
v -4129.8401 -1038.5597 327.6026
f 4219 4220 4221
v -4146.8609 -1043.5662 337.5343
v -4144.7641 -1043.9972 339.1766
v -4144.7567 -1043.9955 327.5921
f 4222 4223 4224
v -4147.4972 -1046.4132 327.5899
v -4146.8609 -1043.5662 337.5343
v -4146.8546 -1043.5649 327.5908
f 4225 4226 4227
v -4147.8901 -1046.3264 337.2573
v -4147.8898 -1046.3264 336.7263
v -4148.8236 -1050.2369 337.2559
f 4228 4229 4230
v -4142.6583 -1030.5305 336.6652
v -4140.4242 -1021.2340 333.4644
v -4142.6522 -1030.5292 327.0346
f 4231 4232 4233
v -4142.6604 -1030.5309 339.8781
v -4140.4283 -1021.2349 339.8911
v -4140.4263 -1021.2344 336.6772
f 4234 4235 4236
v -4142.6604 -1030.5309 339.8781
v -4140.4263 -1021.2344 336.6772
v -4140.4242 -1021.2340 333.4644
f 4237 4238 4239
v -4144.4952 -1034.8682 327.5937
v -4143.7742 -1031.8532 327.8597
v -4143.7741 -1031.8531 327.5947
f 4240 4241 4242
v -4146.2630 -1037.3875 327.5922
v -4145.5926 -1034.5823 327.8581
v -4145.5924 -1034.5823 327.5931
f 4243 4244 4245
v -4144.7567 -1043.9955 327.5921
v -4143.4610 -1038.0467 339.0904
v -4143.4537 -1038.0450 327.5939
f 4246 4247 4248

g building_ID_B30AF7A9-689E-4F6E-AE64-F3AB7E3B974B
v -4104.3149 -1015.2959 324.7430
v -4111.0547 -1013.7648 324.7389
v -4110.1008 -1009.7274 324.7402
f 4249 4250 4251
v -4110.1008 -1009.7274 324.7402
v -4099.4669 -1012.3339 324.7466
v -4104.3149 -1015.2959 324.7430
f 4252 4253 4254
v -4101.1940 -1017.5563 324.7447
v -4104.3060 -1016.8469 324.7428
v -4104.6467 -1016.7309 324.7426
f 4255 4256 4257
v -4099.4669 -1012.3339 324.7466
v -4104.6467 -1016.7309 324.7426
v -4104.3149 -1015.2959 324.7430
f 4258 4259 4260
v -4101.1940 -1017.5563 324.7447
v -4104.6467 -1016.7309 324.7426
v -4099.4669 -1012.3339 324.7466
f 4261 4262 4263
v -4104.6870 -1018.6968 324.7422
v -4104.3060 -1016.8469 324.7428
v -4101.5780 -1019.4332 324.7441
f 4264 4265 4266
v -4101.1940 -1017.5563 324.7447
v -4101.5780 -1019.4332 324.7441
v -4104.3060 -1016.8469 324.7428
f 4267 4268 4269
v -4099.4669 -1012.3339 324.7466
v -4100.7373 -1017.6654 324.7449
v -4101.1940 -1017.5563 324.7447
f 4270 4271 4272
v -4101.1981 -1017.5571 331.2314
v -4099.4715 -1012.3348 331.9793
v -4104.3191 -1015.2967 331.4277
f 4273 4274 4275
v -4101.1981 -1017.5571 331.2314
v -4100.7414 -1017.6664 331.2316
v -4099.4715 -1012.3348 331.9793
f 4276 4277 4278
v -4104.6909 -1018.6977 330.9649
v -4101.5819 -1019.4340 330.9698
v -4101.1981 -1017.5571 331.2314
f 4279 4280 4281
v -4111.0590 -1013.7656 331.4076
v -4104.3191 -1015.2967 331.4277
v -4110.1054 -1009.7283 331.9729
f 4282 4283 4284
v -4104.3191 -1015.2967 331.4277
v -4099.4715 -1012.3348 331.9793
v -4110.1054 -1009.7283 331.9729
f 4285 4286 4287
v -4101.1981 -1017.5571 331.2314
v -4104.3101 -1016.8477 331.2225
v -4104.6909 -1018.6977 330.9649
f 4288 4289 4290
v -4104.6508 -1016.7319 331.2263
v -4104.3101 -1016.8477 331.2225
v -4104.3191 -1015.2967 331.4277
f 4291 4292 4293
v -4104.3191 -1015.2967 331.4277
v -4104.3101 -1016.8477 331.2225
v -4101.1981 -1017.5571 331.2314
f 4294 4295 4296
v -4111.0547 -1013.7648 324.7389
v -4111.0590 -1013.7656 331.4076
v -4110.1008 -1009.7274 324.7402
f 4297 4298 4299
v -4111.0590 -1013.7656 331.4076
v -4110.1054 -1009.7283 331.9729
v -4110.1008 -1009.7274 324.7402
f 4300 4301 4302
v -4104.3191 -1015.2967 331.4277
v -4111.0590 -1013.7656 331.4076
v -4104.3149 -1015.2959 324.7430
f 4303 4304 4305
v -4104.3149 -1015.2959 324.7430
v -4111.0590 -1013.7656 331.4076
v -4111.0547 -1013.7648 324.7389
f 4306 4307 4308
v -4104.6508 -1016.7319 331.2263
v -4104.3191 -1015.2967 331.4277
v -4104.6467 -1016.7309 324.7426
f 4309 4310 4311
v -4104.6467 -1016.7309 324.7426
v -4104.3191 -1015.2967 331.4277
v -4104.3149 -1015.2959 324.7430
f 4312 4313 4314
v -4104.3101 -1016.8477 331.2225
v -4104.6508 -1016.7319 331.2263
v -4104.6467 -1016.7309 324.7426
f 4315 4316 4317
v -4104.3060 -1016.8469 324.7428
v -4104.3101 -1016.8477 331.2225
v -4104.6467 -1016.7309 324.7426
f 4318 4319 4320
v -4104.6870 -1018.6968 324.7422
v -4104.6909 -1018.6977 330.9649
v -4104.3060 -1016.8469 324.7428
f 4321 4322 4323
v -4101.5780 -1019.4332 324.7441
v -4101.1981 -1017.5571 331.2314
v -4101.5819 -1019.4340 330.9698
f 4324 4325 4326
v -4101.1940 -1017.5563 324.7447
v -4101.1981 -1017.5571 331.2314
v -4101.5780 -1019.4332 324.7441
f 4327 4328 4329
v -4099.4715 -1012.3348 331.9793
v -4100.7373 -1017.6654 324.7449
v -4099.4669 -1012.3339 324.7466
f 4330 4331 4332
v -4110.1008 -1009.7274 324.7402
v -4110.1054 -1009.7283 331.9729
v -4099.4669 -1012.3339 324.7466
f 4333 4334 4335
v -4104.6909 -1018.6977 330.9649
v -4104.3101 -1016.8477 331.2225
v -4104.3060 -1016.8469 324.7428
f 4336 4337 4338
v -4101.5819 -1019.4340 330.9698
v -4104.6909 -1018.6977 330.9649
v -4101.5780 -1019.4332 324.7441
f 4339 4340 4341
v -4101.5780 -1019.4332 324.7441
v -4104.6909 -1018.6977 330.9649
v -4104.6870 -1018.6968 324.7422
f 4342 4343 4344
v -4100.7414 -1017.6664 331.2316
v -4101.1981 -1017.5571 331.2314
v -4101.1940 -1017.5563 324.7447
f 4345 4346 4347
v -4101.1940 -1017.5563 324.7447
v -4100.7373 -1017.6654 324.7449
v -4100.7414 -1017.6664 331.2316
f 4348 4349 4350
v -4099.4715 -1012.3348 331.9793
v -4100.7414 -1017.6664 331.2316
v -4100.7373 -1017.6654 324.7449
f 4351 4352 4353
v -4110.1054 -1009.7283 331.9729
v -4099.4715 -1012.3348 331.9793
v -4099.4669 -1012.3339 324.7466
f 4354 4355 4356

g building_ID_C19154B8-7039-4D18-89BD-5F1CF0D163D1
v -4068.2708 -1023.5447 324.1827
v -4068.8893 -1024.1410 324.1822
v -4068.6184 -1023.8037 324.1825
f 4357 4358 4359
v -4068.2708 -1023.5447 324.1827
v -4069.0684 -1024.5354 324.1821
v -4068.8893 -1024.1410 324.1822
f 4360 4361 4362
v -4066.3856 -1026.4307 324.1835
v -4069.1436 -1024.9612 324.1820
v -4068.2708 -1023.5447 324.1827
f 4363 4364 4365
v -4067.8704 -1023.3797 324.1830
v -4067.4422 -1023.3199 324.1833
v -4068.2708 -1023.5447 324.1827
f 4366 4367 4368
v -4066.3856 -1026.4307 324.1835
v -4068.2708 -1023.5447 324.1827
v -4067.4422 -1023.3199 324.1833
f 4369 4370 4371
v -4068.9718 -1025.8027 324.1819
v -4069.1107 -1025.3933 324.1819
v -4068.0331 -1026.6613 324.1824
f 4372 4373 4374
v -4068.2708 -1023.5447 324.1827
v -4069.1436 -1024.9612 324.1820
v -4069.0684 -1024.5354 324.1821
f 4375 4376 4377
v -4068.7358 -1026.1663 324.1820
v -4068.9718 -1025.8027 324.1819
v -4068.4156 -1026.4582 324.1822
f 4378 4379 4380
v -4069.1107 -1025.3933 324.1819
v -4069.1436 -1024.9612 324.1820
v -4068.0331 -1026.6613 324.1824
f 4381 4382 4383
v -4068.9718 -1025.8027 324.1819
v -4068.0331 -1026.6613 324.1824
v -4068.4156 -1026.4582 324.1822
f 4384 4385 4386
v -4067.4422 -1023.3199 324.1833
v -4067.0123 -1023.3680 324.1836
v -4065.6964 -1024.9155 324.1842
f 4387 4388 4389
v -4067.0123 -1023.3680 324.1836
v -4066.2534 -1023.7710 324.1840
v -4065.9723 -1024.1019 324.1841
f 4390 4391 4392
v -4065.6964 -1024.9155 324.1842
v -4067.0123 -1023.3680 324.1836
v -4065.9723 -1024.1019 324.1841
f 4393 4394 4395
v -4065.6964 -1024.9155 324.1842
v -4066.3856 -1026.4307 324.1835
v -4067.4422 -1023.3199 324.1833
f 4396 4397 4398
v -4065.7823 -1024.4914 324.1842
v -4065.6964 -1024.9155 324.1842
v -4065.9723 -1024.1019 324.1841
f 4399 4400 4401
v -4065.7176 -1025.3474 324.1841
v -4066.3856 -1026.4307 324.1835
v -4065.6964 -1024.9155 324.1842
f 4402 4403 4404
v -4067.6124 -1026.7644 324.1826
v -4068.0331 -1026.6613 324.1824
v -4067.1794 -1026.7576 324.1829
f 4405 4406 4407
v -4066.3856 -1026.4307 324.1835
v -4067.1794 -1026.7576 324.1829
v -4068.0331 -1026.6613 324.1824
f 4408 4409 4410
v -4066.3856 -1026.4307 324.1835
v -4065.8457 -1025.7612 324.1839
v -4066.0727 -1026.1305 324.1837
f 4411 4412 4413
v -4066.3856 -1026.4307 324.1835
v -4066.7621 -1026.6447 324.1832
v -4067.1794 -1026.7576 324.1829
f 4414 4415 4416
v -4068.0331 -1026.6613 324.1824
v -4069.1436 -1024.9612 324.1820
v -4066.3856 -1026.4307 324.1835
f 4417 4418 4419
v -4066.3856 -1026.4307 324.1835
v -4065.7176 -1025.3474 324.1841
v -4065.8457 -1025.7612 324.1839
f 4420 4421 4422
v -4066.2534 -1023.7710 324.1840
v -4067.0123 -1023.3680 324.1836
v -4066.6057 -1023.5221 324.1838
f 4423 4424 4425
v -4065.7254 -1025.3492 336.6176
v -4065.7042 -1024.9173 336.6177
v -4066.3933 -1026.4324 336.6170
f 4426 4427 4428
v -4065.7901 -1024.4930 336.6177
v -4065.9800 -1024.1035 336.6176
v -4065.7042 -1024.9173 336.6177
f 4429 4430 4431
v -4066.2612 -1023.7728 336.6175
v -4067.0201 -1023.3697 336.6171
v -4065.9800 -1024.1035 336.6176
f 4432 4433 4434
v -4065.7042 -1024.9173 336.6177
v -4065.9800 -1024.1035 336.6176
v -4067.0201 -1023.3697 336.6171
f 4435 4436 4437
v -4065.7042 -1024.9173 336.6177
v -4067.4499 -1023.3215 336.6168
v -4066.3933 -1026.4324 336.6170
f 4438 4439 4440
v -4066.0805 -1026.1323 336.6172
v -4065.8535 -1025.7629 336.6174
v -4066.3933 -1026.4324 336.6170
f 4441 4442 4443
v -4066.3933 -1026.4324 336.6170
v -4065.8535 -1025.7629 336.6174
v -4065.7254 -1025.3492 336.6176
f 4444 4445 4446
v -4066.7699 -1026.6464 336.6167
v -4066.3933 -1026.4324 336.6170
v -4067.1872 -1026.7593 336.6164
f 4447 4448 4449
v -4067.1872 -1026.7593 336.6164
v -4066.3933 -1026.4324 336.6170
v -4068.0409 -1026.6630 336.6159
f 4450 4451 4452
v -4067.6202 -1026.7661 336.6161
v -4067.1872 -1026.7593 336.6164
v -4068.0409 -1026.6630 336.6159
f 4453 4454 4455
v -4067.0201 -1023.3697 336.6171
v -4066.2612 -1023.7728 336.6175
v -4066.6135 -1023.5238 336.6173
f 4456 4457 4458
v -4066.3933 -1026.4324 336.6170
v -4067.4499 -1023.3215 336.6168
v -4068.2785 -1023.5463 336.6162
f 4459 4460 4461
v -4067.8781 -1023.3814 336.6165
v -4068.2785 -1023.5463 336.6162
v -4067.4499 -1023.3215 336.6168
f 4462 4463 4464
v -4068.8971 -1024.1426 336.6157
v -4068.2785 -1023.5463 336.6162
v -4068.6262 -1023.8054 336.6160
f 4465 4466 4467
v -4069.1513 -1024.9630 336.6155
v -4066.3933 -1026.4324 336.6170
v -4068.2785 -1023.5463 336.6162
f 4468 4469 4470
v -4068.8971 -1024.1426 336.6157
v -4069.0762 -1024.5372 336.6156
v -4068.2785 -1023.5463 336.6162
f 4471 4472 4473
v -4068.7436 -1026.1681 336.6155
v -4068.4233 -1026.4599 336.6157
v -4068.9796 -1025.8045 336.6154
f 4474 4475 4476
v -4068.0409 -1026.6630 336.6159
v -4068.9796 -1025.8045 336.6154
v -4068.4233 -1026.4599 336.6157
f 4477 4478 4479
v -4069.1513 -1024.9630 336.6155
v -4069.1185 -1025.3951 336.6154
v -4068.0409 -1026.6630 336.6159
f 4480 4481 4482
v -4069.1185 -1025.3951 336.6154
v -4068.9796 -1025.8045 336.6154
v -4068.0409 -1026.6630 336.6159
f 4483 4484 4485
v -4068.0409 -1026.6630 336.6159
v -4066.3933 -1026.4324 336.6170
v -4069.1513 -1024.9630 336.6155
f 4486 4487 4488
v -4069.1513 -1024.9630 336.6155
v -4068.2785 -1023.5463 336.6162
v -4069.0762 -1024.5372 336.6156
f 4489 4490 4491
v -4067.0201 -1023.3697 336.6171
v -4067.4499 -1023.3215 336.6168
v -4065.7042 -1024.9173 336.6177
f 4492 4493 4494
v -4066.7621 -1026.6447 324.1832
v -4066.7699 -1026.6464 336.6167
v -4067.1794 -1026.7576 324.1829
f 4495 4496 4497
v -4066.3856 -1026.4307 324.1835
v -4066.3933 -1026.4324 336.6170
v -4066.7699 -1026.6464 336.6167
f 4498 4499 4500
v -4066.0727 -1026.1305 324.1837
v -4066.0805 -1026.1323 336.6172
v -4066.3933 -1026.4324 336.6170
f 4501 4502 4503
v -4065.8457 -1025.7612 324.1839
v -4065.8535 -1025.7629 336.6174
v -4066.0727 -1026.1305 324.1837
f 4504 4505 4506
v -4065.7176 -1025.3474 324.1841
v -4065.7254 -1025.3492 336.6176
v -4065.8457 -1025.7612 324.1839
f 4507 4508 4509
v -4065.6964 -1024.9155 324.1842
v -4065.7042 -1024.9173 336.6177
v -4065.7254 -1025.3492 336.6176
f 4510 4511 4512
v -4065.7823 -1024.4914 324.1842
v -4065.7901 -1024.4930 336.6177
v -4065.7042 -1024.9173 336.6177
f 4513 4514 4515
v -4065.9723 -1024.1019 324.1841
v -4065.9800 -1024.1035 336.6176
v -4065.7901 -1024.4930 336.6177
f 4516 4517 4518
v -4066.2534 -1023.7710 324.1840
v -4066.2612 -1023.7728 336.6175
v -4065.9800 -1024.1035 336.6176
f 4519 4520 4521
v -4066.6057 -1023.5221 324.1838
v -4066.6135 -1023.5238 336.6173
v -4066.2612 -1023.7728 336.6175
f 4522 4523 4524
v -4067.0123 -1023.3680 324.1836
v -4067.0201 -1023.3697 336.6171
v -4066.6135 -1023.5238 336.6173
f 4525 4526 4527
v -4067.4422 -1023.3199 324.1833
v -4067.4499 -1023.3215 336.6168
v -4067.0201 -1023.3697 336.6171
f 4528 4529 4530
v -4067.8704 -1023.3797 324.1830
v -4067.8781 -1023.3814 336.6165
v -4067.4499 -1023.3215 336.6168
f 4531 4532 4533
v -4068.2708 -1023.5447 324.1827
v -4068.2785 -1023.5463 336.6162
v -4067.8781 -1023.3814 336.6165
f 4534 4535 4536
v -4068.6184 -1023.8037 324.1825
v -4068.6262 -1023.8054 336.6160
v -4068.2785 -1023.5463 336.6162
f 4537 4538 4539
v -4068.8893 -1024.1410 324.1822
v -4068.8971 -1024.1426 336.6157
v -4068.6262 -1023.8054 336.6160
f 4540 4541 4542
v -4069.0684 -1024.5354 324.1821
v -4069.0762 -1024.5372 336.6156
v -4068.8971 -1024.1426 336.6157
f 4543 4544 4545
v -4069.1436 -1024.9612 324.1820
v -4069.1513 -1024.9630 336.6155
v -4069.0684 -1024.5354 324.1821
f 4546 4547 4548
v -4069.1107 -1025.3933 324.1819
v -4069.1185 -1025.3951 336.6154
v -4069.1436 -1024.9612 324.1820
f 4549 4550 4551
v -4068.9718 -1025.8027 324.1819
v -4068.9796 -1025.8045 336.6154
v -4069.1185 -1025.3951 336.6154
f 4552 4553 4554
v -4068.7358 -1026.1663 324.1820
v -4068.7436 -1026.1681 336.6155
v -4068.9796 -1025.8045 336.6154
f 4555 4556 4557
v -4068.4156 -1026.4582 324.1822
v -4068.4233 -1026.4599 336.6157
v -4068.7436 -1026.1681 336.6155
f 4558 4559 4560
v -4068.0331 -1026.6613 324.1824
v -4068.0409 -1026.6630 336.6159
v -4068.4233 -1026.4599 336.6157
f 4561 4562 4563
v -4067.6124 -1026.7644 324.1826
v -4067.6202 -1026.7661 336.6161
v -4068.0409 -1026.6630 336.6159
f 4564 4565 4566
v -4067.1794 -1026.7576 324.1829
v -4067.1872 -1026.7593 336.6164
v -4067.6124 -1026.7644 324.1826
f 4567 4568 4569
v -4066.7699 -1026.6464 336.6167
v -4067.1872 -1026.7593 336.6164
v -4067.1794 -1026.7576 324.1829
f 4570 4571 4572
v -4066.3856 -1026.4307 324.1835
v -4066.7699 -1026.6464 336.6167
v -4066.7621 -1026.6447 324.1832
f 4573 4574 4575
v -4066.0727 -1026.1305 324.1837
v -4066.3933 -1026.4324 336.6170
v -4066.3856 -1026.4307 324.1835
f 4576 4577 4578
v -4065.8535 -1025.7629 336.6174
v -4066.0805 -1026.1323 336.6172
v -4066.0727 -1026.1305 324.1837
f 4579 4580 4581
v -4065.7254 -1025.3492 336.6176
v -4065.8535 -1025.7629 336.6174
v -4065.8457 -1025.7612 324.1839
f 4582 4583 4584
v -4065.6964 -1024.9155 324.1842
v -4065.7254 -1025.3492 336.6176
v -4065.7176 -1025.3474 324.1841
f 4585 4586 4587
v -4065.7823 -1024.4914 324.1842
v -4065.7042 -1024.9173 336.6177
v -4065.6964 -1024.9155 324.1842
f 4588 4589 4590
v -4065.9723 -1024.1019 324.1841
v -4065.7901 -1024.4930 336.6177
v -4065.7823 -1024.4914 324.1842
f 4591 4592 4593
v -4066.2534 -1023.7710 324.1840
v -4065.9800 -1024.1035 336.6176
v -4065.9723 -1024.1019 324.1841
f 4594 4595 4596
v -4066.6057 -1023.5221 324.1838
v -4066.2612 -1023.7728 336.6175
v -4066.2534 -1023.7710 324.1840
f 4597 4598 4599
v -4067.0123 -1023.3680 324.1836
v -4066.6135 -1023.5238 336.6173
v -4066.6057 -1023.5221 324.1838
f 4600 4601 4602
v -4067.4422 -1023.3199 324.1833
v -4067.0201 -1023.3697 336.6171
v -4067.0123 -1023.3680 324.1836
f 4603 4604 4605
v -4067.8704 -1023.3797 324.1830
v -4067.4499 -1023.3215 336.6168
v -4067.4422 -1023.3199 324.1833
f 4606 4607 4608
v -4068.2708 -1023.5447 324.1827
v -4067.8781 -1023.3814 336.6165
v -4067.8704 -1023.3797 324.1830
f 4609 4610 4611
v -4068.6184 -1023.8037 324.1825
v -4068.2785 -1023.5463 336.6162
v -4068.2708 -1023.5447 324.1827
f 4612 4613 4614
v -4068.8893 -1024.1410 324.1822
v -4068.6262 -1023.8054 336.6160
v -4068.6184 -1023.8037 324.1825
f 4615 4616 4617
v -4069.0684 -1024.5354 324.1821
v -4068.8971 -1024.1426 336.6157
v -4068.8893 -1024.1410 324.1822
f 4618 4619 4620
v -4069.1513 -1024.9630 336.6155
v -4069.0762 -1024.5372 336.6156
v -4069.0684 -1024.5354 324.1821
f 4621 4622 4623
v -4069.1185 -1025.3951 336.6154
v -4069.1513 -1024.9630 336.6155
v -4069.1436 -1024.9612 324.1820
f 4624 4625 4626
v -4068.9718 -1025.8027 324.1819
v -4069.1185 -1025.3951 336.6154
v -4069.1107 -1025.3933 324.1819
f 4627 4628 4629
v -4068.7358 -1026.1663 324.1820
v -4068.9796 -1025.8045 336.6154
v -4068.9718 -1025.8027 324.1819
f 4630 4631 4632
v -4068.4156 -1026.4582 324.1822
v -4068.7436 -1026.1681 336.6155
v -4068.7358 -1026.1663 324.1820
f 4633 4634 4635
v -4068.0331 -1026.6613 324.1824
v -4068.4233 -1026.4599 336.6157
v -4068.4156 -1026.4582 324.1822
f 4636 4637 4638
v -4067.6124 -1026.7644 324.1826
v -4068.0409 -1026.6630 336.6159
v -4068.0331 -1026.6613 324.1824
f 4639 4640 4641
v -4067.1872 -1026.7593 336.6164
v -4067.6202 -1026.7661 336.6161
v -4067.6124 -1026.7644 324.1826
f 4642 4643 4644

g building_ID_05128B19-2942-4445-BF13-B5146599F38A
v -4064.0332 -1026.8550 323.4539
v -4063.1221 -1026.8213 323.4545
v -4063.5764 -1026.8961 323.4542
f 4645 4646 4647
v -4064.8471 -1026.4437 323.4535
v -4063.1221 -1026.8213 323.4545
v -4064.0332 -1026.8550 323.4539
f 4648 4649 4650
v -4063.1221 -1026.8213 323.4545
v -4062.0142 -1024.2254 323.4556
v -4062.3408 -1026.3545 323.4551
f 4651 4652 4653
v -4064.4668 -1026.7008 323.4537
v -4064.8471 -1026.4437 323.4535
v -4064.0332 -1026.8550 323.4539
f 4654 4655 4656
v -4063.1221 -1026.8213 323.4545
v -4064.8471 -1026.4437 323.4535
v -4062.0142 -1024.2254 323.4556
f 4657 4658 4659
v -4062.0609 -1025.9902 323.4553
v -4062.3408 -1026.3545 323.4551
v -4061.8563 -1024.6568 323.4556
f 4660 4661 4662
v -4063.1221 -1026.8213 323.4545
v -4062.3408 -1026.3545 323.4551
v -4062.7016 -1026.6375 323.4548
f 4663 4664 4665
v -4061.8096 -1025.1129 323.4556
v -4061.8798 -1025.5677 323.4555
v -4061.8563 -1024.6568 323.4556
f 4666 4667 4668
v -4062.0609 -1025.9902 323.4553
v -4061.8563 -1024.6568 323.4556
v -4061.8798 -1025.5677 323.4555
f 4669 4670 4671
v -4061.8563 -1024.6568 323.4556
v -4062.3408 -1026.3545 323.4551
v -4062.0142 -1024.2254 323.4556
f 4672 4673 4674
v -4065.3631 -1025.6924 323.4532
v -4064.8471 -1026.4437 323.4535
v -4065.1522 -1026.1019 323.4533
f 4675 4676 4677
v -4065.3265 -1024.3455 323.4535
v -4064.8471 -1026.4437 323.4535
v -4065.4649 -1025.2451 323.4533
f 4678 4679 4680
v -4065.4526 -1024.7861 323.4533
v -4065.3265 -1024.3455 323.4535
v -4065.4649 -1025.2451 323.4533
f 4681 4682 4683
v -4064.7705 -1023.6219 323.4540
v -4065.3265 -1024.3455 323.4535
v -4065.0944 -1023.9480 323.4537
f 4684 4685 4686
v -4062.0142 -1024.2254 323.4556
v -4064.8471 -1026.4437 323.4535
v -4065.3265 -1024.3455 323.4535
f 4687 4688 4689
v -4064.7705 -1023.6219 323.4540
v -4063.4775 -1023.2404 323.4548
v -4065.3265 -1024.3455 323.4535
f 4690 4691 4692
v -4062.2731 -1023.8467 323.4555
v -4062.0142 -1024.2254 323.4556
v -4062.6194 -1023.5447 323.4553
f 4693 4694 4695
v -4063.4775 -1023.2404 323.4548
v -4062.6194 -1023.5447 323.4553
v -4062.0142 -1024.2254 323.4556
f 4696 4697 4698
v -4064.7705 -1023.6219 323.4540
v -4063.9375 -1023.2561 323.4545
v -4063.4775 -1023.2404 323.4548
f 4699 4700 4701
v -4063.4775 -1023.2404 323.4548
v -4063.0288 -1023.3376 323.4551
v -4062.6194 -1023.5447 323.4553
f 4702 4703 4704
v -4063.4775 -1023.2404 323.4548
v -4062.0142 -1024.2254 323.4556
v -4065.3265 -1024.3455 323.4535
f 4705 4706 4707
v -4064.7705 -1023.6219 323.4540
v -4064.3779 -1023.3860 323.4542
v -4063.9375 -1023.2561 323.4545
f 4708 4709 4710
v -4065.3631 -1025.6924 323.4532
v -4065.4649 -1025.2451 323.4533
v -4064.8471 -1026.4437 323.4535
f 4711 4712 4713
v -4065.3347 -1024.3473 336.6180
v -4064.7787 -1023.6237 336.6185
v -4065.1026 -1023.9498 336.6182
f 4714 4715 4716
v -4065.3347 -1024.3473 336.6180
v -4063.4857 -1023.2422 336.6193
v -4064.7787 -1023.6237 336.6185
f 4717 4718 4719
v -4062.0224 -1024.2271 336.6201
v -4063.4857 -1023.2422 336.6193
v -4065.3347 -1024.3473 336.6180
f 4720 4721 4722
v -4065.4608 -1024.7879 336.6178
v -4065.4731 -1025.2469 336.6177
v -4065.3347 -1024.3473 336.6180
f 4723 4724 4725
v -4065.4731 -1025.2469 336.6177
v -4064.8553 -1026.4456 336.6179
v -4065.3347 -1024.3473 336.6180
f 4726 4727 4728
v -4064.3861 -1023.3878 336.6187
v -4064.7787 -1023.6237 336.6185
v -4063.9458 -1023.2579 336.6190
f 4729 4730 4731
v -4063.9458 -1023.2579 336.6190
v -4064.7787 -1023.6237 336.6185
v -4063.4857 -1023.2422 336.6193
f 4732 4733 4734
v -4063.0370 -1023.3394 336.6196
v -4063.4857 -1023.2422 336.6193
v -4062.6275 -1023.5465 336.6198
f 4735 4736 4737
v -4062.0224 -1024.2271 336.6201
v -4062.6275 -1023.5465 336.6198
v -4063.4857 -1023.2422 336.6193
f 4738 4739 4740
v -4062.6275 -1023.5465 336.6198
v -4062.0224 -1024.2271 336.6201
v -4062.2814 -1023.8485 336.6200
f 4741 4742 4743
v -4065.3713 -1025.6941 336.6177
v -4064.8553 -1026.4456 336.6179
v -4065.4731 -1025.2469 336.6177
f 4744 4745 4746
v -4064.8553 -1026.4456 336.6179
v -4062.0224 -1024.2271 336.6201
v -4065.3347 -1024.3473 336.6180
f 4747 4748 4749
v -4064.4750 -1026.7026 336.6181
v -4064.0414 -1026.8568 336.6184
v -4064.8553 -1026.4456 336.6179
f 4750 4751 4752
v -4063.1303 -1026.8231 336.6190
v -4064.0414 -1026.8568 336.6184
v -4063.5845 -1026.8980 336.6187
f 4753 4754 4755
v -4064.8553 -1026.4456 336.6179
v -4064.0414 -1026.8568 336.6184
v -4063.1303 -1026.8231 336.6190
f 4756 4757 4758
v -4063.1303 -1026.8231 336.6190
v -4062.0224 -1024.2271 336.6201
v -4064.8553 -1026.4456 336.6179
f 4759 4760 4761
v -4061.8178 -1025.1147 336.6201
v -4061.8645 -1024.6585 336.6201
v -4061.8880 -1025.5695 336.6200
f 4762 4763 4764
v -4062.0224 -1024.2271 336.6201
v -4062.3491 -1026.3563 336.6196
v -4061.8645 -1024.6585 336.6201
f 4765 4766 4767
v -4061.8645 -1024.6585 336.6201
v -4062.3491 -1026.3563 336.6196
v -4062.0691 -1025.9920 336.6198
f 4768 4769 4770
v -4062.0691 -1025.9920 336.6198
v -4061.8880 -1025.5695 336.6200
v -4061.8645 -1024.6585 336.6201
f 4771 4772 4773
v -4062.0224 -1024.2271 336.6201
v -4063.1303 -1026.8231 336.6190
v -4062.3491 -1026.3563 336.6196
f 4774 4775 4776
v -4062.3491 -1026.3563 336.6196
v -4063.1303 -1026.8231 336.6190
v -4062.7099 -1026.6393 336.6193
f 4777 4778 4779
v -4065.1604 -1026.1037 336.6178
v -4064.8553 -1026.4456 336.6179
v -4065.3713 -1025.6941 336.6177
f 4780 4781 4782
v -4062.3408 -1026.3545 323.4551
v -4062.3491 -1026.3563 336.6196
v -4062.7099 -1026.6393 336.6193
f 4783 4784 4785
v -4062.0609 -1025.9902 323.4553
v -4062.0691 -1025.9920 336.6198
v -4062.3491 -1026.3563 336.6196
f 4786 4787 4788
v -4061.8798 -1025.5677 323.4555
v -4061.8880 -1025.5695 336.6200
v -4062.0691 -1025.9920 336.6198
f 4789 4790 4791
v -4061.8096 -1025.1129 323.4556
v -4061.8178 -1025.1147 336.6201
v -4061.8880 -1025.5695 336.6200
f 4792 4793 4794
v -4061.8563 -1024.6568 323.4556
v -4061.8645 -1024.6585 336.6201
v -4061.8178 -1025.1147 336.6201
f 4795 4796 4797
v -4062.0142 -1024.2254 323.4556
v -4062.0224 -1024.2271 336.6201
v -4061.8645 -1024.6585 336.6201
f 4798 4799 4800
v -4062.2731 -1023.8467 323.4555
v -4062.2814 -1023.8485 336.6200
v -4062.0224 -1024.2271 336.6201
f 4801 4802 4803
v -4062.6194 -1023.5447 323.4553
v -4062.6275 -1023.5465 336.6198
v -4062.2814 -1023.8485 336.6200
f 4804 4805 4806
v -4063.0288 -1023.3376 323.4551
v -4063.0370 -1023.3394 336.6196
v -4062.6275 -1023.5465 336.6198
f 4807 4808 4809
v -4063.4775 -1023.2404 323.4548
v -4063.4857 -1023.2422 336.6193
v -4063.0370 -1023.3394 336.6196
f 4810 4811 4812
v -4063.9375 -1023.2561 323.4545
v -4063.9458 -1023.2579 336.6190
v -4063.4857 -1023.2422 336.6193
f 4813 4814 4815
v -4064.3779 -1023.3860 323.4542
v -4064.3861 -1023.3878 336.6187
v -4063.9458 -1023.2579 336.6190
f 4816 4817 4818
v -4064.7705 -1023.6219 323.4540
v -4064.7787 -1023.6237 336.6185
v -4064.3861 -1023.3878 336.6187
f 4819 4820 4821
v -4065.0944 -1023.9480 323.4537
v -4065.1026 -1023.9498 336.6182
v -4064.7787 -1023.6237 336.6185
f 4822 4823 4824
v -4065.3265 -1024.3455 323.4535
v -4065.3347 -1024.3473 336.6180
v -4065.1026 -1023.9498 336.6182
f 4825 4826 4827
v -4065.4526 -1024.7861 323.4533
v -4065.4608 -1024.7879 336.6178
v -4065.3347 -1024.3473 336.6180
f 4828 4829 4830
v -4065.4649 -1025.2451 323.4533
v -4065.4731 -1025.2469 336.6177
v -4065.4608 -1024.7879 336.6178
f 4831 4832 4833
v -4065.3631 -1025.6924 323.4532
v -4065.3713 -1025.6941 336.6177
v -4065.4731 -1025.2469 336.6177
f 4834 4835 4836
v -4065.1522 -1026.1019 323.4533
v -4065.1604 -1026.1037 336.6178
v -4065.3713 -1025.6941 336.6177
f 4837 4838 4839
v -4064.8471 -1026.4437 323.4535
v -4064.8553 -1026.4456 336.6179
v -4065.1604 -1026.1037 336.6178
f 4840 4841 4842
v -4064.4668 -1026.7008 323.4537
v -4064.4750 -1026.7026 336.6181
v -4064.8553 -1026.4456 336.6179
f 4843 4844 4845
v -4064.0332 -1026.8550 323.4539
v -4064.0414 -1026.8568 336.6184
v -4064.4750 -1026.7026 336.6181
f 4846 4847 4848
v -4063.5764 -1026.8961 323.4542
v -4063.5845 -1026.8980 336.6187
v -4064.0414 -1026.8568 336.6184
f 4849 4850 4851
v -4063.1221 -1026.8213 323.4545
v -4063.1303 -1026.8231 336.6190
v -4063.5845 -1026.8980 336.6187
f 4852 4853 4854
v -4062.7016 -1026.6375 323.4548
v -4062.7099 -1026.6393 336.6193
v -4063.1303 -1026.8231 336.6190
f 4855 4856 4857
v -4062.3408 -1026.3545 323.4551
v -4062.7099 -1026.6393 336.6193
v -4062.7016 -1026.6375 323.4548
f 4858 4859 4860
v -4062.0609 -1025.9902 323.4553
v -4062.3491 -1026.3563 336.6196
v -4062.3408 -1026.3545 323.4551
f 4861 4862 4863
v -4061.8798 -1025.5677 323.4555
v -4062.0691 -1025.9920 336.6198
v -4062.0609 -1025.9902 323.4553
f 4864 4865 4866
v -4061.8096 -1025.1129 323.4556
v -4061.8880 -1025.5695 336.6200
v -4061.8798 -1025.5677 323.4555
f 4867 4868 4869
v -4061.8563 -1024.6568 323.4556
v -4061.8178 -1025.1147 336.6201
v -4061.8096 -1025.1129 323.4556
f 4870 4871 4872
v -4062.0142 -1024.2254 323.4556
v -4061.8645 -1024.6585 336.6201
v -4061.8563 -1024.6568 323.4556
f 4873 4874 4875
v -4062.2731 -1023.8467 323.4555
v -4062.0224 -1024.2271 336.6201
v -4062.0142 -1024.2254 323.4556
f 4876 4877 4878
v -4062.6194 -1023.5447 323.4553
v -4062.2814 -1023.8485 336.6200
v -4062.2731 -1023.8467 323.4555
f 4879 4880 4881
v -4063.0288 -1023.3376 323.4551
v -4062.6275 -1023.5465 336.6198
v -4062.6194 -1023.5447 323.4553
f 4882 4883 4884
v -4063.4775 -1023.2404 323.4548
v -4063.0370 -1023.3394 336.6196
v -4063.0288 -1023.3376 323.4551
f 4885 4886 4887
v -4063.9375 -1023.2561 323.4545
v -4063.4857 -1023.2422 336.6193
v -4063.4775 -1023.2404 323.4548
f 4888 4889 4890
v -4064.3779 -1023.3860 323.4542
v -4063.9458 -1023.2579 336.6190
v -4063.9375 -1023.2561 323.4545
f 4891 4892 4893
v -4064.7705 -1023.6219 323.4540
v -4064.3861 -1023.3878 336.6187
v -4064.3779 -1023.3860 323.4542
f 4894 4895 4896
v -4065.0944 -1023.9480 323.4537
v -4064.7787 -1023.6237 336.6185
v -4064.7705 -1023.6219 323.4540
f 4897 4898 4899
v -4065.3265 -1024.3455 323.4535
v -4065.1026 -1023.9498 336.6182
v -4065.0944 -1023.9480 323.4537
f 4900 4901 4902
v -4065.4526 -1024.7861 323.4533
v -4065.3347 -1024.3473 336.6180
v -4065.3265 -1024.3455 323.4535
f 4903 4904 4905
v -4065.4649 -1025.2451 323.4533
v -4065.4608 -1024.7879 336.6178
v -4065.4526 -1024.7861 323.4533
f 4906 4907 4908
v -4065.3631 -1025.6924 323.4532
v -4065.4731 -1025.2469 336.6177
v -4065.4649 -1025.2451 323.4533
f 4909 4910 4911
v -4065.1522 -1026.1019 323.4533
v -4065.3713 -1025.6941 336.6177
v -4065.3631 -1025.6924 323.4532
f 4912 4913 4914
v -4064.8471 -1026.4437 323.4535
v -4065.1604 -1026.1037 336.6178
v -4065.1522 -1026.1019 323.4533
f 4915 4916 4917
v -4064.4668 -1026.7008 323.4537
v -4064.8553 -1026.4456 336.6179
v -4064.8471 -1026.4437 323.4535
f 4918 4919 4920
v -4064.0332 -1026.8550 323.4539
v -4064.4750 -1026.7026 336.6181
v -4064.4668 -1026.7008 323.4537
f 4921 4922 4923
v -4063.5764 -1026.8961 323.4542
v -4064.0414 -1026.8568 336.6184
v -4064.0332 -1026.8550 323.4539
f 4924 4925 4926
v -4063.1221 -1026.8213 323.4545
v -4063.5845 -1026.8980 336.6187
v -4063.5764 -1026.8961 323.4542
f 4927 4928 4929
v -4062.7016 -1026.6375 323.4548
v -4063.1303 -1026.8231 336.6190
v -4063.1221 -1026.8213 323.4545
f 4930 4931 4932

g building_ID_88B25DB0-AAC6-461D-A0D7-09EC6AD7B477
v -4063.1964 -1035.5488 321.6191
v -4069.1273 -1034.0030 321.6156
v -4063.0732 -1035.4732 321.6192
f 4933 4934 4935
v -4069.1273 -1034.0030 321.6156
v -4063.1964 -1035.5488 321.6191
v -4069.5577 -1036.0148 321.6150
f 4936 4937 4938
v -4075.1337 -1053.9118 321.6085
v -4071.0738 -1038.3147 321.6137
v -4069.5577 -1036.0148 321.6150
f 4939 4940 4941
v -4071.0738 -1038.3147 321.6137
v -4070.4362 -1035.8184 321.6145
v -4069.5577 -1036.0148 321.6150
f 4942 4943 4944
v -4067.9525 -1055.6581 321.6128
v -4069.5577 -1036.0148 321.6150
v -4063.1964 -1035.5488 321.6191
f 4945 4946 4947
v -4071.0738 -1038.3147 321.6137
v -4075.1337 -1053.9118 321.6085
v -4071.4246 -1038.2317 321.6135
f 4948 4949 4950
v -4075.1337 -1053.9118 321.6085
v -4069.5577 -1036.0148 321.6150
v -4067.9525 -1055.6581 321.6128
f 4951 4952 4953
v -4075.1377 -1053.9126 327.9942
v -4065.2193 -1037.1795 328.7323
v -4073.7328 -1047.9724 327.9911
f 4954 4955 4956
v -4075.1377 -1053.9126 327.9942
v -4067.9571 -1055.6591 328.9465
v -4065.2193 -1037.1795 328.7323
f 4957 4958 4959
v -4071.0779 -1038.3156 328.0334
v -4071.4286 -1038.2326 327.9862
v -4073.7328 -1047.9724 327.9911
f 4960 4961 4962
v -4071.0779 -1038.3156 328.0334
v -4065.2193 -1037.1795 328.7323
v -4070.4097 -1036.0224 328.0472
f 4963 4964 4965
v -4063.2617 -1035.8077 328.9357
v -4065.2193 -1037.1795 328.7323
v -4067.9571 -1055.6591 328.9465
f 4966 4967 4968
v -4070.4402 -1035.8194 328.0372
v -4070.4097 -1036.0224 328.0472
v -4070.3682 -1035.8355 328.0472
f 4969 4970 4971
v -4071.0779 -1038.3156 328.0334
v -4070.4097 -1036.0224 328.0472
v -4070.4402 -1035.8194 328.0372
f 4972 4973 4974
v -4073.7328 -1047.9724 327.9911
v -4065.2193 -1037.1795 328.7323
v -4071.0779 -1038.3156 328.0334
f 4975 4976 4977
v -4063.0738 -1035.4733 322.4212
v -4069.1273 -1034.0030 321.6156
v -4069.1278 -1034.0030 322.4176
f 4978 4979 4980
v -4069.1273 -1034.0030 321.6156
v -4063.0738 -1035.4733 322.4212
v -4063.0732 -1035.4732 321.6192
f 4981 4982 4983
v -4070.4362 -1035.8184 321.6145
v -4071.0738 -1038.3147 321.6137
v -4071.0779 -1038.3156 328.0334
f 4984 4985 4986
v -4071.0779 -1038.3156 328.0334
v -4071.0738 -1038.3147 321.6137
v -4071.4286 -1038.2326 327.9862
f 4987 4988 4989
v -4071.0738 -1038.3147 321.6137
v -4071.4246 -1038.2317 321.6135
v -4071.4286 -1038.2326 327.9862
f 4990 4991 4992
v -4075.1337 -1053.9118 321.6085
v -4075.1377 -1053.9126 327.9942
v -4073.7328 -1047.9724 327.9911
f 4993 4994 4995
v -4071.4246 -1038.2317 321.6135
v -4073.7328 -1047.9724 327.9911
v -4071.4286 -1038.2326 327.9862
f 4996 4997 4998
v -4075.1337 -1053.9118 321.6085
v -4073.7328 -1047.9724 327.9911
v -4071.4246 -1038.2317 321.6135
f 4999 5000 5001
v -4067.9525 -1055.6581 321.6128
v -4067.9571 -1055.6591 328.9465
v -4075.1337 -1053.9118 321.6085
f 5002 5003 5004
v -4067.9571 -1055.6591 328.9465
v -4075.1377 -1053.9126 327.9942
v -4075.1337 -1053.9118 321.6085
f 5005 5006 5007
v -4066.0816 -1027.3585 331.4022
v -4065.2206 -1037.1797 330.9222
v -4062.9832 -1028.0747 330.8901
f 5008 5009 5010
v -4062.5400 -1033.6339 330.6255
v -4061.4329 -1028.4339 330.6340
v -4062.9832 -1028.0747 330.8901
f 5011 5012 5013
v -4069.5639 -1036.0161 331.6446
v -4066.0816 -1027.3585 331.4022
v -4067.6337 -1026.9993 331.6593
f 5014 5015 5016
v -4069.5639 -1036.0161 331.6446
v -4065.2206 -1037.1797 330.9222
v -4066.0816 -1027.3585 331.4022
f 5017 5018 5019
v -4070.4120 -1036.0229 331.7781
v -4069.5639 -1036.0161 331.6446
v -4070.3706 -1035.8360 331.7781
f 5020 5021 5022
v -4069.5639 -1036.0161 331.6446
v -4070.4120 -1036.0229 331.7781
v -4065.2206 -1037.1797 330.9222
f 5023 5024 5025
v -4062.9832 -1028.0747 330.8901
v -4065.2206 -1037.1797 330.9222
v -4062.5400 -1033.6339 330.6255
f 5026 5027 5028
v -4063.2021 -1035.5501 330.6617
v -4062.9096 -1035.3709 330.6229
v -4062.5400 -1033.6339 330.6255
f 5029 5030 5031
v -4065.2206 -1037.1797 330.9222
v -4063.2628 -1035.8080 330.6626
v -4063.2021 -1035.5501 330.6617
f 5032 5033 5034
v -4063.2021 -1035.5501 330.6617
v -4062.5400 -1033.6339 330.6255
v -4065.2206 -1037.1797 330.9222
f 5035 5036 5037
v -4062.9045 -1035.3698 322.4213
v -4061.4279 -1028.4328 322.4234
v -4062.9096 -1035.3709 330.6229
f 5038 5039 5040
v -4067.6316 -1026.9989 328.1944
v -4067.6337 -1026.9993 331.6593
v -4066.0816 -1027.3585 331.4022
f 5041 5042 5043
v -4067.6280 -1026.9981 322.4197
v -4067.6316 -1026.9989 328.1944
v -4062.9832 -1028.0747 330.8901
f 5044 5045 5046
v -4067.6280 -1026.9981 322.4197
v -4061.4329 -1028.4339 330.6340
v -4061.4279 -1028.4328 322.4234
f 5047 5048 5049
v -4069.1278 -1034.0030 322.4176
v -4062.9045 -1035.3698 322.4213
v -4063.0738 -1035.4733 322.4212
f 5050 5051 5052
v -4069.1278 -1034.0030 322.4176
v -4067.6280 -1026.9981 322.4197
v -4062.9045 -1035.3698 322.4213
f 5053 5054 5055
v -4062.9045 -1035.3698 322.4213
v -4067.6280 -1026.9981 322.4197
v -4061.4279 -1028.4328 322.4234
f 5056 5057 5058
v -4070.4097 -1036.0224 328.0472
v -4070.4120 -1036.0229 331.7781
v -4070.3706 -1035.8360 331.7781
f 5059 5060 5061
v -4070.4120 -1036.0229 331.7781
v -4065.2193 -1037.1795 328.7323
v -4065.2206 -1037.1797 330.9222
f 5062 5063 5064
v -4065.2193 -1037.1795 328.7323
v -4070.4120 -1036.0229 331.7781
v -4070.4097 -1036.0224 328.0472
f 5065 5066 5067
v -4063.2617 -1035.8077 328.9357
v -4063.2628 -1035.8080 330.6626
v -4065.2193 -1037.1795 328.7323
f 5068 5069 5070
v -4063.0738 -1035.4733 322.4212
v -4062.9096 -1035.3709 330.6229
v -4063.1964 -1035.5488 321.6191
f 5071 5072 5073
v -4063.2021 -1035.5501 330.6617
v -4063.1964 -1035.5488 321.6191
v -4062.9096 -1035.3709 330.6229
f 5074 5075 5076
v -4063.0732 -1035.4732 321.6192
v -4063.0738 -1035.4733 322.4212
v -4063.1964 -1035.5488 321.6191
f 5077 5078 5079
v -4062.9045 -1035.3698 322.4213
v -4062.9096 -1035.3709 330.6229
v -4063.0738 -1035.4733 322.4212
f 5080 5081 5082
v -4067.6316 -1026.9989 328.1944
v -4069.1278 -1034.0030 322.4176
v -4069.5618 -1036.0157 328.1537
f 5083 5084 5085
v -4069.5618 -1036.0157 328.1537
v -4069.1278 -1034.0030 322.4176
v -4069.5577 -1036.0148 321.6150
f 5086 5087 5088
v -4069.1273 -1034.0030 321.6156
v -4069.5577 -1036.0148 321.6150
v -4069.1278 -1034.0030 322.4176
f 5089 5090 5091
v -4067.6316 -1026.9989 328.1944
v -4069.5618 -1036.0157 328.1537
v -4069.5639 -1036.0161 331.6446
f 5092 5093 5094
v -4067.6316 -1026.9989 328.1944
v -4067.6280 -1026.9981 322.4197
v -4069.1278 -1034.0030 322.4176
f 5095 5096 5097
v -4067.6337 -1026.9993 331.6593
v -4067.6316 -1026.9989 328.1944
v -4069.5639 -1036.0161 331.6446
f 5098 5099 5100
v -4070.3682 -1035.8355 328.0472
v -4070.4362 -1035.8184 321.6145
v -4070.4402 -1035.8194 328.0372
f 5101 5102 5103
v -4069.5618 -1036.0157 328.1537
v -4070.3706 -1035.8360 331.7781
v -4069.5639 -1036.0161 331.6446
f 5104 5105 5106
v -4070.3682 -1035.8355 328.0472
v -4070.3706 -1035.8360 331.7781
v -4069.5618 -1036.0157 328.1537
f 5107 5108 5109
v -4069.5618 -1036.0157 328.1537
v -4069.5577 -1036.0148 321.6150
v -4070.3682 -1035.8355 328.0472
f 5110 5111 5112
v -4070.3682 -1035.8355 328.0472
v -4069.5577 -1036.0148 321.6150
v -4070.4362 -1035.8184 321.6145
f 5113 5114 5115
v -4063.2617 -1035.8077 328.9357
v -4063.1964 -1035.5488 321.6191
v -4063.2021 -1035.5501 330.6617
f 5116 5117 5118
v -4063.2617 -1035.8077 328.9357
v -4067.9571 -1055.6591 328.9465
v -4063.1964 -1035.5488 321.6191
f 5119 5120 5121
v -4067.9525 -1055.6581 321.6128
v -4063.1964 -1035.5488 321.6191
v -4067.9571 -1055.6591 328.9465
f 5122 5123 5124
v -4063.2021 -1035.5501 330.6617
v -4063.2628 -1035.8080 330.6626
v -4063.2617 -1035.8077 328.9357
f 5125 5126 5127
v -4071.0779 -1038.3156 328.0334
v -4070.4402 -1035.8194 328.0372
v -4070.4362 -1035.8184 321.6145
f 5128 5129 5130
v -4061.4329 -1028.4339 330.6340
v -4062.5400 -1033.6339 330.6255
v -4061.4279 -1028.4328 322.4234
f 5131 5132 5133
v -4062.9096 -1035.3709 330.6229
v -4061.4279 -1028.4328 322.4234
v -4062.5400 -1033.6339 330.6255
f 5134 5135 5136
v -4067.6316 -1026.9989 328.1944
v -4066.0816 -1027.3585 331.4022
v -4062.9832 -1028.0747 330.8901
f 5137 5138 5139
v -4067.6280 -1026.9981 322.4197
v -4062.9832 -1028.0747 330.8901
v -4061.4329 -1028.4339 330.6340
f 5140 5141 5142
v -4070.4097 -1036.0224 328.0472
v -4070.3706 -1035.8360 331.7781
v -4070.3682 -1035.8355 328.0472
f 5143 5144 5145
v -4063.2628 -1035.8080 330.6626
v -4065.2206 -1037.1797 330.9222
v -4065.2193 -1037.1795 328.7323
f 5146 5147 5148

g building_ID_37682F03-A9F2-490D-AFFF-582D58BCB169
v -4075.1586 -1037.3518 322.1982
v -4075.1969 -1054.1787 322.1953
v -4082.4972 -1052.4580 322.1910
f 5149 5150 5151
v -4071.4250 -1038.2318 322.2005
v -4075.1969 -1054.1787 322.1953
v -4075.1586 -1037.3518 322.1982
f 5152 5153 5154
v -4078.7434 -1036.5062 322.1961
v -4075.1586 -1037.3518 322.1982
v -4082.4972 -1052.4580 322.1910
f 5155 5156 5157
v -4071.4300 -1038.2330 330.1861
v -4079.0349 -1053.2766 331.0027
v -4075.2018 -1054.1798 330.1590
f 5158 5159 5160
v -4079.0349 -1053.2766 331.0027
v -4071.4300 -1038.2330 330.1861
v -4075.1641 -1037.3530 331.0078
f 5161 5162 5163
v -4078.7483 -1036.5073 330.2147
v -4082.5022 -1052.4592 330.2357
v -4079.0349 -1053.2766 331.0027
f 5164 5165 5166
v -4075.1641 -1037.3530 331.0078
v -4078.7483 -1036.5073 330.2147
v -4079.0349 -1053.2766 331.0027
f 5167 5168 5169
v -4071.4250 -1038.2318 322.2005
v -4071.4300 -1038.2330 330.1861
v -4075.2018 -1054.1798 330.1590
f 5170 5171 5172
v -4075.1969 -1054.1787 322.1953
v -4071.4250 -1038.2318 322.2005
v -4075.2018 -1054.1798 330.1590
f 5173 5174 5175
v -4078.7483 -1036.5073 330.2147
v -4078.7434 -1036.5062 322.1961
v -4082.4972 -1052.4580 322.1910
f 5176 5177 5178
v -4075.1586 -1037.3518 322.1982
v -4078.7434 -1036.5062 322.1961
v -4078.7483 -1036.5073 330.2147
f 5179 5180 5181
v -4075.1586 -1037.3518 322.1982
v -4078.7483 -1036.5073 330.2147
v -4075.1641 -1037.3530 331.0078
f 5182 5183 5184
v -4075.1641 -1037.3530 331.0078
v -4071.4300 -1038.2330 330.1861
v -4075.1586 -1037.3518 322.1982
f 5185 5186 5187
v -4071.4300 -1038.2330 330.1861
v -4071.4250 -1038.2318 322.2005
v -4075.1586 -1037.3518 322.1982
f 5188 5189 5190
v -4075.2018 -1054.1798 330.1590
v -4082.4972 -1052.4580 322.1910
v -4075.1969 -1054.1787 322.1953
f 5191 5192 5193
v -4082.4972 -1052.4580 322.1910
v -4079.0349 -1053.2766 331.0027
v -4082.5022 -1052.4592 330.2357
f 5194 5195 5196
v -4082.4972 -1052.4580 322.1910
v -4075.2018 -1054.1798 330.1590
v -4079.0349 -1053.2766 331.0027
f 5197 5198 5199
v -4082.5022 -1052.4592 330.2357
v -4078.7483 -1036.5073 330.2147
v -4082.4972 -1052.4580 322.1910
f 5200 5201 5202

g building_ID_7A046687-E3E3-4F86-8F0B-854324E2341D
v -4107.3817 -1056.9418 334.0948
v -4106.6616 -1056.2507 333.6423
v -4109.2062 -1055.6462 335.7597
f 5203 5204 5205
v -4109.2062 -1055.6462 335.7597
v -4109.7926 -1058.3836 335.7589
v -4107.3817 -1056.9418 334.0948
f 5206 5207 5208
v -4109.2062 -1055.6462 335.7597
v -4111.0194 -1056.0870 334.0926
v -4109.7926 -1058.3836 335.7589
f 5209 5210 5211
v -4111.2510 -1055.2944 333.7036
v -4111.0194 -1056.0870 334.0926
v -4111.2227 -1055.1655 333.7036
f 5212 5213 5214
v -4109.2062 -1055.6462 335.7597
v -4111.2227 -1055.1655 333.7036
v -4111.0194 -1056.0870 334.0926
f 5215 5216 5217
v -4093.0049 -1068.2448 322.8256
v -4108.3630 -1064.5365 322.8164
v -4102.6504 -1057.6080 322.8212
f 5218 5219 5220
v -4091.0722 -1060.1301 322.8282
v -4093.0049 -1068.2448 322.8256
v -4102.6504 -1057.6080 322.8212
f 5221 5222 5223
v -4102.6504 -1057.6080 322.8212
v -4102.5957 -1057.3542 322.8213
v -4091.0722 -1060.1301 322.8282
f 5224 5225 5226
v -4102.6504 -1057.6080 322.8212
v -4108.3630 -1064.5365 322.8164
v -4106.6198 -1056.6683 322.8188
f 5227 5228 5229
v -4108.5704 -1065.0480 322.8162
v -4113.1760 -1063.8207 322.8134
v -4108.5121 -1064.9482 322.8162
f 5230 5231 5232
v -4113.1684 -1063.9677 322.8134
v -4113.1760 -1063.8207 322.8134
v -4108.5704 -1065.0480 322.8162
f 5233 5234 5235
v -4108.5121 -1064.9482 322.8162
v -4113.1760 -1063.8207 322.8134
v -4113.1219 -1063.3938 322.8135
f 5236 5237 5238
v -4113.1219 -1063.3938 322.8135
v -4111.3008 -1055.5547 322.8160
v -4108.3630 -1064.5365 322.8164
f 5239 5240 5241
v -4106.5358 -1056.2775 322.8189
v -4106.6198 -1056.6683 322.8188
v -4111.3008 -1055.5547 322.8160
f 5242 5243 5244
v -4106.6198 -1056.6683 322.8188
v -4108.3630 -1064.5365 322.8164
v -4111.3008 -1055.5547 322.8160
f 5245 5246 5247
v -4111.3008 -1055.5547 322.8160
v -4111.2158 -1055.1639 322.8161
v -4106.5358 -1056.2775 322.8189
f 5248 5249 5250
v -4113.8105 -1055.0449 322.8144
v -4113.7923 -1054.9650 322.8145
v -4111.3008 -1055.5547 322.8160
f 5251 5252 5253
v -4115.6313 -1062.8140 322.8120
v -4113.8105 -1055.0449 322.8144
v -4111.3008 -1055.5547 322.8160
f 5254 5255 5256
v -4111.3008 -1055.5547 322.8160
v -4113.1219 -1063.3938 322.8135
v -4115.6313 -1062.8140 322.8120
f 5257 5258 5259
v -4108.5121 -1064.9482 322.8162
v -4113.1219 -1063.3938 322.8135
v -4108.3630 -1064.5365 322.8164
f 5260 5261 5262
v -4093.0838 -1068.2293 333.7681
v -4093.0118 -1068.2464 333.7221
v -4092.3676 -1065.5421 333.7180
f 5263 5264 5265
v -4092.3676 -1065.5421 333.7180
v -4093.4761 -1067.5022 334.1019
v -4093.0838 -1068.2293 333.7681
f 5266 5267 5268
v -4091.8525 -1060.5926 334.1041
v -4092.3676 -1065.5421 333.7180
v -4091.1690 -1060.1104 333.7656
f 5269 5270 5271
v -4091.0790 -1060.1316 333.7097
v -4091.1690 -1060.1104 333.7656
v -4092.3676 -1065.5421 333.7180
f 5272 5273 5274
v -4093.4761 -1067.5022 334.1019
v -4092.3676 -1065.5421 333.7180
v -4091.8525 -1060.5926 334.1041
f 5275 5276 5277
v -4095.3497 -1063.3426 337.0653
v -4093.4761 -1067.5022 334.1019
v -4091.8525 -1060.5926 334.1041
f 5278 5279 5280
v -4113.0016 -1062.3908 334.5062
v -4115.2063 -1062.3948 334.0888
v -4113.0657 -1062.8976 334.0901
f 5281 5282 5283
v -4115.2063 -1062.3948 334.0888
v -4111.7574 -1061.7813 335.2260
v -4111.6794 -1059.5047 337.0555
f 5284 5285 5286
v -4110.1559 -1061.0117 336.1402
v -4111.6794 -1059.5047 337.0555
v -4111.7574 -1061.7813 335.2260
f 5287 5288 5289
v -4113.0016 -1062.3908 334.5062
v -4111.7574 -1061.7813 335.2260
v -4115.2063 -1062.3948 334.0888
f 5290 5291 5292
v -4093.4761 -1067.5022 334.1019
v -4108.1261 -1063.7369 334.3502
v -4108.1918 -1064.0447 334.0921
f 5293 5294 5295
v -4095.3497 -1063.3426 337.0653
v -4108.1261 -1063.7369 334.3502
v -4093.4761 -1067.5022 334.1019
f 5296 5297 5298
v -4095.3497 -1063.3426 337.0653
v -4110.1559 -1061.0117 336.1402
v -4109.1500 -1062.3733 335.2436
f 5299 5300 5301
v -4108.1261 -1063.7369 334.3502
v -4095.3497 -1063.3426 337.0653
v -4109.1500 -1062.3733 335.2436
f 5302 5303 5304
v -4111.6794 -1059.5047 337.0555
v -4110.1559 -1061.0117 336.1402
v -4095.3497 -1063.3426 337.0653
f 5305 5306 5307
v -4115.6060 -1062.6767 333.8905
v -4113.5818 -1055.4842 334.0910
v -4113.8174 -1055.0465 333.8889
f 5308 5309 5310
v -4113.5818 -1055.4842 334.0910
v -4115.6060 -1062.6767 333.8905
v -4115.2063 -1062.3948 334.0888
f 5311 5312 5313
v -4115.6383 -1062.8157 333.8135
v -4113.1289 -1063.3954 333.8200
v -4113.0657 -1062.8976 334.0901
f 5314 5315 5316
v -4115.6383 -1062.8157 333.8135
v -4113.0657 -1062.8976 334.0901
v -4115.2063 -1062.3948 334.0888
f 5317 5318 5319
v -4115.6383 -1062.8157 333.8135
v -4115.2063 -1062.3948 334.0888
v -4115.6060 -1062.6767 333.8905
f 5320 5321 5322
v -4111.6794 -1059.5047 337.0555
v -4113.5818 -1055.4842 334.0910
v -4115.2063 -1062.3948 334.0888
f 5323 5324 5325
v -4091.0773 -1060.1312 330.9858
v -4091.0790 -1060.1316 333.7097
v -4092.3676 -1065.5421 333.7180
f 5326 5327 5328
v -4093.0049 -1068.2448 322.8256
v -4091.0722 -1060.1301 322.8282
v -4092.3676 -1065.5421 333.7180
f 5329 5330 5331
v -4093.0084 -1068.2456 328.2743
v -4093.0067 -1068.2453 325.5495
v -4092.3676 -1065.5421 333.7180
f 5332 5333 5334
v -4093.0049 -1068.2448 322.8256
v -4092.3676 -1065.5421 333.7180
v -4093.0067 -1068.2453 325.5495
f 5335 5336 5337
v -4113.7992 -1054.9666 333.8450
v -4111.3008 -1055.5547 322.8160
v -4113.7974 -1054.9662 331.0861
f 5338 5339 5340
v -4113.7923 -1054.9650 322.8145
v -4113.7957 -1054.9658 328.3282
v -4111.3008 -1055.5547 322.8160
f 5341 5342 5343
v -4102.6504 -1057.6080 322.8212
v -4102.6573 -1057.6096 333.8637
v -4102.6008 -1057.3553 330.9629
f 5344 5345 5346
v -4102.6504 -1057.6080 322.8212
v -4102.6008 -1057.3553 330.9629
v -4102.5957 -1057.3542 322.8213
f 5347 5348 5349
v -4115.6383 -1062.8157 333.8135
v -4115.6365 -1062.8152 331.0616
v -4113.1289 -1063.3954 333.8200
f 5350 5351 5352
v -4115.6365 -1062.8152 331.0616
v -4115.6348 -1062.8149 328.3097
v -4113.1289 -1063.3954 333.8200
f 5353 5354 5355
v -4113.1219 -1063.3938 322.8135
v -4113.1289 -1063.3954 333.8200
v -4115.6313 -1062.8140 322.8120
f 5356 5357 5358
v -4113.1289 -1063.3954 333.8200
v -4115.6331 -1062.8144 325.5578
v -4115.6313 -1062.8140 322.8120
f 5359 5360 5361
v -4108.5704 -1065.0480 322.8162
v -4108.5716 -1065.0483 324.8811
v -4113.1698 -1063.9680 324.8783
f 5362 5363 5364
v -4091.1690 -1060.1104 333.7656
v -4102.6026 -1057.3556 333.7238
v -4102.6573 -1057.6096 333.8637
f 5365 5366 5367
v -4102.6573 -1057.6096 333.8637
v -4107.3817 -1056.9418 334.0948
v -4091.8525 -1060.5926 334.1041
f 5368 5369 5370
v -4102.6573 -1057.6096 333.8637
v -4091.8525 -1060.5926 334.1041
v -4091.1690 -1060.1104 333.7656
f 5371 5372 5373
v -4106.6268 -1056.6698 333.8583
v -4106.5426 -1056.2790 333.6424
v -4106.6616 -1056.2507 333.6423
f 5374 5375 5376
v -4106.6616 -1056.2507 333.6423
v -4107.3817 -1056.9418 334.0948
v -4106.6268 -1056.6698 333.8583
f 5377 5378 5379
v -4102.6573 -1057.6096 333.8637
v -4106.6268 -1056.6698 333.8583
v -4107.3817 -1056.9418 334.0948
f 5380 5381 5382
v -4113.7992 -1054.9666 333.8450
v -4111.0194 -1056.0870 334.0926
v -4111.3078 -1055.5563 333.8485
f 5383 5384 5385
v -4111.2510 -1055.2944 333.7036
v -4111.3078 -1055.5563 333.8485
v -4111.0194 -1056.0870 334.0926
f 5386 5387 5388
v -4111.0194 -1056.0870 334.0926
v -4113.7992 -1054.9666 333.8450
v -4113.5818 -1055.4842 334.0910
f 5389 5390 5391
v -4113.8174 -1055.0465 333.8889
v -4113.5818 -1055.4842 334.0910
v -4113.7992 -1054.9666 333.8450
f 5392 5393 5394
v -4109.7926 -1058.3836 335.7589
v -4095.3497 -1063.3426 337.0653
v -4091.8525 -1060.5926 334.1041
f 5395 5396 5397
v -4107.3817 -1056.9418 334.0948
v -4109.7926 -1058.3836 335.7589
v -4091.8525 -1060.5926 334.1041
f 5398 5399 5400
v -4109.7926 -1058.3836 335.7589
v -4111.0194 -1056.0870 334.0926
v -4113.5818 -1055.4842 334.0910
f 5401 5402 5403
v -4095.3497 -1063.3426 337.0653
v -4109.7926 -1058.3836 335.7589
v -4111.6794 -1059.5047 337.0555
f 5404 5405 5406
v -4113.5818 -1055.4842 334.0910
v -4111.6794 -1059.5047 337.0555
v -4109.7926 -1058.3836 335.7589
f 5407 5408 5409
v -4102.6573 -1057.6096 333.8637
v -4106.6198 -1056.6683 322.8188
v -4106.6268 -1056.6698 333.8583
f 5410 5411 5412
v -4106.6198 -1056.6683 322.8188
v -4102.6573 -1057.6096 333.8637
v -4102.6504 -1057.6080 322.8212
f 5413 5414 5415
v -4109.7467 -1066.1515 334.4657
v -4109.0244 -1065.6625 334.5203
v -4108.8438 -1065.4510 334.5874
f 5416 5417 5418
v -4109.3631 -1065.9395 334.4660
v -4109.0244 -1065.6625 334.5203
v -4109.7467 -1066.1515 334.4657
f 5419 5420 5421
v -4109.7467 -1066.1515 334.4657
v -4108.8438 -1065.4510 334.5874
v -4110.8068 -1063.9460 336.1393
f 5422 5423 5424
v -4109.7467 -1066.1515 334.4657
v -4110.5003 -1066.3436 334.5992
v -4110.1570 -1066.2914 334.5174
f 5425 5426 5427
v -4109.7467 -1066.1515 334.4657
v -4110.8068 -1063.9460 336.1393
v -4110.5003 -1066.3436 334.5992
f 5428 5429 5430
v -4111.0122 -1066.3451 334.5299
v -4110.5823 -1066.3563 334.5801
v -4110.8068 -1063.9460 336.1393
f 5431 5432 5433
v -4110.8068 -1063.9460 336.1393
v -4111.2251 -1066.3116 334.5237
v -4111.0122 -1066.3451 334.5299
f 5434 5435 5436
v -4110.8068 -1063.9460 336.1393
v -4111.6378 -1066.1895 334.5485
v -4111.2251 -1066.3116 334.5237
f 5437 5438 5439
v -4110.5823 -1066.3563 334.5801
v -4110.5003 -1066.3436 334.5992
v -4110.8068 -1063.9460 336.1393
f 5440 5441 5442
v -4112.0213 -1065.9965 334.6253
v -4111.6378 -1066.1895 334.5485
v -4110.8068 -1063.9460 336.1393
f 5443 5444 5445
v -4112.2339 -1065.8449 334.6962
v -4112.2001 -1065.8760 334.6802
v -4112.0213 -1065.9965 334.6253
f 5446 5447 5448
v -4112.2339 -1065.8449 334.6962
v -4112.0213 -1065.9965 334.6253
v -4110.8068 -1063.9460 336.1393
f 5449 5450 5451
v -4112.5202 -1065.5891 334.6250
v -4112.2339 -1065.8449 334.6962
v -4110.8068 -1063.9460 336.1393
f 5452 5453 5454
v -4110.8068 -1063.9460 336.1393
v -4112.7863 -1065.2513 334.5919
v -4112.5202 -1065.5891 334.6250
f 5455 5456 5457
v -4112.7863 -1065.2513 334.5919
v -4110.8068 -1063.9460 336.1393
v -4112.9893 -1064.8718 334.6078
f 5458 5459 5460
v -4110.8068 -1063.9460 336.1393
v -4113.0648 -1064.6706 334.6348
v -4112.9893 -1064.8718 334.6078
f 5461 5462 5463
v -4110.8068 -1063.9460 336.1393
v -4113.1320 -1064.3795 334.6968
v -4113.0648 -1064.6706 334.6348
f 5464 5465 5466
v -4110.1570 -1066.2914 334.5174
v -4110.1510 -1066.2901 324.8798
v -4109.7406 -1066.1501 324.8801
f 5467 5468 5469
v -4109.7406 -1066.1501 324.8801
v -4109.3570 -1065.9383 324.8804
v -4109.7467 -1066.1515 334.4657
f 5470 5471 5472
v -4109.3631 -1065.9395 334.4660
v -4109.0183 -1065.6611 324.8807
v -4109.0244 -1065.6625 334.5203
f 5473 5474 5475
v -4112.0152 -1065.9951 324.8787
v -4112.0213 -1065.9965 334.6253
v -4112.1938 -1065.8746 324.8786
f 5476 5477 5478
v -4112.1938 -1065.8746 324.8786
v -4112.0213 -1065.9965 334.6253
v -4112.2001 -1065.8760 334.6802
f 5479 5480 5481
v -4112.0213 -1065.9965 334.6253
v -4111.6317 -1066.1881 324.8789
v -4111.6378 -1066.1895 334.5485
f 5482 5483 5484
v -4111.6317 -1066.1881 324.8789
v -4112.0213 -1065.9965 334.6253
v -4112.0152 -1065.9951 324.8787
f 5485 5486 5487
v -4111.2190 -1066.3102 324.8791
v -4111.2251 -1066.3116 334.5237
v -4111.6378 -1066.1895 334.5485
f 5488 5489 5490
v -4111.0062 -1066.3438 324.8793
v -4111.0122 -1066.3451 334.5299
v -4111.2251 -1066.3116 334.5237
f 5491 5492 5493
v -4111.0062 -1066.3438 324.8793
v -4110.5772 -1066.3549 324.8795
v -4110.5823 -1066.3563 334.5801
f 5494 5495 5496
v -4110.5823 -1066.3563 334.5801
v -4111.0122 -1066.3451 334.5299
v -4111.0062 -1066.3438 324.8793
f 5497 5498 5499
v -4112.1938 -1065.8746 324.8786
v -4112.2001 -1065.8760 334.6802
v -4112.2278 -1065.8435 324.8786
f 5500 5501 5502
v -4112.9832 -1064.8704 324.8782
v -4112.9893 -1064.8718 334.6078
v -4113.0648 -1064.6706 334.6348
f 5503 5504 5505
v -4113.0648 -1064.6706 334.6348
v -4113.0586 -1064.6692 324.8782
v -4112.9832 -1064.8704 324.8782
f 5506 5507 5508
v -4112.9893 -1064.8718 334.6078
v -4112.7802 -1065.2501 324.8783
v -4112.7863 -1065.2513 334.5919
f 5509 5510 5511
v -4112.7802 -1065.2501 324.8783
v -4112.9893 -1064.8718 334.6078
v -4112.9832 -1064.8704 324.8782
f 5512 5513 5514
v -4112.2278 -1065.8435 324.8786
v -4112.5202 -1065.5891 334.6250
v -4112.5141 -1065.5877 324.8784
f 5515 5516 5517
v -4108.3699 -1064.5382 333.8099
v -4093.0838 -1068.2293 333.7681
v -4093.4761 -1067.5022 334.1019
f 5518 5519 5520
v -4093.4761 -1067.5022 334.1019
v -4108.1918 -1064.0447 334.0921
v -4108.3699 -1064.5382 333.8099
f 5521 5522 5523
v -4112.0152 -1065.9951 324.8787
v -4110.5772 -1066.3549 324.8795
v -4111.6317 -1066.1881 324.8789
f 5524 5525 5526
v -4112.2278 -1065.8435 324.8786
v -4109.7406 -1066.1501 324.8801
v -4112.0152 -1065.9951 324.8787
f 5527 5528 5529
v -4112.0152 -1065.9951 324.8787
v -4112.1938 -1065.8746 324.8786
v -4112.2278 -1065.8435 324.8786
f 5530 5531 5532
v -4112.5141 -1065.5877 324.8784
v -4109.7406 -1066.1501 324.8801
v -4112.2278 -1065.8435 324.8786
f 5533 5534 5535
v -4111.2190 -1066.3102 324.8791
v -4110.5772 -1066.3549 324.8795
v -4111.0062 -1066.3438 324.8793
f 5536 5537 5538
v -4111.2190 -1066.3102 324.8791
v -4111.6317 -1066.1881 324.8789
v -4110.5772 -1066.3549 324.8795
f 5539 5540 5541
v -4110.5772 -1066.3549 324.8795
v -4112.0152 -1065.9951 324.8787
v -4110.1510 -1066.2901 324.8798
f 5542 5543 5544
v -4110.1510 -1066.2901 324.8798
v -4112.0152 -1065.9951 324.8787
v -4109.7406 -1066.1501 324.8801
f 5545 5546 5547
v -4109.7406 -1066.1501 324.8801
v -4112.5141 -1065.5877 324.8784
v -4109.3570 -1065.9383 324.8804
f 5548 5549 5550
v -4113.0586 -1064.6692 324.8782
v -4108.7334 -1065.3278 324.8809
v -4112.9832 -1064.8704 324.8782
f 5551 5552 5553
v -4113.1555 -1064.2500 324.8782
v -4108.5716 -1065.0483 324.8811
v -4113.0586 -1064.6692 324.8782
f 5554 5555 5556
v -4113.1555 -1064.2500 324.8782
v -4113.1698 -1063.9680 324.8783
v -4108.5716 -1065.0483 324.8811
f 5557 5558 5559
v -4109.0183 -1065.6611 324.8807
v -4109.3570 -1065.9383 324.8804
v -4112.7802 -1065.2501 324.8783
f 5560 5561 5562
v -4112.5141 -1065.5877 324.8784
v -4112.7802 -1065.2501 324.8783
v -4109.3570 -1065.9383 324.8804
f 5563 5564 5565
v -4108.7334 -1065.3278 324.8809
v -4109.0183 -1065.6611 324.8807
v -4112.7802 -1065.2501 324.8783
f 5566 5567 5568
v -4112.7802 -1065.2501 324.8783
v -4112.9832 -1064.8704 324.8782
v -4108.7334 -1065.3278 324.8809
f 5569 5570 5571
v -4108.7334 -1065.3278 324.8809
v -4113.0586 -1064.6692 324.8782
v -4108.5716 -1065.0483 324.8811
f 5572 5573 5574
v -4108.1929 -1064.0487 334.3501
v -4108.1918 -1064.0447 334.0921
v -4108.1261 -1063.7369 334.3502
f 5575 5576 5577
v -4106.5358 -1056.2775 322.8189
v -4111.2158 -1055.1639 322.8161
v -4111.2227 -1055.1655 333.7036
f 5578 5579 5580
v -4111.2227 -1055.1655 333.7036
v -4109.2062 -1055.6462 335.7597
v -4106.6616 -1056.2507 333.6423
f 5581 5582 5583
v -4106.5426 -1056.2790 333.6424
v -4106.5358 -1056.2775 322.8189
v -4106.6616 -1056.2507 333.6423
f 5584 5585 5586
v -4106.6616 -1056.2507 333.6423
v -4106.5358 -1056.2775 322.8189
v -4111.2227 -1055.1655 333.7036
f 5587 5588 5589
v -4111.3078 -1055.5563 333.8485
v -4111.2510 -1055.2944 333.7036
v -4111.3008 -1055.5547 322.8160
f 5590 5591 5592
v -4111.2510 -1055.2944 333.7036
v -4111.2227 -1055.1655 333.7036
v -4111.2158 -1055.1639 322.8161
f 5593 5594 5595
v -4111.2510 -1055.2944 333.7036
v -4111.2158 -1055.1639 322.8161
v -4111.3008 -1055.5547 322.8160
f 5596 5597 5598
v -4093.0084 -1068.2456 328.2743
v -4108.3643 -1064.5369 324.8813
v -4093.0067 -1068.2453 325.5495
f 5599 5600 5601
v -4093.0067 -1068.2453 325.5495
v -4108.3643 -1064.5369 324.8813
v -4093.0049 -1068.2448 322.8256
f 5602 5603 5604
v -4108.3699 -1064.5382 333.8099
v -4093.0084 -1068.2456 328.2743
v -4093.0101 -1068.2460 330.9982
f 5605 5606 5607
v -4093.0838 -1068.2293 333.7681
v -4108.3699 -1064.5382 333.8099
v -4093.0101 -1068.2460 330.9982
f 5608 5609 5610
v -4108.3643 -1064.5369 324.8813
v -4108.3630 -1064.5365 322.8164
v -4093.0049 -1068.2448 322.8256
f 5611 5612 5613
v -4108.3699 -1064.5382 333.8099
v -4108.3643 -1064.5369 324.8813
v -4093.0084 -1068.2456 328.2743
f 5614 5615 5616
v -4093.0838 -1068.2293 333.7681
v -4093.0101 -1068.2460 330.9982
v -4093.0118 -1068.2464 333.7221
f 5617 5618 5619
v -4102.5957 -1057.3542 322.8213
v -4102.6008 -1057.3553 330.9629
v -4091.0722 -1060.1301 322.8282
f 5620 5621 5622
v -4091.0756 -1060.1308 328.2620
v -4102.6008 -1057.3553 330.9629
v -4102.6026 -1057.3556 333.7238
f 5623 5624 5625
v -4091.0773 -1060.1312 330.9858
v -4091.1690 -1060.1104 333.7656
v -4091.0790 -1060.1316 333.7097
f 5626 5627 5628
v -4102.6026 -1057.3556 333.7238
v -4091.0773 -1060.1312 330.9858
v -4091.0756 -1060.1308 328.2620
f 5629 5630 5631
v -4091.0756 -1060.1308 328.2620
v -4091.0722 -1060.1301 322.8282
v -4102.6008 -1057.3553 330.9629
f 5632 5633 5634
v -4091.0773 -1060.1312 330.9858
v -4102.6026 -1057.3556 333.7238
v -4091.1690 -1060.1104 333.7656
f 5635 5636 5637
v -4113.1684 -1063.9677 322.8134
v -4113.1698 -1063.9680 324.8783
v -4113.1760 -1063.8207 322.8134
f 5638 5639 5640
v -4113.1834 -1063.8223 334.5869
v -4113.1698 -1063.9680 324.8783
v -4113.1555 -1064.2500 324.8782
f 5641 5642 5643
v -4113.1760 -1063.8207 322.8134
v -4113.1698 -1063.9680 324.8783
v -4113.1834 -1063.8223 334.5869
f 5644 5645 5646
v -4113.1616 -1064.2514 334.6598
v -4113.1834 -1063.8223 334.5869
v -4113.1555 -1064.2500 324.8782
f 5647 5648 5649
v -4108.7334 -1065.3278 324.8809
v -4108.5194 -1064.9499 334.4397
v -4108.7395 -1065.3292 334.5345
f 5650 5651 5652
v -4108.5194 -1064.9499 334.4397
v -4108.7334 -1065.3278 324.8809
v -4108.5716 -1065.0483 324.8811
f 5653 5654 5655
v -4108.5704 -1065.0480 322.8162
v -4108.5121 -1064.9482 322.8162
v -4108.5716 -1065.0483 324.8811
f 5656 5657 5658
v -4108.5194 -1064.9499 334.4397
v -4108.5716 -1065.0483 324.8811
v -4108.5121 -1064.9482 322.8162
f 5659 5660 5661
v -4115.6331 -1062.8144 325.5578
v -4115.6348 -1062.8149 328.3097
v -4113.7974 -1054.9662 331.0861
f 5662 5663 5664
v -4115.6348 -1062.8149 328.3097
v -4115.6365 -1062.8152 331.0616
v -4113.8174 -1055.0465 333.8889
f 5665 5666 5667
v -4115.6331 -1062.8144 325.5578
v -4113.7957 -1054.9658 328.3282
v -4115.6313 -1062.8140 322.8120
f 5668 5669 5670
v -4115.6060 -1062.6767 333.8905
v -4115.6365 -1062.8152 331.0616
v -4115.6383 -1062.8157 333.8135
f 5671 5672 5673
v -4113.7974 -1054.9662 331.0861
v -4115.6348 -1062.8149 328.3097
v -4113.8174 -1055.0465 333.8889
f 5674 5675 5676
v -4113.7992 -1054.9666 333.8450
v -4113.7974 -1054.9662 331.0861
v -4113.8174 -1055.0465 333.8889
f 5677 5678 5679
v -4113.7957 -1054.9658 328.3282
v -4113.7923 -1054.9650 322.8145
v -4113.8105 -1055.0449 322.8144
f 5680 5681 5682
v -4113.7957 -1054.9658 328.3282
v -4113.8105 -1055.0449 322.8144
v -4115.6313 -1062.8140 322.8120
f 5683 5684 5685
v -4115.6331 -1062.8144 325.5578
v -4113.7974 -1054.9662 331.0861
v -4113.7957 -1054.9658 328.3282
f 5686 5687 5688
v -4115.6365 -1062.8152 331.0616
v -4115.6060 -1062.6767 333.8905
v -4113.8174 -1055.0465 333.8889
f 5689 5690 5691
v -4110.5772 -1066.3549 324.8795
v -4110.1570 -1066.2914 334.5174
v -4110.5823 -1066.3563 334.5801
f 5692 5693 5694
v -4110.1570 -1066.2914 334.5174
v -4110.5772 -1066.3549 324.8795
v -4110.1510 -1066.2901 324.8798
f 5695 5696 5697
v -4110.5003 -1066.3436 334.5992
v -4110.5823 -1066.3563 334.5801
v -4110.1570 -1066.2914 334.5174
f 5698 5699 5700
v -4108.7334 -1065.3278 324.8809
v -4108.7395 -1065.3292 334.5345
v -4109.0244 -1065.6625 334.5203
f 5701 5702 5703
v -4108.8438 -1065.4510 334.5874
v -4109.0244 -1065.6625 334.5203
v -4108.7395 -1065.3292 334.5345
f 5704 5705 5706
v -4109.0183 -1065.6611 324.8807
v -4108.7334 -1065.3278 324.8809
v -4109.0244 -1065.6625 334.5203
f 5707 5708 5709
v -4113.0648 -1064.6706 334.6348
v -4113.1320 -1064.3795 334.6968
v -4113.1616 -1064.2514 334.6598
f 5710 5711 5712
v -4113.0586 -1064.6692 324.8782
v -4113.0648 -1064.6706 334.6348
v -4113.1555 -1064.2500 324.8782
f 5713 5714 5715
v -4113.1555 -1064.2500 324.8782
v -4113.0648 -1064.6706 334.6348
v -4113.1616 -1064.2514 334.6598
f 5716 5717 5718
v -4108.5194 -1064.9499 334.4397
v -4108.1929 -1064.0487 334.3501
v -4109.1500 -1062.3733 335.2436
f 5719 5720 5721
v -4109.1500 -1062.3733 335.2436
v -4108.1929 -1064.0487 334.3501
v -4108.1261 -1063.7369 334.3502
f 5722 5723 5724
v -4110.8068 -1063.9460 336.1393
v -4109.1500 -1062.3733 335.2436
v -4110.1559 -1061.0117 336.1402
f 5725 5726 5727
v -4109.1500 -1062.3733 335.2436
v -4110.8068 -1063.9460 336.1393
v -4108.5194 -1064.9499 334.4397
f 5728 5729 5730
v -4108.7395 -1065.3292 334.5345
v -4108.5194 -1064.9499 334.4397
v -4108.8438 -1065.4510 334.5874
f 5731 5732 5733
v -4110.8068 -1063.9460 336.1393
v -4108.8438 -1065.4510 334.5874
v -4108.5194 -1064.9499 334.4397
f 5734 5735 5736
v -4111.7574 -1061.7813 335.2260
v -4113.0016 -1062.3908 334.5062
v -4113.1834 -1063.8223 334.5869
f 5737 5738 5739
v -4111.7574 -1061.7813 335.2260
v -4110.8068 -1063.9460 336.1393
v -4110.1559 -1061.0117 336.1402
f 5740 5741 5742
v -4110.8068 -1063.9460 336.1393
v -4111.7574 -1061.7813 335.2260
v -4113.1834 -1063.8223 334.5869
f 5743 5744 5745
v -4113.1834 -1063.8223 334.5869
v -4113.1616 -1064.2514 334.6598
v -4113.1320 -1064.3795 334.6968
f 5746 5747 5748
v -4113.1320 -1064.3795 334.6968
v -4110.8068 -1063.9460 336.1393
v -4113.1834 -1063.8223 334.5869
f 5749 5750 5751
v -4108.5121 -1064.9482 322.8162
v -4108.3630 -1064.5365 322.8164
v -4108.3643 -1064.5369 324.8813
f 5752 5753 5754
v -4108.3643 -1064.5369 324.8813
v -4108.5194 -1064.9499 334.4397
v -4108.5121 -1064.9482 322.8162
f 5755 5756 5757
v -4108.1918 -1064.0447 334.0921
v -4108.1929 -1064.0487 334.3501
v -4108.3699 -1064.5382 333.8099
f 5758 5759 5760
v -4108.5194 -1064.9499 334.4397
v -4108.3643 -1064.5369 324.8813
v -4108.3699 -1064.5382 333.8099
f 5761 5762 5763
v -4108.1929 -1064.0487 334.3501
v -4108.5194 -1064.9499 334.4397
v -4108.3699 -1064.5382 333.8099
f 5764 5765 5766
v -4113.0657 -1062.8976 334.0901
v -4113.1289 -1063.3954 333.8200
v -4113.1834 -1063.8223 334.5869
f 5767 5768 5769
v -4113.1834 -1063.8223 334.5869
v -4113.0016 -1062.3908 334.5062
v -4113.0657 -1062.8976 334.0901
f 5770 5771 5772
v -4113.1219 -1063.3938 322.8135
v -4113.1760 -1063.8207 322.8134
v -4113.1834 -1063.8223 334.5869
f 5773 5774 5775
v -4113.1289 -1063.3954 333.8200
v -4113.1219 -1063.3938 322.8135
v -4113.1834 -1063.8223 334.5869
f 5776 5777 5778
v -4092.3676 -1065.5421 333.7180
v -4091.0756 -1060.1308 328.2620
v -4091.0773 -1060.1312 330.9858
f 5779 5780 5781
v -4091.0756 -1060.1308 328.2620
v -4092.3676 -1065.5421 333.7180
v -4091.0722 -1060.1301 322.8282
f 5782 5783 5784
v -4092.3676 -1065.5421 333.7180
v -4093.0118 -1068.2464 333.7221
v -4093.0101 -1068.2460 330.9982
f 5785 5786 5787
v -4092.3676 -1065.5421 333.7180
v -4093.0101 -1068.2460 330.9982
v -4093.0084 -1068.2456 328.2743
f 5788 5789 5790
v -4111.3008 -1055.5547 322.8160
v -4113.7957 -1054.9658 328.3282
v -4113.7974 -1054.9662 331.0861
f 5791 5792 5793
v -4113.7992 -1054.9666 333.8450
v -4111.3078 -1055.5563 333.8485
v -4111.3008 -1055.5547 322.8160
f 5794 5795 5796
v -4102.6008 -1057.3553 330.9629
v -4102.6573 -1057.6096 333.8637
v -4102.6026 -1057.3556 333.7238
f 5797 5798 5799
v -4106.5426 -1056.2790 333.6424
v -4106.6268 -1056.6698 333.8583
v -4106.5358 -1056.2775 322.8189
f 5800 5801 5802
v -4106.6198 -1056.6683 322.8188
v -4106.5358 -1056.2775 322.8189
v -4106.6268 -1056.6698 333.8583
f 5803 5804 5805
v -4113.1289 -1063.3954 333.8200
v -4115.6348 -1062.8149 328.3097
v -4115.6331 -1062.8144 325.5578
f 5806 5807 5808
v -4108.5704 -1065.0480 322.8162
v -4113.1698 -1063.9680 324.8783
v -4113.1684 -1063.9677 322.8134
f 5809 5810 5811
v -4110.1570 -1066.2914 334.5174
v -4109.7406 -1066.1501 324.8801
v -4109.7467 -1066.1515 334.4657
f 5812 5813 5814
v -4109.7467 -1066.1515 334.4657
v -4109.3570 -1065.9383 324.8804
v -4109.3631 -1065.9395 334.4660
f 5815 5816 5817
v -4109.0183 -1065.6611 324.8807
v -4109.3631 -1065.9395 334.4660
v -4109.3570 -1065.9383 324.8804
f 5818 5819 5820
v -4111.2190 -1066.3102 324.8791
v -4111.6378 -1066.1895 334.5485
v -4111.6317 -1066.1881 324.8789
f 5821 5822 5823
v -4111.0062 -1066.3438 324.8793
v -4111.2251 -1066.3116 334.5237
v -4111.2190 -1066.3102 324.8791
f 5824 5825 5826
v -4112.2001 -1065.8760 334.6802
v -4112.2339 -1065.8449 334.6962
v -4112.2278 -1065.8435 324.8786
f 5827 5828 5829
v -4112.5202 -1065.5891 334.6250
v -4112.7863 -1065.2513 334.5919
v -4112.7802 -1065.2501 324.8783
f 5830 5831 5832
v -4112.7802 -1065.2501 324.8783
v -4112.5141 -1065.5877 324.8784
v -4112.5202 -1065.5891 334.6250
f 5833 5834 5835
v -4112.5202 -1065.5891 334.6250
v -4112.2278 -1065.8435 324.8786
v -4112.2339 -1065.8449 334.6962
f 5836 5837 5838

g building_ID_7505DD35-7166-4C70-A3E5-2B82B5217F1D
v -4057.6330 -1074.6196 320.9202
v -4054.4731 -1044.5102 320.9272
v -4048.4128 -1045.1315 320.9309
f 5839 5840 5841
v -4051.5978 -1075.2579 320.9239
v -4048.4128 -1045.1315 320.9309
v -4042.1376 -1045.7754 320.9348
f 5842 5843 5844
v -4048.4128 -1045.1315 320.9309
v -4051.5978 -1075.2579 320.9239
v -4057.6330 -1074.6196 320.9202
f 5845 5846 5847
v -4045.3016 -1075.9238 320.9278
v -4051.5978 -1075.2579 320.9239
v -4042.1376 -1045.7754 320.9348
f 5848 5849 5850
v -4051.6026 -1075.2589 328.6806
v -4045.3054 -1075.9246 327.0625
v -4044.5100 -1068.3498 327.0663
f 5851 5852 5853
v -4043.6315 -1059.9801 327.0702
v -4051.6026 -1075.2589 328.6806
v -4044.5100 -1068.3498 327.0663
f 5854 5855 5856
v -4043.6315 -1059.9801 327.0702
v -4042.1414 -1045.7763 327.0756
v -4048.4177 -1045.1325 328.6876
f 5857 5858 5859
v -4051.6026 -1075.2589 328.6806
v -4043.6315 -1059.9801 327.0702
v -4048.4177 -1045.1325 328.6876
f 5860 5861 5862
v -4056.4697 -1063.5036 326.6735
v -4048.4177 -1045.1325 328.6876
v -4054.4767 -1044.5110 326.6730
f 5863 5864 5865
v -4056.4697 -1063.5036 326.6735
v -4057.6366 -1074.6204 326.6739
v -4051.6026 -1075.2589 328.6806
f 5866 5867 5868
v -4048.4177 -1045.1325 328.6876
v -4056.4697 -1063.5036 326.6735
v -4051.6026 -1075.2589 328.6806
f 5869 5870 5871
v -4044.5100 -1068.3498 327.0663
v -4045.3016 -1075.9238 320.9278
v -4043.6315 -1059.9801 327.0702
f 5872 5873 5874
v -4045.3016 -1075.9238 320.9278
v -4042.1376 -1045.7754 320.9348
v -4042.1414 -1045.7763 327.0756
f 5875 5876 5877
v -4057.6330 -1074.6196 320.9202
v -4057.6366 -1074.6204 326.6739
v -4056.4697 -1063.5036 326.6735
f 5878 5879 5880
v -4054.4731 -1044.5102 320.9272
v -4057.6330 -1074.6196 320.9202
v -4056.4697 -1063.5036 326.6735
f 5881 5882 5883
v -4054.4731 -1044.5102 320.9272
v -4056.4697 -1063.5036 326.6735
v -4054.4767 -1044.5110 326.6730
f 5884 5885 5886
v -4048.4128 -1045.1315 320.9309
v -4054.4731 -1044.5102 320.9272
v -4054.4767 -1044.5110 326.6730
f 5887 5888 5889
v -4054.4767 -1044.5110 326.6730
v -4048.4177 -1045.1325 328.6876
v -4048.4128 -1045.1315 320.9309
f 5890 5891 5892
v -4048.4128 -1045.1315 320.9309
v -4048.4177 -1045.1325 328.6876
v -4042.1414 -1045.7763 327.0756
f 5893 5894 5895
v -4042.1376 -1045.7754 320.9348
v -4048.4128 -1045.1315 320.9309
v -4042.1414 -1045.7763 327.0756
f 5896 5897 5898
v -4051.6026 -1075.2589 328.6806
v -4051.5978 -1075.2579 320.9239
v -4045.3054 -1075.9246 327.0625
f 5899 5900 5901
v -4051.5978 -1075.2579 320.9239
v -4045.3016 -1075.9238 320.9278
v -4045.3054 -1075.9246 327.0625
f 5902 5903 5904
v -4051.5978 -1075.2579 320.9239
v -4057.6366 -1074.6204 326.6739
v -4057.6330 -1074.6196 320.9202
f 5905 5906 5907
v -4051.5978 -1075.2579 320.9239
v -4051.6026 -1075.2589 328.6806
v -4057.6366 -1074.6204 326.6739
f 5908 5909 5910
v -4042.1414 -1045.7763 327.0756
v -4043.6315 -1059.9801 327.0702
v -4045.3016 -1075.9238 320.9278
f 5911 5912 5913
v -4045.3054 -1075.9246 327.0625
v -4045.3016 -1075.9238 320.9278
v -4044.5100 -1068.3498 327.0663
f 5914 5915 5916

g building_ID_6E33934C-7CE9-4859-85FA-32561EDD6C46
v -4053.8831 -1038.8798 321.1995
v -4053.3227 -1033.4893 321.2007
v -4043.2075 -1034.5376 321.2070
f 5917 5918 5919
v -4053.8831 -1038.8798 321.1995
v -4043.2075 -1034.5376 321.2070
v -4043.7770 -1039.9280 321.2057
f 5920 5921 5922
v -4047.0094 -1034.1452 327.5984
v -4043.7806 -1039.9288 326.9735
v -4043.2115 -1034.5384 327.6018
f 5923 5924 5925
v -4043.7806 -1039.9288 326.9735
v -4047.0094 -1034.1452 327.5984
v -4053.3267 -1033.4902 327.5935
f 5926 5927 5928
v -4053.3267 -1033.4902 327.5935
v -4053.8867 -1038.8806 326.9653
v -4043.7806 -1039.9288 326.9735
f 5929 5930 5931
v -4053.3267 -1033.4902 327.5935
v -4043.2075 -1034.5376 321.2070
v -4053.3227 -1033.4893 321.2007
f 5932 5933 5934
v -4053.8867 -1038.8806 326.9653
v -4053.3227 -1033.4893 321.2007
v -4053.8831 -1038.8798 321.1995
f 5935 5936 5937
v -4053.8831 -1038.8798 321.1995
v -4043.7770 -1039.9280 321.2057
v -4043.7806 -1039.9288 326.9735
f 5938 5939 5940
v -4043.7806 -1039.9288 326.9735
v -4053.8867 -1038.8806 326.9653
v -4053.8831 -1038.8798 321.1995
f 5941 5942 5943
v -4043.2075 -1034.5376 321.2070
v -4043.2115 -1034.5384 327.6018
v -4043.7806 -1039.9288 326.9735
f 5944 5945 5946
v -4043.2075 -1034.5376 321.2070
v -4053.3267 -1033.4902 327.5935
v -4047.0094 -1034.1452 327.5984
f 5947 5948 5949
v -4047.0094 -1034.1452 327.5984
v -4043.2115 -1034.5384 327.6018
v -4043.2075 -1034.5376 321.2070
f 5950 5951 5952
v -4053.8867 -1038.8806 326.9653
v -4053.3267 -1033.4902 327.5935
v -4053.3227 -1033.4893 321.2007
f 5953 5954 5955
v -4043.2075 -1034.5376 321.2070
v -4043.7806 -1039.9288 326.9735
v -4043.7770 -1039.9280 321.2057
f 5956 5957 5958

g building_ID_6B36908D-3805-407A-8023-EEA4E36544E3
v -4062.9362 -1023.0719 323.6932
v -4063.3880 -1023.0027 323.6929
v -4062.4811 -1023.0251 323.6935
f 5959 5960 5961
v -4063.8106 -1022.8245 323.6927
v -4064.1728 -1022.5455 323.6925
v -4063.3880 -1023.0027 323.6929
f 5962 5963 5964
v -4064.4558 -1022.1849 323.6924
v -4062.4811 -1023.0251 323.6935
v -4063.3880 -1023.0027 323.6929
f 5965 5966 5967
v -4064.1728 -1022.5455 323.6925
v -4064.4558 -1022.1849 323.6924
v -4063.3880 -1023.0027 323.6929
f 5968 5969 5970
v -4064.4558 -1022.1849 323.6924
v -4061.2193 -1020.5085 323.6947
v -4061.1680 -1021.8527 323.6945
f 5971 5972 5973
v -4061.6729 -1022.6073 323.6941
v -4062.0507 -1022.8673 323.6938
v -4061.1680 -1021.8527 323.6945
f 5974 5975 5976
v -4062.4811 -1023.0251 323.6935
v -4061.1680 -1021.8527 323.6945
v -4062.0507 -1022.8673 323.6938
f 5977 5978 5979
v -4061.3720 -1022.2621 323.6943
v -4061.6729 -1022.6073 323.6941
v -4061.1680 -1021.8527 323.6945
f 5980 5981 5982
v -4061.1680 -1021.8527 323.6945
v -4062.4811 -1023.0251 323.6935
v -4064.4558 -1022.1849 323.6924
f 5983 5984 5985
v -4061.0697 -1021.4049 323.6947
v -4061.1680 -1021.8527 323.6945
v -4061.0875 -1020.9479 323.6947
f 5986 5987 5988
v -4064.6407 -1021.7673 323.6923
v -4064.6763 -1020.8583 323.6925
v -4064.4558 -1022.1849 323.6924
f 5989 5990 5991
v -4064.4558 -1022.1849 323.6924
v -4064.6763 -1020.8583 323.6925
v -4064.2691 -1020.0463 323.6928
f 5992 5993 5994
v -4064.5241 -1020.4256 323.6926
v -4064.2691 -1020.0463 323.6928
v -4064.6763 -1020.8583 323.6925
f 5995 5996 5997
v -4063.5197 -1019.5304 323.6934
v -4064.4558 -1022.1849 323.6924
v -4063.9273 -1019.7412 323.6931
f 5998 5999 6000
v -4063.9273 -1019.7412 323.6931
v -4064.4558 -1022.1849 323.6924
v -4064.2691 -1020.0463 323.6928
f 6001 6002 6003
v -4061.7804 -1019.7950 323.6945
v -4064.4558 -1022.1849 323.6924
v -4063.5197 -1019.5304 323.6934
f 6004 6005 6006
v -4061.4543 -1020.1159 323.6946
v -4061.2193 -1020.5085 323.6947
v -4061.7804 -1019.7950 323.6945
f 6007 6008 6009
v -4061.2193 -1020.5085 323.6947
v -4061.0875 -1020.9479 323.6947
v -4061.1680 -1021.8527 323.6945
f 6010 6011 6012
v -4062.1768 -1019.5640 323.6943
v -4063.0744 -1019.4275 323.6937
v -4062.6164 -1019.4387 323.6940
f 6013 6014 6015
v -4062.1768 -1019.5640 323.6943
v -4061.7804 -1019.7950 323.6945
v -4063.5197 -1019.5304 323.6934
f 6016 6017 6018
v -4061.7804 -1019.7950 323.6945
v -4061.2193 -1020.5085 323.6947
v -4064.4558 -1022.1849 323.6924
f 6019 6020 6021
v -4063.0744 -1019.4275 323.6937
v -4062.1768 -1019.5640 323.6943
v -4063.5197 -1019.5304 323.6934
f 6022 6023 6024
v -4064.6407 -1021.7673 323.6923
v -4064.7165 -1021.3141 323.6924
v -4064.6763 -1020.8583 323.6925
f 6025 6026 6027
v -4061.7885 -1019.7967 336.6210
v -4063.5277 -1019.5321 336.6199
v -4064.4639 -1022.1866 336.6189
f 6028 6029 6030
v -4063.9353 -1019.7430 336.6196
v -4064.2772 -1020.0481 336.6193
v -4064.4639 -1022.1866 336.6189
f 6031 6032 6033
v -4064.6843 -1020.8600 336.6190
v -4064.4639 -1022.1866 336.6189
v -4064.2772 -1020.0481 336.6193
f 6034 6035 6036
v -4064.5321 -1020.4274 336.6191
v -4064.6843 -1020.8600 336.6190
v -4064.2772 -1020.0481 336.6193
f 6037 6038 6039
v -4064.4639 -1022.1866 336.6189
v -4063.5277 -1019.5321 336.6199
v -4063.9353 -1019.7430 336.6196
f 6040 6041 6042
v -4062.6245 -1019.4406 336.6205
v -4063.0825 -1019.4292 336.6202
v -4062.1848 -1019.5657 336.6208
f 6043 6044 6045
v -4062.1848 -1019.5657 336.6208
v -4063.0825 -1019.4292 336.6202
v -4063.5277 -1019.5321 336.6199
f 6046 6047 6048
v -4061.4624 -1020.1176 336.6211
v -4061.7885 -1019.7967 336.6210
v -4061.2274 -1020.5103 336.6212
f 6049 6050 6051
v -4061.7885 -1019.7967 336.6210
v -4062.1848 -1019.5657 336.6208
v -4063.5277 -1019.5321 336.6199
f 6052 6053 6054
v -4061.2274 -1020.5103 336.6212
v -4061.7885 -1019.7967 336.6210
v -4064.4639 -1022.1866 336.6189
f 6055 6056 6057
v -4064.7246 -1021.3158 336.6189
v -4064.6487 -1021.7691 336.6188
v -4064.6843 -1020.8600 336.6190
f 6058 6059 6060
v -4061.1760 -1021.8544 336.6210
v -4061.2274 -1020.5103 336.6212
v -4064.4639 -1022.1866 336.6189
f 6061 6062 6063
v -4064.1808 -1022.5474 336.6190
v -4063.3961 -1023.0045 336.6194
v -4064.4639 -1022.1866 336.6189
f 6064 6065 6066
v -4062.4892 -1023.0269 336.6200
v -4064.4639 -1022.1866 336.6189
v -4063.3961 -1023.0045 336.6194
f 6067 6068 6069
v -4063.8186 -1022.8263 336.6192
v -4063.3961 -1023.0045 336.6194
v -4064.1808 -1022.5474 336.6190
f 6070 6071 6072
v -4063.3961 -1023.0045 336.6194
v -4062.9443 -1023.0737 336.6197
v -4062.4892 -1023.0269 336.6200
f 6073 6074 6075
v -4061.0778 -1021.4066 336.6212
v -4061.0956 -1020.9497 336.6212
v -4061.1760 -1021.8544 336.6210
f 6076 6077 6078
v -4061.0956 -1020.9497 336.6212
v -4061.2274 -1020.5103 336.6212
v -4061.1760 -1021.8544 336.6210
f 6079 6080 6081
v -4061.1760 -1021.8544 336.6210
v -4062.0587 -1022.8691 336.6203
v -4061.6810 -1022.6090 336.6206
f 6082 6083 6084
v -4061.6810 -1022.6090 336.6206
v -4061.3801 -1022.2639 336.6208
v -4061.1760 -1021.8544 336.6210
f 6085 6086 6087
v -4062.0587 -1022.8691 336.6203
v -4061.1760 -1021.8544 336.6210
v -4062.4892 -1023.0269 336.6200
f 6088 6089 6090
v -4061.1760 -1021.8544 336.6210
v -4064.4639 -1022.1866 336.6189
v -4062.4892 -1023.0269 336.6200
f 6091 6092 6093
v -4064.6487 -1021.7691 336.6188
v -4064.4639 -1022.1866 336.6189
v -4064.6843 -1020.8600 336.6190
f 6094 6095 6096
v -4062.0507 -1022.8673 323.6938
v -4062.0587 -1022.8691 336.6203
v -4062.4892 -1023.0269 336.6200
f 6097 6098 6099
v -4061.6729 -1022.6073 323.6941
v -4061.6810 -1022.6090 336.6206
v -4062.0587 -1022.8691 336.6203
f 6100 6101 6102
v -4061.3720 -1022.2621 323.6943
v -4061.3801 -1022.2639 336.6208
v -4061.6810 -1022.6090 336.6206
f 6103 6104 6105
v -4061.1680 -1021.8527 323.6945
v -4061.1760 -1021.8544 336.6210
v -4061.3801 -1022.2639 336.6208
f 6106 6107 6108
v -4061.0697 -1021.4049 323.6947
v -4061.0778 -1021.4066 336.6212
v -4061.1760 -1021.8544 336.6210
f 6109 6110 6111
v -4061.0875 -1020.9479 323.6947
v -4061.0956 -1020.9497 336.6212
v -4061.0778 -1021.4066 336.6212
f 6112 6113 6114
v -4061.2193 -1020.5085 323.6947
v -4061.2274 -1020.5103 336.6212
v -4061.0956 -1020.9497 336.6212
f 6115 6116 6117
v -4061.4543 -1020.1159 323.6946
v -4061.4624 -1020.1176 336.6211
v -4061.2274 -1020.5103 336.6212
f 6118 6119 6120
v -4061.7804 -1019.7950 323.6945
v -4061.7885 -1019.7967 336.6210
v -4061.4624 -1020.1176 336.6211
f 6121 6122 6123
v -4062.1768 -1019.5640 323.6943
v -4062.1848 -1019.5657 336.6208
v -4061.7885 -1019.7967 336.6210
f 6124 6125 6126
v -4062.6164 -1019.4387 323.6940
v -4062.6245 -1019.4406 336.6205
v -4062.1848 -1019.5657 336.6208
f 6127 6128 6129
v -4063.0744 -1019.4275 323.6937
v -4063.0825 -1019.4292 336.6202
v -4062.6245 -1019.4406 336.6205
f 6130 6131 6132
v -4063.5197 -1019.5304 323.6934
v -4063.5277 -1019.5321 336.6199
v -4063.0825 -1019.4292 336.6202
f 6133 6134 6135
v -4063.9273 -1019.7412 323.6931
v -4063.9353 -1019.7430 336.6196
v -4063.5277 -1019.5321 336.6199
f 6136 6137 6138
v -4064.2691 -1020.0463 323.6928
v -4064.2772 -1020.0481 336.6193
v -4063.9353 -1019.7430 336.6196
f 6139 6140 6141
v -4064.5241 -1020.4256 323.6926
v -4064.5321 -1020.4274 336.6191
v -4064.2772 -1020.0481 336.6193
f 6142 6143 6144
v -4064.6763 -1020.8583 323.6925
v -4064.6843 -1020.8600 336.6190
v -4064.5321 -1020.4274 336.6191
f 6145 6146 6147
v -4064.7165 -1021.3141 323.6924
v -4064.7246 -1021.3158 336.6189
v -4064.6843 -1020.8600 336.6190
f 6148 6149 6150
v -4064.6407 -1021.7673 323.6923
v -4064.6487 -1021.7691 336.6188
v -4064.7246 -1021.3158 336.6189
f 6151 6152 6153
v -4064.4558 -1022.1849 323.6924
v -4064.4639 -1022.1866 336.6189
v -4064.6487 -1021.7691 336.6188
f 6154 6155 6156
v -4064.1728 -1022.5455 323.6925
v -4064.1808 -1022.5474 336.6190
v -4064.4639 -1022.1866 336.6189
f 6157 6158 6159
v -4063.8106 -1022.8245 323.6927
v -4063.8186 -1022.8263 336.6192
v -4064.1808 -1022.5474 336.6190
f 6160 6161 6162
v -4063.3880 -1023.0027 323.6929
v -4063.3961 -1023.0045 336.6194
v -4063.8186 -1022.8263 336.6192
f 6163 6164 6165
v -4062.9362 -1023.0719 323.6932
v -4062.9443 -1023.0737 336.6197
v -4063.3961 -1023.0045 336.6194
f 6166 6167 6168
v -4062.4811 -1023.0251 323.6935
v -4062.4892 -1023.0269 336.6200
v -4062.9443 -1023.0737 336.6197
f 6169 6170 6171
v -4062.0507 -1022.8673 323.6938
v -4062.4892 -1023.0269 336.6200
v -4062.4811 -1023.0251 323.6935
f 6172 6173 6174
v -4061.6729 -1022.6073 323.6941
v -4062.0587 -1022.8691 336.6203
v -4062.0507 -1022.8673 323.6938
f 6175 6176 6177
v -4061.3720 -1022.2621 323.6943
v -4061.6810 -1022.6090 336.6206
v -4061.6729 -1022.6073 323.6941
f 6178 6179 6180
v -4061.1680 -1021.8527 323.6945
v -4061.3801 -1022.2639 336.6208
v -4061.3720 -1022.2621 323.6943
f 6181 6182 6183
v -4061.0697 -1021.4049 323.6947
v -4061.1760 -1021.8544 336.6210
v -4061.1680 -1021.8527 323.6945
f 6184 6185 6186
v -4061.0875 -1020.9479 323.6947
v -4061.0778 -1021.4066 336.6212
v -4061.0697 -1021.4049 323.6947
f 6187 6188 6189
v -4061.2193 -1020.5085 323.6947
v -4061.0956 -1020.9497 336.6212
v -4061.0875 -1020.9479 323.6947
f 6190 6191 6192
v -4061.4543 -1020.1159 323.6946
v -4061.2274 -1020.5103 336.6212
v -4061.2193 -1020.5085 323.6947
f 6193 6194 6195
v -4061.7804 -1019.7950 323.6945
v -4061.4624 -1020.1176 336.6211
v -4061.4543 -1020.1159 323.6946
f 6196 6197 6198
v -4062.1768 -1019.5640 323.6943
v -4061.7885 -1019.7967 336.6210
v -4061.7804 -1019.7950 323.6945
f 6199 6200 6201
v -4062.6164 -1019.4387 323.6940
v -4062.1848 -1019.5657 336.6208
v -4062.1768 -1019.5640 323.6943
f 6202 6203 6204
v -4063.0744 -1019.4275 323.6937
v -4062.6245 -1019.4406 336.6205
v -4062.6164 -1019.4387 323.6940
f 6205 6206 6207
v -4063.5197 -1019.5304 323.6934
v -4063.0825 -1019.4292 336.6202
v -4063.0744 -1019.4275 323.6937
f 6208 6209 6210
v -4063.9273 -1019.7412 323.6931
v -4063.5277 -1019.5321 336.6199
v -4063.5197 -1019.5304 323.6934
f 6211 6212 6213
v -4064.2691 -1020.0463 323.6928
v -4063.9353 -1019.7430 336.6196
v -4063.9273 -1019.7412 323.6931
f 6214 6215 6216
v -4064.5241 -1020.4256 323.6926
v -4064.2772 -1020.0481 336.6193
v -4064.2691 -1020.0463 323.6928
f 6217 6218 6219
v -4064.6763 -1020.8583 323.6925
v -4064.5321 -1020.4274 336.6191
v -4064.5241 -1020.4256 323.6926
f 6220 6221 6222
v -4064.7165 -1021.3141 323.6924
v -4064.6843 -1020.8600 336.6190
v -4064.6763 -1020.8583 323.6925
f 6223 6224 6225
v -4064.6407 -1021.7673 323.6923
v -4064.7246 -1021.3158 336.6189
v -4064.7165 -1021.3141 323.6924
f 6226 6227 6228
v -4064.4558 -1022.1849 323.6924
v -4064.6487 -1021.7691 336.6188
v -4064.6407 -1021.7673 323.6923
f 6229 6230 6231
v -4064.1728 -1022.5455 323.6925
v -4064.4639 -1022.1866 336.6189
v -4064.4558 -1022.1849 323.6924
f 6232 6233 6234
v -4063.8106 -1022.8245 323.6927
v -4064.1808 -1022.5474 336.6190
v -4064.1728 -1022.5455 323.6925
f 6235 6236 6237
v -4063.3880 -1023.0027 323.6929
v -4063.8186 -1022.8263 336.6192
v -4063.8106 -1022.8245 323.6927
f 6238 6239 6240
v -4062.9362 -1023.0719 323.6932
v -4063.3961 -1023.0045 336.6194
v -4063.3880 -1023.0027 323.6929
f 6241 6242 6243
v -4062.4811 -1023.0251 323.6935
v -4062.9443 -1023.0737 336.6197
v -4062.9362 -1023.0719 323.6932
f 6244 6245 6246

g building_ID_C53C5DEC-3944-47E4-A7A1-1FBF2602FFAC
v -4066.6069 -990.0043 324.6271
v -4065.5549 -1009.3481 324.6247
v -4068.6911 -1004.2216 324.6235
f 6247 6248 6249
v -4069.6933 -1008.3999 324.6222
v -4068.6911 -1004.2216 324.6235
v -4065.5549 -1009.3481 324.6247
f 6250 6251 6252
v -4070.9206 -988.7877 324.6245
v -4068.6911 -1004.2216 324.6235
v -4078.6917 -1001.8217 324.6175
f 6253 6254 6255
v -4066.6069 -990.0043 324.6271
v -4068.6911 -1004.2216 324.6235
v -4070.9206 -988.7877 324.6245
f 6256 6257 6258
v -4075.3118 -987.7468 324.6219
v -4070.9206 -988.7877 324.6245
v -4078.6917 -1001.8217 324.6175
f 6259 6260 6261
v -4066.5534 -989.8224 324.6272
v -4066.6069 -990.0043 324.6271
v -4070.9206 -988.7877 324.6245
f 6262 6263 6264
v -4061.2404 -991.2937 324.6303
v -4065.5549 -1009.3481 324.6247
v -4066.6069 -990.0043 324.6271
f 6265 6266 6267
v -4079.7587 -1006.2402 334.5168
v -4079.8236 -1006.2250 334.4697
v -4076.4536 -1011.8155 337.6828
f 6268 6269 6270
v -4075.3180 -987.7481 334.5255
v -4079.7587 -1006.2402 334.5168
v -4070.9288 -988.7894 337.6900
f 6271 6272 6273
v -4076.4536 -1011.8155 337.6828
v -4070.9288 -988.7894 337.6900
v -4079.7587 -1006.2402 334.5168
f 6274 6275 6276
v -4066.5597 -989.8238 334.6768
v -4066.6132 -990.0055 334.6837
v -4066.5573 -989.8232 330.9060
f 6277 6278 6279
v -4066.5534 -989.8224 324.6272
v -4066.5573 -989.8232 330.9060
v -4066.6132 -990.0055 334.6837
f 6280 6281 6282
v -4066.5534 -989.8224 324.6272
v -4066.6132 -990.0055 334.6837
v -4066.6069 -990.0043 324.6271
f 6283 6284 6285
v -4091.6348 -1019.8039 324.4654
v -4095.9161 -1018.7904 324.4628
v -4094.0493 -1011.0254 324.4653
f 6286 6287 6288
v -4079.7524 -1006.2388 324.4752
v -4094.0493 -1011.0254 324.4653
v -4092.1935 -1003.3075 324.4677
f 6289 6290 6291
v -4079.7524 -1006.2388 324.4752
v -4091.6348 -1019.8039 324.4654
v -4094.0493 -1011.0254 324.4653
f 6292 6293 6294
v -4091.6348 -1019.8039 324.4654
v -4072.8240 -1016.1185 324.4780
v -4085.2888 -1026.8409 324.4684
f 6295 6296 6297
v -4092.8840 -1025.0855 324.4638
v -4091.6348 -1019.8039 324.4654
v -4085.2888 -1026.8409 324.4684
f 6298 6299 6300
v -4072.8240 -1016.1185 324.4780
v -4091.6348 -1019.8039 324.4654
v -4079.7524 -1006.2388 324.4752
f 6301 6302 6303
v -4068.6910 -1004.2216 324.4825
v -4070.9585 -1008.1095 324.4805
v -4078.6916 -1001.8217 324.4765
f 6304 6305 6306
v -4074.7735 -1023.7832 324.4756
v -4085.2888 -1026.8409 324.4684
v -4072.8240 -1016.1185 324.4780
f 6307 6308 6309
v -4074.7735 -1023.7832 324.4756
v -4072.8240 -1016.1185 324.4780
v -4074.6766 -1023.8064 324.4756
f 6310 6311 6312
v -4070.9920 -1008.3024 324.4804
v -4079.7524 -1006.2388 324.4752
v -4070.9585 -1008.1095 324.4805
f 6313 6314 6315
v -4076.0237 -1029.0368 324.4739
v -4085.2888 -1026.8409 324.4684
v -4074.7735 -1023.7832 324.4756
f 6316 6317 6318
v -4072.8240 -1016.1185 324.4780
v -4070.9920 -1008.3024 324.4804
v -4070.9430 -1008.3135 324.4805
f 6319 6320 6321
v -4070.9920 -1008.3024 324.4804
v -4072.8240 -1016.1185 324.4780
v -4079.7524 -1006.2388 324.4752
f 6322 6323 6324
v -4069.6933 -1008.3999 324.4812
v -4070.9585 -1008.1095 324.4805
v -4068.6910 -1004.2216 324.4825
f 6325 6326 6327
v -4079.7524 -1006.2388 324.4752
v -4078.6916 -1001.8217 324.4765
v -4070.9585 -1008.1095 324.4805
f 6328 6329 6330
v -4074.6831 -1023.8078 334.6792
v -4072.8337 -1016.1205 339.9923
v -4074.7800 -1023.7845 334.6792
f 6331 6332 6333
v -4074.7800 -1023.7845 334.6792
v -4085.2929 -1026.8418 331.0271
v -4076.0278 -1029.0377 331.0506
f 6334 6335 6336
v -4091.6412 -1019.8053 334.6260
v -4074.7800 -1023.7845 334.6792
v -4072.8337 -1016.1205 339.9923
f 6337 6338 6339
v -4085.2929 -1026.8418 331.0271
v -4091.6412 -1019.8053 334.6260
v -4092.8881 -1025.0864 330.9795
f 6340 6341 6342
v -4094.0590 -1011.0275 339.9796
v -4095.9225 -1018.7918 334.6143
v -4091.6412 -1019.8053 334.6260
f 6343 6344 6345
v -4091.6412 -1019.8053 334.6260
v -4085.2929 -1026.8418 331.0271
v -4074.7800 -1023.7845 334.6792
f 6346 6347 6348
v -4094.0590 -1011.0275 339.9796
v -4091.6412 -1019.8053 334.6260
v -4072.8337 -1016.1205 339.9923
f 6349 6350 6351
v -4091.6348 -1019.8039 324.4654
v -4091.6412 -1019.8053 334.6260
v -4095.9225 -1018.7918 334.6143
f 6352 6353 6354
v -4092.8840 -1025.0855 324.4638
v -4092.8881 -1025.0864 330.9795
v -4091.6348 -1019.8039 324.4654
f 6355 6356 6357
v -4092.8881 -1025.0864 330.9795
v -4085.2888 -1026.8409 324.4684
v -4085.2929 -1026.8418 331.0271
f 6358 6359 6360
v -4092.8840 -1025.0855 324.4638
v -4085.2888 -1026.8409 324.4684
v -4092.8881 -1025.0864 330.9795
f 6361 6362 6363
v -4074.7800 -1023.7845 334.6792
v -4076.0237 -1029.0368 324.4739
v -4074.7735 -1023.7832 324.4756
f 6364 6365 6366
v -4076.0237 -1029.0368 324.4739
v -4074.7800 -1023.7845 334.6792
v -4076.0278 -1029.0377 331.0506
f 6367 6368 6369
v -4074.7735 -1023.7832 324.4756
v -4074.6766 -1023.8064 324.4756
v -4074.7800 -1023.7845 334.6792
f 6370 6371 6372
v -4074.6806 -1023.8073 330.8523
v -4074.6831 -1023.8078 334.6792
v -4074.7800 -1023.7845 334.6792
f 6373 6374 6375
v -4074.7800 -1023.7845 334.6792
v -4074.6766 -1023.8064 324.4756
v -4074.6806 -1023.8073 330.8523
f 6376 6377 6378
v -4079.8236 -1006.2250 334.4697
v -4092.1998 -1003.3087 334.4983
v -4076.4536 -1011.8155 337.6828
f 6379 6380 6381
v -4094.0590 -1011.0275 339.9796
v -4076.4536 -1011.8155 337.6828
v -4092.1998 -1003.3087 334.4983
f 6382 6383 6384
v -4071.0141 -1008.5837 334.6400
v -4076.4536 -1011.8155 337.6828
v -4072.8337 -1016.1205 339.9923
f 6385 6386 6387
v -4094.0590 -1011.0275 339.9796
v -4072.8337 -1016.1205 339.9923
v -4076.4536 -1011.8155 337.6828
f 6388 6389 6390
v -4069.6994 -1008.4012 334.3058
v -4069.5322 -1007.7035 333.8111
v -4070.4260 -1008.2342 334.3104
f 6391 6392 6393
v -4069.6933 -1008.3999 324.6222
v -4068.6910 -1004.2216 324.4825
v -4068.6911 -1004.2216 324.6235
f 6394 6395 6396
v -4068.6910 -1004.2216 324.4825
v -4069.6933 -1008.3999 324.6222
v -4069.6933 -1008.3999 324.4812
f 6397 6398 6399
v -4069.6990 -1008.4011 333.8108
v -4069.5322 -1007.7035 333.8111
v -4069.6994 -1008.4012 334.3058
f 6400 6401 6402
v -4078.6916 -1001.8217 324.4765
v -4078.6917 -1001.8217 324.6175
v -4068.6911 -1004.2216 324.6235
f 6403 6404 6405
v -4070.9920 -1008.3024 324.4804
v -4070.9984 -1008.3037 334.6740
v -4070.9493 -1008.3149 334.6401
f 6406 6407 6408
v -4070.9493 -1008.3149 334.6401
v -4070.9430 -1008.3135 324.4805
v -4070.9920 -1008.3024 324.4804
f 6409 6410 6411
v -4070.9646 -1008.1108 334.3141
v -4070.9648 -1008.1108 334.6821
v -4070.9984 -1008.3037 334.6740
f 6412 6413 6414
v -4070.9585 -1008.1095 324.4805
v -4070.9646 -1008.1108 334.3141
v -4070.9984 -1008.3037 334.6740
f 6415 6416 6417
v -4070.9984 -1008.3037 334.6740
v -4070.9920 -1008.3024 324.4804
v -4070.9585 -1008.1095 324.4805
f 6418 6419 6420
v -4078.6917 -1001.8217 324.6175
v -4079.7524 -1006.2388 324.4752
v -4079.7587 -1006.2402 334.5168
f 6421 6422 6423
v -4075.3118 -987.7468 324.6219
v -4078.6917 -1001.8217 324.6175
v -4075.3180 -987.7481 334.5255
f 6424 6425 6426
v -4079.7587 -1006.2402 334.5168
v -4075.3180 -987.7481 334.5255
v -4078.6917 -1001.8217 324.6175
f 6427 6428 6429
v -4079.7524 -1006.2388 324.4752
v -4078.6917 -1001.8217 324.6175
v -4078.6916 -1001.8217 324.4765
f 6430 6431 6432
v -4092.1998 -1003.3087 334.4983
v -4079.8236 -1006.2250 334.4697
v -4092.1935 -1003.3075 324.4677
f 6433 6434 6435
v -4079.8236 -1006.2250 334.4697
v -4079.7587 -1006.2402 334.5168
v -4079.7524 -1006.2388 324.4752
f 6436 6437 6438
v -4092.1935 -1003.3075 324.4677
v -4079.8236 -1006.2250 334.4697
v -4079.7524 -1006.2388 324.4752
f 6439 6440 6441
v -4070.9206 -988.7877 324.6245
v -4075.3118 -987.7468 324.6219
v -4075.3180 -987.7481 334.5255
f 6442 6443 6444
v -4070.9206 -988.7877 324.6245
v -4066.5573 -989.8232 330.9060
v -4066.5534 -989.8224 324.6272
f 6445 6446 6447
v -4066.5573 -989.8232 330.9060
v -4070.9206 -988.7877 324.6245
v -4075.3180 -987.7481 334.5255
f 6448 6449 6450
v -4066.5573 -989.8232 330.9060
v -4070.9288 -988.7894 337.6900
v -4066.5597 -989.8238 334.6768
f 6451 6452 6453
v -4070.9288 -988.7894 337.6900
v -4066.5573 -989.8232 330.9060
v -4075.3180 -987.7481 334.5255
f 6454 6455 6456
v -4066.6132 -990.0055 334.6837
v -4061.2444 -991.2945 330.9791
v -4066.6069 -990.0043 324.6271
f 6457 6458 6459
v -4061.2404 -991.2937 324.6303
v -4066.6069 -990.0043 324.6271
v -4061.2444 -991.2945 330.9791
f 6460 6461 6462
v -4065.5549 -1009.3481 324.6247
v -4061.2404 -991.2937 324.6303
v -4061.2444 -991.2945 330.9791
f 6463 6464 6465
v -4065.5589 -1009.3489 330.9614
v -4065.5549 -1009.3481 324.6247
v -4061.2444 -991.2945 330.9791
f 6466 6467 6468
v -4095.9225 -1018.7918 334.6143
v -4094.0493 -1011.0254 324.4653
v -4095.9161 -1018.7904 324.4628
f 6469 6470 6471
v -4094.0493 -1011.0254 324.4653
v -4095.9225 -1018.7918 334.6143
v -4094.0590 -1011.0275 339.9796
f 6472 6473 6474
v -4094.0493 -1011.0254 324.4653
v -4094.0590 -1011.0275 339.9796
v -4092.1935 -1003.3075 324.4677
f 6475 6476 6477
v -4092.1998 -1003.3087 334.4983
v -4092.1935 -1003.3075 324.4677
v -4094.0590 -1011.0275 339.9796
f 6478 6479 6480
v -4071.0141 -1008.5837 334.6400
v -4072.8240 -1016.1185 324.4780
v -4070.9493 -1008.3149 334.6401
f 6481 6482 6483
v -4070.9493 -1008.3149 334.6401
v -4072.8240 -1016.1185 324.4780
v -4070.9430 -1008.3135 324.4805
f 6484 6485 6486
v -4074.6806 -1023.8073 330.8523
v -4071.0141 -1008.5837 334.6400
v -4072.8337 -1016.1205 339.9923
f 6487 6488 6489
v -4072.8240 -1016.1185 324.4780
v -4071.0141 -1008.5837 334.6400
v -4074.6806 -1023.8073 330.8523
f 6490 6491 6492
v -4074.6766 -1023.8064 324.4756
v -4072.8240 -1016.1185 324.4780
v -4074.6806 -1023.8073 330.8523
f 6493 6494 6495
v -4074.6806 -1023.8073 330.8523
v -4072.8337 -1016.1205 339.9923
v -4074.6831 -1023.8078 334.6792
f 6496 6497 6498
v -4066.5597 -989.8238 334.6768
v -4070.9288 -988.7894 337.6900
v -4066.6132 -990.0055 334.6837
f 6499 6500 6501
v -4069.3502 -1008.4800 333.5711
v -4061.2444 -991.2945 330.9791
v -4066.6132 -990.0055 334.6837
f 6502 6503 6504
v -4070.9648 -1008.1108 334.6821
v -4066.6132 -990.0055 334.6837
v -4070.9288 -988.7894 337.6900
f 6505 6506 6507
v -4071.0141 -1008.5837 334.6400
v -4070.9984 -1008.3037 334.6740
v -4076.4536 -1011.8155 337.6828
f 6508 6509 6510
v -4070.9648 -1008.1108 334.6821
v -4076.4536 -1011.8155 337.6828
v -4070.9984 -1008.3037 334.6740
f 6511 6512 6513
v -4070.9493 -1008.3149 334.6401
v -4070.9984 -1008.3037 334.6740
v -4071.0141 -1008.5837 334.6400
f 6514 6515 6516
v -4076.4536 -1011.8155 337.6828
v -4070.9648 -1008.1108 334.6821
v -4070.9288 -988.7894 337.6900
f 6517 6518 6519
v -4065.5589 -1009.3489 330.9614
v -4061.2444 -991.2945 330.9791
v -4069.3502 -1008.4800 333.5711
f 6520 6521 6522
v -4069.5322 -1007.7035 333.8111
v -4069.3502 -1008.4800 333.5711
v -4066.6132 -990.0055 334.6837
f 6523 6524 6525
v -4069.5322 -1007.7035 333.8111
v -4069.6990 -1008.4011 333.8108
v -4069.3502 -1008.4800 333.5711
f 6526 6527 6528
v -4070.4260 -1008.2342 334.3104
v -4069.5322 -1007.7035 333.8111
v -4070.9648 -1008.1108 334.6821
f 6529 6530 6531
v -4070.9648 -1008.1108 334.6821
v -4069.5322 -1007.7035 333.8111
v -4066.6132 -990.0055 334.6837
f 6532 6533 6534
v -4069.6933 -1008.3999 324.6222
v -4065.5549 -1009.3481 324.6247
v -4065.5589 -1009.3489 330.9614
f 6535 6536 6537
v -4070.9585 -1008.1095 324.4805
v -4069.6933 -1008.3999 324.4812
v -4069.6933 -1008.3999 324.6222
f 6538 6539 6540
v -4070.9585 -1008.1095 324.4805
v -4069.6933 -1008.3999 324.6222
v -4065.5589 -1009.3489 330.9614
f 6541 6542 6543
v -4070.4260 -1008.2342 334.3104
v -4069.6990 -1008.4011 333.8108
v -4069.6994 -1008.4012 334.3058
f 6544 6545 6546
v -4070.9585 -1008.1095 324.4805
v -4069.3502 -1008.4800 333.5711
v -4069.6990 -1008.4011 333.8108
f 6547 6548 6549
v -4070.9585 -1008.1095 324.4805
v -4069.6990 -1008.4011 333.8108
v -4070.9646 -1008.1108 334.3141
f 6550 6551 6552
v -4070.4260 -1008.2342 334.3104
v -4070.9646 -1008.1108 334.3141
v -4069.6990 -1008.4011 333.8108
f 6553 6554 6555
v -4070.4260 -1008.2342 334.3104
v -4070.9648 -1008.1108 334.6821
v -4070.9646 -1008.1108 334.3141
f 6556 6557 6558
v -4065.5589 -1009.3489 330.9614
v -4069.3502 -1008.4800 333.5711
v -4070.9585 -1008.1095 324.4805
f 6559 6560 6561
v -4091.6348 -1019.8039 324.4654
v -4095.9225 -1018.7918 334.6143
v -4095.9161 -1018.7904 324.4628
f 6562 6563 6564
v -4092.8881 -1025.0864 330.9795
v -4091.6412 -1019.8053 334.6260
v -4091.6348 -1019.8039 324.4654
f 6565 6566 6567
v -4076.0237 -1029.0368 324.4739
v -4076.0278 -1029.0377 331.0506
v -4085.2888 -1026.8409 324.4684
f 6568 6569 6570
v -4085.2929 -1026.8418 331.0271
v -4085.2888 -1026.8409 324.4684
v -4076.0278 -1029.0377 331.0506
f 6571 6572 6573
v -4078.6916 -1001.8217 324.4765
v -4068.6911 -1004.2216 324.6235
v -4068.6910 -1004.2216 324.4825
f 6574 6575 6576

g building_ID_BA71E207-928E-40A5-B3E5-50907F7EB149
v -4106.0278 -1001.9817 327.4429
v -4105.7086 -1000.0535 327.4434
v -4100.9338 -1001.2313 327.4463
f 6577 6578 6579
v -4100.9338 -1001.2313 327.4463
v -4097.4021 -1002.0808 327.4484
v -4106.0278 -1001.9817 327.4429
f 6580 6581 6582
v -4098.7802 -1007.7041 327.4467
v -4106.0278 -1001.9817 327.4429
v -4097.4021 -1002.0808 327.4484
f 6583 6584 6585
v -4111.4298 -1004.6031 327.4390
v -4110.5411 -1000.9765 327.4402
v -4106.0278 -1001.9817 327.4429
f 6586 6587 6588
v -4098.7802 -1007.7041 327.4467
v -4111.4298 -1004.6031 327.4390
v -4106.0278 -1001.9817 327.4429
f 6589 6590 6591
v -4111.4326 -1004.6037 331.7798
v -4106.0300 -1001.9821 330.8907
v -4110.5432 -1000.9770 330.9110
f 6592 6593 6594
v -4105.7105 -1000.0540 330.4372
v -4106.0300 -1001.9821 330.8907
v -4100.9357 -1001.2318 330.4421
f 6595 6596 6597
v -4098.7829 -1007.7047 331.7875
v -4100.9357 -1001.2318 330.4421
v -4106.0300 -1001.9821 330.8907
f 6598 6599 6600
v -4098.7829 -1007.7047 331.7875
v -4106.0300 -1001.9821 330.8907
v -4111.4326 -1004.6037 331.7798
f 6601 6602 6603
v -4098.7829 -1007.7047 331.7875
v -4097.4039 -1002.0813 330.4402
v -4100.9357 -1001.2318 330.4421
f 6604 6605 6606
v -4105.7086 -1000.0535 327.4434
v -4105.7105 -1000.0540 330.4372
v -4100.9357 -1001.2318 330.4421
f 6607 6608 6609
v -4105.7086 -1000.0535 327.4434
v -4100.9357 -1001.2318 330.4421
v -4100.9338 -1001.2313 327.4463
f 6610 6611 6612
v -4106.0300 -1001.9821 330.8907
v -4105.7086 -1000.0535 327.4434
v -4106.0278 -1001.9817 327.4429
f 6613 6614 6615
v -4105.7105 -1000.0540 330.4372
v -4105.7086 -1000.0535 327.4434
v -4106.0300 -1001.9821 330.8907
f 6616 6617 6618
v -4111.4298 -1004.6031 327.4390
v -4111.4326 -1004.6037 331.7798
v -4110.5411 -1000.9765 327.4402
f 6619 6620 6621
v -4110.5432 -1000.9770 330.9110
v -4110.5411 -1000.9765 327.4402
v -4111.4326 -1004.6037 331.7798
f 6622 6623 6624
v -4098.7802 -1007.7041 327.4467
v -4098.7829 -1007.7047 331.7875
v -4111.4326 -1004.6037 331.7798
f 6625 6626 6627
v -4098.7829 -1007.7047 331.7875
v -4098.7802 -1007.7041 327.4467
v -4097.4039 -1002.0813 330.4402
f 6628 6629 6630
v -4097.4039 -1002.0813 330.4402
v -4098.7802 -1007.7041 327.4467
v -4097.4021 -1002.0808 327.4484
f 6631 6632 6633
v -4097.4021 -1002.0808 327.4484
v -4100.9357 -1001.2318 330.4421
v -4097.4039 -1002.0813 330.4402
f 6634 6635 6636
v -4110.5411 -1000.9765 327.4402
v -4110.5432 -1000.9770 330.9110
v -4106.0278 -1001.9817 327.4429
f 6637 6638 6639
v -4106.0300 -1001.9821 330.8907
v -4106.0278 -1001.9817 327.4429
v -4110.5432 -1000.9770 330.9110
f 6640 6641 6642
v -4098.7802 -1007.7041 327.4467
v -4111.4326 -1004.6037 331.7798
v -4111.4298 -1004.6031 327.4390
f 6643 6644 6645
v -4097.4021 -1002.0808 327.4484
v -4100.9338 -1001.2313 327.4463
v -4100.9357 -1001.2318 330.4421
f 6646 6647 6648

g building_ID_0DF456C5-55E9-4B41-AB62-FB418806DA1F
v -4159.2398 -992.6578 343.3453
v -4159.6012 -994.3108 343.3448
v -4155.4382 -995.2089 342.6473
f 6649 6650 6651
v -4158.6299 -973.2325 343.9337
v -4162.7141 -991.8985 343.9280
v -4159.2398 -992.6578 343.3453
f 6652 6653 6654
v -4147.8683 -985.3901 341.7829
v -4159.2398 -992.6578 343.3453
v -4155.4382 -995.2089 342.6473
f 6655 6656 6657
v -4154.9797 -974.0312 343.3209
v -4159.2398 -992.6578 343.3453
v -4147.8683 -985.3901 341.7829
f 6658 6659 6660
v -4145.5008 -974.4496 341.7901
v -4154.9797 -974.0312 343.3209
v -4147.8683 -985.3901 341.7829
f 6661 6662 6663
v -4154.9797 -974.0312 343.3209
v -4158.6299 -973.2325 343.9337
v -4159.2398 -992.6578 343.3453
f 6664 6665 6666
v -4154.9797 -974.0312 343.3209
v -4145.5008 -974.4496 341.7901
v -4154.6375 -972.4702 343.3214
f 6667 6668 6669
v -4147.8683 -985.3901 341.7829
v -4155.4382 -995.2089 342.6473
v -4150.2357 -996.3318 341.7755
f 6670 6671 6672
v -4156.8541 -994.9006 331.2770
v -4150.2289 -996.3304 331.2811
v -4155.4382 -995.2089 342.6473
f 6673 6674 6675
v -4150.2357 -996.3318 341.7755
v -4155.4382 -995.2089 342.6473
v -4150.2289 -996.3304 331.2811
f 6676 6677 6678
v -4159.6012 -994.3108 343.3448
v -4159.6004 -994.3106 342.1138
v -4155.4382 -995.2089 342.6473
f 6679 6680 6681
v -4156.8541 -994.9006 331.2770
v -4159.6004 -994.3106 342.1138
v -4159.5935 -994.3093 331.2753
f 6682 6683 6684
v -4147.8683 -985.3901 341.7829
v -4150.2357 -996.3318 341.7755
v -4145.4975 -974.4489 336.5393
f 6685 6686 6687
v -4145.4975 -974.4489 336.5393
v -4150.2357 -996.3318 341.7755
v -4145.4941 -974.4482 331.2875
f 6688 6689 6690
v -4145.4941 -974.4482 331.2875
v -4150.2357 -996.3318 341.7755
v -4150.2289 -996.3304 331.2811
f 6691 6692 6693
v -4154.9789 -974.0310 342.1199
v -4154.9797 -974.0312 343.3209
v -4154.6375 -972.4702 343.3214
f 6694 6695 6696
v -4158.6288 -973.2322 342.1177
v -4158.6299 -973.2325 343.9337
v -4154.9797 -974.0312 343.3209
f 6697 6698 6699
v -4162.7129 -991.8983 342.1121
v -4162.7141 -991.8985 343.9280
v -4158.6299 -973.2325 343.9337
f 6700 6701 6702
v -4159.2390 -992.6576 342.1143
v -4159.2398 -992.6578 343.3453
v -4162.7129 -991.8983 342.1121
f 6703 6704 6705
v -4159.6004 -994.3106 342.1138
v -4159.6012 -994.3108 343.3448
v -4159.2398 -992.6578 343.3453
f 6706 6707 6708
v -4175.4081 -990.8548 331.2655
v -4175.4152 -990.8561 342.1040
v -4170.6754 -968.9939 342.1105
f 6709 6710 6711
v -4154.6368 -972.4700 342.1205
v -4170.6754 -968.9939 342.1105
v -4158.6288 -973.2322 342.1177
f 6712 6713 6714
v -4162.7129 -991.8983 342.1121
v -4158.6288 -973.2322 342.1177
v -4170.6754 -968.9939 342.1105
f 6715 6716 6717
v -4158.6288 -973.2322 342.1177
v -4154.9789 -974.0310 342.1199
v -4154.6368 -972.4700 342.1205
f 6718 6719 6720
v -4159.6004 -994.3106 342.1138
v -4162.7129 -991.8983 342.1121
v -4175.4152 -990.8561 342.1040
f 6721 6722 6723
v -4170.6754 -968.9939 342.1105
v -4175.4152 -990.8561 342.1040
v -4162.7129 -991.8983 342.1121
f 6724 6725 6726
v -4162.7129 -991.8983 342.1121
v -4159.6004 -994.3106 342.1138
v -4159.2390 -992.6576 342.1143
f 6727 6728 6729
v -4159.5935 -994.3093 331.2753
v -4159.6004 -994.3106 342.1138
v -4175.4081 -990.8548 331.2655
f 6730 6731 6732
v -4175.4152 -990.8561 342.1040
v -4175.4081 -990.8548 331.2655
v -4159.6004 -994.3106 342.1138
f 6733 6734 6735
v -4154.8217 -972.4271 331.2818
v -4159.5935 -994.3093 331.2753
v -4170.6685 -968.9925 331.2720
f 6736 6737 6738
v -4145.4941 -974.4482 331.2875
v -4159.5935 -994.3093 331.2753
v -4154.8217 -972.4271 331.2818
f 6739 6740 6741
v -4156.8541 -994.9006 331.2770
v -4145.4941 -974.4482 331.2875
v -4150.2289 -996.3304 331.2811
f 6742 6743 6744
v -4159.5935 -994.3093 331.2753
v -4145.4941 -974.4482 331.2875
v -4156.8541 -994.9006 331.2770
f 6745 6746 6747
v -4159.5935 -994.3093 331.2753
v -4175.4081 -990.8548 331.2655
v -4170.6685 -968.9925 331.2720
f 6748 6749 6750
v -4145.5008 -974.4496 341.7901
v -4154.6368 -972.4700 342.1205
v -4154.6375 -972.4702 343.3214
f 6751 6752 6753
v -4170.6754 -968.9939 342.1105
v -4154.6368 -972.4700 342.1205
v -4170.6685 -968.9925 331.2720
f 6754 6755 6756
v -4154.8217 -972.4271 331.2818
v -4170.6685 -968.9925 331.2720
v -4154.6368 -972.4700 342.1205
f 6757 6758 6759
v -4154.6368 -972.4700 342.1205
v -4145.5008 -974.4496 341.7901
v -4145.4975 -974.4489 336.5393
f 6760 6761 6762
v -4154.8217 -972.4271 331.2818
v -4154.6368 -972.4700 342.1205
v -4145.4975 -974.4489 336.5393
f 6763 6764 6765
v -4145.4941 -974.4482 331.2875
v -4154.8217 -972.4271 331.2818
v -4145.4975 -974.4489 336.5393
f 6766 6767 6768
v -4159.6004 -994.3106 342.1138
v -4156.8541 -994.9006 331.2770
v -4155.4382 -995.2089 342.6473
f 6769 6770 6771
v -4147.8683 -985.3901 341.7829
v -4145.4975 -974.4489 336.5393
v -4145.5008 -974.4496 341.7901
f 6772 6773 6774
v -4154.9789 -974.0310 342.1199
v -4154.6375 -972.4702 343.3214
v -4154.6368 -972.4700 342.1205
f 6775 6776 6777
v -4158.6288 -973.2322 342.1177
v -4154.9797 -974.0312 343.3209
v -4154.9789 -974.0310 342.1199
f 6778 6779 6780
v -4162.7129 -991.8983 342.1121
v -4158.6299 -973.2325 343.9337
v -4158.6288 -973.2322 342.1177
f 6781 6782 6783
v -4159.2398 -992.6578 343.3453
v -4162.7141 -991.8985 343.9280
v -4162.7129 -991.8983 342.1121
f 6784 6785 6786
v -4159.6004 -994.3106 342.1138
v -4159.2398 -992.6578 343.3453
v -4159.2390 -992.6576 342.1143
f 6787 6788 6789
v -4175.4081 -990.8548 331.2655
v -4170.6754 -968.9939 342.1105
v -4170.6685 -968.9925 331.2720
f 6790 6791 6792
