# Grid Center: 2613400, 1266000
# Global Anchor: 7.64977475454284, 47.53283995868075, 0.0

g building_ID_01C74B10-2080-42CF-8268-F328F2359511
v -2333.1647 1296.7672 257.7759
v -2333.0709 1293.3310 257.7766
v -2345.9896 1293.0057 257.7719
f 1 2 3
v -2333.4235 1306.1638 257.7739
v -2332.4027 1296.7882 257.7761
v -2333.1647 1296.7672 257.7759
f 4 5 6
v -2333.1647 1296.7672 257.7759
v -2345.9896 1293.0057 257.7719
v -2346.4689 1309.2787 257.7684
f 7 8 9
v -2333.5174 1309.5770 257.7731
v -2333.4235 1306.1638 257.7739
v -2346.4689 1309.2787 257.7684
f 10 11 12
v -2333.1647 1296.7672 257.7759
v -2346.4689 1309.2787 257.7684
v -2333.4235 1306.1638 257.7739
f 13 14 15
v -2332.4027 1296.7882 257.7761
v -2333.4235 1306.1638 257.7739
v -2332.6795 1306.1848 257.7741
f 16 17 18
v -2333.5270 1309.5833 285.1341
v -2346.4786 1309.2850 285.1294
v -2333.4332 1306.1700 285.1349
f 19 20 21
v -2345.9993 1293.0119 285.1329
v -2333.4332 1306.1700 285.1349
v -2346.4786 1309.2850 285.1294
f 22 23 24
v -2332.6891 1306.1911 285.1351
v -2333.4332 1306.1700 285.1349
v -2333.1744 1296.7735 285.1369
f 25 26 27
v -2333.1744 1296.7735 285.1369
v -2345.9993 1293.0119 285.1329
v -2333.0806 1293.3372 285.1376
f 28 29 30
v -2332.6891 1306.1911 285.1351
v -2333.1744 1296.7735 285.1369
v -2332.4123 1296.7944 285.1371
f 31 32 33
v -2333.4332 1306.1700 285.1349
v -2345.9993 1293.0119 285.1329
v -2333.1744 1296.7735 285.1369
f 34 35 36
v -2333.1647 1296.7672 257.7759
v -2333.1744 1296.7735 285.1369
v -2333.0806 1293.3372 285.1376
f 37 38 39
v -2332.4027 1296.7882 257.7761
v -2332.4123 1296.7944 285.1371
v -2333.1744 1296.7735 285.1369
f 40 41 42
v -2332.6795 1306.1848 257.7741
v -2332.6891 1306.1911 285.1351
v -2332.4123 1296.7944 285.1371
f 43 44 45
v -2333.4235 1306.1638 257.7739
v -2333.4332 1306.1700 285.1349
v -2332.6891 1306.1911 285.1351
f 46 47 48
v -2333.5174 1309.5770 257.7731
v -2333.5270 1309.5833 285.1341
v -2333.4332 1306.1700 285.1349
f 49 50 51
v -2346.4689 1309.2787 257.7684
v -2346.4786 1309.2850 285.1294
v -2333.5270 1309.5833 285.1341
f 52 53 54
v -2345.9896 1293.0057 257.7719
v -2345.9993 1293.0119 285.1329
v -2346.4786 1309.2850 285.1294
f 55 56 57
v -2333.0709 1293.3310 257.7766
v -2333.0806 1293.3372 285.1376
v -2345.9993 1293.0119 285.1329
f 58 59 60
v -2333.1647 1296.7672 257.7759
v -2333.0806 1293.3372 285.1376
v -2333.0709 1293.3310 257.7766
f 61 62 63
v -2332.4027 1296.7882 257.7761
v -2333.1744 1296.7735 285.1369
v -2333.1647 1296.7672 257.7759
f 64 65 66
v -2332.6795 1306.1848 257.7741
v -2332.4123 1296.7944 285.1371
v -2332.4027 1296.7882 257.7761
f 67 68 69
v -2333.4235 1306.1638 257.7739
v -2332.6891 1306.1911 285.1351
v -2332.6795 1306.1848 257.7741
f 70 71 72
v -2333.5174 1309.5770 257.7731
v -2333.4332 1306.1700 285.1349
v -2333.4235 1306.1638 257.7739
f 73 74 75
v -2346.4689 1309.2787 257.7684
v -2333.5270 1309.5833 285.1341
v -2333.5174 1309.5770 257.7731
f 76 77 78
v -2345.9896 1293.0057 257.7719
v -2346.4786 1309.2850 285.1294
v -2346.4689 1309.2787 257.7684
f 79 80 81
v -2333.0709 1293.3310 257.7766
v -2345.9993 1293.0119 285.1329
v -2345.9896 1293.0057 257.7719
f 82 83 84

g building_ID_DA8EAEA5-A3A3-423E-9617-CA3CAF3D76A5
v -2289.9034 1281.2369 255.4268
v -2299.0269 1280.2203 255.4237
v -2290.8917 1290.0333 255.4246
f 85 86 87
v -2292.2129 1301.8847 255.4217
v -2288.2879 1293.3273 255.4249
v -2290.8917 1290.0333 255.4246
f 88 89 90
v -2288.2879 1293.3273 255.4249
v -2287.9548 1290.3645 255.4256
v -2290.8917 1290.0333 255.4246
f 91 92 93
v -2302.3158 1309.6426 255.4165
v -2290.8917 1290.0333 255.4246
v -2299.0269 1280.2203 255.4237
f 94 95 96
v -2292.2157 1301.9617 255.4217
v -2302.3158 1309.6426 255.4165
v -2293.2002 1310.6802 255.4196
f 97 98 99
v -2302.3158 1309.6426 255.4165
v -2292.2157 1301.9617 255.4217
v -2292.2129 1301.8847 255.4217
f 100 101 102
v -2288.2879 1293.3273 255.4249
v -2292.2129 1301.8847 255.4217
v -2289.2810 1302.2137 255.4227
f 103 104 105
v -2290.8917 1290.0333 255.4246
v -2302.3158 1309.6426 255.4165
v -2292.2129 1301.8847 255.4217
f 106 107 108
v -2292.2181 1301.9633 262.5745
v -2302.3183 1309.6443 262.5693
v -2292.2153 1301.8863 262.5745
f 109 110 111
v -2290.8942 1290.0350 262.5774
v -2292.2153 1301.8863 262.5745
v -2302.3183 1309.6443 262.5693
f 112 113 114
v -2302.3183 1309.6443 262.5693
v -2292.2181 1301.9633 262.5745
v -2293.2027 1310.6818 262.5724
f 115 116 117
v -2289.2835 1302.2154 262.5755
v -2292.2153 1301.8863 262.5745
v -2288.2904 1293.3289 262.5777
f 118 119 120
v -2290.8942 1290.0350 262.5774
v -2299.0294 1280.2220 262.5764
v -2289.9058 1281.2384 262.5796
f 121 122 123
v -2287.9573 1290.3660 262.5784
v -2288.2904 1293.3289 262.5777
v -2290.8942 1290.0350 262.5774
f 124 125 126
v -2290.8942 1290.0350 262.5774
v -2288.2904 1293.3289 262.5777
v -2292.2153 1301.8863 262.5745
f 127 128 129
v -2299.0294 1280.2220 262.5764
v -2290.8942 1290.0350 262.5774
v -2302.3183 1309.6443 262.5693
f 130 131 132
v -2299.0269 1280.2203 255.4237
v -2299.0294 1280.2220 262.5764
v -2302.3183 1309.6443 262.5693
f 133 134 135
v -2289.9034 1281.2369 255.4268
v -2289.9058 1281.2384 262.5796
v -2299.0294 1280.2220 262.5764
f 136 137 138
v -2290.8917 1290.0333 255.4246
v -2290.8942 1290.0350 262.5774
v -2289.9058 1281.2384 262.5796
f 139 140 141
v -2287.9548 1290.3645 255.4256
v -2287.9573 1290.3660 262.5784
v -2290.8942 1290.0350 262.5774
f 142 143 144
v -2292.2129 1301.8847 255.4217
v -2292.2153 1301.8863 262.5745
v -2289.2835 1302.2154 262.5755
f 145 146 147
v -2292.2157 1301.9617 255.4217
v -2292.2181 1301.9633 262.5745
v -2292.2153 1301.8863 262.5745
f 148 149 150
v -2293.2002 1310.6802 255.4196
v -2293.2027 1310.6818 262.5724
v -2292.2181 1301.9633 262.5745
f 151 152 153
v -2302.3158 1309.6426 255.4165
v -2302.3183 1309.6443 262.5693
v -2293.2027 1310.6818 262.5724
f 154 155 156
v -2288.2879 1293.3273 255.4249
v -2289.2810 1302.2137 255.4227
v -2289.2835 1302.2154 262.5755
f 157 158 159
v -2288.2904 1293.3289 262.5777
v -2287.9573 1290.3660 262.5784
v -2287.9548 1290.3645 255.4256
f 160 161 162
v -2299.0269 1280.2203 255.4237
v -2302.3183 1309.6443 262.5693
v -2302.3158 1309.6426 255.4165
f 163 164 165
v -2289.9034 1281.2369 255.4268
v -2299.0294 1280.2220 262.5764
v -2299.0269 1280.2203 255.4237
f 166 167 168
v -2290.8917 1290.0333 255.4246
v -2289.9058 1281.2384 262.5796
v -2289.9034 1281.2369 255.4268
f 169 170 171
v -2287.9548 1290.3645 255.4256
v -2290.8942 1290.0350 262.5774
v -2290.8917 1290.0333 255.4246
f 172 173 174
v -2292.2129 1301.8847 255.4217
v -2289.2835 1302.2154 262.5755
v -2289.2810 1302.2137 255.4227
f 175 176 177
v -2292.2157 1301.9617 255.4217
v -2292.2153 1301.8863 262.5745
v -2292.2129 1301.8847 255.4217
f 178 179 180
v -2293.2002 1310.6802 255.4196
v -2292.2181 1301.9633 262.5745
v -2292.2157 1301.9617 255.4217
f 181 182 183
v -2302.3158 1309.6426 255.4165
v -2293.2027 1310.6818 262.5724
v -2293.2002 1310.6802 255.4196
f 184 185 186
v -2288.2879 1293.3273 255.4249
v -2289.2835 1302.2154 262.5755
v -2288.2904 1293.3289 262.5777
f 187 188 189
v -2288.2904 1293.3289 262.5777
v -2287.9548 1290.3645 255.4256
v -2288.2879 1293.3273 255.4249
f 190 191 192

g building_ID_A67B314B-7BF9-45A7-B69D-0FDD38257ACE
v -2332.7303 1280.9124 257.7792
v -2332.6318 1277.3642 257.7800
v -2345.5186 1276.9867 257.7753
f 193 194 195
v -2332.2020 1289.9707 257.7776
v -2331.9363 1280.9272 257.7795
v -2332.7303 1280.9124 257.7792
f 196 197 198
v -2332.7303 1280.9124 257.7792
v -2345.5186 1276.9867 257.7753
v -2345.9896 1293.0057 257.7719
f 199 200 201
v -2333.0709 1293.3310 257.7766
v -2332.9780 1289.9489 257.7773
v -2345.9896 1293.0057 257.7719
f 202 203 204
v -2332.7303 1280.9124 257.7792
v -2345.9896 1293.0057 257.7719
v -2332.9780 1289.9489 257.7773
f 205 206 207
v -2332.7303 1280.9124 257.7792
v -2332.9780 1289.9489 257.7773
v -2332.2020 1289.9707 257.7776
f 208 209 210
v -2333.0806 1293.3372 285.1376
v -2345.9993 1293.0119 285.1329
v -2332.9877 1289.9551 285.1383
f 211 212 213
v -2332.7400 1280.9185 285.1402
v -2332.9877 1289.9551 285.1383
v -2345.9993 1293.0119 285.1329
f 214 215 216
v -2332.2116 1289.9769 285.1386
v -2332.9877 1289.9551 285.1383
v -2332.7400 1280.9185 285.1402
f 217 218 219
v -2332.7400 1280.9185 285.1402
v -2345.5284 1276.9929 285.1363
v -2332.6415 1277.3703 285.1410
f 220 221 222
v -2332.2116 1289.9769 285.1386
v -2332.7400 1280.9185 285.1402
v -2331.9459 1280.9333 285.1405
f 223 224 225
v -2345.9993 1293.0119 285.1329
v -2345.5284 1276.9929 285.1363
v -2332.7400 1280.9185 285.1402
f 226 227 228
v -2332.7303 1280.9124 257.7792
v -2332.7400 1280.9185 285.1402
v -2332.6415 1277.3703 285.1410
f 229 230 231
v -2331.9363 1280.9272 257.7795
v -2331.9459 1280.9333 285.1405
v -2332.7400 1280.9185 285.1402
f 232 233 234
v -2332.2020 1289.9707 257.7776
v -2332.2116 1289.9769 285.1386
v -2331.9459 1280.9333 285.1405
f 235 236 237
v -2332.9780 1289.9489 257.7773
v -2332.9877 1289.9551 285.1383
v -2332.2116 1289.9769 285.1386
f 238 239 240
v -2333.0709 1293.3310 257.7766
v -2333.0806 1293.3372 285.1376
v -2332.9877 1289.9551 285.1383
f 241 242 243
v -2345.9896 1293.0057 257.7719
v -2345.9993 1293.0119 285.1329
v -2333.0806 1293.3372 285.1376
f 244 245 246
v -2345.5186 1276.9867 257.7753
v -2345.5284 1276.9929 285.1363
v -2345.9993 1293.0119 285.1329
f 247 248 249
v -2332.6318 1277.3642 257.7800
v -2332.6415 1277.3703 285.1410
v -2345.5284 1276.9929 285.1363
f 250 251 252
v -2332.7303 1280.9124 257.7792
v -2332.6415 1277.3703 285.1410
v -2332.6318 1277.3642 257.7800
f 253 254 255
v -2331.9363 1280.9272 257.7795
v -2332.7400 1280.9185 285.1402
v -2332.7303 1280.9124 257.7792
f 256 257 258
v -2332.2020 1289.9707 257.7776
v -2331.9459 1280.9333 285.1405
v -2331.9363 1280.9272 257.7795
f 259 260 261
v -2332.9780 1289.9489 257.7773
v -2332.2116 1289.9769 285.1386
v -2332.2020 1289.9707 257.7776
f 262 263 264
v -2333.0709 1293.3310 257.7766
v -2332.9877 1289.9551 285.1383
v -2332.9780 1289.9489 257.7773
f 265 266 267
v -2345.9896 1293.0057 257.7719
v -2333.0806 1293.3372 285.1376
v -2333.0709 1293.3310 257.7766
f 268 269 270
v -2345.5186 1276.9867 257.7753
v -2345.9993 1293.0119 285.1329
v -2345.9896 1293.0057 257.7719
f 271 272 273
v -2332.6318 1277.3642 257.7800
v -2345.5284 1276.9929 285.1363
v -2345.5186 1276.9867 257.7753
f 274 275 276

g building_ID_36217E90-76A9-41A2-9631-3C38BF03ABC1
v -2369.1975 1285.2134 258.9539
v -2380.0043 1280.4125 258.9508
v -2380.1733 1280.4079 258.9507
f 277 278 279
v -2380.4157 1291.0424 258.9485
v -2369.1975 1285.2134 258.9539
v -2380.1733 1280.4079 258.9507
f 280 281 282
v -2379.8730 1275.6982 258.9518
v -2380.0043 1280.4125 258.9508
v -2368.9872 1276.0200 258.9558
f 283 284 285
v -2357.9326 1285.6272 258.9579
v -2363.4433 1285.3459 258.9560
v -2358.0717 1291.5535 258.9567
f 286 287 288
v -2357.9301 1285.4722 258.9580
v -2363.4433 1285.3459 258.9560
v -2357.9326 1285.6272 258.9579
f 289 290 291
v -2380.0043 1280.4125 258.9508
v -2369.1975 1285.2134 258.9539
v -2368.9872 1276.0200 258.9558
f 292 293 294
v -2358.0717 1291.5535 258.9567
v -2363.4433 1285.3459 258.9560
v -2369.1975 1285.2134 258.9539
f 295 296 297
v -2380.4157 1291.0424 258.9485
v -2358.0717 1291.5535 258.9567
v -2369.1975 1285.2134 258.9539
f 298 299 300
v -2359.2556 1277.4694 270.2687
v -2357.9381 1285.6306 274.2684
v -2363.4000 1283.2581 273.1609
f 301 302 303
v -2380.2862 1285.1197 274.2603
v -2363.4000 1283.2581 273.1609
v -2357.9381 1285.6306 274.2684
f 304 305 306
v -2357.7225 1276.3141 269.6845
v -2357.9381 1285.6306 274.2684
v -2359.2556 1277.4694 270.2687
f 307 308 309
v -2359.2556 1277.4694 270.2687
v -2357.8107 1275.4513 269.2607
v -2357.8355 1276.3105 269.6834
f 310 311 312
v -2357.8355 1276.3105 269.6834
v -2357.7225 1276.3141 269.6845
v -2359.2556 1277.4694 270.2687
f 313 314 315
v -2368.2890 1276.0425 269.6656
v -2380.0090 1280.4155 271.9443
v -2379.8768 1275.7007 269.6244
f 316 317 318
v -2380.0090 1280.4155 271.9443
v -2380.2862 1285.1197 274.2603
v -2380.1780 1280.4109 271.9432
f 319 320 321
v -2380.0090 1280.4155 271.9443
v -2368.2890 1276.0425 269.6656
v -2363.4000 1283.2581 273.1609
f 322 323 324
v -2380.2862 1285.1197 274.2603
v -2380.0090 1280.4155 271.9443
v -2363.4000 1283.2581 273.1609
f 325 326 327
v -2358.1536 1294.8800 269.6587
v -2358.1525 1294.8793 266.4408
v -2358.1604 1294.9551 269.6217
f 328 329 330
v -2358.1593 1294.9543 266.4408
v -2358.1604 1294.9551 269.6217
v -2358.1525 1294.8793 266.4408
f 331 332 333
v -2396.1995 1282.4980 259.2002
v -2396.1263 1280.0032 265.1655
v -2396.1280 1280.0043 269.9034
f 334 335 336
v -2396.1995 1282.4980 259.2002
v -2396.1242 1280.0019 259.2008
v -2396.1263 1280.0032 265.1655
f 337 338 339
v -2396.1280 1280.0043 269.9034
v -2396.2038 1282.5007 271.0657
v -2396.2006 1282.4988 262.3300
f 340 341 342
v -2380.0043 1280.4125 258.9508
v -2379.8730 1275.6982 258.9518
v -2380.0059 1280.4136 263.5077
f 343 344 345
v -2396.3585 1282.4934 259.2002
v -2396.5445 1290.6738 259.1984
v -2396.1995 1282.4980 259.2002
f 346 347 348
v -2380.2807 1285.1162 259.2058
v -2396.1995 1282.4980 259.2002
v -2396.5445 1290.6738 259.1984
f 349 350 351
v -2380.2807 1285.1162 259.2058
v -2380.1734 1280.4080 259.2067
v -2396.1995 1282.4980 259.2002
f 352 353 354
v -2380.1734 1280.4080 259.2067
v -2396.1242 1280.0019 259.2008
v -2396.1995 1282.4980 259.2002
f 355 356 357
v -2380.4158 1291.0425 259.2045
v -2380.2807 1285.1162 259.2058
v -2396.5445 1290.6738 259.1984
f 358 359 360
v -2380.2854 1285.1191 272.1203
v -2396.2038 1282.5007 271.0657
v -2380.1772 1280.4105 269.9283
f 361 362 363
v -2397.0186 1286.9583 273.1474
v -2380.2854 1285.1191 272.1203
v -2380.3368 1287.3395 273.1538
f 364 365 366
v -2396.9158 1282.4796 271.0625
v -2396.2038 1282.5007 271.0657
v -2397.0186 1286.9583 273.1474
f 367 368 369
v -2380.2854 1285.1191 272.1203
v -2397.0186 1286.9583 273.1474
v -2396.2038 1282.5007 271.0657
f 370 371 372
v -2396.2038 1282.5007 271.0657
v -2396.1280 1280.0043 269.9034
v -2380.1772 1280.4105 269.9283
f 373 374 375
v -2362.7736 1256.1296 258.6180
v -2367.5990 1255.9895 258.6163
v -2368.1381 1276.0447 258.6121
f 376 377 378
v -2357.2583 1256.2898 258.6200
v -2362.7736 1256.1296 258.6180
v -2368.1381 1276.0447 258.6121
f 379 380 381
v -2369.1974 1285.2133 258.6099
v -2368.1381 1276.0447 258.6121
v -2368.9871 1276.0199 258.6118
f 382 383 384
v -2368.1381 1276.0447 258.6121
v -2369.1974 1285.2133 258.6099
v -2363.4432 1285.3459 258.6120
f 385 386 387
v -2368.1381 1276.0447 258.6121
v -2363.4432 1285.3459 258.6120
v -2357.2583 1256.2898 258.6200
f 388 389 390
v -2363.4432 1285.3459 258.6120
v -2357.8315 1276.3079 258.6158
v -2357.2583 1256.2898 258.6200
f 391 392 393
v -2357.8315 1276.3079 258.6158
v -2357.9299 1285.4720 258.6141
v -2357.7195 1276.3117 258.6159
f 394 395 396
v -2357.9299 1285.4720 258.6141
v -2357.8315 1276.3079 258.6158
v -2363.4432 1285.3459 258.6120
f 397 398 399
v -2362.7788 1256.1328 273.1665
v -2367.8720 1266.0056 269.7968
v -2367.6030 1255.9920 269.8269
f 400 401 402
v -2367.8720 1266.0056 269.7968
v -2362.7788 1256.1328 273.1665
v -2363.4000 1283.2581 273.1609
f 403 404 405
v -2367.8720 1266.0056 269.7968
v -2363.4000 1283.2581 273.1609
v -2368.1420 1276.0472 269.7677
f 406 407 408
v -2363.4000 1283.2581 273.1609
v -2368.2890 1276.0425 269.6656
v -2368.1420 1276.0472 269.7677
f 409 410 411
v -2368.1411 1276.0465 266.9558
v -2367.6030 1255.9920 269.8269
v -2367.8720 1266.0056 269.7968
f 412 413 414
v -2367.5990 1255.9895 258.6163
v -2368.1411 1276.0465 266.9558
v -2368.1381 1276.0447 258.6121
f 415 416 417
v -2368.9871 1276.0199 258.6118
v -2368.9872 1276.0200 258.9558
v -2369.1975 1285.2134 258.9539
f 418 419 420
v -2396.8805 1290.6657 259.1473
v -2396.3585 1282.4934 259.1492
v -2401.7748 1282.3310 259.1472
f 421 422 423
v -2410.4102 1282.1332 259.1439
v -2410.8333 1297.7531 259.1406
v -2401.7748 1282.3310 259.1472
f 424 425 426
v -2396.8805 1290.6657 259.1473
v -2401.7748 1282.3310 259.1472
v -2397.0497 1298.0710 259.1458
f 427 428 429
v -2410.8333 1297.7531 259.1406
v -2397.0497 1298.0710 259.1458
v -2401.7748 1282.3310 259.1472
f 430 431 432
v -2396.3585 1282.4934 259.1492
v -2396.8805 1290.6657 259.1473
v -2396.5445 1290.6738 259.1474
f 433 434 435
v -2410.8333 1297.7531 259.1406
v -2410.8366 1297.7551 268.0802
v -2397.0522 1298.0726 266.0955
f 436 437 438
v -2396.7169 1298.0812 268.0855
v -2397.0522 1298.0726 266.0955
v -2410.8366 1297.7551 268.0802
f 439 440 441
v -2396.7169 1298.0812 268.0855
v -2396.7161 1298.0807 266.0986
v -2397.0522 1298.0726 266.0955
f 442 443 444
v -2410.4102 1282.1332 259.1439
v -2410.4134 1282.1352 268.0836
v -2410.8366 1297.7551 268.0802
f 445 446 447
v -2401.7748 1282.3310 259.1472
v -2401.7781 1282.3330 268.0868
v -2410.4134 1282.1352 268.0836
f 448 449 450
v -2358.1801 1295.8837 258.9338
v -2396.8025 1301.8243 258.9181
v -2358.3892 1302.9011 258.9324
f 451 452 453
v -2358.1498 1294.8786 258.9340
v -2396.7213 1298.1631 258.9189
v -2358.1801 1295.8837 258.9338
f 454 455 456
v -2396.8025 1301.8243 258.9181
v -2362.1554 1302.8153 258.9310
v -2358.3892 1302.9011 258.9324
f 457 458 459
v -2396.8804 1290.6657 258.9203
v -2358.1498 1294.8786 258.9340
v -2358.0687 1291.5535 258.9347
f 460 461 462
v -2397.0513 1298.1540 258.9187
v -2396.7213 1298.1631 258.9189
v -2396.8804 1290.6657 258.9203
f 463 464 465
v -2396.7213 1298.1631 258.9189
v -2396.8025 1301.8243 258.9181
v -2358.1801 1295.8837 258.9338
f 466 467 468
v -2396.7213 1298.1631 258.9189
v -2358.1498 1294.8786 258.9340
v -2396.8804 1290.6657 258.9203
f 469 470 471
v -2358.3892 1302.9011 258.9324
v -2358.3919 1302.9028 266.4381
v -2358.1801 1295.8837 258.9338
f 472 473 474
v -2358.2727 1298.8906 266.4399
v -2358.1801 1295.8837 258.9338
v -2358.3323 1300.8987 266.4385
f 475 476 477
v -2358.1801 1295.8837 258.9338
v -2358.2727 1298.8906 266.4399
v -2358.2121 1296.8844 266.4404
f 478 479 480
v -2358.1518 1294.8779 264.5638
v -2358.1542 1294.9543 266.4408
v -2358.1525 1294.8793 266.4408
f 481 482 483
v -2358.1801 1295.8837 258.9338
v -2358.1505 1294.8770 260.8110
v -2358.1498 1294.8786 258.9340
f 484 485 486
v -2362.1571 1302.8164 263.6688
v -2362.1581 1302.8169 266.4047
v -2358.3919 1302.9028 266.4381
f 487 488 489
v -2362.1554 1302.8153 258.9310
v -2362.1571 1302.8164 263.6688
v -2358.3892 1302.9011 258.9324
f 490 491 492
v -2380.0251 1302.3059 266.2462
v -2362.1571 1302.8164 263.6688
v -2396.8051 1301.8259 266.0978
f 493 494 495
v -2362.1571 1302.8164 263.6688
v -2396.8025 1301.8243 258.9181
v -2396.8051 1301.8259 266.0978
f 496 497 498
v -2370.8196 1302.5691 266.3285
v -2362.1571 1302.8164 263.6688
v -2380.0251 1302.3059 266.2462
f 499 500 501
v -2362.1571 1302.8164 263.6688
v -2362.1554 1302.8153 258.9310
v -2396.8025 1301.8243 258.9181
f 502 503 504
v -2396.7239 1298.1648 266.0986
v -2396.8051 1301.8259 266.0978
v -2396.7213 1298.1631 258.9189
f 505 506 507
v -2396.8051 1301.8259 266.0978
v -2396.8025 1301.8243 258.9181
v -2396.7213 1298.1631 258.9189
f 508 509 510
v -2396.7213 1298.1631 258.9189
v -2397.0513 1298.1540 258.9187
v -2396.7239 1298.1648 266.0986
f 511 512 513
v -2397.0513 1298.1540 258.9187
v -2397.0522 1298.0726 266.0955
v -2397.0540 1298.1557 266.0954
f 514 515 516
v -2397.0497 1298.0710 259.1458
v -2396.8804 1290.6657 258.9203
v -2396.8805 1290.6657 259.1473
f 517 518 519
v -2396.8804 1290.6657 258.9203
v -2397.0497 1298.0710 259.1458
v -2397.0513 1298.1540 258.9187
f 520 521 522
v -2397.0513 1298.1540 258.9187
v -2397.0497 1298.0710 259.1458
v -2397.0522 1298.0726 266.0955
f 523 524 525
v -2396.7169 1298.0812 268.0855
v -2410.8366 1297.7551 268.0802
v -2397.1796 1294.0625 268.0861
f 526 527 528
v -2401.7781 1282.3330 268.0868
v -2397.1796 1294.0625 268.0861
v -2410.8366 1297.7551 268.0802
f 529 530 531
v -2397.1796 1294.0625 268.0861
v -2396.6256 1294.0750 268.0863
v -2396.7169 1298.0812 268.0855
f 532 533 534
v -2397.1796 1294.0625 268.0861
v -2401.7781 1282.3330 268.0868
v -2397.0168 1286.9572 268.0876
f 535 536 537
v -2401.7781 1282.3330 268.0868
v -2396.9148 1282.4789 268.0886
v -2397.0168 1286.9572 268.0876
f 538 539 540
v -2410.4134 1282.1352 268.0836
v -2401.7781 1282.3330 268.0868
v -2410.8366 1297.7551 268.0802
f 541 542 543
v -2396.7161 1298.0807 266.0986
v -2396.7169 1298.0812 268.0855
v -2396.6256 1294.0750 268.0863
f 544 545 546
v -2396.5445 1290.6738 259.1474
v -2396.5445 1290.6738 259.1984
v -2396.3585 1282.4934 259.1492
f 547 548 549
v -2397.0540 1298.1557 266.0954
v -2397.0522 1298.0726 266.0955
v -2396.7239 1298.1648 266.0986
f 550 551 552
v -2396.7161 1298.0807 266.0986
v -2396.7239 1298.1648 266.0986
v -2397.0522 1298.0726 266.0955
f 553 554 555
v -2380.0251 1302.3059 266.2462
v -2396.8051 1301.8259 266.0978
v -2396.7239 1298.1648 266.0986
f 556 557 558
v -2358.2727 1298.8906 266.4399
v -2396.7161 1298.0807 266.0986
v -2380.4962 1294.4432 266.2426
f 559 560 561
v -2396.6249 1294.0745 266.0994
v -2380.4962 1294.4432 266.2426
v -2396.7161 1298.0807 266.0986
f 562 563 564
v -2358.2727 1298.8906 266.4399
v -2380.4962 1294.4432 266.2426
v -2358.2121 1296.8844 266.4404
f 565 566 567
v -2358.1593 1294.9543 266.4408
v -2358.2121 1296.8844 266.4404
v -2380.4962 1294.4432 266.2426
f 568 569 570
v -2380.0251 1302.3059 266.2462
v -2396.7161 1298.0807 266.0986
v -2358.2727 1298.8906 266.4399
f 571 572 573
v -2370.8196 1302.5691 266.3285
v -2380.0251 1302.3059 266.2462
v -2358.2727 1298.8906 266.4399
f 574 575 576
v -2358.3919 1302.9028 266.4381
v -2362.1581 1302.8169 266.4047
v -2358.3323 1300.8987 266.4385
f 577 578 579
v -2370.8196 1302.5691 266.3285
v -2358.3323 1300.8987 266.4385
v -2362.1581 1302.8169 266.4047
f 580 581 582
v -2358.2727 1298.8906 266.4399
v -2358.3323 1300.8987 266.4385
v -2370.8196 1302.5691 266.3285
f 583 584 585
v -2396.7161 1298.0807 266.0986
v -2380.0251 1302.3059 266.2462
v -2396.7239 1298.1648 266.0986
f 586 587 588
v -2396.8804 1290.6657 258.9203
v -2380.4157 1291.0424 258.9485
v -2380.4158 1291.0425 259.2045
f 589 590 591
v -2380.4157 1291.0424 258.9485
v -2358.0687 1291.5535 258.9347
v -2358.0717 1291.5535 258.9567
f 592 593 594
v -2358.0687 1291.5535 258.9347
v -2380.4157 1291.0424 258.9485
v -2396.8804 1290.6657 258.9203
f 595 596 597
v -2380.4158 1291.0425 259.2045
v -2396.5445 1290.6738 259.1474
v -2396.8804 1290.6657 258.9203
f 598 599 600
v -2396.8805 1290.6657 259.1473
v -2396.8804 1290.6657 258.9203
v -2396.5445 1290.6738 259.1474
f 601 602 603
v -2380.4158 1291.0425 259.2045
v -2396.5445 1290.6738 259.1984
v -2396.5445 1290.6738 259.1474
f 604 605 606
v -2358.1536 1294.8800 269.6587
v -2377.2863 1294.5174 269.6146
v -2380.3368 1287.3395 273.1538
f 607 608 609
v -2397.1802 1294.0628 269.6071
v -2397.0186 1286.9583 273.1474
v -2380.3368 1287.3395 273.1538
f 610 611 612
v -2380.3368 1287.3395 273.1538
v -2380.4975 1294.4440 269.6134
v -2397.1802 1294.0628 269.6071
f 613 614 615
v -2380.3368 1287.3395 273.1538
v -2377.2863 1294.5174 269.6146
v -2380.4975 1294.4440 269.6134
f 616 617 618
v -2357.9381 1285.6306 274.2684
v -2380.3368 1287.3395 273.1538
v -2380.2862 1285.1197 274.2603
f 619 620 621
v -2358.1604 1294.9551 269.6217
v -2377.2863 1294.5174 269.6146
v -2358.1536 1294.8800 269.6587
f 622 623 624
v -2357.9381 1285.6306 274.2684
v -2358.1536 1294.8800 269.6587
v -2380.3368 1287.3395 273.1538
f 625 626 627
v -2380.2854 1285.1191 272.1203
v -2380.1772 1280.4105 269.9283
v -2380.1780 1280.4109 271.9432
f 628 629 630
v -2380.2854 1285.1191 272.1203
v -2380.2862 1285.1197 274.2603
v -2380.3368 1287.3395 273.1538
f 631 632 633
v -2380.1780 1280.4109 271.9432
v -2380.2862 1285.1197 274.2603
v -2380.2854 1285.1191 272.1203
f 634 635 636
v -2380.1734 1280.4080 259.2067
v -2380.2807 1285.1162 259.2058
v -2380.1733 1280.4079 258.9507
f 637 638 639
v -2380.1733 1280.4079 258.9507
v -2380.4158 1291.0425 259.2045
v -2380.4157 1291.0424 258.9485
f 640 641 642
v -2380.2807 1285.1162 259.2058
v -2380.4158 1291.0425 259.2045
v -2380.1733 1280.4079 258.9507
f 643 644 645
v -2380.1772 1280.4105 269.9283
v -2380.0059 1280.4136 263.5077
v -2380.0090 1280.4155 271.9443
f 646 647 648
v -2380.1734 1280.4080 259.2067
v -2380.0043 1280.4125 258.9508
v -2380.0059 1280.4136 263.5077
f 649 650 651
v -2380.1772 1280.4105 269.9283
v -2380.0090 1280.4155 271.9443
v -2380.1780 1280.4109 271.9432
f 652 653 654
v -2396.1263 1280.0032 265.1655
v -2380.1772 1280.4105 269.9283
v -2396.1280 1280.0043 269.9034
f 655 656 657
v -2380.1734 1280.4080 259.2067
v -2380.1733 1280.4079 258.9507
v -2380.0043 1280.4125 258.9508
f 658 659 660
v -2380.1734 1280.4080 259.2067
v -2396.1263 1280.0032 265.1655
v -2396.1242 1280.0019 259.2008
f 661 662 663
v -2380.1734 1280.4080 259.2067
v -2380.0059 1280.4136 263.5077
v -2396.1263 1280.0032 265.1655
f 664 665 666
v -2380.0059 1280.4136 263.5077
v -2380.1772 1280.4105 269.9283
v -2396.1263 1280.0032 265.1655
f 667 668 669
v -2397.0168 1286.9572 268.0876
v -2396.9148 1282.4789 268.0886
v -2396.9158 1282.4796 271.0625
f 670 671 672
v -2397.0186 1286.9583 273.1474
v -2397.0168 1286.9572 268.0876
v -2396.9158 1282.4796 271.0625
f 673 674 675
v -2397.0168 1286.9572 268.0876
v -2397.1802 1294.0628 269.6071
v -2397.1796 1294.0625 268.0861
f 676 677 678
v -2397.0186 1286.9583 273.1474
v -2397.1802 1294.0628 269.6071
v -2397.0168 1286.9572 268.0876
f 679 680 681
v -2396.6256 1294.0750 268.0863
v -2397.1802 1294.0628 269.6071
v -2380.4975 1294.4440 269.6134
f 682 683 684
v -2397.1802 1294.0628 269.6071
v -2396.6256 1294.0750 268.0863
v -2397.1796 1294.0625 268.0861
f 685 686 687
v -2396.6256 1294.0750 268.0863
v -2380.4962 1294.4432 266.2426
v -2396.6249 1294.0745 266.0994
f 688 689 690
v -2377.2863 1294.5174 269.6146
v -2396.6256 1294.0750 268.0863
v -2380.4975 1294.4440 269.6134
f 691 692 693
v -2358.1593 1294.9543 266.4408
v -2377.2863 1294.5174 269.6146
v -2358.1604 1294.9551 269.6217
f 694 695 696
v -2377.2863 1294.5174 269.6146
v -2358.1593 1294.9543 266.4408
v -2380.4962 1294.4432 266.2426
f 697 698 699
v -2396.6256 1294.0750 268.0863
v -2377.2863 1294.5174 269.6146
v -2380.4962 1294.4432 266.2426
f 700 701 702
v -2368.1411 1276.0465 266.9558
v -2368.1420 1276.0472 269.7677
v -2368.2890 1276.0425 269.6656
f 703 704 705
v -2368.9872 1276.0200 258.9558
v -2368.1381 1276.0447 258.6121
v -2368.1411 1276.0465 266.9558
f 706 707 708
v -2368.1411 1276.0465 266.9558
v -2368.2890 1276.0425 269.6656
v -2379.8768 1275.7007 269.6244
f 709 710 711
v -2368.1411 1276.0465 266.9558
v -2379.8730 1275.6982 258.9518
v -2368.9872 1276.0200 258.9558
f 712 713 714
v -2379.8768 1275.7007 269.6244
v -2379.8730 1275.6982 258.9518
v -2368.1411 1276.0465 266.9558
f 715 716 717
v -2368.1381 1276.0447 258.6121
v -2368.9872 1276.0200 258.9558
v -2368.9871 1276.0199 258.6118
f 718 719 720
v -2367.6030 1255.9920 269.8269
v -2357.2621 1256.2921 269.1876
v -2362.7788 1256.1328 273.1665
f 721 722 723
v -2357.2621 1256.2921 269.1876
v -2362.7736 1256.1296 258.6180
v -2357.2583 1256.2898 258.6200
f 724 725 726
v -2357.2621 1256.2921 269.1876
v -2367.6030 1255.9920 269.8269
v -2362.7736 1256.1296 258.6180
f 727 728 729
v -2367.6030 1255.9920 269.8269
v -2367.5990 1255.9895 258.6163
v -2362.7736 1256.1296 258.6180
f 730 731 732
v -2357.7233 1276.3140 269.1836
v -2357.8315 1276.3079 258.6158
v -2357.7187 1276.3118 258.9599
f 733 734 735
v -2357.7187 1276.3118 258.9599
v -2357.8315 1276.3079 258.6158
v -2357.7195 1276.3117 258.6159
f 736 737 738
v -2357.8315 1276.3079 258.6158
v -2357.7233 1276.3140 269.1836
v -2357.8355 1276.3105 269.6834
f 739 740 741
v -2357.7225 1276.3141 269.6845
v -2357.8355 1276.3105 269.6834
v -2357.7233 1276.3140 269.1836
f 742 743 744
v -2362.7788 1256.1328 273.1665
v -2359.2556 1277.4694 270.2687
v -2363.4000 1283.2581 273.1609
f 745 746 747
v -2362.7788 1256.1328 273.1665
v -2357.8107 1275.4513 269.2607
v -2359.2556 1277.4694 270.2687
f 748 749 750
v -2357.2621 1256.2921 269.1876
v -2357.8107 1275.4513 269.2607
v -2362.7788 1256.1328 273.1665
f 751 752 753
v -2363.4432 1285.3459 258.6120
v -2369.1974 1285.2133 258.6099
v -2369.1975 1285.2134 258.9539
f 754 755 756
v -2363.4433 1285.3459 258.9560
v -2363.4432 1285.3459 258.6120
v -2369.1975 1285.2134 258.9539
f 757 758 759
v -2357.9299 1285.4720 258.6141
v -2363.4433 1285.3459 258.9560
v -2357.9301 1285.4722 258.9580
f 760 761 762
v -2363.4432 1285.3459 258.6120
v -2363.4433 1285.3459 258.9560
v -2357.9299 1285.4720 258.6141
f 763 764 765
v -2357.8107 1275.4513 269.2607
v -2357.8315 1276.3079 258.6158
v -2357.8355 1276.3105 269.6834
f 766 767 768
v -2357.8315 1276.3079 258.6158
v -2357.2621 1256.2921 269.1876
v -2357.2583 1256.2898 258.6200
f 769 770 771
v -2357.2621 1256.2921 269.1876
v -2357.8315 1276.3079 258.6158
v -2357.8107 1275.4513 269.2607
f 772 773 774
v -2396.9158 1282.4796 271.0625
v -2396.2006 1282.4988 262.3300
v -2396.2038 1282.5007 271.0657
f 775 776 777
v -2396.3585 1282.4934 259.2002
v -2396.1995 1282.4980 259.2002
v -2396.2006 1282.4988 262.3300
f 778 779 780
v -2401.7748 1282.3310 259.1472
v -2396.9148 1282.4789 268.0886
v -2401.7781 1282.3330 268.0868
f 781 782 783
v -2396.9148 1282.4789 268.0886
v -2401.7748 1282.3310 259.1472
v -2396.2006 1282.4988 262.3300
f 784 785 786
v -2401.7748 1282.3310 259.1472
v -2396.3585 1282.4934 259.1492
v -2396.3585 1282.4934 259.2002
f 787 788 789
v -2401.7748 1282.3310 259.1472
v -2396.3585 1282.4934 259.2002
v -2396.2006 1282.4988 262.3300
f 790 791 792
v -2396.9158 1282.4796 271.0625
v -2396.9148 1282.4789 268.0886
v -2396.2006 1282.4988 262.3300
f 793 794 795
v -2358.1525 1294.8793 266.4408
v -2358.0717 1291.5535 258.9567
v -2358.1518 1294.8779 264.5638
f 796 797 798
v -2357.9381 1285.6306 274.2684
v -2358.1525 1294.8793 266.4408
v -2358.1536 1294.8800 269.6587
f 799 800 801
v -2358.1498 1294.8786 258.9340
v -2358.1505 1294.8770 260.8110
v -2358.0717 1291.5535 258.9567
f 802 803 804
v -2358.1518 1294.8779 264.5638
v -2358.0717 1291.5535 258.9567
v -2358.1505 1294.8770 260.8110
f 805 806 807
v -2357.9381 1285.6306 274.2684
v -2357.9326 1285.6272 258.9579
v -2358.0717 1291.5535 258.9567
f 808 809 810
v -2357.7233 1276.3140 269.1836
v -2357.9381 1285.6306 274.2684
v -2357.7225 1276.3141 269.6845
f 811 812 813
v -2357.9301 1285.4722 258.9580
v -2357.9326 1285.6272 258.9579
v -2357.9381 1285.6306 274.2684
f 814 815 816
v -2357.9381 1285.6306 274.2684
v -2358.0717 1291.5535 258.9567
v -2358.1525 1294.8793 266.4408
f 817 818 819
v -2357.7233 1276.3140 269.1836
v -2357.9301 1285.4722 258.9580
v -2357.9381 1285.6306 274.2684
f 820 821 822
v -2357.7195 1276.3117 258.6159
v -2357.9299 1285.4720 258.6141
v -2357.9301 1285.4722 258.9580
f 823 824 825
v -2357.7187 1276.3118 258.9599
v -2357.9301 1285.4722 258.9580
v -2357.7233 1276.3140 269.1836
f 826 827 828
v -2396.2006 1282.4988 262.3300
v -2396.1995 1282.4980 259.2002
v -2396.1280 1280.0043 269.9034
f 829 830 831
v -2379.8730 1275.6982 258.9518
v -2379.8768 1275.7007 269.6244
v -2380.0059 1280.4136 263.5077
f 832 833 834
v -2379.8768 1275.7007 269.6244
v -2380.0090 1280.4155 271.9443
v -2380.0059 1280.4136 263.5077
f 835 836 837
v -2367.5990 1255.9895 258.6163
v -2367.6030 1255.9920 269.8269
v -2368.1411 1276.0465 266.9558
f 838 839 840
v -2368.1411 1276.0465 266.9558
v -2367.8720 1266.0056 269.7968
v -2368.1420 1276.0472 269.7677
f 841 842 843
v -2368.9871 1276.0199 258.6118
v -2369.1975 1285.2134 258.9539
v -2369.1974 1285.2133 258.6099
f 844 845 846
v -2410.8333 1297.7531 259.1406
v -2397.0522 1298.0726 266.0955
v -2397.0497 1298.0710 259.1458
f 847 848 849
v -2410.4102 1282.1332 259.1439
v -2410.8366 1297.7551 268.0802
v -2410.8333 1297.7531 259.1406
f 850 851 852
v -2401.7748 1282.3310 259.1472
v -2410.4134 1282.1352 268.0836
v -2410.4102 1282.1332 259.1439
f 853 854 855
v -2358.1505 1294.8770 260.8110
v -2358.1801 1295.8837 258.9338
v -2358.2121 1296.8844 266.4404
f 856 857 858
v -2358.3919 1302.9028 266.4381
v -2358.3323 1300.8987 266.4385
v -2358.1801 1295.8837 258.9338
f 859 860 861
v -2358.1542 1294.9543 266.4408
v -2358.1518 1294.8779 264.5638
v -2358.2121 1296.8844 266.4404
f 862 863 864
v -2358.2121 1296.8844 266.4404
v -2358.1518 1294.8779 264.5638
v -2358.1505 1294.8770 260.8110
f 865 866 867
v -2362.1571 1302.8164 263.6688
v -2358.3919 1302.9028 266.4381
v -2358.3892 1302.9011 258.9324
f 868 869 870
v -2370.8196 1302.5691 266.3285
v -2362.1581 1302.8169 266.4047
v -2362.1571 1302.8164 263.6688
f 871 872 873
v -2396.7239 1298.1648 266.0986
v -2397.0513 1298.1540 258.9187
v -2397.0540 1298.1557 266.0954
f 874 875 876
v -2396.7161 1298.0807 266.0986
v -2396.6256 1294.0750 268.0863
v -2396.6249 1294.0745 266.0994
f 877 878 879
v -2396.5445 1290.6738 259.1984
v -2396.3585 1282.4934 259.2002
v -2396.3585 1282.4934 259.1492
f 880 881 882
v -2358.0717 1291.5535 258.9567
v -2358.0687 1291.5535 258.9347
v -2358.1498 1294.8786 258.9340
f 883 884 885
v -2357.7195 1276.3117 258.6159
v -2357.9301 1285.4722 258.9580
v -2357.7187 1276.3118 258.9599
f 886 887 888
v -2358.1593 1294.9543 266.4408
v -2358.1542 1294.9543 266.4408
v -2358.2121 1296.8844 266.4404
f 889 890 891
v -2358.1542 1294.9543 266.4408
v -2358.1593 1294.9543 266.4408
v -2358.1525 1294.8793 266.4408
f 892 893 894

g building_ID_92FC35D5-FF36-404B-9255-D6A3B6956137
v -2678.3134 1097.6741 272.2608
v -2681.6725 1098.3721 272.2593
v -2671.4375 1096.5596 272.2639
f 895 896 897
v -2664.8047 1095.7858 272.2668
v -2696.2510 1143.1417 272.2453
v -2655.6443 1133.2107 272.2641
f 898 899 900
v -2681.6725 1098.3721 272.2593
v -2664.8047 1095.7858 272.2668
v -2671.4375 1096.5596 272.2639
f 901 902 903
v -2699.2848 1143.9607 272.2439
v -2664.8047 1095.7858 272.2668
v -2681.6725 1098.3721 272.2593
f 904 905 906
v -2858.8970 1172.4470 272.1692
v -2681.6725 1098.3721 272.2593
v -2930.7813 1165.5842 272.1379
f 907 908 909
v -2681.6725 1098.3721 272.2593
v -2858.8970 1172.4470 272.1692
v -2699.2848 1143.9607 272.2439
f 910 911 912
v -2958.8874 1189.2553 272.1205
v -2858.8970 1172.4470 272.1692
v -2930.7813 1165.5842 272.1379
f 913 914 915
v -2858.8970 1172.4470 272.1692
v -2958.8874 1189.2553 272.1205
v -2957.1539 1196.5155 272.1200
f 916 917 918
v -2930.7813 1165.5842 272.1379
v -2962.7619 1173.4079 272.1217
v -2958.8874 1189.2553 272.1205
f 919 920 921
v -2696.2510 1143.1417 272.2453
v -2664.8047 1095.7858 272.2668
v -2699.2848 1143.9607 272.2439
f 922 923 924
v -2705.6540 1150.5558 272.2400
v -2698.1221 1148.7115 272.2435
v -2699.2848 1143.9607 272.2439
f 925 926 927
v -2696.2510 1143.1417 272.2453
v -2699.2848 1143.9607 272.2439
v -2696.2329 1143.2136 272.2453
f 928 929 930
v -2699.2848 1143.9607 272.2439
v -2858.8970 1172.4470 272.1692
v -2705.6540 1150.5558 272.2400
f 931 932 933
v -2704.4590 1155.4365 272.2396
v -2705.6540 1150.5558 272.2400
v -2854.0084 1192.0425 272.1678
f 934 935 936
v -2858.8970 1172.4470 272.1692
v -2854.0084 1192.0425 272.1678
v -2705.6540 1150.5558 272.2400
f 937 938 939
v -2932.2222 1159.6951 272.1383
v -2930.7813 1165.5842 272.1379
v -2681.6725 1098.3721 272.2593
f 940 941 942
v -2932.2261 1159.6969 280.8530
v -2964.2074 1167.5249 287.1355
v -2964.2046 1167.5237 280.8367
f 943 944 945
v -2681.6725 1098.3721 272.2593
v -2681.6786 1098.3751 287.2727
v -2932.2222 1159.6951 272.1383
f 946 947 948
v -2932.2222 1159.6951 272.1383
v -2681.6786 1098.3751 287.2727
v -2932.2261 1159.6969 280.8530
f 949 950 951
v -2964.2074 1167.5249 287.1355
v -2932.2261 1159.6969 280.8530
v -2681.6786 1098.3751 287.2727
f 952 953 954
v -2704.4590 1155.4365 272.2396
v -2704.4649 1155.4395 286.8051
v -2705.2304 1152.2867 272.4749
f 955 956 957
v -2705.2364 1152.2896 286.8344
v -2705.2304 1152.2867 272.4749
v -2704.4649 1155.4395 286.8051
f 958 959 960
v -2705.6540 1150.5558 272.2400
v -2704.4590 1155.4365 272.2396
v -2705.2304 1152.2867 272.4749
f 961 962 963
v -2705.2304 1152.2867 272.4749
v -2705.6541 1150.5558 272.4750
v -2705.6540 1150.5558 272.2400
f 964 965 966
v -2854.0084 1192.0425 272.1678
v -2854.0148 1192.0457 286.7342
v -2704.4649 1155.4395 286.8051
f 967 968 969
v -2655.6443 1133.2107 272.2641
v -2655.6502 1133.2137 286.9196
v -2664.8047 1095.7858 272.2668
f 970 971 972
v -2664.8108 1095.7888 287.2673
v -2664.8047 1095.7858 272.2668
v -2655.6502 1133.2137 286.9196
f 973 974 975
v -2671.4436 1096.5626 287.2713
v -2678.3134 1097.6741 272.2608
v -2671.4375 1096.5596 272.2639
f 976 977 978
v -2664.8108 1095.7888 287.2673
v -2671.4436 1096.5626 287.2713
v -2671.4375 1096.5596 272.2639
f 979 980 981
v -2664.8047 1095.7858 272.2668
v -2664.8108 1095.7888 287.2673
v -2671.4375 1096.5596 272.2639
f 982 983 984
v -2681.6725 1098.3721 272.2593
v -2678.3134 1097.6741 272.2608
v -2678.3195 1097.6771 287.2732
f 985 986 987
v -2678.3195 1097.6771 287.2732
v -2681.6786 1098.3751 287.2727
v -2681.6725 1098.3721 272.2593
f 988 989 990
v -2699.2848 1143.9607 272.2439
v -2699.2849 1143.9608 272.4789
v -2696.2330 1143.2136 272.4803
f 991 992 993
v -2698.1221 1148.7115 272.2435
v -2698.1222 1148.7117 272.4785
v -2699.2849 1143.9608 272.4789
f 994 995 996
v -2698.1221 1148.7115 272.2435
v -2705.6540 1150.5558 272.2400
v -2705.6541 1150.5558 272.4750
f 997 998 999
v -2705.6541 1150.5558 272.4750
v -2698.1222 1148.7117 272.4785
v -2698.1221 1148.7115 272.2435
f 1000 1001 1002
v -2702.4343 1142.6547 289.1082
v -2700.8185 1147.4173 289.1080
v -2701.2692 1147.5254 289.1078
f 1003 1004 1005
v -2700.8185 1147.4173 289.1080
v -2694.6628 1149.5687 289.1102
v -2699.9892 1150.8840 289.1077
f 1006 1007 1008
v -2694.6628 1149.5687 289.1102
v -2700.8185 1147.4173 289.1080
v -2696.2580 1143.1450 289.1107
f 1009 1010 1011
v -2696.5161 1141.2398 289.1109
v -2696.2580 1143.1450 289.1107
v -2702.4343 1142.6547 289.1082
f 1012 1013 1014
v -2700.8185 1147.4173 289.1080
v -2702.4343 1142.6547 289.1082
v -2696.2580 1143.1450 289.1107
f 1015 1016 1017
v -2696.2580 1143.1450 289.1107
v -2696.5161 1141.2398 289.1109
v -2696.0711 1143.0996 289.1108
f 1018 1019 1020
v -2702.4333 1142.6542 286.9153
v -2702.4343 1142.6547 289.1082
v -2702.2948 1143.2348 286.9102
f 1021 1022 1023
v -2701.5585 1146.3118 286.8810
v -2702.2948 1143.2348 286.9102
v -2702.4343 1142.6547 289.1082
f 1024 1025 1026
v -2701.2682 1147.5250 286.8699
v -2701.5585 1146.3118 286.8810
v -2701.2692 1147.5254 289.1078
f 1027 1028 1029
v -2702.4343 1142.6547 289.1082
v -2701.2692 1147.5254 289.1078
v -2701.5585 1146.3118 286.8810
f 1030 1031 1032
v -2696.5152 1141.2394 286.9180
v -2696.5161 1141.2398 289.1109
v -2698.4139 1141.6934 286.9171
f 1033 1034 1035
v -2702.4343 1142.6547 289.1082
v -2698.4139 1141.6934 286.9171
v -2696.5161 1141.2398 289.1109
f 1036 1037 1038
v -2702.4333 1142.6542 286.9153
v -2701.9776 1142.5450 286.9155
v -2702.4343 1142.6547 289.1082
f 1039 1040 1041
v -2698.4139 1141.6934 286.9171
v -2702.4343 1142.6547 289.1082
v -2701.9776 1142.5450 286.9155
f 1042 1043 1044
v -2696.5152 1141.2394 286.9180
v -2696.0702 1143.0991 286.9009
v -2696.5161 1141.2398 289.1109
f 1045 1046 1047
v -2696.0711 1143.0996 289.1108
v -2696.5161 1141.2398 289.1109
v -2696.0702 1143.0991 286.9009
f 1048 1049 1050
v -2958.8939 1189.3020 308.9461
v -2959.0947 1186.3925 308.9466
v -2958.4112 1189.1838 308.9464
f 1051 1052 1053
v -2959.5764 1186.5109 308.9463
v -2959.0947 1186.3925 308.9466
v -2958.8939 1189.3020 308.9461
f 1054 1055 1056
v -2959.0933 1186.3919 305.8127
v -2959.0947 1186.3925 308.9466
v -2959.5764 1186.5109 308.9463
f 1057 1058 1059
v -2958.4099 1189.1831 305.8125
v -2958.4112 1189.1838 308.9464
v -2959.0947 1186.3925 308.9466
f 1060 1061 1062
v -2958.8935 1189.3014 305.8122
v -2958.8939 1189.3020 308.9461
v -2958.4112 1189.1838 308.9464
f 1063 1064 1065
v -2703.4252 1148.0405 290.2388
v -2699.9896 1150.8842 290.2397
v -2702.5919 1151.5262 290.2385
f 1066 1067 1068
v -2699.9896 1150.8842 290.2397
v -2703.4252 1148.0405 290.2388
v -2700.8189 1147.4175 290.2400
f 1069 1070 1071
v -2703.4240 1148.0399 287.2949
v -2703.4252 1148.0405 290.2388
v -2702.5919 1151.5262 290.2385
f 1072 1073 1074
v -2704.8917 1152.2057 272.4750
v -2704.8978 1152.2088 287.2935
v -2704.9241 1152.1019 287.2935
f 1075 1076 1077
v -2709.9065 1153.4062 287.2912
v -2711.1474 1148.2136 287.2916
v -2704.9241 1152.1019 287.2935
f 1078 1079 1080
v -2703.4240 1148.0399 287.2949
v -2704.9241 1152.1019 287.2935
v -2711.1474 1148.2136 287.2916
f 1081 1082 1083
v -2704.9241 1152.1019 287.2935
v -2704.8978 1152.2088 287.2935
v -2709.9065 1153.4062 287.2912
f 1084 1085 1086
v -2703.1592 1147.9762 287.2950
v -2703.4240 1148.0399 287.2949
v -2703.5374 1146.3942 287.2951
f 1087 1088 1089
v -2711.1474 1148.2136 287.2916
v -2703.5374 1146.3942 287.2951
v -2703.4240 1148.0399 287.2949
f 1090 1091 1092
v -2704.9241 1152.1019 287.2935
v -2703.4240 1148.0399 287.2949
v -2702.5907 1151.5256 287.2946
f 1093 1094 1095
v -2700.8185 1147.4173 289.1080
v -2700.8189 1147.4175 290.2400
v -2701.2692 1147.5254 289.1078
f 1096 1097 1098
v -2703.4252 1148.0405 290.2388
v -2701.2692 1147.5254 289.1078
v -2700.8189 1147.4175 290.2400
f 1099 1100 1101
v -2701.2682 1147.5250 286.8699
v -2701.2692 1147.5254 289.1078
v -2703.1592 1147.9762 287.2950
f 1102 1103 1104
v -2703.4240 1148.0399 287.2949
v -2703.1592 1147.9762 287.2950
v -2703.4252 1148.0405 290.2388
f 1105 1106 1107
v -2701.2692 1147.5254 289.1078
v -2703.4252 1148.0405 290.2388
v -2703.1592 1147.9762 287.2950
f 1108 1109 1110
v -2701.2682 1147.5250 286.8699
v -2703.1592 1147.9762 287.2950
v -2703.1610 1147.9751 286.8690
f 1111 1112 1113
v -2699.9892 1150.8840 289.1077
v -2699.9896 1150.8842 290.2397
v -2700.8189 1147.4175 290.2400
f 1114 1115 1116
v -2709.9065 1153.4062 287.2912
v -2705.2364 1152.2896 286.8344
v -2709.9063 1153.4061 286.8332
f 1117 1118 1119
v -2704.8917 1152.2057 272.4750
v -2705.2364 1152.2896 286.8344
v -2704.8978 1152.2088 287.2935
f 1120 1121 1122
v -2709.9065 1153.4062 287.2912
v -2704.8978 1152.2088 287.2935
v -2705.2364 1152.2896 286.8344
f 1123 1124 1125
v -2705.2304 1152.2867 272.4749
v -2705.2364 1152.2896 286.8344
v -2704.8917 1152.2057 272.4750
f 1126 1127 1128
v -2711.1473 1148.2135 286.8806
v -2711.1474 1148.2136 287.2916
v -2710.4212 1151.2506 286.8523
f 1129 1130 1131
v -2709.9065 1153.4062 287.2912
v -2710.4212 1151.2506 286.8523
v -2711.1474 1148.2136 287.2916
f 1132 1133 1134
v -2709.9063 1153.4061 286.8332
v -2710.2785 1151.8501 286.8473
v -2709.9065 1153.4062 287.2912
f 1135 1136 1137
v -2710.4212 1151.2506 286.8523
v -2709.9065 1153.4062 287.2912
v -2710.2785 1151.8501 286.8473
f 1138 1139 1140
v -2703.7721 1146.4498 286.8840
v -2703.5372 1146.3941 286.8841
v -2703.5374 1146.3942 287.2951
f 1141 1142 1143
v -2711.1473 1148.2135 286.8806
v -2703.7721 1146.4498 286.8840
v -2711.1474 1148.2136 287.2916
f 1144 1145 1146
v -2703.5374 1146.3942 287.2951
v -2711.1474 1148.2136 287.2916
v -2703.7721 1146.4498 286.8840
f 1147 1148 1149
v -2703.1610 1147.9751 286.8690
v -2703.1592 1147.9762 287.2950
v -2703.5372 1146.3941 286.8841
f 1150 1151 1152
v -2968.9628 1148.1069 272.0953
v -2967.6162 1153.5543 272.0951
v -2933.8911 1151.1447 272.1111
f 1153 1154 1155
v -2967.6162 1153.5543 272.0951
v -2965.0025 1164.2440 272.0943
v -2933.8911 1151.1447 272.1111
f 1156 1157 1158
v -2970.6811 1134.9058 272.0969
v -2972.1372 1135.2626 272.0961
v -2968.9628 1148.1069 272.0953
f 1159 1160 1161
v -2970.6811 1134.9058 272.0969
v -2959.2818 1128.7732 272.1033
v -2971.4336 1131.7458 272.0971
f 1162 1163 1164
v -2959.2818 1128.7732 272.1033
v -2970.6811 1134.9058 272.0969
v -2931.5774 1120.1469 272.1176
f 1165 1166 1167
v -2930.7813 1165.5842 272.1099
v -2965.0025 1164.2440 272.0943
v -2962.7619 1173.4079 272.0937
f 1168 1169 1170
v -2965.0025 1164.2440 272.0943
v -2933.0229 1156.4213 272.1105
v -2933.8911 1151.1447 272.1111
f 1171 1172 1173
v -2933.0229 1156.4213 272.1105
v -2932.6262 1156.3242 272.1107
v -2933.8911 1151.1447 272.1111
f 1174 1175 1176
v -2933.8911 1151.1447 272.1111
v -2848.4644 1130.2755 272.1535
v -2968.9628 1148.1069 272.0953
f 1177 1178 1179
v -2970.6811 1134.9058 272.0969
v -2968.9628 1148.1069 272.0953
v -2921.3013 1117.6524 272.1227
f 1180 1181 1182
v -2930.7813 1165.5842 272.1099
v -2933.0229 1156.4213 272.1105
v -2965.0025 1164.2440 272.0943
f 1183 1184 1185
v -2958.8472 1127.1461 272.1038
v -2959.6327 1127.3382 272.1034
v -2959.2818 1128.7732 272.1033
f 1186 1187 1188
v -2952.2055 1125.2012 272.1072
v -2958.8472 1127.1461 272.1038
v -2959.2818 1128.7732 272.1033
f 1189 1190 1191
v -2952.2055 1125.2012 272.1072
v -2959.4385 1124.7817 272.1039
v -2958.8472 1127.1461 272.1038
f 1192 1193 1194
v -2952.2055 1125.2012 272.1072
v -2959.2818 1128.7732 272.1033
v -2941.9085 1122.6746 272.1124
f 1195 1196 1197
v -2941.9085 1122.6746 272.1124
v -2945.5606 1118.8615 272.1114
v -2952.2055 1125.2012 272.1072
f 1198 1199 1200
v -2941.9085 1122.6746 272.1124
v -2931.5774 1120.1469 272.1176
v -2935.2745 1116.3499 272.1165
f 1201 1202 1203
v -2931.5774 1120.1469 272.1176
v -2941.9085 1122.6746 272.1124
v -2959.2818 1128.7732 272.1033
f 1204 1205 1206
v -2921.3013 1117.6524 272.1227
v -2968.9628 1148.1069 272.0953
v -2911.0022 1115.1328 272.1279
f 1207 1208 1209
v -2970.6811 1134.9058 272.0969
v -2921.3013 1117.6524 272.1227
v -2931.5774 1120.1469 272.1176
f 1210 1211 1212
v -2914.6703 1111.3077 272.1268
v -2921.3013 1117.6524 272.1227
v -2911.0022 1115.1328 272.1279
f 1213 1214 1215
v -2911.0022 1115.1328 272.1279
v -2968.9628 1148.1069 272.0953
v -2900.7081 1112.6201 272.1331
f 1216 1217 1218
v -2968.9628 1148.1069 272.0953
v -2848.4644 1130.2755 272.1535
v -2900.7081 1112.6201 272.1331
f 1219 1220 1221
v -2890.4140 1110.1035 272.1382
v -2900.7081 1112.6201 272.1331
v -2848.4644 1130.2755 272.1535
f 1222 1223 1224
v -2869.8218 1105.0873 272.1483
v -2873.4840 1101.2562 272.1473
v -2880.1128 1107.5968 272.1433
f 1225 1226 1227
v -2880.1128 1107.5968 272.1433
v -2890.4140 1110.1035 272.1382
v -2848.4644 1130.2755 272.1535
f 1228 1229 1230
v -2904.3752 1108.7941 272.1321
v -2911.0022 1115.1328 272.1279
v -2900.7081 1112.6201 272.1331
f 1231 1232 1233
v -2955.8487 1121.3741 272.1062
v -2959.4385 1124.7817 272.1039
v -2952.2055 1125.2012 272.1072
f 1234 1235 1236
v -2921.3013 1117.6524 272.1227
v -2924.9724 1113.8303 272.1217
v -2931.5774 1120.1469 272.1176
f 1237 1238 1239
v -2900.7081 1112.6201 272.1331
v -2890.4140 1110.1035 272.1382
v -2894.0782 1106.2744 272.1372
f 1240 1241 1242
v -2880.1128 1107.5968 272.1433
v -2883.7770 1103.7678 272.1423
v -2890.4140 1110.1035 272.1382
f 1243 1244 1245
v -2869.8218 1105.0873 272.1483
v -2848.4644 1130.2755 272.1535
v -2859.5016 1102.5766 272.1534
f 1246 1247 1248
v -2848.4644 1130.2755 272.1535
v -2849.1847 1100.0059 272.1584
v -2859.5016 1102.5766 272.1534
f 1249 1250 1251
v -2859.0458 1102.1384 272.1537
v -2859.5016 1102.5766 272.1534
v -2849.1847 1100.0059 272.1584
f 1252 1253 1254
v -2859.0458 1102.1384 272.1537
v -2849.1847 1100.0059 272.1584
v -2859.0589 1102.1075 272.1537
f 1255 1256 1257
v -2794.8119 1090.5140 272.1841
v -2808.0072 1089.9734 272.1784
v -2818.3333 1092.5012 272.1734
f 1258 1259 1260
v -2818.3333 1092.5012 272.1734
v -2828.6424 1095.0089 272.1684
v -2794.8119 1090.5140 272.1841
f 1261 1262 1263
v -2849.1847 1100.0059 272.1584
v -2848.4644 1130.2755 272.1535
v -2785.5908 1091.7363 272.1879
f 1264 1265 1266
v -2796.3472 1088.9141 272.1837
v -2808.0072 1089.9734 272.1784
v -2794.8119 1090.5140 272.1841
f 1267 1268 1269
v -2838.8615 1097.4953 272.1635
v -2785.5908 1091.7363 272.1879
v -2828.6424 1095.0089 272.1684
f 1270 1271 1272
v -2838.8615 1097.4953 272.1635
v -2842.5897 1093.7123 272.1625
v -2849.1847 1100.0059 272.1584
f 1273 1274 1275
v -2838.8615 1097.4953 272.1635
v -2849.1847 1100.0059 272.1584
v -2785.5908 1091.7363 272.1879
f 1276 1277 1278
v -2731.5641 1090.0322 272.2116
v -2785.5908 1091.7363 272.1879
v -2848.4644 1130.2755 272.1535
f 1279 1280 1281
v -2828.6424 1095.0089 272.1684
v -2785.5908 1091.7363 272.1879
v -2794.8119 1090.5140 272.1841
f 1282 1283 1284
v -2785.5908 1091.7363 272.1879
v -2733.9402 1080.3217 272.2122
v -2744.8451 1081.7760 272.2072
f 1285 1286 1287
v -2731.5641 1090.0322 272.2116
v -2733.9402 1080.3217 272.2122
v -2785.5908 1091.7363 272.1879
f 1288 1289 1290
v -2786.3896 1088.4654 272.1881
v -2794.8119 1090.5140 272.1841
v -2785.5908 1091.7363 272.1879
f 1291 1292 1293
v -2731.5641 1090.0322 272.2116
v -2848.4644 1130.2755 272.1535
v -2728.8665 1101.0588 272.2109
f 1294 1295 1296
v -2849.1847 1100.0059 272.1584
v -2852.8848 1096.2169 272.1574
v -2859.0589 1102.1075 272.1537
f 1297 1298 1299
v -2863.1769 1098.7445 272.1524
v -2869.8218 1105.0873 272.1483
v -2859.5016 1102.5766 272.1534
f 1300 1301 1302
v -2828.6424 1095.0089 272.1684
v -2832.3006 1091.1958 272.1675
v -2838.8615 1097.4953 272.1635
f 1303 1304 1305
v -2821.9915 1088.6881 272.1724
v -2828.6424 1095.0089 272.1684
v -2818.3333 1092.5012 272.1734
f 1306 1307 1308
v -2808.0072 1089.9734 272.1784
v -2811.6974 1086.1684 272.1774
v -2818.3333 1092.5012 272.1734
f 1309 1310 1311
v -2796.3472 1088.9141 272.1837
v -2801.3913 1083.6608 272.1824
v -2808.0072 1089.9734 272.1784
f 1312 1313 1314
v -2848.4644 1130.2755 272.1535
v -2869.8218 1105.0873 272.1483
v -2880.1128 1107.5968 272.1433
f 1315 1316 1317
v -2957.0864 1148.0214 283.7264
v -2967.6211 1153.5565 283.1016
v -2968.9683 1148.1095 284.3109
f 1318 1319 1320
v -2957.7378 1145.3613 284.3166
v -2957.0864 1148.0214 283.7264
v -2968.9683 1148.1095 284.3109
f 1321 1322 1323
v -2933.8955 1151.1467 281.8957
v -2967.6211 1153.5565 283.1016
v -2883.1784 1138.7567 281.9170
f 1324 1325 1326
v -2957.0864 1148.0214 283.7264
v -2853.1999 1122.6077 283.7783
v -2967.6211 1153.5565 283.1016
f 1327 1328 1329
v -2965.0063 1164.2458 280.7299
v -2967.6211 1153.5565 283.1016
v -2933.8955 1151.1467 281.8957
f 1330 1331 1332
v -2932.6300 1156.3259 280.7464
v -2933.0268 1156.4231 280.7462
v -2932.9467 1155.0309 281.0334
f 1333 1334 1335
v -2965.0063 1164.2458 280.7299
v -2932.9467 1155.0309 281.0334
v -2933.0268 1156.4231 280.7462
f 1336 1337 1338
v -2965.0063 1164.2458 280.7299
v -2933.8955 1151.1467 281.8957
v -2932.9467 1155.0309 281.0334
f 1339 1340 1341
v -2780.1274 1113.5822 281.9602
v -2795.9973 1108.6133 283.8060
v -2769.1802 1102.0533 283.8189
f 1342 1343 1344
v -2731.5692 1090.0346 284.4271
v -2742.3362 1095.4863 283.8316
v -2742.9856 1092.8282 284.4217
f 1345 1346 1347
v -2728.8706 1101.0607 281.9805
v -2742.3362 1095.4863 283.8316
v -2731.5692 1090.0346 284.4271
f 1348 1349 1350
v -2728.8706 1101.0607 281.9805
v -2769.1802 1102.0533 283.8189
v -2742.3362 1095.4863 283.8316
f 1351 1352 1353
v -2967.6211 1153.5565 283.1016
v -2853.1999 1122.6077 283.7783
v -2883.1784 1138.7567 281.9170
f 1354 1355 1356
v -2883.1784 1138.7567 281.9170
v -2853.1999 1122.6077 283.7783
v -2831.3850 1126.1037 281.9395
f 1357 1358 1359
v -2831.3850 1126.1037 281.9395
v -2853.1999 1122.6077 283.7783
v -2795.9973 1108.6133 283.8060
f 1360 1361 1362
v -2780.1274 1113.5822 281.9602
v -2831.3850 1126.1037 281.9395
v -2795.9973 1108.6133 283.8060
f 1363 1364 1365
v -2780.1274 1113.5822 281.9602
v -2769.1802 1102.0533 283.8189
v -2728.8706 1101.0607 281.9805
f 1366 1367 1368
v -2733.9443 1080.3236 282.0748
v -2763.3528 1086.3014 281.7832
v -2737.6459 1080.8176 281.9792
f 1369 1370 1371
v -2744.8492 1081.7779 281.7929
v -2737.6459 1080.8176 281.9792
v -2763.3528 1086.3014 281.7832
f 1372 1373 1374
v -2733.9443 1080.3236 282.0748
v -2731.5692 1090.0346 284.4271
v -2743.6202 1090.2388 283.7949
f 1375 1376 1377
v -2743.0200 1092.6863 284.3878
v -2743.6202 1090.2388 283.7949
v -2731.5692 1090.0346 284.4271
f 1378 1379 1380
v -2770.4763 1096.8088 283.7822
v -2733.9443 1080.3236 282.0748
v -2743.6202 1090.2388 283.7949
f 1381 1382 1383
v -2770.4763 1096.8088 283.7822
v -2775.4087 1089.2478 281.7775
v -2733.9443 1080.3236 282.0748
f 1384 1385 1386
v -2742.9856 1092.8282 284.4217
v -2743.0200 1092.6863 284.3878
v -2731.5692 1090.0346 284.4271
f 1387 1388 1389
v -2775.4087 1089.2478 281.7775
v -2763.3528 1086.3014 281.7832
v -2733.9443 1080.3236 282.0748
f 1390 1391 1392
v -2785.5949 1091.7381 281.7726
v -2794.8157 1090.5158 280.9738
v -2786.3933 1088.4671 280.9798
f 1393 1394 1395
v -2770.4763 1096.8088 283.7822
v -2785.5949 1091.7381 281.7726
v -2775.4087 1089.2478 281.7775
f 1396 1397 1398
v -2770.4763 1096.8088 283.7822
v -2970.6853 1134.9076 281.1986
v -2785.5949 1091.7381 281.7726
f 1399 1400 1401
v -2958.3705 1142.7729 283.6898
v -2957.7378 1145.3613 284.3166
v -2968.9683 1148.1095 284.3109
f 1402 1403 1404
v -2958.3705 1142.7729 283.6898
v -2970.6853 1134.9076 281.1986
v -2770.4763 1096.8088 283.7822
f 1405 1406 1407
v -2968.9683 1148.1095 284.3109
v -2972.1414 1135.2645 281.1988
v -2958.3705 1142.7729 283.6898
f 1408 1409 1410
v -2794.8157 1090.5158 280.9738
v -2970.6853 1134.9076 281.1986
v -2959.2856 1128.7749 280.4410
f 1411 1412 1413
v -2794.8157 1090.5158 280.9738
v -2959.2856 1128.7749 280.4410
v -2796.3507 1088.9158 280.5214
f 1414 1415 1416
v -2970.6853 1134.9076 281.1986
v -2971.4374 1131.7475 280.4348
v -2959.2856 1128.7749 280.4410
f 1417 1418 1419
v -2970.6853 1134.9076 281.1986
v -2958.3705 1142.7729 283.6898
v -2972.1414 1135.2645 281.1988
f 1420 1421 1422
v -2794.8157 1090.5158 280.9738
v -2785.5949 1091.7381 281.7726
v -2970.6853 1134.9076 281.1986
f 1423 1424 1425
v -2808.0108 1089.9751 280.5921
v -2796.3507 1088.9158 280.5214
v -2818.3369 1092.5029 280.5871
f 1426 1427 1428
v -2828.6460 1095.0104 280.5831
v -2818.3369 1092.5029 280.5871
v -2796.3507 1088.9158 280.5214
f 1429 1430 1431
v -2796.3507 1088.9158 280.5214
v -2838.8652 1097.4969 280.5782
v -2828.6460 1095.0104 280.5831
f 1432 1433 1434
v -2849.1883 1100.0076 280.5741
v -2838.8652 1097.4969 280.5782
v -2796.3507 1088.9158 280.5214
f 1435 1436 1437
v -2849.1883 1100.0076 280.5741
v -2796.3507 1088.9158 280.5214
v -2859.5053 1102.5782 280.5671
f 1438 1439 1440
v -2818.3369 1092.5029 280.5871
v -2811.7011 1086.1701 280.7911
v -2808.0108 1089.9751 280.5921
f 1441 1442 1443
v -2838.8652 1097.4969 280.5782
v -2849.1883 1100.0076 280.5741
v -2842.5934 1093.7140 280.7762
f 1444 1445 1446
v -2801.3949 1083.6625 280.7951
v -2796.3507 1088.9158 280.5214
v -2808.0108 1089.9751 280.5921
f 1447 1448 1449
v -2859.0495 1102.1401 280.5814
v -2859.0626 1102.1090 280.5824
v -2849.1883 1100.0076 280.5741
f 1450 1451 1452
v -2869.8254 1105.0890 280.5620
v -2859.5053 1102.5782 280.5671
v -2796.3507 1088.9158 280.5214
f 1453 1454 1455
v -2849.1883 1100.0076 280.5741
v -2859.5053 1102.5782 280.5671
v -2859.0495 1102.1401 280.5814
f 1456 1457 1458
v -2869.8254 1105.0890 280.5620
v -2796.3507 1088.9158 280.5214
v -2880.1165 1107.5985 280.5580
f 1459 1460 1461
v -2863.1806 1098.7463 280.7660
v -2859.5053 1102.5782 280.5671
v -2869.8254 1105.0890 280.5620
f 1462 1463 1464
v -2869.8254 1105.0890 280.5620
v -2880.1165 1107.5985 280.5580
v -2873.4878 1101.2579 280.7619
f 1465 1466 1467
v -2880.1165 1107.5985 280.5580
v -2796.3507 1088.9158 280.5214
v -2959.2856 1128.7749 280.4410
f 1468 1469 1470
v -2818.3369 1092.5029 280.5871
v -2828.6460 1095.0104 280.5831
v -2821.9951 1088.6898 280.7861
f 1471 1472 1473
v -2838.8652 1097.4969 280.5782
v -2832.3043 1091.1975 280.7812
v -2828.6460 1095.0104 280.5831
f 1474 1475 1476
v -2852.8886 1096.2186 280.7721
v -2849.1883 1100.0076 280.5741
v -2859.0626 1102.1090 280.5824
f 1477 1478 1479
v -2921.3049 1117.6541 280.5384
v -2911.0059 1115.1345 280.5435
v -2959.2856 1128.7749 280.4410
f 1480 1481 1482
v -2900.7117 1112.6218 280.5477
v -2959.2856 1128.7749 280.4410
v -2911.0059 1115.1345 280.5435
f 1483 1484 1485
v -2900.7117 1112.6218 280.5477
v -2890.4177 1110.1052 280.5528
v -2959.2856 1128.7749 280.4410
f 1486 1487 1488
v -2890.4177 1110.1052 280.5528
v -2900.7117 1112.6218 280.5477
v -2894.0820 1106.2761 280.7528
f 1489 1490 1491
v -2890.4177 1110.1052 280.5528
v -2883.7809 1103.7694 280.7569
v -2880.1165 1107.5985 280.5580
f 1492 1493 1494
v -2941.9122 1122.6764 280.5281
v -2958.8510 1127.1477 280.5055
v -2952.2093 1125.2029 280.5229
f 1495 1496 1497
v -2959.2856 1128.7749 280.4410
v -2958.8510 1127.1477 280.5055
v -2941.9122 1122.6764 280.5281
f 1498 1499 1500
v -2931.5811 1120.1486 280.5333
v -2959.2856 1128.7749 280.4410
v -2941.9122 1122.6764 280.5281
f 1501 1502 1503
v -2959.6365 1127.3399 280.5061
v -2958.8510 1127.1477 280.5055
v -2959.2856 1128.7749 280.4410
f 1504 1505 1506
v -2959.2856 1128.7749 280.4410
v -2931.5811 1120.1486 280.5333
v -2921.3049 1117.6541 280.5384
f 1507 1508 1509
v -2959.4424 1124.7834 280.6126
v -2952.2093 1125.2029 280.5229
v -2958.8510 1127.1477 280.5055
f 1510 1511 1512
v -2959.2856 1128.7749 280.4410
v -2890.4177 1110.1052 280.5528
v -2880.1165 1107.5985 280.5580
f 1513 1514 1515
v -2900.7117 1112.6218 280.5477
v -2911.0059 1115.1345 280.5435
v -2904.3791 1108.7957 280.7477
f 1516 1517 1518
v -2911.0059 1115.1345 280.5435
v -2921.3049 1117.6541 280.5384
v -2914.6742 1111.3094 280.7425
f 1519 1520 1521
v -2931.5811 1120.1486 280.5333
v -2924.9763 1113.8320 280.7374
v -2921.3049 1117.6541 280.5384
f 1522 1523 1524
v -2952.2093 1125.2029 280.5229
v -2959.4424 1124.7834 280.6126
v -2955.8527 1121.3758 280.7219
f 1525 1526 1527
v -2931.5811 1120.1486 280.5333
v -2941.9122 1122.6764 280.5281
v -2935.2784 1116.3517 280.7322
f 1528 1529 1530
v -2952.2093 1125.2029 280.5229
v -2945.5645 1118.8632 280.7271
v -2941.9122 1122.6764 280.5281
f 1531 1532 1533
v -2933.8955 1151.1467 281.8957
v -2933.8911 1151.1447 272.1111
v -2932.9467 1155.0309 281.0334
f 1534 1535 1536
v -2932.6262 1156.3242 272.1107
v -2932.6300 1156.3259 280.7464
v -2933.8911 1151.1447 272.1111
f 1537 1538 1539
v -2933.0229 1156.4213 272.1105
v -2933.0268 1156.4231 280.7462
v -2932.6300 1156.3259 280.7464
f 1540 1541 1542
v -2933.0229 1156.4213 272.1105
v -2932.6300 1156.3259 280.7464
v -2932.6262 1156.3242 272.1107
f 1543 1544 1545
v -2883.1784 1138.7567 281.9170
v -2826.5756 1124.9286 275.7490
v -2933.8955 1151.1467 281.8957
f 1546 1547 1548
v -2933.8911 1151.1447 272.1111
v -2826.5756 1124.9286 275.7490
v -2848.4644 1130.2755 272.1535
f 1549 1550 1551
v -2728.8706 1101.0607 281.9805
v -2728.8696 1101.0603 279.5346
v -2826.5756 1124.9286 275.7490
f 1552 1553 1554
v -2848.4644 1130.2755 272.1535
v -2826.5756 1124.9286 275.7490
v -2728.8676 1101.0592 274.6428
f 1555 1556 1557
v -2728.8665 1101.0588 272.2109
v -2848.4644 1130.2755 272.1535
v -2728.8676 1101.0592 274.6428
f 1558 1559 1560
v -2971.4336 1131.7458 272.0971
v -2971.4374 1131.7475 280.4348
v -2970.6811 1134.9058 272.0969
f 1561 1562 1563
v -2959.2818 1128.7732 272.1033
v -2959.2856 1128.7749 280.4410
v -2971.4374 1131.7475 280.4348
f 1564 1565 1566
v -2959.2818 1128.7732 272.1033
v -2971.4374 1131.7475 280.4348
v -2971.4336 1131.7458 272.0971
f 1567 1568 1569
v -2794.8119 1090.5140 272.1841
v -2786.3896 1088.4654 272.1881
v -2794.8157 1090.5158 280.9738
f 1570 1571 1572
v -2785.5949 1091.7381 281.7726
v -2786.3933 1088.4671 280.9798
v -2786.3896 1088.4654 272.1881
f 1573 1574 1575
v -2744.8451 1081.7760 272.2072
v -2744.8492 1081.7779 281.7929
v -2763.3528 1086.3014 281.7832
f 1576 1577 1578
v -2763.3528 1086.3014 281.7832
v -2785.5908 1091.7363 272.1879
v -2744.8451 1081.7760 272.2072
f 1579 1580 1581
v -2775.4087 1089.2478 281.7775
v -2785.5949 1091.7381 281.7726
v -2785.5908 1091.7363 272.1879
f 1582 1583 1584
v -2763.3528 1086.3014 281.7832
v -2775.4087 1089.2478 281.7775
v -2785.5908 1091.7363 272.1879
f 1585 1586 1587
v -2733.9422 1080.3227 277.1440
v -2733.9443 1080.3236 282.0748
v -2737.6459 1080.8176 281.9792
f 1588 1589 1590
v -2744.8492 1081.7779 281.7929
v -2744.8451 1081.7760 272.2072
v -2737.6459 1080.8176 281.9792
f 1591 1592 1593
v -2733.9402 1080.3217 272.2122
v -2737.6459 1080.8176 281.9792
v -2744.8451 1081.7760 272.2072
f 1594 1595 1596
v -2883.7809 1103.7694 280.7569
v -2883.7770 1103.7678 272.1423
v -2880.1165 1107.5985 280.5580
f 1597 1598 1599
v -2883.7770 1103.7678 272.1423
v -2880.1128 1107.5968 272.1433
v -2880.1165 1107.5985 280.5580
f 1600 1601 1602
v -2873.4840 1101.2562 272.1473
v -2873.4878 1101.2579 280.7619
v -2880.1128 1107.5968 272.1433
f 1603 1604 1605
v -2873.4878 1101.2579 280.7619
v -2873.4840 1101.2562 272.1473
v -2869.8218 1105.0873 272.1483
f 1606 1607 1608
v -2869.8218 1105.0873 272.1483
v -2863.1769 1098.7445 272.1524
v -2869.8254 1105.0890 280.5620
f 1609 1610 1611
v -2863.1769 1098.7445 272.1524
v -2863.1806 1098.7463 280.7660
v -2869.8254 1105.0890 280.5620
f 1612 1613 1614
v -2863.1806 1098.7463 280.7660
v -2859.5016 1102.5766 272.1534
v -2859.5053 1102.5782 280.5671
f 1615 1616 1617
v -2863.1806 1098.7463 280.7660
v -2863.1769 1098.7445 272.1524
v -2859.5016 1102.5766 272.1534
f 1618 1619 1620
v -2859.0458 1102.1384 272.1537
v -2859.0495 1102.1401 280.5814
v -2859.5053 1102.5782 280.5671
f 1621 1622 1623
v -2859.0458 1102.1384 272.1537
v -2859.5053 1102.5782 280.5671
v -2859.5016 1102.5766 272.1534
f 1624 1625 1626
v -2852.8886 1096.2186 280.7721
v -2859.0626 1102.1090 280.5824
v -2852.8848 1096.2169 272.1574
f 1627 1628 1629
v -2852.8848 1096.2169 272.1574
v -2859.0626 1102.1090 280.5824
v -2859.0589 1102.1075 272.1537
f 1630 1631 1632
v -2852.8848 1096.2169 272.1574
v -2849.1883 1100.0076 280.5741
v -2852.8886 1096.2186 280.7721
f 1633 1634 1635
v -2842.5897 1093.7123 272.1625
v -2838.8615 1097.4953 272.1635
v -2838.8652 1097.4969 280.5782
f 1636 1637 1638
v -2842.5934 1093.7140 280.7762
v -2842.5897 1093.7123 272.1625
v -2838.8652 1097.4969 280.5782
f 1639 1640 1641
v -2838.8652 1097.4969 280.5782
v -2832.3006 1091.1958 272.1675
v -2832.3043 1091.1975 280.7812
f 1642 1643 1644
v -2832.3006 1091.1958 272.1675
v -2838.8652 1097.4969 280.5782
v -2838.8615 1097.4953 272.1635
f 1645 1646 1647
v -2832.3043 1091.1975 280.7812
v -2832.3006 1091.1958 272.1675
v -2828.6424 1095.0089 272.1684
f 1648 1649 1650
v -2821.9915 1088.6881 272.1724
v -2821.9951 1088.6898 280.7861
v -2828.6424 1095.0089 272.1684
f 1651 1652 1653
v -2818.3333 1092.5012 272.1734
v -2818.3369 1092.5029 280.5871
v -2821.9951 1088.6898 280.7861
f 1654 1655 1656
v -2821.9951 1088.6898 280.7861
v -2821.9915 1088.6881 272.1724
v -2818.3333 1092.5012 272.1734
f 1657 1658 1659
v -2811.6974 1086.1684 272.1774
v -2811.7011 1086.1701 280.7911
v -2818.3369 1092.5029 280.5871
f 1660 1661 1662
v -2811.6974 1086.1684 272.1774
v -2818.3369 1092.5029 280.5871
v -2818.3333 1092.5012 272.1734
f 1663 1664 1665
v -2801.3913 1083.6608 272.1824
v -2808.0108 1089.9751 280.5921
v -2808.0072 1089.9734 272.1784
f 1666 1667 1668
v -2959.2856 1128.7749 280.4410
v -2959.2818 1128.7732 272.1033
v -2959.6365 1127.3399 280.5061
f 1669 1670 1671
v -2959.6365 1127.3399 280.5061
v -2959.2818 1128.7732 272.1033
v -2959.6327 1127.3382 272.1034
f 1672 1673 1674
v -2959.6365 1127.3399 280.5061
v -2958.8472 1127.1461 272.1038
v -2958.8510 1127.1477 280.5055
f 1675 1676 1677
v -2958.8472 1127.1461 272.1038
v -2959.6365 1127.3399 280.5061
v -2959.6327 1127.3382 272.1034
f 1678 1679 1680
v -2959.4424 1124.7834 280.6126
v -2958.8510 1127.1477 280.5055
v -2959.4385 1124.7817 272.1039
f 1681 1682 1683
v -2958.8472 1127.1461 272.1038
v -2959.4385 1124.7817 272.1039
v -2958.8510 1127.1477 280.5055
f 1684 1685 1686
v -2955.8527 1121.3758 280.7219
v -2959.4385 1124.7817 272.1039
v -2955.8487 1121.3741 272.1062
f 1687 1688 1689
v -2959.4385 1124.7817 272.1039
v -2955.8527 1121.3758 280.7219
v -2959.4424 1124.7834 280.6126
f 1690 1691 1692
v -2945.5606 1118.8615 272.1114
v -2945.5645 1118.8632 280.7271
v -2952.2093 1125.2029 280.5229
f 1693 1694 1695
v -2945.5645 1118.8632 280.7271
v -2945.5606 1118.8615 272.1114
v -2941.9122 1122.6764 280.5281
f 1696 1697 1698
v -2941.9085 1122.6746 272.1124
v -2941.9122 1122.6764 280.5281
v -2945.5606 1118.8615 272.1114
f 1699 1700 1701
v -2935.2745 1116.3499 272.1165
v -2935.2784 1116.3517 280.7322
v -2941.9122 1122.6764 280.5281
f 1702 1703 1704
v -2941.9085 1122.6746 272.1124
v -2935.2745 1116.3499 272.1165
v -2941.9122 1122.6764 280.5281
f 1705 1706 1707
v -2935.2745 1116.3499 272.1165
v -2931.5774 1120.1469 272.1176
v -2931.5811 1120.1486 280.5333
f 1708 1709 1710
v -2931.5811 1120.1486 280.5333
v -2935.2784 1116.3517 280.7322
v -2935.2745 1116.3499 272.1165
f 1711 1712 1713
v -2924.9724 1113.8303 272.1217
v -2924.9763 1113.8320 280.7374
v -2931.5774 1120.1469 272.1176
f 1714 1715 1716
v -2924.9763 1113.8320 280.7374
v -2931.5811 1120.1486 280.5333
v -2931.5774 1120.1469 272.1176
f 1717 1718 1719
v -2921.3049 1117.6541 280.5384
v -2924.9724 1113.8303 272.1217
v -2921.3013 1117.6524 272.1227
f 1720 1721 1722
v -2924.9763 1113.8320 280.7374
v -2924.9724 1113.8303 272.1217
v -2921.3049 1117.6541 280.5384
f 1723 1724 1725
v -2921.3013 1117.6524 272.1227
v -2914.6742 1111.3094 280.7425
v -2921.3049 1117.6541 280.5384
f 1726 1727 1728
v -2914.6703 1111.3077 272.1268
v -2914.6742 1111.3094 280.7425
v -2921.3013 1117.6524 272.1227
f 1729 1730 1731
v -2914.6703 1111.3077 272.1268
v -2911.0022 1115.1328 272.1279
v -2911.0059 1115.1345 280.5435
f 1732 1733 1734
v -2911.0059 1115.1345 280.5435
v -2914.6742 1111.3094 280.7425
v -2914.6703 1111.3077 272.1268
f 1735 1736 1737
v -2911.0059 1115.1345 280.5435
v -2904.3752 1108.7941 272.1321
v -2904.3791 1108.7957 280.7477
f 1738 1739 1740
v -2911.0022 1115.1328 272.1279
v -2904.3752 1108.7941 272.1321
v -2911.0059 1115.1345 280.5435
f 1741 1742 1743
v -2900.7117 1112.6218 280.5477
v -2904.3752 1108.7941 272.1321
v -2900.7081 1112.6201 272.1331
f 1744 1745 1746
v -2894.0782 1106.2744 272.1372
v -2894.0820 1106.2761 280.7528
v -2900.7117 1112.6218 280.5477
f 1747 1748 1749
v -2900.7081 1112.6201 272.1331
v -2894.0782 1106.2744 272.1372
v -2900.7117 1112.6218 280.5477
f 1750 1751 1752
v -2894.0820 1106.2761 280.7528
v -2890.4140 1110.1035 272.1382
v -2890.4177 1110.1052 280.5528
f 1753 1754 1755
v -2890.4140 1110.1035 272.1382
v -2894.0820 1106.2761 280.7528
v -2894.0782 1106.2744 272.1372
f 1756 1757 1758
v -2883.7809 1103.7694 280.7569
v -2890.4177 1110.1052 280.5528
v -2883.7770 1103.7678 272.1423
f 1759 1760 1761
v -2883.7770 1103.7678 272.1423
v -2890.4177 1110.1052 280.5528
v -2890.4140 1110.1035 272.1382
f 1762 1763 1764
v -2848.5981 1121.4818 286.2505
v -2742.9866 1092.8287 286.9566
v -2742.3373 1095.4868 286.3015
f 1765 1766 1767
v -2957.7390 1145.3618 286.8515
v -2848.5981 1121.4818 286.2505
v -2957.0875 1148.0218 286.1953
f 1768 1769 1770
v -2742.9866 1092.8287 286.9566
v -2848.5981 1121.4818 286.2505
v -2957.7390 1145.3618 286.8515
f 1771 1772 1773
v -2743.6213 1090.2394 286.3058
v -2957.7390 1145.3618 286.8515
v -2958.3716 1142.7734 286.2007
f 1774 1775 1776
v -2957.7390 1145.3618 286.8515
v -2743.6213 1090.2394 286.3058
v -2743.0210 1092.6869 286.9207
f 1777 1778 1779
v -2743.0210 1092.6869 286.9207
v -2742.9866 1092.8287 286.9566
v -2957.7390 1145.3618 286.8515
f 1780 1781 1782
v -2853.1999 1122.6077 283.7783
v -2957.0864 1148.0214 283.7264
v -2848.5981 1121.4818 286.2505
f 1783 1784 1785
v -2957.0864 1148.0214 283.7264
v -2957.0875 1148.0218 286.1953
v -2848.5981 1121.4818 286.2505
f 1786 1787 1788
v -2853.1999 1122.6077 283.7783
v -2848.5981 1121.4818 286.2505
v -2795.9973 1108.6133 283.8060
f 1789 1790 1791
v -2742.3373 1095.4868 286.3015
v -2769.1802 1102.0533 283.8189
v -2795.9973 1108.6133 283.8060
f 1792 1793 1794
v -2742.3373 1095.4868 286.3015
v -2742.3362 1095.4863 283.8316
v -2769.1802 1102.0533 283.8189
f 1795 1796 1797
v -2743.6213 1090.2394 286.3058
v -2770.4763 1096.8088 283.7822
v -2743.6202 1090.2388 283.7949
f 1798 1799 1800
v -2958.3705 1142.7729 283.6898
v -2770.4763 1096.8088 283.7822
v -2743.6213 1090.2394 286.3058
f 1801 1802 1803
v -2965.0063 1164.2458 280.7299
v -2933.0268 1156.4231 280.7462
v -2932.2261 1159.6969 280.8530
f 1804 1805 1806
v -2932.2261 1159.6969 280.8530
v -2964.2046 1167.5237 280.8367
v -2965.0063 1164.2458 280.7299
f 1807 1808 1809
v -2930.7813 1165.5842 272.1099
v -2930.7813 1165.5842 272.1379
v -2932.2222 1159.6951 272.1383
f 1810 1811 1812
v -2933.0229 1156.4213 272.1105
v -2930.7813 1165.5842 272.1099
v -2932.2222 1159.6951 272.1383
f 1813 1814 1815
v -2933.0229 1156.4213 272.1105
v -2932.2261 1159.6969 280.8530
v -2933.0268 1156.4231 280.7462
f 1816 1817 1818
v -2932.2222 1159.6951 272.1383
v -2932.2261 1159.6969 280.8530
v -2933.0229 1156.4213 272.1105
f 1819 1820 1821
v -2962.7619 1173.4079 272.0937
v -2962.7619 1173.4079 272.1217
v -2930.7813 1165.5842 272.1099
f 1822 1823 1824
v -2780.3941 1144.6651 294.3811
v -2760.8120 1148.8944 294.3889
v -2788.3559 1146.5715 294.3773
f 1825 1826 1827
v -2833.9681 1166.4057 294.3536
v -2788.3559 1146.5715 294.3773
v -2760.8120 1148.8944 294.3889
f 1828 1829 1830
v -2765.7979 1128.0701 294.3904
v -2760.8120 1148.8944 294.3889
v -2780.3941 1144.6651 294.3811
f 1831 1832 1833
v -2789.3116 1142.5800 294.3776
v -2765.7979 1128.0701 294.3904
v -2781.3488 1140.6747 294.3814
f 1834 1835 1836
v -2780.3941 1144.6651 294.3811
v -2781.3488 1140.6747 294.3814
v -2765.7979 1128.0701 294.3904
f 1837 1838 1839
v -2838.9541 1145.5814 294.3552
v -2765.7979 1128.0701 294.3904
v -2789.3116 1142.5800 294.3776
f 1840 1841 1842
v -2789.3116 1142.5800 294.3776
v -2788.3559 1146.5715 294.3773
v -2832.8827 1153.1779 294.3565
f 1843 1844 1845
v -2835.9706 1158.0431 294.3542
v -2831.9482 1157.0793 294.3562
v -2833.9681 1166.4057 294.3536
f 1846 1847 1848
v -2788.3559 1146.5715 294.3773
v -2833.9681 1166.4057 294.3536
v -2831.9482 1157.0793 294.3562
f 1849 1850 1851
v -2838.9541 1145.5814 294.3552
v -2832.8827 1153.1779 294.3565
v -2836.9051 1154.1407 294.3545
f 1852 1853 1854
v -2789.3116 1142.5800 294.3776
v -2832.8827 1153.1779 294.3565
v -2838.9541 1145.5814 294.3552
f 1855 1856 1857
v -2788.3559 1146.5715 294.3773
v -2831.9482 1157.0793 294.3562
v -2832.8827 1153.1779 294.3565
f 1858 1859 1860
v -2780.3945 1144.6652 295.2761
v -2788.3563 1146.5716 295.2723
v -2789.3120 1142.5802 295.2726
f 1861 1862 1863
v -2789.3120 1142.5802 295.2726
v -2781.3492 1140.6749 295.2764
v -2780.3945 1144.6652 295.2761
f 1864 1865 1866
v -2780.3941 1144.6651 294.3811
v -2780.3945 1144.6652 295.2761
v -2781.3492 1140.6749 295.2764
f 1867 1868 1869
v -2788.3559 1146.5715 294.3773
v -2788.3563 1146.5716 295.2723
v -2780.3945 1144.6652 295.2761
f 1870 1871 1872
v -2789.3116 1142.5800 294.3776
v -2789.3120 1142.5802 295.2726
v -2788.3563 1146.5716 295.2723
f 1873 1874 1875
v -2781.3488 1140.6747 294.3814
v -2781.3492 1140.6749 295.2764
v -2789.3120 1142.5802 295.2726
f 1876 1877 1878
v -2840.1303 1159.0396 295.2472
v -2832.8831 1153.1781 295.2515
v -2831.9486 1157.0796 295.2512
f 1879 1880 1881
v -2832.8831 1153.1781 295.2515
v -2840.1303 1159.0396 295.2472
v -2841.0647 1155.1370 295.2475
f 1882 1883 1884
v -2831.9482 1157.0793 294.3562
v -2831.9486 1157.0796 295.2512
v -2832.8831 1153.1781 295.2515
f 1885 1886 1887
v -2835.9703 1158.0430 293.5652
v -2840.1295 1159.0391 293.5632
v -2835.9706 1158.0431 294.3542
f 1888 1889 1890
v -2840.1303 1159.0396 295.2472
v -2835.9706 1158.0431 294.3542
v -2840.1295 1159.0391 293.5632
f 1891 1892 1893
v -2831.9482 1157.0793 294.3562
v -2835.9706 1158.0431 294.3542
v -2831.9486 1157.0796 295.2512
f 1894 1895 1896
v -2840.1303 1159.0396 295.2472
v -2831.9486 1157.0796 295.2512
v -2835.9706 1158.0431 294.3542
f 1897 1898 1899
v -2835.9703 1158.0430 293.5652
v -2835.4160 1160.3575 293.5651
v -2840.1295 1159.0391 293.5632
f 1900 1901 1902
v -2854.7214 1164.9793 293.5556
v -2840.1295 1159.0391 293.5632
v -2835.4160 1160.3575 293.5651
f 1903 1904 1905
v -2840.2044 1158.7274 293.5632
v -2840.1295 1159.0391 293.5632
v -2855.3465 1162.3520 293.5558
f 1906 1907 1908
v -2854.7214 1164.9793 293.5556
v -2855.3465 1162.3520 293.5558
v -2840.1295 1159.0391 293.5632
f 1909 1910 1911
v -2764.5680 1133.1933 287.1053
v -2760.8089 1148.8929 286.9591
v -2760.8120 1148.8944 294.3889
f 1912 1913 1914
v -2765.7948 1128.0686 287.1527
v -2764.5680 1133.1933 287.1053
v -2765.7979 1128.0701 294.3904
f 1915 1916 1917
v -2760.8120 1148.8944 294.3889
v -2765.7979 1128.0701 294.3904
v -2764.5680 1133.1933 287.1053
f 1918 1919 1920
v -2833.9650 1166.4042 286.9279
v -2833.9681 1166.4057 294.3536
v -2760.8120 1148.8944 294.3889
f 1921 1922 1923
v -2835.9706 1158.0431 294.3542
v -2835.4160 1160.3575 293.5651
v -2835.9703 1158.0430 293.5652
f 1924 1925 1926
v -2834.8488 1162.7145 286.9622
v -2835.4160 1160.3575 293.5651
v -2833.9681 1166.4057 294.3536
f 1927 1928 1929
v -2835.9706 1158.0431 294.3542
v -2833.9681 1166.4057 294.3536
v -2835.4160 1160.3575 293.5651
f 1930 1931 1932
v -2833.9681 1166.4057 294.3536
v -2833.9650 1166.4042 286.9279
v -2834.8488 1162.7145 286.9622
f 1933 1934 1935
v -2835.4132 1160.3561 286.9834
v -2835.4160 1160.3575 293.5651
v -2834.8488 1162.7145 286.9622
f 1936 1937 1938
v -2765.7948 1128.0686 287.1527
v -2765.7979 1128.0701 294.3904
v -2838.9509 1145.5798 287.1205
f 1939 1940 1941
v -2840.2015 1158.7260 287.0065
v -2841.0612 1155.1353 287.0398
v -2840.2044 1158.7274 293.5632
f 1942 1943 1944
v -2841.0647 1155.1370 295.2475
v -2840.2044 1158.7274 293.5632
v -2841.0612 1155.1353 287.0398
f 1945 1946 1947
v -2840.1295 1159.0391 293.5632
v -2840.2044 1158.7274 293.5632
v -2840.1303 1159.0396 295.2472
f 1948 1949 1950
v -2841.0647 1155.1370 295.2475
v -2840.1303 1159.0396 295.2472
v -2840.2044 1158.7274 293.5632
f 1951 1952 1953
v -2840.2015 1158.7260 287.0065
v -2840.2044 1158.7274 293.5632
v -2855.3436 1162.3506 286.9991
f 1954 1955 1956
v -2838.9509 1145.5798 287.1205
v -2838.9541 1145.5814 294.3552
v -2836.9051 1154.1407 294.3545
f 1957 1958 1959
v -2832.8827 1153.1779 294.3565
v -2832.8831 1153.1781 295.2515
v -2836.9051 1154.1407 294.3545
f 1960 1961 1962
v -2841.0647 1155.1370 295.2475
v -2836.9051 1154.1407 294.3545
v -2832.8831 1153.1781 295.2515
f 1963 1964 1965
v -2836.9019 1154.1392 287.0408
v -2836.9051 1154.1407 294.3545
v -2841.0612 1155.1353 287.0398
f 1966 1967 1968
v -2841.0647 1155.1370 295.2475
v -2841.0612 1155.1353 287.0398
v -2836.9051 1154.1407 294.3545
f 1969 1970 1971
v -2854.7185 1164.9780 286.9749
v -2854.7214 1164.9793 293.5556
v -2835.4160 1160.3575 293.5651
f 1972 1973 1974
v -2696.2580 1143.1450 289.1107
v -2696.2330 1143.2136 272.4803
v -2694.6559 1149.5653 272.4798
f 1975 1976 1977
v -2696.2510 1143.1417 272.2453
v -2696.2329 1143.2136 272.2453
v -2696.2330 1143.2136 272.4803
f 1978 1979 1980
v -2696.2580 1143.1450 289.1107
v -2694.6559 1149.5653 272.4798
v -2694.6628 1149.5687 289.1102
f 1981 1982 1983
v -2696.2330 1143.2136 272.4803
v -2696.2580 1143.1450 289.1107
v -2696.2510 1143.1417 272.2453
f 1984 1985 1986
v -2696.2580 1143.1450 289.1107
v -2696.0702 1143.0991 286.9009
v -2696.2510 1143.1417 272.2453
f 1987 1988 1989
v -2696.2510 1143.1417 272.2453
v -2696.0702 1143.0991 286.9009
v -2655.6502 1133.2137 286.9196
f 1990 1991 1992
v -2655.6443 1133.2107 272.2641
v -2696.2510 1143.1417 272.2453
v -2655.6502 1133.2137 286.9196
f 1993 1994 1995
v -2696.0711 1143.0996 289.1108
v -2696.0702 1143.0991 286.9009
v -2696.2580 1143.1450 289.1107
f 1996 1997 1998
v -2700.4430 1150.9938 272.4771
v -2702.5705 1151.5195 272.4761
v -2702.5907 1151.5256 287.2946
f 1999 2000 2001
v -2704.9180 1152.0989 272.4750
v -2704.9241 1152.1019 287.2935
v -2702.5907 1151.5256 287.2946
f 2002 2003 2004
v -2702.5907 1151.5256 287.2946
v -2702.5705 1151.5195 272.4761
v -2704.9180 1152.0989 272.4750
f 2005 2006 2007
v -2699.9892 1150.8840 289.1077
v -2702.5907 1151.5256 287.2946
v -2702.5919 1151.5262 290.2385
f 2008 2009 2010
v -2694.6559 1149.5653 272.4798
v -2699.9892 1150.8840 289.1077
v -2694.6628 1149.5687 289.1102
f 2011 2012 2013
v -2699.9892 1150.8840 289.1077
v -2700.4430 1150.9938 272.4771
v -2702.5907 1151.5256 287.2946
f 2014 2015 2016
v -2699.9892 1150.8840 289.1077
v -2694.6559 1149.5653 272.4798
v -2700.4430 1150.9938 272.4771
f 2017 2018 2019
v -2699.9896 1150.8842 290.2397
v -2699.9892 1150.8840 289.1077
v -2702.5919 1151.5262 290.2385
f 2020 2021 2022
v -2698.1222 1148.7117 272.4785
v -2696.2330 1143.2136 272.4803
v -2699.2849 1143.9608 272.4789
f 2023 2024 2025
v -2694.6559 1149.5653 272.4798
v -2696.2330 1143.2136 272.4803
v -2698.1222 1148.7117 272.4785
f 2026 2027 2028
v -2700.4430 1150.9938 272.4771
v -2694.6559 1149.5653 272.4798
v -2698.1222 1148.7117 272.4785
f 2029 2030 2031
v -2700.4430 1150.9938 272.4771
v -2698.1222 1148.7117 272.4785
v -2705.6541 1150.5558 272.4750
f 2032 2033 2034
v -2700.4430 1150.9938 272.4771
v -2705.6541 1150.5558 272.4750
v -2702.5705 1151.5195 272.4761
f 2035 2036 2037
v -2704.8917 1152.2057 272.4750
v -2704.9180 1152.0989 272.4750
v -2705.2304 1152.2867 272.4749
f 2038 2039 2040
v -2705.6541 1150.5558 272.4750
v -2705.2304 1152.2867 272.4749
v -2704.9180 1152.0989 272.4750
f 2041 2042 2043
v -2704.9180 1152.0989 272.4750
v -2702.5705 1151.5195 272.4761
v -2705.6541 1150.5558 272.4750
f 2044 2045 2046
v -2962.7619 1173.4079 272.1217
v -2964.2046 1167.5237 280.8367
v -2962.2439 1175.5546 287.0609
f 2047 2048 2049
v -2964.2074 1167.5249 287.1355
v -2962.2439 1175.5546 287.0609
v -2964.2046 1167.5237 280.8367
f 2050 2051 2052
v -2965.0025 1164.2440 272.0943
v -2967.6162 1153.5543 272.0951
v -2965.0063 1164.2458 280.7299
f 2053 2054 2055
v -2967.6211 1153.5565 283.1016
v -2965.0063 1164.2458 280.7299
v -2967.6162 1153.5543 272.0951
f 2056 2057 2058
v -2962.7619 1173.4079 272.0937
v -2965.0025 1164.2440 272.0943
v -2962.7619 1173.4079 272.1217
f 2059 2060 2061
v -2964.2046 1167.5237 280.8367
v -2965.0025 1164.2440 272.0943
v -2965.0063 1164.2458 280.7299
f 2062 2063 2064
v -2965.0025 1164.2440 272.0943
v -2964.2046 1167.5237 280.8367
v -2962.7619 1173.4079 272.1217
f 2065 2066 2067
v -2958.8939 1189.3020 308.9461
v -2959.5750 1186.5102 305.8124
v -2959.5764 1186.5109 308.9463
f 2068 2069 2070
v -2959.5665 1186.5062 286.9591
v -2959.5750 1186.5102 305.8124
v -2958.8939 1189.3020 308.9461
f 2071 2072 2073
v -2958.8939 1189.3020 308.9461
v -2958.8874 1189.2553 272.1205
v -2959.5665 1186.5062 286.9591
f 2074 2075 2076
v -2962.7619 1173.4079 272.1217
v -2959.5665 1186.5062 286.9591
v -2958.8874 1189.2553 272.1205
f 2077 2078 2079
v -2962.2439 1175.5546 287.0609
v -2959.5665 1186.5062 286.9591
v -2962.7619 1173.4079 272.1217
f 2080 2081 2082
v -2972.1414 1135.2645 281.1988
v -2968.9683 1148.1095 284.3109
v -2972.1372 1135.2626 272.0961
f 2083 2084 2085
v -2968.9628 1148.1069 272.0953
v -2968.9683 1148.1095 284.3109
v -2967.6211 1153.5565 283.1016
f 2086 2087 2088
v -2967.6162 1153.5543 272.0951
v -2968.9628 1148.1069 272.0953
v -2967.6211 1153.5565 283.1016
f 2089 2090 2091
v -2968.9683 1148.1095 284.3109
v -2968.9628 1148.1069 272.0953
v -2972.1372 1135.2626 272.0961
f 2092 2093 2094
v -2728.8676 1101.0592 274.6428
v -2728.8696 1101.0603 279.5346
v -2733.9422 1080.3227 277.1440
f 2095 2096 2097
v -2731.5641 1090.0322 272.2116
v -2728.8665 1101.0588 272.2109
v -2728.8676 1101.0592 274.6428
f 2098 2099 2100
v -2728.8676 1101.0592 274.6428
v -2733.9422 1080.3227 277.1440
v -2731.5641 1090.0322 272.2116
f 2101 2102 2103
v -2731.5692 1090.0346 284.4271
v -2728.8696 1101.0603 279.5346
v -2728.8706 1101.0607 281.9805
f 2104 2105 2106
v -2728.8696 1101.0603 279.5346
v -2733.9443 1080.3236 282.0748
v -2733.9422 1080.3227 277.1440
f 2107 2108 2109
v -2733.9402 1080.3217 272.2122
v -2731.5641 1090.0322 272.2116
v -2733.9422 1080.3227 277.1440
f 2110 2111 2112
v -2731.5692 1090.0346 284.4271
v -2733.9443 1080.3236 282.0748
v -2728.8696 1101.0603 279.5346
f 2113 2114 2115
v -2794.8119 1090.5140 272.1841
v -2794.8157 1090.5158 280.9738
v -2796.3507 1088.9158 280.5214
f 2116 2117 2118
v -2796.3472 1088.9141 272.1837
v -2794.8119 1090.5140 272.1841
v -2796.3507 1088.9158 280.5214
f 2119 2120 2121
v -2796.3472 1088.9141 272.1837
v -2796.3507 1088.9158 280.5214
v -2801.3949 1083.6625 280.7951
f 2122 2123 2124
v -2801.3913 1083.6608 272.1824
v -2796.3472 1088.9141 272.1837
v -2801.3949 1083.6625 280.7951
f 2125 2126 2127
v -2958.3716 1142.7734 286.2007
v -2957.7378 1145.3613 284.3166
v -2958.3705 1142.7729 283.6898
f 2128 2129 2130
v -2957.0864 1148.0214 283.7264
v -2957.7378 1145.3613 284.3166
v -2957.0875 1148.0218 286.1953
f 2131 2132 2133
v -2957.7390 1145.3618 286.8515
v -2957.0875 1148.0218 286.1953
v -2957.7378 1145.3613 284.3166
f 2134 2135 2136
v -2958.3716 1142.7734 286.2007
v -2957.7390 1145.3618 286.8515
v -2957.7378 1145.3613 284.3166
f 2137 2138 2139
v -2742.9856 1092.8282 284.4217
v -2742.3362 1095.4863 283.8316
v -2742.3373 1095.4868 286.3015
f 2140 2141 2142
v -2742.9856 1092.8282 284.4217
v -2742.3373 1095.4868 286.3015
v -2742.9866 1092.8287 286.9566
f 2143 2144 2145
v -2743.0200 1092.6863 284.3878
v -2742.9856 1092.8282 284.4217
v -2743.0210 1092.6869 286.9207
f 2146 2147 2148
v -2743.0200 1092.6863 284.3878
v -2743.6213 1090.2394 286.3058
v -2743.6202 1090.2388 283.7949
f 2149 2150 2151
v -2743.0200 1092.6863 284.3878
v -2743.0210 1092.6869 286.9207
v -2743.6213 1090.2394 286.3058
f 2152 2153 2154
v -2742.9866 1092.8287 286.9566
v -2743.0210 1092.6869 286.9207
v -2742.9856 1092.8282 284.4217
f 2155 2156 2157
v -2858.2484 1150.1397 287.1130
v -2962.2439 1175.5546 287.0609
v -2964.2074 1167.5249 287.1355
f 2158 2159 2160
v -2838.9509 1145.5798 287.1205
v -2858.2484 1150.1397 287.1130
v -2964.2074 1167.5249 287.1355
f 2161 2162 2163
v -2836.9019 1154.1392 287.0408
v -2841.0612 1155.1353 287.0398
v -2858.2484 1150.1397 287.1130
f 2164 2165 2166
v -2841.0612 1155.1353 287.0398
v -2855.3436 1162.3506 286.9991
v -2858.2484 1150.1397 287.1130
f 2167 2168 2169
v -2840.2015 1158.7260 287.0065
v -2855.3436 1162.3506 286.9991
v -2841.0612 1155.1353 287.0398
f 2170 2171 2172
v -2838.9509 1145.5798 287.1205
v -2681.6786 1098.3751 287.2727
v -2765.7948 1128.0686 287.1527
f 2173 2174 2175
v -2702.4333 1142.6542 286.9153
v -2711.1473 1148.2135 286.8806
v -2760.8089 1148.8929 286.9591
f 2176 2177 2178
v -2764.5680 1133.1933 287.1053
v -2702.4333 1142.6542 286.9153
v -2760.8089 1148.8929 286.9591
f 2179 2180 2181
v -2858.2484 1150.1397 287.1130
v -2838.9509 1145.5798 287.1205
v -2836.9019 1154.1392 287.0408
f 2182 2183 2184
v -2681.6786 1098.3751 287.2727
v -2838.9509 1145.5798 287.1205
v -2964.2074 1167.5249 287.1355
f 2185 2186 2187
v -2833.9650 1166.4042 286.9279
v -2853.1863 1171.4187 286.9154
v -2854.7185 1164.9780 286.9749
f 2188 2189 2190
v -2834.8488 1162.7145 286.9622
v -2854.7185 1164.9780 286.9749
v -2835.4132 1160.3561 286.9834
f 2191 2192 2193
v -2833.9650 1166.4042 286.9279
v -2854.0148 1192.0457 286.7342
v -2853.1863 1171.4187 286.9154
f 2194 2195 2196
v -2853.1863 1171.4187 286.9154
v -2854.0148 1192.0457 286.7342
v -2858.8175 1172.7958 286.9127
f 2197 2198 2199
v -2834.8488 1162.7145 286.9622
v -2833.9650 1166.4042 286.9279
v -2854.7185 1164.9780 286.9749
f 2200 2201 2202
v -2760.8089 1148.8929 286.9591
v -2710.4212 1151.2506 286.8523
v -2710.2785 1151.8501 286.8473
f 2203 2204 2205
v -2760.8089 1148.8929 286.9591
v -2710.2785 1151.8501 286.8473
v -2709.9063 1153.4061 286.8332
f 2206 2207 2208
v -2760.8089 1148.8929 286.9591
v -2709.9063 1153.4061 286.8332
v -2833.9650 1166.4042 286.9279
f 2209 2210 2211
v -2709.9063 1153.4061 286.8332
v -2705.2364 1152.2896 286.8344
v -2704.4649 1155.4395 286.8051
f 2212 2213 2214
v -2833.9650 1166.4042 286.9279
v -2709.9063 1153.4061 286.8332
v -2704.4649 1155.4395 286.8051
f 2215 2216 2217
v -2854.0148 1192.0457 286.7342
v -2833.9650 1166.4042 286.9279
v -2704.4649 1155.4395 286.8051
f 2218 2219 2220
v -2711.1473 1148.2135 286.8806
v -2710.4212 1151.2506 286.8523
v -2760.8089 1148.8929 286.9591
f 2221 2222 2223
v -2655.6502 1133.2137 286.9196
v -2764.5680 1133.1933 287.1053
v -2765.7948 1128.0686 287.1527
f 2224 2225 2226
v -2671.4436 1096.5626 287.2713
v -2681.6786 1098.3751 287.2727
v -2678.3195 1097.6771 287.2732
f 2227 2228 2229
v -2664.8108 1095.7888 287.2673
v -2681.6786 1098.3751 287.2727
v -2671.4436 1096.5626 287.2713
f 2230 2231 2232
v -2655.6502 1133.2137 286.9196
v -2681.6786 1098.3751 287.2727
v -2664.8108 1095.7888 287.2673
f 2233 2234 2235
v -2702.2948 1143.2348 286.9102
v -2703.7721 1146.4498 286.8840
v -2711.1473 1148.2135 286.8806
f 2236 2237 2238
v -2703.5372 1146.3941 286.8841
v -2703.7721 1146.4498 286.8840
v -2702.2948 1143.2348 286.9102
f 2239 2240 2241
v -2701.5585 1146.3118 286.8810
v -2703.5372 1146.3941 286.8841
v -2702.2948 1143.2348 286.9102
f 2242 2243 2244
v -2701.5585 1146.3118 286.8810
v -2703.1610 1147.9751 286.8690
v -2703.5372 1146.3941 286.8841
f 2245 2246 2247
v -2701.2682 1147.5250 286.8699
v -2703.1610 1147.9751 286.8690
v -2701.5585 1146.3118 286.8810
f 2248 2249 2250
v -2702.4333 1142.6542 286.9153
v -2702.2948 1143.2348 286.9102
v -2711.1473 1148.2135 286.8806
f 2251 2252 2253
v -2701.9776 1142.5450 286.9155
v -2702.4333 1142.6542 286.9153
v -2764.5680 1133.1933 287.1053
f 2254 2255 2256
v -2655.6502 1133.2137 286.9196
v -2696.5152 1141.2394 286.9180
v -2764.5680 1133.1933 287.1053
f 2257 2258 2259
v -2655.6502 1133.2137 286.9196
v -2696.0702 1143.0991 286.9009
v -2696.5152 1141.2394 286.9180
f 2260 2261 2262
v -2764.5680 1133.1933 287.1053
v -2698.4139 1141.6934 286.9171
v -2701.9776 1142.5450 286.9155
f 2263 2264 2265
v -2764.5680 1133.1933 287.1053
v -2696.5152 1141.2394 286.9180
v -2698.4139 1141.6934 286.9171
f 2266 2267 2268
v -2681.6786 1098.3751 287.2727
v -2655.6502 1133.2137 286.9196
v -2765.7948 1128.0686 287.1527
f 2269 2270 2271
v -2892.3273 1162.0198 310.1726
v -2888.7330 1177.0330 310.1715
v -2926.5491 1180.2345 310.1537
f 2272 2273 2274
v -2926.7872 1186.1421 310.1525
v -2926.5491 1180.2345 310.1537
v -2888.7330 1177.0330 310.1715
f 2275 2276 2277
v -2930.3815 1171.1278 310.1536
v -2892.3273 1162.0198 310.1726
v -2927.7391 1175.3677 310.1541
f 2278 2279 2280
v -2926.5491 1180.2345 310.1537
v -2927.7391 1175.3677 310.1541
v -2892.3273 1162.0198 310.1726
f 2281 2282 2283
v -2927.7391 1175.3677 310.1541
v -2929.2761 1175.7438 310.1533
v -2930.3815 1171.1278 310.1536
f 2284 2285 2286
v -2926.7872 1186.1421 310.1525
v -2928.1100 1180.6167 310.1529
v -2926.5491 1180.2345 310.1537
f 2287 2288 2289
v -2888.7311 1177.0321 305.8467
v -2888.7330 1177.0330 310.1715
v -2889.3946 1174.2643 308.2328
f 2290 2291 2292
v -2891.5771 1165.1503 308.2335
v -2889.3946 1174.2643 308.2328
v -2888.7330 1177.0330 310.1715
f 2293 2294 2295
v -2889.3946 1174.2643 308.2328
v -2889.3936 1174.2639 305.8469
v -2888.7311 1177.0321 305.8467
f 2296 2297 2298
v -2892.3254 1162.0189 305.8477
v -2891.5771 1165.1503 308.2335
v -2892.3273 1162.0198 310.1726
f 2299 2300 2301
v -2891.5771 1165.1503 308.2335
v -2892.3254 1162.0189 305.8477
v -2891.5760 1165.1497 305.8475
f 2302 2303 2304
v -2926.7853 1186.1412 305.8276
v -2926.7872 1186.1421 310.1525
v -2888.7330 1177.0330 310.1715
f 2305 2306 2307
v -2930.3796 1171.1270 305.8287
v -2930.3815 1171.1278 310.1536
v -2929.5857 1174.4463 308.2144
f 2308 2309 2310
v -2929.2761 1175.7438 310.1533
v -2929.5857 1174.4463 308.2144
v -2930.3815 1171.1278 310.1536
f 2311 2312 2313
v -2929.2761 1175.7438 310.1533
v -2929.2753 1175.7435 308.2143
v -2929.5857 1174.4463 308.2144
f 2314 2315 2316
v -2892.3254 1162.0189 305.8477
v -2892.3273 1162.0198 310.1726
v -2930.3815 1171.1278 310.1536
f 2317 2318 2319
v -2926.5512 1180.2355 314.9565
v -2934.8847 1182.2739 314.9523
v -2936.0747 1177.4070 314.9527
f 2320 2321 2322
v -2936.0747 1177.4070 314.9527
v -2927.7413 1175.3687 314.9569
v -2926.5512 1180.2355 314.9565
f 2323 2324 2325
v -2936.0717 1177.4057 308.2109
v -2936.0747 1177.4070 314.9527
v -2934.8847 1182.2739 314.9523
f 2326 2327 2328
v -2927.7413 1175.3687 314.9569
v -2929.2761 1175.7438 310.1533
v -2927.7391 1175.3677 310.1541
f 2329 2330 2331
v -2936.0717 1177.4057 308.2109
v -2929.2761 1175.7438 310.1533
v -2936.0747 1177.4070 314.9527
f 2332 2333 2334
v -2927.7413 1175.3687 314.9569
v -2936.0747 1177.4070 314.9527
v -2929.2761 1175.7438 310.1533
f 2335 2336 2337
v -2929.2753 1175.7435 308.2143
v -2929.2761 1175.7438 310.1533
v -2936.0717 1177.4057 308.2109
f 2338 2339 2340
v -2926.5491 1180.2345 310.1537
v -2926.5512 1180.2355 314.9565
v -2927.7413 1175.3687 314.9569
f 2341 2342 2343
v -2934.8816 1182.2724 308.2105
v -2934.8847 1182.2739 314.9523
v -2928.1100 1180.6167 310.1529
f 2344 2345 2346
v -2926.5512 1180.2355 314.9565
v -2928.1100 1180.6167 310.1529
v -2934.8847 1182.2739 314.9523
f 2347 2348 2349
v -2928.1092 1180.6162 308.2139
v -2934.8816 1182.2724 308.2105
v -2928.1100 1180.6167 310.1529
f 2350 2351 2352
v -2926.5512 1180.2355 314.9565
v -2926.5491 1180.2345 310.1537
v -2928.1100 1180.6167 310.1529
f 2353 2354 2355
v -2938.2871 1179.0802 305.8236
v -2938.2882 1179.0806 308.2095
v -2950.1125 1181.9104 308.2036
f 2356 2357 2358
v -2938.8646 1176.6667 305.8238
v -2938.8657 1176.6671 308.2097
v -2938.2882 1179.0806 308.2095
f 2359 2360 2361
v -2943.8533 1184.5980 305.8201
v -2943.8544 1184.5985 308.2060
v -2943.1676 1187.4686 308.2057
f 2362 2363 2364
v -2949.1638 1185.8692 305.8174
v -2949.1649 1185.8698 308.2033
v -2943.8544 1184.5985 308.2060
f 2365 2366 2367
v -2950.1114 1181.9098 305.8177
v -2950.1125 1181.9104 308.2036
v -2949.1649 1185.8698 308.2033
f 2368 2369 2370
v -2928.1092 1180.6162 308.2139
v -2928.1100 1180.6167 310.1529
v -2927.3740 1183.6883 308.2137
f 2371 2372 2373
v -2926.7872 1186.1421 310.1525
v -2927.3740 1183.6883 308.2137
v -2928.1100 1180.6167 310.1529
f 2374 2375 2376
v -2927.3729 1183.6877 305.8278
v -2927.3740 1183.6883 308.2137
v -2926.7853 1186.1412 305.8276
f 2377 2378 2379
v -2926.7872 1186.1421 310.1525
v -2926.7853 1186.1412 305.8276
v -2927.3740 1183.6883 308.2137
f 2380 2381 2382
v -2928.1092 1180.6162 308.2139
v -2927.3740 1183.6883 308.2137
v -2934.8816 1182.2724 308.2105
f 2383 2384 2385
v -2943.1676 1187.4686 308.2057
v -2934.8816 1182.2724 308.2105
v -2927.3740 1183.6883 308.2137
f 2386 2387 2388
v -2929.5857 1174.4463 308.2144
v -2929.2753 1175.7435 308.2143
v -2936.0717 1177.4057 308.2109
f 2389 2390 2391
v -2938.8657 1176.6671 308.2097
v -2929.5857 1174.4463 308.2144
v -2936.0717 1177.4057 308.2109
f 2392 2393 2394
v -2936.0717 1177.4057 308.2109
v -2934.8816 1182.2724 308.2105
v -2938.2882 1179.0806 308.2095
f 2395 2396 2397
v -2934.8816 1182.2724 308.2105
v -2943.8544 1184.5985 308.2060
v -2938.2882 1179.0806 308.2095
f 2398 2399 2400
v -2950.1125 1181.9104 308.2036
v -2943.8544 1184.5985 308.2060
v -2949.1649 1185.8698 308.2033
f 2401 2402 2403
v -2936.0717 1177.4057 308.2109
v -2938.2882 1179.0806 308.2095
v -2938.8657 1176.6671 308.2097
f 2404 2405 2406
v -2943.8544 1184.5985 308.2060
v -2950.1125 1181.9104 308.2036
v -2938.2882 1179.0806 308.2095
f 2407 2408 2409
v -2943.1676 1187.4686 308.2057
v -2943.8544 1184.5985 308.2060
v -2934.8816 1182.2724 308.2105
f 2410 2411 2412
v -2929.5846 1174.4457 305.8285
v -2929.5857 1174.4463 308.2144
v -2938.8657 1176.6671 308.2097
f 2413 2414 2415
v -2943.1666 1187.4681 305.8198
v -2943.1676 1187.4686 308.2057
v -2927.3740 1183.6883 308.2137
f 2416 2417 2418
v -2958.8935 1189.3014 305.8122
v -2958.8874 1189.2553 272.1205
v -2958.8939 1189.3020 308.9461
f 2419 2420 2421
v -2957.1539 1196.5155 272.1200
v -2958.8935 1189.3014 305.8122
v -2957.1691 1196.5226 305.8117
f 2422 2423 2424
v -2958.8935 1189.3014 305.8122
v -2957.1539 1196.5155 272.1200
v -2958.8874 1189.2553 272.1205
f 2425 2426 2427
v -2858.8175 1172.7958 286.9127
v -2858.8970 1172.4470 272.1692
v -2858.9117 1172.4540 305.8610
f 2428 2429 2430
v -2858.9117 1172.4540 305.8610
v -2858.8257 1172.7997 305.8609
v -2858.8175 1172.7958 286.9127
f 2431 2432 2433
v -2957.1539 1196.5155 272.1200
v -2957.1691 1196.5226 305.8117
v -2858.8970 1172.4470 272.1692
f 2434 2435 2436
v -2883.5665 1169.7215 312.0131
v -2874.8608 1162.9182 312.0183
v -2873.7929 1167.3813 312.0179
f 2437 2438 2439
v -2874.8608 1162.9182 312.0183
v -2883.5665 1169.7215 312.0131
v -2884.6345 1165.2574 312.0134
f 2440 2441 2442
v -2874.8592 1162.9174 308.2415
v -2874.8608 1162.9182 312.0183
v -2884.6345 1165.2574 312.0134
f 2443 2444 2445
v -2873.7912 1167.3805 308.2411
v -2873.7929 1167.3813 312.0179
v -2874.8608 1162.9182 312.0183
f 2446 2447 2448
v -2883.5648 1169.7208 308.2363
v -2883.5665 1169.7215 312.0131
v -2873.7929 1167.3813 312.0179
f 2449 2450 2451
v -2884.6328 1165.2566 308.2366
v -2884.6345 1165.2574 312.0134
v -2883.5665 1169.7215 312.0131
f 2452 2453 2454
v -2871.0475 1169.8726 305.8560
v -2871.0485 1169.8731 308.2419
v -2873.2300 1160.7580 308.2426
f 2455 2456 2457
v -2883.5648 1169.7208 308.2363
v -2891.5771 1165.1503 308.2335
v -2884.6328 1165.2566 308.2366
f 2458 2459 2460
v -2873.2300 1160.7580 308.2426
v -2884.6328 1165.2566 308.2366
v -2891.5771 1165.1503 308.2335
f 2461 2462 2463
v -2871.0485 1169.8731 308.2419
v -2889.3946 1174.2643 308.2328
v -2883.5648 1169.7208 308.2363
f 2464 2465 2466
v -2891.5771 1165.1503 308.2335
v -2883.5648 1169.7208 308.2363
v -2889.3946 1174.2643 308.2328
f 2467 2468 2469
v -2873.7912 1167.3805 308.2411
v -2874.8592 1162.9174 308.2415
v -2873.2300 1160.7580 308.2426
f 2470 2471 2472
v -2884.6328 1165.2566 308.2366
v -2873.2300 1160.7580 308.2426
v -2874.8592 1162.9174 308.2415
f 2473 2474 2475
v -2883.5648 1169.7208 308.2363
v -2873.7912 1167.3805 308.2411
v -2871.0485 1169.8731 308.2419
f 2476 2477 2478
v -2873.2300 1160.7580 308.2426
v -2871.0485 1169.8731 308.2419
v -2873.7912 1167.3805 308.2411
f 2479 2480 2481
v -2889.3936 1174.2639 305.8469
v -2889.3946 1174.2643 308.2328
v -2871.0485 1169.8731 308.2419
f 2482 2483 2484
v -2873.2290 1160.7576 305.8567
v -2873.2300 1160.7580 308.2426
v -2891.5771 1165.1503 308.2335
f 2485 2486 2487
v -2858.8970 1172.4470 272.1692
v -2858.8175 1172.7958 286.9127
v -2854.0148 1192.0457 286.7342
f 2488 2489 2490
v -2854.0148 1192.0457 286.7342
v -2854.0084 1192.0425 272.1678
v -2858.8970 1172.4470 272.1692
f 2491 2492 2493
v -2959.0933 1186.3919 305.8127
v -2959.5750 1186.5102 305.8124
v -2950.1114 1181.9098 305.8177
f 2494 2495 2496
v -2962.2533 1175.5585 305.8132
v -2950.1114 1181.9098 305.8177
v -2959.5750 1186.5102 305.8124
f 2497 2498 2499
v -2938.2871 1179.0802 305.8236
v -2950.1114 1181.9098 305.8177
v -2938.8646 1176.6667 305.8238
f 2500 2501 2502
v -2962.2533 1175.5585 305.8132
v -2938.8646 1176.6667 305.8238
v -2950.1114 1181.9098 305.8177
f 2503 2504 2505
v -2949.1638 1185.8692 305.8174
v -2959.0933 1186.3919 305.8127
v -2950.1114 1181.9098 305.8177
f 2506 2507 2508
v -2938.8646 1176.6667 305.8238
v -2962.2533 1175.5585 305.8132
v -2930.3796 1171.1270 305.8287
f 2509 2510 2511
v -2958.4099 1189.1831 305.8125
v -2957.1691 1196.5226 305.8117
v -2958.8935 1189.3014 305.8122
f 2512 2513 2514
v -2943.1666 1187.4681 305.8198
v -2957.1691 1196.5226 305.8117
v -2958.4099 1189.1831 305.8125
f 2515 2516 2517
v -2943.1666 1187.4681 305.8198
v -2949.1638 1185.8692 305.8174
v -2943.8533 1184.5980 305.8201
f 2518 2519 2520
v -2957.1691 1196.5226 305.8117
v -2943.1666 1187.4681 305.8198
v -2926.7853 1186.1412 305.8276
f 2521 2522 2523
v -2943.1666 1187.4681 305.8198
v -2927.3729 1183.6877 305.8278
v -2926.7853 1186.1412 305.8276
f 2524 2525 2526
v -2958.4099 1189.1831 305.8125
v -2949.1638 1185.8692 305.8174
v -2943.1666 1187.4681 305.8198
f 2527 2528 2529
v -2958.4099 1189.1831 305.8125
v -2959.0933 1186.3919 305.8127
v -2949.1638 1185.8692 305.8174
f 2530 2531 2532
v -2926.7853 1186.1412 305.8276
v -2888.7311 1177.0321 305.8467
v -2957.1691 1196.5226 305.8117
f 2533 2534 2535
v -2873.2290 1160.7576 305.8567
v -2892.3254 1162.0189 305.8477
v -2858.2566 1150.1435 305.8653
f 2536 2537 2538
v -2962.2533 1175.5585 305.8132
v -2892.3254 1162.0189 305.8477
v -2930.3796 1171.1270 305.8287
f 2539 2540 2541
v -2853.1945 1171.4226 305.8637
v -2873.2290 1160.7576 305.8567
v -2858.2566 1150.1435 305.8653
f 2542 2543 2544
v -2891.5760 1165.1497 305.8475
v -2892.3254 1162.0189 305.8477
v -2873.2290 1160.7576 305.8567
f 2545 2546 2547
v -2892.3254 1162.0189 305.8477
v -2962.2533 1175.5585 305.8132
v -2858.2566 1150.1435 305.8653
f 2548 2549 2550
v -2871.0475 1169.8726 305.8560
v -2888.7311 1177.0321 305.8467
v -2889.3936 1174.2639 305.8469
f 2551 2552 2553
v -2858.9117 1172.4540 305.8610
v -2957.1691 1196.5226 305.8117
v -2888.7311 1177.0321 305.8467
f 2554 2555 2556
v -2853.1945 1171.4226 305.8637
v -2858.9117 1172.4540 305.8610
v -2871.0475 1169.8726 305.8560
f 2557 2558 2559
v -2858.9117 1172.4540 305.8610
v -2853.1945 1171.4226 305.8637
v -2858.8257 1172.7997 305.8609
f 2560 2561 2562
v -2853.1945 1171.4226 305.8637
v -2871.0475 1169.8726 305.8560
v -2873.2290 1160.7576 305.8567
f 2563 2564 2565
v -2871.0475 1169.8726 305.8560
v -2858.9117 1172.4540 305.8610
v -2888.7311 1177.0321 305.8467
f 2566 2567 2568
v -2930.3796 1171.1270 305.8287
v -2929.5846 1174.4457 305.8285
v -2938.8646 1176.6667 305.8238
f 2569 2570 2571
v -2962.2439 1175.5546 287.0609
v -2962.2533 1175.5585 305.8132
v -2959.5750 1186.5102 305.8124
f 2572 2573 2574
v -2858.2484 1150.1397 287.1130
v -2858.2566 1150.1435 305.8653
v -2962.2439 1175.5546 287.0609
f 2575 2576 2577
v -2853.1863 1171.4187 286.9154
v -2853.1945 1171.4226 305.8637
v -2854.7214 1164.9793 293.5556
f 2578 2579 2580
v -2855.3465 1162.3520 293.5558
v -2854.7214 1164.9793 293.5556
v -2853.1945 1171.4226 305.8637
f 2581 2582 2583
v -2854.7214 1164.9793 293.5556
v -2854.7185 1164.9780 286.9749
v -2853.1863 1171.4187 286.9154
f 2584 2585 2586
v -2858.2484 1150.1397 287.1130
v -2855.3465 1162.3520 293.5558
v -2858.2566 1150.1435 305.8653
f 2587 2588 2589
v -2853.1945 1171.4226 305.8637
v -2858.2566 1150.1435 305.8653
v -2855.3465 1162.3520 293.5558
f 2590 2591 2592
v -2855.3465 1162.3520 293.5558
v -2858.2484 1150.1397 287.1130
v -2855.3436 1162.3506 286.9991
f 2593 2594 2595
v -2858.8175 1172.7958 286.9127
v -2858.8257 1172.7997 305.8609
v -2853.1945 1171.4226 305.8637
f 2596 2597 2598
v -2854.0084 1192.0425 272.1678
v -2704.4649 1155.4395 286.8051
v -2704.4590 1155.4365 272.2396
f 2599 2600 2601
v -2671.4436 1096.5626 287.2713
v -2678.3195 1097.6771 287.2732
v -2678.3134 1097.6741 272.2608
f 2602 2603 2604
v -2699.2848 1143.9607 272.2439
v -2696.2330 1143.2136 272.4803
v -2696.2329 1143.2136 272.2453
f 2605 2606 2607
v -2698.1221 1148.7115 272.2435
v -2699.2849 1143.9608 272.4789
v -2699.2848 1143.9607 272.2439
f 2608 2609 2610
v -2959.0933 1186.3919 305.8127
v -2959.5764 1186.5109 308.9463
v -2959.5750 1186.5102 305.8124
f 2611 2612 2613
v -2958.4099 1189.1831 305.8125
v -2959.0947 1186.3925 308.9466
v -2959.0933 1186.3919 305.8127
f 2614 2615 2616
v -2958.8935 1189.3014 305.8122
v -2958.4112 1189.1838 308.9464
v -2958.4099 1189.1831 305.8125
f 2617 2618 2619
v -2703.4240 1148.0399 287.2949
v -2702.5919 1151.5262 290.2385
v -2702.5907 1151.5256 287.2946
f 2620 2621 2622
v -2704.8917 1152.2057 272.4750
v -2704.9241 1152.1019 287.2935
v -2704.9180 1152.0989 272.4750
f 2623 2624 2625
v -2699.9892 1150.8840 289.1077
v -2700.8189 1147.4175 290.2400
v -2700.8185 1147.4173 289.1080
f 2626 2627 2628
v -2703.1592 1147.9762 287.2950
v -2703.5374 1146.3942 287.2951
v -2703.5372 1146.3941 286.8841
f 2629 2630 2631
v -2933.8911 1151.1447 272.1111
v -2932.6300 1156.3259 280.7464
v -2932.9467 1155.0309 281.0334
f 2632 2633 2634
v -2826.5756 1124.9286 275.7490
v -2883.1784 1138.7567 281.9170
v -2831.3850 1126.1037 281.9395
f 2635 2636 2637
v -2826.5756 1124.9286 275.7490
v -2933.8911 1151.1447 272.1111
v -2933.8955 1151.1467 281.8957
f 2638 2639 2640
v -2831.3850 1126.1037 281.9395
v -2780.1274 1113.5822 281.9602
v -2826.5756 1124.9286 275.7490
f 2641 2642 2643
v -2728.8706 1101.0607 281.9805
v -2826.5756 1124.9286 275.7490
v -2780.1274 1113.5822 281.9602
f 2644 2645 2646
v -2728.8696 1101.0603 279.5346
v -2728.8676 1101.0592 274.6428
v -2826.5756 1124.9286 275.7490
f 2647 2648 2649
v -2970.6811 1134.9058 272.0969
v -2970.6853 1134.9076 281.1986
v -2972.1414 1135.2645 281.1988
f 2650 2651 2652
v -2972.1372 1135.2626 272.0961
v -2970.6811 1134.9058 272.0969
v -2972.1414 1135.2645 281.1988
f 2653 2654 2655
v -2971.4374 1131.7475 280.4348
v -2970.6853 1134.9076 281.1986
v -2970.6811 1134.9058 272.0969
f 2656 2657 2658
v -2786.3896 1088.4654 272.1881
v -2786.3933 1088.4671 280.9798
v -2794.8157 1090.5158 280.9738
f 2659 2660 2661
v -2785.5908 1091.7363 272.1879
v -2785.5949 1091.7381 281.7726
v -2786.3896 1088.4654 272.1881
f 2662 2663 2664
v -2737.6459 1080.8176 281.9792
v -2733.9402 1080.3217 272.2122
v -2733.9422 1080.3227 277.1440
f 2665 2666 2667
v -2873.4878 1101.2579 280.7619
v -2880.1165 1107.5985 280.5580
v -2880.1128 1107.5968 272.1433
f 2668 2669 2670
v -2873.4878 1101.2579 280.7619
v -2869.8218 1105.0873 272.1483
v -2869.8254 1105.0890 280.5620
f 2671 2672 2673
v -2859.0626 1102.1090 280.5824
v -2859.0495 1102.1401 280.5814
v -2859.0458 1102.1384 272.1537
f 2674 2675 2676
v -2859.0458 1102.1384 272.1537
v -2859.0589 1102.1075 272.1537
v -2859.0626 1102.1090 280.5824
f 2677 2678 2679
v -2852.8848 1096.2169 272.1574
v -2849.1847 1100.0059 272.1584
v -2849.1883 1100.0076 280.5741
f 2680 2681 2682
v -2842.5934 1093.7140 280.7762
v -2849.1883 1100.0076 280.5741
v -2842.5897 1093.7123 272.1625
f 2683 2684 2685
v -2842.5897 1093.7123 272.1625
v -2849.1883 1100.0076 280.5741
v -2849.1847 1100.0059 272.1584
f 2686 2687 2688
v -2832.3043 1091.1975 280.7812
v -2828.6424 1095.0089 272.1684
v -2828.6460 1095.0104 280.5831
f 2689 2690 2691
v -2828.6460 1095.0104 280.5831
v -2828.6424 1095.0089 272.1684
v -2821.9951 1088.6898 280.7861
f 2692 2693 2694
v -2811.7011 1086.1701 280.7911
v -2808.0072 1089.9734 272.1784
v -2808.0108 1089.9751 280.5921
f 2695 2696 2697
v -2811.6974 1086.1684 272.1774
v -2808.0072 1089.9734 272.1784
v -2811.7011 1086.1701 280.7911
f 2698 2699 2700
v -2808.0108 1089.9751 280.5921
v -2801.3913 1083.6608 272.1824
v -2801.3949 1083.6625 280.7951
f 2701 2702 2703
v -2955.8487 1121.3741 272.1062
v -2952.2055 1125.2012 272.1072
v -2952.2093 1125.2029 280.5229
f 2704 2705 2706
v -2952.2093 1125.2029 280.5229
v -2955.8527 1121.3758 280.7219
v -2955.8487 1121.3741 272.1062
f 2707 2708 2709
v -2945.5606 1118.8615 272.1114
v -2952.2093 1125.2029 280.5229
v -2952.2055 1125.2012 272.1072
f 2710 2711 2712
v -2900.7117 1112.6218 280.5477
v -2904.3791 1108.7957 280.7477
v -2904.3752 1108.7941 272.1321
f 2713 2714 2715
v -2742.3373 1095.4868 286.3015
v -2795.9973 1108.6133 283.8060
v -2848.5981 1121.4818 286.2505
f 2716 2717 2718
v -2743.6213 1090.2394 286.3058
v -2958.3716 1142.7734 286.2007
v -2958.3705 1142.7729 283.6898
f 2719 2720 2721
v -2962.7619 1173.4079 272.1217
v -2930.7813 1165.5842 272.1379
v -2930.7813 1165.5842 272.1099
f 2722 2723 2724
v -2780.3941 1144.6651 294.3811
v -2781.3492 1140.6749 295.2764
v -2781.3488 1140.6747 294.3814
f 2725 2726 2727
v -2788.3559 1146.5715 294.3773
v -2780.3945 1144.6652 295.2761
v -2780.3941 1144.6651 294.3811
f 2728 2729 2730
v -2789.3116 1142.5800 294.3776
v -2788.3563 1146.5716 295.2723
v -2788.3559 1146.5715 294.3773
f 2731 2732 2733
v -2781.3488 1140.6747 294.3814
v -2789.3120 1142.5802 295.2726
v -2789.3116 1142.5800 294.3776
f 2734 2735 2736
v -2831.9482 1157.0793 294.3562
v -2832.8831 1153.1781 295.2515
v -2832.8827 1153.1779 294.3565
f 2737 2738 2739
v -2833.9650 1166.4042 286.9279
v -2760.8120 1148.8944 294.3889
v -2760.8089 1148.8929 286.9591
f 2740 2741 2742
v -2765.7979 1128.0701 294.3904
v -2838.9541 1145.5814 294.3552
v -2838.9509 1145.5798 287.1205
f 2743 2744 2745
v -2840.2044 1158.7274 293.5632
v -2855.3465 1162.3520 293.5558
v -2855.3436 1162.3506 286.9991
f 2746 2747 2748
v -2838.9509 1145.5798 287.1205
v -2836.9051 1154.1407 294.3545
v -2836.9019 1154.1392 287.0408
f 2749 2750 2751
v -2854.7185 1164.9780 286.9749
v -2835.4160 1160.3575 293.5651
v -2835.4132 1160.3561 286.9834
f 2752 2753 2754
v -2891.5771 1165.1503 308.2335
v -2888.7330 1177.0330 310.1715
v -2892.3273 1162.0198 310.1726
f 2755 2756 2757
v -2926.7853 1186.1412 305.8276
v -2888.7330 1177.0330 310.1715
v -2888.7311 1177.0321 305.8467
f 2758 2759 2760
v -2930.3796 1171.1270 305.8287
v -2929.5857 1174.4463 308.2144
v -2929.5846 1174.4457 305.8285
f 2761 2762 2763
v -2892.3254 1162.0189 305.8477
v -2930.3815 1171.1278 310.1536
v -2930.3796 1171.1270 305.8287
f 2764 2765 2766
v -2936.0717 1177.4057 308.2109
v -2934.8847 1182.2739 314.9523
v -2934.8816 1182.2724 308.2105
f 2767 2768 2769
v -2926.5491 1180.2345 310.1537
v -2927.7413 1175.3687 314.9569
v -2927.7391 1175.3677 310.1541
f 2770 2771 2772
v -2938.2871 1179.0802 305.8236
v -2950.1125 1181.9104 308.2036
v -2950.1114 1181.9098 305.8177
f 2773 2774 2775
v -2938.8646 1176.6667 305.8238
v -2938.2882 1179.0806 308.2095
v -2938.2871 1179.0802 305.8236
f 2776 2777 2778
v -2943.8533 1184.5980 305.8201
v -2943.1676 1187.4686 308.2057
v -2943.1666 1187.4681 305.8198
f 2779 2780 2781
v -2949.1638 1185.8692 305.8174
v -2943.8544 1184.5985 308.2060
v -2943.8533 1184.5980 305.8201
f 2782 2783 2784
v -2950.1114 1181.9098 305.8177
v -2949.1649 1185.8698 308.2033
v -2949.1638 1185.8692 305.8174
f 2785 2786 2787
v -2929.5846 1174.4457 305.8285
v -2938.8657 1176.6671 308.2097
v -2938.8646 1176.6667 305.8238
f 2788 2789 2790
v -2943.1666 1187.4681 305.8198
v -2927.3740 1183.6883 308.2137
v -2927.3729 1183.6877 305.8278
f 2791 2792 2793
v -2957.1691 1196.5226 305.8117
v -2858.9117 1172.4540 305.8610
v -2858.8970 1172.4470 272.1692
f 2794 2795 2796
v -2874.8592 1162.9174 308.2415
v -2884.6345 1165.2574 312.0134
v -2884.6328 1165.2566 308.2366
f 2797 2798 2799
v -2873.7912 1167.3805 308.2411
v -2874.8608 1162.9182 312.0183
v -2874.8592 1162.9174 308.2415
f 2800 2801 2802
v -2883.5648 1169.7208 308.2363
v -2873.7929 1167.3813 312.0179
v -2873.7912 1167.3805 308.2411
f 2803 2804 2805
v -2884.6328 1165.2566 308.2366
v -2883.5665 1169.7215 312.0131
v -2883.5648 1169.7208 308.2363
f 2806 2807 2808
v -2871.0475 1169.8726 305.8560
v -2873.2300 1160.7580 308.2426
v -2873.2290 1160.7576 305.8567
f 2809 2810 2811
v -2889.3936 1174.2639 305.8469
v -2871.0485 1169.8731 308.2419
v -2871.0475 1169.8726 305.8560
f 2812 2813 2814
v -2873.2290 1160.7576 305.8567
v -2891.5771 1165.1503 308.2335
v -2891.5760 1165.1497 305.8475
f 2815 2816 2817
v -2962.2439 1175.5546 287.0609
v -2959.5750 1186.5102 305.8124
v -2959.5665 1186.5062 286.9591
f 2818 2819 2820
v -2858.2566 1150.1435 305.8653
v -2962.2533 1175.5585 305.8132
v -2962.2439 1175.5546 287.0609
f 2821 2822 2823
v -2858.8175 1172.7958 286.9127
v -2853.1945 1171.4226 305.8637
v -2853.1863 1171.4187 286.9154
f 2824 2825 2826
