# Grid Center: 2613600, 1263400
# Global Anchor: 7.64977475454284, 47.53283995868075, 0.0

g building_ID_979B15ED-59E8-472E-AC0F-DCBE3842D4D8
v -2451.1681 -1491.1868 284.8886
v -2452.7579 -1484.7886 284.8894
v -2453.4037 -1484.3998 284.6013
f 1 2 3
v -2453.4037 -1484.3998 284.6013
v -2451.5909 -1491.8886 284.5752
v -2451.1681 -1491.1868 284.8886
f 4 5 6
v -2453.4037 -1484.3998 284.6013
v -2445.3460 -1482.9476 284.8927
v -2444.7683 -1481.9890 284.4652
f 7 8 9
v -2452.7579 -1484.7886 284.8894
v -2445.3460 -1482.9476 284.8927
v -2453.4037 -1484.3998 284.6013
f 10 11 12
v -2453.4778 -1484.0926 284.4304
v -2453.4037 -1484.3998 284.6013
v -2444.7683 -1481.9890 284.4652
f 13 14 15
v -2449.3364 -1487.4636 288.3550
v -2452.7579 -1484.7886 284.8894
v -2451.1681 -1491.1868 284.8886
f 16 17 18
v -2449.3364 -1487.4636 288.3550
v -2447.1189 -1486.9134 288.3560
v -2445.3460 -1482.9476 284.8927
f 19 20 21
v -2445.3460 -1482.9476 284.8927
v -2452.7579 -1484.7886 284.8894
v -2449.3364 -1487.4636 288.3550
f 22 23 24
v -2447.1189 -1486.9134 288.3560
v -2449.3364 -1487.4636 288.3550
v -2451.1681 -1491.1868 284.8886
f 25 26 27
v -2451.1681 -1491.1868 284.8886
v -2443.7552 -1489.3438 284.8918
v -2447.1189 -1486.9134 288.3560
f 28 29 30
v -2444.7683 -1481.9890 284.4652
v -2443.7552 -1489.3438 284.8918
v -2442.5030 -1490.0970 284.3332
f 31 32 33
v -2445.3460 -1482.9476 284.8927
v -2443.7552 -1489.3438 284.8918
v -2444.7683 -1481.9890 284.4652
f 34 35 36
v -2444.4820 -1481.9198 284.3064
v -2444.7683 -1481.9890 284.4652
v -2442.5030 -1490.0970 284.3332
f 37 38 39
v -2451.5909 -1491.8886 284.5752
v -2447.3057 -1491.4940 284.2251
v -2442.5030 -1490.0970 284.3332
f 40 41 42
v -2451.5909 -1491.8886 284.5752
v -2442.5030 -1490.0970 284.3332
v -2443.7552 -1489.3438 284.8918
f 43 44 45
v -2442.5030 -1490.0970 284.3332
v -2447.3057 -1491.4940 284.2251
v -2442.4486 -1490.3212 284.2092
f 46 47 48
v -2447.3057 -1491.4940 284.2251
v -2450.5155 -1492.5694 284.0776
v -2447.3304 -1491.7780 284.0790
f 49 50 51
v -2451.4443 -1492.4940 284.2381
v -2450.6719 -1492.3191 284.2296
v -2451.5909 -1491.8886 284.5752
f 52 53 54
v -2451.5909 -1491.8886 284.5752
v -2450.6719 -1492.3191 284.2296
v -2447.3057 -1491.4940 284.2251
f 55 56 57
v -2450.5155 -1492.5694 284.0776
v -2447.3057 -1491.4940 284.2251
v -2450.6719 -1492.3191 284.2296
f 58 59 60
v -2451.5909 -1491.8886 284.5752
v -2443.7552 -1489.3438 284.8918
v -2451.1681 -1491.1868 284.8886
f 61 62 63
v -2447.1189 -1486.9134 288.3560
v -2443.7552 -1489.3438 284.8918
v -2445.3460 -1482.9476 284.8927
f 64 65 66
v -2450.6683 -1492.3170 274.4249
v -2451.4416 -1492.4924 276.8774
v -2451.4407 -1492.4919 274.4245
f 67 68 69
v -2447.3268 -1491.7759 274.4263
v -2447.3304 -1491.7780 284.0790
v -2450.5119 -1492.5673 274.4249
f 70 71 72
v -2450.5119 -1492.5673 274.4249
v -2447.3304 -1491.7780 284.0790
v -2450.5155 -1492.5694 284.0776
f 73 74 75
v -2447.3020 -1491.4920 274.4264
v -2447.3057 -1491.4940 284.2251
v -2447.3304 -1491.7780 284.0790
f 76 77 78
v -2447.3304 -1491.7780 284.0790
v -2447.3268 -1491.7759 274.4263
v -2447.3020 -1491.4920 274.4264
f 79 80 81
v -2442.4449 -1490.3191 274.4285
v -2442.4472 -1490.3203 280.5343
v -2447.3057 -1491.4940 284.2251
f 82 83 84
v -2447.3020 -1491.4920 274.4264
v -2442.4449 -1490.3191 274.4285
v -2447.3057 -1491.4940 284.2251
f 85 86 87
v -2451.5870 -1491.8866 274.4246
v -2447.3020 -1491.4920 274.4264
v -2450.6683 -1492.3170 274.4249
f 88 89 90
v -2451.5870 -1491.8866 274.4246
v -2453.3999 -1484.3978 274.4258
v -2447.3020 -1491.4920 274.4264
f 91 92 93
v -2451.5870 -1491.8866 274.4246
v -2450.6683 -1492.3170 274.4249
v -2451.4407 -1492.4919 274.4245
f 94 95 96
v -2450.6683 -1492.3170 274.4249
v -2447.3268 -1491.7759 274.4263
v -2450.5119 -1492.5673 274.4249
f 97 98 99
v -2447.3020 -1491.4920 274.4264
v -2447.3268 -1491.7759 274.4263
v -2450.6683 -1492.3170 274.4249
f 100 101 102
v -2444.4784 -1481.9177 274.4298
v -2453.3999 -1484.3978 274.4258
v -2453.4741 -1484.0905 274.4258
f 103 104 105
v -2453.3999 -1484.3978 274.4258
v -2444.4784 -1481.9177 274.4298
v -2447.3020 -1491.4920 274.4264
f 106 107 108
v -2444.4784 -1481.9177 274.4298
v -2442.4449 -1490.3191 274.4285
v -2447.3020 -1491.4920 274.4264
f 109 110 111
v -2444.4784 -1481.9177 274.4298
v -2453.4741 -1484.0905 274.4258
v -2453.4778 -1484.0926 284.4304
f 112 113 114
v -2444.7683 -1481.9890 284.4652
v -2444.4784 -1481.9177 274.4298
v -2453.4778 -1484.0926 284.4304
f 115 116 117
v -2444.7683 -1481.9890 284.4652
v -2444.4820 -1481.9198 284.3064
v -2444.4784 -1481.9177 274.4298
f 118 119 120
v -2451.4430 -1492.4932 280.5583
v -2451.4443 -1492.4940 284.2381
v -2451.5909 -1491.8886 284.5752
f 121 122 123
v -2451.4430 -1492.4932 280.5583
v -2453.3999 -1484.3978 274.4258
v -2451.4416 -1492.4924 276.8774
f 124 125 126
v -2451.5909 -1491.8886 284.5752
v -2453.4037 -1484.3998 284.6013
v -2451.4430 -1492.4932 280.5583
f 127 128 129
v -2453.4778 -1484.0926 284.4304
v -2453.3999 -1484.3978 274.4258
v -2453.4037 -1484.3998 284.6013
f 130 131 132
v -2453.4741 -1484.0905 274.4258
v -2453.3999 -1484.3978 274.4258
v -2453.4778 -1484.0926 284.4304
f 133 134 135
v -2451.4416 -1492.4924 276.8774
v -2451.5870 -1491.8866 274.4246
v -2451.4407 -1492.4919 274.4245
f 136 137 138
v -2451.5870 -1491.8866 274.4246
v -2451.4416 -1492.4924 276.8774
v -2453.3999 -1484.3978 274.4258
f 139 140 141
v -2453.3999 -1484.3978 274.4258
v -2451.4430 -1492.4932 280.5583
v -2453.4037 -1484.3998 284.6013
f 142 143 144
v -2444.4820 -1481.9198 284.3064
v -2442.4472 -1490.3203 280.5343
v -2444.4784 -1481.9177 274.4298
f 145 146 147
v -2444.4784 -1481.9177 274.4298
v -2442.4472 -1490.3203 280.5343
v -2442.4449 -1490.3191 274.4285
f 148 149 150
v -2442.4472 -1490.3203 280.5343
v -2444.4820 -1481.9198 284.3064
v -2442.5030 -1490.0970 284.3332
f 151 152 153
v -2442.4486 -1490.3212 284.2092
v -2442.4472 -1490.3203 280.5343
v -2442.5030 -1490.0970 284.3332
f 154 155 156
v -2450.6719 -1492.3191 284.2296
v -2451.4443 -1492.4940 284.2381
v -2450.6683 -1492.3170 274.4249
f 157 158 159
v -2451.4430 -1492.4932 280.5583
v -2450.6683 -1492.3170 274.4249
v -2451.4443 -1492.4940 284.2381
f 160 161 162
v -2450.6683 -1492.3170 274.4249
v -2451.4430 -1492.4932 280.5583
v -2451.4416 -1492.4924 276.8774
f 163 164 165
v -2450.5155 -1492.5694 284.0776
v -2450.6719 -1492.3191 284.2296
v -2450.5119 -1492.5673 274.4249
f 166 167 168
v -2450.5119 -1492.5673 274.4249
v -2450.6719 -1492.3191 284.2296
v -2450.6683 -1492.3170 274.4249
f 169 170 171
v -2442.4472 -1490.3203 280.5343
v -2442.4486 -1490.3212 284.2092
v -2447.3057 -1491.4940 284.2251
f 172 173 174

g building_ID_FF16263D-5C4A-48AB-94E4-C2C0B8384162
v -2287.0483 -1481.1625 275.5122
v -2282.2425 -1483.4525 275.7274
v -2279.0744 -1478.2269 275.3019
f 175 176 177
v -2279.0744 -1478.2269 275.3019
v -2282.2425 -1483.4525 275.7274
v -2278.7790 -1483.2477 275.7267
f 178 179 180
v -2288.6228 -1478.7904 275.3053
v -2287.0483 -1481.1625 275.5122
v -2279.0744 -1478.2269 275.3019
f 181 182 183
v -2288.6228 -1478.7904 275.3053
v -2288.4815 -1481.2467 275.5127
v -2287.0483 -1481.1625 275.5122
f 184 185 186
v -2286.8972 -1483.7270 275.7297
v -2282.2425 -1483.4525 275.7274
v -2287.0483 -1481.1625 275.5122
f 187 188 189
v -2288.6212 -1478.7894 270.6144
v -2288.6228 -1478.7904 275.3053
v -2279.0744 -1478.2269 275.3019
f 190 191 192
v -2279.0728 -1478.2260 270.6180
v -2288.6212 -1478.7894 270.6144
v -2279.0744 -1478.2269 275.3019
f 193 194 195
v -2288.6228 -1478.7904 275.3053
v -2288.4798 -1481.2457 270.6139
v -2288.4815 -1481.2467 275.5127
f 196 197 198
v -2288.4798 -1481.2457 270.6139
v -2288.6228 -1478.7904 275.3053
v -2288.6212 -1478.7894 270.6144
f 199 200 201
v -2288.4798 -1481.2457 270.6139
v -2287.0466 -1481.1616 270.6144
v -2287.0483 -1481.1625 275.5122
f 202 203 204
v -2287.0483 -1481.1625 275.5122
v -2288.4815 -1481.2467 275.5127
v -2288.4798 -1481.2457 270.6139
f 205 206 207
v -2286.8972 -1483.7270 275.7297
v -2287.0466 -1481.1616 270.6144
v -2286.8955 -1483.7259 270.6139
f 208 209 210
v -2287.0466 -1481.1616 270.6144
v -2286.8972 -1483.7270 275.7297
v -2287.0483 -1481.1625 275.5122
f 211 212 213
v -2278.7772 -1483.2468 270.6169
v -2278.7790 -1483.2477 275.7267
v -2282.2425 -1483.4525 275.7274
f 214 215 216
v -2278.7772 -1483.2468 270.6169
v -2282.2425 -1483.4525 275.7274
v -2286.8955 -1483.7259 270.6139
f 217 218 219
v -2279.0728 -1478.2260 270.6180
v -2279.0744 -1478.2269 275.3019
v -2278.7772 -1483.2468 270.6169
f 220 221 222
v -2279.0744 -1478.2269 275.3019
v -2278.7790 -1483.2477 275.7267
v -2278.7772 -1483.2468 270.6169
f 223 224 225
v -2288.6212 -1478.7894 270.6144
v -2279.0728 -1478.2260 270.6180
v -2288.4798 -1481.2457 270.6139
f 226 227 228
v -2279.0728 -1478.2260 270.6180
v -2287.0466 -1481.1616 270.6144
v -2288.4798 -1481.2457 270.6139
f 229 230 231
v -2286.8955 -1483.7259 270.6139
v -2287.0466 -1481.1616 270.6144
v -2278.7772 -1483.2468 270.6169
f 232 233 234
v -2278.7772 -1483.2468 270.6169
v -2287.0466 -1481.1616 270.6144
v -2279.0728 -1478.2260 270.6180
f 235 236 237
v -2282.2425 -1483.4525 275.7274
v -2286.8972 -1483.7270 275.7297
v -2286.8955 -1483.7259 270.6139
f 238 239 240

g building_ID_96F6BB54-3C4B-4CC1-8EB2-DE0283E8A450
v -2304.4656 -1497.0574 283.5000
v -2311.6823 -1497.7360 283.4972
v -2311.5497 -1499.0932 282.6629
f 241 242 243
v -2311.5497 -1499.0932 282.6629
v -2304.5395 -1501.8625 280.5749
v -2302.1234 -1499.0233 282.1683
f 244 245 246
v -2302.1234 -1499.0233 282.1683
v -2304.4656 -1497.0574 283.5000
v -2311.5497 -1499.0932 282.6629
f 247 248 249
v -2304.5395 -1501.8625 280.5749
v -2311.5497 -1499.0932 282.6629
v -2311.2132 -1502.5176 280.5563
f 250 251 252
v -2311.8882 -1495.6332 282.2046
v -2305.3251 -1492.4365 280.6358
v -2312.1387 -1493.0612 280.6242
f 253 254 255
v -2311.6823 -1497.7360 283.4972
v -2305.3251 -1492.4365 280.6358
v -2311.8882 -1495.6332 282.2046
f 256 257 258
v -2302.5307 -1494.6883 282.1693
v -2305.3251 -1492.4365 280.6358
v -2304.4656 -1497.0574 283.5000
f 259 260 261
v -2311.6823 -1497.7360 283.4972
v -2304.4656 -1497.0574 283.5000
v -2305.3251 -1492.4365 280.6358
f 262 263 264
v -2319.9036 -1492.4293 270.8550
v -2319.9036 -1492.4293 270.9330
v -2312.3707 -1491.7215 270.9359
f 265 266 267
v -2318.7894 -1504.2731 270.8526
v -2318.7894 -1504.2731 270.9306
v -2319.9036 -1492.4293 270.9330
f 268 269 270
v -2312.2439 -1493.0715 283.6851
v -2320.2152 -1491.8939 282.4775
v -2311.8893 -1495.6338 285.3075
f 271 272 273
v -2311.8893 -1495.6338 285.3075
v -2312.1398 -1493.0618 283.6851
v -2312.2439 -1493.0715 283.6851
f 274 275 276
v -2327.4612 -1498.1571 285.9633
v -2313.0764 -1497.3928 286.3367
v -2311.8893 -1495.6338 285.3075
f 277 278 279
v -2320.2152 -1491.8939 282.4775
v -2312.2439 -1493.0715 283.6851
v -2312.4332 -1491.1318 282.4615
f 280 281 282
v -2327.4612 -1498.1571 285.9633
v -2320.2152 -1491.8939 282.4775
v -2327.9972 -1492.6560 282.4935
f 283 284 285
v -2311.8893 -1495.6338 285.3075
v -2320.2152 -1491.8939 282.4775
v -2327.4612 -1498.1571 285.9633
f 286 287 288
v -2313.0764 -1497.3928 286.3367
v -2327.4612 -1498.1571 285.9633
v -2326.9277 -1498.6957 286.3313
f 289 290 291
v -2326.9277 -1498.6957 286.3313
v -2327.4612 -1498.1571 285.9633
v -2327.3483 -1499.3184 285.9660
f 292 293 294
v -2313.0764 -1497.3928 286.3367
v -2311.5681 -1498.9117 285.2969
v -2311.8893 -1495.6338 285.3075
f 295 296 297
v -2327.9951 -1492.6548 276.7118
v -2327.9962 -1492.6554 279.6026
v -2320.2152 -1491.8939 282.4775
f 298 299 300
v -2327.9931 -1492.6536 270.9300
v -2327.9951 -1492.6548 276.7118
v -2320.4542 -1491.9149 270.9329
f 301 302 303
v -2327.9951 -1492.6548 276.7118
v -2320.2152 -1491.8939 282.4775
v -2312.4332 -1491.1318 282.4615
f 304 305 306
v -2312.4332 -1491.1318 282.4615
v -2312.4302 -1491.1300 273.7899
v -2327.9951 -1492.6548 276.7118
f 307 308 309
v -2312.4292 -1491.1294 270.9360
v -2327.9951 -1492.6548 276.7118
v -2312.4302 -1491.1300 273.7899
f 310 311 312
v -2320.4542 -1491.9149 270.9329
v -2327.9951 -1492.6548 276.7118
v -2312.4292 -1491.1294 270.9360
f 313 314 315
v -2327.3430 -1499.3152 270.9286
v -2319.9036 -1492.4293 270.9330
v -2318.7894 -1504.2731 270.9306
f 316 317 318
v -2320.4542 -1491.9149 270.9329
v -2312.3707 -1491.7215 270.9359
v -2319.9036 -1492.4293 270.9330
f 319 320 321
v -2312.4292 -1491.1294 270.9360
v -2312.3707 -1491.7215 270.9359
v -2320.4542 -1491.9149 270.9329
f 322 323 324
v -2319.9036 -1492.4293 270.9330
v -2327.4559 -1498.1539 270.9289
v -2320.4542 -1491.9149 270.9329
f 325 326 327
v -2327.4559 -1498.1539 270.9289
v -2319.9036 -1492.4293 270.9330
v -2327.3430 -1499.3152 270.9286
f 328 329 330
v -2327.3430 -1499.3152 270.9286
v -2318.7894 -1504.2731 270.9306
v -2326.7824 -1505.0567 270.9275
f 331 332 333
v -2327.4559 -1498.1539 270.9289
v -2327.9931 -1492.6536 270.9300
v -2320.4542 -1491.9149 270.9329
f 334 335 336
v -2299.0569 -1502.3891 280.4698
v -2304.2823 -1502.5152 280.6908
v -2304.2452 -1502.8922 280.4588
f 337 338 339
v -2304.2823 -1502.5152 280.6908
v -2299.0569 -1502.3891 280.4698
v -2302.0418 -1499.8936 282.1672
f 340 341 342
v -2305.4790 -1490.5301 280.6512
v -2302.7136 -1492.7518 282.1687
v -2300.4055 -1489.9357 280.5822
f 343 344 345
v -2300.4055 -1489.9357 280.5822
v -2305.4878 -1490.4420 280.5972
v -2305.4790 -1490.5301 280.6512
f 346 347 348
v -2302.7136 -1492.7518 282.1687
v -2305.2961 -1492.4336 280.6538
v -2302.5307 -1494.6883 282.1693
f 349 350 351
v -2305.3251 -1492.4365 280.6358
v -2302.5307 -1494.6883 282.1693
v -2305.2961 -1492.4336 280.6538
f 352 353 354
v -2305.4790 -1490.5301 280.6512
v -2305.2961 -1492.4336 280.6538
v -2302.7136 -1492.7518 282.1687
f 355 356 357
v -2304.3474 -1501.8441 280.6900
v -2302.0418 -1499.8936 282.1672
v -2302.1234 -1499.0233 282.1683
f 358 359 360
v -2302.1234 -1499.0233 282.1683
v -2304.5395 -1501.8625 280.5749
v -2304.3474 -1501.8441 280.6900
f 361 362 363
v -2302.0418 -1499.8936 282.1672
v -2304.3474 -1501.8441 280.6900
v -2304.2823 -1502.5152 280.6908
f 364 365 366
v -2299.3528 -1497.6979 273.2321
v -2299.8052 -1493.0217 273.2410
v -2298.9028 -1502.3746 280.3738
f 367 368 369
v -2300.1085 -1489.9060 278.0134
v -2300.1093 -1489.9064 280.3973
v -2299.8077 -1493.0232 280.3917
f 370 371 372
v -2300.1068 -1489.9050 273.2466
v -2300.1085 -1489.9060 278.0134
v -2299.2064 -1499.2418 280.3794
f 373 374 375
v -2298.9028 -1502.3746 280.3738
v -2299.8052 -1493.0217 273.2410
v -2300.1068 -1489.9050 273.2466
f 376 377 378
v -2299.9493 -1491.5299 270.8624
v -2300.1060 -1489.9044 270.8627
v -2300.1068 -1489.9050 273.2466
f 379 380 381
v -2299.8052 -1493.0217 273.2410
v -2299.3528 -1497.6979 273.2321
v -2299.5076 -1496.0920 270.8615
f 382 383 384
v -2299.8052 -1493.0217 273.2410
v -2299.5076 -1496.0920 270.8615
v -2299.9493 -1491.5299 270.8624
f 385 386 387
v -2300.1068 -1489.9050 273.2466
v -2299.8052 -1493.0217 273.2410
v -2299.9493 -1491.5299 270.8624
f 388 389 390
v -2298.9020 -1502.3740 277.9899
v -2298.8995 -1502.3726 270.8602
v -2299.3528 -1497.6979 273.2321
f 391 392 393
v -2298.8995 -1502.3726 270.8602
v -2299.5076 -1496.0920 270.8615
v -2299.3528 -1497.6979 273.2321
f 394 395 396
v -2299.2064 -1499.2418 280.3794
v -2299.0569 -1502.3891 280.4698
v -2298.9028 -1502.3746 280.3738
f 397 398 399
v -2302.0418 -1499.8936 282.1672
v -2299.0569 -1502.3891 280.4698
v -2299.2064 -1499.2418 280.3794
f 400 401 402
v -2299.2064 -1499.2418 280.3794
v -2302.1234 -1499.0233 282.1683
v -2302.0418 -1499.8936 282.1672
f 403 404 405
v -2302.1234 -1499.0233 282.1683
v -2302.5307 -1494.6883 282.1693
v -2304.4656 -1497.0574 283.5000
f 406 407 408
v -2300.4055 -1489.9357 280.5822
v -2299.8077 -1493.0232 280.3917
v -2300.1093 -1489.9064 280.3973
f 409 410 411
v -2302.5307 -1494.6883 282.1693
v -2299.2064 -1499.2418 280.3794
v -2299.8077 -1493.0232 280.3917
f 412 413 414
v -2302.5307 -1494.6883 282.1693
v -2299.8077 -1493.0232 280.3917
v -2302.7136 -1492.7518 282.1687
f 415 416 417
v -2300.4055 -1489.9357 280.5822
v -2302.7136 -1492.7518 282.1687
v -2299.8077 -1493.0232 280.3917
f 418 419 420
v -2302.1234 -1499.0233 282.1683
v -2299.2064 -1499.2418 280.3794
v -2302.5307 -1494.6883 282.1693
f 421 422 423
v -2304.3440 -1501.8420 270.8584
v -2304.3474 -1501.8441 280.6900
v -2304.5395 -1501.8625 280.5749
f 424 425 426
v -2305.8384 -1501.9889 270.8578
v -2304.3440 -1501.8420 270.8584
v -2304.5395 -1501.8625 280.5749
f 427 428 429
v -2311.2132 -1502.5176 280.5563
v -2311.2097 -1502.5155 270.8557
v -2305.8384 -1501.9889 270.8578
f 430 431 432
v -2304.5395 -1501.8625 280.5749
v -2311.2132 -1502.5176 280.5563
v -2305.8384 -1501.9889 270.8578
f 433 434 435
v -2312.3707 -1491.7215 270.9359
v -2312.4292 -1491.1294 270.9360
v -2312.4302 -1491.1300 273.7899
f 436 437 438
v -2312.2394 -1493.0689 270.8576
v -2312.3707 -1491.7215 270.8579
v -2312.3707 -1491.7215 270.9359
f 439 440 441
v -2312.3707 -1491.7215 270.9359
v -2312.4302 -1491.1300 273.7899
v -2312.2394 -1493.0689 270.8576
f 442 443 444
v -2312.4302 -1491.1300 273.7899
v -2312.4332 -1491.1318 282.4615
v -2312.2394 -1493.0689 270.8576
f 445 446 447
v -2312.2394 -1493.0689 270.8576
v -2312.4332 -1491.1318 282.4615
v -2312.2439 -1493.0715 283.6851
f 448 449 450
v -2311.1115 -1503.5198 270.8555
v -2311.1155 -1503.5222 282.3870
v -2318.5854 -1504.2527 270.8527
f 451 452 453
v -2318.7894 -1504.2731 270.9306
v -2318.5854 -1504.2527 270.8527
v -2311.1155 -1503.5222 282.3870
f 454 455 456
v -2318.7894 -1504.2731 270.9306
v -2326.7865 -1505.0591 282.3410
v -2326.7824 -1505.0567 270.9275
f 457 458 459
v -2318.5854 -1504.2527 270.8527
v -2318.7894 -1504.2731 270.9306
v -2318.7894 -1504.2731 270.8526
f 460 461 462
v -2311.1155 -1503.5222 282.3870
v -2326.7865 -1505.0591 282.3410
v -2318.7894 -1504.2731 270.9306
f 463 464 465
v -2312.2394 -1493.0689 270.8576
v -2311.2097 -1502.5155 270.8557
v -2318.5854 -1504.2527 270.8527
f 466 467 468
v -2311.2097 -1502.5155 270.8557
v -2311.1115 -1503.5198 270.8555
v -2318.5854 -1504.2527 270.8527
f 469 470 471
v -2304.3440 -1501.8420 270.8584
v -2305.8384 -1501.9889 270.8578
v -2299.5076 -1496.0920 270.8615
f 472 473 474
v -2305.8384 -1501.9889 270.8578
v -2305.2927 -1492.4315 270.8602
v -2299.5076 -1496.0920 270.8615
f 475 476 477
v -2305.2927 -1492.4315 270.8602
v -2305.8384 -1501.9889 270.8578
v -2311.2097 -1502.5155 270.8557
f 478 479 480
v -2304.2788 -1502.5131 270.8582
v -2298.8995 -1502.3726 270.8602
v -2304.2418 -1502.8902 270.8582
f 481 482 483
v -2299.5076 -1496.0920 270.8615
v -2298.8995 -1502.3726 270.8602
v -2304.3440 -1501.8420 270.8584
f 484 485 486
v -2304.3440 -1501.8420 270.8584
v -2298.8995 -1502.3726 270.8602
v -2304.2788 -1502.5131 270.8582
f 487 488 489
v -2318.7894 -1504.2731 270.8526
v -2319.9036 -1492.4293 270.8550
v -2318.5854 -1504.2527 270.8527
f 490 491 492
v -2312.2394 -1493.0689 270.8576
v -2319.9036 -1492.4293 270.8550
v -2312.3707 -1491.7215 270.8579
f 493 494 495
v -2305.2927 -1492.4315 270.8602
v -2311.2097 -1502.5155 270.8557
v -2312.2394 -1493.0689 270.8576
f 496 497 498
v -2300.1060 -1489.9044 270.8627
v -2305.4241 -1491.0682 270.8605
v -2305.4844 -1490.4400 270.8606
f 499 500 501
v -2299.9493 -1491.5299 270.8624
v -2299.5076 -1496.0920 270.8615
v -2305.2927 -1492.4315 270.8602
f 502 503 504
v -2299.9493 -1491.5299 270.8624
v -2305.2927 -1492.4315 270.8602
v -2305.4241 -1491.0682 270.8605
f 505 506 507
v -2299.9493 -1491.5299 270.8624
v -2305.4241 -1491.0682 270.8605
v -2300.1060 -1489.9044 270.8627
f 508 509 510
v -2319.9036 -1492.4293 270.8550
v -2312.2394 -1493.0689 270.8576
v -2318.5854 -1504.2527 270.8527
f 511 512 513
v -2326.9277 -1498.6957 286.3313
v -2327.3483 -1499.3184 285.9660
v -2326.7865 -1505.0591 282.3410
f 514 515 516
v -2326.7865 -1505.0591 282.3410
v -2313.0764 -1497.3928 286.3367
v -2326.9277 -1498.6957 286.3313
f 517 518 519
v -2313.0764 -1497.3928 286.3367
v -2326.7865 -1505.0591 282.3410
v -2311.3116 -1501.5249 283.6484
f 520 521 522
v -2326.7865 -1505.0591 282.3410
v -2311.2140 -1502.5180 283.0212
v -2311.3116 -1501.5249 283.6484
f 523 524 525
v -2311.3116 -1501.5249 283.6484
v -2311.5681 -1498.9117 285.2969
v -2313.0764 -1497.3928 286.3367
f 526 527 528
v -2311.2140 -1502.5180 283.0212
v -2326.7865 -1505.0591 282.3410
v -2311.1155 -1503.5222 282.3870
f 529 530 531
v -2327.3430 -1499.3152 270.9286
v -2326.7824 -1505.0567 270.9275
v -2326.7865 -1505.0591 282.3410
f 532 533 534
v -2327.4559 -1498.1539 270.9289
v -2327.3430 -1499.3152 270.9286
v -2327.9951 -1492.6548 276.7118
f 535 536 537
v -2326.7865 -1505.0591 282.3410
v -2327.9951 -1492.6548 276.7118
v -2327.3430 -1499.3152 270.9286
f 538 539 540
v -2327.4612 -1498.1571 285.9633
v -2327.9962 -1492.6554 279.6026
v -2327.3483 -1499.3184 285.9660
f 541 542 543
v -2327.9972 -1492.6560 282.4935
v -2327.9962 -1492.6554 279.6026
v -2327.4612 -1498.1571 285.9633
f 544 545 546
v -2327.9951 -1492.6548 276.7118
v -2327.9931 -1492.6536 270.9300
v -2327.4559 -1498.1539 270.9289
f 547 548 549
v -2327.9962 -1492.6554 279.6026
v -2327.9951 -1492.6548 276.7118
v -2326.7865 -1505.0591 282.3410
f 550 551 552
v -2327.9962 -1492.6554 279.6026
v -2326.7865 -1505.0591 282.3410
v -2327.3483 -1499.3184 285.9660
f 553 554 555
v -2304.2418 -1502.8902 270.8582
v -2298.8995 -1502.3726 270.8602
v -2298.9020 -1502.3740 277.9899
f 556 557 558
v -2298.9020 -1502.3740 277.9899
v -2298.9028 -1502.3746 280.3738
v -2299.0569 -1502.3891 280.4698
f 559 560 561
v -2298.9020 -1502.3740 277.9899
v -2304.2452 -1502.8922 280.4588
v -2304.2418 -1502.8902 270.8582
f 562 563 564
v -2299.0569 -1502.3891 280.4698
v -2304.2452 -1502.8922 280.4588
v -2298.9020 -1502.3740 277.9899
f 565 566 567
v -2300.1085 -1489.9060 278.0134
v -2305.4878 -1490.4420 280.5972
v -2300.4055 -1489.9357 280.5822
f 568 569 570
v -2305.4878 -1490.4420 280.5972
v -2300.1068 -1489.9050 273.2466
v -2305.4844 -1490.4400 270.8606
f 571 572 573
v -2300.1093 -1489.9064 280.3973
v -2300.1085 -1489.9060 278.0134
v -2300.4055 -1489.9357 280.5822
f 574 575 576
v -2300.1068 -1489.9050 273.2466
v -2300.1060 -1489.9044 270.8627
v -2305.4844 -1490.4400 270.8606
f 577 578 579
v -2300.1085 -1489.9060 278.0134
v -2300.1068 -1489.9050 273.2466
v -2305.4878 -1490.4420 280.5972
f 580 581 582
v -2305.4790 -1490.5301 280.6512
v -2305.2927 -1492.4315 270.8602
v -2305.2961 -1492.4336 280.6538
f 583 584 585
v -2305.4878 -1490.4420 280.5972
v -2305.2927 -1492.4315 270.8602
v -2305.4790 -1490.5301 280.6512
f 586 587 588
v -2305.4878 -1490.4420 280.5972
v -2305.4844 -1490.4400 270.8606
v -2305.4241 -1491.0682 270.8605
f 589 590 591
v -2305.4878 -1490.4420 280.5972
v -2305.4241 -1491.0682 270.8605
v -2305.2927 -1492.4315 270.8602
f 592 593 594
v -2305.2927 -1492.4315 270.8602
v -2312.2394 -1493.0689 270.8576
v -2312.1387 -1493.0612 280.6242
f 595 596 597
v -2312.2439 -1493.0715 283.6851
v -2312.1387 -1493.0612 280.6242
v -2312.2394 -1493.0689 270.8576
f 598 599 600
v -2305.3251 -1492.4365 280.6358
v -2305.2927 -1492.4315 270.8602
v -2312.1387 -1493.0612 280.6242
f 601 602 603
v -2305.2927 -1492.4315 270.8602
v -2305.3251 -1492.4365 280.6358
v -2305.2961 -1492.4336 280.6538
f 604 605 606
v -2312.2439 -1493.0715 283.6851
v -2312.1398 -1493.0618 283.6851
v -2312.1387 -1493.0612 280.6242
f 607 608 609
v -2304.2788 -1502.5131 270.8582
v -2304.2418 -1502.8902 270.8582
v -2304.2452 -1502.8922 280.4588
f 610 611 612
v -2304.2823 -1502.5152 280.6908
v -2304.2788 -1502.5131 270.8582
v -2304.2452 -1502.8922 280.4588
f 613 614 615
v -2304.3440 -1501.8420 270.8584
v -2304.2788 -1502.5131 270.8582
v -2304.3474 -1501.8441 280.6900
f 616 617 618
v -2304.2823 -1502.5152 280.6908
v -2304.3474 -1501.8441 280.6900
v -2304.2788 -1502.5131 270.8582
f 619 620 621
v -2312.1398 -1493.0618 283.6851
v -2311.8882 -1495.6332 282.2046
v -2312.1387 -1493.0612 280.6242
f 622 623 624
v -2311.8893 -1495.6338 285.3075
v -2311.8882 -1495.6332 282.2046
v -2312.1398 -1493.0618 283.6851
f 625 626 627
v -2311.1115 -1503.5198 270.8555
v -2311.2097 -1502.5155 270.8557
v -2311.2132 -1502.5176 280.5563
f 628 629 630
v -2311.6823 -1497.7360 283.4972
v -2311.8882 -1495.6332 282.2046
v -2311.8893 -1495.6338 285.3075
f 631 632 633
v -2311.5681 -1498.9117 285.2969
v -2311.5497 -1499.0932 282.6629
v -2311.6823 -1497.7360 283.4972
f 634 635 636
v -2311.5497 -1499.0932 282.6629
v -2311.5681 -1498.9117 285.2969
v -2311.3116 -1501.5249 283.6484
f 637 638 639
v -2311.5681 -1498.9117 285.2969
v -2311.6823 -1497.7360 283.4972
v -2311.8893 -1495.6338 285.3075
f 640 641 642
v -2311.2140 -1502.5180 283.0212
v -2311.2132 -1502.5176 280.5563
v -2311.5497 -1499.0932 282.6629
f 643 644 645
v -2311.2132 -1502.5176 280.5563
v -2311.2140 -1502.5180 283.0212
v -2311.1155 -1503.5222 282.3870
f 646 647 648
v -2311.2140 -1502.5180 283.0212
v -2311.5497 -1499.0932 282.6629
v -2311.3116 -1501.5249 283.6484
f 649 650 651
v -2311.1115 -1503.5198 270.8555
v -2311.2132 -1502.5176 280.5563
v -2311.1155 -1503.5222 282.3870
f 652 653 654
v -2319.9036 -1492.4293 270.8550
v -2312.3707 -1491.7215 270.9359
v -2312.3707 -1491.7215 270.8579
f 655 656 657
v -2318.7894 -1504.2731 270.8526
v -2319.9036 -1492.4293 270.9330
v -2319.9036 -1492.4293 270.8550
f 658 659 660
v -2327.9962 -1492.6554 279.6026
v -2327.9972 -1492.6560 282.4935
v -2320.2152 -1491.8939 282.4775
f 661 662 663
v -2299.3528 -1497.6979 273.2321
v -2298.9028 -1502.3746 280.3738
v -2298.9020 -1502.3740 277.9899
f 664 665 666
v -2300.1085 -1489.9060 278.0134
v -2299.8077 -1493.0232 280.3917
v -2299.2064 -1499.2418 280.3794
f 667 668 669
v -2300.1068 -1489.9050 273.2466
v -2299.2064 -1499.2418 280.3794
v -2298.9028 -1502.3746 280.3738
f 670 671 672

g building_ID_D8F7FBF3-6ED7-440D-9090-91322FC0F043
v -2411.3561 -1427.0836 281.5877
v -2414.7019 -1428.1496 281.5862
v -2411.3538 -1427.6996 281.5875
f 673 674 675
v -2413.6311 -1421.8826 281.5880
v -2414.7019 -1428.1496 281.5862
v -2411.3561 -1427.0836 281.5877
f 676 677 678
v -2415.3771 -1422.2539 281.5872
v -2414.7019 -1428.1496 281.5862
v -2413.6311 -1421.8826 281.5880
f 679 680 681
v -2411.0185 -1425.7495 281.5881
v -2413.6311 -1421.8826 281.5880
v -2411.3561 -1427.0836 281.5877
f 682 683 684
v -2410.3603 -1424.5393 281.5886
v -2413.6311 -1421.8826 281.5880
v -2411.0185 -1425.7495 281.5881
f 685 686 687
v -2413.6311 -1421.8826 281.5880
v -2408.2616 -1422.7919 281.5898
v -2406.8177 -1420.9669 281.5908
f 688 689 690
v -2413.6311 -1421.8826 281.5880
v -2410.3603 -1424.5393 281.5886
v -2409.4216 -1423.5339 281.5892
f 691 692 693
v -2406.9545 -1422.3604 281.5904
v -2406.6334 -1422.3393 281.5905
v -2406.8177 -1420.9669 281.5908
f 694 695 696
v -2408.2616 -1422.7919 281.5898
v -2406.9545 -1422.3604 281.5904
v -2406.8177 -1420.9669 281.5908
f 697 698 699
v -2409.4216 -1423.5339 281.5892
v -2408.2616 -1422.7919 281.5898
v -2413.6311 -1421.8826 281.5880
f 700 701 702
v -2415.3738 -1422.2521 272.6096
v -2415.3771 -1422.2539 281.5872
v -2413.6311 -1421.8826 281.5880
f 703 704 705
v -2414.6986 -1428.1478 272.6085
v -2414.7019 -1428.1496 281.5862
v -2415.3771 -1422.2539 281.5872
f 706 707 708
v -2411.3505 -1427.6978 272.7188
v -2399.7644 -1426.1389 272.6147
v -2399.7644 -1426.1389 272.7237
f 709 710 711
v -2414.7019 -1428.1496 281.5862
v -2414.6986 -1428.1478 272.6085
v -2411.3505 -1427.6978 272.7188
f 712 713 714
v -2399.7644 -1426.1389 272.6147
v -2411.3505 -1427.6978 272.7188
v -2414.6986 -1428.1478 272.6085
f 715 716 717
v -2400.5732 -1420.1259 272.6157
v -2400.5733 -1420.1258 272.7247
v -2399.7644 -1426.1389 272.7237
f 718 719 720
v -2406.8145 -1420.9651 272.7222
v -2413.6279 -1421.8808 272.6104
v -2413.6311 -1421.8826 281.5880
f 721 722 723
v -2406.8177 -1420.9669 281.5908
v -2406.8145 -1420.9651 272.7222
v -2413.6311 -1421.8826 281.5880
f 724 725 726
v -2400.5732 -1420.1259 272.6157
v -2406.8145 -1420.9651 272.7222
v -2400.5733 -1420.1258 272.7247
f 727 728 729
v -2413.6279 -1421.8808 272.6104
v -2406.8145 -1420.9651 272.7222
v -2400.5732 -1420.1259 272.6157
f 730 731 732
v -2413.6279 -1421.8808 272.6104
v -2400.5732 -1420.1259 272.6157
v -2399.7644 -1426.1389 272.6147
f 733 734 735
v -2415.3738 -1422.2521 272.6096
v -2413.6279 -1421.8808 272.6104
v -2414.6986 -1428.1478 272.6085
f 736 737 738
v -2399.7644 -1426.1389 272.6147
v -2414.6986 -1428.1478 272.6085
v -2413.6279 -1421.8808 272.6104
f 739 740 741
v -2405.9078 -1427.7528 289.6483
v -2410.2592 -1429.0566 286.6045
v -2410.0913 -1429.4270 286.6504
f 742 743 744
v -2410.4042 -1428.6491 286.5795
v -2410.2592 -1429.0566 286.6045
v -2405.9078 -1427.7528 289.6483
f 745 746 747
v -2410.4042 -1428.6491 286.5795
v -2405.9078 -1427.7528 289.6483
v -2410.4823 -1428.3479 286.5795
f 748 749 750
v -2409.8693 -1429.8286 286.6504
v -2409.6263 -1430.1863 286.6764
v -2405.9078 -1427.7528 289.6483
f 751 752 753
v -2409.4788 -1430.3686 286.7045
v -2405.9078 -1427.7528 289.6483
v -2409.6263 -1430.1863 286.6764
f 754 755 756
v -2409.8693 -1429.8286 286.6504
v -2405.9078 -1427.7528 289.6483
v -2410.0803 -1429.4510 286.6494
f 757 758 759
v -2410.0913 -1429.4270 286.6504
v -2410.0803 -1429.4510 286.6494
v -2405.9078 -1427.7528 289.6483
f 760 761 762
v -2409.0540 -1430.8347 286.6955
v -2408.7278 -1431.1196 286.7236
v -2405.9078 -1427.7528 289.6483
f 763 764 765
v -2408.6929 -1431.1458 286.7286
v -2405.9078 -1427.7528 289.6483
v -2408.7278 -1431.1196 286.7236
f 766 767 768
v -2409.0540 -1430.8347 286.6955
v -2405.9078 -1427.7528 289.6483
v -2409.3532 -1430.5230 286.6935
f 769 770 771
v -2409.4788 -1430.3686 286.7045
v -2409.3532 -1430.5230 286.6935
v -2405.9078 -1427.7528 289.6483
f 772 773 774
v -2408.3795 -1431.3766 286.7096
v -2408.0111 -1431.6026 286.7127
v -2405.9078 -1427.7528 289.6483
f 775 776 777
v -2405.9078 -1427.7528 289.6483
v -2408.0111 -1431.6026 286.7127
v -2407.7585 -1431.7292 286.7308
f 778 779 780
v -2408.3795 -1431.3766 286.7096
v -2405.9078 -1427.7528 289.6483
v -2408.6929 -1431.1458 286.7286
f 781 782 783
v -2405.9078 -1427.7528 289.6483
v -2407.2221 -1431.9567 286.6949
v -2406.8084 -1432.0828 286.6991
f 784 785 786
v -2405.9078 -1427.7528 289.6483
v -2406.8084 -1432.0828 286.6991
v -2406.7195 -1432.1020 286.7061
f 787 788 789
v -2407.2221 -1431.9567 286.6949
v -2405.9078 -1427.7528 289.6483
v -2407.6236 -1431.7966 286.7158
f 790 791 792
v -2407.7585 -1431.7292 286.7308
v -2407.6236 -1431.7966 286.7158
v -2405.9078 -1427.7528 289.6483
f 793 794 795
v -2406.3846 -1432.1730 286.6712
v -2406.0552 -1433.2006 285.9971
v -2405.5403 -1433.2311 285.9973
f 796 797 798
v -2405.5403 -1433.2311 285.9973
v -2405.9078 -1427.7528 289.6483
v -2406.3846 -1432.1730 286.6712
f 799 800 801
v -2406.2877 -1433.0161 286.1111
v -2406.0552 -1433.2006 285.9971
v -2406.3846 -1432.1730 286.6712
f 802 803 804
v -2405.9078 -1427.7528 289.6483
v -2406.7195 -1432.1020 286.7061
v -2406.3846 -1432.1730 286.6712
f 805 806 807
v -2405.1791 -1433.1610 285.9974
v -2405.9078 -1427.7528 289.6483
v -2405.5403 -1433.2311 285.9973
f 808 809 810
v -2409.4232 -1423.5347 285.9980
v -2410.3619 -1424.5401 285.9974
v -2405.9078 -1427.7528 289.6483
f 811 812 813
v -2411.0201 -1425.7503 285.9969
v -2405.9078 -1427.7528 289.6483
v -2410.3619 -1424.5401 285.9974
f 814 815 816
v -2411.0201 -1425.7503 285.9969
v -2411.3577 -1427.0844 285.9965
v -2405.9078 -1427.7528 289.6483
f 817 818 819
v -2410.5868 -1427.8037 286.5116
v -2411.3577 -1427.0844 285.9965
v -2411.3549 -1427.8914 285.9963
f 820 821 822
v -2405.9078 -1427.7528 289.6483
v -2411.3577 -1427.0844 285.9965
v -2410.5868 -1427.8037 286.5116
f 823 824 825
v -2410.4823 -1428.3479 286.5795
v -2405.9078 -1427.7528 289.6483
v -2410.5130 -1428.2298 286.5595
f 826 827 828
v -2410.5868 -1427.8037 286.5116
v -2410.5130 -1428.2298 286.5595
v -2405.9078 -1427.7528 289.6483
f 829 830 831
v -2408.2632 -1422.7928 285.9986
v -2405.9078 -1427.7528 289.6483
v -2406.9561 -1422.3613 285.9992
f 832 833 834
v -2408.2632 -1422.7928 285.9986
v -2409.4232 -1423.5347 285.9980
v -2405.9078 -1427.7528 289.6483
f 835 836 837
v -2406.6350 -1422.3402 285.9993
v -2406.9561 -1422.3613 285.9992
v -2405.9078 -1427.7528 289.6483
f 838 839 840
v -2410.2592 -1429.0566 286.6045
v -2410.3991 -1428.6464 272.7190
v -2410.2542 -1429.0538 272.7190
f 841 842 843
v -2409.6225 -1430.1842 276.2088
v -2409.6263 -1430.1863 286.6764
v -2409.8693 -1429.8286 286.6504
f 844 845 846
v -2409.6212 -1430.1835 272.7189
v -2409.6225 -1430.1842 276.2088
v -2409.8642 -1429.8258 272.7189
f 847 848 849
v -2409.3532 -1430.5230 286.6935
v -2409.3519 -1430.5223 283.1996
v -2409.0489 -1430.8319 272.7190
f 850 851 852
v -2409.3519 -1430.5223 283.1996
v -2409.3481 -1430.5202 272.7190
v -2409.0489 -1430.8319 272.7190
f 853 854 855
v -2408.7217 -1431.1168 272.7191
v -2408.7278 -1431.1196 286.7236
v -2409.0540 -1430.8347 286.6955
f 856 857 858
v -2409.0489 -1430.8319 272.7190
v -2408.7217 -1431.1168 272.7191
v -2409.0540 -1430.8347 286.6955
f 859 860 861
v -2408.3783 -1431.3759 283.2107
v -2408.0111 -1431.6026 286.7127
v -2408.3795 -1431.3766 286.7096
f 862 863 864
v -2408.0060 -1431.5998 272.7192
v -2408.3783 -1431.3759 283.2107
v -2408.3744 -1431.3738 272.7191
f 865 866 867
v -2407.6236 -1431.7966 286.7158
v -2407.6185 -1431.7938 272.7193
v -2407.2221 -1431.9567 286.6949
f 868 869 870
v -2407.6185 -1431.7938 272.7193
v -2407.2170 -1431.9539 272.7194
v -2407.2221 -1431.9567 286.6949
f 871 872 873
v -2406.8023 -1432.0800 272.7196
v -2407.2221 -1431.9567 286.6949
v -2407.2170 -1431.9539 272.7194
f 874 875 876
v -2406.3796 -1432.1701 272.7197
v -2406.2829 -1433.0134 272.7196
v -2406.2877 -1433.0161 286.1111
f 877 878 879
v -2406.2829 -1433.0134 272.7196
v -2406.0504 -1433.1980 272.7196
v -2406.0552 -1433.2006 285.9971
f 880 881 882
v -2406.2877 -1433.0161 286.1111
v -2406.2829 -1433.0134 272.7196
v -2406.0552 -1433.2006 285.9971
f 883 884 885
v -2405.5354 -1433.2284 272.7198
v -2405.5403 -1433.2311 285.9973
v -2406.0552 -1433.2006 285.9971
f 886 887 888
v -2405.5354 -1433.2284 272.7198
v -2406.0552 -1433.2006 285.9971
v -2406.0504 -1433.1980 272.7196
f 889 890 891
v -2405.1742 -1433.1583 272.7199
v -2405.1791 -1433.1610 285.9974
v -2405.5403 -1433.2311 285.9973
f 892 893 894
v -2411.3549 -1427.8914 285.9963
v -2411.3500 -1427.8888 272.7188
v -2410.5868 -1427.8037 286.5116
f 895 896 897
v -2410.5818 -1427.8009 272.7191
v -2410.5079 -1428.2270 272.7190
v -2410.5130 -1428.2298 286.5595
f 898 899 900
v -2410.3603 -1424.5393 281.5886
v -2410.3619 -1424.5401 285.9974
v -2409.4232 -1423.5347 285.9980
f 901 902 903
v -2411.0185 -1425.7495 281.5881
v -2411.0201 -1425.7503 285.9969
v -2410.3619 -1424.5401 285.9974
f 904 905 906
v -2411.3561 -1427.0836 281.5877
v -2411.3577 -1427.0844 285.9965
v -2411.0201 -1425.7503 285.9969
f 907 908 909
v -2411.3538 -1427.6996 281.5875
v -2411.3500 -1427.8888 272.7188
v -2411.3549 -1427.8914 285.9963
f 910 911 912
v -2411.3538 -1427.6996 281.5875
v -2411.3577 -1427.0844 285.9965
v -2411.3561 -1427.0836 281.5877
f 913 914 915
v -2411.3538 -1427.6996 281.5875
v -2411.3505 -1427.6978 272.7188
v -2411.3500 -1427.8888 272.7188
f 916 917 918
v -2411.3549 -1427.8914 285.9963
v -2411.3577 -1427.0844 285.9965
v -2411.3538 -1427.6996 281.5875
f 919 920 921
v -2408.2616 -1422.7919 281.5898
v -2408.2632 -1422.7928 285.9986
v -2406.9561 -1422.3613 285.9992
f 922 923 924
v -2409.4216 -1423.5339 281.5892
v -2409.4232 -1423.5347 285.9980
v -2408.2632 -1422.7928 285.9986
f 925 926 927
v -2406.9545 -1422.3604 281.5904
v -2406.9561 -1422.3613 285.9992
v -2406.6350 -1422.3402 285.9993
f 928 929 930
v -2405.3329 -1420.7678 286.4262
v -2391.2464 -1425.6877 292.1192
v -2385.2659 -1418.0697 286.4344
f 931 932 933
v -2391.2464 -1425.6877 292.1192
v -2405.3329 -1420.7678 286.4262
v -2398.1408 -1426.6161 292.1164
f 934 935 936
v -2391.2464 -1425.6877 292.1192
v -2383.5060 -1431.1604 286.4320
v -2385.2659 -1418.0697 286.4344
f 937 938 939
v -2382.7704 -1431.6743 286.2443
v -2384.8417 -1417.6688 286.2996
v -2383.5060 -1431.1604 286.4320
f 940 941 942
v -2383.5060 -1431.1604 286.4320
v -2384.8565 -1417.5767 286.3006
v -2385.2659 -1418.0697 286.4344
f 943 944 945
v -2382.7704 -1431.6743 286.2443
v -2384.6277 -1417.6653 286.2397
v -2384.8417 -1417.6688 286.2996
f 946 947 948
v -2383.5060 -1431.1604 286.4320
v -2384.8417 -1417.6688 286.2996
v -2384.8565 -1417.5767 286.3006
f 949 950 951
v -2405.3329 -1420.7678 286.4262
v -2405.9545 -1420.2511 286.2420
v -2406.0446 -1420.2699 286.2440
f 952 953 954
v -2405.3329 -1420.7678 286.4262
v -2405.9867 -1419.9740 286.1561
v -2405.9545 -1420.2511 286.2420
f 955 956 957
v -2385.2659 -1418.0697 286.4344
v -2390.2490 -1418.1643 286.2565
v -2405.9867 -1419.9740 286.1561
f 958 959 960
v -2390.2490 -1418.1643 286.2565
v -2385.2659 -1418.0697 286.4344
v -2384.8565 -1417.5767 286.3006
f 961 962 963
v -2385.2659 -1418.0697 286.4344
v -2405.9867 -1419.9740 286.1561
v -2405.3329 -1420.7678 286.4262
f 964 965 966
v -2390.2490 -1418.1643 286.2565
v -2385.0049 -1416.6433 286.0088
v -2390.3207 -1417.3581 286.0067
f 967 968 969
v -2390.2490 -1418.1643 286.2565
v -2384.8565 -1417.5767 286.3006
v -2385.0049 -1416.6433 286.0088
f 970 971 972
v -2390.5640 -1427.6592 290.3171
v -2398.1408 -1426.6161 292.1164
v -2403.5731 -1433.8584 286.4239
f 973 974 975
v -2395.1821 -1432.7300 286.4273
v -2390.5640 -1427.6592 290.3171
v -2403.5731 -1433.8584 286.4239
f 976 977 978
v -2390.5640 -1427.6592 290.3171
v -2383.9182 -1431.2162 286.4318
v -2383.5060 -1431.1604 286.4320
f 979 980 981
v -2383.5060 -1431.1604 286.4320
v -2391.2464 -1425.6877 292.1192
v -2390.5640 -1427.6592 290.3171
f 982 983 984
v -2398.1408 -1426.6161 292.1164
v -2390.5640 -1427.6592 290.3171
v -2391.2464 -1425.6877 292.1192
f 985 986 987
v -2397.6861 -1433.8711 286.1801
v -2395.5689 -1434.1738 286.0008
v -2395.1821 -1432.7300 286.4273
f 988 989 990
v -2403.5809 -1434.5494 286.2127
v -2397.6861 -1433.8711 286.1801
v -2395.1821 -1432.7300 286.4273
f 991 992 993
v -2403.5809 -1434.5494 286.2127
v -2395.1821 -1432.7300 286.4273
v -2403.5731 -1433.8584 286.4239
f 994 995 996
v -2397.6196 -1434.4493 286.0000
v -2395.5689 -1434.1738 286.0008
v -2397.6861 -1433.8711 286.1801
f 997 998 999
v -2403.6005 -1434.3813 286.2648
v -2403.5809 -1434.5494 286.2127
v -2403.5731 -1433.8584 286.4239
f 1000 1001 1002
v -2404.0506 -1434.4331 286.2676
v -2403.6005 -1434.3813 286.2648
v -2403.5731 -1433.8584 286.4239
f 1003 1004 1005
v -2404.4467 -1434.4780 286.1544
v -2403.5731 -1433.8584 286.4239
v -2404.8358 -1434.1689 286.0563
f 1006 1007 1008
v -2404.0506 -1434.4331 286.2676
v -2403.5731 -1433.8584 286.4239
v -2404.4467 -1434.4780 286.1544
f 1009 1010 1011
v -2405.1791 -1433.1610 285.9974
v -2403.5731 -1433.8584 286.4239
v -2403.8241 -1431.9927 286.4242
f 1012 1013 1014
v -2403.5731 -1433.8584 286.4239
v -2405.1791 -1433.1610 285.9974
v -2405.0683 -1433.9843 285.9973
f 1015 1016 1017
v -2403.8241 -1431.9927 286.4242
v -2405.2301 -1432.7789 285.9975
v -2405.1791 -1433.1610 285.9974
f 1018 1019 1020
v -2404.8358 -1434.1689 286.0563
v -2403.5731 -1433.8584 286.4239
v -2405.0683 -1433.9843 285.9973
f 1021 1022 1023
v -2403.5731 -1433.8584 286.4239
v -2398.1408 -1426.6161 292.1164
v -2400.8551 -1427.0735 289.6503
f 1024 1025 1026
v -2405.3329 -1420.7678 286.4262
v -2400.8551 -1427.0735 289.6503
v -2398.1408 -1426.6161 292.1164
f 1027 1028 1029
v -2403.8241 -1431.9927 286.4242
v -2403.5731 -1433.8584 286.4239
v -2400.8551 -1427.0735 289.6503
f 1030 1031 1032
v -2405.3329 -1420.7678 286.4262
v -2405.0673 -1422.7445 286.4258
v -2400.8551 -1427.0735 289.6503
f 1033 1034 1035
v -2406.0446 -1420.2699 286.2440
v -2406.6390 -1422.3092 285.9993
v -2405.0673 -1422.7445 286.4258
f 1036 1037 1038
v -2406.6390 -1422.3092 285.9993
v -2406.0446 -1420.2699 286.2440
v -2406.8889 -1420.4495 285.9996
f 1039 1040 1041
v -2405.3329 -1420.7678 286.4262
v -2406.0446 -1420.2699 286.2440
v -2405.0673 -1422.7445 286.4258
f 1042 1043 1044
v -2405.0673 -1422.7445 286.4258
v -2405.9078 -1427.7528 289.6483
v -2400.8551 -1427.0735 289.6503
f 1045 1046 1047
v -2405.9078 -1427.7528 289.6483
v -2405.0673 -1422.7445 286.4258
v -2406.6390 -1422.3092 285.9993
f 1048 1049 1050
v -2405.9078 -1427.7528 289.6483
v -2405.2301 -1432.7789 285.9975
v -2403.8241 -1431.9927 286.4242
f 1051 1052 1053
v -2403.8241 -1431.9927 286.4242
v -2400.8551 -1427.0735 289.6503
v -2405.9078 -1427.7528 289.6483
f 1054 1055 1056
v -2384.8368 -1417.6661 272.7311
v -2384.6277 -1417.6653 286.2397
v -2384.6228 -1417.6626 272.7312
f 1057 1058 1059
v -2385.0049 -1416.6433 286.0088
v -2390.3159 -1417.3555 272.7292
v -2390.3207 -1417.3581 286.0067
f 1060 1061 1062
v -2385.0049 -1416.6433 286.0088
v -2385.0001 -1416.6407 272.7313
v -2390.3159 -1417.3555 272.7292
f 1063 1064 1065
v -2390.2441 -1418.1616 272.7290
v -2390.2490 -1418.1643 286.2565
v -2390.3207 -1417.3581 286.0067
f 1066 1067 1068
v -2390.2441 -1418.1616 272.7290
v -2405.9818 -1419.9713 272.7227
v -2405.9867 -1419.9740 286.1561
f 1069 1070 1071
v -2405.9867 -1419.9740 286.1561
v -2390.2490 -1418.1643 286.2565
v -2390.2441 -1418.1616 272.7290
f 1072 1073 1074
v -2405.9818 -1419.9713 272.7227
v -2405.9508 -1420.2491 276.1024
v -2405.9533 -1420.2504 282.8622
f 1075 1076 1077
v -2405.9533 -1420.2504 282.8622
v -2405.9545 -1420.2511 286.2420
v -2405.9867 -1419.9740 286.1561
f 1078 1079 1080
v -2405.9495 -1420.2484 272.7226
v -2405.9508 -1420.2491 276.1024
v -2405.9818 -1419.9713 272.7227
f 1081 1082 1083
v -2403.5809 -1434.5494 286.2127
v -2403.5967 -1434.3792 276.1062
v -2403.5759 -1434.5467 272.7202
f 1084 1085 1086
v -2403.6005 -1434.3813 286.2648
v -2403.5992 -1434.3806 282.8789
v -2403.5809 -1434.5494 286.2127
f 1087 1088 1089
v -2403.5759 -1434.5467 272.7202
v -2403.5967 -1434.3792 276.1062
v -2403.5955 -1434.3786 272.7203
f 1090 1091 1092
v -2403.5809 -1434.5494 286.2127
v -2397.6812 -1433.8684 272.7227
v -2397.6861 -1433.8711 286.1801
f 1093 1094 1095
v -2397.6812 -1433.8684 272.7227
v -2403.5809 -1434.5494 286.2127
v -2403.5759 -1434.5467 272.7202
f 1096 1097 1098
v -2397.6812 -1433.8684 272.7227
v -2397.6196 -1434.4493 286.0000
v -2397.6861 -1433.8711 286.1801
f 1099 1100 1101
v -2395.5641 -1434.1712 272.7494
v -2395.5689 -1434.1738 286.0008
v -2397.6148 -1434.4466 272.7226
f 1102 1103 1104
v -2395.5641 -1434.1712 272.7494
v -2382.9747 -1432.4779 272.7285
v -2382.9747 -1432.4779 272.7545
f 1105 1106 1107
v -2382.9747 -1432.4779 272.7285
v -2395.5641 -1434.1712 272.7494
v -2397.6148 -1434.4466 272.7226
f 1108 1109 1110
v -2404.4418 -1434.4753 272.7199
v -2404.4430 -1434.4760 276.0858
v -2404.8358 -1434.1689 286.0563
f 1111 1112 1113
v -2405.0634 -1433.9817 272.7198
v -2404.7543 -1434.2292 275.9998
v -2404.8358 -1434.1689 286.0563
f 1114 1115 1116
v -2405.0683 -1433.9843 285.9973
v -2405.0634 -1433.9817 272.7198
v -2404.8358 -1434.1689 286.0563
f 1117 1118 1119
v -2404.4418 -1434.4753 272.7199
v -2404.7543 -1434.2292 275.9998
v -2405.0634 -1433.9817 272.7198
f 1120 1121 1122
v -2405.2301 -1432.7789 285.9975
v -2405.9078 -1427.7528 289.6483
v -2405.1791 -1433.1610 285.9974
f 1123 1124 1125
v -2405.1791 -1433.1610 285.9974
v -2405.0634 -1433.9817 272.7198
v -2405.0683 -1433.9843 285.9973
f 1126 1127 1128
v -2405.1791 -1433.1610 285.9974
v -2405.1742 -1433.1583 272.7199
v -2405.0634 -1433.9817 272.7198
f 1129 1130 1131
v -2380.4749 -1454.1324 286.8469
v -2388.1362 -1447.7557 290.9773
v -2387.9979 -1448.7860 290.9772
f 1132 1133 1134
v -2388.1362 -1447.7557 290.9773
v -2380.4749 -1454.1324 286.8469
v -2381.3192 -1446.8391 286.7653
f 1135 1136 1137
v -2393.3653 -1455.8257 286.8677
v -2390.1422 -1455.4074 286.8590
v -2393.3751 -1455.7377 286.9258
f 1138 1139 1140
v -2387.9979 -1448.7860 290.9772
v -2393.3751 -1455.7377 286.9258
v -2390.1422 -1455.4074 286.8590
f 1141 1142 1143
v -2387.9979 -1448.7860 290.9772
v -2390.1422 -1455.4074 286.8590
v -2380.4729 -1454.1514 286.8339
f 1144 1145 1146
v -2387.9979 -1448.7860 290.9772
v -2380.4729 -1454.1514 286.8339
v -2380.4749 -1454.1324 286.8469
f 1147 1148 1149
v -2393.5647 -1454.0863 286.9471
v -2393.3751 -1455.7377 286.9258
v -2387.9979 -1448.7860 290.9772
f 1150 1151 1152
v -2394.6141 -1448.6693 286.7419
v -2395.1021 -1448.7250 286.4237
v -2394.3687 -1454.1790 286.4227
f 1153 1154 1155
v -2394.1920 -1448.6206 287.0161
v -2394.3687 -1454.1790 286.4227
v -2393.5647 -1454.0863 286.9471
f 1156 1157 1158
v -2388.1362 -1447.7557 290.9773
v -2394.1979 -1448.5706 287.0171
v -2394.1920 -1448.6206 287.0161
f 1159 1160 1161
v -2393.5647 -1454.0863 286.9471
v -2388.1362 -1447.7557 290.9773
v -2394.1920 -1448.6206 287.0161
f 1162 1163 1164
v -2394.1920 -1448.6206 287.0161
v -2394.6141 -1448.6693 286.7419
v -2394.3687 -1454.1790 286.4227
f 1165 1166 1167
v -2393.5647 -1454.0863 286.9471
v -2387.9979 -1448.7860 290.9772
v -2388.1362 -1447.7557 290.9773
f 1168 1169 1170
v -2383.0487 -1454.4836 272.8124
v -2380.4679 -1454.1485 272.8134
v -2380.4729 -1454.1514 286.8339
f 1171 1172 1173
v -2393.3653 -1455.8257 286.8677
v -2393.3602 -1455.8228 272.8082
v -2383.0487 -1454.4836 272.8124
f 1174 1175 1176
v -2380.4749 -1454.1324 286.8469
v -2380.4729 -1454.1514 286.8339
v -2380.4679 -1454.1485 272.8134
f 1177 1178 1179
v -2394.1979 -1448.5706 287.0171
v -2394.1868 -1448.6177 272.8096
v -2394.1920 -1448.6206 287.0161
f 1180 1181 1182
v -2394.1928 -1448.5677 272.8096
v -2394.1868 -1448.6177 272.8096
v -2394.1979 -1448.5706 287.0171
f 1183 1184 1185
v -2395.0972 -1448.7222 272.8092
v -2394.6141 -1448.6693 286.7419
v -2394.1920 -1448.6206 287.0161
f 1186 1187 1188
v -2395.0972 -1448.7222 272.8092
v -2394.1920 -1448.6206 287.0161
v -2394.1868 -1448.6177 272.8096
f 1189 1190 1191
v -2394.3638 -1454.1762 272.8082
v -2394.3687 -1454.1790 286.4227
v -2395.0972 -1448.7222 272.8092
f 1192 1193 1194
v -2395.0972 -1448.7222 272.8092
v -2394.3687 -1454.1790 286.4227
v -2395.1021 -1448.7250 286.4237
f 1195 1196 1197
v -2393.5596 -1454.0834 272.8086
v -2393.5608 -1454.0841 276.3435
v -2394.3687 -1454.1790 286.4227
f 1198 1199 1200
v -2393.5608 -1454.0841 276.3435
v -2393.5647 -1454.0863 286.9471
v -2394.3687 -1454.1790 286.4227
f 1201 1202 1203
v -2393.5596 -1454.0834 272.8086
v -2394.3687 -1454.1790 286.4227
v -2394.3638 -1454.1762 272.8082
f 1204 1205 1206
v -2381.1940 -1447.8696 272.8147
v -2380.4679 -1454.1485 272.8134
v -2383.0487 -1454.4836 272.8124
f 1207 1208 1209
v -2387.7223 -1448.7460 272.8121
v -2381.1940 -1447.8696 272.8147
v -2383.0487 -1454.4836 272.8124
f 1210 1211 1212
v -2393.5596 -1454.0834 272.8086
v -2387.7223 -1448.7460 272.8121
v -2383.0487 -1454.4836 272.8124
f 1213 1214 1215
v -2387.7223 -1448.7460 272.8121
v -2393.5596 -1454.0834 272.8086
v -2393.5003 -1449.5225 272.8096
f 1216 1217 1218
v -2393.5596 -1454.0834 272.8086
v -2383.0487 -1454.4836 272.8124
v -2393.3700 -1455.7349 272.8083
f 1219 1220 1221
v -2393.5003 -1449.5225 272.8096
v -2393.5596 -1454.0834 272.8086
v -2394.3638 -1454.1762 272.8082
f 1222 1223 1224
v -2394.1868 -1448.6177 272.8096
v -2393.6385 -1448.4931 272.8098
v -2393.5003 -1449.5225 272.8096
f 1225 1226 1227
v -2393.6385 -1448.4931 272.8098
v -2394.1868 -1448.6177 272.8096
v -2394.1928 -1448.5677 272.8096
f 1228 1229 1230
v -2393.5003 -1449.5225 272.8096
v -2395.0972 -1448.7222 272.8092
v -2394.1868 -1448.6177 272.8096
f 1231 1232 1233
v -2395.0972 -1448.7222 272.8092
v -2393.5003 -1449.5225 272.8096
v -2394.3638 -1454.1762 272.8082
f 1234 1235 1236
v -2393.3602 -1455.8228 272.8082
v -2393.3700 -1455.7349 272.8083
v -2383.0487 -1454.4836 272.8124
f 1237 1238 1239
v -2382.7341 -1431.9474 286.1592
v -2382.7704 -1431.6743 286.2443
v -2383.0381 -1431.9765 286.1631
f 1240 1241 1242
v -2383.0381 -1431.9765 286.1631
v -2383.5060 -1431.1604 286.4320
v -2383.9182 -1431.2162 286.4318
f 1243 1244 1245
v -2382.9795 -1432.4806 286.0060
v -2383.0381 -1431.9765 286.1631
v -2383.0704 -1432.4923 286.0060
f 1246 1247 1248
v -2383.9182 -1431.2162 286.4318
v -2383.0704 -1432.4923 286.0060
v -2383.0381 -1431.9765 286.1631
f 1249 1250 1251
v -2382.7704 -1431.6743 286.2443
v -2383.5060 -1431.1604 286.4320
v -2383.0381 -1431.9765 286.1631
f 1252 1253 1254
v -2382.9794 -1432.4806 285.9480
v -2382.9795 -1432.4806 286.0060
v -2383.0704 -1432.4923 286.0060
f 1255 1256 1257
v -2382.7325 -1431.9465 281.6553
v -2382.7341 -1431.9474 286.1592
v -2383.0333 -1431.9738 272.7286
f 1258 1259 1260
v -2382.7292 -1431.9447 272.7287
v -2382.7325 -1431.9465 281.6553
v -2383.0333 -1431.9738 272.7286
f 1261 1262 1263
v -2382.7341 -1431.9474 286.1592
v -2383.0381 -1431.9765 286.1631
v -2383.0369 -1431.9758 282.8042
f 1264 1265 1266
v -2390.5640 -1427.6592 290.3171
v -2387.8669 -1447.7193 290.3135
v -2383.9182 -1431.2162 286.4318
f 1267 1268 1269
v -2383.0704 -1432.4923 286.0060
v -2383.9182 -1431.2162 286.4318
v -2381.3180 -1446.8390 286.1143
f 1270 1271 1272
v -2387.8669 -1447.7193 290.3135
v -2381.3180 -1446.8390 286.1143
v -2383.9182 -1431.2162 286.4318
f 1273 1274 1275
v -2382.9794 -1432.4806 285.9480
v -2383.0704 -1432.4923 286.0060
v -2381.3180 -1446.8390 286.1143
f 1276 1277 1278
v -2395.1821 -1432.7300 286.4273
v -2393.6433 -1448.4959 285.9983
v -2387.8669 -1447.7193 290.3135
f 1279 1280 1281
v -2395.5689 -1434.1738 286.0008
v -2393.6433 -1448.4959 285.9983
v -2395.1821 -1432.7300 286.4273
f 1282 1283 1284
v -2390.5640 -1427.6592 290.3171
v -2395.1821 -1432.7300 286.4273
v -2387.8669 -1447.7193 290.3135
f 1285 1286 1287
v -2393.5003 -1449.5225 272.7466
v -2393.5003 -1449.5225 272.8096
v -2393.6385 -1448.4931 272.8098
f 1288 1289 1290
v -2395.5641 -1434.1712 272.7494
v -2393.5003 -1449.5225 272.7466
v -2393.6385 -1448.4931 272.8098
f 1291 1292 1293
v -2393.6385 -1448.4931 272.8098
v -2395.5689 -1434.1738 286.0008
v -2395.5641 -1434.1712 272.7494
f 1294 1295 1296
v -2393.6433 -1448.4959 285.9983
v -2395.5689 -1434.1738 286.0008
v -2393.6385 -1448.4931 272.8098
f 1297 1298 1299
v -2382.9747 -1432.4779 272.7545
v -2381.1940 -1447.8695 272.7517
v -2387.7223 -1448.7460 272.7491
f 1300 1301 1302
v -2387.7223 -1448.7460 272.7491
v -2395.5641 -1434.1712 272.7494
v -2382.9747 -1432.4779 272.7545
f 1303 1304 1305
v -2393.5003 -1449.5225 272.7466
v -2395.5641 -1434.1712 272.7494
v -2387.7223 -1448.7460 272.7491
f 1306 1307 1308
v -2410.4042 -1428.6491 286.5795
v -2410.5079 -1428.2270 272.7190
v -2410.3991 -1428.6464 272.7190
f 1309 1310 1311
v -2410.5079 -1428.2270 272.7190
v -2410.4823 -1428.3479 286.5795
v -2410.5130 -1428.2298 286.5595
f 1312 1313 1314
v -2410.5079 -1428.2270 272.7190
v -2410.4042 -1428.6491 286.5795
v -2410.4823 -1428.3479 286.5795
f 1315 1316 1317
v -2410.2592 -1429.0566 286.6045
v -2410.0803 -1429.4510 286.6494
v -2410.0913 -1429.4270 286.6504
f 1318 1319 1320
v -2410.2542 -1429.0538 272.7190
v -2410.0803 -1429.4510 286.6494
v -2410.2592 -1429.0566 286.6045
f 1321 1322 1323
v -2410.0803 -1429.4510 286.6494
v -2410.2542 -1429.0538 272.7190
v -2410.0752 -1429.4482 272.7189
f 1324 1325 1326
v -2409.4788 -1430.3686 286.7045
v -2409.3519 -1430.5223 283.1996
v -2409.3532 -1430.5230 286.6935
f 1327 1328 1329
v -2409.6263 -1430.1863 286.6764
v -2409.3519 -1430.5223 283.1996
v -2409.4788 -1430.3686 286.7045
f 1330 1331 1332
v -2409.3481 -1430.5202 272.7190
v -2409.3519 -1430.5223 283.1996
v -2409.6225 -1430.1842 276.2088
f 1333 1334 1335
v -2409.6263 -1430.1863 286.6764
v -2409.6225 -1430.1842 276.2088
v -2409.3519 -1430.5223 283.1996
f 1336 1337 1338
v -2409.3481 -1430.5202 272.7190
v -2409.6225 -1430.1842 276.2088
v -2409.4737 -1430.3659 272.7190
f 1339 1340 1341
v -2409.6212 -1430.1835 272.7189
v -2409.4737 -1430.3659 272.7190
v -2409.6225 -1430.1842 276.2088
f 1342 1343 1344
v -2408.6929 -1431.1458 286.7286
v -2408.3783 -1431.3759 283.2107
v -2408.3795 -1431.3766 286.7096
f 1345 1346 1347
v -2408.7278 -1431.1196 286.7236
v -2408.3783 -1431.3759 283.2107
v -2408.6929 -1431.1458 286.7286
f 1348 1349 1350
v -2408.3744 -1431.3738 272.7191
v -2408.3783 -1431.3759 283.2107
v -2408.7217 -1431.1168 272.7191
f 1351 1352 1353
v -2408.7278 -1431.1196 286.7236
v -2408.7217 -1431.1168 272.7191
v -2408.3783 -1431.3759 283.2107
f 1354 1355 1356
v -2408.0111 -1431.6026 286.7127
v -2407.6236 -1431.7966 286.7158
v -2407.7585 -1431.7292 286.7308
f 1357 1358 1359
v -2408.0060 -1431.5998 272.7192
v -2407.6236 -1431.7966 286.7158
v -2408.0111 -1431.6026 286.7127
f 1360 1361 1362
v -2407.6236 -1431.7966 286.7158
v -2408.0060 -1431.5998 272.7192
v -2407.6185 -1431.7938 272.7193
f 1363 1364 1365
v -2406.7195 -1432.1020 286.7061
v -2406.3834 -1432.1722 283.1833
v -2406.3846 -1432.1730 286.6712
f 1366 1367 1368
v -2406.8084 -1432.0828 286.6991
v -2406.3834 -1432.1722 283.1833
v -2406.7195 -1432.1020 286.7061
f 1369 1370 1371
v -2406.3796 -1432.1701 272.7197
v -2406.3834 -1432.1722 283.1833
v -2406.8084 -1432.0828 286.6991
f 1372 1373 1374
v -2406.8084 -1432.0828 286.6991
v -2406.8023 -1432.0800 272.7196
v -2406.3796 -1432.1701 272.7197
f 1375 1376 1377
v -2411.3500 -1427.8888 272.7188
v -2411.3505 -1427.6978 272.7188
v -2410.5818 -1427.8009 272.7191
f 1378 1379 1380
v -2399.7644 -1426.1389 272.7237
v -2410.3991 -1428.6464 272.7190
v -2410.5079 -1428.2270 272.7190
f 1381 1382 1383
v -2410.0752 -1429.4482 272.7189
v -2410.2542 -1429.0538 272.7190
v -2399.7644 -1426.1389 272.7237
f 1384 1385 1386
v -2410.0752 -1429.4482 272.7189
v -2399.7644 -1426.1389 272.7237
v -2409.8642 -1429.8258 272.7189
f 1387 1388 1389
v -2399.7644 -1426.1389 272.7237
v -2410.2542 -1429.0538 272.7190
v -2410.3991 -1428.6464 272.7190
f 1390 1391 1392
v -2405.9495 -1420.2484 272.7226
v -2406.8145 -1420.9651 272.7222
v -2406.8841 -1420.4468 272.7222
f 1393 1394 1395
v -2399.7644 -1426.1389 272.7237
v -2410.5079 -1428.2270 272.7190
v -2410.5818 -1427.8009 272.7191
f 1396 1397 1398
v -2409.4737 -1430.3659 272.7190
v -2409.6212 -1430.1835 272.7189
v -2399.7644 -1426.1389 272.7237
f 1399 1400 1401
v -2409.8642 -1429.8258 272.7189
v -2399.7644 -1426.1389 272.7237
v -2409.6212 -1430.1835 272.7189
f 1402 1403 1404
v -2399.7644 -1426.1389 272.7237
v -2410.5818 -1427.8009 272.7191
v -2411.3505 -1427.6978 272.7188
f 1405 1406 1407
v -2409.0489 -1430.8319 272.7190
v -2409.3481 -1430.5202 272.7190
v -2406.3796 -1432.1701 272.7197
f 1408 1409 1410
v -2409.0489 -1430.8319 272.7190
v -2406.3796 -1432.1701 272.7197
v -2408.7217 -1431.1168 272.7191
f 1411 1412 1413
v -2406.3796 -1432.1701 272.7197
v -2408.3744 -1431.3738 272.7191
v -2408.7217 -1431.1168 272.7191
f 1414 1415 1416
v -2409.4737 -1430.3659 272.7190
v -2406.3796 -1432.1701 272.7197
v -2409.3481 -1430.5202 272.7190
f 1417 1418 1419
v -2407.2170 -1431.9539 272.7194
v -2407.6185 -1431.7938 272.7193
v -2408.0060 -1431.5998 272.7192
f 1420 1421 1422
v -2406.8023 -1432.0800 272.7196
v -2407.2170 -1431.9539 272.7194
v -2408.0060 -1431.5998 272.7192
f 1423 1424 1425
v -2408.0060 -1431.5998 272.7192
v -2406.3796 -1432.1701 272.7197
v -2406.8023 -1432.0800 272.7196
f 1426 1427 1428
v -2406.2829 -1433.0134 272.7196
v -2405.5354 -1433.2284 272.7198
v -2406.0504 -1433.1980 272.7196
f 1429 1430 1431
v -2406.3796 -1432.1701 272.7197
v -2405.1742 -1433.1583 272.7199
v -2406.2829 -1433.0134 272.7196
f 1432 1433 1434
v -2406.3796 -1432.1701 272.7197
v -2408.0060 -1431.5998 272.7192
v -2408.3744 -1431.3738 272.7191
f 1435 1436 1437
v -2399.7644 -1426.1389 272.7237
v -2406.3796 -1432.1701 272.7197
v -2409.4737 -1430.3659 272.7190
f 1438 1439 1440
v -2406.8145 -1420.9651 272.7222
v -2390.2441 -1418.1616 272.7290
v -2400.5733 -1420.1258 272.7247
f 1441 1442 1443
v -2405.9818 -1419.9713 272.7227
v -2390.2441 -1418.1616 272.7290
v -2405.9495 -1420.2484 272.7226
f 1444 1445 1446
v -2390.2441 -1418.1616 272.7290
v -2399.7644 -1426.1389 272.7237
v -2400.5733 -1420.1258 272.7247
f 1447 1448 1449
v -2397.6812 -1433.8684 272.7227
v -2406.3796 -1432.1701 272.7197
v -2399.7644 -1426.1389 272.7237
f 1450 1451 1452
v -2384.8368 -1417.6661 272.7311
v -2390.3159 -1417.3555 272.7292
v -2385.0001 -1416.6407 272.7313
f 1453 1454 1455
v -2390.2441 -1418.1616 272.7290
v -2390.3159 -1417.3555 272.7292
v -2384.8368 -1417.6661 272.7311
f 1456 1457 1458
v -2399.7644 -1426.1389 272.7237
v -2390.2441 -1418.1616 272.7290
v -2382.7292 -1431.9447 272.7287
f 1459 1460 1461
v -2390.2441 -1418.1616 272.7290
v -2384.8368 -1417.6661 272.7311
v -2382.7292 -1431.9447 272.7287
f 1462 1463 1464
v -2384.6228 -1417.6626 272.7312
v -2382.7292 -1431.9447 272.7287
v -2384.8368 -1417.6661 272.7311
f 1465 1466 1467
v -2383.0333 -1431.9738 272.7286
v -2399.7644 -1426.1389 272.7237
v -2382.7292 -1431.9447 272.7287
f 1468 1469 1470
v -2405.1742 -1433.1583 272.7199
v -2405.5354 -1433.2284 272.7198
v -2406.2829 -1433.0134 272.7196
f 1471 1472 1473
v -2403.5955 -1434.3786 272.7203
v -2405.0634 -1433.9817 272.7198
v -2405.1742 -1433.1583 272.7199
f 1474 1475 1476
v -2404.0457 -1434.4304 272.7201
v -2404.4418 -1434.4753 272.7199
v -2405.0634 -1433.9817 272.7198
f 1477 1478 1479
v -2397.6812 -1433.8684 272.7227
v -2403.5759 -1434.5467 272.7202
v -2403.5955 -1434.3786 272.7203
f 1480 1481 1482
v -2404.0457 -1434.4304 272.7201
v -2405.0634 -1433.9817 272.7198
v -2403.5955 -1434.3786 272.7203
f 1483 1484 1485
v -2403.5955 -1434.3786 272.7203
v -2405.1742 -1433.1583 272.7199
v -2397.6812 -1433.8684 272.7227
f 1486 1487 1488
v -2382.9747 -1432.4779 272.7285
v -2397.6812 -1433.8684 272.7227
v -2383.0333 -1431.9738 272.7286
f 1489 1490 1491
v -2397.6812 -1433.8684 272.7227
v -2405.1742 -1433.1583 272.7199
v -2406.3796 -1432.1701 272.7197
f 1492 1493 1494
v -2397.6812 -1433.8684 272.7227
v -2399.7644 -1426.1389 272.7237
v -2383.0333 -1431.9738 272.7286
f 1495 1496 1497
v -2397.6148 -1434.4466 272.7226
v -2397.6812 -1433.8684 272.7227
v -2382.9747 -1432.4779 272.7285
f 1498 1499 1500
v -2406.8145 -1420.9651 272.7222
v -2405.9495 -1420.2484 272.7226
v -2390.2441 -1418.1616 272.7290
f 1501 1502 1503
v -2384.8565 -1417.5767 286.3006
v -2384.8417 -1417.6688 286.2996
v -2385.0049 -1416.6433 286.0088
f 1504 1505 1506
v -2385.0049 -1416.6433 286.0088
v -2384.8368 -1417.6661 272.7311
v -2385.0001 -1416.6407 272.7313
f 1507 1508 1509
v -2384.8417 -1417.6688 286.2996
v -2384.8368 -1417.6661 272.7311
v -2385.0049 -1416.6433 286.0088
f 1510 1511 1512
v -2384.6228 -1417.6626 272.7312
v -2384.6277 -1417.6653 286.2397
v -2382.7325 -1431.9465 281.6553
f 1513 1514 1515
v -2382.7325 -1431.9465 281.6553
v -2382.7704 -1431.6743 286.2443
v -2382.7341 -1431.9474 286.1592
f 1516 1517 1518
v -2382.7325 -1431.9465 281.6553
v -2382.7292 -1431.9447 272.7287
v -2384.6228 -1417.6626 272.7312
f 1519 1520 1521
v -2382.7325 -1431.9465 281.6553
v -2384.6277 -1417.6653 286.2397
v -2382.7704 -1431.6743 286.2443
f 1522 1523 1524
v -2406.0446 -1420.2699 286.2440
v -2405.9533 -1420.2504 282.8622
v -2406.8889 -1420.4495 285.9996
f 1525 1526 1527
v -2406.8889 -1420.4495 285.9996
v -2405.9533 -1420.2504 282.8622
v -2406.8841 -1420.4468 272.7222
f 1528 1529 1530
v -2405.9533 -1420.2504 282.8622
v -2406.0446 -1420.2699 286.2440
v -2405.9545 -1420.2511 286.2420
f 1531 1532 1533
v -2405.9533 -1420.2504 282.8622
v -2405.9508 -1420.2491 276.1024
v -2406.8841 -1420.4468 272.7222
f 1534 1535 1536
v -2405.9508 -1420.2491 276.1024
v -2405.9495 -1420.2484 272.7226
v -2406.8841 -1420.4468 272.7222
f 1537 1538 1539
v -2403.5967 -1434.3792 276.1062
v -2403.5992 -1434.3806 282.8789
v -2404.4430 -1434.4760 276.0858
f 1540 1541 1542
v -2404.0457 -1434.4304 272.7201
v -2403.5955 -1434.3786 272.7203
v -2403.5967 -1434.3792 276.1062
f 1543 1544 1545
v -2403.5967 -1434.3792 276.1062
v -2404.4430 -1434.4760 276.0858
v -2404.0457 -1434.4304 272.7201
f 1546 1547 1548
v -2404.0506 -1434.4331 286.2676
v -2403.5992 -1434.3806 282.8789
v -2403.6005 -1434.3813 286.2648
f 1549 1550 1551
v -2404.4454 -1434.4773 282.7955
v -2404.0506 -1434.4331 286.2676
v -2404.4467 -1434.4780 286.1544
f 1552 1553 1554
v -2403.5992 -1434.3806 282.8789
v -2404.4454 -1434.4773 282.7955
v -2404.4430 -1434.4760 276.0858
f 1555 1556 1557
v -2404.0457 -1434.4304 272.7201
v -2404.4430 -1434.4760 276.0858
v -2404.4418 -1434.4753 272.7199
f 1558 1559 1560
v -2403.5992 -1434.3806 282.8789
v -2404.0506 -1434.4331 286.2676
v -2404.4454 -1434.4773 282.7955
f 1561 1562 1563
v -2406.6390 -1422.3092 285.9993
v -2406.6350 -1422.3402 285.9993
v -2405.9078 -1427.7528 289.6483
f 1564 1565 1566
v -2406.8841 -1420.4468 272.7222
v -2406.8177 -1420.9669 281.5908
v -2406.8889 -1420.4495 285.9996
f 1567 1568 1569
v -2406.6390 -1422.3092 285.9993
v -2406.8177 -1420.9669 281.5908
v -2406.6334 -1422.3393 281.5905
f 1570 1571 1572
v -2406.8841 -1420.4468 272.7222
v -2406.8145 -1420.9651 272.7222
v -2406.8177 -1420.9669 281.5908
f 1573 1574 1575
v -2406.8889 -1420.4495 285.9996
v -2406.8177 -1420.9669 281.5908
v -2406.6390 -1422.3092 285.9993
f 1576 1577 1578
v -2387.7223 -1448.7460 272.8121
v -2387.7223 -1448.7460 272.7491
v -2381.1940 -1447.8695 272.7517
f 1579 1580 1581
v -2381.1940 -1447.8696 272.8147
v -2387.7223 -1448.7460 272.8121
v -2381.1940 -1447.8695 272.7517
f 1582 1583 1584
v -2387.7223 -1448.7460 272.7491
v -2393.5003 -1449.5225 272.8096
v -2393.5003 -1449.5225 272.7466
f 1585 1586 1587
v -2387.7223 -1448.7460 272.8121
v -2393.5003 -1449.5225 272.8096
v -2387.7223 -1448.7460 272.7491
f 1588 1589 1590
v -2382.9794 -1432.4806 285.9480
v -2383.0369 -1431.9758 282.8042
v -2383.0381 -1431.9765 286.1631
f 1591 1592 1593
v -2383.0369 -1431.9758 282.8042
v -2382.9794 -1432.4806 285.9480
v -2381.3180 -1446.8390 286.1143
f 1594 1595 1596
v -2383.0381 -1431.9765 286.1631
v -2382.9795 -1432.4806 286.0060
v -2382.9794 -1432.4806 285.9480
f 1597 1598 1599
v -2381.3180 -1446.8390 286.1143
v -2383.0345 -1431.9744 276.0875
v -2383.0369 -1431.9758 282.8042
f 1600 1601 1602
v -2382.9747 -1432.4779 272.7545
v -2383.0333 -1431.9738 272.7286
v -2383.0345 -1431.9744 276.0875
f 1603 1604 1605
v -2383.0333 -1431.9738 272.7286
v -2382.9747 -1432.4779 272.7545
v -2382.9747 -1432.4779 272.7285
f 1606 1607 1608
v -2383.0345 -1431.9744 276.0875
v -2381.1940 -1447.8696 272.8147
v -2382.9747 -1432.4779 272.7545
f 1609 1610 1611
v -2380.4749 -1454.1324 286.8469
v -2381.3180 -1446.8390 286.1143
v -2381.3192 -1446.8391 286.7653
f 1612 1613 1614
v -2381.1940 -1447.8696 272.8147
v -2381.1940 -1447.8695 272.7517
v -2382.9747 -1432.4779 272.7545
f 1615 1616 1617
v -2381.1940 -1447.8696 272.8147
v -2380.4749 -1454.1324 286.8469
v -2380.4679 -1454.1485 272.8134
f 1618 1619 1620
v -2380.4749 -1454.1324 286.8469
v -2381.1940 -1447.8696 272.8147
v -2381.3180 -1446.8390 286.1143
f 1621 1622 1623
v -2381.3180 -1446.8390 286.1143
v -2381.1940 -1447.8696 272.8147
v -2383.0345 -1431.9744 276.0875
f 1624 1625 1626
v -2393.3653 -1455.8257 286.8677
v -2393.5608 -1454.0841 276.3435
v -2393.3602 -1455.8228 272.8082
f 1627 1628 1629
v -2393.5608 -1454.0841 276.3435
v -2393.3700 -1455.7349 272.8083
v -2393.3602 -1455.8228 272.8082
f 1630 1631 1632
v -2393.5608 -1454.0841 276.3435
v -2393.5596 -1454.0834 272.8086
v -2393.3700 -1455.7349 272.8083
f 1633 1634 1635
v -2393.5647 -1454.0863 286.9471
v -2393.3653 -1455.8257 286.8677
v -2393.3751 -1455.7377 286.9258
f 1636 1637 1638
v -2393.5647 -1454.0863 286.9471
v -2393.5608 -1454.0841 276.3435
v -2393.3653 -1455.8257 286.8677
f 1639 1640 1641
v -2388.1362 -1447.7557 290.9773
v -2393.6433 -1448.4959 285.9983
v -2394.1979 -1448.5706 287.0171
f 1642 1643 1644
v -2387.8669 -1447.7193 290.3135
v -2393.6433 -1448.4959 285.9983
v -2388.1362 -1447.7557 290.9773
f 1645 1646 1647
v -2388.1362 -1447.7557 290.9773
v -2381.3192 -1446.8391 286.7653
v -2387.8669 -1447.7193 290.3135
f 1648 1649 1650
v -2393.6385 -1448.4931 272.8098
v -2394.1979 -1448.5706 287.0171
v -2393.6433 -1448.4959 285.9983
f 1651 1652 1653
v -2394.1928 -1448.5677 272.8096
v -2394.1979 -1448.5706 287.0171
v -2393.6385 -1448.4931 272.8098
f 1654 1655 1656
v -2381.3180 -1446.8390 286.1143
v -2387.8669 -1447.7193 290.3135
v -2381.3192 -1446.8391 286.7653
f 1657 1658 1659
v -2415.3738 -1422.2521 272.6096
v -2413.6311 -1421.8826 281.5880
v -2413.6279 -1421.8808 272.6104
f 1660 1661 1662
v -2414.6986 -1428.1478 272.6085
v -2415.3771 -1422.2539 281.5872
v -2415.3738 -1422.2521 272.6096
f 1663 1664 1665
v -2414.7019 -1428.1496 281.5862
v -2411.3505 -1427.6978 272.7188
v -2411.3538 -1427.6996 281.5875
f 1666 1667 1668
v -2400.5732 -1420.1259 272.6157
v -2399.7644 -1426.1389 272.7237
v -2399.7644 -1426.1389 272.6147
f 1669 1670 1671
v -2410.3991 -1428.6464 272.7190
v -2410.2592 -1429.0566 286.6045
v -2410.4042 -1428.6491 286.5795
f 1672 1673 1674
v -2410.0752 -1429.4482 272.7189
v -2409.8642 -1429.8258 272.7189
v -2409.8693 -1429.8286 286.6504
f 1675 1676 1677
v -2410.0803 -1429.4510 286.6494
v -2410.0752 -1429.4482 272.7189
v -2409.8693 -1429.8286 286.6504
f 1678 1679 1680
v -2409.6225 -1430.1842 276.2088
v -2409.8693 -1429.8286 286.6504
v -2409.8642 -1429.8258 272.7189
f 1681 1682 1683
v -2409.0540 -1430.8347 286.6955
v -2409.3532 -1430.5230 286.6935
v -2409.0489 -1430.8319 272.7190
f 1684 1685 1686
v -2408.3783 -1431.3759 283.2107
v -2408.0060 -1431.5998 272.7192
v -2408.0111 -1431.6026 286.7127
f 1687 1688 1689
v -2407.2221 -1431.9567 286.6949
v -2406.8023 -1432.0800 272.7196
v -2406.8084 -1432.0828 286.6991
f 1690 1691 1692
v -2406.3834 -1432.1722 283.1833
v -2406.2877 -1433.0161 286.1111
v -2406.3846 -1432.1730 286.6712
f 1693 1694 1695
v -2406.3834 -1432.1722 283.1833
v -2406.3796 -1432.1701 272.7197
v -2406.2877 -1433.0161 286.1111
f 1696 1697 1698
v -2405.1742 -1433.1583 272.7199
v -2405.5403 -1433.2311 285.9973
v -2405.5354 -1433.2284 272.7198
f 1699 1700 1701
v -2411.3500 -1427.8888 272.7188
v -2410.5818 -1427.8009 272.7191
v -2410.5868 -1427.8037 286.5116
f 1702 1703 1704
v -2410.5130 -1428.2298 286.5595
v -2410.5868 -1427.8037 286.5116
v -2410.5818 -1427.8009 272.7191
f 1705 1706 1707
v -2410.3603 -1424.5393 281.5886
v -2409.4232 -1423.5347 285.9980
v -2409.4216 -1423.5339 281.5892
f 1708 1709 1710
v -2411.0185 -1425.7495 281.5881
v -2410.3619 -1424.5401 285.9974
v -2410.3603 -1424.5393 281.5886
f 1711 1712 1713
v -2411.3561 -1427.0836 281.5877
v -2411.0201 -1425.7503 285.9969
v -2411.0185 -1425.7495 281.5881
f 1714 1715 1716
v -2408.2616 -1422.7919 281.5898
v -2406.9561 -1422.3613 285.9992
v -2406.9545 -1422.3604 281.5904
f 1717 1718 1719
v -2409.4216 -1423.5339 281.5892
v -2408.2632 -1422.7928 285.9986
v -2408.2616 -1422.7919 281.5898
f 1720 1721 1722
v -2406.9545 -1422.3604 281.5904
v -2406.6350 -1422.3402 285.9993
v -2406.6334 -1422.3393 281.5905
f 1723 1724 1725
v -2384.8417 -1417.6688 286.2996
v -2384.6277 -1417.6653 286.2397
v -2384.8368 -1417.6661 272.7311
f 1726 1727 1728
v -2390.3159 -1417.3555 272.7292
v -2390.2441 -1418.1616 272.7290
v -2390.3207 -1417.3581 286.0067
f 1729 1730 1731
v -2405.9533 -1420.2504 282.8622
v -2405.9867 -1419.9740 286.1561
v -2405.9818 -1419.9713 272.7227
f 1732 1733 1734
v -2403.5992 -1434.3806 282.8789
v -2403.5967 -1434.3792 276.1062
v -2403.5809 -1434.5494 286.2127
f 1735 1736 1737
v -2397.6812 -1433.8684 272.7227
v -2397.6148 -1434.4466 272.7226
v -2397.6196 -1434.4493 286.0000
f 1738 1739 1740
v -2395.5689 -1434.1738 286.0008
v -2397.6196 -1434.4493 286.0000
v -2397.6148 -1434.4466 272.7226
f 1741 1742 1743
v -2404.7543 -1434.2292 275.9998
v -2404.4418 -1434.4753 272.7199
v -2404.8358 -1434.1689 286.0563
f 1744 1745 1746
v -2404.4454 -1434.4773 282.7955
v -2404.4467 -1434.4780 286.1544
v -2404.8358 -1434.1689 286.0563
f 1747 1748 1749
v -2404.8358 -1434.1689 286.0563
v -2404.4430 -1434.4760 276.0858
v -2404.4454 -1434.4773 282.7955
f 1750 1751 1752
v -2380.4729 -1454.1514 286.8339
v -2390.1422 -1455.4074 286.8590
v -2383.0487 -1454.4836 272.8124
f 1753 1754 1755
v -2393.3653 -1455.8257 286.8677
v -2383.0487 -1454.4836 272.8124
v -2390.1422 -1455.4074 286.8590
f 1756 1757 1758
v -2395.1021 -1448.7250 286.4237
v -2394.6141 -1448.6693 286.7419
v -2395.0972 -1448.7222 272.8092
f 1759 1760 1761
v -2382.7341 -1431.9474 286.1592
v -2383.0369 -1431.9758 282.8042
v -2383.0345 -1431.9744 276.0875
f 1762 1763 1764
v -2383.0345 -1431.9744 276.0875
v -2383.0333 -1431.9738 272.7286
v -2382.7341 -1431.9474 286.1592
f 1765 1766 1767
v -2406.6334 -1422.3393 281.5905
v -2406.6350 -1422.3402 285.9993
v -2406.6390 -1422.3092 285.9993
f 1768 1769 1770

g building_ID_F9C727E5-6E91-4DF2-AF0A-7F55263A79DF
v -2349.6129 -1405.8273 285.1824
v -2349.8949 -1404.7415 285.1825
v -2349.8235 -1405.3017 285.1824
f 1771 1772 1773
v -2349.2791 -1406.2832 285.1824
v -2349.8949 -1404.7415 285.1825
v -2349.6129 -1405.8273 285.1824
f 1774 1775 1776
v -2346.6865 -1402.6901 285.1842
v -2348.8538 -1402.8333 285.1833
v -2349.8949 -1404.7415 285.1825
f 1777 1778 1779
v -2349.2791 -1406.2832 285.1824
v -2348.8420 -1406.6423 285.1825
v -2349.8949 -1404.7415 285.1825
f 1780 1781 1782
v -2346.6724 -1406.7711 285.1833
v -2349.8949 -1404.7415 285.1825
v -2348.8420 -1406.6423 285.1825
f 1783 1784 1785
v -2349.2888 -1403.1942 285.1831
v -2349.6201 -1403.6532 285.1829
v -2348.8538 -1402.8333 285.1833
f 1786 1787 1788
v -2349.8949 -1404.7415 285.1825
v -2349.6201 -1403.6532 285.1829
v -2349.8264 -1404.1797 285.1827
f 1789 1790 1791
v -2348.3432 -1402.5907 285.1836
v -2348.8538 -1402.8333 285.1833
v -2347.7879 -1402.4832 285.1838
f 1792 1793 1794
v -2348.8538 -1402.8333 285.1833
v -2349.6201 -1403.6532 285.1829
v -2349.8949 -1404.7415 285.1825
f 1795 1796 1797
v -2347.7879 -1402.4832 285.1838
v -2348.8538 -1402.8333 285.1833
v -2346.6865 -1402.6901 285.1842
f 1798 1799 1800
v -2346.6724 -1406.7711 285.1833
v -2348.8420 -1406.6423 285.1825
v -2348.3297 -1406.8817 285.1826
f 1801 1802 1803
v -2346.6724 -1406.7711 285.1833
v -2347.7740 -1406.9862 285.1828
v -2347.2099 -1406.9487 285.1830
f 1804 1805 1806
v -2346.6865 -1402.6901 285.1842
v -2349.8949 -1404.7415 285.1825
v -2346.6724 -1406.7711 285.1833
f 1807 1808 1809
v -2346.6724 -1406.7711 285.1833
v -2345.8105 -1406.0535 285.1838
v -2345.5402 -1405.5572 285.1840
f 1810 1811 1812
v -2346.1966 -1406.4674 285.1835
v -2345.8105 -1406.0535 285.1838
v -2346.6724 -1406.7711 285.1833
f 1813 1814 1815
v -2345.5402 -1405.5572 285.1840
v -2346.6865 -1402.6901 285.1842
v -2346.6724 -1406.7711 285.1833
f 1816 1817 1818
v -2346.2073 -1402.9914 285.1843
v -2346.6865 -1402.6901 285.1842
v -2345.8194 -1403.4025 285.1843
f 1819 1820 1821
v -2346.6865 -1402.6901 285.1842
v -2347.2240 -1402.5167 285.1840
v -2347.7879 -1402.4832 285.1838
f 1822 1823 1824
v -2345.5447 -1403.8972 285.1843
v -2345.4007 -1405.0095 285.1841
v -2345.4022 -1404.4436 285.1843
f 1825 1826 1827
v -2345.5447 -1403.8972 285.1843
v -2345.8194 -1403.4025 285.1843
v -2345.5402 -1405.5572 285.1840
f 1828 1829 1830
v -2345.5402 -1405.5572 285.1840
v -2345.8194 -1403.4025 285.1843
v -2346.6865 -1402.6901 285.1842
f 1831 1832 1833
v -2345.4007 -1405.0095 285.1841
v -2345.5447 -1403.8972 285.1843
v -2345.5402 -1405.5572 285.1840
f 1834 1835 1836
v -2346.6724 -1406.7711 285.1833
v -2348.3297 -1406.8817 285.1826
v -2347.7740 -1406.9862 285.1828
f 1837 1838 1839
v -2346.6675 -1406.7685 271.2928
v -2346.6724 -1406.7711 285.1833
v -2347.2099 -1406.9487 285.1830
f 1840 1841 1842
v -2346.1917 -1406.4647 271.2930
v -2346.1966 -1406.4674 285.1835
v -2346.6724 -1406.7711 285.1833
f 1843 1844 1845
v -2345.8056 -1406.0508 271.2933
v -2345.8105 -1406.0535 285.1838
v -2346.1966 -1406.4674 285.1835
f 1846 1847 1848
v -2345.5352 -1405.5544 271.2935
v -2345.5402 -1405.5572 285.1840
v -2345.8105 -1406.0535 285.1838
f 1849 1850 1851
v -2345.3957 -1405.0068 271.2936
v -2345.4007 -1405.0095 285.1841
v -2345.5402 -1405.5572 285.1840
f 1852 1853 1854
v -2345.3972 -1404.4409 271.2938
v -2345.4022 -1404.4436 285.1843
v -2345.4007 -1405.0095 285.1841
f 1855 1856 1857
v -2345.5397 -1403.8944 271.2938
v -2345.5447 -1403.8972 285.1843
v -2345.4022 -1404.4436 285.1843
f 1858 1859 1860
v -2345.8145 -1403.3998 271.2938
v -2345.8194 -1403.4025 285.1843
v -2345.5447 -1403.8972 285.1843
f 1861 1862 1863
v -2346.2023 -1402.9887 271.2938
v -2346.2073 -1402.9914 285.1843
v -2345.8194 -1403.4025 285.1843
f 1864 1865 1866
v -2346.6815 -1402.6874 271.2937
v -2346.6865 -1402.6901 285.1842
v -2346.2073 -1402.9914 285.1843
f 1867 1868 1869
v -2347.2191 -1402.5139 271.2935
v -2347.2240 -1402.5167 285.1840
v -2346.6865 -1402.6901 285.1842
f 1870 1871 1872
v -2347.7830 -1402.4805 271.2933
v -2347.7879 -1402.4832 285.1838
v -2347.2240 -1402.5167 285.1840
f 1873 1874 1875
v -2348.3383 -1402.5880 271.2931
v -2348.3432 -1402.5907 285.1836
v -2347.7879 -1402.4832 285.1838
f 1876 1877 1878
v -2348.8489 -1402.8306 271.2928
v -2348.8538 -1402.8333 285.1833
v -2348.3432 -1402.5907 285.1836
f 1879 1880 1881
v -2349.2838 -1403.1915 271.2926
v -2349.2888 -1403.1942 285.1831
v -2348.8538 -1402.8333 285.1833
f 1882 1883 1884
v -2349.6151 -1403.6505 271.2924
v -2349.6201 -1403.6532 285.1829
v -2349.2888 -1403.1942 285.1831
f 1885 1886 1887
v -2349.8215 -1404.1770 271.2922
v -2349.8264 -1404.1797 285.1827
v -2349.6201 -1403.6532 285.1829
f 1888 1889 1890
v -2349.8900 -1404.7388 271.2920
v -2349.8949 -1404.7415 285.1825
v -2349.8264 -1404.1797 285.1827
f 1891 1892 1893
v -2349.8185 -1405.2990 271.2919
v -2349.8235 -1405.3017 285.1824
v -2349.8949 -1404.7415 285.1825
f 1894 1895 1896
v -2349.6079 -1405.8245 271.2919
v -2349.6129 -1405.8273 285.1824
v -2349.8235 -1405.3017 285.1824
f 1897 1898 1899
v -2349.2741 -1406.2804 271.2919
v -2349.2791 -1406.2832 285.1824
v -2349.6129 -1405.8273 285.1824
f 1900 1901 1902
v -2348.8371 -1406.6396 271.2920
v -2348.8420 -1406.6423 285.1825
v -2349.2791 -1406.2832 285.1824
f 1903 1904 1905
v -2348.3248 -1406.8790 271.2921
v -2348.3297 -1406.8817 285.1826
v -2348.8420 -1406.6423 285.1825
f 1906 1907 1908
v -2347.7690 -1406.9835 271.2923
v -2347.7740 -1406.9862 285.1828
v -2348.3297 -1406.8817 285.1826
f 1909 1910 1911
v -2347.2050 -1406.9459 271.2925
v -2347.2099 -1406.9487 285.1830
v -2347.7740 -1406.9862 285.1828
f 1912 1913 1914
v -2349.8215 -1404.1770 271.2922
v -2349.6151 -1403.6505 271.2924
v -2349.8900 -1404.7388 271.2920
f 1915 1916 1917
v -2349.2838 -1403.1915 271.2926
v -2348.8489 -1402.8306 271.2928
v -2349.6151 -1403.6505 271.2924
f 1918 1919 1920
v -2347.7830 -1402.4805 271.2933
v -2348.8489 -1402.8306 271.2928
v -2348.3383 -1402.5880 271.2931
f 1921 1922 1923
v -2348.8489 -1402.8306 271.2928
v -2349.8900 -1404.7388 271.2920
v -2349.6151 -1403.6505 271.2924
f 1924 1925 1926
v -2349.8900 -1404.7388 271.2920
v -2348.8489 -1402.8306 271.2928
v -2346.6815 -1402.6874 271.2937
f 1927 1928 1929
v -2349.8185 -1405.2990 271.2919
v -2349.8900 -1404.7388 271.2920
v -2349.6079 -1405.8245 271.2919
f 1930 1931 1932
v -2349.2741 -1406.2804 271.2919
v -2349.6079 -1405.8245 271.2919
v -2349.8900 -1404.7388 271.2920
f 1933 1934 1935
v -2349.2741 -1406.2804 271.2919
v -2349.8900 -1404.7388 271.2920
v -2348.8371 -1406.6396 271.2920
f 1936 1937 1938
v -2346.6675 -1406.7685 271.2928
v -2348.8371 -1406.6396 271.2920
v -2349.8900 -1404.7388 271.2920
f 1939 1940 1941
v -2348.3248 -1406.8790 271.2921
v -2348.8371 -1406.6396 271.2920
v -2346.6675 -1406.7685 271.2928
f 1942 1943 1944
v -2347.7830 -1402.4805 271.2933
v -2346.6815 -1402.6874 271.2937
v -2348.8489 -1402.8306 271.2928
f 1945 1946 1947
v -2346.6675 -1406.7685 271.2928
v -2349.8900 -1404.7388 271.2920
v -2346.6815 -1402.6874 271.2937
f 1948 1949 1950
v -2346.2023 -1402.9887 271.2938
v -2345.8145 -1403.3998 271.2938
v -2346.6815 -1402.6874 271.2937
f 1951 1952 1953
v -2345.5397 -1403.8944 271.2938
v -2345.5352 -1405.5544 271.2935
v -2345.8145 -1403.3998 271.2938
f 1954 1955 1956
v -2345.5352 -1405.5544 271.2935
v -2346.6815 -1402.6874 271.2937
v -2345.8145 -1403.3998 271.2938
f 1957 1958 1959
v -2345.3957 -1405.0068 271.2936
v -2345.5397 -1403.8944 271.2938
v -2345.3972 -1404.4409 271.2938
f 1960 1961 1962
v -2347.2050 -1406.9459 271.2925
v -2347.7690 -1406.9835 271.2923
v -2346.6675 -1406.7685 271.2928
f 1963 1964 1965
v -2347.7690 -1406.9835 271.2923
v -2348.3248 -1406.8790 271.2921
v -2346.6675 -1406.7685 271.2928
f 1966 1967 1968
v -2345.5352 -1405.5544 271.2935
v -2345.8056 -1406.0508 271.2933
v -2346.6675 -1406.7685 271.2928
f 1969 1970 1971
v -2345.8056 -1406.0508 271.2933
v -2346.1917 -1406.4647 271.2930
v -2346.6675 -1406.7685 271.2928
f 1972 1973 1974
v -2346.6675 -1406.7685 271.2928
v -2346.6815 -1402.6874 271.2937
v -2345.5352 -1405.5544 271.2935
f 1975 1976 1977
v -2345.5352 -1405.5544 271.2935
v -2345.5397 -1403.8944 271.2938
v -2345.3957 -1405.0068 271.2936
f 1978 1979 1980
v -2347.2191 -1402.5139 271.2935
v -2346.6815 -1402.6874 271.2937
v -2347.7830 -1402.4805 271.2933
f 1981 1982 1983
v -2346.6675 -1406.7685 271.2928
v -2347.2099 -1406.9487 285.1830
v -2347.2050 -1406.9459 271.2925
f 1984 1985 1986
v -2346.1917 -1406.4647 271.2930
v -2346.6724 -1406.7711 285.1833
v -2346.6675 -1406.7685 271.2928
f 1987 1988 1989
v -2345.8056 -1406.0508 271.2933
v -2346.1966 -1406.4674 285.1835
v -2346.1917 -1406.4647 271.2930
f 1990 1991 1992
v -2345.5352 -1405.5544 271.2935
v -2345.8105 -1406.0535 285.1838
v -2345.8056 -1406.0508 271.2933
f 1993 1994 1995
v -2345.3957 -1405.0068 271.2936
v -2345.5402 -1405.5572 285.1840
v -2345.5352 -1405.5544 271.2935
f 1996 1997 1998
v -2345.3972 -1404.4409 271.2938
v -2345.4007 -1405.0095 285.1841
v -2345.3957 -1405.0068 271.2936
f 1999 2000 2001
v -2345.5397 -1403.8944 271.2938
v -2345.4022 -1404.4436 285.1843
v -2345.3972 -1404.4409 271.2938
f 2002 2003 2004
v -2345.8145 -1403.3998 271.2938
v -2345.5447 -1403.8972 285.1843
v -2345.5397 -1403.8944 271.2938
f 2005 2006 2007
v -2346.2023 -1402.9887 271.2938
v -2345.8194 -1403.4025 285.1843
v -2345.8145 -1403.3998 271.2938
f 2008 2009 2010
v -2346.6815 -1402.6874 271.2937
v -2346.2073 -1402.9914 285.1843
v -2346.2023 -1402.9887 271.2938
f 2011 2012 2013
v -2347.2191 -1402.5139 271.2935
v -2346.6865 -1402.6901 285.1842
v -2346.6815 -1402.6874 271.2937
f 2014 2015 2016
v -2347.7830 -1402.4805 271.2933
v -2347.2240 -1402.5167 285.1840
v -2347.2191 -1402.5139 271.2935
f 2017 2018 2019
v -2348.3383 -1402.5880 271.2931
v -2347.7879 -1402.4832 285.1838
v -2347.7830 -1402.4805 271.2933
f 2020 2021 2022
v -2348.8489 -1402.8306 271.2928
v -2348.3432 -1402.5907 285.1836
v -2348.3383 -1402.5880 271.2931
f 2023 2024 2025
v -2349.2838 -1403.1915 271.2926
v -2348.8538 -1402.8333 285.1833
v -2348.8489 -1402.8306 271.2928
f 2026 2027 2028
v -2349.6151 -1403.6505 271.2924
v -2349.2888 -1403.1942 285.1831
v -2349.2838 -1403.1915 271.2926
f 2029 2030 2031
v -2349.8215 -1404.1770 271.2922
v -2349.6201 -1403.6532 285.1829
v -2349.6151 -1403.6505 271.2924
f 2032 2033 2034
v -2349.8900 -1404.7388 271.2920
v -2349.8264 -1404.1797 285.1827
v -2349.8215 -1404.1770 271.2922
f 2035 2036 2037
v -2349.8185 -1405.2990 271.2919
v -2349.8949 -1404.7415 285.1825
v -2349.8900 -1404.7388 271.2920
f 2038 2039 2040
v -2349.6079 -1405.8245 271.2919
v -2349.8235 -1405.3017 285.1824
v -2349.8185 -1405.2990 271.2919
f 2041 2042 2043
v -2349.2741 -1406.2804 271.2919
v -2349.6129 -1405.8273 285.1824
v -2349.6079 -1405.8245 271.2919
f 2044 2045 2046
v -2348.8371 -1406.6396 271.2920
v -2349.2791 -1406.2832 285.1824
v -2349.2741 -1406.2804 271.2919
f 2047 2048 2049
v -2348.3248 -1406.8790 271.2921
v -2348.8420 -1406.6423 285.1825
v -2348.8371 -1406.6396 271.2920
f 2050 2051 2052
v -2347.7690 -1406.9835 271.2923
v -2348.3297 -1406.8817 285.1826
v -2348.3248 -1406.8790 271.2921
f 2053 2054 2055
v -2347.2050 -1406.9459 271.2925
v -2347.7740 -1406.9862 285.1828
v -2347.7690 -1406.9835 271.2923
f 2056 2057 2058

g building_ID_157830F8-6256-4BF3-87F0-62C128BEBC5A
v -2349.0974 -1411.2496 285.1813
v -2349.4863 -1410.1025 285.1815
v -2349.3649 -1410.7009 285.1814
f 2059 2060 2061
v -2349.0974 -1411.2496 285.1813
v -2349.2731 -1408.9111 285.1819
v -2349.4863 -1410.1025 285.1815
f 2062 2063 2064
v -2347.0294 -1412.3551 285.1818
v -2349.0974 -1411.2496 285.1813
v -2348.2046 -1412.0689 285.1814
f 2065 2066 2067
v -2348.7037 -1411.7156 285.1813
v -2348.2046 -1412.0689 285.1814
v -2349.0974 -1411.2496 285.1813
f 2068 2069 2070
v -2349.2731 -1408.9111 285.1819
v -2349.0974 -1411.2496 285.1813
v -2344.8681 -1408.8580 285.1835
f 2071 2072 2073
v -2348.9528 -1408.3920 285.1821
v -2349.2731 -1408.9111 285.1819
v -2347.3914 -1407.5092 285.1829
f 2074 2075 2076
v -2349.4863 -1410.1025 285.1815
v -2349.2731 -1408.9111 285.1819
v -2349.4557 -1409.4927 285.1817
f 2077 2078 2079
v -2348.5126 -1407.9682 285.1823
v -2348.9528 -1408.3920 285.1821
v -2347.9808 -1407.6676 285.1826
f 2080 2081 2082
v -2347.3914 -1407.5092 285.1829
v -2347.9808 -1407.6676 285.1826
v -2348.9528 -1408.3920 285.1821
f 2083 2084 2085
v -2347.3914 -1407.5092 285.1829
v -2349.2731 -1408.9111 285.1819
v -2344.8681 -1408.8580 285.1835
f 2086 2087 2088
v -2347.6352 -1412.2865 285.1816
v -2347.0294 -1412.3551 285.1818
v -2348.2046 -1412.0689 285.1814
f 2089 2090 2091
v -2346.4241 -1412.2718 285.1821
v -2344.7338 -1410.6454 285.1831
v -2347.0294 -1412.3551 285.1818
f 2092 2093 2094
v -2345.8595 -1412.0413 285.1824
v -2345.3706 -1411.6766 285.1827
v -2346.4241 -1412.2718 285.1821
f 2095 2096 2097
v -2344.7338 -1410.6454 285.1831
v -2345.3706 -1411.6766 285.1827
v -2344.9863 -1411.2006 285.1829
f 2098 2099 2100
v -2346.4241 -1412.2718 285.1821
v -2345.3706 -1411.6766 285.1827
v -2344.7338 -1410.6454 285.1831
f 2101 2102 2103
v -2349.0974 -1411.2496 285.1813
v -2344.7338 -1410.6454 285.1831
v -2344.8681 -1408.8580 285.1835
f 2104 2105 2106
v -2346.1878 -1407.6464 285.1833
v -2347.3914 -1407.5092 285.1829
v -2345.6505 -1407.9338 285.1834
f 2107 2108 2109
v -2346.1878 -1407.6464 285.1833
v -2346.7814 -1407.5009 285.1831
v -2347.3914 -1407.5092 285.1829
f 2110 2111 2112
v -2344.8681 -1408.8580 285.1835
v -2344.6262 -1410.0446 285.1833
v -2344.6716 -1409.4365 285.1834
f 2113 2114 2115
v -2344.8681 -1408.8580 285.1835
v -2345.1996 -1408.3471 285.1835
v -2345.6505 -1407.9338 285.1834
f 2116 2117 2118
v -2344.8681 -1408.8580 285.1835
v -2345.6505 -1407.9338 285.1834
v -2347.3914 -1407.5092 285.1829
f 2119 2120 2121
v -2344.8681 -1408.8580 285.1835
v -2344.7338 -1410.6454 285.1831
v -2344.6262 -1410.0446 285.1833
f 2122 2123 2124
v -2349.0974 -1411.2496 285.1813
v -2347.0294 -1412.3551 285.1818
v -2344.7338 -1410.6454 285.1831
f 2125 2126 2127
v -2346.4193 -1412.2691 271.4497
v -2346.4241 -1412.2718 285.1821
v -2347.0294 -1412.3551 285.1818
f 2128 2129 2130
v -2345.8547 -1412.0386 271.4499
v -2345.8595 -1412.0413 285.1824
v -2346.4241 -1412.2718 285.1821
f 2131 2132 2133
v -2345.3657 -1411.6739 271.4502
v -2345.3706 -1411.6766 285.1827
v -2345.8595 -1412.0413 285.1824
f 2134 2135 2136
v -2344.9815 -1411.1979 271.4504
v -2344.9863 -1411.2006 285.1829
v -2345.3706 -1411.6766 285.1827
f 2137 2138 2139
v -2344.7289 -1410.6426 271.4506
v -2344.7338 -1410.6454 285.1831
v -2344.9863 -1411.2006 285.1829
f 2140 2141 2142
v -2344.6214 -1410.0418 271.4508
v -2344.6262 -1410.0446 285.1833
v -2344.7338 -1410.6454 285.1831
f 2143 2144 2145
v -2344.6667 -1409.4338 271.4509
v -2344.6716 -1409.4365 285.1834
v -2344.6262 -1410.0446 285.1833
f 2146 2147 2148
v -2344.8632 -1408.8553 271.4510
v -2344.8681 -1408.8580 285.1835
v -2344.6667 -1409.4338 271.4509
f 2149 2150 2151
v -2345.1947 -1408.3444 271.4510
v -2345.1996 -1408.3471 285.1835
v -2344.8632 -1408.8553 271.4510
f 2152 2153 2154
v -2345.6457 -1407.9311 271.4509
v -2345.6505 -1407.9338 285.1834
v -2345.1996 -1408.3471 285.1835
f 2155 2156 2157
v -2346.1829 -1407.6437 271.4508
v -2346.1878 -1407.6464 285.1833
v -2345.6505 -1407.9338 285.1834
f 2158 2159 2160
v -2346.7765 -1407.4982 271.4506
v -2346.7814 -1407.5009 285.1831
v -2346.1878 -1407.6464 285.1833
f 2161 2162 2163
v -2347.3865 -1407.5065 271.4504
v -2347.3914 -1407.5092 285.1829
v -2346.7814 -1407.5009 285.1831
f 2164 2165 2166
v -2347.9759 -1407.6649 271.4501
v -2347.9808 -1407.6676 285.1826
v -2347.3914 -1407.5092 285.1829
f 2167 2168 2169
v -2348.5078 -1407.9654 271.4498
v -2348.5126 -1407.9682 285.1823
v -2347.9808 -1407.6676 285.1826
f 2170 2171 2172
v -2348.9479 -1408.3893 271.4496
v -2348.9528 -1408.3920 285.1821
v -2348.5126 -1407.9682 285.1823
f 2173 2174 2175
v -2349.2682 -1408.9084 271.4494
v -2349.2731 -1408.9111 285.1819
v -2348.9528 -1408.3920 285.1821
f 2176 2177 2178
v -2349.4508 -1409.4900 271.4492
v -2349.4557 -1409.4927 285.1817
v -2349.2731 -1408.9111 285.1819
f 2179 2180 2181
v -2349.4814 -1410.0998 271.4490
v -2349.4863 -1410.1025 285.1815
v -2349.4557 -1409.4927 285.1817
f 2182 2183 2184
v -2349.3600 -1410.6982 271.4489
v -2349.3649 -1410.7009 285.1814
v -2349.4863 -1410.1025 285.1815
f 2185 2186 2187
v -2349.0926 -1411.2469 271.4489
v -2349.0974 -1411.2496 285.1813
v -2349.3649 -1410.7009 285.1814
f 2188 2189 2190
v -2348.6988 -1411.7129 271.4489
v -2348.7037 -1411.7156 285.1813
v -2349.0974 -1411.2496 285.1813
f 2191 2192 2193
v -2348.1998 -1412.0662 271.4490
v -2348.2046 -1412.0689 285.1814
v -2348.7037 -1411.7156 285.1813
f 2194 2195 2196
v -2347.6303 -1412.2838 271.4492
v -2347.6352 -1412.2865 285.1816
v -2348.2046 -1412.0689 285.1814
f 2197 2198 2199
v -2347.0245 -1412.3524 271.4494
v -2347.0294 -1412.3551 285.1818
v -2347.6352 -1412.2865 285.1816
f 2200 2201 2202
v -2349.4508 -1409.4900 271.4492
v -2349.2682 -1408.9084 271.4494
v -2349.4814 -1410.0998 271.4490
f 2203 2204 2205
v -2348.9479 -1408.3893 271.4496
v -2347.3865 -1407.5065 271.4504
v -2349.2682 -1408.9084 271.4494
f 2206 2207 2208
v -2348.9479 -1408.3893 271.4496
v -2347.9759 -1407.6649 271.4501
v -2347.3865 -1407.5065 271.4504
f 2209 2210 2211
v -2348.5078 -1407.9654 271.4498
v -2347.9759 -1407.6649 271.4501
v -2348.9479 -1408.3893 271.4496
f 2212 2213 2214
v -2349.2682 -1408.9084 271.4494
v -2344.8632 -1408.8553 271.4510
v -2349.0926 -1411.2469 271.4489
f 2215 2216 2217
v -2349.3600 -1410.6982 271.4489
v -2349.4814 -1410.0998 271.4490
v -2349.0926 -1411.2469 271.4489
f 2218 2219 2220
v -2349.0926 -1411.2469 271.4489
v -2349.4814 -1410.0998 271.4490
v -2349.2682 -1408.9084 271.4494
f 2221 2222 2223
v -2348.6988 -1411.7129 271.4489
v -2349.0926 -1411.2469 271.4489
v -2348.1998 -1412.0662 271.4490
f 2224 2225 2226
v -2347.0245 -1412.3524 271.4494
v -2347.6303 -1412.2838 271.4492
v -2348.1998 -1412.0662 271.4490
f 2227 2228 2229
v -2347.0245 -1412.3524 271.4494
v -2348.1998 -1412.0662 271.4490
v -2349.0926 -1411.2469 271.4489
f 2230 2231 2232
v -2347.3865 -1407.5065 271.4504
v -2344.8632 -1408.8553 271.4510
v -2349.2682 -1408.9084 271.4494
f 2233 2234 2235
v -2347.3865 -1407.5065 271.4504
v -2346.1829 -1407.6437 271.4508
v -2345.6457 -1407.9311 271.4509
f 2236 2237 2238
v -2344.8632 -1408.8553 271.4510
v -2347.3865 -1407.5065 271.4504
v -2345.6457 -1407.9311 271.4509
f 2239 2240 2241
v -2349.0926 -1411.2469 271.4489
v -2344.8632 -1408.8553 271.4510
v -2344.7289 -1410.6426 271.4506
f 2242 2243 2244
v -2345.1947 -1408.3444 271.4510
v -2344.8632 -1408.8553 271.4510
v -2345.6457 -1407.9311 271.4509
f 2245 2246 2247
v -2344.6667 -1409.4338 271.4509
v -2344.6214 -1410.0418 271.4508
v -2344.8632 -1408.8553 271.4510
f 2248 2249 2250
v -2345.8547 -1412.0386 271.4499
v -2346.4193 -1412.2691 271.4497
v -2345.3657 -1411.6739 271.4502
f 2251 2252 2253
v -2347.0245 -1412.3524 271.4494
v -2344.7289 -1410.6426 271.4506
v -2346.4193 -1412.2691 271.4497
f 2254 2255 2256
v -2346.4193 -1412.2691 271.4497
v -2344.7289 -1410.6426 271.4506
v -2345.3657 -1411.6739 271.4502
f 2257 2258 2259
v -2344.7289 -1410.6426 271.4506
v -2344.9815 -1411.1979 271.4504
v -2345.3657 -1411.6739 271.4502
f 2260 2261 2262
v -2347.0245 -1412.3524 271.4494
v -2349.0926 -1411.2469 271.4489
v -2344.7289 -1410.6426 271.4506
f 2263 2264 2265
v -2344.7289 -1410.6426 271.4506
v -2344.8632 -1408.8553 271.4510
v -2344.6214 -1410.0418 271.4508
f 2266 2267 2268
v -2346.7765 -1407.4982 271.4506
v -2346.1829 -1407.6437 271.4508
v -2347.3865 -1407.5065 271.4504
f 2269 2270 2271
v -2346.4193 -1412.2691 271.4497
v -2347.0294 -1412.3551 285.1818
v -2347.0245 -1412.3524 271.4494
f 2272 2273 2274
v -2345.8547 -1412.0386 271.4499
v -2346.4241 -1412.2718 285.1821
v -2346.4193 -1412.2691 271.4497
f 2275 2276 2277
v -2345.3657 -1411.6739 271.4502
v -2345.8595 -1412.0413 285.1824
v -2345.8547 -1412.0386 271.4499
f 2278 2279 2280
v -2344.9815 -1411.1979 271.4504
v -2345.3706 -1411.6766 285.1827
v -2345.3657 -1411.6739 271.4502
f 2281 2282 2283
v -2344.7289 -1410.6426 271.4506
v -2344.9863 -1411.2006 285.1829
v -2344.9815 -1411.1979 271.4504
f 2284 2285 2286
v -2344.6214 -1410.0418 271.4508
v -2344.7338 -1410.6454 285.1831
v -2344.7289 -1410.6426 271.4506
f 2287 2288 2289
v -2344.6667 -1409.4338 271.4509
v -2344.6262 -1410.0446 285.1833
v -2344.6214 -1410.0418 271.4508
f 2290 2291 2292
v -2344.8681 -1408.8580 285.1835
v -2344.6716 -1409.4365 285.1834
v -2344.6667 -1409.4338 271.4509
f 2293 2294 2295
v -2345.1996 -1408.3471 285.1835
v -2344.8681 -1408.8580 285.1835
v -2344.8632 -1408.8553 271.4510
f 2296 2297 2298
v -2345.6457 -1407.9311 271.4509
v -2345.1996 -1408.3471 285.1835
v -2345.1947 -1408.3444 271.4510
f 2299 2300 2301
v -2346.1829 -1407.6437 271.4508
v -2345.6505 -1407.9338 285.1834
v -2345.6457 -1407.9311 271.4509
f 2302 2303 2304
v -2346.7765 -1407.4982 271.4506
v -2346.1878 -1407.6464 285.1833
v -2346.1829 -1407.6437 271.4508
f 2305 2306 2307
v -2347.3865 -1407.5065 271.4504
v -2346.7814 -1407.5009 285.1831
v -2346.7765 -1407.4982 271.4506
f 2308 2309 2310
v -2347.9759 -1407.6649 271.4501
v -2347.3914 -1407.5092 285.1829
v -2347.3865 -1407.5065 271.4504
f 2311 2312 2313
v -2348.5078 -1407.9654 271.4498
v -2347.9808 -1407.6676 285.1826
v -2347.9759 -1407.6649 271.4501
f 2314 2315 2316
v -2348.9479 -1408.3893 271.4496
v -2348.5126 -1407.9682 285.1823
v -2348.5078 -1407.9654 271.4498
f 2317 2318 2319
v -2349.2682 -1408.9084 271.4494
v -2348.9528 -1408.3920 285.1821
v -2348.9479 -1408.3893 271.4496
f 2320 2321 2322
v -2349.4508 -1409.4900 271.4492
v -2349.2731 -1408.9111 285.1819
v -2349.2682 -1408.9084 271.4494
f 2323 2324 2325
v -2349.4814 -1410.0998 271.4490
v -2349.4557 -1409.4927 285.1817
v -2349.4508 -1409.4900 271.4492
f 2326 2327 2328
v -2349.3600 -1410.6982 271.4489
v -2349.4863 -1410.1025 285.1815
v -2349.4814 -1410.0998 271.4490
f 2329 2330 2331
v -2349.0926 -1411.2469 271.4489
v -2349.3649 -1410.7009 285.1814
v -2349.3600 -1410.6982 271.4489
f 2332 2333 2334
v -2348.6988 -1411.7129 271.4489
v -2349.0974 -1411.2496 285.1813
v -2349.0926 -1411.2469 271.4489
f 2335 2336 2337
v -2348.1998 -1412.0662 271.4490
v -2348.7037 -1411.7156 285.1813
v -2348.6988 -1411.7129 271.4489
f 2338 2339 2340
v -2347.6303 -1412.2838 271.4492
v -2348.2046 -1412.0689 285.1814
v -2348.1998 -1412.0662 271.4490
f 2341 2342 2343
v -2347.0245 -1412.3524 271.4494
v -2347.6352 -1412.2865 285.1816
v -2347.6303 -1412.2838 271.4492
f 2344 2345 2346

g building_ID_8B8CCA53-D6BC-44FA-9FA4-37BB1D4EDA18
v -2348.3548 -1420.3335 285.1796
v -2348.2064 -1420.9199 285.1795
v -2348.3502 -1419.7286 285.1797
f 2347 2348 2349
v -2347.9178 -1421.4517 285.1795
v -2346.4204 -1422.4117 285.1798
v -2348.2064 -1420.9199 285.1795
f 2350 2351 2352
v -2346.4204 -1422.4117 285.1798
v -2347.5050 -1421.8958 285.1795
v -2346.9949 -1422.2231 285.1796
f 2353 2354 2355
v -2347.9178 -1421.4517 285.1795
v -2347.5050 -1421.8958 285.1795
v -2346.4204 -1422.4117 285.1798
f 2356 2357 2358
v -2346.4204 -1422.4117 285.1798
v -2348.3502 -1419.7286 285.1797
v -2348.2064 -1420.9199 285.1795
f 2359 2360 2361
v -2347.9042 -1418.6128 285.1801
v -2348.1976 -1419.1419 285.1799
v -2347.4860 -1418.1729 285.1804
f 2362 2363 2364
v -2348.3502 -1419.7286 285.1797
v -2347.4860 -1418.1729 285.1804
v -2348.1976 -1419.1419 285.1799
f 2365 2366 2367
v -2347.4860 -1418.1729 285.1804
v -2348.3502 -1419.7286 285.1797
v -2346.9742 -1417.8522 285.1806
f 2368 2369 2370
v -2344.6526 -1418.0095 285.1814
v -2346.9742 -1417.8522 285.1806
v -2348.3502 -1419.7286 285.1797
f 2371 2372 2373
v -2346.3977 -1417.6668 285.1809
v -2346.9742 -1417.8522 285.1806
v -2345.7926 -1417.6324 285.1811
f 2374 2375 2376
v -2346.4204 -1422.4117 285.1798
v -2343.8350 -1418.8886 285.1815
v -2348.3502 -1419.7286 285.1797
f 2377 2378 2379
v -2343.8462 -1421.2166 285.1810
v -2346.4204 -1422.4117 285.1798
v -2345.2212 -1422.3429 285.1803
f 2380 2381 2382
v -2344.6715 -1422.0884 285.1805
v -2344.2036 -1421.7047 285.1808
v -2345.2212 -1422.3429 285.1803
f 2383 2384 2385
v -2346.4204 -1422.4117 285.1798
v -2343.8462 -1421.2166 285.1810
v -2343.8350 -1418.8886 285.1815
f 2386 2387 2388
v -2344.2036 -1421.7047 285.1808
v -2343.8462 -1421.2166 285.1810
v -2345.2212 -1422.3429 285.1803
f 2389 2390 2391
v -2343.6197 -1420.6542 285.1812
v -2343.5411 -1420.0534 285.1814
v -2343.8462 -1421.2166 285.1810
f 2392 2393 2394
v -2345.1989 -1417.7480 285.1813
v -2345.7926 -1417.6324 285.1811
v -2344.6526 -1418.0095 285.1814
f 2395 2396 2397
v -2345.7926 -1417.6324 285.1811
v -2346.9742 -1417.8522 285.1806
v -2344.6526 -1418.0095 285.1814
f 2398 2399 2400
v -2343.8350 -1418.8886 285.1815
v -2343.5411 -1420.0534 285.1814
v -2343.6135 -1419.4523 285.1815
f 2401 2402 2403
v -2343.8350 -1418.8886 285.1815
v -2344.1866 -1418.3967 285.1815
v -2344.6526 -1418.0095 285.1814
f 2404 2405 2406
v -2348.3502 -1419.7286 285.1797
v -2343.8350 -1418.8886 285.1815
v -2344.6526 -1418.0095 285.1814
f 2407 2408 2409
v -2343.8350 -1418.8886 285.1815
v -2343.8462 -1421.2166 285.1810
v -2343.5411 -1420.0534 285.1814
f 2410 2411 2412
v -2345.8165 -1422.4533 285.1800
v -2345.2212 -1422.3429 285.1803
v -2346.4204 -1422.4117 285.1798
f 2413 2414 2415
v -2345.8116 -1422.4506 271.5516
v -2345.8165 -1422.4533 285.1800
v -2346.4204 -1422.4117 285.1798
f 2416 2417 2418
v -2345.2164 -1422.3402 271.5519
v -2345.2212 -1422.3429 285.1803
v -2345.8165 -1422.4533 285.1800
f 2419 2420 2421
v -2344.6667 -1422.0857 271.5521
v -2344.6715 -1422.0884 285.1805
v -2345.2212 -1422.3429 285.1803
f 2422 2423 2424
v -2344.1987 -1421.7020 271.5524
v -2344.2036 -1421.7047 285.1808
v -2344.6715 -1422.0884 285.1805
f 2425 2426 2427
v -2343.8414 -1421.2139 271.5526
v -2343.8462 -1421.2166 285.1810
v -2344.2036 -1421.7047 285.1808
f 2428 2429 2430
v -2343.6149 -1420.6515 271.5528
v -2343.6197 -1420.6542 285.1812
v -2343.8462 -1421.2166 285.1810
f 2431 2432 2433
v -2343.5362 -1420.0507 271.5530
v -2343.5411 -1420.0534 285.1814
v -2343.6197 -1420.6542 285.1812
f 2434 2435 2436
v -2343.6087 -1419.4496 271.5531
v -2343.6135 -1419.4523 285.1815
v -2343.5411 -1420.0534 285.1814
f 2437 2438 2439
v -2343.8301 -1418.8859 271.5531
v -2343.8350 -1418.8886 285.1815
v -2343.6135 -1419.4523 285.1815
f 2440 2441 2442
v -2344.1818 -1418.3940 271.5531
v -2344.1866 -1418.3967 285.1815
v -2343.8350 -1418.8886 285.1815
f 2443 2444 2445
v -2344.6478 -1418.0068 271.5530
v -2344.6526 -1418.0095 285.1814
v -2344.1866 -1418.3967 285.1815
f 2446 2447 2448
v -2345.1940 -1417.7453 271.5529
v -2345.1989 -1417.7480 285.1813
v -2344.6526 -1418.0095 285.1814
f 2449 2450 2451
v -2345.7877 -1417.6297 271.5527
v -2345.7926 -1417.6324 285.1811
v -2345.1989 -1417.7480 285.1813
f 2452 2453 2454
v -2346.3928 -1417.6641 271.5525
v -2346.3977 -1417.6668 285.1809
v -2345.7926 -1417.6324 285.1811
f 2455 2456 2457
v -2346.9693 -1417.8495 271.5522
v -2346.9742 -1417.8522 285.1806
v -2346.3977 -1417.6668 285.1809
f 2458 2459 2460
v -2347.4812 -1418.1702 271.5520
v -2347.4860 -1418.1729 285.1804
v -2346.9742 -1417.8522 285.1806
f 2461 2462 2463
v -2347.8994 -1418.6100 271.5517
v -2347.9042 -1418.6128 285.1801
v -2347.4860 -1418.1729 285.1804
f 2464 2465 2466
v -2348.1928 -1419.1392 271.5515
v -2348.1976 -1419.1419 285.1799
v -2347.9042 -1418.6128 285.1801
f 2467 2468 2469
v -2348.3453 -1419.7258 271.5513
v -2348.3502 -1419.7286 285.1797
v -2348.1976 -1419.1419 285.1799
f 2470 2471 2472
v -2348.3500 -1420.3308 271.5512
v -2348.3548 -1420.3335 285.1796
v -2348.3502 -1419.7286 285.1797
f 2473 2474 2475
v -2348.2015 -1420.9172 271.5511
v -2348.2064 -1420.9199 285.1795
v -2348.3548 -1420.3335 285.1796
f 2476 2477 2478
v -2347.9130 -1421.4490 271.5511
v -2347.9178 -1421.4517 285.1795
v -2348.2064 -1420.9199 285.1795
f 2479 2480 2481
v -2347.5001 -1421.8931 271.5511
v -2347.5050 -1421.8958 285.1795
v -2347.9178 -1421.4517 285.1795
f 2482 2483 2484
v -2346.9901 -1422.2204 271.5512
v -2346.9949 -1422.2231 285.1796
v -2347.5050 -1421.8958 285.1795
f 2485 2486 2487
v -2346.4155 -1422.4090 271.5514
v -2346.4204 -1422.4117 285.1798
v -2346.9949 -1422.2231 285.1796
f 2488 2489 2490
v -2348.1928 -1419.1392 271.5515
v -2347.4812 -1418.1702 271.5520
v -2348.3453 -1419.7258 271.5513
f 2491 2492 2493
v -2347.8994 -1418.6100 271.5517
v -2347.4812 -1418.1702 271.5520
v -2348.1928 -1419.1392 271.5515
f 2494 2495 2496
v -2343.8301 -1418.8859 271.5531
v -2346.4155 -1422.4090 271.5514
v -2348.3453 -1419.7258 271.5513
f 2497 2498 2499
v -2347.4812 -1418.1702 271.5520
v -2346.9693 -1417.8495 271.5522
v -2348.3453 -1419.7258 271.5513
f 2500 2501 2502
v -2348.3453 -1419.7258 271.5513
v -2346.9693 -1417.8495 271.5522
v -2344.6478 -1418.0068 271.5530
f 2503 2504 2505
v -2347.9130 -1421.4490 271.5511
v -2348.2015 -1420.9172 271.5511
v -2346.4155 -1422.4090 271.5514
f 2506 2507 2508
v -2348.3453 -1419.7258 271.5513
v -2348.2015 -1420.9172 271.5511
v -2348.3500 -1420.3308 271.5512
f 2509 2510 2511
v -2346.9901 -1422.2204 271.5512
v -2347.5001 -1421.8931 271.5511
v -2346.4155 -1422.4090 271.5514
f 2512 2513 2514
v -2347.9130 -1421.4490 271.5511
v -2346.4155 -1422.4090 271.5514
v -2347.5001 -1421.8931 271.5511
f 2515 2516 2517
v -2348.2015 -1420.9172 271.5511
v -2348.3453 -1419.7258 271.5513
v -2346.4155 -1422.4090 271.5514
f 2518 2519 2520
v -2345.7877 -1417.6297 271.5527
v -2346.9693 -1417.8495 271.5522
v -2346.3928 -1417.6641 271.5525
f 2521 2522 2523
v -2344.6478 -1418.0068 271.5530
v -2345.7877 -1417.6297 271.5527
v -2345.1940 -1417.7453 271.5529
f 2524 2525 2526
v -2348.3453 -1419.7258 271.5513
v -2344.6478 -1418.0068 271.5530
v -2343.8301 -1418.8859 271.5531
f 2527 2528 2529
v -2346.4155 -1422.4090 271.5514
v -2343.8301 -1418.8859 271.5531
v -2343.8414 -1421.2139 271.5526
f 2530 2531 2532
v -2344.1818 -1418.3940 271.5531
v -2343.8301 -1418.8859 271.5531
v -2344.6478 -1418.0068 271.5530
f 2533 2534 2535
v -2343.6087 -1419.4496 271.5531
v -2343.5362 -1420.0507 271.5530
v -2343.8301 -1418.8859 271.5531
f 2536 2537 2538
v -2344.6667 -1422.0857 271.5521
v -2345.2164 -1422.3402 271.5519
v -2344.1987 -1421.7020 271.5524
f 2539 2540 2541
v -2346.4155 -1422.4090 271.5514
v -2345.2164 -1422.3402 271.5519
v -2345.8116 -1422.4506 271.5516
f 2542 2543 2544
v -2343.8414 -1421.2139 271.5526
v -2343.5362 -1420.0507 271.5530
v -2343.6149 -1420.6515 271.5528
f 2545 2546 2547
v -2343.8414 -1421.2139 271.5526
v -2344.1987 -1421.7020 271.5524
v -2345.2164 -1422.3402 271.5519
f 2548 2549 2550
v -2346.4155 -1422.4090 271.5514
v -2343.8414 -1421.2139 271.5526
v -2345.2164 -1422.3402 271.5519
f 2551 2552 2553
v -2343.8414 -1421.2139 271.5526
v -2343.8301 -1418.8859 271.5531
v -2343.5362 -1420.0507 271.5530
f 2554 2555 2556
v -2345.7877 -1417.6297 271.5527
v -2344.6478 -1418.0068 271.5530
v -2346.9693 -1417.8495 271.5522
f 2557 2558 2559
v -2345.8116 -1422.4506 271.5516
v -2346.4204 -1422.4117 285.1798
v -2346.4155 -1422.4090 271.5514
f 2560 2561 2562
v -2345.2164 -1422.3402 271.5519
v -2345.8165 -1422.4533 285.1800
v -2345.8116 -1422.4506 271.5516
f 2563 2564 2565
v -2344.6667 -1422.0857 271.5521
v -2345.2212 -1422.3429 285.1803
v -2345.2164 -1422.3402 271.5519
f 2566 2567 2568
v -2344.1987 -1421.7020 271.5524
v -2344.6715 -1422.0884 285.1805
v -2344.6667 -1422.0857 271.5521
f 2569 2570 2571
v -2343.8414 -1421.2139 271.5526
v -2344.2036 -1421.7047 285.1808
v -2344.1987 -1421.7020 271.5524
f 2572 2573 2574
v -2343.6149 -1420.6515 271.5528
v -2343.8462 -1421.2166 285.1810
v -2343.8414 -1421.2139 271.5526
f 2575 2576 2577
v -2343.5362 -1420.0507 271.5530
v -2343.6197 -1420.6542 285.1812
v -2343.6149 -1420.6515 271.5528
f 2578 2579 2580
v -2343.6087 -1419.4496 271.5531
v -2343.5411 -1420.0534 285.1814
v -2343.5362 -1420.0507 271.5530
f 2581 2582 2583
v -2343.8301 -1418.8859 271.5531
v -2343.6135 -1419.4523 285.1815
v -2343.6087 -1419.4496 271.5531
f 2584 2585 2586
v -2344.1818 -1418.3940 271.5531
v -2343.8350 -1418.8886 285.1815
v -2343.8301 -1418.8859 271.5531
f 2587 2588 2589
v -2344.6478 -1418.0068 271.5530
v -2344.1866 -1418.3967 285.1815
v -2344.1818 -1418.3940 271.5531
f 2590 2591 2592
v -2345.1940 -1417.7453 271.5529
v -2344.6526 -1418.0095 285.1814
v -2344.6478 -1418.0068 271.5530
f 2593 2594 2595
v -2345.7877 -1417.6297 271.5527
v -2345.1989 -1417.7480 285.1813
v -2345.1940 -1417.7453 271.5529
f 2596 2597 2598
v -2346.3928 -1417.6641 271.5525
v -2345.7926 -1417.6324 285.1811
v -2345.7877 -1417.6297 271.5527
f 2599 2600 2601
v -2346.9693 -1417.8495 271.5522
v -2346.3977 -1417.6668 285.1809
v -2346.3928 -1417.6641 271.5525
f 2602 2603 2604
v -2347.4812 -1418.1702 271.5520
v -2346.9742 -1417.8522 285.1806
v -2346.9693 -1417.8495 271.5522
f 2605 2606 2607
v -2347.8994 -1418.6100 271.5517
v -2347.4860 -1418.1729 285.1804
v -2347.4812 -1418.1702 271.5520
f 2608 2609 2610
v -2348.1928 -1419.1392 271.5515
v -2347.9042 -1418.6128 285.1801
v -2347.8994 -1418.6100 271.5517
f 2611 2612 2613
v -2348.3453 -1419.7258 271.5513
v -2348.1976 -1419.1419 285.1799
v -2348.1928 -1419.1392 271.5515
f 2614 2615 2616
v -2348.3500 -1420.3308 271.5512
v -2348.3502 -1419.7286 285.1797
v -2348.3453 -1419.7258 271.5513
f 2617 2618 2619
v -2348.2015 -1420.9172 271.5511
v -2348.3548 -1420.3335 285.1796
v -2348.3500 -1420.3308 271.5512
f 2620 2621 2622
v -2347.9130 -1421.4490 271.5511
v -2348.2064 -1420.9199 285.1795
v -2348.2015 -1420.9172 271.5511
f 2623 2624 2625
v -2347.5001 -1421.8931 271.5511
v -2347.9178 -1421.4517 285.1795
v -2347.9130 -1421.4490 271.5511
f 2626 2627 2628
v -2346.9901 -1422.2204 271.5512
v -2347.5050 -1421.8958 285.1795
v -2347.5001 -1421.8931 271.5511
f 2629 2630 2631
v -2346.4155 -1422.4090 271.5514
v -2346.9949 -1422.2231 285.1796
v -2346.9901 -1422.2204 271.5512
f 2632 2633 2634

g building_ID_798E7E7E-5099-420B-A7C2-CE90D483F1C9
v -2345.0918 -1412.8794 285.1824
v -2346.1775 -1412.4154 285.1821
v -2344.6699 -1413.2985 285.1825
f 2635 2636 2637
v -2345.6050 -1412.5780 285.1823
v -2346.1775 -1412.4154 285.1821
v -2345.0918 -1412.8794 285.1824
f 2638 2639 2640
v -2344.6699 -1413.2985 285.1825
v -2346.7725 -1412.3998 285.1819
v -2347.3509 -1412.5322 285.1817
f 2641 2642 2643
v -2346.1775 -1412.4154 285.1821
v -2346.7725 -1412.3998 285.1819
v -2344.6699 -1413.2985 285.1825
f 2644 2645 2646
v -2348.2063 -1416.4450 285.1805
v -2344.1755 -1414.9718 285.1823
v -2344.6699 -1413.2985 285.1825
f 2647 2648 2649
v -2344.3643 -1413.8073 285.1825
v -2344.6699 -1413.2985 285.1825
v -2344.1959 -1414.3778 285.1824
f 2650 2651 2652
v -2344.1959 -1414.3778 285.1824
v -2344.6699 -1413.2985 285.1825
v -2344.1755 -1414.9718 285.1823
f 2653 2654 2655
v -2344.9606 -1416.5327 285.1816
v -2344.5695 -1416.0848 285.1819
v -2345.4505 -1416.8684 285.1814
f 2656 2657 2658
v -2344.1755 -1414.9718 285.1823
v -2345.4505 -1416.8684 285.1814
v -2344.3020 -1415.5524 285.1821
f 2659 2660 2661
v -2344.5695 -1416.0848 285.1819
v -2344.3020 -1415.5524 285.1821
v -2345.4505 -1416.8684 285.1814
f 2662 2663 2664
v -2344.6699 -1413.2985 285.1825
v -2347.3509 -1412.5322 285.1817
v -2348.2063 -1416.4450 285.1805
f 2665 2666 2667
v -2348.3246 -1413.1996 285.1812
v -2348.8545 -1414.2532 285.1807
v -2347.8806 -1412.8049 285.1814
f 2668 2669 2670
v -2348.6570 -1413.6937 285.1809
v -2348.8545 -1414.2532 285.1807
v -2348.3246 -1413.1996 285.1812
f 2671 2672 2673
v -2348.8126 -1415.4323 285.1805
v -2348.8545 -1414.2532 285.1807
v -2348.9091 -1414.8451 285.1806
f 2674 2675 2676
v -2347.3509 -1412.5322 285.1817
v -2348.8545 -1414.2532 285.1807
v -2348.2063 -1416.4450 285.1805
f 2677 2678 2679
v -2348.8126 -1415.4323 285.1805
v -2348.2063 -1416.4450 285.1805
v -2348.8545 -1414.2532 285.1807
f 2680 2681 2682
v -2346.0101 -1417.0728 285.1811
v -2345.4505 -1416.8684 285.1814
v -2346.6012 -1417.1312 285.1809
f 2683 2684 2685
v -2348.2063 -1416.4450 285.1805
v -2346.6012 -1417.1312 285.1809
v -2345.4505 -1416.8684 285.1814
f 2686 2687 2688
v -2348.2063 -1416.4450 285.1805
v -2347.7354 -1416.8072 285.1806
v -2346.6012 -1417.1312 285.1809
f 2689 2690 2691
v -2347.7354 -1416.8072 285.1806
v -2347.1880 -1417.0417 285.1807
v -2346.6012 -1417.1312 285.1809
f 2692 2693 2694
v -2345.4505 -1416.8684 285.1814
v -2344.1755 -1414.9718 285.1823
v -2348.2063 -1416.4450 285.1805
f 2695 2696 2697
v -2348.2063 -1416.4450 285.1805
v -2348.8126 -1415.4323 285.1805
v -2348.5741 -1415.9780 285.1804
f 2698 2699 2700
v -2348.8545 -1414.2532 285.1807
v -2347.3509 -1412.5322 285.1817
v -2347.8806 -1412.8049 285.1814
f 2701 2702 2703
v -2346.0052 -1417.0701 271.5347
v -2346.0101 -1417.0728 285.1811
v -2346.6012 -1417.1312 285.1809
f 2704 2705 2706
v -2345.4457 -1416.8657 271.5350
v -2345.4505 -1416.8684 285.1814
v -2346.0101 -1417.0728 285.1811
f 2707 2708 2709
v -2344.9558 -1416.5300 271.5352
v -2344.9606 -1416.5327 285.1816
v -2345.4505 -1416.8684 285.1814
f 2710 2711 2712
v -2344.5646 -1416.0821 271.5355
v -2344.5695 -1416.0848 285.1819
v -2344.9606 -1416.5327 285.1816
f 2713 2714 2715
v -2344.2972 -1415.5497 271.5357
v -2344.3020 -1415.5524 285.1821
v -2344.5695 -1416.0848 285.1819
f 2716 2717 2718
v -2344.1706 -1414.9690 271.5359
v -2344.1755 -1414.9718 285.1823
v -2344.3020 -1415.5524 285.1821
f 2719 2720 2721
v -2344.1910 -1414.3751 271.5360
v -2344.1959 -1414.3778 285.1824
v -2344.1755 -1414.9718 285.1823
f 2722 2723 2724
v -2344.3595 -1413.8046 271.5361
v -2344.3643 -1413.8073 285.1825
v -2344.1959 -1414.3778 285.1824
f 2725 2726 2727
v -2344.6651 -1413.2958 271.5361
v -2344.6699 -1413.2985 285.1825
v -2344.3643 -1413.8073 285.1825
f 2728 2729 2730
v -2345.0870 -1412.8766 271.5360
v -2345.0918 -1412.8794 285.1824
v -2344.6699 -1413.2985 285.1825
f 2731 2732 2733
v -2345.6002 -1412.5753 271.5359
v -2345.6050 -1412.5780 285.1823
v -2345.0918 -1412.8794 285.1824
f 2734 2735 2736
v -2346.1727 -1412.4127 271.5357
v -2346.1775 -1412.4154 285.1821
v -2345.6050 -1412.5780 285.1823
f 2737 2738 2739
v -2346.7677 -1412.3971 271.5355
v -2346.7725 -1412.3998 285.1819
v -2346.1775 -1412.4154 285.1821
f 2740 2741 2742
v -2347.3460 -1412.5296 271.5353
v -2347.3509 -1412.5322 285.1817
v -2346.7725 -1412.3998 285.1819
f 2743 2744 2745
v -2347.8758 -1412.8022 271.5350
v -2347.8806 -1412.8049 285.1814
v -2347.3509 -1412.5322 285.1817
f 2746 2747 2748
v -2348.3198 -1413.1969 271.5348
v -2348.3246 -1413.1996 285.1812
v -2347.8806 -1412.8049 285.1814
f 2749 2750 2751
v -2348.6521 -1413.6910 271.5345
v -2348.6570 -1413.6937 285.1809
v -2348.3246 -1413.1996 285.1812
f 2752 2753 2754
v -2348.8496 -1414.2505 271.5343
v -2348.8545 -1414.2532 285.1807
v -2348.6570 -1413.6937 285.1809
f 2755 2756 2757
v -2348.9042 -1414.8424 271.5342
v -2348.9091 -1414.8451 285.1806
v -2348.8545 -1414.2532 285.1807
f 2758 2759 2760
v -2348.8078 -1415.4296 271.5341
v -2348.8126 -1415.4323 285.1805
v -2348.9091 -1414.8451 285.1806
f 2761 2762 2763
v -2348.5692 -1415.9753 271.5340
v -2348.5741 -1415.9780 285.1804
v -2348.8126 -1415.4323 285.1805
f 2764 2765 2766
v -2348.2015 -1416.4423 271.5341
v -2348.2063 -1416.4450 285.1805
v -2348.5741 -1415.9780 285.1804
f 2767 2768 2769
v -2347.7305 -1416.8045 271.5342
v -2347.7354 -1416.8072 285.1806
v -2348.2063 -1416.4450 285.1805
f 2770 2771 2772
v -2347.1831 -1417.0390 271.5343
v -2347.1880 -1417.0417 285.1807
v -2347.7354 -1416.8072 285.1806
f 2773 2774 2775
v -2346.5964 -1417.1285 271.5345
v -2346.6012 -1417.1312 285.1809
v -2347.1880 -1417.0417 285.1807
f 2776 2777 2778
v -2348.9042 -1414.8424 271.5342
v -2348.2015 -1416.4423 271.5341
v -2348.8078 -1415.4296 271.5341
f 2779 2780 2781
v -2348.9042 -1414.8424 271.5342
v -2348.8496 -1414.2505 271.5343
v -2347.7305 -1416.8045 271.5342
f 2782 2783 2784
v -2348.3198 -1413.1969 271.5348
v -2346.5964 -1417.1285 271.5345
v -2348.6521 -1413.6910 271.5345
f 2785 2786 2787
v -2347.1831 -1417.0390 271.5343
v -2348.8496 -1414.2505 271.5343
v -2348.6521 -1413.6910 271.5345
f 2788 2789 2790
v -2347.8758 -1412.8022 271.5350
v -2346.0052 -1417.0701 271.5347
v -2348.3198 -1413.1969 271.5348
f 2791 2792 2793
v -2348.5692 -1415.9753 271.5340
v -2348.8078 -1415.4296 271.5341
v -2348.2015 -1416.4423 271.5341
f 2794 2795 2796
v -2348.2015 -1416.4423 271.5341
v -2348.9042 -1414.8424 271.5342
v -2347.7305 -1416.8045 271.5342
f 2797 2798 2799
v -2348.8496 -1414.2505 271.5343
v -2347.1831 -1417.0390 271.5343
v -2347.7305 -1416.8045 271.5342
f 2800 2801 2802
v -2347.1831 -1417.0390 271.5343
v -2348.6521 -1413.6910 271.5345
v -2346.5964 -1417.1285 271.5345
f 2803 2804 2805
v -2346.5964 -1417.1285 271.5345
v -2348.3198 -1413.1969 271.5348
v -2346.0052 -1417.0701 271.5347
f 2806 2807 2808
v -2346.0052 -1417.0701 271.5347
v -2347.8758 -1412.8022 271.5350
v -2345.4457 -1416.8657 271.5350
f 2809 2810 2811
v -2347.3460 -1412.5296 271.5353
v -2346.7677 -1412.3971 271.5355
v -2344.9558 -1416.5300 271.5352
f 2812 2813 2814
v -2346.7677 -1412.3971 271.5355
v -2346.1727 -1412.4127 271.5357
v -2344.5646 -1416.0821 271.5355
f 2815 2816 2817
v -2345.0870 -1412.8766 271.5360
v -2344.1706 -1414.9690 271.5359
v -2345.6002 -1412.5753 271.5359
f 2818 2819 2820
v -2344.2972 -1415.5497 271.5357
v -2346.1727 -1412.4127 271.5357
v -2345.6002 -1412.5753 271.5359
f 2821 2822 2823
v -2344.6651 -1413.2958 271.5361
v -2344.1910 -1414.3751 271.5360
v -2345.0870 -1412.8766 271.5360
f 2824 2825 2826
v -2344.9558 -1416.5300 271.5352
v -2346.7677 -1412.3971 271.5355
v -2344.5646 -1416.0821 271.5355
f 2827 2828 2829
v -2347.3460 -1412.5296 271.5353
v -2344.9558 -1416.5300 271.5352
v -2345.4457 -1416.8657 271.5350
f 2830 2831 2832
v -2345.0870 -1412.8766 271.5360
v -2344.1910 -1414.3751 271.5360
v -2344.1706 -1414.9690 271.5359
f 2833 2834 2835
v -2344.1706 -1414.9690 271.5359
v -2344.2972 -1415.5497 271.5357
v -2345.6002 -1412.5753 271.5359
f 2836 2837 2838
v -2346.1727 -1412.4127 271.5357
v -2344.2972 -1415.5497 271.5357
v -2344.5646 -1416.0821 271.5355
f 2839 2840 2841
v -2344.6651 -1413.2958 271.5361
v -2344.3595 -1413.8046 271.5361
v -2344.1910 -1414.3751 271.5360
f 2842 2843 2844
v -2347.8758 -1412.8022 271.5350
v -2347.3460 -1412.5296 271.5353
v -2345.4457 -1416.8657 271.5350
f 2845 2846 2847
v -2346.0052 -1417.0701 271.5347
v -2346.6012 -1417.1312 285.1809
v -2346.5964 -1417.1285 271.5345
f 2848 2849 2850
v -2345.4457 -1416.8657 271.5350
v -2346.0101 -1417.0728 285.1811
v -2346.0052 -1417.0701 271.5347
f 2851 2852 2853
v -2344.9558 -1416.5300 271.5352
v -2345.4505 -1416.8684 285.1814
v -2345.4457 -1416.8657 271.5350
f 2854 2855 2856
v -2344.5646 -1416.0821 271.5355
v -2344.9606 -1416.5327 285.1816
v -2344.9558 -1416.5300 271.5352
f 2857 2858 2859
v -2344.2972 -1415.5497 271.5357
v -2344.5695 -1416.0848 285.1819
v -2344.5646 -1416.0821 271.5355
f 2860 2861 2862
v -2344.1706 -1414.9690 271.5359
v -2344.3020 -1415.5524 285.1821
v -2344.2972 -1415.5497 271.5357
f 2863 2864 2865
v -2344.1910 -1414.3751 271.5360
v -2344.1755 -1414.9718 285.1823
v -2344.1706 -1414.9690 271.5359
f 2866 2867 2868
v -2344.3595 -1413.8046 271.5361
v -2344.1959 -1414.3778 285.1824
v -2344.1910 -1414.3751 271.5360
f 2869 2870 2871
v -2344.6651 -1413.2958 271.5361
v -2344.3643 -1413.8073 285.1825
v -2344.3595 -1413.8046 271.5361
f 2872 2873 2874
v -2345.0870 -1412.8766 271.5360
v -2344.6699 -1413.2985 285.1825
v -2344.6651 -1413.2958 271.5361
f 2875 2876 2877
v -2345.6002 -1412.5753 271.5359
v -2345.0918 -1412.8794 285.1824
v -2345.0870 -1412.8766 271.5360
f 2878 2879 2880
v -2346.1727 -1412.4127 271.5357
v -2345.6050 -1412.5780 285.1823
v -2345.6002 -1412.5753 271.5359
f 2881 2882 2883
v -2346.7677 -1412.3971 271.5355
v -2346.1775 -1412.4154 285.1821
v -2346.1727 -1412.4127 271.5357
f 2884 2885 2886
v -2347.3460 -1412.5296 271.5353
v -2346.7725 -1412.3998 285.1819
v -2346.7677 -1412.3971 271.5355
f 2887 2888 2889
v -2347.8758 -1412.8022 271.5350
v -2347.3509 -1412.5322 285.1817
v -2347.3460 -1412.5296 271.5353
f 2890 2891 2892
v -2348.3198 -1413.1969 271.5348
v -2347.8806 -1412.8049 285.1814
v -2347.8758 -1412.8022 271.5350
f 2893 2894 2895
v -2348.6521 -1413.6910 271.5345
v -2348.3246 -1413.1996 285.1812
v -2348.3198 -1413.1969 271.5348
f 2896 2897 2898
v -2348.8496 -1414.2505 271.5343
v -2348.6570 -1413.6937 285.1809
v -2348.6521 -1413.6910 271.5345
f 2899 2900 2901
v -2348.9042 -1414.8424 271.5342
v -2348.8545 -1414.2532 285.1807
v -2348.8496 -1414.2505 271.5343
f 2902 2903 2904
v -2348.8078 -1415.4296 271.5341
v -2348.9091 -1414.8451 285.1806
v -2348.9042 -1414.8424 271.5342
f 2905 2906 2907
v -2348.5692 -1415.9753 271.5340
v -2348.8126 -1415.4323 285.1805
v -2348.8078 -1415.4296 271.5341
f 2908 2909 2910
v -2348.2015 -1416.4423 271.5341
v -2348.5741 -1415.9780 285.1804
v -2348.5692 -1415.9753 271.5340
f 2911 2912 2913
v -2347.7305 -1416.8045 271.5342
v -2348.2063 -1416.4450 285.1805
v -2348.2015 -1416.4423 271.5341
f 2914 2915 2916
v -2347.1831 -1417.0390 271.5343
v -2347.7354 -1416.8072 285.1806
v -2347.7305 -1416.8045 271.5342
f 2917 2918 2919
v -2346.5964 -1417.1285 271.5345
v -2347.1880 -1417.0417 285.1807
v -2347.1831 -1417.0390 271.5343
f 2920 2921 2922

g building_ID_3D4D3C95-C1B0-419F-9454-2A11187A67A7
v -2347.6775 -1425.0573 285.1787
v -2347.5600 -1425.6316 285.1787
v -2347.6469 -1424.4714 285.1789
f 2923 2924 2925
v -2347.3045 -1426.1593 285.1786
v -2346.9237 -1426.6073 285.1787
v -2347.5600 -1425.6316 285.1787
f 2926 2927 2928
v -2346.4446 -1426.9455 285.1788
v -2347.6469 -1424.4714 285.1789
v -2347.5600 -1425.6316 285.1787
f 2929 2930 2931
v -2346.9237 -1426.6073 285.1787
v -2346.4446 -1426.9455 285.1788
v -2347.5600 -1425.6316 285.1787
f 2932 2933 2934
v -2347.6469 -1424.4714 285.1789
v -2346.4446 -1426.9455 285.1788
v -2343.2393 -1423.8592 285.1806
f 2935 2936 2937
v -2347.4734 -1423.9119 285.1791
v -2347.6469 -1424.4714 285.1789
v -2347.1651 -1423.4126 285.1793
f 2938 2939 2940
v -2345.6658 -1422.5637 285.1800
v -2347.1651 -1423.4126 285.1793
v -2347.6469 -1424.4714 285.1789
f 2941 2942 2943
v -2346.7430 -1423.0048 285.1795
v -2347.1651 -1423.4126 285.1793
v -2346.2322 -1422.7162 285.1798
f 2944 2945 2946
v -2345.6658 -1422.5637 285.1800
v -2346.2322 -1422.7162 285.1798
v -2347.1651 -1423.4126 285.1793
f 2947 2948 2949
v -2343.2393 -1423.8592 285.1806
v -2345.6658 -1422.5637 285.1800
v -2347.6469 -1424.4714 285.1789
f 2950 2951 2952
v -2344.7341 -1427.1401 285.1794
v -2346.4446 -1426.9455 285.1788
v -2345.8981 -1427.1550 285.1789
f 2953 2954 2955
v -2346.4446 -1426.9455 285.1788
v -2344.7341 -1427.1401 285.1794
v -2344.1915 -1426.9176 285.1796
f 2956 2957 2958
v -2344.1915 -1426.9176 285.1796
v -2343.2393 -1423.8592 285.1806
v -2346.4446 -1426.9455 285.1788
f 2959 2960 2961
v -2343.3523 -1426.1099 285.1801
v -2343.2393 -1423.8592 285.1806
v -2344.1915 -1426.9176 285.1796
f 2962 2963 2964
v -2343.7206 -1426.5669 285.1799
v -2343.3523 -1426.1099 285.1801
v -2344.1915 -1426.9176 285.1796
f 2965 2966 2967
v -2343.3523 -1426.1099 285.1801
v -2343.1089 -1425.5775 285.1803
v -2343.0064 -1424.9998 285.1805
f 2968 2969 2970
v -2343.9919 -1422.9712 285.1806
v -2344.5102 -1422.6948 285.1804
v -2343.2393 -1423.8592 285.1806
f 2971 2972 2973
v -2344.5102 -1422.6948 285.1804
v -2345.0798 -1422.5552 285.1803
v -2345.6658 -1422.5637 285.1800
f 2974 2975 2976
v -2343.3523 -1426.1099 285.1801
v -2343.0508 -1424.4147 285.1806
v -2343.2393 -1423.8592 285.1806
f 2977 2978 2979
v -2343.2393 -1423.8592 285.1806
v -2343.5590 -1423.3674 285.1806
v -2343.9919 -1422.9712 285.1806
f 2980 2981 2982
v -2344.5102 -1422.6948 285.1804
v -2345.6658 -1422.5637 285.1800
v -2343.2393 -1423.8592 285.1806
f 2983 2984 2985
v -2343.0064 -1424.9998 285.1805
v -2343.0508 -1424.4147 285.1806
v -2343.3523 -1426.1099 285.1801
f 2986 2987 2988
v -2344.7341 -1427.1401 285.1794
v -2345.8981 -1427.1550 285.1789
v -2345.3143 -1427.2216 285.1791
f 2989 2990 2991
v -2344.7292 -1427.1374 271.3160
v -2344.7341 -1427.1401 285.1794
v -2345.3143 -1427.2216 285.1791
f 2992 2993 2994
v -2344.1866 -1426.9149 271.3162
v -2344.1915 -1426.9176 285.1796
v -2344.7341 -1427.1401 285.1794
f 2995 2996 2997
v -2343.7157 -1426.5642 271.3165
v -2343.7206 -1426.5669 285.1799
v -2344.1915 -1426.9176 285.1796
f 2998 2999 3000
v -2343.3474 -1426.1071 271.3167
v -2343.3523 -1426.1099 285.1801
v -2343.7206 -1426.5669 285.1799
f 3001 3002 3003
v -2343.1040 -1425.5747 271.3169
v -2343.1089 -1425.5775 285.1803
v -2343.3523 -1426.1099 285.1801
f 3004 3005 3006
v -2343.0015 -1424.9971 271.3171
v -2343.0064 -1424.9998 285.1805
v -2343.1089 -1425.5775 285.1803
f 3007 3008 3009
v -2343.0459 -1424.4120 271.3172
v -2343.0508 -1424.4147 285.1806
v -2343.0064 -1424.9998 285.1805
f 3010 3011 3012
v -2343.2344 -1423.8564 271.3172
v -2343.2393 -1423.8592 285.1806
v -2343.0508 -1424.4147 285.1806
f 3013 3014 3015
v -2343.5540 -1423.3646 271.3172
v -2343.5590 -1423.3674 285.1806
v -2343.2393 -1423.8592 285.1806
f 3016 3017 3018
v -2343.9870 -1422.9684 271.3172
v -2343.9919 -1422.9712 285.1806
v -2343.5590 -1423.3674 285.1806
f 3019 3020 3021
v -2344.5053 -1422.6920 271.3170
v -2344.5102 -1422.6948 285.1804
v -2343.9919 -1422.9712 285.1806
f 3022 3023 3024
v -2345.0748 -1422.5525 271.3169
v -2345.0798 -1422.5552 285.1803
v -2344.5102 -1422.6948 285.1804
f 3025 3026 3027
v -2345.6609 -1422.5609 271.3166
v -2345.6658 -1422.5637 285.1800
v -2345.0798 -1422.5552 285.1803
f 3028 3029 3030
v -2346.2273 -1422.7135 271.3164
v -2346.2322 -1422.7162 285.1798
v -2345.6658 -1422.5637 285.1800
f 3031 3032 3033
v -2346.7380 -1423.0020 271.3162
v -2346.7430 -1423.0048 285.1795
v -2346.2322 -1422.7162 285.1798
f 3034 3035 3036
v -2347.1601 -1423.4099 271.3159
v -2347.1651 -1423.4126 285.1793
v -2346.7430 -1423.0048 285.1795
f 3037 3038 3039
v -2347.4685 -1423.9091 271.3157
v -2347.4734 -1423.9119 285.1791
v -2347.1651 -1423.4126 285.1793
f 3040 3041 3042
v -2347.6420 -1424.4686 271.3155
v -2347.6469 -1424.4714 285.1789
v -2347.4685 -1423.9091 271.3157
f 3043 3044 3045
v -2347.6726 -1425.0546 271.3153
v -2347.6775 -1425.0573 285.1787
v -2347.6420 -1424.4686 271.3155
f 3046 3047 3048
v -2347.5551 -1425.6289 271.3153
v -2347.5600 -1425.6316 285.1787
v -2347.6775 -1425.0573 285.1787
f 3049 3050 3051
v -2347.2995 -1426.1566 271.3152
v -2347.3045 -1426.1593 285.1786
v -2347.5600 -1425.6316 285.1787
f 3052 3053 3054
v -2346.9187 -1426.6046 271.3153
v -2346.9237 -1426.6073 285.1787
v -2347.3045 -1426.1593 285.1786
f 3055 3056 3057
v -2346.4396 -1426.9428 271.3154
v -2346.4446 -1426.9455 285.1788
v -2346.9237 -1426.6073 285.1787
f 3058 3059 3060
v -2345.8932 -1427.1522 271.3155
v -2345.8981 -1427.1550 285.1789
v -2346.4446 -1426.9455 285.1788
f 3061 3062 3063
v -2345.3094 -1427.2188 271.3157
v -2345.3143 -1427.2216 285.1791
v -2345.8981 -1427.1550 285.1789
f 3064 3065 3066
v -2347.1601 -1423.4099 271.3159
v -2347.6420 -1424.4686 271.3155
v -2347.4685 -1423.9091 271.3157
f 3067 3068 3069
v -2345.6609 -1422.5609 271.3166
v -2347.6420 -1424.4686 271.3155
v -2347.1601 -1423.4099 271.3159
f 3070 3071 3072
v -2347.1601 -1423.4099 271.3159
v -2346.2273 -1422.7135 271.3164
v -2345.6609 -1422.5609 271.3166
f 3073 3074 3075
v -2346.7380 -1423.0020 271.3162
v -2346.2273 -1422.7135 271.3164
v -2347.1601 -1423.4099 271.3159
f 3076 3077 3078
v -2343.2344 -1423.8564 271.3172
v -2346.4396 -1426.9428 271.3154
v -2347.6420 -1424.4686 271.3155
f 3079 3080 3081
v -2347.2995 -1426.1566 271.3152
v -2347.5551 -1425.6289 271.3153
v -2346.9187 -1426.6046 271.3153
f 3082 3083 3084
v -2347.6420 -1424.4686 271.3155
v -2347.5551 -1425.6289 271.3153
v -2347.6726 -1425.0546 271.3153
f 3085 3086 3087
v -2346.9187 -1426.6046 271.3153
v -2347.5551 -1425.6289 271.3153
v -2346.4396 -1426.9428 271.3154
f 3088 3089 3090
v -2347.5551 -1425.6289 271.3153
v -2347.6420 -1424.4686 271.3155
v -2346.4396 -1426.9428 271.3154
f 3091 3092 3093
v -2345.8932 -1427.1522 271.3155
v -2346.4396 -1426.9428 271.3154
v -2344.7292 -1427.1374 271.3160
f 3094 3095 3096
v -2345.6609 -1422.5609 271.3166
v -2343.2344 -1423.8564 271.3172
v -2347.6420 -1424.4686 271.3155
f 3097 3098 3099
v -2345.6609 -1422.5609 271.3166
v -2344.5053 -1422.6920 271.3170
v -2343.2344 -1423.8564 271.3172
f 3100 3101 3102
v -2343.9870 -1422.9684 271.3172
v -2343.2344 -1423.8564 271.3172
v -2344.5053 -1422.6920 271.3170
f 3103 3104 3105
v -2343.2344 -1423.8564 271.3172
v -2344.1866 -1426.9149 271.3162
v -2346.4396 -1426.9428 271.3154
f 3106 3107 3108
v -2343.5540 -1423.3646 271.3172
v -2343.2344 -1423.8564 271.3172
v -2343.9870 -1422.9684 271.3172
f 3109 3110 3111
v -2343.2344 -1423.8564 271.3172
v -2343.0459 -1424.4120 271.3172
v -2343.3474 -1426.1071 271.3167
f 3112 3113 3114
v -2346.4396 -1426.9428 271.3154
v -2344.1866 -1426.9149 271.3162
v -2344.7292 -1427.1374 271.3160
f 3115 3116 3117
v -2344.7292 -1427.1374 271.3160
v -2345.3094 -1427.2188 271.3157
v -2345.8932 -1427.1522 271.3155
f 3118 3119 3120
v -2343.3474 -1426.1071 271.3167
v -2343.0015 -1424.9971 271.3171
v -2343.1040 -1425.5747 271.3169
f 3121 3122 3123
v -2343.3474 -1426.1071 271.3167
v -2343.7157 -1426.5642 271.3165
v -2344.1866 -1426.9149 271.3162
f 3124 3125 3126
v -2344.1866 -1426.9149 271.3162
v -2343.2344 -1423.8564 271.3172
v -2343.3474 -1426.1071 271.3167
f 3127 3128 3129
v -2343.0459 -1424.4120 271.3172
v -2343.0015 -1424.9971 271.3171
v -2343.3474 -1426.1071 271.3167
f 3130 3131 3132
v -2345.0748 -1422.5525 271.3169
v -2344.5053 -1422.6920 271.3170
v -2345.6609 -1422.5609 271.3166
f 3133 3134 3135
v -2344.7292 -1427.1374 271.3160
v -2345.3143 -1427.2216 285.1791
v -2345.3094 -1427.2188 271.3157
f 3136 3137 3138
v -2344.1866 -1426.9149 271.3162
v -2344.7341 -1427.1401 285.1794
v -2344.7292 -1427.1374 271.3160
f 3139 3140 3141
v -2343.7157 -1426.5642 271.3165
v -2344.1915 -1426.9176 285.1796
v -2344.1866 -1426.9149 271.3162
f 3142 3143 3144
v -2343.3474 -1426.1071 271.3167
v -2343.7206 -1426.5669 285.1799
v -2343.7157 -1426.5642 271.3165
f 3145 3146 3147
v -2343.1040 -1425.5747 271.3169
v -2343.3523 -1426.1099 285.1801
v -2343.3474 -1426.1071 271.3167
f 3148 3149 3150
v -2343.0015 -1424.9971 271.3171
v -2343.1089 -1425.5775 285.1803
v -2343.1040 -1425.5747 271.3169
f 3151 3152 3153
v -2343.0459 -1424.4120 271.3172
v -2343.0064 -1424.9998 285.1805
v -2343.0015 -1424.9971 271.3171
f 3154 3155 3156
v -2343.2344 -1423.8564 271.3172
v -2343.0508 -1424.4147 285.1806
v -2343.0459 -1424.4120 271.3172
f 3157 3158 3159
v -2343.5540 -1423.3646 271.3172
v -2343.2393 -1423.8592 285.1806
v -2343.2344 -1423.8564 271.3172
f 3160 3161 3162
v -2343.9870 -1422.9684 271.3172
v -2343.5590 -1423.3674 285.1806
v -2343.5540 -1423.3646 271.3172
f 3163 3164 3165
v -2344.5053 -1422.6920 271.3170
v -2343.9919 -1422.9712 285.1806
v -2343.9870 -1422.9684 271.3172
f 3166 3167 3168
v -2345.0748 -1422.5525 271.3169
v -2344.5102 -1422.6948 285.1804
v -2344.5053 -1422.6920 271.3170
f 3169 3170 3171
v -2345.6609 -1422.5609 271.3166
v -2345.0798 -1422.5552 285.1803
v -2345.0748 -1422.5525 271.3169
f 3172 3173 3174
v -2346.2273 -1422.7135 271.3164
v -2345.6658 -1422.5637 285.1800
v -2345.6609 -1422.5609 271.3166
f 3175 3176 3177
v -2346.7380 -1423.0020 271.3162
v -2346.2322 -1422.7162 285.1798
v -2346.2273 -1422.7135 271.3164
f 3178 3179 3180
v -2347.1601 -1423.4099 271.3159
v -2346.7430 -1423.0048 285.1795
v -2346.7380 -1423.0020 271.3162
f 3181 3182 3183
v -2347.4685 -1423.9091 271.3157
v -2347.1651 -1423.4126 285.1793
v -2347.1601 -1423.4099 271.3159
f 3184 3185 3186
v -2347.6469 -1424.4714 285.1789
v -2347.4734 -1423.9119 285.1791
v -2347.4685 -1423.9091 271.3157
f 3187 3188 3189
v -2347.6775 -1425.0573 285.1787
v -2347.6469 -1424.4714 285.1789
v -2347.6420 -1424.4686 271.3155
f 3190 3191 3192
v -2347.5551 -1425.6289 271.3153
v -2347.6775 -1425.0573 285.1787
v -2347.6726 -1425.0546 271.3153
f 3193 3194 3195
v -2347.2995 -1426.1566 271.3152
v -2347.5600 -1425.6316 285.1787
v -2347.5551 -1425.6289 271.3153
f 3196 3197 3198
v -2346.9187 -1426.6046 271.3153
v -2347.3045 -1426.1593 285.1786
v -2347.2995 -1426.1566 271.3152
f 3199 3200 3201
v -2346.4396 -1426.9428 271.3154
v -2346.9237 -1426.6073 285.1787
v -2346.9187 -1426.6046 271.3153
f 3202 3203 3204
v -2345.8932 -1427.1522 271.3155
v -2346.4446 -1426.9455 285.1788
v -2346.4396 -1426.9428 271.3154
f 3205 3206 3207
v -2345.3094 -1427.2188 271.3157
v -2345.8981 -1427.1550 285.1789
v -2345.8932 -1427.1522 271.3155
f 3208 3209 3210

g building_ID_33036204-5AC7-419D-9AB1-33158013CFFF
v -2335.9121 -1412.7771 280.8970
v -2335.4402 -1417.6509 283.7330
v -2335.3150 -1412.7187 280.9002
f 3211 3212 3213
v -2335.4402 -1417.6509 283.7330
v -2329.2124 -1412.1262 280.9306
v -2335.3150 -1412.7187 280.9002
f 3214 3215 3216
v -2335.3150 -1412.7187 280.9002
v -2329.3416 -1410.7916 280.1539
v -2335.4392 -1411.4333 280.1516
f 3217 3218 3219
v -2334.7193 -1418.3659 284.1891
v -2329.2124 -1412.1262 280.9306
v -2335.4402 -1417.6509 283.7330
f 3220 3221 3222
v -2319.4210 -1411.1754 280.9794
v -2315.7502 -1415.0497 283.4347
v -2316.1562 -1410.8582 280.9956
f 3223 3224 3225
v -2316.6794 -1416.4693 284.1961
v -2315.7502 -1415.0497 283.4347
v -2319.4210 -1411.1754 280.9794
f 3226 3227 3228
v -2316.6794 -1416.4693 284.1961
v -2319.4210 -1411.1754 280.9794
v -2329.2124 -1412.1262 280.9306
f 3229 3230 3231
v -2335.3150 -1412.7187 280.9002
v -2329.2124 -1412.1262 280.9306
v -2329.3416 -1410.7916 280.1539
f 3232 3233 3234
v -2316.6794 -1416.4693 284.1961
v -2329.2124 -1412.1262 280.9306
v -2334.7193 -1418.3659 284.1891
f 3235 3236 3237
v -2316.6794 -1416.4693 284.1961
v -2315.4982 -1417.6414 283.4482
v -2315.7502 -1415.0497 283.4347
f 3238 3239 3240
v -2335.2865 -1419.2323 283.7237
v -2334.7832 -1424.4020 280.7118
v -2329.8490 -1423.9222 280.6907
f 3241 3242 3243
v -2335.2865 -1419.2323 283.7237
v -2316.6794 -1416.4693 284.1961
v -2334.7193 -1418.3659 284.1891
f 3244 3245 3246
v -2315.4982 -1417.6414 283.4482
v -2335.2865 -1419.2323 283.7237
v -2329.8490 -1423.9222 280.6907
f 3247 3248 3249
v -2315.4982 -1417.6414 283.4482
v -2329.8490 -1423.9222 280.6907
v -2315.0272 -1422.4830 280.6284
f 3250 3251 3252
v -2335.2865 -1419.2323 283.7237
v -2315.4982 -1417.6414 283.4482
v -2316.6794 -1416.4693 284.1961
f 3253 3254 3255
v -2334.7193 -1418.3659 284.1891
v -2335.4402 -1417.6509 283.7330
v -2335.2865 -1419.2323 283.7237
f 3256 3257 3258
v -2329.2089 -1412.1241 270.7760
v -2316.1544 -1410.8571 275.8888
v -2316.1526 -1410.8561 270.7810
f 3259 3260 3261
v -2329.3383 -1410.7897 270.7762
v -2329.3416 -1410.7916 280.1539
v -2329.2089 -1412.1241 270.7760
f 3262 3263 3264
v -2335.4360 -1411.4314 270.7739
v -2335.4392 -1411.4333 280.1516
v -2329.3416 -1410.7916 280.1539
f 3265 3266 3267
v -2329.3383 -1410.7897 270.7762
v -2335.4360 -1411.4314 270.7739
v -2329.3416 -1410.7916 280.1539
f 3268 3269 3270
v -2335.3114 -1412.7168 270.7736
v -2335.3150 -1412.7187 280.9002
v -2335.4360 -1411.4314 270.7739
f 3271 3272 3273
v -2335.4360 -1411.4314 270.7739
v -2335.3150 -1412.7187 280.9002
v -2335.4392 -1411.4333 280.1516
f 3274 3275 3276
v -2335.9112 -1412.7766 278.3651
v -2335.9121 -1412.7771 280.8970
v -2335.3114 -1412.7168 270.7736
f 3277 3278 3279
v -2335.3114 -1412.7168 270.7736
v -2335.9103 -1412.7761 275.8342
v -2335.9112 -1412.7766 278.3651
f 3280 3281 3282
v -2335.3114 -1412.7168 270.7736
v -2335.9085 -1412.7751 270.7734
v -2335.9103 -1412.7761 275.8342
f 3283 3284 3285
v -2329.8490 -1423.9222 280.6907
v -2334.7798 -1424.4000 270.7712
v -2315.0272 -1422.4830 280.6284
f 3286 3287 3288
v -2315.0272 -1422.4830 280.6284
v -2334.7798 -1424.4000 270.7712
v -2315.0264 -1422.4826 278.1435
f 3289 3290 3291
v -2334.7798 -1424.4000 270.7712
v -2329.8490 -1423.9222 280.6907
v -2334.7823 -1424.4014 277.9319
f 3292 3293 3294
v -2315.4938 -1417.6388 270.7797
v -2329.2089 -1412.1241 270.7760
v -2315.7458 -1415.0472 270.7802
f 3295 3296 3297
v -2315.4938 -1417.6388 270.7797
v -2315.0238 -1422.4810 270.7788
v -2334.7798 -1424.4000 270.7712
f 3298 3299 3300
v -2329.2089 -1412.1241 270.7760
v -2315.4938 -1417.6388 270.7797
v -2334.7798 -1424.4000 270.7712
f 3301 3302 3303
v -2316.1526 -1410.8561 270.7810
v -2315.7458 -1415.0472 270.7802
v -2329.2089 -1412.1241 270.7760
f 3304 3305 3306
v -2329.2089 -1412.1241 270.7760
v -2334.7798 -1424.4000 270.7712
v -2335.2819 -1419.2297 270.7722
f 3307 3308 3309
v -2335.4356 -1417.6484 270.7725
v -2329.2089 -1412.1241 270.7760
v -2335.2819 -1419.2297 270.7722
f 3310 3311 3312
v -2335.4360 -1411.4314 270.7739
v -2329.3383 -1410.7897 270.7762
v -2329.2089 -1412.1241 270.7760
f 3313 3314 3315
v -2329.2089 -1412.1241 270.7760
v -2335.3114 -1412.7168 270.7736
v -2335.4360 -1411.4314 270.7739
f 3316 3317 3318
v -2335.4356 -1417.6484 270.7725
v -2335.3114 -1412.7168 270.7736
v -2329.2089 -1412.1241 270.7760
f 3319 3320 3321
v -2335.4356 -1417.6484 270.7725
v -2335.9085 -1412.7751 270.7734
v -2335.3114 -1412.7168 270.7736
f 3322 3323 3324
v -2315.7502 -1415.0497 283.4347
v -2316.1553 -1410.8577 278.4417
v -2316.1562 -1410.8582 280.9956
f 3325 3326 3327
v -2315.4982 -1417.6414 283.4482
v -2316.1553 -1410.8577 278.4417
v -2315.7502 -1415.0497 283.4347
f 3328 3329 3330
v -2316.1553 -1410.8577 278.4417
v -2315.0264 -1422.4826 278.1435
v -2316.1544 -1410.8571 275.8888
f 3331 3332 3333
v -2316.1544 -1410.8571 275.8888
v -2315.7458 -1415.0472 270.7802
v -2316.1526 -1410.8561 270.7810
f 3334 3335 3336
v -2315.4982 -1417.6414 283.4482
v -2315.0264 -1422.4826 278.1435
v -2316.1553 -1410.8577 278.4417
f 3337 3338 3339
v -2316.1544 -1410.8571 275.8888
v -2315.0255 -1422.4820 275.6576
v -2315.4938 -1417.6388 270.7797
f 3340 3341 3342
v -2315.0255 -1422.4820 275.6576
v -2316.1544 -1410.8571 275.8888
v -2315.0264 -1422.4826 278.1435
f 3343 3344 3345
v -2315.7458 -1415.0472 270.7802
v -2316.1544 -1410.8571 275.8888
v -2315.4938 -1417.6388 270.7797
f 3346 3347 3348
v -2315.4938 -1417.6388 270.7797
v -2315.0255 -1422.4820 275.6576
v -2315.0238 -1422.4810 270.7788
f 3349 3350 3351
v -2315.0264 -1422.4826 278.1435
v -2315.4982 -1417.6414 283.4482
v -2315.0272 -1422.4830 280.6284
f 3352 3353 3354
v -2334.7823 -1424.4014 277.9319
v -2335.9103 -1412.7761 275.8342
v -2335.2819 -1419.2297 270.7722
f 3355 3356 3357
v -2335.2819 -1419.2297 270.7722
v -2334.7798 -1424.4000 270.7712
v -2334.7823 -1424.4014 277.9319
f 3358 3359 3360
v -2335.2865 -1419.2323 283.7237
v -2334.7823 -1424.4014 277.9319
v -2334.7832 -1424.4020 280.7118
f 3361 3362 3363
v -2335.9112 -1412.7766 278.3651
v -2334.7823 -1424.4014 277.9319
v -2335.4402 -1417.6509 283.7330
f 3364 3365 3366
v -2335.9121 -1412.7771 280.8970
v -2335.9112 -1412.7766 278.3651
v -2335.4402 -1417.6509 283.7330
f 3367 3368 3369
v -2335.9103 -1412.7761 275.8342
v -2335.9085 -1412.7751 270.7734
v -2335.4356 -1417.6484 270.7725
f 3370 3371 3372
v -2335.2819 -1419.2297 270.7722
v -2335.9103 -1412.7761 275.8342
v -2335.4356 -1417.6484 270.7725
f 3373 3374 3375
v -2334.7823 -1424.4014 277.9319
v -2335.9112 -1412.7766 278.3651
v -2335.9103 -1412.7761 275.8342
f 3376 3377 3378
v -2335.4402 -1417.6509 283.7330
v -2334.7823 -1424.4014 277.9319
v -2335.2865 -1419.2323 283.7237
f 3379 3380 3381
v -2329.2124 -1412.1262 280.9306
v -2319.4210 -1411.1754 280.9794
v -2316.1544 -1410.8571 275.8888
f 3382 3383 3384
v -2316.1544 -1410.8571 275.8888
v -2329.2089 -1412.1241 270.7760
v -2329.2124 -1412.1262 280.9306
f 3385 3386 3387
v -2319.4210 -1411.1754 280.9794
v -2316.1562 -1410.8582 280.9956
v -2316.1553 -1410.8577 278.4417
f 3388 3389 3390
v -2319.4210 -1411.1754 280.9794
v -2316.1553 -1410.8577 278.4417
v -2316.1544 -1410.8571 275.8888
f 3391 3392 3393
v -2329.3416 -1410.7916 280.1539
v -2329.2124 -1412.1262 280.9306
v -2329.2089 -1412.1241 270.7760
f 3394 3395 3396
v -2335.9121 -1412.7771 280.8970
v -2335.3150 -1412.7187 280.9002
v -2335.3114 -1412.7168 270.7736
f 3397 3398 3399
v -2334.7798 -1424.4000 270.7712
v -2315.0255 -1422.4820 275.6576
v -2315.0264 -1422.4826 278.1435
f 3400 3401 3402
v -2315.0255 -1422.4820 275.6576
v -2334.7798 -1424.4000 270.7712
v -2315.0238 -1422.4810 270.7788
f 3403 3404 3405
v -2329.8490 -1423.9222 280.6907
v -2334.7832 -1424.4020 280.7118
v -2334.7823 -1424.4014 277.9319
f 3406 3407 3408

g building_ID_2C12CF97-EB8F-4BA0-A0BB-BD7F0ECD8101
v -2279.7857 -1412.0668 280.9315
v -2269.6271 -1424.8985 283.3211
v -2266.5724 -1419.3523 280.9026
f 3409 3410 3411
v -2279.7857 -1412.0668 280.9315
v -2293.0030 -1404.7794 280.9604
v -2296.0033 -1410.1647 283.3150
f 3412 3413 3414
v -2269.6271 -1424.8985 283.3211
v -2279.7857 -1412.0668 280.9315
v -2296.0033 -1410.1647 283.3150
f 3415 3416 3417
v -2285.8582 -1423.0274 281.1768
v -2296.0033 -1410.1647 283.3150
v -2299.0934 -1415.7130 281.1507
f 3418 3419 3420
v -2285.8582 -1423.0274 281.1768
v -2272.6230 -1430.3409 281.2039
v -2269.6271 -1424.8985 283.3211
f 3421 3422 3423
v -2296.0033 -1410.1647 283.3150
v -2285.8582 -1423.0274 281.1768
v -2269.6271 -1424.8985 283.3211
f 3424 3425 3426
v -2293.0012 -1404.7784 275.6616
v -2293.0030 -1404.7794 280.9604
v -2279.7857 -1412.0668 280.9315
f 3427 3428 3429
v -2266.5715 -1419.3517 278.2537
v -2266.5697 -1419.3506 272.9539
v -2292.9994 -1404.7773 270.3618
f 3430 3431 3432
v -2266.5687 -1419.3501 270.3680
v -2292.9994 -1404.7773 270.3618
v -2266.5697 -1419.3506 272.9539
f 3433 3434 3435
v -2272.6211 -1430.3398 275.7831
v -2272.6230 -1430.3409 281.2039
v -2285.8582 -1423.0274 281.1768
f 3436 3437 3438
v -2272.6192 -1430.3387 270.3633
v -2272.6211 -1430.3398 275.7831
v -2285.8582 -1423.0274 281.1768
f 3439 3440 3441
v -2272.6192 -1430.3387 270.3633
v -2299.0934 -1415.7130 281.1507
v -2299.0910 -1415.7117 274.3750
f 3442 3443 3444
v -2299.0910 -1415.7117 274.3750
v -2299.0896 -1415.7109 270.3572
v -2272.6192 -1430.3387 270.3633
f 3445 3446 3447
v -2292.9994 -1404.7773 270.3618
v -2269.6226 -1424.8959 270.3657
v -2272.6192 -1430.3387 270.3633
f 3448 3449 3450
v -2292.9994 -1404.7773 270.3618
v -2266.5687 -1419.3501 270.3680
v -2269.6226 -1424.8959 270.3657
f 3451 3452 3453
v -2295.9988 -1410.1622 270.3595
v -2272.6192 -1430.3387 270.3633
v -2299.0896 -1415.7109 270.3572
f 3454 3455 3456
v -2292.9994 -1404.7773 270.3618
v -2272.6192 -1430.3387 270.3633
v -2295.9988 -1410.1622 270.3595
f 3457 3458 3459
v -2293.0012 -1404.7784 275.6616
v -2299.0910 -1415.7117 274.3750
v -2299.0934 -1415.7130 281.1507
f 3460 3461 3462
v -2295.9988 -1410.1622 270.3595
v -2299.0896 -1415.7109 270.3572
v -2299.0910 -1415.7117 274.3750
f 3463 3464 3465
v -2299.0934 -1415.7130 281.1507
v -2296.0033 -1410.1647 283.3150
v -2293.0030 -1404.7794 280.9604
f 3466 3467 3468
v -2299.0910 -1415.7117 274.3750
v -2293.0012 -1404.7784 275.6616
v -2295.9988 -1410.1622 270.3595
f 3469 3470 3471
v -2293.0030 -1404.7794 280.9604
v -2293.0012 -1404.7784 275.6616
v -2299.0934 -1415.7130 281.1507
f 3472 3473 3474
v -2293.0012 -1404.7784 275.6616
v -2292.9994 -1404.7773 270.3618
v -2295.9988 -1410.1622 270.3595
f 3475 3476 3477
v -2266.5697 -1419.3506 272.9539
v -2266.5715 -1419.3517 278.2537
v -2272.6211 -1430.3398 275.7831
f 3478 3479 3480
v -2269.6226 -1424.8959 270.3657
v -2266.5687 -1419.3501 270.3680
v -2266.5697 -1419.3506 272.9539
f 3481 3482 3483
v -2266.5697 -1419.3506 272.9539
v -2272.6211 -1430.3398 275.7831
v -2269.6226 -1424.8959 270.3657
f 3484 3485 3486
v -2269.6271 -1424.8985 283.3211
v -2266.5715 -1419.3517 278.2537
v -2266.5724 -1419.3523 280.9026
f 3487 3488 3489
v -2266.5715 -1419.3517 278.2537
v -2272.6230 -1430.3409 281.2039
v -2272.6211 -1430.3398 275.7831
f 3490 3491 3492
v -2272.6192 -1430.3387 270.3633
v -2269.6226 -1424.8959 270.3657
v -2272.6211 -1430.3398 275.7831
f 3493 3494 3495
v -2269.6271 -1424.8985 283.3211
v -2272.6230 -1430.3409 281.2039
v -2266.5715 -1419.3517 278.2537
f 3496 3497 3498
v -2279.7857 -1412.0668 280.9315
v -2266.5724 -1419.3523 280.9026
v -2292.9994 -1404.7773 270.3618
f 3499 3500 3501
v -2279.7857 -1412.0668 280.9315
v -2292.9994 -1404.7773 270.3618
v -2293.0012 -1404.7784 275.6616
f 3502 3503 3504
v -2292.9994 -1404.7773 270.3618
v -2266.5724 -1419.3523 280.9026
v -2266.5715 -1419.3517 278.2537
f 3505 3506 3507
v -2272.6192 -1430.3387 270.3633
v -2285.8582 -1423.0274 281.1768
v -2299.0934 -1415.7130 281.1507
f 3508 3509 3510

g building_ID_7AD09636-D543-464E-8CA1-EC939DC39475
v -2340.1924 -1432.9725 281.1979
v -2332.0129 -1441.7587 277.7880
v -2332.9494 -1432.2693 277.8068
f 3511 3512 3513
v -2330.1891 -1441.5785 276.9337
v -2330.9274 -1441.6515 277.2794
v -2329.7914 -1445.7664 276.9329
f 3514 3515 3516
v -2331.5981 -1445.9448 277.7792
v -2332.0129 -1441.7587 277.7880
v -2340.1924 -1432.9725 281.1979
f 3517 3518 3519
v -2337.2595 -1459.0961 280.9820
v -2331.5981 -1445.9448 277.7792
v -2340.1924 -1432.9725 281.1979
f 3520 3521 3522
v -2337.2595 -1459.0961 280.9820
v -2340.1924 -1432.9725 281.1979
v -2337.7096 -1459.1389 281.1928
f 3523 3524 3525
v -2330.3636 -1458.4420 277.7548
v -2331.5981 -1445.9448 277.7792
v -2337.2595 -1459.0961 280.9820
f 3526 3527 3528
v -2331.5981 -1445.9448 277.7792
v -2330.6947 -1445.8551 277.3566
v -2330.9274 -1441.6515 277.2794
f 3529 3530 3531
v -2329.7914 -1445.7664 276.9329
v -2330.9274 -1441.6515 277.2794
v -2330.6947 -1445.8551 277.3566
f 3532 3533 3534
v -2332.0129 -1441.7587 277.7880
v -2331.5981 -1445.9448 277.7792
v -2330.9274 -1441.6515 277.2794
f 3535 3536 3537
v -2344.1631 -1459.7500 277.9645
v -2340.1924 -1432.9725 281.1979
v -2346.7449 -1433.6083 277.9195
f 3538 3539 3540
v -2340.1924 -1432.9725 281.1979
v -2344.1631 -1459.7500 277.9645
v -2337.7096 -1459.1389 281.1928
f 3541 3542 3543
v -2330.1870 -1441.5772 270.9290
v -2330.1891 -1441.5785 276.9337
v -2329.7914 -1445.7664 276.9329
f 3544 3545 3546
v -2329.7892 -1445.7653 270.9282
v -2330.1870 -1441.5772 270.9290
v -2329.7914 -1445.7664 276.9329
f 3547 3548 3549
v -2332.0129 -1441.7587 277.7880
v -2330.9274 -1441.6515 277.2794
v -2332.0104 -1441.7573 270.9283
f 3550 3551 3552
v -2330.1891 -1441.5785 276.9337
v -2330.1870 -1441.5772 270.9290
v -2330.9274 -1441.6515 277.2794
f 3553 3554 3555
v -2330.9274 -1441.6515 277.2794
v -2330.1870 -1441.5772 270.9290
v -2332.0104 -1441.7573 270.9283
f 3556 3557 3558
v -2332.0129 -1441.7587 277.7880
v -2332.0104 -1441.7573 270.9283
v -2332.9469 -1432.2679 270.9301
f 3559 3560 3561
v -2337.7060 -1459.1369 270.9222
v -2340.1888 -1432.9704 270.9273
v -2331.5957 -1445.9434 270.9275
f 3562 3563 3564
v -2344.1606 -1459.7485 270.9197
v -2346.7424 -1433.6068 270.9248
v -2337.7060 -1459.1369 270.9222
f 3565 3566 3567
v -2331.5957 -1445.9434 270.9275
v -2330.3612 -1458.4406 270.9250
v -2337.7060 -1459.1369 270.9222
f 3568 3569 3570
v -2331.5957 -1445.9434 270.9275
v -2340.1888 -1432.9704 270.9273
v -2332.0104 -1441.7573 270.9283
f 3571 3572 3573
v -2332.0104 -1441.7573 270.9283
v -2329.7892 -1445.7653 270.9282
v -2331.5957 -1445.9434 270.9275
f 3574 3575 3576
v -2329.7892 -1445.7653 270.9282
v -2332.0104 -1441.7573 270.9283
v -2330.1870 -1441.5772 270.9290
f 3577 3578 3579
v -2340.1888 -1432.9704 270.9273
v -2332.9469 -1432.2679 270.9301
v -2332.0104 -1441.7573 270.9283
f 3580 3581 3582
v -2340.1888 -1432.9704 270.9273
v -2337.7060 -1459.1369 270.9222
v -2346.7424 -1433.6068 270.9248
f 3583 3584 3585
v -2336.0627 -1485.3830 285.6541
v -2337.7115 -1459.1400 286.2676
v -2344.1644 -1459.7507 281.5563
f 3586 3587 3588
v -2336.0627 -1485.3830 285.6541
v -2337.2615 -1459.0973 286.5968
v -2337.7115 -1459.1400 286.2676
f 3589 3590 3591
v -2334.6746 -1486.3530 286.5914
v -2337.2615 -1459.0973 286.5968
v -2336.0627 -1485.3830 285.6541
f 3592 3593 3594
v -2344.1644 -1459.7507 281.5563
v -2341.5797 -1485.9174 281.6242
v -2336.0627 -1485.3830 285.6541
f 3595 3596 3597
v -2336.0627 -1485.3830 285.6541
v -2335.9566 -1486.4744 285.6549
v -2334.6746 -1486.3530 286.5914
f 3598 3599 3600
v -2328.3330 -1479.0198 280.9256
v -2331.2118 -1484.9116 283.6931
v -2324.8704 -1484.2957 278.5398
f 3601 3602 3603
v -2333.3259 -1485.1173 285.4112
v -2334.6746 -1486.3530 286.5914
v -2333.2189 -1486.2147 285.4090
f 3604 3605 3606
v -2337.2615 -1459.0973 286.5968
v -2334.6746 -1486.3530 286.5914
v -2333.3259 -1485.1173 285.4112
f 3607 3608 3609
v -2333.3259 -1485.1173 285.4112
v -2331.2118 -1484.9116 283.6931
v -2337.2615 -1459.0973 286.5968
f 3610 3611 3612
v -2330.3658 -1458.4427 280.9946
v -2337.2615 -1459.0973 286.5968
v -2331.2118 -1484.9116 283.6931
f 3613 3614 3615
v -2328.3330 -1479.0198 280.9256
v -2330.3658 -1458.4427 280.9946
v -2331.2118 -1484.9116 283.6931
f 3616 3617 3618
v -2324.8704 -1484.2957 278.5398
v -2325.3894 -1478.7283 278.5329
v -2328.3330 -1479.0198 280.9256
f 3619 3620 3621
v -2341.5797 -1485.9174 281.6242
v -2341.5758 -1485.9152 270.8686
v -2336.0627 -1485.3830 285.6541
f 3622 3623 3624
v -2336.0627 -1485.3830 285.6541
v -2341.5758 -1485.9152 270.8686
v -2336.0574 -1485.3800 270.8707
f 3625 3626 3627
v -2324.8704 -1484.2957 278.5398
v -2331.2118 -1484.9116 283.6931
v -2333.3208 -1485.1144 270.8718
f 3628 3629 3630
v -2333.3208 -1485.1144 270.8718
v -2324.8677 -1484.2941 270.8751
v -2324.8704 -1484.2957 278.5398
f 3631 3632 3633
v -2325.3867 -1478.7267 270.8762
v -2325.3894 -1478.7283 278.5329
v -2324.8704 -1484.2957 278.5398
f 3634 3635 3636
v -2324.8704 -1484.2957 278.5398
v -2324.8677 -1484.2941 270.8751
v -2325.3867 -1478.7267 270.8762
f 3637 3638 3639
v -2328.3295 -1479.0178 270.8750
v -2328.3321 -1479.0194 278.4127
v -2325.3894 -1478.7283 278.5329
f 3640 3641 3642
v -2328.3295 -1479.0178 270.8750
v -2325.3894 -1478.7283 278.5329
v -2325.3867 -1478.7267 270.8762
f 3643 3644 3645
v -2333.2621 -1485.7324 275.4145
v -2333.3259 -1485.1173 285.4112
v -2333.2189 -1486.2147 285.4090
f 3646 3647 3648
v -2333.3259 -1485.1173 285.4112
v -2333.2621 -1485.7324 275.4145
v -2333.3208 -1485.1144 270.8718
f 3649 3650 3651
v -2333.3208 -1485.1144 270.8718
v -2333.2621 -1485.7324 275.4145
v -2333.2137 -1486.2116 270.8716
f 3652 3653 3654
v -2336.0574 -1485.3800 270.8707
v -2333.2137 -1486.2116 270.8716
v -2335.9514 -1486.4712 270.8705
f 3655 3656 3657
v -2336.0574 -1485.3800 270.8707
v -2330.3622 -1458.4406 270.8790
v -2333.3208 -1485.1144 270.8718
f 3658 3659 3660
v -2333.3208 -1485.1144 270.8718
v -2333.2137 -1486.2116 270.8716
v -2336.0574 -1485.3800 270.8707
f 3661 3662 3663
v -2333.3208 -1485.1144 270.8718
v -2328.3295 -1479.0178 270.8750
v -2324.8677 -1484.2941 270.8751
f 3664 3665 3666
v -2333.3208 -1485.1144 270.8718
v -2330.3622 -1458.4406 270.8790
v -2328.3295 -1479.0178 270.8750
f 3667 3668 3669
v -2344.1606 -1459.7485 270.8737
v -2330.3622 -1458.4406 270.8790
v -2336.0574 -1485.3800 270.8707
f 3670 3671 3672
v -2328.3295 -1479.0178 270.8750
v -2325.3867 -1478.7267 270.8762
v -2324.8677 -1484.2941 270.8751
f 3673 3674 3675
v -2336.0574 -1485.3800 270.8707
v -2341.5758 -1485.9152 270.8686
v -2344.1606 -1459.7485 270.8737
f 3676 3677 3678
v -2340.1888 -1432.9704 270.9273
v -2346.7449 -1433.6083 277.9195
v -2340.1924 -1432.9725 281.1979
f 3679 3680 3681
v -2346.7449 -1433.6083 277.9195
v -2340.1888 -1432.9704 270.9273
v -2346.7424 -1433.6068 270.9248
f 3682 3683 3684
v -2340.1888 -1432.9704 270.9273
v -2340.1924 -1432.9725 281.1979
v -2332.9494 -1432.2693 277.8068
f 3685 3686 3687
v -2332.9494 -1432.2693 277.8068
v -2332.9469 -1432.2679 270.9301
v -2340.1888 -1432.9704 270.9273
f 3688 3689 3690
v -2344.1631 -1459.7500 277.9645
v -2341.5758 -1485.9152 270.8686
v -2341.5797 -1485.9174 281.6242
f 3691 3692 3693
v -2341.5797 -1485.9174 281.6242
v -2344.1644 -1459.7507 281.5563
v -2344.1631 -1459.7500 277.9645
f 3694 3695 3696
v -2346.7424 -1433.6068 270.9248
v -2344.1631 -1459.7500 277.9645
v -2346.7449 -1433.6083 277.9195
f 3697 3698 3699
v -2344.1631 -1459.7500 277.9645
v -2346.7424 -1433.6068 270.9248
v -2344.1606 -1459.7485 270.9197
f 3700 3701 3702
v -2341.5758 -1485.9152 270.8686
v -2344.1606 -1459.7485 270.9197
v -2344.1606 -1459.7485 270.8737
f 3703 3704 3705
v -2341.5758 -1485.9152 270.8686
v -2344.1631 -1459.7500 277.9645
v -2344.1606 -1459.7485 270.9197
f 3706 3707 3708
v -2335.9566 -1486.4744 285.6549
v -2333.2189 -1486.2147 285.4090
v -2334.6746 -1486.3530 286.5914
f 3709 3710 3711
v -2333.2137 -1486.2116 270.8716
v -2333.2189 -1486.2147 285.4090
v -2335.9566 -1486.4744 285.6549
f 3712 3713 3714
v -2335.9514 -1486.4712 270.8705
v -2333.2137 -1486.2116 270.8716
v -2335.9566 -1486.4744 285.6549
f 3715 3716 3717
v -2328.3321 -1479.0194 278.4127
v -2330.3636 -1458.4420 277.7548
v -2330.3658 -1458.4427 280.9946
f 3718 3719 3720
v -2331.5981 -1445.9448 277.7792
v -2330.3612 -1458.4406 270.9250
v -2331.5957 -1445.9434 270.9275
f 3721 3722 3723
v -2330.3636 -1458.4420 277.7548
v -2330.3612 -1458.4406 270.9250
v -2331.5981 -1445.9448 277.7792
f 3724 3725 3726
v -2330.3636 -1458.4420 277.7548
v -2328.3321 -1479.0194 278.4127
v -2328.3295 -1479.0178 270.8750
f 3727 3728 3729
v -2328.3295 -1479.0178 270.8750
v -2330.3622 -1458.4406 270.8790
v -2330.3612 -1458.4406 270.9250
f 3730 3731 3732
v -2330.3612 -1458.4406 270.9250
v -2330.3636 -1458.4420 277.7548
v -2328.3295 -1479.0178 270.8750
f 3733 3734 3735
v -2328.3330 -1479.0198 280.9256
v -2328.3321 -1479.0194 278.4127
v -2330.3658 -1458.4427 280.9946
f 3736 3737 3738
v -2344.1606 -1459.7485 270.9197
v -2337.7060 -1459.1369 270.9222
v -2344.1606 -1459.7485 270.8737
f 3739 3740 3741
v -2330.3622 -1458.4406 270.8790
v -2344.1606 -1459.7485 270.8737
v -2337.7060 -1459.1369 270.9222
f 3742 3743 3744
v -2337.7060 -1459.1369 270.9222
v -2330.3612 -1458.4406 270.9250
v -2330.3622 -1458.4406 270.8790
f 3745 3746 3747
v -2337.7115 -1459.1400 286.2676
v -2337.7096 -1459.1389 281.1928
v -2344.1644 -1459.7507 281.5563
f 3748 3749 3750
v -2344.1644 -1459.7507 281.5563
v -2337.7096 -1459.1389 281.1928
v -2344.1631 -1459.7500 277.9645
f 3751 3752 3753
v -2330.3658 -1458.4427 280.9946
v -2337.7115 -1459.1400 286.2676
v -2337.2615 -1459.0973 286.5968
f 3754 3755 3756
v -2337.2595 -1459.0961 280.9820
v -2330.3658 -1458.4427 280.9946
v -2330.3636 -1458.4420 277.7548
f 3757 3758 3759
v -2337.2595 -1459.0961 280.9820
v -2337.7096 -1459.1389 281.1928
v -2337.7115 -1459.1400 286.2676
f 3760 3761 3762
v -2330.3658 -1458.4427 280.9946
v -2337.2595 -1459.0961 280.9820
v -2337.7115 -1459.1400 286.2676
f 3763 3764 3765
v -2329.7914 -1445.7664 276.9329
v -2330.6947 -1445.8551 277.3566
v -2331.5957 -1445.9434 270.9275
f 3766 3767 3768
v -2329.7914 -1445.7664 276.9329
v -2331.5957 -1445.9434 270.9275
v -2329.7892 -1445.7653 270.9282
f 3769 3770 3771
v -2330.6947 -1445.8551 277.3566
v -2331.5981 -1445.9448 277.7792
v -2331.5957 -1445.9434 270.9275
f 3772 3773 3774
v -2332.0129 -1441.7587 277.7880
v -2332.9469 -1432.2679 270.9301
v -2332.9494 -1432.2693 277.8068
f 3775 3776 3777
v -2335.9514 -1486.4712 270.8705
v -2335.9566 -1486.4744 285.6549
v -2336.0627 -1485.3830 285.6541
f 3778 3779 3780
v -2335.9514 -1486.4712 270.8705
v -2336.0627 -1485.3830 285.6541
v -2336.0574 -1485.3800 270.8707
f 3781 3782 3783
v -2331.2118 -1484.9116 283.6931
v -2333.3259 -1485.1173 285.4112
v -2333.3208 -1485.1144 270.8718
f 3784 3785 3786
v -2328.3321 -1479.0194 278.4127
v -2328.3330 -1479.0198 280.9256
v -2325.3894 -1478.7283 278.5329
f 3787 3788 3789
v -2333.2137 -1486.2116 270.8716
v -2333.2621 -1485.7324 275.4145
v -2333.2189 -1486.2147 285.4090
f 3790 3791 3792

g building_ID_3571570E-CFFC-4FCC-83DD-C5081C94FA24
v -2294.2079 -1438.9526 284.2371
v -2298.4306 -1439.2137 281.4657
v -2297.4542 -1454.6941 281.4934
f 3793 3794 3795
v -2294.2079 -1438.9526 284.2371
v -2292.2489 -1469.8416 284.3007
v -2294.0971 -1439.0169 284.3072
f 3796 3797 3798
v -2294.2079 -1438.9526 284.2371
v -2292.3741 -1469.9362 284.2146
v -2292.2489 -1469.8416 284.3007
f 3799 3800 3801
v -2296.4758 -1470.1906 281.5222
v -2292.3741 -1469.9362 284.2146
v -2297.4542 -1454.6941 281.4934
f 3802 3803 3804
v -2297.4542 -1454.6941 281.4934
v -2292.3741 -1469.9362 284.2146
v -2294.2079 -1438.9526 284.2371
f 3805 3806 3807
v -2292.2489 -1469.8416 284.3007
v -2292.3741 -1469.9362 284.2146
v -2292.1141 -1469.9199 284.2157
f 3808 3809 3810
v -2292.1141 -1469.9199 284.2157
v -2293.9939 -1438.9391 284.2372
v -2292.2489 -1469.8416 284.3007
f 3811 3812 3813
v -2288.1306 -1454.1231 281.0000
v -2292.1141 -1469.9199 284.2157
v -2287.1531 -1469.6115 280.9648
f 3814 3815 3816
v -2293.9939 -1438.9391 284.2372
v -2288.1306 -1454.1231 281.0000
v -2289.1080 -1438.6356 281.0351
f 3817 3818 3819
v -2292.2489 -1469.8416 284.3007
v -2293.9939 -1438.9391 284.2372
v -2294.0971 -1439.0169 284.3072
f 3820 3821 3822
v -2288.1306 -1454.1231 281.0000
v -2293.9939 -1438.9391 284.2372
v -2292.1141 -1469.9199 284.2157
f 3823 3824 3825
v -2294.0971 -1439.0169 284.3072
v -2293.9939 -1438.9391 284.2372
v -2294.2079 -1438.9526 284.2371
f 3826 3827 3828
v -2296.4748 -1470.1901 278.7933
v -2296.4758 -1470.1906 281.5222
v -2297.4542 -1454.6941 281.4934
f 3829 3830 3831
v -2296.4736 -1470.1893 275.1625
v -2296.4748 -1470.1901 278.7933
v -2297.4542 -1454.6941 281.4934
f 3832 3833 3834
v -2298.4297 -1439.2131 278.7358
v -2296.4721 -1470.1883 270.6057
v -2296.4736 -1470.1893 275.1625
f 3835 3836 3837
v -2297.4542 -1454.6941 281.4934
v -2298.4297 -1439.2131 278.7358
v -2296.4736 -1470.1893 275.1625
f 3838 3839 3840
v -2296.4721 -1470.1883 270.6057
v -2298.4297 -1439.2131 278.7358
v -2298.4287 -1439.2125 276.0069
f 3841 3842 3843
v -2298.4268 -1439.2114 270.6121
v -2297.5712 -1452.7636 270.6093
v -2298.4287 -1439.2125 276.0069
f 3844 3845 3846
v -2296.4721 -1470.1883 270.6057
v -2298.4287 -1439.2125 276.0069
v -2297.5712 -1452.7636 270.6093
f 3847 3848 3849
v -2289.1044 -1438.6335 270.6155
v -2289.1080 -1438.6356 281.0351
v -2288.1306 -1454.1231 281.0000
f 3850 3851 3852
v -2287.1496 -1469.6094 270.6092
v -2289.1044 -1438.6335 270.6155
v -2287.1523 -1469.6110 278.3599
f 3853 3854 3855
v -2297.5712 -1452.7636 270.6093
v -2292.1093 -1469.9171 270.6073
v -2292.3693 -1469.9334 270.6072
f 3856 3857 3858
v -2297.5712 -1452.7636 270.6093
v -2287.1496 -1469.6094 270.6092
v -2292.1093 -1469.9171 270.6073
f 3859 3860 3861
v -2296.4721 -1470.1883 270.6057
v -2297.5712 -1452.7636 270.6093
v -2292.3693 -1469.9334 270.6072
f 3862 3863 3864
v -2294.2032 -1438.9498 270.6136
v -2297.5712 -1452.7636 270.6093
v -2298.4268 -1439.2114 270.6121
f 3865 3866 3867
v -2287.1496 -1469.6094 270.6092
v -2293.9891 -1438.9363 270.6137
v -2289.1044 -1438.6335 270.6155
f 3868 3869 3870
v -2293.9891 -1438.9363 270.6137
v -2297.5712 -1452.7636 270.6093
v -2294.2032 -1438.9498 270.6136
f 3871 3872 3873
v -2297.5712 -1452.7636 270.6093
v -2293.9891 -1438.9363 270.6137
v -2287.1496 -1469.6094 270.6092
f 3874 3875 3876
v -2294.2079 -1438.9526 284.2371
v -2298.4297 -1439.2131 278.7358
v -2298.4306 -1439.2137 281.4657
f 3877 3878 3879
v -2293.9939 -1438.9391 284.2372
v -2298.4297 -1439.2131 278.7358
v -2294.2079 -1438.9526 284.2371
f 3880 3881 3882
v -2298.4297 -1439.2131 278.7358
v -2289.1080 -1438.6356 281.0351
v -2298.4287 -1439.2125 276.0069
f 3883 3884 3885
v -2298.4287 -1439.2125 276.0069
v -2294.2032 -1438.9498 270.6136
v -2298.4268 -1439.2114 270.6121
f 3886 3887 3888
v -2298.4297 -1439.2131 278.7358
v -2293.9939 -1438.9391 284.2372
v -2289.1080 -1438.6356 281.0351
f 3889 3890 3891
v -2289.1044 -1438.6335 270.6155
v -2293.9891 -1438.9363 270.6137
v -2298.4287 -1439.2125 276.0069
f 3892 3893 3894
v -2289.1080 -1438.6356 281.0351
v -2289.1044 -1438.6335 270.6155
v -2298.4287 -1439.2125 276.0069
f 3895 3896 3897
v -2294.2032 -1438.9498 270.6136
v -2298.4287 -1439.2125 276.0069
v -2293.9891 -1438.9363 270.6137
f 3898 3899 3900
v -2296.4736 -1470.1893 275.1625
v -2292.3693 -1469.9334 270.6072
v -2287.1523 -1469.6110 278.3599
f 3901 3902 3903
v -2292.1093 -1469.9171 270.6073
v -2287.1496 -1469.6094 270.6092
v -2287.1523 -1469.6110 278.3599
f 3904 3905 3906
v -2292.1093 -1469.9171 270.6073
v -2287.1523 -1469.6110 278.3599
v -2292.3693 -1469.9334 270.6072
f 3907 3908 3909
v -2296.4736 -1470.1893 275.1625
v -2287.1523 -1469.6110 278.3599
v -2287.1531 -1469.6115 280.9648
f 3910 3911 3912
v -2292.3741 -1469.9362 284.2146
v -2296.4748 -1470.1901 278.7933
v -2292.1141 -1469.9199 284.2157
f 3913 3914 3915
v -2296.4758 -1470.1906 281.5222
v -2296.4748 -1470.1901 278.7933
v -2292.3741 -1469.9362 284.2146
f 3916 3917 3918
v -2296.4721 -1470.1883 270.6057
v -2292.3693 -1469.9334 270.6072
v -2296.4736 -1470.1893 275.1625
f 3919 3920 3921
v -2292.1141 -1469.9199 284.2157
v -2296.4748 -1470.1901 278.7933
v -2296.4736 -1470.1893 275.1625
f 3922 3923 3924
v -2296.4736 -1470.1893 275.1625
v -2287.1531 -1469.6115 280.9648
v -2292.1141 -1469.9199 284.2157
f 3925 3926 3927
v -2298.4297 -1439.2131 278.7358
v -2297.4542 -1454.6941 281.4934
v -2298.4306 -1439.2137 281.4657
f 3928 3929 3930
v -2289.1044 -1438.6335 270.6155
v -2288.1306 -1454.1231 281.0000
v -2287.1523 -1469.6110 278.3599
f 3931 3932 3933
v -2288.1306 -1454.1231 281.0000
v -2287.1531 -1469.6115 280.9648
v -2287.1523 -1469.6110 278.3599
f 3934 3935 3936

g building_ID_9D24BEAF-E486-4828-9892-697190BFD0E2
v -2276.3256 -1449.8804 279.2193
v -2279.7582 -1443.9879 277.4194
v -2279.3655 -1450.0768 277.4231
f 3937 3938 3939
v -2276.7103 -1443.7914 279.2205
v -2279.7582 -1443.9879 277.4194
v -2276.3256 -1449.8804 279.2193
f 3940 3941 3942
v -2276.7103 -1443.7914 279.2205
v -2272.3332 -1449.6227 276.9708
v -2272.7209 -1443.5337 276.9741
f 3943 3944 3945
v -2276.3256 -1449.8804 279.2193
v -2272.3332 -1449.6227 276.9708
v -2276.7103 -1443.7914 279.2205
f 3946 3947 3948
v -2279.3643 -1450.0761 273.8733
v -2279.3650 -1450.0765 275.6482
v -2279.7582 -1443.9879 277.4194
f 3949 3950 3951
v -2279.3631 -1450.0754 270.3234
v -2279.3643 -1450.0761 273.8733
v -2279.7558 -1443.9864 270.3247
f 3952 3953 3954
v -2279.3643 -1450.0761 273.8733
v -2279.7569 -1443.9870 273.4266
v -2279.7558 -1443.9864 270.3247
f 3955 3956 3957
v -2272.7186 -1443.5323 270.3273
v -2272.7209 -1443.5337 276.9741
v -2272.3326 -1449.6223 275.3098
f 3958 3959 3960
v -2272.7186 -1443.5323 270.3273
v -2272.3326 -1449.6223 275.3098
v -2272.3321 -1449.6220 273.6479
f 3961 3962 3963
v -2272.3321 -1449.6220 273.6479
v -2272.3309 -1449.6213 270.3260
v -2272.7186 -1443.5323 270.3273
f 3964 3965 3966
v -2276.3226 -1449.8786 270.3246
v -2272.7186 -1443.5323 270.3273
v -2272.3309 -1449.6213 270.3260
f 3967 3968 3969
v -2279.7558 -1443.9864 270.3247
v -2276.3226 -1449.8786 270.3246
v -2279.3631 -1450.0754 270.3234
f 3970 3971 3972
v -2276.3226 -1449.8786 270.3246
v -2279.7558 -1443.9864 270.3247
v -2272.7186 -1443.5323 270.3273
f 3973 3974 3975
v -2272.7186 -1443.5323 270.3273
v -2279.7558 -1443.9864 270.3247
v -2279.7569 -1443.9870 273.4266
f 3976 3977 3978
v -2276.7103 -1443.7914 279.2205
v -2279.7569 -1443.9870 273.4266
v -2279.7582 -1443.9879 277.4194
f 3979 3980 3981
v -2279.7569 -1443.9870 273.4266
v -2272.7209 -1443.5337 276.9741
v -2272.7186 -1443.5323 270.3273
f 3982 3983 3984
v -2279.7569 -1443.9870 273.4266
v -2276.7103 -1443.7914 279.2205
v -2272.7209 -1443.5337 276.9741
f 3985 3986 3987
v -2272.3326 -1449.6223 275.3098
v -2272.3332 -1449.6227 276.9708
v -2276.3256 -1449.8804 279.2193
f 3988 3989 3990
v -2279.3643 -1450.0761 273.8733
v -2272.3321 -1449.6220 273.6479
v -2272.3326 -1449.6223 275.3098
f 3991 3992 3993
v -2272.3321 -1449.6220 273.6479
v -2276.3226 -1449.8786 270.3246
v -2272.3309 -1449.6213 270.3260
f 3994 3995 3996
v -2272.3326 -1449.6223 275.3098
v -2276.3256 -1449.8804 279.2193
v -2279.3650 -1450.0765 275.6482
f 3997 3998 3999
v -2272.3321 -1449.6220 273.6479
v -2279.3643 -1450.0761 273.8733
v -2276.3226 -1449.8786 270.3246
f 4000 4001 4002
v -2279.3650 -1450.0765 275.6482
v -2279.3643 -1450.0761 273.8733
v -2272.3326 -1449.6223 275.3098
f 4003 4004 4005
v -2279.3631 -1450.0754 270.3234
v -2276.3226 -1449.8786 270.3246
v -2279.3643 -1450.0761 273.8733
f 4006 4007 4008
v -2279.3655 -1450.0768 277.4231
v -2279.3650 -1450.0765 275.6482
v -2276.3256 -1449.8804 279.2193
f 4009 4010 4011
v -2279.3650 -1450.0765 275.6482
v -2279.3655 -1450.0768 277.4231
v -2279.7582 -1443.9879 277.4194
f 4012 4013 4014
v -2279.7569 -1443.9870 273.4266
v -2279.3643 -1450.0761 273.8733
v -2279.7582 -1443.9879 277.4194
f 4015 4016 4017
v -2272.3332 -1449.6227 276.9708
v -2272.3326 -1449.6223 275.3098
v -2272.7209 -1443.5337 276.9741
f 4018 4019 4020

g building_ID_011B84F4-561B-4285-BD80-B6FC24515785
v -2231.5043 -1377.7323 278.6892
v -2232.9359 -1372.4055 278.6898
v -2233.6318 -1378.3056 278.6883
f 4021 4022 4023
v -2243.9248 -1375.3929 278.6853
v -2233.6318 -1378.3056 278.6883
v -2232.9359 -1372.4055 278.6898
f 4024 4025 4026
v -2233.5773 -1378.5068 278.6883
v -2233.6318 -1378.3056 278.6883
v -2242.4733 -1380.7938 278.6847
f 4027 4028 4029
v -2233.5773 -1378.5068 278.6883
v -2242.4733 -1380.7938 278.6847
v -2244.5522 -1381.4912 278.6838
f 4030 4031 4032
v -2244.5868 -1381.3611 278.6838
v -2244.5522 -1381.4912 278.6838
v -2242.4733 -1380.7938 278.6847
f 4033 4034 4035
v -2233.6318 -1378.3056 278.6883
v -2243.9248 -1375.3929 278.6853
v -2242.4733 -1380.7938 278.6847
f 4036 4037 4038
v -2243.9217 -1375.3911 269.2857
v -2243.9248 -1375.3929 278.6853
v -2232.9359 -1372.4055 278.6898
f 4039 4040 4041
v -2242.4702 -1380.7920 269.2851
v -2242.4733 -1380.7938 278.6847
v -2243.9248 -1375.3929 278.6853
f 4042 4043 4044
v -2244.5837 -1381.3593 269.2842
v -2244.5868 -1381.3611 278.6838
v -2242.4733 -1380.7938 278.6847
f 4045 4046 4047
v -2244.5490 -1381.4894 269.2842
v -2244.5522 -1381.4912 278.6838
v -2244.5868 -1381.3611 278.6838
f 4048 4049 4050
v -2233.5741 -1378.5050 269.2887
v -2233.5773 -1378.5068 278.6883
v -2244.5522 -1381.4912 278.6838
f 4051 4052 4053
v -2233.6285 -1378.3038 269.2887
v -2233.6318 -1378.3056 278.6883
v -2233.5773 -1378.5068 278.6883
f 4054 4055 4056
v -2231.5011 -1377.7304 269.2896
v -2231.5043 -1377.7323 278.6892
v -2233.6318 -1378.3056 278.6883
f 4057 4058 4059
v -2232.9328 -1372.4037 269.2902
v -2232.9359 -1372.4055 278.6898
v -2231.5043 -1377.7323 278.6892
f 4060 4061 4062
v -2233.5741 -1378.5050 269.2887
v -2244.5490 -1381.4894 269.2842
v -2242.4702 -1380.7920 269.2851
f 4063 4064 4065
v -2244.5837 -1381.3593 269.2842
v -2242.4702 -1380.7920 269.2851
v -2244.5490 -1381.4894 269.2842
f 4066 4067 4068
v -2242.4702 -1380.7920 269.2851
v -2243.9217 -1375.3911 269.2857
v -2233.6285 -1378.3038 269.2887
f 4069 4070 4071
v -2231.5011 -1377.7304 269.2896
v -2233.6285 -1378.3038 269.2887
v -2232.9328 -1372.4037 269.2902
f 4072 4073 4074
v -2243.9217 -1375.3911 269.2857
v -2232.9328 -1372.4037 269.2902
v -2233.6285 -1378.3038 269.2887
f 4075 4076 4077
v -2242.4702 -1380.7920 269.2851
v -2233.6285 -1378.3038 269.2887
v -2233.5741 -1378.5050 269.2887
f 4078 4079 4080
v -2243.9217 -1375.3911 269.2857
v -2232.9359 -1372.4055 278.6898
v -2232.9328 -1372.4037 269.2902
f 4081 4082 4083
v -2242.4702 -1380.7920 269.2851
v -2243.9248 -1375.3929 278.6853
v -2243.9217 -1375.3911 269.2857
f 4084 4085 4086
v -2244.5837 -1381.3593 269.2842
v -2242.4733 -1380.7938 278.6847
v -2242.4702 -1380.7920 269.2851
f 4087 4088 4089
v -2244.5490 -1381.4894 269.2842
v -2244.5868 -1381.3611 278.6838
v -2244.5837 -1381.3593 269.2842
f 4090 4091 4092
v -2233.5741 -1378.5050 269.2887
v -2244.5522 -1381.4912 278.6838
v -2244.5490 -1381.4894 269.2842
f 4093 4094 4095
v -2233.6285 -1378.3038 269.2887
v -2233.5773 -1378.5068 278.6883
v -2233.5741 -1378.5050 269.2887
f 4096 4097 4098
v -2231.5011 -1377.7304 269.2896
v -2233.6318 -1378.3056 278.6883
v -2233.6285 -1378.3038 269.2887
f 4099 4100 4101
v -2232.9328 -1372.4037 269.2902
v -2231.5043 -1377.7323 278.6892
v -2231.5011 -1377.7304 269.2896
f 4102 4103 4104

g building_ID_F907ECA5-9F46-48B7-987E-3FE738C29F1C
v -2230.8226 -1365.9383 278.6921
v -2230.8324 -1365.9002 278.6921
v -2232.4377 -1366.3719 278.6913
f 4105 4106 4107
v -2243.5367 -1369.3580 278.6868
v -2232.4377 -1366.3719 278.6913
v -2230.8324 -1365.9002 278.6921
f 4108 4109 4110
v -2232.9587 -1372.3224 278.6898
v -2230.9803 -1371.7908 278.6906
v -2232.4377 -1366.3719 278.6913
f 4111 4112 4113
v -2232.9587 -1372.3224 278.6898
v -2232.4377 -1366.3719 278.6913
v -2243.5367 -1369.3580 278.6868
f 4114 4115 4116
v -2243.9248 -1375.3929 278.6853
v -2232.9369 -1372.4025 278.6898
v -2242.0830 -1374.7060 278.6861
f 4117 4118 4119
v -2242.0830 -1374.7060 278.6861
v -2232.9369 -1372.4025 278.6898
v -2232.9587 -1372.3224 278.6898
f 4120 4121 4122
v -2243.9733 -1375.2138 278.6854
v -2243.9248 -1375.3929 278.6853
v -2242.0830 -1374.7060 278.6861
f 4123 4124 4125
v -2243.5367 -1369.3580 278.6868
v -2242.0830 -1374.7060 278.6861
v -2232.9587 -1372.3224 278.6898
f 4126 4127 4128
v -2242.0798 -1374.7042 269.2865
v -2242.0830 -1374.7060 278.6861
v -2243.5367 -1369.3580 278.6868
f 4129 4130 4131
v -2243.9702 -1375.2120 269.2858
v -2243.9733 -1375.2138 278.6854
v -2242.0830 -1374.7060 278.6861
f 4132 4133 4134
v -2243.9217 -1375.3911 269.2857
v -2243.9248 -1375.3929 278.6853
v -2243.9733 -1375.2138 278.6854
f 4135 4136 4137
v -2232.9337 -1372.4007 269.2902
v -2232.9369 -1372.4025 278.6898
v -2243.9248 -1375.3929 278.6853
f 4138 4139 4140
v -2232.9555 -1372.3206 269.2902
v -2232.9587 -1372.3224 278.6898
v -2232.9369 -1372.4025 278.6898
f 4141 4142 4143
v -2230.9771 -1371.7890 269.2910
v -2230.9803 -1371.7908 278.6906
v -2232.9587 -1372.3224 278.6898
f 4144 4145 4146
v -2232.4346 -1366.3701 269.2917
v -2232.4377 -1366.3719 278.6913
v -2230.9803 -1371.7908 278.6906
f 4147 4148 4149
v -2230.8194 -1365.9365 269.2924
v -2230.8226 -1365.9383 278.6921
v -2232.4377 -1366.3719 278.6913
f 4150 4151 4152
v -2230.8293 -1365.8984 269.2924
v -2230.8324 -1365.9002 278.6921
v -2230.8226 -1365.9383 278.6921
f 4153 4154 4155
v -2243.5334 -1369.3562 269.2872
v -2243.5367 -1369.3580 278.6868
v -2230.8324 -1365.9002 278.6921
f 4156 4157 4158
v -2232.9337 -1372.4007 269.2902
v -2243.9217 -1375.3911 269.2857
v -2242.0798 -1374.7042 269.2865
f 4159 4160 4161
v -2243.9702 -1375.2120 269.2858
v -2242.0798 -1374.7042 269.2865
v -2243.9217 -1375.3911 269.2857
f 4162 4163 4164
v -2242.0798 -1374.7042 269.2865
v -2232.9555 -1372.3206 269.2902
v -2232.9337 -1372.4007 269.2902
f 4165 4166 4167
v -2232.9555 -1372.3206 269.2902
v -2242.0798 -1374.7042 269.2865
v -2243.5334 -1369.3562 269.2872
f 4168 4169 4170
v -2230.8194 -1365.9365 269.2924
v -2232.4346 -1366.3701 269.2917
v -2230.8293 -1365.8984 269.2924
f 4171 4172 4173
v -2243.5334 -1369.3562 269.2872
v -2230.8293 -1365.8984 269.2924
v -2232.4346 -1366.3701 269.2917
f 4174 4175 4176
v -2232.9555 -1372.3206 269.2902
v -2232.4346 -1366.3701 269.2917
v -2230.9771 -1371.7890 269.2910
f 4177 4178 4179
v -2243.5334 -1369.3562 269.2872
v -2232.4346 -1366.3701 269.2917
v -2232.9555 -1372.3206 269.2902
f 4180 4181 4182
v -2242.0798 -1374.7042 269.2865
v -2243.5367 -1369.3580 278.6868
v -2243.5334 -1369.3562 269.2872
f 4183 4184 4185
v -2243.9702 -1375.2120 269.2858
v -2242.0830 -1374.7060 278.6861
v -2242.0798 -1374.7042 269.2865
f 4186 4187 4188
v -2243.9217 -1375.3911 269.2857
v -2243.9733 -1375.2138 278.6854
v -2243.9702 -1375.2120 269.2858
f 4189 4190 4191
v -2232.9337 -1372.4007 269.2902
v -2243.9248 -1375.3929 278.6853
v -2243.9217 -1375.3911 269.2857
f 4192 4193 4194
v -2232.9555 -1372.3206 269.2902
v -2232.9369 -1372.4025 278.6898
v -2232.9337 -1372.4007 269.2902
f 4195 4196 4197
v -2230.9771 -1371.7890 269.2910
v -2232.9587 -1372.3224 278.6898
v -2232.9555 -1372.3206 269.2902
f 4198 4199 4200
v -2232.4346 -1366.3701 269.2917
v -2230.9803 -1371.7908 278.6906
v -2230.9771 -1371.7890 269.2910
f 4201 4202 4203
v -2230.8194 -1365.9365 269.2924
v -2232.4377 -1366.3719 278.6913
v -2232.4346 -1366.3701 269.2917
f 4204 4205 4206
v -2230.8293 -1365.8984 269.2924
v -2230.8226 -1365.9383 278.6921
v -2230.8194 -1365.9365 269.2924
f 4207 4208 4209
v -2243.5334 -1369.3562 269.2872
v -2230.8324 -1365.9002 278.6921
v -2230.8293 -1365.8984 269.2924
f 4210 4211 4212

g building_ID_FAFD6528-FC11-4373-8F1C-170623932200
v -2243.1293 -1386.7470 278.6832
v -2232.1565 -1383.7975 278.6876
v -2233.5773 -1378.5078 278.6883
f 4213 4214 4215
v -2233.5773 -1378.5078 278.6883
v -2244.5522 -1381.4912 278.6838
v -2243.1293 -1386.7470 278.6832
f 4216 4217 4218
v -2243.1262 -1386.7452 269.2836
v -2243.1293 -1386.7470 278.6832
v -2244.5522 -1381.4912 278.6838
f 4219 4220 4221
v -2232.1534 -1383.7957 269.2880
v -2232.1565 -1383.7975 278.6876
v -2234.0092 -1384.2952 276.7110
f 4222 4223 4224
v -2243.1293 -1386.7470 278.6832
v -2234.0092 -1384.2952 276.7110
v -2232.1565 -1383.7975 278.6876
f 4225 4226 4227
v -2234.0092 -1384.2952 276.7110
v -2234.0067 -1384.2937 269.2873
v -2232.1534 -1383.7957 269.2880
f 4228 4229 4230
v -2243.1262 -1386.7452 269.2836
v -2241.4925 -1386.3070 276.7879
v -2243.1293 -1386.7470 278.6832
f 4231 4232 4233
v -2234.0092 -1384.2952 276.7110
v -2243.1293 -1386.7470 278.6832
v -2241.4925 -1386.3070 276.7879
f 4234 4235 4236
v -2241.4925 -1386.3070 276.7879
v -2243.1262 -1386.7452 269.2836
v -2241.4899 -1386.3056 269.2842
f 4237 4238 4239
v -2233.5741 -1378.5060 269.2887
v -2233.5773 -1378.5078 278.6883
v -2232.1565 -1383.7975 278.6876
f 4240 4241 4242
v -2244.5490 -1381.4894 269.2842
v -2244.5522 -1381.4912 278.6838
v -2233.5773 -1378.5078 278.6883
f 4243 4244 4245
v -2236.5107 -1389.3324 276.7890
v -2234.0092 -1384.2952 276.7110
v -2241.4925 -1386.3070 276.7879
f 4246 4247 4248
v -2236.5082 -1389.3309 269.2853
v -2236.5107 -1389.3324 276.7890
v -2241.4925 -1386.3070 276.7879
f 4249 4250 4251
v -2234.0067 -1384.2937 269.2873
v -2234.0092 -1384.2952 276.7110
v -2236.5082 -1389.3309 269.2853
f 4252 4253 4254
v -2241.4899 -1386.3056 269.2842
v -2243.1262 -1386.7452 269.2836
v -2244.5490 -1381.4894 269.2842
f 4255 4256 4257
v -2234.0067 -1384.2937 269.2873
v -2241.4899 -1386.3056 269.2842
v -2244.5490 -1381.4894 269.2842
f 4258 4259 4260
v -2232.1534 -1383.7957 269.2880
v -2234.0067 -1384.2937 269.2873
v -2233.5741 -1378.5060 269.2887
f 4261 4262 4263
v -2241.4899 -1386.3056 269.2842
v -2234.0067 -1384.2937 269.2873
v -2236.5082 -1389.3309 269.2853
f 4264 4265 4266
v -2233.5741 -1378.5060 269.2887
v -2234.0067 -1384.2937 269.2873
v -2244.5490 -1381.4894 269.2842
f 4267 4268 4269
v -2243.1262 -1386.7452 269.2836
v -2244.5522 -1381.4912 278.6838
v -2244.5490 -1381.4894 269.2842
f 4270 4271 4272
v -2233.5741 -1378.5060 269.2887
v -2232.1565 -1383.7975 278.6876
v -2232.1534 -1383.7957 269.2880
f 4273 4274 4275
v -2244.5490 -1381.4894 269.2842
v -2233.5773 -1378.5078 278.6883
v -2233.5741 -1378.5060 269.2887
f 4276 4277 4278
v -2236.5082 -1389.3309 269.2853
v -2241.4925 -1386.3070 276.7879
v -2241.4899 -1386.3056 269.2842
f 4279 4280 4281
v -2234.0092 -1384.2952 276.7110
v -2236.5107 -1389.3324 276.7890
v -2236.5082 -1389.3309 269.2853
f 4282 4283 4284

g building_ID_DD0E53AA-048F-49E6-A667-4F5F610939F3
v -2230.5701 -1341.9191 278.6973
v -2231.1835 -1348.0474 278.6957
v -2229.0741 -1347.4801 278.6966
f 4285 4286 4287
v -2239.8662 -1350.5711 278.6922
v -2231.1835 -1348.0474 278.6957
v -2241.3969 -1344.8741 278.6928
f 4288 4289 4290
v -2230.5701 -1341.9191 278.6973
v -2241.3969 -1344.8741 278.6928
v -2231.1835 -1348.0474 278.6957
f 4291 4292 4293
v -2231.1429 -1348.1975 278.6957
v -2231.1835 -1348.0474 278.6957
v -2239.8662 -1350.5711 278.6922
f 4294 4295 4296
v -2241.3938 -1344.8723 269.2932
v -2241.3969 -1344.8741 278.6928
v -2230.5701 -1341.9191 278.6973
f 4297 4298 4299
v -2239.8630 -1350.5694 269.2925
v -2239.8662 -1350.5711 278.6922
v -2241.3969 -1344.8741 278.6928
f 4300 4301 4302
v -2231.1398 -1348.1958 269.2961
v -2231.1429 -1348.1975 278.6957
v -2239.8662 -1350.5711 278.6922
f 4303 4304 4305
v -2231.1804 -1348.0457 269.2961
v -2231.1835 -1348.0474 278.6957
v -2231.1429 -1348.1975 278.6957
f 4306 4307 4308
v -2229.0709 -1347.4783 269.2970
v -2229.0741 -1347.4801 278.6966
v -2231.1835 -1348.0474 278.6957
f 4309 4310 4311
v -2230.5669 -1341.9173 269.2977
v -2230.5701 -1341.9191 278.6973
v -2229.0741 -1347.4801 278.6966
f 4312 4313 4314
v -2231.1804 -1348.0457 269.2961
v -2231.1398 -1348.1958 269.2961
v -2239.8630 -1350.5694 269.2925
f 4315 4316 4317
v -2241.3938 -1344.8723 269.2932
v -2231.1804 -1348.0457 269.2961
v -2239.8630 -1350.5694 269.2925
f 4318 4319 4320
v -2229.0709 -1347.4783 269.2970
v -2231.1804 -1348.0457 269.2961
v -2230.5669 -1341.9173 269.2977
f 4321 4322 4323
v -2241.3938 -1344.8723 269.2932
v -2230.5669 -1341.9173 269.2977
v -2231.1804 -1348.0457 269.2961
f 4324 4325 4326
v -2241.3938 -1344.8723 269.2932
v -2230.5701 -1341.9191 278.6973
v -2230.5669 -1341.9173 269.2977
f 4327 4328 4329
v -2239.8630 -1350.5694 269.2925
v -2241.3969 -1344.8741 278.6928
v -2241.3938 -1344.8723 269.2932
f 4330 4331 4332
v -2231.1398 -1348.1958 269.2961
v -2239.8662 -1350.5711 278.6922
v -2239.8630 -1350.5694 269.2925
f 4333 4334 4335
v -2231.1804 -1348.0457 269.2961
v -2231.1429 -1348.1975 278.6957
v -2231.1398 -1348.1958 269.2961
f 4336 4337 4338
v -2229.0709 -1347.4783 269.2970
v -2231.1835 -1348.0474 278.6957
v -2231.1804 -1348.0457 269.2961
f 4339 4340 4341
v -2230.5669 -1341.9173 269.2977
v -2229.0741 -1347.4801 278.6966
v -2229.0709 -1347.4783 269.2970
f 4342 4343 4344

g building_ID_B59F0784-DA66-4162-A1F2-DB96E7AB844C
v -2243.5476 -1369.3190 278.6868
v -2243.5367 -1369.3580 278.6868
v -2241.3520 -1368.7299 278.6877
f 4345 4346 4347
v -2230.8335 -1365.8992 278.6921
v -2241.3520 -1368.7299 278.6877
v -2243.5367 -1369.3580 278.6868
f 4348 4349 4350
v -2242.8193 -1363.2741 278.6883
v -2241.3520 -1368.7299 278.6877
v -2240.8930 -1362.7573 278.6892
f 4351 4352 4353
v -2232.3176 -1360.3763 278.6927
v -2240.8930 -1362.7573 278.6892
v -2230.8335 -1365.8992 278.6921
f 4354 4355 4356
v -2241.3520 -1368.7299 278.6877
v -2230.8335 -1365.8992 278.6921
v -2240.8930 -1362.7573 278.6892
f 4357 4358 4359
v -2240.8930 -1362.7573 278.6892
v -2232.3176 -1360.3763 278.6927
v -2240.9048 -1362.7122 278.6892
f 4360 4361 4362
v -2243.5334 -1369.3562 269.2872
v -2243.5367 -1369.3580 278.6868
v -2243.5476 -1369.3190 278.6868
f 4363 4364 4365
v -2230.8303 -1365.8974 269.2924
v -2230.8335 -1365.8992 278.6921
v -2243.5367 -1369.3580 278.6868
f 4366 4367 4368
v -2232.3145 -1360.3745 269.2930
v -2232.3176 -1360.3763 278.6927
v -2230.8335 -1365.8992 278.6921
f 4369 4370 4371
v -2240.9016 -1362.7104 269.2895
v -2240.9048 -1362.7122 278.6892
v -2232.3176 -1360.3763 278.6927
f 4372 4373 4374
v -2240.8897 -1362.7555 269.2895
v -2240.8930 -1362.7573 278.6892
v -2240.9048 -1362.7122 278.6892
f 4375 4376 4377
v -2242.8161 -1363.2723 269.2887
v -2242.8193 -1363.2741 278.6883
v -2240.8930 -1362.7573 278.6892
f 4378 4379 4380
v -2241.3488 -1368.7282 269.2881
v -2241.3520 -1368.7299 278.6877
v -2242.8193 -1363.2741 278.6883
f 4381 4382 4383
v -2243.5443 -1369.3172 269.2872
v -2243.5476 -1369.3190 278.6868
v -2241.3520 -1368.7299 278.6877
f 4384 4385 4386
v -2232.3145 -1360.3745 269.2930
v -2230.8303 -1365.8974 269.2924
v -2240.8897 -1362.7555 269.2895
f 4387 4388 4389
v -2241.3488 -1368.7282 269.2881
v -2240.8897 -1362.7555 269.2895
v -2230.8303 -1365.8974 269.2924
f 4390 4391 4392
v -2240.8897 -1362.7555 269.2895
v -2240.9016 -1362.7104 269.2895
v -2232.3145 -1360.3745 269.2930
f 4393 4394 4395
v -2243.5443 -1369.3172 269.2872
v -2241.3488 -1368.7282 269.2881
v -2243.5334 -1369.3562 269.2872
f 4396 4397 4398
v -2230.8303 -1365.8974 269.2924
v -2243.5334 -1369.3562 269.2872
v -2241.3488 -1368.7282 269.2881
f 4399 4400 4401
v -2240.8897 -1362.7555 269.2895
v -2241.3488 -1368.7282 269.2881
v -2242.8161 -1363.2723 269.2887
f 4402 4403 4404
v -2243.5334 -1369.3562 269.2872
v -2243.5476 -1369.3190 278.6868
v -2243.5443 -1369.3172 269.2872
f 4405 4406 4407
v -2230.8303 -1365.8974 269.2924
v -2243.5367 -1369.3580 278.6868
v -2243.5334 -1369.3562 269.2872
f 4408 4409 4410
v -2232.3145 -1360.3745 269.2930
v -2230.8335 -1365.8992 278.6921
v -2230.8303 -1365.8974 269.2924
f 4411 4412 4413
v -2240.9016 -1362.7104 269.2895
v -2232.3176 -1360.3763 278.6927
v -2232.3145 -1360.3745 269.2930
f 4414 4415 4416
v -2240.8897 -1362.7555 269.2895
v -2240.9048 -1362.7122 278.6892
v -2240.9016 -1362.7104 269.2895
f 4417 4418 4419
v -2242.8161 -1363.2723 269.2887
v -2240.8930 -1362.7573 278.6892
v -2240.8897 -1362.7555 269.2895
f 4420 4421 4422
v -2241.3488 -1368.7282 269.2881
v -2242.8193 -1363.2741 278.6883
v -2242.8161 -1363.2723 269.2887
f 4423 4424 4425
v -2243.5443 -1369.3172 269.2872
v -2241.3520 -1368.7299 278.6877
v -2241.3488 -1368.7282 269.2881
f 4426 4427 4428

g building_ID_47A9CB79-0C72-42FF-9C13-E61CE183D44F
v -2229.6439 -1353.7745 278.6951
v -2229.6578 -1353.7225 278.6951
v -2231.3532 -1354.2340 278.6944
f 4429 4430 4431
v -2240.3125 -1356.6218 278.6907
v -2231.3532 -1354.2340 278.6944
v -2229.6578 -1353.7225 278.6951
f 4432 4433 4434
v -2232.3513 -1360.2512 278.6927
v -2229.9126 -1359.5958 278.6937
v -2231.3532 -1354.2340 278.6944
f 4435 4436 4437
v -2232.3513 -1360.2512 278.6927
v -2231.3532 -1354.2340 278.6944
v -2240.2699 -1356.7829 278.6907
f 4438 4439 4440
v -2232.3176 -1360.3753 278.6927
v -2232.3513 -1360.2512 278.6927
v -2240.9048 -1362.7122 278.6892
f 4441 4442 4443
v -2240.9048 -1362.7122 278.6892
v -2232.3513 -1360.2512 278.6927
v -2240.2699 -1356.7829 278.6907
f 4444 4445 4446
v -2242.3484 -1357.3424 278.6899
v -2240.9048 -1362.7122 278.6892
v -2240.2699 -1356.7829 278.6907
f 4447 4448 4449
v -2240.3125 -1356.6218 278.6907
v -2240.2699 -1356.7829 278.6907
v -2231.3532 -1354.2340 278.6944
f 4450 4451 4452
v -2240.3093 -1356.6200 269.2910
v -2240.3125 -1356.6218 278.6907
v -2229.6578 -1353.7225 278.6951
f 4453 4454 4455
v -2240.2667 -1356.7812 269.2910
v -2240.2699 -1356.7829 278.6907
v -2240.3125 -1356.6218 278.6907
f 4456 4457 4458
v -2242.3452 -1357.3406 269.2902
v -2242.3484 -1357.3424 278.6899
v -2240.2699 -1356.7829 278.6907
f 4459 4460 4461
v -2240.9016 -1362.7104 269.2895
v -2240.9048 -1362.7122 278.6892
v -2242.3484 -1357.3424 278.6899
f 4462 4463 4464
v -2232.3144 -1360.3735 269.2930
v -2232.3176 -1360.3753 278.6927
v -2240.9048 -1362.7122 278.6892
f 4465 4466 4467
v -2232.3481 -1360.2494 269.2930
v -2232.3513 -1360.2512 278.6927
v -2232.3176 -1360.3753 278.6927
f 4468 4469 4470
v -2229.9094 -1359.5940 269.2940
v -2229.9126 -1359.5958 278.6937
v -2232.3513 -1360.2512 278.6927
f 4471 4472 4473
v -2231.3500 -1354.2322 269.2947
v -2231.3532 -1354.2340 278.6944
v -2229.9126 -1359.5958 278.6937
f 4474 4475 4476
v -2229.6408 -1353.7728 269.2954
v -2229.6439 -1353.7745 278.6951
v -2231.3532 -1354.2340 278.6944
f 4477 4478 4479
v -2229.6546 -1353.7207 269.2954
v -2229.6578 -1353.7225 278.6951
v -2229.6439 -1353.7745 278.6951
f 4480 4481 4482
v -2232.3481 -1360.2494 269.2930
v -2232.3144 -1360.3735 269.2930
v -2240.9016 -1362.7104 269.2895
f 4483 4484 4485
v -2242.3452 -1357.3406 269.2902
v -2240.2667 -1356.7812 269.2910
v -2240.9016 -1362.7104 269.2895
f 4486 4487 4488
v -2240.9016 -1362.7104 269.2895
v -2240.2667 -1356.7812 269.2910
v -2232.3481 -1360.2494 269.2930
f 4489 4490 4491
v -2231.3500 -1354.2322 269.2947
v -2240.2667 -1356.7812 269.2910
v -2240.3093 -1356.6200 269.2910
f 4492 4493 4494
v -2229.6408 -1353.7728 269.2954
v -2231.3500 -1354.2322 269.2947
v -2229.6546 -1353.7207 269.2954
f 4495 4496 4497
v -2240.3093 -1356.6200 269.2910
v -2229.6546 -1353.7207 269.2954
v -2231.3500 -1354.2322 269.2947
f 4498 4499 4500
v -2232.3481 -1360.2494 269.2930
v -2231.3500 -1354.2322 269.2947
v -2229.9094 -1359.5940 269.2940
f 4501 4502 4503
v -2240.2667 -1356.7812 269.2910
v -2231.3500 -1354.2322 269.2947
v -2232.3481 -1360.2494 269.2930
f 4504 4505 4506
v -2240.3093 -1356.6200 269.2910
v -2229.6578 -1353.7225 278.6951
v -2229.6546 -1353.7207 269.2954
f 4507 4508 4509
v -2240.2667 -1356.7812 269.2910
v -2240.3125 -1356.6218 278.6907
v -2240.3093 -1356.6200 269.2910
f 4510 4511 4512
v -2242.3452 -1357.3406 269.2902
v -2240.2699 -1356.7829 278.6907
v -2240.2667 -1356.7812 269.2910
f 4513 4514 4515
v -2240.9016 -1362.7104 269.2895
v -2242.3484 -1357.3424 278.6899
v -2242.3452 -1357.3406 269.2902
f 4516 4517 4518
v -2232.3144 -1360.3735 269.2930
v -2240.9048 -1362.7122 278.6892
v -2240.9016 -1362.7104 269.2895
f 4519 4520 4521
v -2232.3481 -1360.2494 269.2930
v -2232.3176 -1360.3753 278.6927
v -2232.3144 -1360.3735 269.2930
f 4522 4523 4524
v -2229.9094 -1359.5940 269.2940
v -2232.3513 -1360.2512 278.6927
v -2232.3481 -1360.2494 269.2930
f 4525 4526 4527
v -2231.3500 -1354.2322 269.2947
v -2229.9126 -1359.5958 278.6937
v -2229.9094 -1359.5940 269.2940
f 4528 4529 4530
v -2229.6408 -1353.7728 269.2954
v -2231.3532 -1354.2340 278.6944
v -2231.3500 -1354.2322 269.2947
f 4531 4532 4533
v -2229.6546 -1353.7207 269.2954
v -2229.6439 -1353.7745 278.6951
v -2229.6408 -1353.7728 269.2954
f 4534 4535 4536

g building_ID_9E17027B-95D2-48A2-A2D3-F806C201BAE2
v -2241.7749 -1351.1809 278.6914
v -2240.3135 -1356.6208 278.6907
v -2239.8425 -1350.6612 278.6922
f 4537 4538 4539
v -2229.6578 -1353.7215 278.6951
v -2239.8425 -1350.6612 278.6922
v -2240.3135 -1356.6208 278.6907
f 4540 4541 4542
v -2239.8653 -1350.5731 278.6922
v -2239.8425 -1350.6612 278.6922
v -2231.1429 -1348.1975 278.6957
f 4543 4544 4545
v -2229.6578 -1353.7215 278.6951
v -2231.1429 -1348.1975 278.6957
v -2239.8425 -1350.6612 278.6922
f 4546 4547 4548
v -2239.8620 -1350.5714 269.2925
v -2239.8653 -1350.5731 278.6922
v -2231.1429 -1348.1975 278.6957
f 4549 4550 4551
v -2239.8393 -1350.6594 269.2925
v -2239.8425 -1350.6612 278.6922
v -2239.8653 -1350.5731 278.6922
f 4552 4553 4554
v -2241.7716 -1351.1792 269.2917
v -2241.7749 -1351.1809 278.6914
v -2239.8425 -1350.6612 278.6922
f 4555 4556 4557
v -2240.3103 -1356.6190 269.2910
v -2240.3135 -1356.6208 278.6907
v -2241.7749 -1351.1809 278.6914
f 4558 4559 4560
v -2229.6546 -1353.7197 269.2954
v -2229.6578 -1353.7215 278.6951
v -2240.3135 -1356.6208 278.6907
f 4561 4562 4563
v -2231.1398 -1348.1958 269.2961
v -2231.1429 -1348.1975 278.6957
v -2229.6578 -1353.7215 278.6951
f 4564 4565 4566
v -2239.8393 -1350.6594 269.2925
v -2239.8620 -1350.5714 269.2925
v -2231.1398 -1348.1958 269.2961
f 4567 4568 4569
v -2229.6546 -1353.7197 269.2954
v -2239.8393 -1350.6594 269.2925
v -2231.1398 -1348.1958 269.2961
f 4570 4571 4572
v -2241.7716 -1351.1792 269.2917
v -2239.8393 -1350.6594 269.2925
v -2240.3103 -1356.6190 269.2910
f 4573 4574 4575
v -2229.6546 -1353.7197 269.2954
v -2240.3103 -1356.6190 269.2910
v -2239.8393 -1350.6594 269.2925
f 4576 4577 4578
v -2239.8620 -1350.5714 269.2925
v -2231.1429 -1348.1975 278.6957
v -2231.1398 -1348.1958 269.2961
f 4579 4580 4581
v -2239.8393 -1350.6594 269.2925
v -2239.8653 -1350.5731 278.6922
v -2239.8620 -1350.5714 269.2925
f 4582 4583 4584
v -2241.7716 -1351.1792 269.2917
v -2239.8425 -1350.6612 278.6922
v -2239.8393 -1350.6594 269.2925
f 4585 4586 4587
v -2240.3103 -1356.6190 269.2910
v -2241.7749 -1351.1809 278.6914
v -2241.7716 -1351.1792 269.2917
f 4588 4589 4590
v -2229.6546 -1353.7197 269.2954
v -2240.3135 -1356.6208 278.6907
v -2240.3103 -1356.6190 269.2910
f 4591 4592 4593
v -2231.1398 -1348.1958 269.2961
v -2229.6578 -1353.7215 278.6951
v -2229.6546 -1353.7197 269.2954
f 4594 4595 4596

g building_ID_F48EED7E-B1B2-4731-9DDD-827714EAD489
v -2305.9129 -1337.4836 282.6372
v -2303.0778 -1347.8952 282.6361
v -2303.7833 -1336.8884 282.6381
f 4597 4598 4599
v -2296.9765 -1346.2586 282.6386
v -2296.9023 -1346.5357 282.6386
v -2296.8512 -1346.5219 282.6386
f 4600 4601 4602
v -2296.8512 -1346.5219 282.6386
v -2287.0845 -1343.2531 282.6428
v -2296.9765 -1346.2586 282.6386
f 4603 4604 4605
v -2296.9765 -1346.2586 282.6386
v -2292.5110 -1331.5237 282.6433
v -2298.9657 -1331.8203 282.6409
f 4606 4607 4608
v -2296.9765 -1346.2586 282.6386
v -2303.6262 -1336.8398 282.6382
v -2303.0778 -1347.8952 282.6361
f 4609 4610 4611
v -2303.0778 -1347.8952 282.6361
v -2303.6262 -1336.8398 282.6382
v -2303.7833 -1336.8884 282.6381
f 4612 4613 4614
v -2298.9657 -1331.8203 282.6409
v -2304.5647 -1333.3423 282.6386
v -2303.6262 -1336.8398 282.6382
f 4615 4616 4617
v -2298.9405 -1331.7444 282.6410
v -2298.9836 -1331.7563 282.6409
v -2298.9657 -1331.8203 282.6409
f 4618 4619 4620
v -2293.4466 -1328.0382 282.6437
v -2299.4999 -1329.6619 282.6412
v -2298.9405 -1331.7444 282.6410
f 4621 4622 4623
v -2292.5110 -1331.5237 282.6433
v -2298.9405 -1331.7444 282.6410
v -2298.9657 -1331.8203 282.6409
f 4624 4625 4626
v -2298.9657 -1331.8203 282.6409
v -2303.6262 -1336.8398 282.6382
v -2296.9765 -1346.2586 282.6386
f 4627 4628 4629
v -2292.9129 -1350.5094 282.6392
v -2296.8512 -1346.5219 282.6386
v -2295.5718 -1351.2223 282.6381
f 4630 4631 4632
v -2279.8784 -1351.0034 282.6437
v -2289.7914 -1353.6458 282.6396
v -2289.7508 -1353.7960 282.6396
f 4633 4634 4635
v -2292.9129 -1350.5094 282.6392
v -2291.9229 -1354.2171 282.6387
v -2289.7914 -1353.6458 282.6396
f 4636 4637 4638
v -2274.6056 -1349.5886 282.6459
v -2279.8784 -1351.0034 282.6437
v -2274.5838 -1349.6697 282.6459
f 4639 4640 4641
v -2289.7508 -1353.7960 282.6396
v -2274.5838 -1349.6697 282.6459
v -2279.8784 -1351.0034 282.6437
f 4642 4643 4644
v -2287.0845 -1343.2531 282.6428
v -2289.7914 -1353.6458 282.6396
v -2279.8784 -1351.0034 282.6437
f 4645 4646 4647
v -2298.9405 -1331.7444 282.6410
v -2292.5110 -1331.5237 282.6433
v -2293.4466 -1328.0382 282.6437
f 4648 4649 4650
v -2292.5110 -1331.5237 282.6433
v -2296.9765 -1346.2586 282.6386
v -2287.0845 -1343.2531 282.6428
f 4651 4652 4653
v -2287.0845 -1343.2531 282.6428
v -2296.8512 -1346.5219 282.6386
v -2292.9129 -1350.5094 282.6392
f 4654 4655 4656
v -2286.6712 -1343.1492 282.6430
v -2287.0845 -1343.2531 282.6428
v -2279.8784 -1351.0034 282.6437
f 4657 4658 4659
v -2292.5110 -1331.5237 282.6433
v -2287.0845 -1343.2531 282.6428
v -2290.3845 -1330.9524 282.6442
f 4660 4661 4662
v -2289.7914 -1353.6458 282.6396
v -2287.0845 -1343.2531 282.6428
v -2292.9129 -1350.5094 282.6392
f 4663 4664 4665
v -2286.6712 -1343.1492 282.6430
v -2279.8784 -1351.0034 282.6437
v -2282.3001 -1341.9740 282.6448
f 4666 4667 4668
v -2298.9608 -1331.8177 268.5565
v -2298.9657 -1331.8203 282.6409
v -2298.9836 -1331.7563 282.6409
f 4669 4670 4671
v -2304.5598 -1333.3397 268.5542
v -2304.5647 -1333.3423 282.6386
v -2298.9657 -1331.8203 282.6409
f 4672 4673 4674
v -2303.6212 -1336.8371 268.5538
v -2303.6262 -1336.8398 282.6382
v -2304.5647 -1333.3423 282.6386
f 4675 4676 4677
v -2303.7784 -1336.8858 268.5537
v -2303.7833 -1336.8884 282.6381
v -2303.6262 -1336.8398 282.6382
f 4678 4679 4680
v -2305.9080 -1337.4810 268.5528
v -2305.9129 -1337.4836 282.6372
v -2303.7833 -1336.8884 282.6381
f 4681 4682 4683
v -2303.0729 -1347.8926 268.5516
v -2303.0778 -1347.8952 282.6361
v -2305.9129 -1337.4836 282.6372
f 4684 4685 4686
v -2296.9716 -1346.2560 268.5541
v -2296.9765 -1346.2586 282.6386
v -2303.0778 -1347.8952 282.6361
f 4687 4688 4689
v -2296.8973 -1346.5332 268.5541
v -2296.9023 -1346.5357 282.6386
v -2296.9765 -1346.2586 282.6386
f 4690 4691 4692
v -2296.8463 -1346.5193 268.5541
v -2296.8512 -1346.5219 282.6386
v -2296.9023 -1346.5357 282.6386
f 4693 4694 4695
v -2295.5669 -1351.2196 268.5536
v -2295.5718 -1351.2223 282.6381
v -2296.8512 -1346.5219 282.6386
f 4696 4697 4698
v -2292.9081 -1350.5067 268.5547
v -2292.9129 -1350.5094 282.6392
v -2295.5718 -1351.2223 282.6381
f 4699 4700 4701
v -2291.9180 -1354.2144 268.5542
v -2291.9229 -1354.2171 282.6387
v -2292.9129 -1350.5094 282.6392
f 4702 4703 4704
v -2289.7865 -1353.6432 268.5551
v -2289.7914 -1353.6458 282.6396
v -2291.9229 -1354.2171 282.6387
f 4705 4706 4707
v -2289.7459 -1353.7933 268.5551
v -2289.7508 -1353.7960 282.6396
v -2289.7914 -1353.6458 282.6396
f 4708 4709 4710
v -2274.5790 -1349.6670 268.5615
v -2274.5838 -1349.6697 282.6459
v -2289.7508 -1353.7960 282.6396
f 4711 4712 4713
v -2274.6008 -1349.5859 268.5615
v -2274.6056 -1349.5886 282.6459
v -2274.5838 -1349.6697 282.6459
f 4714 4715 4716
v -2279.8735 -1351.0008 268.5592
v -2279.8784 -1351.0034 282.6437
v -2274.6056 -1349.5886 282.6459
f 4717 4718 4719
v -2282.2953 -1341.9714 268.5604
v -2282.3001 -1341.9740 282.6448
v -2279.8784 -1351.0034 282.6437
f 4720 4721 4722
v -2286.6664 -1343.1466 268.5586
v -2286.6712 -1343.1492 282.6430
v -2282.3001 -1341.9740 282.6448
f 4723 4724 4725
v -2287.0796 -1343.2505 268.5584
v -2287.0845 -1343.2531 282.6428
v -2286.6712 -1343.1492 282.6430
f 4726 4727 4728
v -2290.3796 -1330.9498 268.5598
v -2290.3845 -1330.9524 282.6442
v -2287.0845 -1343.2531 282.6428
f 4729 4730 4731
v -2292.5061 -1331.5211 268.5589
v -2292.5110 -1331.5237 282.6433
v -2290.3845 -1330.9524 282.6442
f 4732 4733 4734
v -2293.4417 -1328.0356 268.5593
v -2293.4466 -1328.0382 282.6437
v -2292.5110 -1331.5237 282.6433
f 4735 4736 4737
v -2299.4950 -1329.6594 268.5568
v -2299.4999 -1329.6619 282.6412
v -2293.4466 -1328.0382 282.6437
f 4738 4739 4740
v -2298.9356 -1331.7418 268.5566
v -2298.9405 -1331.7444 282.6410
v -2299.4999 -1329.6619 282.6412
f 4741 4742 4743
v -2298.9787 -1331.7537 268.5565
v -2298.9836 -1331.7563 282.6409
v -2298.9405 -1331.7444 282.6410
f 4744 4745 4746
v -2279.8735 -1351.0008 268.5592
v -2274.6008 -1349.5859 268.5615
v -2274.5790 -1349.6670 268.5615
f 4747 4748 4749
v -2289.7459 -1353.7933 268.5551
v -2279.8735 -1351.0008 268.5592
v -2274.5790 -1349.6670 268.5615
f 4750 4751 4752
v -2279.8735 -1351.0008 268.5592
v -2289.7459 -1353.7933 268.5551
v -2289.7865 -1353.6432 268.5551
f 4753 4754 4755
v -2292.9081 -1350.5067 268.5547
v -2289.7865 -1353.6432 268.5551
v -2291.9180 -1354.2144 268.5542
f 4756 4757 4758
v -2289.7865 -1353.6432 268.5551
v -2287.0796 -1343.2505 268.5584
v -2279.8735 -1351.0008 268.5592
f 4759 4760 4761
v -2286.6664 -1343.1466 268.5586
v -2282.2953 -1341.9714 268.5604
v -2279.8735 -1351.0008 268.5592
f 4762 4763 4764
v -2296.9716 -1346.2560 268.5541
v -2292.5061 -1331.5211 268.5589
v -2287.0796 -1343.2505 268.5584
f 4765 4766 4767
v -2279.8735 -1351.0008 268.5592
v -2287.0796 -1343.2505 268.5584
v -2286.6664 -1343.1466 268.5586
f 4768 4769 4770
v -2292.5061 -1331.5211 268.5589
v -2298.9356 -1331.7418 268.5566
v -2293.4417 -1328.0356 268.5593
f 4771 4772 4773
v -2292.9081 -1350.5067 268.5547
v -2296.8463 -1346.5193 268.5541
v -2287.0796 -1343.2505 268.5584
f 4774 4775 4776
v -2287.0796 -1343.2505 268.5584
v -2292.5061 -1331.5211 268.5589
v -2290.3796 -1330.9498 268.5598
f 4777 4778 4779
v -2289.7865 -1353.6432 268.5551
v -2292.9081 -1350.5067 268.5547
v -2287.0796 -1343.2505 268.5584
f 4780 4781 4782
v -2296.9716 -1346.2560 268.5541
v -2296.8463 -1346.5193 268.5541
v -2296.8973 -1346.5332 268.5541
f 4783 4784 4785
v -2296.9716 -1346.2560 268.5541
v -2298.9608 -1331.8177 268.5565
v -2292.5061 -1331.5211 268.5589
f 4786 4787 4788
v -2296.8463 -1346.5193 268.5541
v -2296.9716 -1346.2560 268.5541
v -2287.0796 -1343.2505 268.5584
f 4789 4790 4791
v -2303.6212 -1336.8371 268.5538
v -2296.9716 -1346.2560 268.5541
v -2303.0729 -1347.8926 268.5516
f 4792 4793 4794
v -2305.9080 -1337.4810 268.5528
v -2303.7784 -1336.8858 268.5537
v -2303.0729 -1347.8926 268.5516
f 4795 4796 4797
v -2293.4417 -1328.0356 268.5593
v -2298.9356 -1331.7418 268.5566
v -2299.4950 -1329.6594 268.5568
f 4798 4799 4800
v -2298.9608 -1331.8177 268.5565
v -2298.9356 -1331.7418 268.5566
v -2292.5061 -1331.5211 268.5589
f 4801 4802 4803
v -2298.9608 -1331.8177 268.5565
v -2298.9787 -1331.7537 268.5565
v -2298.9356 -1331.7418 268.5566
f 4804 4805 4806
v -2303.0729 -1347.8926 268.5516
v -2303.7784 -1336.8858 268.5537
v -2303.6212 -1336.8371 268.5538
f 4807 4808 4809
v -2303.6212 -1336.8371 268.5538
v -2304.5598 -1333.3397 268.5542
v -2298.9608 -1331.8177 268.5565
f 4810 4811 4812
v -2303.6212 -1336.8371 268.5538
v -2298.9608 -1331.8177 268.5565
v -2296.9716 -1346.2560 268.5541
f 4813 4814 4815
v -2295.5669 -1351.2196 268.5536
v -2296.8463 -1346.5193 268.5541
v -2292.9081 -1350.5067 268.5547
f 4816 4817 4818
v -2298.9608 -1331.8177 268.5565
v -2298.9836 -1331.7563 282.6409
v -2298.9787 -1331.7537 268.5565
f 4819 4820 4821
v -2304.5598 -1333.3397 268.5542
v -2298.9657 -1331.8203 282.6409
v -2298.9608 -1331.8177 268.5565
f 4822 4823 4824
v -2303.6212 -1336.8371 268.5538
v -2304.5647 -1333.3423 282.6386
v -2304.5598 -1333.3397 268.5542
f 4825 4826 4827
v -2303.7784 -1336.8858 268.5537
v -2303.6262 -1336.8398 282.6382
v -2303.6212 -1336.8371 268.5538
f 4828 4829 4830
v -2305.9080 -1337.4810 268.5528
v -2303.7833 -1336.8884 282.6381
v -2303.7784 -1336.8858 268.5537
f 4831 4832 4833
v -2303.0729 -1347.8926 268.5516
v -2305.9129 -1337.4836 282.6372
v -2305.9080 -1337.4810 268.5528
f 4834 4835 4836
v -2296.9716 -1346.2560 268.5541
v -2303.0778 -1347.8952 282.6361
v -2303.0729 -1347.8926 268.5516
f 4837 4838 4839
v -2296.8973 -1346.5332 268.5541
v -2296.9765 -1346.2586 282.6386
v -2296.9716 -1346.2560 268.5541
f 4840 4841 4842
v -2296.8463 -1346.5193 268.5541
v -2296.9023 -1346.5357 282.6386
v -2296.8973 -1346.5332 268.5541
f 4843 4844 4845
v -2295.5669 -1351.2196 268.5536
v -2296.8512 -1346.5219 282.6386
v -2296.8463 -1346.5193 268.5541
f 4846 4847 4848
v -2292.9081 -1350.5067 268.5547
v -2295.5718 -1351.2223 282.6381
v -2295.5669 -1351.2196 268.5536
f 4849 4850 4851
v -2291.9180 -1354.2144 268.5542
v -2292.9129 -1350.5094 282.6392
v -2292.9081 -1350.5067 268.5547
f 4852 4853 4854
v -2289.7865 -1353.6432 268.5551
v -2291.9229 -1354.2171 282.6387
v -2291.9180 -1354.2144 268.5542
f 4855 4856 4857
v -2289.7459 -1353.7933 268.5551
v -2289.7914 -1353.6458 282.6396
v -2289.7865 -1353.6432 268.5551
f 4858 4859 4860
v -2274.5790 -1349.6670 268.5615
v -2289.7508 -1353.7960 282.6396
v -2289.7459 -1353.7933 268.5551
f 4861 4862 4863
v -2274.6008 -1349.5859 268.5615
v -2274.5838 -1349.6697 282.6459
v -2274.5790 -1349.6670 268.5615
f 4864 4865 4866
v -2279.8735 -1351.0008 268.5592
v -2274.6056 -1349.5886 282.6459
v -2274.6008 -1349.5859 268.5615
f 4867 4868 4869
v -2282.2953 -1341.9714 268.5604
v -2279.8784 -1351.0034 282.6437
v -2279.8735 -1351.0008 268.5592
f 4870 4871 4872
v -2286.6664 -1343.1466 268.5586
v -2282.3001 -1341.9740 282.6448
v -2282.2953 -1341.9714 268.5604
f 4873 4874 4875
v -2287.0796 -1343.2505 268.5584
v -2286.6712 -1343.1492 282.6430
v -2286.6664 -1343.1466 268.5586
f 4876 4877 4878
v -2290.3796 -1330.9498 268.5598
v -2287.0845 -1343.2531 282.6428
v -2287.0796 -1343.2505 268.5584
f 4879 4880 4881
v -2292.5061 -1331.5211 268.5589
v -2290.3845 -1330.9524 282.6442
v -2290.3796 -1330.9498 268.5598
f 4882 4883 4884
v -2293.4417 -1328.0356 268.5593
v -2292.5110 -1331.5237 282.6433
v -2292.5061 -1331.5211 268.5589
f 4885 4886 4887
v -2299.4950 -1329.6594 268.5568
v -2293.4466 -1328.0382 282.6437
v -2293.4417 -1328.0356 268.5593
f 4888 4889 4890
v -2298.9356 -1331.7418 268.5566
v -2299.4999 -1329.6619 282.6412
v -2299.4950 -1329.6594 268.5568
f 4891 4892 4893
v -2298.9787 -1331.7537 268.5565
v -2298.9405 -1331.7444 282.6410
v -2298.9356 -1331.7418 268.5566
f 4894 4895 4896

g building_ID_F9BDB31F-634D-465B-BE83-2BFEC5D5911E
v -2339.2345 -1342.7086 279.4931
v -2339.2955 -1342.7254 279.4941
v -2339.1014 -1343.4359 279.4940
f 4897 4898 4899
v -2339.1014 -1343.4359 279.4940
v -2329.7996 -1343.0988 279.4205
v -2339.2345 -1342.7086 279.4931
f 4900 4901 4902
v -2331.3494 -1337.4478 279.4211
v -2340.0297 -1339.8115 279.4935
v -2339.2345 -1342.7086 279.4931
f 4903 4904 4905
v -2329.7996 -1343.0988 279.4205
v -2331.3494 -1337.4478 279.4211
v -2339.2345 -1342.7086 279.4931
f 4906 4907 4908
v -2329.7996 -1343.0988 279.4205
v -2339.1014 -1343.4359 279.4940
v -2338.5439 -1345.4804 279.4928
f 4909 4910 4911
v -2338.5439 -1345.4804 279.4928
v -2339.1014 -1343.4359 279.4940
v -2338.9842 -1343.8525 270.0614
f 4912 4913 4914
v -2338.5439 -1345.4804 279.4928
v -2338.9842 -1343.8525 270.0614
v -2338.5406 -1345.4786 270.0612
f 4915 4916 4917
v -2339.2921 -1342.7236 270.0615
v -2338.9842 -1343.8525 270.0614
v -2339.2955 -1342.7254 279.4941
f 4918 4919 4920
v -2329.7962 -1343.0971 270.0649
v -2329.7996 -1343.0988 279.4205
v -2338.5406 -1345.4786 270.0612
f 4921 4922 4923
v -2338.5439 -1345.4804 279.4928
v -2338.5406 -1345.4786 270.0612
v -2329.7996 -1343.0988 279.4205
f 4924 4925 4926
v -2331.3461 -1337.4460 270.0655
v -2331.3494 -1337.4478 279.4211
v -2329.7996 -1343.0988 279.4205
f 4927 4928 4929
v -2340.0264 -1339.8097 270.0619
v -2340.0297 -1339.8115 279.4935
v -2331.3494 -1337.4478 279.4211
f 4930 4931 4932
v -2339.2311 -1342.7068 270.0615
v -2339.2345 -1342.7086 279.4931
v -2340.0297 -1339.8115 279.4935
f 4933 4934 4935
v -2339.2345 -1342.7086 279.4931
v -2339.2311 -1342.7068 270.0615
v -2339.2955 -1342.7254 279.4941
f 4936 4937 4938
v -2339.2955 -1342.7254 279.4941
v -2339.2311 -1342.7068 270.0615
v -2339.2921 -1342.7236 270.0615
f 4939 4940 4941
v -2331.3461 -1337.4460 270.0655
v -2329.7962 -1343.0971 270.0649
v -2339.2311 -1342.7068 270.0615
f 4942 4943 4944
v -2338.9842 -1343.8525 270.0614
v -2339.2311 -1342.7068 270.0615
v -2329.7962 -1343.0971 270.0649
f 4945 4946 4947
v -2340.0264 -1339.8097 270.0619
v -2331.3461 -1337.4460 270.0655
v -2339.2311 -1342.7068 270.0615
f 4948 4949 4950
v -2338.9842 -1343.8525 270.0614
v -2339.2921 -1342.7236 270.0615
v -2339.2311 -1342.7068 270.0615
f 4951 4952 4953
v -2338.5406 -1345.4786 270.0612
v -2338.9842 -1343.8525 270.0614
v -2329.7962 -1343.0971 270.0649
f 4954 4955 4956
v -2339.2955 -1342.7254 279.4941
v -2338.9842 -1343.8525 270.0614
v -2339.1014 -1343.4359 279.4940
f 4957 4958 4959
v -2331.3461 -1337.4460 270.0655
v -2329.7996 -1343.0988 279.4205
v -2329.7962 -1343.0971 270.0649
f 4960 4961 4962
v -2340.0264 -1339.8097 270.0619
v -2331.3494 -1337.4478 279.4211
v -2331.3461 -1337.4460 270.0655
f 4963 4964 4965
v -2339.2311 -1342.7068 270.0615
v -2340.0297 -1339.8115 279.4935
v -2340.0264 -1339.8097 270.0619
f 4966 4967 4968

g building_ID_376A6B2C-579E-46D8-A567-2C133361CA48
v -2328.2894 -1348.6039 279.4199
v -2337.3061 -1350.0286 279.4923
v -2337.0061 -1351.1335 279.4922
f 4969 4970 4971
v -2337.7755 -1348.3064 279.4925
v -2337.3061 -1350.0286 279.4923
v -2328.2894 -1348.6039 279.4199
f 4972 4973 4974
v -2326.3134 -1348.2212 279.4037
v -2328.2894 -1348.6039 279.4199
v -2337.0061 -1351.1335 279.4922
f 4975 4976 4977
v -2329.7996 -1343.0988 279.4205
v -2338.5439 -1345.4804 279.4928
v -2337.7755 -1348.3064 279.4925
f 4978 4979 4980
v -2329.7996 -1343.0988 279.4205
v -2337.7755 -1348.3064 279.4925
v -2328.2894 -1348.6039 279.4199
f 4981 4982 4983
v -2327.8912 -1348.5169 279.4160
v -2326.3134 -1348.2212 279.4037
v -2326.3480 -1348.0961 279.4037
f 4984 4985 4986
v -2326.3134 -1348.2212 279.4037
v -2327.8912 -1348.5169 279.4160
v -2328.2894 -1348.6039 279.4199
f 4987 4988 4989
v -2327.8912 -1348.5169 279.4160
v -2327.8971 -1348.4959 279.4171
v -2328.2894 -1348.6039 279.4199
f 4990 4991 4992
v -2337.7755 -1348.3064 279.4925
v -2337.7255 -1348.4828 275.3667
v -2337.3061 -1350.0286 279.4923
f 4993 4994 4995
v -2337.7255 -1348.4828 275.3667
v -2337.7755 -1348.3064 279.4925
v -2338.5439 -1345.4804 279.4928
f 4996 4997 4998
v -2337.3061 -1350.0286 279.4923
v -2337.7255 -1348.4828 275.3667
v -2337.0061 -1351.1335 279.4922
f 4999 5000 5001
v -2326.3100 -1348.2195 270.0651
v -2326.3134 -1348.2212 279.4037
v -2337.0061 -1351.1335 279.4922
f 5002 5003 5004
v -2326.3100 -1348.2195 270.0651
v -2337.0061 -1351.1335 279.4922
v -2337.0028 -1351.1317 270.0606
f 5005 5006 5007
v -2326.3447 -1348.0944 270.0651
v -2326.3480 -1348.0961 279.4037
v -2326.3100 -1348.2195 270.0651
f 5008 5009 5010
v -2326.3134 -1348.2212 279.4037
v -2326.3100 -1348.2195 270.0651
v -2326.3480 -1348.0961 279.4037
f 5011 5012 5013
v -2327.8878 -1348.5151 270.0644
v -2327.8912 -1348.5169 279.4160
v -2326.3447 -1348.0944 270.0651
f 5014 5015 5016
v -2328.2861 -1348.6022 270.0643
v -2328.2894 -1348.6039 279.4199
v -2327.8971 -1348.4959 279.4171
f 5017 5018 5019
v -2329.7962 -1343.0971 270.0649
v -2329.7996 -1343.0988 279.4205
v -2328.2894 -1348.6039 279.4199
f 5020 5021 5022
v -2329.7996 -1343.0988 279.4205
v -2338.5406 -1345.4786 270.0612
v -2338.5439 -1345.4804 279.4928
f 5023 5024 5025
v -2329.7996 -1343.0988 279.4205
v -2329.7962 -1343.0971 270.0649
v -2338.5406 -1345.4786 270.0612
f 5026 5027 5028
v -2326.3447 -1348.0944 270.0651
v -2326.3100 -1348.2195 270.0651
v -2327.8878 -1348.5151 270.0644
f 5029 5030 5031
v -2328.2861 -1348.6022 270.0643
v -2327.8878 -1348.5151 270.0644
v -2326.3100 -1348.2195 270.0651
f 5032 5033 5034
v -2328.2861 -1348.6022 270.0643
v -2327.8938 -1348.4941 270.0645
v -2327.8878 -1348.5151 270.0644
f 5035 5036 5037
v -2328.2861 -1348.6022 270.0643
v -2326.3100 -1348.2195 270.0651
v -2337.0028 -1351.1317 270.0606
f 5038 5039 5040
v -2328.2861 -1348.6022 270.0643
v -2337.6563 -1348.7280 270.0608
v -2329.7962 -1343.0971 270.0649
f 5041 5042 5043
v -2337.6563 -1348.7280 270.0608
v -2338.5406 -1345.4786 270.0612
v -2329.7962 -1343.0971 270.0649
f 5044 5045 5046
v -2337.0028 -1351.1317 270.0606
v -2337.6563 -1348.7280 270.0608
v -2328.2861 -1348.6022 270.0643
f 5047 5048 5049
v -2337.7255 -1348.4828 275.3667
v -2338.5439 -1345.4804 279.4928
v -2337.6563 -1348.7280 270.0608
f 5050 5051 5052
v -2337.0061 -1351.1335 279.4922
v -2337.7255 -1348.4828 275.3667
v -2337.6563 -1348.7280 270.0608
f 5053 5054 5055
v -2337.0061 -1351.1335 279.4922
v -2337.6563 -1348.7280 270.0608
v -2337.0028 -1351.1317 270.0606
f 5056 5057 5058
v -2337.6563 -1348.7280 270.0608
v -2338.5439 -1345.4804 279.4928
v -2338.5406 -1345.4786 270.0612
f 5059 5060 5061
v -2326.3480 -1348.0961 279.4037
v -2326.3447 -1348.0944 270.0651
v -2327.8912 -1348.5169 279.4160
f 5062 5063 5064
v -2327.8938 -1348.4941 270.0645
v -2327.8971 -1348.4959 279.4171
v -2327.8878 -1348.5151 270.0644
f 5065 5066 5067
v -2327.8971 -1348.4959 279.4171
v -2327.8912 -1348.5169 279.4160
v -2327.8878 -1348.5151 270.0644
f 5068 5069 5070
v -2328.2861 -1348.6022 270.0643
v -2327.8971 -1348.4959 279.4171
v -2327.8938 -1348.4941 270.0645
f 5071 5072 5073
v -2329.7962 -1343.0971 270.0649
v -2328.2894 -1348.6039 279.4199
v -2328.2861 -1348.6022 270.0643
f 5074 5075 5076

g building_ID_CC9AD2AE-5316-43D3-B592-C9FB30F8D323
v -2337.0061 -1351.1335 279.4922
v -2334.9650 -1350.7139 279.4760
v -2326.3134 -1348.2222 279.4037
f 5077 5078 5079
v -2333.4598 -1356.2399 279.4754
v -2326.3134 -1348.2222 279.4037
v -2334.9650 -1350.7139 279.4760
f 5080 5081 5082
v -2333.4598 -1356.2399 279.4754
v -2324.7636 -1353.8723 279.4031
v -2326.3134 -1348.2222 279.4037
f 5083 5084 5085
v -2334.9650 -1350.7139 279.4760
v -2337.0061 -1351.1335 279.4922
v -2336.9734 -1351.2606 279.4922
f 5086 5087 5088
v -2336.9701 -1351.2588 270.0606
v -2336.9734 -1351.2606 279.4922
v -2337.0061 -1351.1335 279.4922
f 5089 5090 5091
v -2334.9617 -1350.7121 270.0614
v -2334.9650 -1350.7139 279.4760
v -2336.9734 -1351.2606 279.4922
f 5092 5093 5094
v -2334.9617 -1350.7121 270.0614
v -2336.9734 -1351.2606 279.4922
v -2336.9701 -1351.2588 270.0606
f 5095 5096 5097
v -2334.9650 -1350.7139 279.4760
v -2334.9617 -1350.7121 270.0614
v -2333.4565 -1356.2381 270.0608
f 5098 5099 5100
v -2324.7602 -1353.8705 270.0645
v -2324.7636 -1353.8723 279.4031
v -2333.4598 -1356.2399 279.4754
f 5101 5102 5103
v -2324.7602 -1353.8705 270.0645
v -2333.4598 -1356.2399 279.4754
v -2333.4565 -1356.2381 270.0608
f 5104 5105 5106
v -2326.3100 -1348.2205 270.0651
v -2326.3134 -1348.2222 279.4037
v -2324.7636 -1353.8723 279.4031
f 5107 5108 5109
v -2337.0028 -1351.1317 270.0606
v -2337.0061 -1351.1335 279.4922
v -2326.3100 -1348.2205 270.0651
f 5110 5111 5112
v -2326.3134 -1348.2222 279.4037
v -2326.3100 -1348.2205 270.0651
v -2337.0061 -1351.1335 279.4922
f 5113 5114 5115
v -2334.9617 -1350.7121 270.0614
v -2336.9701 -1351.2588 270.0606
v -2337.0028 -1351.1317 270.0606
f 5116 5117 5118
v -2334.9617 -1350.7121 270.0614
v -2337.0028 -1351.1317 270.0606
v -2326.3100 -1348.2205 270.0651
f 5119 5120 5121
v -2324.7602 -1353.8705 270.0645
v -2333.4565 -1356.2381 270.0608
v -2326.3100 -1348.2205 270.0651
f 5122 5123 5124
v -2334.9617 -1350.7121 270.0614
v -2326.3100 -1348.2205 270.0651
v -2333.4565 -1356.2381 270.0608
f 5125 5126 5127
v -2336.9701 -1351.2588 270.0606
v -2337.0061 -1351.1335 279.4922
v -2337.0028 -1351.1317 270.0606
f 5128 5129 5130
v -2333.4565 -1356.2381 270.0608
v -2333.4598 -1356.2399 279.4754
v -2334.9650 -1350.7139 279.4760
f 5131 5132 5133
v -2326.3100 -1348.2205 270.0651
v -2324.7636 -1353.8723 279.4031
v -2324.7602 -1353.8705 270.0645
f 5134 5135 5136

g building_ID_29960368-8A9C-42D2-A004-DAF27B970C09
v -2323.2484 -1359.3933 279.4024
v -2332.6192 -1359.3252 279.4750
v -2331.9507 -1361.7809 279.4747
f 5137 5138 5139
v -2323.2484 -1359.3933 279.4024
v -2324.7636 -1353.8733 279.4031
v -2332.6192 -1359.3252 279.4750
f 5140 5141 5142
v -2332.6192 -1359.3252 279.4750
v -2324.7636 -1353.8733 279.4031
v -2333.4598 -1356.2399 279.4754
f 5143 5144 5145
v -2331.9474 -1361.7792 270.0600
v -2331.9507 -1361.7809 279.4747
v -2332.6192 -1359.3252 279.4750
f 5146 5147 5148
v -2333.4565 -1356.2381 270.0608
v -2332.6192 -1359.3252 279.4750
v -2333.4598 -1356.2399 279.4754
f 5149 5150 5151
v -2323.2451 -1359.3915 270.0638
v -2323.2484 -1359.3933 279.4024
v -2331.9474 -1361.7792 270.0600
f 5152 5153 5154
v -2331.9507 -1361.7809 279.4747
v -2331.9474 -1361.7792 270.0600
v -2323.2484 -1359.3933 279.4024
f 5155 5156 5157
v -2324.7602 -1353.8715 270.0645
v -2324.7636 -1353.8733 279.4031
v -2323.2484 -1359.3933 279.4024
f 5158 5159 5160
v -2324.7636 -1353.8733 279.4031
v -2324.7602 -1353.8715 270.0645
v -2333.4598 -1356.2399 279.4754
f 5161 5162 5163
v -2333.4598 -1356.2399 279.4754
v -2324.7602 -1353.8715 270.0645
v -2333.4565 -1356.2381 270.0608
f 5164 5165 5166
v -2323.2451 -1359.3915 270.0638
v -2333.4565 -1356.2381 270.0608
v -2324.7602 -1353.8715 270.0645
f 5167 5168 5169
v -2323.2451 -1359.3915 270.0638
v -2331.9474 -1361.7792 270.0600
v -2333.4565 -1356.2381 270.0608
f 5170 5171 5172
v -2332.6192 -1359.3252 279.4750
v -2333.4565 -1356.2381 270.0608
v -2331.9474 -1361.7792 270.0600
f 5173 5174 5175
v -2324.7602 -1353.8715 270.0645
v -2323.2484 -1359.3933 279.4024
v -2323.2451 -1359.3915 270.0638
f 5176 5177 5178

g building_ID_C8249C81-8A8E-4737-B90D-863F5F5DFCD7
v -2268.6796 -1367.7994 282.6441
v -2269.8855 -1354.7682 282.6465
v -2272.5405 -1355.4871 282.6454
f 5179 5180 5181
v -2272.9918 -1355.6029 282.6452
v -2280.4745 -1371.1407 282.6392
v -2268.6796 -1367.7994 282.6441
f 5182 5183 5184
v -2268.6796 -1367.7994 282.6441
v -2272.5405 -1355.4871 282.6454
v -2272.9918 -1355.6029 282.6452
f 5185 5186 5187
v -2269.8855 -1354.7682 282.6465
v -2268.6796 -1367.7994 282.6441
v -2266.5440 -1367.2261 282.6450
f 5188 5189 5190
v -2267.7152 -1371.3959 282.6437
v -2280.3942 -1371.4149 282.6392
v -2279.5257 -1374.5631 282.6388
f 5191 5192 5193
v -2268.6796 -1367.7994 282.6441
v -2280.3942 -1371.4149 282.6392
v -2267.7152 -1371.3959 282.6437
f 5194 5195 5196
v -2285.8497 -1359.3543 282.6398
v -2272.9918 -1355.6029 282.6452
v -2274.5838 -1349.6697 282.6459
f 5197 5198 5199
v -2289.6944 -1354.0060 282.6396
v -2285.8497 -1359.3543 282.6398
v -2289.7508 -1353.7960 282.6396
f 5200 5201 5202
v -2285.8497 -1359.3543 282.6398
v -2289.6944 -1354.0060 282.6396
v -2289.6250 -1354.2662 282.6396
f 5203 5204 5205
v -2289.6250 -1354.2662 282.6396
v -2288.0843 -1359.9543 282.6389
v -2285.8497 -1359.3543 282.6398
f 5206 5207 5208
v -2268.6796 -1367.7994 282.6441
v -2280.4745 -1371.1407 282.6392
v -2280.3942 -1371.4149 282.6392
f 5209 5210 5211
v -2280.4745 -1371.1407 282.6392
v -2285.8497 -1359.3543 282.6398
v -2282.5389 -1371.6952 282.6384
f 5212 5213 5214
v -2285.8497 -1359.3543 282.6398
v -2280.4745 -1371.1407 282.6392
v -2272.9918 -1355.6029 282.6452
f 5215 5216 5217
v -2274.5838 -1349.6697 282.6459
v -2289.7508 -1353.7960 282.6396
v -2285.8497 -1359.3543 282.6398
f 5218 5219 5220
v -2285.8449 -1359.3517 268.5553
v -2285.8497 -1359.3543 282.6398
v -2288.0843 -1359.9543 282.6389
f 5221 5222 5223
v -2282.5340 -1371.6925 268.5539
v -2282.5389 -1371.6952 282.6384
v -2285.8497 -1359.3543 282.6398
f 5224 5225 5226
v -2280.4696 -1371.1380 268.5547
v -2280.4745 -1371.1407 282.6392
v -2282.5389 -1371.6952 282.6384
f 5227 5228 5229
v -2280.3893 -1371.4122 268.5547
v -2280.3942 -1371.4149 282.6392
v -2280.4745 -1371.1407 282.6392
f 5230 5231 5232
v -2279.5208 -1374.5604 268.5543
v -2279.5257 -1374.5631 282.6388
v -2280.3942 -1371.4149 282.6392
f 5233 5234 5235
v -2267.7104 -1371.3932 268.5592
v -2267.7152 -1371.3959 282.6437
v -2279.5257 -1374.5631 282.6388
f 5236 5237 5238
v -2268.6747 -1367.7967 268.5596
v -2268.6796 -1367.7994 282.6441
v -2267.7152 -1371.3959 282.6437
f 5239 5240 5241
v -2266.5392 -1367.2235 268.5605
v -2266.5440 -1367.2261 282.6450
v -2268.6796 -1367.7994 282.6441
f 5242 5243 5244
v -2269.8808 -1354.7656 268.5620
v -2269.8855 -1354.7682 282.6465
v -2266.5440 -1367.2261 282.6450
f 5245 5246 5247
v -2272.5357 -1355.4845 268.5609
v -2272.5405 -1355.4871 282.6454
v -2269.8855 -1354.7682 282.6465
f 5248 5249 5250
v -2272.9869 -1355.6003 268.5607
v -2272.9918 -1355.6029 282.6452
v -2272.5405 -1355.4871 282.6454
f 5251 5252 5253
v -2274.5790 -1349.6670 268.5615
v -2274.5838 -1349.6697 282.6459
v -2272.9918 -1355.6029 282.6452
f 5254 5255 5256
v -2289.7459 -1353.7933 268.5551
v -2289.7508 -1353.7960 282.6396
v -2274.5838 -1349.6697 282.6459
f 5257 5258 5259
v -2289.6201 -1354.2636 268.5551
v -2285.8449 -1359.3517 268.5553
v -2288.0794 -1359.9516 268.5544
f 5260 5261 5262
v -2289.6895 -1354.0034 268.5551
v -2285.8449 -1359.3517 268.5553
v -2289.6201 -1354.2636 268.5551
f 5263 5264 5265
v -2289.7459 -1353.7933 268.5551
v -2285.8449 -1359.3517 268.5553
v -2289.6895 -1354.0034 268.5551
f 5266 5267 5268
v -2280.4696 -1371.1380 268.5547
v -2282.5340 -1371.6925 268.5539
v -2285.8449 -1359.3517 268.5553
f 5269 5270 5271
v -2268.6747 -1367.7967 268.5596
v -2280.3893 -1371.4122 268.5547
v -2280.4696 -1371.1380 268.5547
f 5272 5273 5274
v -2280.4696 -1371.1380 268.5547
v -2285.8449 -1359.3517 268.5553
v -2272.9869 -1355.6003 268.5607
f 5275 5276 5277
v -2285.8449 -1359.3517 268.5553
v -2289.7459 -1353.7933 268.5551
v -2274.5790 -1349.6670 268.5615
f 5278 5279 5280
v -2272.9869 -1355.6003 268.5607
v -2268.6747 -1367.7967 268.5596
v -2280.4696 -1371.1380 268.5547
f 5281 5282 5283
v -2268.6747 -1367.7967 268.5596
v -2272.5357 -1355.4845 268.5609
v -2269.8808 -1354.7656 268.5620
f 5284 5285 5286
v -2268.6747 -1367.7967 268.5596
v -2272.9869 -1355.6003 268.5607
v -2272.5357 -1355.4845 268.5609
f 5287 5288 5289
v -2267.7104 -1371.3932 268.5592
v -2279.5208 -1374.5604 268.5543
v -2280.3893 -1371.4122 268.5547
f 5290 5291 5292
v -2269.8808 -1354.7656 268.5620
v -2266.5392 -1367.2235 268.5605
v -2268.6747 -1367.7967 268.5596
f 5293 5294 5295
v -2280.3893 -1371.4122 268.5547
v -2268.6747 -1367.7967 268.5596
v -2267.7104 -1371.3932 268.5592
f 5296 5297 5298
v -2274.5790 -1349.6670 268.5615
v -2272.9869 -1355.6003 268.5607
v -2285.8449 -1359.3517 268.5553
f 5299 5300 5301
v -2289.6250 -1354.2662 282.6396
v -2289.6201 -1354.2636 268.5551
v -2288.0794 -1359.9516 268.5544
f 5302 5303 5304
v -2289.6895 -1354.0034 268.5551
v -2289.6201 -1354.2636 268.5551
v -2289.6250 -1354.2662 282.6396
f 5305 5306 5307
v -2289.6944 -1354.0060 282.6396
v -2289.7508 -1353.7960 282.6396
v -2289.7459 -1353.7933 268.5551
f 5308 5309 5310
v -2285.8449 -1359.3517 268.5553
v -2288.0843 -1359.9543 282.6389
v -2288.0794 -1359.9516 268.5544
f 5311 5312 5313
v -2282.5340 -1371.6925 268.5539
v -2285.8497 -1359.3543 282.6398
v -2285.8449 -1359.3517 268.5553
f 5314 5315 5316
v -2280.4696 -1371.1380 268.5547
v -2282.5389 -1371.6952 282.6384
v -2282.5340 -1371.6925 268.5539
f 5317 5318 5319
v -2280.3893 -1371.4122 268.5547
v -2280.4745 -1371.1407 282.6392
v -2280.4696 -1371.1380 268.5547
f 5320 5321 5322
v -2279.5208 -1374.5604 268.5543
v -2280.3942 -1371.4149 282.6392
v -2280.3893 -1371.4122 268.5547
f 5323 5324 5325
v -2267.7104 -1371.3932 268.5592
v -2279.5257 -1374.5631 282.6388
v -2279.5208 -1374.5604 268.5543
f 5326 5327 5328
v -2268.6747 -1367.7967 268.5596
v -2267.7152 -1371.3959 282.6437
v -2267.7104 -1371.3932 268.5592
f 5329 5330 5331
v -2266.5392 -1367.2235 268.5605
v -2268.6796 -1367.7994 282.6441
v -2268.6747 -1367.7967 268.5596
f 5332 5333 5334
v -2269.8808 -1354.7656 268.5620
v -2266.5440 -1367.2261 282.6450
v -2266.5392 -1367.2235 268.5605
f 5335 5336 5337
v -2272.5357 -1355.4845 268.5609
v -2269.8855 -1354.7682 282.6465
v -2269.8808 -1354.7656 268.5620
f 5338 5339 5340
v -2272.9869 -1355.6003 268.5607
v -2272.5405 -1355.4871 282.6454
v -2272.5357 -1355.4845 268.5609
f 5341 5342 5343
v -2274.5790 -1349.6670 268.5615
v -2272.9918 -1355.6029 282.6452
v -2272.9869 -1355.6003 268.5607
f 5344 5345 5346
v -2289.7459 -1353.7933 268.5551
v -2274.5838 -1349.6697 282.6459
v -2274.5790 -1349.6670 268.5615
f 5347 5348 5349
v -2289.6250 -1354.2662 282.6396
v -2288.0794 -1359.9516 268.5544
v -2288.0843 -1359.9543 282.6389
f 5350 5351 5352
v -2289.6895 -1354.0034 268.5551
v -2289.6250 -1354.2662 282.6396
v -2289.6944 -1354.0060 282.6396
f 5353 5354 5355
v -2289.6944 -1354.0060 282.6396
v -2289.7459 -1353.7933 268.5551
v -2289.6895 -1354.0034 268.5551
f 5356 5357 5358

g building_ID_BC013A3D-81EA-46E6-A272-1FDD8A393977
v -2340.8803 -1336.7092 279.4938
v -2341.1651 -1335.8564 279.4939
v -2340.9294 -1336.7231 279.4938
f 5359 5360 5361
v -2336.3974 -1332.6143 279.4503
v -2341.5898 -1334.2963 279.4940
v -2341.1651 -1335.8564 279.4939
f 5362 5363 5364
v -2341.5898 -1334.2963 279.4940
v -2343.7847 -1334.6075 279.5122
v -2343.7114 -1334.8737 279.5121
f 5365 5366 5367
v -2336.4053 -1332.5833 279.4503
v -2343.7847 -1334.6075 279.5122
v -2341.5898 -1334.2963 279.4940
f 5368 5369 5370
v -2341.1651 -1335.8564 279.4939
v -2340.8803 -1336.7092 279.4938
v -2336.3974 -1332.6143 279.4503
f 5371 5372 5373
v -2340.8803 -1336.7092 279.4938
v -2331.3494 -1337.4478 279.4211
v -2336.3974 -1332.6143 279.4503
f 5374 5375 5376
v -2332.9348 -1331.6706 279.4218
v -2336.3974 -1332.6143 279.4503
v -2331.3494 -1337.4478 279.4211
f 5377 5378 5379
v -2336.3974 -1332.6143 279.4503
v -2336.4053 -1332.5833 279.4503
v -2341.5898 -1334.2963 279.4940
f 5380 5381 5382
v -2331.3494 -1337.4478 279.4211
v -2340.8803 -1336.7092 279.4938
v -2340.0297 -1339.8115 279.4935
f 5383 5384 5385
v -2332.9316 -1331.6688 270.0662
v -2336.3940 -1332.6125 270.0647
v -2336.3974 -1332.6143 279.4503
f 5386 5387 5388
v -2336.4019 -1332.5815 270.0647
v -2336.3974 -1332.6143 279.4503
v -2336.3940 -1332.6125 270.0647
f 5389 5390 5391
v -2343.7813 -1334.6057 270.0616
v -2343.7847 -1334.6075 279.5122
v -2336.4019 -1332.5815 270.0647
f 5392 5393 5394
v -2343.7847 -1334.6075 279.5122
v -2336.4053 -1332.5833 279.4503
v -2336.4019 -1332.5815 270.0647
f 5395 5396 5397
v -2343.7081 -1334.8719 270.0615
v -2343.7114 -1334.8737 279.5121
v -2343.7813 -1334.6057 270.0616
f 5398 5399 5400
v -2343.7847 -1334.6075 279.5122
v -2343.7813 -1334.6057 270.0616
v -2343.7114 -1334.8737 279.5121
f 5401 5402 5403
v -2341.5898 -1334.2963 279.4940
v -2343.7081 -1334.8719 270.0615
v -2341.5865 -1334.2946 270.0624
f 5404 5405 5406
v -2341.1651 -1335.8564 279.4939
v -2340.9260 -1336.7214 270.0622
v -2340.9294 -1336.7231 279.4938
f 5407 5408 5409
v -2341.1651 -1335.8564 279.4939
v -2341.2558 -1335.5074 270.0623
v -2340.9260 -1336.7214 270.0622
f 5410 5411 5412
v -2341.5865 -1334.2946 270.0624
v -2341.2558 -1335.5074 270.0623
v -2341.1651 -1335.8564 279.4939
f 5413 5414 5415
v -2340.8770 -1336.7075 270.0622
v -2340.8803 -1336.7092 279.4938
v -2340.9260 -1336.7214 270.0622
f 5416 5417 5418
v -2340.0264 -1339.8097 270.0619
v -2340.0297 -1339.8115 279.4935
v -2340.8803 -1336.7092 279.4938
f 5419 5420 5421
v -2331.3461 -1337.4460 270.0655
v -2331.3494 -1337.4478 279.4211
v -2340.0264 -1339.8097 270.0619
f 5422 5423 5424
v -2332.9316 -1331.6688 270.0662
v -2332.9348 -1331.6706 279.4218
v -2331.3461 -1337.4460 270.0655
f 5425 5426 5427
v -2331.3494 -1337.4478 279.4211
v -2331.3461 -1337.4460 270.0655
v -2332.9348 -1331.6706 279.4218
f 5428 5429 5430
v -2331.3461 -1337.4460 270.0655
v -2340.8770 -1336.7075 270.0622
v -2336.3940 -1332.6125 270.0647
f 5431 5432 5433
v -2336.3940 -1332.6125 270.0647
v -2332.9316 -1331.6688 270.0662
v -2331.3461 -1337.4460 270.0655
f 5434 5435 5436
v -2336.4019 -1332.5815 270.0647
v -2336.3940 -1332.6125 270.0647
v -2341.5865 -1334.2946 270.0624
f 5437 5438 5439
v -2331.3461 -1337.4460 270.0655
v -2340.0264 -1339.8097 270.0619
v -2340.8770 -1336.7075 270.0622
f 5440 5441 5442
v -2340.8770 -1336.7075 270.0622
v -2340.9260 -1336.7214 270.0622
v -2341.2558 -1335.5074 270.0623
f 5443 5444 5445
v -2336.3940 -1332.6125 270.0647
v -2341.2558 -1335.5074 270.0623
v -2341.5865 -1334.2946 270.0624
f 5446 5447 5448
v -2341.5865 -1334.2946 270.0624
v -2343.7081 -1334.8719 270.0615
v -2343.7813 -1334.6057 270.0616
f 5449 5450 5451
v -2336.4019 -1332.5815 270.0647
v -2341.5865 -1334.2946 270.0624
v -2343.7813 -1334.6057 270.0616
f 5452 5453 5454
v -2340.8770 -1336.7075 270.0622
v -2341.2558 -1335.5074 270.0623
v -2336.3940 -1332.6125 270.0647
f 5455 5456 5457
v -2332.9348 -1331.6706 279.4218
v -2332.9316 -1331.6688 270.0662
v -2336.3974 -1332.6143 279.4503
f 5458 5459 5460
v -2336.4019 -1332.5815 270.0647
v -2336.4053 -1332.5833 279.4503
v -2336.3974 -1332.6143 279.4503
f 5461 5462 5463
v -2343.7114 -1334.8737 279.5121
v -2343.7081 -1334.8719 270.0615
v -2341.5898 -1334.2963 279.4940
f 5464 5465 5466
v -2341.1651 -1335.8564 279.4939
v -2341.5898 -1334.2963 279.4940
v -2341.5865 -1334.2946 270.0624
f 5467 5468 5469
v -2340.8803 -1336.7092 279.4938
v -2340.9294 -1336.7231 279.4938
v -2340.9260 -1336.7214 270.0622
f 5470 5471 5472
v -2340.0264 -1339.8097 270.0619
v -2340.8803 -1336.7092 279.4938
v -2340.8770 -1336.7075 270.0622
f 5473 5474 5475
v -2331.3494 -1337.4478 279.4211
v -2340.0297 -1339.8115 279.4935
v -2340.0264 -1339.8097 270.0619
f 5476 5477 5478

g building_ID_594973A8-1C1E-4D64-82E1-2B9DB776F026
v -2405.0185 -1334.9074 281.1313
v -2409.1327 -1332.3773 281.1302
v -2408.2987 -1335.7255 281.1298
f 5479 5480 5481
v -2405.0185 -1334.9074 281.1313
v -2405.8605 -1331.5311 281.1316
v -2409.1327 -1332.3773 281.1302
f 5482 5483 5484
v -2405.0159 -1334.9060 273.9626
v -2405.0185 -1334.9074 281.1313
v -2408.2987 -1335.7255 281.1298
f 5485 5486 5487
v -2405.8578 -1331.5298 273.9629
v -2405.8605 -1331.5311 281.1316
v -2405.0185 -1334.9074 281.1313
f 5488 5489 5490
v -2408.2961 -1335.7242 273.9610
v -2405.8578 -1331.5298 273.9629
v -2405.0159 -1334.9060 273.9626
f 5491 5492 5493
v -2409.1300 -1332.3760 273.9615
v -2405.8578 -1331.5298 273.9629
v -2408.2961 -1335.7242 273.9610
f 5494 5495 5496
v -2417.7852 -1334.8745 283.7813
v -2408.3031 -1335.7167 287.7675
v -2409.0545 -1332.6960 283.7851
f 5497 5498 5499
v -2408.3031 -1335.7167 287.7675
v -2417.7852 -1334.8745 283.7813
v -2417.0329 -1337.8953 287.7638
f 5500 5501 5502
v -2409.0545 -1332.6960 283.7851
v -2417.8456 -1334.6314 283.7324
v -2417.7852 -1334.8745 283.7813
f 5503 5504 5505
v -2417.8456 -1334.6314 283.7324
v -2409.0545 -1332.6960 283.7851
v -2409.1336 -1332.3778 283.7211
f 5506 5507 5508
v -2407.2696 -1339.8477 283.5633
v -2408.3031 -1335.7167 287.7675
v -2411.5270 -1340.2944 284.1515
f 5509 5510 5511
v -2416.1032 -1339.3804 286.1199
v -2415.5928 -1341.3354 284.1247
v -2411.5270 -1340.2944 284.1515
f 5512 5513 5514
v -2411.5270 -1340.2944 284.1515
v -2408.3031 -1335.7167 287.7675
v -2416.1032 -1339.3804 286.1199
f 5515 5516 5517
v -2411.3784 -1340.8736 283.5615
v -2407.2696 -1339.8477 283.5633
v -2411.5270 -1340.2944 284.1515
f 5518 5519 5520
v -2416.5007 -1337.8597 287.6710
v -2417.0329 -1337.8953 287.7638
v -2417.0091 -1337.9893 287.6678
f 5521 5522 5523
v -2417.0329 -1337.8953 287.7638
v -2416.5007 -1337.8597 287.6710
v -2408.3031 -1335.7167 287.7675
f 5524 5525 5526
v -2416.1032 -1339.3804 286.1199
v -2408.3031 -1335.7167 287.7675
v -2416.5007 -1337.8597 287.6710
f 5527 5528 5529
v -2417.0078 -1337.9887 284.2249
v -2417.0059 -1337.9878 279.0611
v -2416.4956 -1337.8571 273.9005
f 5530 5531 5532
v -2416.4956 -1337.8571 273.9005
v -2417.0059 -1337.9878 279.0611
v -2417.0040 -1337.9868 273.9003
f 5533 5534 5535
v -2415.5928 -1341.3354 284.1247
v -2416.4956 -1337.8571 273.9005
v -2415.5891 -1341.3335 273.9001
f 5536 5537 5538
v -2415.5928 -1341.3354 284.1247
v -2416.1032 -1339.3804 286.1199
v -2416.4956 -1337.8571 273.9005
f 5539 5540 5541
v -2416.4956 -1337.8571 273.9005
v -2416.1032 -1339.3804 286.1199
v -2416.5007 -1337.8597 287.6710
f 5542 5543 5544
v -2415.5891 -1341.3335 273.9001
v -2411.5232 -1340.2925 273.9019
v -2415.5928 -1341.3354 284.1247
f 5545 5546 5547
v -2411.3748 -1340.8718 273.9018
v -2411.3784 -1340.8736 283.5615
v -2411.5232 -1340.2925 273.9019
f 5548 5549 5550
v -2407.2661 -1339.8459 273.9036
v -2407.2696 -1339.8477 283.5633
v -2411.3784 -1340.8736 283.5615
f 5551 5552 5553
v -2407.2661 -1339.8459 273.9036
v -2411.3784 -1340.8736 283.5615
v -2411.3748 -1340.8718 273.9018
f 5554 5555 5556
v -2417.7817 -1334.8727 273.9006
v -2416.4956 -1337.8571 273.9005
v -2417.0040 -1337.9868 273.9003
f 5557 5558 5559
v -2417.7817 -1334.8727 273.9006
v -2408.4514 -1335.1018 273.9042
v -2416.4956 -1337.8571 273.9005
f 5560 5561 5562
v -2411.5232 -1340.2925 273.9019
v -2415.5891 -1341.3335 273.9001
v -2416.4956 -1337.8571 273.9005
f 5563 5564 5565
v -2417.8420 -1334.6296 273.9007
v -2409.1300 -1332.3760 273.9045
v -2417.7817 -1334.8727 273.9006
f 5566 5567 5568
v -2416.4956 -1337.8571 273.9005
v -2408.4514 -1335.1018 273.9042
v -2411.5232 -1340.2925 273.9019
f 5569 5570 5571
v -2408.4514 -1335.1018 273.9042
v -2417.7817 -1334.8727 273.9006
v -2409.1300 -1332.3760 273.9045
f 5572 5573 5574
v -2411.3748 -1340.8718 273.9018
v -2411.5232 -1340.2925 273.9019
v -2407.2661 -1339.8459 273.9036
f 5575 5576 5577
v -2408.4514 -1335.1018 273.9042
v -2407.2661 -1339.8459 273.9036
v -2411.5232 -1340.2925 273.9019
f 5578 5579 5580
v -2409.1327 -1332.3773 281.1302
v -2417.8456 -1334.6314 283.7324
v -2409.1336 -1332.3778 283.7211
f 5581 5582 5583
v -2409.1300 -1332.3760 273.9615
v -2417.8420 -1334.6296 273.9007
v -2409.1327 -1332.3773 281.1302
f 5584 5585 5586
v -2417.8456 -1334.6314 283.7324
v -2409.1327 -1332.3773 281.1302
v -2417.8420 -1334.6296 273.9007
f 5587 5588 5589
v -2409.1300 -1332.3760 273.9615
v -2405.8605 -1331.5311 281.1316
v -2405.8578 -1331.5298 273.9629
f 5590 5591 5592
v -2417.8420 -1334.6296 273.9007
v -2409.1300 -1332.3760 273.9615
v -2409.1300 -1332.3760 273.9045
f 5593 5594 5595
v -2409.1327 -1332.3773 281.1302
v -2405.8605 -1331.5311 281.1316
v -2409.1300 -1332.3760 273.9615
f 5596 5597 5598
v -2417.0078 -1337.9887 284.2249
v -2417.0091 -1337.9893 287.6678
v -2417.0329 -1337.8953 287.7638
f 5599 5600 5601
v -2417.0078 -1337.9887 284.2249
v -2417.7852 -1334.8745 283.7813
v -2417.0059 -1337.9878 279.0611
f 5602 5603 5604
v -2417.0329 -1337.8953 287.7638
v -2417.7852 -1334.8745 283.7813
v -2417.0078 -1337.9887 284.2249
f 5605 5606 5607
v -2417.8456 -1334.6314 283.7324
v -2417.0040 -1337.9868 273.9003
v -2417.7852 -1334.8745 283.7813
f 5608 5609 5610
v -2417.8420 -1334.6296 273.9007
v -2417.7817 -1334.8727 273.9006
v -2417.8456 -1334.6314 283.7324
f 5611 5612 5613
v -2417.8456 -1334.6314 283.7324
v -2417.7817 -1334.8727 273.9006
v -2417.0040 -1337.9868 273.9003
f 5614 5615 5616
v -2417.7852 -1334.8745 283.7813
v -2417.0040 -1337.9868 273.9003
v -2417.0059 -1337.9878 279.0611
f 5617 5618 5619
v -2408.2961 -1335.7242 273.9610
v -2409.1300 -1332.3760 273.9045
v -2409.1300 -1332.3760 273.9615
f 5620 5621 5622
v -2409.1300 -1332.3760 273.9045
v -2408.2961 -1335.7242 273.9610
v -2408.4514 -1335.1018 273.9042
f 5623 5624 5625
v -2408.4514 -1335.1018 273.9042
v -2408.2961 -1335.7242 273.9610
v -2407.2661 -1339.8459 273.9036
f 5626 5627 5628
v -2408.2987 -1335.7255 281.1298
v -2407.2661 -1339.8459 273.9036
v -2408.2961 -1335.7242 273.9610
f 5629 5630 5631
v -2409.0545 -1332.6960 283.7851
v -2409.1327 -1332.3773 281.1302
v -2409.1336 -1332.3778 283.7211
f 5632 5633 5634
v -2408.3031 -1335.7167 287.7675
v -2408.2987 -1335.7255 281.1298
v -2409.0545 -1332.6960 283.7851
f 5635 5636 5637
v -2408.2987 -1335.7255 281.1298
v -2409.1327 -1332.3773 281.1302
v -2409.0545 -1332.6960 283.7851
f 5638 5639 5640
v -2407.2661 -1339.8459 273.9036
v -2408.2987 -1335.7255 281.1298
v -2407.2696 -1339.8477 283.5633
f 5641 5642 5643
v -2408.3031 -1335.7167 287.7675
v -2407.2696 -1339.8477 283.5633
v -2408.2987 -1335.7255 281.1298
f 5644 5645 5646
v -2405.0159 -1334.9060 273.9626
v -2408.2987 -1335.7255 281.1298
v -2408.2961 -1335.7242 273.9610
f 5647 5648 5649
v -2405.8578 -1331.5298 273.9629
v -2405.0185 -1334.9074 281.1313
v -2405.0159 -1334.9060 273.9626
f 5650 5651 5652
v -2416.4956 -1337.8571 273.9005
v -2416.5007 -1337.8597 287.6710
v -2417.0091 -1337.9893 287.6678
f 5653 5654 5655
v -2417.0078 -1337.9887 284.2249
v -2416.4956 -1337.8571 273.9005
v -2417.0091 -1337.9893 287.6678
f 5656 5657 5658
v -2415.5928 -1341.3354 284.1247
v -2411.5232 -1340.2925 273.9019
v -2411.5270 -1340.2944 284.1515
f 5659 5660 5661
v -2411.3784 -1340.8736 283.5615
v -2411.5270 -1340.2944 284.1515
v -2411.5232 -1340.2925 273.9019
f 5662 5663 5664

g building_ID_01FE4B3D-1973-4A18-93A1-80DDB2D82588
v -2410.3959 -1347.3463 278.5826
v -2416.9049 -1346.6108 278.5803
v -2416.2841 -1348.9005 278.5801
f 5665 5666 5667
v -2416.9049 -1346.6108 278.5803
v -2410.3959 -1347.3463 278.5826
v -2411.0138 -1345.0667 278.5829
f 5668 5669 5670
v -2411.0121 -1345.0658 273.8551
v -2411.0138 -1345.0667 278.5829
v -2410.3959 -1347.3463 278.5826
f 5671 5672 5673
v -2416.9032 -1346.6099 273.8525
v -2416.9049 -1346.6108 278.5803
v -2411.0138 -1345.0667 278.5829
f 5674 5675 5676
v -2416.2823 -1348.8996 273.8523
v -2416.2841 -1348.9005 278.5801
v -2416.9049 -1346.6108 278.5803
f 5677 5678 5679
v -2410.3942 -1347.3454 273.8548
v -2410.3959 -1347.3463 278.5826
v -2416.2841 -1348.9005 278.5801
f 5680 5681 5682
v -2411.0121 -1345.0658 273.8551
v -2416.2823 -1348.8996 273.8523
v -2416.9032 -1346.6099 273.8525
f 5683 5684 5685
v -2416.2823 -1348.8996 273.8523
v -2411.0121 -1345.0658 273.8551
v -2410.3942 -1347.3454 273.8548
f 5686 5687 5688
v -2411.0121 -1345.0658 273.8551
v -2410.3959 -1347.3463 278.5826
v -2410.3942 -1347.3454 273.8548
f 5689 5690 5691
v -2416.9032 -1346.6099 273.8525
v -2411.0138 -1345.0667 278.5829
v -2411.0121 -1345.0658 273.8551
f 5692 5693 5694
v -2416.2823 -1348.8996 273.8523
v -2416.9049 -1346.6108 278.5803
v -2416.9032 -1346.6099 273.8525
f 5695 5696 5697
v -2410.3942 -1347.3454 273.8548
v -2416.2841 -1348.9005 278.5801
v -2416.2823 -1348.8996 273.8523
f 5698 5699 5700

g building_ID_4091A9DD-5F04-49EF-A454-E893903C136A
v -2409.5826 -1350.4996 279.1822
v -2410.3963 -1347.3465 279.5626
v -2416.2844 -1348.9007 279.5541
f 5701 5702 5703
v -2416.2844 -1348.9007 279.5541
v -2415.4708 -1352.0538 279.1737
v -2409.5826 -1350.4996 279.1822
f 5704 5705 5706
v -2409.5826 -1350.4996 279.1822
v -2410.3942 -1347.3455 273.9698
v -2410.3963 -1347.3465 279.5626
f 5707 5708 5709
v -2410.3942 -1347.3455 273.9698
v -2409.5826 -1350.4996 279.1822
v -2409.5807 -1350.4986 273.9694
f 5710 5711 5712
v -2410.3942 -1347.3455 273.9698
v -2416.2823 -1348.8996 273.9673
v -2416.2844 -1348.9007 279.5541
f 5713 5714 5715
v -2410.3942 -1347.3455 273.9698
v -2416.2844 -1348.9007 279.5541
v -2410.3963 -1347.3465 279.5626
f 5716 5717 5718
v -2416.2844 -1348.9007 279.5541
v -2416.2823 -1348.8996 273.9673
v -2415.4689 -1352.0528 273.9669
f 5719 5720 5721
v -2409.5807 -1350.4986 273.9694
v -2409.5826 -1350.4996 279.1822
v -2415.4708 -1352.0538 279.1737
f 5722 5723 5724
v -2415.4708 -1352.0538 279.1737
v -2415.4689 -1352.0528 273.9669
v -2409.5807 -1350.4986 273.9694
f 5725 5726 5727
v -2416.2823 -1348.8996 273.9673
v -2409.5807 -1350.4986 273.9694
v -2415.4689 -1352.0528 273.9669
f 5728 5729 5730
v -2415.4689 -1352.0528 273.9669
v -2415.4708 -1352.0538 279.1737
v -2416.2844 -1348.9007 279.5541
f 5731 5732 5733
v -2409.5807 -1350.4986 273.9694
v -2416.2823 -1348.8996 273.9673
v -2410.3942 -1347.3455 273.9698
f 5734 5735 5736

g building_ID_477C6987-8759-40EB-95BA-82C38B1C9AD7
v -2411.8449 -1355.5234 284.1101
v -2402.9639 -1356.1289 287.6532
v -2403.7020 -1353.3223 284.1137
f 5737 5738 5739
v -2402.9639 -1356.1289 287.6532
v -2411.8449 -1355.5234 284.1101
v -2411.1057 -1358.3310 287.6497
f 5740 5741 5742
v -2412.0210 -1354.8548 283.8202
v -2403.7020 -1353.3223 284.1137
v -2403.8673 -1352.6937 283.8407
f 5743 5744 5745
v -2403.7020 -1353.3223 284.1137
v -2412.0210 -1354.8548 283.8202
v -2411.8449 -1355.5234 284.1101
f 5746 5747 5748
v -2406.4376 -1361.0657 283.7090
v -2401.8874 -1360.2060 283.5610
v -2402.2222 -1358.9352 284.1131
f 5749 5750 5751
v -2410.3649 -1361.1384 284.1095
v -2406.4376 -1361.0657 283.7090
v -2402.2222 -1358.9352 284.1131
f 5752 5753 5754
v -2406.4376 -1361.0657 283.7090
v -2406.3465 -1361.4120 283.5589
v -2401.8874 -1360.2060 283.5610
f 5755 5756 5757
v -2406.4376 -1361.0657 283.7090
v -2410.3649 -1361.1384 284.1095
v -2410.1272 -1362.0379 283.7184
f 5758 5759 5760
v -2412.0210 -1354.8548 283.8202
v -2403.8637 -1352.6920 274.0871
v -2412.0193 -1354.8540 279.2314
f 5761 5762 5763
v -2412.0174 -1354.8530 274.0836
v -2412.0193 -1354.8540 279.2314
v -2403.8637 -1352.6920 274.0871
f 5764 5765 5766
v -2412.0210 -1354.8548 283.8202
v -2403.8673 -1352.6937 283.8407
v -2403.8664 -1352.6933 281.4028
f 5767 5768 5769
v -2403.8655 -1352.6929 278.9639
v -2403.8646 -1352.6924 276.5260
v -2412.0210 -1354.8548 283.8202
f 5770 5771 5772
v -2406.4376 -1361.0657 283.7090
v -2410.1246 -1362.0365 276.4917
v -2406.4342 -1361.0640 274.0844
f 5773 5774 5775
v -2410.1263 -1362.0375 281.3095
v -2410.1246 -1362.0365 276.4917
v -2406.4376 -1361.0657 283.7090
f 5776 5777 5778
v -2406.4342 -1361.0640 274.0844
v -2410.1246 -1362.0365 276.4917
v -2410.1238 -1362.0360 274.0828
f 5779 5780 5781
v -2406.3431 -1361.4102 274.0843
v -2406.3465 -1361.4120 283.5589
v -2406.4342 -1361.0640 274.0844
f 5782 5783 5784
v -2401.8839 -1360.2042 274.0863
v -2401.8874 -1360.2060 283.5610
v -2406.3465 -1361.4120 283.5589
f 5785 5786 5787
v -2401.8839 -1360.2042 274.0863
v -2406.3465 -1361.4120 283.5589
v -2406.3431 -1361.4102 274.0843
f 5788 5789 5790
v -2411.8412 -1355.5215 274.0835
v -2403.8637 -1352.6920 274.0871
v -2411.1008 -1358.3285 274.0832
f 5791 5792 5793
v -2411.8412 -1355.5215 274.0835
v -2412.0174 -1354.8530 274.0836
v -2403.8637 -1352.6920 274.0871
f 5794 5795 5796
v -2411.1008 -1358.3285 274.0832
v -2406.4342 -1361.0640 274.0844
v -2410.3613 -1361.1364 274.0829
f 5797 5798 5799
v -2406.4342 -1361.0640 274.0844
v -2410.1238 -1362.0360 274.0828
v -2410.3613 -1361.1364 274.0829
f 5800 5801 5802
v -2401.8839 -1360.2042 274.0863
v -2406.3431 -1361.4102 274.0843
v -2406.4342 -1361.0640 274.0844
f 5803 5804 5805
v -2401.8839 -1360.2042 274.0863
v -2406.4342 -1361.0640 274.0844
v -2402.2185 -1358.9333 274.0864
f 5806 5807 5808
v -2402.2185 -1358.9333 274.0864
v -2406.4342 -1361.0640 274.0844
v -2411.1008 -1358.3285 274.0832
f 5809 5810 5811
v -2411.1008 -1358.3285 274.0832
v -2402.9590 -1356.1263 274.0868
v -2402.2185 -1358.9333 274.0864
f 5812 5813 5814
v -2402.9590 -1356.1263 274.0868
v -2411.1008 -1358.3285 274.0832
v -2403.8637 -1352.6920 274.0871
f 5815 5816 5817
v -2402.2222 -1358.9352 284.1131
v -2411.1057 -1358.3310 287.6497
v -2410.3649 -1361.1384 284.1095
f 5818 5819 5820
v -2411.1057 -1358.3310 287.6497
v -2402.2222 -1358.9352 284.1131
v -2402.9639 -1356.1289 287.6532
f 5821 5822 5823
v -2402.2222 -1358.9352 284.1131
v -2403.8664 -1352.6933 281.4028
v -2403.7020 -1353.3223 284.1137
f 5824 5825 5826
v -2403.8664 -1352.6933 281.4028
v -2403.8673 -1352.6937 283.8407
v -2403.7020 -1353.3223 284.1137
f 5827 5828 5829
v -2403.8664 -1352.6933 281.4028
v -2402.2222 -1358.9352 284.1131
v -2403.8655 -1352.6929 278.9639
f 5830 5831 5832
v -2403.8655 -1352.6929 278.9639
v -2402.9590 -1356.1263 274.0868
v -2403.8646 -1352.6924 276.5260
f 5833 5834 5835
v -2403.7020 -1353.3223 284.1137
v -2402.9639 -1356.1289 287.6532
v -2402.2222 -1358.9352 284.1131
f 5836 5837 5838
v -2401.8874 -1360.2060 283.5610
v -2402.9590 -1356.1263 274.0868
v -2402.2222 -1358.9352 284.1131
f 5839 5840 5841
v -2401.8839 -1360.2042 274.0863
v -2402.2185 -1358.9333 274.0864
v -2401.8874 -1360.2060 283.5610
f 5842 5843 5844
v -2402.9590 -1356.1263 274.0868
v -2403.8637 -1352.6920 274.0871
v -2403.8646 -1352.6924 276.5260
f 5845 5846 5847
v -2402.9590 -1356.1263 274.0868
v -2401.8874 -1360.2060 283.5610
v -2402.2185 -1358.9333 274.0864
f 5848 5849 5850
v -2402.9590 -1356.1263 274.0868
v -2403.8655 -1352.6929 278.9639
v -2402.2222 -1358.9352 284.1131
f 5851 5852 5853
v -2410.1263 -1362.0375 281.3095
v -2411.1008 -1358.3285 274.0832
v -2410.1246 -1362.0365 276.4917
f 5854 5855 5856
v -2410.1263 -1362.0375 281.3095
v -2410.3649 -1361.1384 284.1095
v -2411.1008 -1358.3285 274.0832
f 5857 5858 5859
v -2410.1246 -1362.0365 276.4917
v -2410.3613 -1361.1364 274.0829
v -2410.1238 -1362.0360 274.0828
f 5860 5861 5862
v -2410.3613 -1361.1364 274.0829
v -2410.1246 -1362.0365 276.4917
v -2411.1008 -1358.3285 274.0832
f 5863 5864 5865
v -2410.3649 -1361.1384 284.1095
v -2410.1263 -1362.0375 281.3095
v -2410.1272 -1362.0379 283.7184
f 5866 5867 5868
v -2411.1057 -1358.3310 287.6497
v -2412.0193 -1354.8540 279.2314
v -2410.3649 -1361.1384 284.1095
f 5869 5870 5871
v -2411.8449 -1355.5234 284.1101
v -2412.0193 -1354.8540 279.2314
v -2411.1057 -1358.3310 287.6497
f 5872 5873 5874
v -2412.0210 -1354.8548 283.8202
v -2412.0193 -1354.8540 279.2314
v -2411.8449 -1355.5234 284.1101
f 5875 5876 5877
v -2412.0193 -1354.8540 279.2314
v -2412.0174 -1354.8530 274.0836
v -2411.8412 -1355.5215 274.0835
f 5878 5879 5880
v -2410.3649 -1361.1384 284.1095
v -2412.0193 -1354.8540 279.2314
v -2411.8412 -1355.5215 274.0835
f 5881 5882 5883
v -2411.1008 -1358.3285 274.0832
v -2410.3649 -1361.1384 284.1095
v -2411.8412 -1355.5215 274.0835
f 5884 5885 5886
v -2412.0210 -1354.8548 283.8202
v -2403.8664 -1352.6933 281.4028
v -2403.8655 -1352.6929 278.9639
f 5887 5888 5889
v -2403.8646 -1352.6924 276.5260
v -2403.8637 -1352.6920 274.0871
v -2412.0210 -1354.8548 283.8202
f 5890 5891 5892
v -2410.1263 -1362.0375 281.3095
v -2406.4376 -1361.0657 283.7090
v -2410.1272 -1362.0379 283.7184
f 5893 5894 5895
v -2406.3465 -1361.4120 283.5589
v -2406.4376 -1361.0657 283.7090
v -2406.4342 -1361.0640 274.0844
f 5896 5897 5898

g building_ID_4666036B-694D-4D62-B46C-B3932F5EC095
v -2433.4451 -1352.2724 284.2606
v -2442.1650 -1354.5011 284.2568
v -2441.4310 -1357.2723 285.9894
f 5899 5900 5901
v -2441.4310 -1357.2723 285.9894
v -2432.7001 -1355.0408 285.9932
v -2433.4451 -1352.2724 284.2606
f 5902 5903 5904
v -2432.7001 -1355.0408 285.9932
v -2441.4310 -1357.2723 285.9894
v -2440.6958 -1360.0430 284.2562
f 5905 5906 5907
v -2440.6958 -1360.0430 284.2562
v -2431.9529 -1357.8084 284.2600
v -2432.7001 -1355.0408 285.9932
f 5908 5909 5910
v -2433.2922 -1352.0068 284.0507
v -2433.6341 -1350.6637 282.7260
v -2433.5014 -1352.0632 284.0527
f 5911 5912 5913
v -2442.5752 -1352.9486 282.7221
v -2433.5014 -1352.0632 284.0527
v -2433.6341 -1350.6637 282.7260
f 5914 5915 5916
v -2442.1650 -1354.5011 284.2568
v -2433.4451 -1352.2724 284.2606
v -2433.5014 -1352.0632 284.0527
f 5917 5918 5919
v -2442.5752 -1352.9486 282.7221
v -2442.1650 -1354.5011 284.2568
v -2433.5014 -1352.0632 284.0527
f 5920 5921 5922
v -2431.7011 -1358.7429 283.3699
v -2440.6958 -1360.0430 284.2562
v -2440.4272 -1361.0555 283.2921
f 5923 5924 5925
v -2440.6958 -1360.0430 284.2562
v -2431.7011 -1358.7429 283.3699
v -2431.9529 -1357.8084 284.2600
f 5926 5927 5928
v -2442.5720 -1352.9470 274.1074
v -2442.5720 -1352.9470 274.1274
v -2433.6309 -1350.6620 274.1313
f 5929 5930 5931
v -2436.2664 -1359.9527 278.1931
v -2431.6977 -1358.7411 274.1103
v -2431.6985 -1358.7416 276.4252
f 5932 5933 5934
v -2431.6977 -1358.7411 274.1103
v -2436.2664 -1359.9527 278.1931
v -2440.4238 -1361.0537 274.1065
f 5935 5936 5937
v -2440.4259 -1361.0548 279.8203
v -2440.4238 -1361.0537 274.1065
v -2436.2664 -1359.9527 278.1931
f 5938 5939 5940
v -2432.6957 -1355.0386 274.1107
v -2440.4238 -1361.0537 274.1065
v -2441.4266 -1357.2701 274.1069
f 5941 5942 5943
v -2441.4266 -1357.2701 274.1069
v -2442.1612 -1354.4991 274.1072
v -2433.4978 -1352.0614 274.1111
f 5944 5945 5946
v -2433.4978 -1352.0614 274.1111
v -2442.1612 -1354.4991 274.1072
v -2442.5720 -1352.9470 274.1074
f 5947 5948 5949
v -2441.4266 -1357.2701 274.1069
v -2433.4978 -1352.0614 274.1111
v -2432.6957 -1355.0386 274.1107
f 5950 5951 5952
v -2433.6309 -1350.6620 274.1113
v -2433.2886 -1352.0049 274.1111
v -2433.4978 -1352.0614 274.1111
f 5953 5954 5955
v -2440.4238 -1361.0537 274.1065
v -2431.9491 -1357.8065 274.1104
v -2431.6977 -1358.7411 274.1103
f 5956 5957 5958
v -2440.4238 -1361.0537 274.1065
v -2432.6957 -1355.0386 274.1107
v -2431.9491 -1357.8065 274.1104
f 5959 5960 5961
v -2433.6309 -1350.6620 274.1113
v -2433.4978 -1352.0614 274.1111
v -2442.5720 -1352.9470 274.1074
f 5962 5963 5964
v -2443.1125 -1350.9076 274.1276
v -2443.1147 -1350.9087 280.0474
v -2434.1725 -1348.5527 280.0513
f 5965 5966 5967
v -2433.2913 -1352.0064 281.5648
v -2433.2922 -1352.0068 284.0507
v -2433.4978 -1352.0614 274.1111
f 5968 5969 5970
v -2433.4978 -1352.0614 274.1111
v -2433.2922 -1352.0068 284.0507
v -2433.4996 -1352.0623 279.0509
f 5971 5972 5973
v -2442.5742 -1352.9482 280.0472
v -2442.5752 -1352.9486 282.7221
v -2433.6331 -1350.6632 280.0511
f 5974 5975 5976
v -2443.1147 -1350.9087 280.0474
v -2433.6331 -1350.6632 280.0511
v -2434.1725 -1348.5527 280.0513
f 5977 5978 5979
v -2433.6331 -1350.6632 280.0511
v -2443.1147 -1350.9087 280.0474
v -2442.5742 -1352.9482 280.0472
f 5980 5981 5982
v -2434.1703 -1348.5516 274.1315
v -2442.5720 -1352.9470 274.1274
v -2443.1125 -1350.9076 274.1276
f 5983 5984 5985
v -2442.5720 -1352.9470 274.1274
v -2434.1703 -1348.5516 274.1315
v -2433.6309 -1350.6620 274.1313
f 5986 5987 5988
v -2432.7001 -1355.0408 285.9932
v -2431.7002 -1358.7425 281.0550
v -2433.4451 -1352.2724 284.2606
f 5989 5990 5991
v -2431.9529 -1357.8084 284.2600
v -2431.7002 -1358.7425 281.0550
v -2432.7001 -1355.0408 285.9932
f 5992 5993 5994
v -2433.4451 -1352.2724 284.2606
v -2431.6993 -1358.7420 278.7401
v -2433.5014 -1352.0632 284.0527
f 5995 5996 5997
v -2431.6993 -1358.7420 278.7401
v -2433.4996 -1352.0623 279.0509
v -2433.5014 -1352.0632 284.0527
f 5998 5999 6000
v -2431.7002 -1358.7425 281.0550
v -2431.9529 -1357.8084 284.2600
v -2431.7011 -1358.7429 283.3699
f 6001 6002 6003
v -2431.6993 -1358.7420 278.7401
v -2431.6985 -1358.7416 276.4252
v -2433.4996 -1352.0623 279.0509
f 6004 6005 6006
v -2431.9491 -1357.8065 274.1104
v -2431.6985 -1358.7416 276.4252
v -2431.6977 -1358.7411 274.1103
f 6007 6008 6009
v -2433.4996 -1352.0623 279.0509
v -2431.6985 -1358.7416 276.4252
v -2431.9491 -1357.8065 274.1104
f 6010 6011 6012
v -2432.6957 -1355.0386 274.1107
v -2433.4978 -1352.0614 274.1111
v -2433.4996 -1352.0623 279.0509
f 6013 6014 6015
v -2433.4996 -1352.0623 279.0509
v -2431.9491 -1357.8065 274.1104
v -2432.6957 -1355.0386 274.1107
f 6016 6017 6018
v -2431.6993 -1358.7420 278.7401
v -2433.4451 -1352.2724 284.2606
v -2431.7002 -1358.7425 281.0550
f 6019 6020 6021
v -2433.2904 -1352.0059 279.0799
v -2433.6309 -1350.6620 274.1313
v -2434.1703 -1348.5516 274.1315
f 6022 6023 6024
v -2433.2886 -1352.0049 274.1111
v -2433.6309 -1350.6620 274.1113
v -2433.6309 -1350.6620 274.1313
f 6025 6026 6027
v -2433.6309 -1350.6620 274.1313
v -2433.2904 -1352.0059 279.0799
v -2433.2886 -1352.0049 274.1111
f 6028 6029 6030
v -2434.1725 -1348.5527 280.0513
v -2433.6331 -1350.6632 280.0511
v -2434.1703 -1348.5516 274.1315
f 6031 6032 6033
v -2433.2913 -1352.0064 281.5648
v -2433.6341 -1350.6637 282.7260
v -2433.2922 -1352.0068 284.0507
f 6034 6035 6036
v -2433.2904 -1352.0059 279.0799
v -2433.6331 -1350.6632 280.0511
v -2433.2913 -1352.0064 281.5648
f 6037 6038 6039
v -2434.1703 -1348.5516 274.1315
v -2433.6331 -1350.6632 280.0511
v -2433.2904 -1352.0059 279.0799
f 6040 6041 6042
v -2433.2913 -1352.0064 281.5648
v -2433.6331 -1350.6632 280.0511
v -2433.6341 -1350.6637 282.7260
f 6043 6044 6045
v -2441.4266 -1357.2701 274.1069
v -2440.4238 -1361.0537 274.1065
v -2440.4259 -1361.0548 279.8203
f 6046 6047 6048
v -2440.4259 -1361.0548 279.8203
v -2442.5742 -1352.9482 280.0472
v -2441.4266 -1357.2701 274.1069
f 6049 6050 6051
v -2442.1612 -1354.4991 274.1072
v -2441.4266 -1357.2701 274.1069
v -2442.5742 -1352.9482 280.0472
f 6052 6053 6054
v -2440.6958 -1360.0430 284.2562
v -2440.4259 -1361.0548 279.8203
v -2440.4272 -1361.0555 283.2921
f 6055 6056 6057
v -2442.1650 -1354.5011 284.2568
v -2440.6958 -1360.0430 284.2562
v -2441.4310 -1357.2723 285.9894
f 6058 6059 6060
v -2442.5742 -1352.9482 280.0472
v -2440.6958 -1360.0430 284.2562
v -2442.1650 -1354.5011 284.2568
f 6061 6062 6063
v -2442.5752 -1352.9486 282.7221
v -2442.5742 -1352.9482 280.0472
v -2442.1650 -1354.5011 284.2568
f 6064 6065 6066
v -2442.5720 -1352.9470 274.1274
v -2442.5720 -1352.9470 274.1074
v -2442.1612 -1354.4991 274.1072
f 6067 6068 6069
v -2443.1147 -1350.9087 280.0474
v -2443.1125 -1350.9076 274.1276
v -2442.5742 -1352.9482 280.0472
f 6070 6071 6072
v -2442.5720 -1352.9470 274.1274
v -2442.5742 -1352.9482 280.0472
v -2443.1125 -1350.9076 274.1276
f 6073 6074 6075
v -2442.5720 -1352.9470 274.1274
v -2442.1612 -1354.4991 274.1072
v -2442.5742 -1352.9482 280.0472
f 6076 6077 6078
v -2442.5742 -1352.9482 280.0472
v -2440.4259 -1361.0548 279.8203
v -2440.6958 -1360.0430 284.2562
f 6079 6080 6081
v -2442.5720 -1352.9470 274.1074
v -2433.6309 -1350.6620 274.1313
v -2433.6309 -1350.6620 274.1113
f 6082 6083 6084
v -2431.6993 -1358.7420 278.7401
v -2431.7002 -1358.7425 281.0550
v -2436.2664 -1359.9527 278.1931
f 6085 6086 6087
v -2431.7002 -1358.7425 281.0550
v -2431.7011 -1358.7429 283.3699
v -2436.2664 -1359.9527 278.1931
f 6088 6089 6090
v -2436.2664 -1359.9527 278.1931
v -2431.6985 -1358.7416 276.4252
v -2431.6993 -1358.7420 278.7401
f 6091 6092 6093
v -2440.4272 -1361.0555 283.2921
v -2436.2664 -1359.9527 278.1931
v -2431.7011 -1358.7429 283.3699
f 6094 6095 6096
v -2436.2664 -1359.9527 278.1931
v -2440.4272 -1361.0555 283.2921
v -2440.4259 -1361.0548 279.8203
f 6097 6098 6099
v -2443.1125 -1350.9076 274.1276
v -2434.1725 -1348.5527 280.0513
v -2434.1703 -1348.5516 274.1315
f 6100 6101 6102
v -2433.4978 -1352.0614 274.1111
v -2433.2904 -1352.0059 279.0799
v -2433.2913 -1352.0064 281.5648
f 6103 6104 6105
v -2433.2904 -1352.0059 279.0799
v -2433.4978 -1352.0614 274.1111
v -2433.2886 -1352.0049 274.1111
f 6106 6107 6108
v -2433.2922 -1352.0068 284.0507
v -2433.5014 -1352.0632 284.0527
v -2433.4996 -1352.0623 279.0509
f 6109 6110 6111
v -2442.5752 -1352.9486 282.7221
v -2433.6341 -1350.6637 282.7260
v -2433.6331 -1350.6632 280.0511
f 6112 6113 6114

g building_ID_8398A312-154C-476E-B0AA-A090947D3FFB
v -2439.1791 -1346.9703 279.8028
v -2438.4514 -1349.6802 279.8025
v -2438.6357 -1346.8318 279.8030
f 6115 6116 6117
v -2432.2160 -1348.0379 279.8052
v -2438.6357 -1346.8318 279.8030
v -2438.4514 -1349.6802 279.8025
f 6118 6119 6120
v -2439.3324 -1344.1049 279.8033
v -2438.6357 -1346.8318 279.8030
v -2439.0714 -1344.1035 279.8034
f 6121 6122 6123
v -2439.0714 -1344.1035 279.8034
v -2438.6357 -1346.8318 279.8030
v -2433.5965 -1342.6343 279.8058
f 6124 6125 6126
v -2432.2160 -1348.0379 279.8052
v -2433.5965 -1342.6343 279.8058
v -2438.6357 -1346.8318 279.8030
f 6127 6128 6129
v -2439.3324 -1344.1049 279.8033
v -2439.0714 -1344.1035 279.8034
v -2439.0872 -1344.0425 279.8034
f 6130 6131 6132
v -2439.0693 -1344.1026 274.1036
v -2439.0714 -1344.1035 279.8034
v -2433.5965 -1342.6343 279.8058
f 6133 6134 6135
v -2439.0851 -1344.0415 274.1036
v -2439.0872 -1344.0425 279.8034
v -2439.0714 -1344.1035 279.8034
f 6136 6137 6138
v -2439.3303 -1344.1038 274.1285
v -2440.1699 -1344.3186 274.1031
v -2440.1699 -1344.3186 274.1281
f 6139 6140 6141
v -2439.0872 -1344.0425 279.8034
v -2439.0851 -1344.0415 274.1036
v -2439.3303 -1344.1038 274.1285
f 6142 6143 6144
v -2440.1699 -1344.3186 274.1031
v -2439.3303 -1344.1038 274.1285
v -2439.0851 -1344.0415 274.1036
f 6145 6146 6147
v -2439.5207 -1346.8623 274.1029
v -2439.5207 -1346.8623 274.1279
v -2440.1699 -1344.3186 274.1281
f 6148 6149 6150
v -2432.2140 -1348.0368 274.1054
v -2432.2160 -1348.0379 279.8052
v -2438.4514 -1349.6802 279.8025
f 6151 6152 6153
v -2433.5944 -1342.6332 274.1060
v -2433.5965 -1342.6343 279.8058
v -2432.2160 -1348.0379 279.8052
f 6154 6155 6156
v -2439.0693 -1344.1026 274.1036
v -2433.5944 -1342.6332 274.1060
v -2439.2275 -1346.7831 274.1030
f 6157 6158 6159
v -2432.2140 -1348.0368 274.1054
v -2439.2275 -1346.7831 274.1030
v -2433.5944 -1342.6332 274.1060
f 6160 6161 6162
v -2439.0851 -1344.0415 274.1036
v -2439.0693 -1344.1026 274.1036
v -2440.1699 -1344.3186 274.1031
f 6163 6164 6165
v -2439.0693 -1344.1026 274.1036
v -2439.2275 -1346.7831 274.1030
v -2440.1699 -1344.3186 274.1031
f 6166 6167 6168
v -2439.5207 -1346.8623 274.1029
v -2440.1699 -1344.3186 274.1031
v -2439.2275 -1346.7831 274.1030
f 6169 6170 6171
v -2432.2140 -1348.0368 274.1054
v -2438.4492 -1349.6791 274.1027
v -2439.2275 -1346.7831 274.1030
f 6172 6173 6174
v -2439.1800 -1346.9707 282.2287
v -2438.6367 -1346.8322 282.2289
v -2439.2305 -1346.7846 282.2857
f 6175 6176 6177
v -2439.5524 -1343.2489 283.3192
v -2439.2305 -1346.7846 282.2857
v -2438.6367 -1346.8322 282.2289
f 6178 6179 6180
v -2448.8584 -1349.3737 282.2445
v -2439.2305 -1346.7846 282.2857
v -2449.8013 -1345.8684 283.3147
f 6181 6182 6183
v -2439.5524 -1343.2489 283.3192
v -2449.8013 -1345.8684 283.3147
v -2439.2305 -1346.7846 282.2857
f 6184 6185 6186
v -2439.5524 -1343.2489 283.3192
v -2440.3813 -1340.0025 282.2857
v -2445.5119 -1341.3678 282.3004
f 6187 6188 6189
v -2449.8013 -1345.8684 283.3147
v -2445.5119 -1341.3678 282.3004
v -2450.6436 -1342.7340 282.3142
f 6190 6191 6192
v -2439.5524 -1343.2489 283.3192
v -2445.5119 -1341.3678 282.3004
v -2449.8013 -1345.8684 283.3147
f 6193 6194 6195
v -2445.5119 -1341.3678 282.3004
v -2440.3813 -1340.0025 282.2857
v -2450.6417 -1342.7330 277.1954
f 6196 6197 6198
v -2450.6417 -1342.7330 277.1954
v -2440.3813 -1340.0025 282.2857
v -2450.6405 -1342.7325 274.1245
f 6199 6200 6201
v -2450.6405 -1342.7325 274.1245
v -2440.3813 -1340.0025 282.2857
v -2440.3783 -1340.0010 274.1290
f 6202 6203 6204
v -2438.6357 -1346.8318 279.8030
v -2438.6367 -1346.8322 282.2289
v -2439.1800 -1346.9707 282.2287
f 6205 6206 6207
v -2440.1699 -1344.3186 274.1281
v -2448.8553 -1349.3722 274.1238
v -2449.7980 -1345.8667 274.1241
f 6208 6209 6210
v -2450.6405 -1342.7325 274.1245
v -2440.3783 -1340.0010 274.1290
v -2449.7980 -1345.8667 274.1241
f 6211 6212 6213
v -2440.3783 -1340.0010 274.1290
v -2439.3303 -1344.1038 274.1285
v -2449.7980 -1345.8667 274.1241
f 6214 6215 6216
v -2440.1699 -1344.3186 274.1281
v -2439.5207 -1346.8623 274.1279
v -2448.8553 -1349.3722 274.1238
f 6217 6218 6219
v -2440.1699 -1344.3186 274.1281
v -2449.7980 -1345.8667 274.1241
v -2439.3303 -1344.1038 274.1285
f 6220 6221 6222
v -2439.2275 -1346.7831 274.1030
v -2439.2305 -1346.7846 282.2857
v -2439.5207 -1346.8623 274.1279
f 6223 6224 6225
v -2448.8584 -1349.3737 282.2445
v -2439.5207 -1346.8623 274.1279
v -2439.2305 -1346.7846 282.2857
f 6226 6227 6228
v -2439.5207 -1346.8623 274.1029
v -2439.2275 -1346.7831 274.1030
v -2439.5207 -1346.8623 274.1279
f 6229 6230 6231
v -2448.8584 -1349.3737 282.2445
v -2448.8553 -1349.3722 274.1238
v -2439.5207 -1346.8623 274.1279
f 6232 6233 6234
v -2438.4514 -1349.6802 279.8025
v -2439.1791 -1346.9703 279.8028
v -2438.4492 -1349.6791 274.1027
f 6235 6236 6237
v -2439.2275 -1346.7831 274.1030
v -2439.1791 -1346.9703 279.8028
v -2439.2305 -1346.7846 282.2857
f 6238 6239 6240
v -2439.1800 -1346.9707 282.2287
v -2439.2305 -1346.7846 282.2857
v -2439.1791 -1346.9703 279.8028
f 6241 6242 6243
v -2450.6436 -1342.7340 282.3142
v -2448.8553 -1349.3722 274.1238
v -2448.8584 -1349.3737 282.2445
f 6244 6245 6246
v -2448.8553 -1349.3722 274.1238
v -2450.6417 -1342.7330 277.1954
v -2449.7980 -1345.8667 274.1241
f 6247 6248 6249
v -2449.8013 -1345.8684 283.3147
v -2450.6436 -1342.7340 282.3142
v -2448.8584 -1349.3737 282.2445
f 6250 6251 6252
v -2449.7980 -1345.8667 274.1241
v -2450.6417 -1342.7330 277.1954
v -2450.6405 -1342.7325 274.1245
f 6253 6254 6255
v -2448.8553 -1349.3722 274.1238
v -2450.6436 -1342.7340 282.3142
v -2450.6417 -1342.7330 277.1954
f 6256 6257 6258
v -2439.5524 -1343.2489 283.3192
v -2440.3783 -1340.0010 274.1290
v -2440.3813 -1340.0025 282.2857
f 6259 6260 6261
v -2438.6367 -1346.8322 282.2289
v -2439.3324 -1344.1049 279.8033
v -2439.5524 -1343.2489 283.3192
f 6262 6263 6264
v -2440.3783 -1340.0010 274.1290
v -2439.3324 -1344.1049 279.8033
v -2439.3303 -1344.1038 274.1285
f 6265 6266 6267
v -2438.6357 -1346.8318 279.8030
v -2439.3324 -1344.1049 279.8033
v -2438.6367 -1346.8322 282.2289
f 6268 6269 6270
v -2439.5524 -1343.2489 283.3192
v -2439.3324 -1344.1049 279.8033
v -2440.3783 -1340.0010 274.1290
f 6271 6272 6273
v -2439.0693 -1344.1026 274.1036
v -2433.5965 -1342.6343 279.8058
v -2433.5944 -1342.6332 274.1060
f 6274 6275 6276
v -2439.0851 -1344.0415 274.1036
v -2439.0714 -1344.1035 279.8034
v -2439.0693 -1344.1026 274.1036
f 6277 6278 6279
v -2439.0872 -1344.0425 279.8034
v -2439.3303 -1344.1038 274.1285
v -2439.3324 -1344.1049 279.8033
f 6280 6281 6282
v -2439.5207 -1346.8623 274.1029
v -2440.1699 -1344.3186 274.1281
v -2440.1699 -1344.3186 274.1031
f 6283 6284 6285
v -2432.2140 -1348.0368 274.1054
v -2438.4514 -1349.6802 279.8025
v -2438.4492 -1349.6791 274.1027
f 6286 6287 6288
v -2433.5944 -1342.6332 274.1060
v -2432.2160 -1348.0379 279.8052
v -2432.2140 -1348.0368 274.1054
f 6289 6290 6291
v -2445.5119 -1341.3678 282.3004
v -2450.6417 -1342.7330 277.1954
v -2450.6436 -1342.7340 282.3142
f 6292 6293 6294
v -2438.6357 -1346.8318 279.8030
v -2439.1800 -1346.9707 282.2287
v -2439.1791 -1346.9703 279.8028
f 6295 6296 6297
v -2439.1791 -1346.9703 279.8028
v -2439.2275 -1346.7831 274.1030
v -2438.4492 -1349.6791 274.1027
f 6298 6299 6300

g building_ID_921E055D-197A-4170-9645-D9FCA51AAE9D
v -2497.6350 -1402.2283 282.6100
v -2503.6770 -1390.3392 282.6103
v -2498.4438 -1402.1712 282.6097
f 6301 6302 6303
v -2493.1606 -1387.9015 282.6149
v -2503.6770 -1390.3392 282.6103
v -2497.6350 -1402.2283 282.6100
f 6304 6305 6306
v -2493.1606 -1387.9015 282.6149
v -2497.6350 -1402.2283 282.6100
v -2496.8250 -1402.2176 282.6103
f 6307 6308 6309
v -2500.8003 -1401.5949 282.6089
v -2503.6770 -1390.3392 282.6103
v -2501.0979 -1401.4661 282.6088
f 6310 6311 6312
v -2503.6770 -1390.3392 282.6103
v -2500.0320 -1401.8530 282.6091
v -2499.2445 -1402.0461 282.6094
f 6313 6314 6315
v -2500.8003 -1401.5949 282.6089
v -2500.0320 -1401.8530 282.6091
v -2503.6770 -1390.3392 282.6103
f 6316 6317 6318
v -2498.4438 -1402.1712 282.6097
v -2503.6770 -1390.3392 282.6103
v -2499.2445 -1402.0461 282.6094
f 6319 6320 6321
v -2493.1606 -1387.9015 282.6149
v -2496.8250 -1402.2176 282.6103
v -2496.0177 -1402.1377 282.6106
f 6322 6323 6324
v -2494.4398 -1401.7750 282.6113
v -2493.1606 -1387.9015 282.6149
v -2495.2213 -1401.9899 282.6110
f 6325 6326 6327
v -2493.1606 -1387.9015 282.6149
v -2494.4398 -1401.7750 282.6113
v -2493.6780 -1401.4960 282.6117
f 6328 6329 6330
v -2493.6780 -1401.4960 282.6117
v -2492.9441 -1401.1530 282.6120
v -2493.1606 -1387.9015 282.6149
f 6331 6332 6333
v -2491.5749 -1400.2876 282.6128
v -2493.1606 -1387.9015 282.6149
v -2492.2411 -1400.7489 282.6124
f 6334 6335 6336
v -2492.9441 -1401.1530 282.6120
v -2492.2411 -1400.7489 282.6124
v -2493.1606 -1387.9015 282.6149
f 6337 6338 6339
v -2493.1606 -1387.9015 282.6149
v -2490.9494 -1399.7713 282.6131
v -2490.5083 -1399.3385 282.6134
f 6340 6341 6342
v -2491.5749 -1400.2876 282.6128
v -2490.9494 -1399.7713 282.6131
v -2493.1606 -1387.9015 282.6149
f 6343 6344 6345
v -2496.0177 -1402.1377 282.6106
v -2495.2213 -1401.9899 282.6110
v -2493.1606 -1387.9015 282.6149
f 6346 6347 6348
v -2493.1606 -1387.9015 282.6149
v -2490.7373 -1398.3517 281.8546
v -2493.1603 -1387.9013 281.8559
f 6349 6350 6351
v -2490.5052 -1399.3370 274.4818
v -2490.7373 -1398.3517 281.8546
v -2490.5083 -1399.3385 282.6134
f 6352 6353 6354
v -2493.1606 -1387.9015 282.6149
v -2490.5083 -1399.3385 282.6134
v -2490.7373 -1398.3517 281.8546
f 6355 6356 6357
v -2490.7345 -1398.3503 274.4819
v -2490.7373 -1398.3517 281.8546
v -2490.5052 -1399.3370 274.4818
f 6358 6359 6360
v -2501.0948 -1401.4644 274.4772
v -2501.0979 -1401.4661 282.6088
v -2501.1765 -1401.1236 281.4709
f 6361 6362 6363
v -2503.6770 -1390.3392 282.6103
v -2501.1765 -1401.1236 281.4709
v -2501.0979 -1401.4661 282.6088
f 6364 6365 6366
v -2503.6739 -1390.3377 274.4786
v -2501.0948 -1401.4644 274.4772
v -2501.1742 -1401.1225 275.4041
f 6367 6368 6369
v -2501.1765 -1401.1236 281.4709
v -2501.1742 -1401.1225 275.4041
v -2501.0948 -1401.4644 274.4772
f 6370 6371 6372
v -2501.1765 -1401.1236 281.4709
v -2503.6770 -1390.3392 282.6103
v -2503.6766 -1390.3391 281.4723
f 6373 6374 6375
v -2501.1742 -1401.1225 275.4041
v -2503.6743 -1390.3379 275.4055
v -2503.6739 -1390.3377 274.4786
f 6376 6377 6378
v -2500.7972 -1401.5933 274.4773
v -2500.8003 -1401.5949 282.6089
v -2501.0979 -1401.4661 282.6088
f 6379 6380 6381
v -2500.0289 -1401.8514 274.4775
v -2500.0320 -1401.8530 282.6091
v -2500.8003 -1401.5949 282.6089
f 6382 6383 6384
v -2499.2414 -1402.0444 274.4778
v -2499.2445 -1402.0461 282.6094
v -2500.0320 -1401.8530 282.6091
f 6385 6386 6387
v -2498.4407 -1402.1696 274.4781
v -2498.4438 -1402.1712 282.6097
v -2499.2445 -1402.0461 282.6094
f 6388 6389 6390
v -2497.6319 -1402.2268 274.4784
v -2497.6350 -1402.2283 282.6100
v -2498.4438 -1402.1712 282.6097
f 6391 6392 6393
v -2496.8219 -1402.2160 274.4787
v -2496.8250 -1402.2176 282.6103
v -2497.6350 -1402.2283 282.6100
f 6394 6395 6396
v -2496.0146 -1402.1362 274.4790
v -2496.0177 -1402.1377 282.6106
v -2496.8250 -1402.2176 282.6103
f 6397 6398 6399
v -2495.2183 -1401.9883 274.4794
v -2495.2213 -1401.9899 282.6110
v -2496.0177 -1402.1377 282.6106
f 6400 6401 6402
v -2494.4367 -1401.7734 274.4797
v -2494.4398 -1401.7750 282.6113
v -2495.2213 -1401.9899 282.6110
f 6403 6404 6405
v -2493.6750 -1401.4944 274.4801
v -2493.6780 -1401.4960 282.6117
v -2494.4398 -1401.7750 282.6113
f 6406 6407 6408
v -2492.9410 -1401.1514 274.4804
v -2492.9441 -1401.1530 282.6120
v -2493.6780 -1401.4960 282.6117
f 6409 6410 6411
v -2492.2380 -1400.7473 274.4808
v -2492.2411 -1400.7489 282.6124
v -2492.9441 -1401.1530 282.6120
f 6412 6413 6414
v -2491.5718 -1400.2861 274.4812
v -2491.5749 -1400.2876 282.6128
v -2492.2411 -1400.7489 282.6124
f 6415 6416 6417
v -2490.9464 -1399.7697 274.4815
v -2490.9494 -1399.7713 282.6131
v -2491.5749 -1400.2876 282.6128
f 6418 6419 6420
v -2490.5052 -1399.3370 274.4818
v -2490.5083 -1399.3385 282.6134
v -2490.9494 -1399.7713 282.6131
f 6421 6422 6423
v -2501.0948 -1401.4644 274.4772
v -2492.7408 -1398.8149 274.4810
v -2500.7972 -1401.5933 274.4773
f 6424 6425 6426
v -2500.0289 -1401.8514 274.4775
v -2500.7972 -1401.5933 274.4773
v -2492.7408 -1398.8149 274.4810
f 6427 6428 6429
v -2500.0289 -1401.8514 274.4775
v -2492.7408 -1398.8149 274.4810
v -2499.2414 -1402.0444 274.4778
f 6430 6431 6432
v -2492.7408 -1398.8149 274.4810
v -2495.2183 -1401.9883 274.4794
v -2496.0146 -1402.1362 274.4790
f 6433 6434 6435
v -2492.7408 -1398.8149 274.4810
v -2501.0948 -1401.4644 274.4772
v -2503.6739 -1390.3377 274.4786
f 6436 6437 6438
v -2492.7408 -1398.8149 274.4810
v -2498.4407 -1402.1696 274.4781
v -2499.2414 -1402.0444 274.4778
f 6439 6440 6441
v -2496.8219 -1402.2160 274.4787
v -2497.6319 -1402.2268 274.4784
v -2492.7408 -1398.8149 274.4810
f 6442 6443 6444
v -2492.7408 -1398.8149 274.4810
v -2497.6319 -1402.2268 274.4784
v -2498.4407 -1402.1696 274.4781
f 6445 6446 6447
v -2496.8219 -1402.2160 274.4787
v -2492.7408 -1398.8149 274.4810
v -2496.0146 -1402.1362 274.4790
f 6448 6449 6450
v -2495.2183 -1401.9883 274.4794
v -2492.7408 -1398.8149 274.4810
v -2494.4367 -1401.7734 274.4797
f 6451 6452 6453
v -2490.5052 -1399.3370 274.4818
v -2490.9464 -1399.7697 274.4815
v -2490.7345 -1398.3503 274.4819
f 6454 6455 6456
v -2492.7408 -1398.8149 274.4810
v -2490.7345 -1398.3503 274.4819
v -2490.9464 -1399.7697 274.4815
f 6457 6458 6459
v -2491.5718 -1400.2861 274.4812
v -2492.7408 -1398.8149 274.4810
v -2490.9464 -1399.7697 274.4815
f 6460 6461 6462
v -2493.6750 -1401.4944 274.4801
v -2494.4367 -1401.7734 274.4797
v -2492.7408 -1398.8149 274.4810
f 6463 6464 6465
v -2492.7408 -1398.8149 274.4810
v -2492.9410 -1401.1514 274.4804
v -2493.6750 -1401.4944 274.4801
f 6466 6467 6468
v -2492.9410 -1401.1514 274.4804
v -2492.7408 -1398.8149 274.4810
v -2492.2380 -1400.7473 274.4808
f 6469 6470 6471
v -2492.2380 -1400.7473 274.4808
v -2492.7408 -1398.8149 274.4810
v -2491.5718 -1400.2861 274.4812
f 6472 6473 6474
v -2495.1637 -1388.3645 274.4824
v -2492.7408 -1398.8149 274.4810
v -2503.6739 -1390.3377 274.4786
f 6475 6476 6477
v -2501.1765 -1401.1236 281.4709
v -2503.6766 -1390.3391 281.4723
v -2508.5785 -1391.4758 281.4701
f 6478 6479 6480
v -2508.5785 -1391.4758 281.4701
v -2506.0986 -1402.2654 281.4687
v -2501.1765 -1401.1236 281.4709
f 6481 6482 6483
v -2501.1742 -1401.1225 275.4041
v -2501.1765 -1401.1236 281.4709
v -2506.0986 -1402.2654 281.4687
f 6484 6485 6486
v -2508.5762 -1391.4746 275.4033
v -2501.1742 -1401.1225 275.4041
v -2506.0963 -1402.2643 275.4019
f 6487 6488 6489
v -2501.1742 -1401.1225 275.4041
v -2508.5762 -1391.4746 275.4033
v -2503.6743 -1390.3379 275.4055
f 6490 6491 6492
v -2515.1008 -1363.1203 290.2914
v -2508.5793 -1391.4763 283.4620
v -2487.9867 -1386.7016 283.4711
f 6493 6494 6495
v -2487.9867 -1386.7016 283.4711
v -2494.5612 -1358.3574 290.3005
v -2515.1008 -1363.1203 290.2914
f 6496 6497 6498
v -2499.7039 -1368.7824 274.0528
v -2515.5492 -1361.1390 274.0482
v -2502.1871 -1358.0680 274.0541
f 6499 6500 6501
v -2508.5758 -1391.4744 274.0444
v -2499.7039 -1368.7824 274.0528
v -2495.1635 -1388.3644 274.0504
f 6502 6503 6504
v -2508.5758 -1391.4744 274.0444
v -2515.5492 -1361.1390 274.0482
v -2499.7039 -1368.7824 274.0528
f 6505 6506 6507
v -2479.3103 -1396.1368 273.4148
v -2479.3135 -1396.1384 281.8595
v -2485.1681 -1397.4847 281.8570
f 6508 6509 6510
v -2481.6075 -1386.1458 273.4161
v -2481.6107 -1386.1474 281.8608
v -2479.3135 -1396.1384 281.8595
f 6511 6512 6513
v -2481.5395 -1386.1299 273.4162
v -2481.5426 -1386.1315 281.8609
v -2481.6107 -1386.1474 281.8608
f 6514 6515 6516
v -2481.5671 -1386.0098 273.4162
v -2481.5703 -1386.0115 281.8609
v -2481.5426 -1386.1315 281.8609
f 6517 6518 6519
v -2481.7783 -1386.0593 273.4161
v -2481.7814 -1386.0609 281.8608
v -2481.5703 -1386.0115 281.8609
f 6520 6521 6522
v -2486.3276 -1366.4383 273.4186
v -2486.3307 -1366.4399 281.8632
v -2481.7814 -1386.0609 281.8608
f 6523 6524 6525
v -2488.6129 -1366.9651 273.4176
v -2488.6161 -1366.9667 281.8622
v -2486.3307 -1366.4399 281.8632
f 6526 6527 6528
v -2489.0093 -1365.2442 273.4179
v -2489.0125 -1365.2457 281.8625
v -2488.6161 -1366.9667 281.8622
f 6529 6530 6531
v -2485.1649 -1397.4831 273.4123
v -2485.1681 -1397.4847 281.8570
v -2485.2610 -1397.0825 281.8570
f 6532 6533 6534
v -2485.2578 -1397.0808 273.4123
v -2481.7783 -1386.0593 273.4161
v -2479.3103 -1396.1368 273.4148
f 6535 6536 6537
v -2479.3103 -1396.1368 273.4148
v -2485.1649 -1397.4831 273.4123
v -2485.2578 -1397.0808 273.4123
f 6538 6539 6540
v -2479.3103 -1396.1368 273.4148
v -2481.7783 -1386.0593 273.4161
v -2481.6075 -1386.1458 273.4161
f 6541 6542 6543
v -2481.5671 -1386.0098 273.4162
v -2481.5395 -1386.1299 273.4162
v -2481.6075 -1386.1458 273.4161
f 6544 6545 6546
v -2499.9370 -1367.7778 273.4130
v -2485.2578 -1397.0808 273.4123
v -2492.7404 -1398.8148 273.4090
f 6547 6548 6549
v -2489.0093 -1365.2442 273.4179
v -2488.6129 -1366.9651 273.4176
v -2499.9370 -1367.7778 273.4130
f 6550 6551 6552
v -2485.2578 -1397.0808 273.4123
v -2488.6129 -1366.9651 273.4176
v -2481.7783 -1386.0593 273.4161
f 6553 6554 6555
v -2488.6129 -1366.9651 273.4176
v -2486.3276 -1366.4383 273.4186
v -2481.7783 -1386.0593 273.4161
f 6556 6557 6558
v -2481.6075 -1386.1458 273.4161
v -2481.7783 -1386.0593 273.4161
v -2481.5671 -1386.0098 273.4162
f 6559 6560 6561
v -2499.9370 -1367.7778 273.4130
v -2488.6129 -1366.9651 273.4176
v -2485.2578 -1397.0808 273.4123
f 6562 6563 6564
v -2499.9371 -1367.7778 273.6670
v -2489.2185 -1365.2926 273.6718
v -2499.9370 -1367.7778 273.4130
f 6565 6566 6567
v -2489.2185 -1365.2926 273.6718
v -2489.0125 -1365.2457 281.8625
v -2489.0093 -1365.2442 273.4179
f 6568 6569 6570
v -2489.2216 -1365.2941 281.8624
v -2489.0125 -1365.2457 281.8625
v -2489.2185 -1365.2926 273.6718
f 6571 6572 6573
v -2494.5584 -1358.3561 282.9058
v -2491.4689 -1355.6064 282.9076
v -2495.0082 -1356.4189 282.9060
f 6574 6575 6576
v -2488.7564 -1367.3036 282.9061
v -2494.5584 -1358.3561 282.9058
v -2492.2936 -1368.1241 282.9046
f 6577 6578 6579
v -2491.4689 -1355.6064 282.9076
v -2494.5584 -1358.3561 282.9058
v -2488.7564 -1367.3036 282.9061
f 6580 6581 6582
v -2488.7560 -1367.3033 281.8621
v -2488.7564 -1367.3036 282.9061
v -2492.2936 -1368.1241 282.9046
f 6583 6584 6585
v -2491.4655 -1355.6047 273.6730
v -2491.4689 -1355.6064 282.9076
v -2489.2216 -1365.2941 281.8624
f 6586 6587 6588
v -2488.7564 -1367.3036 282.9061
v -2489.2216 -1365.2941 281.8624
v -2491.4689 -1355.6064 282.9076
f 6589 6590 6591
v -2489.2185 -1365.2926 273.6718
v -2491.4655 -1355.6047 273.6730
v -2489.2216 -1365.2941 281.8624
f 6592 6593 6594
v -2488.7564 -1367.3036 282.9061
v -2488.7560 -1367.3033 281.8621
v -2489.2216 -1365.2941 281.8624
f 6595 6596 6597
v -2491.4655 -1355.6047 273.6730
v -2489.2185 -1365.2926 273.6718
v -2499.9371 -1367.7778 273.6670
f 6598 6599 6600
v -2499.9371 -1367.7778 273.6670
v -2502.1880 -1358.0659 273.6682
v -2491.4655 -1355.6047 273.6730
f 6601 6602 6603
v -2503.6739 -1390.3377 274.4786
v -2495.1635 -1388.3644 274.0504
v -2495.1637 -1388.3645 274.4824
f 6604 6605 6606
v -2508.5762 -1391.4746 275.4033
v -2508.5758 -1391.4744 274.0444
v -2503.6739 -1390.3377 274.4786
f 6607 6608 6609
v -2495.1635 -1388.3644 274.0504
v -2503.6739 -1390.3377 274.4786
v -2508.5758 -1391.4744 274.0444
f 6610 6611 6612
v -2487.9861 -1386.7013 281.8582
v -2487.9867 -1386.7016 283.4711
v -2493.1606 -1387.9015 282.6149
f 6613 6614 6615
v -2508.5793 -1391.4763 283.4620
v -2493.1606 -1387.9015 282.6149
v -2487.9867 -1386.7016 283.4711
f 6616 6617 6618
v -2493.1606 -1387.9015 282.6149
v -2493.1603 -1387.9013 281.8559
v -2487.9861 -1386.7013 281.8582
f 6619 6620 6621
v -2508.5793 -1391.4763 283.4620
v -2508.5785 -1391.4758 281.4701
v -2503.6770 -1390.3392 282.6103
f 6622 6623 6624
v -2493.1606 -1387.9015 282.6149
v -2508.5793 -1391.4763 283.4620
v -2503.6770 -1390.3392 282.6103
f 6625 6626 6627
v -2490.7345 -1398.3503 274.4819
v -2485.2578 -1397.0808 273.4123
v -2485.2610 -1397.0825 281.8570
f 6628 6629 6630
v -2490.7373 -1398.3517 281.8546
v -2490.7345 -1398.3503 274.4819
v -2485.2610 -1397.0825 281.8570
f 6631 6632 6633
v -2492.7404 -1398.8148 273.4090
v -2490.7345 -1398.3503 274.4819
v -2492.7408 -1398.8149 274.4810
f 6634 6635 6636
v -2485.2578 -1397.0808 273.4123
v -2490.7345 -1398.3503 274.4819
v -2492.7404 -1398.8148 273.4090
f 6637 6638 6639
v -2490.7373 -1398.3517 281.8546
v -2487.9861 -1386.7013 281.8582
v -2493.1603 -1387.9013 281.8559
f 6640 6641 6642
v -2487.9861 -1386.7013 281.8582
v -2488.7560 -1367.3033 281.8621
v -2492.2932 -1368.1238 281.8606
f 6643 6644 6645
v -2488.6161 -1366.9667 281.8622
v -2489.0125 -1365.2457 281.8625
v -2489.2216 -1365.2941 281.8624
f 6646 6647 6648
v -2488.6161 -1366.9667 281.8622
v -2488.7560 -1367.3033 281.8621
v -2481.7814 -1386.0609 281.8608
f 6649 6650 6651
v -2486.3307 -1366.4399 281.8632
v -2488.6161 -1366.9667 281.8622
v -2481.7814 -1386.0609 281.8608
f 6652 6653 6654
v -2488.6161 -1366.9667 281.8622
v -2489.2216 -1365.2941 281.8624
v -2488.7560 -1367.3033 281.8621
f 6655 6656 6657
v -2481.7814 -1386.0609 281.8608
v -2488.7560 -1367.3033 281.8621
v -2487.9861 -1386.7013 281.8582
f 6658 6659 6660
v -2481.7814 -1386.0609 281.8608
v -2487.9861 -1386.7013 281.8582
v -2485.2610 -1397.0825 281.8570
f 6661 6662 6663
v -2490.7373 -1398.3517 281.8546
v -2485.2610 -1397.0825 281.8570
v -2487.9861 -1386.7013 281.8582
f 6664 6665 6666
v -2479.3135 -1396.1384 281.8595
v -2481.7814 -1386.0609 281.8608
v -2485.2610 -1397.0825 281.8570
f 6667 6668 6669
v -2485.1681 -1397.4847 281.8570
v -2479.3135 -1396.1384 281.8595
v -2485.2610 -1397.0825 281.8570
f 6670 6671 6672
v -2481.6107 -1386.1474 281.8608
v -2481.5426 -1386.1315 281.8609
v -2481.5703 -1386.0115 281.8609
f 6673 6674 6675
v -2481.7814 -1386.0609 281.8608
v -2479.3135 -1396.1384 281.8595
v -2481.6107 -1386.1474 281.8608
f 6676 6677 6678
v -2481.6107 -1386.1474 281.8608
v -2481.5703 -1386.0115 281.8609
v -2481.7814 -1386.0609 281.8608
f 6679 6680 6681
v -2515.1008 -1363.1203 290.2914
v -2494.5612 -1358.3574 290.3005
v -2495.0082 -1356.4189 283.0410
f 6682 6683 6684
v -2495.0082 -1356.4189 283.0410
v -2515.5526 -1361.1406 282.8969
v -2515.1008 -1363.1203 290.2914
f 6685 6686 6687
v -2495.0082 -1356.4189 283.0410
v -2494.5612 -1358.3574 290.3005
v -2494.5584 -1358.3561 282.9058
f 6688 6689 6690
v -2492.2936 -1368.1241 282.9046
v -2494.5584 -1358.3561 282.9058
v -2494.5612 -1358.3574 290.3005
f 6691 6692 6693
v -2494.5584 -1358.3561 282.9058
v -2495.0082 -1356.4189 282.9060
v -2495.0082 -1356.4189 283.0410
f 6694 6695 6696
v -2494.5612 -1358.3574 290.3005
v -2487.9861 -1386.7013 281.8582
v -2492.2936 -1368.1241 282.9046
f 6697 6698 6699
v -2487.9861 -1386.7013 281.8582
v -2492.2932 -1368.1238 281.8606
v -2492.2936 -1368.1241 282.9046
f 6700 6701 6702
v -2487.9867 -1386.7016 283.4711
v -2487.9861 -1386.7013 281.8582
v -2494.5612 -1358.3574 290.3005
f 6703 6704 6705
v -2502.1871 -1358.0680 274.0541
v -2515.5492 -1361.1390 274.0482
v -2515.5526 -1361.1406 282.8969
f 6706 6707 6708
v -2491.4655 -1355.6047 273.6730
v -2502.1880 -1358.0659 273.6682
v -2502.1871 -1358.0680 274.0541
f 6709 6710 6711
v -2502.1871 -1358.0680 274.0541
v -2515.5526 -1361.1406 282.8969
v -2495.0082 -1356.4189 282.9060
f 6712 6713 6714
v -2515.5526 -1361.1406 282.8969
v -2495.0082 -1356.4189 283.0410
v -2495.0082 -1356.4189 282.9060
f 6715 6716 6717
v -2491.4689 -1355.6064 282.9076
v -2491.4655 -1355.6047 273.6730
v -2502.1871 -1358.0680 274.0541
f 6718 6719 6720
v -2495.0082 -1356.4189 282.9060
v -2491.4689 -1355.6064 282.9076
v -2502.1871 -1358.0680 274.0541
f 6721 6722 6723
v -2495.1635 -1388.3644 274.0504
v -2492.7408 -1398.8149 274.4810
v -2495.1637 -1388.3645 274.4824
f 6724 6725 6726
v -2495.1635 -1388.3644 274.0504
v -2499.9371 -1367.7778 273.6670
v -2492.7404 -1398.8148 273.4090
f 6727 6728 6729
v -2492.7408 -1398.8149 274.4810
v -2495.1635 -1388.3644 274.0504
v -2492.7404 -1398.8148 273.4090
f 6730 6731 6732
v -2499.7039 -1368.7824 274.0528
v -2499.9371 -1367.7778 273.6670
v -2495.1635 -1388.3644 274.0504
f 6733 6734 6735
v -2499.9371 -1367.7778 273.6670
v -2499.7039 -1368.7824 274.0528
v -2502.1871 -1358.0680 274.0541
f 6736 6737 6738
v -2502.1871 -1358.0680 274.0541
v -2502.1880 -1358.0659 273.6682
v -2499.9371 -1367.7778 273.6670
f 6739 6740 6741
v -2492.7404 -1398.8148 273.4090
v -2499.9371 -1367.7778 273.6670
v -2499.9370 -1367.7778 273.4130
f 6742 6743 6744
v -2506.0986 -1402.2654 281.4687
v -2508.5785 -1391.4758 281.4701
v -2508.5762 -1391.4746 275.4033
f 6745 6746 6747
v -2515.5492 -1361.1390 274.0482
v -2508.5758 -1391.4744 274.0444
v -2508.5762 -1391.4746 275.4033
f 6748 6749 6750
v -2508.5793 -1391.4763 283.4620
v -2515.5526 -1361.1406 282.8969
v -2508.5785 -1391.4758 281.4701
f 6751 6752 6753
v -2508.5785 -1391.4758 281.4701
v -2515.5526 -1361.1406 282.8969
v -2515.5492 -1361.1390 274.0482
f 6754 6755 6756
v -2508.5762 -1391.4746 275.4033
v -2508.5785 -1391.4758 281.4701
v -2515.5492 -1361.1390 274.0482
f 6757 6758 6759
v -2515.1008 -1363.1203 290.2914
v -2515.5526 -1361.1406 282.8969
v -2508.5793 -1391.4763 283.4620
f 6760 6761 6762
v -2500.7972 -1401.5933 274.4773
v -2501.0979 -1401.4661 282.6088
v -2501.0948 -1401.4644 274.4772
f 6763 6764 6765
v -2500.0289 -1401.8514 274.4775
v -2500.8003 -1401.5949 282.6089
v -2500.7972 -1401.5933 274.4773
f 6766 6767 6768
v -2499.2414 -1402.0444 274.4778
v -2500.0320 -1401.8530 282.6091
v -2500.0289 -1401.8514 274.4775
f 6769 6770 6771
v -2498.4407 -1402.1696 274.4781
v -2499.2445 -1402.0461 282.6094
v -2499.2414 -1402.0444 274.4778
f 6772 6773 6774
v -2497.6319 -1402.2268 274.4784
v -2498.4438 -1402.1712 282.6097
v -2498.4407 -1402.1696 274.4781
f 6775 6776 6777
v -2496.8219 -1402.2160 274.4787
v -2497.6350 -1402.2283 282.6100
v -2497.6319 -1402.2268 274.4784
f 6778 6779 6780
v -2496.0146 -1402.1362 274.4790
v -2496.8250 -1402.2176 282.6103
v -2496.8219 -1402.2160 274.4787
f 6781 6782 6783
v -2495.2183 -1401.9883 274.4794
v -2496.0177 -1402.1377 282.6106
v -2496.0146 -1402.1362 274.4790
f 6784 6785 6786
v -2494.4367 -1401.7734 274.4797
v -2495.2213 -1401.9899 282.6110
v -2495.2183 -1401.9883 274.4794
f 6787 6788 6789
v -2493.6750 -1401.4944 274.4801
v -2494.4398 -1401.7750 282.6113
v -2494.4367 -1401.7734 274.4797
f 6790 6791 6792
v -2492.9410 -1401.1514 274.4804
v -2493.6780 -1401.4960 282.6117
v -2493.6750 -1401.4944 274.4801
f 6793 6794 6795
v -2492.2380 -1400.7473 274.4808
v -2492.9441 -1401.1530 282.6120
v -2492.9410 -1401.1514 274.4804
f 6796 6797 6798
v -2491.5718 -1400.2861 274.4812
v -2492.2411 -1400.7489 282.6124
v -2492.2380 -1400.7473 274.4808
f 6799 6800 6801
v -2490.9464 -1399.7697 274.4815
v -2491.5749 -1400.2876 282.6128
v -2491.5718 -1400.2861 274.4812
f 6802 6803 6804
v -2490.5052 -1399.3370 274.4818
v -2490.9494 -1399.7713 282.6131
v -2490.9464 -1399.7697 274.4815
f 6805 6806 6807
v -2501.1742 -1401.1225 275.4041
v -2506.0986 -1402.2654 281.4687
v -2506.0963 -1402.2643 275.4019
f 6808 6809 6810
v -2479.3103 -1396.1368 273.4148
v -2485.1681 -1397.4847 281.8570
v -2485.1649 -1397.4831 273.4123
f 6811 6812 6813
v -2481.6075 -1386.1458 273.4161
v -2479.3135 -1396.1384 281.8595
v -2479.3103 -1396.1368 273.4148
f 6814 6815 6816
v -2481.5395 -1386.1299 273.4162
v -2481.6107 -1386.1474 281.8608
v -2481.6075 -1386.1458 273.4161
f 6817 6818 6819
v -2481.5671 -1386.0098 273.4162
v -2481.5426 -1386.1315 281.8609
v -2481.5395 -1386.1299 273.4162
f 6820 6821 6822
v -2481.7783 -1386.0593 273.4161
v -2481.5703 -1386.0115 281.8609
v -2481.5671 -1386.0098 273.4162
f 6823 6824 6825
v -2486.3276 -1366.4383 273.4186
v -2481.7814 -1386.0609 281.8608
v -2481.7783 -1386.0593 273.4161
f 6826 6827 6828
v -2488.6129 -1366.9651 273.4176
v -2486.3307 -1366.4399 281.8632
v -2486.3276 -1366.4383 273.4186
f 6829 6830 6831
v -2489.0093 -1365.2442 273.4179
v -2488.6161 -1366.9667 281.8622
v -2488.6129 -1366.9651 273.4176
f 6832 6833 6834
v -2485.1649 -1397.4831 273.4123
v -2485.2610 -1397.0825 281.8570
v -2485.2578 -1397.0808 273.4123
f 6835 6836 6837
v -2489.2185 -1365.2926 273.6718
v -2489.0093 -1365.2442 273.4179
v -2499.9370 -1367.7778 273.4130
f 6838 6839 6840
v -2488.7560 -1367.3033 281.8621
v -2492.2936 -1368.1241 282.9046
v -2492.2932 -1368.1238 281.8606
f 6841 6842 6843
v -2508.5762 -1391.4746 275.4033
v -2503.6739 -1390.3377 274.4786
v -2503.6743 -1390.3379 275.4055
f 6844 6845 6846
v -2508.5785 -1391.4758 281.4701
v -2503.6766 -1390.3391 281.4723
v -2503.6770 -1390.3392 282.6103
f 6847 6848 6849
v -2506.0986 -1402.2654 281.4687
v -2508.5762 -1391.4746 275.4033
v -2506.0963 -1402.2643 275.4019
f 6850 6851 6852

g building_ID_CA962D1D-EF3D-4FDA-8E5B-28CEB032CE26
v -2426.2779 -1383.2258 286.2016
v -2423.3409 -1376.6221 282.6513
v -2427.6923 -1377.7651 286.2023
f 6853 6854 6855
v -2426.2779 -1383.2258 286.2016
v -2421.8725 -1382.0599 282.6046
v -2423.3409 -1376.6221 282.6513
f 6856 6857 6858
v -2430.9007 -1381.3868 282.7553
v -2427.6923 -1377.7651 286.2023
v -2431.6017 -1378.7928 282.7316
f 6859 6860 6861
v -2430.9007 -1381.3868 282.7553
v -2430.1284 -1384.2438 282.7820
v -2426.2779 -1383.2258 286.2016
f 6862 6863 6864
v -2427.6923 -1377.7651 286.2023
v -2430.9007 -1381.3868 282.7553
v -2426.2779 -1383.2258 286.2016
f 6865 6866 6867
v -2423.3379 -1376.6204 274.3967
v -2423.3394 -1376.6212 278.5245
v -2421.8695 -1382.0584 274.3959
f 6868 6869 6870
v -2421.8713 -1382.0594 279.5097
v -2421.8695 -1382.0584 274.3959
v -2423.3394 -1376.6212 278.5245
f 6871 6872 6873
v -2430.1272 -1384.2432 279.6361
v -2430.1284 -1384.2438 282.7820
v -2430.9007 -1381.3868 282.7553
f 6874 6875 6876
v -2431.5986 -1378.7913 274.3929
v -2430.1253 -1384.2422 274.3923
v -2430.9007 -1381.3868 282.7553
f 6877 6878 6879
v -2431.6001 -1378.7920 278.5368
v -2431.5986 -1378.7913 274.3929
v -2430.9007 -1381.3868 282.7553
f 6880 6881 6882
v -2427.6879 -1377.7627 274.3947
v -2421.8695 -1382.0584 274.3959
v -2426.2736 -1383.2235 274.3940
f 6883 6884 6885
v -2431.5986 -1378.7913 274.3929
v -2427.6879 -1377.7627 274.3947
v -2430.1253 -1384.2422 274.3923
f 6886 6887 6888
v -2427.6879 -1377.7627 274.3947
v -2423.3379 -1376.6204 274.3967
v -2421.8695 -1382.0584 274.3959
f 6889 6890 6891
v -2430.1253 -1384.2422 274.3923
v -2427.6879 -1377.7627 274.3947
v -2426.2736 -1383.2235 274.3940
f 6892 6893 6894
v -2421.8713 -1382.0594 279.5097
v -2430.1272 -1384.2432 279.6361
v -2426.2736 -1383.2235 274.3940
f 6895 6896 6897
v -2421.8713 -1382.0594 279.5097
v -2426.2736 -1383.2235 274.3940
v -2421.8695 -1382.0584 274.3959
f 6898 6899 6900
v -2430.1272 -1384.2432 279.6361
v -2421.8713 -1382.0594 279.5097
v -2421.8725 -1382.0599 282.6046
f 6901 6902 6903
v -2430.1272 -1384.2432 279.6361
v -2421.8725 -1382.0599 282.6046
v -2430.1284 -1384.2438 282.7820
f 6904 6905 6906
v -2430.1272 -1384.2432 279.6361
v -2430.1253 -1384.2422 274.3923
v -2426.2736 -1383.2235 274.3940
f 6907 6908 6909
v -2426.2779 -1383.2258 286.2016
v -2430.1284 -1384.2438 282.7820
v -2421.8725 -1382.0599 282.6046
f 6910 6911 6912
v -2423.3409 -1376.6221 282.6513
v -2431.6001 -1378.7920 278.5368
v -2431.6017 -1378.7928 282.7316
f 6913 6914 6915
v -2427.6879 -1377.7627 274.3947
v -2431.5986 -1378.7913 274.3929
v -2431.6001 -1378.7920 278.5368
f 6916 6917 6918
v -2423.3409 -1376.6221 282.6513
v -2431.6017 -1378.7928 282.7316
v -2427.6923 -1377.7651 286.2023
f 6919 6920 6921
v -2431.6001 -1378.7920 278.5368
v -2423.3394 -1376.6212 278.5245
v -2427.6879 -1377.7627 274.3947
f 6922 6923 6924
v -2423.3409 -1376.6221 282.6513
v -2423.3394 -1376.6212 278.5245
v -2431.6001 -1378.7920 278.5368
f 6925 6926 6927
v -2423.3379 -1376.6204 274.3967
v -2427.6879 -1377.7627 274.3947
v -2423.3394 -1376.6212 278.5245
f 6928 6929 6930
v -2423.3409 -1376.6221 282.6513
v -2421.8725 -1382.0599 282.6046
v -2421.8713 -1382.0594 279.5097
f 6931 6932 6933
v -2421.8713 -1382.0594 279.5097
v -2423.3394 -1376.6212 278.5245
v -2423.3409 -1376.6221 282.6513
f 6934 6935 6936
v -2430.1272 -1384.2432 279.6361
v -2430.9007 -1381.3868 282.7553
v -2430.1253 -1384.2422 274.3923
f 6937 6938 6939
v -2430.9007 -1381.3868 282.7553
v -2431.6017 -1378.7928 282.7316
v -2431.6001 -1378.7920 278.5368
f 6940 6941 6942

g building_ID_BE4E994E-6438-40D4-95A5-603A1E11E3D0
v -2427.6923 -1377.7651 286.2023
v -2423.3409 -1376.6211 282.6513
v -2423.9399 -1374.4045 282.6705
f 6943 6944 6945
v -2425.3288 -1371.3268 283.1216
v -2429.1095 -1372.2992 286.2029
v -2423.9399 -1374.4045 282.6705
f 6946 6947 6948
v -2427.6923 -1377.7651 286.2023
v -2423.9399 -1374.4045 282.6705
v -2429.1095 -1372.2992 286.2029
f 6949 6950 6951
v -2424.8083 -1371.1892 282.6969
v -2425.3288 -1371.3268 283.1216
v -2423.9399 -1374.4045 282.6705
f 6952 6953 6954
v -2432.4569 -1373.2087 283.2245
v -2429.1095 -1372.2992 286.2029
v -2432.4687 -1373.1627 283.2245
f 6955 6956 6957
v -2432.1720 -1376.6804 282.7129
v -2427.6923 -1377.7651 286.2023
v -2429.1095 -1372.2992 286.2029
f 6958 6959 6960
v -2432.1720 -1376.6804 282.7129
v -2429.1095 -1372.2992 286.2029
v -2432.4569 -1373.2087 283.2245
f 6961 6962 6963
v -2433.0661 -1373.3700 282.6833
v -2432.1720 -1376.6804 282.7129
v -2432.4569 -1373.2087 283.2245
f 6964 6965 6966
v -2427.6923 -1377.7651 286.2023
v -2432.1720 -1376.6804 282.7129
v -2431.6016 -1378.7918 282.7326
f 6967 6968 6969
v -2424.8053 -1371.1876 274.3973
v -2423.9399 -1374.4045 282.6705
v -2424.0715 -1373.9035 274.3970
f 6970 6971 6972
v -2424.0715 -1373.9035 274.3970
v -2423.9399 -1374.4045 282.6705
v -2423.3379 -1376.6194 274.3967
f 6973 6974 6975
v -2423.3397 -1376.6204 279.5385
v -2423.3379 -1376.6194 274.3967
v -2423.9399 -1374.4045 282.6705
f 6976 6977 6978
v -2432.6070 -1375.0633 278.0073
v -2431.9657 -1377.4357 276.4651
v -2432.1720 -1376.6804 282.7129
f 6979 6980 6981
v -2431.5999 -1378.7910 278.0418
v -2431.6016 -1378.7918 282.7326
v -2432.1720 -1376.6804 282.7129
f 6982 6983 6984
v -2432.6070 -1375.0633 278.0073
v -2432.3888 -1375.8652 274.3934
v -2431.9657 -1377.4357 276.4651
f 6985 6986 6987
v -2431.5986 -1378.7903 274.3929
v -2431.9657 -1377.4357 276.4651
v -2432.3888 -1375.8652 274.3934
f 6988 6989 6990
v -2431.5999 -1378.7910 278.0418
v -2431.9657 -1377.4357 276.4651
v -2431.5986 -1378.7903 274.3929
f 6991 6992 6993
v -2432.6070 -1375.0633 278.0073
v -2432.1720 -1376.6804 282.7129
v -2433.0661 -1373.3700 282.6833
f 6994 6995 6996
v -2432.6070 -1375.0633 278.0073
v -2433.0630 -1373.3684 274.3937
v -2432.3888 -1375.8652 274.3934
f 6997 6998 6999
v -2433.0630 -1373.3684 274.3937
v -2432.4536 -1373.2070 274.3939
v -2432.3888 -1375.8652 274.3934
f 7000 7001 7002
v -2425.3296 -1371.3262 274.3970
v -2432.3888 -1375.8652 274.3934
v -2432.4536 -1373.2070 274.3939
f 7003 7004 7005
v -2432.4536 -1373.2070 274.3939
v -2432.4654 -1373.1610 274.3939
v -2425.3296 -1371.3262 274.3970
f 7006 7007 7008
v -2424.0715 -1373.9035 274.3970
v -2427.6879 -1377.7627 274.3947
v -2425.3296 -1371.3262 274.3970
f 7009 7010 7011
v -2427.6879 -1377.7627 274.3947
v -2424.0715 -1373.9035 274.3970
v -2423.3379 -1376.6194 274.3967
f 7012 7013 7014
v -2427.6879 -1377.7627 274.3947
v -2431.5986 -1378.7903 274.3929
v -2432.3888 -1375.8652 274.3934
f 7015 7016 7017
v -2432.3888 -1375.8652 274.3934
v -2425.3296 -1371.3262 274.3970
v -2427.6879 -1377.7627 274.3947
f 7018 7019 7020
v -2424.8053 -1371.1876 274.3973
v -2424.0715 -1373.9035 274.3970
v -2425.3296 -1371.3262 274.3970
f 7021 7022 7023
v -2425.3757 -1371.3381 274.5220
v -2426.5082 -1367.0461 274.5225
v -2426.5107 -1367.0474 281.2252
f 7024 7025 7026
v -2433.5970 -1368.8830 274.5194
v -2433.5995 -1368.8843 281.1131
v -2426.5082 -1367.0461 274.5225
f 7027 7028 7029
v -2432.4536 -1373.2070 274.3939
v -2433.0630 -1373.3684 274.3937
v -2433.0661 -1373.3700 282.6833
f 7030 7031 7032
v -2432.4569 -1373.2087 283.2245
v -2432.4546 -1373.2076 277.0817
v -2433.0661 -1373.3700 282.6833
f 7033 7034 7035
v -2433.5995 -1368.8843 281.1131
v -2432.4679 -1373.1623 281.1126
v -2429.1077 -1372.2984 281.1661
f 7036 7037 7038
v -2426.5107 -1367.0474 281.2252
v -2433.5995 -1368.8843 281.1131
v -2429.1077 -1372.2984 281.1661
f 7039 7040 7041
v -2429.1077 -1372.2984 281.1661
v -2425.3782 -1371.3394 281.2247
v -2426.5107 -1367.0474 281.2252
f 7042 7043 7044
v -2425.3757 -1371.3381 274.5220
v -2433.5970 -1368.8830 274.5194
v -2426.5082 -1367.0461 274.5225
f 7045 7046 7047
v -2433.5970 -1368.8830 274.5194
v -2429.1052 -1372.2971 274.5204
v -2432.4655 -1373.1610 274.5188
f 7048 7049 7050
v -2429.1052 -1372.2971 274.5204
v -2433.5970 -1368.8830 274.5194
v -2425.3757 -1371.3381 274.5220
f 7051 7052 7053
v -2423.3397 -1376.6204 279.5385
v -2431.5999 -1378.7910 278.0418
v -2427.6879 -1377.7627 274.3947
f 7054 7055 7056
v -2423.3397 -1376.6204 279.5385
v -2427.6879 -1377.7627 274.3947
v -2423.3379 -1376.6194 274.3967
f 7057 7058 7059
v -2431.5999 -1378.7910 278.0418
v -2423.3397 -1376.6204 279.5385
v -2423.3409 -1376.6211 282.6513
f 7060 7061 7062
v -2431.5999 -1378.7910 278.0418
v -2423.3409 -1376.6211 282.6513
v -2431.6016 -1378.7918 282.7326
f 7063 7064 7065
v -2431.5999 -1378.7910 278.0418
v -2431.5986 -1378.7903 274.3929
v -2427.6879 -1377.7627 274.3947
f 7066 7067 7068
v -2427.6923 -1377.7651 286.2023
v -2431.6016 -1378.7918 282.7326
v -2423.3409 -1376.6211 282.6513
f 7069 7070 7071
v -2432.4536 -1373.2070 274.3939
v -2432.4546 -1373.2076 277.0817
v -2432.4655 -1373.1610 274.5188
f 7072 7073 7074
v -2432.4679 -1373.1623 281.1126
v -2432.4546 -1373.2076 277.0817
v -2432.4569 -1373.2087 283.2245
f 7075 7076 7077
v -2433.5995 -1368.8843 281.1131
v -2433.5970 -1368.8830 274.5194
v -2432.4546 -1373.2076 277.0817
f 7078 7079 7080
v -2432.4569 -1373.2087 283.2245
v -2432.4687 -1373.1627 283.2245
v -2432.4679 -1373.1623 281.1126
f 7081 7082 7083
v -2433.5970 -1368.8830 274.5194
v -2432.4655 -1373.1610 274.5188
v -2432.4546 -1373.2076 277.0817
f 7084 7085 7086
v -2432.4536 -1373.2070 274.3939
v -2432.4655 -1373.1610 274.5188
v -2432.4654 -1373.1610 274.3939
f 7087 7088 7089
v -2432.4679 -1373.1623 281.1126
v -2433.5995 -1368.8843 281.1131
v -2432.4546 -1373.2076 277.0817
f 7090 7091 7092
v -2432.4655 -1373.1610 274.5188
v -2425.3296 -1371.3262 274.3970
v -2432.4654 -1373.1610 274.3939
f 7093 7094 7095
v -2429.1052 -1372.2971 274.5204
v -2425.3296 -1371.3262 274.3970
v -2432.4655 -1373.1610 274.5188
f 7096 7097 7098
v -2425.3757 -1371.3381 274.5220
v -2425.3296 -1371.3262 274.3970
v -2429.1052 -1372.2971 274.5204
f 7099 7100 7101
v -2425.3296 -1371.3262 274.3970
v -2425.3757 -1371.3381 274.5220
v -2424.8053 -1371.1876 274.3973
f 7102 7103 7104
v -2429.1077 -1372.2984 281.1661
v -2432.4679 -1373.1623 281.1126
v -2432.4687 -1373.1627 283.2245
f 7105 7106 7107
v -2425.3288 -1371.3268 283.1216
v -2429.1077 -1372.2984 281.1661
v -2429.1095 -1372.2992 286.2029
f 7108 7109 7110
v -2432.4687 -1373.1627 283.2245
v -2429.1095 -1372.2992 286.2029
v -2429.1077 -1372.2984 281.1661
f 7111 7112 7113
v -2429.1077 -1372.2984 281.1661
v -2425.3288 -1371.3268 283.1216
v -2425.3782 -1371.3394 281.2247
f 7114 7115 7116
v -2424.8083 -1371.1892 282.6969
v -2425.3782 -1371.3394 281.2247
v -2425.3288 -1371.3268 283.1216
f 7117 7118 7119
v -2424.8083 -1371.1892 282.6969
v -2424.8053 -1371.1876 274.3973
v -2425.3757 -1371.3381 274.5220
f 7120 7121 7122
v -2425.3782 -1371.3394 281.2247
v -2424.8083 -1371.1892 282.6969
v -2425.3757 -1371.3381 274.5220
f 7123 7124 7125
v -2424.8083 -1371.1892 282.6969
v -2423.9399 -1374.4045 282.6705
v -2424.8053 -1371.1876 274.3973
f 7126 7127 7128
v -2423.9399 -1374.4045 282.6705
v -2423.3409 -1376.6211 282.6513
v -2423.3397 -1376.6204 279.5385
f 7129 7130 7131
v -2431.5999 -1378.7910 278.0418
v -2432.1720 -1376.6804 282.7129
v -2431.9657 -1377.4357 276.4651
f 7132 7133 7134
v -2432.6070 -1375.0633 278.0073
v -2433.0661 -1373.3700 282.6833
v -2433.0630 -1373.3684 274.3937
f 7135 7136 7137
v -2426.5107 -1367.0474 281.2252
v -2425.3782 -1371.3394 281.2247
v -2425.3757 -1371.3381 274.5220
f 7138 7139 7140
v -2433.5995 -1368.8843 281.1131
v -2426.5107 -1367.0474 281.2252
v -2426.5082 -1367.0461 274.5225
f 7141 7142 7143
v -2432.4546 -1373.2076 277.0817
v -2432.4536 -1373.2070 274.3939
v -2433.0661 -1373.3700 282.6833
f 7144 7145 7146

g building_ID_ACD55192-BFD2-4E74-9B71-DF4CAE15F607
v -2401.7148 -1374.2352 283.0030
v -2401.2172 -1380.3650 285.5478
v -2398.3355 -1373.7383 283.0594
f 7147 7148 7149
v -2401.2172 -1380.3650 285.5478
v -2394.0577 -1379.0272 285.5508
v -2398.3355 -1373.7383 283.0594
f 7150 7151 7152
v -2398.3355 -1373.7383 283.0594
v -2394.0577 -1379.0272 285.5508
v -2394.9572 -1373.2414 283.1158
f 7153 7154 7155
v -2401.7641 -1373.9630 282.8871
v -2402.3913 -1374.0794 282.8868
v -2401.7148 -1374.2352 283.0030
f 7156 7157 7158
v -2401.2172 -1380.3650 285.5478
v -2401.7148 -1374.2352 283.0030
v -2402.3913 -1374.0794 282.8868
f 7159 7160 7161
v -2401.2172 -1380.3650 285.5478
v -2400.3301 -1385.1039 283.3281
v -2400.2601 -1385.0921 283.3281
f 7162 7163 7164
v -2393.1061 -1385.1332 282.7069
v -2394.0577 -1379.0272 285.5508
v -2396.5995 -1385.6648 282.7605
f 7165 7166 7167
v -2396.5995 -1385.6648 282.7605
v -2401.2172 -1380.3650 285.5478
v -2400.2601 -1385.0921 283.3281
f 7168 7169 7170
v -2396.5995 -1385.6648 282.7605
v -2394.0577 -1379.0272 285.5508
v -2401.2172 -1380.3650 285.5478
f 7171 7172 7173
v -2400.0929 -1386.1964 282.8140
v -2396.5995 -1385.6648 282.7605
v -2400.2601 -1385.0921 283.3281
f 7174 7175 7176
v -2402.3903 -1374.0788 280.1289
v -2402.3913 -1374.0794 282.8868
v -2401.7630 -1373.9626 280.1292
f 7177 7178 7179
v -2401.7641 -1373.9630 282.8871
v -2401.7630 -1373.9626 280.1292
v -2402.3913 -1374.0794 282.8868
f 7180 7181 7182
v -2400.0894 -1386.1945 273.3024
v -2400.0929 -1386.1964 282.8140
v -2400.2601 -1385.0921 283.3281
f 7183 7184 7185
v -2400.0894 -1386.1945 273.3024
v -2400.2601 -1385.0921 283.3281
v -2400.2564 -1385.0902 273.3025
f 7186 7187 7188
v -2395.4176 -1385.4841 273.3043
v -2393.1043 -1385.1323 277.9511
v -2393.1061 -1385.1332 282.7069
f 7189 7190 7191
v -2393.1026 -1385.1314 273.3052
v -2393.1043 -1385.1323 277.9511
v -2395.4176 -1385.4841 273.3043
f 7192 7193 7194
v -2393.1061 -1385.1332 282.7069
v -2396.5995 -1385.6648 282.7605
v -2400.0894 -1386.1945 273.3024
f 7195 7196 7197
v -2400.0894 -1386.1945 273.3024
v -2395.4176 -1385.4841 273.3043
v -2393.1061 -1385.1332 282.7069
f 7198 7199 7200
v -2400.2564 -1385.0902 273.3025
v -2400.2601 -1385.0921 283.3281
v -2400.3301 -1385.1039 283.3281
f 7201 7202 7203
v -2400.2564 -1385.0902 273.3025
v -2400.3301 -1385.1039 283.3281
v -2400.3265 -1385.1019 273.3025
f 7204 7205 7206
v -2395.4176 -1385.4841 273.3043
v -2394.0533 -1379.0249 273.3062
v -2393.1026 -1385.1314 273.3052
f 7207 7208 7209
v -2394.9537 -1373.2395 273.3072
v -2394.0533 -1379.0249 273.3062
v -2395.4176 -1385.4841 273.3043
f 7210 7211 7212
v -2401.7113 -1374.2334 273.3044
v -2394.9537 -1373.2395 273.3072
v -2401.2127 -1380.3626 273.3032
f 7213 7214 7215
v -2401.2127 -1380.3626 273.3032
v -2394.9537 -1373.2395 273.3072
v -2395.4176 -1385.4841 273.3043
f 7216 7217 7218
v -2400.2564 -1385.0902 273.3025
v -2401.2127 -1380.3626 273.3032
v -2395.4176 -1385.4841 273.3043
f 7219 7220 7221
v -2401.2127 -1380.3626 273.3032
v -2400.2564 -1385.0902 273.3025
v -2400.3265 -1385.1019 273.3025
f 7222 7223 7224
v -2401.2127 -1380.3626 273.3032
v -2402.3878 -1374.0776 273.3042
v -2401.7113 -1374.2334 273.3044
f 7225 7226 7227
v -2401.7605 -1373.9612 273.3045
v -2401.7113 -1374.2334 273.3044
v -2402.3878 -1374.0776 273.3042
f 7228 7229 7230
v -2400.0894 -1386.1945 273.3024
v -2400.2564 -1385.0902 273.3025
v -2395.4176 -1385.4841 273.3043
f 7231 7232 7233
v -2407.5818 -1369.9398 273.7170
v -2407.5842 -1369.9409 280.1277
v -2402.8012 -1369.1798 280.1298
f 7234 7235 7236
v -2406.6173 -1374.9553 273.7163
v -2406.6197 -1374.9565 280.1270
v -2407.5842 -1369.9409 280.1277
f 7237 7238 7239
v -2404.2889 -1385.2324 273.7150
v -2404.2912 -1385.2337 280.1257
v -2406.6197 -1374.9565 280.1270
f 7240 7241 7242
v -2401.9461 -1373.7408 273.7184
v -2401.9484 -1373.7420 280.1292
v -2401.8083 -1373.7154 280.1292
f 7243 7244 7245
v -2402.7989 -1369.1785 273.7190
v -2402.8012 -1369.1798 280.1298
v -2401.9484 -1373.7420 280.1292
f 7246 7247 7248
v -2401.7607 -1373.9613 273.7184
v -2402.3878 -1374.0776 273.3042
v -2402.3880 -1374.0777 273.7181
f 7249 7250 7251
v -2401.7607 -1373.9613 273.7184
v -2401.7605 -1373.9612 273.3045
v -2402.3878 -1374.0776 273.3042
f 7252 7253 7254
v -2401.7113 -1374.2334 273.3044
v -2401.7130 -1374.2343 278.0982
v -2394.9537 -1373.2395 273.3072
f 7255 7256 7257
v -2398.3355 -1373.7383 283.0594
v -2394.9572 -1373.2414 283.1158
v -2394.9562 -1373.2409 280.4699
f 7258 7259 7260
v -2401.7148 -1374.2352 283.0030
v -2398.3355 -1373.7383 283.0594
v -2394.9562 -1373.2409 280.4699
f 7261 7262 7263
v -2394.9562 -1373.2409 280.4699
v -2394.9537 -1373.2395 273.3072
v -2401.7148 -1374.2352 283.0030
f 7264 7265 7266
v -2402.8012 -1369.1798 280.1298
v -2407.5842 -1369.9409 280.1277
v -2402.3903 -1374.0788 280.1289
f 7267 7268 7269
v -2406.6197 -1374.9565 280.1270
v -2402.3903 -1374.0788 280.1289
v -2407.5842 -1369.9409 280.1277
f 7270 7271 7272
v -2402.3903 -1374.0788 280.1289
v -2401.9484 -1373.7420 280.1292
v -2402.8012 -1369.1798 280.1298
f 7273 7274 7275
v -2401.9484 -1373.7420 280.1292
v -2401.7630 -1373.9626 280.1292
v -2401.8083 -1373.7154 280.1292
f 7276 7277 7278
v -2401.7630 -1373.9626 280.1292
v -2401.9484 -1373.7420 280.1292
v -2402.3903 -1374.0788 280.1289
f 7279 7280 7281
v -2401.2152 -1380.3640 280.1280
v -2406.6197 -1374.9565 280.1270
v -2404.2912 -1385.2337 280.1257
f 7282 7283 7284
v -2400.4393 -1384.5140 280.1274
v -2401.2152 -1380.3640 280.1280
v -2404.2912 -1385.2337 280.1257
f 7285 7286 7287
v -2406.6197 -1374.9565 280.1270
v -2401.2152 -1380.3640 280.1280
v -2402.3903 -1374.0788 280.1289
f 7288 7289 7290
v -2400.4370 -1384.5128 273.7166
v -2400.4393 -1384.5140 280.1274
v -2404.2912 -1385.2337 280.1257
f 7291 7292 7293
v -2406.6173 -1374.9553 273.7163
v -2400.4370 -1384.5128 273.7166
v -2404.2889 -1385.2324 273.7150
f 7294 7295 7296
v -2402.3880 -1374.0777 273.7181
v -2406.6173 -1374.9553 273.7163
v -2407.5818 -1369.9398 273.7170
f 7297 7298 7299
v -2407.5818 -1369.9398 273.7170
v -2402.7989 -1369.1785 273.7190
v -2402.3880 -1374.0777 273.7181
f 7300 7301 7302
v -2401.9461 -1373.7408 273.7184
v -2401.8060 -1373.7142 273.7184
v -2401.7607 -1373.9613 273.7184
f 7303 7304 7305
v -2402.3880 -1374.0777 273.7181
v -2402.7989 -1369.1785 273.7190
v -2401.9461 -1373.7408 273.7184
f 7306 7307 7308
v -2402.3880 -1374.0777 273.7181
v -2401.9461 -1373.7408 273.7184
v -2401.7607 -1373.9613 273.7184
f 7309 7310 7311
v -2400.4370 -1384.5128 273.7166
v -2406.6173 -1374.9553 273.7163
v -2402.3880 -1374.0777 273.7181
f 7312 7313 7314
v -2394.0577 -1379.0272 285.5508
v -2394.9562 -1373.2409 280.4699
v -2394.9572 -1373.2414 283.1158
f 7315 7316 7317
v -2394.9562 -1373.2409 280.4699
v -2393.1061 -1385.1332 282.7069
v -2394.9537 -1373.2395 273.3072
f 7318 7319 7320
v -2393.1061 -1385.1332 282.7069
v -2393.1043 -1385.1323 277.9511
v -2394.9537 -1373.2395 273.3072
f 7321 7322 7323
v -2393.1026 -1385.1314 273.3052
v -2394.0533 -1379.0249 273.3062
v -2393.1043 -1385.1323 277.9511
f 7324 7325 7326
v -2393.1043 -1385.1323 277.9511
v -2394.0533 -1379.0249 273.3062
v -2394.9537 -1373.2395 273.3072
f 7327 7328 7329
v -2393.1061 -1385.1332 282.7069
v -2394.9562 -1373.2409 280.4699
v -2394.0577 -1379.0272 285.5508
f 7330 7331 7332
v -2401.7607 -1373.9613 273.7184
v -2401.8060 -1373.7142 273.7184
v -2401.7130 -1374.2343 278.0982
f 7333 7334 7335
v -2401.8083 -1373.7154 280.1292
v -2401.7130 -1374.2343 278.0982
v -2401.8060 -1373.7142 273.7184
f 7336 7337 7338
v -2401.7113 -1374.2334 273.3044
v -2401.7607 -1373.9613 273.7184
v -2401.7130 -1374.2343 278.0982
f 7339 7340 7341
v -2401.7607 -1373.9613 273.7184
v -2401.7113 -1374.2334 273.3044
v -2401.7605 -1373.9612 273.3045
f 7342 7343 7344
v -2401.7641 -1373.9630 282.8871
v -2401.7148 -1374.2352 283.0030
v -2401.7630 -1373.9626 280.1292
f 7345 7346 7347
v -2401.7130 -1374.2343 278.0982
v -2401.8083 -1373.7154 280.1292
v -2401.7630 -1373.9626 280.1292
f 7348 7349 7350
v -2401.7130 -1374.2343 278.0982
v -2401.7630 -1373.9626 280.1292
v -2401.7148 -1374.2352 283.0030
f 7351 7352 7353
v -2400.3301 -1385.1039 283.3281
v -2401.2172 -1380.3650 285.5478
v -2401.2152 -1380.3640 280.1280
f 7354 7355 7356
v -2402.3913 -1374.0794 282.8868
v -2401.2152 -1380.3640 280.1280
v -2401.2172 -1380.3650 285.5478
f 7357 7358 7359
v -2401.2152 -1380.3640 280.1280
v -2400.4393 -1384.5140 280.1274
v -2400.3301 -1385.1039 283.3281
f 7360 7361 7362
v -2400.3265 -1385.1019 273.3025
v -2400.3301 -1385.1039 283.3281
v -2400.4393 -1384.5140 280.1274
f 7363 7364 7365
v -2401.2127 -1380.3626 273.3032
v -2400.3265 -1385.1019 273.3025
v -2400.4370 -1384.5128 273.7166
f 7366 7367 7368
v -2400.3265 -1385.1019 273.3025
v -2400.4393 -1384.5140 280.1274
v -2400.4370 -1384.5128 273.7166
f 7369 7370 7371
v -2402.3913 -1374.0794 282.8868
v -2402.3903 -1374.0788 280.1289
v -2401.2152 -1380.3640 280.1280
f 7372 7373 7374
v -2402.3878 -1374.0776 273.3042
v -2401.2127 -1380.3626 273.3032
v -2400.4370 -1384.5128 273.7166
f 7375 7376 7377
v -2402.3878 -1374.0776 273.3042
v -2400.4370 -1384.5128 273.7166
v -2402.3880 -1374.0777 273.7181
f 7378 7379 7380
v -2396.5995 -1385.6648 282.7605
v -2400.0929 -1386.1964 282.8140
v -2400.0894 -1386.1945 273.3024
f 7381 7382 7383
v -2407.5818 -1369.9398 273.7170
v -2402.8012 -1369.1798 280.1298
v -2402.7989 -1369.1785 273.7190
f 7384 7385 7386
v -2406.6173 -1374.9553 273.7163
v -2407.5842 -1369.9409 280.1277
v -2407.5818 -1369.9398 273.7170
f 7387 7388 7389
v -2404.2889 -1385.2324 273.7150
v -2406.6197 -1374.9565 280.1270
v -2406.6173 -1374.9553 273.7163
f 7390 7391 7392
v -2401.9461 -1373.7408 273.7184
v -2401.8083 -1373.7154 280.1292
v -2401.8060 -1373.7142 273.7184
f 7393 7394 7395
v -2402.7989 -1369.1785 273.7190
v -2401.9484 -1373.7420 280.1292
v -2401.9461 -1373.7408 273.7184
f 7396 7397 7398
v -2401.7130 -1374.2343 278.0982
v -2401.7148 -1374.2352 283.0030
v -2394.9537 -1373.2395 273.3072
f 7399 7400 7401
v -2400.4370 -1384.5128 273.7166
v -2404.2912 -1385.2337 280.1257
v -2404.2889 -1385.2324 273.7150
f 7402 7403 7404

g building_ID_102F317F-AF2C-4D4B-8207-E2F4969D6645
v -2426.8345 -1407.8308 284.9350
v -2414.7337 -1409.9162 289.0499
v -2411.7237 -1404.5215 284.7945
f 7405 7406 7407
v -2422.0967 -1411.4474 289.0468
v -2414.7337 -1409.9162 289.0499
v -2426.8345 -1407.8308 284.9350
f 7408 7409 7410
v -2426.8867 -1407.5677 284.6900
v -2426.8345 -1407.8308 284.9350
v -2411.7237 -1404.5215 284.7945
f 7411 7412 7413
v -2422.0967 -1411.4474 289.0468
v -2426.8345 -1407.8308 284.9350
v -2425.0527 -1416.8305 284.9357
f 7414 7415 7416
v -2425.0527 -1416.8305 284.9357
v -2424.9963 -1417.1137 284.6816
v -2421.1433 -1416.3400 284.6583
f 7417 7418 7419
v -2421.1433 -1416.3400 284.6583
v -2422.0967 -1411.4474 289.0468
v -2425.0527 -1416.8305 284.9357
f 7420 7421 7422
v -2422.0967 -1411.4474 289.0468
v -2421.1433 -1416.3400 284.6583
v -2417.2602 -1415.5605 284.6359
f 7423 7424 7425
v -2409.6158 -1413.8700 284.7242
v -2417.2602 -1415.5605 284.6359
v -2409.5861 -1414.0191 284.5902
f 7426 7427 7428
v -2409.6158 -1413.8700 284.7242
v -2414.7337 -1409.9162 289.0499
v -2417.2602 -1415.5605 284.6359
f 7429 7430 7431
v -2422.0967 -1411.4474 289.0468
v -2417.2602 -1415.5605 284.6359
v -2414.7337 -1409.9162 289.0499
f 7432 7433 7434
v -2411.7237 -1404.5215 284.7945
v -2414.7337 -1409.9162 289.0499
v -2409.6158 -1413.8700 284.7242
f 7435 7436 7437
v -2409.6158 -1413.8700 284.7242
v -2411.4764 -1404.4721 284.5316
v -2411.7237 -1404.5215 284.7945
f 7438 7439 7440
v -2409.5861 -1414.0191 284.5902
v -2417.2602 -1415.5605 284.6359
v -2424.9944 -1417.1126 279.4928
f 7441 7442 7443
v -2424.9944 -1417.1126 279.4928
v -2409.5824 -1414.0170 274.3116
v -2409.5847 -1414.0183 280.6993
f 7444 7445 7446
v -2424.9944 -1417.1126 279.4928
v -2424.9935 -1417.1122 276.8989
v -2409.5824 -1414.0170 274.3116
f 7447 7448 7449
v -2424.9935 -1417.1122 276.8989
v -2424.9926 -1417.1116 274.3050
v -2409.5824 -1414.0170 274.3116
f 7450 7451 7452
v -2411.7199 -1404.5194 274.3129
v -2411.4727 -1404.4700 274.3130
v -2409.5824 -1414.0170 274.3116
f 7453 7454 7455
v -2409.5824 -1414.0170 274.3116
v -2424.9926 -1417.1116 274.3050
v -2426.8828 -1407.5656 274.3064
f 7456 7457 7458
v -2409.5824 -1414.0170 274.3116
v -2426.8828 -1407.5656 274.3064
v -2411.7199 -1404.5194 274.3129
f 7459 7460 7461
v -2411.4764 -1404.4721 284.5316
v -2411.7199 -1404.5194 274.3129
v -2426.8828 -1407.5656 274.3064
f 7462 7463 7464
v -2426.8867 -1407.5677 284.6900
v -2411.4764 -1404.4721 284.5316
v -2426.8828 -1407.5656 274.3064
f 7465 7466 7467
v -2411.7199 -1404.5194 274.3129
v -2411.4764 -1404.4721 284.5316
v -2411.4727 -1404.4700 274.3130
f 7468 7469 7470
v -2411.7237 -1404.5215 284.7945
v -2411.4764 -1404.4721 284.5316
v -2426.8867 -1407.5677 284.6900
f 7471 7472 7473
v -2424.9944 -1417.1126 279.4928
v -2426.8828 -1407.5656 274.3064
v -2424.9935 -1417.1122 276.8989
f 7474 7475 7476
v -2424.9935 -1417.1122 276.8989
v -2426.8828 -1407.5656 274.3064
v -2424.9926 -1417.1116 274.3050
f 7477 7478 7479
v -2426.8345 -1407.8308 284.9350
v -2424.9944 -1417.1126 279.4928
v -2424.9954 -1417.1131 282.0877
f 7480 7481 7482
v -2425.0527 -1416.8305 284.9357
v -2426.8345 -1407.8308 284.9350
v -2424.9954 -1417.1131 282.0877
f 7483 7484 7485
v -2426.8867 -1407.5677 284.6900
v -2424.9944 -1417.1126 279.4928
v -2426.8345 -1407.8308 284.9350
f 7486 7487 7488
v -2426.8867 -1407.5677 284.6900
v -2426.8828 -1407.5656 274.3064
v -2424.9944 -1417.1126 279.4928
f 7489 7490 7491
v -2424.9963 -1417.1137 284.6816
v -2425.0527 -1416.8305 284.9357
v -2424.9954 -1417.1131 282.0877
f 7492 7493 7494
v -2409.5847 -1414.0183 280.6993
v -2411.4727 -1404.4700 274.3130
v -2409.6158 -1413.8700 284.7242
f 7495 7496 7497
v -2409.6158 -1413.8700 284.7242
v -2411.4727 -1404.4700 274.3130
v -2411.4764 -1404.4721 284.5316
f 7498 7499 7500
v -2409.5847 -1414.0183 280.6993
v -2409.6158 -1413.8700 284.7242
v -2409.5861 -1414.0191 284.5902
f 7501 7502 7503
v -2411.4727 -1404.4700 274.3130
v -2409.5847 -1414.0183 280.6993
v -2409.5824 -1414.0170 274.3116
f 7504 7505 7506
v -2409.5847 -1414.0183 280.6993
v -2409.5861 -1414.0191 284.5902
v -2424.9944 -1417.1126 279.4928
f 7507 7508 7509
v -2421.1433 -1416.3400 284.6583
v -2424.9944 -1417.1126 279.4928
v -2417.2602 -1415.5605 284.6359
f 7510 7511 7512
v -2421.1433 -1416.3400 284.6583
v -2424.9963 -1417.1137 284.6816
v -2424.9954 -1417.1131 282.0877
f 7513 7514 7515
v -2421.1433 -1416.3400 284.6583
v -2424.9954 -1417.1131 282.0877
v -2424.9944 -1417.1126 279.4928
f 7516 7517 7518

g building_ID_C0A9535B-4643-473B-9553-B714C480F3D2
v -2455.3373 -1466.3019 285.1318
v -2454.8087 -1465.2735 285.6212
v -2456.3589 -1462.3792 285.3543
f 7519 7520 7521
v -2457.3649 -1458.2657 285.6218
v -2456.3589 -1462.3792 285.3543
v -2454.8087 -1465.2735 285.6212
f 7522 7523 7524
v -2457.0093 -1462.6084 284.9570
v -2455.6255 -1466.4011 284.9567
v -2455.3373 -1466.3019 285.1318
f 7525 7526 7527
v -2456.3589 -1462.3792 285.3543
v -2457.0093 -1462.6084 284.9570
v -2455.3373 -1466.3019 285.1318
f 7528 7529 7530
v -2457.3649 -1458.2657 285.6218
v -2457.8203 -1458.0754 285.4138
v -2456.3589 -1462.3792 285.3543
f 7531 7532 7533
v -2452.1887 -1455.9585 285.3794
v -2449.2701 -1455.3134 285.6257
v -2449.0428 -1454.8719 285.4159
f 7534 7535 7536
v -2454.4067 -1456.7245 285.3534
v -2452.1887 -1455.9585 285.3794
v -2452.2690 -1455.7272 285.2274
f 7537 7538 7539
v -2457.3649 -1458.2657 285.6218
v -2449.2701 -1455.3134 285.6257
v -2452.1887 -1455.9585 285.3794
f 7540 7541 7542
v -2454.4890 -1456.4852 285.1954
v -2454.4067 -1456.7245 285.3534
v -2452.2690 -1455.7272 285.2274
f 7543 7544 7545
v -2454.4067 -1456.7245 285.3534
v -2457.8203 -1458.0754 285.4138
v -2457.3649 -1458.2657 285.6218
f 7546 7547 7548
v -2457.8719 -1457.9222 285.3128
v -2457.8203 -1458.0754 285.4138
v -2454.4067 -1456.7245 285.3534
f 7549 7550 7551
v -2452.1887 -1455.9585 285.3794
v -2454.4067 -1456.7245 285.3534
v -2457.3649 -1458.2657 285.6218
f 7552 7553 7554
v -2453.0399 -1460.6880 289.6048
v -2457.3649 -1458.2657 285.6218
v -2454.8087 -1465.2735 285.6212
f 7555 7556 7557
v -2457.3649 -1458.2657 285.6218
v -2451.0229 -1459.9515 289.6057
v -2449.2701 -1455.3134 285.6257
f 7558 7559 7560
v -2451.0229 -1459.9515 289.6057
v -2457.3649 -1458.2657 285.6218
v -2453.0399 -1460.6880 289.6048
f 7561 7562 7563
v -2446.7139 -1462.3202 285.6250
v -2453.0399 -1460.6880 289.6048
v -2454.8087 -1465.2735 285.6212
f 7564 7565 7566
v -2453.0399 -1460.6880 289.6048
v -2446.7139 -1462.3202 285.6250
v -2451.0229 -1459.9515 289.6057
f 7567 7568 7569
v -2449.0428 -1454.8719 285.4159
v -2446.7139 -1462.3202 285.6250
v -2446.0276 -1462.6069 285.3112
f 7570 7571 7572
v -2449.2701 -1455.3134 285.6257
v -2446.7139 -1462.3202 285.6250
v -2449.0428 -1454.8719 285.4159
f 7573 7574 7575
v -2448.7134 -1454.7578 285.2160
v -2449.0428 -1454.8719 285.4159
v -2446.0276 -1462.6069 285.3112
f 7576 7577 7578
v -2446.0276 -1462.6069 285.3112
v -2454.8087 -1465.2735 285.6212
v -2455.3373 -1466.3019 285.1318
f 7579 7580 7581
v -2446.7139 -1462.3202 285.6250
v -2454.8087 -1465.2735 285.6212
v -2446.0276 -1462.6069 285.3112
f 7582 7583 7584
v -2445.8757 -1463.0513 285.0182
v -2446.0276 -1462.6069 285.3112
v -2455.3373 -1466.3019 285.1318
f 7585 7586 7587
v -2451.0229 -1459.9515 289.6057
v -2446.7139 -1462.3202 285.6250
v -2449.2701 -1455.3134 285.6257
f 7588 7589 7590
v -2457.0056 -1462.6064 275.0134
v -2457.0093 -1462.6084 284.9570
v -2456.3550 -1462.3771 275.0137
f 7591 7592 7593
v -2457.0093 -1462.6084 284.9570
v -2456.3589 -1462.3792 285.3543
v -2456.3579 -1462.3788 282.7694
f 7594 7595 7596
v -2456.3579 -1462.3788 282.7694
v -2456.3560 -1462.3777 277.5986
v -2457.0093 -1462.6084 284.9570
f 7597 7598 7599
v -2455.6218 -1466.3991 275.0131
v -2455.6255 -1466.4011 284.9567
v -2457.0093 -1462.6084 284.9570
f 7600 7601 7602
v -2455.6218 -1466.3991 275.0131
v -2457.0093 -1462.6084 284.9570
v -2457.0056 -1462.6064 275.0134
f 7603 7604 7605
v -2452.1848 -1455.9564 275.0168
v -2452.2652 -1455.7251 275.0168
v -2452.2690 -1455.7272 285.2274
f 7606 7607 7608
v -2452.1887 -1455.9585 285.3794
v -2452.1877 -1455.9580 282.7885
v -2452.2690 -1455.7272 285.2274
f 7609 7610 7611
v -2452.2690 -1455.7272 285.2274
v -2452.1868 -1455.9575 280.1976
v -2452.1848 -1455.9564 275.0168
f 7612 7613 7614
v -2454.4890 -1456.4852 285.1954
v -2452.2690 -1455.7272 285.2274
v -2454.4852 -1456.4831 275.0158
f 7615 7616 7617
v -2452.2652 -1455.7251 275.0168
v -2454.4852 -1456.4831 275.0158
v -2452.2690 -1455.7272 285.2274
f 7618 7619 7620
v -2454.4852 -1456.4831 275.0158
v -2454.4067 -1456.7245 285.3534
v -2454.4890 -1456.4852 285.1954
f 7621 7622 7623
v -2454.4029 -1456.7224 275.0158
v -2454.4067 -1456.7245 285.3534
v -2454.4852 -1456.4831 275.0158
f 7624 7625 7626
v -2457.8719 -1457.9222 285.3128
v -2454.4029 -1456.7224 275.0158
v -2457.8709 -1457.9217 282.7279
f 7627 7628 7629
v -2457.8680 -1457.9201 275.0142
v -2457.8699 -1457.9212 280.1440
v -2454.4029 -1456.7224 275.0158
f 7630 7631 7632
v -2446.0237 -1462.6049 275.0176
v -2456.3550 -1462.3771 275.0137
v -2452.1848 -1455.9564 275.0168
f 7633 7634 7635
v -2452.2652 -1455.7251 275.0168
v -2452.1848 -1455.9564 275.0168
v -2454.4029 -1456.7224 275.0158
f 7636 7637 7638
v -2452.1848 -1455.9564 275.0168
v -2456.3550 -1462.3771 275.0137
v -2454.4029 -1456.7224 275.0158
f 7639 7640 7641
v -2455.3335 -1466.2998 275.0132
v -2446.0237 -1462.6049 275.0176
v -2445.8719 -1463.0493 275.0176
f 7642 7643 7644
v -2449.0389 -1454.8698 275.0183
v -2446.0237 -1462.6049 275.0176
v -2452.1848 -1455.9564 275.0168
f 7645 7646 7647
v -2446.0237 -1462.6049 275.0176
v -2449.0389 -1454.8698 275.0183
v -2448.7096 -1454.7557 275.0184
f 7648 7649 7650
v -2452.2652 -1455.7251 275.0168
v -2454.4029 -1456.7224 275.0158
v -2454.4852 -1456.4831 275.0158
f 7651 7652 7653
v -2457.0056 -1462.6064 275.0134
v -2456.3550 -1462.3771 275.0137
v -2455.3335 -1466.2998 275.0132
f 7654 7655 7656
v -2455.3335 -1466.2998 275.0132
v -2455.6218 -1466.3991 275.0131
v -2457.0056 -1462.6064 275.0134
f 7657 7658 7659
v -2454.4029 -1456.7224 275.0158
v -2457.8164 -1458.0733 275.0142
v -2457.8680 -1457.9201 275.0142
f 7660 7661 7662
v -2457.8164 -1458.0733 275.0142
v -2454.4029 -1456.7224 275.0158
v -2456.3550 -1462.3771 275.0137
f 7663 7664 7665
v -2455.3335 -1466.2998 275.0132
v -2456.3550 -1462.3771 275.0137
v -2446.0237 -1462.6049 275.0176
f 7666 7667 7668
v -2456.3560 -1462.3777 277.5986
v -2457.8164 -1458.0733 275.0142
v -2456.3550 -1462.3771 275.0137
f 7669 7670 7671
v -2456.3560 -1462.3777 277.5986
v -2456.3579 -1462.3788 282.7694
v -2457.8699 -1457.9212 280.1440
f 7672 7673 7674
v -2456.3589 -1462.3792 285.3543
v -2457.8203 -1458.0754 285.4138
v -2456.3579 -1462.3788 282.7694
f 7675 7676 7677
v -2457.8709 -1457.9217 282.7279
v -2457.8203 -1458.0754 285.4138
v -2457.8719 -1457.9222 285.3128
f 7678 7679 7680
v -2456.3579 -1462.3788 282.7694
v -2457.8709 -1457.9217 282.7279
v -2457.8699 -1457.9212 280.1440
f 7681 7682 7683
v -2457.8680 -1457.9201 275.0142
v -2457.8164 -1458.0733 275.0142
v -2457.8699 -1457.9212 280.1440
f 7684 7685 7686
v -2457.8699 -1457.9212 280.1440
v -2457.8164 -1458.0733 275.0142
v -2456.3560 -1462.3777 277.5986
f 7687 7688 7689
v -2457.8709 -1457.9217 282.7279
v -2456.3579 -1462.3788 282.7694
v -2457.8203 -1458.0754 285.4138
f 7690 7691 7692
v -2455.3335 -1466.2998 275.0132
v -2445.8719 -1463.0493 275.0176
v -2445.8757 -1463.0513 285.0182
f 7693 7694 7695
v -2455.3373 -1466.3019 285.1318
v -2455.3335 -1466.2998 275.0132
v -2445.8757 -1463.0513 285.0182
f 7696 7697 7698
v -2455.3335 -1466.2998 275.0132
v -2455.6255 -1466.4011 284.9567
v -2455.6218 -1466.3991 275.0131
f 7699 7700 7701
v -2455.3373 -1466.3019 285.1318
v -2455.6255 -1466.4011 284.9567
v -2455.3335 -1466.2998 275.0132
f 7702 7703 7704
v -2448.7134 -1454.7578 285.2160
v -2452.1868 -1455.9575 280.1976
v -2452.1877 -1455.9580 282.7885
f 7705 7706 7707
v -2449.0389 -1454.8698 275.0183
v -2452.1848 -1455.9564 275.0168
v -2452.1868 -1455.9575 280.1976
f 7708 7709 7710
v -2449.0428 -1454.8719 285.4159
v -2448.7134 -1454.7578 285.2160
v -2452.1877 -1455.9580 282.7885
f 7711 7712 7713
v -2449.0389 -1454.8698 275.0183
v -2452.1868 -1455.9575 280.1976
v -2448.7096 -1454.7557 275.0184
f 7714 7715 7716
v -2448.7096 -1454.7557 275.0184
v -2452.1868 -1455.9575 280.1976
v -2448.7134 -1454.7578 285.2160
f 7717 7718 7719
v -2452.1887 -1455.9585 285.3794
v -2449.0428 -1454.8719 285.4159
v -2452.1877 -1455.9580 282.7885
f 7720 7721 7722
v -2446.0237 -1462.6049 275.0176
v -2448.7096 -1454.7557 275.0184
v -2448.7134 -1454.7578 285.2160
f 7723 7724 7725
v -2446.0276 -1462.6069 285.3112
v -2446.0237 -1462.6049 275.0176
v -2448.7134 -1454.7578 285.2160
f 7726 7727 7728
v -2446.0237 -1462.6049 275.0176
v -2445.8757 -1463.0513 285.0182
v -2445.8719 -1463.0493 275.0176
f 7729 7730 7731
v -2446.0276 -1462.6069 285.3112
v -2445.8757 -1463.0513 285.0182
v -2446.0237 -1462.6049 275.0176
f 7732 7733 7734
v -2456.3560 -1462.3777 277.5986
v -2456.3550 -1462.3771 275.0137
v -2457.0093 -1462.6084 284.9570
f 7735 7736 7737
v -2452.1877 -1455.9580 282.7885
v -2452.1868 -1455.9575 280.1976
v -2452.2690 -1455.7272 285.2274
f 7738 7739 7740
v -2454.4029 -1456.7224 275.0158
v -2457.8699 -1457.9212 280.1440
v -2457.8709 -1457.9217 282.7279
f 7741 7742 7743
v -2454.4067 -1456.7245 285.3534
v -2454.4029 -1456.7224 275.0158
v -2457.8719 -1457.9222 285.3128
f 7744 7745 7746

g building_ID_AC3C6AE1-D9EE-440B-8FCD-26BCCBF88203
v -2439.9617 -1315.5983 273.8053
v -2438.1148 -1322.7212 273.8046
v -2442.7650 -1323.9387 273.8025
f 7747 7748 7749
v -2449.7934 -1318.1469 273.8010
v -2442.7650 -1323.9387 273.8025
v -2448.0667 -1325.3265 273.8001
f 7750 7751 7752
v -2442.7650 -1323.9387 273.8025
v -2444.4888 -1316.7722 273.8033
v -2439.9617 -1315.5983 273.8053
f 7753 7754 7755
v -2449.7934 -1318.1469 273.8010
v -2444.4888 -1316.7722 273.8033
v -2442.7650 -1323.9387 273.8025
f 7756 7757 7758
v -2439.0270 -1319.2196 283.7765
v -2442.7701 -1323.9413 287.6449
v -2438.1185 -1322.7230 283.7241
f 7759 7760 7761
v -2444.4939 -1316.7747 287.6457
v -2439.0270 -1319.2196 283.7765
v -2439.9653 -1315.6002 283.8309
f 7762 7763 7764
v -2442.7701 -1323.9413 287.6449
v -2439.0270 -1319.2196 283.7765
v -2444.4939 -1316.7747 287.6457
f 7765 7766 7767
v -2442.7701 -1323.9413 287.6449
v -2444.4939 -1316.7747 287.6457
v -2449.7970 -1318.1487 283.4406
f 7768 7769 7770
v -2449.7970 -1318.1487 283.4406
v -2448.0703 -1325.3282 283.4398
v -2442.7701 -1323.9413 287.6449
f 7771 7772 7773
v -2439.0270 -1319.2196 283.7765
v -2438.1185 -1322.7230 283.7241
v -2439.9617 -1315.5983 273.8053
f 7774 7775 7776
v -2438.1148 -1322.7212 273.8046
v -2439.9617 -1315.5983 273.8053
v -2438.1175 -1322.7226 281.2182
f 7777 7778 7779
v -2448.0693 -1325.3268 280.7849
v -2448.0703 -1325.3282 283.4398
v -2449.7970 -1318.1487 283.4406
f 7780 7781 7782
v -2449.0406 -1325.5801 274.6787
v -2449.0429 -1325.5811 280.7845
v -2450.7696 -1318.4006 280.7853
f 7783 7784 7785
v -2448.0667 -1325.3265 273.8001
v -2448.0670 -1325.3256 274.6791
v -2449.7934 -1318.1469 273.8010
f 7786 7787 7788
v -2450.7674 -1318.3995 274.6795
v -2448.0670 -1325.3256 274.6791
v -2449.0406 -1325.5801 274.6787
f 7789 7790 7791
v -2448.0670 -1325.3256 274.6791
v -2450.7674 -1318.3995 274.6795
v -2449.7937 -1318.1471 274.6799
f 7792 7793 7794
v -2448.0693 -1325.3268 280.7849
v -2449.7960 -1318.1483 280.7857
v -2450.7696 -1318.4006 280.7853
f 7795 7796 7797
v -2450.7696 -1318.4006 280.7853
v -2449.0429 -1325.5811 280.7845
v -2448.0693 -1325.3268 280.7849
f 7798 7799 7800
v -2448.0693 -1325.3268 280.7849
v -2442.7650 -1323.9387 273.8025
v -2438.1175 -1322.7226 281.2182
f 7801 7802 7803
v -2442.7650 -1323.9387 273.8025
v -2438.1148 -1322.7212 273.8046
v -2438.1175 -1322.7226 281.2182
f 7804 7805 7806
v -2442.7701 -1323.9413 287.6449
v -2438.1175 -1322.7226 281.2182
v -2438.1185 -1322.7230 283.7241
f 7807 7808 7809
v -2448.0693 -1325.3268 280.7849
v -2442.7701 -1323.9413 287.6449
v -2448.0703 -1325.3282 283.4398
f 7810 7811 7812
v -2442.7650 -1323.9387 273.8025
v -2448.0693 -1325.3268 280.7849
v -2448.0670 -1325.3256 274.6791
f 7813 7814 7815
v -2448.0670 -1325.3256 274.6791
v -2448.0667 -1325.3265 273.8001
v -2442.7650 -1323.9387 273.8025
f 7816 7817 7818
v -2449.0406 -1325.5801 274.6787
v -2448.0670 -1325.3256 274.6791
v -2448.0693 -1325.3268 280.7849
f 7819 7820 7821
v -2448.0693 -1325.3268 280.7849
v -2438.1175 -1322.7226 281.2182
v -2442.7701 -1323.9413 287.6449
f 7822 7823 7824
v -2444.4939 -1316.7747 287.6457
v -2449.7960 -1318.1483 280.7857
v -2449.7970 -1318.1487 283.4406
f 7825 7826 7827
v -2449.7960 -1318.1483 280.7857
v -2449.7937 -1318.1471 274.6799
v -2450.7674 -1318.3995 274.6795
f 7828 7829 7830
v -2444.4888 -1316.7722 273.8033
v -2449.7934 -1318.1469 273.8010
v -2449.7937 -1318.1471 274.6799
f 7831 7832 7833
v -2449.7937 -1318.1471 274.6799
v -2449.7960 -1318.1483 280.7857
v -2444.4888 -1316.7722 273.8033
f 7834 7835 7836
v -2439.9645 -1315.5998 281.3250
v -2444.4939 -1316.7747 287.6457
v -2439.9653 -1315.6002 283.8309
f 7837 7838 7839
v -2449.7960 -1318.1483 280.7857
v -2439.9645 -1315.5998 281.3250
v -2444.4888 -1316.7722 273.8033
f 7840 7841 7842
v -2439.9645 -1315.5998 281.3250
v -2439.9617 -1315.5983 273.8053
v -2444.4888 -1316.7722 273.8033
f 7843 7844 7845
v -2444.4939 -1316.7747 287.6457
v -2439.9645 -1315.5998 281.3250
v -2449.7960 -1318.1483 280.7857
f 7846 7847 7848
v -2439.9645 -1315.5998 281.3250
v -2439.9653 -1315.6002 283.8309
v -2439.0270 -1319.2196 283.7765
f 7849 7850 7851
v -2439.0270 -1319.2196 283.7765
v -2439.9617 -1315.5983 273.8053
v -2439.9645 -1315.5998 281.3250
f 7852 7853 7854
v -2439.9617 -1315.5983 273.8053
v -2438.1185 -1322.7230 283.7241
v -2438.1175 -1322.7226 281.2182
f 7855 7856 7857
v -2448.0693 -1325.3268 280.7849
v -2449.7970 -1318.1487 283.4406
v -2449.7960 -1318.1483 280.7857
f 7858 7859 7860
v -2449.0406 -1325.5801 274.6787
v -2450.7696 -1318.4006 280.7853
v -2450.7674 -1318.3995 274.6795
f 7861 7862 7863
v -2448.0670 -1325.3256 274.6791
v -2449.7937 -1318.1471 274.6799
v -2449.7934 -1318.1469 273.8010
f 7864 7865 7866
v -2449.0406 -1325.5801 274.6787
v -2448.0693 -1325.3268 280.7849
v -2449.0429 -1325.5811 280.7845
f 7867 7868 7869
v -2449.7960 -1318.1483 280.7857
v -2450.7674 -1318.3995 274.6795
v -2450.7696 -1318.4006 280.7853
f 7870 7871 7872

g building_ID_954BFC14-39B9-4D26-9645-81678ECB19F8
v -2442.7650 -1323.9387 273.8025
v -2441.0600 -1331.0332 273.8016
v -2448.0667 -1325.3265 273.8001
f 7873 7874 7875
v -2441.0600 -1331.0332 273.8016
v -2446.3637 -1332.4080 273.7993
v -2448.0667 -1325.3265 273.8001
f 7876 7877 7878
v -2436.2818 -1329.7940 273.8037
v -2441.0600 -1331.0332 273.8016
v -2438.1148 -1322.7212 273.8046
f 7879 7880 7881
v -2438.1148 -1322.7212 273.8046
v -2441.0600 -1331.0332 273.8016
v -2442.7650 -1323.9387 273.8025
f 7882 7883 7884
v -2448.0703 -1325.3282 283.4398
v -2446.3673 -1332.4098 283.4390
v -2441.0652 -1331.0358 287.6441
f 7885 7886 7887
v -2441.0652 -1331.0358 287.6441
v -2442.7701 -1323.9413 287.6449
v -2448.0703 -1325.3282 283.4398
f 7888 7889 7890
v -2446.3637 -1332.4080 273.7993
v -2446.3640 -1332.4081 274.6783
v -2448.0667 -1325.3265 273.8001
f 7891 7892 7893
v -2438.1148 -1322.7212 273.8046
v -2438.1171 -1322.7224 280.0043
v -2436.2845 -1329.7955 281.1375
f 7894 7895 7896
v -2436.2818 -1329.7940 273.8037
v -2438.1148 -1322.7212 273.8046
v -2436.2845 -1329.7955 281.1375
f 7897 7898 7899
v -2447.2507 -1332.6378 274.6779
v -2447.2529 -1332.6390 280.7837
v -2448.5406 -1327.6715 280.7842
f 7900 7901 7902
v -2448.5383 -1327.6704 274.6784
v -2448.5406 -1327.6715 280.7842
v -2449.0419 -1325.5821 280.7845
f 7903 7904 7905
v -2446.3663 -1332.4093 280.7841
v -2446.3673 -1332.4098 283.4390
v -2448.0703 -1325.3282 283.4398
f 7906 7907 7908
v -2448.5383 -1327.6704 274.6784
v -2449.0397 -1325.5811 274.6787
v -2448.0670 -1325.3266 274.6791
f 7909 7910 7911
v -2447.2507 -1332.6378 274.6779
v -2448.5383 -1327.6704 274.6784
v -2446.3640 -1332.4081 274.6783
f 7912 7913 7914
v -2448.0670 -1325.3266 274.6791
v -2446.3640 -1332.4081 274.6783
v -2448.5383 -1327.6704 274.6784
f 7915 7916 7917
v -2448.5406 -1327.6715 280.7842
v -2447.2529 -1332.6390 280.7837
v -2446.3663 -1332.4093 280.7841
f 7918 7919 7920
v -2449.0419 -1325.5821 280.7845
v -2448.5406 -1327.6715 280.7842
v -2448.0693 -1325.3278 280.7849
f 7921 7922 7923
v -2446.3663 -1332.4093 280.7841
v -2448.0693 -1325.3278 280.7849
v -2448.5406 -1327.6715 280.7842
f 7924 7925 7926
v -2438.1185 -1322.7230 283.7241
v -2441.0652 -1331.0358 287.6441
v -2436.2854 -1329.7959 283.6174
f 7927 7928 7929
v -2441.0652 -1331.0358 287.6441
v -2438.1185 -1322.7230 283.7241
v -2442.7701 -1323.9413 287.6449
f 7930 7931 7932
v -2436.2845 -1329.7955 281.1375
v -2436.2854 -1329.7959 283.6174
v -2441.0652 -1331.0358 287.6441
f 7933 7934 7935
v -2436.2845 -1329.7955 281.1375
v -2441.0600 -1331.0332 273.8016
v -2436.2818 -1329.7940 273.8037
f 7936 7937 7938
v -2436.2845 -1329.7955 281.1375
v -2441.0652 -1331.0358 287.6441
v -2446.3663 -1332.4093 280.7841
f 7939 7940 7941
v -2447.2529 -1332.6390 280.7837
v -2447.2507 -1332.6378 274.6779
v -2446.3640 -1332.4081 274.6783
f 7942 7943 7944
v -2436.2845 -1329.7955 281.1375
v -2446.3663 -1332.4093 280.7841
v -2441.0600 -1331.0332 273.8016
f 7945 7946 7947
v -2446.3640 -1332.4081 274.6783
v -2446.3637 -1332.4080 273.7993
v -2441.0600 -1331.0332 273.8016
f 7948 7949 7950
v -2446.3640 -1332.4081 274.6783
v -2441.0600 -1331.0332 273.8016
v -2446.3663 -1332.4093 280.7841
f 7951 7952 7953
v -2446.3673 -1332.4098 283.4390
v -2446.3663 -1332.4093 280.7841
v -2441.0652 -1331.0358 287.6441
f 7954 7955 7956
v -2442.7650 -1323.9387 273.8025
v -2448.0670 -1325.3266 274.6791
v -2448.0693 -1325.3278 280.7849
f 7957 7958 7959
v -2449.0419 -1325.5821 280.7845
v -2448.0693 -1325.3278 280.7849
v -2448.0670 -1325.3266 274.6791
f 7960 7961 7962
v -2442.7650 -1323.9387 273.8025
v -2448.0667 -1325.3265 273.8001
v -2448.0670 -1325.3266 274.6791
f 7963 7964 7965
v -2442.7701 -1323.9413 287.6449
v -2448.0693 -1325.3278 280.7849
v -2448.0703 -1325.3282 283.4398
f 7966 7967 7968
v -2438.1171 -1322.7224 280.0043
v -2442.7701 -1323.9413 287.6449
v -2438.1185 -1322.7230 283.7241
f 7969 7970 7971
v -2448.0693 -1325.3278 280.7849
v -2438.1171 -1322.7224 280.0043
v -2442.7650 -1323.9387 273.8025
f 7972 7973 7974
v -2438.1148 -1322.7212 273.8046
v -2442.7650 -1323.9387 273.8025
v -2438.1171 -1322.7224 280.0043
f 7975 7976 7977
v -2442.7701 -1323.9413 287.6449
v -2438.1171 -1322.7224 280.0043
v -2448.0693 -1325.3278 280.7849
f 7978 7979 7980
v -2446.3640 -1332.4081 274.6783
v -2448.0670 -1325.3266 274.6791
v -2448.0667 -1325.3265 273.8001
f 7981 7982 7983
v -2438.1171 -1322.7224 280.0043
v -2438.1185 -1322.7230 283.7241
v -2436.2854 -1329.7959 283.6174
f 7984 7985 7986
v -2438.1171 -1322.7224 280.0043
v -2436.2854 -1329.7959 283.6174
v -2436.2845 -1329.7955 281.1375
f 7987 7988 7989
v -2447.2507 -1332.6378 274.6779
v -2448.5406 -1327.6715 280.7842
v -2448.5383 -1327.6704 274.6784
f 7990 7991 7992
v -2448.5383 -1327.6704 274.6784
v -2449.0419 -1325.5821 280.7845
v -2449.0397 -1325.5811 274.6787
f 7993 7994 7995
v -2446.3663 -1332.4093 280.7841
v -2448.0703 -1325.3282 283.4398
v -2448.0693 -1325.3278 280.7849
f 7996 7997 7998
v -2447.2529 -1332.6390 280.7837
v -2446.3640 -1332.4081 274.6783
v -2446.3663 -1332.4093 280.7841
f 7999 8000 8001
v -2449.0419 -1325.5821 280.7845
v -2448.0670 -1325.3266 274.6791
v -2449.0397 -1325.5811 274.6787
f 8002 8003 8004

g building_ID_73C20E9E-51B3-47B7-AE82-D70A08987307
v -2411.0973 -1311.2100 285.0138
v -2412.1885 -1313.7147 283.6839
v -2410.4681 -1313.6003 283.4835
f 8005 8006 8007
v -2412.1885 -1313.7147 283.6839
v -2411.0973 -1311.2100 285.0138
v -2412.7284 -1311.6376 285.0131
f 8008 8009 8010
v -2412.1885 -1313.7147 283.6839
v -2412.1073 -1314.0259 283.4848
v -2410.4681 -1313.6003 283.4835
f 8011 8012 8013
v -2410.4681 -1313.6003 283.4835
v -2412.1038 -1314.0242 274.0052
v -2410.4672 -1313.5999 281.1126
f 8014 8015 8016
v -2412.5583 -1311.5910 274.0056
v -2412.1038 -1314.0242 274.0052
v -2412.7244 -1311.6345 274.0055
f 8017 8018 8019
v -2411.6476 -1309.0975 274.0064
v -2412.5583 -1311.5910 274.0056
v -2413.1126 -1309.4766 274.0058
f 8020 8021 8022
v -2411.0932 -1311.2079 274.0062
v -2412.5583 -1311.5910 274.0056
v -2411.6476 -1309.0975 274.0064
f 8023 8024 8025
v -2412.1038 -1314.0242 274.0052
v -2412.5583 -1311.5910 274.0056
v -2410.4646 -1313.5986 274.0059
f 8026 8027 8028
v -2411.0932 -1311.2079 274.0062
v -2410.4646 -1313.5986 274.0059
v -2412.5583 -1311.5910 274.0056
f 8029 8030 8031
v -2412.0864 -1314.1105 285.9977
v -2419.3194 -1315.5851 286.2187
v -2415.1016 -1319.3468 283.6316
f 8032 8033 8034
v -2419.3194 -1315.5851 286.2187
v -2412.0864 -1314.1105 285.9977
v -2412.1894 -1313.7152 286.2218
f 8035 8036 8037
v -2415.1016 -1319.3468 283.6316
v -2410.9997 -1318.2889 283.6244
v -2412.0864 -1314.1105 285.9977
f 8038 8039 8040
v -2417.9489 -1320.6351 283.3422
v -2414.9708 -1319.8542 283.3435
v -2415.1016 -1319.3468 283.6316
f 8041 8042 8043
v -2418.0836 -1320.1149 283.6373
v -2419.3194 -1315.5851 286.2187
v -2418.1376 -1320.1287 283.6383
f 8044 8045 8046
v -2415.1016 -1319.3468 283.6316
v -2418.0836 -1320.1149 283.6373
v -2417.9489 -1320.6351 283.3422
f 8047 8048 8049
v -2419.3194 -1315.5851 286.2187
v -2418.0836 -1320.1149 283.6373
v -2415.1016 -1319.3468 283.6316
f 8050 8051 8052
v -2418.0799 -1320.1130 273.6067
v -2418.0836 -1320.1149 283.6373
v -2418.1340 -1320.1269 273.6067
f 8053 8054 8055
v -2417.9453 -1320.6333 273.6066
v -2417.9489 -1320.6351 283.3422
v -2418.0799 -1320.1130 273.6067
f 8056 8057 8058
v -2417.9453 -1320.6333 273.6066
v -2414.9672 -1319.8524 273.6079
v -2414.9708 -1319.8542 283.3435
f 8059 8060 8061
v -2414.9672 -1319.8524 273.6079
v -2415.1016 -1319.3468 283.6316
v -2414.9708 -1319.8542 283.3435
f 8062 8063 8064
v -2415.0979 -1319.3450 273.6080
v -2410.9961 -1318.2871 273.6098
v -2410.9997 -1318.2889 283.6244
f 8065 8066 8067
v -2410.9997 -1318.2889 283.6244
v -2415.1016 -1319.3468 283.6316
v -2415.0979 -1319.3450 273.6080
f 8068 8069 8070
v -2418.1340 -1320.1269 273.6067
v -2419.3148 -1315.5827 273.6072
v -2418.0799 -1320.1130 273.6067
f 8071 8072 8073
v -2415.0979 -1319.3450 273.6080
v -2418.0799 -1320.1130 273.6067
v -2419.3148 -1315.5827 273.6072
f 8074 8075 8076
v -2414.9672 -1319.8524 273.6079
v -2418.0799 -1320.1130 273.6067
v -2415.0979 -1319.3450 273.6080
f 8077 8078 8079
v -2419.3148 -1315.5827 273.6072
v -2412.1967 -1313.6669 273.6103
v -2415.0979 -1319.3450 273.6080
f 8080 8081 8082
v -2414.9672 -1319.8524 273.6079
v -2417.9453 -1320.6333 273.6066
v -2418.0799 -1320.1130 273.6067
f 8083 8084 8085
v -2420.4104 -1311.3649 273.6076
v -2412.7242 -1311.6345 273.6105
v -2419.3148 -1315.5827 273.6072
f 8086 8087 8088
v -2412.5581 -1311.5909 273.6106
v -2412.7242 -1311.6345 273.6105
v -2413.1124 -1309.4765 273.6108
f 8089 8090 8091
v -2419.3148 -1315.5827 273.6072
v -2412.7242 -1311.6345 273.6105
v -2412.1967 -1313.6669 273.6103
f 8092 8093 8094
v -2410.9961 -1318.2871 273.6098
v -2415.0979 -1319.3450 273.6080
v -2412.1967 -1313.6669 273.6103
f 8095 8096 8097
v -2420.4104 -1311.3649 273.6076
v -2413.1124 -1309.4765 273.6108
v -2412.7242 -1311.6345 273.6105
f 8098 8099 8100
v -2412.5581 -1311.5909 273.6106
v -2412.5583 -1311.5910 274.0056
v -2412.7244 -1311.6345 274.0055
f 8101 8102 8103
v -2412.5581 -1311.5909 273.6106
v -2412.7244 -1311.6345 274.0055
v -2412.7242 -1311.6345 273.6105
f 8104 8105 8106
v -2413.1124 -1309.4765 273.6108
v -2413.1126 -1309.4766 274.0058
v -2412.5583 -1311.5910 274.0056
f 8107 8108 8109
v -2412.5581 -1311.5909 273.6106
v -2413.1124 -1309.4765 273.6108
v -2412.5583 -1311.5910 274.0056
f 8110 8111 8112
v -2410.4672 -1313.5999 281.1126
v -2411.6511 -1309.0993 283.7860
v -2411.0973 -1311.2100 285.0138
f 8113 8114 8115
v -2411.6511 -1309.0993 283.7860
v -2410.4664 -1313.5994 278.7427
v -2411.6476 -1309.0975 274.0064
f 8116 8117 8118
v -2410.4681 -1313.6003 283.4835
v -2410.4672 -1313.5999 281.1126
v -2411.0973 -1311.2100 285.0138
f 8119 8120 8121
v -2411.6476 -1309.0975 274.0064
v -2410.4664 -1313.5994 278.7427
v -2411.0932 -1311.2079 274.0062
f 8122 8123 8124
v -2410.4664 -1313.5994 278.7427
v -2410.4646 -1313.5986 274.0059
v -2411.0932 -1311.2079 274.0062
f 8125 8126 8127
v -2410.4672 -1313.5999 281.1126
v -2410.4664 -1313.5994 278.7427
v -2411.6511 -1309.0993 283.7860
f 8128 8129 8130
v -2420.4104 -1311.3649 273.6076
v -2420.4142 -1311.3667 283.7662
v -2415.9821 -1310.2196 283.7761
f 8131 8132 8133
v -2420.4104 -1311.3649 273.6076
v -2413.1126 -1309.4766 274.0058
v -2413.1124 -1309.4765 273.6108
f 8134 8135 8136
v -2413.1126 -1309.4766 274.0058
v -2420.4104 -1311.3649 273.6076
v -2415.9821 -1310.2196 283.7761
f 8137 8138 8139
v -2411.6511 -1309.0993 283.7860
v -2411.6476 -1309.0975 274.0064
v -2413.1126 -1309.4766 274.0058
f 8140 8141 8142
v -2415.9821 -1310.2196 283.7761
v -2411.6511 -1309.0993 283.7860
v -2413.1126 -1309.4766 274.0058
f 8143 8144 8145
v -2418.1363 -1320.1280 279.8764
v -2418.1376 -1320.1287 283.6383
v -2419.3194 -1315.5851 286.2187
f 8146 8147 8148
v -2420.4142 -1311.3667 283.7662
v -2418.1363 -1320.1280 279.8764
v -2419.3194 -1315.5851 286.2187
f 8149 8150 8151
v -2419.3148 -1315.5827 273.6072
v -2420.4142 -1311.3667 283.7662
v -2420.4104 -1311.3649 273.6076
f 8152 8153 8154
v -2419.3148 -1315.5827 273.6072
v -2418.1340 -1320.1269 273.6067
v -2418.1363 -1320.1280 279.8764
f 8155 8156 8157
v -2420.4142 -1311.3667 283.7662
v -2419.3148 -1315.5827 273.6072
v -2418.1363 -1320.1280 279.8764
f 8158 8159 8160
v -2411.0973 -1311.2100 285.0138
v -2411.6511 -1309.0993 283.7860
v -2412.7284 -1311.6376 285.0131
f 8161 8162 8163
v -2419.3194 -1315.5851 286.2187
v -2415.9821 -1310.2196 283.7761
v -2420.4142 -1311.3667 283.7662
f 8164 8165 8166
v -2412.1894 -1313.7152 286.2218
v -2412.7284 -1311.6376 285.0131
v -2419.3194 -1315.5851 286.2187
f 8167 8168 8169
v -2415.9821 -1310.2196 283.7761
v -2419.3194 -1315.5851 286.2187
v -2412.7284 -1311.6376 285.0131
f 8170 8171 8172
v -2411.6511 -1309.0993 283.7860
v -2415.9821 -1310.2196 283.7761
v -2412.7284 -1311.6376 285.0131
f 8173 8174 8175
v -2412.7244 -1311.6345 274.0055
v -2412.1967 -1313.6669 273.6103
v -2412.7242 -1311.6345 273.6105
f 8176 8177 8178
v -2412.1038 -1314.0242 274.0052
v -2412.1967 -1313.6669 273.6103
v -2412.7244 -1311.6345 274.0055
f 8179 8180 8181
v -2410.9961 -1318.2871 273.6098
v -2412.1967 -1313.6669 273.6103
v -2412.1038 -1314.0242 274.0052
f 8182 8183 8184
v -2412.1073 -1314.0259 283.4848
v -2410.9961 -1318.2871 273.6098
v -2412.1038 -1314.0242 274.0052
f 8185 8186 8187
v -2412.1894 -1313.7152 286.2218
v -2412.1885 -1313.7147 283.6839
v -2412.7284 -1311.6376 285.0131
f 8188 8189 8190
v -2412.1894 -1313.7152 286.2218
v -2412.0864 -1314.1105 285.9977
v -2412.1885 -1313.7147 283.6839
f 8191 8192 8193
v -2412.1073 -1314.0259 283.4848
v -2412.1885 -1313.7147 283.6839
v -2412.0864 -1314.1105 285.9977
f 8194 8195 8196
v -2410.9997 -1318.2889 283.6244
v -2410.9961 -1318.2871 273.6098
v -2412.1073 -1314.0259 283.4848
f 8197 8198 8199
v -2410.9997 -1318.2889 283.6244
v -2412.1073 -1314.0259 283.4848
v -2412.0864 -1314.1105 285.9977
f 8200 8201 8202
v -2412.1038 -1314.0242 274.0052
v -2410.4681 -1313.6003 283.4835
v -2412.1073 -1314.0259 283.4848
f 8203 8204 8205
v -2412.1038 -1314.0242 274.0052
v -2410.4664 -1313.5994 278.7427
v -2410.4672 -1313.5999 281.1126
f 8206 8207 8208
v -2410.4664 -1313.5994 278.7427
v -2412.1038 -1314.0242 274.0052
v -2410.4646 -1313.5986 274.0059
f 8209 8210 8211
v -2418.1363 -1320.1280 279.8764
v -2418.0836 -1320.1149 283.6373
v -2418.1376 -1320.1287 283.6383
f 8212 8213 8214
v -2418.0836 -1320.1149 283.6373
v -2418.1363 -1320.1280 279.8764
v -2418.1340 -1320.1269 273.6067
f 8215 8216 8217
v -2417.9489 -1320.6351 283.3422
v -2418.0836 -1320.1149 283.6373
v -2418.0799 -1320.1130 273.6067
f 8218 8219 8220
v -2414.9708 -1319.8542 283.3435
v -2417.9489 -1320.6351 283.3422
v -2417.9453 -1320.6333 273.6066
f 8221 8222 8223
v -2415.0979 -1319.3450 273.6080
v -2415.1016 -1319.3468 283.6316
v -2414.9672 -1319.8524 273.6079
f 8224 8225 8226

g building_ID_0CDAFDD0-894E-454C-8BDD-06A0C6D77D7A
v -2447.7859 -1294.1889 286.7802
v -2447.8037 -1294.1278 286.7402
v -2450.9491 -1295.0334 286.7388
f 8227 8228 8229
v -2450.9491 -1295.0334 286.7388
v -2449.9430 -1298.3844 288.9754
v -2447.7859 -1294.1889 286.7802
f 8230 8231 8232
v -2452.2107 -1299.0374 288.9744
v -2450.9491 -1295.0334 286.7388
v -2456.2644 -1296.6302 286.7775
f 8233 8234 8235
v -2456.2822 -1296.5691 286.7365
v -2456.2644 -1296.6302 286.7775
v -2450.9491 -1295.0334 286.7388
f 8236 8237 8238
v -2449.9430 -1298.3844 288.9754
v -2450.9491 -1295.0334 286.7388
v -2452.2107 -1299.0374 288.9744
f 8239 8240 8241
v -2452.2107 -1299.0374 288.9744
v -2456.2644 -1296.6302 286.7775
v -2454.0025 -1304.4901 286.7757
f 8242 8243 8244
v -2450.2769 -1304.7320 286.1931
v -2448.1233 -1303.3279 286.5432
v -2451.0735 -1304.1179 286.5679
f 8245 8246 8247
v -2451.0735 -1304.1179 286.5679
v -2453.9539 -1304.6592 286.6947
v -2453.8934 -1304.8693 286.5937
f 8248 8249 8250
v -2445.5240 -1302.0449 286.7815
v -2452.2107 -1299.0374 288.9744
v -2454.0025 -1304.4901 286.7757
f 8251 8252 8253
v -2453.9539 -1304.6592 286.6947
v -2451.0735 -1304.1179 286.5679
v -2454.0025 -1304.4901 286.7757
f 8254 8255 8256
v -2454.0025 -1304.4901 286.7757
v -2451.0735 -1304.1179 286.5679
v -2445.5240 -1302.0449 286.7815
f 8257 8258 8259
v -2450.2769 -1304.7320 286.1931
v -2448.5677 -1304.2816 286.1749
v -2448.1233 -1303.3279 286.5432
f 8260 8261 8262
v -2448.1233 -1303.3279 286.5432
v -2445.5240 -1302.0449 286.7815
v -2451.0735 -1304.1179 286.5679
f 8263 8264 8265
v -2445.5240 -1302.0449 286.7815
v -2448.1233 -1303.3279 286.5432
v -2445.3654 -1302.5953 286.5174
f 8266 8267 8268
v -2452.2107 -1299.0374 288.9744
v -2445.5240 -1302.0449 286.7815
v -2449.9430 -1298.3844 288.9754
f 8269 8270 8271
v -2449.9430 -1298.3844 288.9754
v -2445.5240 -1302.0449 286.7815
v -2447.7859 -1294.1889 286.7802
f 8272 8273 8274
v -2456.2819 -1296.5690 286.0385
v -2456.2822 -1296.5691 286.7365
v -2450.9491 -1295.0334 286.7388
f 8275 8276 8277
v -2456.2814 -1296.5687 284.6416
v -2456.2819 -1296.5690 286.0385
v -2450.9491 -1295.0334 286.7388
f 8278 8279 8280
v -2456.2811 -1296.5685 283.9436
v -2456.2814 -1296.5687 284.6416
v -2455.7628 -1296.4190 284.0528
f 8281 8282 8283
v -2447.8037 -1294.1278 286.7402
v -2447.8030 -1294.1275 284.6443
v -2456.2814 -1296.5687 284.6416
f 8284 8285 8286
v -2448.0609 -1294.2016 284.0552
v -2455.7628 -1296.4190 284.0528
v -2456.2814 -1296.5687 284.6416
f 8287 8288 8289
v -2447.8027 -1294.1274 283.9993
v -2448.0609 -1294.2016 284.0552
v -2447.8030 -1294.1275 284.6443
f 8290 8291 8292
v -2456.2814 -1296.5687 284.6416
v -2447.8030 -1294.1275 284.6443
v -2448.0609 -1294.2016 284.0552
f 8293 8294 8295
v -2456.8877 -1303.4200 273.7303
v -2456.8914 -1303.4218 283.4409
v -2458.4983 -1297.8385 283.4415
f 8296 8297 8298
v -2458.4948 -1297.8367 273.7309
v -2456.8877 -1303.4200 273.7303
v -2458.4983 -1297.8385 283.4415
f 8299 8300 8301
v -2455.9317 -1303.1614 283.6424
v -2456.8914 -1303.4218 283.4409
v -2455.9281 -1303.1596 273.7308
f 8302 8303 8304
v -2455.3610 -1305.2602 279.9182
v -2455.3624 -1305.2609 283.6351
v -2455.9317 -1303.1614 283.6424
f 8305 8306 8307
v -2455.3587 -1305.2591 273.7305
v -2455.3610 -1305.2602 279.9182
v -2455.9317 -1303.1614 283.6424
f 8308 8309 8310
v -2455.9281 -1303.1596 273.7308
v -2455.3587 -1305.2591 273.7305
v -2455.9317 -1303.1614 283.6424
f 8311 8312 8313
v -2458.0092 -1295.5029 283.6671
v -2457.4490 -1297.5525 273.7313
v -2457.4527 -1297.5543 283.6609
f 8314 8315 8316
v -2458.0092 -1295.5029 283.6671
v -2458.0055 -1295.5011 273.7315
v -2457.4490 -1297.5525 273.7313
f 8317 8318 8319
v -2451.2104 -1293.6901 283.7321
v -2451.2095 -1293.6897 281.2322
v -2451.3856 -1293.0337 283.5712
f 8320 8321 8322
v -2451.2067 -1293.6883 273.7345
v -2451.3856 -1293.0337 283.5712
v -2451.2085 -1293.6892 278.7333
f 8323 8324 8325
v -2451.3819 -1293.0319 273.7346
v -2451.3856 -1293.0337 283.5712
v -2451.2067 -1293.6883 273.7345
f 8326 8327 8328
v -2454.2770 -1293.8031 273.7333
v -2454.2806 -1293.8049 283.5559
v -2451.3819 -1293.0319 273.7346
f 8329 8330 8331
v -2454.2770 -1293.8031 273.7333
v -2454.1017 -1294.4606 273.7332
v -2454.2806 -1293.8049 283.5559
f 8332 8333 8334
v -2454.2770 -1293.8031 273.7333
v -2451.3819 -1293.0319 273.7346
v -2454.1017 -1294.4606 273.7332
f 8335 8336 8337
v -2447.0387 -1292.5785 273.7363
v -2445.3606 -1302.5930 273.7349
v -2451.2067 -1293.6883 273.7345
f 8338 8339 8340
v -2451.2067 -1293.6883 273.7345
v -2451.0687 -1304.1156 273.7324
v -2454.1017 -1294.4606 273.7332
f 8341 8342 8343
v -2451.2067 -1293.6883 273.7345
v -2454.1017 -1294.4606 273.7332
v -2451.3819 -1293.0319 273.7346
f 8344 8345 8346
v -2454.1017 -1294.4606 273.7332
v -2457.4490 -1297.5525 273.7313
v -2458.0055 -1295.5011 273.7315
f 8347 8348 8349
v -2456.8877 -1303.4200 273.7303
v -2458.4948 -1297.8367 273.7309
v -2457.4490 -1297.5525 273.7313
f 8350 8351 8352
v -2455.9281 -1303.1596 273.7308
v -2457.4490 -1297.5525 273.7313
v -2454.1017 -1294.4606 273.7332
f 8353 8354 8355
v -2443.8726 -1302.1980 273.7356
v -2447.0387 -1292.5785 273.7363
v -2446.5194 -1292.4400 273.7366
f 8356 8357 8358
v -2451.2067 -1293.6883 273.7345
v -2445.3606 -1302.5930 273.7349
v -2448.1186 -1303.3255 273.7337
f 8359 8360 8361
v -2451.2067 -1293.6883 273.7345
v -2448.1186 -1303.3255 273.7337
v -2451.0687 -1304.1156 273.7324
f 8362 8363 8364
v -2451.0687 -1304.1156 273.7324
v -2448.1186 -1303.3255 273.7337
v -2448.5631 -1304.2793 273.7334
f 8365 8366 8367
v -2450.2723 -1304.7298 273.7326
v -2451.0687 -1304.1156 273.7324
v -2448.5631 -1304.2793 273.7334
f 8368 8369 8370
v -2457.4490 -1297.5525 273.7313
v -2455.9281 -1303.1596 273.7308
v -2456.8877 -1303.4200 273.7303
f 8371 8372 8373
v -2455.9281 -1303.1596 273.7308
v -2451.0687 -1304.1156 273.7324
v -2454.5071 -1305.0315 273.7309
f 8374 8375 8376
v -2455.9281 -1303.1596 273.7308
v -2454.5071 -1305.0315 273.7309
v -2455.3587 -1305.2591 273.7305
f 8377 8378 8379
v -2455.9281 -1303.1596 273.7308
v -2454.1017 -1294.4606 273.7332
v -2451.0687 -1304.1156 273.7324
f 8380 8381 8382
v -2443.8726 -1302.1980 273.7356
v -2445.3606 -1302.5930 273.7349
v -2447.0387 -1292.5785 273.7363
f 8383 8384 8385
v -2450.2723 -1304.7298 273.7326
v -2450.2769 -1304.7320 286.1931
v -2451.0687 -1304.1156 273.7324
f 8386 8387 8388
v -2451.0735 -1304.1179 286.5679
v -2451.0705 -1304.1165 278.5462
v -2450.2769 -1304.7320 286.1931
f 8389 8390 8391
v -2450.2723 -1304.7298 273.7326
v -2448.5631 -1304.2793 273.7334
v -2448.5677 -1304.2816 286.1749
f 8392 8393 8394
v -2448.5677 -1304.2816 286.1749
v -2450.2769 -1304.7320 286.1931
v -2450.2723 -1304.7298 273.7326
f 8395 8396 8397
v -2448.1186 -1303.3255 273.7337
v -2448.1216 -1303.3271 281.7394
v -2448.5677 -1304.2816 286.1749
f 8398 8399 8400
v -2448.5631 -1304.2793 273.7334
v -2448.1186 -1303.3255 273.7337
v -2448.5677 -1304.2816 286.1749
f 8401 8402 8403
v -2455.9317 -1303.1614 283.6424
v -2455.3624 -1305.2609 283.6351
v -2455.0732 -1305.1837 283.6953
f 8404 8405 8406
v -2454.1937 -1303.8221 283.9429
v -2455.9317 -1303.1614 283.6424
v -2455.0732 -1305.1837 283.6953
f 8407 8408 8409
v -2455.9317 -1303.1614 283.6424
v -2458.4983 -1297.8385 283.4415
v -2456.8914 -1303.4218 283.4409
f 8410 8411 8412
v -2455.9317 -1303.1614 283.6424
v -2457.4527 -1297.5543 283.6609
v -2458.4983 -1297.8385 283.4415
f 8413 8414 8415
v -2455.9317 -1303.1614 283.6424
v -2456.2811 -1296.5685 283.9436
v -2457.4527 -1297.5543 283.6609
f 8416 8417 8418
v -2457.8681 -1295.4653 283.6972
v -2456.2811 -1296.5685 283.9436
v -2455.7628 -1296.4190 284.0528
f 8419 8420 8421
v -2458.0092 -1295.5029 283.6671
v -2457.4527 -1297.5543 283.6609
v -2456.2811 -1296.5685 283.9436
f 8422 8423 8424
v -2455.9317 -1303.1614 283.6424
v -2454.1937 -1303.8221 283.9429
v -2456.2811 -1296.5685 283.9436
f 8425 8426 8427
v -2456.2811 -1296.5685 283.9436
v -2457.8681 -1295.4653 283.6972
v -2458.0092 -1295.5029 283.6671
f 8428 8429 8430
v -2443.9050 -1302.0947 283.6722
v -2445.3644 -1302.5948 283.6535
v -2443.8763 -1302.1998 283.6472
f 8431 8432 8433
v -2445.7756 -1301.1657 283.9977
v -2445.3644 -1302.5948 283.6535
v -2443.9050 -1302.0947 283.6722
f 8434 8435 8436
v -2455.0732 -1305.1837 283.6953
v -2453.8924 -1304.8689 283.6908
v -2454.1937 -1303.8221 283.9429
f 8437 8438 8439
v -2447.8027 -1294.1274 283.9993
v -2445.7756 -1301.1657 283.9977
v -2447.0425 -1292.5804 283.7539
f 8440 8441 8442
v -2443.9050 -1302.0947 283.6722
v -2447.0425 -1292.5804 283.7539
v -2445.7756 -1301.1657 283.9977
f 8443 8444 8445
v -2447.0425 -1292.5804 283.7539
v -2448.0609 -1294.2016 284.0552
v -2447.8027 -1294.1274 283.9993
f 8446 8447 8448
v -2446.5231 -1292.4418 283.6402
v -2447.0425 -1292.5804 283.7539
v -2443.9050 -1302.0947 283.6722
f 8449 8450 8451
v -2454.1055 -1294.4624 283.7168
v -2451.2104 -1293.6901 283.7321
v -2451.3856 -1293.0337 283.5712
f 8452 8453 8454
v -2455.7628 -1296.4190 284.0528
v -2448.0609 -1294.2016 284.0552
v -2447.0425 -1292.5804 283.7539
f 8455 8456 8457
v -2447.0425 -1292.5804 283.7539
v -2451.2104 -1293.6901 283.7321
v -2455.7628 -1296.4190 284.0528
f 8458 8459 8460
v -2454.2806 -1293.8049 283.5559
v -2454.1055 -1294.4624 283.7168
v -2451.3856 -1293.0337 283.5712
f 8461 8462 8463
v -2455.7628 -1296.4190 284.0528
v -2451.2104 -1293.6901 283.7321
v -2454.1055 -1294.4624 283.7168
f 8464 8465 8466
v -2457.8681 -1295.4653 283.6972
v -2455.7628 -1296.4190 284.0528
v -2454.1055 -1294.4624 283.7168
f 8467 8468 8469
v -2443.8726 -1302.1980 273.7356
v -2443.8763 -1302.1998 283.6472
v -2445.3606 -1302.5930 273.7349
f 8470 8471 8472
v -2445.3644 -1302.5948 283.6535
v -2445.3606 -1302.5930 273.7349
v -2443.8763 -1302.1998 283.6472
f 8473 8474 8475
v -2448.1186 -1303.3255 273.7337
v -2445.3606 -1302.5930 273.7349
v -2445.3644 -1302.5948 283.6535
f 8476 8477 8478
v -2445.3644 -1302.5948 283.6535
v -2445.3654 -1302.5953 286.5174
v -2448.1216 -1303.3271 281.7394
f 8479 8480 8481
v -2448.1186 -1303.3255 273.7337
v -2445.3644 -1302.5948 283.6535
v -2448.1216 -1303.3271 281.7394
f 8482 8483 8484
v -2448.1233 -1303.3279 286.5432
v -2448.1216 -1303.3271 281.7394
v -2445.3654 -1302.5953 286.5174
f 8485 8486 8487
v -2447.8030 -1294.1275 284.6443
v -2447.8037 -1294.1278 286.7402
v -2445.7756 -1301.1657 283.9977
f 8488 8489 8490
v -2447.8037 -1294.1278 286.7402
v -2447.7859 -1294.1889 286.7802
v -2445.7756 -1301.1657 283.9977
f 8491 8492 8493
v -2445.3654 -1302.5953 286.5174
v -2445.7756 -1301.1657 283.9977
v -2445.5240 -1302.0449 286.7815
f 8494 8495 8496
v -2445.3644 -1302.5948 283.6535
v -2445.7756 -1301.1657 283.9977
v -2445.3654 -1302.5953 286.5174
f 8497 8498 8499
v -2445.7756 -1301.1657 283.9977
v -2447.8027 -1294.1274 283.9993
v -2447.8030 -1294.1275 284.6443
f 8500 8501 8502
v -2445.5240 -1302.0449 286.7815
v -2445.7756 -1301.1657 283.9977
v -2447.7859 -1294.1889 286.7802
f 8503 8504 8505
v -2453.8924 -1304.8689 283.6908
v -2451.0735 -1304.1179 286.5679
v -2453.8934 -1304.8693 286.5937
f 8506 8507 8508
v -2451.0705 -1304.1165 278.5462
v -2451.0735 -1304.1179 286.5679
v -2453.8924 -1304.8689 283.6908
f 8509 8510 8511
v -2451.0705 -1304.1165 278.5462
v -2454.5071 -1305.0315 273.7309
v -2451.0687 -1304.1156 273.7324
f 8512 8513 8514
v -2455.3610 -1305.2602 279.9182
v -2451.0705 -1304.1165 278.5462
v -2453.8924 -1304.8689 283.6908
f 8515 8516 8517
v -2455.3610 -1305.2602 279.9182
v -2455.0732 -1305.1837 283.6953
v -2455.3624 -1305.2609 283.6351
f 8518 8519 8520
v -2455.3610 -1305.2602 279.9182
v -2454.5071 -1305.0315 273.7309
v -2451.0705 -1304.1165 278.5462
f 8521 8522 8523
v -2455.3610 -1305.2602 279.9182
v -2455.3587 -1305.2591 273.7305
v -2454.5071 -1305.0315 273.7309
f 8524 8525 8526
v -2455.0732 -1305.1837 283.6953
v -2455.3610 -1305.2602 279.9182
v -2453.8924 -1304.8689 283.6908
f 8527 8528 8529
v -2457.8681 -1295.4653 283.6972
v -2458.0055 -1295.5011 273.7315
v -2458.0092 -1295.5029 283.6671
f 8530 8531 8532
v -2454.1055 -1294.4624 283.7168
v -2454.1017 -1294.4606 273.7332
v -2458.0055 -1295.5011 273.7315
f 8533 8534 8535
v -2458.0055 -1295.5011 273.7315
v -2457.8681 -1295.4653 283.6972
v -2454.1055 -1294.4624 283.7168
f 8536 8537 8538
v -2443.8726 -1302.1980 273.7356
v -2446.5194 -1292.4400 273.7366
v -2446.5231 -1292.4418 283.6402
f 8539 8540 8541
v -2443.9050 -1302.0947 283.6722
v -2443.8726 -1302.1980 273.7356
v -2446.5231 -1292.4418 283.6402
f 8542 8543 8544
v -2443.9050 -1302.0947 283.6722
v -2443.8763 -1302.1998 283.6472
v -2443.8726 -1302.1980 273.7356
f 8545 8546 8547
v -2446.5231 -1292.4418 283.6402
v -2451.2085 -1293.6892 278.7333
v -2451.2095 -1293.6897 281.2322
f 8548 8549 8550
v -2451.2104 -1293.6901 283.7321
v -2447.0425 -1292.5804 283.7539
v -2451.2095 -1293.6897 281.2322
f 8551 8552 8553
v -2446.5231 -1292.4418 283.6402
v -2446.5194 -1292.4400 273.7366
v -2451.2085 -1293.6892 278.7333
f 8554 8555 8556
v -2451.2085 -1293.6892 278.7333
v -2447.0387 -1292.5785 273.7363
v -2451.2067 -1293.6883 273.7345
f 8557 8558 8559
v -2447.0387 -1292.5785 273.7363
v -2451.2085 -1293.6892 278.7333
v -2446.5194 -1292.4400 273.7366
f 8560 8561 8562
v -2446.5231 -1292.4418 283.6402
v -2451.2095 -1293.6897 281.2322
v -2447.0425 -1292.5804 283.7539
f 8563 8564 8565
v -2453.9539 -1304.6592 286.6947
v -2453.8924 -1304.8689 283.6908
v -2453.8934 -1304.8693 286.5937
f 8566 8567 8568
v -2454.0025 -1304.4901 286.7757
v -2453.8924 -1304.8689 283.6908
v -2453.9539 -1304.6592 286.6947
f 8569 8570 8571
v -2454.0025 -1304.4901 286.7757
v -2454.1937 -1303.8221 283.9429
v -2453.8924 -1304.8689 283.6908
f 8572 8573 8574
v -2454.1937 -1303.8221 283.9429
v -2454.0025 -1304.4901 286.7757
v -2456.2644 -1296.6302 286.7775
f 8575 8576 8577
v -2456.2819 -1296.5690 286.0385
v -2456.2644 -1296.6302 286.7775
v -2456.2822 -1296.5691 286.7365
f 8578 8579 8580
v -2454.1937 -1303.8221 283.9429
v -2456.2819 -1296.5690 286.0385
v -2456.2814 -1296.5687 284.6416
f 8581 8582 8583
v -2454.1937 -1303.8221 283.9429
v -2456.2814 -1296.5687 284.6416
v -2456.2811 -1296.5685 283.9436
f 8584 8585 8586
v -2456.2819 -1296.5690 286.0385
v -2454.1937 -1303.8221 283.9429
v -2456.2644 -1296.6302 286.7775
f 8587 8588 8589
v -2456.2814 -1296.5687 284.6416
v -2450.9491 -1295.0334 286.7388
v -2447.8037 -1294.1278 286.7402
f 8590 8591 8592
v -2457.4490 -1297.5525 273.7313
v -2458.4983 -1297.8385 283.4415
v -2457.4527 -1297.5543 283.6609
f 8593 8594 8595
v -2458.4983 -1297.8385 283.4415
v -2457.4490 -1297.5525 273.7313
v -2458.4948 -1297.8367 273.7309
f 8596 8597 8598
v -2456.8877 -1303.4200 273.7303
v -2455.9281 -1303.1596 273.7308
v -2456.8914 -1303.4218 283.4409
f 8599 8600 8601
v -2451.2085 -1293.6892 278.7333
v -2451.3856 -1293.0337 283.5712
v -2451.2095 -1293.6897 281.2322
f 8602 8603 8604
v -2454.2806 -1293.8049 283.5559
v -2451.3856 -1293.0337 283.5712
v -2451.3819 -1293.0319 273.7346
f 8605 8606 8607
v -2454.1017 -1294.4606 273.7332
v -2454.1055 -1294.4624 283.7168
v -2454.2806 -1293.8049 283.5559
f 8608 8609 8610
v -2451.0705 -1304.1165 278.5462
v -2451.0687 -1304.1156 273.7324
v -2450.2769 -1304.7320 286.1931
f 8611 8612 8613
v -2448.1216 -1303.3271 281.7394
v -2448.1233 -1303.3279 286.5432
v -2448.5677 -1304.2816 286.1749
f 8614 8615 8616

g building_ID_991D153A-9A3E-4D1B-9EF1-83C257A83DF6
v -2422.0688 -1290.7120 281.3759
v -2414.4414 -1293.6559 283.3211
v -2415.6393 -1289.0303 281.3727
f 8617 8618 8619
v -2427.3173 -1296.9892 283.3156
v -2422.0688 -1290.7120 281.3759
v -2428.5072 -1292.3957 281.3801
f 8620 8621 8622
v -2414.4414 -1293.6559 283.3211
v -2422.0688 -1290.7120 281.3759
v -2427.3173 -1296.9892 283.3156
f 8623 8624 8625
v -2426.0754 -1301.7801 281.1911
v -2426.2666 -1301.8296 281.1911
v -2426.2121 -1302.0397 281.0980
f 8626 8627 8628
v -2426.0754 -1301.7801 281.1911
v -2422.6015 -1301.0735 281.1126
v -2427.3173 -1296.9892 283.3156
f 8629 8630 8631
v -2426.0754 -1301.7801 281.1911
v -2426.2121 -1302.0397 281.0980
v -2422.5935 -1301.1025 281.0996
f 8632 8633 8634
v -2422.6015 -1301.0735 281.1126
v -2426.0754 -1301.7801 281.1911
v -2422.5935 -1301.1025 281.0996
f 8635 8636 8637
v -2414.4414 -1293.6559 283.3211
v -2422.6015 -1301.0735 281.1126
v -2413.1580 -1298.6038 281.1267
f 8638 8639 8640
v -2422.6015 -1301.0735 281.1126
v -2414.4414 -1293.6559 283.3211
v -2427.3173 -1296.9892 283.3156
f 8641 8642 8643
v -2428.5045 -1292.3944 273.7224
v -2422.0688 -1290.7120 281.3759
v -2415.6365 -1289.0290 273.7280
f 8644 8645 8646
v -2413.1573 -1298.6035 279.2768
v -2413.1580 -1298.6038 281.1267
v -2422.6015 -1301.0735 281.1126
f 8647 8648 8649
v -2422.6015 -1301.0735 281.1126
v -2422.5995 -1301.0725 275.6668
v -2413.1553 -1298.6024 273.7270
f 8650 8651 8652
v -2413.1553 -1298.6024 273.7270
v -2422.5995 -1301.0725 275.6668
v -2422.5778 -1301.0662 273.7229
f 8653 8654 8655
v -2422.5995 -1301.0725 275.6668
v -2422.5988 -1301.0721 273.6919
v -2422.5778 -1301.0662 273.7229
f 8656 8657 8658
v -2426.2112 -1302.0393 278.7241
v -2426.2666 -1301.8296 281.1911
v -2426.2656 -1301.8292 278.7242
f 8659 8660 8661
v -2426.2112 -1302.0393 278.7241
v -2422.5935 -1301.1025 281.0996
v -2426.2121 -1302.0397 281.0980
f 8662 8663 8664
v -2422.5927 -1301.1020 278.7257
v -2422.5935 -1301.1025 281.0996
v -2426.2112 -1302.0393 278.7241
f 8665 8666 8667
v -2422.5995 -1301.0725 275.6668
v -2422.6015 -1301.0735 281.1126
v -2422.5935 -1301.1025 281.0996
f 8668 8669 8670
v -2422.5927 -1301.1020 278.7257
v -2422.5995 -1301.0725 275.6668
v -2422.5935 -1301.1025 281.0996
f 8671 8672 8673
v -2415.6365 -1289.0290 273.7280
v -2427.3138 -1296.9875 273.7220
v -2428.5045 -1292.3944 273.7224
f 8674 8675 8676
v -2423.2785 -1298.3623 273.7232
v -2427.3138 -1296.9875 273.7220
v -2415.6365 -1289.0290 273.7280
f 8677 8678 8679
v -2415.6365 -1289.0290 273.7280
v -2422.5778 -1301.0662 273.7229
v -2423.2785 -1298.3623 273.7232
f 8680 8681 8682
v -2423.2785 -1298.3623 273.7232
v -2426.7269 -1299.2550 273.7217
v -2427.3138 -1296.9875 273.7220
f 8683 8684 8685
v -2414.4380 -1293.6541 273.7275
v -2422.5778 -1301.0662 273.7229
v -2415.6365 -1289.0290 273.7280
f 8686 8687 8688
v -2413.1553 -1298.6024 273.7270
v -2422.5778 -1301.0662 273.7229
v -2414.4380 -1293.6541 273.7275
f 8689 8690 8691
v -2422.5778 -1301.0662 273.6919
v -2422.5778 -1301.0662 273.7229
v -2422.5988 -1301.0721 273.6919
f 8692 8693 8694
v -2427.6497 -1305.5415 273.6891
v -2427.6515 -1305.5425 278.7229
v -2428.5082 -1302.4101 278.7232
f 8695 8696 8697
v -2421.8218 -1304.0422 273.6916
v -2421.8236 -1304.0431 278.7254
v -2427.6515 -1305.5425 278.7229
f 8698 8699 8700
v -2426.0727 -1301.7788 273.6904
v -2422.5988 -1301.0721 273.6919
v -2421.8218 -1304.0422 273.6916
f 8701 8702 8703
v -2422.5988 -1301.0721 273.6919
v -2423.2785 -1298.3623 273.6922
v -2422.5778 -1301.0662 273.6919
f 8704 8705 8706
v -2423.2785 -1298.3623 273.6922
v -2422.5988 -1301.0721 273.6919
v -2426.0727 -1301.7788 273.6904
f 8707 8708 8709
v -2426.0727 -1301.7788 273.6904
v -2427.6497 -1305.5415 273.6891
v -2428.5063 -1302.4092 273.6894
f 8710 8711 8712
v -2423.2785 -1298.3623 273.6922
v -2426.0727 -1301.7788 273.6904
v -2426.7269 -1299.2550 273.6907
f 8713 8714 8715
v -2421.8218 -1304.0422 273.6916
v -2427.6497 -1305.5415 273.6891
v -2426.0727 -1301.7788 273.6904
f 8716 8717 8718
v -2428.5082 -1302.4101 278.7232
v -2427.6515 -1305.5425 278.7229
v -2426.2112 -1302.0393 278.7241
f 8719 8720 8721
v -2428.5082 -1302.4101 278.7232
v -2426.2112 -1302.0393 278.7241
v -2426.2656 -1301.8292 278.7242
f 8722 8723 8724
v -2426.2112 -1302.0393 278.7241
v -2427.6515 -1305.5425 278.7229
v -2421.8236 -1304.0431 278.7254
f 8725 8726 8727
v -2426.2112 -1302.0393 278.7241
v -2421.8236 -1304.0431 278.7254
v -2422.5927 -1301.1020 278.7257
f 8728 8729 8730
v -2421.8218 -1304.0422 273.6916
v -2422.5988 -1301.0721 273.6919
v -2422.5995 -1301.0725 275.6668
f 8731 8732 8733
v -2422.5995 -1301.0725 275.6668
v -2421.8236 -1304.0431 278.7254
v -2421.8218 -1304.0422 273.6916
f 8734 8735 8736
v -2421.8236 -1304.0431 278.7254
v -2422.5995 -1301.0725 275.6668
v -2422.5927 -1301.1020 278.7257
f 8737 8738 8739
v -2423.2785 -1298.3623 273.6922
v -2423.2785 -1298.3623 273.7232
v -2422.5778 -1301.0662 273.6919
f 8740 8741 8742
v -2426.7269 -1299.2550 273.6907
v -2426.7269 -1299.2550 273.7217
v -2423.2785 -1298.3623 273.7232
f 8743 8744 8745
v -2413.1573 -1298.6035 279.2768
v -2414.4380 -1293.6541 273.7275
v -2415.6379 -1289.0296 277.5439
f 8746 8747 8748
v -2414.4380 -1293.6541 273.7275
v -2415.6365 -1289.0290 273.7280
v -2415.6379 -1289.0296 277.5439
f 8749 8750 8751
v -2414.4414 -1293.6559 283.3211
v -2415.6379 -1289.0296 277.5439
v -2415.6393 -1289.0303 281.3727
f 8752 8753 8754
v -2413.1573 -1298.6035 279.2768
v -2414.4414 -1293.6559 283.3211
v -2413.1580 -1298.6038 281.1267
f 8755 8756 8757
v -2413.1573 -1298.6035 279.2768
v -2413.1553 -1298.6024 273.7270
v -2414.4380 -1293.6541 273.7275
f 8758 8759 8760
v -2415.6379 -1289.0296 277.5439
v -2414.4414 -1293.6559 283.3211
v -2413.1573 -1298.6035 279.2768
f 8761 8762 8763
v -2428.5082 -1302.4101 278.7232
v -2426.2656 -1301.8292 278.7242
v -2428.5063 -1302.4092 273.6894
f 8764 8765 8766
v -2426.2666 -1301.8296 281.1911
v -2426.0754 -1301.7801 281.1911
v -2426.2656 -1301.8292 278.7242
f 8767 8768 8769
v -2426.0727 -1301.7788 273.6904
v -2426.2656 -1301.8292 278.7242
v -2426.0754 -1301.7801 281.1911
f 8770 8771 8772
v -2428.5063 -1302.4092 273.6894
v -2426.2656 -1301.8292 278.7242
v -2426.0727 -1301.7788 273.6904
f 8773 8774 8775
v -2426.7269 -1299.2550 273.7217
v -2426.0754 -1301.7801 281.1911
v -2427.3173 -1296.9892 283.3156
f 8776 8777 8778
v -2426.7269 -1299.2550 273.6907
v -2426.0727 -1301.7788 273.6904
v -2426.7269 -1299.2550 273.7217
f 8779 8780 8781
v -2426.0754 -1301.7801 281.1911
v -2426.7269 -1299.2550 273.7217
v -2426.0727 -1301.7788 273.6904
f 8782 8783 8784
v -2427.3138 -1296.9875 273.7220
v -2426.7269 -1299.2550 273.7217
v -2427.3173 -1296.9892 283.3156
f 8785 8786 8787
v -2427.3173 -1296.9892 283.3156
v -2428.5045 -1292.3944 273.7224
v -2427.3138 -1296.9875 273.7220
f 8788 8789 8790
v -2428.5072 -1292.3957 281.3801
v -2428.5045 -1292.3944 273.7224
v -2427.3173 -1296.9892 283.3156
f 8791 8792 8793
v -2428.5045 -1292.3944 273.7224
v -2428.5072 -1292.3957 281.3801
v -2422.0688 -1290.7120 281.3759
f 8794 8795 8796
v -2422.0688 -1290.7120 281.3759
v -2415.6393 -1289.0303 281.3727
v -2415.6379 -1289.0296 277.5439
f 8797 8798 8799
v -2415.6379 -1289.0296 277.5439
v -2415.6365 -1289.0290 273.7280
v -2422.0688 -1290.7120 281.3759
f 8800 8801 8802
v -2422.6015 -1301.0735 281.1126
v -2413.1553 -1298.6024 273.7270
v -2413.1573 -1298.6035 279.2768
f 8803 8804 8805
v -2426.2121 -1302.0397 281.0980
v -2426.2666 -1301.8296 281.1911
v -2426.2112 -1302.0393 278.7241
f 8806 8807 8808
v -2427.6497 -1305.5415 273.6891
v -2428.5082 -1302.4101 278.7232
v -2428.5063 -1302.4092 273.6894
f 8809 8810 8811
v -2421.8218 -1304.0422 273.6916
v -2427.6515 -1305.5425 278.7229
v -2427.6497 -1305.5415 273.6891
f 8812 8813 8814
v -2423.2785 -1298.3623 273.7232
v -2422.5778 -1301.0662 273.7229
v -2422.5778 -1301.0662 273.6919
f 8815 8816 8817
v -2426.7269 -1299.2550 273.6907
v -2423.2785 -1298.3623 273.7232
v -2423.2785 -1298.3623 273.6922
f 8818 8819 8820

g building_ID_CAB13367-28DD-4661-9B8C-537B239039FD
v -2412.1832 -1278.9257 281.4160
v -2413.9602 -1272.1900 281.4168
v -2416.0448 -1273.9193 281.4157
f 8821 8822 8823
v -2417.7694 -1276.7347 281.4144
v -2412.1832 -1278.9257 281.4160
v -2416.0448 -1273.9193 281.4157
f 8824 8825 8826
v -2421.9893 -1277.8564 281.4125
v -2417.7694 -1276.7347 281.4144
v -2422.5823 -1275.6258 281.4128
f 8827 8828 8829
v -2422.5823 -1275.6258 281.4128
v -2417.7694 -1276.7347 281.4144
v -2416.0448 -1273.9193 281.4157
f 8830 8831 8832
v -2417.7694 -1276.7347 281.4144
v -2416.8585 -1280.1611 281.4140
v -2412.1832 -1278.9257 281.4160
f 8833 8834 8835
v -2416.0448 -1273.9193 281.4157
v -2413.9602 -1272.1900 281.4168
v -2415.4582 -1272.5929 281.4162
f 8836 8837 8838
v -2415.6262 -1272.5655 281.4161
v -2415.4582 -1272.5929 281.4162
v -2415.4760 -1272.5258 281.4162
f 8839 8840 8841
v -2416.0448 -1273.9193 281.4157
v -2415.6262 -1272.5655 281.4161
v -2416.9476 -1270.5190 281.4160
f 8842 8843 8844
v -2416.2221 -1270.3109 281.4163
v -2416.9476 -1270.5190 281.4160
v -2415.6262 -1272.5655 281.4161
f 8845 8846 8847
v -2416.0448 -1273.9193 281.4157
v -2415.4582 -1272.5929 281.4162
v -2415.6262 -1272.5655 281.4161
f 8848 8849 8850
v -2416.9476 -1270.5190 281.4160
v -2416.2221 -1270.3109 281.4163
v -2416.9486 -1270.5070 281.4160
f 8851 8852 8853
v -2416.9476 -1270.5190 281.4160
v -2416.9486 -1270.5070 281.4160
v -2416.9506 -1270.5070 281.4160
f 8854 8855 8856
v -2421.9865 -1277.8550 273.8878
v -2421.9893 -1277.8564 281.4125
v -2422.5823 -1275.6258 281.4128
f 8857 8858 8859
v -2417.7666 -1276.7333 273.8897
v -2417.7694 -1276.7347 281.4144
v -2421.9893 -1277.8564 281.4125
f 8860 8861 8862
v -2416.8558 -1280.1598 273.8893
v -2416.8585 -1280.1611 281.4140
v -2417.7694 -1276.7347 281.4144
f 8863 8864 8865
v -2412.1805 -1278.9243 273.8913
v -2412.1832 -1278.9257 281.4160
v -2416.8585 -1280.1611 281.4140
f 8866 8867 8868
v -2413.9574 -1272.1886 273.8921
v -2413.9602 -1272.1900 281.4168
v -2412.1832 -1278.9257 281.4160
f 8869 8870 8871
v -2415.4555 -1272.5916 273.8915
v -2415.4582 -1272.5929 281.4162
v -2413.9574 -1272.1886 273.8921
f 8872 8873 8874
v -2415.4733 -1272.5245 273.8915
v -2415.4760 -1272.5258 281.4162
v -2415.4582 -1272.5929 281.4162
f 8875 8876 8877
v -2415.6234 -1272.5642 273.8914
v -2415.6262 -1272.5655 281.4161
v -2415.4760 -1272.5258 281.4162
f 8878 8879 8880
v -2416.2193 -1270.3095 273.8916
v -2416.2221 -1270.3109 281.4163
v -2415.6262 -1272.5655 281.4161
f 8881 8882 8883
v -2416.9468 -1270.5061 276.3002
v -2416.9486 -1270.5070 281.4160
v -2416.2221 -1270.3109 281.4163
f 8884 8885 8886
v -2416.9459 -1270.5056 273.8913
v -2416.9468 -1270.5061 276.3002
v -2416.2193 -1270.3095 273.8916
f 8887 8888 8889
v -2416.0420 -1273.9180 273.8910
v -2415.4555 -1272.5916 273.8915
v -2413.9574 -1272.1886 273.8921
f 8890 8891 8892
v -2415.6234 -1272.5642 273.8914
v -2415.4733 -1272.5245 273.8915
v -2415.4555 -1272.5916 273.8915
f 8893 8894 8895
v -2416.0420 -1273.9180 273.8910
v -2416.9449 -1270.5176 273.8913
v -2415.6234 -1272.5642 273.8914
f 8896 8897 8898
v -2416.2193 -1270.3095 273.8916
v -2415.6234 -1272.5642 273.8914
v -2416.9449 -1270.5176 273.8913
f 8899 8900 8901
v -2415.6234 -1272.5642 273.8914
v -2415.4555 -1272.5916 273.8915
v -2416.0420 -1273.9180 273.8910
f 8902 8903 8904
v -2412.1805 -1278.9243 273.8913
v -2416.0420 -1273.9180 273.8910
v -2413.9574 -1272.1886 273.8921
f 8905 8906 8907
v -2417.7666 -1276.7333 273.8897
v -2416.0420 -1273.9180 273.8910
v -2412.1805 -1278.9243 273.8913
f 8908 8909 8910
v -2422.5795 -1275.6245 273.8881
v -2416.0420 -1273.9180 273.8910
v -2417.7666 -1276.7333 273.8897
f 8911 8912 8913
v -2421.9865 -1277.8550 273.8878
v -2422.5795 -1275.6245 273.8881
v -2417.7666 -1276.7333 273.8897
f 8914 8915 8916
v -2416.8558 -1280.1598 273.8893
v -2417.7666 -1276.7333 273.8897
v -2412.1805 -1278.9243 273.8913
f 8917 8918 8919
v -2416.9449 -1270.5176 273.8913
v -2416.9459 -1270.5056 273.8913
v -2416.2193 -1270.3095 273.8916
f 8920 8921 8922
v -2416.9449 -1270.5176 273.8913
v -2416.9479 -1270.5056 273.8913
v -2416.9459 -1270.5056 273.8913
f 8923 8924 8925
v -2423.3211 -1271.2840 288.1612
v -2426.4510 -1268.4080 284.2896
v -2424.5473 -1275.6200 284.2889
f 8926 8927 8928
v -2416.5657 -1273.5125 284.2924
v -2423.3211 -1271.2840 288.1612
v -2424.5473 -1275.6200 284.2889
f 8929 8930 8931
v -2423.3211 -1271.2840 288.1612
v -2416.5657 -1273.5125 284.2924
v -2419.7746 -1270.3466 288.1627
f 8932 8933 8934
v -2418.4694 -1266.3014 284.2932
v -2416.5657 -1273.5125 284.2924
v -2418.2110 -1265.8210 284.0824
f 8935 8936 8937
v -2419.7746 -1270.3466 288.1627
v -2416.5657 -1273.5125 284.2924
v -2418.4694 -1266.3014 284.2932
f 8938 8939 8940
v -2424.5473 -1275.6200 284.2889
v -2424.6840 -1275.8866 284.1728
v -2416.5657 -1273.5125 284.2924
f 8941 8942 8943
v -2424.6107 -1276.1648 284.0228
v -2422.5812 -1275.6313 284.0227
v -2424.6840 -1275.8866 284.1728
f 8944 8945 8946
v -2416.0675 -1273.8388 284.0626
v -2422.5812 -1275.6313 284.0227
v -2416.0457 -1273.9198 284.0186
f 8947 8948 8949
v -2416.0675 -1273.8388 284.0626
v -2416.5657 -1273.5125 284.2924
v -2424.6840 -1275.8866 284.1728
f 8950 8951 8952
v -2422.5812 -1275.6313 284.0227
v -2416.0675 -1273.8388 284.0626
v -2424.6840 -1275.8866 284.1728
f 8953 8954 8955
v -2424.5473 -1275.6200 284.2889
v -2426.4510 -1268.4080 284.2896
v -2426.6974 -1268.2463 284.1756
f 8956 8957 8958
v -2426.6974 -1268.2463 284.1756
v -2424.6840 -1275.8866 284.1728
v -2424.5473 -1275.6200 284.2889
f 8959 8960 8961
v -2417.5597 -1268.2280 273.7295
v -2418.2110 -1265.8210 284.0824
v -2417.6565 -1267.8836 284.0752
f 8962 8963 8964
v -2417.2626 -1269.3343 276.3053
v -2417.5597 -1268.2280 273.7295
v -2417.2516 -1269.3866 284.0690
f 8965 8966 8967
v -2418.2072 -1265.8192 273.7298
v -2418.2110 -1265.8210 284.0824
v -2417.5597 -1268.2280 273.7295
f 8968 8969 8970
v -2417.2516 -1269.3866 284.0690
v -2416.9486 -1270.5070 281.4760
v -2416.9486 -1270.5070 281.4160
f 8971 8972 8973
v -2416.9486 -1270.5070 281.4160
v -2416.9468 -1270.5061 276.3002
v -2417.2516 -1269.3866 284.0690
f 8974 8975 8976
v -2417.2616 -1269.3337 273.7294
v -2417.5597 -1268.2280 273.7295
v -2417.2626 -1269.3343 276.3053
f 8977 8978 8979
v -2416.9479 -1270.5056 273.8913
v -2417.2616 -1269.3337 273.7294
v -2417.2626 -1269.3343 276.3053
f 8980 8981 8982
v -2417.2626 -1269.3343 276.3053
v -2416.9468 -1270.5061 276.3002
v -2416.9479 -1270.5056 273.8913
f 8983 8984 8985
v -2417.2616 -1269.3337 273.7294
v -2416.9479 -1270.5056 273.8913
v -2416.9458 -1270.5055 273.7293
f 8986 8987 8988
v -2416.9458 -1270.5055 273.7293
v -2416.9448 -1270.5176 273.7293
v -2422.5775 -1275.6294 273.7262
f 8989 8990 8991
v -2422.5775 -1275.6294 273.7262
v -2416.9448 -1270.5176 273.7293
v -2416.0420 -1273.9180 273.7290
f 8992 8993 8994
v -2426.6936 -1268.2444 273.7261
v -2422.5775 -1275.6294 273.7262
v -2424.6069 -1276.1630 273.7252
f 8995 8996 8997
v -2418.2072 -1265.8192 273.7298
v -2426.6936 -1268.2444 273.7261
v -2426.7293 -1268.1083 273.7261
f 8998 8999 9000
v -2417.2616 -1269.3337 273.7294
v -2416.9458 -1270.5055 273.7293
v -2422.5775 -1275.6294 273.7262
f 9001 9002 9003
v -2426.6936 -1268.2444 273.7261
v -2418.2072 -1265.8192 273.7298
v -2417.5597 -1268.2280 273.7295
f 9004 9005 9006
v -2417.5597 -1268.2280 273.7295
v -2417.2616 -1269.3337 273.7294
v -2426.6936 -1268.2444 273.7261
f 9007 9008 9009
v -2426.6936 -1268.2444 273.7261
v -2417.2616 -1269.3337 273.7294
v -2422.5775 -1275.6294 273.7262
f 9010 9011 9012
v -2416.9486 -1270.5070 281.4760
v -2416.9495 -1270.5074 284.0649
v -2416.9486 -1270.5194 284.0659
f 9013 9014 9015
v -2416.9506 -1270.5070 281.4160
v -2416.9486 -1270.5070 281.4760
v -2416.9476 -1270.5190 281.4160
f 9016 9017 9018
v -2416.9458 -1270.5055 273.7293
v -2416.9479 -1270.5056 273.8913
v -2416.9448 -1270.5176 273.7293
f 9019 9020 9021
v -2416.9449 -1270.5176 273.8913
v -2416.9448 -1270.5176 273.7293
v -2416.9479 -1270.5056 273.8913
f 9022 9023 9024
v -2426.4510 -1268.4080 284.2896
v -2419.7746 -1270.3466 288.1627
v -2418.4694 -1266.3014 284.2932
f 9025 9026 9027
v -2419.7746 -1270.3466 288.1627
v -2426.4510 -1268.4080 284.2896
v -2423.3211 -1271.2840 288.1612
f 9028 9029 9030
v -2418.4694 -1266.3014 284.2932
v -2418.2110 -1265.8210 284.0824
v -2421.3062 -1266.6528 284.0920
f 9031 9032 9033
v -2426.4510 -1268.4080 284.2896
v -2418.4694 -1266.3014 284.2932
v -2421.3062 -1266.6528 284.0920
f 9034 9035 9036
v -2426.4510 -1268.4080 284.2896
v -2421.3062 -1266.6528 284.0920
v -2426.6974 -1268.2463 284.1756
f 9037 9038 9039
v -2426.7331 -1268.1102 284.1027
v -2426.6974 -1268.2463 284.1756
v -2421.3062 -1266.6528 284.0920
f 9040 9041 9042
v -2416.5657 -1273.5125 284.2924
v -2416.0675 -1273.8388 284.0626
v -2416.9486 -1270.5194 284.0659
f 9043 9044 9045
v -2416.9495 -1270.5074 284.0649
v -2417.2516 -1269.3866 284.0690
v -2416.9486 -1270.5194 284.0659
f 9046 9047 9048
v -2416.5657 -1273.5125 284.2924
v -2416.9486 -1270.5194 284.0659
v -2417.2516 -1269.3866 284.0690
f 9049 9050 9051
v -2416.5657 -1273.5125 284.2924
v -2417.2516 -1269.3866 284.0690
v -2417.6565 -1267.8836 284.0752
f 9052 9053 9054
v -2416.5657 -1273.5125 284.2924
v -2417.6565 -1267.8836 284.0752
v -2418.2110 -1265.8210 284.0824
f 9055 9056 9057
v -2418.2110 -1265.8210 284.0824
v -2426.7293 -1268.1083 273.7261
v -2421.3062 -1266.6528 284.0920
f 9058 9059 9060
v -2421.3062 -1266.6528 284.0920
v -2426.7293 -1268.1083 273.7261
v -2426.7331 -1268.1102 284.1027
f 9061 9062 9063
v -2426.7293 -1268.1083 273.7261
v -2418.2110 -1265.8210 284.0824
v -2418.2072 -1265.8192 273.7298
f 9064 9065 9066
v -2426.6936 -1268.2444 273.7261
v -2424.6069 -1276.1630 273.7252
v -2424.6107 -1276.1648 284.0228
f 9067 9068 9069
v -2426.6936 -1268.2444 273.7261
v -2424.6107 -1276.1648 284.0228
v -2424.6840 -1275.8866 284.1728
f 9070 9071 9072
v -2426.7293 -1268.1083 273.7261
v -2426.6974 -1268.2463 284.1756
v -2426.7331 -1268.1102 284.1027
f 9073 9074 9075
v -2426.6974 -1268.2463 284.1756
v -2426.7293 -1268.1083 273.7261
v -2426.6936 -1268.2444 273.7261
f 9076 9077 9078
v -2424.6840 -1275.8866 284.1728
v -2426.6974 -1268.2463 284.1756
v -2426.6936 -1268.2444 273.7261
f 9079 9080 9081
v -2416.0420 -1273.9180 273.7290
v -2416.9448 -1270.5176 273.7293
v -2416.9449 -1270.5176 273.8913
f 9082 9083 9084
v -2416.0420 -1273.9180 273.8910
v -2416.0420 -1273.9180 273.7290
v -2416.9449 -1270.5176 273.8913
f 9085 9086 9087
v -2416.0448 -1273.9193 281.4157
v -2416.9476 -1270.5190 281.4160
v -2416.9486 -1270.5194 284.0659
f 9088 9089 9090
v -2416.0675 -1273.8388 284.0626
v -2416.0448 -1273.9193 281.4157
v -2416.9486 -1270.5194 284.0659
f 9091 9092 9093
v -2416.0675 -1273.8388 284.0626
v -2416.0457 -1273.9198 284.0186
v -2416.0448 -1273.9193 281.4157
f 9094 9095 9096
v -2422.5775 -1275.6294 273.7262
v -2416.0420 -1273.9180 273.7290
v -2416.0420 -1273.9180 273.8910
f 9097 9098 9099
v -2416.0420 -1273.9180 273.8910
v -2422.5795 -1275.6245 273.8881
v -2422.5775 -1275.6294 273.7262
f 9100 9101 9102
v -2422.5823 -1275.6258 281.4128
v -2416.0448 -1273.9193 281.4157
v -2416.0457 -1273.9198 284.0186
f 9103 9104 9105
v -2422.5823 -1275.6258 281.4128
v -2422.5812 -1275.6313 284.0227
v -2424.6107 -1276.1648 284.0228
f 9106 9107 9108
v -2424.6069 -1276.1630 273.7252
v -2422.5795 -1275.6245 273.8881
v -2422.5823 -1275.6258 281.4128
f 9109 9110 9111
v -2424.6107 -1276.1648 284.0228
v -2424.6069 -1276.1630 273.7252
v -2422.5823 -1275.6258 281.4128
f 9112 9113 9114
v -2422.5775 -1275.6294 273.7262
v -2422.5795 -1275.6245 273.8881
v -2424.6069 -1276.1630 273.7252
f 9115 9116 9117
v -2422.5812 -1275.6313 284.0227
v -2422.5823 -1275.6258 281.4128
v -2416.0457 -1273.9198 284.0186
f 9118 9119 9120
v -2421.9865 -1277.8550 273.8878
v -2422.5823 -1275.6258 281.4128
v -2422.5795 -1275.6245 273.8881
f 9121 9122 9123
v -2417.7666 -1276.7333 273.8897
v -2421.9893 -1277.8564 281.4125
v -2421.9865 -1277.8550 273.8878
f 9124 9125 9126
v -2416.8558 -1280.1598 273.8893
v -2417.7694 -1276.7347 281.4144
v -2417.7666 -1276.7333 273.8897
f 9127 9128 9129
v -2412.1805 -1278.9243 273.8913
v -2416.8585 -1280.1611 281.4140
v -2416.8558 -1280.1598 273.8893
f 9130 9131 9132
v -2413.9574 -1272.1886 273.8921
v -2412.1832 -1278.9257 281.4160
v -2412.1805 -1278.9243 273.8913
f 9133 9134 9135
v -2415.4582 -1272.5929 281.4162
v -2413.9602 -1272.1900 281.4168
v -2413.9574 -1272.1886 273.8921
f 9136 9137 9138
v -2415.4733 -1272.5245 273.8915
v -2415.4582 -1272.5929 281.4162
v -2415.4555 -1272.5916 273.8915
f 9139 9140 9141
v -2415.6234 -1272.5642 273.8914
v -2415.4760 -1272.5258 281.4162
v -2415.4733 -1272.5245 273.8915
f 9142 9143 9144
v -2416.2193 -1270.3095 273.8916
v -2415.6262 -1272.5655 281.4161
v -2415.6234 -1272.5642 273.8914
f 9145 9146 9147
v -2416.9468 -1270.5061 276.3002
v -2416.2221 -1270.3109 281.4163
v -2416.2193 -1270.3095 273.8916
f 9148 9149 9150
v -2417.5597 -1268.2280 273.7295
v -2417.6565 -1267.8836 284.0752
v -2417.2516 -1269.3866 284.0690
f 9151 9152 9153
v -2417.2516 -1269.3866 284.0690
v -2416.9495 -1270.5074 284.0649
v -2416.9486 -1270.5070 281.4760
f 9154 9155 9156
v -2416.9468 -1270.5061 276.3002
v -2417.2626 -1269.3343 276.3053
v -2417.2516 -1269.3866 284.0690
f 9157 9158 9159
v -2416.9486 -1270.5070 281.4760
v -2416.9486 -1270.5194 284.0659
v -2416.9476 -1270.5190 281.4160
f 9160 9161 9162
v -2416.9486 -1270.5070 281.4160
v -2416.9486 -1270.5070 281.4760
v -2416.9506 -1270.5070 281.4160
f 9163 9164 9165
v -2416.9459 -1270.5056 273.8913
v -2416.9479 -1270.5056 273.8913
v -2416.9468 -1270.5061 276.3002
f 9166 9167 9168

g building_ID_F17CEDA2-012A-4EB9-BD3C-045204AB3807
v -2459.1588 -1282.5630 284.6063
v -2460.9112 -1276.0225 284.6069
v -2461.2055 -1275.8026 284.4639
f 9169 9170 9171
v -2461.2055 -1275.8026 284.4639
v -2459.3137 -1282.9226 284.4542
v -2459.1588 -1282.5630 284.6063
f 9172 9173 9174
v -2459.3137 -1282.9226 284.4542
v -2452.6094 -1281.7276 284.1690
v -2450.5143 -1280.9273 284.2839
f 9175 9176 9177
v -2459.3137 -1282.9226 284.4542
v -2450.5143 -1280.9273 284.2839
v -2451.1881 -1280.4265 284.6098
f 9178 9179 9180
v -2450.4529 -1281.1544 284.1679
v -2450.5143 -1280.9273 284.2839
v -2452.6094 -1281.7276 284.1690
f 9181 9182 9183
v -2459.0070 -1283.4584 284.1582
v -2452.4350 -1282.3820 283.8339
v -2452.6094 -1281.7276 284.1690
f 9184 9185 9186
v -2459.3137 -1282.9226 284.4542
v -2459.0070 -1283.4584 284.1582
v -2452.6094 -1281.7276 284.1690
f 9187 9188 9189
v -2459.0070 -1283.4584 284.1582
v -2459.3137 -1282.9226 284.4542
v -2459.1601 -1283.4990 284.1591
f 9190 9191 9192
v -2459.0070 -1283.4584 284.1582
v -2458.8366 -1284.0978 283.8311
v -2452.4350 -1282.3820 283.8339
f 9193 9194 9195
v -2459.3137 -1282.9226 284.4542
v -2451.1881 -1280.4265 284.6098
v -2459.1588 -1282.5630 284.6063
f 9196 9197 9198
v -2457.8787 -1278.7431 287.9255
v -2460.9112 -1276.0225 284.6069
v -2459.1588 -1282.5630 284.6063
f 9199 9200 9201
v -2451.1881 -1280.4265 284.6098
v -2457.8787 -1278.7431 287.9255
v -2459.1588 -1282.5630 284.6063
f 9202 9203 9204
v -2457.8787 -1278.7431 287.9255
v -2451.1881 -1280.4265 284.6098
v -2454.2082 -1277.7590 287.9271
f 9205 9206 9207
v -2460.9112 -1276.0225 284.6069
v -2454.2082 -1277.7590 287.9271
v -2452.9405 -1273.8858 284.6104
f 9208 9209 9210
v -2454.2082 -1277.7590 287.9271
v -2460.9112 -1276.0225 284.6069
v -2457.8787 -1278.7431 287.9255
f 9211 9212 9213
v -2451.3412 -1277.8861 284.2912
v -2452.6265 -1273.1576 284.3027
v -2452.9405 -1273.8858 284.6104
f 9214 9215 9216
v -2451.1881 -1280.4265 284.6098
v -2451.3412 -1277.8861 284.2912
v -2452.9405 -1273.8858 284.6104
f 9217 9218 9219
v -2450.0949 -1279.7193 283.8354
v -2450.6375 -1277.6948 283.8356
v -2451.3412 -1277.8861 284.2912
f 9220 9221 9222
v -2450.5143 -1280.9273 284.2839
v -2450.7916 -1279.9085 284.2860
v -2451.1881 -1280.4265 284.6098
f 9223 9224 9225
v -2451.3412 -1277.8861 284.2912
v -2451.1881 -1280.4265 284.6098
v -2450.7916 -1279.9085 284.2860
f 9226 9227 9228
v -2451.3412 -1277.8861 284.2912
v -2450.7916 -1279.9085 284.2860
v -2450.0949 -1279.7193 283.8354
f 9229 9230 9231
v -2452.6363 -1273.1216 284.2847
v -2452.9405 -1273.8858 284.6104
v -2452.6265 -1273.1576 284.3027
f 9232 9233 9234
v -2452.9405 -1273.8858 284.6104
v -2461.2055 -1275.8026 284.4639
v -2460.9112 -1276.0225 284.6069
f 9235 9236 9237
v -2461.2827 -1275.5133 284.3159
v -2461.2055 -1275.8026 284.4639
v -2452.6363 -1273.1216 284.2847
f 9238 9239 9240
v -2452.6363 -1273.1216 284.2847
v -2461.2055 -1275.8026 284.4639
v -2452.9405 -1273.8858 284.6104
f 9241 9242 9243
v -2454.2082 -1277.7590 287.9271
v -2451.1881 -1280.4265 284.6098
v -2452.9405 -1273.8858 284.6104
f 9244 9245 9246
v -2459.1591 -1283.4985 281.3132
v -2459.1569 -1283.4975 275.6224
v -2459.0070 -1283.4584 284.1582
f 9247 9248 9249
v -2459.1559 -1283.4970 272.7766
v -2459.0070 -1283.4584 284.1582
v -2459.1569 -1283.4975 275.6224
f 9250 9251 9252
v -2459.0028 -1283.4564 272.7767
v -2459.0070 -1283.4584 284.1582
v -2459.1559 -1283.4970 272.7766
f 9253 9254 9255
v -2458.8325 -1284.0958 272.7766
v -2458.8366 -1284.0978 283.8311
v -2459.0028 -1283.4564 272.7767
f 9256 9257 9258
v -2458.8366 -1284.0978 283.8311
v -2459.0070 -1283.4584 284.1582
v -2459.0028 -1283.4564 272.7767
f 9259 9260 9261
v -2452.4310 -1282.3800 272.7794
v -2452.4350 -1282.3820 283.8339
v -2458.8366 -1284.0978 283.8311
f 9262 9263 9264
v -2458.8325 -1284.0958 272.7766
v -2452.4310 -1282.3800 272.7794
v -2458.8366 -1284.0978 283.8311
f 9265 9266 9267
v -2452.6052 -1281.7256 272.7795
v -2452.6094 -1281.7276 284.1690
v -2452.4310 -1282.3800 272.7794
f 9268 9269 9270
v -2452.4350 -1282.3820 283.8339
v -2452.4310 -1282.3800 272.7794
v -2452.6094 -1281.7276 284.1690
f 9271 9272 9273
v -2450.4486 -1281.1524 272.7804
v -2450.4529 -1281.1544 284.1679
v -2452.6052 -1281.7256 272.7795
f 9274 9275 9276
v -2450.4529 -1281.1544 284.1679
v -2452.6094 -1281.7276 284.1690
v -2452.6052 -1281.7256 272.7795
f 9277 9278 9279
v -2450.7873 -1279.9065 272.7805
v -2450.0908 -1279.7173 272.7809
v -2450.0949 -1279.7193 283.8354
f 9280 9281 9282
v -2450.0949 -1279.7193 283.8354
v -2450.7916 -1279.9085 284.2860
v -2450.7905 -1279.9080 281.4101
f 9283 9284 9285
v -2450.6334 -1277.6930 272.7811
v -2450.6375 -1277.6948 283.8356
v -2450.0949 -1279.7193 283.8354
f 9286 9287 9288
v -2450.0908 -1279.7173 272.7809
v -2450.6334 -1277.6930 272.7811
v -2450.0949 -1279.7193 283.8354
f 9289 9290 9291
v -2450.6334 -1277.6930 272.7811
v -2451.3369 -1277.8840 272.7807
v -2451.3393 -1277.8852 279.2544
f 9292 9293 9294
v -2461.2817 -1275.5129 281.4310
v -2461.2827 -1275.5133 284.3159
v -2452.6363 -1273.1216 284.2847
f 9295 9296 9297
v -2461.2784 -1275.5114 272.7774
v -2461.2795 -1275.5118 275.6623
v -2452.6321 -1273.1196 272.7812
f 9298 9299 9300
v -2461.2795 -1275.5118 275.6623
v -2452.6332 -1273.1201 275.6301
v -2452.6321 -1273.1196 272.7812
f 9301 9302 9303
v -2452.6363 -1273.1216 284.2847
v -2452.6332 -1273.1201 275.6301
v -2461.2795 -1275.5118 275.6623
f 9304 9305 9306
v -2452.6321 -1273.1196 272.7812
v -2461.2012 -1275.8006 272.7774
v -2461.2784 -1275.5114 272.7774
f 9307 9308 9309
v -2459.3094 -1282.9206 272.7767
v -2461.2012 -1275.8006 272.7774
v -2452.6321 -1273.1196 272.7812
f 9310 9311 9312
v -2459.3094 -1282.9206 272.7767
v -2452.6321 -1273.1196 272.7812
v -2452.6052 -1281.7256 272.7795
f 9313 9314 9315
v -2459.0028 -1283.4564 272.7767
v -2459.1559 -1283.4970 272.7766
v -2459.3094 -1282.9206 272.7767
f 9316 9317 9318
v -2452.4310 -1282.3800 272.7794
v -2458.8325 -1284.0958 272.7766
v -2459.0028 -1283.4564 272.7767
f 9319 9320 9321
v -2459.0028 -1283.4564 272.7767
v -2452.6052 -1281.7256 272.7795
v -2452.4310 -1282.3800 272.7794
f 9322 9323 9324
v -2459.3094 -1282.9206 272.7767
v -2452.6052 -1281.7256 272.7795
v -2459.0028 -1283.4564 272.7767
f 9325 9326 9327
v -2452.6321 -1273.1196 272.7812
v -2451.3369 -1277.8840 272.7807
v -2452.6052 -1281.7256 272.7795
f 9328 9329 9330
v -2450.0908 -1279.7173 272.7809
v -2451.3369 -1277.8840 272.7807
v -2450.6334 -1277.6930 272.7811
f 9331 9332 9333
v -2450.5101 -1280.9252 272.7805
v -2450.4486 -1281.1524 272.7804
v -2452.6052 -1281.7256 272.7795
f 9334 9335 9336
v -2452.6052 -1281.7256 272.7795
v -2450.7873 -1279.9065 272.7805
v -2450.5101 -1280.9252 272.7805
f 9337 9338 9339
v -2451.3369 -1277.8840 272.7807
v -2450.0908 -1279.7173 272.7809
v -2450.7873 -1279.9065 272.7805
f 9340 9341 9342
v -2450.7873 -1279.9065 272.7805
v -2452.6052 -1281.7256 272.7795
v -2451.3369 -1277.8840 272.7807
f 9343 9344 9345
v -2450.7905 -1279.9080 281.4101
v -2450.5143 -1280.9273 284.2839
v -2450.4529 -1281.1544 284.1679
f 9346 9347 9348
v -2450.7916 -1279.9085 284.2860
v -2450.5143 -1280.9273 284.2839
v -2450.7905 -1279.9080 281.4101
f 9349 9350 9351
v -2450.7884 -1279.9070 275.6574
v -2450.7905 -1279.9080 281.4101
v -2450.4529 -1281.1544 284.1679
f 9352 9353 9354
v -2450.4486 -1281.1524 272.7804
v -2450.7884 -1279.9070 275.6574
v -2450.4529 -1281.1544 284.1679
f 9355 9356 9357
v -2450.7873 -1279.9065 272.7805
v -2450.7884 -1279.9070 275.6574
v -2450.5101 -1280.9252 272.7805
f 9358 9359 9360
v -2450.4486 -1281.1524 272.7804
v -2450.5101 -1280.9252 272.7805
v -2450.7884 -1279.9070 275.6574
f 9361 9362 9363
v -2452.6363 -1273.1216 284.2847
v -2451.3393 -1277.8852 279.2544
v -2452.6332 -1273.1201 275.6301
f 9364 9365 9366
v -2452.6363 -1273.1216 284.2847
v -2452.6265 -1273.1576 284.3027
v -2451.3393 -1277.8852 279.2544
f 9367 9368 9369
v -2451.3369 -1277.8840 272.7807
v -2452.6321 -1273.1196 272.7812
v -2451.3393 -1277.8852 279.2544
f 9370 9371 9372
v -2451.3393 -1277.8852 279.2544
v -2452.6321 -1273.1196 272.7812
v -2452.6332 -1273.1201 275.6301
f 9373 9374 9375
v -2451.3412 -1277.8861 284.2912
v -2451.3393 -1277.8852 279.2544
v -2452.6265 -1273.1576 284.3027
f 9376 9377 9378
v -2459.1591 -1283.4985 281.3132
v -2459.1601 -1283.4990 284.1591
v -2459.3137 -1282.9226 284.4542
f 9379 9380 9381
v -2461.2055 -1275.8026 284.4639
v -2459.1569 -1283.4975 275.6224
v -2459.1591 -1283.4985 281.3132
f 9382 9383 9384
v -2461.2817 -1275.5129 281.4310
v -2459.3094 -1282.9206 272.7767
v -2459.1569 -1283.4975 275.6224
f 9385 9386 9387
v -2459.1569 -1283.4975 275.6224
v -2459.3094 -1282.9206 272.7767
v -2459.1559 -1283.4970 272.7766
f 9388 9389 9390
v -2459.3137 -1282.9226 284.4542
v -2461.2055 -1275.8026 284.4639
v -2459.1591 -1283.4985 281.3132
f 9391 9392 9393
v -2461.2817 -1275.5129 281.4310
v -2461.2055 -1275.8026 284.4639
v -2461.2827 -1275.5133 284.3159
f 9394 9395 9396
v -2459.3094 -1282.9206 272.7767
v -2461.2795 -1275.5118 275.6623
v -2461.2012 -1275.8006 272.7774
f 9397 9398 9399
v -2461.2795 -1275.5118 275.6623
v -2461.2784 -1275.5114 272.7774
v -2461.2012 -1275.8006 272.7774
f 9400 9401 9402
v -2461.2795 -1275.5118 275.6623
v -2459.3094 -1282.9206 272.7767
v -2461.2817 -1275.5129 281.4310
f 9403 9404 9405
v -2461.2817 -1275.5129 281.4310
v -2459.1569 -1283.4975 275.6224
v -2461.2055 -1275.8026 284.4639
f 9406 9407 9408
v -2459.1591 -1283.4985 281.3132
v -2459.0070 -1283.4584 284.1582
v -2459.1601 -1283.4990 284.1591
f 9409 9410 9411
v -2450.0949 -1279.7193 283.8354
v -2450.7905 -1279.9080 281.4101
v -2450.7884 -1279.9070 275.6574
f 9412 9413 9414
v -2450.7884 -1279.9070 275.6574
v -2450.7873 -1279.9065 272.7805
v -2450.0949 -1279.7193 283.8354
f 9415 9416 9417
v -2451.3393 -1277.8852 279.2544
v -2451.3412 -1277.8861 284.2912
v -2450.6375 -1277.6948 283.8356
f 9418 9419 9420
v -2450.6334 -1277.6930 272.7811
v -2451.3393 -1277.8852 279.2544
v -2450.6375 -1277.6948 283.8356
f 9421 9422 9423
v -2461.2795 -1275.5118 275.6623
v -2461.2817 -1275.5129 281.4310
v -2452.6363 -1273.1216 284.2847
f 9424 9425 9426

g building_ID_11095A9F-C7C9-4331-B1CA-4E61B63E2380
v -2470.4001 -1256.7910 283.6802
v -2471.6072 -1250.5022 286.3769
v -2472.9394 -1257.2841 283.6751
f 9427 9428 9429
v -2477.2751 -1251.5840 286.3745
v -2472.9394 -1257.2841 283.6751
v -2471.6072 -1250.5022 286.3769
f 9430 9431 9432
v -2477.2751 -1251.5840 286.3745
v -2476.0671 -1257.8928 283.6698
v -2472.9394 -1257.2841 283.6751
f 9433 9434 9435
v -2475.4038 -1248.1296 283.7130
v -2477.8451 -1248.6030 283.7189
v -2477.2751 -1251.5840 286.3745
f 9436 9437 9438
v -2472.1812 -1247.5052 283.7063
v -2475.4038 -1248.1296 283.7130
v -2471.6072 -1250.5022 286.3769
f 9439 9440 9441
v -2477.2751 -1251.5840 286.3745
v -2471.6072 -1250.5022 286.3769
v -2475.4038 -1248.1296 283.7130
f 9442 9443 9444
v -2470.3965 -1256.7893 273.8375
v -2476.0652 -1257.8919 278.7389
v -2476.0633 -1257.8911 273.8351
f 9445 9446 9447
v -2476.0671 -1257.8928 283.6698
v -2476.0661 -1257.8923 281.2129
v -2472.9394 -1257.2841 283.6751
f 9448 9449 9450
v -2477.8442 -1248.6026 281.2480
v -2477.8451 -1248.6030 283.7189
v -2475.4038 -1248.1296 283.7130
f 9451 9452 9453
v -2477.8433 -1248.6021 278.7681
v -2475.4038 -1248.1296 283.7130
v -2472.1812 -1247.5052 283.7063
f 9454 9455 9456
v -2472.1775 -1247.5036 273.8387
v -2477.8414 -1248.6014 273.8363
v -2477.8433 -1248.6021 278.7681
f 9457 9458 9459
v -2472.1775 -1247.5036 273.8387
v -2471.6025 -1250.5001 273.8384
v -2476.0633 -1257.8911 273.8351
f 9460 9461 9462
v -2476.0633 -1257.8911 273.8351
v -2471.6025 -1250.5001 273.8384
v -2470.3965 -1256.7893 273.8375
f 9463 9464 9465
v -2472.1775 -1247.5036 273.8387
v -2477.2704 -1251.5819 273.8360
v -2477.8414 -1248.6014 273.8363
f 9466 9467 9468
v -2472.1775 -1247.5036 273.8387
v -2476.0633 -1257.8911 273.8351
v -2477.2704 -1251.5819 273.8360
f 9469 9470 9471
v -2472.1789 -1247.5042 277.5295
v -2472.1812 -1247.5052 283.7063
v -2471.6072 -1250.5022 286.3769
f 9472 9473 9474
v -2471.6025 -1250.5001 273.8384
v -2472.1775 -1247.5036 273.8387
v -2472.1789 -1247.5042 277.5295
f 9475 9476 9477
v -2471.6072 -1250.5022 286.3769
v -2470.4001 -1256.7910 283.6802
v -2472.1789 -1247.5042 277.5295
f 9478 9479 9480
v -2470.3965 -1256.7893 273.8375
v -2471.6025 -1250.5001 273.8384
v -2470.4001 -1256.7910 283.6802
f 9481 9482 9483
v -2472.1789 -1247.5042 277.5295
v -2470.4001 -1256.7910 283.6802
v -2471.6025 -1250.5001 273.8384
f 9484 9485 9486
v -2476.0661 -1257.8923 281.2129
v -2477.8433 -1248.6021 278.7681
v -2476.0652 -1257.8919 278.7389
f 9487 9488 9489
v -2477.8433 -1248.6021 278.7681
v -2477.2704 -1251.5819 273.8360
v -2476.0652 -1257.8919 278.7389
f 9490 9491 9492
v -2476.0652 -1257.8919 278.7389
v -2477.2704 -1251.5819 273.8360
v -2476.0633 -1257.8911 273.8351
f 9493 9494 9495
v -2477.2751 -1251.5840 286.3745
v -2476.0661 -1257.8923 281.2129
v -2476.0671 -1257.8928 283.6698
f 9496 9497 9498
v -2477.8442 -1248.6026 281.2480
v -2477.2751 -1251.5840 286.3745
v -2477.8451 -1248.6030 283.7189
f 9499 9500 9501
v -2476.0661 -1257.8923 281.2129
v -2477.8442 -1248.6026 281.2480
v -2477.8433 -1248.6021 278.7681
f 9502 9503 9504
v -2477.8414 -1248.6014 273.8363
v -2477.2704 -1251.5819 273.8360
v -2477.8433 -1248.6021 278.7681
f 9505 9506 9507
v -2476.0661 -1257.8923 281.2129
v -2477.2751 -1251.5840 286.3745
v -2477.8442 -1248.6026 281.2480
f 9508 9509 9510
v -2476.0652 -1257.8919 278.7389
v -2470.3965 -1256.7893 273.8375
v -2472.9394 -1257.2841 283.6751
f 9511 9512 9513
v -2476.0652 -1257.8919 278.7389
v -2472.9394 -1257.2841 283.6751
v -2476.0661 -1257.8923 281.2129
f 9514 9515 9516
v -2470.4001 -1256.7910 283.6802
v -2472.9394 -1257.2841 283.6751
v -2470.3965 -1256.7893 273.8375
f 9517 9518 9519
v -2477.8442 -1248.6026 281.2480
v -2475.4038 -1248.1296 283.7130
v -2477.8433 -1248.6021 278.7681
f 9520 9521 9522
v -2477.8433 -1248.6021 278.7681
v -2472.1812 -1247.5052 283.7063
v -2472.1789 -1247.5042 277.5295
f 9523 9524 9525
v -2472.1789 -1247.5042 277.5295
v -2472.1775 -1247.5036 273.8387
v -2477.8433 -1248.6021 278.7681
f 9526 9527 9528

g building_ID_0C2FB947-1E2E-4683-A1ED-005FF9A2F5C9
v -2464.7152 -1255.6862 283.6916
v -2465.9134 -1249.4156 286.3793
v -2467.4806 -1256.2238 283.6864
f 9529 9530 9531
v -2471.6072 -1250.5022 286.3769
v -2467.4806 -1256.2238 283.6864
v -2465.9134 -1249.4156 286.3793
f 9532 9533 9534
v -2471.6072 -1250.5022 286.3769
v -2470.4001 -1256.7910 283.6802
v -2467.4806 -1256.2238 283.6864
f 9535 9536 9537
v -2469.3437 -1246.9559 283.7005
v -2465.9134 -1249.4156 286.3793
v -2466.4873 -1246.4025 283.6938
f 9538 9539 9540
v -2471.6072 -1250.5022 286.3769
v -2469.3437 -1246.9559 283.7005
v -2472.1812 -1247.5052 283.7063
f 9541 9542 9543
v -2465.9134 -1249.4156 286.3793
v -2469.3437 -1246.9559 283.7005
v -2471.6072 -1250.5022 286.3769
f 9544 9545 9546
v -2464.7129 -1255.6852 277.5338
v -2464.7152 -1255.6862 283.6916
v -2467.1113 -1256.1508 277.9918
f 9547 9548 9549
v -2467.1113 -1256.1508 277.9918
v -2464.7115 -1255.6845 273.8400
v -2464.7129 -1255.6852 277.5338
f 9550 9551 9552
v -2464.7115 -1255.6845 273.8400
v -2467.1113 -1256.1508 277.9918
v -2468.6655 -1256.4529 273.8382
f 9553 9554 9555
v -2467.1113 -1256.1508 277.9918
v -2470.4001 -1256.7910 283.6802
v -2470.3992 -1256.7905 281.2173
f 9556 9557 9558
v -2470.3983 -1256.7901 278.7544
v -2470.3965 -1256.7893 273.8375
v -2468.6655 -1256.4529 273.8382
f 9559 9560 9561
v -2472.1789 -1247.5042 277.5385
v -2472.1803 -1247.5048 281.2394
v -2469.3437 -1246.9559 283.7005
f 9562 9563 9564
v -2472.1775 -1247.5036 273.8387
v -2472.1789 -1247.5042 277.5385
v -2466.4836 -1246.4008 273.8412
f 9565 9566 9567
v -2468.9762 -1246.8838 277.5319
v -2466.4836 -1246.4008 273.8412
v -2472.1789 -1247.5042 277.5385
f 9568 9569 9570
v -2466.4873 -1246.4025 283.6938
v -2468.9762 -1246.8838 277.5319
v -2472.1789 -1247.5042 277.5385
f 9571 9572 9573
v -2465.9087 -1249.4134 273.8408
v -2468.6655 -1256.4529 273.8382
v -2466.4836 -1246.4008 273.8412
f 9574 9575 9576
v -2468.6655 -1256.4529 273.8382
v -2465.9087 -1249.4134 273.8408
v -2464.7115 -1255.6845 273.8400
f 9577 9578 9579
v -2471.6025 -1250.5001 273.8384
v -2468.6655 -1256.4529 273.8382
v -2470.3965 -1256.7893 273.8375
f 9580 9581 9582
v -2466.4836 -1246.4008 273.8412
v -2471.6025 -1250.5001 273.8384
v -2472.1775 -1247.5036 273.8387
f 9583 9584 9585
v -2466.4836 -1246.4008 273.8412
v -2468.6655 -1256.4529 273.8382
v -2471.6025 -1250.5001 273.8384
f 9586 9587 9588
v -2464.7129 -1255.6852 277.5338
v -2466.4850 -1246.4016 277.5270
v -2466.4873 -1246.4025 283.6938
f 9589 9590 9591
v -2465.9087 -1249.4134 273.8408
v -2466.4836 -1246.4008 273.8412
v -2466.4850 -1246.4016 277.5270
f 9592 9593 9594
v -2466.4873 -1246.4025 283.6938
v -2465.9134 -1249.4156 286.3793
v -2464.7152 -1255.6862 283.6916
f 9595 9596 9597
v -2466.4850 -1246.4016 277.5270
v -2464.7129 -1255.6852 277.5338
v -2465.9087 -1249.4134 273.8408
f 9598 9599 9600
v -2464.7152 -1255.6862 283.6916
v -2464.7129 -1255.6852 277.5338
v -2466.4873 -1246.4025 283.6938
f 9601 9602 9603
v -2464.7115 -1255.6845 273.8400
v -2465.9087 -1249.4134 273.8408
v -2464.7129 -1255.6852 277.5338
f 9604 9605 9606
v -2470.3992 -1256.7905 281.2173
v -2472.1789 -1247.5042 277.5385
v -2470.3983 -1256.7901 278.7544
f 9607 9608 9609
v -2472.1789 -1247.5042 277.5385
v -2471.6025 -1250.5001 273.8384
v -2470.3983 -1256.7901 278.7544
f 9610 9611 9612
v -2470.3983 -1256.7901 278.7544
v -2471.6025 -1250.5001 273.8384
v -2470.3965 -1256.7893 273.8375
f 9613 9614 9615
v -2471.6072 -1250.5022 286.3769
v -2470.3992 -1256.7905 281.2173
v -2470.4001 -1256.7910 283.6802
f 9616 9617 9618
v -2472.1803 -1247.5048 281.2394
v -2471.6072 -1250.5022 286.3769
v -2472.1812 -1247.5052 283.7063
f 9619 9620 9621
v -2470.3992 -1256.7905 281.2173
v -2472.1803 -1247.5048 281.2394
v -2472.1789 -1247.5042 277.5385
f 9622 9623 9624
v -2471.6025 -1250.5001 273.8384
v -2472.1789 -1247.5042 277.5385
v -2472.1775 -1247.5036 273.8387
f 9625 9626 9627
v -2470.3992 -1256.7905 281.2173
v -2471.6072 -1250.5022 286.3769
v -2472.1803 -1247.5048 281.2394
f 9628 9629 9630
v -2464.7152 -1255.6862 283.6916
v -2467.4806 -1256.2238 283.6864
v -2467.1113 -1256.1508 277.9918
f 9631 9632 9633
v -2470.4001 -1256.7910 283.6802
v -2467.1113 -1256.1508 277.9918
v -2467.4806 -1256.2238 283.6864
f 9634 9635 9636
v -2467.1113 -1256.1508 277.9918
v -2470.3992 -1256.7905 281.2173
v -2470.3983 -1256.7901 278.7544
f 9637 9638 9639
v -2470.3983 -1256.7901 278.7544
v -2468.6655 -1256.4529 273.8382
v -2467.1113 -1256.1508 277.9918
f 9640 9641 9642
v -2472.1803 -1247.5048 281.2394
v -2472.1812 -1247.5052 283.7063
v -2469.3437 -1246.9559 283.7005
f 9643 9644 9645
v -2472.1789 -1247.5042 277.5385
v -2469.3437 -1246.9559 283.7005
v -2466.4873 -1246.4025 283.6938
f 9646 9647 9648
v -2468.9762 -1246.8838 277.5319
v -2466.4873 -1246.4025 283.6938
v -2466.4850 -1246.4016 277.5270
f 9649 9650 9651
v -2466.4850 -1246.4016 277.5270
v -2466.4836 -1246.4008 273.8412
v -2468.9762 -1246.8838 277.5319
f 9652 9653 9654

g building_ID_09E9959E-3D45-4BE4-886E-820DF203BA20
v -2476.0671 -1257.8928 283.6698
v -2477.2761 -1251.5840 286.3745
v -2477.9240 -1258.2538 283.6660
f 9655 9656 9657
v -2483.1101 -1252.6964 286.3720
v -2477.9240 -1258.2538 283.6660
v -2477.2761 -1251.5840 286.3745
f 9658 9659 9660
v -2483.1101 -1252.6964 286.3720
v -2481.9051 -1259.0281 283.6582
v -2477.9240 -1258.2538 283.6660
f 9661 9662 9663
v -2480.7906 -1249.1731 283.7247
v -2477.2761 -1251.5840 286.3745
v -2477.8451 -1248.6030 283.7189
f 9664 9665 9666
v -2483.1101 -1252.6964 286.3720
v -2480.7906 -1249.1731 283.7247
v -2483.6731 -1249.7314 283.7304
f 9667 9668 9669
v -2477.2761 -1251.5840 286.3745
v -2480.7906 -1249.1731 283.7247
v -2483.1101 -1252.6964 286.3720
f 9670 9671 9672
v -2476.0661 -1257.8923 281.2109
v -2476.0671 -1257.8928 283.6698
v -2477.9240 -1258.2538 283.6660
f 9673 9674 9675
v -2476.0652 -1257.8919 278.7519
v -2476.0661 -1257.8923 281.2109
v -2477.9240 -1258.2538 283.6660
f 9676 9677 9678
v -2476.0633 -1257.8911 273.8351
v -2480.0793 -1258.6721 279.0522
v -2479.7122 -1258.6002 273.8335
f 9679 9680 9681
v -2477.9240 -1258.2538 283.6660
v -2480.0793 -1258.6721 279.0522
v -2476.0633 -1257.8911 273.8351
f 9682 9683 9684
v -2481.9051 -1259.0281 283.6582
v -2480.0793 -1258.6721 279.0522
v -2477.9240 -1258.2538 283.6660
f 9685 9686 9687
v -2481.9013 -1259.0264 273.8326
v -2479.7122 -1258.6002 273.8335
v -2480.0793 -1258.6721 279.0522
f 9688 9689 9690
v -2483.6703 -1249.7301 276.3077
v -2480.7906 -1249.1731 283.7247
v -2483.6693 -1249.7297 273.8338
f 9691 9692 9693
v -2479.2982 -1248.8834 273.8357
v -2483.6693 -1249.7297 273.8338
v -2480.7906 -1249.1731 283.7247
f 9694 9695 9696
v -2479.2982 -1248.8834 273.8357
v -2480.7906 -1249.1731 283.7247
v -2477.8414 -1248.6014 273.8363
f 9697 9698 9699
v -2477.8433 -1248.6021 278.7701
v -2477.8414 -1248.6014 273.8363
v -2480.7906 -1249.1731 283.7247
f 9700 9701 9702
v -2479.7122 -1258.6002 273.8335
v -2481.9013 -1259.0264 273.8326
v -2483.1053 -1252.6941 273.8334
f 9703 9704 9705
v -2479.7122 -1258.6002 273.8335
v -2477.2714 -1251.5819 273.8360
v -2476.0633 -1257.8911 273.8351
f 9706 9707 9708
v -2483.1053 -1252.6941 273.8334
v -2483.6693 -1249.7297 273.8338
v -2479.7122 -1258.6002 273.8335
f 9709 9710 9711
v -2479.7122 -1258.6002 273.8335
v -2483.6693 -1249.7297 273.8338
v -2477.2714 -1251.5819 273.8360
f 9712 9713 9714
v -2477.8414 -1248.6014 273.8363
v -2477.2714 -1251.5819 273.8360
v -2479.2982 -1248.8834 273.8357
f 9715 9716 9717
v -2483.6693 -1249.7297 273.8338
v -2479.2982 -1248.8834 273.8357
v -2477.2714 -1251.5819 273.8360
f 9718 9719 9720
v -2477.8442 -1248.6026 281.2450
v -2477.8451 -1248.6030 283.7189
v -2477.2761 -1251.5840 286.3745
f 9721 9722 9723
v -2476.0661 -1257.8923 281.2109
v -2477.8433 -1248.6021 278.7701
v -2477.8442 -1248.6026 281.2450
f 9724 9725 9726
v -2477.8433 -1248.6021 278.7701
v -2477.2714 -1251.5819 273.8360
v -2477.8414 -1248.6014 273.8363
f 9727 9728 9729
v -2477.8442 -1248.6026 281.2450
v -2477.2761 -1251.5840 286.3745
v -2476.0661 -1257.8923 281.2109
f 9730 9731 9732
v -2477.8433 -1248.6021 278.7701
v -2476.0661 -1257.8923 281.2109
v -2476.0652 -1257.8919 278.7519
f 9733 9734 9735
v -2477.2714 -1251.5819 273.8360
v -2477.8433 -1248.6021 278.7701
v -2476.0652 -1257.8919 278.7519
f 9736 9737 9738
v -2476.0652 -1257.8919 278.7519
v -2476.0633 -1257.8911 273.8351
v -2477.2714 -1251.5819 273.8360
f 9739 9740 9741
v -2476.0671 -1257.8928 283.6698
v -2476.0661 -1257.8923 281.2109
v -2477.2761 -1251.5840 286.3745
f 9742 9743 9744
v -2481.9013 -1259.0264 273.8326
v -2481.9041 -1259.0276 281.1993
v -2483.6731 -1249.7314 283.7304
f 9745 9746 9747
v -2483.6703 -1249.7301 276.3077
v -2483.1053 -1252.6941 273.8334
v -2481.9013 -1259.0264 273.8326
f 9748 9749 9750
v -2483.1101 -1252.6964 286.3720
v -2481.9041 -1259.0276 281.1993
v -2481.9051 -1259.0281 283.6582
f 9751 9752 9753
v -2481.9013 -1259.0264 273.8326
v -2483.6731 -1249.7314 283.7304
v -2483.6703 -1249.7301 276.3077
f 9754 9755 9756
v -2483.1053 -1252.6941 273.8334
v -2483.6703 -1249.7301 276.3077
v -2483.6693 -1249.7297 273.8338
f 9757 9758 9759
v -2483.1101 -1252.6964 286.3720
v -2483.6731 -1249.7314 283.7304
v -2481.9041 -1259.0276 281.1993
f 9760 9761 9762
v -2477.9240 -1258.2538 283.6660
v -2476.0633 -1257.8911 273.8351
v -2476.0652 -1257.8919 278.7519
f 9763 9764 9765
v -2480.0793 -1258.6721 279.0522
v -2481.9051 -1259.0281 283.6582
v -2481.9041 -1259.0276 281.1993
f 9766 9767 9768
v -2480.0793 -1258.6721 279.0522
v -2481.9041 -1259.0276 281.1993
v -2481.9013 -1259.0264 273.8326
f 9769 9770 9771
v -2483.6703 -1249.7301 276.3077
v -2483.6731 -1249.7314 283.7304
v -2480.7906 -1249.1731 283.7247
f 9772 9773 9774
v -2480.7906 -1249.1731 283.7247
v -2477.8451 -1248.6030 283.7189
v -2477.8442 -1248.6026 281.2450
f 9775 9776 9777
v -2480.7906 -1249.1731 283.7247
v -2477.8442 -1248.6026 281.2450
v -2477.8433 -1248.6021 278.7701
f 9778 9779 9780

g building_ID_FD999091-55F7-42A8-B564-AEA9694E0286
v -2433.5941 -1268.1179 278.9333
v -2438.8595 -1265.8280 280.4136
v -2438.2505 -1269.0143 278.9112
f 9781 9782 9783
v -2438.8595 -1265.8280 280.4136
v -2433.5941 -1268.1179 278.9333
v -2433.9522 -1266.1510 279.8594
f 9784 9785 9786
v -2433.9522 -1266.1510 279.8594
v -2432.4445 -1265.8771 279.8601
v -2432.6595 -1264.6957 280.4162
f 9787 9788 9789
v -2438.8595 -1265.8280 280.4136
v -2433.9522 -1266.1510 279.8594
v -2432.6595 -1264.6957 280.4162
f 9790 9791 9792
v -2433.2370 -1261.7448 278.8897
v -2433.2787 -1261.3007 278.6648
v -2433.3246 -1261.2735 278.6467
f 9793 9794 9795
v -2438.8595 -1265.8280 280.4136
v -2432.6595 -1264.6957 280.4162
v -2432.8948 -1263.4049 279.7504
f 9796 9797 9798
v -2433.2787 -1261.3007 278.6648
v -2433.2370 -1261.7448 278.8897
v -2432.8948 -1263.4049 279.7504
f 9799 9800 9801
v -2432.8948 -1263.4049 279.7504
v -2439.4190 -1262.8933 278.8971
v -2438.8595 -1265.8280 280.4136
f 9802 9803 9804
v -2433.2370 -1261.7448 278.8897
v -2439.4190 -1262.8933 278.8971
v -2432.8948 -1263.4049 279.7504
f 9805 9806 9807
v -2438.2485 -1269.0134 273.6295
v -2433.5922 -1268.1169 273.6315
v -2438.2505 -1269.0143 278.9112
f 9808 9809 9810
v -2433.9499 -1266.1500 273.6317
v -2433.9522 -1266.1510 279.8594
v -2433.5941 -1268.1179 278.9333
f 9811 9812 9813
v -2433.9499 -1266.1500 273.6317
v -2433.5941 -1268.1179 278.9333
v -2433.5922 -1268.1169 273.6315
f 9814 9815 9816
v -2432.4422 -1265.8760 273.6324
v -2432.4445 -1265.8771 279.8601
v -2433.9499 -1266.1500 273.6317
f 9817 9818 9819
v -2432.4445 -1265.8771 279.8601
v -2433.9522 -1266.1510 279.8594
v -2433.9499 -1266.1500 273.6317
f 9820 9821 9822
v -2439.4171 -1262.8923 273.6303
v -2439.4190 -1262.8933 278.8971
v -2436.4606 -1262.3433 273.6315
f 9823 9824 9825
v -2433.2370 -1261.7448 278.8897
v -2433.2350 -1261.7439 273.6329
v -2436.4606 -1262.3433 273.6315
f 9826 9827 9828
v -2433.3246 -1261.2735 278.6467
v -2433.2846 -1261.2667 278.6468
v -2433.2828 -1261.2658 273.6330
f 9829 9830 9831
v -2433.0367 -1261.2205 273.6281
v -2433.2828 -1261.2658 273.6330
v -2433.2846 -1261.2667 278.6468
f 9832 9833 9834
v -2433.0367 -1261.2205 273.6281
v -2433.0385 -1261.2214 278.6539
v -2433.0749 -1261.0142 278.5899
f 9835 9836 9837
v -2433.0731 -1261.0134 273.6281
v -2433.0749 -1261.0142 278.5899
v -2427.4142 -1259.9624 278.5862
f 9838 9839 9840
v -2432.6470 -1264.7614 278.6463
v -2426.7352 -1263.6812 278.6488
v -2426.9828 -1262.3237 279.3129
f 9841 9842 9843
v -2426.9828 -1262.3237 279.3129
v -2432.8946 -1263.4048 279.3104
v -2432.6470 -1264.7614 278.6463
f 9844 9845 9846
v -2426.7333 -1263.6803 273.6300
v -2426.7352 -1263.6812 278.6488
v -2432.6451 -1264.7605 273.6295
f 9847 9848 9849
v -2438.2485 -1269.0134 273.6295
v -2439.4190 -1262.8933 278.8971
v -2438.8570 -1265.8269 273.6299
f 9850 9851 9852
v -2438.2485 -1269.0134 273.6295
v -2438.2505 -1269.0143 278.9112
v -2439.4190 -1262.8933 278.8971
f 9853 9854 9855
v -2439.4190 -1262.8933 278.8971
v -2439.4171 -1262.8923 273.6303
v -2438.8570 -1265.8269 273.6299
f 9856 9857 9858
v -2438.2505 -1269.0143 278.9112
v -2438.8595 -1265.8280 280.4136
v -2439.4190 -1262.8933 278.8971
f 9859 9860 9861
v -2433.2350 -1261.7439 273.6329
v -2433.2370 -1261.7448 278.8897
v -2433.2469 -1261.6790 273.6329
f 9862 9863 9864
v -2433.3228 -1261.2727 273.6329
v -2433.2469 -1261.6790 273.6329
v -2433.2370 -1261.7448 278.8897
f 9865 9866 9867
v -2433.3228 -1261.2727 273.6329
v -2433.2370 -1261.7448 278.8897
v -2433.3246 -1261.2735 278.6467
f 9868 9869 9870
v -2432.8946 -1263.4048 279.3104
v -2433.2787 -1261.3007 278.6648
v -2432.8948 -1263.4049 279.7504
f 9871 9872 9873
v -2432.6595 -1264.6957 280.4162
v -2432.8946 -1263.4048 279.3104
v -2432.8948 -1263.4049 279.7504
f 9874 9875 9876
v -2432.4445 -1265.8771 279.8601
v -2432.6470 -1264.7614 278.6463
v -2432.6595 -1264.6957 280.4162
f 9877 9878 9879
v -2432.8946 -1263.4048 279.3104
v -2432.6595 -1264.6957 280.4162
v -2432.6470 -1264.7614 278.6463
f 9880 9881 9882
v -2432.4445 -1265.8771 279.8601
v -2432.4422 -1265.8760 273.6324
v -2432.6470 -1264.7614 278.6463
f 9883 9884 9885
v -2432.6470 -1264.7614 278.6463
v -2432.4422 -1265.8760 273.6324
v -2432.6451 -1264.7605 273.6295
f 9886 9887 9888
v -2426.9806 -1262.3228 273.6301
v -2427.4124 -1259.9616 273.6304
v -2427.4142 -1259.9624 278.5862
f 9889 9890 9891
v -2426.9828 -1262.3237 279.3129
v -2426.9806 -1262.3228 273.6301
v -2427.4142 -1259.9624 278.5862
f 9892 9893 9894
v -2426.9806 -1262.3228 273.6301
v -2426.7352 -1263.6812 278.6488
v -2426.7333 -1263.6803 273.6300
f 9895 9896 9897
v -2426.9828 -1262.3237 279.3129
v -2426.7352 -1263.6812 278.6488
v -2426.9806 -1262.3228 273.6301
f 9898 9899 9900
v -2439.4171 -1262.8923 273.6303
v -2436.4606 -1262.3433 273.6315
v -2438.8570 -1265.8269 273.6299
f 9901 9902 9903
v -2433.9499 -1266.1500 273.6317
v -2438.2485 -1269.0134 273.6295
v -2438.8570 -1265.8269 273.6299
f 9904 9905 9906
v -2436.4606 -1262.3433 273.6315
v -2432.6451 -1264.7605 273.6295
v -2438.8570 -1265.8269 273.6299
f 9907 9908 9909
v -2433.5922 -1268.1169 273.6315
v -2438.2485 -1269.0134 273.6295
v -2433.9499 -1266.1500 273.6317
f 9910 9911 9912
v -2433.2828 -1261.2658 273.6330
v -2433.2469 -1261.6790 273.6329
v -2433.3228 -1261.2727 273.6329
f 9913 9914 9915
v -2433.2350 -1261.7439 273.6329
v -2433.2469 -1261.6790 273.6329
v -2427.4124 -1259.9616 273.6304
f 9916 9917 9918
v -2433.0367 -1261.2205 273.6281
v -2433.0731 -1261.0134 273.6281
v -2427.4124 -1259.9616 273.6304
f 9919 9920 9921
v -2433.2469 -1261.6790 273.6329
v -2433.2828 -1261.2658 273.6330
v -2433.0367 -1261.2205 273.6281
f 9922 9923 9924
v -2433.0367 -1261.2205 273.6281
v -2427.4124 -1259.9616 273.6304
v -2433.2469 -1261.6790 273.6329
f 9925 9926 9927
v -2426.9806 -1262.3228 273.6301
v -2433.2350 -1261.7439 273.6329
v -2427.4124 -1259.9616 273.6304
f 9928 9929 9930
v -2432.6451 -1264.7605 273.6295
v -2433.9499 -1266.1500 273.6317
v -2438.8570 -1265.8269 273.6299
f 9931 9932 9933
v -2433.9499 -1266.1500 273.6317
v -2432.6451 -1264.7605 273.6295
v -2432.4422 -1265.8760 273.6324
f 9934 9935 9936
v -2433.2350 -1261.7439 273.6329
v -2432.6451 -1264.7605 273.6295
v -2436.4606 -1262.3433 273.6315
f 9937 9938 9939
v -2426.7333 -1263.6803 273.6300
v -2432.6451 -1264.7605 273.6295
v -2426.9806 -1262.3228 273.6301
f 9940 9941 9942
v -2432.6451 -1264.7605 273.6295
v -2433.2350 -1261.7439 273.6329
v -2426.9806 -1262.3228 273.6301
f 9943 9944 9945
v -2433.2846 -1261.2667 278.6468
v -2433.3246 -1261.2735 278.6467
v -2433.2787 -1261.3007 278.6648
f 9946 9947 9948
v -2433.2787 -1261.3007 278.6648
v -2432.8946 -1263.4048 279.3104
v -2433.0385 -1261.2214 278.6539
f 9949 9950 9951
v -2433.0385 -1261.2214 278.6539
v -2426.9828 -1262.3237 279.3129
v -2427.4142 -1259.9624 278.5862
f 9952 9953 9954
v -2433.0385 -1261.2214 278.6539
v -2433.2846 -1261.2667 278.6468
v -2433.2787 -1261.3007 278.6648
f 9955 9956 9957
v -2427.4142 -1259.9624 278.5862
v -2433.0749 -1261.0142 278.5899
v -2433.0385 -1261.2214 278.6539
f 9958 9959 9960
v -2426.9828 -1262.3237 279.3129
v -2433.0385 -1261.2214 278.6539
v -2432.8946 -1263.4048 279.3104
f 9961 9962 9963
v -2433.5922 -1268.1169 273.6315
v -2433.5941 -1268.1179 278.9333
v -2438.2505 -1269.0143 278.9112
f 9964 9965 9966
v -2433.2370 -1261.7448 278.8897
v -2436.4606 -1262.3433 273.6315
v -2439.4190 -1262.8933 278.8971
f 9967 9968 9969
v -2433.3246 -1261.2735 278.6467
v -2433.2828 -1261.2658 273.6330
v -2433.3228 -1261.2727 273.6329
f 9970 9971 9972
v -2433.0367 -1261.2205 273.6281
v -2433.2846 -1261.2667 278.6468
v -2433.0385 -1261.2214 278.6539
f 9973 9974 9975
v -2433.0367 -1261.2205 273.6281
v -2433.0749 -1261.0142 278.5899
v -2433.0731 -1261.0134 273.6281
f 9976 9977 9978
v -2433.0731 -1261.0134 273.6281
v -2427.4142 -1259.9624 278.5862
v -2427.4124 -1259.9616 273.6304
f 9979 9980 9981
v -2426.7352 -1263.6812 278.6488
v -2432.6470 -1264.7614 278.6463
v -2432.6451 -1264.7605 273.6295
f 9982 9983 9984

g building_ID_1B4D8249-E304-45FC-84DA-0BBCB6762508
v -2428.6653 -1251.5230 283.5172
v -2428.0071 -1255.1667 283.5038
v -2422.0924 -1254.0941 286.5061
f 9985 9986 9987
v -2422.0924 -1254.0941 286.5061
v -2423.1946 -1248.2403 286.5069
v -2428.6653 -1251.5230 283.5172
f 9988 9989 9990
v -2428.6653 -1251.5230 283.5172
v -2423.1946 -1248.2403 286.5069
v -2429.0663 -1249.3030 283.5265
f 9991 9992 9993
v -2419.3347 -1249.8480 283.1781
v -2423.1946 -1248.2403 286.5069
v -2418.6805 -1253.4708 283.2036
f 9994 9995 9996
v -2419.9015 -1253.6967 284.3861
v -2418.6805 -1253.4708 283.2036
v -2423.1946 -1248.2403 286.5069
f 9997 9998 9999
v -2423.1946 -1248.2403 286.5069
v -2419.3347 -1249.8480 283.1781
v -2419.7388 -1247.6140 283.1624
f 10000 10001 10002
v -2422.0924 -1254.0941 286.5061
v -2419.9015 -1253.6967 284.3861
v -2423.1946 -1248.2403 286.5069
f 10003 10004 10005
v -2428.6271 -1251.7104 273.4576
v -2428.0052 -1255.1659 278.4690
v -2428.6653 -1251.5230 283.5172
f 10006 10007 10008
v -2428.0061 -1255.1663 280.9869
v -2428.0071 -1255.1667 283.5038
v -2428.6653 -1251.5230 283.5172
f 10009 10010 10011
v -2428.6653 -1251.5230 283.5172
v -2428.0052 -1255.1659 278.4690
v -2428.0061 -1255.1663 280.9869
f 10012 10013 10014
v -2428.6271 -1251.7104 273.4576
v -2428.0034 -1255.1651 273.4572
v -2428.0052 -1255.1659 278.4690
f 10015 10016 10017
v -2428.6271 -1251.7104 273.4576
v -2428.6653 -1251.5230 283.5172
v -2429.0650 -1249.3024 279.7507
f 10018 10019 10020
v -2429.0650 -1249.3024 279.7507
v -2429.0626 -1249.3012 273.4579
v -2428.6271 -1251.7104 273.4576
f 10021 10022 10023
v -2418.6779 -1253.4695 275.8969
v -2419.7352 -1247.6123 273.4618
v -2419.3347 -1249.8480 283.1781
f 10024 10025 10026
v -2419.7374 -1247.6134 279.5086
v -2419.7388 -1247.6140 283.1624
v -2419.3347 -1249.8480 283.1781
f 10027 10028 10029
v -2419.3347 -1249.8480 283.1781
v -2418.6805 -1253.4708 283.2036
v -2418.6796 -1253.4703 280.7677
f 10030 10031 10032
v -2419.3347 -1249.8480 283.1781
v -2418.6796 -1253.4703 280.7677
v -2418.6787 -1253.4700 278.3318
f 10033 10034 10035
v -2418.6787 -1253.4700 278.3318
v -2418.6779 -1253.4695 275.8969
v -2419.3347 -1249.8480 283.1781
f 10036 10037 10038
v -2419.1401 -1250.9069 273.4614
v -2419.7352 -1247.6123 273.4618
v -2418.6779 -1253.4695 275.8969
f 10039 10040 10041
v -2418.6769 -1253.4691 273.4610
v -2419.1401 -1250.9069 273.4614
v -2418.6779 -1253.4695 275.8969
f 10042 10043 10044
v -2419.8975 -1253.6948 273.4605
v -2419.1401 -1250.9069 273.4614
v -2418.6769 -1253.4691 273.4610
f 10045 10046 10047
v -2423.1898 -1248.2381 273.4604
v -2419.7352 -1247.6123 273.4618
v -2419.1401 -1250.9069 273.4614
f 10048 10049 10050
v -2419.1401 -1250.9069 273.4614
v -2419.8975 -1253.6948 273.4605
v -2422.0876 -1254.0919 273.4596
f 10051 10052 10053
v -2419.1401 -1250.9069 273.4614
v -2428.0034 -1255.1651 273.4572
v -2428.6271 -1251.7104 273.4576
f 10054 10055 10056
v -2419.1401 -1250.9069 273.4614
v -2429.0626 -1249.3012 273.4579
v -2423.1898 -1248.2381 273.4604
f 10057 10058 10059
v -2419.1401 -1250.9069 273.4614
v -2428.6271 -1251.7104 273.4576
v -2429.0626 -1249.3012 273.4579
f 10060 10061 10062
v -2428.0034 -1255.1651 273.4572
v -2419.1401 -1250.9069 273.4614
v -2422.0876 -1254.0919 273.4596
f 10063 10064 10065
v -2429.0650 -1249.3024 279.7507
v -2423.1898 -1248.2381 273.4604
v -2429.0626 -1249.3012 273.4579
f 10066 10067 10068
v -2423.1946 -1248.2403 286.5069
v -2429.0650 -1249.3024 279.7507
v -2429.0663 -1249.3030 283.5265
f 10069 10070 10071
v -2419.7374 -1247.6134 279.5086
v -2423.1946 -1248.2403 286.5069
v -2419.7388 -1247.6140 283.1624
f 10072 10073 10074
v -2419.7352 -1247.6123 273.4618
v -2423.1898 -1248.2381 273.4604
v -2419.7374 -1247.6134 279.5086
f 10075 10076 10077
v -2419.7374 -1247.6134 279.5086
v -2423.1898 -1248.2381 273.4604
v -2429.0650 -1249.3024 279.7507
f 10078 10079 10080
v -2423.1946 -1248.2403 286.5069
v -2419.7374 -1247.6134 279.5086
v -2429.0650 -1249.3024 279.7507
f 10081 10082 10083
v -2428.0052 -1255.1659 278.4690
v -2422.0876 -1254.0919 273.4596
v -2418.6787 -1253.4700 278.3318
f 10084 10085 10086
v -2422.0876 -1254.0919 273.4596
v -2418.6779 -1253.4695 275.8969
v -2418.6787 -1253.4700 278.3318
f 10087 10088 10089
v -2418.6779 -1253.4695 275.8969
v -2419.8975 -1253.6948 273.4605
v -2418.6769 -1253.4691 273.4610
f 10090 10091 10092
v -2418.6779 -1253.4695 275.8969
v -2422.0876 -1254.0919 273.4596
v -2419.8975 -1253.6948 273.4605
f 10093 10094 10095
v -2428.0052 -1255.1659 278.4690
v -2418.6787 -1253.4700 278.3318
v -2418.6796 -1253.4703 280.7677
f 10096 10097 10098
v -2428.0061 -1255.1663 280.9869
v -2418.6796 -1253.4703 280.7677
v -2419.9015 -1253.6967 284.3861
f 10099 10100 10101
v -2422.0924 -1254.0941 286.5061
v -2428.0071 -1255.1667 283.5038
v -2419.9015 -1253.6967 284.3861
f 10102 10103 10104
v -2428.0052 -1255.1659 278.4690
v -2428.0034 -1255.1651 273.4572
v -2422.0876 -1254.0919 273.4596
f 10105 10106 10107
v -2419.9015 -1253.6967 284.3861
v -2428.0071 -1255.1667 283.5038
v -2428.0061 -1255.1663 280.9869
f 10108 10109 10110
v -2428.0052 -1255.1659 278.4690
v -2418.6796 -1253.4703 280.7677
v -2428.0061 -1255.1663 280.9869
f 10111 10112 10113
v -2418.6796 -1253.4703 280.7677
v -2418.6805 -1253.4708 283.2036
v -2419.9015 -1253.6967 284.3861
f 10114 10115 10116
v -2428.6653 -1251.5230 283.5172
v -2429.0663 -1249.3030 283.5265
v -2429.0650 -1249.3024 279.7507
f 10117 10118 10119
v -2419.7374 -1247.6134 279.5086
v -2419.3347 -1249.8480 283.1781
v -2419.7352 -1247.6123 273.4618
f 10120 10121 10122

g building_ID_B0A3DEBB-1261-494F-9B4D-DA74AFDAC885
v -2429.0663 -1249.3030 283.5265
v -2423.1946 -1248.2403 286.5069
v -2429.6162 -1246.2645 283.5379
f 10123 10124 10125
v -2430.0941 -1243.6243 283.5472
v -2429.6162 -1246.2645 283.5379
v -2424.2624 -1242.5705 286.5076
f 10126 10127 10128
v -2423.1946 -1248.2403 286.5069
v -2424.2624 -1242.5705 286.5076
v -2429.6162 -1246.2645 283.5379
f 10129 10130 10131
v -2420.7655 -1241.9383 283.1241
v -2424.2624 -1242.5705 286.5076
v -2420.1921 -1245.1108 283.1457
f 10132 10133 10134
v -2423.1946 -1248.2403 286.5069
v -2419.7388 -1247.6140 283.1624
v -2420.1921 -1245.1108 283.1457
f 10135 10136 10137
v -2424.2624 -1242.5705 286.5076
v -2423.1946 -1248.2403 286.5069
v -2420.1921 -1245.1108 283.1457
f 10138 10139 10140
v -2429.0663 -1249.3030 283.5265
v -2430.0904 -1243.6226 273.4586
v -2429.0649 -1249.3024 279.7437
f 10141 10142 10143
v -2420.7655 -1241.9383 283.1241
v -2420.1921 -1245.1108 283.1457
v -2419.7352 -1247.6123 273.4618
f 10144 10145 10146
v -2420.7620 -1241.9366 273.4625
v -2420.7637 -1241.9374 278.2743
v -2419.7352 -1247.6123 273.4618
f 10147 10148 10149
v -2420.1921 -1245.1108 283.1457
v -2419.7388 -1247.6140 283.1624
v -2419.7374 -1247.6134 279.5246
f 10150 10151 10152
v -2419.7374 -1247.6134 279.5246
v -2419.7352 -1247.6123 273.4618
v -2420.1921 -1245.1108 283.1457
f 10153 10154 10155
v -2420.7620 -1241.9366 273.4625
v -2419.7352 -1247.6123 273.4618
v -2423.1898 -1248.2381 273.4604
f 10156 10157 10158
v -2423.1898 -1248.2381 273.4604
v -2429.0626 -1249.3012 273.4579
v -2420.7620 -1241.9366 273.4625
f 10159 10160 10161
v -2424.2576 -1242.5683 273.4611
v -2420.7620 -1241.9366 273.4625
v -2429.0626 -1249.3012 273.4579
f 10162 10163 10164
v -2429.0626 -1249.3012 273.4579
v -2430.0904 -1243.6226 273.4586
v -2424.2576 -1242.5683 273.4611
f 10165 10166 10167
v -2419.7374 -1247.6134 279.5246
v -2419.7388 -1247.6140 283.1624
v -2423.1946 -1248.2403 286.5069
f 10168 10169 10170
v -2419.7374 -1247.6134 279.5246
v -2423.1898 -1248.2381 273.4604
v -2419.7352 -1247.6123 273.4618
f 10171 10172 10173
v -2423.1946 -1248.2403 286.5069
v -2429.0649 -1249.3024 279.7437
v -2419.7374 -1247.6134 279.5246
f 10174 10175 10176
v -2419.7374 -1247.6134 279.5246
v -2429.0649 -1249.3024 279.7437
v -2423.1898 -1248.2381 273.4604
f 10177 10178 10179
v -2429.0649 -1249.3024 279.7437
v -2429.0626 -1249.3012 273.4579
v -2423.1898 -1248.2381 273.4604
f 10180 10181 10182
v -2429.0663 -1249.3030 283.5265
v -2429.0649 -1249.3024 279.7437
v -2423.1946 -1248.2403 286.5069
f 10183 10184 10185
v -2420.7655 -1241.9383 283.1241
v -2430.0917 -1243.6232 277.2415
v -2430.0941 -1243.6243 283.5472
f 10186 10187 10188
v -2424.2576 -1242.5683 273.4611
v -2430.0904 -1243.6226 273.4586
v -2430.0917 -1243.6232 277.2415
f 10189 10190 10191
v -2420.7655 -1241.9383 283.1241
v -2420.7637 -1241.9374 278.2743
v -2430.0917 -1243.6232 277.2415
f 10192 10193 10194
v -2420.7620 -1241.9366 273.4625
v -2424.2576 -1242.5683 273.4611
v -2420.7637 -1241.9374 278.2743
f 10195 10196 10197
v -2420.7637 -1241.9374 278.2743
v -2424.2576 -1242.5683 273.4611
v -2430.0917 -1243.6232 277.2415
f 10198 10199 10200
v -2424.2624 -1242.5705 286.5076
v -2420.7655 -1241.9383 283.1241
v -2430.0941 -1243.6243 283.5472
f 10201 10202 10203
v -2430.0904 -1243.6226 273.4586
v -2429.0663 -1249.3030 283.5265
v -2429.6162 -1246.2645 283.5379
f 10204 10205 10206
v -2429.0649 -1249.3024 279.7437
v -2430.0904 -1243.6226 273.4586
v -2429.0626 -1249.3012 273.4579
f 10207 10208 10209
v -2429.6162 -1246.2645 283.5379
v -2430.0941 -1243.6243 283.5472
v -2430.0917 -1243.6232 277.2415
f 10210 10211 10212
v -2430.0917 -1243.6232 277.2415
v -2430.0904 -1243.6226 273.4586
v -2429.6162 -1246.2645 283.5379
f 10213 10214 10215
v -2420.7637 -1241.9374 278.2743
v -2420.7655 -1241.9383 283.1241
v -2419.7352 -1247.6123 273.4618
f 10216 10217 10218

g building_ID_6F559592-42B8-4856-BBF9-F6FE29D2AA11
v -2430.5641 -1241.0230 283.5576
v -2424.2624 -1242.5705 286.5076
v -2425.3627 -1236.7275 286.5083
f 10219 10220 10221
v -2431.1514 -1237.7775 283.5700
v -2430.5641 -1241.0230 283.5576
v -2425.3627 -1236.7275 286.5083
f 10222 10223 10224
v -2424.2624 -1242.5705 286.5076
v -2430.5641 -1241.0230 283.5576
v -2430.0941 -1243.6243 283.5472
f 10225 10226 10227
v -2421.2079 -1239.4871 283.1064
v -2424.2624 -1242.5705 286.5076
v -2420.7655 -1241.9383 283.1241
f 10228 10229 10230
v -2425.3627 -1236.7275 286.5083
v -2421.2079 -1239.4871 283.1064
v -2421.8227 -1236.0854 283.0828
f 10231 10232 10233
v -2424.2624 -1242.5705 286.5076
v -2421.2079 -1239.4871 283.1064
v -2425.3627 -1236.7275 286.5083
f 10234 10235 10236
v -2430.0941 -1243.6243 283.5472
v -2430.5641 -1241.0230 283.5576
v -2430.6538 -1240.5168 278.1878
f 10237 10238 10239
v -2430.6538 -1240.5168 278.1878
v -2430.5641 -1241.0230 283.5576
v -2431.1496 -1237.7766 278.5142
f 10240 10241 10242
v -2431.1496 -1237.7766 278.5142
v -2431.1476 -1237.7757 273.4594
v -2430.6538 -1240.5168 278.1878
f 10243 10244 10245
v -2431.1476 -1237.7757 273.4594
v -2430.0904 -1243.6226 273.4586
v -2430.6538 -1240.5168 278.1878
f 10246 10247 10248
v -2421.8227 -1236.0854 283.0828
v -2421.2079 -1239.4871 283.1064
v -2421.8219 -1236.0851 280.6669
f 10249 10250 10251
v -2421.2079 -1239.4871 283.1064
v -2421.3571 -1238.6440 273.4629
v -2421.8192 -1236.0838 273.4632
f 10252 10253 10254
v -2420.7633 -1241.9372 277.0854
v -2421.3571 -1238.6440 273.4629
v -2421.2079 -1239.4871 283.1064
f 10255 10256 10257
v -2421.3571 -1238.6440 273.4629
v -2420.7633 -1241.9372 277.0854
v -2420.7620 -1241.9366 273.4625
f 10258 10259 10260
v -2425.3579 -1236.7253 273.4618
v -2421.8192 -1236.0838 273.4632
v -2421.3571 -1238.6440 273.4629
f 10261 10262 10263
v -2421.3571 -1238.6440 273.4629
v -2431.1476 -1237.7757 273.4594
v -2425.3579 -1236.7253 273.4618
f 10264 10265 10266
v -2431.1476 -1237.7757 273.4594
v -2421.3571 -1238.6440 273.4629
v -2430.0904 -1243.6226 273.4586
f 10267 10268 10269
v -2424.2576 -1242.5683 273.4611
v -2421.3571 -1238.6440 273.4629
v -2420.7620 -1241.9366 273.4625
f 10270 10271 10272
v -2430.0904 -1243.6226 273.4586
v -2421.3571 -1238.6440 273.4629
v -2424.2576 -1242.5683 273.4611
f 10273 10274 10275
v -2420.7633 -1241.9372 277.0854
v -2420.7655 -1241.9383 283.1241
v -2430.0922 -1243.6234 278.4924
f 10276 10277 10278
v -2424.2624 -1242.5705 286.5076
v -2430.0941 -1243.6243 283.5472
v -2420.7655 -1241.9383 283.1241
f 10279 10280 10281
v -2420.7633 -1241.9372 277.0854
v -2430.0922 -1243.6234 278.4924
v -2424.2576 -1242.5683 273.4611
f 10282 10283 10284
v -2430.0922 -1243.6234 278.4924
v -2420.7655 -1241.9383 283.1241
v -2430.0941 -1243.6243 283.5472
f 10285 10286 10287
v -2420.7633 -1241.9372 277.0854
v -2424.2576 -1242.5683 273.4611
v -2420.7620 -1241.9366 273.4625
f 10288 10289 10290
v -2430.0904 -1243.6226 273.4586
v -2424.2576 -1242.5683 273.4611
v -2430.0922 -1243.6234 278.4924
f 10291 10292 10293
v -2431.1496 -1237.7766 278.5142
v -2431.1504 -1237.7771 281.0421
v -2421.8219 -1236.0851 280.6669
f 10294 10295 10296
v -2431.1496 -1237.7766 278.5142
v -2425.3579 -1236.7253 273.4618
v -2431.1476 -1237.7757 273.4594
f 10297 10298 10299
v -2425.3627 -1236.7275 286.5083
v -2431.1504 -1237.7771 281.0421
v -2431.1514 -1237.7775 283.5700
f 10300 10301 10302
v -2421.8219 -1236.0851 280.6669
v -2425.3627 -1236.7275 286.5083
v -2421.8227 -1236.0854 283.0828
f 10303 10304 10305
v -2421.8219 -1236.0851 280.6669
v -2421.8210 -1236.0846 278.2520
v -2431.1496 -1237.7766 278.5142
f 10306 10307 10308
v -2421.8192 -1236.0838 273.4632
v -2425.3579 -1236.7253 273.4618
v -2421.8210 -1236.0846 278.2520
f 10309 10310 10311
v -2421.8210 -1236.0846 278.2520
v -2425.3579 -1236.7253 273.4618
v -2431.1496 -1237.7766 278.5142
f 10312 10313 10314
v -2425.3627 -1236.7275 286.5083
v -2421.8219 -1236.0851 280.6669
v -2431.1504 -1237.7771 281.0421
f 10315 10316 10317
v -2430.6538 -1240.5168 278.1878
v -2430.0922 -1243.6234 278.4924
v -2430.0941 -1243.6243 283.5472
f 10318 10319 10320
v -2430.0922 -1243.6234 278.4924
v -2430.6538 -1240.5168 278.1878
v -2430.0904 -1243.6226 273.4586
f 10321 10322 10323
v -2430.5641 -1241.0230 283.5576
v -2431.1514 -1237.7775 283.5700
v -2431.1504 -1237.7771 281.0421
f 10324 10325 10326
v -2430.5641 -1241.0230 283.5576
v -2431.1504 -1237.7771 281.0421
v -2431.1496 -1237.7766 278.5142
f 10327 10328 10329
v -2421.2079 -1239.4871 283.1064
v -2421.8210 -1236.0846 278.2520
v -2421.8219 -1236.0851 280.6669
f 10330 10331 10332
v -2421.8210 -1236.0846 278.2520
v -2421.2079 -1239.4871 283.1064
v -2421.8192 -1236.0838 273.4632
f 10333 10334 10335
v -2421.2079 -1239.4871 283.1064
v -2420.7655 -1241.9383 283.1241
v -2420.7633 -1241.9372 277.0854
f 10336 10337 10338

g building_ID_3F53DF4F-99D2-409A-8BCF-8CCD38356625
v -2462.2770 -1255.2128 283.6956
v -2465.9124 -1249.4156 286.3793
v -2464.7152 -1255.6862 283.6916
f 10339 10340 10341
v -2462.2770 -1255.2128 283.6956
v -2458.8432 -1254.5450 283.7021
v -2460.0695 -1248.3013 286.3818
f 10342 10343 10344
v -2465.9124 -1249.4156 286.3793
v -2462.2770 -1255.2128 283.6956
v -2460.0695 -1248.3013 286.3818
f 10345 10346 10347
v -2464.2302 -1245.9656 283.6897
v -2460.0695 -1248.3013 286.3818
v -2460.6623 -1245.2742 283.6812
f 10348 10349 10350
v -2464.2302 -1245.9656 283.6897
v -2466.4873 -1246.4025 283.6938
v -2465.9124 -1249.4156 286.3793
f 10351 10352 10353
v -2460.0695 -1248.3013 286.3818
v -2464.2302 -1245.9656 283.6897
v -2465.9124 -1249.4156 286.3793
f 10354 10355 10356
v -2458.8432 -1254.5450 283.7021
v -2462.2092 -1255.1982 273.8411
v -2458.8395 -1254.5433 273.8425
f 10357 10358 10359
v -2462.2092 -1255.1982 273.8411
v -2462.2770 -1255.2128 283.6956
v -2464.7152 -1255.6862 283.6916
f 10360 10361 10362
v -2466.4854 -1246.4017 278.7670
v -2466.4873 -1246.4025 283.6938
v -2464.2545 -1245.9688 273.8421
f 10363 10364 10365
v -2466.4836 -1246.4008 273.8412
v -2466.4854 -1246.4017 278.7670
v -2464.2545 -1245.9688 273.8421
f 10366 10367 10368
v -2458.8395 -1254.5433 273.8425
v -2462.2092 -1255.1982 273.8411
v -2464.2545 -1245.9688 273.8421
f 10369 10370 10371
v -2465.9077 -1249.4134 273.8408
v -2462.2092 -1255.1982 273.8411
v -2464.7115 -1255.6845 273.8400
f 10372 10373 10374
v -2464.2545 -1245.9688 273.8421
v -2465.9077 -1249.4134 273.8408
v -2466.4836 -1246.4008 273.8412
f 10375 10376 10377
v -2464.2545 -1245.9688 273.8421
v -2460.6586 -1245.2725 273.8436
v -2458.8395 -1254.5433 273.8425
f 10378 10379 10380
v -2464.2545 -1245.9688 273.8421
v -2462.2092 -1255.1982 273.8411
v -2465.9077 -1249.4134 273.8408
f 10381 10382 10383
v -2458.8432 -1254.5450 283.7021
v -2460.6586 -1245.2725 273.8436
v -2460.6623 -1245.2742 283.6812
f 10384 10385 10386
v -2458.8432 -1254.5450 283.7021
v -2460.6623 -1245.2742 283.6812
v -2460.0695 -1248.3013 286.3818
f 10387 10388 10389
v -2458.8395 -1254.5433 273.8425
v -2460.6586 -1245.2725 273.8436
v -2458.8432 -1254.5450 283.7021
f 10390 10391 10392
v -2464.7152 -1255.6862 283.6916
v -2465.9077 -1249.4134 273.8408
v -2464.7115 -1255.6845 273.8400
f 10393 10394 10395
v -2465.9077 -1249.4134 273.8408
v -2464.7152 -1255.6862 283.6916
v -2466.4854 -1246.4017 278.7670
f 10396 10397 10398
v -2466.4854 -1246.4017 278.7670
v -2465.9124 -1249.4156 286.3793
v -2466.4873 -1246.4025 283.6938
f 10399 10400 10401
v -2465.9077 -1249.4134 273.8408
v -2466.4854 -1246.4017 278.7670
v -2466.4836 -1246.4008 273.8412
f 10402 10403 10404
v -2466.4854 -1246.4017 278.7670
v -2464.7152 -1255.6862 283.6916
v -2465.9124 -1249.4156 286.3793
f 10405 10406 10407
v -2458.8432 -1254.5450 283.7021
v -2462.2770 -1255.2128 283.6956
v -2462.2092 -1255.1982 273.8411
f 10408 10409 10410
v -2464.7152 -1255.6862 283.6916
v -2464.7115 -1255.6845 273.8400
v -2462.2092 -1255.1982 273.8411
f 10411 10412 10413
v -2466.4873 -1246.4025 283.6938
v -2464.2302 -1245.9656 283.6897
v -2464.2545 -1245.9688 273.8421
f 10414 10415 10416
v -2460.6623 -1245.2742 283.6812
v -2464.2545 -1245.9688 273.8421
v -2464.2302 -1245.9656 283.6897
f 10417 10418 10419
v -2464.2545 -1245.9688 273.8421
v -2460.6623 -1245.2742 283.6812
v -2460.6586 -1245.2725 273.8436
f 10420 10421 10422

g building_ID_4DA0B0F7-0921-420C-B20C-05F0E2D3FA31
v -2433.5412 -1216.0748 286.5231
v -2432.3487 -1222.2214 283.7955
v -2429.9445 -1221.7549 283.7975
f 10423 10424 10425
v -2429.9445 -1221.7549 283.7975
v -2426.5347 -1221.0921 283.8000
v -2427.7122 -1214.9474 286.5256
f 10426 10427 10428
v -2433.5412 -1216.0748 286.5231
v -2429.9445 -1221.7549 283.7975
v -2427.7122 -1214.9474 286.5256
f 10429 10430 10431
v -2427.7122 -1214.9474 286.5256
v -2428.3177 -1211.7813 283.7442
v -2431.7365 -1212.4452 283.7457
f 10432 10433 10434
v -2433.5412 -1216.0748 286.5231
v -2431.7365 -1212.4452 283.7457
v -2434.1527 -1212.9146 283.7457
f 10435 10436 10437
v -2427.7122 -1214.9474 286.5256
v -2431.7365 -1212.4452 283.7457
v -2433.5412 -1216.0748 286.5231
f 10438 10439 10440
v -2426.5338 -1221.0916 281.2901
v -2426.5347 -1221.0921 283.8000
v -2429.9445 -1221.7549 283.7975
f 10441 10442 10443
v -2426.5311 -1221.0904 273.7584
v -2426.5338 -1221.0916 281.2901
v -2429.9390 -1221.7527 277.1288
f 10444 10445 10446
v -2426.5311 -1221.0904 273.7584
v -2429.9390 -1221.7527 277.1288
v -2432.3450 -1222.2197 273.7559
f 10447 10448 10449
v -2429.9445 -1221.7549 283.7975
v -2432.3487 -1222.2214 283.7955
v -2429.9390 -1221.7527 277.1288
f 10450 10451 10452
v -2432.3487 -1222.2214 283.7955
v -2432.3450 -1222.2197 273.7559
v -2429.9390 -1221.7527 277.1288
f 10453 10454 10455
v -2434.1490 -1212.9130 273.7570
v -2434.1510 -1212.9139 279.3758
v -2431.6988 -1212.4375 273.7581
f 10456 10457 10458
v -2430.8677 -1212.2765 277.5023
v -2431.6988 -1212.4375 273.7581
v -2434.1510 -1212.9139 279.3758
f 10459 10460 10461
v -2431.7365 -1212.4452 283.7457
v -2430.8677 -1212.2765 277.5023
v -2434.1510 -1212.9139 279.3758
f 10462 10463 10464
v -2430.8677 -1212.2765 277.5023
v -2431.7365 -1212.4452 283.7457
v -2428.3177 -1211.7813 283.7442
f 10465 10466 10467
v -2428.3159 -1211.7806 278.7504
v -2428.3140 -1211.7797 273.7596
v -2431.6988 -1212.4375 273.7581
f 10468 10469 10470
v -2427.7075 -1214.9453 273.7591
v -2432.3450 -1222.2197 273.7559
v -2431.6988 -1212.4375 273.7581
f 10471 10472 10473
v -2432.3450 -1222.2197 273.7559
v -2427.7075 -1214.9453 273.7591
v -2426.5311 -1221.0904 273.7584
f 10474 10475 10476
v -2431.6988 -1212.4375 273.7581
v -2428.3140 -1211.7797 273.7596
v -2427.7075 -1214.9453 273.7591
f 10477 10478 10479
v -2431.6988 -1212.4375 273.7581
v -2432.3450 -1222.2197 273.7559
v -2434.1490 -1212.9130 273.7570
f 10480 10481 10482
v -2426.5311 -1221.0904 273.7584
v -2428.3159 -1211.7806 278.7504
v -2428.3177 -1211.7813 283.7442
f 10483 10484 10485
v -2428.3159 -1211.7806 278.7504
v -2427.7075 -1214.9453 273.7591
v -2428.3140 -1211.7797 273.7596
f 10486 10487 10488
v -2426.5338 -1221.0916 281.2901
v -2428.3177 -1211.7813 283.7442
v -2427.7122 -1214.9474 286.5256
f 10489 10490 10491
v -2426.5338 -1221.0916 281.2901
v -2426.5311 -1221.0904 273.7584
v -2428.3177 -1211.7813 283.7442
f 10492 10493 10494
v -2427.7075 -1214.9453 273.7591
v -2428.3159 -1211.7806 278.7504
v -2426.5311 -1221.0904 273.7584
f 10495 10496 10497
v -2426.5347 -1221.0921 283.8000
v -2426.5338 -1221.0916 281.2901
v -2427.7122 -1214.9474 286.5256
f 10498 10499 10500
v -2434.1510 -1212.9139 279.3758
v -2434.1490 -1212.9130 273.7570
v -2432.3487 -1222.2214 283.7955
f 10501 10502 10503
v -2432.3487 -1222.2214 283.7955
v -2434.1490 -1212.9130 273.7570
v -2432.3450 -1222.2197 273.7559
f 10504 10505 10506
v -2434.1510 -1212.9139 279.3758
v -2433.5412 -1216.0748 286.5231
v -2434.1527 -1212.9146 283.7457
f 10507 10508 10509
v -2432.3487 -1222.2214 283.7955
v -2433.5412 -1216.0748 286.5231
v -2434.1510 -1212.9139 279.3758
f 10510 10511 10512
v -2426.5338 -1221.0916 281.2901
v -2429.9445 -1221.7549 283.7975
v -2429.9390 -1221.7527 277.1288
f 10513 10514 10515
v -2434.1510 -1212.9139 279.3758
v -2434.1527 -1212.9146 283.7457
v -2431.7365 -1212.4452 283.7457
f 10516 10517 10518
v -2430.8677 -1212.2765 277.5023
v -2428.3177 -1211.7813 283.7442
v -2428.3159 -1211.7806 278.7504
f 10519 10520 10521
v -2428.3159 -1211.7806 278.7504
v -2431.6988 -1212.4375 273.7581
v -2430.8677 -1212.2765 277.5023
f 10522 10523 10524

g building_ID_76467DD8-EFAC-4977-B3B2-3E9D05AD6594
v -2432.3487 -1222.2214 283.7955
v -2433.5412 -1216.0748 286.5231
v -2433.8244 -1222.5085 283.7949
f 10525 10526 10527
v -2439.2161 -1217.1725 286.5208
v -2435.8705 -1222.9060 283.7931
v -2433.5412 -1216.0748 286.5231
f 10528 10529 10530
v -2439.2161 -1217.1725 286.5208
v -2438.0206 -1223.3232 283.7912
v -2435.8705 -1222.9060 283.7931
f 10531 10532 10533
v -2433.5412 -1216.0748 286.5231
v -2435.8705 -1222.9060 283.7931
v -2433.8244 -1222.5085 283.7949
f 10534 10535 10536
v -2437.0862 -1213.4848 283.7475
v -2433.5412 -1216.0748 286.5231
v -2434.1527 -1212.9146 283.7457
f 10537 10538 10539
v -2439.2161 -1217.1725 286.5208
v -2437.0862 -1213.4848 283.7475
v -2439.8276 -1214.0175 283.7482
f 10540 10541 10542
v -2433.5412 -1216.0748 286.5231
v -2437.0862 -1213.4848 283.7475
v -2439.2161 -1217.1725 286.5208
f 10543 10544 10545
v -2435.8478 -1222.9003 273.7545
v -2432.3450 -1222.2197 273.7559
v -2435.1835 -1222.7721 279.4015
f 10546 10547 10548
v -2432.3464 -1222.2203 277.5208
v -2432.3487 -1222.2214 283.7955
v -2433.8244 -1222.5085 283.7949
f 10549 10550 10551
v -2435.1835 -1222.7721 279.4015
v -2432.3450 -1222.2197 273.7559
v -2432.3464 -1222.2203 277.5208
f 10552 10553 10554
v -2435.8705 -1222.9060 283.7931
v -2438.0206 -1223.3232 283.7912
v -2435.1835 -1222.7721 279.4015
f 10555 10556 10557
v -2438.0206 -1223.3232 283.7912
v -2438.0169 -1223.3216 273.7536
v -2435.8478 -1222.9003 273.7545
f 10558 10559 10560
v -2437.0862 -1213.4848 283.7475
v -2434.1490 -1212.9130 273.7570
v -2439.8239 -1214.0158 273.7546
f 10561 10562 10563
v -2435.8478 -1222.9003 273.7545
v -2434.1490 -1212.9130 273.7570
v -2432.3450 -1222.2197 273.7559
f 10564 10565 10566
v -2439.8239 -1214.0158 273.7546
v -2435.8478 -1222.9003 273.7545
v -2438.0169 -1223.3216 273.7536
f 10567 10568 10569
v -2434.1490 -1212.9130 273.7570
v -2435.8478 -1222.9003 273.7545
v -2439.8239 -1214.0158 273.7546
f 10570 10571 10572
v -2432.3464 -1222.2203 277.5208
v -2434.1490 -1212.9130 273.7570
v -2434.1527 -1212.9146 283.7457
f 10573 10574 10575
v -2434.1527 -1212.9146 283.7457
v -2433.5412 -1216.0748 286.5231
v -2432.3487 -1222.2214 283.7955
f 10576 10577 10578
v -2432.3487 -1222.2214 283.7955
v -2432.3464 -1222.2203 277.5208
v -2434.1527 -1212.9146 283.7457
f 10579 10580 10581
v -2432.3450 -1222.2197 273.7559
v -2434.1490 -1212.9130 273.7570
v -2432.3464 -1222.2203 277.5208
f 10582 10583 10584
v -2438.0206 -1223.3232 283.7912
v -2439.8239 -1214.0158 273.7546
v -2438.0169 -1223.3216 273.7536
f 10585 10586 10587
v -2439.8276 -1214.0175 283.7482
v -2439.8239 -1214.0158 273.7546
v -2438.0206 -1223.3232 283.7912
f 10588 10589 10590
v -2439.8276 -1214.0175 283.7482
v -2438.0206 -1223.3232 283.7912
v -2439.2161 -1217.1725 286.5208
f 10591 10592 10593
v -2432.3464 -1222.2203 277.5208
v -2433.8244 -1222.5085 283.7949
v -2435.1835 -1222.7721 279.4015
f 10594 10595 10596
v -2433.8244 -1222.5085 283.7949
v -2435.8705 -1222.9060 283.7931
v -2435.1835 -1222.7721 279.4015
f 10597 10598 10599
v -2438.0206 -1223.3232 283.7912
v -2435.8478 -1222.9003 273.7545
v -2435.1835 -1222.7721 279.4015
f 10600 10601 10602
v -2437.0862 -1213.4848 283.7475
v -2439.8239 -1214.0158 273.7546
v -2439.8276 -1214.0175 283.7482
f 10603 10604 10605
v -2437.0862 -1213.4848 283.7475
v -2434.1527 -1212.9146 283.7457
v -2434.1490 -1212.9130 273.7570
f 10606 10607 10608

g building_ID_CB50B1D9-C2B0-42FC-8254-FAC89159F7C8
v -2439.2161 -1217.1725 286.5208
v -2444.8920 -1218.2703 286.5184
v -2440.2598 -1223.7582 283.7892
f 10609 10610 10611
v -2442.3719 -1224.1695 283.7873
v -2440.2598 -1223.7582 283.7892
v -2444.8920 -1218.2703 286.5184
f 10612 10613 10614
v -2444.8920 -1218.2703 286.5184
v -2443.6925 -1224.4260 283.7858
v -2442.3719 -1224.1695 283.7873
f 10615 10616 10617
v -2439.2161 -1217.1725 286.5208
v -2440.2598 -1223.7582 283.7892
v -2438.0206 -1223.3232 283.7912
f 10618 10619 10620
v -2441.7266 -1214.3864 283.7484
v -2439.2161 -1217.1725 286.5208
v -2439.8276 -1214.0175 283.7482
f 10621 10622 10623
v -2443.5595 -1214.7424 283.7487
v -2439.2161 -1217.1725 286.5208
v -2441.7266 -1214.3864 283.7484
f 10624 10625 10626
v -2443.5595 -1214.7424 283.7487
v -2445.5045 -1215.1202 283.7499
v -2444.8920 -1218.2703 286.5184
f 10627 10628 10629
v -2439.2161 -1217.1725 286.5208
v -2443.5595 -1214.7424 283.7487
v -2444.8920 -1218.2703 286.5184
f 10630 10631 10632
v -2438.0169 -1223.3216 273.7536
v -2438.0206 -1223.3232 283.7912
v -2440.2598 -1223.7582 283.7892
f 10633 10634 10635
v -2440.2598 -1223.7582 283.7892
v -2441.4047 -1223.9804 273.7521
v -2438.0169 -1223.3216 273.7536
f 10636 10637 10638
v -2443.6888 -1224.4243 273.7512
v -2441.4047 -1223.9804 273.7521
v -2442.3719 -1224.1695 283.7873
f 10639 10640 10641
v -2443.6911 -1224.4254 279.9910
v -2443.6888 -1224.4243 273.7512
v -2442.3719 -1224.1695 283.7873
f 10642 10643 10644
v -2445.5031 -1215.1196 279.9691
v -2445.5045 -1215.1202 283.7499
v -2443.5595 -1214.7424 283.7487
f 10645 10646 10647
v -2445.5008 -1215.1185 273.7523
v -2445.5031 -1215.1196 279.9691
v -2443.5595 -1214.7424 283.7487
f 10648 10649 10650
v -2441.7266 -1214.3864 283.7484
v -2439.8239 -1214.0158 273.7546
v -2443.1026 -1214.6530 273.7533
f 10651 10652 10653
v -2441.4047 -1223.9804 273.7521
v -2443.1026 -1214.6530 273.7533
v -2438.0169 -1223.3216 273.7536
f 10654 10655 10656
v -2444.8873 -1218.2681 273.7519
v -2441.4047 -1223.9804 273.7521
v -2443.6888 -1224.4243 273.7512
f 10657 10658 10659
v -2441.4047 -1223.9804 273.7521
v -2445.5008 -1215.1185 273.7523
v -2443.1026 -1214.6530 273.7533
f 10660 10661 10662
v -2439.8239 -1214.0158 273.7546
v -2438.0169 -1223.3216 273.7536
v -2443.1026 -1214.6530 273.7533
f 10663 10664 10665
v -2441.4047 -1223.9804 273.7521
v -2444.8873 -1218.2681 273.7519
v -2445.5008 -1215.1185 273.7523
f 10666 10667 10668
v -2439.8239 -1214.0158 273.7546
v -2439.8276 -1214.0175 283.7482
v -2439.2161 -1217.1725 286.5208
f 10669 10670 10671
v -2439.2161 -1217.1725 286.5208
v -2438.0206 -1223.3232 283.7912
v -2439.8239 -1214.0158 273.7546
f 10672 10673 10674
v -2439.8239 -1214.0158 273.7546
v -2438.0206 -1223.3232 283.7912
v -2438.0169 -1223.3216 273.7536
f 10675 10676 10677
v -2445.5031 -1215.1196 279.9691
v -2444.8873 -1218.2681 273.7519
v -2443.6911 -1224.4254 279.9910
f 10678 10679 10680
v -2443.6911 -1224.4254 279.9910
v -2444.8873 -1218.2681 273.7519
v -2443.6888 -1224.4243 273.7512
f 10681 10682 10683
v -2444.8920 -1218.2703 286.5184
v -2443.6911 -1224.4254 279.9910
v -2443.6925 -1224.4260 283.7858
f 10684 10685 10686
v -2445.5031 -1215.1196 279.9691
v -2444.8920 -1218.2703 286.5184
v -2445.5045 -1215.1202 283.7499
f 10687 10688 10689
v -2445.5031 -1215.1196 279.9691
v -2445.5008 -1215.1185 273.7523
v -2444.8873 -1218.2681 273.7519
f 10690 10691 10692
v -2443.6911 -1224.4254 279.9910
v -2444.8920 -1218.2703 286.5184
v -2445.5031 -1215.1196 279.9691
f 10693 10694 10695
v -2441.4047 -1223.9804 273.7521
v -2440.2598 -1223.7582 283.7892
v -2442.3719 -1224.1695 283.7873
f 10696 10697 10698
v -2442.3719 -1224.1695 283.7873
v -2443.6925 -1224.4260 283.7858
v -2443.6911 -1224.4254 279.9910
f 10699 10700 10701
v -2443.1026 -1214.6530 273.7533
v -2443.5595 -1214.7424 283.7487
v -2441.7266 -1214.3864 283.7484
f 10702 10703 10704
v -2445.5008 -1215.1185 273.7523
v -2443.5595 -1214.7424 283.7487
v -2443.1026 -1214.6530 273.7533
f 10705 10706 10707
v -2441.7266 -1214.3864 283.7484
v -2439.8276 -1214.0175 283.7482
v -2439.8239 -1214.0158 273.7546
f 10708 10709 10710

g building_ID_50EAD49C-A93E-4C92-9DC8-0C740E7323DE
v -2446.3079 -1224.9339 283.7837
v -2443.6925 -1224.4260 283.7858
v -2444.8920 -1218.2703 286.5184
f 10711 10712 10713
v -2450.7220 -1219.3986 286.5159
v -2446.3079 -1224.9339 283.7837
v -2444.8920 -1218.2703 286.5184
f 10714 10715 10716
v -2450.7220 -1219.3986 286.5159
v -2449.5405 -1225.5623 283.7823
v -2446.3079 -1224.9339 283.7837
f 10717 10718 10719
v -2451.3235 -1216.2515 283.7524
v -2444.8920 -1218.2703 286.5184
v -2445.5045 -1215.1202 283.7499
f 10720 10721 10722
v -2444.8920 -1218.2703 286.5184
v -2451.3235 -1216.2515 283.7524
v -2450.7220 -1219.3986 286.5159
f 10723 10724 10725
v -2443.6916 -1224.4255 281.2769
v -2443.6925 -1224.4260 283.7858
v -2446.3079 -1224.9339 283.7837
f 10726 10727 10728
v -2443.6888 -1224.4243 273.7512
v -2443.6916 -1224.4255 281.2769
v -2446.3079 -1224.9339 283.7837
f 10729 10730 10731
v -2443.6888 -1224.4243 273.7512
v -2446.3079 -1224.9339 283.7837
v -2447.3436 -1225.1344 273.7496
f 10732 10733 10734
v -2447.3436 -1225.1344 273.7496
v -2446.3079 -1224.9339 283.7837
v -2449.5405 -1225.5623 283.7823
f 10735 10736 10737
v -2449.5368 -1225.5606 273.7487
v -2447.3436 -1225.1344 273.7496
v -2449.5405 -1225.5623 283.7823
f 10738 10739 10740
v -2445.5027 -1215.1193 278.7491
v -2445.5008 -1215.1185 273.7523
v -2451.3197 -1216.2499 273.7498
f 10741 10742 10743
v -2443.6888 -1224.4243 273.7512
v -2447.3436 -1225.1344 273.7496
v -2444.8873 -1218.2681 273.7519
f 10744 10745 10746
v -2449.5368 -1225.5606 273.7487
v -2451.3197 -1216.2499 273.7498
v -2447.3436 -1225.1344 273.7496
f 10747 10748 10749
v -2447.3436 -1225.1344 273.7496
v -2451.3197 -1216.2499 273.7498
v -2444.8873 -1218.2681 273.7519
f 10750 10751 10752
v -2445.5008 -1215.1185 273.7523
v -2444.8873 -1218.2681 273.7519
v -2451.3197 -1216.2499 273.7498
f 10753 10754 10755
v -2443.6888 -1224.4243 273.7512
v -2445.5027 -1215.1193 278.7491
v -2445.5045 -1215.1202 283.7499
f 10756 10757 10758
v -2445.5027 -1215.1193 278.7491
v -2444.8873 -1218.2681 273.7519
v -2445.5008 -1215.1185 273.7523
f 10759 10760 10761
v -2443.6916 -1224.4255 281.2769
v -2445.5045 -1215.1202 283.7499
v -2444.8920 -1218.2703 286.5184
f 10762 10763 10764
v -2445.5045 -1215.1202 283.7499
v -2443.6916 -1224.4255 281.2769
v -2443.6888 -1224.4243 273.7512
f 10765 10766 10767
v -2444.8873 -1218.2681 273.7519
v -2445.5027 -1215.1193 278.7491
v -2443.6888 -1224.4243 273.7512
f 10768 10769 10770
v -2443.6925 -1224.4260 283.7858
v -2443.6916 -1224.4255 281.2769
v -2444.8920 -1218.2703 286.5184
f 10771 10772 10773
v -2451.3197 -1216.2499 273.7498
v -2449.5368 -1225.5606 273.7487
v -2449.5405 -1225.5623 283.7823
f 10774 10775 10776
v -2451.3197 -1216.2499 273.7498
v -2450.7220 -1219.3986 286.5159
v -2451.3235 -1216.2515 283.7524
f 10777 10778 10779
v -2449.5405 -1225.5623 283.7823
v -2450.7220 -1219.3986 286.5159
v -2451.3197 -1216.2499 273.7498
f 10780 10781 10782
v -2451.3197 -1216.2499 273.7498
v -2451.3235 -1216.2515 283.7524
v -2445.5045 -1215.1202 283.7499
f 10783 10784 10785
v -2451.3197 -1216.2499 273.7498
v -2445.5045 -1215.1202 283.7499
v -2445.5027 -1215.1193 278.7491
f 10786 10787 10788

g building_ID_57763210-5BCE-4F60-A182-8370CDCAA865
v -2471.0511 -1222.1245 283.7777
v -2470.6773 -1224.0495 283.7825
v -2464.6873 -1222.8861 286.6339
f 10789 10790 10791
v -2465.7896 -1217.0502 286.6346
v -2471.0511 -1222.1245 283.7777
v -2464.6873 -1222.8861 286.6339
f 10792 10793 10794
v -2465.7896 -1217.0502 286.6346
v -2471.8096 -1218.2195 283.7691
v -2471.0511 -1222.1245 283.7777
f 10795 10796 10797
v -2462.5088 -1216.4124 283.5651
v -2464.6873 -1222.8861 286.6339
v -2461.3774 -1222.2425 283.5374
f 10798 10799 10800
v -2464.6873 -1222.8861 286.6339
v -2462.5088 -1216.4124 283.5651
v -2465.7896 -1217.0502 286.6346
f 10801 10802 10803
v -2470.6763 -1224.0491 281.2566
v -2470.6773 -1224.0495 283.7825
v -2471.0511 -1222.1245 283.7777
f 10804 10805 10806
v -2470.6749 -1224.0484 277.4688
v -2470.6763 -1224.0491 281.2566
v -2471.0511 -1222.1245 283.7777
f 10807 10808 10809
v -2471.8058 -1218.2178 273.6805
v -2470.6735 -1224.0478 273.6799
v -2470.6749 -1224.0484 277.4688
f 10810 10811 10812
v -2462.5050 -1216.4109 273.6845
v -2461.3774 -1222.2425 283.5374
v -2461.3765 -1222.2420 281.0675
f 10813 10814 10815
v -2471.8058 -1218.2178 273.6805
v -2461.3738 -1222.2408 273.6838
v -2464.6824 -1222.8839 273.6824
f 10816 10817 10818
v -2471.8058 -1218.2178 273.6805
v -2464.6824 -1222.8839 273.6824
v -2470.6735 -1224.0478 273.6799
f 10819 10820 10821
v -2461.3738 -1222.2408 273.6838
v -2471.8058 -1218.2178 273.6805
v -2462.5050 -1216.4109 273.6845
f 10822 10823 10824
v -2461.3765 -1222.2420 281.0675
v -2461.3774 -1222.2425 283.5374
v -2464.6873 -1222.8861 286.6339
f 10825 10826 10827
v -2470.6763 -1224.0491 281.2566
v -2461.3751 -1222.2414 277.3617
v -2461.3765 -1222.2420 281.0675
f 10828 10829 10830
v -2464.6824 -1222.8839 273.6824
v -2461.3738 -1222.2408 273.6838
v -2461.3751 -1222.2414 277.3617
f 10831 10832 10833
v -2461.3765 -1222.2420 281.0675
v -2464.6873 -1222.8861 286.6339
v -2470.6763 -1224.0491 281.2566
f 10834 10835 10836
v -2461.3751 -1222.2414 277.3617
v -2470.6749 -1224.0484 277.4688
v -2464.6824 -1222.8839 273.6824
f 10837 10838 10839
v -2470.6763 -1224.0491 281.2566
v -2470.6749 -1224.0484 277.4688
v -2461.3751 -1222.2414 277.3617
f 10840 10841 10842
v -2470.6735 -1224.0478 273.6799
v -2464.6824 -1222.8839 273.6824
v -2470.6749 -1224.0484 277.4688
f 10843 10844 10845
v -2470.6773 -1224.0495 283.7825
v -2470.6763 -1224.0491 281.2566
v -2464.6873 -1222.8861 286.6339
f 10846 10847 10848
v -2471.8096 -1218.2195 283.7691
v -2462.5050 -1216.4109 273.6845
v -2471.8058 -1218.2178 273.6805
f 10849 10850 10851
v -2462.5050 -1216.4109 273.6845
v -2465.7896 -1217.0502 286.6346
v -2462.5088 -1216.4124 283.5651
f 10852 10853 10854
v -2471.8096 -1218.2195 283.7691
v -2465.7896 -1217.0502 286.6346
v -2462.5050 -1216.4109 273.6845
f 10855 10856 10857
v -2470.6749 -1224.0484 277.4688
v -2471.0511 -1222.1245 283.7777
v -2471.8058 -1218.2178 273.6805
f 10858 10859 10860
v -2471.8096 -1218.2195 283.7691
v -2471.8058 -1218.2178 273.6805
v -2471.0511 -1222.1245 283.7777
f 10861 10862 10863
v -2462.5050 -1216.4109 273.6845
v -2462.5088 -1216.4124 283.5651
v -2461.3774 -1222.2425 283.5374
f 10864 10865 10866
v -2462.5050 -1216.4109 273.6845
v -2461.3765 -1222.2420 281.0675
v -2461.3751 -1222.2414 277.3617
f 10867 10868 10869
v -2461.3751 -1222.2414 277.3617
v -2461.3738 -1222.2408 273.6838
v -2462.5050 -1216.4109 273.6845
f 10870 10871 10872

g building_ID_3CCCD427-4C7A-467E-A6A5-1953442E44E5
v -2469.5775 -1229.7175 283.7948
v -2463.6145 -1228.5640 286.6332
v -2470.0263 -1227.4053 283.7901
f 10873 10874 10875
v -2464.6873 -1222.8861 286.6339
v -2470.0263 -1227.4053 283.7901
v -2463.6145 -1228.5640 286.6332
f 10876 10877 10878
v -2464.6873 -1222.8861 286.6339
v -2470.6773 -1224.0495 283.7825
v -2470.0263 -1227.4053 283.7901
f 10879 10880 10881
v -2460.8211 -1225.1099 283.5241
v -2463.6145 -1228.5640 286.6332
v -2460.2766 -1227.9183 283.5107
f 10882 10883 10884
v -2460.8211 -1225.1099 283.5241
v -2461.3774 -1222.2425 283.5374
v -2464.6873 -1222.8861 286.6339
f 10885 10886 10887
v -2463.6145 -1228.5640 286.6332
v -2460.8211 -1225.1099 283.5241
v -2464.6873 -1222.8861 286.6339
f 10888 10889 10890
v -2469.5766 -1229.7170 281.2659
v -2469.5775 -1229.7175 283.7948
v -2470.0263 -1227.4053 283.7901
f 10891 10892 10893
v -2469.5756 -1229.7166 278.7370
v -2469.5766 -1229.7170 281.2659
v -2470.0263 -1227.4053 283.7901
f 10894 10895 10896
v -2470.0263 -1227.4053 283.7901
v -2470.6773 -1224.0495 283.7825
v -2470.6763 -1224.0491 281.2536
f 10897 10898 10899
v -2470.6735 -1224.0478 273.6799
v -2469.5737 -1229.7157 273.6792
v -2470.0263 -1227.4053 283.7901
f 10900 10901 10902
v -2470.6754 -1224.0486 278.7247
v -2470.6735 -1224.0478 273.6799
v -2470.0263 -1227.4053 283.7901
f 10903 10904 10905
v -2460.2766 -1227.9183 283.5107
v -2461.3738 -1222.2408 273.6838
v -2460.8211 -1225.1099 283.5241
f 10906 10907 10908
v -2460.2730 -1227.9167 273.6831
v -2461.3738 -1222.2408 273.6838
v -2460.5500 -1226.4988 278.5901
f 10909 10910 10911
v -2460.8211 -1225.1099 283.5241
v -2461.3738 -1222.2408 273.6838
v -2461.3756 -1222.2417 278.6106
f 10912 10913 10914
v -2460.5500 -1226.4988 278.5901
v -2460.2766 -1227.9183 283.5107
v -2460.2758 -1227.9180 281.0478
f 10915 10916 10917
v -2469.5737 -1229.7157 273.6792
v -2461.3738 -1222.2408 273.6838
v -2463.6097 -1228.5617 273.6817
f 10918 10919 10920
v -2464.6824 -1222.8839 273.6824
v -2469.5737 -1229.7157 273.6792
v -2470.6735 -1224.0478 273.6799
f 10921 10922 10923
v -2461.3738 -1222.2408 273.6838
v -2460.2730 -1227.9167 273.6831
v -2463.6097 -1228.5617 273.6817
f 10924 10925 10926
v -2461.3738 -1222.2408 273.6838
v -2469.5737 -1229.7157 273.6792
v -2464.6824 -1222.8839 273.6824
f 10927 10928 10929
v -2460.2758 -1227.9180 281.0478
v -2460.2766 -1227.9183 283.5107
v -2463.6145 -1228.5640 286.6332
f 10930 10931 10932
v -2469.5766 -1229.7170 281.2659
v -2460.2748 -1227.9175 278.5839
v -2460.2758 -1227.9180 281.0478
f 10933 10934 10935
v -2460.2730 -1227.9167 273.6831
v -2460.2748 -1227.9175 278.5839
v -2463.6097 -1228.5617 273.6817
f 10936 10937 10938
v -2460.2758 -1227.9180 281.0478
v -2463.6145 -1228.5640 286.6332
v -2469.5766 -1229.7170 281.2659
f 10939 10940 10941
v -2460.2748 -1227.9175 278.5839
v -2469.5756 -1229.7166 278.7370
v -2463.6097 -1228.5617 273.6817
f 10942 10943 10944
v -2469.5766 -1229.7170 281.2659
v -2469.5756 -1229.7166 278.7370
v -2460.2748 -1227.9175 278.5839
f 10945 10946 10947
v -2469.5756 -1229.7166 278.7370
v -2469.5737 -1229.7157 273.6792
v -2463.6097 -1228.5617 273.6817
f 10948 10949 10950
v -2469.5775 -1229.7175 283.7948
v -2469.5766 -1229.7170 281.2659
v -2463.6145 -1228.5640 286.6332
f 10951 10952 10953
v -2470.6754 -1224.0486 278.7247
v -2461.3756 -1222.2417 278.6106
v -2464.6824 -1222.8839 273.6824
f 10954 10955 10956
v -2470.6754 -1224.0486 278.7247
v -2470.6763 -1224.0491 281.2536
v -2461.3756 -1222.2417 278.6106
f 10957 10958 10959
v -2470.6754 -1224.0486 278.7247
v -2464.6824 -1222.8839 273.6824
v -2470.6735 -1224.0478 273.6799
f 10960 10961 10962
v -2464.6873 -1222.8861 286.6339
v -2470.6763 -1224.0491 281.2536
v -2470.6773 -1224.0495 283.7825
f 10963 10964 10965
v -2470.6763 -1224.0491 281.2536
v -2461.3774 -1222.2425 283.5374
v -2461.3756 -1222.2417 278.6106
f 10966 10967 10968
v -2461.3756 -1222.2417 278.6106
v -2461.3738 -1222.2408 273.6838
v -2464.6824 -1222.8839 273.6824
f 10969 10970 10971
v -2470.6763 -1224.0491 281.2536
v -2464.6873 -1222.8861 286.6339
v -2461.3774 -1222.2425 283.5374
f 10972 10973 10974
v -2470.0263 -1227.4053 283.7901
v -2469.5737 -1229.7157 273.6792
v -2469.5756 -1229.7166 278.7370
f 10975 10976 10977
v -2470.0263 -1227.4053 283.7901
v -2470.6763 -1224.0491 281.2536
v -2470.6754 -1224.0486 278.7247
f 10978 10979 10980
v -2461.3738 -1222.2408 273.6838
v -2460.2766 -1227.9183 283.5107
v -2460.5500 -1226.4988 278.5901
f 10981 10982 10983
v -2460.8211 -1225.1099 283.5241
v -2461.3756 -1222.2417 278.6106
v -2461.3774 -1222.2425 283.5374
f 10984 10985 10986
v -2460.5500 -1226.4988 278.5901
v -2460.2758 -1227.9180 281.0478
v -2460.2748 -1227.9175 278.5839
f 10987 10988 10989
v -2460.2748 -1227.9175 278.5839
v -2460.2730 -1227.9167 273.6831
v -2460.5500 -1226.4988 278.5901
f 10990 10991 10992

g building_ID_5F89C096-B520-49B0-B5A8-7647D343EDAC
v -2463.6145 -1228.5640 286.6332
v -2469.5775 -1229.7175 283.7948
v -2469.1070 -1232.1366 283.8005
f 10993 10994 10995
v -2469.1070 -1232.1366 283.8005
v -2468.4343 -1235.6015 283.8091
v -2462.5033 -1234.4498 286.6325
f 10996 10997 10998
v -2463.6145 -1228.5640 286.6332
v -2469.1070 -1232.1366 283.8005
v -2462.5033 -1234.4498 286.6325
f 10999 11000 11001
v -2459.6789 -1230.9940 283.4954
v -2462.5033 -1234.4498 286.6325
v -2459.1354 -1233.7953 283.4820
f 11002 11003 11004
v -2463.6145 -1228.5640 286.6332
v -2459.6789 -1230.9940 283.4954
v -2460.2766 -1227.9183 283.5107
f 11005 11006 11007
v -2462.5033 -1234.4498 286.6325
v -2459.6789 -1230.9940 283.4954
v -2463.6145 -1228.5640 286.6332
f 11008 11009 11010
v -2468.4305 -1235.5997 273.6785
v -2468.4343 -1235.6015 283.8091
v -2469.0637 -1232.3420 273.6789
f 11011 11012 11013
v -2469.0637 -1232.3420 273.6789
v -2469.1070 -1232.1366 283.8005
v -2469.5775 -1229.7175 283.7948
f 11014 11015 11016
v -2459.1354 -1233.7953 283.4820
v -2460.2739 -1227.9171 276.1220
v -2459.6789 -1230.9940 283.4954
f 11017 11018 11019
v -2459.6789 -1230.9940 283.4954
v -2460.2739 -1227.9171 276.1220
v -2460.2748 -1227.9175 278.5969
f 11020 11021 11022
v -2459.9396 -1229.6366 273.6829
v -2460.2730 -1227.9167 273.6831
v -2460.2739 -1227.9171 276.1220
f 11023 11024 11025
v -2459.1354 -1233.7953 283.4820
v -2459.1318 -1233.7938 273.6824
v -2459.9396 -1229.6366 273.6829
f 11026 11027 11028
v -2469.5737 -1229.7157 273.6792
v -2459.1318 -1233.7938 273.6824
v -2469.0637 -1232.3420 273.6789
f 11029 11030 11031
v -2468.4305 -1235.5997 273.6785
v -2469.0637 -1232.3420 273.6789
v -2459.1318 -1233.7938 273.6824
f 11032 11033 11034
v -2459.9396 -1229.6366 273.6829
v -2463.6097 -1228.5617 273.6817
v -2460.2730 -1227.9167 273.6831
f 11035 11036 11037
v -2469.5737 -1229.7157 273.6792
v -2459.9396 -1229.6366 273.6829
v -2459.1318 -1233.7938 273.6824
f 11038 11039 11040
v -2469.5737 -1229.7157 273.6792
v -2463.6097 -1228.5617 273.6817
v -2459.9396 -1229.6366 273.6829
f 11041 11042 11043
v -2459.1354 -1233.7953 283.4820
v -2462.5033 -1234.4498 286.6325
v -2468.4343 -1235.6015 283.8091
f 11044 11045 11046
v -2459.1354 -1233.7953 283.4820
v -2468.4305 -1235.5997 273.6785
v -2459.1318 -1233.7938 273.6824
f 11047 11048 11049
v -2468.4343 -1235.6015 283.8091
v -2468.4305 -1235.5997 273.6785
v -2459.1354 -1233.7953 283.4820
f 11050 11051 11052
v -2469.5775 -1229.7175 283.7948
v -2463.6097 -1228.5617 273.6817
v -2469.5737 -1229.7157 273.6792
f 11053 11054 11055
v -2463.6097 -1228.5617 273.6817
v -2469.5775 -1229.7175 283.7948
v -2460.2739 -1227.9171 276.1220
f 11056 11057 11058
v -2460.2748 -1227.9175 278.5969
v -2463.6145 -1228.5640 286.6332
v -2460.2766 -1227.9183 283.5107
f 11059 11060 11061
v -2460.2739 -1227.9171 276.1220
v -2460.2730 -1227.9167 273.6831
v -2463.6097 -1228.5617 273.6817
f 11062 11063 11064
v -2460.2748 -1227.9175 278.5969
v -2460.2739 -1227.9171 276.1220
v -2469.5775 -1229.7175 283.7948
f 11065 11066 11067
v -2460.2748 -1227.9175 278.5969
v -2469.5775 -1229.7175 283.7948
v -2463.6145 -1228.5640 286.6332
f 11068 11069 11070
v -2468.4343 -1235.6015 283.8091
v -2469.1070 -1232.1366 283.8005
v -2469.0637 -1232.3420 273.6789
f 11071 11072 11073
v -2469.0637 -1232.3420 273.6789
v -2469.5775 -1229.7175 283.7948
v -2469.5737 -1229.7157 273.6792
f 11074 11075 11076
v -2459.9396 -1229.6366 273.6829
v -2460.2739 -1227.9171 276.1220
v -2459.1354 -1233.7953 283.4820
f 11077 11078 11079
v -2459.6789 -1230.9940 283.4954
v -2460.2748 -1227.9175 278.5969
v -2460.2766 -1227.9183 283.5107
f 11080 11081 11082

g building_ID_4ED7FD2A-8561-4242-B6F9-2F37AB13CB56
v -2494.7604 -1197.7675 286.2890
v -2497.0876 -1211.2835 288.5184
v -2491.4086 -1214.9484 286.3081
f 11083 11084 11085
v -2497.0876 -1211.2835 288.5184
v -2494.7604 -1197.7675 286.2890
v -2499.5757 -1198.7050 288.5198
f 11086 11087 11088
v -2500.7532 -1216.6973 286.3501
v -2500.7088 -1216.9243 286.2411
v -2496.0434 -1216.0159 286.2360
f 11089 11090 11091
v -2500.7532 -1216.6973 286.3501
v -2496.0434 -1216.0159 286.2360
v -2497.0876 -1211.2835 288.5184
f 11092 11093 11094
v -2497.0876 -1211.2835 288.5184
v -2496.0434 -1216.0159 286.2360
v -2491.4086 -1214.9484 286.3081
f 11095 11096 11097
v -2491.3780 -1215.1074 286.2320
v -2491.4086 -1214.9484 286.3081
v -2496.0434 -1216.0159 286.2360
f 11098 11099 11100
v -2497.0876 -1211.2835 288.5184
v -2499.5757 -1198.7050 288.5198
v -2504.0922 -1199.5844 286.3730
f 11101 11102 11103
v -2504.0922 -1199.5844 286.3730
v -2500.7532 -1216.6973 286.3501
v -2497.0876 -1211.2835 288.5184
f 11104 11105 11106
v -2491.3768 -1215.1069 283.0461
v -2500.7040 -1216.9222 273.4986
v -2491.3756 -1215.1064 279.8603
f 11107 11108 11109
v -2491.3732 -1215.1053 273.5025
v -2491.3756 -1215.1064 279.8603
v -2500.7040 -1216.9222 273.4986
f 11110 11111 11112
v -2491.3768 -1215.1069 283.0461
v -2496.0434 -1216.0159 286.2360
v -2500.7088 -1216.9243 286.2411
f 11113 11114 11115
v -2500.7058 -1216.9230 278.2764
v -2500.7040 -1216.9222 273.4986
v -2491.3768 -1215.1069 283.0461
f 11116 11117 11118
v -2500.7040 -1216.9222 273.4986
v -2499.5701 -1198.7025 273.5025
v -2494.7556 -1197.7654 273.5045
f 11119 11120 11121
v -2504.0873 -1199.5823 273.5005
v -2499.5701 -1198.7025 273.5025
v -2500.7040 -1216.9222 273.4986
f 11122 11123 11124
v -2491.4038 -1214.9462 273.5026
v -2500.7040 -1216.9222 273.4986
v -2494.7556 -1197.7654 273.5045
f 11125 11126 11127
v -2491.4038 -1214.9462 273.5026
v -2491.3732 -1215.1053 273.5025
v -2500.7040 -1216.9222 273.4986
f 11128 11129 11130
v -2494.7604 -1197.7675 286.2890
v -2491.3756 -1215.1064 279.8603
v -2494.7556 -1197.7654 273.5045
f 11131 11132 11133
v -2494.7556 -1197.7654 273.5045
v -2491.3756 -1215.1064 279.8603
v -2491.4038 -1214.9462 273.5026
f 11134 11135 11136
v -2491.3768 -1215.1069 283.0461
v -2494.7604 -1197.7675 286.2890
v -2491.4086 -1214.9484 286.3081
f 11137 11138 11139
v -2491.4086 -1214.9484 286.3081
v -2491.3780 -1215.1074 286.2320
v -2491.3768 -1215.1069 283.0461
f 11140 11141 11142
v -2491.4038 -1214.9462 273.5026
v -2491.3756 -1215.1064 279.8603
v -2491.3732 -1215.1053 273.5025
f 11143 11144 11145
v -2494.7604 -1197.7675 286.2890
v -2491.3768 -1215.1069 283.0461
v -2491.3756 -1215.1064 279.8603
f 11146 11147 11148
v -2504.0873 -1199.5823 273.5005
v -2504.0922 -1199.5844 286.3730
v -2499.5757 -1198.7050 288.5198
f 11149 11150 11151
v -2494.7604 -1197.7675 286.2890
v -2504.0873 -1199.5823 273.5005
v -2499.5757 -1198.7050 288.5198
f 11152 11153 11154
v -2499.5701 -1198.7025 273.5025
v -2494.7604 -1197.7675 286.2890
v -2494.7556 -1197.7654 273.5045
f 11155 11156 11157
v -2504.0873 -1199.5823 273.5005
v -2494.7604 -1197.7675 286.2890
v -2499.5701 -1198.7025 273.5025
f 11158 11159 11160
v -2504.0873 -1199.5823 273.5005
v -2500.7040 -1216.9222 273.4986
v -2500.7058 -1216.9230 278.2764
f 11161 11162 11163
v -2500.7058 -1216.9230 278.2764
v -2504.0922 -1199.5844 286.3730
v -2504.0873 -1199.5823 273.5005
f 11164 11165 11166
v -2500.7532 -1216.6973 286.3501
v -2504.0922 -1199.5844 286.3730
v -2500.7088 -1216.9243 286.2411
f 11167 11168 11169
v -2500.7088 -1216.9243 286.2411
v -2504.0922 -1199.5844 286.3730
v -2500.7058 -1216.9230 278.2764
f 11170 11171 11172
v -2491.3780 -1215.1074 286.2320
v -2496.0434 -1216.0159 286.2360
v -2491.3768 -1215.1069 283.0461
f 11173 11174 11175
v -2491.3768 -1215.1069 283.0461
v -2500.7088 -1216.9243 286.2411
v -2500.7058 -1216.9230 278.2764
f 11176 11177 11178

g building_ID_B616B798-D27F-46BF-ABC9-4BFB46F32AD3
v -2463.2112 -1108.6391 280.1469
v -2468.6585 -1100.6075 280.1462
v -2463.0988 -1121.5683 280.1447
f 11179 11180 11181
v -2463.2112 -1108.6391 280.1469
v -2463.0988 -1121.5683 280.1447
v -2459.8134 -1120.6680 280.1461
f 11182 11183 11184
v -2476.2153 -1113.2401 280.1411
v -2470.2869 -1137.6278 280.1389
v -2463.0988 -1121.5683 280.1447
f 11185 11186 11187
v -2459.4158 -1134.6030 280.1437
v -2463.0988 -1121.5683 280.1447
v -2470.2869 -1137.6278 280.1389
f 11188 11189 11190
v -2470.2869 -1137.6278 280.1389
v -2476.2153 -1113.2401 280.1411
v -2477.1110 -1113.4927 280.1407
f 11191 11192 11193
v -2476.2153 -1113.2401 280.1411
v -2477.4561 -1107.1978 280.1416
v -2477.8894 -1107.3207 280.1414
f 11194 11195 11196
v -2463.0988 -1121.5683 280.1447
v -2473.6522 -1104.6081 280.1435
v -2476.2153 -1113.2401 280.1411
f 11197 11198 11199
v -2465.5048 -1099.9649 280.1475
v -2463.2112 -1108.6391 280.1469
v -2463.0670 -1108.5984 280.1469
f 11200 11201 11202
v -2466.9769 -1100.3810 280.1469
v -2468.6585 -1100.6075 280.1462
v -2463.2112 -1108.6391 280.1469
f 11203 11204 11205
v -2468.9824 -1099.4627 280.1462
v -2468.6585 -1100.6075 280.1462
v -2467.3662 -1099.0049 280.1469
f 11206 11207 11208
v -2466.9769 -1100.3810 280.1469
v -2467.3662 -1099.0049 280.1469
v -2468.6585 -1100.6075 280.1462
f 11209 11210 11211
v -2463.0988 -1121.5683 280.1447
v -2468.6585 -1100.6075 280.1462
v -2473.6522 -1104.6081 280.1435
f 11212 11213 11214
v -2473.6522 -1104.6081 280.1435
v -2477.8503 -1105.8018 280.1417
v -2477.4561 -1107.1978 280.1416
f 11215 11216 11217
v -2473.6522 -1104.6081 280.1435
v -2468.6585 -1100.6075 280.1462
v -2474.3379 -1102.2832 280.1437
f 11218 11219 11220
v -2477.4561 -1107.1978 280.1416
v -2476.2153 -1113.2401 280.1411
v -2473.6522 -1104.6081 280.1435
f 11221 11222 11223
v -2466.9769 -1100.3810 280.1469
v -2463.2112 -1108.6391 280.1469
v -2465.5048 -1099.9649 280.1475
f 11224 11225 11226
v -2468.9796 -1099.4615 272.5645
v -2468.9824 -1099.4627 280.1462
v -2467.3662 -1099.0049 280.1469
f 11227 11228 11229
v -2468.6556 -1100.6064 272.5645
v -2468.6585 -1100.6075 280.1462
v -2468.9824 -1099.4627 280.1462
f 11230 11231 11232
v -2474.3351 -1102.2821 272.5620
v -2474.3379 -1102.2832 280.1437
v -2468.6585 -1100.6075 280.1462
f 11233 11234 11235
v -2473.6493 -1104.6069 272.5618
v -2473.6522 -1104.6081 280.1435
v -2474.3379 -1102.2832 280.1437
f 11236 11237 11238
v -2477.8475 -1105.8007 272.5600
v -2477.8503 -1105.8018 280.1417
v -2473.6522 -1104.6081 280.1435
f 11239 11240 11241
v -2477.4533 -1107.1967 272.5599
v -2477.4561 -1107.1978 280.1416
v -2477.8503 -1105.8018 280.1417
f 11242 11243 11244
v -2477.8866 -1107.3196 272.5597
v -2477.8894 -1107.3207 280.1414
v -2477.4561 -1107.1978 280.1416
f 11245 11246 11247
v -2476.2125 -1113.2389 272.5594
v -2476.2153 -1113.2401 280.1411
v -2477.8894 -1107.3207 280.1414
f 11248 11249 11250
v -2477.1081 -1113.4915 272.5590
v -2477.1110 -1113.4927 280.1407
v -2476.2153 -1113.2401 280.1411
f 11251 11252 11253
v -2470.2840 -1137.6266 272.5572
v -2470.2869 -1137.6278 280.1389
v -2477.1110 -1113.4927 280.1407
f 11254 11255 11256
v -2459.4130 -1134.6018 272.5620
v -2459.4158 -1134.6030 280.1437
v -2470.2869 -1137.6278 280.1389
f 11257 11258 11259
v -2463.0960 -1121.5670 272.5630
v -2463.0988 -1121.5683 280.1447
v -2459.4158 -1134.6030 280.1437
f 11260 11261 11262
v -2459.8106 -1120.6669 272.5644
v -2459.8134 -1120.6680 280.1461
v -2463.0988 -1121.5683 280.1447
f 11263 11264 11265
v -2463.2083 -1108.6379 272.5652
v -2463.2112 -1108.6391 280.1469
v -2459.8134 -1120.6680 280.1461
f 11266 11267 11268
v -2463.0641 -1108.5973 272.5652
v -2463.0670 -1108.5984 280.1469
v -2463.2112 -1108.6391 280.1469
f 11269 11270 11271
v -2465.5020 -1099.9638 272.5658
v -2465.5048 -1099.9649 280.1475
v -2463.0670 -1108.5984 280.1469
f 11272 11273 11274
v -2466.9741 -1100.3798 272.5652
v -2466.9769 -1100.3810 280.1469
v -2465.5048 -1099.9649 280.1475
f 11275 11276 11277
v -2467.3634 -1099.0039 272.5652
v -2467.3662 -1099.0049 280.1469
v -2466.9769 -1100.3810 280.1469
f 11278 11279 11280
v -2463.0960 -1121.5670 272.5630
v -2470.2840 -1137.6266 272.5572
v -2476.2125 -1113.2389 272.5594
f 11281 11282 11283
v -2477.1081 -1113.4915 272.5590
v -2476.2125 -1113.2389 272.5594
v -2470.2840 -1137.6266 272.5572
f 11284 11285 11286
v -2473.6493 -1104.6069 272.5618
v -2463.0960 -1121.5670 272.5630
v -2476.2125 -1113.2389 272.5594
f 11287 11288 11289
v -2463.0960 -1121.5670 272.5630
v -2468.6556 -1100.6064 272.5645
v -2463.2083 -1108.6379 272.5652
f 11290 11291 11292
v -2463.2083 -1108.6379 272.5652
v -2465.5020 -1099.9638 272.5658
v -2463.0641 -1108.5973 272.5652
f 11293 11294 11295
v -2463.0960 -1121.5670 272.5630
v -2463.2083 -1108.6379 272.5652
v -2459.8106 -1120.6669 272.5644
f 11296 11297 11298
v -2463.0960 -1121.5670 272.5630
v -2459.4130 -1134.6018 272.5620
v -2470.2840 -1137.6266 272.5572
f 11299 11300 11301
v -2476.2125 -1113.2389 272.5594
v -2477.8866 -1107.3196 272.5597
v -2477.4533 -1107.1967 272.5599
f 11302 11303 11304
v -2473.6493 -1104.6069 272.5618
v -2477.4533 -1107.1967 272.5599
v -2477.8475 -1105.8007 272.5600
f 11305 11306 11307
v -2468.6556 -1100.6064 272.5645
v -2473.6493 -1104.6069 272.5618
v -2474.3351 -1102.2821 272.5620
f 11308 11309 11310
v -2468.6556 -1100.6064 272.5645
v -2463.0960 -1121.5670 272.5630
v -2473.6493 -1104.6069 272.5618
f 11311 11312 11313
v -2466.9741 -1100.3798 272.5652
v -2465.5020 -1099.9638 272.5658
v -2463.2083 -1108.6379 272.5652
f 11314 11315 11316
v -2467.3634 -1099.0039 272.5652
v -2468.6556 -1100.6064 272.5645
v -2468.9796 -1099.4615 272.5645
f 11317 11318 11319
v -2466.9741 -1100.3798 272.5652
v -2468.6556 -1100.6064 272.5645
v -2467.3634 -1099.0039 272.5652
f 11320 11321 11322
v -2466.9741 -1100.3798 272.5652
v -2463.2083 -1108.6379 272.5652
v -2468.6556 -1100.6064 272.5645
f 11323 11324 11325
v -2477.4533 -1107.1967 272.5599
v -2473.6493 -1104.6069 272.5618
v -2476.2125 -1113.2389 272.5594
f 11326 11327 11328
v -2468.9796 -1099.4615 272.5645
v -2467.3662 -1099.0049 280.1469
v -2467.3634 -1099.0039 272.5652
f 11329 11330 11331
v -2468.6556 -1100.6064 272.5645
v -2468.9824 -1099.4627 280.1462
v -2468.9796 -1099.4615 272.5645
f 11332 11333 11334
v -2474.3351 -1102.2821 272.5620
v -2468.6585 -1100.6075 280.1462
v -2468.6556 -1100.6064 272.5645
f 11335 11336 11337
v -2473.6493 -1104.6069 272.5618
v -2474.3379 -1102.2832 280.1437
v -2474.3351 -1102.2821 272.5620
f 11338 11339 11340
v -2477.8475 -1105.8007 272.5600
v -2473.6522 -1104.6081 280.1435
v -2473.6493 -1104.6069 272.5618
f 11341 11342 11343
v -2477.4533 -1107.1967 272.5599
v -2477.8503 -1105.8018 280.1417
v -2477.8475 -1105.8007 272.5600
f 11344 11345 11346
v -2477.8866 -1107.3196 272.5597
v -2477.4561 -1107.1978 280.1416
v -2477.4533 -1107.1967 272.5599
f 11347 11348 11349
v -2476.2125 -1113.2389 272.5594
v -2477.8894 -1107.3207 280.1414
v -2477.8866 -1107.3196 272.5597
f 11350 11351 11352
v -2477.1081 -1113.4915 272.5590
v -2476.2153 -1113.2401 280.1411
v -2476.2125 -1113.2389 272.5594
f 11353 11354 11355
v -2470.2840 -1137.6266 272.5572
v -2477.1110 -1113.4927 280.1407
v -2477.1081 -1113.4915 272.5590
f 11356 11357 11358
v -2459.4130 -1134.6018 272.5620
v -2470.2869 -1137.6278 280.1389
v -2470.2840 -1137.6266 272.5572
f 11359 11360 11361
v -2463.0960 -1121.5670 272.5630
v -2459.4158 -1134.6030 280.1437
v -2459.4130 -1134.6018 272.5620
f 11362 11363 11364
v -2459.8106 -1120.6669 272.5644
v -2463.0988 -1121.5683 280.1447
v -2463.0960 -1121.5670 272.5630
f 11365 11366 11367
v -2463.2083 -1108.6379 272.5652
v -2459.8134 -1120.6680 280.1461
v -2459.8106 -1120.6669 272.5644
f 11368 11369 11370
v -2463.0641 -1108.5973 272.5652
v -2463.2112 -1108.6391 280.1469
v -2463.2083 -1108.6379 272.5652
f 11371 11372 11373
v -2465.5020 -1099.9638 272.5658
v -2463.0670 -1108.5984 280.1469
v -2463.0641 -1108.5973 272.5652
f 11374 11375 11376
v -2466.9741 -1100.3798 272.5652
v -2465.5048 -1099.9649 280.1475
v -2465.5020 -1099.9638 272.5658
f 11377 11378 11379
v -2467.3634 -1099.0039 272.5652
v -2466.9769 -1100.3810 280.1469
v -2466.9741 -1100.3798 272.5652
f 11380 11381 11382

g building_ID_955B7CAF-B015-46A2-8440-22E306A56CCE
v -2509.2341 -1114.2635 294.1214
v -2491.4540 -1109.3153 294.1292
v -2494.5557 -1098.8050 294.1298
f 11383 11384 11385
v -2494.5557 -1098.8050 294.1298
v -2512.2090 -1103.7966 294.1220
v -2509.2341 -1114.2635 294.1214
f 11386 11387 11388
v -2512.2010 -1103.7935 273.0978
v -2512.2090 -1103.7966 294.1220
v -2494.5557 -1098.8050 294.1298
f 11389 11390 11391
v -2509.2261 -1114.2604 273.0972
v -2509.2341 -1114.2635 294.1214
v -2512.2090 -1103.7966 294.1220
f 11392 11393 11394
v -2491.4460 -1109.3121 273.1050
v -2491.4540 -1109.3153 294.1292
v -2509.2341 -1114.2635 294.1214
f 11395 11396 11397
v -2494.5477 -1098.8020 273.1057
v -2494.5557 -1098.8050 294.1298
v -2491.4540 -1109.3153 294.1292
f 11398 11399 11400
v -2509.2261 -1114.2604 273.0972
v -2494.5477 -1098.8020 273.1057
v -2491.4460 -1109.3121 273.1050
f 11401 11402 11403
v -2494.5477 -1098.8020 273.1057
v -2509.2261 -1114.2604 273.0972
v -2512.2010 -1103.7935 273.0978
f 11404 11405 11406
v -2512.2010 -1103.7935 273.0978
v -2494.5557 -1098.8050 294.1298
v -2494.5477 -1098.8020 273.1057
f 11407 11408 11409
v -2509.2261 -1114.2604 273.0972
v -2512.2090 -1103.7966 294.1220
v -2512.2010 -1103.7935 273.0978
f 11410 11411 11412
v -2491.4460 -1109.3121 273.1050
v -2509.2341 -1114.2635 294.1214
v -2509.2261 -1114.2604 273.0972
f 11413 11414 11415
v -2494.5477 -1098.8020 273.1057
v -2491.4540 -1109.3153 294.1292
v -2491.4460 -1109.3121 273.1050
f 11416 11417 11418

g building_ID_36178DD7-130F-4669-BD03-68FBF7FF8949
v -2474.1409 -1104.4958 280.1434
v -2479.7140 -1106.0468 280.1409
v -2479.6377 -1106.3100 280.1409
f 11419 11420 11421
v -2473.6522 -1104.6081 280.1435
v -2474.1409 -1104.4958 280.1434
v -2479.6377 -1106.3100 280.1409
f 11422 11423 11424
v -2475.3314 -1100.2176 280.1437
v -2474.1409 -1104.4958 280.1434
v -2474.9761 -1100.1185 280.1438
f 11425 11426 11427
v -2473.6522 -1104.6081 280.1435
v -2474.9761 -1100.1185 280.1438
v -2474.1409 -1104.4958 280.1434
f 11428 11429 11430
v -2473.6493 -1104.6069 272.5618
v -2473.6522 -1104.6081 280.1435
v -2479.6377 -1106.3100 280.1409
f 11431 11432 11433
v -2474.9733 -1100.1174 272.5621
v -2474.9761 -1100.1185 280.1438
v -2473.6522 -1104.6081 280.1435
f 11434 11435 11436
v -2480.9479 -1101.7804 273.1105
v -2475.3287 -1100.2165 273.1130
v -2480.9477 -1101.7803 272.5595
f 11437 11438 11439
v -2474.9733 -1100.1174 272.5621
v -2475.3287 -1100.2165 273.1130
v -2474.9761 -1100.1185 280.1438
f 11440 11441 11442
v -2475.3314 -1100.2176 280.1437
v -2474.9761 -1100.1185 280.1438
v -2475.3287 -1100.2165 273.1130
f 11443 11444 11445
v -2479.7114 -1106.0457 273.1101
v -2479.6348 -1106.3088 272.5592
v -2479.6377 -1106.3100 280.1409
f 11446 11447 11448
v -2479.7140 -1106.0468 280.1409
v -2479.7114 -1106.0457 273.1101
v -2479.6377 -1106.3100 280.1409
f 11449 11450 11451
v -2479.7114 -1106.0457 273.1101
v -2480.9479 -1101.7804 273.1105
v -2480.9477 -1101.7803 272.5595
f 11452 11453 11454
v -2479.6348 -1106.3088 272.5592
v -2474.9733 -1100.1174 272.5621
v -2473.6493 -1104.6069 272.5618
f 11455 11456 11457
v -2474.9733 -1100.1174 272.5621
v -2479.6348 -1106.3088 272.5592
v -2480.9477 -1101.7803 272.5595
f 11458 11459 11460
v -2491.4540 -1109.3153 294.1292
v -2474.1461 -1104.4979 294.1368
v -2477.1026 -1093.8750 294.1375
f 11461 11462 11463
v -2477.1026 -1093.8750 294.1375
v -2494.5557 -1098.8050 294.1298
v -2491.4540 -1109.3153 294.1292
f 11464 11465 11466
v -2494.5477 -1098.8020 273.1057
v -2494.5557 -1098.8050 294.1298
v -2477.1026 -1093.8750 294.1375
f 11467 11468 11469
v -2491.4460 -1109.3121 273.1050
v -2491.4540 -1109.3153 294.1292
v -2494.5557 -1098.8050 294.1298
f 11470 11471 11472
v -2474.1409 -1104.4958 280.1434
v -2474.1461 -1104.4979 294.1368
v -2479.7140 -1106.0468 280.1409
f 11473 11474 11475
v -2491.4540 -1109.3153 294.1292
v -2479.7140 -1106.0468 280.1409
v -2474.1461 -1104.4979 294.1368
f 11476 11477 11478
v -2479.7114 -1106.0457 273.1101
v -2479.7140 -1106.0468 280.1409
v -2491.4460 -1109.3121 273.1050
f 11479 11480 11481
v -2491.4540 -1109.3153 294.1292
v -2491.4460 -1109.3121 273.1050
v -2479.7140 -1106.0468 280.1409
f 11482 11483 11484
v -2477.0947 -1093.8718 273.1134
v -2477.1026 -1093.8750 294.1375
v -2475.3314 -1100.2176 280.1437
f 11485 11486 11487
v -2474.1461 -1104.4979 294.1368
v -2475.3314 -1100.2176 280.1437
v -2477.1026 -1093.8750 294.1375
f 11488 11489 11490
v -2475.3287 -1100.2165 273.1130
v -2477.0947 -1093.8718 273.1134
v -2475.3314 -1100.2176 280.1437
f 11491 11492 11493
v -2474.1461 -1104.4979 294.1368
v -2474.1409 -1104.4958 280.1434
v -2475.3314 -1100.2176 280.1437
f 11494 11495 11496
v -2491.4460 -1109.3121 273.1050
v -2494.5477 -1098.8020 273.1057
v -2480.9479 -1101.7804 273.1105
f 11497 11498 11499
v -2477.0947 -1093.8718 273.1134
v -2480.9479 -1101.7804 273.1105
v -2494.5477 -1098.8020 273.1057
f 11500 11501 11502
v -2479.7114 -1106.0457 273.1101
v -2491.4460 -1109.3121 273.1050
v -2480.9479 -1101.7804 273.1105
f 11503 11504 11505
v -2477.0947 -1093.8718 273.1134
v -2475.3287 -1100.2165 273.1130
v -2480.9479 -1101.7804 273.1105
f 11506 11507 11508
v -2473.6493 -1104.6069 272.5618
v -2479.6377 -1106.3100 280.1409
v -2479.6348 -1106.3088 272.5592
f 11509 11510 11511
v -2474.9733 -1100.1174 272.5621
v -2473.6522 -1104.6081 280.1435
v -2473.6493 -1104.6069 272.5618
f 11512 11513 11514
v -2475.3287 -1100.2165 273.1130
v -2474.9733 -1100.1174 272.5621
v -2480.9477 -1101.7803 272.5595
f 11515 11516 11517
v -2479.7114 -1106.0457 273.1101
v -2480.9477 -1101.7803 272.5595
v -2479.6348 -1106.3088 272.5592
f 11518 11519 11520
v -2494.5477 -1098.8020 273.1057
v -2477.1026 -1093.8750 294.1375
v -2477.0947 -1093.8718 273.1134
f 11521 11522 11523
v -2491.4460 -1109.3121 273.1050
v -2494.5557 -1098.8050 294.1298
v -2494.5477 -1098.8020 273.1057
f 11524 11525 11526

g building_ID_BFFBA97D-08FC-4AA2-83E3-6FDAE31A97E4
v -2448.8223 -1131.6658 288.8590
v -2447.4903 -1136.1134 288.8587
v -2448.7353 -1131.6411 288.8590
f 11527 11528 11529
v -2459.4191 -1134.6044 288.8544
v -2459.4042 -1134.6574 288.8544
v -2448.8223 -1131.6658 288.8590
f 11530 11531 11532
v -2458.1660 -1139.0376 288.8541
v -2447.4903 -1136.1134 288.8587
v -2448.8223 -1131.6658 288.8590
f 11533 11534 11535
v -2448.8223 -1131.6658 288.8590
v -2459.4042 -1134.6574 288.8544
v -2458.1660 -1139.0376 288.8541
f 11536 11537 11538
v -2459.5442 -1134.6390 288.8543
v -2459.5293 -1134.6930 288.8543
v -2459.4042 -1134.6574 288.8544
f 11539 11540 11541
v -2448.8223 -1131.6658 288.8590
v -2450.6520 -1125.9699 288.8593
v -2459.4191 -1134.6044 288.8544
f 11542 11543 11544
v -2463.1021 -1121.5696 288.8553
v -2450.6520 -1125.9699 288.8593
v -2452.6705 -1118.7116 288.8598
f 11545 11546 11547
v -2450.6520 -1125.9699 288.8593
v -2463.1021 -1121.5696 288.8553
v -2459.4191 -1134.6044 288.8544
f 11548 11549 11550
v -2459.4042 -1134.6574 288.8544
v -2459.4191 -1134.6044 288.8544
v -2459.5442 -1134.6390 288.8543
f 11551 11552 11553
v -2450.4399 -1125.9105 288.8594
v -2450.6520 -1125.9699 288.8593
v -2448.8223 -1131.6658 288.8590
f 11554 11555 11556
v -2463.0964 -1121.5672 273.7429
v -2463.1021 -1121.5696 288.8553
v -2452.6705 -1118.7116 288.8598
f 11557 11558 11559
v -2459.4135 -1134.6020 273.7420
v -2459.4191 -1134.6044 288.8544
v -2463.1021 -1121.5696 288.8553
f 11560 11561 11562
v -2459.5386 -1134.6366 273.7419
v -2459.5442 -1134.6390 288.8543
v -2459.4191 -1134.6044 288.8544
f 11563 11564 11565
v -2459.5237 -1134.6907 273.7419
v -2459.5293 -1134.6930 288.8543
v -2459.5442 -1134.6390 288.8543
f 11566 11567 11568
v -2459.3986 -1134.6550 273.7420
v -2459.4042 -1134.6574 288.8544
v -2459.5293 -1134.6930 288.8543
f 11569 11570 11571
v -2458.1604 -1139.0353 273.7417
v -2458.1660 -1139.0376 288.8541
v -2459.4042 -1134.6574 288.8544
f 11572 11573 11574
v -2447.4847 -1136.1110 273.7463
v -2447.4903 -1136.1134 288.8587
v -2458.1660 -1139.0376 288.8541
f 11575 11576 11577
v -2448.7296 -1131.6387 273.7466
v -2448.7353 -1131.6411 288.8590
v -2447.4903 -1136.1134 288.8587
f 11578 11579 11580
v -2448.8167 -1131.6635 273.7466
v -2448.8223 -1131.6658 288.8590
v -2448.7353 -1131.6411 288.8590
f 11581 11582 11583
v -2450.4342 -1125.9081 273.7470
v -2450.4399 -1125.9105 288.8594
v -2448.8223 -1131.6658 288.8590
f 11584 11585 11586
v -2450.6464 -1125.9676 273.7469
v -2450.6520 -1125.9699 288.8593
v -2450.4399 -1125.9105 288.8594
f 11587 11588 11589
v -2452.6649 -1118.7093 273.7474
v -2452.6705 -1118.7116 288.8598
v -2450.6520 -1125.9699 288.8593
f 11590 11591 11592
v -2459.5386 -1134.6366 273.7419
v -2459.3986 -1134.6550 273.7420
v -2459.5237 -1134.6907 273.7419
f 11593 11594 11595
v -2448.8167 -1131.6635 273.7466
v -2458.1604 -1139.0353 273.7417
v -2459.3986 -1134.6550 273.7420
f 11596 11597 11598
v -2448.7296 -1131.6387 273.7466
v -2447.4847 -1136.1110 273.7463
v -2448.8167 -1131.6635 273.7466
f 11599 11600 11601
v -2458.1604 -1139.0353 273.7417
v -2448.8167 -1131.6635 273.7466
v -2447.4847 -1136.1110 273.7463
f 11602 11603 11604
v -2459.4135 -1134.6020 273.7420
v -2448.8167 -1131.6635 273.7466
v -2459.3986 -1134.6550 273.7420
f 11605 11606 11607
v -2459.3986 -1134.6550 273.7420
v -2459.5386 -1134.6366 273.7419
v -2459.4135 -1134.6020 273.7420
f 11608 11609 11610
v -2450.6464 -1125.9676 273.7469
v -2459.4135 -1134.6020 273.7420
v -2463.0964 -1121.5672 273.7429
f 11611 11612 11613
v -2450.6464 -1125.9676 273.7469
v -2450.4342 -1125.9081 273.7470
v -2448.8167 -1131.6635 273.7466
f 11614 11615 11616
v -2463.0964 -1121.5672 273.7429
v -2452.6649 -1118.7093 273.7474
v -2450.6464 -1125.9676 273.7469
f 11617 11618 11619
v -2459.4135 -1134.6020 273.7420
v -2450.6464 -1125.9676 273.7469
v -2448.8167 -1131.6635 273.7466
f 11620 11621 11622
v -2463.0964 -1121.5672 273.7429
v -2452.6705 -1118.7116 288.8598
v -2452.6649 -1118.7093 273.7474
f 11623 11624 11625
v -2459.4135 -1134.6020 273.7420
v -2463.1021 -1121.5696 288.8553
v -2463.0964 -1121.5672 273.7429
f 11626 11627 11628
v -2459.5386 -1134.6366 273.7419
v -2459.4191 -1134.6044 288.8544
v -2459.4135 -1134.6020 273.7420
f 11629 11630 11631
v -2459.5237 -1134.6907 273.7419
v -2459.5442 -1134.6390 288.8543
v -2459.5386 -1134.6366 273.7419
f 11632 11633 11634
v -2459.3986 -1134.6550 273.7420
v -2459.5293 -1134.6930 288.8543
v -2459.5237 -1134.6907 273.7419
f 11635 11636 11637
v -2458.1604 -1139.0353 273.7417
v -2459.4042 -1134.6574 288.8544
v -2459.3986 -1134.6550 273.7420
f 11638 11639 11640
v -2447.4847 -1136.1110 273.7463
v -2458.1660 -1139.0376 288.8541
v -2458.1604 -1139.0353 273.7417
f 11641 11642 11643
v -2448.7296 -1131.6387 273.7466
v -2447.4903 -1136.1134 288.8587
v -2447.4847 -1136.1110 273.7463
f 11644 11645 11646
v -2448.8167 -1131.6635 273.7466
v -2448.7353 -1131.6411 288.8590
v -2448.7296 -1131.6387 273.7466
f 11647 11648 11649
v -2450.4342 -1125.9081 273.7470
v -2448.8223 -1131.6658 288.8590
v -2448.8167 -1131.6635 273.7466
f 11650 11651 11652
v -2450.6464 -1125.9676 273.7469
v -2450.4399 -1125.9105 288.8594
v -2450.4342 -1125.9081 273.7470
f 11653 11654 11655
v -2452.6649 -1118.7093 273.7474
v -2450.6520 -1125.9699 288.8593
v -2450.6464 -1125.9676 273.7469
f 11656 11657 11658

g building_ID_D430A2AF-6131-4A0B-841E-31F0993381C5
v -2453.2835 -1156.3186 288.8528
v -2447.4903 -1136.1134 288.8587
v -2458.1660 -1139.0376 288.8541
f 11659 11660 11661
v -2447.4903 -1136.1134 288.8587
v -2453.2835 -1156.3186 288.8528
v -2442.6876 -1153.3691 288.8574
f 11662 11663 11664
v -2453.2778 -1156.3163 273.7404
v -2453.2835 -1156.3186 288.8528
v -2458.1660 -1139.0376 288.8541
f 11665 11666 11667
v -2442.6821 -1153.3667 273.7450
v -2442.6876 -1153.3691 288.8574
v -2453.2835 -1156.3186 288.8528
f 11668 11669 11670
v -2447.4847 -1136.1110 273.7463
v -2447.4903 -1136.1134 288.8587
v -2442.6876 -1153.3691 288.8574
f 11671 11672 11673
v -2458.1604 -1139.0353 273.7417
v -2458.1660 -1139.0376 288.8541
v -2447.4903 -1136.1134 288.8587
f 11674 11675 11676
v -2447.4847 -1136.1110 273.7463
v -2442.6821 -1153.3667 273.7450
v -2453.2778 -1156.3163 273.7404
f 11677 11678 11679
v -2453.2778 -1156.3163 273.7404
v -2458.1604 -1139.0353 273.7417
v -2447.4847 -1136.1110 273.7463
f 11680 11681 11682
v -2453.2778 -1156.3163 273.7404
v -2458.1660 -1139.0376 288.8541
v -2458.1604 -1139.0353 273.7417
f 11683 11684 11685
v -2442.6821 -1153.3667 273.7450
v -2453.2835 -1156.3186 288.8528
v -2453.2778 -1156.3163 273.7404
f 11686 11687 11688
v -2447.4847 -1136.1110 273.7463
v -2442.6876 -1153.3691 288.8574
v -2442.6821 -1153.3667 273.7450
f 11689 11690 11691
v -2458.1604 -1139.0353 273.7417
v -2447.4903 -1136.1134 288.8587
v -2447.4847 -1136.1110 273.7463
f 11692 11693 11694

g building_ID_258C5982-5248-46ED-9F7A-41474C1D1FC0
v -2516.6771 -1138.8314 307.4105
v -2515.7232 -1142.9670 307.4102
v -2511.2355 -1141.5891 307.4122
f 11695 11696 11697
v -2512.8653 -1136.2797 307.4125
v -2516.6771 -1138.8314 307.4105
v -2511.2355 -1141.5891 307.4122
f 11698 11699 11700
v -2516.9683 -1138.9117 307.4104
v -2515.7232 -1142.9670 307.4102
v -2516.6771 -1138.8314 307.4105
f 11701 11702 11703
v -2512.8653 -1136.2797 307.4125
v -2517.0267 -1137.5575 307.4106
v -2516.6771 -1138.8314 307.4105
f 11704 11705 11706
v -2516.7129 -1138.6482 274.0188
v -2516.6643 -1138.8263 274.0188
v -2516.6771 -1138.8314 307.4105
f 11707 11708 11709
v -2517.0139 -1137.5523 274.0189
v -2516.7129 -1138.6482 274.0188
v -2517.0267 -1137.5575 307.4106
f 11710 11711 11712
v -2516.6771 -1138.8314 307.4105
v -2517.0267 -1137.5575 307.4106
v -2516.7129 -1138.6482 274.0188
f 11713 11714 11715
v -2515.7223 -1142.9667 305.0883
v -2515.7232 -1142.9670 307.4102
v -2516.9683 -1138.9117 307.4104
f 11716 11717 11718
v -2511.2346 -1141.5886 305.0903
v -2511.2355 -1141.5891 307.4122
v -2515.7223 -1142.9667 305.0883
f 11719 11720 11721
v -2512.4907 -1137.4525 274.0207
v -2512.8525 -1136.2746 274.0208
v -2512.5025 -1137.4573 305.0905
f 11722 11723 11724
v -2512.8653 -1136.2797 307.4125
v -2512.5025 -1137.4573 305.0905
v -2512.8525 -1136.2746 274.0208
f 11725 11726 11727
v -2511.2346 -1141.5886 305.0903
v -2512.5025 -1137.4573 305.0905
v -2511.2355 -1141.5891 307.4122
f 11728 11729 11730
v -2512.8653 -1136.2797 307.4125
v -2511.2355 -1141.5891 307.4122
v -2512.5025 -1137.4573 305.0905
f 11731 11732 11733
v -2517.0139 -1137.5523 274.0189
v -2517.0267 -1137.5575 307.4106
v -2512.8653 -1136.2797 307.4125
f 11734 11735 11736
v -2512.3387 -1137.4739 274.0208
v -2512.3506 -1137.4787 305.0906
v -2503.3640 -1135.0159 305.0945
f 11737 11738 11739
v -2512.3555 -1137.4139 274.0208
v -2512.3675 -1137.4187 305.0906
v -2512.3506 -1137.4787 305.0906
f 11740 11741 11742
v -2522.9463 -1151.9043 274.0140
v -2522.9583 -1151.9091 305.0838
v -2525.9249 -1141.3663 305.0845
f 11743 11744 11745
v -2500.3518 -1145.2790 274.0241
v -2500.3636 -1145.2838 305.0939
v -2522.9583 -1151.9091 305.0838
f 11746 11747 11748
v -2503.3523 -1135.0110 274.0247
v -2503.3640 -1135.0159 305.0945
v -2500.3636 -1145.2838 305.0939
f 11749 11750 11751
v -2525.9249 -1141.3663 305.0845
v -2522.9583 -1151.9091 305.0838
v -2515.7223 -1142.9667 305.0883
f 11752 11753 11754
v -2500.3636 -1145.2838 305.0939
v -2515.7223 -1142.9667 305.0883
v -2522.9583 -1151.9091 305.0838
f 11755 11756 11757
v -2515.7223 -1142.9667 305.0883
v -2516.9674 -1138.9113 305.0885
v -2525.9249 -1141.3663 305.0845
f 11758 11759 11760
v -2503.3640 -1135.0159 305.0945
v -2511.2346 -1141.5886 305.0903
v -2500.3636 -1145.2838 305.0939
f 11761 11762 11763
v -2515.7223 -1142.9667 305.0883
v -2500.3636 -1145.2838 305.0939
v -2511.2346 -1141.5886 305.0903
f 11764 11765 11766
v -2511.2346 -1141.5886 305.0903
v -2503.3640 -1135.0159 305.0945
v -2512.3506 -1137.4787 305.0906
f 11767 11768 11769
v -2512.3506 -1137.4787 305.0906
v -2512.3675 -1137.4187 305.0906
v -2512.5025 -1137.4573 305.0905
f 11770 11771 11772
v -2512.3506 -1137.4787 305.0906
v -2512.5025 -1137.4573 305.0905
v -2511.2346 -1141.5886 305.0903
f 11773 11774 11775
v -2512.4907 -1137.4525 274.0207
v -2512.5025 -1137.4573 305.0905
v -2512.3675 -1137.4187 305.0906
f 11776 11777 11778
v -2516.9674 -1138.9113 305.0885
v -2516.9556 -1138.9065 274.0187
v -2525.9249 -1141.3663 305.0845
f 11779 11780 11781
v -2525.9249 -1141.3663 305.0845
v -2516.9556 -1138.9065 274.0187
v -2525.9130 -1141.3614 274.0147
f 11782 11783 11784
v -2516.9683 -1138.9117 307.4104
v -2516.6771 -1138.8314 307.4105
v -2516.9674 -1138.9113 305.0885
f 11785 11786 11787
v -2516.9674 -1138.9113 305.0885
v -2516.6771 -1138.8314 307.4105
v -2516.6643 -1138.8263 274.0188
f 11788 11789 11790
v -2516.9556 -1138.9065 274.0187
v -2516.9674 -1138.9113 305.0885
v -2516.6643 -1138.8263 274.0188
f 11791 11792 11793
v -2512.4907 -1137.4525 274.0207
v -2516.6643 -1138.8263 274.0188
v -2516.7129 -1138.6482 274.0188
f 11794 11795 11796
v -2516.7129 -1138.6482 274.0188
v -2512.8525 -1136.2746 274.0208
v -2512.4907 -1137.4525 274.0207
f 11797 11798 11799
v -2512.8525 -1136.2746 274.0208
v -2516.7129 -1138.6482 274.0188
v -2517.0139 -1137.5523 274.0189
f 11800 11801 11802
v -2512.3387 -1137.4739 274.0208
v -2512.4907 -1137.4525 274.0207
v -2512.3555 -1137.4139 274.0208
f 11803 11804 11805
v -2500.3518 -1145.2790 274.0241
v -2512.3387 -1137.4739 274.0208
v -2503.3523 -1135.0110 274.0247
f 11806 11807 11808
v -2516.6643 -1138.8263 274.0188
v -2512.3387 -1137.4739 274.0208
v -2500.3518 -1145.2790 274.0241
f 11809 11810 11811
v -2522.9463 -1151.9043 274.0140
v -2516.9556 -1138.9065 274.0187
v -2516.6643 -1138.8263 274.0188
f 11812 11813 11814
v -2500.3518 -1145.2790 274.0241
v -2522.9463 -1151.9043 274.0140
v -2516.6643 -1138.8263 274.0188
f 11815 11816 11817
v -2525.9130 -1141.3614 274.0147
v -2516.9556 -1138.9065 274.0187
v -2522.9463 -1151.9043 274.0140
f 11818 11819 11820
v -2512.3387 -1137.4739 274.0208
v -2516.6643 -1138.8263 274.0188
v -2512.4907 -1137.4525 274.0207
f 11821 11822 11823
v -2515.7223 -1142.9667 305.0883
v -2516.9683 -1138.9117 307.4104
v -2516.9674 -1138.9113 305.0885
f 11824 11825 11826
v -2511.2355 -1141.5891 307.4122
v -2515.7232 -1142.9670 307.4102
v -2515.7223 -1142.9667 305.0883
f 11827 11828 11829
v -2517.0139 -1137.5523 274.0189
v -2512.8653 -1136.2797 307.4125
v -2512.8525 -1136.2746 274.0208
f 11830 11831 11832
v -2512.3387 -1137.4739 274.0208
v -2503.3640 -1135.0159 305.0945
v -2503.3523 -1135.0110 274.0247
f 11833 11834 11835
v -2512.3555 -1137.4139 274.0208
v -2512.3506 -1137.4787 305.0906
v -2512.3387 -1137.4739 274.0208
f 11836 11837 11838
v -2522.9463 -1151.9043 274.0140
v -2525.9249 -1141.3663 305.0845
v -2525.9130 -1141.3614 274.0147
f 11839 11840 11841
v -2500.3518 -1145.2790 274.0241
v -2522.9583 -1151.9091 305.0838
v -2522.9463 -1151.9043 274.0140
f 11842 11843 11844
v -2503.3523 -1135.0110 274.0247
v -2500.3636 -1145.2838 305.0939
v -2500.3518 -1145.2790 274.0241
f 11845 11846 11847
v -2512.4907 -1137.4525 274.0207
v -2512.3675 -1137.4187 305.0906
v -2512.3555 -1137.4139 274.0208
f 11848 11849 11850

g building_ID_150E4AE7-3E3B-4062-B814-94D541972D9A
v -2470.6519 -1175.1085 286.3777
v -2470.6844 -1174.9493 286.3007
v -2475.3519 -1175.9028 286.3087
f 11851 11852 11853
v -2470.6519 -1175.1085 286.3777
v -2475.3519 -1175.9028 286.3087
v -2474.3129 -1180.4479 288.5332
f 11854 11855 11856
v -2475.3519 -1175.9028 286.3087
v -2480.0204 -1176.8572 286.3167
v -2479.9820 -1177.0454 286.4077
f 11857 11858 11859
v -2474.3129 -1180.4479 288.5332
v -2475.3519 -1175.9028 286.3087
v -2479.9820 -1177.0454 286.4077
f 11860 11861 11862
v -2474.3129 -1180.4479 288.5332
v -2471.7642 -1193.2026 288.5318
v -2467.1269 -1192.2547 286.3309
f 11863 11864 11865
v -2467.1269 -1192.2547 286.3309
v -2470.6519 -1175.1085 286.3777
v -2474.3129 -1180.4479 288.5332
f 11866 11867 11868
v -2476.4640 -1194.1627 286.4479
v -2474.3129 -1180.4479 288.5332
v -2479.9820 -1177.0454 286.4077
f 11869 11870 11871
v -2474.3129 -1180.4479 288.5332
v -2476.4640 -1194.1627 286.4479
v -2471.7642 -1193.2026 288.5318
f 11872 11873 11874
v -2480.0193 -1176.8568 283.1658
v -2480.0204 -1176.8572 286.3167
v -2475.3519 -1175.9028 286.3087
f 11875 11876 11877
v -2480.0181 -1176.8562 280.0150
v -2480.0193 -1176.8568 283.1658
v -2475.3519 -1175.9028 286.3087
f 11878 11879 11880
v -2475.3519 -1175.9028 286.3087
v -2480.0157 -1176.8553 273.7142
v -2480.0168 -1176.8557 276.8651
f 11881 11882 11883
v -2470.6820 -1174.9483 279.9990
v -2470.6808 -1174.9478 276.8491
v -2475.3519 -1175.9028 286.3087
f 11884 11885 11886
v -2470.6797 -1174.9474 273.7182
v -2480.0157 -1176.8553 273.7142
v -2475.3519 -1175.9028 286.3087
f 11887 11888 11889
v -2470.6808 -1174.9478 276.8491
v -2470.6797 -1174.9474 273.7182
v -2475.3519 -1175.9028 286.3087
f 11890 11891 11892
v -2471.7587 -1193.2003 273.7144
v -2480.0157 -1176.8553 273.7142
v -2470.6797 -1174.9474 273.7182
f 11893 11894 11895
v -2480.0157 -1176.8553 273.7142
v -2471.7587 -1193.2003 273.7144
v -2476.4592 -1194.1606 273.7124
f 11896 11897 11898
v -2470.6797 -1174.9474 273.7182
v -2467.1222 -1192.2527 273.7164
v -2471.7587 -1193.2003 273.7144
f 11899 11900 11901
v -2467.1222 -1192.2527 273.7164
v -2470.6797 -1174.9474 273.7182
v -2470.6808 -1174.9478 276.8491
f 11902 11903 11904
v -2467.1222 -1192.2527 273.7164
v -2470.6808 -1174.9478 276.8491
v -2470.6820 -1174.9483 279.9990
f 11905 11906 11907
v -2470.6832 -1174.9489 283.1498
v -2470.6844 -1174.9493 286.3007
v -2470.6519 -1175.1085 286.3777
f 11908 11909 11910
v -2470.6832 -1174.9489 283.1498
v -2470.6519 -1175.1085 286.3777
v -2467.1222 -1192.2527 273.7164
f 11911 11912 11913
v -2467.1269 -1192.2547 286.3309
v -2467.1222 -1192.2527 273.7164
v -2470.6519 -1175.1085 286.3777
f 11914 11915 11916
v -2470.6820 -1174.9483 279.9990
v -2470.6832 -1174.9489 283.1498
v -2467.1222 -1192.2527 273.7164
f 11917 11918 11919
v -2480.0193 -1176.8568 283.1658
v -2476.4592 -1194.1606 273.7124
v -2479.9820 -1177.0454 286.4077
f 11920 11921 11922
v -2479.9820 -1177.0454 286.4077
v -2476.4592 -1194.1606 273.7124
v -2476.4640 -1194.1627 286.4479
f 11923 11924 11925
v -2480.0193 -1176.8568 283.1658
v -2479.9820 -1177.0454 286.4077
v -2480.0204 -1176.8572 286.3167
f 11926 11927 11928
v -2480.0181 -1176.8562 280.0150
v -2480.0168 -1176.8557 276.8651
v -2476.4592 -1194.1606 273.7124
f 11929 11930 11931
v -2480.0168 -1176.8557 276.8651
v -2480.0157 -1176.8553 273.7142
v -2476.4592 -1194.1606 273.7124
f 11932 11933 11934
v -2480.0193 -1176.8568 283.1658
v -2480.0181 -1176.8562 280.0150
v -2476.4592 -1194.1606 273.7124
f 11935 11936 11937
v -2476.4640 -1194.1627 286.4479
v -2471.7587 -1193.2003 273.7144
v -2467.1222 -1192.2527 273.7164
f 11938 11939 11940
v -2467.1269 -1192.2547 286.3309
v -2476.4640 -1194.1627 286.4479
v -2467.1222 -1192.2527 273.7164
f 11941 11942 11943
v -2476.4592 -1194.1606 273.7124
v -2471.7587 -1193.2003 273.7144
v -2476.4640 -1194.1627 286.4479
f 11944 11945 11946
v -2471.7642 -1193.2026 288.5318
v -2476.4640 -1194.1627 286.4479
v -2467.1269 -1192.2547 286.3309
f 11947 11948 11949
v -2475.3519 -1175.9028 286.3087
v -2480.0168 -1176.8557 276.8651
v -2480.0181 -1176.8562 280.0150
f 11950 11951 11952
v -2475.3519 -1175.9028 286.3087
v -2470.6844 -1174.9493 286.3007
v -2470.6832 -1174.9489 283.1498
f 11953 11954 11955
v -2475.3519 -1175.9028 286.3087
v -2470.6832 -1174.9489 283.1498
v -2470.6820 -1174.9483 279.9990
f 11956 11957 11958

g building_ID_76D38A24-5450-40BA-B61B-BC0203310DEC
v -2507.4747 -1182.2445 286.3960
v -2502.0965 -1185.9653 288.5213
v -2507.4587 -1182.2415 286.4040
f 11959 11960 11961
v -2502.0965 -1185.9653 288.5213
v -2507.4747 -1182.2445 286.3960
v -2505.6686 -1191.5013 286.3840
f 11962 11963 11964
v -2499.5757 -1198.7050 288.5198
v -2505.6686 -1191.5013 286.3840
v -2504.0922 -1199.5844 286.3730
f 11965 11966 11967
v -2502.0965 -1185.9653 288.5213
v -2505.6686 -1191.5013 286.3840
v -2499.5757 -1198.7050 288.5198
f 11968 11969 11970
v -2502.0965 -1185.9653 288.5213
v -2495.7034 -1192.9340 286.2835
v -2496.5527 -1188.5788 286.2781
f 11971 11972 11973
v -2494.7604 -1197.7675 286.2890
v -2495.7034 -1192.9340 286.2835
v -2499.5757 -1198.7050 288.5198
f 11974 11975 11976
v -2502.0965 -1185.9653 288.5213
v -2499.5757 -1198.7050 288.5198
v -2495.7034 -1192.9340 286.2835
f 11977 11978 11979
v -2502.0965 -1185.9653 288.5213
v -2496.5527 -1188.5788 286.2781
v -2498.4701 -1180.4918 286.4209
f 11980 11981 11982
v -2498.1428 -1180.4276 286.2690
v -2498.4701 -1180.4918 286.4209
v -2496.5527 -1188.5788 286.2781
f 11983 11984 11985
v -2502.0965 -1185.9653 288.5213
v -2498.4701 -1180.4918 286.4209
v -2507.4587 -1182.2415 286.4040
f 11986 11987 11988
v -2504.0910 -1199.5839 283.1492
v -2504.0922 -1199.5844 286.3730
v -2505.6686 -1191.5013 286.3840
f 11989 11990 11991
v -2504.0898 -1199.5833 279.9263
v -2504.0910 -1199.5839 283.1492
v -2505.9920 -1189.8291 278.3275
f 11992 11993 11994
v -2505.9920 -1189.8291 278.3275
v -2504.0873 -1199.5823 273.5005
v -2504.0898 -1199.5833 279.9263
f 11995 11996 11997
v -2505.6686 -1191.5013 286.3840
v -2507.4747 -1182.2445 286.3960
v -2507.4729 -1182.2437 281.5612
f 11998 11999 12000
v -2507.4698 -1182.2425 273.5025
v -2504.0873 -1199.5823 273.5005
v -2505.9920 -1189.8291 278.3275
f 12001 12002 12003
v -2505.9920 -1189.8291 278.3275
v -2507.4710 -1182.2430 276.7264
v -2507.4698 -1182.2425 273.5025
f 12004 12005 12006
v -2507.4729 -1182.2437 281.5612
v -2507.4710 -1182.2430 276.7264
v -2505.6686 -1191.5013 286.3840
f 12007 12008 12009
v -2498.1380 -1180.4255 273.5065
v -2496.5527 -1188.5788 286.2781
v -2496.7284 -1187.6503 273.5057
f 12010 12011 12012
v -2494.7604 -1197.7675 286.2890
v -2494.7592 -1197.7670 283.0932
v -2495.7034 -1192.9340 286.2835
f 12013 12014 12015
v -2494.7592 -1197.7670 283.0932
v -2494.7580 -1197.7664 279.8973
v -2495.7034 -1192.9340 286.2835
f 12016 12017 12018
v -2496.7284 -1187.6503 273.5057
v -2496.5527 -1188.5788 286.2781
v -2495.7034 -1192.9340 286.2835
f 12019 12020 12021
v -2495.3198 -1194.8749 273.5048
v -2496.7284 -1187.6503 273.5057
v -2495.7034 -1192.9340 286.2835
f 12022 12023 12024
v -2495.7034 -1192.9340 286.2835
v -2494.7568 -1197.7659 276.7004
v -2495.3198 -1194.8749 273.5048
f 12025 12026 12027
v -2494.7568 -1197.7659 276.7004
v -2494.7556 -1197.7654 273.5045
v -2495.3198 -1194.8749 273.5048
f 12028 12029 12030
v -2494.7580 -1197.7664 279.8973
v -2494.7568 -1197.7659 276.7004
v -2495.7034 -1192.9340 286.2835
f 12031 12032 12033
v -2498.4664 -1180.4902 276.7353
v -2498.4701 -1180.4918 286.4209
v -2498.1380 -1180.4255 273.5065
f 12034 12035 12036
v -2498.1380 -1180.4255 273.5065
v -2498.4652 -1180.4896 273.5064
v -2498.4664 -1180.4902 276.7353
f 12037 12038 12039
v -2496.7284 -1187.6503 273.5057
v -2498.4652 -1180.4896 273.5064
v -2498.1380 -1180.4255 273.5065
f 12040 12041 12042
v -2507.4698 -1182.2425 273.5025
v -2498.4652 -1180.4896 273.5064
v -2496.7284 -1187.6503 273.5057
f 12043 12044 12045
v -2507.4698 -1182.2425 273.5025
v -2496.7284 -1187.6503 273.5057
v -2504.0873 -1199.5823 273.5005
f 12046 12047 12048
v -2499.5701 -1198.7025 273.5025
v -2495.3198 -1194.8749 273.5048
v -2494.7556 -1197.7654 273.5045
f 12049 12050 12051
v -2499.5701 -1198.7025 273.5025
v -2496.7284 -1187.6503 273.5057
v -2495.3198 -1194.8749 273.5048
f 12052 12053 12054
v -2499.5701 -1198.7025 273.5025
v -2504.0873 -1199.5823 273.5005
v -2496.7284 -1187.6503 273.5057
f 12055 12056 12057
v -2494.7592 -1197.7670 283.0932
v -2494.7604 -1197.7675 286.2890
v -2499.5757 -1198.7050 288.5198
f 12058 12059 12060
v -2494.7580 -1197.7664 279.8973
v -2494.7592 -1197.7670 283.0932
v -2504.0910 -1199.5839 283.1492
f 12061 12062 12063
v -2504.0898 -1199.5833 279.9263
v -2494.7568 -1197.7659 276.7004
v -2494.7580 -1197.7664 279.8973
f 12064 12065 12066
v -2499.5757 -1198.7050 288.5198
v -2504.0910 -1199.5839 283.1492
v -2494.7592 -1197.7670 283.0932
f 12067 12068 12069
v -2494.7580 -1197.7664 279.8973
v -2504.0910 -1199.5839 283.1492
v -2504.0898 -1199.5833 279.9263
f 12070 12071 12072
v -2494.7568 -1197.7659 276.7004
v -2504.0898 -1199.5833 279.9263
v -2499.5701 -1198.7025 273.5025
f 12073 12074 12075
v -2499.5701 -1198.7025 273.5025
v -2494.7556 -1197.7654 273.5045
v -2494.7568 -1197.7659 276.7004
f 12076 12077 12078
v -2504.0898 -1199.5833 279.9263
v -2504.0873 -1199.5823 273.5005
v -2499.5701 -1198.7025 273.5025
f 12079 12080 12081
v -2504.0922 -1199.5844 286.3730
v -2504.0910 -1199.5839 283.1492
v -2499.5757 -1198.7050 288.5198
f 12082 12083 12084
v -2507.4710 -1182.2430 276.7264
v -2507.4729 -1182.2437 281.5612
v -2498.4652 -1180.4896 273.5064
f 12085 12086 12087
v -2507.4710 -1182.2430 276.7264
v -2498.4652 -1180.4896 273.5064
v -2507.4698 -1182.2425 273.5025
f 12088 12089 12090
v -2507.4587 -1182.2415 286.4040
v -2507.4729 -1182.2437 281.5612
v -2507.4747 -1182.2445 286.3960
f 12091 12092 12093
v -2498.4664 -1180.4902 276.7353
v -2498.4652 -1180.4896 273.5064
v -2507.4729 -1182.2437 281.5612
f 12094 12095 12096
v -2507.4587 -1182.2415 286.4040
v -2498.4701 -1180.4918 286.4209
v -2498.4664 -1180.4902 276.7353
f 12097 12098 12099
v -2507.4587 -1182.2415 286.4040
v -2498.4664 -1180.4902 276.7353
v -2507.4729 -1182.2437 281.5612
f 12100 12101 12102
v -2504.0910 -1199.5839 283.1492
v -2505.6686 -1191.5013 286.3840
v -2505.9920 -1189.8291 278.3275
f 12103 12104 12105
v -2507.4710 -1182.2430 276.7264
v -2505.9920 -1189.8291 278.3275
v -2505.6686 -1191.5013 286.3840
f 12106 12107 12108
v -2496.5527 -1188.5788 286.2781
v -2498.1380 -1180.4255 273.5065
v -2498.1428 -1180.4276 286.2690
f 12109 12110 12111
v -2498.4701 -1180.4918 286.4209
v -2498.1428 -1180.4276 286.2690
v -2498.1380 -1180.4255 273.5065
f 12112 12113 12114

g building_ID_1ECEF8A5-B70E-459C-B2DD-DA6C02267A3D
v -2467.1269 -1192.2547 286.3309
v -2469.2412 -1205.8243 288.5304
v -2463.5842 -1209.4931 286.2849
f 12115 12116 12117
v -2469.2412 -1205.8243 288.5304
v -2467.1269 -1192.2547 286.3309
v -2471.7642 -1193.2026 288.5318
f 12118 12119 12120
v -2473.0161 -1210.9378 286.4870
v -2465.9046 -1210.0369 286.2459
v -2469.2412 -1205.8243 288.5304
f 12121 12122 12123
v -2465.9046 -1210.0369 286.2459
v -2473.0161 -1210.9378 286.4870
v -2472.9064 -1211.4680 286.2279
f 12124 12125 12126
v -2469.2412 -1205.8243 288.5304
v -2465.9046 -1210.0369 286.2459
v -2463.5842 -1209.4931 286.2849
f 12127 12128 12129
v -2465.9046 -1210.0369 286.2459
v -2463.5704 -1209.5601 286.2519
v -2463.5842 -1209.4931 286.2849
f 12130 12131 12132
v -2469.2412 -1205.8243 288.5304
v -2471.7642 -1193.2026 288.5318
v -2476.4640 -1194.1627 286.4479
f 12133 12134 12135
v -2476.4640 -1194.1627 286.4479
v -2473.0161 -1210.9378 286.4870
v -2469.2412 -1205.8243 288.5304
f 12136 12137 12138
v -2463.5683 -1209.5592 280.7672
v -2463.5704 -1209.5601 286.2519
v -2465.9046 -1210.0369 286.2459
f 12139 12140 12141
v -2472.9052 -1211.4675 283.0931
v -2465.9046 -1210.0369 286.2459
v -2472.9064 -1211.4680 286.2279
f 12142 12143 12144
v -2472.9052 -1211.4675 283.0931
v -2463.5657 -1209.5581 273.7144
v -2463.5683 -1209.5592 280.7672
f 12145 12146 12147
v -2463.5657 -1209.5581 273.7144
v -2472.9029 -1211.4664 276.8243
v -2472.9017 -1211.4660 273.7104
f 12148 12149 12150
v -2472.9029 -1211.4664 276.8243
v -2463.5657 -1209.5581 273.7144
v -2472.9052 -1211.4675 283.0931
f 12151 12152 12153
v -2467.1222 -1192.2527 273.7164
v -2463.5657 -1209.5581 273.7144
v -2471.7587 -1193.2003 273.7144
f 12154 12155 12156
v -2471.7587 -1193.2003 273.7144
v -2463.5657 -1209.5581 273.7144
v -2476.4592 -1194.1606 273.7124
f 12157 12158 12159
v -2463.5657 -1209.5581 273.7144
v -2473.0113 -1210.9357 273.7105
v -2476.4592 -1194.1606 273.7124
f 12160 12161 12162
v -2473.0113 -1210.9357 273.7105
v -2463.5657 -1209.5581 273.7144
v -2472.9017 -1211.4660 273.7104
f 12163 12164 12165
v -2467.1269 -1192.2547 286.3309
v -2463.5683 -1209.5592 280.7672
v -2467.1222 -1192.2527 273.7164
f 12166 12167 12168
v -2467.1222 -1192.2527 273.7164
v -2463.5683 -1209.5592 280.7672
v -2463.5657 -1209.5581 273.7144
f 12169 12170 12171
v -2463.5683 -1209.5592 280.7672
v -2467.1269 -1192.2547 286.3309
v -2463.5842 -1209.4931 286.2849
f 12172 12173 12174
v -2463.5842 -1209.4931 286.2849
v -2463.5704 -1209.5601 286.2519
v -2463.5683 -1209.5592 280.7672
f 12175 12176 12177
v -2471.7587 -1193.2003 273.7144
v -2476.4592 -1194.1606 273.7124
v -2476.4640 -1194.1627 286.4479
f 12178 12179 12180
v -2471.7642 -1193.2026 288.5318
v -2467.1269 -1192.2547 286.3309
v -2476.4640 -1194.1627 286.4479
f 12181 12182 12183
v -2476.4640 -1194.1627 286.4479
v -2467.1222 -1192.2527 273.7164
v -2471.7587 -1193.2003 273.7144
f 12184 12185 12186
v -2467.1269 -1192.2547 286.3309
v -2467.1222 -1192.2527 273.7164
v -2476.4640 -1194.1627 286.4479
f 12187 12188 12189
v -2476.4592 -1194.1606 273.7124
v -2473.0113 -1210.9357 273.7105
v -2472.9029 -1211.4664 276.8243
f 12190 12191 12192
v -2472.9029 -1211.4664 276.8243
v -2473.0113 -1210.9357 273.7105
v -2472.9017 -1211.4660 273.7104
f 12193 12194 12195
v -2476.4592 -1194.1606 273.7124
v -2472.9029 -1211.4664 276.8243
v -2472.9052 -1211.4675 283.0931
f 12196 12197 12198
v -2472.9052 -1211.4675 283.0931
v -2472.9064 -1211.4680 286.2279
v -2473.0161 -1210.9378 286.4870
f 12199 12200 12201
v -2472.9052 -1211.4675 283.0931
v -2476.4640 -1194.1627 286.4479
v -2476.4592 -1194.1606 273.7124
f 12202 12203 12204
v -2473.0161 -1210.9378 286.4870
v -2476.4640 -1194.1627 286.4479
v -2472.9052 -1211.4675 283.0931
f 12205 12206 12207
v -2463.5683 -1209.5592 280.7672
v -2465.9046 -1210.0369 286.2459
v -2472.9052 -1211.4675 283.0931
f 12208 12209 12210

g building_ID_65659F85-8858-4754-AB6A-1B6396336A70
v -2447.1149 -1178.3856 286.4701
v -2453.1062 -1180.0410 283.6186
v -2446.6339 -1203.3672 283.5878
f 12211 12212 12213
v -2447.1149 -1178.3856 286.4701
v -2446.6339 -1203.3672 283.5878
v -2440.5835 -1201.6889 286.4683
f 12214 12215 12216
v -2440.5835 -1201.6889 286.4683
v -2434.2957 -1199.9443 283.4161
v -2440.7711 -1176.6332 283.3911
f 12217 12218 12219
v -2440.5835 -1201.6889 286.4683
v -2440.7711 -1176.6332 283.3911
v -2447.1149 -1178.3856 286.4701
f 12220 12221 12222
v -2453.1043 -1180.0403 278.4468
v -2453.1024 -1180.0394 273.2760
v -2446.6339 -1203.3672 283.5878
f 12223 12224 12225
v -2446.6301 -1203.3655 273.2742
v -2446.6339 -1203.3672 283.5878
v -2453.1024 -1180.0394 273.2760
f 12226 12227 12228
v -2434.2920 -1199.9426 273.2795
v -2440.7674 -1176.6315 273.2815
v -2440.7701 -1176.6328 280.8572
f 12229 12230 12231
v -2440.7701 -1176.6328 280.8572
v -2440.7711 -1176.6332 283.3911
v -2434.2957 -1199.9443 283.4161
f 12232 12233 12234
v -2434.2957 -1199.9443 283.4161
v -2434.2920 -1199.9426 273.2795
v -2440.7701 -1176.6328 280.8572
f 12235 12236 12237
v -2446.6301 -1203.3655 273.2742
v -2440.7674 -1176.6315 273.2815
v -2440.5786 -1201.6868 273.2768
f 12238 12239 12240
v -2434.2920 -1199.9426 273.2795
v -2440.5786 -1201.6868 273.2768
v -2440.7674 -1176.6315 273.2815
f 12241 12242 12243
v -2447.1100 -1178.3835 273.2786
v -2446.6301 -1203.3655 273.2742
v -2453.1024 -1180.0394 273.2760
f 12244 12245 12246
v -2446.6301 -1203.3655 273.2742
v -2447.1100 -1178.3835 273.2786
v -2440.7674 -1176.6315 273.2815
f 12247 12248 12249
v -2440.7701 -1176.6328 280.8572
v -2453.1043 -1180.0403 278.4468
v -2453.1053 -1180.0406 281.0327
f 12250 12251 12252
v -2453.1024 -1180.0394 273.2760
v -2453.1043 -1180.0403 278.4468
v -2447.1100 -1178.3835 273.2786
f 12253 12254 12255
v -2453.1062 -1180.0410 283.6186
v -2447.1149 -1178.3856 286.4701
v -2453.1053 -1180.0406 281.0327
f 12256 12257 12258
v -2440.7701 -1176.6328 280.8572
v -2447.1149 -1178.3856 286.4701
v -2440.7711 -1176.6332 283.3911
f 12259 12260 12261
v -2453.1043 -1180.0403 278.4468
v -2440.7701 -1176.6328 280.8572
v -2447.1100 -1178.3835 273.2786
f 12262 12263 12264
v -2440.7701 -1176.6328 280.8572
v -2440.7674 -1176.6315 273.2815
v -2447.1100 -1178.3835 273.2786
f 12265 12266 12267
v -2447.1149 -1178.3856 286.4701
v -2440.7701 -1176.6328 280.8572
v -2453.1053 -1180.0406 281.0327
f 12268 12269 12270
v -2440.5786 -1201.6868 273.2768
v -2434.2920 -1199.9426 273.2795
v -2434.2957 -1199.9443 283.4161
f 12271 12272 12273
v -2434.2957 -1199.9443 283.4161
v -2446.6339 -1203.3672 283.5878
v -2446.6301 -1203.3655 273.2742
f 12274 12275 12276
v -2446.6301 -1203.3655 273.2742
v -2440.5786 -1201.6868 273.2768
v -2434.2957 -1199.9443 283.4161
f 12277 12278 12279
v -2446.6339 -1203.3672 283.5878
v -2434.2957 -1199.9443 283.4161
v -2440.5835 -1201.6889 286.4683
f 12280 12281 12282
v -2446.6339 -1203.3672 283.5878
v -2453.1062 -1180.0410 283.6186
v -2453.1053 -1180.0406 281.0327
f 12283 12284 12285
v -2446.6339 -1203.3672 283.5878
v -2453.1053 -1180.0406 281.0327
v -2453.1043 -1180.0403 278.4468
f 12286 12287 12288

g building_ID_5A2BAF47-7674-47A4-A69B-B614FB9FD404
v -2374.0618 -1191.6374 285.5393
v -2371.8685 -1190.7724 285.5403
v -2374.1211 -1191.4064 285.5394
f 12289 12290 12291
v -2373.4989 -1184.9851 285.5408
v -2360.8410 -1179.7721 285.5465
v -2375.9718 -1177.5165 285.5414
f 12292 12293 12294
v -2375.9718 -1177.5165 285.5414
v -2373.8402 -1185.0821 285.5406
v -2373.4989 -1184.9851 285.5408
f 12295 12296 12297
v -2371.8685 -1190.7724 285.5403
v -2374.0618 -1191.6374 285.5393
v -2358.3144 -1187.3468 285.5461
f 12298 12299 12300
v -2375.9718 -1177.5165 285.5414
v -2361.1109 -1173.4064 285.5476
v -2375.6362 -1170.2205 285.5428
f 12301 12302 12303
v -2375.9718 -1177.5165 285.5414
v -2375.7534 -1170.2781 285.5428
v -2377.7959 -1170.8536 285.5419
f 12304 12305 12306
v -2375.6362 -1170.2205 285.5428
v -2375.7603 -1170.2541 285.5428
v -2375.7534 -1170.2781 285.5428
f 12307 12308 12309
v -2373.3735 -1165.8325 285.5445
v -2376.5898 -1166.7388 285.5431
v -2375.6362 -1170.2205 285.5428
f 12310 12311 12312
v -2375.6362 -1170.2205 285.5428
v -2370.7125 -1165.1077 285.5456
v -2373.3735 -1165.8325 285.5445
f 12313 12314 12315
v -2364.3964 -1165.3977 285.5479
v -2370.7125 -1165.1077 285.5456
v -2375.6362 -1170.2205 285.5428
f 12316 12317 12318
v -2375.6362 -1170.2205 285.5428
v -2375.7534 -1170.2781 285.5428
v -2375.9718 -1177.5165 285.5414
f 12319 12320 12321
v -2359.6345 -1184.0573 285.5462
v -2373.4989 -1184.9851 285.5408
v -2371.8685 -1190.7724 285.5403
f 12322 12323 12324
v -2360.8410 -1179.7721 285.5465
v -2361.1109 -1173.4064 285.5476
v -2375.9718 -1177.5165 285.5414
f 12325 12326 12327
v -2358.3144 -1187.3468 285.5461
v -2359.2703 -1183.9542 285.5463
v -2359.6345 -1184.0573 285.5462
f 12328 12329 12330
v -2360.8410 -1179.7721 285.5465
v -2359.4289 -1179.3729 285.5471
v -2361.1109 -1173.4064 285.5476
f 12331 12332 12333
v -2362.2828 -1164.8324 285.5488
v -2361.1109 -1173.4064 285.5476
v -2359.9601 -1173.0815 285.5481
f 12334 12335 12336
v -2360.8410 -1179.7721 285.5465
v -2373.4989 -1184.9851 285.5408
v -2359.6345 -1184.0573 285.5462
f 12337 12338 12339
v -2361.1109 -1173.4064 285.5476
v -2364.3964 -1165.3977 285.5479
v -2375.6362 -1170.2205 285.5428
f 12340 12341 12342
v -2370.5894 -1165.0480 285.5456
v -2370.7184 -1165.0847 285.5456
v -2370.7125 -1165.1077 285.5456
f 12343 12344 12345
v -2365.3562 -1161.9911 285.5481
v -2371.0015 -1163.5820 285.5458
v -2370.5894 -1165.0480 285.5456
f 12346 12347 12348
v -2361.1109 -1173.4064 285.5476
v -2362.2828 -1164.8324 285.5488
v -2364.0071 -1165.2947 285.5480
f 12349 12350 12351
v -2370.5894 -1165.0480 285.5456
v -2364.3964 -1165.3977 285.5479
v -2365.3562 -1161.9911 285.5481
f 12352 12353 12354
v -2361.1109 -1173.4064 285.5476
v -2364.0071 -1165.2947 285.5480
v -2364.3964 -1165.3977 285.5479
f 12355 12356 12357
v -2370.7125 -1165.1077 285.5456
v -2364.3964 -1165.3977 285.5479
v -2370.5894 -1165.0480 285.5456
f 12358 12359 12360
v -2358.3144 -1187.3468 285.5461
v -2359.6345 -1184.0573 285.5462
v -2371.8685 -1190.7724 285.5403
f 12361 12362 12363
v -2370.7066 -1165.1051 268.9462
v -2370.7125 -1165.1077 285.5456
v -2370.7184 -1165.0847 285.5456
f 12364 12365 12366
v -2373.3675 -1165.8300 268.9451
v -2373.3735 -1165.8325 285.5445
v -2370.7125 -1165.1077 285.5456
f 12367 12368 12369
v -2376.5839 -1166.7363 268.9437
v -2376.5898 -1166.7388 285.5431
v -2373.3735 -1165.8325 285.5445
f 12370 12371 12372
v -2375.6302 -1170.2178 268.9434
v -2375.6362 -1170.2205 285.5428
v -2376.5898 -1166.7388 285.5431
f 12373 12374 12375
v -2375.7543 -1170.2515 268.9434
v -2375.7603 -1170.2541 285.5428
v -2375.6362 -1170.2205 285.5428
f 12376 12377 12378
v -2377.7899 -1170.8510 268.9425
v -2377.7959 -1170.8536 285.5419
v -2375.7534 -1170.2781 285.5428
f 12379 12380 12381
v -2375.9658 -1177.5138 268.9420
v -2375.9718 -1177.5165 285.5414
v -2377.7959 -1170.8536 285.5419
f 12382 12383 12384
v -2373.8341 -1185.0795 268.9413
v -2373.8402 -1185.0821 285.5406
v -2375.9718 -1177.5165 285.5414
f 12385 12386 12387
v -2373.4929 -1184.9823 268.9415
v -2373.4989 -1184.9851 285.5408
v -2373.8402 -1185.0821 285.5406
f 12388 12389 12390
v -2371.8624 -1190.7696 268.9410
v -2371.8685 -1190.7724 285.5403
v -2373.4989 -1184.9851 285.5408
f 12391 12392 12393
v -2374.1151 -1191.4036 268.9401
v -2374.1211 -1191.4064 285.5394
v -2371.8685 -1190.7724 285.5403
f 12394 12395 12396
v -2374.0557 -1191.6348 268.9400
v -2374.0618 -1191.6374 285.5393
v -2374.1211 -1191.4064 285.5394
f 12397 12398 12399
v -2358.3084 -1187.3441 268.9467
v -2358.3144 -1187.3468 285.5461
v -2374.0618 -1191.6374 285.5393
f 12400 12401 12402
v -2359.2643 -1183.9516 268.9470
v -2359.2703 -1183.9542 285.5463
v -2358.3144 -1187.3468 285.5461
f 12403 12404 12405
v -2359.6286 -1184.0546 268.9468
v -2359.6345 -1184.0573 285.5462
v -2359.2703 -1183.9542 285.5463
f 12406 12407 12408
v -2360.8350 -1179.7694 268.9471
v -2360.8410 -1179.7721 285.5465
v -2359.6345 -1184.0573 285.5462
f 12409 12410 12411
v -2359.4230 -1179.3702 268.9477
v -2359.4289 -1179.3729 285.5471
v -2360.8410 -1179.7721 285.5465
f 12412 12413 12414
v -2361.1050 -1173.4038 268.9482
v -2361.1109 -1173.4064 285.5476
v -2359.4289 -1179.3729 285.5471
f 12415 12416 12417
v -2359.9541 -1173.0788 268.9487
v -2359.9601 -1173.0815 285.5481
v -2361.1109 -1173.4064 285.5476
f 12418 12419 12420
v -2362.2769 -1164.8297 268.9494
v -2362.2828 -1164.8324 285.5488
v -2359.9601 -1173.0815 285.5481
f 12421 12422 12423
v -2365.3503 -1161.9885 268.9487
v -2365.3562 -1161.9911 285.5481
v -2364.3964 -1165.3977 285.5479
f 12424 12425 12426
v -2370.9955 -1163.5793 268.9464
v -2371.0015 -1163.5820 285.5458
v -2365.3562 -1161.9911 285.5481
f 12427 12428 12429
v -2370.5834 -1165.0454 268.9462
v -2370.5894 -1165.0480 285.5456
v -2371.0015 -1163.5820 285.5458
f 12430 12431 12432
v -2370.7125 -1165.0821 268.9462
v -2370.7184 -1165.0847 285.5456
v -2370.5894 -1165.0480 285.5456
f 12433 12434 12435
v -2360.8350 -1179.7694 268.9471
v -2361.1050 -1173.4038 268.9482
v -2359.4230 -1179.3702 268.9477
f 12436 12437 12438
v -2358.3084 -1187.3441 268.9467
v -2359.6286 -1184.0546 268.9468
v -2359.2643 -1183.9516 268.9470
f 12439 12440 12441
v -2360.8350 -1179.7694 268.9471
v -2370.7066 -1165.1051 268.9462
v -2361.1050 -1173.4038 268.9482
f 12442 12443 12444
v -2373.4929 -1184.9823 268.9415
v -2360.8350 -1179.7694 268.9471
v -2359.6286 -1184.0546 268.9468
f 12445 12446 12447
v -2370.7066 -1165.1051 268.9462
v -2370.5834 -1165.0454 268.9462
v -2361.1050 -1173.4038 268.9482
f 12448 12449 12450
v -2359.9541 -1173.0788 268.9487
v -2361.1050 -1173.4038 268.9482
v -2362.2769 -1164.8297 268.9494
f 12451 12452 12453
v -2362.2769 -1164.8297 268.9494
v -2361.1050 -1173.4038 268.9482
v -2364.0012 -1165.2920 268.9486
f 12454 12455 12456
v -2365.3503 -1161.9885 268.9487
v -2364.3904 -1165.3951 268.9485
v -2370.5834 -1165.0454 268.9462
f 12457 12458 12459
v -2364.3904 -1165.3951 268.9485
v -2364.0012 -1165.2920 268.9486
v -2361.1050 -1173.4038 268.9482
f 12460 12461 12462
v -2370.5834 -1165.0454 268.9462
v -2370.9955 -1163.5793 268.9464
v -2365.3503 -1161.9885 268.9487
f 12463 12464 12465
v -2364.3904 -1165.3951 268.9485
v -2361.1050 -1173.4038 268.9482
v -2370.5834 -1165.0454 268.9462
f 12466 12467 12468
v -2371.8624 -1190.7696 268.9410
v -2359.6286 -1184.0546 268.9468
v -2358.3084 -1187.3441 268.9467
f 12469 12470 12471
v -2375.9658 -1177.5138 268.9420
v -2373.4929 -1184.9823 268.9415
v -2373.8341 -1185.0795 268.9413
f 12472 12473 12474
v -2373.4929 -1184.9823 268.9415
v -2375.9658 -1177.5138 268.9420
v -2360.8350 -1179.7694 268.9471
f 12475 12476 12477
v -2375.9658 -1177.5138 268.9420
v -2375.6302 -1170.2178 268.9434
v -2360.8350 -1179.7694 268.9471
f 12478 12479 12480
v -2374.0557 -1191.6348 268.9400
v -2374.1151 -1191.4036 268.9401
v -2371.8624 -1190.7696 268.9410
f 12481 12482 12483
v -2374.0557 -1191.6348 268.9400
v -2371.8624 -1190.7696 268.9410
v -2358.3084 -1187.3441 268.9467
f 12484 12485 12486
v -2377.7899 -1170.8510 268.9425
v -2375.7474 -1170.2755 268.9434
v -2375.9658 -1177.5138 268.9420
f 12487 12488 12489
v -2370.5834 -1165.0454 268.9462
v -2370.7066 -1165.1051 268.9462
v -2370.7125 -1165.0821 268.9462
f 12490 12491 12492
v -2375.6302 -1170.2178 268.9434
v -2373.3675 -1165.8300 268.9451
v -2370.7066 -1165.1051 268.9462
f 12493 12494 12495
v -2375.7543 -1170.2515 268.9434
v -2375.6302 -1170.2178 268.9434
v -2375.7474 -1170.2755 268.9434
f 12496 12497 12498
v -2375.9658 -1177.5138 268.9420
v -2375.7474 -1170.2755 268.9434
v -2375.6302 -1170.2178 268.9434
f 12499 12500 12501
v -2373.3675 -1165.8300 268.9451
v -2375.6302 -1170.2178 268.9434
v -2376.5839 -1166.7363 268.9437
f 12502 12503 12504
v -2370.7066 -1165.1051 268.9462
v -2360.8350 -1179.7694 268.9471
v -2375.6302 -1170.2178 268.9434
f 12505 12506 12507
v -2371.8624 -1190.7696 268.9410
v -2373.4929 -1184.9823 268.9415
v -2359.6286 -1184.0546 268.9468
f 12508 12509 12510
v -2375.7474 -1170.2755 268.9434
v -2375.7534 -1170.2781 285.5428
v -2375.7603 -1170.2541 285.5428
f 12511 12512 12513
v -2364.0012 -1165.2920 268.9486
v -2364.3904 -1165.3951 268.9485
v -2364.3964 -1165.3977 285.5479
f 12514 12515 12516
v -2364.0071 -1165.2947 285.5480
v -2362.2828 -1164.8324 285.5488
v -2362.2769 -1164.8297 268.9494
f 12517 12518 12519
v -2370.7066 -1165.1051 268.9462
v -2370.7184 -1165.0847 285.5456
v -2370.7125 -1165.0821 268.9462
f 12520 12521 12522
v -2373.3675 -1165.8300 268.9451
v -2370.7125 -1165.1077 285.5456
v -2370.7066 -1165.1051 268.9462
f 12523 12524 12525
v -2376.5839 -1166.7363 268.9437
v -2373.3735 -1165.8325 285.5445
v -2373.3675 -1165.8300 268.9451
f 12526 12527 12528
v -2375.6302 -1170.2178 268.9434
v -2376.5898 -1166.7388 285.5431
v -2376.5839 -1166.7363 268.9437
f 12529 12530 12531
v -2375.7543 -1170.2515 268.9434
v -2375.6362 -1170.2205 285.5428
v -2375.6302 -1170.2178 268.9434
f 12532 12533 12534
v -2377.7899 -1170.8510 268.9425
v -2375.7534 -1170.2781 285.5428
v -2375.7474 -1170.2755 268.9434
f 12535 12536 12537
v -2375.9658 -1177.5138 268.9420
v -2377.7959 -1170.8536 285.5419
v -2377.7899 -1170.8510 268.9425
f 12538 12539 12540
v -2373.8341 -1185.0795 268.9413
v -2375.9718 -1177.5165 285.5414
v -2375.9658 -1177.5138 268.9420
f 12541 12542 12543
v -2373.4929 -1184.9823 268.9415
v -2373.8402 -1185.0821 285.5406
v -2373.8341 -1185.0795 268.9413
f 12544 12545 12546
v -2371.8624 -1190.7696 268.9410
v -2373.4989 -1184.9851 285.5408
v -2373.4929 -1184.9823 268.9415
f 12547 12548 12549
v -2374.1151 -1191.4036 268.9401
v -2371.8685 -1190.7724 285.5403
v -2371.8624 -1190.7696 268.9410
f 12550 12551 12552
v -2374.0557 -1191.6348 268.9400
v -2374.1211 -1191.4064 285.5394
v -2374.1151 -1191.4036 268.9401
f 12553 12554 12555
v -2358.3084 -1187.3441 268.9467
v -2374.0618 -1191.6374 285.5393
v -2374.0557 -1191.6348 268.9400
f 12556 12557 12558
v -2359.2643 -1183.9516 268.9470
v -2358.3144 -1187.3468 285.5461
v -2358.3084 -1187.3441 268.9467
f 12559 12560 12561
v -2359.6286 -1184.0546 268.9468
v -2359.2703 -1183.9542 285.5463
v -2359.2643 -1183.9516 268.9470
f 12562 12563 12564
v -2360.8350 -1179.7694 268.9471
v -2359.6345 -1184.0573 285.5462
v -2359.6286 -1184.0546 268.9468
f 12565 12566 12567
v -2359.4230 -1179.3702 268.9477
v -2360.8410 -1179.7721 285.5465
v -2360.8350 -1179.7694 268.9471
f 12568 12569 12570
v -2361.1050 -1173.4038 268.9482
v -2359.4289 -1179.3729 285.5471
v -2359.4230 -1179.3702 268.9477
f 12571 12572 12573
v -2359.9541 -1173.0788 268.9487
v -2361.1109 -1173.4064 285.5476
v -2361.1050 -1173.4038 268.9482
f 12574 12575 12576
v -2362.2769 -1164.8297 268.9494
v -2359.9601 -1173.0815 285.5481
v -2359.9541 -1173.0788 268.9487
f 12577 12578 12579
v -2365.3503 -1161.9885 268.9487
v -2364.3964 -1165.3977 285.5479
v -2364.3904 -1165.3951 268.9485
f 12580 12581 12582
v -2370.9955 -1163.5793 268.9464
v -2365.3562 -1161.9911 285.5481
v -2365.3503 -1161.9885 268.9487
f 12583 12584 12585
v -2370.5834 -1165.0454 268.9462
v -2371.0015 -1163.5820 285.5458
v -2370.9955 -1163.5793 268.9464
f 12586 12587 12588
v -2370.7125 -1165.0821 268.9462
v -2370.5894 -1165.0480 285.5456
v -2370.5834 -1165.0454 268.9462
f 12589 12590 12591
v -2375.7474 -1170.2755 268.9434
v -2375.7603 -1170.2541 285.5428
v -2375.7543 -1170.2515 268.9434
f 12592 12593 12594
v -2364.0012 -1165.2920 268.9486
v -2364.3964 -1165.3977 285.5479
v -2364.0071 -1165.2947 285.5480
f 12595 12596 12597
v -2364.0071 -1165.2947 285.5480
v -2362.2769 -1164.8297 268.9494
v -2364.0012 -1165.2920 268.9486
f 12598 12599 12600

g building_ID_4591369B-EA45-4B7A-B6FF-DC851772C340
v -2358.6615 -1190.3858 285.5453
v -2357.5467 -1190.0728 285.5457
v -2358.3144 -1187.3468 285.5461
f 12601 12602 12603
v -2358.6615 -1190.3858 285.5453
v -2374.0578 -1191.6365 285.5393
v -2372.4550 -1197.3407 285.5389
f 12604 12605 12606
v -2374.0578 -1191.6365 285.5393
v -2358.6615 -1190.3858 285.5453
v -2358.3144 -1187.3468 285.5461
f 12607 12608 12609
v -2372.4550 -1197.3407 285.5389
v -2357.5164 -1197.4089 285.5444
v -2358.6615 -1190.3858 285.5453
f 12610 12611 12612
v -2372.4550 -1197.3407 285.5389
v -2357.3508 -1206.5112 285.5427
v -2357.5164 -1197.4089 285.5444
f 12613 12614 12615
v -2357.3508 -1206.5112 285.5427
v -2369.0370 -1209.9608 285.5377
v -2356.3949 -1209.9038 285.5424
f 12616 12617 12618
v -2357.5164 -1197.4089 285.5444
v -2357.3508 -1206.5112 285.5427
v -2355.1282 -1205.8842 285.5437
f 12619 12620 12621
v -2357.5164 -1197.4089 285.5444
v -2356.7428 -1197.1929 285.5447
v -2358.6615 -1190.3858 285.5453
f 12622 12623 12624
v -2369.2081 -1209.6603 285.5377
v -2357.3508 -1206.5112 285.5427
v -2372.4550 -1197.3407 285.5389
f 12625 12626 12627
v -2372.4891 -1197.3507 285.5389
v -2372.4792 -1197.3857 285.5388
v -2372.4550 -1197.3407 285.5389
f 12628 12629 12630
v -2369.2081 -1209.6603 285.5377
v -2372.4792 -1197.3857 285.5388
v -2374.6107 -1197.9699 285.5379
f 12631 12632 12633
v -2369.0370 -1209.9608 285.5377
v -2368.1457 -1213.2131 285.5375
v -2356.3949 -1209.9038 285.5424
f 12634 12635 12636
v -2369.0370 -1209.9608 285.5377
v -2369.2081 -1209.6603 285.5377
v -2369.1171 -1209.9826 285.5377
f 12637 12638 12639
v -2374.6107 -1197.9699 285.5379
v -2371.2497 -1210.2349 285.5369
v -2369.2081 -1209.6603 285.5377
f 12640 12641 12642
v -2369.0370 -1209.9608 285.5377
v -2357.3508 -1206.5112 285.5427
v -2369.2081 -1209.6603 285.5377
f 12643 12644 12645
v -2369.2081 -1209.6603 285.5377
v -2372.4550 -1197.3407 285.5389
v -2372.4792 -1197.3857 285.5388
f 12646 12647 12648
v -2372.4732 -1197.3829 268.9394
v -2372.4792 -1197.3857 285.5388
v -2372.4891 -1197.3507 285.5389
f 12649 12650 12651
v -2374.6047 -1197.9672 268.9385
v -2374.6107 -1197.9699 285.5379
v -2372.4792 -1197.3857 285.5388
f 12652 12653 12654
v -2371.2437 -1210.2322 268.9375
v -2371.2497 -1210.2349 285.5369
v -2374.6107 -1197.9699 285.5379
f 12655 12656 12657
v -2369.2022 -1209.6576 268.9383
v -2369.2081 -1209.6603 285.5377
v -2371.2497 -1210.2349 285.5369
f 12658 12659 12660
v -2369.1111 -1209.9799 268.9383
v -2369.1171 -1209.9826 285.5377
v -2369.2081 -1209.6603 285.5377
f 12661 12662 12663
v -2369.0310 -1209.9581 268.9384
v -2369.0370 -1209.9608 285.5377
v -2369.1171 -1209.9826 285.5377
f 12664 12665 12666
v -2368.1397 -1213.2104 268.9381
v -2368.1457 -1213.2131 285.5375
v -2369.0370 -1209.9608 285.5377
f 12667 12668 12669
v -2356.3890 -1209.9011 268.9430
v -2356.3949 -1209.9038 285.5424
v -2368.1457 -1213.2131 285.5375
f 12670 12671 12672
v -2357.3449 -1206.5085 268.9433
v -2357.3508 -1206.5112 285.5427
v -2356.3949 -1209.9038 285.5424
f 12673 12674 12675
v -2355.1222 -1205.8814 268.9443
v -2355.1282 -1205.8842 285.5437
v -2357.3508 -1206.5112 285.5427
f 12676 12677 12678
v -2357.5104 -1197.4061 268.9451
v -2357.5164 -1197.4089 285.5444
v -2355.1282 -1205.8842 285.5437
f 12679 12680 12681
v -2356.7369 -1197.1902 268.9454
v -2356.7428 -1197.1929 285.5447
v -2357.5164 -1197.4089 285.5444
f 12682 12683 12684
v -2358.6556 -1190.3832 268.9460
v -2358.6615 -1190.3858 285.5453
v -2356.7428 -1197.1929 285.5447
f 12685 12686 12687
v -2357.5408 -1190.0702 268.9464
v -2357.5467 -1190.0728 285.5457
v -2358.6615 -1190.3858 285.5453
f 12688 12689 12690
v -2358.3084 -1187.3441 268.9467
v -2358.3144 -1187.3468 285.5461
v -2357.5467 -1190.0728 285.5457
f 12691 12692 12693
v -2374.0517 -1191.6338 268.9400
v -2374.0578 -1191.6365 285.5393
v -2358.3144 -1187.3468 285.5461
f 12694 12695 12696
v -2372.4491 -1197.3380 268.9395
v -2372.4550 -1197.3407 285.5389
v -2374.0578 -1191.6365 285.5393
f 12697 12698 12699
v -2372.4831 -1197.3479 268.9395
v -2372.4891 -1197.3507 285.5389
v -2372.4550 -1197.3407 285.5389
f 12700 12701 12702
v -2372.4831 -1197.3479 268.9395
v -2372.4491 -1197.3380 268.9395
v -2372.4732 -1197.3829 268.9394
f 12703 12704 12705
v -2369.2022 -1209.6576 268.9383
v -2374.6047 -1197.9672 268.9385
v -2372.4732 -1197.3829 268.9394
f 12706 12707 12708
v -2374.6047 -1197.9672 268.9385
v -2369.2022 -1209.6576 268.9383
v -2371.2437 -1210.2322 268.9375
f 12709 12710 12711
v -2369.2022 -1209.6576 268.9383
v -2369.0310 -1209.9581 268.9384
v -2369.1111 -1209.9799 268.9383
f 12712 12713 12714
v -2369.0310 -1209.9581 268.9384
v -2356.3890 -1209.9011 268.9430
v -2368.1397 -1213.2104 268.9381
f 12715 12716 12717
v -2357.3449 -1206.5085 268.9433
v -2369.0310 -1209.9581 268.9384
v -2369.2022 -1209.6576 268.9383
f 12718 12719 12720
v -2372.4732 -1197.3829 268.9394
v -2372.4491 -1197.3380 268.9395
v -2369.2022 -1209.6576 268.9383
f 12721 12722 12723
v -2358.6556 -1190.3832 268.9460
v -2357.5104 -1197.4061 268.9451
v -2372.4491 -1197.3380 268.9395
f 12724 12725 12726
v -2358.6556 -1190.3832 268.9460
v -2372.4491 -1197.3380 268.9395
v -2374.0517 -1191.6338 268.9400
f 12727 12728 12729
v -2358.6556 -1190.3832 268.9460
v -2358.3084 -1187.3441 268.9467
v -2357.5408 -1190.0702 268.9464
f 12730 12731 12732
v -2358.6556 -1190.3832 268.9460
v -2374.0517 -1191.6338 268.9400
v -2358.3084 -1187.3441 268.9467
f 12733 12734 12735
v -2357.3449 -1206.5085 268.9433
v -2356.3890 -1209.9011 268.9430
v -2369.0310 -1209.9581 268.9384
f 12736 12737 12738
v -2358.6556 -1190.3832 268.9460
v -2356.7369 -1197.1902 268.9454
v -2357.5104 -1197.4061 268.9451
f 12739 12740 12741
v -2357.3449 -1206.5085 268.9433
v -2357.5104 -1197.4061 268.9451
v -2355.1222 -1205.8814 268.9443
f 12742 12743 12744
v -2357.5104 -1197.4061 268.9451
v -2357.3449 -1206.5085 268.9433
v -2372.4491 -1197.3380 268.9395
f 12745 12746 12747
v -2372.4491 -1197.3380 268.9395
v -2357.3449 -1206.5085 268.9433
v -2369.2022 -1209.6576 268.9383
f 12748 12749 12750
v -2372.4732 -1197.3829 268.9394
v -2372.4891 -1197.3507 285.5389
v -2372.4831 -1197.3479 268.9395
f 12751 12752 12753
v -2374.6047 -1197.9672 268.9385
v -2372.4792 -1197.3857 285.5388
v -2372.4732 -1197.3829 268.9394
f 12754 12755 12756
v -2371.2437 -1210.2322 268.9375
v -2374.6107 -1197.9699 285.5379
v -2374.6047 -1197.9672 268.9385
f 12757 12758 12759
v -2369.2022 -1209.6576 268.9383
v -2371.2497 -1210.2349 285.5369
v -2371.2437 -1210.2322 268.9375
f 12760 12761 12762
v -2369.1111 -1209.9799 268.9383
v -2369.2081 -1209.6603 285.5377
v -2369.2022 -1209.6576 268.9383
f 12763 12764 12765
v -2369.0310 -1209.9581 268.9384
v -2369.1171 -1209.9826 285.5377
v -2369.1111 -1209.9799 268.9383
f 12766 12767 12768
v -2368.1397 -1213.2104 268.9381
v -2369.0370 -1209.9608 285.5377
v -2369.0310 -1209.9581 268.9384
f 12769 12770 12771
v -2356.3890 -1209.9011 268.9430
v -2368.1457 -1213.2131 285.5375
v -2368.1397 -1213.2104 268.9381
f 12772 12773 12774
v -2357.3449 -1206.5085 268.9433
v -2356.3949 -1209.9038 285.5424
v -2356.3890 -1209.9011 268.9430
f 12775 12776 12777
v -2355.1222 -1205.8814 268.9443
v -2357.3508 -1206.5112 285.5427
v -2357.3449 -1206.5085 268.9433
f 12778 12779 12780
v -2357.5104 -1197.4061 268.9451
v -2355.1282 -1205.8842 285.5437
v -2355.1222 -1205.8814 268.9443
f 12781 12782 12783
v -2356.7369 -1197.1902 268.9454
v -2357.5164 -1197.4089 285.5444
v -2357.5104 -1197.4061 268.9451
f 12784 12785 12786
v -2358.6556 -1190.3832 268.9460
v -2356.7428 -1197.1929 285.5447
v -2356.7369 -1197.1902 268.9454
f 12787 12788 12789
v -2357.5408 -1190.0702 268.9464
v -2358.6615 -1190.3858 285.5453
v -2358.6556 -1190.3832 268.9460
f 12790 12791 12792
v -2358.3084 -1187.3441 268.9467
v -2357.5467 -1190.0728 285.5457
v -2357.5408 -1190.0702 268.9464
f 12793 12794 12795
v -2374.0517 -1191.6338 268.9400
v -2358.3144 -1187.3468 285.5461
v -2358.3084 -1187.3441 268.9467
f 12796 12797 12798
v -2372.4491 -1197.3380 268.9395
v -2374.0578 -1191.6365 285.5393
v -2374.0517 -1191.6338 268.9400
f 12799 12800 12801
v -2372.4831 -1197.3479 268.9395
v -2372.4550 -1197.3407 285.5389
v -2372.4491 -1197.3380 268.9395
f 12802 12803 12804

g building_ID_3CC09A0A-B53F-4E99-92CE-5A2794F4EB0D
v -2300.2747 -1210.4498 287.8497
v -2292.4662 -1198.3159 287.8549
v -2306.1921 -1199.0910 287.8497
f 12805 12806 12807
v -2306.1921 -1199.0910 287.8497
v -2302.8816 -1211.1638 287.8486
v -2300.2747 -1210.4498 287.8497
f 12808 12809 12810
v -2306.1921 -1199.0910 287.8497
v -2310.4940 -1194.2375 287.8491
v -2308.9631 -1199.8505 287.8486
f 12811 12812 12813
v -2310.4940 -1194.2375 287.8491
v -2306.1921 -1199.0910 287.8497
v -2304.3696 -1192.5590 287.8517
f 12814 12815 12816
v -2288.5162 -1207.2244 287.8545
v -2300.2747 -1210.4498 287.8497
v -2300.2657 -1210.4838 287.8497
f 12817 12818 12819
v -2285.6560 -1206.4400 287.8557
v -2288.5162 -1207.2244 287.8545
v -2285.6372 -1206.5071 287.8557
f 12820 12821 12822
v -2300.2657 -1210.4838 287.8497
v -2285.6372 -1206.5071 287.8557
v -2288.5162 -1207.2244 287.8545
f 12823 12824 12825
v -2304.6865 -1191.4051 287.8518
v -2304.3696 -1192.5590 287.8517
v -2295.0835 -1188.7709 287.8557
f 12826 12827 12828
v -2292.4662 -1198.3159 287.8549
v -2295.0835 -1188.7709 287.8557
v -2304.3696 -1192.5590 287.8517
f 12829 12830 12831
v -2288.5162 -1207.2244 287.8545
v -2291.0501 -1197.9266 287.8555
v -2292.4662 -1198.3159 287.8549
f 12832 12833 12834
v -2304.3696 -1192.5590 287.8517
v -2306.1921 -1199.0910 287.8497
v -2292.4662 -1198.3159 287.8549
f 12835 12836 12837
v -2288.5162 -1207.2244 287.8545
v -2292.4662 -1198.3159 287.8549
v -2300.2747 -1210.4498 287.8497
f 12838 12839 12840
v -2308.9563 -1199.8473 268.3194
v -2308.9631 -1199.8505 287.8486
v -2310.4940 -1194.2375 287.8491
f 12841 12842 12843
v -2306.1853 -1199.0878 268.3205
v -2306.1921 -1199.0910 287.8497
v -2308.9631 -1199.8505 287.8486
f 12844 12845 12846
v -2302.8748 -1211.1605 268.3194
v -2302.8816 -1211.1638 287.8486
v -2306.1921 -1199.0910 287.8497
f 12847 12848 12849
v -2300.2679 -1210.4465 268.3205
v -2300.2747 -1210.4498 287.8497
v -2302.8816 -1211.1638 287.8486
f 12850 12851 12852
v -2300.2589 -1210.4805 268.3205
v -2300.2657 -1210.4838 287.8497
v -2300.2747 -1210.4498 287.8497
f 12853 12854 12855
v -2285.6305 -1206.5039 268.3265
v -2285.6372 -1206.5071 287.8557
v -2300.2657 -1210.4838 287.8497
f 12856 12857 12858
v -2285.6493 -1206.4369 268.3265
v -2285.6560 -1206.4400 287.8557
v -2285.6372 -1206.5071 287.8557
f 12859 12860 12861
v -2288.5094 -1207.2212 268.3253
v -2288.5162 -1207.2244 287.8545
v -2285.6560 -1206.4400 287.8557
f 12862 12863 12864
v -2291.0433 -1197.9235 268.3262
v -2291.0501 -1197.9266 287.8555
v -2288.5162 -1207.2244 287.8545
f 12865 12866 12867
v -2292.4594 -1198.3127 268.3256
v -2292.4662 -1198.3159 287.8549
v -2291.0501 -1197.9266 287.8555
f 12868 12869 12870
v -2295.0767 -1188.7678 268.3265
v -2295.0835 -1188.7709 287.8557
v -2292.4662 -1198.3159 287.8549
f 12871 12872 12873
v -2304.6797 -1191.4019 268.3226
v -2304.6865 -1191.4051 287.8518
v -2295.0835 -1188.7709 287.8557
f 12874 12875 12876
v -2304.3628 -1192.5558 268.3225
v -2304.3696 -1192.5590 287.8517
v -2304.6865 -1191.4051 287.8518
f 12877 12878 12879
v -2310.4872 -1194.2343 268.3199
v -2310.4940 -1194.2375 287.8491
v -2304.3696 -1192.5590 287.8517
f 12880 12881 12882
v -2285.6493 -1206.4369 268.3265
v -2285.6305 -1206.5039 268.3265
v -2288.5094 -1207.2212 268.3253
f 12883 12884 12885
v -2300.2589 -1210.4805 268.3205
v -2288.5094 -1207.2212 268.3253
v -2285.6305 -1206.5039 268.3265
f 12886 12887 12888
v -2288.5094 -1207.2212 268.3253
v -2292.4594 -1198.3127 268.3256
v -2291.0433 -1197.9235 268.3262
f 12889 12890 12891
v -2304.6797 -1191.4019 268.3226
v -2295.0767 -1188.7678 268.3265
v -2304.3628 -1192.5558 268.3225
f 12892 12893 12894
v -2292.4594 -1198.3127 268.3256
v -2304.3628 -1192.5558 268.3225
v -2295.0767 -1188.7678 268.3265
f 12895 12896 12897
v -2306.1853 -1199.0878 268.3205
v -2304.3628 -1192.5558 268.3225
v -2292.4594 -1198.3127 268.3256
f 12898 12899 12900
v -2300.2679 -1210.4465 268.3205
v -2292.4594 -1198.3127 268.3256
v -2288.5094 -1207.2212 268.3253
f 12901 12902 12903
v -2300.2679 -1210.4465 268.3205
v -2306.1853 -1199.0878 268.3205
v -2292.4594 -1198.3127 268.3256
f 12904 12905 12906
v -2306.1853 -1199.0878 268.3205
v -2300.2679 -1210.4465 268.3205
v -2302.8748 -1211.1605 268.3194
f 12907 12908 12909
v -2310.4872 -1194.2343 268.3199
v -2304.3628 -1192.5558 268.3225
v -2306.1853 -1199.0878 268.3205
f 12910 12911 12912
v -2306.1853 -1199.0878 268.3205
v -2308.9563 -1199.8473 268.3194
v -2310.4872 -1194.2343 268.3199
f 12913 12914 12915
v -2300.2589 -1210.4805 268.3205
v -2300.2679 -1210.4465 268.3205
v -2288.5094 -1207.2212 268.3253
f 12916 12917 12918
v -2308.9563 -1199.8473 268.3194
v -2310.4940 -1194.2375 287.8491
v -2310.4872 -1194.2343 268.3199
f 12919 12920 12921
v -2306.1853 -1199.0878 268.3205
v -2308.9631 -1199.8505 287.8486
v -2308.9563 -1199.8473 268.3194
f 12922 12923 12924
v -2302.8748 -1211.1605 268.3194
v -2306.1921 -1199.0910 287.8497
v -2306.1853 -1199.0878 268.3205
f 12925 12926 12927
v -2300.2679 -1210.4465 268.3205
v -2302.8816 -1211.1638 287.8486
v -2302.8748 -1211.1605 268.3194
f 12928 12929 12930
v -2300.2589 -1210.4805 268.3205
v -2300.2747 -1210.4498 287.8497
v -2300.2679 -1210.4465 268.3205
f 12931 12932 12933
v -2285.6305 -1206.5039 268.3265
v -2300.2657 -1210.4838 287.8497
v -2300.2589 -1210.4805 268.3205
f 12934 12935 12936
v -2285.6493 -1206.4369 268.3265
v -2285.6372 -1206.5071 287.8557
v -2285.6305 -1206.5039 268.3265
f 12937 12938 12939
v -2288.5094 -1207.2212 268.3253
v -2285.6560 -1206.4400 287.8557
v -2285.6493 -1206.4369 268.3265
f 12940 12941 12942
v -2291.0433 -1197.9235 268.3262
v -2288.5162 -1207.2244 287.8545
v -2288.5094 -1207.2212 268.3253
f 12943 12944 12945
v -2292.4594 -1198.3127 268.3256
v -2291.0501 -1197.9266 287.8555
v -2291.0433 -1197.9235 268.3262
f 12946 12947 12948
v -2295.0767 -1188.7678 268.3265
v -2292.4662 -1198.3159 287.8549
v -2292.4594 -1198.3127 268.3256
f 12949 12950 12951
v -2304.6797 -1191.4019 268.3226
v -2295.0835 -1188.7709 287.8557
v -2295.0767 -1188.7678 268.3265
f 12952 12953 12954
v -2304.3628 -1192.5558 268.3225
v -2304.6865 -1191.4051 287.8518
v -2304.6797 -1191.4019 268.3226
f 12955 12956 12957
v -2310.4872 -1194.2343 268.3199
v -2304.3696 -1192.5590 287.8517
v -2304.3628 -1192.5558 268.3225
f 12958 12959 12960

g building_ID_0E9817B9-4B4E-40F6-96A6-F0F14E9E1833
v -2278.9901 -1154.3773 287.1109
v -2280.1400 -1149.5082 287.1114
v -2280.2941 -1149.5498 287.1113
f 12961 12962 12963
v -2276.8300 -1162.1680 287.1103
v -2276.7269 -1162.1393 287.1103
v -2278.9901 -1154.3773 287.1109
f 12964 12965 12966
v -2280.1400 -1149.5082 287.1114
v -2278.9901 -1154.3773 287.1109
v -2276.7269 -1162.1393 287.1103
f 12967 12968 12969
v -2291.6467 -1171.4292 287.1033
v -2276.8300 -1162.1680 287.1103
v -2295.0917 -1158.7721 287.1044
f 12970 12971 12972
v -2278.9901 -1154.3773 287.1109
v -2295.0917 -1158.7721 287.1044
v -2276.8300 -1162.1680 287.1103
f 12973 12974 12975
v -2276.8300 -1162.1680 287.1103
v -2291.6467 -1171.4292 287.1033
v -2275.5027 -1166.8795 287.1099
f 12976 12977 12978
v -2280.2872 -1149.5467 267.0991
v -2280.2941 -1149.5498 287.1113
v -2280.1400 -1149.5082 287.1114
f 12979 12980 12981
v -2278.9832 -1154.3741 267.0987
v -2278.9901 -1154.3773 287.1109
v -2280.2941 -1149.5498 287.1113
f 12982 12983 12984
v -2295.0848 -1158.7689 267.0922
v -2295.0917 -1158.7721 287.1044
v -2278.9901 -1154.3773 287.1109
f 12985 12986 12987
v -2291.6398 -1171.4259 267.0910
v -2291.6467 -1171.4292 287.1033
v -2295.0917 -1158.7721 287.1044
f 12988 12989 12990
v -2275.4958 -1166.8764 267.0977
v -2275.5027 -1166.8795 287.1099
v -2291.6467 -1171.4292 287.1033
f 12991 12992 12993
v -2276.8231 -1162.1648 267.0981
v -2276.8300 -1162.1680 287.1103
v -2275.5027 -1166.8795 287.1099
f 12994 12995 12996
v -2276.7200 -1162.1361 267.0981
v -2276.7269 -1162.1393 287.1103
v -2276.8300 -1162.1680 287.1103
f 12997 12998 12999
v -2280.1331 -1149.5052 267.0992
v -2280.1400 -1149.5082 287.1114
v -2276.7269 -1162.1393 287.1103
f 13000 13001 13002
v -2280.1331 -1149.5052 267.0992
v -2276.7200 -1162.1361 267.0981
v -2278.9832 -1154.3741 267.0987
f 13003 13004 13005
v -2276.8231 -1162.1648 267.0981
v -2278.9832 -1154.3741 267.0987
v -2276.7200 -1162.1361 267.0981
f 13006 13007 13008
v -2278.9832 -1154.3741 267.0987
v -2280.2872 -1149.5467 267.0991
v -2280.1331 -1149.5052 267.0992
f 13009 13010 13011
v -2276.8231 -1162.1648 267.0981
v -2275.4958 -1166.8764 267.0977
v -2291.6398 -1171.4259 267.0910
f 13012 13013 13014
v -2278.9832 -1154.3741 267.0987
v -2276.8231 -1162.1648 267.0981
v -2295.0848 -1158.7689 267.0922
f 13015 13016 13017
v -2291.6398 -1171.4259 267.0910
v -2295.0848 -1158.7689 267.0922
v -2276.8231 -1162.1648 267.0981
f 13018 13019 13020
v -2280.2872 -1149.5467 267.0991
v -2280.1400 -1149.5082 287.1114
v -2280.1331 -1149.5052 267.0992
f 13021 13022 13023
v -2278.9832 -1154.3741 267.0987
v -2280.2941 -1149.5498 287.1113
v -2280.2872 -1149.5467 267.0991
f 13024 13025 13026
v -2295.0848 -1158.7689 267.0922
v -2278.9901 -1154.3773 287.1109
v -2278.9832 -1154.3741 267.0987
f 13027 13028 13029
v -2291.6398 -1171.4259 267.0910
v -2295.0917 -1158.7721 287.1044
v -2295.0848 -1158.7689 267.0922
f 13030 13031 13032
v -2275.4958 -1166.8764 267.0977
v -2291.6467 -1171.4292 287.1033
v -2291.6398 -1171.4259 267.0910
f 13033 13034 13035
v -2276.8231 -1162.1648 267.0981
v -2275.5027 -1166.8795 287.1099
v -2275.4958 -1166.8764 267.0977
f 13036 13037 13038
v -2276.7200 -1162.1361 267.0981
v -2276.8300 -1162.1680 287.1103
v -2276.8231 -1162.1648 267.0981
f 13039 13040 13041
v -2280.1331 -1149.5052 267.0992
v -2276.7269 -1162.1393 287.1103
v -2276.7200 -1162.1361 267.0981
f 13042 13043 13044

g building_ID_55B020FE-B867-498B-9B30-69D1AF4A58AE
v -2315.5528 -1150.2967 284.3036
v -2314.6532 -1150.0521 284.3040
v -2325.1220 -1152.2700 284.2968
f 13045 13046 13047
v -2314.1228 -1149.9075 284.3042
v -2325.1220 -1152.2700 284.2968
v -2314.6532 -1150.0521 284.3040
f 13048 13049 13050
v -2325.1220 -1152.2700 284.2968
v -2311.2810 -1165.9850 284.3583
v -2313.4139 -1158.1504 284.3310
f 13051 13052 13053
v -2313.4139 -1158.1504 284.3310
v -2315.5528 -1150.2967 284.3036
v -2325.1220 -1152.2700 284.2968
f 13054 13055 13056
v -2324.0315 -1169.5778 284.3530
v -2311.2810 -1165.9850 284.3583
v -2325.1220 -1152.2700 284.2968
f 13057 13058 13059
v -2325.3375 -1152.4535 284.2967
v -2324.1177 -1169.2635 284.3510
v -2324.0315 -1169.5778 284.3530
f 13060 13061 13062
v -2324.1910 -1168.9924 284.3511
v -2324.1177 -1169.2635 284.3510
v -2325.3375 -1152.4535 284.2967
f 13063 13064 13065
v -2324.0315 -1169.5778 284.3530
v -2325.1220 -1152.2700 284.2968
v -2325.3375 -1152.4535 284.2967
f 13066 13067 13068
v -2325.3682 -1152.3394 284.2967
v -2325.3375 -1152.4535 284.2967
v -2325.1220 -1152.2700 284.2968
f 13069 13070 13071
v -2314.1505 -1149.8095 284.3042
v -2325.1220 -1152.2700 284.2968
v -2314.1228 -1149.9075 284.3042
f 13072 13073 13074
v -2325.1220 -1152.2700 284.2968
v -2314.1505 -1149.8095 284.3042
v -2325.9878 -1149.1977 284.2860
f 13075 13076 13077
v -2312.4462 -1149.3290 284.3049
v -2313.4137 -1145.7755 284.2912
v -2314.1505 -1149.8095 284.3042
f 13078 13079 13080
v -2314.1505 -1149.8095 284.3042
v -2313.4137 -1145.7755 284.2912
v -2325.9878 -1149.1977 284.2860
f 13081 13082 13083
v -2315.5470 -1150.2941 267.5532
v -2314.1169 -1149.9050 267.5538
v -2314.6532 -1150.0521 284.3040
f 13084 13085 13086
v -2312.6125 -1161.0810 274.8880
v -2315.5470 -1150.2941 267.5532
v -2315.5528 -1150.2967 284.3036
f 13087 13088 13089
v -2312.6125 -1161.0810 274.8880
v -2315.5528 -1150.2967 284.3036
v -2313.4139 -1158.1504 284.3310
f 13090 13091 13092
v -2312.6125 -1161.0810 274.8880
v -2313.7111 -1157.0349 267.5527
v -2315.5470 -1150.2941 267.5532
f 13093 13094 13095
v -2311.2810 -1165.9850 284.3583
v -2312.6125 -1161.0810 274.8880
v -2313.4139 -1158.1504 284.3310
f 13096 13097 13098
v -2312.6125 -1161.0810 274.8880
v -2311.2810 -1165.9850 284.3583
v -2311.2751 -1165.9824 267.5519
f 13099 13100 13101
v -2311.2751 -1165.9824 267.5519
v -2313.7111 -1157.0349 267.5527
v -2312.6125 -1161.0810 274.8880
f 13102 13103 13104
v -2311.2751 -1165.9824 267.5519
v -2311.2810 -1165.9850 284.3583
v -2324.0315 -1169.5778 284.3530
f 13105 13106 13107
v -2324.0256 -1169.5751 267.5466
v -2324.0315 -1169.5778 284.3530
v -2324.0876 -1169.3572 274.8983
f 13108 13109 13110
v -2324.1271 -1169.2105 271.7464
v -2324.0256 -1169.5751 267.5466
v -2324.0876 -1169.3572 274.8983
f 13111 13112 13113
v -2324.1271 -1169.2105 271.7464
v -2324.1177 -1169.2635 284.3510
v -2325.3338 -1164.7856 267.5470
f 13114 13115 13116
v -2324.1271 -1169.2105 271.7464
v -2325.3338 -1164.7856 267.5470
v -2324.1850 -1168.9897 267.5467
f 13117 13118 13119
v -2324.0256 -1169.5751 267.5466
v -2324.1271 -1169.2105 271.7464
v -2324.1850 -1168.9897 267.5467
f 13120 13121 13122
v -2325.3536 -1152.4568 267.5493
v -2325.3375 -1152.4535 284.2967
v -2325.3316 -1152.4508 267.5493
f 13123 13124 13125
v -2325.1220 -1152.2700 284.2968
v -2325.3623 -1152.3367 267.5493
v -2325.3682 -1152.3394 284.2967
f 13126 13127 13128
v -2325.1220 -1152.2700 284.2968
v -2325.1161 -1152.2674 267.5494
v -2325.3623 -1152.3367 267.5493
f 13129 13130 13131
v -2325.3316 -1152.4508 267.5493
v -2325.3375 -1152.4535 284.2967
v -2325.3682 -1152.3394 284.2967
f 13132 13133 13134
v -2325.3316 -1152.4508 267.5493
v -2325.3682 -1152.3394 284.2967
v -2325.3623 -1152.3367 267.5493
f 13135 13136 13137
v -2314.1447 -1149.8069 267.5538
v -2314.1505 -1149.8095 284.3042
v -2314.1169 -1149.9050 267.5538
f 13138 13139 13140
v -2325.1161 -1152.2674 267.5494
v -2325.1220 -1152.2700 284.2968
v -2325.9878 -1149.1977 284.2860
f 13141 13142 13143
v -2313.4078 -1145.7729 267.5549
v -2313.4137 -1145.7755 284.2912
v -2312.4404 -1149.3264 267.5545
f 13144 13145 13146
v -2312.4404 -1149.3264 267.5545
v -2312.4462 -1149.3290 284.3049
v -2314.1505 -1149.8095 284.3042
f 13147 13148 13149
v -2325.9819 -1149.1951 267.5496
v -2325.9878 -1149.1977 284.2860
v -2313.4137 -1145.7755 284.2912
f 13150 13151 13152
v -2325.3375 -1152.4535 284.2967
v -2326.3527 -1161.0787 284.3227
v -2325.2624 -1165.0706 284.3364
f 13153 13154 13155
v -2326.3527 -1161.0787 284.3227
v -2325.3375 -1152.4535 284.2967
v -2327.3894 -1157.2799 284.3090
f 13156 13157 13158
v -2324.1910 -1168.9924 284.3511
v -2325.3375 -1152.4535 284.2967
v -2325.2624 -1165.0706 284.3364
f 13159 13160 13161
v -2328.4758 -1153.3020 284.2954
v -2327.3894 -1157.2799 284.3090
v -2325.3375 -1152.4535 284.2967
f 13162 13163 13164
v -2328.4758 -1153.3020 284.2954
v -2325.3536 -1152.4568 267.5493
v -2328.4699 -1153.2993 267.5480
f 13165 13166 13167
v -2324.1177 -1169.2635 284.3510
v -2324.1910 -1168.9924 284.3511
v -2325.2624 -1165.0706 284.3364
f 13168 13169 13170
v -2325.2624 -1165.0706 284.3364
v -2325.3338 -1164.7856 267.5470
v -2324.1177 -1169.2635 284.3510
f 13171 13172 13173
v -2327.3984 -1157.2222 267.5476
v -2326.3527 -1161.0787 284.3227
v -2327.3894 -1157.2799 284.3090
f 13174 13175 13176
v -2326.3527 -1161.0787 284.3227
v -2327.3984 -1157.2222 267.5476
v -2326.3280 -1161.1450 267.5473
f 13177 13178 13179
v -2325.3338 -1164.7856 267.5470
v -2326.3527 -1161.0787 284.3227
v -2326.3280 -1161.1450 267.5473
f 13180 13181 13182
v -2327.3894 -1157.2799 284.3090
v -2328.4699 -1153.2993 267.5480
v -2327.3984 -1157.2222 267.5476
f 13183 13184 13185
v -2325.3536 -1152.4568 267.5493
v -2327.3984 -1157.2222 267.5476
v -2328.4699 -1153.2993 267.5480
f 13186 13187 13188
v -2327.3984 -1157.2222 267.5476
v -2325.3536 -1152.4568 267.5493
v -2326.3280 -1161.1450 267.5473
f 13189 13190 13191
v -2326.3280 -1161.1450 267.5473
v -2325.3536 -1152.4568 267.5493
v -2325.3338 -1164.7856 267.5470
f 13192 13193 13194
v -2324.1850 -1168.9897 267.5467
v -2325.3338 -1164.7856 267.5470
v -2325.3536 -1152.4568 267.5493
f 13195 13196 13197
v -2314.6532 -1150.0521 284.3040
v -2314.1169 -1149.9050 267.5538
v -2314.1228 -1149.9075 284.3042
f 13198 13199 13200
v -2314.6532 -1150.0521 284.3040
v -2315.5528 -1150.2967 284.3036
v -2315.5470 -1150.2941 267.5532
f 13201 13202 13203
v -2311.2751 -1165.9824 267.5519
v -2324.0315 -1169.5778 284.3530
v -2324.0256 -1169.5751 267.5466
f 13204 13205 13206
v -2324.0876 -1169.3572 274.8983
v -2324.0315 -1169.5778 284.3530
v -2324.1177 -1169.2635 284.3510
f 13207 13208 13209
v -2324.1271 -1169.2105 271.7464
v -2324.0876 -1169.3572 274.8983
v -2324.1177 -1169.2635 284.3510
f 13210 13211 13212
v -2314.1505 -1149.8095 284.3042
v -2314.1228 -1149.9075 284.3042
v -2314.1169 -1149.9050 267.5538
f 13213 13214 13215
v -2325.1161 -1152.2674 267.5494
v -2325.9878 -1149.1977 284.2860
v -2325.9819 -1149.1951 267.5496
f 13216 13217 13218
v -2313.4137 -1145.7755 284.2912
v -2312.4462 -1149.3290 284.3049
v -2312.4404 -1149.3264 267.5545
f 13219 13220 13221
v -2312.4404 -1149.3264 267.5545
v -2314.1505 -1149.8095 284.3042
v -2314.1447 -1149.8069 267.5538
f 13222 13223 13224
v -2325.9819 -1149.1951 267.5496
v -2313.4137 -1145.7755 284.2912
v -2313.4078 -1145.7729 267.5549
f 13225 13226 13227
v -2325.3536 -1152.4568 267.5493
v -2328.4758 -1153.3020 284.2954
v -2325.3375 -1152.4535 284.2967
f 13228 13229 13230
v -2325.3338 -1164.7856 267.5470
v -2325.2624 -1165.0706 284.3364
v -2326.3527 -1161.0787 284.3227
f 13231 13232 13233
v -2327.3894 -1157.2799 284.3090
v -2328.4758 -1153.3020 284.2954
v -2328.4699 -1153.2993 267.5480
f 13234 13235 13236
v -2324.1850 -1168.9897 267.5467
v -2325.3536 -1152.4568 267.5493
v -2325.3316 -1152.4508 267.5493
f 13237 13238 13239
v -2325.3316 -1152.4508 267.5493
v -2313.7111 -1157.0349 267.5527
v -2324.1850 -1168.9897 267.5467
f 13240 13241 13242
v -2325.3623 -1152.3367 267.5493
v -2325.1161 -1152.2674 267.5494
v -2325.3316 -1152.4508 267.5493
f 13243 13244 13245
v -2325.3316 -1152.4508 267.5493
v -2325.1161 -1152.2674 267.5494
v -2313.7111 -1157.0349 267.5527
f 13246 13247 13248
v -2315.5470 -1150.2941 267.5532
v -2325.1161 -1152.2674 267.5494
v -2325.9819 -1149.1951 267.5496
f 13249 13250 13251
v -2311.2751 -1165.9824 267.5519
v -2324.0256 -1169.5751 267.5466
v -2324.1850 -1168.9897 267.5467
f 13252 13253 13254
v -2315.5470 -1150.2941 267.5532
v -2313.7111 -1157.0349 267.5527
v -2325.1161 -1152.2674 267.5494
f 13255 13256 13257
v -2311.2751 -1165.9824 267.5519
v -2324.1850 -1168.9897 267.5467
v -2313.7111 -1157.0349 267.5527
f 13258 13259 13260
v -2315.5470 -1150.2941 267.5532
v -2314.1447 -1149.8069 267.5538
v -2314.1169 -1149.9050 267.5538
f 13261 13262 13263
v -2314.1447 -1149.8069 267.5538
v -2313.4078 -1145.7729 267.5549
v -2312.4404 -1149.3264 267.5545
f 13264 13265 13266
v -2315.5470 -1150.2941 267.5532
v -2313.4078 -1145.7729 267.5549
v -2314.1447 -1149.8069 267.5538
f 13267 13268 13269
v -2325.9819 -1149.1951 267.5496
v -2313.4078 -1145.7729 267.5549
v -2315.5470 -1150.2941 267.5532
f 13270 13271 13272

g building_ID_05AFE063-C83A-4C16-86AF-3D907184AA6B
v -2383.6578 -1114.0249 275.9023
v -2382.1359 -1119.2839 275.9020
v -2379.5515 -1116.5179 275.9034
f 13273 13274 13275
v -2377.4904 -1117.9395 275.9039
v -2379.5515 -1116.5179 275.9034
v -2382.1359 -1119.2839 275.9020
f 13276 13277 13278
v -2383.6578 -1114.0249 275.9023
v -2387.7830 -1113.3699 275.9009
v -2387.2886 -1115.0762 275.9008
f 13279 13280 13281
v -2379.5067 -1110.9751 275.9044
v -2387.7830 -1113.3699 275.9009
v -2383.6578 -1114.0249 275.9023
f 13282 13283 13284
v -2383.6578 -1114.0249 275.9023
v -2379.5515 -1116.5179 275.9034
v -2380.4122 -1113.4157 275.9036
f 13285 13286 13287
v -2379.5067 -1110.9751 275.9044
v -2380.4122 -1113.4157 275.9036
v -2379.3412 -1111.5455 275.9044
f 13288 13289 13290
v -2383.6578 -1114.0249 275.9023
v -2380.4122 -1113.4157 275.9036
v -2379.5067 -1110.9751 275.9044
f 13291 13292 13293
v -2377.4904 -1117.9395 275.9039
v -2377.5835 -1117.6182 275.9039
v -2379.5515 -1116.5179 275.9034
f 13294 13295 13296
v -2379.5492 -1116.5170 269.4287
v -2379.5515 -1116.5179 275.9034
v -2377.5835 -1117.6182 275.9039
f 13297 13298 13299
v -2380.4098 -1113.4147 269.4289
v -2380.4122 -1113.4157 275.9036
v -2379.5515 -1116.5179 275.9034
f 13300 13301 13302
v -2379.3389 -1111.5446 269.4297
v -2379.3412 -1111.5455 275.9044
v -2380.4122 -1113.4157 275.9036
f 13303 13304 13305
v -2379.5043 -1110.9742 269.4297
v -2379.5067 -1110.9751 275.9044
v -2379.3412 -1111.5455 275.9044
f 13306 13307 13308
v -2377.5812 -1117.6172 269.4292
v -2377.5835 -1117.6182 275.9039
v -2377.4904 -1117.9395 275.9039
f 13309 13310 13311
v -2384.9026 -1109.7268 276.9336
v -2372.4770 -1100.8782 276.9398
v -2384.9997 -1088.8867 276.9372
f 13312 13313 13314
v -2376.6206 -1086.5802 276.9407
v -2384.9997 -1088.8867 276.9372
v -2372.4770 -1100.8782 276.9398
f 13315 13316 13317
v -2384.9026 -1109.7268 276.9336
v -2372.2838 -1101.5617 276.9397
v -2372.4770 -1100.8782 276.9398
f 13318 13319 13320
v -2390.4749 -1090.4710 276.9348
v -2384.9026 -1109.7268 276.9336
v -2384.9997 -1088.8867 276.9372
f 13321 13322 13323
v -2387.7834 -1113.3700 276.9319
v -2384.9026 -1109.7268 276.9336
v -2388.5344 -1110.7780 276.9321
f 13324 13325 13326
v -2370.3290 -1108.3190 276.9393
v -2384.9026 -1109.7268 276.9336
v -2387.7834 -1113.3700 276.9319
f 13327 13328 13329
v -2370.3746 -1108.1618 276.9393
v -2370.4814 -1108.0975 276.9392
v -2370.3290 -1108.3190 276.9393
f 13330 13331 13332
v -2384.9026 -1109.7268 276.9336
v -2370.3290 -1108.3190 276.9393
v -2370.4814 -1108.0975 276.9392
f 13333 13334 13335
v -2372.2838 -1101.5617 276.9397
v -2384.9026 -1109.7268 276.9336
v -2370.4814 -1108.0975 276.9392
f 13336 13337 13338
v -2370.4787 -1108.0963 269.4335
v -2370.4814 -1108.0975 276.9392
v -2370.3746 -1108.1618 276.9393
f 13339 13340 13341
v -2376.6179 -1086.5792 269.4350
v -2376.6206 -1086.5802 276.9407
v -2372.4770 -1100.8782 276.9398
f 13342 13343 13344
v -2384.9969 -1088.8857 269.4315
v -2384.9997 -1088.8867 276.9372
v -2376.6206 -1086.5802 276.9407
f 13345 13346 13347
v -2390.4721 -1090.4699 269.4291
v -2390.4749 -1090.4710 276.9348
v -2384.9997 -1088.8867 276.9372
f 13348 13349 13350
v -2370.3719 -1108.1607 269.4336
v -2370.3746 -1108.1618 276.9393
v -2370.3290 -1108.3190 276.9393
f 13351 13352 13353
v -2370.3263 -1108.3178 269.4336
v -2370.3290 -1108.3190 276.9393
v -2379.5067 -1110.9751 275.9044
f 13354 13355 13356
v -2387.7834 -1113.3700 276.9319
v -2379.5067 -1110.9751 275.9044
v -2370.3290 -1108.3190 276.9393
f 13357 13358 13359
v -2387.7834 -1113.3700 276.9319
v -2387.7830 -1113.3699 275.9009
v -2379.5067 -1110.9751 275.9044
f 13360 13361 13362
v -2379.6134 -1120.4089 276.9337
v -2382.1363 -1119.2841 276.9330
v -2381.0009 -1123.2151 276.9327
f 13363 13364 13365
v -2378.9954 -1122.6675 276.9335
v -2379.6134 -1120.4089 276.9337
v -2381.0009 -1123.2151 276.9327
f 13366 13367 13368
v -2375.8605 -1117.4680 276.9356
v -2382.1363 -1119.2841 276.9330
v -2379.6134 -1120.4089 276.9337
f 13369 13370 13371
v -2377.5648 -1135.0783 276.9319
v -2372.6537 -1133.1884 276.9340
v -2377.7114 -1134.5709 276.9319
f 13372 13373 13374
v -2369.7511 -1115.7854 276.9382
v -2375.8605 -1117.4680 276.9356
v -2371.8307 -1118.2828 276.9370
f 13375 13376 13377
v -2369.7511 -1115.7854 276.9382
v -2368.6720 -1115.3873 276.9386
v -2369.7729 -1115.7064 276.9382
f 13378 13379 13380
v -2364.5076 -1129.7643 276.9377
v -2369.7511 -1115.7854 276.9382
v -2371.8307 -1118.2828 276.9370
f 13381 13382 13383
v -2371.8307 -1118.2828 276.9370
v -2375.8605 -1117.4680 276.9356
v -2379.6134 -1120.4089 276.9337
f 13384 13385 13386
v -2371.8307 -1118.2828 276.9370
v -2367.7330 -1133.2797 276.9358
v -2364.5076 -1129.7643 276.9377
f 13387 13388 13389
v -2368.6720 -1115.3873 276.9386
v -2369.7511 -1115.7854 276.9382
v -2364.5076 -1129.7643 276.9377
f 13390 13391 13392
v -2364.3124 -1130.4478 276.9376
v -2364.5076 -1129.7643 276.9377
v -2367.7330 -1133.2797 276.9358
f 13393 13394 13395
v -2378.2993 -1135.2912 276.9316
v -2378.0775 -1136.1058 276.9315
v -2377.5648 -1135.0783 276.9319
f 13396 13397 13398
v -2379.9184 -1143.5309 276.9295
v -2380.3288 -1143.6497 276.9292
v -2378.8742 -1148.6745 276.9288
f 13399 13400 13401
v -2379.9184 -1143.5309 276.9295
v -2372.2883 -1134.5244 276.9339
v -2378.0775 -1136.1058 276.9315
f 13402 13403 13404
v -2379.9184 -1143.5309 276.9295
v -2378.0775 -1136.1058 276.9315
v -2381.7742 -1137.1169 276.9299
f 13405 13406 13407
v -2377.5648 -1135.0783 276.9319
v -2378.0775 -1136.1058 276.9315
v -2372.2883 -1134.5244 276.9339
f 13408 13409 13410
v -2379.9184 -1143.5309 276.9295
v -2378.8742 -1148.6745 276.9288
v -2372.2883 -1134.5244 276.9339
f 13411 13412 13413
v -2362.4942 -1137.0467 276.9371
v -2367.7330 -1133.2797 276.9358
v -2362.3040 -1137.7412 276.9370
f 13414 13415 13416
v -2372.2883 -1134.5244 276.9339
v -2360.7384 -1143.4253 276.9366
v -2367.7330 -1133.2797 276.9358
f 13417 13418 13419
v -2367.7330 -1133.2797 276.9358
v -2360.7384 -1143.4253 276.9366
v -2362.3040 -1137.7412 276.9370
f 13420 13421 13422
v -2362.2377 -1137.6174 276.9371
v -2362.3854 -1137.1090 276.9371
v -2362.4942 -1137.0467 276.9371
f 13423 13424 13425
v -2362.3040 -1137.7412 276.9370
v -2362.2377 -1137.6174 276.9371
v -2362.4942 -1137.0467 276.9371
f 13426 13427 13428
v -2360.7384 -1143.4253 276.9366
v -2372.2883 -1134.5244 276.9339
v -2378.8742 -1148.6745 276.9288
f 13429 13430 13431
v -2367.7330 -1133.2797 276.9358
v -2362.4942 -1137.0467 276.9371
v -2364.3124 -1130.4478 276.9376
f 13432 13433 13434
v -2377.5648 -1135.0783 276.9319
v -2372.2883 -1134.5244 276.9339
v -2372.6537 -1133.1884 276.9340
f 13435 13436 13437
v -2362.3013 -1137.7400 269.4313
v -2362.3040 -1137.7412 276.9370
v -2360.7384 -1143.4253 276.9366
f 13438 13439 13440
v -2362.2350 -1137.6162 269.4314
v -2362.2377 -1137.6174 276.9371
v -2362.3040 -1137.7412 276.9370
f 13441 13442 13443
v -2362.3827 -1137.1078 269.4314
v -2362.3854 -1137.1090 276.9371
v -2362.2377 -1137.6174 276.9371
f 13444 13445 13446
v -2362.4915 -1137.0456 269.4314
v -2362.4942 -1137.0467 276.9371
v -2362.3854 -1137.1090 276.9371
f 13447 13448 13449
v -2368.6693 -1115.3862 269.4329
v -2368.6720 -1115.3873 276.9386
v -2364.5076 -1129.7643 276.9377
f 13450 13451 13452
v -2369.7702 -1115.7052 269.4325
v -2369.7729 -1115.7064 276.9382
v -2368.6720 -1115.3873 276.9386
f 13453 13454 13455
v -2369.7484 -1115.7842 269.4325
v -2369.7511 -1115.7854 276.9382
v -2369.7729 -1115.7064 276.9382
f 13456 13457 13458
v -2375.8578 -1117.4669 269.4299
v -2375.8605 -1117.4680 276.9356
v -2369.7511 -1115.7854 276.9382
f 13459 13460 13461
v -2378.8716 -1148.6734 269.4231
v -2378.8742 -1148.6745 276.9288
v -2380.3288 -1143.6497 276.9292
f 13462 13463 13464
v -2360.7357 -1143.4241 269.4309
v -2360.7384 -1143.4253 276.9366
v -2378.8742 -1148.6745 276.9288
f 13465 13466 13467
v -2378.3007 -1135.2919 280.7714
v -2377.7128 -1134.5714 280.7717
v -2378.4433 -1134.7705 280.7714
f 13468 13469 13470
v -2377.7128 -1134.5714 280.7717
v -2378.3007 -1135.2919 280.7714
v -2377.5661 -1135.0788 280.7717
f 13471 13472 13473
v -2403.6506 -1091.4395 269.4240
v -2403.6548 -1091.4412 280.7695
v -2391.1916 -1087.9997 280.7749
f 13474 13475 13476
v -2414.4769 -1094.5724 269.4194
v -2414.4811 -1094.5741 280.7649
v -2403.6548 -1091.4412 280.7695
f 13477 13478 13479
v -2414.3947 -1094.8726 269.4194
v -2414.3989 -1094.8744 280.7649
v -2414.4811 -1094.5741 280.7649
f 13480 13481 13482
v -2414.1850 -1094.9902 269.4194
v -2414.1892 -1094.9919 280.7649
v -2414.3989 -1094.8744 280.7649
f 13483 13484 13485
v -2412.3866 -1101.5389 269.4189
v -2412.3907 -1101.5407 280.7645
v -2414.1892 -1094.9919 280.7649
f 13486 13487 13488
v -2412.4931 -1101.7267 269.4188
v -2412.4972 -1101.7283 280.7644
v -2412.3907 -1101.5407 280.7645
f 13489 13490 13491
v -2412.3792 -1102.1200 269.4188
v -2412.3833 -1102.1216 280.7644
v -2412.4972 -1101.7283 280.7644
f 13492 13493 13494
v -2412.1994 -1102.2235 269.4189
v -2412.2036 -1102.2251 280.7645
v -2412.3833 -1102.1216 280.7644
f 13495 13496 13497
v -2410.5674 -1108.1668 269.4184
v -2410.5716 -1108.1684 280.7640
v -2412.2036 -1102.2251 280.7645
f 13498 13499 13500
v -2410.9107 -1108.6399 269.4182
v -2410.9149 -1108.6415 280.7638
v -2410.5716 -1108.1684 280.7640
f 13501 13502 13503
v -2410.3418 -1109.0444 269.4184
v -2410.3460 -1109.0460 280.7640
v -2410.9149 -1108.6415 280.7638
f 13504 13505 13506
v -2410.1129 -1108.7220 269.4185
v -2410.1171 -1108.7237 280.7641
v -2410.3460 -1109.0460 280.7640
f 13507 13508 13509
v -2407.4816 -1133.9078 269.4151
v -2407.4857 -1133.9095 280.7607
v -2407.7957 -1132.7917 280.7608
f 13510 13511 13512
v -2407.8859 -1134.0197 269.4149
v -2407.8900 -1134.0214 280.7605
v -2407.4857 -1133.9095 280.7607
f 13513 13514 13515
v -2408.0044 -1134.2293 269.4148
v -2408.0086 -1134.2311 280.7604
v -2407.8900 -1134.0214 280.7605
f 13516 13517 13518
v -2407.9054 -1134.5856 269.4148
v -2407.9095 -1134.5873 280.7603
v -2408.0086 -1134.2311 280.7604
f 13519 13520 13521
v -2407.6957 -1134.7041 269.4148
v -2407.6998 -1134.7059 280.7603
v -2407.9095 -1134.5873 280.7603
f 13522 13523 13524
v -2407.2914 -1134.5922 269.4150
v -2407.2956 -1134.5940 280.7606
v -2407.6998 -1134.7059 280.7603
f 13525 13526 13527
v -2405.4889 -1141.0960 269.4145
v -2405.4930 -1141.0978 280.7600
v -2407.2956 -1134.5940 280.7606
f 13528 13529 13530
v -2405.8932 -1141.2079 269.4144
v -2405.8974 -1141.2097 280.7599
v -2405.4930 -1141.0978 280.7600
f 13531 13532 13533
v -2406.0098 -1141.4267 269.4143
v -2406.0139 -1141.4284 280.7598
v -2405.8974 -1141.2097 280.7599
f 13534 13535 13536
v -2405.9107 -1141.7828 269.4143
v -2405.9148 -1141.7846 280.7598
v -2406.0139 -1141.4284 280.7598
f 13537 13538 13539
v -2405.7010 -1141.9014 269.4143
v -2405.7052 -1141.9033 280.7598
v -2405.9148 -1141.7846 280.7598
f 13540 13541 13542
v -2405.2968 -1141.7895 269.4145
v -2405.3009 -1141.7913 280.7600
v -2405.7052 -1141.9033 280.7598
f 13543 13544 13545
v -2403.4863 -1148.3233 269.4140
v -2403.4904 -1148.3250 280.7595
v -2405.3009 -1141.7913 280.7600
f 13546 13547 13548
v -2403.8906 -1148.4352 269.4138
v -2403.8948 -1148.4370 280.7593
v -2403.4904 -1148.3250 280.7595
f 13549 13550 13551
v -2404.0091 -1148.6449 269.4137
v -2404.0133 -1148.6467 280.7592
v -2403.8948 -1148.4370 280.7593
f 13552 13553 13554
v -2403.5438 -1150.3691 269.4136
v -2403.5479 -1150.3710 280.7591
v -2404.0133 -1148.6467 280.7592
f 13555 13556 13557
v -2379.9198 -1143.5314 280.7693
v -2380.3288 -1143.6497 276.9292
v -2379.9184 -1143.5309 276.9295
f 13558 13559 13560
v -2403.5438 -1150.3691 269.4136
v -2380.3288 -1143.6497 276.9292
v -2403.5479 -1150.3710 280.7591
f 13561 13562 13563
v -2379.9198 -1143.5314 280.7693
v -2403.5479 -1150.3710 280.7591
v -2380.3288 -1143.6497 276.9292
f 13564 13565 13566
v -2380.3288 -1143.6497 276.9292
v -2403.5438 -1150.3691 269.4136
v -2384.4782 -1144.8494 269.4217
f 13567 13568 13569
v -2380.3260 -1143.6485 269.4235
v -2380.3288 -1143.6497 276.9292
v -2384.4782 -1144.8494 269.4217
f 13570 13571 13572
v -2381.7742 -1137.1169 276.9299
v -2381.7756 -1137.1175 280.7697
v -2379.9198 -1143.5314 280.7693
f 13573 13574 13575
v -2377.5648 -1135.0783 276.9319
v -2377.5661 -1135.0788 280.7717
v -2378.3007 -1135.2919 280.7714
f 13576 13577 13578
v -2377.4904 -1117.9395 275.9039
v -2382.1359 -1119.2839 275.9020
v -2382.1363 -1119.2841 276.9330
f 13579 13580 13581
v -2375.8578 -1117.4669 269.4299
v -2377.4904 -1117.9395 275.9039
v -2375.8605 -1117.4680 276.9356
f 13582 13583 13584
v -2377.4881 -1117.9384 269.4292
v -2377.4904 -1117.9395 275.9039
v -2375.8578 -1117.4669 269.4299
f 13585 13586 13587
v -2387.2886 -1115.0762 275.9008
v -2387.2903 -1115.0768 280.7716
v -2383.6596 -1114.0256 280.7731
f 13588 13589 13590
v -2388.5358 -1110.7786 280.7720
v -2387.7834 -1113.3700 276.9319
v -2388.5344 -1110.7780 276.9321
f 13591 13592 13593
v -2387.2886 -1115.0762 275.9008
v -2387.7834 -1113.3700 276.9319
v -2387.2903 -1115.0768 280.7716
f 13594 13595 13596
v -2388.5358 -1110.7786 280.7720
v -2387.2903 -1115.0768 280.7716
v -2387.7834 -1113.3700 276.9319
f 13597 13598 13599
v -2387.7830 -1113.3699 275.9009
v -2387.7834 -1113.3700 276.9319
v -2387.2886 -1115.0762 275.9008
f 13600 13601 13602
v -2384.9026 -1109.7268 276.9336
v -2384.9040 -1109.7273 280.7735
v -2388.5358 -1110.7786 280.7720
f 13603 13604 13605
v -2391.1875 -1087.9980 269.4293
v -2391.1916 -1087.9997 280.7749
v -2390.4749 -1090.4710 276.9348
f 13606 13607 13608
v -2391.1916 -1087.9997 280.7749
v -2384.9040 -1109.7273 280.7735
v -2390.4749 -1090.4710 276.9348
f 13609 13610 13611
v -2377.7114 -1134.5709 276.9319
v -2377.7128 -1134.5714 280.7717
v -2377.5661 -1135.0788 280.7717
f 13612 13613 13614
v -2372.6600 -1133.1911 294.3643
v -2372.2946 -1134.5271 294.3642
v -2367.7393 -1133.2824 294.3661
f 13615 13616 13617
v -2378.0838 -1136.1085 294.3618
v -2378.4482 -1134.7726 294.3619
v -2382.6481 -1137.3563 294.3599
f 13618 13619 13620
v -2372.6600 -1133.1911 294.3643
v -2367.7393 -1133.2824 294.3661
v -2378.4096 -1124.8388 294.3637
f 13621 13622 13623
v -2378.4482 -1134.7726 294.3619
v -2372.6600 -1133.1911 294.3643
v -2383.6295 -1133.7627 294.3601
f 13624 13625 13626
v -2378.4096 -1124.8388 294.3637
v -2383.6295 -1133.7627 294.3601
v -2372.6600 -1133.1911 294.3643
f 13627 13628 13629
v -2384.9013 -1126.6123 294.3609
v -2390.8043 -1134.8514 294.3573
v -2383.6295 -1133.7627 294.3601
f 13630 13631 13632
v -2378.4096 -1124.8388 294.3637
v -2384.9013 -1126.6123 294.3609
v -2383.6295 -1133.7627 294.3601
f 13633 13634 13635
v -2392.5783 -1126.2876 294.3581
v -2395.0713 -1134.4839 294.3557
v -2384.9013 -1126.6123 294.3609
f 13636 13637 13638
v -2382.6481 -1137.3563 294.3599
v -2378.4482 -1134.7726 294.3619
v -2383.6295 -1133.7627 294.3601
f 13639 13640 13641
v -2378.4096 -1124.8388 294.3637
v -2367.7393 -1133.2824 294.3661
v -2371.8370 -1118.2855 294.3673
f 13642 13643 13644
v -2390.2032 -1137.0500 294.3571
v -2385.8431 -1135.8587 294.3589
v -2386.2223 -1134.4706 294.3590
f 13645 13646 13647
v -2386.2223 -1134.4706 294.3590
v -2390.8043 -1134.8514 294.3573
v -2390.2032 -1137.0500 294.3571
f 13648 13649 13650
v -2395.0713 -1134.4839 294.3557
v -2394.6811 -1135.9099 294.3556
v -2390.8043 -1134.8514 294.3573
f 13651 13652 13653
v -2386.2223 -1134.4706 294.3590
v -2383.6295 -1133.7627 294.3601
v -2390.8043 -1134.8514 294.3573
f 13654 13655 13656
v -2407.0553 -1131.5468 294.3517
v -2400.8745 -1136.0693 294.3533
v -2395.0713 -1134.4839 294.3557
f 13657 13658 13659
v -2405.1144 -1138.6500 294.3511
v -2400.5130 -1137.3923 294.3532
v -2400.8745 -1136.0693 294.3533
f 13660 13661 13662
v -2405.1144 -1138.6500 294.3511
v -2400.8745 -1136.0693 294.3533
v -2407.0553 -1131.5468 294.3517
f 13663 13664 13665
v -2392.5783 -1126.2876 294.3581
v -2407.0553 -1131.5468 294.3517
v -2395.0713 -1134.4839 294.3557
f 13666 13667 13668
v -2390.8043 -1134.8514 294.3573
v -2384.9013 -1126.6123 294.3609
v -2395.0713 -1134.4839 294.3557
f 13669 13670 13671
v -2407.0553 -1131.5468 294.3517
v -2392.5783 -1126.2876 294.3581
v -2406.9087 -1131.3011 294.3518
f 13672 13673 13674
v -2392.5783 -1126.2876 294.3581
v -2384.9013 -1126.6123 294.3609
v -2385.5172 -1124.3587 294.3611
f 13675 13676 13677
v -2400.1855 -1126.0162 294.3553
v -2392.5783 -1126.2876 294.3581
v -2393.1754 -1124.1001 294.3583
f 13678 13679 13680
v -2406.9087 -1131.3011 294.3518
v -2400.1855 -1126.0162 294.3553
v -2407.6039 -1128.7963 294.3519
f 13681 13682 13683
v -2371.8370 -1118.2855 294.3673
v -2379.6196 -1120.4115 294.3640
v -2378.4096 -1124.8388 294.3637
f 13684 13685 13686
v -2406.7015 -1121.1728 294.3536
v -2401.3790 -1121.3550 294.3557
v -2401.8593 -1119.5958 294.3558
f 13687 13688 13689
v -2407.8205 -1125.6677 294.3524
v -2400.7243 -1124.0468 294.3555
v -2399.6529 -1122.4357 294.3561
f 13690 13691 13692
v -2401.3790 -1121.3550 294.3557
v -2408.7073 -1124.8244 294.3522
v -2399.6529 -1122.4357 294.3561
f 13693 13694 13695
v -2406.7658 -1120.9367 294.3536
v -2406.7015 -1121.1728 294.3536
v -2401.8593 -1119.5958 294.3558
f 13696 13697 13698
v -2407.2788 -1127.6172 294.3523
v -2400.1855 -1126.0162 294.3553
v -2400.7243 -1124.0468 294.3555
f 13699 13700 13701
v -2401.3790 -1121.3550 294.3557
v -2406.7015 -1121.1728 294.3536
v -2408.7073 -1124.8244 294.3522
f 13702 13703 13704
v -2407.9127 -1128.3215 294.3519
v -2407.2788 -1127.6172 294.3523
v -2407.5580 -1127.6944 294.3521
f 13705 13706 13707
v -2407.8136 -1128.6778 294.3519
v -2407.6039 -1128.7963 294.3519
v -2407.9127 -1128.3215 294.3519
f 13708 13709 13710
v -2407.2788 -1127.6172 294.3523
v -2407.9127 -1128.3215 294.3519
v -2407.6039 -1128.7963 294.3519
f 13711 13712 13713
v -2400.1855 -1126.0162 294.3553
v -2407.2788 -1127.6172 294.3523
v -2407.6039 -1128.7963 294.3519
f 13714 13715 13716
v -2407.8205 -1125.6677 294.3524
v -2408.7328 -1125.3923 294.3521
v -2408.0998 -1125.7450 294.3523
f 13717 13718 13719
v -2408.7073 -1124.8244 294.3522
v -2407.8205 -1125.6677 294.3524
v -2399.6529 -1122.4357 294.3561
f 13720 13721 13722
v -2408.7073 -1124.8244 294.3522
v -2408.7328 -1125.3923 294.3521
v -2407.8205 -1125.6677 294.3524
f 13723 13724 13725
v -2408.7328 -1125.3923 294.3521
v -2408.7073 -1124.8244 294.3522
v -2408.8308 -1125.0350 294.3521
f 13726 13727 13728
v -2408.7073 -1124.8244 294.3522
v -2406.7015 -1121.1728 294.3536
v -2409.5075 -1121.9433 294.3524
f 13729 13730 13731
v -2407.8205 -1125.6677 294.3524
v -2407.2788 -1127.6172 294.3523
v -2400.7243 -1124.0468 294.3555
f 13732 13733 13734
v -2392.5783 -1126.2876 294.3581
v -2400.1855 -1126.0162 294.3553
v -2406.9087 -1131.3011 294.3518
f 13735 13736 13737
v -2408.8209 -1125.0320 280.7617
v -2408.8308 -1125.0350 294.3521
v -2408.7073 -1124.8244 294.3522
f 13738 13739 13740
v -2384.9004 -1126.6119 291.9140
v -2384.9013 -1126.6123 294.3609
v -2378.4096 -1124.8388 294.3637
f 13741 13742 13743
v -2385.5163 -1124.3582 291.9142
v -2385.5172 -1124.3587 294.3611
v -2384.9013 -1126.6123 294.3609
f 13744 13745 13746
v -2392.5774 -1126.2873 291.9112
v -2392.5783 -1126.2876 294.3581
v -2385.5172 -1124.3587 294.3611
f 13747 13748 13749
v -2393.1746 -1124.0997 291.9114
v -2393.1754 -1124.1001 294.3583
v -2392.5783 -1126.2876 294.3581
f 13750 13751 13752
v -2400.1847 -1126.0159 291.9084
v -2400.1855 -1126.0162 294.3553
v -2393.1754 -1124.1001 294.3583
f 13753 13754 13755
v -2400.7233 -1124.0465 291.9086
v -2400.7243 -1124.0468 294.3555
v -2400.1855 -1126.0162 294.3553
f 13756 13757 13758
v -2399.6521 -1122.4354 291.9092
v -2399.6529 -1122.4357 294.3561
v -2400.7243 -1124.0468 294.3555
f 13759 13760 13761
v -2401.3781 -1121.3547 291.9088
v -2401.3790 -1121.3550 294.3557
v -2399.6529 -1122.4357 294.3561
f 13762 13763 13764
v -2388.0046 -1123.3567 291.9135
v -2393.1746 -1124.0997 291.9114
v -2392.5774 -1126.2873 291.9112
f 13765 13766 13767
v -2397.4361 -1123.5903 291.9099
v -2400.1847 -1126.0159 291.9084
v -2393.1746 -1124.0997 291.9114
f 13768 13769 13770
v -2400.7233 -1124.0465 291.9086
v -2397.4361 -1123.5903 291.9099
v -2399.6521 -1122.4354 291.9092
f 13771 13772 13773
v -2397.4361 -1123.5903 291.9099
v -2400.7233 -1124.0465 291.9086
v -2400.1847 -1126.0159 291.9084
f 13774 13775 13776
v -2401.3781 -1121.3547 291.9088
v -2399.6521 -1122.4354 291.9092
v -2397.4361 -1123.5903 291.9099
f 13777 13778 13779
v -2393.1746 -1124.0997 291.9114
v -2390.6112 -1121.7256 291.9128
v -2397.4361 -1123.5903 291.9099
f 13780 13781 13782
v -2385.5163 -1124.3582 291.9142
v -2384.9004 -1126.6119 291.9140
v -2381.0083 -1123.2184 291.9161
f 13783 13784 13785
v -2378.4086 -1124.8383 291.9168
v -2381.0083 -1123.2184 291.9161
v -2384.9004 -1126.6119 291.9140
f 13786 13787 13788
v -2381.0083 -1123.2184 291.9161
v -2378.4086 -1124.8383 291.9168
v -2379.0009 -1122.6697 291.9169
f 13789 13790 13791
v -2388.0046 -1123.3567 291.9135
v -2390.6112 -1121.7256 291.9128
v -2393.1746 -1124.0997 291.9114
f 13792 13793 13794
v -2388.0046 -1123.3567 291.9135
v -2385.5163 -1124.3582 291.9142
v -2382.9830 -1121.9841 291.9156
f 13795 13796 13797
v -2381.0083 -1123.2184 291.9161
v -2382.9830 -1121.9841 291.9156
v -2385.5163 -1124.3582 291.9142
f 13798 13799 13800
v -2388.0046 -1123.3567 291.9135
v -2392.5774 -1126.2873 291.9112
v -2385.5163 -1124.3582 291.9142
f 13801 13802 13803
v -2414.4811 -1094.5741 280.7649
v -2414.3989 -1094.8744 280.7649
v -2414.1892 -1094.9919 280.7649
f 13804 13805 13806
v -2410.3460 -1109.0460 280.7640
v -2410.1171 -1108.7237 280.7641
v -2410.5716 -1108.1684 280.7640
f 13807 13808 13809
v -2412.3833 -1102.1216 280.7644
v -2412.3907 -1101.5407 280.7645
v -2412.4972 -1101.7283 280.7644
f 13810 13811 13812
v -2403.6548 -1091.4412 280.7695
v -2388.5358 -1110.7786 280.7720
v -2391.1916 -1087.9997 280.7749
f 13813 13814 13815
v -2414.4811 -1094.5741 280.7649
v -2414.1892 -1094.9919 280.7649
v -2403.6548 -1091.4412 280.7695
f 13816 13817 13818
v -2414.1892 -1094.9919 280.7649
v -2412.3907 -1101.5407 280.7645
v -2403.6548 -1091.4412 280.7695
f 13819 13820 13821
v -2403.6548 -1091.4412 280.7695
v -2412.2036 -1102.2251 280.7645
v -2410.1171 -1108.7237 280.7641
f 13822 13823 13824
v -2410.5716 -1108.1684 280.7640
v -2410.1171 -1108.7237 280.7641
v -2412.2036 -1102.2251 280.7645
f 13825 13826 13827
v -2412.3907 -1101.5407 280.7645
v -2412.2036 -1102.2251 280.7645
v -2403.6548 -1091.4412 280.7695
f 13828 13829 13830
v -2412.3907 -1101.5407 280.7645
v -2412.3833 -1102.1216 280.7644
v -2412.2036 -1102.2251 280.7645
f 13831 13832 13833
v -2410.1171 -1108.7237 280.7641
v -2401.8543 -1119.5937 280.7653
v -2403.6548 -1091.4412 280.7695
f 13834 13835 13836
v -2410.3460 -1109.0460 280.7640
v -2410.5716 -1108.1684 280.7640
v -2410.9149 -1108.6415 280.7638
f 13837 13838 13839
v -2410.1171 -1108.7237 280.7641
v -2406.7609 -1120.9346 280.7632
v -2401.8543 -1119.5937 280.7653
f 13840 13841 13842
v -2388.5358 -1110.7786 280.7720
v -2403.6548 -1091.4412 280.7695
v -2401.8543 -1119.5937 280.7653
f 13843 13844 13845
v -2401.8543 -1119.5937 280.7653
v -2397.4321 -1123.5885 280.7663
v -2390.6072 -1121.7240 280.7692
f 13846 13847 13848
v -2401.3740 -1121.3530 280.7652
v -2397.4321 -1123.5885 280.7663
v -2401.8543 -1119.5937 280.7653
f 13849 13850 13851
v -2390.6072 -1121.7240 280.7692
v -2388.5358 -1110.7786 280.7720
v -2401.8543 -1119.5937 280.7653
f 13852 13853 13854
v -2388.5358 -1110.7786 280.7720
v -2384.9040 -1109.7273 280.7735
v -2391.1916 -1087.9997 280.7749
f 13855 13856 13857
v -2382.9789 -1121.9824 280.7720
v -2387.2903 -1115.0768 280.7716
v -2388.0006 -1123.3549 280.7699
f 13858 13859 13860
v -2390.6072 -1121.7240 280.7692
v -2387.2903 -1115.0768 280.7716
v -2388.5358 -1110.7786 280.7720
f 13861 13862 13863
v -2382.9789 -1121.9824 280.7720
v -2381.0023 -1123.2157 280.7725
v -2383.6596 -1114.0256 280.7731
f 13864 13865 13866
v -2387.2903 -1115.0768 280.7716
v -2382.9789 -1121.9824 280.7720
v -2383.6596 -1114.0256 280.7731
f 13867 13868 13869
v -2387.2903 -1115.0768 280.7716
v -2390.6072 -1121.7240 280.7692
v -2388.0006 -1123.3549 280.7699
f 13870 13871 13872
v -2408.0086 -1134.2311 280.7604
v -2407.4857 -1133.9095 280.7607
v -2407.8900 -1134.0214 280.7605
f 13873 13874 13875
v -2407.4857 -1133.9095 280.7607
v -2407.0504 -1131.5447 280.7613
v -2407.7957 -1132.7917 280.7608
f 13876 13877 13878
v -2407.4857 -1133.9095 280.7607
v -2407.9095 -1134.5873 280.7603
v -2407.2956 -1134.5940 280.7606
f 13879 13880 13881
v -2407.9095 -1134.5873 280.7603
v -2407.6998 -1134.7059 280.7603
v -2407.2956 -1134.5940 280.7606
f 13882 13883 13884
v -2408.0086 -1134.2311 280.7604
v -2407.9095 -1134.5873 280.7603
v -2407.4857 -1133.9095 280.7607
f 13885 13886 13887
v -2407.0504 -1131.5447 280.7613
v -2407.2956 -1134.5940 280.7606
v -2405.1095 -1138.6479 280.7606
f 13888 13889 13890
v -2407.2956 -1134.5940 280.7606
v -2407.0504 -1131.5447 280.7613
v -2407.4857 -1133.9095 280.7607
f 13891 13892 13893
v -2400.8696 -1136.0672 280.7628
v -2400.5081 -1137.3902 280.7627
v -2395.0664 -1134.4818 280.7652
f 13894 13895 13896
v -2394.6762 -1135.9079 280.7651
v -2390.1983 -1137.0479 280.7666
v -2390.7994 -1134.8493 280.7668
f 13897 13898 13899
v -2400.5081 -1137.3902 280.7627
v -2403.4904 -1148.3250 280.7595
v -2394.6762 -1135.9079 280.7651
f 13900 13901 13902
v -2400.5081 -1137.3902 280.7627
v -2394.6762 -1135.9079 280.7651
v -2395.0664 -1134.4818 280.7652
f 13903 13904 13905
v -2405.4930 -1141.0978 280.7600
v -2400.5081 -1137.3902 280.7627
v -2405.1095 -1138.6479 280.7606
f 13906 13907 13908
v -2405.9148 -1141.7846 280.7598
v -2405.3009 -1141.7913 280.7600
v -2406.0139 -1141.4284 280.7598
f 13909 13910 13911
v -2405.3009 -1141.7913 280.7600
v -2405.9148 -1141.7846 280.7598
v -2405.7052 -1141.9033 280.7598
f 13912 13913 13914
v -2405.8974 -1141.2097 280.7599
v -2406.0139 -1141.4284 280.7598
v -2405.4930 -1141.0978 280.7600
f 13915 13916 13917
v -2403.4904 -1148.3250 280.7595
v -2404.0133 -1148.6467 280.7592
v -2403.5479 -1150.3710 280.7591
f 13918 13919 13920
v -2404.0133 -1148.6467 280.7592
v -2403.4904 -1148.3250 280.7595
v -2403.8948 -1148.4370 280.7593
f 13921 13922 13923
v -2403.4904 -1148.3250 280.7595
v -2403.5479 -1150.3710 280.7591
v -2379.9198 -1143.5314 280.7693
f 13924 13925 13926
v -2400.5081 -1137.3902 280.7627
v -2405.3009 -1141.7913 280.7600
v -2403.4904 -1148.3250 280.7595
f 13927 13928 13929
v -2382.6432 -1137.3542 280.7694
v -2383.6246 -1133.7606 280.7696
v -2385.8382 -1135.8566 280.7684
f 13930 13931 13932
v -2385.8382 -1135.8566 280.7684
v -2383.6246 -1133.7606 280.7696
v -2386.2174 -1134.4686 280.7685
f 13933 13934 13935
v -2385.8382 -1135.8566 280.7684
v -2390.1983 -1137.0479 280.7666
v -2382.6432 -1137.3542 280.7694
f 13936 13937 13938
v -2400.5081 -1137.3902 280.7627
v -2405.4930 -1141.0978 280.7600
v -2405.3009 -1141.7913 280.7600
f 13939 13940 13941
v -2382.6432 -1137.3542 280.7694
v -2390.1983 -1137.0479 280.7666
v -2379.9198 -1143.5314 280.7693
f 13942 13943 13944
v -2382.6432 -1137.3542 280.7694
v -2379.9198 -1143.5314 280.7693
v -2381.7756 -1137.1175 280.7697
f 13945 13946 13947
v -2390.1983 -1137.0479 280.7666
v -2403.4904 -1148.3250 280.7595
v -2379.9198 -1143.5314 280.7693
f 13948 13949 13950
v -2394.6762 -1135.9079 280.7651
v -2403.4904 -1148.3250 280.7595
v -2390.1983 -1137.0479 280.7666
f 13951 13952 13953
v -2405.3009 -1141.7913 280.7600
v -2405.4930 -1141.0978 280.7600
v -2406.0139 -1141.4284 280.7598
f 13954 13955 13956
v -2405.4930 -1141.0978 280.7600
v -2405.1095 -1138.6479 280.7606
v -2407.2956 -1134.5940 280.7606
f 13957 13958 13959
v -2408.8167 -1125.0303 269.4161
v -2408.8209 -1125.0320 280.7617
v -2408.7073 -1124.8244 294.3522
f 13960 13961 13962
v -2383.6578 -1114.0249 275.9023
v -2383.6596 -1114.0256 280.7731
v -2382.1363 -1119.2841 276.9330
f 13963 13964 13965
v -2381.0023 -1123.2157 280.7725
v -2382.1363 -1119.2841 276.9330
v -2383.6596 -1114.0256 280.7731
f 13966 13967 13968
v -2382.1359 -1119.2839 275.9020
v -2383.6578 -1114.0249 275.9023
v -2382.1363 -1119.2841 276.9330
f 13969 13970 13971
v -2381.0023 -1123.2157 280.7725
v -2381.0009 -1123.2151 276.9327
v -2382.1363 -1119.2841 276.9330
f 13972 13973 13974
v -2405.1095 -1138.6479 280.7606
v -2405.1144 -1138.6500 294.3511
v -2407.0553 -1131.5468 294.3517
f 13975 13976 13977
v -2400.5081 -1137.3902 280.7627
v -2400.5130 -1137.3923 294.3532
v -2405.1144 -1138.6500 294.3511
f 13978 13979 13980
v -2400.8696 -1136.0672 280.7628
v -2400.8745 -1136.0693 294.3533
v -2400.5130 -1137.3923 294.3532
f 13981 13982 13983
v -2395.0664 -1134.4818 280.7652
v -2395.0713 -1134.4839 294.3557
v -2400.8745 -1136.0693 294.3533
f 13984 13985 13986
v -2394.6762 -1135.9079 280.7651
v -2394.6811 -1135.9099 294.3556
v -2395.0713 -1134.4839 294.3557
f 13987 13988 13989
v -2390.7994 -1134.8493 280.7668
v -2390.8043 -1134.8514 294.3573
v -2394.6811 -1135.9099 294.3556
f 13990 13991 13992
v -2390.1983 -1137.0479 280.7666
v -2390.2032 -1137.0500 294.3571
v -2390.8043 -1134.8514 294.3573
f 13993 13994 13995
v -2385.8382 -1135.8566 280.7684
v -2385.8431 -1135.8587 294.3589
v -2390.2032 -1137.0500 294.3571
f 13996 13997 13998
v -2386.2174 -1134.4686 280.7685
v -2386.2223 -1134.4706 294.3590
v -2385.8431 -1135.8587 294.3589
f 13999 14000 14001
v -2383.6246 -1133.7606 280.7696
v -2383.6295 -1133.7627 294.3601
v -2386.2223 -1134.4706 294.3590
f 14002 14003 14004
v -2382.6432 -1137.3542 280.7694
v -2382.6481 -1137.3563 294.3599
v -2383.6295 -1133.7627 294.3601
f 14005 14006 14007
v -2378.0775 -1136.1058 276.9315
v -2378.0838 -1136.1085 294.3618
v -2381.7756 -1137.1175 280.7697
f 14008 14009 14010
v -2382.6481 -1137.3563 294.3599
v -2381.7756 -1137.1175 280.7697
v -2378.0838 -1136.1085 294.3618
f 14011 14012 14013
v -2381.7742 -1137.1169 276.9299
v -2378.0775 -1136.1058 276.9315
v -2381.7756 -1137.1175 280.7697
f 14014 14015 14016
v -2382.6481 -1137.3563 294.3599
v -2382.6432 -1137.3542 280.7694
v -2381.7756 -1137.1175 280.7697
f 14017 14018 14019
v -2378.4433 -1134.7705 280.7714
v -2378.4482 -1134.7726 294.3619
v -2378.3007 -1135.2919 280.7714
f 14020 14021 14022
v -2378.0838 -1136.1085 294.3618
v -2378.3007 -1135.2919 280.7714
v -2378.4482 -1134.7726 294.3619
f 14023 14024 14025
v -2378.2993 -1135.2912 276.9316
v -2378.3007 -1135.2919 280.7714
v -2378.0775 -1136.1058 276.9315
f 14026 14027 14028
v -2378.0838 -1136.1085 294.3618
v -2378.0775 -1136.1058 276.9315
v -2378.3007 -1135.2919 280.7714
f 14029 14030 14031
v -2377.7114 -1134.5709 276.9319
v -2372.6537 -1133.1884 276.9340
v -2377.7128 -1134.5714 280.7717
f 14032 14033 14034
v -2372.6600 -1133.1911 294.3643
v -2377.7128 -1134.5714 280.7717
v -2372.6537 -1133.1884 276.9340
f 14035 14036 14037
v -2378.4433 -1134.7705 280.7714
v -2377.7128 -1134.5714 280.7717
v -2378.4482 -1134.7726 294.3619
f 14038 14039 14040
v -2372.6600 -1133.1911 294.3643
v -2378.4482 -1134.7726 294.3619
v -2377.7128 -1134.5714 280.7717
f 14041 14042 14043
v -2372.2883 -1134.5244 276.9339
v -2372.2946 -1134.5271 294.3642
v -2372.6600 -1133.1911 294.3643
f 14044 14045 14046
v -2367.7330 -1133.2797 276.9358
v -2367.7393 -1133.2824 294.3661
v -2372.2946 -1134.5271 294.3642
f 14047 14048 14049
v -2371.8307 -1118.2828 276.9370
v -2371.8370 -1118.2855 294.3673
v -2367.7393 -1133.2824 294.3661
f 14050 14051 14052
v -2379.6134 -1120.4089 276.9337
v -2379.6196 -1120.4115 294.3640
v -2371.8370 -1118.2855 294.3673
f 14053 14054 14055
v -2378.4086 -1124.8383 291.9168
v -2378.4096 -1124.8388 294.3637
v -2379.0009 -1122.6697 291.9169
f 14056 14057 14058
v -2379.6196 -1120.4115 294.3640
v -2379.0009 -1122.6697 291.9169
v -2378.4096 -1124.8388 294.3637
f 14059 14060 14061
v -2378.9954 -1122.6675 276.9335
v -2379.0009 -1122.6697 291.9169
v -2379.6134 -1120.4089 276.9337
f 14062 14063 14064
v -2379.6196 -1120.4115 294.3640
v -2379.6134 -1120.4089 276.9337
v -2379.0009 -1122.6697 291.9169
f 14065 14066 14067
v -2401.8543 -1119.5937 280.7653
v -2401.8593 -1119.5958 294.3558
v -2401.3781 -1121.3547 291.9088
f 14068 14069 14070
v -2401.8593 -1119.5958 294.3558
v -2401.3790 -1121.3550 294.3557
v -2401.3781 -1121.3547 291.9088
f 14071 14072 14073
v -2406.7609 -1120.9346 280.7632
v -2406.7658 -1120.9367 294.3536
v -2401.8543 -1119.5937 280.7653
f 14074 14075 14076
v -2382.9789 -1121.9824 280.7720
v -2382.9830 -1121.9841 291.9156
v -2381.0083 -1123.2184 291.9161
f 14077 14078 14079
v -2388.0006 -1123.3549 280.7699
v -2388.0046 -1123.3567 291.9135
v -2382.9830 -1121.9841 291.9156
f 14080 14081 14082
v -2390.6072 -1121.7240 280.7692
v -2390.6112 -1121.7256 291.9128
v -2388.0046 -1123.3567 291.9135
f 14083 14084 14085
v -2397.4321 -1123.5885 280.7663
v -2397.4361 -1123.5903 291.9099
v -2390.6112 -1121.7256 291.9128
f 14086 14087 14088
v -2401.3740 -1121.3530 280.7652
v -2401.3781 -1121.3547 291.9088
v -2397.4361 -1123.5903 291.9099
f 14089 14090 14091
v -2381.0023 -1123.2157 280.7725
v -2381.0083 -1123.2184 291.9161
v -2379.0009 -1122.6697 291.9169
f 14092 14093 14094
v -2381.0009 -1123.2151 276.9327
v -2381.0023 -1123.2157 280.7725
v -2378.9954 -1122.6675 276.9335
f 14095 14096 14097
v -2372.4743 -1100.8771 269.4341
v -2372.4770 -1100.8782 276.9398
v -2372.2838 -1101.5617 276.9397
f 14098 14099 14100
v -2370.4814 -1108.0975 276.9392
v -2370.4787 -1108.0963 269.4335
v -2372.2811 -1101.5607 269.4340
f 14101 14102 14103
v -2364.5049 -1129.7632 269.4320
v -2364.5076 -1129.7643 276.9377
v -2364.3124 -1130.4478 276.9376
f 14104 14105 14106
v -2362.4942 -1137.0467 276.9371
v -2362.4915 -1137.0456 269.4314
v -2364.3097 -1130.4467 269.4319
f 14107 14108 14109
v -2406.6924 -1121.1690 269.4176
v -2406.7015 -1121.1728 294.3536
v -2406.7609 -1120.9346 280.7632
f 14110 14111 14112
v -2406.7658 -1120.9367 294.3536
v -2406.7609 -1120.9346 280.7632
v -2406.7015 -1121.1728 294.3536
f 14113 14114 14115
v -2410.1129 -1108.7220 269.4185
v -2406.6924 -1121.1690 269.4176
v -2406.7609 -1120.9346 280.7632
f 14116 14117 14118
v -2409.4984 -1121.9395 269.4164
v -2409.5075 -1121.9433 294.3524
v -2406.7015 -1121.1728 294.3536
f 14119 14120 14121
v -2408.8209 -1125.0320 280.7617
v -2408.7219 -1125.3882 280.7617
v -2408.7328 -1125.3923 294.3521
f 14122 14123 14124
v -2408.8167 -1125.0303 269.4161
v -2408.7177 -1125.3866 269.4161
v -2408.7218 -1125.3880 272.4890
f 14125 14126 14127
v -2408.7218 -1125.3880 272.4890
v -2408.7219 -1125.3882 280.7617
v -2408.8209 -1125.0320 280.7617
f 14128 14129 14130
v -2408.8209 -1125.0320 280.7617
v -2408.8167 -1125.0303 269.4161
v -2408.7218 -1125.3880 272.4890
f 14131 14132 14133
v -2407.2697 -1127.6134 269.4163
v -2407.2788 -1127.6172 294.3523
v -2407.8205 -1125.6677 294.3524
f 14134 14135 14136
v -2407.9036 -1128.3176 269.4159
v -2407.9127 -1128.3215 294.3519
v -2407.5580 -1127.6944 294.3521
f 14137 14138 14139
v -2407.5948 -1128.7925 269.4159
v -2407.6039 -1128.7963 294.3519
v -2407.8136 -1128.6778 294.3519
f 14140 14141 14142
v -2406.8996 -1131.2974 269.4158
v -2406.9087 -1131.3011 294.3518
v -2407.6039 -1128.7963 294.3519
f 14143 14144 14145
v -2362.2350 -1137.6162 269.4314
v -2362.4915 -1137.0456 269.4314
v -2362.3827 -1137.1078 269.4314
f 14146 14147 14148
v -2362.3013 -1137.7400 269.4313
v -2375.8578 -1117.4669 269.4299
v -2362.4915 -1137.0456 269.4314
f 14149 14150 14151
v -2362.3013 -1137.7400 269.4313
v -2362.4915 -1137.0456 269.4314
v -2362.2350 -1137.6162 269.4314
f 14152 14153 14154
v -2364.3097 -1130.4467 269.4319
v -2375.8578 -1117.4669 269.4299
v -2364.5049 -1129.7632 269.4320
f 14155 14156 14157
v -2375.8578 -1117.4669 269.4299
v -2364.3097 -1130.4467 269.4319
v -2362.4915 -1137.0456 269.4314
f 14158 14159 14160
v -2368.6693 -1115.3862 269.4329
v -2364.5049 -1129.7632 269.4320
v -2369.7484 -1115.7842 269.4325
f 14161 14162 14163
v -2377.4881 -1117.9384 269.4292
v -2362.3013 -1137.7400 269.4313
v -2360.7357 -1143.4241 269.4309
f 14164 14165 14166
v -2378.8716 -1148.6734 269.4231
v -2380.3260 -1143.6485 269.4235
v -2377.4881 -1117.9384 269.4292
f 14167 14168 14169
v -2364.5049 -1129.7632 269.4320
v -2375.8578 -1117.4669 269.4299
v -2369.7484 -1115.7842 269.4325
f 14170 14171 14172
v -2360.7357 -1143.4241 269.4309
v -2378.8716 -1148.6734 269.4231
v -2377.4881 -1117.9384 269.4292
f 14173 14174 14175
v -2380.3260 -1143.6485 269.4235
v -2380.4098 -1113.4147 269.4289
v -2379.5492 -1116.5170 269.4287
f 14176 14177 14178
v -2377.5812 -1117.6172 269.4292
v -2377.4881 -1117.9384 269.4292
v -2379.5492 -1116.5170 269.4287
f 14179 14180 14181
v -2380.3260 -1143.6485 269.4235
v -2379.5492 -1116.5170 269.4287
v -2377.4881 -1117.9384 269.4292
f 14182 14183 14184
v -2362.3013 -1137.7400 269.4313
v -2377.4881 -1117.9384 269.4292
v -2375.8578 -1117.4669 269.4299
f 14185 14186 14187
v -2380.4098 -1113.4147 269.4289
v -2380.3260 -1143.6485 269.4235
v -2384.4782 -1144.8494 269.4217
f 14188 14189 14190
v -2368.6693 -1115.3862 269.4329
v -2369.7484 -1115.7842 269.4325
v -2369.7702 -1115.7052 269.4325
f 14191 14192 14193
v -2370.3263 -1108.3178 269.4336
v -2370.4787 -1108.0963 269.4335
v -2370.3719 -1108.1607 269.4336
f 14194 14195 14196
v -2380.4098 -1113.4147 269.4289
v -2379.5043 -1110.9742 269.4297
v -2379.3389 -1111.5446 269.4297
f 14197 14198 14199
v -2370.4787 -1108.0963 269.4335
v -2370.3263 -1108.3178 269.4336
v -2379.5043 -1110.9742 269.4297
f 14200 14201 14202
v -2372.4743 -1100.8771 269.4341
v -2372.2811 -1101.5607 269.4340
v -2379.5043 -1110.9742 269.4297
f 14203 14204 14205
v -2376.6179 -1086.5792 269.4350
v -2372.4743 -1100.8771 269.4341
v -2384.9969 -1088.8857 269.4315
f 14206 14207 14208
v -2379.5043 -1110.9742 269.4297
v -2372.2811 -1101.5607 269.4340
v -2370.4787 -1108.0963 269.4335
f 14209 14210 14211
v -2372.4743 -1100.8771 269.4341
v -2379.5043 -1110.9742 269.4297
v -2384.9969 -1088.8857 269.4315
f 14212 14213 14214
v -2384.9969 -1088.8857 269.4315
v -2379.5043 -1110.9742 269.4297
v -2390.4721 -1090.4699 269.4291
f 14215 14216 14217
v -2406.6924 -1121.1690 269.4176
v -2410.1129 -1108.7220 269.4185
v -2403.6506 -1091.4395 269.4240
f 14218 14219 14220
v -2384.4782 -1144.8494 269.4217
v -2403.6506 -1091.4395 269.4240
v -2380.4098 -1113.4147 269.4289
f 14221 14222 14223
v -2412.1994 -1102.2235 269.4189
v -2410.1129 -1108.7220 269.4185
v -2410.5674 -1108.1668 269.4184
f 14224 14225 14226
v -2403.6506 -1091.4395 269.4240
v -2384.4782 -1144.8494 269.4217
v -2406.6924 -1121.1690 269.4176
f 14227 14228 14229
v -2412.1994 -1102.2235 269.4189
v -2403.6506 -1091.4395 269.4240
v -2410.1129 -1108.7220 269.4185
f 14230 14231 14232
v -2403.6506 -1091.4395 269.4240
v -2391.1875 -1087.9980 269.4293
v -2390.4721 -1090.4699 269.4291
f 14233 14234 14235
v -2414.1850 -1094.9902 269.4194
v -2403.6506 -1091.4395 269.4240
v -2412.3866 -1101.5389 269.4189
f 14236 14237 14238
v -2380.4098 -1113.4147 269.4289
v -2403.6506 -1091.4395 269.4240
v -2390.4721 -1090.4699 269.4291
f 14239 14240 14241
v -2414.4769 -1094.5724 269.4194
v -2403.6506 -1091.4395 269.4240
v -2414.1850 -1094.9902 269.4194
f 14242 14243 14244
v -2403.6506 -1091.4395 269.4240
v -2412.1994 -1102.2235 269.4189
v -2412.3866 -1101.5389 269.4189
f 14245 14246 14247
v -2412.4931 -1101.7267 269.4188
v -2412.3866 -1101.5389 269.4189
v -2412.1994 -1102.2235 269.4189
f 14248 14249 14250
v -2380.4098 -1113.4147 269.4289
v -2390.4721 -1090.4699 269.4291
v -2379.5043 -1110.9742 269.4297
f 14251 14252 14253
v -2406.6924 -1121.1690 269.4176
v -2384.4782 -1144.8494 269.4217
v -2406.8996 -1131.2974 269.4158
f 14254 14255 14256
v -2406.8996 -1131.2974 269.4158
v -2405.4889 -1141.0960 269.4145
v -2407.2914 -1134.5922 269.4150
f 14257 14258 14259
v -2406.8996 -1131.2974 269.4158
v -2384.4782 -1144.8494 269.4217
v -2405.2968 -1141.7895 269.4145
f 14260 14261 14262
v -2406.8996 -1131.2974 269.4158
v -2405.2968 -1141.7895 269.4145
v -2405.4889 -1141.0960 269.4145
f 14263 14264 14265
v -2405.4889 -1141.0960 269.4145
v -2405.2968 -1141.7895 269.4145
v -2405.8932 -1141.2079 269.4144
f 14266 14267 14268
v -2407.4816 -1133.9078 269.4151
v -2407.7915 -1132.7899 269.4152
v -2406.8996 -1131.2974 269.4158
f 14269 14270 14271
v -2407.4816 -1133.9078 269.4151
v -2407.2914 -1134.5922 269.4150
v -2407.8859 -1134.0197 269.4149
f 14272 14273 14274
v -2407.6957 -1134.7041 269.4148
v -2407.8859 -1134.0197 269.4149
v -2407.2914 -1134.5922 269.4150
f 14275 14276 14277
v -2408.0044 -1134.2293 269.4148
v -2407.8859 -1134.0197 269.4149
v -2407.6957 -1134.7041 269.4148
f 14278 14279 14280
v -2407.4816 -1133.9078 269.4151
v -2406.8996 -1131.2974 269.4158
v -2407.2914 -1134.5922 269.4150
f 14281 14282 14283
v -2406.6924 -1121.1690 269.4176
v -2406.8996 -1131.2974 269.4158
v -2407.2697 -1127.6134 269.4163
f 14284 14285 14286
v -2405.2968 -1141.7895 269.4145
v -2405.7010 -1141.9014 269.4143
v -2405.8932 -1141.2079 269.4144
f 14287 14288 14289
v -2403.8906 -1148.4352 269.4138
v -2403.5438 -1150.3691 269.4136
v -2404.0091 -1148.6449 269.4137
f 14290 14291 14292
v -2403.5438 -1150.3691 269.4136
v -2403.8906 -1148.4352 269.4138
v -2403.4863 -1148.3233 269.4140
f 14293 14294 14295
v -2408.0044 -1134.2293 269.4148
v -2407.6957 -1134.7041 269.4148
v -2407.9054 -1134.5856 269.4148
f 14296 14297 14298
v -2406.0098 -1141.4267 269.4143
v -2405.8932 -1141.2079 269.4144
v -2405.7010 -1141.9014 269.4143
f 14299 14300 14301
v -2406.0098 -1141.4267 269.4143
v -2405.7010 -1141.9014 269.4143
v -2405.9107 -1141.7828 269.4143
f 14302 14303 14304
v -2403.5438 -1150.3691 269.4136
v -2403.4863 -1148.3233 269.4140
v -2384.4782 -1144.8494 269.4217
f 14305 14306 14307
v -2410.5674 -1108.1668 269.4184
v -2410.3418 -1109.0444 269.4184
v -2410.9107 -1108.6399 269.4182
f 14308 14309 14310
v -2407.8114 -1125.6640 269.4164
v -2409.4984 -1121.9395 269.4164
v -2406.6924 -1121.1690 269.4176
f 14311 14312 14313
v -2406.6924 -1121.1690 269.4176
v -2407.2697 -1127.6134 269.4163
v -2407.8114 -1125.6640 269.4164
f 14314 14315 14316
v -2414.3947 -1094.8726 269.4194
v -2414.4769 -1094.5724 269.4194
v -2414.1850 -1094.9902 269.4194
f 14317 14318 14319
v -2412.4931 -1101.7267 269.4188
v -2412.1994 -1102.2235 269.4189
v -2412.3792 -1102.1200 269.4188
f 14320 14321 14322
v -2410.1129 -1108.7220 269.4185
v -2410.3418 -1109.0444 269.4184
v -2410.5674 -1108.1668 269.4184
f 14323 14324 14325
v -2407.9036 -1128.3176 269.4159
v -2407.5489 -1127.6907 269.4161
v -2407.5948 -1128.7925 269.4159
f 14326 14327 14328
v -2407.2697 -1127.6134 269.4163
v -2407.5948 -1128.7925 269.4159
v -2407.5489 -1127.6907 269.4161
f 14329 14330 14331
v -2407.5948 -1128.7925 269.4159
v -2407.8045 -1128.6739 269.4159
v -2407.9036 -1128.3176 269.4159
f 14332 14333 14334
v -2408.0907 -1125.7412 269.4163
v -2408.6981 -1124.8206 269.4162
v -2407.8114 -1125.6640 269.4164
f 14335 14336 14337
v -2409.4984 -1121.9395 269.4164
v -2407.8114 -1125.6640 269.4164
v -2408.6981 -1124.8206 269.4162
f 14338 14339 14340
v -2408.8167 -1125.0303 269.4161
v -2408.6981 -1124.8206 269.4162
v -2408.7177 -1125.3866 269.4161
f 14341 14342 14343
v -2408.0907 -1125.7412 269.4163
v -2408.7177 -1125.3866 269.4161
v -2408.6981 -1124.8206 269.4162
f 14344 14345 14346
v -2407.5948 -1128.7925 269.4159
v -2407.2697 -1127.6134 269.4163
v -2406.8996 -1131.2974 269.4158
f 14347 14348 14349
v -2384.4782 -1144.8494 269.4217
v -2403.4863 -1148.3233 269.4140
v -2405.2968 -1141.7895 269.4145
f 14350 14351 14352
v -2408.6981 -1124.8206 269.4162
v -2408.7073 -1124.8244 294.3522
v -2409.4984 -1121.9395 269.4164
f 14353 14354 14355
v -2409.5075 -1121.9433 294.3524
v -2409.4984 -1121.9395 269.4164
v -2408.7073 -1124.8244 294.3522
f 14356 14357 14358
v -2408.0907 -1125.7412 269.4163
v -2408.0998 -1125.7450 294.3523
v -2408.7219 -1125.3882 280.7617
f 14359 14360 14361
v -2408.7328 -1125.3923 294.3521
v -2408.7219 -1125.3882 280.7617
v -2408.0998 -1125.7450 294.3523
f 14362 14363 14364
v -2408.7218 -1125.3880 272.4890
v -2408.0907 -1125.7412 269.4163
v -2408.7219 -1125.3882 280.7617
f 14365 14366 14367
v -2408.7177 -1125.3866 269.4161
v -2408.0907 -1125.7412 269.4163
v -2408.7218 -1125.3880 272.4890
f 14368 14369 14370
v -2407.8114 -1125.6640 269.4164
v -2407.8205 -1125.6677 294.3524
v -2408.0998 -1125.7450 294.3523
f 14371 14372 14373
v -2407.5489 -1127.6907 269.4161
v -2407.5580 -1127.6944 294.3521
v -2407.2788 -1127.6172 294.3523
f 14374 14375 14376
v -2407.8045 -1128.6739 269.4159
v -2407.8136 -1128.6778 294.3519
v -2407.9127 -1128.3215 294.3519
f 14377 14378 14379
v -2407.7957 -1132.7917 280.7608
v -2407.0504 -1131.5447 280.7613
v -2407.7915 -1132.7899 269.4152
f 14380 14381 14382
v -2406.8996 -1131.2974 269.4158
v -2407.0504 -1131.5447 280.7613
v -2406.9087 -1131.3011 294.3518
f 14383 14384 14385
v -2407.0553 -1131.5468 294.3517
v -2406.9087 -1131.3011 294.3518
v -2407.0504 -1131.5447 280.7613
f 14386 14387 14388
v -2379.5492 -1116.5170 269.4287
v -2377.5835 -1117.6182 275.9039
v -2377.5812 -1117.6172 269.4292
f 14389 14390 14391
v -2380.4098 -1113.4147 269.4289
v -2379.5515 -1116.5179 275.9034
v -2379.5492 -1116.5170 269.4287
f 14392 14393 14394
v -2379.3389 -1111.5446 269.4297
v -2380.4122 -1113.4157 275.9036
v -2380.4098 -1113.4147 269.4289
f 14395 14396 14397
v -2379.5043 -1110.9742 269.4297
v -2379.3412 -1111.5455 275.9044
v -2379.3389 -1111.5446 269.4297
f 14398 14399 14400
v -2377.5812 -1117.6172 269.4292
v -2377.4904 -1117.9395 275.9039
v -2377.4881 -1117.9384 269.4292
f 14401 14402 14403
v -2370.4787 -1108.0963 269.4335
v -2370.3746 -1108.1618 276.9393
v -2370.3719 -1108.1607 269.4336
f 14404 14405 14406
v -2376.6179 -1086.5792 269.4350
v -2372.4770 -1100.8782 276.9398
v -2372.4743 -1100.8771 269.4341
f 14407 14408 14409
v -2384.9969 -1088.8857 269.4315
v -2376.6206 -1086.5802 276.9407
v -2376.6179 -1086.5792 269.4350
f 14410 14411 14412
v -2390.4721 -1090.4699 269.4291
v -2384.9997 -1088.8867 276.9372
v -2384.9969 -1088.8857 269.4315
f 14413 14414 14415
v -2370.3719 -1108.1607 269.4336
v -2370.3290 -1108.3190 276.9393
v -2370.3263 -1108.3178 269.4336
f 14416 14417 14418
v -2370.3263 -1108.3178 269.4336
v -2379.5067 -1110.9751 275.9044
v -2379.5043 -1110.9742 269.4297
f 14419 14420 14421
v -2362.3013 -1137.7400 269.4313
v -2360.7384 -1143.4253 276.9366
v -2360.7357 -1143.4241 269.4309
f 14422 14423 14424
v -2362.2350 -1137.6162 269.4314
v -2362.3040 -1137.7412 276.9370
v -2362.3013 -1137.7400 269.4313
f 14425 14426 14427
v -2362.3827 -1137.1078 269.4314
v -2362.2377 -1137.6174 276.9371
v -2362.2350 -1137.6162 269.4314
f 14428 14429 14430
v -2362.4915 -1137.0456 269.4314
v -2362.3854 -1137.1090 276.9371
v -2362.3827 -1137.1078 269.4314
f 14431 14432 14433
v -2368.6693 -1115.3862 269.4329
v -2364.5076 -1129.7643 276.9377
v -2364.5049 -1129.7632 269.4320
f 14434 14435 14436
v -2369.7702 -1115.7052 269.4325
v -2368.6720 -1115.3873 276.9386
v -2368.6693 -1115.3862 269.4329
f 14437 14438 14439
v -2369.7484 -1115.7842 269.4325
v -2369.7729 -1115.7064 276.9382
v -2369.7702 -1115.7052 269.4325
f 14440 14441 14442
v -2375.8578 -1117.4669 269.4299
v -2369.7511 -1115.7854 276.9382
v -2369.7484 -1115.7842 269.4325
f 14443 14444 14445
v -2378.8716 -1148.6734 269.4231
v -2380.3288 -1143.6497 276.9292
v -2380.3260 -1143.6485 269.4235
f 14446 14447 14448
v -2360.7357 -1143.4241 269.4309
v -2378.8742 -1148.6745 276.9288
v -2378.8716 -1148.6734 269.4231
f 14449 14450 14451
v -2403.6506 -1091.4395 269.4240
v -2391.1916 -1087.9997 280.7749
v -2391.1875 -1087.9980 269.4293
f 14452 14453 14454
v -2414.4769 -1094.5724 269.4194
v -2403.6548 -1091.4412 280.7695
v -2403.6506 -1091.4395 269.4240
f 14455 14456 14457
v -2414.3947 -1094.8726 269.4194
v -2414.4811 -1094.5741 280.7649
v -2414.4769 -1094.5724 269.4194
f 14458 14459 14460
v -2414.1850 -1094.9902 269.4194
v -2414.3989 -1094.8744 280.7649
v -2414.3947 -1094.8726 269.4194
f 14461 14462 14463
v -2412.3866 -1101.5389 269.4189
v -2414.1892 -1094.9919 280.7649
v -2414.1850 -1094.9902 269.4194
f 14464 14465 14466
v -2412.4931 -1101.7267 269.4188
v -2412.3907 -1101.5407 280.7645
v -2412.3866 -1101.5389 269.4189
f 14467 14468 14469
v -2412.3792 -1102.1200 269.4188
v -2412.4972 -1101.7283 280.7644
v -2412.4931 -1101.7267 269.4188
f 14470 14471 14472
v -2412.1994 -1102.2235 269.4189
v -2412.3833 -1102.1216 280.7644
v -2412.3792 -1102.1200 269.4188
f 14473 14474 14475
v -2410.5674 -1108.1668 269.4184
v -2412.2036 -1102.2251 280.7645
v -2412.1994 -1102.2235 269.4189
f 14476 14477 14478
v -2410.9107 -1108.6399 269.4182
v -2410.5716 -1108.1684 280.7640
v -2410.5674 -1108.1668 269.4184
f 14479 14480 14481
v -2410.3418 -1109.0444 269.4184
v -2410.9149 -1108.6415 280.7638
v -2410.9107 -1108.6399 269.4182
f 14482 14483 14484
v -2410.1129 -1108.7220 269.4185
v -2410.3460 -1109.0460 280.7640
v -2410.3418 -1109.0444 269.4184
f 14485 14486 14487
v -2407.4816 -1133.9078 269.4151
v -2407.7957 -1132.7917 280.7608
v -2407.7915 -1132.7899 269.4152
f 14488 14489 14490
v -2407.8859 -1134.0197 269.4149
v -2407.4857 -1133.9095 280.7607
v -2407.4816 -1133.9078 269.4151
f 14491 14492 14493
v -2408.0044 -1134.2293 269.4148
v -2407.8900 -1134.0214 280.7605
v -2407.8859 -1134.0197 269.4149
f 14494 14495 14496
v -2407.9054 -1134.5856 269.4148
v -2408.0086 -1134.2311 280.7604
v -2408.0044 -1134.2293 269.4148
f 14497 14498 14499
v -2407.6957 -1134.7041 269.4148
v -2407.9095 -1134.5873 280.7603
v -2407.9054 -1134.5856 269.4148
f 14500 14501 14502
v -2407.2914 -1134.5922 269.4150
v -2407.6998 -1134.7059 280.7603
v -2407.6957 -1134.7041 269.4148
f 14503 14504 14505
v -2405.4889 -1141.0960 269.4145
v -2407.2956 -1134.5940 280.7606
v -2407.2914 -1134.5922 269.4150
f 14506 14507 14508
v -2405.8932 -1141.2079 269.4144
v -2405.4930 -1141.0978 280.7600
v -2405.4889 -1141.0960 269.4145
f 14509 14510 14511
v -2406.0098 -1141.4267 269.4143
v -2405.8974 -1141.2097 280.7599
v -2405.8932 -1141.2079 269.4144
f 14512 14513 14514
v -2405.9107 -1141.7828 269.4143
v -2406.0139 -1141.4284 280.7598
v -2406.0098 -1141.4267 269.4143
f 14515 14516 14517
v -2405.7010 -1141.9014 269.4143
v -2405.9148 -1141.7846 280.7598
v -2405.9107 -1141.7828 269.4143
f 14518 14519 14520
v -2405.2968 -1141.7895 269.4145
v -2405.7052 -1141.9033 280.7598
v -2405.7010 -1141.9014 269.4143
f 14521 14522 14523
v -2403.4863 -1148.3233 269.4140
v -2405.3009 -1141.7913 280.7600
v -2405.2968 -1141.7895 269.4145
f 14524 14525 14526
v -2403.8906 -1148.4352 269.4138
v -2403.4904 -1148.3250 280.7595
v -2403.4863 -1148.3233 269.4140
f 14527 14528 14529
v -2404.0091 -1148.6449 269.4137
v -2403.8948 -1148.4370 280.7593
v -2403.8906 -1148.4352 269.4138
f 14530 14531 14532
v -2403.5438 -1150.3691 269.4136
v -2404.0133 -1148.6467 280.7592
v -2404.0091 -1148.6449 269.4137
f 14533 14534 14535
v -2381.7742 -1137.1169 276.9299
v -2379.9198 -1143.5314 280.7693
v -2379.9184 -1143.5309 276.9295
f 14536 14537 14538
v -2377.5648 -1135.0783 276.9319
v -2378.3007 -1135.2919 280.7714
v -2378.2993 -1135.2912 276.9316
f 14539 14540 14541
v -2377.4904 -1117.9395 275.9039
v -2382.1363 -1119.2841 276.9330
v -2375.8605 -1117.4680 276.9356
f 14542 14543 14544
v -2387.2886 -1115.0762 275.9008
v -2383.6596 -1114.0256 280.7731
v -2383.6578 -1114.0249 275.9023
f 14545 14546 14547
v -2384.9026 -1109.7268 276.9336
v -2388.5358 -1110.7786 280.7720
v -2388.5344 -1110.7780 276.9321
f 14548 14549 14550
v -2391.1875 -1087.9980 269.4293
v -2390.4749 -1090.4710 276.9348
v -2390.4721 -1090.4699 269.4291
f 14551 14552 14553
v -2384.9040 -1109.7273 280.7735
v -2384.9026 -1109.7268 276.9336
v -2390.4749 -1090.4710 276.9348
f 14554 14555 14556
v -2377.7114 -1134.5709 276.9319
v -2377.5661 -1135.0788 280.7717
v -2377.5648 -1135.0783 276.9319
f 14557 14558 14559
v -2384.9004 -1126.6119 291.9140
v -2378.4096 -1124.8388 294.3637
v -2378.4086 -1124.8383 291.9168
f 14560 14561 14562
v -2385.5163 -1124.3582 291.9142
v -2384.9013 -1126.6123 294.3609
v -2384.9004 -1126.6119 291.9140
f 14563 14564 14565
v -2392.5774 -1126.2873 291.9112
v -2385.5172 -1124.3587 294.3611
v -2385.5163 -1124.3582 291.9142
f 14566 14567 14568
v -2393.1746 -1124.0997 291.9114
v -2392.5783 -1126.2876 294.3581
v -2392.5774 -1126.2873 291.9112
f 14569 14570 14571
v -2400.1847 -1126.0159 291.9084
v -2393.1754 -1124.1001 294.3583
v -2393.1746 -1124.0997 291.9114
f 14572 14573 14574
v -2400.7233 -1124.0465 291.9086
v -2400.1855 -1126.0162 294.3553
v -2400.1847 -1126.0159 291.9084
f 14575 14576 14577
v -2399.6521 -1122.4354 291.9092
v -2400.7243 -1124.0468 294.3555
v -2400.7233 -1124.0465 291.9086
f 14578 14579 14580
v -2401.3781 -1121.3547 291.9088
v -2399.6529 -1122.4357 294.3561
v -2399.6521 -1122.4354 291.9092
f 14581 14582 14583
v -2408.8167 -1125.0303 269.4161
v -2408.7073 -1124.8244 294.3522
v -2408.6981 -1124.8206 269.4162
f 14584 14585 14586
v -2405.1095 -1138.6479 280.7606
v -2407.0553 -1131.5468 294.3517
v -2407.0504 -1131.5447 280.7613
f 14587 14588 14589
v -2400.5081 -1137.3902 280.7627
v -2405.1144 -1138.6500 294.3511
v -2405.1095 -1138.6479 280.7606
f 14590 14591 14592
v -2400.8696 -1136.0672 280.7628
v -2400.5130 -1137.3923 294.3532
v -2400.5081 -1137.3902 280.7627
f 14593 14594 14595
v -2395.0664 -1134.4818 280.7652
v -2400.8745 -1136.0693 294.3533
v -2400.8696 -1136.0672 280.7628
f 14596 14597 14598
v -2394.6762 -1135.9079 280.7651
v -2395.0713 -1134.4839 294.3557
v -2395.0664 -1134.4818 280.7652
f 14599 14600 14601
v -2390.7994 -1134.8493 280.7668
v -2394.6811 -1135.9099 294.3556
v -2394.6762 -1135.9079 280.7651
f 14602 14603 14604
v -2390.1983 -1137.0479 280.7666
v -2390.8043 -1134.8514 294.3573
v -2390.7994 -1134.8493 280.7668
f 14605 14606 14607
v -2385.8382 -1135.8566 280.7684
v -2390.2032 -1137.0500 294.3571
v -2390.1983 -1137.0479 280.7666
f 14608 14609 14610
v -2386.2174 -1134.4686 280.7685
v -2385.8431 -1135.8587 294.3589
v -2385.8382 -1135.8566 280.7684
f 14611 14612 14613
v -2383.6246 -1133.7606 280.7696
v -2386.2223 -1134.4706 294.3590
v -2386.2174 -1134.4686 280.7685
f 14614 14615 14616
v -2382.6432 -1137.3542 280.7694
v -2383.6295 -1133.7627 294.3601
v -2383.6246 -1133.7606 280.7696
f 14617 14618 14619
v -2372.2883 -1134.5244 276.9339
v -2372.6600 -1133.1911 294.3643
v -2372.6537 -1133.1884 276.9340
f 14620 14621 14622
v -2367.7330 -1133.2797 276.9358
v -2372.2946 -1134.5271 294.3642
v -2372.2883 -1134.5244 276.9339
f 14623 14624 14625
v -2371.8307 -1118.2828 276.9370
v -2367.7393 -1133.2824 294.3661
v -2367.7330 -1133.2797 276.9358
f 14626 14627 14628
v -2379.6134 -1120.4089 276.9337
v -2371.8370 -1118.2855 294.3673
v -2371.8307 -1118.2828 276.9370
f 14629 14630 14631
v -2401.8543 -1119.5937 280.7653
v -2401.3781 -1121.3547 291.9088
v -2401.3740 -1121.3530 280.7652
f 14632 14633 14634
v -2406.7658 -1120.9367 294.3536
v -2401.8593 -1119.5958 294.3558
v -2401.8543 -1119.5937 280.7653
f 14635 14636 14637
v -2382.9789 -1121.9824 280.7720
v -2381.0083 -1123.2184 291.9161
v -2381.0023 -1123.2157 280.7725
f 14638 14639 14640
v -2388.0006 -1123.3549 280.7699
v -2382.9830 -1121.9841 291.9156
v -2382.9789 -1121.9824 280.7720
f 14641 14642 14643
v -2390.6072 -1121.7240 280.7692
v -2388.0046 -1123.3567 291.9135
v -2388.0006 -1123.3549 280.7699
f 14644 14645 14646
v -2397.4321 -1123.5885 280.7663
v -2390.6112 -1121.7256 291.9128
v -2390.6072 -1121.7240 280.7692
f 14647 14648 14649
v -2401.3740 -1121.3530 280.7652
v -2397.4361 -1123.5903 291.9099
v -2397.4321 -1123.5885 280.7663
f 14650 14651 14652
v -2381.0023 -1123.2157 280.7725
v -2379.0009 -1122.6697 291.9169
v -2378.9954 -1122.6675 276.9335
f 14653 14654 14655
v -2372.4743 -1100.8771 269.4341
v -2372.2838 -1101.5617 276.9397
v -2372.2811 -1101.5607 269.4340
f 14656 14657 14658
v -2370.4814 -1108.0975 276.9392
v -2372.2811 -1101.5607 269.4340
v -2372.2838 -1101.5617 276.9397
f 14659 14660 14661
v -2364.5049 -1129.7632 269.4320
v -2364.3124 -1130.4478 276.9376
v -2364.3097 -1130.4467 269.4319
f 14662 14663 14664
v -2362.4942 -1137.0467 276.9371
v -2364.3097 -1130.4467 269.4319
v -2364.3124 -1130.4478 276.9376
f 14665 14666 14667
v -2410.1129 -1108.7220 269.4185
v -2406.7609 -1120.9346 280.7632
v -2410.1171 -1108.7237 280.7641
f 14668 14669 14670
v -2409.4984 -1121.9395 269.4164
v -2406.7015 -1121.1728 294.3536
v -2406.6924 -1121.1690 269.4176
f 14671 14672 14673
v -2408.8209 -1125.0320 280.7617
v -2408.7328 -1125.3923 294.3521
v -2408.8308 -1125.0350 294.3521
f 14674 14675 14676
v -2407.2697 -1127.6134 269.4163
v -2407.8205 -1125.6677 294.3524
v -2407.8114 -1125.6640 269.4164
f 14677 14678 14679
v -2407.9036 -1128.3176 269.4159
v -2407.5580 -1127.6944 294.3521
v -2407.5489 -1127.6907 269.4161
f 14680 14681 14682
v -2407.5948 -1128.7925 269.4159
v -2407.8136 -1128.6778 294.3519
v -2407.8045 -1128.6739 269.4159
f 14683 14684 14685
v -2406.8996 -1131.2974 269.4158
v -2407.6039 -1128.7963 294.3519
v -2407.5948 -1128.7925 269.4159
f 14686 14687 14688
v -2407.8114 -1125.6640 269.4164
v -2408.0998 -1125.7450 294.3523
v -2408.0907 -1125.7412 269.4163
f 14689 14690 14691
v -2407.5489 -1127.6907 269.4161
v -2407.2788 -1127.6172 294.3523
v -2407.2697 -1127.6134 269.4163
f 14692 14693 14694
v -2407.8045 -1128.6739 269.4159
v -2407.9127 -1128.3215 294.3519
v -2407.9036 -1128.3176 269.4159
f 14695 14696 14697
v -2407.0504 -1131.5447 280.7613
v -2406.8996 -1131.2974 269.4158
v -2407.7915 -1132.7899 269.4152
f 14698 14699 14700

g building_ID_912303AF-4902-4F02-AFFB-50ACE3F7EFF2
v -2337.5572 -1084.2578 281.1314
v -2345.2638 -1086.3640 281.1282
v -2336.4293 -1088.3868 281.1311
f 14701 14702 14703
v -2333.4487 -1099.3287 281.1303
v -2336.4293 -1088.3868 281.1311
v -2345.2638 -1086.3640 281.1282
f 14704 14705 14706
v -2334.4989 -1087.8590 281.1319
v -2336.4293 -1088.3868 281.1311
v -2331.5103 -1098.7989 281.1311
f 14707 14708 14709
v -2333.4487 -1099.3287 281.1303
v -2338.3164 -1111.8924 281.1263
v -2330.5928 -1109.7822 281.1295
f 14710 14711 14712
v -2336.4293 -1088.3868 281.1311
v -2333.4487 -1099.3287 281.1303
v -2331.5103 -1098.7989 281.1311
f 14713 14714 14715
v -2345.2638 -1086.3640 281.1282
v -2338.3164 -1111.8924 281.1263
v -2333.4487 -1099.3287 281.1303
f 14716 14717 14718
v -2330.5918 -1109.7818 278.1766
v -2330.5928 -1109.7822 281.1295
v -2338.3154 -1111.8920 278.1734
f 14719 14720 14721
v -2333.4444 -1099.3268 268.8158
v -2333.4444 -1099.3268 268.8258
v -2330.5885 -1109.7804 268.8250
f 14722 14723 14724
v -2331.5093 -1098.7984 278.1782
v -2331.5103 -1098.7989 281.1311
v -2333.4476 -1099.3282 278.1774
f 14725 14726 14727
v -2336.4249 -1088.3849 268.8166
v -2336.4249 -1088.3849 268.8266
v -2334.4946 -1087.8571 268.8274
f 14728 14729 14730
v -2337.5528 -1084.2559 268.8169
v -2337.5528 -1084.2559 268.8269
v -2336.4249 -1088.3849 268.8266
f 14731 14732 14733
v -2345.2627 -1086.3636 278.1753
v -2345.2638 -1086.3640 281.1282
v -2337.5572 -1084.2578 281.1314
f 14734 14735 14736
v -2330.5885 -1109.7804 268.8150
v -2338.3120 -1111.8906 268.8117
v -2333.4444 -1099.3268 268.8158
f 14737 14738 14739
v -2345.2594 -1086.3622 268.8137
v -2333.4444 -1099.3268 268.8158
v -2338.3120 -1111.8906 268.8117
f 14740 14741 14742
v -2331.5060 -1098.7970 268.8166
v -2333.4444 -1099.3268 268.8158
v -2334.4946 -1087.8571 268.8174
f 14743 14744 14745
v -2336.4249 -1088.3849 268.8166
v -2345.2594 -1086.3622 268.8137
v -2337.5528 -1084.2559 268.8169
f 14746 14747 14748
v -2333.4444 -1099.3268 268.8158
v -2336.4249 -1088.3849 268.8166
v -2334.4946 -1087.8571 268.8174
f 14749 14750 14751
v -2333.4444 -1099.3268 268.8158
v -2345.2594 -1086.3622 268.8137
v -2336.4249 -1088.3849 268.8166
f 14752 14753 14754
v -2345.7645 -1084.5049 268.8238
v -2345.7677 -1084.5063 278.1754
v -2336.1278 -1081.8942 278.1794
f 14755 14756 14757
v -2328.1628 -1111.0329 268.8257
v -2328.1662 -1111.0343 278.1773
v -2337.8302 -1113.6743 278.1733
f 14758 14759 14760
v -2330.5885 -1109.7804 268.8150
v -2330.5885 -1109.7804 268.8250
v -2338.3120 -1111.8906 268.8217
f 14761 14762 14763
v -2333.4476 -1099.3282 278.1774
v -2333.4487 -1099.3287 281.1303
v -2330.5928 -1109.7822 281.1295
f 14764 14765 14766
v -2331.5060 -1098.7970 268.8166
v -2331.5060 -1098.7970 268.8266
v -2333.4444 -1099.3268 268.8258
f 14767 14768 14769
v -2336.4283 -1088.3863 278.1782
v -2336.4293 -1088.3868 281.1311
v -2334.4978 -1087.8585 278.1790
f 14770 14771 14772
v -2337.5562 -1084.2573 278.1785
v -2337.5572 -1084.2578 281.1314
v -2336.4293 -1088.3868 281.1311
f 14773 14774 14775
v -2345.2594 -1086.3622 268.8137
v -2345.2594 -1086.3622 268.8237
v -2337.5528 -1084.2559 268.8269
f 14776 14777 14778
v -2333.4476 -1099.3282 278.1774
v -2330.5918 -1109.7818 278.1766
v -2331.5093 -1098.7984 278.1782
f 14779 14780 14781
v -2328.1662 -1111.0343 278.1773
v -2330.5918 -1109.7818 278.1766
v -2337.8302 -1113.6743 278.1733
f 14782 14783 14784
v -2338.3154 -1111.8920 278.1734
v -2337.8302 -1113.6743 278.1733
v -2330.5918 -1109.7818 278.1766
f 14785 14786 14787
v -2331.5093 -1098.7984 278.1782
v -2330.5918 -1109.7818 278.1766
v -2328.1662 -1111.0343 278.1773
f 14788 14789 14790
v -2336.1278 -1081.8942 278.1794
v -2345.7677 -1084.5063 278.1754
v -2337.5562 -1084.2573 278.1785
f 14791 14792 14793
v -2345.2627 -1086.3636 278.1753
v -2337.5562 -1084.2573 278.1785
v -2345.7677 -1084.5063 278.1754
f 14794 14795 14796
v -2334.4978 -1087.8585 278.1790
v -2336.1278 -1081.8942 278.1794
v -2337.5562 -1084.2573 278.1785
f 14797 14798 14799
v -2337.5562 -1084.2573 278.1785
v -2336.4283 -1088.3863 278.1782
v -2334.4978 -1087.8585 278.1790
f 14800 14801 14802
v -2337.5528 -1084.2559 268.8269
v -2334.4946 -1087.8571 268.8274
v -2336.4249 -1088.3849 268.8266
f 14803 14804 14805
v -2336.1245 -1081.8928 268.8278
v -2337.5528 -1084.2559 268.8269
v -2345.7645 -1084.5049 268.8238
f 14806 14807 14808
v -2345.2594 -1086.3622 268.8237
v -2345.7645 -1084.5049 268.8238
v -2337.5528 -1084.2559 268.8269
f 14809 14810 14811
v -2334.4946 -1087.8571 268.8274
v -2337.5528 -1084.2559 268.8269
v -2336.1245 -1081.8928 268.8278
f 14812 14813 14814
v -2330.5885 -1109.7804 268.8250
v -2328.1628 -1111.0329 268.8257
v -2337.8268 -1113.6729 268.8216
f 14815 14816 14817
v -2338.3120 -1111.8906 268.8217
v -2330.5885 -1109.7804 268.8250
v -2337.8268 -1113.6729 268.8216
f 14818 14819 14820
v -2331.5060 -1098.7970 268.8266
v -2330.5885 -1109.7804 268.8250
v -2333.4444 -1099.3268 268.8258
f 14821 14822 14823
v -2328.1628 -1111.0329 268.8257
v -2330.5885 -1109.7804 268.8250
v -2331.5060 -1098.7970 268.8266
f 14824 14825 14826
v -2338.3154 -1111.8920 278.1734
v -2338.3164 -1111.8924 281.1263
v -2345.2638 -1086.3640 281.1282
f 14827 14828 14829
v -2338.3154 -1111.8920 278.1734
v -2338.3120 -1111.8906 268.8217
v -2337.8302 -1113.6743 278.1733
f 14830 14831 14832
v -2345.2594 -1086.3622 268.8137
v -2338.3120 -1111.8906 268.8117
v -2338.3120 -1111.8906 268.8217
f 14833 14834 14835
v -2338.3120 -1111.8906 268.8217
v -2338.3154 -1111.8920 278.1734
v -2345.2594 -1086.3622 268.8237
f 14836 14837 14838
v -2345.7677 -1084.5063 278.1754
v -2345.7645 -1084.5049 268.8238
v -2345.2627 -1086.3636 278.1753
f 14839 14840 14841
v -2338.3120 -1111.8906 268.8217
v -2345.2594 -1086.3622 268.8237
v -2345.2594 -1086.3622 268.8137
f 14842 14843 14844
v -2334.4989 -1087.8590 281.1319
v -2331.5103 -1098.7989 281.1311
v -2334.4978 -1087.8585 278.1790
f 14845 14846 14847
v -2336.1278 -1081.8942 278.1794
v -2334.4978 -1087.8585 278.1790
v -2334.4946 -1087.8571 268.8274
f 14848 14849 14850
v -2334.4946 -1087.8571 268.8274
v -2331.5060 -1098.7970 268.8266
v -2331.5060 -1098.7970 268.8166
f 14851 14852 14853
v -2334.4978 -1087.8585 278.1790
v -2331.5093 -1098.7984 278.1782
v -2331.5060 -1098.7970 268.8266
f 14854 14855 14856
v -2331.5093 -1098.7984 278.1782
v -2328.1662 -1111.0343 278.1773
v -2328.1628 -1111.0329 268.8257
f 14857 14858 14859
v -2330.5928 -1109.7822 281.1295
v -2338.3164 -1111.8924 281.1263
v -2338.3154 -1111.8920 278.1734
f 14860 14861 14862
v -2333.4444 -1099.3268 268.8158
v -2330.5885 -1109.7804 268.8250
v -2330.5885 -1109.7804 268.8150
f 14863 14864 14865
v -2331.5103 -1098.7989 281.1311
v -2333.4487 -1099.3287 281.1303
v -2333.4476 -1099.3282 278.1774
f 14866 14867 14868
v -2336.4249 -1088.3849 268.8166
v -2334.4946 -1087.8571 268.8274
v -2334.4946 -1087.8571 268.8174
f 14869 14870 14871
v -2337.5528 -1084.2559 268.8169
v -2336.4249 -1088.3849 268.8266
v -2336.4249 -1088.3849 268.8166
f 14872 14873 14874
v -2345.2627 -1086.3636 278.1753
v -2337.5572 -1084.2578 281.1314
v -2337.5562 -1084.2573 278.1785
f 14875 14876 14877
v -2345.7645 -1084.5049 268.8238
v -2336.1278 -1081.8942 278.1794
v -2336.1245 -1081.8928 268.8278
f 14878 14879 14880
v -2328.1628 -1111.0329 268.8257
v -2337.8302 -1113.6743 278.1733
v -2337.8268 -1113.6729 268.8216
f 14881 14882 14883
v -2330.5885 -1109.7804 268.8150
v -2338.3120 -1111.8906 268.8217
v -2338.3120 -1111.8906 268.8117
f 14884 14885 14886
v -2333.4476 -1099.3282 278.1774
v -2330.5928 -1109.7822 281.1295
v -2330.5918 -1109.7818 278.1766
f 14887 14888 14889
v -2331.5060 -1098.7970 268.8166
v -2333.4444 -1099.3268 268.8258
v -2333.4444 -1099.3268 268.8158
f 14890 14891 14892
v -2336.4293 -1088.3868 281.1311
v -2334.4989 -1087.8590 281.1319
v -2334.4978 -1087.8585 278.1790
f 14893 14894 14895
v -2337.5562 -1084.2573 278.1785
v -2336.4293 -1088.3868 281.1311
v -2336.4283 -1088.3863 278.1782
f 14896 14897 14898
v -2345.2594 -1086.3622 268.8137
v -2337.5528 -1084.2559 268.8269
v -2337.5528 -1084.2559 268.8169
f 14899 14900 14901
v -2338.3154 -1111.8920 278.1734
v -2345.2638 -1086.3640 281.1282
v -2345.2627 -1086.3636 278.1753
f 14902 14903 14904
v -2338.3120 -1111.8906 268.8217
v -2337.8268 -1113.6729 268.8216
v -2337.8302 -1113.6743 278.1733
f 14905 14906 14907
v -2338.3154 -1111.8920 278.1734
v -2345.2627 -1086.3636 278.1753
v -2345.2594 -1086.3622 268.8237
f 14908 14909 14910
v -2345.7645 -1084.5049 268.8238
v -2345.2594 -1086.3622 268.8237
v -2345.2627 -1086.3636 278.1753
f 14911 14912 14913
v -2331.5103 -1098.7989 281.1311
v -2331.5093 -1098.7984 278.1782
v -2334.4978 -1087.8585 278.1790
f 14914 14915 14916
v -2336.1278 -1081.8942 278.1794
v -2334.4946 -1087.8571 268.8274
v -2336.1245 -1081.8928 268.8278
f 14917 14918 14919
v -2334.4946 -1087.8571 268.8274
v -2331.5060 -1098.7970 268.8166
v -2334.4946 -1087.8571 268.8174
f 14920 14921 14922
v -2334.4978 -1087.8585 278.1790
v -2331.5060 -1098.7970 268.8266
v -2334.4946 -1087.8571 268.8274
f 14923 14924 14925
v -2331.5093 -1098.7984 278.1782
v -2328.1628 -1111.0329 268.8257
v -2331.5060 -1098.7970 268.8266
f 14926 14927 14928

g building_ID_3FC18694-E19D-4C4E-95C3-D2113F9011F2
v -2314.2831 -1142.5812 284.2795
v -2313.4137 -1145.7755 284.2912
v -2314.2773 -1142.5786 267.5552
f 14929 14930 14931
v -2314.2773 -1142.5786 267.5552
v -2313.4137 -1145.7755 284.2912
v -2313.4078 -1145.7729 267.5549
f 14932 14933 14934
v -2314.2773 -1142.5786 267.5552
v -2312.7512 -1142.1627 267.5558
v -2314.2831 -1142.5812 284.2795
f 14935 14936 14937
v -2312.7512 -1142.1627 267.5558
v -2313.4085 -1142.3425 284.2798
v -2314.2831 -1142.5812 284.2795
f 14938 14939 14940
v -2312.8076 -1141.9606 267.5558
v -2312.8135 -1141.9631 284.2791
v -2312.7570 -1142.1653 284.2801
f 14941 14942 14943
v -2312.8076 -1141.9606 267.5558
v -2312.7570 -1142.1653 284.2801
v -2312.7512 -1142.1627 267.5558
f 14944 14945 14946
v -2325.9819 -1149.1951 267.5496
v -2325.9878 -1149.1977 284.2860
v -2327.6529 -1143.2873 284.2645
f 14947 14948 14949
v -2325.9878 -1149.1977 284.2860
v -2325.9819 -1149.1951 267.5496
v -2313.4137 -1145.7755 284.2912
f 14950 14951 14952
v -2313.4137 -1145.7755 284.2912
v -2325.9819 -1149.1951 267.5496
v -2313.4078 -1145.7729 267.5549
f 14953 14954 14955
v -2327.8590 -1130.6452 267.5524
v -2328.4045 -1128.6534 284.2178
v -2328.3987 -1128.6508 267.5525
f 14956 14957 14958
v -2324.5893 -1142.2529 267.5515
v -2324.5951 -1142.2556 284.2648
v -2327.8590 -1130.6452 267.5524
f 14959 14960 14961
v -2327.8650 -1130.6479 284.2247
v -2327.8590 -1130.6452 267.5524
v -2324.5951 -1142.2556 284.2648
f 14962 14963 14964
v -2324.5951 -1142.2556 284.2648
v -2324.5893 -1142.2529 267.5515
v -2324.7182 -1142.2902 284.2647
f 14965 14966 14967
v -2324.7182 -1142.2902 284.2647
v -2324.5893 -1142.2529 267.5515
v -2324.7124 -1142.2875 267.5514
f 14968 14969 14970
v -2324.7182 -1142.2902 284.2647
v -2324.7124 -1142.2875 267.5514
v -2324.6668 -1142.4803 284.2657
f 14971 14972 14973
v -2324.6609 -1142.4777 267.5514
v -2324.6668 -1142.4803 284.2657
v -2324.7124 -1142.2875 267.5514
f 14974 14975 14976
v -2309.4411 -1141.0126 267.5572
v -2309.4469 -1141.0152 284.2805
v -2312.8135 -1141.9631 284.2791
f 14977 14978 14979
v -2309.4469 -1141.0152 284.2805
v -2314.0264 -1124.7394 267.5584
v -2314.0322 -1124.7420 284.2247
f 14980 14981 14982
v -2309.4469 -1141.0152 284.2805
v -2309.4411 -1141.0126 267.5572
v -2314.0264 -1124.7394 267.5584
f 14983 14984 14985
v -2324.5938 -1127.6166 284.2194
v -2328.3987 -1128.6508 267.5525
v -2328.4045 -1128.6534 284.2178
f 14986 14987 14988
v -2324.5938 -1127.6166 284.2194
v -2318.4955 -1125.9555 267.5566
v -2328.3987 -1128.6508 267.5525
f 14989 14990 14991
v -2314.0322 -1124.7420 284.2247
v -2314.0264 -1124.7394 267.5584
v -2318.4244 -1125.9372 284.2229
f 14992 14993 14994
v -2314.0264 -1124.7394 267.5584
v -2312.8076 -1141.9606 267.5558
v -2318.4955 -1125.9555 267.5566
f 14995 14996 14997
v -2328.3987 -1128.6508 267.5525
v -2318.4955 -1125.9555 267.5566
v -2314.2773 -1142.5786 267.5552
f 14998 14999 15000
v -2327.8590 -1130.6452 267.5524
v -2328.3987 -1128.6508 267.5525
v -2324.5893 -1142.2529 267.5515
f 15001 15002 15003
v -2312.8076 -1141.9606 267.5558
v -2314.2773 -1142.5786 267.5552
v -2318.4955 -1125.9555 267.5566
f 15004 15005 15006
v -2312.8076 -1141.9606 267.5558
v -2312.7512 -1142.1627 267.5558
v -2314.2773 -1142.5786 267.5552
f 15007 15008 15009
v -2328.3987 -1128.6508 267.5525
v -2314.2773 -1142.5786 267.5552
v -2324.5893 -1142.2529 267.5515
f 15010 15011 15012
v -2325.9819 -1149.1951 267.5496
v -2327.6470 -1143.2847 267.5502
v -2324.6609 -1142.4777 267.5514
f 15013 15014 15015
v -2324.6609 -1142.4777 267.5514
v -2324.7124 -1142.2875 267.5514
v -2324.5893 -1142.2529 267.5515
f 15016 15017 15018
v -2325.9819 -1149.1951 267.5496
v -2324.6609 -1142.4777 267.5514
v -2313.4078 -1145.7729 267.5549
f 15019 15020 15021
v -2314.2773 -1142.5786 267.5552
v -2324.6609 -1142.4777 267.5514
v -2324.5893 -1142.2529 267.5515
f 15022 15023 15024
v -2324.6609 -1142.4777 267.5514
v -2314.2773 -1142.5786 267.5552
v -2313.4078 -1145.7729 267.5549
f 15025 15026 15027
v -2309.4411 -1141.0126 267.5572
v -2312.8076 -1141.9606 267.5558
v -2314.0264 -1124.7394 267.5584
f 15028 15029 15030
v -2314.0322 -1124.7420 284.2247
v -2312.8135 -1141.9631 284.2791
v -2309.4469 -1141.0152 284.2805
f 15031 15032 15033
v -2318.4244 -1125.9372 284.2229
v -2314.2831 -1142.5812 284.2795
v -2314.0322 -1124.7420 284.2247
f 15034 15035 15036
v -2312.7570 -1142.1653 284.2801
v -2312.8135 -1141.9631 284.2791
v -2313.4085 -1142.3425 284.2798
f 15037 15038 15039
v -2312.8135 -1141.9631 284.2791
v -2314.0322 -1124.7420 284.2247
v -2313.4085 -1142.3425 284.2798
f 15040 15041 15042
v -2314.2831 -1142.5812 284.2795
v -2324.5951 -1142.2556 284.2648
v -2313.4137 -1145.7755 284.2912
f 15043 15044 15045
v -2314.2831 -1142.5812 284.2795
v -2313.4085 -1142.3425 284.2798
v -2314.0322 -1124.7420 284.2247
f 15046 15047 15048
v -2324.5951 -1142.2556 284.2648
v -2314.2831 -1142.5812 284.2795
v -2318.4244 -1125.9372 284.2229
f 15049 15050 15051
v -2324.5951 -1142.2556 284.2648
v -2324.5938 -1127.6166 284.2194
v -2327.8650 -1130.6479 284.2247
f 15052 15053 15054
v -2318.4244 -1125.9372 284.2229
v -2324.5938 -1127.6166 284.2194
v -2324.5951 -1142.2556 284.2648
f 15055 15056 15057
v -2328.4045 -1128.6534 284.2178
v -2327.8650 -1130.6479 284.2247
v -2324.5938 -1127.6166 284.2194
f 15058 15059 15060
v -2324.5951 -1142.2556 284.2648
v -2324.7182 -1142.2902 284.2647
v -2324.6668 -1142.4803 284.2657
f 15061 15062 15063
v -2324.6668 -1142.4803 284.2657
v -2327.6529 -1143.2873 284.2645
v -2325.9878 -1149.1977 284.2860
f 15064 15065 15066
v -2324.6668 -1142.4803 284.2657
v -2325.9878 -1149.1977 284.2860
v -2313.4137 -1145.7755 284.2912
f 15067 15068 15069
v -2324.5951 -1142.2556 284.2648
v -2324.6668 -1142.4803 284.2657
v -2313.4137 -1145.7755 284.2912
f 15070 15071 15072
v -2327.6529 -1143.2873 284.2645
v -2324.6609 -1142.4777 267.5514
v -2327.6470 -1143.2847 267.5502
f 15073 15074 15075
v -2324.6609 -1142.4777 267.5514
v -2327.6529 -1143.2873 284.2645
v -2324.6668 -1142.4803 284.2657
f 15076 15077 15078
v -2312.7570 -1142.1653 284.2801
v -2313.4085 -1142.3425 284.2798
v -2312.7512 -1142.1627 267.5558
f 15079 15080 15081
v -2325.9819 -1149.1951 267.5496
v -2327.6529 -1143.2873 284.2645
v -2327.6470 -1143.2847 267.5502
f 15082 15083 15084
v -2327.8590 -1130.6452 267.5524
v -2327.8650 -1130.6479 284.2247
v -2328.4045 -1128.6534 284.2178
f 15085 15086 15087
v -2309.4411 -1141.0126 267.5572
v -2312.8135 -1141.9631 284.2791
v -2312.8076 -1141.9606 267.5558
f 15088 15089 15090
v -2318.4955 -1125.9555 267.5566
v -2324.5938 -1127.6166 284.2194
v -2318.4244 -1125.9372 284.2229
f 15091 15092 15093
v -2314.0264 -1124.7394 267.5584
v -2318.4955 -1125.9555 267.5566
v -2318.4244 -1125.9372 284.2229
f 15094 15095 15096

g building_ID_3DC48733-7C82-4B0C-9A27-C2F819CC8E6C
v -2249.2993 -1135.9080 285.8449
v -2250.9324 -1129.2496 285.8455
v -2251.0875 -1129.2912 285.8454
f 15097 15098 15099
v -2247.0540 -1143.6049 285.8443
v -2250.9324 -1129.2496 285.8455
v -2249.2993 -1135.9080 285.8449
f 15100 15101 15102
v -2249.2993 -1135.9080 285.8449
v -2247.1981 -1143.6455 285.8442
v -2247.0540 -1143.6049 285.8443
f 15103 15104 15105
v -2262.8294 -1149.3985 285.8377
v -2245.8668 -1148.3710 285.8438
v -2247.1981 -1143.6455 285.8442
f 15106 15107 15108
v -2247.1981 -1143.6455 285.8442
v -2249.2993 -1135.9080 285.8449
v -2264.6253 -1143.0237 285.8382
f 15109 15110 15111
v -2265.4490 -1140.3145 285.8384
v -2264.6253 -1143.0237 285.8382
v -2265.2949 -1140.2720 285.8384
f 15112 15113 15114
v -2264.7103 -1143.0475 285.8381
v -2264.6253 -1143.0237 285.8382
v -2265.4490 -1140.3145 285.8384
f 15115 15116 15117
v -2262.8294 -1149.3985 285.8377
v -2261.8878 -1152.8840 285.8374
v -2245.8668 -1148.3710 285.8438
f 15118 15119 15120
v -2264.6253 -1143.0237 285.8382
v -2262.8294 -1149.3985 285.8377
v -2247.1981 -1143.6455 285.8442
f 15121 15122 15123
v -2264.6253 -1143.0237 285.8382
v -2249.2993 -1135.9080 285.8449
v -2265.2949 -1140.2720 285.8384
f 15124 15125 15126
v -2251.0808 -1129.2882 266.1702
v -2251.0875 -1129.2912 285.8454
v -2250.9324 -1129.2496 285.8455
f 15127 15128 15129
v -2249.2926 -1135.9049 266.1697
v -2249.2993 -1135.9080 285.8449
v -2251.0875 -1129.2912 285.8454
f 15130 15131 15132
v -2264.7036 -1143.0444 266.1628
v -2264.7103 -1143.0475 285.8381
v -2265.4490 -1140.3145 285.8384
f 15133 15134 15135
v -2264.6185 -1143.0207 266.1629
v -2264.6253 -1143.0237 285.8382
v -2264.7103 -1143.0475 285.8381
f 15136 15137 15138
v -2262.8226 -1149.3954 266.1624
v -2262.8294 -1149.3985 285.8377
v -2264.6253 -1143.0237 285.8382
f 15139 15140 15141
v -2261.8810 -1152.8809 266.1621
v -2261.8878 -1152.8840 285.8374
v -2262.8294 -1149.3985 285.8377
f 15142 15143 15144
v -2245.8601 -1148.3680 266.1685
v -2245.8668 -1148.3710 285.8438
v -2261.8878 -1152.8840 285.8374
f 15145 15146 15147
v -2247.1914 -1143.6425 266.1690
v -2247.1981 -1143.6455 285.8442
v -2245.8668 -1148.3710 285.8438
f 15148 15149 15150
v -2247.0473 -1143.6018 266.1691
v -2247.0540 -1143.6049 285.8443
v -2247.1981 -1143.6455 285.8442
f 15151 15152 15153
v -2250.9257 -1129.2466 266.1703
v -2250.9324 -1129.2496 285.8455
v -2247.0540 -1143.6049 285.8443
f 15154 15155 15156
v -2262.8226 -1149.3954 266.1624
v -2247.1914 -1143.6425 266.1690
v -2245.8601 -1148.3680 266.1685
f 15157 15158 15159
v -2249.2926 -1135.9049 266.1697
v -2247.0473 -1143.6018 266.1691
v -2247.1914 -1143.6425 266.1690
f 15160 15161 15162
v -2251.0808 -1129.2882 266.1702
v -2250.9257 -1129.2466 266.1703
v -2249.2926 -1135.9049 266.1697
f 15163 15164 15165
v -2247.0473 -1143.6018 266.1691
v -2249.2926 -1135.9049 266.1697
v -2250.9257 -1129.2466 266.1703
f 15166 15167 15168
v -2249.2926 -1135.9049 266.1697
v -2247.1914 -1143.6425 266.1690
v -2264.6185 -1143.0207 266.1629
f 15169 15170 15171
v -2262.8226 -1149.3954 266.1624
v -2264.6185 -1143.0207 266.1629
v -2247.1914 -1143.6425 266.1690
f 15172 15173 15174
v -2249.2926 -1135.9049 266.1697
v -2264.6185 -1143.0207 266.1629
v -2265.2881 -1140.2689 266.1631
f 15175 15176 15177
v -2265.2881 -1140.2689 266.1631
v -2264.6185 -1143.0207 266.1629
v -2265.4422 -1140.3115 266.1631
f 15178 15179 15180
v -2264.7036 -1143.0444 266.1628
v -2265.4422 -1140.3115 266.1631
v -2264.6185 -1143.0207 266.1629
f 15181 15182 15183
v -2261.8810 -1152.8809 266.1621
v -2262.8226 -1149.3954 266.1624
v -2245.8601 -1148.3680 266.1685
f 15184 15185 15186
v -2265.2881 -1140.2689 266.1631
v -2265.4422 -1140.3115 266.1631
v -2265.4490 -1140.3145 285.8384
f 15187 15188 15189
v -2265.2949 -1140.2720 285.8384
v -2249.2993 -1135.9080 285.8449
v -2249.2926 -1135.9049 266.1697
f 15190 15191 15192
v -2251.0808 -1129.2882 266.1702
v -2250.9324 -1129.2496 285.8455
v -2250.9257 -1129.2466 266.1703
f 15193 15194 15195
v -2249.2926 -1135.9049 266.1697
v -2251.0875 -1129.2912 285.8454
v -2251.0808 -1129.2882 266.1702
f 15196 15197 15198
v -2264.7036 -1143.0444 266.1628
v -2265.4490 -1140.3145 285.8384
v -2265.4422 -1140.3115 266.1631
f 15199 15200 15201
v -2264.6185 -1143.0207 266.1629
v -2264.7103 -1143.0475 285.8381
v -2264.7036 -1143.0444 266.1628
f 15202 15203 15204
v -2262.8226 -1149.3954 266.1624
v -2264.6253 -1143.0237 285.8382
v -2264.6185 -1143.0207 266.1629
f 15205 15206 15207
v -2261.8810 -1152.8809 266.1621
v -2262.8294 -1149.3985 285.8377
v -2262.8226 -1149.3954 266.1624
f 15208 15209 15210
v -2245.8601 -1148.3680 266.1685
v -2261.8878 -1152.8840 285.8374
v -2261.8810 -1152.8809 266.1621
f 15211 15212 15213
v -2247.1914 -1143.6425 266.1690
v -2245.8668 -1148.3710 285.8438
v -2245.8601 -1148.3680 266.1685
f 15214 15215 15216
v -2247.0473 -1143.6018 266.1691
v -2247.1981 -1143.6455 285.8442
v -2247.1914 -1143.6425 266.1690
f 15217 15218 15219
v -2250.9257 -1129.2466 266.1703
v -2247.0540 -1143.6049 285.8443
v -2247.0473 -1143.6018 266.1691
f 15220 15221 15222
v -2265.2881 -1140.2689 266.1631
v -2265.4490 -1140.3145 285.8384
v -2265.2949 -1140.2720 285.8384
f 15223 15224 15225
v -2265.2949 -1140.2720 285.8384
v -2249.2926 -1135.9049 266.1697
v -2265.2881 -1140.2689 266.1631
f 15226 15227 15228

g building_ID_A418D9BE-EF02-458F-81C0-A9A029B5D510
v -2244.4758 -1127.5109 285.8480
v -2250.9324 -1129.2496 285.8455
v -2247.0540 -1143.6049 285.8443
f 15229 15230 15231
v -2234.9272 -1124.9976 285.8518
v -2244.4758 -1127.5109 285.8480
v -2230.9620 -1139.0721 285.8507
f 15232 15233 15234
v -2247.0540 -1143.6049 285.8443
v -2230.9620 -1139.0721 285.8507
v -2244.4758 -1127.5109 285.8480
f 15235 15236 15237
v -2244.4691 -1127.5079 266.1728
v -2244.4758 -1127.5109 285.8480
v -2234.9272 -1124.9976 285.8518
f 15238 15239 15240
v -2250.9257 -1129.2466 266.1703
v -2250.9324 -1129.2496 285.8455
v -2244.4758 -1127.5109 285.8480
f 15241 15242 15243
v -2247.0473 -1143.6018 266.1691
v -2247.0540 -1143.6049 285.8443
v -2250.9324 -1129.2496 285.8455
f 15244 15245 15246
v -2230.9553 -1139.0690 266.1755
v -2230.9620 -1139.0721 285.8507
v -2247.0540 -1143.6049 285.8443
f 15247 15248 15249
v -2234.9205 -1124.9946 266.1766
v -2234.9272 -1124.9976 285.8518
v -2230.9620 -1139.0721 285.8507
f 15250 15251 15252
v -2244.4691 -1127.5079 266.1728
v -2234.9205 -1124.9946 266.1766
v -2230.9553 -1139.0690 266.1755
f 15253 15254 15255
v -2250.9257 -1129.2466 266.1703
v -2244.4691 -1127.5079 266.1728
v -2247.0473 -1143.6018 266.1691
f 15256 15257 15258
v -2230.9553 -1139.0690 266.1755
v -2247.0473 -1143.6018 266.1691
v -2244.4691 -1127.5079 266.1728
f 15259 15260 15261
v -2244.4691 -1127.5079 266.1728
v -2234.9272 -1124.9976 285.8518
v -2234.9205 -1124.9946 266.1766
f 15262 15263 15264
v -2250.9257 -1129.2466 266.1703
v -2244.4758 -1127.5109 285.8480
v -2244.4691 -1127.5079 266.1728
f 15265 15266 15267
v -2247.0473 -1143.6018 266.1691
v -2250.9324 -1129.2496 285.8455
v -2250.9257 -1129.2466 266.1703
f 15268 15269 15270
v -2230.9553 -1139.0690 266.1755
v -2247.0540 -1143.6049 285.8443
v -2247.0473 -1143.6018 266.1691
f 15271 15272 15273
v -2234.9205 -1124.9946 266.1766
v -2230.9620 -1139.0721 285.8507
v -2230.9553 -1139.0690 266.1755
f 15274 15275 15276

g building_ID_DB8B272A-078E-44DB-9BAF-69E45645C08A
v -2217.2538 -1103.2437 282.4740
v -2212.5596 -1101.6683 282.4759
v -2217.3280 -1102.9695 282.4740
f 15277 15278 15279
v -2217.2538 -1103.2437 282.4740
v -2211.0485 -1101.2814 282.4765
v -2212.5596 -1101.6683 282.4759
f 15280 15281 15282
v -2211.9332 -1097.8081 282.4768
v -2201.7660 -1092.8304 282.4811
v -2213.2014 -1093.0497 282.4772
f 15283 15284 15285
v -2211.0485 -1101.2814 282.4765
v -2217.2538 -1103.2437 282.4740
v -2202.6512 -1099.2720 282.4797
f 15286 15287 15288
v -2213.2014 -1093.0497 282.4772
v -2213.5013 -1098.2089 282.4762
v -2211.9332 -1097.8081 282.4768
f 15289 15290 15291
v -2213.5013 -1098.2089 282.4762
v -2213.2014 -1093.0497 282.4772
v -2214.7946 -1093.4554 282.4765
f 15292 15293 15294
v -2212.6909 -1086.8642 282.4784
v -2214.6413 -1087.3949 282.4776
v -2213.2014 -1093.0497 282.4772
f 15295 15296 15297
v -2214.6238 -1079.7590 282.4789
v -2212.6909 -1086.8642 282.4784
v -2213.1288 -1079.3790 282.4795
f 15298 15299 15300
v -2212.6909 -1086.8642 282.4784
v -2203.9592 -1084.7306 282.4818
v -2213.1288 -1079.3790 282.4795
f 15301 15302 15303
v -2214.5378 -1073.8393 282.4801
v -2213.1288 -1079.3790 282.4795
v -2202.3047 -1074.1102 282.4842
f 15304 15305 15306
v -2203.0627 -1088.2530 282.4815
v -2212.6909 -1086.8642 282.4784
v -2213.2014 -1093.0497 282.4772
f 15307 15308 15309
v -2211.0485 -1101.2814 282.4765
v -2202.6512 -1099.2720 282.4797
v -2211.9332 -1097.8081 282.4768
f 15310 15311 15312
v -2203.0627 -1088.2530 282.4815
v -2213.2014 -1093.0497 282.4772
v -2201.7660 -1092.8304 282.4811
f 15313 15314 15315
v -2200.2895 -1098.6343 282.4807
v -2201.7660 -1092.8304 282.4811
v -2202.6512 -1099.2720 282.4797
f 15316 15317 15318
v -2212.6909 -1086.8642 282.4784
v -2203.0627 -1088.2530 282.4815
v -2203.9592 -1084.7306 282.4818
f 15319 15320 15321
v -2201.2234 -1087.7859 282.4822
v -2201.7660 -1092.8304 282.4811
v -2200.0508 -1092.3940 282.4818
f 15322 15323 15324
v -2203.0627 -1088.2530 282.4815
v -2201.7660 -1092.8304 282.4811
v -2201.2234 -1087.7859 282.4822
f 15325 15326 15327
v -2213.1288 -1079.3790 282.4795
v -2201.3794 -1077.7466 282.4839
v -2202.3047 -1074.1102 282.4842
f 15328 15329 15330
v -2198.1663 -1083.2571 282.4840
v -2201.3794 -1077.7466 282.4839
v -2203.9592 -1084.7306 282.4818
f 15331 15332 15333
v -2203.9592 -1084.7306 282.4818
v -2201.3794 -1077.7466 282.4839
v -2213.1288 -1079.3790 282.4795
f 15334 15335 15336
v -2201.3794 -1077.7466 282.4839
v -2198.1663 -1083.2571 282.4840
v -2199.6793 -1077.3131 282.4846
f 15337 15338 15339
v -2202.3047 -1074.1102 282.4842
v -2200.6046 -1073.6777 282.4849
v -2201.4684 -1070.2795 282.4852
f 15340 15341 15342
v -2214.5378 -1073.8393 282.4801
v -2202.3047 -1074.1102 282.4842
v -2201.4684 -1070.2795 282.4852
f 15343 15344 15345
v -2201.7660 -1092.8304 282.4811
v -2211.9332 -1097.8081 282.4768
v -2202.6512 -1099.2720 282.4797
f 15346 15347 15348
v -2214.5322 -1073.8369 265.5867
v -2214.5378 -1073.8393 282.4801
v -2201.4684 -1070.2795 282.4852
f 15349 15350 15351
v -2214.5100 -1073.9503 282.0541
v -2213.1286 -1079.3790 282.0536
v -2213.1288 -1079.3790 282.4795
f 15352 15353 15354
v -2214.5052 -1073.9482 267.7896
v -2213.1231 -1079.3766 265.5862
v -2213.1238 -1079.3769 267.7891
f 15355 15356 15357
v -2214.5052 -1073.9482 267.7896
v -2214.5100 -1073.9503 282.0541
v -2214.5378 -1073.8393 282.4801
f 15358 15359 15360
v -2213.1288 -1079.3790 282.4795
v -2214.5378 -1073.8393 282.4801
v -2214.5100 -1073.9503 282.0541
f 15361 15362 15363
v -2213.1231 -1079.3766 265.5862
v -2214.5052 -1073.9482 267.7896
v -2214.5322 -1073.8369 265.5867
f 15364 15365 15366
v -2214.6181 -1079.7566 265.5856
v -2214.6188 -1079.7568 267.7885
v -2213.1238 -1079.3769 267.7891
f 15367 15368 15369
v -2214.6356 -1087.3925 265.5843
v -2214.6413 -1087.3949 282.4776
v -2212.6909 -1086.8642 282.4784
f 15370 15371 15372
v -2214.6282 -1087.4439 282.0516
v -2213.2013 -1093.0496 282.0512
v -2213.2014 -1093.0497 282.4772
f 15373 15374 15375
v -2213.1963 -1093.0474 267.0648
v -2214.6232 -1087.4417 267.0652
v -2213.1958 -1093.0473 265.5839
f 15376 15377 15378
v -2214.6232 -1087.4417 267.0652
v -2214.6282 -1087.4439 282.0516
v -2214.6413 -1087.3949 282.4776
f 15379 15380 15381
v -2213.2014 -1093.0497 282.4772
v -2214.6413 -1087.3949 282.4776
v -2214.6282 -1087.4439 282.0516
f 15382 15383 15384
v -2214.7888 -1093.4529 265.5832
v -2214.7894 -1093.4532 267.0641
v -2213.1963 -1093.0474 267.0648
f 15385 15386 15387
v -2211.9276 -1097.8056 265.5835
v -2211.9281 -1097.8057 267.0644
v -2213.4961 -1098.2065 267.0638
f 15388 15389 15390
v -2211.0429 -1101.2789 265.5832
v -2211.0434 -1101.2791 267.0641
v -2211.9281 -1097.8057 267.0644
f 15391 15392 15393
v -2212.5539 -1101.6658 265.5826
v -2212.5544 -1101.6661 267.0635
v -2211.0434 -1101.2791 267.0641
f 15394 15395 15396
v -2217.3224 -1102.9670 265.5807
v -2217.3280 -1102.9695 282.4740
v -2212.5544 -1101.6661 267.0635
f 15397 15398 15399
v -2212.5596 -1101.6683 282.4759
v -2212.5595 -1101.6682 282.0499
v -2217.3280 -1102.9695 282.4740
f 15400 15401 15402
v -2217.3224 -1102.9670 265.5807
v -2212.5544 -1101.6661 267.0635
v -2212.5539 -1101.6658 265.5826
f 15403 15404 15405
v -2217.2481 -1103.2412 265.5807
v -2217.2538 -1103.2437 282.4740
v -2217.3280 -1102.9695 282.4740
f 15406 15407 15408
v -2201.7603 -1092.8279 265.5878
v -2201.7603 -1092.8279 265.6198
v -2200.2839 -1098.6319 265.6194
f 15409 15410 15411
v -2200.0452 -1092.3916 265.5885
v -2200.0452 -1092.3916 265.6205
v -2201.7603 -1092.8279 265.6198
f 15412 15413 15414
v -2203.0571 -1088.2505 265.5882
v -2203.0571 -1088.2505 265.6202
v -2201.2178 -1087.7835 265.6209
f 15415 15416 15417
v -2203.9536 -1084.7282 265.5885
v -2203.9536 -1084.7282 265.6205
v -2203.0571 -1088.2505 265.6202
f 15418 15419 15420
v -2198.1607 -1083.2547 265.5907
v -2198.1663 -1083.2571 282.4840
v -2202.1198 -1084.2625 282.0566
f 15421 15422 15423
v -2203.9592 -1084.7306 282.4818
v -2202.1198 -1084.2625 282.0566
v -2198.1663 -1083.2571 282.4840
f 15424 15425 15426
v -2203.9536 -1084.7282 265.5885
v -2198.1607 -1083.2547 265.5907
v -2202.1144 -1084.2601 265.6212
f 15427 15428 15429
v -2202.1198 -1084.2625 282.0566
v -2202.1144 -1084.2601 265.6212
v -2198.1607 -1083.2547 265.5907
f 15430 15431 15432
v -2202.1198 -1084.2625 282.0566
v -2203.9592 -1084.7306 282.4818
v -2203.9591 -1084.7305 282.0559
f 15433 15434 15435
v -2202.1144 -1084.2601 265.6212
v -2203.9536 -1084.7282 265.6205
v -2203.9536 -1084.7282 265.5885
f 15436 15437 15438
v -2201.3738 -1077.7441 265.5905
v -2201.3740 -1077.7442 265.9175
v -2199.6738 -1077.3107 265.9182
f 15439 15440 15441
v -2202.2991 -1074.1077 265.5908
v -2202.2992 -1074.1077 265.9178
v -2201.3740 -1077.7442 265.9175
f 15442 15443 15444
v -2200.5989 -1073.6752 265.5915
v -2200.5990 -1073.6753 265.9185
v -2202.2992 -1074.1077 265.9178
f 15445 15446 15447
v -2201.7603 -1092.8279 265.5878
v -2201.2178 -1087.7835 265.5889
v -2200.0452 -1092.3916 265.5885
f 15448 15449 15450
v -2203.0571 -1088.2505 265.5882
v -2201.2178 -1087.7835 265.5889
v -2201.7603 -1092.8279 265.5878
f 15451 15452 15453
v -2213.1958 -1093.0473 265.5839
v -2203.0571 -1088.2505 265.5882
v -2201.7603 -1092.8279 265.5878
f 15454 15455 15456
v -2200.2839 -1098.6319 265.5874
v -2202.6456 -1099.2695 265.5864
v -2201.7603 -1092.8279 265.5878
f 15457 15458 15459
v -2212.6852 -1086.8616 265.5851
v -2203.9536 -1084.7282 265.5885
v -2203.0571 -1088.2505 265.5882
f 15460 15461 15462
v -2202.2991 -1074.1077 265.5908
v -2201.4628 -1070.2770 265.5918
v -2200.5989 -1073.6752 265.5915
f 15463 15464 15465
v -2201.3738 -1077.7441 265.5905
v -2198.1607 -1083.2547 265.5907
v -2203.9536 -1084.7282 265.5885
f 15466 15467 15468
v -2201.3738 -1077.7441 265.5905
v -2213.1231 -1079.3766 265.5862
v -2202.2991 -1074.1077 265.5908
f 15469 15470 15471
v -2213.1231 -1079.3766 265.5862
v -2201.3738 -1077.7441 265.5905
v -2203.9536 -1084.7282 265.5885
f 15472 15473 15474
v -2198.1607 -1083.2547 265.5907
v -2201.3738 -1077.7441 265.5905
v -2199.6737 -1077.3107 265.5912
f 15475 15476 15477
v -2214.5322 -1073.8369 265.5867
v -2201.4628 -1070.2770 265.5918
v -2202.2991 -1074.1077 265.5908
f 15478 15479 15480
v -2202.6456 -1099.2695 265.5864
v -2211.9276 -1097.8056 265.5835
v -2201.7603 -1092.8279 265.5878
f 15481 15482 15483
v -2211.9276 -1097.8056 265.5835
v -2213.1958 -1093.0473 265.5839
v -2201.7603 -1092.8279 265.5878
f 15484 15485 15486
v -2217.2481 -1103.2412 265.5807
v -2212.5539 -1101.6658 265.5826
v -2211.0429 -1101.2789 265.5832
f 15487 15488 15489
v -2217.2481 -1103.2412 265.5807
v -2217.3224 -1102.9670 265.5807
v -2212.5539 -1101.6658 265.5826
f 15490 15491 15492
v -2217.2481 -1103.2412 265.5807
v -2211.0429 -1101.2789 265.5832
v -2202.6456 -1099.2695 265.5864
f 15493 15494 15495
v -2213.1958 -1093.0473 265.5839
v -2211.9276 -1097.8056 265.5835
v -2213.4956 -1098.2064 265.5829
f 15496 15497 15498
v -2202.2991 -1074.1077 265.5908
v -2213.1231 -1079.3766 265.5862
v -2214.5322 -1073.8369 265.5867
f 15499 15500 15501
v -2212.6852 -1086.8616 265.5851
v -2213.1231 -1079.3766 265.5862
v -2203.9536 -1084.7282 265.5885
f 15502 15503 15504
v -2212.6852 -1086.8616 265.5851
v -2214.6181 -1079.7566 265.5856
v -2213.1231 -1079.3766 265.5862
f 15505 15506 15507
v -2213.4956 -1098.2064 265.5829
v -2214.7888 -1093.4529 265.5832
v -2213.1958 -1093.0473 265.5839
f 15508 15509 15510
v -2213.1958 -1093.0473 265.5839
v -2214.6356 -1087.3925 265.5843
v -2212.6852 -1086.8616 265.5851
f 15511 15512 15513
v -2212.6852 -1086.8616 265.5851
v -2203.0571 -1088.2505 265.5882
v -2213.1958 -1093.0473 265.5839
f 15514 15515 15516
v -2211.9276 -1097.8056 265.5835
v -2202.6456 -1099.2695 265.5864
v -2211.0429 -1101.2789 265.5832
f 15517 15518 15519
v -2199.6996 -1098.5013 265.6196
v -2199.7050 -1098.5038 282.0549
v -2199.7120 -1098.4778 282.0549
f 15520 15521 15522
v -2198.5638 -1098.2125 265.6200
v -2198.5693 -1098.2149 282.0553
v -2199.7050 -1098.5038 282.0549
f 15523 15524 15525
v -2201.7658 -1092.8304 282.0551
v -2201.7660 -1092.8304 282.4811
v -2200.2895 -1098.6343 282.4807
f 15526 15527 15528
v -2200.0507 -1092.3939 282.0558
v -2200.0508 -1092.3940 282.4818
v -2201.7660 -1092.8304 282.4811
f 15529 15530 15531
v -2203.0625 -1088.2529 282.0556
v -2203.0627 -1088.2530 282.4815
v -2201.2233 -1087.7858 282.0563
f 15532 15533 15534
v -2203.9591 -1084.7305 282.0559
v -2203.9592 -1084.7306 282.4818
v -2203.0627 -1088.2530 282.4815
f 15535 15536 15537
v -2200.2894 -1098.6343 282.0547
v -2201.3962 -1098.9333 282.0542
v -2201.2881 -1098.9056 282.0543
f 15538 15539 15540
v -2202.1198 -1084.2625 282.0566
v -2203.0625 -1088.2529 282.0556
v -2201.2233 -1087.7858 282.0563
f 15541 15542 15543
v -2203.0625 -1088.2529 282.0556
v -2202.1198 -1084.2625 282.0566
v -2203.9591 -1084.7305 282.0559
f 15544 15545 15546
v -2198.5693 -1098.2149 282.0553
v -2199.7120 -1098.4778 282.0549
v -2199.7050 -1098.5038 282.0549
f 15547 15548 15549
v -2201.7658 -1092.8304 282.0551
v -2199.7120 -1098.4778 282.0549
v -2200.0507 -1092.3939 282.0558
f 15550 15551 15552
v -2198.5693 -1098.2149 282.0553
v -2200.0507 -1092.3939 282.0558
v -2199.7120 -1098.4778 282.0549
f 15553 15554 15555
v -2200.2894 -1098.6343 282.0547
v -2199.7120 -1098.4778 282.0549
v -2201.7658 -1092.8304 282.0551
f 15556 15557 15558
v -2200.2839 -1098.6319 265.6194
v -2199.7065 -1098.4753 265.6196
v -2199.7120 -1098.4778 282.0549
f 15559 15560 15561
v -2200.2894 -1098.6343 282.0547
v -2201.2881 -1098.9056 282.0543
v -2201.2826 -1098.9031 265.6190
f 15562 15563 15564
v -2201.2826 -1098.9031 265.6190
v -2201.2881 -1098.9056 282.0543
v -2201.3962 -1098.9333 282.0542
f 15565 15566 15567
v -2199.7065 -1098.4753 265.6196
v -2201.7603 -1092.8279 265.6198
v -2200.0452 -1092.3916 265.6205
f 15568 15569 15570
v -2198.5638 -1098.2125 265.6200
v -2199.7065 -1098.4753 265.6196
v -2200.0452 -1092.3916 265.6205
f 15571 15572 15573
v -2200.2839 -1098.6319 265.6194
v -2201.7603 -1092.8279 265.6198
v -2199.7065 -1098.4753 265.6196
f 15574 15575 15576
v -2198.5638 -1098.2125 265.6200
v -2199.6996 -1098.5013 265.6196
v -2199.7065 -1098.4753 265.6196
f 15577 15578 15579
v -2203.0571 -1088.2505 265.6202
v -2203.9536 -1084.7282 265.6205
v -2202.1144 -1084.2601 265.6212
f 15580 15581 15582
v -2202.1144 -1084.2601 265.6212
v -2201.2178 -1087.7835 265.6209
v -2203.0571 -1088.2505 265.6202
f 15583 15584 15585
v -2201.3907 -1098.9309 265.6189
v -2200.2839 -1098.6319 265.6194
v -2201.2826 -1098.9031 265.6190
f 15586 15587 15588
v -2214.7944 -1093.4554 282.0505
v -2214.7946 -1093.4554 282.4765
v -2213.2013 -1093.0496 282.0512
f 15589 15590 15591
v -2211.9331 -1097.8080 282.0508
v -2211.9332 -1097.8081 282.4768
v -2213.5013 -1098.2089 282.4762
f 15592 15593 15594
v -2211.0484 -1101.2813 282.0505
v -2211.0485 -1101.2814 282.4765
v -2211.9332 -1097.8081 282.4768
f 15595 15596 15597
v -2212.5595 -1101.6682 282.0499
v -2212.5596 -1101.6683 282.4759
v -2211.0484 -1101.2813 282.0505
f 15598 15599 15600
v -2211.9331 -1097.8080 282.0508
v -2212.5595 -1101.6682 282.0499
v -2211.0484 -1101.2813 282.0505
f 15601 15602 15603
v -2212.5595 -1101.6682 282.0499
v -2211.9331 -1097.8080 282.0508
v -2213.5012 -1098.2088 282.0502
f 15604 15605 15606
v -2214.6282 -1087.4439 282.0516
v -2214.7944 -1093.4554 282.0505
v -2213.2013 -1093.0496 282.0512
f 15607 15608 15609
v -2214.7944 -1093.4554 282.0505
v -2214.6282 -1087.4439 282.0516
v -2216.3134 -1087.8723 282.0510
f 15610 15611 15612
v -2216.3084 -1087.8702 267.0646
v -2216.3134 -1087.8723 282.0510
v -2214.6282 -1087.4439 282.0516
f 15613 15614 15615
v -2214.7894 -1093.4532 267.0641
v -2216.3084 -1087.8702 267.0646
v -2214.6232 -1087.4417 267.0652
f 15616 15617 15618
v -2214.6232 -1087.4417 267.0652
v -2213.1963 -1093.0474 267.0648
v -2214.7894 -1093.4532 267.0641
f 15619 15620 15621
v -2212.5544 -1101.6661 267.0635
v -2213.4961 -1098.2065 267.0638
v -2211.9281 -1097.8057 267.0644
f 15622 15623 15624
v -2211.9281 -1097.8057 267.0644
v -2211.0434 -1101.2791 267.0641
v -2212.5544 -1101.6661 267.0635
f 15625 15626 15627
v -2215.0367 -1078.2238 267.7886
v -2215.0415 -1078.2259 282.0531
v -2216.0310 -1074.3372 282.0535
f 15628 15629 15630
v -2214.6236 -1079.7589 282.0530
v -2214.6238 -1079.7590 282.4789
v -2213.1286 -1079.3790 282.0536
f 15631 15632 15633
v -2215.0415 -1078.2259 282.0531
v -2214.6236 -1079.7589 282.0530
v -2213.1286 -1079.3790 282.0536
f 15634 15635 15636
v -2216.0310 -1074.3372 282.0535
v -2215.0415 -1078.2259 282.0531
v -2214.5100 -1073.9503 282.0541
f 15637 15638 15639
v -2213.1286 -1079.3790 282.0536
v -2214.5100 -1073.9503 282.0541
v -2215.0415 -1078.2259 282.0531
f 15640 15641 15642
v -2216.0263 -1074.3351 267.7890
v -2216.0310 -1074.3372 282.0535
v -2214.5100 -1073.9503 282.0541
f 15643 15644 15645
v -2215.0367 -1078.2238 267.7886
v -2216.0263 -1074.3351 267.7890
v -2214.5052 -1073.9482 267.7896
f 15646 15647 15648
v -2214.6188 -1079.7568 267.7885
v -2215.0367 -1078.2238 267.7886
v -2213.1238 -1079.3769 267.7891
f 15649 15650 15651
v -2214.5052 -1073.9482 267.7896
v -2213.1238 -1079.3769 267.7891
v -2215.0367 -1078.2238 267.7886
f 15652 15653 15654
v -2201.3794 -1077.7466 282.1999
v -2201.3794 -1077.7466 282.4839
v -2199.6793 -1077.3131 282.4846
f 15655 15656 15657
v -2202.3046 -1074.1101 282.2002
v -2202.3047 -1074.1102 282.4842
v -2201.3794 -1077.7466 282.4839
f 15658 15659 15660
v -2200.6045 -1073.6777 282.2009
v -2200.6046 -1073.6777 282.4849
v -2202.3047 -1074.1102 282.4842
f 15661 15662 15663
v -2202.3046 -1074.1101 282.2002
v -2201.3794 -1077.7466 282.1999
v -2199.6793 -1077.3132 282.2006
f 15664 15665 15666
v -2199.6793 -1077.3132 282.2006
v -2200.6045 -1073.6777 282.2009
v -2202.3046 -1074.1101 282.2002
f 15667 15668 15669
v -2199.6738 -1077.3107 265.9182
v -2202.2992 -1074.1077 265.9178
v -2200.5990 -1073.6753 265.9185
f 15670 15671 15672
v -2202.2992 -1074.1077 265.9178
v -2199.6738 -1077.3107 265.9182
v -2201.3740 -1077.7442 265.9175
f 15673 15674 15675
v -2214.6236 -1079.7589 282.0530
v -2212.6909 -1086.8642 282.4784
v -2214.6238 -1079.7590 282.4789
f 15676 15677 15678
v -2214.6236 -1079.7589 282.0530
v -2214.6188 -1079.7568 267.7885
v -2212.6909 -1086.8642 282.4784
f 15679 15680 15681
v -2212.6852 -1086.8616 265.5851
v -2212.6909 -1086.8642 282.4784
v -2214.6188 -1079.7568 267.7885
f 15682 15683 15684
v -2215.0367 -1078.2238 267.7886
v -2214.6188 -1079.7568 267.7885
v -2215.0415 -1078.2259 282.0531
f 15685 15686 15687
v -2214.6236 -1079.7589 282.0530
v -2215.0415 -1078.2259 282.0531
v -2214.6188 -1079.7568 267.7885
f 15688 15689 15690
v -2212.6852 -1086.8616 265.5851
v -2214.6188 -1079.7568 267.7885
v -2214.6181 -1079.7566 265.5856
f 15691 15692 15693
v -2200.2839 -1098.6319 265.5874
v -2200.2839 -1098.6319 265.6194
v -2201.3907 -1098.9309 265.6189
f 15694 15695 15696
v -2202.6456 -1099.2695 265.5864
v -2200.2839 -1098.6319 265.5874
v -2201.3907 -1098.9309 265.6189
f 15697 15698 15699
v -2201.3962 -1098.9333 282.0542
v -2200.2894 -1098.6343 282.0547
v -2200.2895 -1098.6343 282.4807
f 15700 15701 15702
v -2202.6512 -1099.2720 282.4797
v -2217.2538 -1103.2437 282.4740
v -2217.2481 -1103.2412 265.5807
f 15703 15704 15705
v -2201.3962 -1098.9333 282.0542
v -2202.6512 -1099.2720 282.4797
v -2202.6456 -1099.2695 265.5864
f 15706 15707 15708
v -2201.3907 -1098.9309 265.6189
v -2201.3962 -1098.9333 282.0542
v -2202.6456 -1099.2695 265.5864
f 15709 15710 15711
v -2200.2895 -1098.6343 282.4807
v -2202.6512 -1099.2720 282.4797
v -2201.3962 -1098.9333 282.0542
f 15712 15713 15714
v -2200.0508 -1092.3940 282.4818
v -2201.2233 -1087.7858 282.0563
v -2201.2234 -1087.7859 282.4822
f 15715 15716 15717
v -2202.1144 -1084.2601 265.6212
v -2202.1198 -1084.2625 282.0566
v -2201.2233 -1087.7858 282.0563
f 15718 15719 15720
v -2201.2233 -1087.7858 282.0563
v -2201.2178 -1087.7835 265.6209
v -2202.1144 -1084.2601 265.6212
f 15721 15722 15723
v -2201.2178 -1087.7835 265.5889
v -2201.2178 -1087.7835 265.6209
v -2200.0452 -1092.3916 265.6205
f 15724 15725 15726
v -2200.0452 -1092.3916 265.6205
v -2201.2178 -1087.7835 265.6209
v -2201.2233 -1087.7858 282.0563
f 15727 15728 15729
v -2198.5693 -1098.2149 282.0553
v -2198.5638 -1098.2125 265.6200
v -2200.0452 -1092.3916 265.6205
f 15730 15731 15732
v -2201.2233 -1087.7858 282.0563
v -2200.0507 -1092.3939 282.0558
v -2200.0452 -1092.3916 265.6205
f 15733 15734 15735
v -2200.0507 -1092.3939 282.0558
v -2201.2233 -1087.7858 282.0563
v -2200.0508 -1092.3940 282.4818
f 15736 15737 15738
v -2214.7944 -1093.4554 282.0505
v -2213.4961 -1098.2065 267.0638
v -2213.5012 -1098.2088 282.0502
f 15739 15740 15741
v -2213.4961 -1098.2065 267.0638
v -2212.5595 -1101.6682 282.0499
v -2213.5012 -1098.2088 282.0502
f 15742 15743 15744
v -2212.5595 -1101.6682 282.0499
v -2213.4961 -1098.2065 267.0638
v -2212.5544 -1101.6661 267.0635
f 15745 15746 15747
v -2213.4956 -1098.2064 265.5829
v -2213.4961 -1098.2065 267.0638
v -2214.7894 -1093.4532 267.0641
f 15748 15749 15750
v -2213.5013 -1098.2089 282.4762
v -2214.7944 -1093.4554 282.0505
v -2213.5012 -1098.2088 282.0502
f 15751 15752 15753
v -2216.3134 -1087.8723 282.0510
v -2216.3084 -1087.8702 267.0646
v -2214.7894 -1093.4532 267.0641
f 15754 15755 15756
v -2213.5013 -1098.2089 282.4762
v -2214.7946 -1093.4554 282.4765
v -2214.7944 -1093.4554 282.0505
f 15757 15758 15759
v -2213.4961 -1098.2065 267.0638
v -2214.7944 -1093.4554 282.0505
v -2214.7894 -1093.4532 267.0641
f 15760 15761 15762
v -2200.6045 -1073.6777 282.2009
v -2201.4684 -1070.2795 282.4852
v -2200.6046 -1073.6777 282.4849
f 15763 15764 15765
v -2200.5990 -1073.6753 265.9185
v -2201.4684 -1070.2795 282.4852
v -2200.6045 -1073.6777 282.2009
f 15766 15767 15768
v -2200.5989 -1073.6752 265.5915
v -2201.4628 -1070.2770 265.5918
v -2200.5990 -1073.6753 265.9185
f 15769 15770 15771
v -2201.4684 -1070.2795 282.4852
v -2200.5990 -1073.6753 265.9185
v -2201.4628 -1070.2770 265.5918
f 15772 15773 15774
v -2199.6793 -1077.3132 282.2006
v -2200.5990 -1073.6753 265.9185
v -2200.6045 -1073.6777 282.2009
f 15775 15776 15777
v -2198.1663 -1083.2571 282.4840
v -2199.6793 -1077.3132 282.2006
v -2199.6793 -1077.3131 282.4846
f 15778 15779 15780
v -2199.6738 -1077.3107 265.9182
v -2199.6793 -1077.3132 282.2006
v -2198.1663 -1083.2571 282.4840
f 15781 15782 15783
v -2199.6737 -1077.3107 265.5912
v -2199.6738 -1077.3107 265.9182
v -2198.1607 -1083.2547 265.5907
f 15784 15785 15786
v -2198.1663 -1083.2571 282.4840
v -2198.1607 -1083.2547 265.5907
v -2199.6738 -1077.3107 265.9182
f 15787 15788 15789
v -2199.6793 -1077.3132 282.2006
v -2199.6738 -1077.3107 265.9182
v -2200.5990 -1073.6753 265.9185
f 15790 15791 15792
v -2214.5322 -1073.8369 265.5867
v -2201.4684 -1070.2795 282.4852
v -2201.4628 -1070.2770 265.5918
f 15793 15794 15795
v -2214.5052 -1073.9482 267.7896
v -2214.5378 -1073.8393 282.4801
v -2214.5322 -1073.8369 265.5867
f 15796 15797 15798
v -2214.6181 -1079.7566 265.5856
v -2213.1238 -1079.3769 267.7891
v -2213.1231 -1079.3766 265.5862
f 15799 15800 15801
v -2214.6356 -1087.3925 265.5843
v -2212.6909 -1086.8642 282.4784
v -2212.6852 -1086.8616 265.5851
f 15802 15803 15804
v -2214.6232 -1087.4417 267.0652
v -2214.6356 -1087.3925 265.5843
v -2213.1958 -1093.0473 265.5839
f 15805 15806 15807
v -2214.6232 -1087.4417 267.0652
v -2214.6413 -1087.3949 282.4776
v -2214.6356 -1087.3925 265.5843
f 15808 15809 15810
v -2214.7888 -1093.4529 265.5832
v -2213.1963 -1093.0474 267.0648
v -2213.1958 -1093.0473 265.5839
f 15811 15812 15813
v -2211.9276 -1097.8056 265.5835
v -2213.4961 -1098.2065 267.0638
v -2213.4956 -1098.2064 265.5829
f 15814 15815 15816
v -2211.0429 -1101.2789 265.5832
v -2211.9281 -1097.8057 267.0644
v -2211.9276 -1097.8056 265.5835
f 15817 15818 15819
v -2212.5539 -1101.6658 265.5826
v -2211.0434 -1101.2791 267.0641
v -2211.0429 -1101.2789 265.5832
f 15820 15821 15822
v -2217.3280 -1102.9695 282.4740
v -2212.5595 -1101.6682 282.0499
v -2212.5544 -1101.6661 267.0635
f 15823 15824 15825
v -2217.2481 -1103.2412 265.5807
v -2217.3280 -1102.9695 282.4740
v -2217.3224 -1102.9670 265.5807
f 15826 15827 15828
v -2201.7603 -1092.8279 265.5878
v -2200.2839 -1098.6319 265.6194
v -2200.2839 -1098.6319 265.5874
f 15829 15830 15831
v -2200.0452 -1092.3916 265.5885
v -2201.7603 -1092.8279 265.6198
v -2201.7603 -1092.8279 265.5878
f 15832 15833 15834
v -2203.0571 -1088.2505 265.5882
v -2201.2178 -1087.7835 265.6209
v -2201.2178 -1087.7835 265.5889
f 15835 15836 15837
v -2203.9536 -1084.7282 265.5885
v -2203.0571 -1088.2505 265.6202
v -2203.0571 -1088.2505 265.5882
f 15838 15839 15840
v -2201.3738 -1077.7441 265.5905
v -2199.6738 -1077.3107 265.9182
v -2199.6737 -1077.3107 265.5912
f 15841 15842 15843
v -2202.2991 -1074.1077 265.5908
v -2201.3740 -1077.7442 265.9175
v -2201.3738 -1077.7441 265.5905
f 15844 15845 15846
v -2200.5989 -1073.6752 265.5915
v -2202.2992 -1074.1077 265.9178
v -2202.2991 -1074.1077 265.5908
f 15847 15848 15849
v -2199.6996 -1098.5013 265.6196
v -2199.7120 -1098.4778 282.0549
v -2199.7065 -1098.4753 265.6196
f 15850 15851 15852
v -2198.5638 -1098.2125 265.6200
v -2199.7050 -1098.5038 282.0549
v -2199.6996 -1098.5013 265.6196
f 15853 15854 15855
v -2201.7658 -1092.8304 282.0551
v -2200.2895 -1098.6343 282.4807
v -2200.2894 -1098.6343 282.0547
f 15856 15857 15858
v -2200.0507 -1092.3939 282.0558
v -2201.7660 -1092.8304 282.4811
v -2201.7658 -1092.8304 282.0551
f 15859 15860 15861
v -2203.0627 -1088.2530 282.4815
v -2201.2234 -1087.7859 282.4822
v -2201.2233 -1087.7858 282.0563
f 15862 15863 15864
v -2203.9591 -1084.7305 282.0559
v -2203.0627 -1088.2530 282.4815
v -2203.0625 -1088.2529 282.0556
f 15865 15866 15867
v -2200.2839 -1098.6319 265.6194
v -2199.7120 -1098.4778 282.0549
v -2200.2894 -1098.6343 282.0547
f 15868 15869 15870
v -2200.2894 -1098.6343 282.0547
v -2201.2826 -1098.9031 265.6190
v -2200.2839 -1098.6319 265.6194
f 15871 15872 15873
v -2201.2826 -1098.9031 265.6190
v -2201.3962 -1098.9333 282.0542
v -2201.3907 -1098.9309 265.6189
f 15874 15875 15876
v -2214.7946 -1093.4554 282.4765
v -2213.2014 -1093.0497 282.4772
v -2213.2013 -1093.0496 282.0512
f 15877 15878 15879
v -2211.9331 -1097.8080 282.0508
v -2213.5013 -1098.2089 282.4762
v -2213.5012 -1098.2088 282.0502
f 15880 15881 15882
v -2211.0484 -1101.2813 282.0505
v -2211.9332 -1097.8081 282.4768
v -2211.9331 -1097.8080 282.0508
f 15883 15884 15885
v -2212.5596 -1101.6683 282.4759
v -2211.0485 -1101.2814 282.4765
v -2211.0484 -1101.2813 282.0505
f 15886 15887 15888
v -2216.3084 -1087.8702 267.0646
v -2214.6282 -1087.4439 282.0516
v -2214.6232 -1087.4417 267.0652
f 15889 15890 15891
v -2215.0367 -1078.2238 267.7886
v -2216.0310 -1074.3372 282.0535
v -2216.0263 -1074.3351 267.7890
f 15892 15893 15894
v -2214.6238 -1079.7590 282.4789
v -2213.1288 -1079.3790 282.4795
v -2213.1286 -1079.3790 282.0536
f 15895 15896 15897
v -2216.0263 -1074.3351 267.7890
v -2214.5100 -1073.9503 282.0541
v -2214.5052 -1073.9482 267.7896
f 15898 15899 15900
v -2201.3794 -1077.7466 282.1999
v -2199.6793 -1077.3131 282.4846
v -2199.6793 -1077.3132 282.2006
f 15901 15902 15903
v -2202.3046 -1074.1101 282.2002
v -2201.3794 -1077.7466 282.4839
v -2201.3794 -1077.7466 282.1999
f 15904 15905 15906
v -2200.6045 -1073.6777 282.2009
v -2202.3047 -1074.1102 282.4842
v -2202.3046 -1074.1101 282.2002
f 15907 15908 15909
v -2202.6512 -1099.2720 282.4797
v -2217.2481 -1103.2412 265.5807
v -2202.6456 -1099.2695 265.5864
f 15910 15911 15912
v -2201.2178 -1087.7835 265.5889
v -2200.0452 -1092.3916 265.6205
v -2200.0452 -1092.3916 265.5885
f 15913 15914 15915
v -2198.5693 -1098.2149 282.0553
v -2200.0452 -1092.3916 265.6205
v -2200.0507 -1092.3939 282.0558
f 15916 15917 15918
v -2213.4956 -1098.2064 265.5829
v -2214.7894 -1093.4532 267.0641
v -2214.7888 -1093.4529 265.5832
f 15919 15920 15921
v -2216.3134 -1087.8723 282.0510
v -2214.7894 -1093.4532 267.0641
v -2214.7944 -1093.4554 282.0505
f 15922 15923 15924

g building_ID_4D202637-C6CB-4326-A3C3-E8D4B8A4A687
v -2201.1788 -1105.0529 282.4792
v -2202.6522 -1099.2680 282.4797
v -2202.7808 -1105.4596 282.4786
f 15925 15926 15927
v -2217.2538 -1103.2437 282.4740
v -2202.7808 -1105.4596 282.4786
v -2202.6522 -1099.2680 282.4797
f 15928 15929 15930
v -2201.9080 -1108.8909 282.4783
v -2199.1378 -1112.1293 282.4787
v -2200.0798 -1108.4258 282.4790
f 15931 15932 15933
v -2213.7306 -1109.8792 282.4741
v -2217.2538 -1103.2437 282.4740
v -2215.3367 -1110.2878 282.4734
f 15934 15935 15936
v -2212.3057 -1115.4809 282.4736
v -2201.9080 -1108.8909 282.4783
v -2213.7306 -1109.8792 282.4741
f 15937 15938 15939
v -2213.7306 -1109.8792 282.4741
v -2201.9080 -1108.8909 282.4783
v -2202.7808 -1105.4596 282.4786
f 15940 15941 15942
v -2199.1378 -1112.1293 282.4787
v -2201.9080 -1108.8909 282.4783
v -2212.3057 -1115.4809 282.4736
f 15943 15944 15945
v -2217.2538 -1103.2437 282.4740
v -2213.7306 -1109.8792 282.4741
v -2202.7808 -1105.4596 282.4786
f 15946 15947 15948
v -2215.3310 -1110.2852 265.5800
v -2215.3367 -1110.2878 282.4734
v -2217.2538 -1103.2437 282.4740
f 15949 15950 15951
v -2215.3006 -1110.2789 282.0474
v -2213.7305 -1109.8791 282.0481
v -2213.7306 -1109.8792 282.4741
f 15952 15953 15954
v -2215.2959 -1110.2768 268.2829
v -2213.7249 -1109.8766 265.5808
v -2213.7259 -1109.8770 268.2836
f 15955 15956 15957
v -2215.2959 -1110.2768 268.2829
v -2215.3006 -1110.2789 282.0474
v -2215.3367 -1110.2878 282.4734
f 15958 15959 15960
v -2213.7306 -1109.8792 282.4741
v -2215.3367 -1110.2878 282.4734
v -2215.3006 -1110.2789 282.0474
f 15961 15962 15963
v -2213.7249 -1109.8766 265.5808
v -2215.2959 -1110.2768 268.2829
v -2215.3310 -1110.2852 265.5800
f 15964 15965 15966
v -2215.3367 -1110.2878 282.4734
v -2215.3310 -1110.2852 265.5800
v -2215.2959 -1110.2768 268.2829
f 15967 15968 15969
v -2212.3000 -1115.4783 265.5802
v -2212.3009 -1115.4788 268.2831
v -2213.7259 -1109.8770 268.2836
f 15970 15971 15972
v -2200.0742 -1108.4233 265.5857
v -2200.0798 -1108.4258 282.4790
v -2199.1378 -1112.1293 282.4787
f 15973 15974 15975
v -2200.3059 -1108.4831 282.1949
v -2201.9080 -1108.8908 282.1943
v -2201.9080 -1108.8909 282.4783
f 15976 15977 15978
v -2200.3005 -1108.4808 266.1175
v -2201.9024 -1108.8884 265.5850
v -2201.9026 -1108.8885 266.1169
f 15979 15980 15981
v -2200.3005 -1108.4808 266.1175
v -2200.3059 -1108.4831 282.1949
v -2200.0798 -1108.4258 282.4790
f 15982 15983 15984
v -2201.9080 -1108.8909 282.4783
v -2200.0798 -1108.4258 282.4790
v -2200.3059 -1108.4831 282.1949
f 15985 15986 15987
v -2201.9024 -1108.8884 265.5850
v -2200.3005 -1108.4808 266.1175
v -2200.0742 -1108.4233 265.5857
f 15988 15989 15990
v -2200.0798 -1108.4258 282.4790
v -2200.0742 -1108.4233 265.5857
v -2200.3005 -1108.4808 266.1175
f 15991 15992 15993
v -2202.7752 -1105.4571 265.5853
v -2202.7754 -1105.4572 266.1172
v -2201.9026 -1108.8885 266.1169
f 15994 15995 15996
v -2201.1732 -1105.0504 265.5859
v -2201.1733 -1105.0504 266.1178
v -2202.7754 -1105.4572 266.1172
f 15997 15998 15999
v -2217.2481 -1103.2412 265.5807
v -2217.2538 -1103.2437 282.4740
v -2202.6522 -1099.2680 282.4797
f 16000 16001 16002
v -2213.7249 -1109.8766 265.5808
v -2215.3310 -1110.2852 265.5800
v -2217.2481 -1103.2412 265.5807
f 16003 16004 16005
v -2201.9024 -1108.8884 265.5850
v -2212.3000 -1115.4783 265.5802
v -2213.7249 -1109.8766 265.5808
f 16006 16007 16008
v -2213.7249 -1109.8766 265.5808
v -2202.7752 -1105.4571 265.5853
v -2201.9024 -1108.8884 265.5850
f 16009 16010 16011
v -2199.1322 -1112.1268 265.5854
v -2212.3000 -1115.4783 265.5802
v -2201.9024 -1108.8884 265.5850
f 16012 16013 16014
v -2202.7752 -1105.4571 265.5853
v -2213.7249 -1109.8766 265.5808
v -2217.2481 -1103.2412 265.5807
f 16015 16016 16017
v -2201.1732 -1105.0504 265.5859
v -2202.7752 -1105.4571 265.5853
v -2202.6466 -1099.2655 265.5864
f 16018 16019 16020
v -2217.2481 -1103.2412 265.5807
v -2202.6466 -1099.2655 265.5864
v -2202.7752 -1105.4571 265.5853
f 16021 16022 16023
v -2200.0742 -1108.4233 265.5857
v -2199.1322 -1112.1268 265.5854
v -2201.9024 -1108.8884 265.5850
f 16024 16025 16026
v -2202.7807 -1105.4595 282.1946
v -2202.7808 -1105.4596 282.4786
v -2201.9080 -1108.8909 282.4783
f 16027 16028 16029
v -2201.1787 -1105.0528 282.1952
v -2201.1788 -1105.0529 282.4792
v -2202.7807 -1105.4595 282.1946
f 16030 16031 16032
v -2201.1787 -1105.0528 282.1952
v -2201.9080 -1108.8908 282.1943
v -2200.3059 -1108.4831 282.1949
f 16033 16034 16035
v -2201.9080 -1108.8908 282.1943
v -2201.1787 -1105.0528 282.1952
v -2202.7807 -1105.4595 282.1946
f 16036 16037 16038
v -2201.9026 -1108.8885 266.1169
v -2202.7754 -1105.4572 266.1172
v -2201.1733 -1105.0504 266.1178
f 16039 16040 16041
v -2201.1733 -1105.0504 266.1178
v -2200.3005 -1108.4808 266.1175
v -2201.9026 -1108.8885 266.1169
f 16042 16043 16044
v -2213.8150 -1115.8627 268.2825
v -2213.8195 -1115.8648 282.0470
v -2214.7533 -1112.4303 282.0473
f 16045 16046 16047
v -2212.3055 -1115.4799 282.0476
v -2212.3057 -1115.4809 282.4736
v -2213.7306 -1109.8792 282.4741
f 16048 16049 16050
v -2214.7533 -1112.4303 282.0473
v -2213.8195 -1115.8648 282.0470
v -2212.3055 -1115.4799 282.0476
f 16051 16052 16053
v -2215.3006 -1110.2789 282.0474
v -2214.7533 -1112.4303 282.0473
v -2213.7305 -1109.8791 282.0481
f 16054 16055 16056
v -2212.3055 -1115.4799 282.0476
v -2213.7305 -1109.8791 282.0481
v -2214.7533 -1112.4303 282.0473
f 16057 16058 16059
v -2214.7487 -1112.4283 268.2828
v -2214.7533 -1112.4303 282.0473
v -2215.3006 -1110.2789 282.0474
f 16060 16061 16062
v -2214.7487 -1112.4283 268.2828
v -2215.2959 -1110.2768 268.2829
v -2213.7259 -1109.8770 268.2836
f 16063 16064 16065
v -2213.8150 -1115.8627 268.2825
v -2214.7487 -1112.4283 268.2828
v -2212.3009 -1115.4788 268.2831
f 16066 16067 16068
v -2213.7259 -1109.8770 268.2836
v -2212.3009 -1115.4788 268.2831
v -2214.7487 -1112.4283 268.2828
f 16069 16070 16071
v -2212.3055 -1115.4799 282.0476
v -2199.1378 -1112.1293 282.4787
v -2212.3057 -1115.4809 282.4736
f 16072 16073 16074
v -2212.3055 -1115.4799 282.0476
v -2212.3009 -1115.4788 268.2831
v -2199.1378 -1112.1293 282.4787
f 16075 16076 16077
v -2199.1322 -1112.1268 265.5854
v -2199.1378 -1112.1293 282.4787
v -2212.3009 -1115.4788 268.2831
f 16078 16079 16080
v -2213.8150 -1115.8627 268.2825
v -2212.3009 -1115.4788 268.2831
v -2213.8195 -1115.8648 282.0470
f 16081 16082 16083
v -2212.3055 -1115.4799 282.0476
v -2213.8195 -1115.8648 282.0470
v -2212.3009 -1115.4788 268.2831
f 16084 16085 16086
v -2199.1322 -1112.1268 265.5854
v -2212.3009 -1115.4788 268.2831
v -2212.3000 -1115.4783 265.5802
f 16087 16088 16089
v -2202.6466 -1099.2655 265.5864
v -2202.6522 -1099.2680 282.4797
v -2201.1733 -1105.0504 266.1178
f 16090 16091 16092
v -2201.1787 -1105.0528 282.1952
v -2201.1733 -1105.0504 266.1178
v -2202.6522 -1099.2680 282.4797
f 16093 16094 16095
v -2201.1733 -1105.0504 266.1178
v -2201.1732 -1105.0504 265.5859
v -2202.6466 -1099.2655 265.5864
f 16096 16097 16098
v -2201.1733 -1105.0504 266.1178
v -2201.1787 -1105.0528 282.1952
v -2200.3005 -1108.4808 266.1175
f 16099 16100 16101
v -2200.3059 -1108.4831 282.1949
v -2200.3005 -1108.4808 266.1175
v -2201.1787 -1105.0528 282.1952
f 16102 16103 16104
v -2202.6522 -1099.2680 282.4797
v -2201.1788 -1105.0529 282.4792
v -2201.1787 -1105.0528 282.1952
f 16105 16106 16107
v -2215.3310 -1110.2852 265.5800
v -2217.2538 -1103.2437 282.4740
v -2217.2481 -1103.2412 265.5807
f 16108 16109 16110
v -2212.3000 -1115.4783 265.5802
v -2213.7259 -1109.8770 268.2836
v -2213.7249 -1109.8766 265.5808
f 16111 16112 16113
v -2200.0742 -1108.4233 265.5857
v -2199.1378 -1112.1293 282.4787
v -2199.1322 -1112.1268 265.5854
f 16114 16115 16116
v -2202.7752 -1105.4571 265.5853
v -2201.9026 -1108.8885 266.1169
v -2201.9024 -1108.8884 265.5850
f 16117 16118 16119
v -2201.1732 -1105.0504 265.5859
v -2202.7754 -1105.4572 266.1172
v -2202.7752 -1105.4571 265.5853
f 16120 16121 16122
v -2217.2481 -1103.2412 265.5807
v -2202.6522 -1099.2680 282.4797
v -2202.6466 -1099.2655 265.5864
f 16123 16124 16125
v -2202.7807 -1105.4595 282.1946
v -2201.9080 -1108.8909 282.4783
v -2201.9080 -1108.8908 282.1943
f 16126 16127 16128
v -2201.1788 -1105.0529 282.4792
v -2202.7808 -1105.4596 282.4786
v -2202.7807 -1105.4595 282.1946
f 16129 16130 16131
v -2213.8150 -1115.8627 268.2825
v -2214.7533 -1112.4303 282.0473
v -2214.7487 -1112.4283 268.2828
f 16132 16133 16134
v -2212.3055 -1115.4799 282.0476
v -2213.7306 -1109.8792 282.4741
v -2213.7305 -1109.8791 282.0481
f 16135 16136 16137
v -2214.7487 -1112.4283 268.2828
v -2215.3006 -1110.2789 282.0474
v -2215.2959 -1110.2768 268.2829
f 16138 16139 16140

g building_ID_25651F67-852C-48A2-A58C-DC62E3523D4F
v -2205.9493 -1149.2172 285.5376
v -2204.0359 -1148.6953 285.5383
v -2205.0615 -1144.8175 285.5387
f 16141 16142 16143
v -2205.5956 -1151.9221 285.5372
v -2205.2373 -1151.8271 285.5374
v -2205.9493 -1149.2172 285.5376
f 16144 16145 16146
v -2205.9493 -1149.2172 285.5376
v -2205.0615 -1144.8175 285.5387
v -2219.3025 -1148.5843 285.5331
f 16147 16148 16149
v -2206.1495 -1157.8696 285.5359
v -2204.1651 -1157.3288 285.5367
v -2205.5956 -1151.9221 285.5372
f 16150 16151 16152
v -2205.7581 -1160.3386 285.5356
v -2205.4959 -1160.2692 285.5357
v -2206.1495 -1157.8696 285.5359
f 16153 16154 16155
v -2218.9522 -1159.6502 285.5312
v -2206.1495 -1157.8696 285.5359
v -2205.5956 -1151.9221 285.5372
f 16156 16157 16158
v -2218.1987 -1152.7572 285.5327
v -2205.5956 -1151.9221 285.5372
v -2205.9493 -1149.2172 285.5376
f 16159 16160 16161
v -2218.1987 -1152.7572 285.5327
v -2218.9522 -1159.6502 285.5312
v -2205.5956 -1151.9221 285.5372
f 16162 16163 16164
v -2218.1987 -1152.7572 285.5327
v -2220.6064 -1153.3948 285.5317
v -2218.9522 -1159.6502 285.5312
f 16165 16166 16167
v -2206.1495 -1157.8696 285.5359
v -2218.9522 -1159.6502 285.5312
v -2205.7581 -1160.3386 285.5356
f 16168 16169 16170
v -2217.1382 -1166.3210 285.5306
v -2205.0669 -1163.2314 285.5353
v -2205.7581 -1160.3386 285.5356
f 16171 16172 16173
v -2217.1594 -1166.4299 285.5306
v -2217.1382 -1166.3210 285.5306
v -2217.1852 -1166.3339 285.5306
f 16174 16175 16176
v -2218.9522 -1159.6502 285.5312
v -2217.1382 -1166.3210 285.5306
v -2205.7581 -1160.3386 285.5356
f 16177 16178 16179
v -2205.0669 -1163.2314 285.5353
v -2217.1382 -1166.3210 285.5306
v -2217.1594 -1166.4299 285.5306
f 16180 16181 16182
v -2219.3025 -1148.5843 285.5331
v -2218.1987 -1152.7572 285.5327
v -2205.9493 -1149.2172 285.5376
f 16183 16184 16185
v -2206.1429 -1157.8664 265.5507
v -2206.1495 -1157.8696 285.5359
v -2205.4959 -1160.2692 285.5357
f 16186 16187 16188
v -2204.1584 -1157.3258 265.5515
v -2204.1651 -1157.3288 285.5367
v -2206.1495 -1157.8696 285.5359
f 16189 16190 16191
v -2205.5889 -1151.9189 265.5520
v -2205.5956 -1151.9221 285.5372
v -2204.1651 -1157.3288 285.5367
f 16192 16193 16194
v -2205.2306 -1151.8239 265.5522
v -2205.2373 -1151.8271 285.5374
v -2205.5956 -1151.9221 285.5372
f 16195 16196 16197
v -2205.9426 -1149.2140 265.5524
v -2205.9493 -1149.2172 285.5376
v -2205.2373 -1151.8271 285.5374
f 16198 16199 16200
v -2204.0292 -1148.6921 265.5531
v -2204.0359 -1148.6953 285.5383
v -2205.9493 -1149.2172 285.5376
f 16201 16202 16203
v -2205.0548 -1144.8145 265.5535
v -2205.0615 -1144.8175 285.5387
v -2204.0359 -1148.6953 285.5383
f 16204 16205 16206
v -2219.2958 -1148.5812 265.5479
v -2219.3025 -1148.5843 285.5331
v -2205.0615 -1144.8175 285.5387
f 16207 16208 16209
v -2218.1920 -1152.7541 265.5475
v -2218.1987 -1152.7572 285.5327
v -2219.3025 -1148.5843 285.5331
f 16210 16211 16212
v -2220.5997 -1153.3916 265.5465
v -2220.6064 -1153.3948 285.5317
v -2218.1987 -1152.7572 285.5327
f 16213 16214 16215
v -2218.9455 -1159.6470 265.5460
v -2218.9522 -1159.6502 285.5312
v -2220.6064 -1153.3948 285.5317
f 16216 16217 16218
v -2217.1314 -1166.3178 265.5454
v -2217.1382 -1166.3210 285.5306
v -2218.9522 -1159.6502 285.5312
f 16219 16220 16221
v -2217.1784 -1166.3307 265.5454
v -2217.1852 -1166.3339 285.5306
v -2217.1382 -1166.3210 285.5306
f 16222 16223 16224
v -2217.1527 -1166.4267 265.5454
v -2217.1594 -1166.4299 285.5306
v -2217.1852 -1166.3339 285.5306
f 16225 16226 16227
v -2205.0603 -1163.2283 265.5501
v -2205.0669 -1163.2314 285.5353
v -2217.1594 -1166.4299 285.5306
f 16228 16229 16230
v -2205.7515 -1160.3354 265.5504
v -2205.7581 -1160.3386 285.5356
v -2205.0669 -1163.2314 285.5353
f 16231 16232 16233
v -2205.4893 -1160.2661 265.5505
v -2205.4959 -1160.2692 285.5357
v -2205.7581 -1160.3386 285.5356
f 16234 16235 16236
v -2218.1920 -1152.7541 265.5475
v -2218.9455 -1159.6470 265.5460
v -2220.5997 -1153.3916 265.5465
f 16237 16238 16239
v -2218.1920 -1152.7541 265.5475
v -2205.5889 -1151.9189 265.5520
v -2218.9455 -1159.6470 265.5460
f 16240 16241 16242
v -2218.9455 -1159.6470 265.5460
v -2205.7515 -1160.3354 265.5504
v -2217.1314 -1166.3178 265.5454
f 16243 16244 16245
v -2217.1314 -1166.3178 265.5454
v -2217.1527 -1166.4267 265.5454
v -2217.1784 -1166.3307 265.5454
f 16246 16247 16248
v -2217.1527 -1166.4267 265.5454
v -2217.1314 -1166.3178 265.5454
v -2205.0603 -1163.2283 265.5501
f 16249 16250 16251
v -2217.1314 -1166.3178 265.5454
v -2205.7515 -1160.3354 265.5504
v -2205.0603 -1163.2283 265.5501
f 16252 16253 16254
v -2205.9426 -1149.2140 265.5524
v -2218.1920 -1152.7541 265.5475
v -2219.2958 -1148.5812 265.5479
f 16255 16256 16257
v -2205.5889 -1151.9189 265.5520
v -2205.9426 -1149.2140 265.5524
v -2205.2306 -1151.8239 265.5522
f 16258 16259 16260
v -2205.9426 -1149.2140 265.5524
v -2205.0548 -1144.8145 265.5535
v -2204.0292 -1148.6921 265.5531
f 16261 16262 16263
v -2205.0548 -1144.8145 265.5535
v -2205.9426 -1149.2140 265.5524
v -2219.2958 -1148.5812 265.5479
f 16264 16265 16266
v -2205.4893 -1160.2661 265.5505
v -2205.7515 -1160.3354 265.5504
v -2206.1429 -1157.8664 265.5507
f 16267 16268 16269
v -2218.9455 -1159.6470 265.5460
v -2206.1429 -1157.8664 265.5507
v -2205.7515 -1160.3354 265.5504
f 16270 16271 16272
v -2205.5889 -1151.9189 265.5520
v -2204.1584 -1157.3258 265.5515
v -2206.1429 -1157.8664 265.5507
f 16273 16274 16275
v -2206.1429 -1157.8664 265.5507
v -2218.9455 -1159.6470 265.5460
v -2205.5889 -1151.9189 265.5520
f 16276 16277 16278
v -2205.9426 -1149.2140 265.5524
v -2205.5889 -1151.9189 265.5520
v -2218.1920 -1152.7541 265.5475
f 16279 16280 16281
v -2206.1429 -1157.8664 265.5507
v -2205.4959 -1160.2692 285.5357
v -2205.4893 -1160.2661 265.5505
f 16282 16283 16284
v -2204.1584 -1157.3258 265.5515
v -2206.1495 -1157.8696 285.5359
v -2206.1429 -1157.8664 265.5507
f 16285 16286 16287
v -2205.5889 -1151.9189 265.5520
v -2204.1651 -1157.3288 285.5367
v -2204.1584 -1157.3258 265.5515
f 16288 16289 16290
v -2205.2306 -1151.8239 265.5522
v -2205.5956 -1151.9221 285.5372
v -2205.5889 -1151.9189 265.5520
f 16291 16292 16293
v -2205.9426 -1149.2140 265.5524
v -2205.2373 -1151.8271 285.5374
v -2205.2306 -1151.8239 265.5522
f 16294 16295 16296
v -2204.0292 -1148.6921 265.5531
v -2205.9493 -1149.2172 285.5376
v -2205.9426 -1149.2140 265.5524
f 16297 16298 16299
v -2205.0548 -1144.8145 265.5535
v -2204.0359 -1148.6953 285.5383
v -2204.0292 -1148.6921 265.5531
f 16300 16301 16302
v -2219.2958 -1148.5812 265.5479
v -2205.0615 -1144.8175 285.5387
v -2205.0548 -1144.8145 265.5535
f 16303 16304 16305
v -2218.1920 -1152.7541 265.5475
v -2219.3025 -1148.5843 285.5331
v -2219.2958 -1148.5812 265.5479
f 16306 16307 16308
v -2220.5997 -1153.3916 265.5465
v -2218.1987 -1152.7572 285.5327
v -2218.1920 -1152.7541 265.5475
f 16309 16310 16311
v -2218.9455 -1159.6470 265.5460
v -2220.6064 -1153.3948 285.5317
v -2220.5997 -1153.3916 265.5465
f 16312 16313 16314
v -2217.1314 -1166.3178 265.5454
v -2218.9522 -1159.6502 285.5312
v -2218.9455 -1159.6470 265.5460
f 16315 16316 16317
v -2217.1784 -1166.3307 265.5454
v -2217.1382 -1166.3210 285.5306
v -2217.1314 -1166.3178 265.5454
f 16318 16319 16320
v -2217.1527 -1166.4267 265.5454
v -2217.1852 -1166.3339 285.5306
v -2217.1784 -1166.3307 265.5454
f 16321 16322 16323
v -2205.0603 -1163.2283 265.5501
v -2217.1594 -1166.4299 285.5306
v -2217.1527 -1166.4267 265.5454
f 16324 16325 16326
v -2205.7515 -1160.3354 265.5504
v -2205.0669 -1163.2314 285.5353
v -2205.0603 -1163.2283 265.5501
f 16327 16328 16329
v -2205.4893 -1160.2661 265.5505
v -2205.7581 -1160.3386 285.5356
v -2205.7515 -1160.3354 265.5504
f 16330 16331 16332

g building_ID_555E24E4-5505-48C4-9A40-2729B209B965
v -2264.1444 -1145.1443 287.1179
v -2280.1400 -1149.5082 287.1114
v -2262.8289 -1149.3987 287.1176
f 16333 16334 16335
v -2276.7269 -1162.1393 287.1103
v -2262.8289 -1149.3987 287.1176
v -2280.1400 -1149.5082 287.1114
f 16336 16337 16338
v -2262.8289 -1149.3987 287.1176
v -2264.6257 -1143.0240 287.1181
v -2264.1444 -1145.1443 287.1179
f 16339 16340 16341
v -2264.6257 -1143.0240 287.1181
v -2264.7108 -1143.0477 287.1180
v -2264.1444 -1145.1443 287.1179
f 16342 16343 16344
v -2260.6139 -1157.5986 287.1169
v -2262.8289 -1149.3987 287.1176
v -2276.7269 -1162.1393 287.1103
f 16345 16346 16347
v -2262.8220 -1149.3956 267.1054
v -2262.8289 -1149.3987 287.1176
v -2260.6139 -1157.5986 287.1169
f 16348 16349 16350
v -2264.6189 -1143.0208 267.1059
v -2264.6257 -1143.0240 287.1181
v -2262.8289 -1149.3987 287.1176
f 16351 16352 16353
v -2264.7039 -1143.0446 267.1058
v -2264.7108 -1143.0477 287.1180
v -2264.6257 -1143.0240 287.1181
f 16354 16355 16356
v -2264.1375 -1145.1411 267.1057
v -2264.1444 -1145.1443 287.1179
v -2264.7108 -1143.0477 287.1180
f 16357 16358 16359
v -2280.1331 -1149.5052 267.0992
v -2280.1400 -1149.5082 287.1114
v -2264.1444 -1145.1443 287.1179
f 16360 16361 16362
v -2276.7200 -1162.1361 267.0981
v -2276.7269 -1162.1393 287.1103
v -2280.1400 -1149.5082 287.1114
f 16363 16364 16365
v -2260.6070 -1157.5954 267.1047
v -2260.6139 -1157.5986 287.1169
v -2276.7269 -1162.1393 287.1103
f 16366 16367 16368
v -2264.7039 -1143.0446 267.1058
v -2264.6189 -1143.0208 267.1059
v -2264.1375 -1145.1411 267.1057
f 16369 16370 16371
v -2262.8220 -1149.3956 267.1054
v -2264.1375 -1145.1411 267.1057
v -2264.6189 -1143.0208 267.1059
f 16372 16373 16374
v -2276.7200 -1162.1361 267.0981
v -2280.1331 -1149.5052 267.0992
v -2262.8220 -1149.3956 267.1054
f 16375 16376 16377
v -2280.1331 -1149.5052 267.0992
v -2264.1375 -1145.1411 267.1057
v -2262.8220 -1149.3956 267.1054
f 16378 16379 16380
v -2260.6070 -1157.5954 267.1047
v -2276.7200 -1162.1361 267.0981
v -2262.8220 -1149.3956 267.1054
f 16381 16382 16383
v -2262.8220 -1149.3956 267.1054
v -2260.6139 -1157.5986 287.1169
v -2260.6070 -1157.5954 267.1047
f 16384 16385 16386
v -2264.6189 -1143.0208 267.1059
v -2262.8289 -1149.3987 287.1176
v -2262.8220 -1149.3956 267.1054
f 16387 16388 16389
v -2264.7039 -1143.0446 267.1058
v -2264.6257 -1143.0240 287.1181
v -2264.6189 -1143.0208 267.1059
f 16390 16391 16392
v -2264.1375 -1145.1411 267.1057
v -2264.7108 -1143.0477 287.1180
v -2264.7039 -1143.0446 267.1058
f 16393 16394 16395
v -2280.1331 -1149.5052 267.0992
v -2264.1444 -1145.1443 287.1179
v -2264.1375 -1145.1411 267.1057
f 16396 16397 16398
v -2276.7200 -1162.1361 267.0981
v -2280.1400 -1149.5082 287.1114
v -2280.1331 -1149.5052 267.0992
f 16399 16400 16401
v -2260.6070 -1157.5954 267.1047
v -2276.7269 -1162.1393 287.1103
v -2276.7200 -1162.1361 267.0981
f 16402 16403 16404

g building_ID_19A971A6-0F24-4AB7-B7BC-17BCEB42C92F
v -2217.2299 -1184.7976 286.0241
v -2219.6126 -1185.4453 286.0231
v -2219.5433 -1185.6995 286.0231
f 16405 16406 16407
v -2206.2521 -1176.2731 286.0294
v -2218.3902 -1171.1266 286.0262
v -2218.4231 -1180.4124 286.0245
f 16408 16409 16410
v -2217.2299 -1184.7976 286.0241
v -2219.5433 -1185.6995 286.0231
v -2205.1328 -1181.7722 286.0288
f 16411 16412 16413
v -2218.4231 -1180.4124 286.0245
v -2218.3902 -1171.1266 286.0262
v -2220.7118 -1171.7574 286.0253
f 16414 16415 16416
v -2218.3902 -1171.1266 286.0262
v -2218.3809 -1171.0457 286.0262
v -2218.4100 -1171.0536 286.0262
f 16417 16418 16419
v -2205.9717 -1167.9101 286.0312
v -2219.4422 -1167.0328 286.0267
v -2218.3809 -1171.0457 286.0262
f 16420 16421 16422
v -2205.8241 -1170.3204 286.0308
v -2218.3809 -1171.0457 286.0262
v -2218.3902 -1171.1266 286.0262
f 16423 16424 16425
v -2217.2299 -1184.7976 286.0241
v -2205.8942 -1178.8932 286.0291
v -2218.4231 -1180.4124 286.0245
f 16426 16427 16428
v -2217.2299 -1184.7976 286.0241
v -2205.1328 -1181.7722 286.0288
v -2205.8942 -1178.8932 286.0291
f 16429 16430 16431
v -2205.8942 -1178.8932 286.0291
v -2205.5619 -1178.8050 286.0292
v -2206.2521 -1176.2731 286.0294
f 16432 16433 16434
v -2205.8241 -1170.3204 286.0308
v -2206.2521 -1176.2731 286.0294
v -2204.3838 -1175.7632 286.0302
f 16435 16436 16437
v -2218.4231 -1180.4124 286.0245
v -2205.8942 -1178.8932 286.0291
v -2206.2521 -1176.2731 286.0294
f 16438 16439 16440
v -2205.8241 -1170.3204 286.0308
v -2205.9717 -1167.9101 286.0312
v -2218.3809 -1171.0457 286.0262
f 16441 16442 16443
v -2205.3488 -1170.1946 286.0310
v -2205.9717 -1167.9101 286.0312
v -2205.8241 -1170.3204 286.0308
f 16444 16445 16446
v -2205.9717 -1167.9101 286.0312
v -2203.9742 -1167.3663 286.0320
v -2205.0671 -1163.2315 286.0323
f 16447 16448 16449
v -2219.4422 -1167.0328 286.0267
v -2205.9717 -1167.9101 286.0312
v -2205.0671 -1163.2315 286.0323
f 16450 16451 16452
v -2206.2521 -1176.2731 286.0294
v -2205.8241 -1170.3204 286.0308
v -2218.3902 -1171.1266 286.0262
f 16453 16454 16455
v -2206.2453 -1176.2699 265.5472
v -2206.2521 -1176.2731 286.0294
v -2205.5619 -1178.8050 286.0292
f 16456 16457 16458
v -2204.3769 -1175.7599 265.5480
v -2204.3838 -1175.7632 286.0302
v -2206.2521 -1176.2731 286.0294
f 16459 16460 16461
v -2205.8173 -1170.3171 265.5486
v -2205.8241 -1170.3204 286.0308
v -2204.3838 -1175.7632 286.0302
f 16462 16463 16464
v -2205.3419 -1170.1914 265.5488
v -2205.3488 -1170.1946 286.0310
v -2205.8241 -1170.3204 286.0308
f 16465 16466 16467
v -2205.9648 -1167.9067 265.5490
v -2205.9717 -1167.9101 286.0312
v -2205.3488 -1170.1946 286.0310
f 16468 16469 16470
v -2203.9674 -1167.3631 265.5498
v -2203.9742 -1167.3663 286.0320
v -2205.9717 -1167.9101 286.0312
f 16471 16472 16473
v -2205.0603 -1163.2283 265.5501
v -2205.0671 -1163.2315 286.0323
v -2203.9742 -1167.3663 286.0320
f 16474 16475 16476
v -2219.4353 -1167.0296 265.5445
v -2219.4422 -1167.0328 286.0267
v -2205.0671 -1163.2315 286.0323
f 16477 16478 16479
v -2218.3741 -1171.0424 265.5440
v -2218.3809 -1171.0457 286.0262
v -2219.4422 -1167.0328 286.0267
f 16480 16481 16482
v -2218.4031 -1171.0503 265.5440
v -2218.4100 -1171.0536 286.0262
v -2218.3809 -1171.0457 286.0262
f 16483 16484 16485
v -2218.3833 -1171.1233 265.5440
v -2218.3902 -1171.1266 286.0262
v -2218.4100 -1171.0536 286.0262
f 16486 16487 16488
v -2220.7050 -1171.7541 265.5431
v -2220.7118 -1171.7574 286.0253
v -2218.3902 -1171.1266 286.0262
f 16489 16490 16491
v -2218.4162 -1180.4092 265.5423
v -2218.4231 -1180.4124 286.0245
v -2220.7118 -1171.7574 286.0253
f 16492 16493 16494
v -2217.2230 -1184.7944 265.5419
v -2217.2299 -1184.7976 286.0241
v -2218.4231 -1180.4124 286.0245
f 16495 16496 16497
v -2219.6057 -1185.4419 265.5409
v -2219.6126 -1185.4453 286.0231
v -2217.2299 -1184.7976 286.0241
f 16498 16499 16500
v -2219.5364 -1185.6961 265.5409
v -2219.5433 -1185.6995 286.0231
v -2219.6126 -1185.4453 286.0231
f 16501 16502 16503
v -2205.1261 -1181.7688 265.5466
v -2205.1328 -1181.7722 286.0288
v -2219.5433 -1185.6995 286.0231
f 16504 16505 16506
v -2205.8873 -1178.8898 265.5469
v -2205.8942 -1178.8932 286.0291
v -2205.1328 -1181.7722 286.0288
f 16507 16508 16509
v -2205.5551 -1178.8018 265.5470
v -2205.5619 -1178.8050 286.0292
v -2205.8942 -1178.8932 286.0291
f 16510 16511 16512
v -2218.4162 -1180.4092 265.5423
v -2206.2453 -1176.2699 265.5472
v -2205.8873 -1178.8898 265.5469
f 16513 16514 16515
v -2205.5551 -1178.8018 265.5470
v -2205.8873 -1178.8898 265.5469
v -2206.2453 -1176.2699 265.5472
f 16516 16517 16518
v -2205.8173 -1170.3171 265.5486
v -2204.3769 -1175.7599 265.5480
v -2206.2453 -1176.2699 265.5472
f 16519 16520 16521
v -2205.9648 -1167.9067 265.5490
v -2205.0603 -1163.2283 265.5501
v -2203.9674 -1167.3631 265.5498
f 16522 16523 16524
v -2205.9648 -1167.9067 265.5490
v -2205.3419 -1170.1914 265.5488
v -2205.8173 -1170.3171 265.5486
f 16525 16526 16527
v -2205.8173 -1170.3171 265.5486
v -2218.3741 -1171.0424 265.5440
v -2205.9648 -1167.9067 265.5490
f 16528 16529 16530
v -2219.4353 -1167.0296 265.5445
v -2205.0603 -1163.2283 265.5501
v -2205.9648 -1167.9067 265.5490
f 16531 16532 16533
v -2218.3833 -1171.1233 265.5440
v -2205.8173 -1170.3171 265.5486
v -2206.2453 -1176.2699 265.5472
f 16534 16535 16536
v -2206.2453 -1176.2699 265.5472
v -2218.4162 -1180.4092 265.5423
v -2218.3833 -1171.1233 265.5440
f 16537 16538 16539
v -2218.4162 -1180.4092 265.5423
v -2205.8873 -1178.8898 265.5469
v -2217.2230 -1184.7944 265.5419
f 16540 16541 16542
v -2219.6057 -1185.4419 265.5409
v -2217.2230 -1184.7944 265.5419
v -2219.5364 -1185.6961 265.5409
f 16543 16544 16545
v -2205.1261 -1181.7688 265.5466
v -2219.5364 -1185.6961 265.5409
v -2217.2230 -1184.7944 265.5419
f 16546 16547 16548
v -2218.3741 -1171.0424 265.5440
v -2219.4353 -1167.0296 265.5445
v -2205.9648 -1167.9067 265.5490
f 16549 16550 16551
v -2218.3741 -1171.0424 265.5440
v -2218.3833 -1171.1233 265.5440
v -2218.4031 -1171.0503 265.5440
f 16552 16553 16554
v -2218.4162 -1180.4092 265.5423
v -2220.7050 -1171.7541 265.5431
v -2218.3833 -1171.1233 265.5440
f 16555 16556 16557
v -2218.3741 -1171.0424 265.5440
v -2205.8173 -1170.3171 265.5486
v -2218.3833 -1171.1233 265.5440
f 16558 16559 16560
v -2205.1261 -1181.7688 265.5466
v -2217.2230 -1184.7944 265.5419
v -2205.8873 -1178.8898 265.5469
f 16561 16562 16563
v -2206.2453 -1176.2699 265.5472
v -2205.5619 -1178.8050 286.0292
v -2205.5551 -1178.8018 265.5470
f 16564 16565 16566
v -2204.3769 -1175.7599 265.5480
v -2206.2521 -1176.2731 286.0294
v -2206.2453 -1176.2699 265.5472
f 16567 16568 16569
v -2205.8173 -1170.3171 265.5486
v -2204.3838 -1175.7632 286.0302
v -2204.3769 -1175.7599 265.5480
f 16570 16571 16572
v -2205.3419 -1170.1914 265.5488
v -2205.8241 -1170.3204 286.0308
v -2205.8173 -1170.3171 265.5486
f 16573 16574 16575
v -2205.9648 -1167.9067 265.5490
v -2205.3488 -1170.1946 286.0310
v -2205.3419 -1170.1914 265.5488
f 16576 16577 16578
v -2203.9674 -1167.3631 265.5498
v -2205.9717 -1167.9101 286.0312
v -2205.9648 -1167.9067 265.5490
f 16579 16580 16581
v -2205.0603 -1163.2283 265.5501
v -2203.9742 -1167.3663 286.0320
v -2203.9674 -1167.3631 265.5498
f 16582 16583 16584
v -2219.4353 -1167.0296 265.5445
v -2205.0671 -1163.2315 286.0323
v -2205.0603 -1163.2283 265.5501
f 16585 16586 16587
v -2218.3741 -1171.0424 265.5440
v -2219.4422 -1167.0328 286.0267
v -2219.4353 -1167.0296 265.5445
f 16588 16589 16590
v -2218.4031 -1171.0503 265.5440
v -2218.3809 -1171.0457 286.0262
v -2218.3741 -1171.0424 265.5440
f 16591 16592 16593
v -2218.3833 -1171.1233 265.5440
v -2218.4100 -1171.0536 286.0262
v -2218.4031 -1171.0503 265.5440
f 16594 16595 16596
v -2220.7050 -1171.7541 265.5431
v -2218.3902 -1171.1266 286.0262
v -2218.3833 -1171.1233 265.5440
f 16597 16598 16599
v -2218.4162 -1180.4092 265.5423
v -2220.7118 -1171.7574 286.0253
v -2220.7050 -1171.7541 265.5431
f 16600 16601 16602
v -2217.2230 -1184.7944 265.5419
v -2218.4231 -1180.4124 286.0245
v -2218.4162 -1180.4092 265.5423
f 16603 16604 16605
v -2219.6057 -1185.4419 265.5409
v -2217.2299 -1184.7976 286.0241
v -2217.2230 -1184.7944 265.5419
f 16606 16607 16608
v -2219.5364 -1185.6961 265.5409
v -2219.6126 -1185.4453 286.0231
v -2219.6057 -1185.4419 265.5409
f 16609 16610 16611
v -2205.1261 -1181.7688 265.5466
v -2219.5433 -1185.6995 286.0231
v -2219.5364 -1185.6961 265.5409
f 16612 16613 16614
v -2205.8873 -1178.8898 265.5469
v -2205.1328 -1181.7722 286.0288
v -2205.1261 -1181.7688 265.5466
f 16615 16616 16617
v -2205.5551 -1178.8018 265.5470
v -2205.8942 -1178.8932 286.0291
v -2205.8873 -1178.8898 265.5469
f 16618 16619 16620

g building_ID_670FE61C-A887-4246-A872-135EA926D80C
v -2206.0770 -1186.3045 286.0276
v -2204.0776 -1185.7589 286.0284
v -2205.1328 -1181.7722 286.0288
f 16621 16622 16623
v -2218.5073 -1189.7912 286.0227
v -2206.3565 -1194.6677 286.0260
v -2205.8148 -1188.8102 286.0273
f 16624 16625 16626
v -2206.0770 -1186.3045 286.0276
v -2205.1328 -1181.7722 286.0288
v -2219.5433 -1185.6995 286.0231
f 16627 16628 16629
v -2205.8148 -1188.8102 286.0273
v -2205.4225 -1188.7063 286.0274
v -2206.0770 -1186.3045 286.0276
f 16630 16631 16632
v -2205.9800 -1197.4687 286.0256
v -2205.6188 -1197.3737 286.0257
v -2206.3565 -1194.6677 286.0260
f 16633 16634 16635
v -2217.3146 -1203.3043 286.0206
v -2205.9800 -1197.4687 286.0256
v -2206.3565 -1194.6677 286.0260
f 16636 16637 16638
v -2204.4060 -1194.1370 286.0267
v -2205.8148 -1188.8102 286.0273
v -2206.3565 -1194.6677 286.0260
f 16639 16640 16641
v -2218.4738 -1189.6323 286.0227
v -2205.8148 -1188.8102 286.0273
v -2206.0770 -1186.3045 286.0276
f 16642 16643 16644
v -2218.4738 -1189.6323 286.0227
v -2218.5073 -1189.7912 286.0227
v -2205.8148 -1188.8102 286.0273
f 16645 16646 16647
v -2220.0694 -1193.1740 286.0215
v -2218.5073 -1189.7912 286.0227
v -2220.8039 -1190.3990 286.0218
f 16648 16649 16650
v -2218.4738 -1189.6323 286.0227
v -2218.5439 -1189.6511 286.0227
v -2218.5073 -1189.7912 286.0227
f 16651 16652 16653
v -2218.5073 -1189.7912 286.0227
v -2220.0694 -1193.1740 286.0215
v -2206.3565 -1194.6677 286.0260
f 16654 16655 16656
v -2205.3102 -1200.1645 286.0253
v -2205.9800 -1197.4687 286.0256
v -2217.3146 -1203.3043 286.0206
f 16657 16658 16659
v -2217.3146 -1203.3043 286.0206
v -2206.3565 -1194.6677 286.0260
v -2220.0694 -1193.1740 286.0215
f 16660 16661 16662
v -2217.3757 -1203.3551 286.0205
v -2217.3146 -1203.3043 286.0206
v -2217.3846 -1203.3230 286.0205
f 16663 16664 16665
v -2205.3102 -1200.1645 286.0253
v -2217.3146 -1203.3043 286.0206
v -2217.3757 -1203.3551 286.0205
f 16666 16667 16668
v -2219.5433 -1185.6995 286.0231
v -2218.4738 -1189.6323 286.0227
v -2206.0770 -1186.3045 286.0276
f 16669 16670 16671
v -2206.3496 -1194.6644 265.5438
v -2206.3565 -1194.6677 286.0260
v -2205.6188 -1197.3737 286.0257
f 16672 16673 16674
v -2204.3993 -1194.1336 265.5446
v -2204.4060 -1194.1370 286.0267
v -2206.3565 -1194.6677 286.0260
f 16675 16676 16677
v -2205.8079 -1188.8069 265.5451
v -2205.8148 -1188.8102 286.0273
v -2204.4060 -1194.1370 286.0267
f 16678 16679 16680
v -2205.4156 -1188.7030 265.5452
v -2205.4225 -1188.7063 286.0274
v -2205.8148 -1188.8102 286.0273
f 16681 16682 16683
v -2206.0702 -1186.3013 265.5454
v -2206.0770 -1186.3045 286.0276
v -2205.4225 -1188.7063 286.0274
f 16684 16685 16686
v -2204.0708 -1185.7556 265.5462
v -2204.0776 -1185.7589 286.0284
v -2206.0770 -1186.3045 286.0276
f 16687 16688 16689
v -2205.1261 -1181.7688 265.5466
v -2205.1328 -1181.7722 286.0288
v -2204.0776 -1185.7589 286.0284
f 16690 16691 16692
v -2219.5364 -1185.6961 265.5409
v -2219.5433 -1185.6995 286.0231
v -2205.1328 -1181.7722 286.0288
f 16693 16694 16695
v -2218.4670 -1189.6289 265.5405
v -2218.4738 -1189.6323 286.0227
v -2219.5433 -1185.6995 286.0231
f 16696 16697 16698
v -2218.5370 -1189.6478 265.5405
v -2218.5439 -1189.6511 286.0227
v -2218.4738 -1189.6323 286.0227
f 16699 16700 16701
v -2218.5004 -1189.7878 265.5405
v -2218.5073 -1189.7912 286.0227
v -2218.5439 -1189.6511 286.0227
f 16702 16703 16704
v -2220.7970 -1190.3957 265.5396
v -2220.8039 -1190.3990 286.0218
v -2218.5073 -1189.7912 286.0227
f 16705 16706 16707
v -2220.0625 -1193.1706 265.5393
v -2220.0694 -1193.1740 286.0215
v -2220.8039 -1190.3990 286.0218
f 16708 16709 16710
v -2217.3077 -1203.3009 265.5384
v -2217.3146 -1203.3043 286.0206
v -2220.0694 -1193.1740 286.0215
f 16711 16712 16713
v -2217.3777 -1203.3197 265.5383
v -2217.3846 -1203.3230 286.0205
v -2217.3146 -1203.3043 286.0206
f 16714 16715 16716
v -2217.3689 -1203.3518 265.5383
v -2217.3757 -1203.3551 286.0205
v -2217.3846 -1203.3230 286.0205
f 16717 16718 16719
v -2205.3034 -1200.1612 265.5431
v -2205.3102 -1200.1645 286.0253
v -2217.3757 -1203.3551 286.0205
f 16720 16721 16722
v -2205.9732 -1197.4653 265.5434
v -2205.9800 -1197.4687 286.0256
v -2205.3102 -1200.1645 286.0253
f 16723 16724 16725
v -2205.6119 -1197.3703 265.5435
v -2205.6188 -1197.3737 286.0257
v -2205.9800 -1197.4687 286.0256
f 16726 16727 16728
v -2206.0702 -1186.3013 265.5454
v -2218.4670 -1189.6289 265.5405
v -2219.5364 -1185.6961 265.5409
f 16729 16730 16731
v -2218.4670 -1189.6289 265.5405
v -2218.5004 -1189.7878 265.5405
v -2218.5370 -1189.6478 265.5405
f 16732 16733 16734
v -2217.3077 -1203.3009 265.5384
v -2217.3689 -1203.3518 265.5383
v -2217.3777 -1203.3197 265.5383
f 16735 16736 16737
v -2220.0625 -1193.1706 265.5393
v -2206.3496 -1194.6644 265.5438
v -2217.3077 -1203.3009 265.5384
f 16738 16739 16740
v -2220.7970 -1190.3957 265.5396
v -2218.5004 -1189.7878 265.5405
v -2220.0625 -1193.1706 265.5393
f 16741 16742 16743
v -2220.0625 -1193.1706 265.5393
v -2218.5004 -1189.7878 265.5405
v -2206.3496 -1194.6644 265.5438
f 16744 16745 16746
v -2205.3034 -1200.1612 265.5431
v -2217.3689 -1203.3518 265.5383
v -2217.3077 -1203.3009 265.5384
f 16747 16748 16749
v -2205.8079 -1188.8069 265.5451
v -2218.5004 -1189.7878 265.5405
v -2218.4670 -1189.6289 265.5405
f 16750 16751 16752
v -2206.0702 -1186.3013 265.5454
v -2205.4156 -1188.7030 265.5452
v -2205.8079 -1188.8069 265.5451
f 16753 16754 16755
v -2204.0708 -1185.7556 265.5462
v -2206.0702 -1186.3013 265.5454
v -2205.1261 -1181.7688 265.5466
f 16756 16757 16758
v -2219.5364 -1185.6961 265.5409
v -2205.1261 -1181.7688 265.5466
v -2206.0702 -1186.3013 265.5454
f 16759 16760 16761
v -2205.8079 -1188.8069 265.5451
v -2206.3496 -1194.6644 265.5438
v -2218.5004 -1189.7878 265.5405
f 16762 16763 16764
v -2217.3077 -1203.3009 265.5384
v -2205.9732 -1197.4653 265.5434
v -2205.3034 -1200.1612 265.5431
f 16765 16766 16767
v -2205.8079 -1188.8069 265.5451
v -2204.3993 -1194.1336 265.5446
v -2206.3496 -1194.6644 265.5438
f 16768 16769 16770
v -2205.9732 -1197.4653 265.5434
v -2206.3496 -1194.6644 265.5438
v -2205.6119 -1197.3703 265.5435
f 16771 16772 16773
v -2206.3496 -1194.6644 265.5438
v -2205.9732 -1197.4653 265.5434
v -2217.3077 -1203.3009 265.5384
f 16774 16775 16776
v -2206.0702 -1186.3013 265.5454
v -2205.8079 -1188.8069 265.5451
v -2218.4670 -1189.6289 265.5405
f 16777 16778 16779
v -2206.3496 -1194.6644 265.5438
v -2205.6188 -1197.3737 286.0257
v -2205.6119 -1197.3703 265.5435
f 16780 16781 16782
v -2204.3993 -1194.1336 265.5446
v -2206.3565 -1194.6677 286.0260
v -2206.3496 -1194.6644 265.5438
f 16783 16784 16785
v -2205.8079 -1188.8069 265.5451
v -2204.4060 -1194.1370 286.0267
v -2204.3993 -1194.1336 265.5446
f 16786 16787 16788
v -2205.4156 -1188.7030 265.5452
v -2205.8148 -1188.8102 286.0273
v -2205.8079 -1188.8069 265.5451
f 16789 16790 16791
v -2206.0702 -1186.3013 265.5454
v -2205.4225 -1188.7063 286.0274
v -2205.4156 -1188.7030 265.5452
f 16792 16793 16794
v -2204.0708 -1185.7556 265.5462
v -2206.0770 -1186.3045 286.0276
v -2206.0702 -1186.3013 265.5454
f 16795 16796 16797
v -2205.1261 -1181.7688 265.5466
v -2204.0776 -1185.7589 286.0284
v -2204.0708 -1185.7556 265.5462
f 16798 16799 16800
v -2219.5364 -1185.6961 265.5409
v -2205.1328 -1181.7722 286.0288
v -2205.1261 -1181.7688 265.5466
f 16801 16802 16803
v -2218.4670 -1189.6289 265.5405
v -2219.5433 -1185.6995 286.0231
v -2219.5364 -1185.6961 265.5409
f 16804 16805 16806
v -2218.5370 -1189.6478 265.5405
v -2218.4738 -1189.6323 286.0227
v -2218.4670 -1189.6289 265.5405
f 16807 16808 16809
v -2218.5004 -1189.7878 265.5405
v -2218.5439 -1189.6511 286.0227
v -2218.5370 -1189.6478 265.5405
f 16810 16811 16812
v -2220.7970 -1190.3957 265.5396
v -2218.5073 -1189.7912 286.0227
v -2218.5004 -1189.7878 265.5405
f 16813 16814 16815
v -2220.0625 -1193.1706 265.5393
v -2220.8039 -1190.3990 286.0218
v -2220.7970 -1190.3957 265.5396
f 16816 16817 16818
v -2217.3077 -1203.3009 265.5384
v -2220.0694 -1193.1740 286.0215
v -2220.0625 -1193.1706 265.5393
f 16819 16820 16821
v -2217.3777 -1203.3197 265.5383
v -2217.3146 -1203.3043 286.0206
v -2217.3077 -1203.3009 265.5384
f 16822 16823 16824
v -2217.3689 -1203.3518 265.5383
v -2217.3846 -1203.3230 286.0205
v -2217.3777 -1203.3197 265.5383
f 16825 16826 16827
v -2205.3034 -1200.1612 265.5431
v -2217.3757 -1203.3551 286.0205
v -2217.3689 -1203.3518 265.5383
f 16828 16829 16830
v -2205.9732 -1197.4653 265.5434
v -2205.3102 -1200.1645 286.0253
v -2205.3034 -1200.1612 265.5431
f 16831 16832 16833
v -2205.6119 -1197.3703 265.5435
v -2205.9800 -1197.4687 286.0256
v -2205.9732 -1197.4653 265.5434
f 16834 16835 16836

g building_ID_C666F548-D1DB-43BB-8765-AA1F42E85410
v -2169.8347 -1199.0798 279.9839
v -2181.3853 -1203.0907 279.9792
v -2171.2144 -1204.1930 279.9824
f 16837 16838 16839
v -2181.3853 -1203.0907 279.9792
v -2171.1826 -1204.3021 279.9824
v -2171.2144 -1204.1930 279.9824
f 16840 16841 16842
v -2183.9202 -1203.8169 279.9782
v -2182.8721 -1207.4817 279.9778
v -2181.3853 -1203.0907 279.9792
f 16843 16844 16845
v -2171.1826 -1204.3021 279.9824
v -2181.3853 -1203.0907 279.9792
v -2182.8721 -1207.4817 279.9778
f 16846 16847 16848
v -2169.8347 -1199.0798 279.9839
v -2171.2144 -1204.1930 279.9824
v -2168.5864 -1203.4430 279.9835
f 16849 16850 16851
v -2171.0657 -1185.6816 279.9860
v -2169.8347 -1199.0798 279.9839
v -2167.4309 -1198.3922 279.9848
f 16852 16853 16854
v -2179.0754 -1187.8650 279.9829
v -2169.8347 -1199.0798 279.9839
v -2171.0657 -1185.6816 279.9860
f 16855 16856 16857
v -2181.1786 -1194.6313 279.9808
v -2183.6054 -1195.3248 279.9799
v -2181.3853 -1203.0907 279.9792
f 16858 16859 16860
v -2181.1786 -1194.6313 279.9808
v -2179.0754 -1187.8650 279.9829
v -2182.8083 -1188.9320 279.9814
f 16861 16862 16863
v -2179.0754 -1187.8650 279.9829
v -2181.1786 -1194.6313 279.9808
v -2169.8347 -1199.0798 279.9839
f 16864 16865 16866
v -2169.8347 -1199.0798 279.9839
v -2181.1786 -1194.6313 279.9808
v -2181.3853 -1203.0907 279.9792
f 16867 16868 16869
v -2179.0709 -1187.8627 266.0994
v -2179.0754 -1187.8650 279.9829
v -2171.0657 -1185.6816 279.9860
f 16870 16871 16872
v -2182.8037 -1188.9297 266.0979
v -2182.8083 -1188.9320 279.9814
v -2179.0754 -1187.8650 279.9829
f 16873 16874 16875
v -2181.1741 -1194.6291 266.0974
v -2181.1786 -1194.6313 279.9808
v -2182.8083 -1188.9320 279.9814
f 16876 16877 16878
v -2183.6009 -1195.3225 266.0965
v -2183.6054 -1195.3248 279.9799
v -2181.1786 -1194.6313 279.9808
f 16879 16880 16881
v -2181.3807 -1203.0884 266.0958
v -2181.3853 -1203.0907 279.9792
v -2183.6054 -1195.3248 279.9799
f 16882 16883 16884
v -2183.9156 -1203.8146 266.0948
v -2183.9202 -1203.8169 279.9782
v -2181.3853 -1203.0907 279.9792
f 16885 16886 16887
v -2182.8675 -1207.4794 266.0943
v -2182.8721 -1207.4817 279.9778
v -2183.9202 -1203.8169 279.9782
f 16888 16889 16890
v -2171.1781 -1204.2998 266.0990
v -2171.1826 -1204.3021 279.9824
v -2182.8721 -1207.4817 279.9778
f 16891 16892 16893
v -2171.2098 -1204.1907 266.0990
v -2171.2144 -1204.1930 279.9824
v -2171.1826 -1204.3021 279.9824
f 16894 16895 16896
v -2168.5819 -1203.4408 266.1001
v -2168.5864 -1203.4430 279.9835
v -2171.2144 -1204.1930 279.9824
f 16897 16898 16899
v -2169.8301 -1199.0775 266.1005
v -2169.8347 -1199.0798 279.9839
v -2168.5864 -1203.4430 279.9835
f 16900 16901 16902
v -2167.4263 -1198.3899 266.1014
v -2167.4309 -1198.3922 279.9848
v -2169.8347 -1199.0798 279.9839
f 16903 16904 16905
v -2171.0611 -1185.6794 266.1025
v -2171.0657 -1185.6816 279.9860
v -2167.4309 -1198.3922 279.9848
f 16906 16907 16908
v -2171.0611 -1185.6794 266.1025
v -2169.8301 -1199.0775 266.1005
v -2179.0709 -1187.8627 266.0994
f 16909 16910 16911
v -2169.8301 -1199.0775 266.1005
v -2181.1741 -1194.6291 266.0974
v -2179.0709 -1187.8627 266.0994
f 16912 16913 16914
v -2179.0709 -1187.8627 266.0994
v -2181.1741 -1194.6291 266.0974
v -2182.8037 -1188.9297 266.0979
f 16915 16916 16917
v -2181.1741 -1194.6291 266.0974
v -2181.3807 -1203.0884 266.0958
v -2183.6009 -1195.3225 266.0965
f 16918 16919 16920
v -2171.0611 -1185.6794 266.1025
v -2167.4263 -1198.3899 266.1014
v -2169.8301 -1199.0775 266.1005
f 16921 16922 16923
v -2168.5819 -1203.4408 266.1001
v -2171.2098 -1204.1907 266.0990
v -2169.8301 -1199.0775 266.1005
f 16924 16925 16926
v -2182.8675 -1207.4794 266.0943
v -2183.9156 -1203.8146 266.0948
v -2181.3807 -1203.0884 266.0958
f 16927 16928 16929
v -2182.8675 -1207.4794 266.0943
v -2181.3807 -1203.0884 266.0958
v -2171.1781 -1204.2998 266.0990
f 16930 16931 16932
v -2171.2098 -1204.1907 266.0990
v -2171.1781 -1204.2998 266.0990
v -2181.3807 -1203.0884 266.0958
f 16933 16934 16935
v -2171.2098 -1204.1907 266.0990
v -2181.3807 -1203.0884 266.0958
v -2169.8301 -1199.0775 266.1005
f 16936 16937 16938
v -2169.8301 -1199.0775 266.1005
v -2181.3807 -1203.0884 266.0958
v -2181.1741 -1194.6291 266.0974
f 16939 16940 16941
v -2179.0709 -1187.8627 266.0994
v -2171.0657 -1185.6816 279.9860
v -2171.0611 -1185.6794 266.1025
f 16942 16943 16944
v -2182.8037 -1188.9297 266.0979
v -2179.0754 -1187.8650 279.9829
v -2179.0709 -1187.8627 266.0994
f 16945 16946 16947
v -2181.1741 -1194.6291 266.0974
v -2182.8083 -1188.9320 279.9814
v -2182.8037 -1188.9297 266.0979
f 16948 16949 16950
v -2183.6009 -1195.3225 266.0965
v -2181.1786 -1194.6313 279.9808
v -2181.1741 -1194.6291 266.0974
f 16951 16952 16953
v -2181.3807 -1203.0884 266.0958
v -2183.6054 -1195.3248 279.9799
v -2183.6009 -1195.3225 266.0965
f 16954 16955 16956
v -2183.9156 -1203.8146 266.0948
v -2181.3853 -1203.0907 279.9792
v -2181.3807 -1203.0884 266.0958
f 16957 16958 16959
v -2182.8675 -1207.4794 266.0943
v -2183.9202 -1203.8169 279.9782
v -2183.9156 -1203.8146 266.0948
f 16960 16961 16962
v -2171.1781 -1204.2998 266.0990
v -2182.8721 -1207.4817 279.9778
v -2182.8675 -1207.4794 266.0943
f 16963 16964 16965
v -2171.2098 -1204.1907 266.0990
v -2171.1826 -1204.3021 279.9824
v -2171.1781 -1204.2998 266.0990
f 16966 16967 16968
v -2168.5819 -1203.4408 266.1001
v -2171.2144 -1204.1930 279.9824
v -2171.2098 -1204.1907 266.0990
f 16969 16970 16971
v -2169.8301 -1199.0775 266.1005
v -2168.5864 -1203.4430 279.9835
v -2168.5819 -1203.4408 266.1001
f 16972 16973 16974
v -2167.4263 -1198.3899 266.1014
v -2169.8347 -1199.0798 279.9839
v -2169.8301 -1199.0775 266.1005
f 16975 16976 16977
v -2171.0611 -1185.6794 266.1025
v -2167.4309 -1198.3922 279.9848
v -2167.4263 -1198.3899 266.1014
f 16978 16979 16980

g building_ID_D25B330F-A54E-4D9E-A401-9061A66D1EBC
v -2181.3634 -1221.7456 279.9756
v -2183.8022 -1222.4431 279.9747
v -2182.8116 -1225.9097 279.9743
f 16981 16982 16983
v -2181.2681 -1213.0929 279.9773
v -2183.6439 -1213.7715 279.9764
v -2181.3634 -1221.7456 279.9756
f 16984 16985 16986
v -2169.6608 -1217.7691 279.9804
v -2181.2681 -1213.0929 279.9773
v -2181.3634 -1221.7456 279.9756
f 16987 16988 16989
v -2181.3634 -1221.7456 279.9756
v -2182.8116 -1225.9097 279.9743
v -2168.5027 -1221.8181 279.9800
f 16990 16991 16992
v -2169.6608 -1217.7691 279.9804
v -2171.1826 -1204.3021 279.9824
v -2181.2681 -1213.0929 279.9773
f 16993 16994 16995
v -2181.2681 -1213.0929 279.9773
v -2171.1826 -1204.3021 279.9824
v -2182.8721 -1207.4817 279.9778
f 16996 16997 16998
v -2167.5082 -1217.1528 279.9812
v -2171.1826 -1204.3021 279.9824
v -2169.6608 -1217.7691 279.9804
f 16999 17000 17001
v -2168.5027 -1221.8181 279.9800
v -2169.6608 -1217.7691 279.9804
v -2181.3634 -1221.7456 279.9756
f 17002 17003 17004
v -2168.4981 -1221.8158 266.0965
v -2168.5027 -1221.8181 279.9800
v -2182.8116 -1225.9097 279.9743
f 17005 17006 17007
v -2169.6563 -1217.7667 266.0969
v -2169.6608 -1217.7691 279.9804
v -2168.5027 -1221.8181 279.9800
f 17008 17009 17010
v -2167.5037 -1217.1505 266.0977
v -2167.5082 -1217.1528 279.9812
v -2169.6608 -1217.7691 279.9804
f 17011 17012 17013
v -2171.1781 -1204.2998 266.0990
v -2171.1826 -1204.3021 279.9824
v -2167.5082 -1217.1528 279.9812
f 17014 17015 17016
v -2182.8675 -1207.4794 266.0943
v -2182.8721 -1207.4817 279.9778
v -2171.1826 -1204.3021 279.9824
f 17017 17018 17019
v -2181.2636 -1213.0906 266.0938
v -2181.2681 -1213.0929 279.9773
v -2182.8721 -1207.4817 279.9778
f 17020 17021 17022
v -2183.6394 -1213.7692 266.0929
v -2183.6439 -1213.7715 279.9764
v -2181.2681 -1213.0929 279.9773
f 17023 17024 17025
v -2181.3588 -1221.7433 266.0921
v -2181.3634 -1221.7456 279.9756
v -2183.6439 -1213.7715 279.9764
f 17026 17027 17028
v -2183.7976 -1222.4407 266.0912
v -2183.8022 -1222.4431 279.9747
v -2181.3634 -1221.7456 279.9756
f 17029 17030 17031
v -2182.8070 -1225.9073 266.0908
v -2182.8116 -1225.9097 279.9743
v -2183.8022 -1222.4431 279.9747
f 17032 17033 17034
v -2169.6563 -1217.7667 266.0969
v -2181.2636 -1213.0906 266.0938
v -2171.1781 -1204.2998 266.0990
f 17035 17036 17037
v -2171.1781 -1204.2998 266.0990
v -2167.5037 -1217.1505 266.0977
v -2169.6563 -1217.7667 266.0969
f 17038 17039 17040
v -2181.2636 -1213.0906 266.0938
v -2182.8675 -1207.4794 266.0943
v -2171.1781 -1204.2998 266.0990
f 17041 17042 17043
v -2181.3588 -1221.7433 266.0921
v -2169.6563 -1217.7667 266.0969
v -2168.4981 -1221.8158 266.0965
f 17044 17045 17046
v -2181.3588 -1221.7433 266.0921
v -2182.8070 -1225.9073 266.0908
v -2183.7976 -1222.4407 266.0912
f 17047 17048 17049
v -2183.6394 -1213.7692 266.0929
v -2181.2636 -1213.0906 266.0938
v -2181.3588 -1221.7433 266.0921
f 17050 17051 17052
v -2169.6563 -1217.7667 266.0969
v -2181.3588 -1221.7433 266.0921
v -2181.2636 -1213.0906 266.0938
f 17053 17054 17055
v -2168.4981 -1221.8158 266.0965
v -2182.8070 -1225.9073 266.0908
v -2181.3588 -1221.7433 266.0921
f 17056 17057 17058
v -2168.4981 -1221.8158 266.0965
v -2182.8116 -1225.9097 279.9743
v -2182.8070 -1225.9073 266.0908
f 17059 17060 17061
v -2169.6563 -1217.7667 266.0969
v -2168.5027 -1221.8181 279.9800
v -2168.4981 -1221.8158 266.0965
f 17062 17063 17064
v -2167.5037 -1217.1505 266.0977
v -2169.6608 -1217.7691 279.9804
v -2169.6563 -1217.7667 266.0969
f 17065 17066 17067
v -2171.1781 -1204.2998 266.0990
v -2167.5082 -1217.1528 279.9812
v -2167.5037 -1217.1505 266.0977
f 17068 17069 17070
v -2182.8675 -1207.4794 266.0943
v -2171.1826 -1204.3021 279.9824
v -2171.1781 -1204.2998 266.0990
f 17071 17072 17073
v -2181.2636 -1213.0906 266.0938
v -2182.8721 -1207.4817 279.9778
v -2182.8675 -1207.4794 266.0943
f 17074 17075 17076
v -2183.6394 -1213.7692 266.0929
v -2181.2681 -1213.0929 279.9773
v -2181.2636 -1213.0906 266.0938
f 17077 17078 17079
v -2181.3588 -1221.7433 266.0921
v -2183.6439 -1213.7715 279.9764
v -2183.6394 -1213.7692 266.0929
f 17080 17081 17082
v -2183.7976 -1222.4407 266.0912
v -2181.3634 -1221.7456 279.9756
v -2181.3588 -1221.7433 266.0921
f 17083 17084 17085
v -2182.8070 -1225.9073 266.0908
v -2183.8022 -1222.4431 279.9747
v -2183.7976 -1222.4407 266.0912
f 17086 17087 17088

g building_ID_38FD80B0-8394-4E8D-A086-939600E88C31
v -2174.8475 -1266.3358 281.1070
v -2174.6425 -1267.0904 281.1070
v -2171.2223 -1266.2325 281.1083
f 17089 17090 17091
v -2174.8475 -1266.3358 281.1070
v -2186.2219 -1252.7124 281.1058
v -2183.1596 -1268.6006 281.1038
f 17092 17093 17094
v -2174.8475 -1266.3358 281.1070
v -2171.2223 -1266.2325 281.1083
v -2175.2037 -1250.3640 281.1101
f 17095 17096 17097
v -2183.1596 -1268.6006 281.1038
v -2186.9608 -1270.1803 281.1020
v -2183.0001 -1269.1859 281.1037
f 17098 17099 17100
v -2186.9608 -1270.1803 281.1020
v -2183.1596 -1268.6006 281.1038
v -2187.7846 -1267.1551 281.1025
f 17101 17102 17103
v -2183.1596 -1268.6006 281.1038
v -2186.2219 -1252.7124 281.1058
v -2187.7846 -1267.1551 281.1025
f 17104 17105 17106
v -2186.2219 -1252.7124 281.1058
v -2175.2037 -1250.3640 281.1101
v -2186.2353 -1252.5404 281.1059
f 17107 17108 17109
v -2186.6146 -1251.1454 281.1060
v -2186.2353 -1252.5404 281.1059
v -2175.2037 -1250.3640 281.1101
f 17110 17111 17112
v -2172.7966 -1245.8676 281.1118
v -2186.9669 -1249.7435 281.1062
v -2175.2037 -1250.3640 281.1101
f 17113 17114 17115
v -2186.6146 -1251.1454 281.1060
v -2175.2037 -1250.3640 281.1101
v -2186.9669 -1249.7435 281.1062
f 17116 17117 17118
v -2172.7966 -1245.8676 281.1118
v -2175.2037 -1250.3640 281.1101
v -2171.8774 -1249.5299 281.1114
f 17119 17120 17121
v -2186.2219 -1252.7124 281.1058
v -2191.1001 -1253.9373 281.1039
v -2187.7846 -1267.1551 281.1025
f 17122 17123 17124
v -2186.2353 -1252.5404 281.1059
v -2186.2634 -1252.5483 281.1059
v -2186.2219 -1252.7124 281.1058
f 17125 17126 17127
v -2175.2037 -1250.3640 281.1101
v -2186.2219 -1252.7124 281.1058
v -2174.8475 -1266.3358 281.1070
f 17128 17129 17130
v -2186.2307 -1252.5380 266.9894
v -2186.2353 -1252.5404 281.1059
v -2186.6146 -1251.1454 281.1060
f 17131 17132 17133
v -2186.2588 -1252.5460 266.9894
v -2186.2634 -1252.5483 281.1059
v -2186.2353 -1252.5404 281.1059
f 17134 17135 17136
v -2186.2172 -1252.7100 266.9893
v -2186.2219 -1252.7124 281.1058
v -2186.2634 -1252.5483 281.1059
f 17137 17138 17139
v -2191.0954 -1253.9349 266.9874
v -2191.1001 -1253.9373 281.1039
v -2186.2219 -1252.7124 281.1058
f 17140 17141 17142
v -2187.7800 -1267.1526 266.9860
v -2187.7846 -1267.1551 281.1025
v -2191.1001 -1253.9373 281.1039
f 17143 17144 17145
v -2186.9561 -1270.1779 266.9856
v -2186.9608 -1270.1803 281.1020
v -2187.7846 -1267.1551 281.1025
f 17146 17147 17148
v -2182.9954 -1269.1834 266.9872
v -2183.0001 -1269.1859 281.1037
v -2186.9608 -1270.1803 281.1020
f 17149 17150 17151
v -2183.1549 -1268.5981 266.9873
v -2183.1596 -1268.6006 281.1038
v -2183.0001 -1269.1859 281.1037
f 17152 17153 17154
v -2174.8429 -1266.3333 266.9905
v -2174.8475 -1266.3358 281.1070
v -2183.1596 -1268.6006 281.1038
f 17155 17156 17157
v -2174.6379 -1267.0879 266.9905
v -2174.6425 -1267.0904 281.1070
v -2174.8475 -1266.3358 281.1070
f 17158 17159 17160
v -2171.2176 -1266.2302 266.9918
v -2171.2223 -1266.2325 281.1083
v -2174.6425 -1267.0904 281.1070
f 17161 17162 17163
v -2175.1990 -1250.3616 266.9936
v -2175.2037 -1250.3640 281.1101
v -2171.2223 -1266.2325 281.1083
f 17164 17165 17166
v -2171.8728 -1249.5275 266.9949
v -2171.8774 -1249.5299 281.1114
v -2175.2037 -1250.3640 281.1101
f 17167 17168 17169
v -2172.7920 -1245.8652 266.9953
v -2172.7966 -1245.8676 281.1118
v -2171.8774 -1249.5299 281.1114
f 17170 17171 17172
v -2186.9622 -1249.7410 266.9897
v -2186.9669 -1249.7435 281.1062
v -2172.7966 -1245.8676 281.1118
f 17173 17174 17175
v -2186.6100 -1251.1430 266.9895
v -2186.6146 -1251.1454 281.1060
v -2186.9669 -1249.7435 281.1062
f 17176 17177 17178
v -2186.6100 -1251.1430 266.9895
v -2186.9622 -1249.7410 266.9897
v -2175.1990 -1250.3616 266.9936
f 17179 17180 17181
v -2172.7920 -1245.8652 266.9953
v -2175.1990 -1250.3616 266.9936
v -2186.9622 -1249.7410 266.9897
f 17182 17183 17184
v -2186.2172 -1252.7100 266.9893
v -2186.2307 -1252.5380 266.9894
v -2175.1990 -1250.3616 266.9936
f 17185 17186 17187
v -2186.6100 -1251.1430 266.9895
v -2175.1990 -1250.3616 266.9936
v -2186.2307 -1252.5380 266.9894
f 17188 17189 17190
v -2175.1990 -1250.3616 266.9936
v -2172.7920 -1245.8652 266.9953
v -2171.8728 -1249.5275 266.9949
f 17191 17192 17193
v -2186.2172 -1252.7100 266.9893
v -2187.7800 -1267.1526 266.9860
v -2191.0954 -1253.9349 266.9874
f 17194 17195 17196
v -2186.2588 -1252.5460 266.9894
v -2186.2307 -1252.5380 266.9894
v -2186.2172 -1252.7100 266.9893
f 17197 17198 17199
v -2174.8429 -1266.3333 266.9905
v -2186.2172 -1252.7100 266.9893
v -2175.1990 -1250.3616 266.9936
f 17200 17201 17202
v -2174.8429 -1266.3333 266.9905
v -2183.1549 -1268.5981 266.9873
v -2186.2172 -1252.7100 266.9893
f 17203 17204 17205
v -2174.8429 -1266.3333 266.9905
v -2175.1990 -1250.3616 266.9936
v -2171.2176 -1266.2302 266.9918
f 17206 17207 17208
v -2174.8429 -1266.3333 266.9905
v -2171.2176 -1266.2302 266.9918
v -2174.6379 -1267.0879 266.9905
f 17209 17210 17211
v -2186.9561 -1270.1779 266.9856
v -2187.7800 -1267.1526 266.9860
v -2183.1549 -1268.5981 266.9873
f 17212 17213 17214
v -2183.1549 -1268.5981 266.9873
v -2187.7800 -1267.1526 266.9860
v -2186.2172 -1252.7100 266.9893
f 17215 17216 17217
v -2183.1549 -1268.5981 266.9873
v -2182.9954 -1269.1834 266.9872
v -2186.9561 -1270.1779 266.9856
f 17218 17219 17220
v -2186.2307 -1252.5380 266.9894
v -2186.6146 -1251.1454 281.1060
v -2186.6100 -1251.1430 266.9895
f 17221 17222 17223
v -2186.2588 -1252.5460 266.9894
v -2186.2353 -1252.5404 281.1059
v -2186.2307 -1252.5380 266.9894
f 17224 17225 17226
v -2186.2172 -1252.7100 266.9893
v -2186.2634 -1252.5483 281.1059
v -2186.2588 -1252.5460 266.9894
f 17227 17228 17229
v -2191.0954 -1253.9349 266.9874
v -2186.2219 -1252.7124 281.1058
v -2186.2172 -1252.7100 266.9893
f 17230 17231 17232
v -2187.7800 -1267.1526 266.9860
v -2191.1001 -1253.9373 281.1039
v -2191.0954 -1253.9349 266.9874
f 17233 17234 17235
v -2186.9561 -1270.1779 266.9856
v -2187.7846 -1267.1551 281.1025
v -2187.7800 -1267.1526 266.9860
f 17236 17237 17238
v -2182.9954 -1269.1834 266.9872
v -2186.9608 -1270.1803 281.1020
v -2186.9561 -1270.1779 266.9856
f 17239 17240 17241
v -2183.1549 -1268.5981 266.9873
v -2183.0001 -1269.1859 281.1037
v -2182.9954 -1269.1834 266.9872
f 17242 17243 17244
v -2174.8429 -1266.3333 266.9905
v -2183.1596 -1268.6006 281.1038
v -2183.1549 -1268.5981 266.9873
f 17245 17246 17247
v -2174.6379 -1267.0879 266.9905
v -2174.8475 -1266.3358 281.1070
v -2174.8429 -1266.3333 266.9905
f 17248 17249 17250
v -2171.2176 -1266.2302 266.9918
v -2174.6425 -1267.0904 281.1070
v -2174.6379 -1267.0879 266.9905
f 17251 17252 17253
v -2175.1990 -1250.3616 266.9936
v -2171.2223 -1266.2325 281.1083
v -2171.2176 -1266.2302 266.9918
f 17254 17255 17256
v -2171.8728 -1249.5275 266.9949
v -2175.2037 -1250.3640 281.1101
v -2175.1990 -1250.3616 266.9936
f 17257 17258 17259
v -2172.7920 -1245.8652 266.9953
v -2171.8774 -1249.5299 281.1114
v -2171.8728 -1249.5275 266.9949
f 17260 17261 17262
v -2186.9622 -1249.7410 266.9897
v -2172.7966 -1245.8676 281.1118
v -2172.7920 -1245.8652 266.9953
f 17263 17264 17265
v -2186.6100 -1251.1430 266.9895
v -2186.9669 -1249.7435 281.1062
v -2186.9622 -1249.7410 266.9897
f 17266 17267 17268

g building_ID_6867F012-6BC9-4D60-BF29-BB5BD2D539CD
v -2188.0661 -1245.3656 281.1067
v -2186.9669 -1249.7435 281.1062
v -2185.8055 -1244.7497 281.1076
f 17269 17270 17271
v -2172.7966 -1245.8676 281.1118
v -2185.7492 -1244.6438 281.1076
v -2185.8055 -1244.7497 281.1076
f 17272 17273 17274
v -2185.8055 -1244.7497 281.1076
v -2185.7492 -1244.6438 281.1076
v -2185.8292 -1244.6636 281.1076
f 17275 17276 17277
v -2185.5755 -1236.1823 281.1093
v -2187.7221 -1236.7796 281.1084
v -2185.7492 -1244.6438 281.1076
f 17278 17279 17280
v -2172.7966 -1245.8676 281.1118
v -2185.8055 -1244.7497 281.1076
v -2186.9669 -1249.7435 281.1062
f 17281 17282 17283
v -2175.0536 -1227.6357 281.1145
v -2173.9928 -1241.0994 281.1123
v -2171.8133 -1240.5533 281.1131
f 17284 17285 17286
v -2173.9928 -1241.0994 281.1123
v -2185.4324 -1236.1398 281.1094
v -2185.7492 -1244.6438 281.1076
f 17287 17288 17289
v -2185.4324 -1236.1398 281.1094
v -2185.5755 -1236.1823 281.1093
v -2185.7492 -1244.6438 281.1076
f 17290 17291 17292
v -2185.4324 -1236.1398 281.1094
v -2175.0536 -1227.6357 281.1145
v -2186.8255 -1230.5881 281.1100
f 17293 17294 17295
v -2175.0536 -1227.6357 281.1145
v -2185.4324 -1236.1398 281.1094
v -2173.9928 -1241.0994 281.1123
f 17296 17297 17298
v -2172.7966 -1245.8676 281.1118
v -2173.9928 -1241.0994 281.1123
v -2185.7492 -1244.6438 281.1076
f 17299 17300 17301
v -2187.7174 -1236.7772 266.9920
v -2187.7221 -1236.7796 281.1084
v -2185.5755 -1236.1823 281.1093
f 17302 17303 17304
v -2185.7445 -1244.6414 266.9911
v -2185.7492 -1244.6438 281.1076
v -2187.7221 -1236.7796 281.1084
f 17305 17306 17307
v -2185.8246 -1244.6612 266.9911
v -2185.8292 -1244.6636 281.1076
v -2185.7492 -1244.6438 281.1076
f 17308 17309 17310
v -2185.8008 -1244.7472 266.9911
v -2185.8055 -1244.7497 281.1076
v -2185.8292 -1244.6636 281.1076
f 17311 17312 17313
v -2188.0614 -1245.3631 266.9902
v -2188.0661 -1245.3656 281.1067
v -2185.8055 -1244.7497 281.1076
f 17314 17315 17316
v -2186.9622 -1249.7410 266.9897
v -2186.9669 -1249.7435 281.1062
v -2188.0661 -1245.3656 281.1067
f 17317 17318 17319
v -2172.7920 -1245.8652 266.9953
v -2172.7966 -1245.8676 281.1118
v -2186.9669 -1249.7435 281.1062
f 17320 17321 17322
v -2173.9881 -1241.0970 266.9959
v -2173.9928 -1241.0994 281.1123
v -2172.7966 -1245.8676 281.1118
f 17323 17324 17325
v -2171.8087 -1240.5508 266.9967
v -2171.8133 -1240.5533 281.1131
v -2173.9928 -1241.0994 281.1123
f 17326 17327 17328
v -2175.0490 -1227.6333 266.9981
v -2175.0536 -1227.6357 281.1145
v -2171.8133 -1240.5533 281.1131
f 17329 17330 17331
v -2186.8208 -1230.5857 266.9936
v -2186.8255 -1230.5881 281.1100
v -2175.0536 -1227.6357 281.1145
f 17332 17333 17334
v -2185.4277 -1236.1374 266.9930
v -2185.4324 -1236.1398 281.1094
v -2186.8255 -1230.5881 281.1100
f 17335 17336 17337
v -2185.5708 -1236.1799 266.9929
v -2185.5755 -1236.1823 281.1093
v -2185.4324 -1236.1398 281.1094
f 17338 17339 17340
v -2185.7445 -1244.6414 266.9911
v -2185.4277 -1236.1374 266.9930
v -2173.9881 -1241.0970 266.9959
f 17341 17342 17343
v -2175.0490 -1227.6333 266.9981
v -2171.8087 -1240.5508 266.9967
v -2173.9881 -1241.0970 266.9959
f 17344 17345 17346
v -2186.8208 -1230.5857 266.9936
v -2175.0490 -1227.6333 266.9981
v -2185.4277 -1236.1374 266.9930
f 17347 17348 17349
v -2173.9881 -1241.0970 266.9959
v -2185.4277 -1236.1374 266.9930
v -2175.0490 -1227.6333 266.9981
f 17350 17351 17352
v -2185.7445 -1244.6414 266.9911
v -2173.9881 -1241.0970 266.9959
v -2172.7920 -1245.8652 266.9953
f 17353 17354 17355
v -2188.0614 -1245.3631 266.9902
v -2185.8008 -1244.7472 266.9911
v -2186.9622 -1249.7410 266.9897
f 17356 17357 17358
v -2172.7920 -1245.8652 266.9953
v -2185.8008 -1244.7472 266.9911
v -2185.7445 -1244.6414 266.9911
f 17359 17360 17361
v -2185.7445 -1244.6414 266.9911
v -2187.7174 -1236.7772 266.9920
v -2185.5708 -1236.1799 266.9929
f 17362 17363 17364
v -2185.8008 -1244.7472 266.9911
v -2185.8246 -1244.6612 266.9911
v -2185.7445 -1244.6414 266.9911
f 17365 17366 17367
v -2185.7445 -1244.6414 266.9911
v -2185.5708 -1236.1799 266.9929
v -2185.4277 -1236.1374 266.9930
f 17368 17369 17370
v -2186.9622 -1249.7410 266.9897
v -2185.8008 -1244.7472 266.9911
v -2172.7920 -1245.8652 266.9953
f 17371 17372 17373
v -2187.7174 -1236.7772 266.9920
v -2185.5755 -1236.1823 281.1093
v -2185.5708 -1236.1799 266.9929
f 17374 17375 17376
v -2185.7445 -1244.6414 266.9911
v -2187.7221 -1236.7796 281.1084
v -2187.7174 -1236.7772 266.9920
f 17377 17378 17379
v -2185.8246 -1244.6612 266.9911
v -2185.7492 -1244.6438 281.1076
v -2185.7445 -1244.6414 266.9911
f 17380 17381 17382
v -2185.8008 -1244.7472 266.9911
v -2185.8292 -1244.6636 281.1076
v -2185.8246 -1244.6612 266.9911
f 17383 17384 17385
v -2188.0614 -1245.3631 266.9902
v -2185.8055 -1244.7497 281.1076
v -2185.8008 -1244.7472 266.9911
f 17386 17387 17388
v -2186.9622 -1249.7410 266.9897
v -2188.0661 -1245.3656 281.1067
v -2188.0614 -1245.3631 266.9902
f 17389 17390 17391
v -2172.7920 -1245.8652 266.9953
v -2186.9669 -1249.7435 281.1062
v -2186.9622 -1249.7410 266.9897
f 17392 17393 17394
v -2173.9881 -1241.0970 266.9959
v -2172.7966 -1245.8676 281.1118
v -2172.7920 -1245.8652 266.9953
f 17395 17396 17397
v -2171.8087 -1240.5508 266.9967
v -2173.9928 -1241.0994 281.1123
v -2173.9881 -1241.0970 266.9959
f 17398 17399 17400
v -2175.0490 -1227.6333 266.9981
v -2171.8133 -1240.5533 281.1131
v -2171.8087 -1240.5508 266.9967
f 17401 17402 17403
v -2186.8208 -1230.5857 266.9936
v -2175.0536 -1227.6357 281.1145
v -2175.0490 -1227.6333 266.9981
f 17404 17405 17406
v -2185.4277 -1236.1374 266.9930
v -2186.8255 -1230.5881 281.1100
v -2186.8208 -1230.5857 266.9936
f 17407 17408 17409
v -2185.5708 -1236.1799 266.9929
v -2185.4324 -1236.1398 281.1094
v -2185.4277 -1236.1374 266.9930
f 17410 17411 17412

g building_ID_AB9B3E43-4F6E-4A36-946A-7BFF440BA6D4
v -2223.4383 -1244.8121 284.2335
v -2224.7539 -1239.8386 284.2340
v -2226.6663 -1240.3626 284.2332
f 17413 17414 17415
v -2240.2826 -1239.0010 284.2287
v -2227.9566 -1237.4741 284.2333
v -2229.3059 -1232.3765 284.2338
f 17416 17417 17418
v -2226.6663 -1240.3626 284.2332
v -2227.4903 -1237.3503 284.2335
v -2227.9566 -1237.4741 284.2333
f 17419 17420 17421
v -2239.0818 -1243.5412 284.2281
v -2226.6663 -1240.3626 284.2332
v -2227.9566 -1237.4741 284.2333
f 17422 17423 17424
v -2222.1519 -1247.6216 284.2333
v -2219.1697 -1250.9045 284.2336
v -2220.1805 -1247.0829 284.2340
f 17425 17426 17427
v -2223.4383 -1244.8121 284.2335
v -2222.1519 -1247.6216 284.2333
v -2222.9560 -1244.6845 284.2336
f 17428 17429 17430
v -2223.4383 -1244.8121 284.2335
v -2231.0342 -1254.0897 284.2289
v -2222.1519 -1247.6216 284.2333
f 17431 17432 17433
v -2231.0194 -1254.1468 284.2289
v -2219.1697 -1250.9045 284.2336
v -2222.1519 -1247.6216 284.2333
f 17434 17435 17436
v -2234.6933 -1250.4299 284.2283
v -2223.4383 -1244.8121 284.2335
v -2226.6663 -1240.3626 284.2332
f 17437 17438 17439
v -2239.0818 -1243.5412 284.2281
v -2237.0380 -1251.0506 284.2274
v -2234.6933 -1250.4299 284.2283
f 17440 17441 17442
v -2239.0818 -1243.5412 284.2281
v -2234.6933 -1250.4299 284.2283
v -2226.6663 -1240.3626 284.2332
f 17443 17444 17445
v -2242.7013 -1239.6425 284.2276
v -2240.2826 -1239.0010 284.2287
v -2243.6460 -1236.1689 284.2281
f 17446 17447 17448
v -2229.3059 -1232.3765 284.2338
v -2243.6460 -1236.1689 284.2281
v -2240.2826 -1239.0010 284.2287
f 17449 17450 17451
v -2234.6933 -1250.4299 284.2283
v -2231.0342 -1254.0897 284.2289
v -2223.4383 -1244.8121 284.2335
f 17452 17453 17454
v -2234.5284 -1250.8333 284.2283
v -2233.4689 -1254.7321 284.2279
v -2231.0342 -1254.0897 284.2289
f 17455 17456 17457
v -2222.1519 -1247.6216 284.2333
v -2231.0342 -1254.0897 284.2289
v -2231.0194 -1254.1468 284.2289
f 17458 17459 17460
v -2234.5284 -1250.8333 284.2283
v -2234.6933 -1250.4299 284.2283
v -2234.5824 -1250.8482 284.2283
f 17461 17462 17463
v -2234.5284 -1250.8333 284.2283
v -2231.0342 -1254.0897 284.2289
v -2234.6933 -1250.4299 284.2283
f 17464 17465 17466
v -2239.0818 -1243.5412 284.2281
v -2227.9566 -1237.4741 284.2333
v -2240.2826 -1239.0010 284.2287
f 17467 17468 17469
v -2242.6955 -1239.6395 267.0983
v -2242.7013 -1239.6425 284.2276
v -2243.6460 -1236.1689 284.2281
f 17470 17471 17472
v -2240.2768 -1238.9980 267.0993
v -2240.2826 -1239.0010 284.2287
v -2242.7013 -1239.6425 284.2276
f 17473 17474 17475
v -2239.0760 -1243.5382 267.0988
v -2239.0818 -1243.5412 284.2281
v -2240.2826 -1239.0010 284.2287
f 17476 17477 17478
v -2237.0322 -1251.0477 267.0981
v -2237.0380 -1251.0506 284.2274
v -2239.0818 -1243.5412 284.2281
f 17479 17480 17481
v -2234.6875 -1250.4269 267.0990
v -2234.6933 -1250.4299 284.2283
v -2237.0380 -1251.0506 284.2274
f 17482 17483 17484
v -2234.5767 -1250.8453 267.0990
v -2234.5824 -1250.8482 284.2283
v -2234.6933 -1250.4299 284.2283
f 17485 17486 17487
v -2234.5226 -1250.8304 267.0990
v -2234.5284 -1250.8333 284.2283
v -2234.5824 -1250.8482 284.2283
f 17488 17489 17490
v -2233.4631 -1254.7292 267.0986
v -2233.4689 -1254.7321 284.2279
v -2234.5284 -1250.8333 284.2283
f 17491 17492 17493
v -2231.0284 -1254.0867 267.0996
v -2231.0342 -1254.0897 284.2289
v -2233.4689 -1254.7321 284.2279
f 17494 17495 17496
v -2231.0135 -1254.1437 267.0996
v -2231.0194 -1254.1468 284.2289
v -2231.0342 -1254.0897 284.2289
f 17497 17498 17499
v -2219.1640 -1250.9016 267.1043
v -2219.1697 -1250.9045 284.2336
v -2231.0194 -1254.1468 284.2289
f 17500 17501 17502
v -2220.1747 -1247.0800 267.1047
v -2220.1805 -1247.0829 284.2340
v -2219.1697 -1250.9045 284.2336
f 17503 17504 17505
v -2222.1461 -1247.6186 267.1040
v -2222.1519 -1247.6216 284.2333
v -2220.1805 -1247.0829 284.2340
f 17506 17507 17508
v -2222.9502 -1244.6816 267.1042
v -2222.9560 -1244.6845 284.2336
v -2222.1519 -1247.6216 284.2333
f 17509 17510 17511
v -2223.4326 -1244.8092 267.1041
v -2223.4383 -1244.8121 284.2335
v -2222.9560 -1244.6845 284.2336
f 17512 17513 17514
v -2224.7482 -1239.8357 267.1046
v -2224.7539 -1239.8386 284.2340
v -2223.4383 -1244.8121 284.2335
f 17515 17516 17517
v -2226.6606 -1240.3596 267.1038
v -2226.6663 -1240.3626 284.2332
v -2224.7539 -1239.8386 284.2340
f 17518 17519 17520
v -2227.4845 -1237.3475 267.1041
v -2227.4903 -1237.3503 284.2335
v -2226.6663 -1240.3626 284.2332
f 17521 17522 17523
v -2227.9509 -1237.4711 267.1039
v -2227.9566 -1237.4741 284.2333
v -2227.4903 -1237.3503 284.2335
f 17524 17525 17526
v -2229.3002 -1232.3737 267.1044
v -2229.3059 -1232.3765 284.2338
v -2227.9566 -1237.4741 284.2333
f 17527 17528 17529
v -2243.6401 -1236.1661 267.0987
v -2243.6460 -1236.1689 284.2281
v -2229.3059 -1232.3765 284.2338
f 17530 17531 17532
v -2240.2768 -1238.9980 267.0993
v -2242.6955 -1239.6395 267.0983
v -2243.6401 -1236.1661 267.0987
f 17533 17534 17535
v -2234.6875 -1250.4269 267.0990
v -2239.0760 -1243.5382 267.0988
v -2226.6606 -1240.3596 267.1038
f 17536 17537 17538
v -2234.6875 -1250.4269 267.0990
v -2231.0284 -1254.0867 267.0996
v -2234.5226 -1250.8304 267.0990
f 17539 17540 17541
v -2240.2768 -1238.9980 267.0993
v -2243.6401 -1236.1661 267.0987
v -2229.3002 -1232.3737 267.1044
f 17542 17543 17544
v -2234.6875 -1250.4269 267.0990
v -2237.0322 -1251.0477 267.0981
v -2239.0760 -1243.5382 267.0988
f 17545 17546 17547
v -2233.4631 -1254.7292 267.0986
v -2234.5226 -1250.8304 267.0990
v -2231.0284 -1254.0867 267.0996
f 17548 17549 17550
v -2234.5767 -1250.8453 267.0990
v -2234.6875 -1250.4269 267.0990
v -2234.5226 -1250.8304 267.0990
f 17551 17552 17553
v -2240.2768 -1238.9980 267.0993
v -2227.9509 -1237.4711 267.1039
v -2239.0760 -1243.5382 267.0988
f 17554 17555 17556
v -2227.9509 -1237.4711 267.1039
v -2226.6606 -1240.3596 267.1038
v -2239.0760 -1243.5382 267.0988
f 17557 17558 17559
v -2223.4326 -1244.8092 267.1041
v -2226.6606 -1240.3596 267.1038
v -2224.7482 -1239.8357 267.1046
f 17560 17561 17562
v -2227.9509 -1237.4711 267.1039
v -2227.4845 -1237.3475 267.1041
v -2226.6606 -1240.3596 267.1038
f 17563 17564 17565
v -2226.6606 -1240.3596 267.1038
v -2223.4326 -1244.8092 267.1041
v -2234.6875 -1250.4269 267.0990
f 17566 17567 17568
v -2223.4326 -1244.8092 267.1041
v -2222.1461 -1247.6186 267.1040
v -2231.0284 -1254.0867 267.0996
f 17569 17570 17571
v -2223.4326 -1244.8092 267.1041
v -2231.0284 -1254.0867 267.0996
v -2234.6875 -1250.4269 267.0990
f 17572 17573 17574
v -2222.9502 -1244.6816 267.1042
v -2222.1461 -1247.6186 267.1040
v -2223.4326 -1244.8092 267.1041
f 17575 17576 17577
v -2219.1640 -1250.9016 267.1043
v -2222.1461 -1247.6186 267.1040
v -2220.1747 -1247.0800 267.1047
f 17578 17579 17580
v -2222.1461 -1247.6186 267.1040
v -2219.1640 -1250.9016 267.1043
v -2231.0135 -1254.1437 267.0996
f 17581 17582 17583
v -2231.0284 -1254.0867 267.0996
v -2222.1461 -1247.6186 267.1040
v -2231.0135 -1254.1437 267.0996
f 17584 17585 17586
v -2229.3002 -1232.3737 267.1044
v -2227.9509 -1237.4711 267.1039
v -2240.2768 -1238.9980 267.0993
f 17587 17588 17589
v -2242.6955 -1239.6395 267.0983
v -2243.6460 -1236.1689 284.2281
v -2243.6401 -1236.1661 267.0987
f 17590 17591 17592
v -2240.2768 -1238.9980 267.0993
v -2242.7013 -1239.6425 284.2276
v -2242.6955 -1239.6395 267.0983
f 17593 17594 17595
v -2239.0760 -1243.5382 267.0988
v -2240.2826 -1239.0010 284.2287
v -2240.2768 -1238.9980 267.0993
f 17596 17597 17598
v -2237.0322 -1251.0477 267.0981
v -2239.0818 -1243.5412 284.2281
v -2239.0760 -1243.5382 267.0988
f 17599 17600 17601
v -2234.6875 -1250.4269 267.0990
v -2237.0380 -1251.0506 284.2274
v -2237.0322 -1251.0477 267.0981
f 17602 17603 17604
v -2234.5767 -1250.8453 267.0990
v -2234.6933 -1250.4299 284.2283
v -2234.6875 -1250.4269 267.0990
f 17605 17606 17607
v -2234.5226 -1250.8304 267.0990
v -2234.5824 -1250.8482 284.2283
v -2234.5767 -1250.8453 267.0990
f 17608 17609 17610
v -2233.4631 -1254.7292 267.0986
v -2234.5284 -1250.8333 284.2283
v -2234.5226 -1250.8304 267.0990
f 17611 17612 17613
v -2231.0284 -1254.0867 267.0996
v -2233.4689 -1254.7321 284.2279
v -2233.4631 -1254.7292 267.0986
f 17614 17615 17616
v -2231.0135 -1254.1437 267.0996
v -2231.0342 -1254.0897 284.2289
v -2231.0284 -1254.0867 267.0996
f 17617 17618 17619
v -2219.1640 -1250.9016 267.1043
v -2231.0194 -1254.1468 284.2289
v -2231.0135 -1254.1437 267.0996
f 17620 17621 17622
v -2220.1747 -1247.0800 267.1047
v -2219.1697 -1250.9045 284.2336
v -2219.1640 -1250.9016 267.1043
f 17623 17624 17625
v -2222.1461 -1247.6186 267.1040
v -2220.1805 -1247.0829 284.2340
v -2220.1747 -1247.0800 267.1047
f 17626 17627 17628
v -2222.9502 -1244.6816 267.1042
v -2222.1519 -1247.6216 284.2333
v -2222.1461 -1247.6186 267.1040
f 17629 17630 17631
v -2223.4326 -1244.8092 267.1041
v -2222.9560 -1244.6845 284.2336
v -2222.9502 -1244.6816 267.1042
f 17632 17633 17634
v -2224.7482 -1239.8357 267.1046
v -2223.4383 -1244.8121 284.2335
v -2223.4326 -1244.8092 267.1041
f 17635 17636 17637
v -2226.6606 -1240.3596 267.1038
v -2224.7539 -1239.8386 284.2340
v -2224.7482 -1239.8357 267.1046
f 17638 17639 17640
v -2227.4845 -1237.3475 267.1041
v -2226.6663 -1240.3626 284.2332
v -2226.6606 -1240.3596 267.1038
f 17641 17642 17643
v -2227.9509 -1237.4711 267.1039
v -2227.4903 -1237.3503 284.2335
v -2227.4845 -1237.3475 267.1041
f 17644 17645 17646
v -2229.3002 -1232.3737 267.1044
v -2227.9566 -1237.4741 284.2333
v -2227.9509 -1237.4711 267.1039
f 17647 17648 17649
v -2243.6401 -1236.1661 267.0987
v -2229.3059 -1232.3765 284.2338
v -2229.3002 -1232.3737 267.1044
f 17650 17651 17652

g building_ID_0064E346-D24A-4546-A2B7-22527F306B84
v -2225.1482 -1266.3803 284.2285
v -2229.2929 -1260.6713 284.2282
v -2227.5669 -1267.0189 284.2275
f 17653 17654 17655
v -2229.2929 -1260.6713 284.2282
v -2225.1482 -1266.3803 284.2285
v -2217.2321 -1256.2517 284.2333
f 17656 17657 17658
v -2217.2321 -1256.2517 284.2333
v -2218.5064 -1253.4154 284.2334
v -2229.2929 -1260.6713 284.2282
f 17659 17660 17661
v -2219.1697 -1250.9045 284.2336
v -2231.0194 -1254.1468 284.2289
v -2218.5064 -1253.4154 284.2334
f 17662 17663 17664
v -2229.2929 -1260.6713 284.2282
v -2218.5064 -1253.4154 284.2334
v -2231.0194 -1254.1468 284.2289
f 17665 17666 17667
v -2217.2321 -1256.2517 284.2333
v -2218.0421 -1253.2926 284.2336
v -2218.5064 -1253.4154 284.2334
f 17668 17669 17670
v -2212.7176 -1263.5118 284.2334
v -2225.1482 -1266.3803 284.2285
v -2223.8682 -1271.2097 284.2280
f 17671 17672 17673
v -2209.7158 -1267.2898 284.2337
v -2210.8503 -1263.0008 284.2341
v -2212.7176 -1263.5118 284.2334
f 17674 17675 17676
v -2223.8682 -1271.2097 284.2280
v -2209.7158 -1267.2898 284.2337
v -2212.7176 -1263.5118 284.2334
f 17677 17678 17679
v -2209.7158 -1267.2898 284.2337
v -2209.1476 -1267.2053 284.2339
v -2209.1645 -1267.1442 284.2339
f 17680 17681 17682
v -2209.1476 -1267.2053 284.2339
v -2209.7158 -1267.2898 284.2337
v -2223.8682 -1271.2097 284.2280
f 17683 17684 17685
v -2215.3568 -1255.7388 284.2340
v -2217.2321 -1256.2517 284.2333
v -2214.0569 -1260.6532 284.2335
f 17686 17687 17688
v -2214.0569 -1260.6532 284.2335
v -2217.2321 -1256.2517 284.2333
v -2225.1482 -1266.3803 284.2285
f 17689 17690 17691
v -2212.7176 -1263.5118 284.2334
v -2213.5376 -1260.5156 284.2337
v -2214.0569 -1260.6532 284.2335
f 17692 17693 17694
v -2212.7176 -1263.5118 284.2334
v -2214.0569 -1260.6532 284.2335
v -2225.1482 -1266.3803 284.2285
f 17695 17696 17697
v -2227.5611 -1267.0159 267.0982
v -2227.5669 -1267.0189 284.2275
v -2229.2929 -1260.6713 284.2282
f 17698 17699 17700
v -2225.1425 -1266.3774 267.0992
v -2225.1482 -1266.3803 284.2285
v -2227.5669 -1267.0189 284.2275
f 17701 17702 17703
v -2223.8624 -1271.2068 267.0987
v -2223.8682 -1271.2097 284.2280
v -2225.1482 -1266.3803 284.2285
f 17704 17705 17706
v -2209.1418 -1267.2023 267.1046
v -2209.1476 -1267.2053 284.2339
v -2223.8682 -1271.2097 284.2280
f 17707 17708 17709
v -2209.1587 -1267.1413 267.1046
v -2209.1645 -1267.1442 284.2339
v -2209.1476 -1267.2053 284.2339
f 17710 17711 17712
v -2209.7100 -1267.2868 267.1044
v -2209.7158 -1267.2898 284.2337
v -2209.1645 -1267.1442 284.2339
f 17713 17714 17715
v -2210.8446 -1262.9978 267.1048
v -2210.8503 -1263.0008 284.2341
v -2209.7158 -1267.2898 284.2337
f 17716 17717 17718
v -2212.7119 -1263.5088 267.1041
v -2212.7176 -1263.5118 284.2334
v -2210.8503 -1263.0008 284.2341
f 17719 17720 17721
v -2213.5319 -1260.5126 267.1044
v -2213.5376 -1260.5156 284.2337
v -2212.7176 -1263.5118 284.2334
f 17722 17723 17724
v -2214.0512 -1260.6502 267.1042
v -2214.0569 -1260.6532 284.2335
v -2213.5376 -1260.5156 284.2337
f 17725 17726 17727
v -2215.3510 -1255.7358 267.1047
v -2215.3568 -1255.7388 284.2340
v -2214.0569 -1260.6532 284.2335
f 17728 17729 17730
v -2217.2264 -1256.2487 267.1040
v -2217.2321 -1256.2517 284.2333
v -2215.3568 -1255.7388 284.2340
f 17731 17732 17733
v -2218.0364 -1253.2896 267.1043
v -2218.0421 -1253.2926 284.2336
v -2217.2321 -1256.2517 284.2333
f 17734 17735 17736
v -2218.5007 -1253.4123 267.1041
v -2218.5064 -1253.4154 284.2334
v -2218.0421 -1253.2926 284.2336
f 17737 17738 17739
v -2219.1640 -1250.9016 267.1043
v -2219.1697 -1250.9045 284.2336
v -2218.5064 -1253.4154 284.2334
f 17740 17741 17742
v -2231.0135 -1254.1437 267.0996
v -2231.0194 -1254.1468 284.2289
v -2219.1697 -1250.9045 284.2336
f 17743 17744 17745
v -2229.2871 -1260.6683 267.0989
v -2229.2929 -1260.6713 284.2282
v -2231.0194 -1254.1468 284.2289
f 17746 17747 17748
v -2209.7100 -1267.2868 267.1044
v -2209.1587 -1267.1413 267.1046
v -2209.1418 -1267.2023 267.1046
f 17749 17750 17751
v -2223.8624 -1271.2068 267.0987
v -2212.7119 -1263.5088 267.1041
v -2209.7100 -1267.2868 267.1044
f 17752 17753 17754
v -2209.7100 -1267.2868 267.1044
v -2209.1418 -1267.2023 267.1046
v -2223.8624 -1271.2068 267.0987
f 17755 17756 17757
v -2212.7119 -1263.5088 267.1041
v -2210.8446 -1262.9978 267.1048
v -2209.7100 -1267.2868 267.1044
f 17758 17759 17760
v -2217.2264 -1256.2487 267.1040
v -2215.3510 -1255.7358 267.1047
v -2214.0512 -1260.6502 267.1042
f 17761 17762 17763
v -2213.5319 -1260.5126 267.1044
v -2212.7119 -1263.5088 267.1041
v -2214.0512 -1260.6502 267.1042
f 17764 17765 17766
v -2214.0512 -1260.6502 267.1042
v -2212.7119 -1263.5088 267.1041
v -2225.1425 -1266.3774 267.0992
f 17767 17768 17769
v -2214.0512 -1260.6502 267.1042
v -2225.1425 -1266.3774 267.0992
v -2217.2264 -1256.2487 267.1040
f 17770 17771 17772
v -2225.1425 -1266.3774 267.0992
v -2227.5611 -1267.0159 267.0982
v -2229.2871 -1260.6683 267.0989
f 17773 17774 17775
v -2217.2264 -1256.2487 267.1040
v -2225.1425 -1266.3774 267.0992
v -2229.2871 -1260.6683 267.0989
f 17776 17777 17778
v -2218.5007 -1253.4123 267.1041
v -2218.0364 -1253.2896 267.1043
v -2217.2264 -1256.2487 267.1040
f 17779 17780 17781
v -2231.0135 -1254.1437 267.0996
v -2219.1640 -1250.9016 267.1043
v -2218.5007 -1253.4123 267.1041
f 17782 17783 17784
v -2229.2871 -1260.6683 267.0989
v -2218.5007 -1253.4123 267.1041
v -2217.2264 -1256.2487 267.1040
f 17785 17786 17787
v -2218.5007 -1253.4123 267.1041
v -2229.2871 -1260.6683 267.0989
v -2231.0135 -1254.1437 267.0996
f 17788 17789 17790
v -2223.8624 -1271.2068 267.0987
v -2225.1425 -1266.3774 267.0992
v -2212.7119 -1263.5088 267.1041
f 17791 17792 17793
v -2227.5611 -1267.0159 267.0982
v -2229.2929 -1260.6713 284.2282
v -2229.2871 -1260.6683 267.0989
f 17794 17795 17796
v -2225.1425 -1266.3774 267.0992
v -2227.5669 -1267.0189 284.2275
v -2227.5611 -1267.0159 267.0982
f 17797 17798 17799
v -2223.8624 -1271.2068 267.0987
v -2225.1482 -1266.3803 284.2285
v -2225.1425 -1266.3774 267.0992
f 17800 17801 17802
v -2209.1418 -1267.2023 267.1046
v -2223.8682 -1271.2097 284.2280
v -2223.8624 -1271.2068 267.0987
f 17803 17804 17805
v -2209.1587 -1267.1413 267.1046
v -2209.1476 -1267.2053 284.2339
v -2209.1418 -1267.2023 267.1046
f 17806 17807 17808
v -2209.7100 -1267.2868 267.1044
v -2209.1645 -1267.1442 284.2339
v -2209.1587 -1267.1413 267.1046
f 17809 17810 17811
v -2210.8446 -1262.9978 267.1048
v -2209.7158 -1267.2898 284.2337
v -2209.7100 -1267.2868 267.1044
f 17812 17813 17814
v -2212.7119 -1263.5088 267.1041
v -2210.8503 -1263.0008 284.2341
v -2210.8446 -1262.9978 267.1048
f 17815 17816 17817
v -2213.5319 -1260.5126 267.1044
v -2212.7176 -1263.5118 284.2334
v -2212.7119 -1263.5088 267.1041
f 17818 17819 17820
v -2214.0512 -1260.6502 267.1042
v -2213.5376 -1260.5156 284.2337
v -2213.5319 -1260.5126 267.1044
f 17821 17822 17823
v -2215.3510 -1255.7358 267.1047
v -2214.0569 -1260.6532 284.2335
v -2214.0512 -1260.6502 267.1042
f 17824 17825 17826
v -2217.2264 -1256.2487 267.1040
v -2215.3568 -1255.7388 284.2340
v -2215.3510 -1255.7358 267.1047
f 17827 17828 17829
v -2218.0364 -1253.2896 267.1043
v -2217.2321 -1256.2517 284.2333
v -2217.2264 -1256.2487 267.1040
f 17830 17831 17832
v -2218.5007 -1253.4123 267.1041
v -2218.0421 -1253.2926 284.2336
v -2218.0364 -1253.2896 267.1043
f 17833 17834 17835
v -2219.1640 -1250.9016 267.1043
v -2218.5064 -1253.4154 284.2334
v -2218.5007 -1253.4123 267.1041
f 17836 17837 17838
v -2231.0135 -1254.1437 267.0996
v -2219.1697 -1250.9045 284.2336
v -2219.1640 -1250.9016 267.1043
f 17839 17840 17841
v -2229.2871 -1260.6683 267.0989
v -2231.0194 -1254.1468 284.2289
v -2231.0135 -1254.1437 267.0996
f 17842 17843 17844

g building_ID_013EC54D-BF80-4D3F-A621-78B249C54EA8
v -2203.6909 -1220.0648 286.5910
v -2203.4156 -1221.0755 286.5909
v -2200.0182 -1220.1766 286.5922
f 17845 17846 17847
v -2205.3104 -1200.1646 286.5942
v -2203.6909 -1220.0648 286.5910
v -2200.0182 -1220.1766 286.5922
f 17848 17849 17850
v -2212.0479 -1222.3413 286.5877
v -2215.7873 -1224.3473 286.5860
v -2211.7894 -1223.2901 286.5876
f 17851 17852 17853
v -2218.5442 -1208.2960 286.5881
v -2215.7873 -1224.3473 286.5860
v -2212.0479 -1222.3413 286.5877
f 17854 17855 17856
v -2212.0479 -1222.3413 286.5877
v -2203.6909 -1220.0648 286.5910
v -2218.5442 -1208.2960 286.5881
f 17857 17858 17859
v -2218.5442 -1208.2960 286.5881
v -2218.5686 -1208.1009 286.5881
v -2218.5936 -1208.1079 286.5881
f 17860 17861 17862
v -2218.5442 -1208.2960 286.5881
v -2205.3104 -1200.1646 286.5942
v -2218.5686 -1208.1009 286.5881
f 17863 17864 17865
v -2205.3104 -1200.1646 286.5942
v -2219.6569 -1204.0950 286.5885
v -2218.5686 -1208.1009 286.5881
f 17866 17867 17868
v -2215.7873 -1224.3473 286.5860
v -2218.5442 -1208.2960 286.5881
v -2219.9371 -1208.6652 286.5875
f 17869 17870 17871
v -2205.3104 -1200.1646 286.5942
v -2219.6935 -1203.9629 286.5885
v -2219.6569 -1204.0950 286.5885
f 17872 17873 17874
v -2203.6909 -1220.0648 286.5910
v -2205.3104 -1200.1646 286.5942
v -2218.5442 -1208.2960 286.5881
f 17875 17876 17877
v -2218.5866 -1208.1044 265.5369
v -2218.5936 -1208.1079 286.5881
v -2218.5686 -1208.1009 286.5881
f 17878 17879 17880
v -2218.5371 -1208.2925 265.5369
v -2218.5442 -1208.2960 286.5881
v -2218.5936 -1208.1079 286.5881
f 17881 17882 17883
v -2219.9301 -1208.6618 265.5363
v -2219.9371 -1208.6652 286.5875
v -2218.5442 -1208.2960 286.5881
f 17884 17885 17886
v -2215.7802 -1224.3438 265.5348
v -2215.7873 -1224.3473 286.5860
v -2219.9371 -1208.6652 286.5875
f 17887 17888 17889
v -2211.7824 -1223.2865 265.5364
v -2211.7894 -1223.2901 286.5876
v -2215.7873 -1224.3473 286.5860
f 17890 17891 17892
v -2212.0409 -1222.3378 265.5365
v -2212.0479 -1222.3413 286.5877
v -2211.7894 -1223.2901 286.5876
f 17893 17894 17895
v -2203.6838 -1220.0612 265.5398
v -2203.6909 -1220.0648 286.5910
v -2212.0479 -1222.3413 286.5877
f 17896 17897 17898
v -2203.4086 -1221.0720 265.5397
v -2203.4156 -1221.0755 286.5909
v -2203.6909 -1220.0648 286.5910
f 17899 17900 17901
v -2200.0112 -1220.1731 265.5410
v -2200.0182 -1220.1766 286.5922
v -2203.4156 -1221.0755 286.5909
f 17902 17903 17904
v -2205.3034 -1200.1612 265.5431
v -2205.3104 -1200.1646 286.5942
v -2200.0182 -1220.1766 286.5922
f 17905 17906 17907
v -2219.6865 -1203.9595 265.5374
v -2219.6935 -1203.9629 286.5885
v -2205.3104 -1200.1646 286.5942
f 17908 17909 17910
v -2218.5615 -1208.0975 265.5369
v -2219.6498 -1204.0916 265.5374
v -2205.3034 -1200.1612 265.5431
f 17911 17912 17913
v -2218.5371 -1208.2925 265.5369
v -2218.5615 -1208.0975 265.5369
v -2205.3034 -1200.1612 265.5431
f 17914 17915 17916
v -2218.5371 -1208.2925 265.5369
v -2218.5866 -1208.1044 265.5369
v -2218.5615 -1208.0975 265.5369
f 17917 17918 17919
v -2205.3034 -1200.1612 265.5431
v -2219.6498 -1204.0916 265.5374
v -2219.6865 -1203.9595 265.5374
f 17920 17921 17922
v -2218.5371 -1208.2925 265.5369
v -2205.3034 -1200.1612 265.5431
v -2203.6838 -1220.0612 265.5398
f 17923 17924 17925
v -2203.4086 -1221.0720 265.5397
v -2203.6838 -1220.0612 265.5398
v -2200.0112 -1220.1731 265.5410
f 17926 17927 17928
v -2203.6838 -1220.0612 265.5398
v -2212.0409 -1222.3378 265.5365
v -2218.5371 -1208.2925 265.5369
f 17929 17930 17931
v -2215.7802 -1224.3438 265.5348
v -2219.9301 -1208.6618 265.5363
v -2212.0409 -1222.3378 265.5365
f 17932 17933 17934
v -2212.0409 -1222.3378 265.5365
v -2219.9301 -1208.6618 265.5363
v -2218.5371 -1208.2925 265.5369
f 17935 17936 17937
v -2212.0409 -1222.3378 265.5365
v -2211.7824 -1223.2865 265.5364
v -2215.7802 -1224.3438 265.5348
f 17938 17939 17940
v -2200.0112 -1220.1731 265.5410
v -2203.6838 -1220.0612 265.5398
v -2205.3034 -1200.1612 265.5431
f 17941 17942 17943
v -2219.6498 -1204.0916 265.5374
v -2218.5615 -1208.0975 265.5369
v -2218.5686 -1208.1009 286.5881
f 17944 17945 17946
v -2219.6569 -1204.0950 286.5885
v -2219.6935 -1203.9629 286.5885
v -2219.6865 -1203.9595 265.5374
f 17947 17948 17949
v -2218.5866 -1208.1044 265.5369
v -2218.5686 -1208.1009 286.5881
v -2218.5615 -1208.0975 265.5369
f 17950 17951 17952
v -2218.5371 -1208.2925 265.5369
v -2218.5936 -1208.1079 286.5881
v -2218.5866 -1208.1044 265.5369
f 17953 17954 17955
v -2219.9301 -1208.6618 265.5363
v -2218.5442 -1208.2960 286.5881
v -2218.5371 -1208.2925 265.5369
f 17956 17957 17958
v -2215.7802 -1224.3438 265.5348
v -2219.9371 -1208.6652 286.5875
v -2219.9301 -1208.6618 265.5363
f 17959 17960 17961
v -2211.7824 -1223.2865 265.5364
v -2215.7873 -1224.3473 286.5860
v -2215.7802 -1224.3438 265.5348
f 17962 17963 17964
v -2212.0409 -1222.3378 265.5365
v -2211.7894 -1223.2901 286.5876
v -2211.7824 -1223.2865 265.5364
f 17965 17966 17967
v -2203.6838 -1220.0612 265.5398
v -2212.0479 -1222.3413 286.5877
v -2212.0409 -1222.3378 265.5365
f 17968 17969 17970
v -2203.4086 -1221.0720 265.5397
v -2203.6909 -1220.0648 286.5910
v -2203.6838 -1220.0612 265.5398
f 17971 17972 17973
v -2200.0112 -1220.1731 265.5410
v -2203.4156 -1221.0755 286.5909
v -2203.4086 -1221.0720 265.5397
f 17974 17975 17976
v -2205.3034 -1200.1612 265.5431
v -2200.0182 -1220.1766 286.5922
v -2200.0112 -1220.1731 265.5410
f 17977 17978 17979
v -2219.6865 -1203.9595 265.5374
v -2205.3104 -1200.1646 286.5942
v -2205.3034 -1200.1612 265.5431
f 17980 17981 17982
v -2219.6498 -1204.0916 265.5374
v -2218.5686 -1208.1009 286.5881
v -2219.6569 -1204.0950 286.5885
f 17983 17984 17985
v -2219.6569 -1204.0950 286.5885
v -2219.6865 -1203.9595 265.5374
v -2219.6498 -1204.0916 265.5374
f 17986 17987 17988

g building_ID_D3961BEA-BC83-4C6C-8248-D9829C77C0AA
v -2295.1895 -1217.8234 287.8501
v -2295.4255 -1217.4657 287.8501
v -2295.3176 -1217.8580 287.8501
f 17989 17990 17991
v -2300.0933 -1210.6743 287.8497
v -2300.2657 -1210.4838 287.8497
v -2300.2054 -1210.7050 287.8497
f 17992 17993 17994
v -2285.6372 -1206.5071 287.8557
v -2300.0933 -1210.6743 287.8497
v -2295.4255 -1217.4657 287.8501
f 17995 17996 17997
v -2300.0933 -1210.6743 287.8497
v -2298.0445 -1218.1848 287.8490
v -2295.4255 -1217.4657 287.8501
f 17998 17999 18000
v -2285.6372 -1206.5071 287.8557
v -2300.2657 -1210.4838 287.8497
v -2300.0933 -1210.6743 287.8497
f 18001 18002 18003
v -2275.7654 -1220.7035 287.8565
v -2278.6785 -1221.5027 287.8553
v -2275.7476 -1220.7685 287.8565
f 18004 18005 18006
v -2293.0951 -1225.5030 287.8494
v -2275.7476 -1220.7685 287.8565
v -2278.6785 -1221.5027 287.8553
f 18007 18008 18009
v -2295.1895 -1217.8234 287.8501
v -2283.8170 -1213.1399 287.8551
v -2295.4255 -1217.4657 287.8501
f 18010 18011 18012
v -2285.6372 -1206.5071 287.8557
v -2295.4255 -1217.4657 287.8501
v -2283.8170 -1213.1399 287.8551
f 18013 18014 18015
v -2283.8170 -1213.1399 287.8551
v -2295.1895 -1217.8234 287.8501
v -2293.0951 -1225.5030 287.8494
f 18016 18017 18018
v -2283.8170 -1213.1399 287.8551
v -2278.6785 -1221.5027 287.8553
v -2281.1721 -1212.4140 287.8562
f 18019 18020 18021
v -2278.6785 -1221.5027 287.8553
v -2283.8170 -1213.1399 287.8551
v -2293.0951 -1225.5030 287.8494
f 18022 18023 18024
v -2300.0865 -1210.6711 268.3205
v -2300.0933 -1210.6743 287.8497
v -2300.2054 -1210.7050 287.8497
f 18025 18026 18027
v -2298.0377 -1218.1815 268.3198
v -2298.0445 -1218.1848 287.8490
v -2300.0933 -1210.6743 287.8497
f 18028 18029 18030
v -2295.4188 -1217.4625 268.3209
v -2295.4255 -1217.4657 287.8501
v -2298.0445 -1218.1848 287.8490
f 18031 18032 18033
v -2295.3108 -1217.8548 268.3209
v -2295.3176 -1217.8580 287.8501
v -2295.4255 -1217.4657 287.8501
f 18034 18035 18036
v -2295.1827 -1217.8201 268.3209
v -2295.1895 -1217.8234 287.8501
v -2295.3176 -1217.8580 287.8501
f 18037 18038 18039
v -2293.0883 -1225.4996 268.3202
v -2293.0951 -1225.5030 287.8494
v -2295.1895 -1217.8234 287.8501
f 18040 18041 18042
v -2275.7409 -1220.7652 268.3273
v -2275.7476 -1220.7685 287.8565
v -2293.0951 -1225.5030 287.8494
f 18043 18044 18045
v -2275.7587 -1220.7002 268.3273
v -2275.7654 -1220.7035 287.8565
v -2275.7476 -1220.7685 287.8565
f 18046 18047 18048
v -2278.6718 -1221.4994 268.3261
v -2278.6785 -1221.5027 287.8553
v -2275.7654 -1220.7035 287.8565
f 18049 18050 18051
v -2281.1654 -1212.4109 268.3270
v -2281.1721 -1212.4140 287.8562
v -2278.6785 -1221.5027 287.8553
f 18052 18053 18054
v -2283.8103 -1213.1368 268.3259
v -2283.8170 -1213.1399 287.8551
v -2281.1721 -1212.4140 287.8562
f 18055 18056 18057
v -2285.6305 -1206.5039 268.3265
v -2285.6372 -1206.5071 287.8557
v -2283.8170 -1213.1399 287.8551
f 18058 18059 18060
v -2300.2589 -1210.4805 268.3205
v -2300.2657 -1210.4838 287.8497
v -2285.6372 -1206.5071 287.8557
f 18061 18062 18063
v -2300.1986 -1210.7017 268.3205
v -2300.2054 -1210.7050 287.8497
v -2300.2657 -1210.4838 287.8497
f 18064 18065 18066
v -2275.7587 -1220.7002 268.3273
v -2275.7409 -1220.7652 268.3273
v -2278.6718 -1221.4994 268.3261
f 18067 18068 18069
v -2293.0883 -1225.4996 268.3202
v -2278.6718 -1221.4994 268.3261
v -2275.7409 -1220.7652 268.3273
f 18070 18071 18072
v -2283.8103 -1213.1368 268.3259
v -2281.1654 -1212.4109 268.3270
v -2278.6718 -1221.4994 268.3261
f 18073 18074 18075
v -2295.1827 -1217.8201 268.3209
v -2295.4188 -1217.4625 268.3209
v -2283.8103 -1213.1368 268.3259
f 18076 18077 18078
v -2285.6305 -1206.5039 268.3265
v -2283.8103 -1213.1368 268.3259
v -2295.4188 -1217.4625 268.3209
f 18079 18080 18081
v -2295.1827 -1217.8201 268.3209
v -2283.8103 -1213.1368 268.3259
v -2293.0883 -1225.4996 268.3202
f 18082 18083 18084
v -2293.0883 -1225.4996 268.3202
v -2283.8103 -1213.1368 268.3259
v -2278.6718 -1221.4994 268.3261
f 18085 18086 18087
v -2295.1827 -1217.8201 268.3209
v -2295.3108 -1217.8548 268.3209
v -2295.4188 -1217.4625 268.3209
f 18088 18089 18090
v -2285.6305 -1206.5039 268.3265
v -2295.4188 -1217.4625 268.3209
v -2300.0865 -1210.6711 268.3205
f 18091 18092 18093
v -2300.0865 -1210.6711 268.3205
v -2295.4188 -1217.4625 268.3209
v -2298.0377 -1218.1815 268.3198
f 18094 18095 18096
v -2300.0865 -1210.6711 268.3205
v -2300.1986 -1210.7017 268.3205
v -2300.2589 -1210.4805 268.3205
f 18097 18098 18099
v -2285.6305 -1206.5039 268.3265
v -2300.0865 -1210.6711 268.3205
v -2300.2589 -1210.4805 268.3205
f 18100 18101 18102
v -2300.0865 -1210.6711 268.3205
v -2300.2054 -1210.7050 287.8497
v -2300.1986 -1210.7017 268.3205
f 18103 18104 18105
v -2298.0377 -1218.1815 268.3198
v -2300.0933 -1210.6743 287.8497
v -2300.0865 -1210.6711 268.3205
f 18106 18107 18108
v -2295.4188 -1217.4625 268.3209
v -2298.0445 -1218.1848 287.8490
v -2298.0377 -1218.1815 268.3198
f 18109 18110 18111
v -2295.3108 -1217.8548 268.3209
v -2295.4255 -1217.4657 287.8501
v -2295.4188 -1217.4625 268.3209
f 18112 18113 18114
v -2295.1827 -1217.8201 268.3209
v -2295.3176 -1217.8580 287.8501
v -2295.3108 -1217.8548 268.3209
f 18115 18116 18117
v -2293.0883 -1225.4996 268.3202
v -2295.1895 -1217.8234 287.8501
v -2295.1827 -1217.8201 268.3209
f 18118 18119 18120
v -2275.7409 -1220.7652 268.3273
v -2293.0951 -1225.5030 287.8494
v -2293.0883 -1225.4996 268.3202
f 18121 18122 18123
v -2275.7587 -1220.7002 268.3273
v -2275.7476 -1220.7685 287.8565
v -2275.7409 -1220.7652 268.3273
f 18124 18125 18126
v -2278.6718 -1221.4994 268.3261
v -2275.7654 -1220.7035 287.8565
v -2275.7587 -1220.7002 268.3273
f 18127 18128 18129
v -2281.1654 -1212.4109 268.3270
v -2278.6785 -1221.5027 287.8553
v -2278.6718 -1221.4994 268.3261
f 18130 18131 18132
v -2283.8103 -1213.1368 268.3259
v -2281.1721 -1212.4140 287.8562
v -2281.1654 -1212.4109 268.3270
f 18133 18134 18135
v -2285.6305 -1206.5039 268.3265
v -2283.8170 -1213.1399 287.8551
v -2283.8103 -1213.1368 268.3259
f 18136 18137 18138
v -2300.2589 -1210.4805 268.3205
v -2285.6372 -1206.5071 287.8557
v -2285.6305 -1206.5039 268.3265
f 18139 18140 18141
v -2300.1986 -1210.7017 268.3205
v -2300.2657 -1210.4838 287.8497
v -2300.2589 -1210.4805 268.3205
f 18142 18143 18144

g building_ID_9208E51F-82A9-4B7B-A8B7-69FE9C332285
v -2264.1307 -1240.5176 287.8568
v -2265.7617 -1234.5703 287.8574
v -2268.6148 -1235.3526 287.8562
f 18145 18146 18147
v -2273.9651 -1227.2663 287.8559
v -2280.0495 -1241.2459 287.8510
v -2268.6148 -1235.3526 287.8562
f 18148 18149 18150
v -2268.6148 -1235.3526 287.8562
v -2271.0519 -1226.4661 287.8571
v -2273.9651 -1227.2663 287.8559
f 18151 18152 18153
v -2268.6148 -1235.3526 287.8562
v -2280.0495 -1241.2459 287.8510
v -2272.2746 -1242.7507 287.8535
f 18154 18155 18156
v -2278.3007 -1247.2605 287.8505
v -2272.2746 -1242.7507 287.8535
v -2279.8722 -1241.4994 287.8510
f 18157 18158 18159
v -2268.6148 -1235.3526 287.8562
v -2272.2746 -1242.7507 287.8535
v -2264.1307 -1240.5176 287.8568
f 18160 18161 18162
v -2271.5457 -1245.4097 287.8532
v -2272.2746 -1242.7507 287.8535
v -2278.3007 -1247.2605 287.8505
f 18163 18164 18165
v -2279.8722 -1241.4994 287.8510
v -2272.2746 -1242.7507 287.8535
v -2280.0495 -1241.2459 287.8510
f 18166 18167 18168
v -2285.2922 -1232.5848 287.8508
v -2273.9651 -1227.2663 287.8559
v -2275.7466 -1220.7715 287.8565
f 18169 18170 18171
v -2290.2972 -1224.7795 287.8505
v -2287.9582 -1233.3147 287.8497
v -2285.2922 -1232.5848 287.8508
f 18172 18173 18174
v -2293.0843 -1225.5440 287.8494
v -2290.2972 -1224.7795 287.8505
v -2293.0951 -1225.5030 287.8494
f 18175 18176 18177
v -2275.7466 -1220.7715 287.8565
v -2293.0951 -1225.5030 287.8494
v -2290.2972 -1224.7795 287.8505
f 18178 18179 18180
v -2290.2972 -1224.7795 287.8505
v -2285.2922 -1232.5848 287.8508
v -2275.7466 -1220.7715 287.8565
f 18181 18182 18183
v -2279.8722 -1241.4994 287.8510
v -2280.0495 -1241.2459 287.8510
v -2279.9722 -1241.5270 287.8510
f 18184 18185 18186
v -2280.0495 -1241.2459 287.8510
v -2285.1859 -1232.8461 287.8508
v -2282.6955 -1241.9717 287.8499
f 18187 18188 18189
v -2285.2922 -1232.5848 287.8508
v -2285.2179 -1232.8550 287.8508
v -2285.1859 -1232.8461 287.8508
f 18190 18191 18192
v -2280.0495 -1241.2459 287.8510
v -2273.9651 -1227.2663 287.8559
v -2285.1859 -1232.8461 287.8508
f 18193 18194 18195
v -2285.2922 -1232.5848 287.8508
v -2285.1859 -1232.8461 287.8508
v -2273.9651 -1227.2663 287.8559
f 18196 18197 18198
v -2293.0775 -1225.5407 268.3202
v -2293.0843 -1225.5440 287.8494
v -2293.0951 -1225.5030 287.8494
f 18199 18200 18201
v -2290.2905 -1224.7761 268.3213
v -2290.2972 -1224.7795 287.8505
v -2293.0843 -1225.5440 287.8494
f 18202 18203 18204
v -2287.9514 -1233.3113 268.3205
v -2287.9582 -1233.3147 287.8497
v -2290.2972 -1224.7795 287.8505
f 18205 18206 18207
v -2285.2855 -1232.5816 268.3216
v -2285.2922 -1232.5848 287.8508
v -2287.9582 -1233.3147 287.8497
f 18208 18209 18210
v -2285.2112 -1232.8518 268.3216
v -2285.2179 -1232.8550 287.8508
v -2285.2922 -1232.5848 287.8508
f 18211 18212 18213
v -2285.1792 -1232.8428 268.3216
v -2285.1859 -1232.8461 287.8508
v -2285.2179 -1232.8550 287.8508
f 18214 18215 18216
v -2282.6887 -1241.9684 268.3206
v -2282.6955 -1241.9717 287.8499
v -2285.1859 -1232.8461 287.8508
f 18217 18218 18219
v -2280.0428 -1241.2425 268.3217
v -2280.0495 -1241.2459 287.8510
v -2282.6955 -1241.9717 287.8499
f 18220 18221 18222
v -2279.9655 -1241.5237 268.3217
v -2279.9722 -1241.5270 287.8510
v -2280.0495 -1241.2459 287.8510
f 18223 18224 18225
v -2279.8655 -1241.4960 268.3217
v -2279.8722 -1241.4994 287.8510
v -2279.9722 -1241.5270 287.8510
f 18226 18227 18228
v -2278.2939 -1247.2571 268.3212
v -2278.3007 -1247.2605 287.8505
v -2279.8722 -1241.4994 287.8510
f 18229 18230 18231
v -2271.5390 -1245.4063 268.3239
v -2271.5457 -1245.4097 287.8532
v -2278.3007 -1247.2605 287.8505
f 18232 18233 18234
v -2272.2679 -1242.7473 268.3243
v -2272.2746 -1242.7507 287.8535
v -2271.5457 -1245.4097 287.8532
f 18235 18236 18237
v -2264.1240 -1240.5142 268.3276
v -2264.1307 -1240.5176 287.8568
v -2272.2746 -1242.7507 287.8535
f 18238 18239 18240
v -2265.7550 -1234.5669 268.3282
v -2265.7617 -1234.5703 287.8574
v -2264.1307 -1240.5176 287.8568
f 18241 18242 18243
v -2268.6081 -1235.3492 268.3270
v -2268.6148 -1235.3526 287.8562
v -2265.7617 -1234.5703 287.8574
f 18244 18245 18246
v -2271.0452 -1226.4628 268.3279
v -2271.0519 -1226.4661 287.8571
v -2268.6148 -1235.3526 287.8562
f 18247 18248 18249
v -2273.9584 -1227.2630 268.3267
v -2273.9651 -1227.2663 287.8559
v -2271.0519 -1226.4661 287.8571
f 18250 18251 18252
v -2275.7399 -1220.7682 268.3273
v -2275.7466 -1220.7715 287.8565
v -2273.9651 -1227.2663 287.8559
f 18253 18254 18255
v -2293.0883 -1225.4996 268.3202
v -2293.0951 -1225.5030 287.8494
v -2275.7466 -1220.7715 287.8565
f 18256 18257 18258
v -2290.2905 -1224.7761 268.3213
v -2293.0775 -1225.5407 268.3202
v -2293.0883 -1225.4996 268.3202
f 18259 18260 18261
v -2287.9514 -1233.3113 268.3205
v -2290.2905 -1224.7761 268.3213
v -2285.2855 -1232.5816 268.3216
f 18262 18263 18264
v -2275.7399 -1220.7682 268.3273
v -2285.2855 -1232.5816 268.3216
v -2290.2905 -1224.7761 268.3213
f 18265 18266 18267
v -2290.2905 -1224.7761 268.3213
v -2293.0883 -1225.4996 268.3202
v -2275.7399 -1220.7682 268.3273
f 18268 18269 18270
v -2285.2855 -1232.5816 268.3216
v -2285.1792 -1232.8428 268.3216
v -2285.2112 -1232.8518 268.3216
f 18271 18272 18273
v -2285.1792 -1232.8428 268.3216
v -2280.0428 -1241.2425 268.3217
v -2282.6887 -1241.9684 268.3206
f 18274 18275 18276
v -2279.8655 -1241.4960 268.3217
v -2279.9655 -1241.5237 268.3217
v -2280.0428 -1241.2425 268.3217
f 18277 18278 18279
v -2273.9584 -1227.2630 268.3267
v -2280.0428 -1241.2425 268.3217
v -2285.1792 -1232.8428 268.3216
f 18280 18281 18282
v -2273.9584 -1227.2630 268.3267
v -2285.1792 -1232.8428 268.3216
v -2285.2855 -1232.5816 268.3216
f 18283 18284 18285
v -2273.9584 -1227.2630 268.3267
v -2268.6081 -1235.3492 268.3270
v -2280.0428 -1241.2425 268.3217
f 18286 18287 18288
v -2264.1240 -1240.5142 268.3276
v -2268.6081 -1235.3492 268.3270
v -2265.7550 -1234.5669 268.3282
f 18289 18290 18291
v -2273.9584 -1227.2630 268.3267
v -2271.0452 -1226.4628 268.3279
v -2268.6081 -1235.3492 268.3270
f 18292 18293 18294
v -2268.6081 -1235.3492 268.3270
v -2272.2679 -1242.7473 268.3243
v -2280.0428 -1241.2425 268.3217
f 18295 18296 18297
v -2272.2679 -1242.7473 268.3243
v -2278.2939 -1247.2571 268.3212
v -2279.8655 -1241.4960 268.3217
f 18298 18299 18300
v -2272.2679 -1242.7473 268.3243
v -2279.8655 -1241.4960 268.3217
v -2280.0428 -1241.2425 268.3217
f 18301 18302 18303
v -2278.2939 -1247.2571 268.3212
v -2272.2679 -1242.7473 268.3243
v -2271.5390 -1245.4063 268.3239
f 18304 18305 18306
v -2272.2679 -1242.7473 268.3243
v -2268.6081 -1235.3492 268.3270
v -2264.1240 -1240.5142 268.3276
f 18307 18308 18309
v -2275.7399 -1220.7682 268.3273
v -2273.9584 -1227.2630 268.3267
v -2285.2855 -1232.5816 268.3216
f 18310 18311 18312
v -2293.0775 -1225.5407 268.3202
v -2293.0951 -1225.5030 287.8494
v -2293.0883 -1225.4996 268.3202
f 18313 18314 18315
v -2290.2905 -1224.7761 268.3213
v -2293.0843 -1225.5440 287.8494
v -2293.0775 -1225.5407 268.3202
f 18316 18317 18318
v -2287.9514 -1233.3113 268.3205
v -2290.2972 -1224.7795 287.8505
v -2290.2905 -1224.7761 268.3213
f 18319 18320 18321
v -2285.2855 -1232.5816 268.3216
v -2287.9582 -1233.3147 287.8497
v -2287.9514 -1233.3113 268.3205
f 18322 18323 18324
v -2285.2112 -1232.8518 268.3216
v -2285.2922 -1232.5848 287.8508
v -2285.2855 -1232.5816 268.3216
f 18325 18326 18327
v -2285.1792 -1232.8428 268.3216
v -2285.2179 -1232.8550 287.8508
v -2285.2112 -1232.8518 268.3216
f 18328 18329 18330
v -2282.6887 -1241.9684 268.3206
v -2285.1859 -1232.8461 287.8508
v -2285.1792 -1232.8428 268.3216
f 18331 18332 18333
v -2280.0428 -1241.2425 268.3217
v -2282.6955 -1241.9717 287.8499
v -2282.6887 -1241.9684 268.3206
f 18334 18335 18336
v -2279.9655 -1241.5237 268.3217
v -2280.0495 -1241.2459 287.8510
v -2280.0428 -1241.2425 268.3217
f 18337 18338 18339
v -2279.8655 -1241.4960 268.3217
v -2279.9722 -1241.5270 287.8510
v -2279.9655 -1241.5237 268.3217
f 18340 18341 18342
v -2278.2939 -1247.2571 268.3212
v -2279.8722 -1241.4994 287.8510
v -2279.8655 -1241.4960 268.3217
f 18343 18344 18345
v -2271.5390 -1245.4063 268.3239
v -2278.3007 -1247.2605 287.8505
v -2278.2939 -1247.2571 268.3212
f 18346 18347 18348
v -2272.2679 -1242.7473 268.3243
v -2271.5457 -1245.4097 287.8532
v -2271.5390 -1245.4063 268.3239
f 18349 18350 18351
v -2264.1240 -1240.5142 268.3276
v -2272.2746 -1242.7507 287.8535
v -2272.2679 -1242.7473 268.3243
f 18352 18353 18354
v -2265.7550 -1234.5669 268.3282
v -2264.1307 -1240.5176 287.8568
v -2264.1240 -1240.5142 268.3276
f 18355 18356 18357
v -2268.6081 -1235.3492 268.3270
v -2265.7617 -1234.5703 287.8574
v -2265.7550 -1234.5669 268.3282
f 18358 18359 18360
v -2271.0452 -1226.4628 268.3279
v -2268.6148 -1235.3526 287.8562
v -2268.6081 -1235.3492 268.3270
f 18361 18362 18363
v -2273.9584 -1227.2630 268.3267
v -2271.0519 -1226.4661 287.8571
v -2271.0452 -1226.4628 268.3279
f 18364 18365 18366
v -2275.7399 -1220.7682 268.3273
v -2273.9651 -1227.2663 287.8559
v -2273.9584 -1227.2630 268.3267
f 18367 18368 18369
v -2293.0883 -1225.4996 268.3202
v -2275.7466 -1220.7715 287.8565
v -2275.7399 -1220.7682 268.3273
f 18370 18371 18372

g building_ID_688DA969-150D-4E1C-BD54-5359FFC9735E
v -2326.2790 -1237.4593 285.1392
v -2314.9693 -1236.0507 285.1436
v -2328.4675 -1229.4475 285.1399
f 18373 18374 18375
v -2314.8256 -1225.7272 285.1456
v -2328.4675 -1229.4475 285.1399
v -2314.9693 -1236.0507 285.1436
f 18376 18377 18378
v -2316.4222 -1243.4377 285.1416
v -2314.9693 -1236.0507 285.1436
v -2326.2790 -1237.4593 285.1392
f 18379 18380 18381
v -2312.2504 -1235.3220 285.1447
v -2314.8256 -1225.7272 285.1456
v -2314.9693 -1236.0507 285.1436
f 18382 18383 18384
v -2316.4222 -1243.4377 285.1416
v -2326.7749 -1246.3479 285.1373
v -2316.3717 -1243.6248 285.1416
f 18385 18386 18387
v -2313.2179 -1242.5774 285.1429
v -2314.9693 -1236.0507 285.1436
v -2316.4222 -1243.4377 285.1416
f 18388 18389 18390
v -2326.3484 -1237.5811 285.1391
v -2316.4222 -1243.4377 285.1416
v -2326.2790 -1237.4593 285.1392
f 18391 18392 18393
v -2326.2790 -1237.4593 285.1392
v -2326.3741 -1237.4850 285.1391
v -2326.3484 -1237.5811 285.1391
f 18394 18395 18396
v -2326.3484 -1237.5811 285.1391
v -2328.9402 -1238.2771 285.1380
v -2326.7749 -1246.3479 285.1373
f 18397 18398 18399
v -2326.7749 -1246.3479 285.1373
v -2329.5888 -1247.1034 285.1360
v -2329.5582 -1247.2154 285.1360
f 18400 18401 18402
v -2316.3717 -1243.6248 285.1416
v -2326.7749 -1246.3479 285.1373
v -2329.5582 -1247.2154 285.1360
f 18403 18404 18405
v -2316.4222 -1243.4377 285.1416
v -2326.3484 -1237.5811 285.1391
v -2326.7749 -1246.3479 285.1373
f 18406 18407 18408
v -2328.4616 -1229.4447 268.5475
v -2328.4675 -1229.4475 285.1399
v -2314.8256 -1225.7272 285.1456
f 18409 18410 18411
v -2326.2732 -1237.4565 268.5468
v -2326.2790 -1237.4593 285.1392
v -2328.4675 -1229.4475 285.1399
f 18412 18413 18414
v -2326.3683 -1237.4823 268.5467
v -2326.3741 -1237.4850 285.1391
v -2326.2790 -1237.4593 285.1392
f 18415 18416 18417
v -2326.3425 -1237.5783 268.5467
v -2326.3484 -1237.5811 285.1391
v -2326.3741 -1237.4850 285.1391
f 18418 18419 18420
v -2328.9344 -1238.2743 268.5456
v -2328.9402 -1238.2771 285.1380
v -2326.3484 -1237.5811 285.1391
f 18421 18422 18423
v -2326.7690 -1246.3451 268.5449
v -2326.7749 -1246.3479 285.1373
v -2328.9402 -1238.2771 285.1380
f 18424 18425 18426
v -2329.5830 -1247.1004 268.5437
v -2329.5888 -1247.1034 285.1360
v -2326.7749 -1246.3479 285.1373
f 18427 18428 18429
v -2329.5523 -1247.2125 268.5437
v -2329.5582 -1247.2154 285.1360
v -2329.5888 -1247.1034 285.1360
f 18430 18431 18432
v -2316.3658 -1243.6220 268.5492
v -2316.3717 -1243.6248 285.1416
v -2329.5582 -1247.2154 285.1360
f 18433 18434 18435
v -2316.4164 -1243.4349 268.5492
v -2316.4222 -1243.4377 285.1416
v -2316.3717 -1243.6248 285.1416
f 18436 18437 18438
v -2313.2121 -1242.5745 268.5505
v -2313.2179 -1242.5774 285.1429
v -2316.4222 -1243.4377 285.1416
f 18439 18440 18441
v -2314.9635 -1236.0478 268.5512
v -2314.9693 -1236.0507 285.1436
v -2313.2179 -1242.5774 285.1429
f 18442 18443 18444
v -2312.2446 -1235.3192 268.5523
v -2312.2504 -1235.3220 285.1447
v -2314.9693 -1236.0507 285.1436
f 18445 18446 18447
v -2314.8198 -1225.7244 268.5532
v -2314.8256 -1225.7272 285.1456
v -2312.2504 -1235.3220 285.1447
f 18448 18449 18450
v -2326.2732 -1237.4565 268.5468
v -2326.3425 -1237.5783 268.5467
v -2326.3683 -1237.4823 268.5467
f 18451 18452 18453
v -2326.7690 -1246.3451 268.5449
v -2329.5523 -1247.2125 268.5437
v -2329.5830 -1247.1004 268.5437
f 18454 18455 18456
v -2316.4164 -1243.4349 268.5492
v -2326.7690 -1246.3451 268.5449
v -2326.3425 -1237.5783 268.5467
f 18457 18458 18459
v -2326.7690 -1246.3451 268.5449
v -2328.9344 -1238.2743 268.5456
v -2326.3425 -1237.5783 268.5467
f 18460 18461 18462
v -2316.3658 -1243.6220 268.5492
v -2329.5523 -1247.2125 268.5437
v -2326.7690 -1246.3451 268.5449
f 18463 18464 18465
v -2326.2732 -1237.4565 268.5468
v -2328.4616 -1229.4447 268.5475
v -2314.9635 -1236.0478 268.5512
f 18466 18467 18468
v -2314.8198 -1225.7244 268.5532
v -2314.9635 -1236.0478 268.5512
v -2328.4616 -1229.4447 268.5475
f 18469 18470 18471
v -2312.2446 -1235.3192 268.5523
v -2314.9635 -1236.0478 268.5512
v -2314.8198 -1225.7244 268.5532
f 18472 18473 18474
v -2316.4164 -1243.4349 268.5492
v -2326.2732 -1237.4565 268.5468
v -2314.9635 -1236.0478 268.5512
f 18475 18476 18477
v -2316.4164 -1243.4349 268.5492
v -2316.3658 -1243.6220 268.5492
v -2326.7690 -1246.3451 268.5449
f 18478 18479 18480
v -2314.9635 -1236.0478 268.5512
v -2313.2121 -1242.5745 268.5505
v -2316.4164 -1243.4349 268.5492
f 18481 18482 18483
v -2326.2732 -1237.4565 268.5468
v -2316.4164 -1243.4349 268.5492
v -2326.3425 -1237.5783 268.5467
f 18484 18485 18486
v -2328.4616 -1229.4447 268.5475
v -2314.8256 -1225.7272 285.1456
v -2314.8198 -1225.7244 268.5532
f 18487 18488 18489
v -2326.2732 -1237.4565 268.5468
v -2328.4675 -1229.4475 285.1399
v -2328.4616 -1229.4447 268.5475
f 18490 18491 18492
v -2326.3683 -1237.4823 268.5467
v -2326.2790 -1237.4593 285.1392
v -2326.2732 -1237.4565 268.5468
f 18493 18494 18495
v -2326.3425 -1237.5783 268.5467
v -2326.3741 -1237.4850 285.1391
v -2326.3683 -1237.4823 268.5467
f 18496 18497 18498
v -2328.9344 -1238.2743 268.5456
v -2326.3484 -1237.5811 285.1391
v -2326.3425 -1237.5783 268.5467
f 18499 18500 18501
v -2326.7690 -1246.3451 268.5449
v -2328.9402 -1238.2771 285.1380
v -2328.9344 -1238.2743 268.5456
f 18502 18503 18504
v -2329.5830 -1247.1004 268.5437
v -2326.7749 -1246.3479 285.1373
v -2326.7690 -1246.3451 268.5449
f 18505 18506 18507
v -2329.5523 -1247.2125 268.5437
v -2329.5888 -1247.1034 285.1360
v -2329.5830 -1247.1004 268.5437
f 18508 18509 18510
v -2316.3658 -1243.6220 268.5492
v -2329.5582 -1247.2154 285.1360
v -2329.5523 -1247.2125 268.5437
f 18511 18512 18513
v -2316.4164 -1243.4349 268.5492
v -2316.3717 -1243.6248 285.1416
v -2316.3658 -1243.6220 268.5492
f 18514 18515 18516
v -2313.2121 -1242.5745 268.5505
v -2316.4222 -1243.4377 285.1416
v -2316.4164 -1243.4349 268.5492
f 18517 18518 18519
v -2314.9635 -1236.0478 268.5512
v -2313.2179 -1242.5774 285.1429
v -2313.2121 -1242.5745 268.5505
f 18520 18521 18522
v -2312.2446 -1235.3192 268.5523
v -2314.9693 -1236.0507 285.1436
v -2314.9635 -1236.0478 268.5512
f 18523 18524 18525
v -2314.8198 -1225.7244 268.5532
v -2312.2504 -1235.3220 285.1447
v -2312.2446 -1235.3192 268.5523
f 18526 18527 18528

g building_ID_168F9EFA-503C-4264-97AC-0F3AF0489122
v -2366.2643 -1235.1579 278.8601
v -2355.9931 -1238.4364 278.8633
v -2357.5250 -1232.7774 278.8638
f 18529 18530 18531
v -2364.7154 -1240.8110 278.8596
v -2355.9931 -1238.4364 278.8633
v -2366.2643 -1235.1579 278.8601
f 18532 18533 18534
v -2355.9898 -1238.4348 269.4177
v -2355.9931 -1238.4364 278.8633
v -2364.7154 -1240.8110 278.8596
f 18535 18536 18537
v -2357.5216 -1232.7758 269.4182
v -2357.5250 -1232.7774 278.8638
v -2355.9931 -1238.4364 278.8633
f 18538 18539 18540
v -2366.2609 -1235.1563 269.4145
v -2366.2643 -1235.1579 278.8601
v -2357.5250 -1232.7774 278.8638
f 18541 18542 18543
v -2364.7121 -1240.8094 269.4140
v -2366.2609 -1235.1563 269.4145
v -2355.9898 -1238.4348 269.4177
f 18544 18545 18546
v -2357.5216 -1232.7758 269.4182
v -2355.9898 -1238.4348 269.4177
v -2366.2609 -1235.1563 269.4145
f 18547 18548 18549
v -2364.7154 -1240.8110 278.8596
v -2366.2643 -1235.1579 278.8601
v -2366.2609 -1235.1563 269.4145
f 18550 18551 18552
v -2355.9898 -1238.4348 269.4177
v -2364.7154 -1240.8110 278.8596
v -2364.7121 -1240.8094 269.4140
f 18553 18554 18555
v -2357.5216 -1232.7758 269.4182
v -2355.9931 -1238.4364 278.8633
v -2355.9898 -1238.4348 269.4177
f 18556 18557 18558
v -2366.2609 -1235.1563 269.4145
v -2357.5250 -1232.7774 278.8638
v -2357.5216 -1232.7758 269.4182
f 18559 18560 18561
v -2364.7154 -1240.8110 278.8596
v -2366.2609 -1235.1563 269.4145
v -2364.7121 -1240.8094 269.4140
f 18562 18563 18564

g building_ID_6780D0E3-54A8-4C05-84B6-060AC8959D61
v -2367.8020 -1229.4998 278.8607
v -2357.5250 -1232.7764 278.8638
v -2359.0567 -1227.1173 278.8644
f 18565 18566 18567
v -2357.5250 -1232.7764 278.8638
v -2367.8020 -1229.4998 278.8607
v -2366.2643 -1235.1579 278.8601
f 18568 18569 18570
v -2366.2609 -1235.1563 269.4145
v -2366.2643 -1235.1579 278.8601
v -2367.8020 -1229.4998 278.8607
f 18571 18572 18573
v -2357.5216 -1232.7748 269.4182
v -2357.5250 -1232.7764 278.8638
v -2366.2643 -1235.1579 278.8601
f 18574 18575 18576
v -2359.0534 -1227.1157 269.4188
v -2359.0567 -1227.1173 278.8644
v -2357.5250 -1232.7764 278.8638
f 18577 18578 18579
v -2367.7986 -1229.4982 269.4151
v -2367.8020 -1229.4998 278.8607
v -2359.0567 -1227.1173 278.8644
f 18580 18581 18582
v -2357.5216 -1232.7748 269.4182
v -2366.2609 -1235.1563 269.4145
v -2367.7986 -1229.4982 269.4151
f 18583 18584 18585
v -2367.7986 -1229.4982 269.4151
v -2359.0534 -1227.1157 269.4188
v -2357.5216 -1232.7748 269.4182
f 18586 18587 18588
v -2366.2609 -1235.1563 269.4145
v -2367.8020 -1229.4998 278.8607
v -2367.7986 -1229.4982 269.4151
f 18589 18590 18591
v -2357.5216 -1232.7748 269.4182
v -2366.2643 -1235.1579 278.8601
v -2366.2609 -1235.1563 269.4145
f 18592 18593 18594
v -2359.0534 -1227.1157 269.4188
v -2357.5250 -1232.7764 278.8638
v -2357.5216 -1232.7748 269.4182
f 18595 18596 18597
v -2367.7986 -1229.4982 269.4151
v -2359.0567 -1227.1173 278.8644
v -2359.0534 -1227.1157 269.4188
f 18598 18599 18600

g building_ID_88B01D67-9A02-423D-8EA7-497CF952D054
v -2369.3716 -1223.7287 278.8612
v -2359.0567 -1227.1163 278.8644
v -2360.6222 -1221.3351 278.8649
f 18601 18602 18603
v -2359.0567 -1227.1163 278.8644
v -2369.3716 -1223.7287 278.8612
v -2367.8020 -1229.4998 278.8607
f 18604 18605 18606
v -2369.3681 -1223.7271 269.4156
v -2369.3716 -1223.7287 278.8612
v -2360.6222 -1221.3351 278.8649
f 18607 18608 18609
v -2367.7986 -1229.4982 269.4151
v -2367.8020 -1229.4998 278.8607
v -2369.3716 -1223.7287 278.8612
f 18610 18611 18612
v -2359.0534 -1227.1147 269.4188
v -2359.0567 -1227.1163 278.8644
v -2367.8020 -1229.4998 278.8607
f 18613 18614 18615
v -2360.6188 -1221.3336 269.4193
v -2360.6222 -1221.3351 278.8649
v -2359.0567 -1227.1163 278.8644
f 18616 18617 18618
v -2359.0534 -1227.1147 269.4188
v -2367.7986 -1229.4982 269.4151
v -2369.3681 -1223.7271 269.4156
f 18619 18620 18621
v -2369.3681 -1223.7271 269.4156
v -2360.6188 -1221.3336 269.4193
v -2359.0534 -1227.1147 269.4188
f 18622 18623 18624
v -2369.3681 -1223.7271 269.4156
v -2360.6222 -1221.3351 278.8649
v -2360.6188 -1221.3336 269.4193
f 18625 18626 18627
v -2367.7986 -1229.4982 269.4151
v -2369.3716 -1223.7287 278.8612
v -2369.3681 -1223.7271 269.4156
f 18628 18629 18630
v -2359.0534 -1227.1147 269.4188
v -2367.8020 -1229.4998 278.8607
v -2367.7986 -1229.4982 269.4151
f 18631 18632 18633
v -2360.6188 -1221.3336 269.4193
v -2359.0567 -1227.1163 278.8644
v -2359.0534 -1227.1147 269.4188
f 18634 18635 18636

g building_ID_E65CDE2D-ED9E-48D4-BC7E-797DDA4BA7D8
v -2363.6593 -1252.6638 278.8577
v -2354.9050 -1250.2803 278.8614
v -2356.4338 -1244.6332 278.8619
f 18637 18638 18639
v -2356.4338 -1244.6332 278.8619
v -2365.1941 -1247.0227 278.8582
v -2363.6593 -1252.6638 278.8577
f 18640 18641 18642
v -2363.6559 -1252.6621 269.4120
v -2363.6593 -1252.6638 278.8577
v -2365.1941 -1247.0227 278.8582
f 18643 18644 18645
v -2354.9016 -1250.2786 269.4157
v -2354.9050 -1250.2803 278.8614
v -2363.6593 -1252.6638 278.8577
f 18646 18647 18648
v -2356.4304 -1244.6315 269.4163
v -2356.4338 -1244.6332 278.8619
v -2354.9050 -1250.2803 278.8614
f 18649 18650 18651
v -2365.1908 -1247.0211 269.4125
v -2365.1941 -1247.0227 278.8582
v -2356.4338 -1244.6332 278.8619
f 18652 18653 18654
v -2354.9016 -1250.2786 269.4157
v -2363.6559 -1252.6621 269.4120
v -2365.1908 -1247.0211 269.4125
f 18655 18656 18657
v -2365.1908 -1247.0211 269.4125
v -2356.4304 -1244.6315 269.4163
v -2354.9016 -1250.2786 269.4157
f 18658 18659 18660
v -2363.6559 -1252.6621 269.4120
v -2365.1941 -1247.0227 278.8582
v -2365.1908 -1247.0211 269.4125
f 18661 18662 18663
v -2354.9016 -1250.2786 269.4157
v -2363.6593 -1252.6638 278.8577
v -2363.6559 -1252.6621 269.4120
f 18664 18665 18666
v -2356.4304 -1244.6315 269.4163
v -2354.9050 -1250.2803 278.8614
v -2354.9016 -1250.2786 269.4157
f 18667 18668 18669
v -2365.1908 -1247.0211 269.4125
v -2356.4338 -1244.6332 278.8619
v -2356.4304 -1244.6315 269.4163
f 18670 18671 18672

g building_ID_5AE2DBF5-450C-4F41-91EE-033C57BB3B89
v -2365.2288 -1246.8956 278.8582
v -2365.1941 -1247.0217 278.8582
v -2363.2213 -1246.3499 278.8591
f 18673 18674 18675
v -2356.4338 -1244.6332 278.8619
v -2363.2213 -1246.3499 278.8591
v -2365.1941 -1247.0217 278.8582
f 18676 18677 18678
v -2363.9263 -1243.7401 278.8593
v -2363.2213 -1246.3499 278.8591
v -2356.4774 -1244.4720 278.8619
f 18679 18680 18681
v -2364.7205 -1240.8130 278.8596
v -2363.9263 -1243.7401 278.8593
v -2355.9931 -1238.4364 278.8633
f 18682 18683 18684
v -2355.9931 -1238.4364 278.8633
v -2363.9263 -1243.7401 278.8593
v -2356.4774 -1244.4720 278.8619
f 18685 18686 18687
v -2354.5039 -1243.9384 278.8628
v -2355.9931 -1238.4364 278.8633
v -2356.4774 -1244.4720 278.8619
f 18688 18689 18690
v -2356.4338 -1244.6332 278.8619
v -2356.4774 -1244.4720 278.8619
v -2363.2213 -1246.3499 278.8591
f 18691 18692 18693
v -2365.2254 -1246.8940 269.4125
v -2365.2288 -1246.8956 278.8582
v -2363.2213 -1246.3499 278.8591
f 18694 18695 18696
v -2365.1907 -1247.0201 269.4125
v -2365.1941 -1247.0217 278.8582
v -2365.2288 -1246.8956 278.8582
f 18697 18698 18699
v -2356.4304 -1244.6315 269.4163
v -2356.4338 -1244.6332 278.8619
v -2365.1941 -1247.0217 278.8582
f 18700 18701 18702
v -2356.4740 -1244.4704 269.4163
v -2356.4774 -1244.4720 278.8619
v -2356.4338 -1244.6332 278.8619
f 18703 18704 18705
v -2354.5005 -1243.9367 269.4172
v -2354.5039 -1243.9384 278.8628
v -2356.4774 -1244.4720 278.8619
f 18706 18707 18708
v -2355.9898 -1238.4348 269.4177
v -2355.9931 -1238.4364 278.8633
v -2354.5039 -1243.9384 278.8628
f 18709 18710 18711
v -2364.7171 -1240.8114 269.4140
v -2364.7205 -1240.8130 278.8596
v -2355.9931 -1238.4364 278.8633
f 18712 18713 18714
v -2363.9229 -1243.7385 269.4137
v -2355.9898 -1238.4348 269.4177
v -2356.4740 -1244.4704 269.4163
f 18715 18716 18717
v -2354.5005 -1243.9367 269.4172
v -2356.4740 -1244.4704 269.4163
v -2355.9898 -1238.4348 269.4177
f 18718 18719 18720
v -2356.4740 -1244.4704 269.4163
v -2356.4304 -1244.6315 269.4163
v -2363.2180 -1246.3483 269.4134
f 18721 18722 18723
v -2365.2254 -1246.8940 269.4125
v -2363.2180 -1246.3483 269.4134
v -2365.1907 -1247.0201 269.4125
f 18724 18725 18726
v -2356.4304 -1244.6315 269.4163
v -2365.1907 -1247.0201 269.4125
v -2363.2180 -1246.3483 269.4134
f 18727 18728 18729
v -2355.9898 -1238.4348 269.4177
v -2363.9229 -1243.7385 269.4137
v -2364.7171 -1240.8114 269.4140
f 18730 18731 18732
v -2356.4740 -1244.4704 269.4163
v -2363.2180 -1246.3483 269.4134
v -2363.9229 -1243.7385 269.4137
f 18733 18734 18735
v -2363.9229 -1243.7385 269.4137
v -2363.2180 -1246.3483 269.4134
v -2363.2213 -1246.3499 278.8591
f 18736 18737 18738
v -2363.9263 -1243.7401 278.8593
v -2364.7205 -1240.8130 278.8596
v -2364.7171 -1240.8114 269.4140
f 18739 18740 18741
v -2365.2254 -1246.8940 269.4125
v -2363.2213 -1246.3499 278.8591
v -2363.2180 -1246.3483 269.4134
f 18742 18743 18744
v -2365.1907 -1247.0201 269.4125
v -2365.2288 -1246.8956 278.8582
v -2365.2254 -1246.8940 269.4125
f 18745 18746 18747
v -2356.4304 -1244.6315 269.4163
v -2365.1941 -1247.0217 278.8582
v -2365.1907 -1247.0201 269.4125
f 18748 18749 18750
v -2356.4740 -1244.4704 269.4163
v -2356.4338 -1244.6332 278.8619
v -2356.4304 -1244.6315 269.4163
f 18751 18752 18753
v -2354.5005 -1243.9367 269.4172
v -2356.4774 -1244.4720 278.8619
v -2356.4740 -1244.4704 269.4163
f 18754 18755 18756
v -2355.9898 -1238.4348 269.4177
v -2354.5039 -1243.9384 278.8628
v -2354.5005 -1243.9367 269.4172
f 18757 18758 18759
v -2364.7171 -1240.8114 269.4140
v -2355.9931 -1238.4364 278.8633
v -2355.9898 -1238.4348 269.4177
f 18760 18761 18762
v -2363.9229 -1243.7385 269.4137
v -2363.2213 -1246.3499 278.8591
v -2363.9263 -1243.7401 278.8593
f 18763 18764 18765
v -2363.9263 -1243.7401 278.8593
v -2364.7171 -1240.8114 269.4140
v -2363.9229 -1243.7385 269.4137
f 18766 18767 18768

g building_ID_176AD59B-49EA-422D-A1EF-2D80CAAEFB37
v -2359.0409 -1269.6339 278.8559
v -2350.3066 -1267.2694 278.8596
v -2351.8414 -1261.5983 278.8603
f 18769 18770 18771
v -2351.8414 -1261.5983 278.8603
v -2360.5807 -1263.9778 278.8565
v -2359.0409 -1269.6339 278.8559
f 18772 18773 18774
v -2359.0375 -1269.6323 269.4103
v -2359.0409 -1269.6339 278.8559
v -2360.5807 -1263.9778 278.8565
f 18775 18776 18777
v -2350.3032 -1267.2678 269.4140
v -2350.3066 -1267.2694 278.8596
v -2359.0409 -1269.6339 278.8559
f 18778 18779 18780
v -2351.8380 -1261.5968 269.4146
v -2351.8414 -1261.5983 278.8603
v -2350.3066 -1267.2694 278.8596
f 18781 18782 18783
v -2360.5773 -1263.9762 269.4109
v -2360.5807 -1263.9778 278.8565
v -2351.8414 -1261.5983 278.8603
f 18784 18785 18786
v -2351.8380 -1261.5968 269.4146
v -2359.0375 -1269.6323 269.4103
v -2360.5773 -1263.9762 269.4109
f 18787 18788 18789
v -2359.0375 -1269.6323 269.4103
v -2351.8380 -1261.5968 269.4146
v -2350.3032 -1267.2678 269.4140
f 18790 18791 18792
v -2359.0375 -1269.6323 269.4103
v -2360.5807 -1263.9778 278.8565
v -2360.5773 -1263.9762 269.4109
f 18793 18794 18795
v -2350.3032 -1267.2678 269.4140
v -2359.0409 -1269.6339 278.8559
v -2359.0375 -1269.6323 269.4103
f 18796 18797 18798
v -2351.8380 -1261.5968 269.4146
v -2350.3066 -1267.2694 278.8596
v -2350.3032 -1267.2678 269.4140
f 18799 18800 18801
v -2360.5773 -1263.9762 269.4109
v -2351.8414 -1261.5983 278.8603
v -2351.8380 -1261.5968 269.4146
f 18802 18803 18804

g building_ID_E1A65B37-378B-44B4-A07F-6AE8224CFDD5
v -2363.6593 -1252.6638 278.8577
v -2353.3732 -1255.9413 278.8608
v -2354.9039 -1250.2823 278.8614
f 18805 18806 18807
v -2353.3732 -1255.9413 278.8608
v -2363.6593 -1252.6638 278.8577
v -2362.1185 -1258.3239 278.8571
f 18808 18809 18810
v -2362.1151 -1258.3222 269.4114
v -2362.1185 -1258.3239 278.8571
v -2363.6593 -1252.6638 278.8577
f 18811 18812 18813
v -2353.3698 -1255.9397 269.4151
v -2353.3732 -1255.9413 278.8608
v -2362.1185 -1258.3239 278.8571
f 18814 18815 18816
v -2354.9006 -1250.2806 269.4157
v -2354.9039 -1250.2823 278.8614
v -2353.3732 -1255.9413 278.8608
f 18817 18818 18819
v -2363.6559 -1252.6621 269.4120
v -2363.6593 -1252.6638 278.8577
v -2354.9039 -1250.2823 278.8614
f 18820 18821 18822
v -2353.3698 -1255.9397 269.4151
v -2362.1151 -1258.3222 269.4114
v -2363.6559 -1252.6621 269.4120
f 18823 18824 18825
v -2363.6559 -1252.6621 269.4120
v -2354.9006 -1250.2806 269.4157
v -2353.3698 -1255.9397 269.4151
f 18826 18827 18828
v -2362.1151 -1258.3222 269.4114
v -2363.6593 -1252.6638 278.8577
v -2363.6559 -1252.6621 269.4120
f 18829 18830 18831
v -2353.3698 -1255.9397 269.4151
v -2362.1185 -1258.3239 278.8571
v -2362.1151 -1258.3222 269.4114
f 18832 18833 18834
v -2354.9006 -1250.2806 269.4157
v -2353.3732 -1255.9413 278.8608
v -2353.3698 -1255.9397 269.4151
f 18835 18836 18837
v -2363.6559 -1252.6621 269.4120
v -2354.9039 -1250.2823 278.8614
v -2354.9006 -1250.2806 269.4157
f 18838 18839 18840

g building_ID_303A8073-52D7-487B-A830-6BB227F6097C
v -2362.1185 -1258.3248 278.8571
v -2351.8414 -1261.5983 278.8603
v -2353.3732 -1255.9403 278.8608
f 18841 18842 18843
v -2351.8414 -1261.5983 278.8603
v -2362.1185 -1258.3248 278.8571
v -2360.5807 -1263.9778 278.8565
f 18844 18845 18846
v -2360.5773 -1263.9762 269.4109
v -2360.5807 -1263.9778 278.8565
v -2362.1185 -1258.3248 278.8571
f 18847 18848 18849
v -2351.8380 -1261.5968 269.4146
v -2351.8414 -1261.5983 278.8603
v -2360.5807 -1263.9778 278.8565
f 18850 18851 18852
v -2353.3698 -1255.9387 269.4151
v -2353.3732 -1255.9403 278.8608
v -2351.8414 -1261.5983 278.8603
f 18853 18854 18855
v -2362.1151 -1258.3232 269.4114
v -2362.1185 -1258.3248 278.8571
v -2353.3732 -1255.9403 278.8608
f 18856 18857 18858
v -2351.8380 -1261.5968 269.4146
v -2360.5773 -1263.9762 269.4109
v -2362.1151 -1258.3232 269.4114
f 18859 18860 18861
v -2362.1151 -1258.3232 269.4114
v -2353.3698 -1255.9387 269.4151
v -2351.8380 -1261.5968 269.4146
f 18862 18863 18864
v -2360.5773 -1263.9762 269.4109
v -2362.1185 -1258.3248 278.8571
v -2362.1151 -1258.3232 269.4114
f 18865 18866 18867
v -2351.8380 -1261.5968 269.4146
v -2360.5807 -1263.9778 278.8565
v -2360.5773 -1263.9762 269.4109
f 18868 18869 18870
v -2353.3698 -1255.9387 269.4151
v -2351.8414 -1261.5983 278.8603
v -2351.8380 -1261.5968 269.4146
f 18871 18872 18873
v -2362.1151 -1258.3232 269.4114
v -2353.3732 -1255.9403 278.8608
v -2353.3698 -1255.9387 269.4151
f 18874 18875 18876

g building_ID_40D0FC4B-C47E-42A4-BBA2-E85A11DED8AF
v -2330.0040 -1256.4672 285.1340
v -2328.5751 -1261.7179 285.1335
v -2327.3001 -1255.7414 285.1351
f 18877 18878 18879
v -2325.7671 -1260.9634 285.1347
v -2327.3001 -1255.7414 285.1351
v -2328.5751 -1261.7179 285.1335
f 18880 18881 18882
v -2327.3001 -1255.7414 285.1351
v -2327.2915 -1255.5444 285.1352
v -2327.3486 -1255.5603 285.1351
f 18883 18884 18885
v -2316.3717 -1243.6248 285.1416
v -2329.5582 -1247.2164 285.1360
v -2327.2915 -1255.5444 285.1352
f 18886 18887 18888
v -2327.2915 -1255.5444 285.1352
v -2327.3001 -1255.7414 285.1351
v -2325.7671 -1260.9634 285.1347
f 18889 18890 18891
v -2313.8559 -1253.0075 285.1405
v -2325.7671 -1260.9634 285.1347
v -2324.3879 -1266.1071 285.1341
f 18892 18893 18894
v -2309.3121 -1261.9956 285.1404
v -2313.8559 -1253.0075 285.1405
v -2324.3879 -1266.1071 285.1341
f 18895 18896 18897
v -2309.3121 -1261.9956 285.1404
v -2311.8665 -1252.4729 285.1415
v -2313.8559 -1253.0075 285.1405
f 18898 18899 18900
v -2313.8559 -1253.0075 285.1405
v -2316.3717 -1243.6248 285.1416
v -2327.2915 -1255.5444 285.1352
f 18901 18902 18903
v -2325.7671 -1260.9634 285.1347
v -2313.8559 -1253.0075 285.1405
v -2327.2915 -1255.5444 285.1352
f 18904 18905 18906
v -2327.2857 -1255.5416 268.5429
v -2327.2915 -1255.5444 285.1352
v -2329.5582 -1247.2164 285.1360
f 18907 18908 18909
v -2327.3427 -1255.5575 268.5428
v -2327.3486 -1255.5603 285.1351
v -2327.2915 -1255.5444 285.1352
f 18910 18911 18912
v -2327.2942 -1255.7385 268.5428
v -2327.3001 -1255.7414 285.1351
v -2327.3486 -1255.5603 285.1351
f 18913 18914 18915
v -2329.9981 -1256.4642 268.5417
v -2330.0040 -1256.4672 285.1340
v -2327.3001 -1255.7414 285.1351
f 18916 18917 18918
v -2328.5693 -1261.7150 268.5412
v -2328.5751 -1261.7179 285.1335
v -2330.0040 -1256.4672 285.1340
f 18919 18920 18921
v -2325.7613 -1260.9606 268.5424
v -2325.7671 -1260.9634 285.1347
v -2328.5751 -1261.7179 285.1335
f 18922 18923 18924
v -2324.3821 -1266.1043 268.5418
v -2324.3879 -1266.1071 285.1341
v -2325.7671 -1260.9634 285.1347
f 18925 18926 18927
v -2309.3062 -1261.9928 268.5481
v -2309.3121 -1261.9956 285.1404
v -2324.3879 -1266.1071 285.1341
f 18928 18929 18930
v -2311.8606 -1252.4700 268.5491
v -2311.8665 -1252.4729 285.1415
v -2309.3121 -1261.9956 285.1404
f 18931 18932 18933
v -2313.8501 -1253.0046 268.5482
v -2313.8559 -1253.0075 285.1405
v -2311.8665 -1252.4729 285.1415
f 18934 18935 18936
v -2316.3658 -1243.6220 268.5492
v -2316.3717 -1243.6248 285.1416
v -2313.8559 -1253.0075 285.1405
f 18937 18938 18939
v -2329.5523 -1247.2135 268.5437
v -2329.5582 -1247.2164 285.1360
v -2316.3717 -1243.6248 285.1416
f 18940 18941 18942
v -2325.7613 -1260.9606 268.5424
v -2309.3062 -1261.9928 268.5481
v -2324.3821 -1266.1043 268.5418
f 18943 18944 18945
v -2313.8501 -1253.0046 268.5482
v -2309.3062 -1261.9928 268.5481
v -2325.7613 -1260.9606 268.5424
f 18946 18947 18948
v -2309.3062 -1261.9928 268.5481
v -2313.8501 -1253.0046 268.5482
v -2311.8606 -1252.4700 268.5491
f 18949 18950 18951
v -2313.8501 -1253.0046 268.5482
v -2327.2857 -1255.5416 268.5429
v -2316.3658 -1243.6220 268.5492
f 18952 18953 18954
v -2327.2942 -1255.7385 268.5428
v -2313.8501 -1253.0046 268.5482
v -2325.7613 -1260.9606 268.5424
f 18955 18956 18957
v -2329.9981 -1256.4642 268.5417
v -2327.2942 -1255.7385 268.5428
v -2328.5693 -1261.7150 268.5412
f 18958 18959 18960
v -2325.7613 -1260.9606 268.5424
v -2328.5693 -1261.7150 268.5412
v -2327.2942 -1255.7385 268.5428
f 18961 18962 18963
v -2316.3658 -1243.6220 268.5492
v -2327.2857 -1255.5416 268.5429
v -2329.5523 -1247.2135 268.5437
f 18964 18965 18966
v -2327.2942 -1255.7385 268.5428
v -2327.3427 -1255.5575 268.5428
v -2327.2857 -1255.5416 268.5429
f 18967 18968 18969
v -2313.8501 -1253.0046 268.5482
v -2327.2942 -1255.7385 268.5428
v -2327.2857 -1255.5416 268.5429
f 18970 18971 18972
v -2327.2857 -1255.5416 268.5429
v -2329.5582 -1247.2164 285.1360
v -2329.5523 -1247.2135 268.5437
f 18973 18974 18975
v -2327.3427 -1255.5575 268.5428
v -2327.2915 -1255.5444 285.1352
v -2327.2857 -1255.5416 268.5429
f 18976 18977 18978
v -2327.2942 -1255.7385 268.5428
v -2327.3486 -1255.5603 285.1351
v -2327.3427 -1255.5575 268.5428
f 18979 18980 18981
v -2329.9981 -1256.4642 268.5417
v -2327.3001 -1255.7414 285.1351
v -2327.2942 -1255.7385 268.5428
f 18982 18983 18984
v -2328.5693 -1261.7150 268.5412
v -2330.0040 -1256.4672 285.1340
v -2329.9981 -1256.4642 268.5417
f 18985 18986 18987
v -2325.7613 -1260.9606 268.5424
v -2328.5751 -1261.7179 285.1335
v -2328.5693 -1261.7150 268.5412
f 18988 18989 18990
v -2324.3821 -1266.1043 268.5418
v -2325.7671 -1260.9634 285.1347
v -2325.7613 -1260.9606 268.5424
f 18991 18992 18993
v -2309.3062 -1261.9928 268.5481
v -2324.3879 -1266.1071 285.1341
v -2324.3821 -1266.1043 268.5418
f 18994 18995 18996
v -2311.8606 -1252.4700 268.5491
v -2309.3121 -1261.9956 285.1404
v -2309.3062 -1261.9928 268.5481
f 18997 18998 18999
v -2313.8501 -1253.0046 268.5482
v -2311.8665 -1252.4729 285.1415
v -2311.8606 -1252.4700 268.5491
f 19000 19001 19002
v -2316.3658 -1243.6220 268.5492
v -2313.8559 -1253.0075 285.1405
v -2313.8501 -1253.0046 268.5482
f 19003 19004 19005
v -2329.5523 -1247.2135 268.5437
v -2316.3717 -1243.6248 285.1416
v -2316.3658 -1243.6220 268.5492
f 19006 19007 19008

g building_ID_91121017-9FB7-49B7-8C9D-2A25BC69974D
v -2307.6111 -1268.3341 285.1398
v -2307.1454 -1268.4524 285.1399
v -2307.2068 -1268.2252 285.1399
f 19009 19010 19011
v -2324.3879 -1266.1081 285.1341
v -2307.6111 -1268.3341 285.1398
v -2309.3121 -1261.9956 285.1404
f 19012 19013 19014
v -2320.9737 -1274.1993 285.1338
v -2304.0592 -1276.5797 285.1394
v -2307.1454 -1268.4524 285.1399
f 19015 19016 19017
v -2303.6249 -1276.4637 285.1396
v -2299.7684 -1281.8481 285.1399
v -2301.3763 -1275.8588 285.1405
f 19018 19019 19020
v -2307.1454 -1268.4524 285.1399
v -2304.0592 -1276.5797 285.1394
v -2306.3008 -1268.2227 285.1403
f 19021 19022 19023
v -2299.7684 -1281.8481 285.1399
v -2303.6249 -1276.4637 285.1396
v -2304.0592 -1276.5797 285.1394
f 19024 19025 19026
v -2307.6861 -1283.9739 285.1366
v -2299.7684 -1281.8481 285.1399
v -2304.0592 -1276.5797 285.1394
f 19027 19028 19029
v -2320.9737 -1274.1993 285.1338
v -2307.1454 -1268.4524 285.1399
v -2307.6111 -1268.3341 285.1398
f 19030 19031 19032
v -2318.4806 -1283.4638 285.1328
v -2315.7106 -1282.7203 285.1340
v -2320.9737 -1274.1993 285.1338
f 19033 19034 19035
v -2320.9737 -1274.1993 285.1338
v -2315.7106 -1282.7203 285.1340
v -2304.0592 -1276.5797 285.1394
f 19036 19037 19038
v -2324.3879 -1266.1081 285.1341
v -2322.1315 -1274.5101 285.1333
v -2320.9737 -1274.1993 285.1338
f 19039 19040 19041
v -2304.0592 -1276.5797 285.1394
v -2315.7106 -1282.7203 285.1340
v -2307.6861 -1283.9739 285.1366
f 19042 19043 19044
v -2314.0758 -1288.7706 285.1333
v -2306.9138 -1286.8489 285.1363
v -2307.6861 -1283.9739 285.1366
f 19045 19046 19047
v -2307.6861 -1283.9739 285.1366
v -2315.4314 -1283.7620 285.1339
v -2314.0758 -1288.7706 285.1333
f 19048 19049 19050
v -2315.6344 -1283.0095 285.1339
v -2315.4314 -1283.7620 285.1339
v -2307.6861 -1283.9739 285.1366
f 19051 19052 19053
v -2315.6344 -1283.0095 285.1339
v -2307.6861 -1283.9739 285.1366
v -2315.7106 -1282.7203 285.1340
f 19054 19055 19056
v -2324.3879 -1266.1081 285.1341
v -2320.9737 -1274.1993 285.1338
v -2307.6111 -1268.3341 285.1398
f 19057 19058 19059
v -2306.9080 -1286.8459 268.5439
v -2306.9138 -1286.8489 285.1363
v -2314.0758 -1288.7706 285.1333
f 19060 19061 19062
v -2307.6803 -1283.9709 268.5443
v -2307.6861 -1283.9739 285.1366
v -2306.9138 -1286.8489 285.1363
f 19063 19064 19065
v -2299.7627 -1281.8451 268.5476
v -2299.7684 -1281.8481 285.1399
v -2307.6861 -1283.9739 285.1366
f 19066 19067 19068
v -2301.3706 -1275.8559 268.5482
v -2301.3763 -1275.8588 285.1405
v -2299.7684 -1281.8481 285.1399
f 19069 19070 19071
v -2306.2950 -1268.2197 268.5480
v -2306.3008 -1268.2227 285.1403
v -2304.0592 -1276.5797 285.1394
f 19072 19073 19074
v -2307.1396 -1268.4495 268.5476
v -2307.1454 -1268.4524 285.1399
v -2306.3008 -1268.2227 285.1403
f 19075 19076 19077
v -2307.2010 -1268.2224 268.5476
v -2307.2068 -1268.2252 285.1399
v -2307.1454 -1268.4524 285.1399
f 19078 19079 19080
v -2307.6053 -1268.3313 268.5475
v -2307.6111 -1268.3341 285.1398
v -2307.2068 -1268.2252 285.1399
f 19081 19082 19083
v -2309.3062 -1261.9928 268.5481
v -2309.3121 -1261.9956 285.1404
v -2307.6111 -1268.3341 285.1398
f 19084 19085 19086
v -2324.3821 -1266.1053 268.5418
v -2324.3879 -1266.1081 285.1341
v -2309.3121 -1261.9956 285.1404
f 19087 19088 19089
v -2322.1257 -1274.5072 268.5410
v -2322.1315 -1274.5101 285.1333
v -2324.3879 -1266.1081 285.1341
f 19090 19091 19092
v -2320.9679 -1274.1963 268.5415
v -2320.9737 -1274.1993 285.1338
v -2322.1315 -1274.5101 285.1333
f 19093 19094 19095
v -2318.4748 -1283.4609 268.5404
v -2318.4806 -1283.4638 285.1328
v -2320.9737 -1274.1993 285.1338
f 19096 19097 19098
v -2315.7048 -1282.7173 268.5416
v -2315.7106 -1282.7203 285.1340
v -2318.4806 -1283.4638 285.1328
f 19099 19100 19101
v -2320.9679 -1274.1963 268.5415
v -2322.1257 -1274.5072 268.5410
v -2324.3821 -1266.1053 268.5418
f 19102 19103 19104
v -2315.7048 -1282.7173 268.5416
v -2318.4748 -1283.4609 268.5404
v -2320.9679 -1274.1963 268.5415
f 19105 19106 19107
v -2304.0535 -1276.5767 268.5471
v -2315.7048 -1282.7173 268.5416
v -2320.9679 -1274.1963 268.5415
f 19108 19109 19110
v -2307.6803 -1283.9709 268.5443
v -2306.9080 -1286.8459 268.5439
v -2314.0701 -1288.7677 268.5409
f 19111 19112 19113
v -2315.6286 -1283.0065 268.5415
v -2307.6803 -1283.9709 268.5443
v -2315.4256 -1283.7591 268.5415
f 19114 19115 19116
v -2315.6286 -1283.0065 268.5415
v -2315.7048 -1282.7173 268.5416
v -2307.6803 -1283.9709 268.5443
f 19117 19118 19119
v -2307.6803 -1283.9709 268.5443
v -2314.0701 -1288.7677 268.5409
v -2315.4256 -1283.7591 268.5415
f 19120 19121 19122
v -2307.6053 -1268.3313 268.5475
v -2320.9679 -1274.1963 268.5415
v -2324.3821 -1266.1053 268.5418
f 19123 19124 19125
v -2307.1396 -1268.4495 268.5476
v -2320.9679 -1274.1963 268.5415
v -2307.6053 -1268.3313 268.5475
f 19126 19127 19128
v -2307.6053 -1268.3313 268.5475
v -2307.2010 -1268.2224 268.5476
v -2307.1396 -1268.4495 268.5476
f 19129 19130 19131
v -2304.0535 -1276.5767 268.5471
v -2307.1396 -1268.4495 268.5476
v -2306.2950 -1268.2197 268.5480
f 19132 19133 19134
v -2320.9679 -1274.1963 268.5415
v -2307.1396 -1268.4495 268.5476
v -2304.0535 -1276.5767 268.5471
f 19135 19136 19137
v -2299.7627 -1281.8451 268.5476
v -2307.6803 -1283.9709 268.5443
v -2304.0535 -1276.5767 268.5471
f 19138 19139 19140
v -2304.0535 -1276.5767 268.5471
v -2307.6803 -1283.9709 268.5443
v -2315.7048 -1282.7173 268.5416
f 19141 19142 19143
v -2299.7627 -1281.8451 268.5476
v -2303.6191 -1276.4609 268.5473
v -2301.3706 -1275.8559 268.5482
f 19144 19145 19146
v -2304.0535 -1276.5767 268.5471
v -2303.6191 -1276.4609 268.5473
v -2299.7627 -1281.8451 268.5476
f 19147 19148 19149
v -2309.3062 -1261.9928 268.5481
v -2307.6053 -1268.3313 268.5475
v -2324.3821 -1266.1053 268.5418
f 19150 19151 19152
v -2304.0535 -1276.5767 268.5471
v -2304.0592 -1276.5797 285.1394
v -2303.6249 -1276.4637 285.1396
f 19153 19154 19155
v -2301.3763 -1275.8588 285.1405
v -2301.3706 -1275.8559 268.5482
v -2303.6191 -1276.4609 268.5473
f 19156 19157 19158
v -2314.0758 -1288.7706 285.1333
v -2315.4314 -1283.7620 285.1339
v -2315.4256 -1283.7591 268.5415
f 19159 19160 19161
v -2315.4314 -1283.7620 285.1339
v -2315.6344 -1283.0095 285.1339
v -2315.6286 -1283.0065 268.5415
f 19162 19163 19164
v -2315.6344 -1283.0095 285.1339
v -2315.7106 -1282.7203 285.1340
v -2315.7048 -1282.7173 268.5416
f 19165 19166 19167
v -2306.9080 -1286.8459 268.5439
v -2314.0758 -1288.7706 285.1333
v -2314.0701 -1288.7677 268.5409
f 19168 19169 19170
v -2307.6803 -1283.9709 268.5443
v -2306.9138 -1286.8489 285.1363
v -2306.9080 -1286.8459 268.5439
f 19171 19172 19173
v -2299.7627 -1281.8451 268.5476
v -2307.6861 -1283.9739 285.1366
v -2307.6803 -1283.9709 268.5443
f 19174 19175 19176
v -2301.3706 -1275.8559 268.5482
v -2299.7684 -1281.8481 285.1399
v -2299.7627 -1281.8451 268.5476
f 19177 19178 19179
v -2306.2950 -1268.2197 268.5480
v -2304.0592 -1276.5797 285.1394
v -2304.0535 -1276.5767 268.5471
f 19180 19181 19182
v -2307.1396 -1268.4495 268.5476
v -2306.3008 -1268.2227 285.1403
v -2306.2950 -1268.2197 268.5480
f 19183 19184 19185
v -2307.2010 -1268.2224 268.5476
v -2307.1454 -1268.4524 285.1399
v -2307.1396 -1268.4495 268.5476
f 19186 19187 19188
v -2307.6053 -1268.3313 268.5475
v -2307.2068 -1268.2252 285.1399
v -2307.2010 -1268.2224 268.5476
f 19189 19190 19191
v -2309.3062 -1261.9928 268.5481
v -2307.6111 -1268.3341 285.1398
v -2307.6053 -1268.3313 268.5475
f 19192 19193 19194
v -2324.3821 -1266.1053 268.5418
v -2309.3121 -1261.9956 285.1404
v -2309.3062 -1261.9928 268.5481
f 19195 19196 19197
v -2322.1257 -1274.5072 268.5410
v -2324.3879 -1266.1081 285.1341
v -2324.3821 -1266.1053 268.5418
f 19198 19199 19200
v -2320.9679 -1274.1963 268.5415
v -2322.1315 -1274.5101 285.1333
v -2322.1257 -1274.5072 268.5410
f 19201 19202 19203
v -2318.4748 -1283.4609 268.5404
v -2320.9737 -1274.1993 285.1338
v -2320.9679 -1274.1963 268.5415
f 19204 19205 19206
v -2315.7048 -1282.7173 268.5416
v -2318.4806 -1283.4638 285.1328
v -2318.4748 -1283.4609 268.5404
f 19207 19208 19209
v -2304.0535 -1276.5767 268.5471
v -2303.6249 -1276.4637 285.1396
v -2303.6191 -1276.4609 268.5473
f 19210 19211 19212
v -2301.3763 -1275.8588 285.1405
v -2303.6191 -1276.4609 268.5473
v -2303.6249 -1276.4637 285.1396
f 19213 19214 19215
v -2314.0758 -1288.7706 285.1333
v -2315.4256 -1283.7591 268.5415
v -2314.0701 -1288.7677 268.5409
f 19216 19217 19218
v -2315.4314 -1283.7620 285.1339
v -2315.6286 -1283.0065 268.5415
v -2315.4256 -1283.7591 268.5415
f 19219 19220 19221
v -2315.6344 -1283.0095 285.1339
v -2315.7048 -1282.7173 268.5416
v -2315.6286 -1283.0065 268.5415
f 19222 19223 19224

g building_ID_B7BE0181-C1AD-4139-AFB1-D7F628A48697
v -2344.3926 -1280.2592 278.8592
v -2353.3400 -1282.6951 278.8554
v -2352.5438 -1285.6083 278.8551
f 19225 19226 19227
v -2352.5438 -1285.6083 278.8551
v -2342.8417 -1285.9113 278.8586
v -2344.3926 -1280.2592 278.8592
f 19228 19229 19230
v -2351.7972 -1288.3492 278.8548
v -2342.8417 -1285.9113 278.8586
v -2352.5438 -1285.6083 278.8551
f 19231 19232 19233
v -2342.8385 -1285.9097 269.8800
v -2342.8417 -1285.9113 278.8586
v -2351.7972 -1288.3492 278.8548
f 19234 19235 19236
v -2344.3894 -1280.2576 269.8806
v -2344.3926 -1280.2592 278.8592
v -2342.8417 -1285.9113 278.8586
f 19237 19238 19239
v -2353.3368 -1282.6935 269.8768
v -2353.3400 -1282.6951 278.8554
v -2344.3926 -1280.2592 278.8592
f 19240 19241 19242
v -2352.5407 -1285.6067 269.8765
v -2344.3894 -1280.2576 269.8806
v -2342.8385 -1285.9097 269.8800
f 19243 19244 19245
v -2344.3894 -1280.2576 269.8806
v -2352.5407 -1285.6067 269.8765
v -2353.3368 -1282.6935 269.8768
f 19246 19247 19248
v -2342.8385 -1285.9097 269.8800
v -2351.7940 -1288.3476 269.8762
v -2352.5407 -1285.6067 269.8765
f 19249 19250 19251
v -2352.5407 -1285.6067 269.8765
v -2351.7940 -1288.3476 269.8762
v -2351.7972 -1288.3492 278.8548
f 19252 19253 19254
v -2352.5438 -1285.6083 278.8551
v -2353.3400 -1282.6951 278.8554
v -2353.3368 -1282.6935 269.8768
f 19255 19256 19257
v -2342.8385 -1285.9097 269.8800
v -2351.7972 -1288.3492 278.8548
v -2351.7940 -1288.3476 269.8762
f 19258 19259 19260
v -2344.3894 -1280.2576 269.8806
v -2342.8417 -1285.9113 278.8586
v -2342.8385 -1285.9097 269.8800
f 19261 19262 19263
v -2353.3368 -1282.6935 269.8768
v -2344.3926 -1280.2592 278.8592
v -2344.3894 -1280.2576 269.8806
f 19264 19265 19266
v -2352.5407 -1285.6067 269.8765
v -2351.7972 -1288.3492 278.8548
v -2352.5438 -1285.6083 278.8551
f 19267 19268 19269
v -2352.5438 -1285.6083 278.8551
v -2353.3368 -1282.6935 269.8768
v -2352.5407 -1285.6067 269.8765
f 19270 19271 19272

g building_ID_6BF2D4F0-791F-4683-9C34-A2EACB17237D
v -2354.2411 -1279.3978 278.8558
v -2344.3926 -1280.2592 278.8592
v -2345.9751 -1274.4920 278.8598
f 19273 19274 19275
v -2344.3926 -1280.2592 278.8592
v -2354.2411 -1279.3978 278.8558
v -2353.3440 -1282.6961 278.8554
f 19276 19277 19278
v -2354.9075 -1276.9239 278.8560
v -2354.2411 -1279.3978 278.8558
v -2345.9751 -1274.4920 278.8598
f 19279 19280 19281
v -2354.9043 -1276.9224 269.8774
v -2354.9075 -1276.9239 278.8560
v -2345.9751 -1274.4920 278.8598
f 19282 19283 19284
v -2344.3894 -1280.2576 269.8806
v -2344.3926 -1280.2592 278.8592
v -2353.3440 -1282.6961 278.8554
f 19285 19286 19287
v -2345.9719 -1274.4904 269.8812
v -2345.9751 -1274.4920 278.8598
v -2344.3926 -1280.2592 278.8592
f 19288 19289 19290
v -2354.2380 -1279.3962 269.8772
v -2345.9719 -1274.4904 269.8812
v -2344.3894 -1280.2576 269.8806
f 19291 19292 19293
v -2354.9043 -1276.9224 269.8774
v -2345.9719 -1274.4904 269.8812
v -2354.2380 -1279.3962 269.8772
f 19294 19295 19296
v -2353.3408 -1282.6945 269.8768
v -2354.2380 -1279.3962 269.8772
v -2344.3894 -1280.2576 269.8806
f 19297 19298 19299
v -2353.3408 -1282.6945 269.8768
v -2353.3440 -1282.6961 278.8554
v -2354.2411 -1279.3978 278.8558
f 19300 19301 19302
v -2354.9075 -1276.9239 278.8560
v -2354.9043 -1276.9224 269.8774
v -2354.2380 -1279.3962 269.8772
f 19303 19304 19305
v -2354.9043 -1276.9224 269.8774
v -2345.9751 -1274.4920 278.8598
v -2345.9719 -1274.4904 269.8812
f 19306 19307 19308
v -2344.3894 -1280.2576 269.8806
v -2353.3440 -1282.6961 278.8554
v -2353.3408 -1282.6945 269.8768
f 19309 19310 19311
v -2345.9719 -1274.4904 269.8812
v -2344.3926 -1280.2592 278.8592
v -2344.3894 -1280.2576 269.8806
f 19312 19313 19314
v -2353.3408 -1282.6945 269.8768
v -2354.2411 -1279.3978 278.8558
v -2354.2380 -1279.3962 269.8772
f 19315 19316 19317
v -2354.9075 -1276.9239 278.8560
v -2354.2380 -1279.3962 269.8772
v -2354.2411 -1279.3978 278.8558
f 19318 19319 19320

g building_ID_279E9B9A-8990-4B2C-9EC1-7B73B73D5A92
v -2351.0089 -1290.8413 278.8546
v -2350.1493 -1293.9747 278.8543
v -2341.2909 -1291.5624 278.8581
f 19321 19322 19323
v -2342.8417 -1285.9113 278.8586
v -2351.0089 -1290.8413 278.8546
v -2341.2909 -1291.5624 278.8581
f 19324 19325 19326
v -2351.1130 -1290.8701 278.8546
v -2351.0089 -1290.8413 278.8546
v -2351.7972 -1288.3492 278.8548
f 19327 19328 19329
v -2342.8417 -1285.9113 278.8586
v -2351.7972 -1288.3492 278.8548
v -2351.0089 -1290.8413 278.8546
f 19330 19331 19332
v -2351.1098 -1290.8685 269.8760
v -2351.1130 -1290.8701 278.8546
v -2351.7972 -1288.3492 278.8548
f 19333 19334 19335
v -2351.0057 -1290.8397 269.8760
v -2351.0089 -1290.8413 278.8546
v -2351.1130 -1290.8701 278.8546
f 19336 19337 19338
v -2350.1461 -1293.9729 269.8757
v -2350.1493 -1293.9747 278.8543
v -2351.0089 -1290.8413 278.8546
f 19339 19340 19341
v -2341.2878 -1291.5608 269.8795
v -2341.2909 -1291.5624 278.8581
v -2350.1493 -1293.9747 278.8543
f 19342 19343 19344
v -2342.8385 -1285.9097 269.8800
v -2342.8417 -1285.9113 278.8586
v -2341.2909 -1291.5624 278.8581
f 19345 19346 19347
v -2351.7940 -1288.3476 269.8762
v -2351.7972 -1288.3492 278.8548
v -2342.8417 -1285.9113 278.8586
f 19348 19349 19350
v -2351.0057 -1290.8397 269.8760
v -2351.1098 -1290.8685 269.8760
v -2351.7940 -1288.3476 269.8762
f 19351 19352 19353
v -2342.8385 -1285.9097 269.8800
v -2351.0057 -1290.8397 269.8760
v -2351.7940 -1288.3476 269.8762
f 19354 19355 19356
v -2350.1461 -1293.9729 269.8757
v -2351.0057 -1290.8397 269.8760
v -2341.2878 -1291.5608 269.8795
f 19357 19358 19359
v -2342.8385 -1285.9097 269.8800
v -2341.2878 -1291.5608 269.8795
v -2351.0057 -1290.8397 269.8760
f 19360 19361 19362
v -2351.1098 -1290.8685 269.8760
v -2351.7972 -1288.3492 278.8548
v -2351.7940 -1288.3476 269.8762
f 19363 19364 19365
v -2351.0057 -1290.8397 269.8760
v -2351.1130 -1290.8701 278.8546
v -2351.1098 -1290.8685 269.8760
f 19366 19367 19368
v -2350.1461 -1293.9729 269.8757
v -2351.0089 -1290.8413 278.8546
v -2351.0057 -1290.8397 269.8760
f 19369 19370 19371
v -2341.2878 -1291.5608 269.8795
v -2350.1493 -1293.9747 278.8543
v -2350.1461 -1293.9729 269.8757
f 19372 19373 19374
v -2342.8385 -1285.9097 269.8800
v -2341.2909 -1291.5624 278.8581
v -2341.2878 -1291.5608 269.8795
f 19375 19376 19377
v -2351.7940 -1288.3476 269.8762
v -2342.8417 -1285.9113 278.8586
v -2342.8385 -1285.9097 269.8800
f 19378 19379 19380

g building_ID_39AE990B-4471-4081-A78F-07126789AC98
v -2341.9194 -1297.7067 278.8566
v -2341.2909 -1291.5624 278.8581
v -2349.3669 -1296.8267 278.8540
f 19381 19382 19383
v -2350.1493 -1293.9747 278.8543
v -2349.3669 -1296.8267 278.8540
v -2341.2909 -1291.5624 278.8581
f 19384 19385 19386
v -2341.2909 -1291.5624 278.8581
v -2341.9194 -1297.7067 278.8566
v -2339.7678 -1297.1165 278.8575
f 19387 19388 19389
v -2341.9194 -1297.7067 278.8566
v -2348.7572 -1299.5363 278.8537
v -2341.8937 -1297.8008 278.8566
f 19390 19391 19392
v -2348.7572 -1299.5363 278.8537
v -2341.9194 -1297.7067 278.8566
v -2349.3669 -1296.8267 278.8540
f 19393 19394 19395
v -2349.3669 -1296.8267 278.8540
v -2349.4851 -1296.8593 278.8540
v -2348.7572 -1299.5363 278.8537
f 19396 19397 19398
v -2348.7572 -1299.5363 278.8537
v -2350.7617 -1300.0849 278.8528
v -2350.7290 -1300.2060 278.8528
f 19399 19400 19401
v -2341.8937 -1297.8008 278.8566
v -2348.7572 -1299.5363 278.8537
v -2350.7290 -1300.2060 278.8528
f 19402 19403 19404
v -2348.7541 -1299.5347 269.8750
v -2348.7572 -1299.5363 278.8537
v -2349.4851 -1296.8593 278.8540
f 19405 19406 19407
v -2350.7258 -1300.2043 269.8741
v -2350.7290 -1300.2060 278.8528
v -2350.7617 -1300.0849 278.8528
f 19408 19409 19410
v -2341.8905 -1297.7992 269.8780
v -2341.8937 -1297.8008 278.8566
v -2350.7290 -1300.2060 278.8528
f 19411 19412 19413
v -2341.9163 -1297.7051 269.8780
v -2341.9194 -1297.7067 278.8566
v -2341.8937 -1297.8008 278.8566
f 19414 19415 19416
v -2339.7647 -1297.1149 269.8789
v -2339.7678 -1297.1165 278.8575
v -2341.9194 -1297.7067 278.8566
f 19417 19418 19419
v -2341.2878 -1291.5608 269.8795
v -2341.2909 -1291.5624 278.8581
v -2339.7678 -1297.1165 278.8575
f 19420 19421 19422
v -2350.1461 -1293.9729 269.8757
v -2350.1493 -1293.9747 278.8543
v -2341.2909 -1291.5624 278.8581
f 19423 19424 19425
v -2349.3638 -1296.8251 269.8754
v -2349.3669 -1296.8267 278.8540
v -2350.1493 -1293.9747 278.8543
f 19426 19427 19428
v -2349.4818 -1296.8577 269.8754
v -2349.4851 -1296.8593 278.8540
v -2349.3669 -1296.8267 278.8540
f 19429 19430 19431
v -2349.3638 -1296.8251 269.8754
v -2348.7541 -1299.5347 269.8750
v -2349.4818 -1296.8577 269.8754
f 19432 19433 19434
v -2348.7541 -1299.5347 269.8750
v -2350.7258 -1300.2043 269.8741
v -2350.7585 -1300.0832 269.8741
f 19435 19436 19437
v -2350.7258 -1300.2043 269.8741
v -2348.7541 -1299.5347 269.8750
v -2341.8905 -1297.7992 269.8780
f 19438 19439 19440
v -2349.3638 -1296.8251 269.8754
v -2350.1461 -1293.9729 269.8757
v -2341.2878 -1291.5608 269.8795
f 19441 19442 19443
v -2341.9163 -1297.7051 269.8780
v -2349.3638 -1296.8251 269.8754
v -2341.2878 -1291.5608 269.8795
f 19444 19445 19446
v -2341.2878 -1291.5608 269.8795
v -2339.7647 -1297.1149 269.8789
v -2341.9163 -1297.7051 269.8780
f 19447 19448 19449
v -2341.9163 -1297.7051 269.8780
v -2341.8905 -1297.7992 269.8780
v -2348.7541 -1299.5347 269.8750
f 19450 19451 19452
v -2349.3638 -1296.8251 269.8754
v -2341.9163 -1297.7051 269.8780
v -2348.7541 -1299.5347 269.8750
f 19453 19454 19455
v -2348.7541 -1299.5347 269.8750
v -2350.7585 -1300.0832 269.8741
v -2350.7617 -1300.0849 278.8528
f 19456 19457 19458
v -2348.7541 -1299.5347 269.8750
v -2349.4851 -1296.8593 278.8540
v -2349.4818 -1296.8577 269.8754
f 19459 19460 19461
v -2350.7258 -1300.2043 269.8741
v -2350.7617 -1300.0849 278.8528
v -2350.7585 -1300.0832 269.8741
f 19462 19463 19464
v -2341.8905 -1297.7992 269.8780
v -2350.7290 -1300.2060 278.8528
v -2350.7258 -1300.2043 269.8741
f 19465 19466 19467
v -2341.9163 -1297.7051 269.8780
v -2341.8937 -1297.8008 278.8566
v -2341.8905 -1297.7992 269.8780
f 19468 19469 19470
v -2339.7647 -1297.1149 269.8789
v -2341.9194 -1297.7067 278.8566
v -2341.9163 -1297.7051 269.8780
f 19471 19472 19473
v -2341.2878 -1291.5608 269.8795
v -2339.7678 -1297.1165 278.8575
v -2339.7647 -1297.1149 269.8789
f 19474 19475 19476
v -2350.1461 -1293.9729 269.8757
v -2341.2909 -1291.5624 278.8581
v -2341.2878 -1291.5608 269.8795
f 19477 19478 19479
v -2349.3638 -1296.8251 269.8754
v -2350.1493 -1293.9747 278.8543
v -2350.1461 -1293.9729 269.8757
f 19480 19481 19482
v -2349.4818 -1296.8577 269.8754
v -2349.3669 -1296.8267 278.8540
v -2349.3638 -1296.8251 269.8754
f 19483 19484 19485
v -2348.7541 -1299.5347 269.8750
v -2350.7617 -1300.0849 278.8528
v -2348.7572 -1299.5363 278.8537
f 19486 19487 19488

g building_ID_F7AF19A5-33C6-496F-ABB0-0893A799E84D
v -2341.8937 -1297.8018 278.8566
v -2350.7290 -1300.2060 278.8528
v -2349.1912 -1305.8630 278.8522
f 19489 19490 19491
v -2349.1912 -1305.8630 278.8522
v -2340.3428 -1303.4529 278.8560
v -2341.8937 -1297.8018 278.8566
f 19492 19493 19494
v -2349.1880 -1305.8614 269.8735
v -2349.1912 -1305.8630 278.8522
v -2350.7290 -1300.2060 278.8528
f 19495 19496 19497
v -2340.3397 -1303.4512 269.8773
v -2340.3428 -1303.4529 278.8560
v -2349.1912 -1305.8630 278.8522
f 19498 19499 19500
v -2341.8905 -1297.8002 269.8780
v -2341.8937 -1297.8018 278.8566
v -2340.3428 -1303.4529 278.8560
f 19501 19502 19503
v -2350.7258 -1300.2043 269.8741
v -2350.7290 -1300.2060 278.8528
v -2341.8937 -1297.8018 278.8566
f 19504 19505 19506
v -2349.1880 -1305.8614 269.8735
v -2341.8905 -1297.8002 269.8780
v -2340.3397 -1303.4512 269.8773
f 19507 19508 19509
v -2341.8905 -1297.8002 269.8780
v -2349.1880 -1305.8614 269.8735
v -2350.7258 -1300.2043 269.8741
f 19510 19511 19512
v -2349.1880 -1305.8614 269.8735
v -2350.7290 -1300.2060 278.8528
v -2350.7258 -1300.2043 269.8741
f 19513 19514 19515
v -2340.3397 -1303.4512 269.8773
v -2349.1912 -1305.8630 278.8522
v -2349.1880 -1305.8614 269.8735
f 19516 19517 19518
v -2341.8905 -1297.8002 269.8780
v -2340.3428 -1303.4529 278.8560
v -2340.3397 -1303.4512 269.8773
f 19519 19520 19521
v -2350.7258 -1300.2043 269.8741
v -2341.8937 -1297.8018 278.8566
v -2341.8905 -1297.8002 269.8780
f 19522 19523 19524

g building_ID_A94A5BC8-4586-42CB-B35B-C1763EE18F3D
v -2349.6955 -1311.9417 278.8508
v -2349.6619 -1312.0667 278.8508
v -2347.6861 -1311.3940 278.8517
f 19525 19526 19527
v -2338.7900 -1309.1109 278.8554
v -2347.6861 -1311.3940 278.8517
v -2349.6619 -1312.0667 278.8508
f 19528 19529 19530
v -2349.1912 -1305.8630 278.8522
v -2347.6861 -1311.3940 278.8517
v -2340.3428 -1303.4529 278.8560
f 19531 19532 19533
v -2338.7900 -1309.1109 278.8554
v -2340.3428 -1303.4529 278.8560
v -2347.6861 -1311.3940 278.8517
f 19534 19535 19536
v -2347.6829 -1311.3924 269.8730
v -2347.6861 -1311.3940 278.8517
v -2349.1912 -1305.8630 278.8522
f 19537 19538 19539
v -2349.6924 -1311.9401 269.8721
v -2349.6955 -1311.9417 278.8508
v -2347.6861 -1311.3940 278.8517
f 19540 19541 19542
v -2349.6587 -1312.0651 269.8721
v -2349.6619 -1312.0667 278.8508
v -2349.6955 -1311.9417 278.8508
f 19543 19544 19545
v -2338.7869 -1309.1093 269.8767
v -2338.7900 -1309.1109 278.8554
v -2349.6619 -1312.0667 278.8508
f 19546 19547 19548
v -2340.3397 -1303.4512 269.8773
v -2340.3428 -1303.4529 278.8560
v -2338.7900 -1309.1109 278.8554
f 19549 19550 19551
v -2349.1880 -1305.8614 269.8735
v -2349.1912 -1305.8630 278.8522
v -2340.3428 -1303.4529 278.8560
f 19552 19553 19554
v -2340.3397 -1303.4512 269.8773
v -2338.7869 -1309.1093 269.8767
v -2347.6829 -1311.3924 269.8730
f 19555 19556 19557
v -2349.6587 -1312.0651 269.8721
v -2347.6829 -1311.3924 269.8730
v -2338.7869 -1309.1093 269.8767
f 19558 19559 19560
v -2349.1880 -1305.8614 269.8735
v -2340.3397 -1303.4512 269.8773
v -2347.6829 -1311.3924 269.8730
f 19561 19562 19563
v -2349.6587 -1312.0651 269.8721
v -2349.6924 -1311.9401 269.8721
v -2347.6829 -1311.3924 269.8730
f 19564 19565 19566
v -2347.6829 -1311.3924 269.8730
v -2349.1912 -1305.8630 278.8522
v -2349.1880 -1305.8614 269.8735
f 19567 19568 19569
v -2349.6924 -1311.9401 269.8721
v -2347.6861 -1311.3940 278.8517
v -2347.6829 -1311.3924 269.8730
f 19570 19571 19572
v -2349.6587 -1312.0651 269.8721
v -2349.6955 -1311.9417 278.8508
v -2349.6924 -1311.9401 269.8721
f 19573 19574 19575
v -2338.7869 -1309.1093 269.8767
v -2349.6619 -1312.0667 278.8508
v -2349.6587 -1312.0651 269.8721
f 19576 19577 19578
v -2340.3397 -1303.4512 269.8773
v -2338.7900 -1309.1109 278.8554
v -2338.7869 -1309.1093 269.8767
f 19579 19580 19581
v -2349.1880 -1305.8614 269.8735
v -2340.3428 -1303.4529 278.8560
v -2340.3397 -1303.4512 269.8773
f 19582 19583 19584

g building_ID_14E07E63-640F-4347-9E9A-60ABC020BB72
v -2348.6889 -1314.7083 278.6296
v -2347.8808 -1317.6534 278.6293
v -2339.4437 -1315.3571 278.6329
f 19585 19586 19587
v -2340.9926 -1309.7130 278.6335
v -2348.6889 -1314.7083 278.6296
v -2339.4437 -1315.3571 278.6329
f 19588 19589 19590
v -2348.9251 -1314.7726 278.6295
v -2348.6889 -1314.7083 278.6296
v -2349.6618 -1312.0658 278.6298
f 19591 19592 19593
v -2340.9926 -1309.7130 278.6335
v -2349.6618 -1312.0658 278.6298
v -2348.6889 -1314.7083 278.6296
f 19594 19595 19596
v -2348.9219 -1314.7710 269.7628
v -2348.9251 -1314.7726 278.6295
v -2349.6586 -1312.0640 269.7631
f 19597 19598 19599
v -2348.6858 -1314.7066 269.7629
v -2348.6889 -1314.7083 278.6296
v -2348.9219 -1314.7710 269.7628
f 19600 19601 19602
v -2347.8777 -1317.6518 269.7626
v -2347.8808 -1317.6534 278.6293
v -2348.6889 -1314.7083 278.6296
f 19603 19604 19605
v -2339.4406 -1315.3555 269.7662
v -2339.4437 -1315.3571 278.6329
v -2347.8808 -1317.6534 278.6293
f 19606 19607 19608
v -2340.9894 -1309.7114 269.7668
v -2340.9926 -1309.7130 278.6335
v -2339.4437 -1315.3571 278.6329
f 19609 19610 19611
v -2349.6586 -1312.0640 269.7631
v -2349.6618 -1312.0658 278.6298
v -2340.9926 -1309.7130 278.6335
f 19612 19613 19614
v -2348.9219 -1314.7710 269.7628
v -2349.6586 -1312.0640 269.7631
v -2348.6858 -1314.7066 269.7629
f 19615 19616 19617
v -2340.9894 -1309.7114 269.7668
v -2348.6858 -1314.7066 269.7629
v -2349.6586 -1312.0640 269.7631
f 19618 19619 19620
v -2347.8777 -1317.6518 269.7626
v -2348.6858 -1314.7066 269.7629
v -2339.4406 -1315.3555 269.7662
f 19621 19622 19623
v -2340.9894 -1309.7114 269.7668
v -2339.4406 -1315.3555 269.7662
v -2348.6858 -1314.7066 269.7629
f 19624 19625 19626
v -2348.9251 -1314.7726 278.6295
v -2349.6618 -1312.0658 278.6298
v -2349.6586 -1312.0640 269.7631
f 19627 19628 19629
v -2348.6889 -1314.7083 278.6296
v -2348.9251 -1314.7726 278.6295
v -2348.9219 -1314.7710 269.7628
f 19630 19631 19632
v -2347.8777 -1317.6518 269.7626
v -2348.6889 -1314.7083 278.6296
v -2348.6858 -1314.7066 269.7629
f 19633 19634 19635
v -2339.4406 -1315.3555 269.7662
v -2347.8808 -1317.6534 278.6293
v -2347.8777 -1317.6518 269.7626
f 19636 19637 19638
v -2340.9894 -1309.7114 269.7668
v -2339.4437 -1315.3571 278.6329
v -2339.4406 -1315.3555 269.7662
f 19639 19640 19641
v -2349.6586 -1312.0640 269.7631
v -2340.9926 -1309.7130 278.6335
v -2340.9894 -1309.7114 269.7668
f 19642 19643 19644

g building_ID_41009CCC-A7D7-4837-975F-9C9D7332CC71
v -2346.6188 -1323.2487 278.6286
v -2348.6263 -1323.7954 278.6277
v -2348.5906 -1323.9205 278.6277
f 19645 19646 19647
v -2346.6188 -1323.2487 278.6286
v -2347.0519 -1320.6746 278.6290
v -2347.3001 -1320.7430 278.6289
f 19648 19649 19650
v -2346.6188 -1323.2487 278.6286
v -2348.5906 -1323.9205 278.6277
v -2339.9134 -1321.5588 278.6314
f 19651 19652 19653
v -2346.6188 -1323.2487 278.6286
v -2339.9619 -1321.3807 278.6314
v -2347.0519 -1320.6746 278.6290
f 19654 19655 19656
v -2347.0519 -1320.6746 278.6290
v -2339.9619 -1321.3807 278.6314
v -2339.4427 -1315.3571 278.6329
f 19657 19658 19659
v -2337.9424 -1320.8261 278.6323
v -2339.4427 -1315.3571 278.6329
v -2339.9619 -1321.3807 278.6314
f 19660 19661 19662
v -2347.8808 -1317.6534 278.6293
v -2347.0519 -1320.6746 278.6290
v -2339.4427 -1315.3571 278.6329
f 19663 19664 19665
v -2339.9134 -1321.5588 278.6314
v -2339.9619 -1321.3807 278.6314
v -2346.6188 -1323.2487 278.6286
f 19666 19667 19668
v -2346.6157 -1323.2471 269.7619
v -2346.6188 -1323.2487 278.6286
v -2347.3001 -1320.7430 278.6289
f 19669 19670 19671
v -2348.6231 -1323.7938 269.7610
v -2348.6263 -1323.7954 278.6277
v -2346.6188 -1323.2487 278.6286
f 19672 19673 19674
v -2348.5875 -1323.9189 269.7610
v -2348.5906 -1323.9205 278.6277
v -2348.6263 -1323.7954 278.6277
f 19675 19676 19677
v -2339.9102 -1321.5572 269.7647
v -2339.9134 -1321.5588 278.6314
v -2348.5906 -1323.9205 278.6277
f 19678 19679 19680
v -2339.9588 -1321.3791 269.7647
v -2339.9619 -1321.3807 278.6314
v -2339.9134 -1321.5588 278.6314
f 19681 19682 19683
v -2337.9393 -1320.8245 269.7656
v -2337.9424 -1320.8261 278.6323
v -2339.9619 -1321.3807 278.6314
f 19684 19685 19686
v -2339.4396 -1315.3555 269.7662
v -2339.4427 -1315.3571 278.6329
v -2337.9424 -1320.8261 278.6323
f 19687 19688 19689
v -2347.8777 -1317.6518 269.7626
v -2347.8808 -1317.6534 278.6293
v -2339.4427 -1315.3571 278.6329
f 19690 19691 19692
v -2347.0488 -1320.6730 269.7623
v -2347.0519 -1320.6746 278.6290
v -2347.8808 -1317.6534 278.6293
f 19693 19694 19695
v -2347.2969 -1320.7414 269.7622
v -2347.3001 -1320.7430 278.6289
v -2347.0519 -1320.6746 278.6290
f 19696 19697 19698
v -2346.6157 -1323.2471 269.7619
v -2347.0488 -1320.6730 269.7623
v -2339.9588 -1321.3791 269.7647
f 19699 19700 19701
v -2337.9393 -1320.8245 269.7656
v -2339.9588 -1321.3791 269.7647
v -2339.4396 -1315.3555 269.7662
f 19702 19703 19704
v -2347.0488 -1320.6730 269.7623
v -2339.4396 -1315.3555 269.7662
v -2339.9588 -1321.3791 269.7647
f 19705 19706 19707
v -2347.8777 -1317.6518 269.7626
v -2339.4396 -1315.3555 269.7662
v -2347.0488 -1320.6730 269.7623
f 19708 19709 19710
v -2346.6157 -1323.2471 269.7619
v -2339.9588 -1321.3791 269.7647
v -2339.9102 -1321.5572 269.7647
f 19711 19712 19713
v -2346.6157 -1323.2471 269.7619
v -2348.5875 -1323.9189 269.7610
v -2348.6231 -1323.7938 269.7610
f 19714 19715 19716
v -2346.6157 -1323.2471 269.7619
v -2347.2969 -1320.7414 269.7622
v -2347.0488 -1320.6730 269.7623
f 19717 19718 19719
v -2339.9102 -1321.5572 269.7647
v -2348.5875 -1323.9189 269.7610
v -2346.6157 -1323.2471 269.7619
f 19720 19721 19722
v -2346.6157 -1323.2471 269.7619
v -2347.3001 -1320.7430 278.6289
v -2347.2969 -1320.7414 269.7622
f 19723 19724 19725
v -2348.6231 -1323.7938 269.7610
v -2346.6188 -1323.2487 278.6286
v -2346.6157 -1323.2471 269.7619
f 19726 19727 19728
v -2348.5875 -1323.9189 269.7610
v -2348.6263 -1323.7954 278.6277
v -2348.6231 -1323.7938 269.7610
f 19729 19730 19731
v -2339.9102 -1321.5572 269.7647
v -2348.5906 -1323.9205 278.6277
v -2348.5875 -1323.9189 269.7610
f 19732 19733 19734
v -2339.9588 -1321.3791 269.7647
v -2339.9134 -1321.5588 278.6314
v -2339.9102 -1321.5572 269.7647
f 19735 19736 19737
v -2337.9393 -1320.8245 269.7656
v -2339.9619 -1321.3807 278.6314
v -2339.9588 -1321.3791 269.7647
f 19738 19739 19740
v -2339.4396 -1315.3555 269.7662
v -2337.9424 -1320.8261 278.6323
v -2337.9393 -1320.8245 269.7656
f 19741 19742 19743
v -2347.8777 -1317.6518 269.7626
v -2339.4427 -1315.3571 278.6329
v -2339.4396 -1315.3555 269.7662
f 19744 19745 19746
v -2347.0488 -1320.6730 269.7623
v -2347.8808 -1317.6534 278.6293
v -2347.8777 -1317.6518 269.7626
f 19747 19748 19749
v -2347.2969 -1320.7414 269.7622
v -2347.0519 -1320.6746 278.6290
v -2347.0488 -1320.6730 269.7623
f 19750 19751 19752

g building_ID_17781A1B-EA51-4D6D-898F-3580485494A2
v -2347.7093 -1326.4078 278.6275
v -2346.8547 -1329.5221 278.6272
v -2338.3626 -1327.2099 278.6308
f 19753 19754 19755
v -2339.9134 -1321.5588 278.6314
v -2347.7093 -1326.4078 278.6275
v -2338.3626 -1327.2099 278.6308
f 19756 19757 19758
v -2347.8995 -1326.4603 278.6275
v -2347.7093 -1326.4078 278.6275
v -2348.5906 -1323.9205 278.6277
f 19759 19760 19761
v -2339.9134 -1321.5588 278.6314
v -2348.5906 -1323.9205 278.6277
v -2347.7093 -1326.4078 278.6275
f 19762 19763 19764
v -2347.8963 -1326.4586 269.7608
v -2347.8995 -1326.4603 278.6275
v -2348.5906 -1323.9205 278.6277
f 19765 19766 19767
v -2347.7062 -1326.4062 269.7608
v -2347.7093 -1326.4078 278.6275
v -2347.8995 -1326.4603 278.6275
f 19768 19769 19770
v -2346.8515 -1329.5204 269.7605
v -2346.8547 -1329.5221 278.6272
v -2347.7093 -1326.4078 278.6275
f 19771 19772 19773
v -2338.3594 -1327.2083 269.7641
v -2338.3626 -1327.2099 278.6308
v -2346.8547 -1329.5221 278.6272
f 19774 19775 19776
v -2339.9102 -1321.5572 269.7647
v -2339.9134 -1321.5588 278.6314
v -2338.3626 -1327.2099 278.6308
f 19777 19778 19779
v -2348.5875 -1323.9189 269.7610
v -2348.5906 -1323.9205 278.6277
v -2339.9134 -1321.5588 278.6314
f 19780 19781 19782
v -2347.7062 -1326.4062 269.7608
v -2347.8963 -1326.4586 269.7608
v -2348.5875 -1323.9189 269.7610
f 19783 19784 19785
v -2339.9102 -1321.5572 269.7647
v -2347.7062 -1326.4062 269.7608
v -2348.5875 -1323.9189 269.7610
f 19786 19787 19788
v -2346.8515 -1329.5204 269.7605
v -2347.7062 -1326.4062 269.7608
v -2338.3594 -1327.2083 269.7641
f 19789 19790 19791
v -2339.9102 -1321.5572 269.7647
v -2338.3594 -1327.2083 269.7641
v -2347.7062 -1326.4062 269.7608
f 19792 19793 19794
v -2347.8963 -1326.4586 269.7608
v -2348.5906 -1323.9205 278.6277
v -2348.5875 -1323.9189 269.7610
f 19795 19796 19797
v -2347.7062 -1326.4062 269.7608
v -2347.8995 -1326.4603 278.6275
v -2347.8963 -1326.4586 269.7608
f 19798 19799 19800
v -2346.8515 -1329.5204 269.7605
v -2347.7093 -1326.4078 278.6275
v -2347.7062 -1326.4062 269.7608
f 19801 19802 19803
v -2338.3594 -1327.2083 269.7641
v -2346.8547 -1329.5221 278.6272
v -2346.8515 -1329.5204 269.7605
f 19804 19805 19806
v -2339.9102 -1321.5572 269.7647
v -2338.3626 -1327.2099 278.6308
v -2338.3594 -1327.2083 269.7641
f 19807 19808 19809
v -2348.5875 -1323.9189 269.7610
v -2339.9134 -1321.5588 278.6314
v -2339.9102 -1321.5572 269.7647
f 19810 19811 19812

g building_ID_AAFAB0E6-0886-4192-A8E4-4E2032D0F73D
v -2345.5496 -1335.0916 278.6264
v -2346.0437 -1332.4743 278.6268
v -2346.2478 -1332.5297 278.6267
f 19813 19814 19815
v -2338.3626 -1327.2099 278.6308
v -2346.0437 -1332.4743 278.6268
v -2336.8543 -1332.7059 278.6302
f 19816 19817 19818
v -2345.5496 -1335.0916 278.6264
v -2336.8543 -1332.7059 278.6302
v -2346.0437 -1332.4743 278.6268
f 19819 19820 19821
v -2346.8547 -1329.5231 278.6272
v -2346.0437 -1332.4743 278.6268
v -2338.3626 -1327.2099 278.6308
f 19822 19823 19824
v -2345.5465 -1335.0899 269.7598
v -2345.5496 -1335.0916 278.6264
v -2346.2478 -1332.5297 278.6267
f 19825 19826 19827
v -2336.8512 -1332.7042 269.7635
v -2336.8543 -1332.7059 278.6302
v -2345.5496 -1335.0916 278.6264
f 19828 19829 19830
v -2338.3594 -1327.2083 269.7641
v -2338.3626 -1327.2099 278.6308
v -2336.8543 -1332.7059 278.6302
f 19831 19832 19833
v -2346.8515 -1329.5214 269.7605
v -2346.8547 -1329.5231 278.6272
v -2338.3626 -1327.2099 278.6308
f 19834 19835 19836
v -2346.0405 -1332.4726 269.7602
v -2346.0437 -1332.4743 278.6268
v -2346.8547 -1329.5231 278.6272
f 19837 19838 19839
v -2346.2446 -1332.5280 269.7601
v -2346.2478 -1332.5297 278.6267
v -2346.0437 -1332.4743 278.6268
f 19840 19841 19842
v -2338.3594 -1327.2083 269.7641
v -2336.8512 -1332.7042 269.7635
v -2346.0405 -1332.4726 269.7602
f 19843 19844 19845
v -2345.5465 -1335.0899 269.7598
v -2346.0405 -1332.4726 269.7602
v -2336.8512 -1332.7042 269.7635
f 19846 19847 19848
v -2346.8515 -1329.5214 269.7605
v -2338.3594 -1327.2083 269.7641
v -2346.0405 -1332.4726 269.7602
f 19849 19850 19851
v -2345.5465 -1335.0899 269.7598
v -2346.2446 -1332.5280 269.7601
v -2346.0405 -1332.4726 269.7602
f 19852 19853 19854
v -2345.5465 -1335.0899 269.7598
v -2346.2478 -1332.5297 278.6267
v -2346.2446 -1332.5280 269.7601
f 19855 19856 19857
v -2336.8512 -1332.7042 269.7635
v -2345.5496 -1335.0916 278.6264
v -2345.5465 -1335.0899 269.7598
f 19858 19859 19860
v -2338.3594 -1327.2083 269.7641
v -2336.8543 -1332.7059 278.6302
v -2336.8512 -1332.7042 269.7635
f 19861 19862 19863
v -2346.8515 -1329.5214 269.7605
v -2338.3626 -1327.2099 278.6308
v -2338.3594 -1327.2083 269.7641
f 19864 19865 19866
v -2346.0405 -1332.4726 269.7602
v -2346.8547 -1329.5231 278.6272
v -2346.8515 -1329.5214 269.7605
f 19867 19868 19869
v -2346.2446 -1332.5280 269.7601
v -2346.0437 -1332.4743 278.6268
v -2346.0405 -1332.4726 269.7602
f 19870 19871 19872

g building_ID_12D9F15A-D681-4B86-B56F-A9D6EE917FD7
v -2240.1059 -1332.1667 278.6720
v -2228.1835 -1334.6256 278.6756
v -2229.6383 -1329.3167 278.6762
f 19873 19874 19875
v -2228.1835 -1334.6256 278.6756
v -2240.1059 -1332.1667 278.6720
v -2238.6452 -1337.4935 278.6714
f 19876 19877 19878
v -2240.1026 -1332.1649 269.2504
v -2240.1059 -1332.1667 278.6720
v -2229.6383 -1329.3167 278.6762
f 19879 19880 19881
v -2238.6419 -1337.4917 269.2498
v -2238.6452 -1337.4935 278.6714
v -2240.1059 -1332.1667 278.6720
f 19882 19883 19884
v -2228.1804 -1334.6239 269.2540
v -2228.1835 -1334.6256 278.6756
v -2238.6452 -1337.4935 278.6714
f 19885 19886 19887
v -2229.6351 -1329.3150 269.2546
v -2229.6383 -1329.3167 278.6762
v -2228.1835 -1334.6256 278.6756
f 19888 19889 19890
v -2228.1804 -1334.6239 269.2540
v -2238.6419 -1337.4917 269.2498
v -2240.1026 -1332.1649 269.2504
f 19891 19892 19893
v -2240.1026 -1332.1649 269.2504
v -2229.6351 -1329.3150 269.2546
v -2228.1804 -1334.6239 269.2540
f 19894 19895 19896
v -2240.1026 -1332.1649 269.2504
v -2229.6383 -1329.3167 278.6762
v -2229.6351 -1329.3150 269.2546
f 19897 19898 19899
v -2238.6419 -1337.4917 269.2498
v -2240.1059 -1332.1667 278.6720
v -2240.1026 -1332.1649 269.2504
f 19900 19901 19902
v -2228.1804 -1334.6239 269.2540
v -2238.6452 -1337.4935 278.6714
v -2238.6419 -1337.4917 269.2498
f 19903 19904 19905
v -2229.6351 -1329.3150 269.2546
v -2228.1835 -1334.6256 278.6756
v -2228.1804 -1334.6239 269.2540
f 19906 19907 19908

g building_ID_D852F391-D3AD-4170-9551-9E7D0D6C289B
v -2228.8388 -1323.1719 278.6778
v -2229.6482 -1329.2817 278.6762
v -2227.3375 -1328.6479 278.6772
f 19909 19910 19911
v -2238.1374 -1331.6239 278.6728
v -2229.6482 -1329.2817 278.6762
v -2239.6485 -1326.1119 278.6734
f 19912 19913 19914
v -2228.8388 -1323.1719 278.6778
v -2239.6485 -1326.1119 278.6734
v -2229.6482 -1329.2817 278.6762
f 19915 19916 19917
v -2229.6383 -1329.3167 278.6762
v -2229.6482 -1329.2817 278.6762
v -2238.1374 -1331.6239 278.6728
f 19918 19919 19920
v -2239.6454 -1326.1101 269.2518
v -2239.6485 -1326.1119 278.6734
v -2228.8388 -1323.1719 278.6778
f 19921 19922 19923
v -2238.1342 -1331.6222 269.2512
v -2238.1374 -1331.6239 278.6728
v -2239.6485 -1326.1119 278.6734
f 19924 19925 19926
v -2229.6351 -1329.3150 269.2546
v -2229.6383 -1329.3167 278.6762
v -2238.1374 -1331.6239 278.6728
f 19927 19928 19929
v -2229.6450 -1329.2800 269.2546
v -2229.6482 -1329.2817 278.6762
v -2229.6383 -1329.3167 278.6762
f 19930 19931 19932
v -2227.3343 -1328.6462 269.2556
v -2227.3375 -1328.6479 278.6772
v -2229.6482 -1329.2817 278.6762
f 19933 19934 19935
v -2228.8356 -1323.1702 269.2562
v -2228.8388 -1323.1719 278.6778
v -2227.3375 -1328.6479 278.6772
f 19936 19937 19938
v -2238.1342 -1331.6222 269.2512
v -2239.6454 -1326.1101 269.2518
v -2229.6450 -1329.2800 269.2546
f 19939 19940 19941
v -2228.8356 -1323.1702 269.2562
v -2229.6450 -1329.2800 269.2546
v -2239.6454 -1326.1101 269.2518
f 19942 19943 19944
v -2229.6351 -1329.3150 269.2546
v -2238.1342 -1331.6222 269.2512
v -2229.6450 -1329.2800 269.2546
f 19945 19946 19947
v -2228.8356 -1323.1702 269.2562
v -2227.3343 -1328.6462 269.2556
v -2229.6450 -1329.2800 269.2546
f 19948 19949 19950
v -2239.6454 -1326.1101 269.2518
v -2228.8388 -1323.1719 278.6778
v -2228.8356 -1323.1702 269.2562
f 19951 19952 19953
v -2238.1342 -1331.6222 269.2512
v -2239.6485 -1326.1119 278.6734
v -2239.6454 -1326.1101 269.2518
f 19954 19955 19956
v -2229.6351 -1329.3150 269.2546
v -2238.1374 -1331.6239 278.6728
v -2238.1342 -1331.6222 269.2512
f 19957 19958 19959
v -2229.6450 -1329.2800 269.2546
v -2229.6383 -1329.3167 278.6762
v -2229.6351 -1329.3150 269.2546
f 19960 19961 19962
v -2227.3343 -1328.6462 269.2556
v -2229.6482 -1329.2817 278.6762
v -2229.6450 -1329.2800 269.2546
f 19963 19964 19965
v -2228.8356 -1323.1702 269.2562
v -2227.3375 -1328.6479 278.6772
v -2227.3343 -1328.6462 269.2556
f 19966 19967 19968

g building_ID_151069FB-30FF-4ED9-8330-D401E244ED6D
v -2228.3108 -1317.2255 278.6792
v -2226.1863 -1316.6431 278.6801
v -2226.2169 -1316.5281 278.6801
f 19969 19970 19971
v -2228.3108 -1317.2255 278.6792
v -2228.8586 -1323.0999 278.6778
v -2226.8511 -1322.5493 278.6786
f 19972 19973 19974
v -2228.3108 -1317.2255 278.6792
v -2226.2169 -1316.5281 278.6801
v -2239.3604 -1320.1057 278.6747
f 19975 19976 19977
v -2237.9008 -1325.4517 278.6741
v -2228.8586 -1323.0999 278.6778
v -2228.3108 -1317.2255 278.6792
f 19978 19979 19980
v -2237.8790 -1325.5177 278.6741
v -2228.8586 -1323.0999 278.6778
v -2237.9008 -1325.4517 278.6741
f 19981 19982 19983
v -2237.8790 -1325.5177 278.6741
v -2239.6485 -1326.1119 278.6734
v -2228.8397 -1323.1689 278.6778
f 19984 19985 19986
v -2239.6763 -1326.0108 278.6734
v -2239.6485 -1326.1119 278.6734
v -2237.8790 -1325.5177 278.6741
f 19987 19988 19989
v -2228.8586 -1323.0999 278.6778
v -2237.8790 -1325.5177 278.6741
v -2228.8397 -1323.1689 278.6778
f 19990 19991 19992
v -2239.3604 -1320.1057 278.6747
v -2237.9008 -1325.4517 278.6741
v -2228.3108 -1317.2255 278.6792
f 19993 19994 19995
v -2228.8366 -1323.1672 269.2562
v -2228.8397 -1323.1689 278.6778
v -2239.6485 -1326.1119 278.6734
f 19996 19997 19998
v -2228.8554 -1323.0981 269.2562
v -2228.8586 -1323.0999 278.6778
v -2228.8397 -1323.1689 278.6778
f 19999 20000 20001
v -2226.8479 -1322.5475 269.2570
v -2226.8511 -1322.5493 278.6786
v -2228.8586 -1323.0999 278.6778
f 20002 20003 20004
v -2228.3077 -1317.2237 269.2576
v -2228.3108 -1317.2255 278.6792
v -2226.8511 -1322.5493 278.6786
f 20005 20006 20007
v -2226.1831 -1316.6415 269.2585
v -2226.1863 -1316.6431 278.6801
v -2228.3108 -1317.2255 278.6792
f 20008 20009 20010
v -2226.2138 -1316.5264 269.2585
v -2226.2169 -1316.5281 278.6801
v -2226.1863 -1316.6431 278.6801
f 20011 20012 20013
v -2239.3573 -1320.1040 269.2531
v -2239.3604 -1320.1057 278.6747
v -2226.2169 -1316.5281 278.6801
f 20014 20015 20016
v -2237.8976 -1325.4499 269.2525
v -2237.9008 -1325.4517 278.6741
v -2239.3604 -1320.1057 278.6747
f 20017 20018 20019
v -2237.8758 -1325.5160 269.2525
v -2237.8790 -1325.5177 278.6741
v -2237.9008 -1325.4517 278.6741
f 20020 20021 20022
v -2239.6731 -1326.0091 269.2518
v -2239.6763 -1326.0108 278.6734
v -2237.8790 -1325.5177 278.6741
f 20023 20024 20025
v -2239.6454 -1326.1101 269.2518
v -2239.6485 -1326.1119 278.6734
v -2239.6763 -1326.0108 278.6734
f 20026 20027 20028
v -2228.8554 -1323.0981 269.2562
v -2237.8758 -1325.5160 269.2525
v -2237.8976 -1325.4499 269.2525
f 20029 20030 20031
v -2239.6454 -1326.1101 269.2518
v -2239.6731 -1326.0091 269.2518
v -2237.8758 -1325.5160 269.2525
f 20032 20033 20034
v -2228.8366 -1323.1672 269.2562
v -2239.6454 -1326.1101 269.2518
v -2237.8758 -1325.5160 269.2525
f 20035 20036 20037
v -2228.8554 -1323.0981 269.2562
v -2237.8976 -1325.4499 269.2525
v -2239.3573 -1320.1040 269.2531
f 20038 20039 20040
v -2226.1831 -1316.6415 269.2585
v -2228.3077 -1317.2237 269.2576
v -2226.2138 -1316.5264 269.2585
f 20041 20042 20043
v -2239.3573 -1320.1040 269.2531
v -2226.2138 -1316.5264 269.2585
v -2228.3077 -1317.2237 269.2576
f 20044 20045 20046
v -2228.3077 -1317.2237 269.2576
v -2226.8479 -1322.5475 269.2570
v -2228.8554 -1323.0981 269.2562
f 20047 20048 20049
v -2237.8758 -1325.5160 269.2525
v -2228.8554 -1323.0981 269.2562
v -2228.8366 -1323.1672 269.2562
f 20050 20051 20052
v -2239.3573 -1320.1040 269.2531
v -2228.3077 -1317.2237 269.2576
v -2228.8554 -1323.0981 269.2562
f 20053 20054 20055
v -2228.8366 -1323.1672 269.2562
v -2239.6485 -1326.1119 278.6734
v -2239.6454 -1326.1101 269.2518
f 20056 20057 20058
v -2228.8554 -1323.0981 269.2562
v -2228.8397 -1323.1689 278.6778
v -2228.8366 -1323.1672 269.2562
f 20059 20060 20061
v -2226.8479 -1322.5475 269.2570
v -2228.8586 -1323.0999 278.6778
v -2228.8554 -1323.0981 269.2562
f 20062 20063 20064
v -2228.3077 -1317.2237 269.2576
v -2226.8511 -1322.5493 278.6786
v -2226.8479 -1322.5475 269.2570
f 20065 20066 20067
v -2226.1831 -1316.6415 269.2585
v -2228.3108 -1317.2255 278.6792
v -2228.3077 -1317.2237 269.2576
f 20068 20069 20070
v -2226.2138 -1316.5264 269.2585
v -2226.1863 -1316.6431 278.6801
v -2226.1831 -1316.6415 269.2585
f 20071 20072 20073
v -2239.3573 -1320.1040 269.2531
v -2226.2169 -1316.5281 278.6801
v -2226.2138 -1316.5264 269.2585
f 20074 20075 20076
v -2237.8976 -1325.4499 269.2525
v -2239.3604 -1320.1057 278.6747
v -2239.3573 -1320.1040 269.2531
f 20077 20078 20079
v -2237.8758 -1325.5160 269.2525
v -2237.9008 -1325.4517 278.6741
v -2237.8976 -1325.4499 269.2525
f 20080 20081 20082
v -2239.6731 -1326.0091 269.2518
v -2237.8790 -1325.5177 278.6741
v -2237.8758 -1325.5160 269.2525
f 20083 20084 20085
v -2239.6454 -1326.1101 269.2518
v -2239.6763 -1326.0108 278.6734
v -2239.6731 -1326.0091 269.2518
f 20086 20087 20088

g building_ID_A2FEC826-B15A-4ABF-9640-D9F207FD1681
v -2237.3567 -1319.4422 278.6756
v -2239.3892 -1319.9996 278.6747
v -2239.3604 -1320.1057 278.6747
f 20089 20090 20091
v -2227.6856 -1311.1772 278.6807
v -2238.8462 -1314.0352 278.6762
v -2237.3567 -1319.4422 278.6756
f 20092 20093 20094
v -2237.3567 -1319.4422 278.6756
v -2239.3604 -1320.1057 278.6747
v -2226.2180 -1316.5271 278.6801
f 20095 20096 20097
v -2227.6856 -1311.1772 278.6807
v -2227.5445 -1311.1425 278.6807
v -2225.8758 -1310.5011 278.6815
f 20098 20099 20100
v -2225.8283 -1310.6742 278.6815
v -2225.8758 -1310.5011 278.6815
v -2227.5445 -1311.1425 278.6807
f 20101 20102 20103
v -2238.8462 -1314.0352 278.6762
v -2227.6856 -1311.1772 278.6807
v -2225.8758 -1310.5011 278.6815
f 20104 20105 20106
v -2237.3567 -1319.4422 278.6756
v -2226.2180 -1316.5271 278.6801
v -2227.6856 -1311.1772 278.6807
f 20107 20108 20109
v -2239.3573 -1320.1040 269.2531
v -2239.3604 -1320.1057 278.6747
v -2239.3892 -1319.9996 278.6747
f 20110 20111 20112
v -2226.2148 -1316.5254 269.2585
v -2226.2180 -1316.5271 278.6801
v -2239.3604 -1320.1057 278.6747
f 20113 20114 20115
v -2227.6824 -1311.1755 269.2591
v -2227.6856 -1311.1772 278.6807
v -2226.2180 -1316.5271 278.6801
f 20116 20117 20118
v -2227.5413 -1311.1408 269.2591
v -2227.5445 -1311.1425 278.6807
v -2227.6856 -1311.1772 278.6807
f 20119 20120 20121
v -2225.8251 -1310.6725 269.2598
v -2225.8283 -1310.6742 278.6815
v -2227.5445 -1311.1425 278.6807
f 20122 20123 20124
v -2225.8726 -1310.4994 269.2598
v -2225.8758 -1310.5011 278.6815
v -2225.8283 -1310.6742 278.6815
f 20125 20126 20127
v -2238.8429 -1314.0335 269.2546
v -2238.8462 -1314.0352 278.6762
v -2225.8758 -1310.5011 278.6815
f 20128 20129 20130
v -2237.3535 -1319.4404 269.2540
v -2237.3567 -1319.4422 278.6756
v -2238.8462 -1314.0352 278.6762
f 20131 20132 20133
v -2239.3860 -1319.9979 269.2531
v -2239.3892 -1319.9996 278.6747
v -2237.3567 -1319.4422 278.6756
f 20134 20135 20136
v -2227.5413 -1311.1408 269.2591
v -2225.8726 -1310.4994 269.2598
v -2225.8251 -1310.6725 269.2598
f 20137 20138 20139
v -2225.8726 -1310.4994 269.2598
v -2227.5413 -1311.1408 269.2591
v -2227.6824 -1311.1755 269.2591
f 20140 20141 20142
v -2237.3535 -1319.4404 269.2540
v -2239.3573 -1320.1040 269.2531
v -2239.3860 -1319.9979 269.2531
f 20143 20144 20145
v -2238.8429 -1314.0335 269.2546
v -2227.6824 -1311.1755 269.2591
v -2237.3535 -1319.4404 269.2540
f 20146 20147 20148
v -2226.2148 -1316.5254 269.2585
v -2237.3535 -1319.4404 269.2540
v -2227.6824 -1311.1755 269.2591
f 20149 20150 20151
v -2225.8726 -1310.4994 269.2598
v -2227.6824 -1311.1755 269.2591
v -2238.8429 -1314.0335 269.2546
f 20152 20153 20154
v -2226.2148 -1316.5254 269.2585
v -2239.3573 -1320.1040 269.2531
v -2237.3535 -1319.4404 269.2540
f 20155 20156 20157
v -2239.3573 -1320.1040 269.2531
v -2239.3892 -1319.9996 278.6747
v -2239.3860 -1319.9979 269.2531
f 20158 20159 20160
v -2226.2148 -1316.5254 269.2585
v -2239.3604 -1320.1057 278.6747
v -2239.3573 -1320.1040 269.2531
f 20161 20162 20163
v -2227.6824 -1311.1755 269.2591
v -2226.2180 -1316.5271 278.6801
v -2226.2148 -1316.5254 269.2585
f 20164 20165 20166
v -2227.5413 -1311.1408 269.2591
v -2227.6856 -1311.1772 278.6807
v -2227.6824 -1311.1755 269.2591
f 20167 20168 20169
v -2225.8251 -1310.6725 269.2598
v -2227.5445 -1311.1425 278.6807
v -2227.5413 -1311.1408 269.2591
f 20170 20171 20172
v -2225.8726 -1310.4994 269.2598
v -2225.8283 -1310.6742 278.6815
v -2225.8251 -1310.6725 269.2598
f 20173 20174 20175
v -2238.8429 -1314.0335 269.2546
v -2225.8758 -1310.5011 278.6815
v -2225.8726 -1310.4994 269.2598
f 20176 20177 20178
v -2237.3535 -1319.4404 269.2540
v -2238.8462 -1314.0352 278.6762
v -2238.8429 -1314.0335 269.2546
f 20179 20180 20181
v -2239.3860 -1319.9979 269.2531
v -2237.3567 -1319.4422 278.6756
v -2237.3535 -1319.4404 269.2540
f 20182 20183 20184

g building_ID_62DED631-2B9E-4CFF-A524-F132225528A9
v -2227.3712 -1305.0461 278.6821
v -2225.2026 -1304.4519 278.6830
v -2225.2174 -1304.3969 278.6830
f 20185 20186 20187
v -2236.8932 -1313.3194 278.6770
v -2225.8768 -1310.4971 278.6815
v -2227.3712 -1305.0461 278.6821
f 20188 20189 20190
v -2227.3712 -1305.0461 278.6821
v -2225.2174 -1304.3969 278.6830
v -2238.3459 -1307.9716 278.6776
f 20191 20192 20193
v -2225.8768 -1310.4971 278.6815
v -2236.8932 -1313.3194 278.6770
v -2238.8401 -1314.0322 278.6762
f 20194 20195 20196
v -2238.8927 -1313.8630 278.6762
v -2238.8401 -1314.0322 278.6762
v -2236.8932 -1313.3194 278.6770
f 20197 20198 20199
v -2227.3712 -1305.0461 278.6821
v -2238.3459 -1307.9716 278.6776
v -2236.8932 -1313.3194 278.6770
f 20200 20201 20202
v -2236.8901 -1313.3177 269.2554
v -2236.8932 -1313.3194 278.6770
v -2238.3459 -1307.9716 278.6776
f 20203 20204 20205
v -2238.8895 -1313.8613 269.2546
v -2238.8927 -1313.8630 278.6762
v -2236.8932 -1313.3194 278.6770
f 20206 20207 20208
v -2238.8370 -1314.0305 269.2546
v -2238.8401 -1314.0322 278.6762
v -2238.8927 -1313.8630 278.6762
f 20209 20210 20211
v -2225.8736 -1310.4954 269.2598
v -2225.8768 -1310.4971 278.6815
v -2238.8401 -1314.0322 278.6762
f 20212 20213 20214
v -2227.3680 -1305.0444 269.2604
v -2227.3712 -1305.0461 278.6821
v -2225.8768 -1310.4971 278.6815
f 20215 20216 20217
v -2225.1994 -1304.4502 269.2613
v -2225.2026 -1304.4519 278.6830
v -2227.3712 -1305.0461 278.6821
f 20218 20219 20220
v -2225.2143 -1304.3952 269.2613
v -2225.2174 -1304.3969 278.6830
v -2225.2026 -1304.4519 278.6830
f 20221 20222 20223
v -2238.3427 -1307.9699 269.2560
v -2238.3459 -1307.9716 278.6776
v -2225.2174 -1304.3969 278.6830
f 20224 20225 20226
v -2225.8736 -1310.4954 269.2598
v -2238.8370 -1314.0305 269.2546
v -2236.8901 -1313.3177 269.2554
f 20227 20228 20229
v -2238.8895 -1313.8613 269.2546
v -2236.8901 -1313.3177 269.2554
v -2238.8370 -1314.0305 269.2546
f 20230 20231 20232
v -2236.8901 -1313.3177 269.2554
v -2238.3427 -1307.9699 269.2560
v -2227.3680 -1305.0444 269.2604
f 20233 20234 20235
v -2227.3680 -1305.0444 269.2604
v -2225.2143 -1304.3952 269.2613
v -2225.1994 -1304.4502 269.2613
f 20236 20237 20238
v -2236.8901 -1313.3177 269.2554
v -2227.3680 -1305.0444 269.2604
v -2225.8736 -1310.4954 269.2598
f 20239 20240 20241
v -2238.3427 -1307.9699 269.2560
v -2225.2143 -1304.3952 269.2613
v -2227.3680 -1305.0444 269.2604
f 20242 20243 20244
v -2236.8901 -1313.3177 269.2554
v -2238.3459 -1307.9716 278.6776
v -2238.3427 -1307.9699 269.2560
f 20245 20246 20247
v -2238.8895 -1313.8613 269.2546
v -2236.8932 -1313.3194 278.6770
v -2236.8901 -1313.3177 269.2554
f 20248 20249 20250
v -2238.8370 -1314.0305 269.2546
v -2238.8927 -1313.8630 278.6762
v -2238.8895 -1313.8613 269.2546
f 20251 20252 20253
v -2225.8736 -1310.4954 269.2598
v -2238.8401 -1314.0322 278.6762
v -2238.8370 -1314.0305 269.2546
f 20254 20255 20256
v -2227.3680 -1305.0444 269.2604
v -2225.8768 -1310.4971 278.6815
v -2225.8736 -1310.4954 269.2598
f 20257 20258 20259
v -2225.1994 -1304.4502 269.2613
v -2227.3712 -1305.0461 278.6821
v -2227.3680 -1305.0444 269.2604
f 20260 20261 20262
v -2225.2143 -1304.3952 269.2613
v -2225.2026 -1304.4519 278.6830
v -2225.1994 -1304.4502 269.2613
f 20263 20264 20265
v -2238.3427 -1307.9699 269.2560
v -2225.2174 -1304.3969 278.6830
v -2225.2143 -1304.3952 269.2613
f 20266 20267 20268

g building_ID_8CD09780-3DCF-4080-A9E6-339F3773940B
v -2236.3870 -1307.2539 278.6785
v -2238.3934 -1307.7995 278.6776
v -2238.3459 -1307.9716 278.6776
f 20269 20270 20271
v -2225.2174 -1304.3969 278.6830
v -2236.3870 -1307.2539 278.6785
v -2238.3459 -1307.9716 278.6776
f 20272 20273 20274
v -2237.8881 -1301.7318 278.6791
v -2236.3870 -1307.2539 278.6785
v -2226.7781 -1298.7057 278.6836
f 20275 20276 20277
v -2225.2174 -1304.3969 278.6830
v -2226.7781 -1298.7057 278.6836
v -2236.3870 -1307.2539 278.6785
f 20278 20279 20280
v -2237.8850 -1301.7301 269.2574
v -2237.8881 -1301.7318 278.6791
v -2226.7781 -1298.7057 278.6836
f 20281 20282 20283
v -2236.3838 -1307.2522 269.2568
v -2236.3870 -1307.2539 278.6785
v -2237.8881 -1301.7318 278.6791
f 20284 20285 20286
v -2238.3902 -1307.7978 269.2560
v -2238.3934 -1307.7995 278.6776
v -2236.3870 -1307.2539 278.6785
f 20287 20288 20289
v -2238.3427 -1307.9699 269.2560
v -2238.3459 -1307.9716 278.6776
v -2238.3934 -1307.7995 278.6776
f 20290 20291 20292
v -2225.2143 -1304.3952 269.2613
v -2225.2174 -1304.3969 278.6830
v -2238.3459 -1307.9716 278.6776
f 20293 20294 20295
v -2226.7749 -1298.7040 269.2619
v -2226.7781 -1298.7057 278.6836
v -2225.2174 -1304.3969 278.6830
f 20296 20297 20298
v -2237.8850 -1301.7301 269.2574
v -2226.7749 -1298.7040 269.2619
v -2236.3838 -1307.2522 269.2568
f 20299 20300 20301
v -2225.2143 -1304.3952 269.2613
v -2236.3838 -1307.2522 269.2568
v -2226.7749 -1298.7040 269.2619
f 20302 20303 20304
v -2238.3902 -1307.7978 269.2560
v -2236.3838 -1307.2522 269.2568
v -2238.3427 -1307.9699 269.2560
f 20305 20306 20307
v -2225.2143 -1304.3952 269.2613
v -2238.3427 -1307.9699 269.2560
v -2236.3838 -1307.2522 269.2568
f 20308 20309 20310
v -2237.8850 -1301.7301 269.2574
v -2226.7781 -1298.7057 278.6836
v -2226.7749 -1298.7040 269.2619
f 20311 20312 20313
v -2236.3838 -1307.2522 269.2568
v -2237.8881 -1301.7318 278.6791
v -2237.8850 -1301.7301 269.2574
f 20314 20315 20316
v -2238.3902 -1307.7978 269.2560
v -2236.3870 -1307.2539 278.6785
v -2236.3838 -1307.2522 269.2568
f 20317 20318 20319
v -2238.3427 -1307.9699 269.2560
v -2238.3934 -1307.7995 278.6776
v -2238.3902 -1307.7978 269.2560
f 20320 20321 20322
v -2225.2143 -1304.3952 269.2613
v -2238.3459 -1307.9716 278.6776
v -2238.3427 -1307.9699 269.2560
f 20323 20324 20325
v -2226.7749 -1298.7040 269.2619
v -2225.2174 -1304.3969 278.6830
v -2225.2143 -1304.3952 269.2613
f 20326 20327 20328

g building_ID_E52B7F29-34D4-4606-9D12-D75AA4A4217F
v -2270.1759 -1324.7857 287.7675
v -2263.2019 -1322.9334 287.7705
v -2263.9563 -1320.0964 287.7708
f 20329 20330 20331
v -2274.4848 -1309.1352 287.7693
v -2274.4622 -1309.3113 287.7693
v -2260.3811 -1308.1181 287.7745
f 20332 20333 20334
v -2263.9563 -1320.0964 287.7708
v -2257.6449 -1318.4193 287.7734
v -2260.3811 -1308.1181 287.7745
f 20335 20336 20337
v -2274.4622 -1309.3113 287.7693
v -2263.9563 -1320.0964 287.7708
v -2260.3811 -1308.1181 287.7745
f 20338 20339 20340
v -2263.9563 -1320.0964 287.7708
v -2271.7925 -1318.7014 287.7683
v -2270.1759 -1324.7857 287.7675
f 20341 20342 20343
v -2277.2022 -1310.0389 287.7681
v -2274.6385 -1319.4567 287.7671
v -2274.4622 -1309.3113 287.7693
f 20344 20345 20346
v -2271.7925 -1318.7014 287.7683
v -2274.4622 -1309.3113 287.7693
v -2274.6385 -1319.4567 287.7671
f 20347 20348 20349
v -2274.4622 -1309.3113 287.7693
v -2271.7925 -1318.7014 287.7683
v -2263.9563 -1320.0964 287.7708
f 20350 20351 20352
v -2261.6462 -1292.1299 287.7773
v -2260.3811 -1308.1181 287.7745
v -2257.5972 -1307.3786 287.7756
f 20353 20354 20355
v -2266.4166 -1294.1330 287.7752
v -2274.5945 -1296.3570 287.7719
v -2273.8786 -1298.9910 287.7716
f 20356 20357 20358
v -2266.5958 -1293.4755 287.7753
v -2266.4166 -1294.1330 287.7752
v -2261.6462 -1292.1299 287.7773
f 20359 20360 20361
v -2260.3811 -1308.1181 287.7745
v -2266.4166 -1294.1330 287.7752
v -2273.8786 -1298.9910 287.7716
f 20362 20363 20364
v -2260.3811 -1308.1181 287.7745
v -2273.8786 -1298.9910 287.7716
v -2274.4848 -1309.1352 287.7693
f 20365 20366 20367
v -2275.5324 -1305.2825 287.7697
v -2274.4848 -1309.1352 287.7693
v -2273.8786 -1298.9910 287.7716
f 20368 20369 20370
v -2274.4622 -1309.3113 287.7693
v -2274.4848 -1309.1352 287.7693
v -2274.5078 -1309.1411 287.7693
f 20371 20372 20373
v -2273.8786 -1298.9910 287.7716
v -2274.0817 -1299.0464 287.7715
v -2274.0678 -1299.0994 287.7715
f 20374 20375 20376
v -2275.5324 -1305.2825 287.7697
v -2274.0678 -1299.0994 287.7715
v -2276.9689 -1299.8696 287.7703
f 20377 20378 20379
v -2275.5324 -1305.2825 287.7697
v -2273.8786 -1298.9910 287.7716
v -2274.0678 -1299.0994 287.7715
f 20380 20381 20382
v -2261.6462 -1292.1299 287.7773
v -2266.4166 -1294.1330 287.7752
v -2260.3811 -1308.1181 287.7745
f 20383 20384 20385
v -2273.8719 -1298.9875 268.3294
v -2273.8786 -1298.9910 287.7716
v -2274.5945 -1296.3570 287.7719
f 20386 20387 20388
v -2274.0751 -1299.0429 268.3293
v -2274.0817 -1299.0464 287.7715
v -2273.8786 -1298.9910 287.7716
f 20389 20390 20391
v -2274.0611 -1299.0959 268.3293
v -2274.0678 -1299.0994 287.7715
v -2274.0817 -1299.0464 287.7715
f 20392 20393 20394
v -2276.9622 -1299.8662 268.3280
v -2276.9689 -1299.8696 287.7703
v -2274.0678 -1299.0994 287.7715
f 20395 20396 20397
v -2275.5257 -1305.2789 268.3274
v -2275.5324 -1305.2825 287.7697
v -2276.9689 -1299.8696 287.7703
f 20398 20399 20400
v -2274.4781 -1309.1317 268.3270
v -2274.4848 -1309.1352 287.7693
v -2275.5324 -1305.2825 287.7697
f 20401 20402 20403
v -2274.5011 -1309.1377 268.3270
v -2274.5078 -1309.1411 287.7693
v -2274.4848 -1309.1352 287.7693
f 20404 20405 20406
v -2274.4555 -1309.3077 268.3270
v -2274.4622 -1309.3113 287.7693
v -2274.5078 -1309.1411 287.7693
f 20407 20408 20409
v -2277.1955 -1310.0353 268.3258
v -2277.2022 -1310.0389 287.7681
v -2274.4622 -1309.3113 287.7693
f 20410 20411 20412
v -2274.6318 -1319.4532 268.3248
v -2274.6385 -1319.4567 287.7671
v -2277.2022 -1310.0389 287.7681
f 20413 20414 20415
v -2271.7858 -1318.6978 268.3260
v -2271.7925 -1318.7014 287.7683
v -2274.6385 -1319.4567 287.7671
f 20416 20417 20418
v -2270.1692 -1324.7821 268.3253
v -2270.1759 -1324.7857 287.7675
v -2271.7925 -1318.7014 287.7683
f 20419 20420 20421
v -2263.1953 -1322.9299 268.3282
v -2263.2019 -1322.9334 287.7705
v -2270.1759 -1324.7857 287.7675
f 20422 20423 20424
v -2263.9497 -1320.0928 268.3285
v -2263.9563 -1320.0964 287.7708
v -2263.2019 -1322.9334 287.7705
f 20425 20426 20427
v -2257.6382 -1318.4158 268.3311
v -2257.6449 -1318.4193 287.7734
v -2263.9563 -1320.0964 287.7708
f 20428 20429 20430
v -2260.3745 -1308.1146 268.3322
v -2260.3811 -1308.1181 287.7745
v -2257.6449 -1318.4193 287.7734
f 20431 20432 20433
v -2257.5906 -1307.3750 268.3333
v -2257.5972 -1307.3786 287.7756
v -2260.3811 -1308.1181 287.7745
f 20434 20435 20436
v -2261.6396 -1292.1264 268.3351
v -2261.6462 -1292.1299 287.7773
v -2257.5972 -1307.3786 287.7756
f 20437 20438 20439
v -2266.5891 -1293.4720 268.3331
v -2266.5958 -1293.4755 287.7753
v -2261.6462 -1292.1299 287.7773
f 20440 20441 20442
v -2266.4099 -1294.1295 268.3330
v -2266.4166 -1294.1330 287.7752
v -2266.5958 -1293.4755 287.7753
f 20443 20444 20445
v -2274.5878 -1296.3535 268.3297
v -2274.5945 -1296.3570 287.7719
v -2266.4166 -1294.1330 287.7752
f 20446 20447 20448
v -2266.4099 -1294.1295 268.3330
v -2266.5891 -1293.4720 268.3331
v -2261.6396 -1292.1264 268.3351
f 20449 20450 20451
v -2274.5878 -1296.3535 268.3297
v -2266.4099 -1294.1295 268.3330
v -2273.8719 -1298.9875 268.3294
f 20452 20453 20454
v -2275.5257 -1305.2789 268.3274
v -2273.8719 -1298.9875 268.3294
v -2274.4781 -1309.1317 268.3270
f 20455 20456 20457
v -2266.4099 -1294.1295 268.3330
v -2260.3745 -1308.1146 268.3322
v -2273.8719 -1298.9875 268.3294
f 20458 20459 20460
v -2274.0611 -1299.0959 268.3293
v -2273.8719 -1298.9875 268.3294
v -2275.5257 -1305.2789 268.3274
f 20461 20462 20463
v -2276.9622 -1299.8662 268.3280
v -2274.0611 -1299.0959 268.3293
v -2275.5257 -1305.2789 268.3274
f 20464 20465 20466
v -2274.0611 -1299.0959 268.3293
v -2274.0751 -1299.0429 268.3293
v -2273.8719 -1298.9875 268.3294
f 20467 20468 20469
v -2260.3745 -1308.1146 268.3322
v -2266.4099 -1294.1295 268.3330
v -2261.6396 -1292.1264 268.3351
f 20470 20471 20472
v -2273.8719 -1298.9875 268.3294
v -2260.3745 -1308.1146 268.3322
v -2274.4781 -1309.1317 268.3270
f 20473 20474 20475
v -2270.1692 -1324.7821 268.3253
v -2263.9497 -1320.0928 268.3285
v -2263.1953 -1322.9299 268.3282
f 20476 20477 20478
v -2260.3745 -1308.1146 268.3322
v -2257.6382 -1318.4158 268.3311
v -2263.9497 -1320.0928 268.3285
f 20479 20480 20481
v -2274.4555 -1309.3077 268.3270
v -2260.3745 -1308.1146 268.3322
v -2263.9497 -1320.0928 268.3285
f 20482 20483 20484
v -2274.4555 -1309.3077 268.3270
v -2274.4781 -1309.1317 268.3270
v -2260.3745 -1308.1146 268.3322
f 20485 20486 20487
v -2274.6318 -1319.4532 268.3248
v -2277.1955 -1310.0353 268.3258
v -2274.4555 -1309.3077 268.3270
f 20488 20489 20490
v -2274.4781 -1309.1317 268.3270
v -2274.4555 -1309.3077 268.3270
v -2274.5011 -1309.1377 268.3270
f 20491 20492 20493
v -2274.4555 -1309.3077 268.3270
v -2271.7858 -1318.6978 268.3260
v -2274.6318 -1319.4532 268.3248
f 20494 20495 20496
v -2263.9497 -1320.0928 268.3285
v -2270.1692 -1324.7821 268.3253
v -2271.7858 -1318.6978 268.3260
f 20497 20498 20499
v -2274.4555 -1309.3077 268.3270
v -2263.9497 -1320.0928 268.3285
v -2271.7858 -1318.6978 268.3260
f 20500 20501 20502
v -2257.5906 -1307.3750 268.3333
v -2260.3745 -1308.1146 268.3322
v -2261.6396 -1292.1264 268.3351
f 20503 20504 20505
v -2273.8719 -1298.9875 268.3294
v -2274.5945 -1296.3570 287.7719
v -2274.5878 -1296.3535 268.3297
f 20506 20507 20508
v -2274.0751 -1299.0429 268.3293
v -2273.8786 -1298.9910 287.7716
v -2273.8719 -1298.9875 268.3294
f 20509 20510 20511
v -2274.0611 -1299.0959 268.3293
v -2274.0817 -1299.0464 287.7715
v -2274.0751 -1299.0429 268.3293
f 20512 20513 20514
v -2276.9622 -1299.8662 268.3280
v -2274.0678 -1299.0994 287.7715
v -2274.0611 -1299.0959 268.3293
f 20515 20516 20517
v -2275.5257 -1305.2789 268.3274
v -2276.9689 -1299.8696 287.7703
v -2276.9622 -1299.8662 268.3280
f 20518 20519 20520
v -2274.4781 -1309.1317 268.3270
v -2275.5324 -1305.2825 287.7697
v -2275.5257 -1305.2789 268.3274
f 20521 20522 20523
v -2274.5011 -1309.1377 268.3270
v -2274.4848 -1309.1352 287.7693
v -2274.4781 -1309.1317 268.3270
f 20524 20525 20526
v -2274.4555 -1309.3077 268.3270
v -2274.5078 -1309.1411 287.7693
v -2274.5011 -1309.1377 268.3270
f 20527 20528 20529
v -2277.1955 -1310.0353 268.3258
v -2274.4622 -1309.3113 287.7693
v -2274.4555 -1309.3077 268.3270
f 20530 20531 20532
v -2274.6318 -1319.4532 268.3248
v -2277.2022 -1310.0389 287.7681
v -2277.1955 -1310.0353 268.3258
f 20533 20534 20535
v -2271.7858 -1318.6978 268.3260
v -2274.6385 -1319.4567 287.7671
v -2274.6318 -1319.4532 268.3248
f 20536 20537 20538
v -2270.1692 -1324.7821 268.3253
v -2271.7925 -1318.7014 287.7683
v -2271.7858 -1318.6978 268.3260
f 20539 20540 20541
v -2263.1953 -1322.9299 268.3282
v -2270.1759 -1324.7857 287.7675
v -2270.1692 -1324.7821 268.3253
f 20542 20543 20544
v -2263.9497 -1320.0928 268.3285
v -2263.2019 -1322.9334 287.7705
v -2263.1953 -1322.9299 268.3282
f 20545 20546 20547
v -2257.6382 -1318.4158 268.3311
v -2263.9563 -1320.0964 287.7708
v -2263.9497 -1320.0928 268.3285
f 20548 20549 20550
v -2260.3745 -1308.1146 268.3322
v -2257.6449 -1318.4193 287.7734
v -2257.6382 -1318.4158 268.3311
f 20551 20552 20553
v -2257.5906 -1307.3750 268.3333
v -2260.3811 -1308.1181 287.7745
v -2260.3745 -1308.1146 268.3322
f 20554 20555 20556
v -2261.6396 -1292.1264 268.3351
v -2257.5972 -1307.3786 287.7756
v -2257.5906 -1307.3750 268.3333
f 20557 20558 20559
v -2266.5891 -1293.4720 268.3331
v -2261.6462 -1292.1299 287.7773
v -2261.6396 -1292.1264 268.3351
f 20560 20561 20562
v -2266.4099 -1294.1295 268.3330
v -2266.5958 -1293.4755 287.7753
v -2266.5891 -1293.4720 268.3331
f 20563 20564 20565
v -2274.5878 -1296.3535 268.3297
v -2266.4166 -1294.1330 287.7752
v -2266.4099 -1294.1295 268.3330
f 20566 20567 20568

g building_ID_60476844-1109-4C37-938F-0E8277D5908A
v -2264.2796 -1272.5359 287.7803
v -2272.6457 -1274.8144 287.7769
v -2271.8931 -1277.5814 287.7766
f 20569 20570 20571
v -2271.8931 -1277.5814 287.7766
v -2276.4054 -1278.8073 287.7748
v -2273.2337 -1290.4717 287.7735
f 20572 20573 20574
v -2261.1917 -1281.8941 287.7796
v -2271.8931 -1277.5814 287.7766
v -2273.2337 -1290.4717 287.7735
f 20575 20576 20577
v -2261.1917 -1281.8941 287.7796
v -2260.9813 -1271.6598 287.7817
v -2264.2796 -1272.5359 287.7803
f 20578 20579 20580
v -2260.9813 -1271.6598 287.7817
v -2261.1917 -1281.8941 287.7796
v -2258.4569 -1281.1665 287.7807
f 20581 20582 20583
v -2261.1917 -1281.8941 287.7796
v -2264.2796 -1272.5359 287.7803
v -2271.8931 -1277.5814 287.7766
f 20584 20585 20586
v -2266.5958 -1293.4755 287.7753
v -2261.1917 -1281.8941 287.7796
v -2273.2337 -1290.4717 287.7735
f 20587 20588 20589
v -2273.2337 -1290.4717 287.7735
v -2274.5945 -1296.3570 287.7719
v -2266.5958 -1293.4755 287.7753
f 20590 20591 20592
v -2275.9838 -1291.2474 287.7724
v -2274.5945 -1296.3570 287.7719
v -2273.3629 -1290.5514 287.7735
f 20593 20594 20595
v -2273.3629 -1290.5514 287.7735
v -2274.5945 -1296.3570 287.7719
v -2273.2337 -1290.4717 287.7735
f 20596 20597 20598
v -2261.6562 -1292.0928 287.7773
v -2258.6921 -1291.3058 287.7785
v -2261.1917 -1281.8941 287.7796
f 20599 20600 20601
v -2261.6562 -1292.0928 287.7773
v -2266.5958 -1293.4755 287.7753
v -2261.6462 -1292.1299 287.7773
f 20602 20603 20604
v -2274.5945 -1296.3570 287.7719
v -2266.4166 -1294.1330 287.7752
v -2266.5958 -1293.4755 287.7753
f 20605 20606 20607
v -2261.6562 -1292.0928 287.7773
v -2261.1917 -1281.8941 287.7796
v -2266.5958 -1293.4755 287.7753
f 20608 20609 20610
v -2273.2337 -1290.4717 287.7735
v -2273.3738 -1290.5103 287.7735
v -2273.3629 -1290.5514 287.7735
f 20611 20612 20613
v -2272.6390 -1274.8110 268.3347
v -2272.6457 -1274.8144 287.7769
v -2264.2796 -1272.5359 287.7803
f 20614 20615 20616
v -2271.8865 -1277.5780 268.3344
v -2271.8931 -1277.5814 287.7766
v -2272.6457 -1274.8144 287.7769
f 20617 20618 20619
v -2276.3987 -1278.8038 268.3326
v -2276.4054 -1278.8073 287.7748
v -2271.8931 -1277.5814 287.7766
f 20620 20621 20622
v -2273.2270 -1290.4682 268.3314
v -2273.2337 -1290.4717 287.7735
v -2276.4054 -1278.8073 287.7748
f 20623 20624 20625
v -2273.3671 -1290.5068 268.3313
v -2273.3738 -1290.5103 287.7735
v -2273.2337 -1290.4717 287.7735
f 20626 20627 20628
v -2273.3562 -1290.5479 268.3313
v -2273.3629 -1290.5514 287.7735
v -2273.3738 -1290.5103 287.7735
f 20629 20630 20631
v -2275.9771 -1291.2439 268.3302
v -2275.9838 -1291.2474 287.7724
v -2273.3629 -1290.5514 287.7735
f 20632 20633 20634
v -2274.5878 -1296.3535 268.3297
v -2274.5945 -1296.3570 287.7719
v -2275.9838 -1291.2474 287.7724
f 20635 20636 20637
v -2266.4099 -1294.1295 268.3330
v -2266.4166 -1294.1330 287.7752
v -2274.5945 -1296.3570 287.7719
f 20638 20639 20640
v -2266.5891 -1293.4720 268.3331
v -2266.5958 -1293.4755 287.7753
v -2266.4166 -1294.1330 287.7752
f 20641 20642 20643
v -2261.6396 -1292.1264 268.3351
v -2261.6462 -1292.1299 287.7773
v -2266.5958 -1293.4755 287.7753
f 20644 20645 20646
v -2261.6495 -1292.0893 268.3351
v -2261.6562 -1292.0928 287.7773
v -2261.6462 -1292.1299 287.7773
f 20647 20648 20649
v -2258.6854 -1291.3023 268.3363
v -2258.6921 -1291.3058 287.7785
v -2261.6562 -1292.0928 287.7773
f 20650 20651 20652
v -2261.1851 -1281.8907 268.3374
v -2261.1917 -1281.8941 287.7796
v -2258.6921 -1291.3058 287.7785
f 20653 20654 20655
v -2258.4502 -1281.1630 268.3385
v -2258.4569 -1281.1665 287.7807
v -2261.1917 -1281.8941 287.7796
f 20656 20657 20658
v -2260.9746 -1271.6563 268.3395
v -2260.9813 -1271.6598 287.7817
v -2258.4569 -1281.1665 287.7807
f 20659 20660 20661
v -2264.2730 -1272.5325 268.3381
v -2264.2796 -1272.5359 287.7803
v -2260.9813 -1271.6598 287.7817
f 20662 20663 20664
v -2266.4099 -1294.1295 268.3330
v -2274.5878 -1296.3535 268.3297
v -2266.5891 -1293.4720 268.3331
f 20665 20666 20667
v -2274.5878 -1296.3535 268.3297
v -2273.2270 -1290.4682 268.3314
v -2266.5891 -1293.4720 268.3331
f 20668 20669 20670
v -2274.5878 -1296.3535 268.3297
v -2275.9771 -1291.2439 268.3302
v -2273.3562 -1290.5479 268.3313
f 20671 20672 20673
v -2261.1851 -1281.8907 268.3374
v -2261.6495 -1292.0893 268.3351
v -2266.5891 -1293.4720 268.3331
f 20674 20675 20676
v -2261.6495 -1292.0893 268.3351
v -2261.1851 -1281.8907 268.3374
v -2258.6854 -1291.3023 268.3363
f 20677 20678 20679
v -2261.6396 -1292.1264 268.3351
v -2266.5891 -1293.4720 268.3331
v -2261.6495 -1292.0893 268.3351
f 20680 20681 20682
v -2274.5878 -1296.3535 268.3297
v -2273.3562 -1290.5479 268.3313
v -2273.2270 -1290.4682 268.3314
f 20683 20684 20685
v -2273.3562 -1290.5479 268.3313
v -2273.3671 -1290.5068 268.3313
v -2273.2270 -1290.4682 268.3314
f 20686 20687 20688
v -2271.8865 -1277.5780 268.3344
v -2273.2270 -1290.4682 268.3314
v -2276.3987 -1278.8038 268.3326
f 20689 20690 20691
v -2260.9746 -1271.6563 268.3395
v -2258.4502 -1281.1630 268.3385
v -2261.1851 -1281.8907 268.3374
f 20692 20693 20694
v -2261.1851 -1281.8907 268.3374
v -2264.2730 -1272.5325 268.3381
v -2260.9746 -1271.6563 268.3395
f 20695 20696 20697
v -2272.6390 -1274.8110 268.3347
v -2264.2730 -1272.5325 268.3381
v -2271.8865 -1277.5780 268.3344
f 20698 20699 20700
v -2271.8865 -1277.5780 268.3344
v -2264.2730 -1272.5325 268.3381
v -2261.1851 -1281.8907 268.3374
f 20701 20702 20703
v -2271.8865 -1277.5780 268.3344
v -2261.1851 -1281.8907 268.3374
v -2273.2270 -1290.4682 268.3314
f 20704 20705 20706
v -2273.2270 -1290.4682 268.3314
v -2261.1851 -1281.8907 268.3374
v -2266.5891 -1293.4720 268.3331
f 20707 20708 20709
v -2272.6390 -1274.8110 268.3347
v -2264.2796 -1272.5359 287.7803
v -2264.2730 -1272.5325 268.3381
f 20710 20711 20712
v -2271.8865 -1277.5780 268.3344
v -2272.6457 -1274.8144 287.7769
v -2272.6390 -1274.8110 268.3347
f 20713 20714 20715
v -2276.3987 -1278.8038 268.3326
v -2271.8931 -1277.5814 287.7766
v -2271.8865 -1277.5780 268.3344
f 20716 20717 20718
v -2273.2270 -1290.4682 268.3314
v -2276.4054 -1278.8073 287.7748
v -2276.3987 -1278.8038 268.3326
f 20719 20720 20721
v -2273.3671 -1290.5068 268.3313
v -2273.2337 -1290.4717 287.7735
v -2273.2270 -1290.4682 268.3314
f 20722 20723 20724
v -2273.3562 -1290.5479 268.3313
v -2273.3738 -1290.5103 287.7735
v -2273.3671 -1290.5068 268.3313
f 20725 20726 20727
v -2275.9771 -1291.2439 268.3302
v -2273.3629 -1290.5514 287.7735
v -2273.3562 -1290.5479 268.3313
f 20728 20729 20730
v -2274.5878 -1296.3535 268.3297
v -2275.9838 -1291.2474 287.7724
v -2275.9771 -1291.2439 268.3302
f 20731 20732 20733
v -2266.4099 -1294.1295 268.3330
v -2274.5945 -1296.3570 287.7719
v -2274.5878 -1296.3535 268.3297
f 20734 20735 20736
v -2266.5891 -1293.4720 268.3331
v -2266.4166 -1294.1330 287.7752
v -2266.4099 -1294.1295 268.3330
f 20737 20738 20739
v -2261.6396 -1292.1264 268.3351
v -2266.5958 -1293.4755 287.7753
v -2266.5891 -1293.4720 268.3331
f 20740 20741 20742
v -2261.6495 -1292.0893 268.3351
v -2261.6462 -1292.1299 287.7773
v -2261.6396 -1292.1264 268.3351
f 20743 20744 20745
v -2258.6854 -1291.3023 268.3363
v -2261.6562 -1292.0928 287.7773
v -2261.6495 -1292.0893 268.3351
f 20746 20747 20748
v -2261.1851 -1281.8907 268.3374
v -2258.6921 -1291.3058 287.7785
v -2258.6854 -1291.3023 268.3363
f 20749 20750 20751
v -2258.4502 -1281.1630 268.3385
v -2261.1917 -1281.8941 287.7796
v -2261.1851 -1281.8907 268.3374
f 20752 20753 20754
v -2260.9746 -1271.6563 268.3395
v -2258.4569 -1281.1665 287.7807
v -2258.4502 -1281.1630 268.3385
f 20755 20756 20757
v -2264.2730 -1272.5325 268.3381
v -2260.9813 -1271.6598 287.7817
v -2260.9746 -1271.6563 268.3395
f 20758 20759 20760

g building_ID_1BA029BF-94D0-4EF4-A306-4C61DC7F3B72
v -2202.8443 -1285.6951 284.2324
v -2202.6225 -1286.5066 284.2323
v -2199.0459 -1285.5602 284.2337
f 20761 20762 20763
v -2202.8443 -1285.6951 284.2324
v -2208.3821 -1270.0024 284.2336
v -2211.2504 -1287.9845 284.2290
f 20764 20765 20766
v -2211.2504 -1287.9845 284.2290
v -2214.8860 -1289.7497 284.2274
v -2211.0463 -1288.7341 284.2289
f 20767 20768 20769
v -2214.8860 -1289.7497 284.2274
v -2211.2504 -1287.9845 284.2290
v -2219.0913 -1273.8486 284.2291
f 20770 20771 20772
v -2211.2504 -1287.9845 284.2290
v -2208.3821 -1270.0024 284.2336
v -2219.0913 -1273.8486 284.2291
f 20773 20774 20775
v -2203.4997 -1268.7214 284.2355
v -2202.8443 -1285.6951 284.2324
v -2199.0459 -1285.5602 284.2337
f 20776 20777 20778
v -2206.4378 -1269.4985 284.2344
v -2208.3821 -1270.0024 284.2336
v -2202.8443 -1285.6951 284.2324
f 20779 20780 20781
v -2208.3821 -1270.0024 284.2336
v -2206.4378 -1269.4985 284.2344
v -2206.4447 -1269.4716 284.2344
f 20782 20783 20784
v -2222.8770 -1274.8494 284.2276
v -2219.0913 -1273.8486 284.2291
v -2223.8682 -1271.2097 284.2280
f 20785 20786 20787
v -2219.0913 -1273.8486 284.2291
v -2208.3821 -1270.0024 284.2336
v -2209.1476 -1267.2053 284.2339
f 20788 20789 20790
v -2209.1476 -1267.2053 284.2339
v -2223.8682 -1271.2097 284.2280
v -2219.0913 -1273.8486 284.2291
f 20791 20792 20793
v -2203.4997 -1268.7214 284.2355
v -2206.4378 -1269.4985 284.2344
v -2202.8443 -1285.6951 284.2324
f 20794 20795 20796
v -2222.8712 -1274.8464 267.0983
v -2222.8770 -1274.8494 284.2276
v -2223.8682 -1271.2097 284.2280
f 20797 20798 20799
v -2219.0855 -1273.8456 267.0998
v -2219.0913 -1273.8486 284.2291
v -2222.8770 -1274.8494 284.2276
f 20800 20801 20802
v -2214.8803 -1289.7467 267.0980
v -2214.8860 -1289.7497 284.2274
v -2219.0913 -1273.8486 284.2291
f 20803 20804 20805
v -2211.0406 -1288.7309 267.0996
v -2211.0463 -1288.7341 284.2289
v -2214.8860 -1289.7497 284.2274
f 20806 20807 20808
v -2211.2446 -1287.9815 267.0997
v -2211.2504 -1287.9845 284.2290
v -2211.0463 -1288.7341 284.2289
f 20809 20810 20811
v -2202.8386 -1285.6920 267.1031
v -2202.8443 -1285.6951 284.2324
v -2211.2504 -1287.9845 284.2290
f 20812 20813 20814
v -2202.6167 -1286.5036 267.1030
v -2202.6225 -1286.5066 284.2323
v -2202.8443 -1285.6951 284.2324
f 20815 20816 20817
v -2199.0403 -1285.5572 267.1044
v -2199.0459 -1285.5602 284.2337
v -2202.6225 -1286.5066 284.2323
f 20818 20819 20820
v -2203.4940 -1268.7185 267.1062
v -2203.4997 -1268.7214 284.2355
v -2199.0459 -1285.5602 284.2337
f 20821 20822 20823
v -2206.4321 -1269.4956 267.1051
v -2206.4378 -1269.4985 284.2344
v -2203.4997 -1268.7214 284.2355
f 20824 20825 20826
v -2208.3764 -1269.9994 267.1043
v -2208.3821 -1270.0024 284.2336
v -2206.4447 -1269.4716 284.2344
f 20827 20828 20829
v -2209.1418 -1267.2023 267.1046
v -2209.1476 -1267.2053 284.2339
v -2208.3821 -1270.0024 284.2336
f 20830 20831 20832
v -2223.8624 -1271.2068 267.0987
v -2223.8682 -1271.2097 284.2280
v -2209.1476 -1267.2053 284.2339
f 20833 20834 20835
v -2206.4321 -1269.4956 267.1051
v -2202.8386 -1285.6920 267.1031
v -2208.3764 -1269.9994 267.1043
f 20836 20837 20838
v -2208.3764 -1269.9994 267.1043
v -2206.4390 -1269.4685 267.1051
v -2206.4321 -1269.4956 267.1051
f 20839 20840 20841
v -2209.1418 -1267.2023 267.1046
v -2219.0855 -1273.8456 267.0998
v -2223.8624 -1271.2068 267.0987
f 20842 20843 20844
v -2222.8712 -1274.8464 267.0983
v -2223.8624 -1271.2068 267.0987
v -2219.0855 -1273.8456 267.0998
f 20845 20846 20847
v -2219.0855 -1273.8456 267.0998
v -2209.1418 -1267.2023 267.1046
v -2208.3764 -1269.9994 267.1043
f 20848 20849 20850
v -2202.8386 -1285.6920 267.1031
v -2206.4321 -1269.4956 267.1051
v -2203.4940 -1268.7185 267.1062
f 20851 20852 20853
v -2202.6167 -1286.5036 267.1030
v -2202.8386 -1285.6920 267.1031
v -2199.0403 -1285.5572 267.1044
f 20854 20855 20856
v -2202.8386 -1285.6920 267.1031
v -2211.2446 -1287.9815 267.0997
v -2208.3764 -1269.9994 267.1043
f 20857 20858 20859
v -2214.8803 -1289.7467 267.0980
v -2219.0855 -1273.8456 267.0998
v -2211.2446 -1287.9815 267.0997
f 20860 20861 20862
v -2211.2446 -1287.9815 267.0997
v -2219.0855 -1273.8456 267.0998
v -2208.3764 -1269.9994 267.1043
f 20863 20864 20865
v -2211.2446 -1287.9815 267.0997
v -2211.0406 -1288.7309 267.0996
v -2214.8803 -1289.7467 267.0980
f 20866 20867 20868
v -2199.0403 -1285.5572 267.1044
v -2202.8386 -1285.6920 267.1031
v -2203.4940 -1268.7185 267.1062
f 20869 20870 20871
v -2206.4390 -1269.4685 267.1051
v -2206.4447 -1269.4716 284.2344
v -2206.4378 -1269.4985 284.2344
f 20872 20873 20874
v -2222.8712 -1274.8464 267.0983
v -2223.8682 -1271.2097 284.2280
v -2223.8624 -1271.2068 267.0987
f 20875 20876 20877
v -2219.0855 -1273.8456 267.0998
v -2222.8770 -1274.8494 284.2276
v -2222.8712 -1274.8464 267.0983
f 20878 20879 20880
v -2214.8803 -1289.7467 267.0980
v -2219.0913 -1273.8486 284.2291
v -2219.0855 -1273.8456 267.0998
f 20881 20882 20883
v -2211.0406 -1288.7309 267.0996
v -2214.8860 -1289.7497 284.2274
v -2214.8803 -1289.7467 267.0980
f 20884 20885 20886
v -2211.2446 -1287.9815 267.0997
v -2211.0463 -1288.7341 284.2289
v -2211.0406 -1288.7309 267.0996
f 20887 20888 20889
v -2202.8386 -1285.6920 267.1031
v -2211.2504 -1287.9845 284.2290
v -2211.2446 -1287.9815 267.0997
f 20890 20891 20892
v -2202.6167 -1286.5036 267.1030
v -2202.8443 -1285.6951 284.2324
v -2202.8386 -1285.6920 267.1031
f 20893 20894 20895
v -2199.0403 -1285.5572 267.1044
v -2202.6225 -1286.5066 284.2323
v -2202.6167 -1286.5036 267.1030
f 20896 20897 20898
v -2203.4940 -1268.7185 267.1062
v -2199.0459 -1285.5602 284.2337
v -2199.0403 -1285.5572 267.1044
f 20899 20900 20901
v -2206.4321 -1269.4956 267.1051
v -2203.4997 -1268.7214 284.2355
v -2203.4940 -1268.7185 267.1062
f 20902 20903 20904
v -2208.3764 -1269.9994 267.1043
v -2206.4447 -1269.4716 284.2344
v -2206.4390 -1269.4685 267.1051
f 20905 20906 20907
v -2209.1418 -1267.2023 267.1046
v -2208.3821 -1270.0024 284.2336
v -2208.3764 -1269.9994 267.1043
f 20908 20909 20910
v -2223.8624 -1271.2068 267.0987
v -2209.1476 -1267.2053 284.2339
v -2209.1418 -1267.2023 267.1046
f 20911 20912 20913
v -2206.4390 -1269.4685 267.1051
v -2206.4378 -1269.4985 284.2344
v -2206.4321 -1269.4956 267.1051
f 20914 20915 20916

g building_ID_42BB66C2-B6AC-4284-A890-01D128357242
v -2140.4371 -1126.3481 271.8365
v -2140.4781 -1124.9429 271.2198
v -2145.0103 -1125.0387 271.1732
f 20917 20918 20919
v -2140.4371 -1126.3481 271.8365
v -2145.0103 -1125.0387 271.1732
v -2144.9656 -1126.5459 271.8350
f 20920 20921 20922
v -2144.9167 -1128.1939 271.0397
v -2144.0407 -1128.1753 271.0300
v -2144.9656 -1126.5459 271.8350
f 20923 20924 20925
v -2140.4371 -1126.3481 271.8365
v -2144.9656 -1126.5459 271.8350
v -2144.0407 -1128.1753 271.0300
f 20926 20927 20928
v -2140.4371 -1126.3481 271.8365
v -2144.0407 -1128.1753 271.0300
v -2140.3873 -1128.0151 271.0313
f 20929 20930 20931
v -2140.4771 -1124.9425 268.1280
v -2140.4765 -1124.9421 266.2720
v -2145.0103 -1125.0387 271.1732
f 20932 20933 20934
v -2145.0103 -1125.0387 271.1732
v -2140.4765 -1124.9421 266.2720
v -2145.0097 -1125.0384 269.3183
f 20935 20936 20937
v -2145.0087 -1125.0380 266.2704
v -2145.0097 -1125.0384 269.3183
v -2140.4765 -1124.9421 266.2720
f 20938 20939 20940
v -2140.4771 -1124.9425 268.1280
v -2145.0103 -1125.0387 271.1732
v -2140.4781 -1124.9429 271.2198
f 20941 20942 20943
v -2144.0391 -1128.1746 266.2702
v -2144.9155 -1128.1934 267.4609
v -2144.9152 -1128.1933 266.2699
f 20944 20945 20946
v -2140.3857 -1128.0143 266.2715
v -2140.3873 -1128.0151 271.0313
v -2144.0391 -1128.1746 266.2702
f 20947 20948 20949
v -2144.9152 -1128.1933 266.2699
v -2144.9638 -1126.5451 266.2702
v -2144.0391 -1128.1746 266.2702
f 20950 20951 20952
v -2144.9638 -1126.5451 266.2702
v -2140.4353 -1126.3472 266.2717
v -2144.0391 -1128.1746 266.2702
f 20953 20954 20955
v -2140.4765 -1124.9421 266.2720
v -2144.9638 -1126.5451 266.2702
v -2145.0087 -1125.0380 266.2704
f 20956 20957 20958
v -2144.9638 -1126.5451 266.2702
v -2140.4765 -1124.9421 266.2720
v -2140.4353 -1126.3472 266.2717
f 20959 20960 20961
v -2140.4353 -1126.3472 266.2717
v -2140.3857 -1128.0143 266.2715
v -2144.0391 -1128.1746 266.2702
f 20962 20963 20964
v -2140.4771 -1124.9425 268.1280
v -2140.4353 -1126.3472 266.2717
v -2140.4765 -1124.9421 266.2720
f 20965 20966 20967
v -2140.4353 -1126.3472 266.2717
v -2140.4771 -1124.9425 268.1280
v -2140.3857 -1128.0143 266.2715
f 20968 20969 20970
v -2140.4771 -1124.9425 268.1280
v -2140.3873 -1128.0151 271.0313
v -2140.3857 -1128.0143 266.2715
f 20971 20972 20973
v -2140.4371 -1126.3481 271.8365
v -2140.3873 -1128.0151 271.0313
v -2140.4781 -1124.9429 271.2198
f 20974 20975 20976
v -2140.4781 -1124.9429 271.2198
v -2140.3873 -1128.0151 271.0313
v -2140.4771 -1124.9425 268.1280
f 20977 20978 20979
v -2144.9167 -1128.1939 271.0397
v -2145.0097 -1125.0384 269.3183
v -2144.9155 -1128.1934 267.4609
f 20980 20981 20982
v -2144.9167 -1128.1939 271.0397
v -2144.9656 -1126.5459 271.8350
v -2145.0097 -1125.0384 269.3183
f 20983 20984 20985
v -2145.0087 -1125.0380 266.2704
v -2144.9155 -1128.1934 267.4609
v -2145.0097 -1125.0384 269.3183
f 20986 20987 20988
v -2144.9638 -1126.5451 266.2702
v -2144.9152 -1128.1933 266.2699
v -2144.9155 -1128.1934 267.4609
f 20989 20990 20991
v -2145.0087 -1125.0380 266.2704
v -2144.9638 -1126.5451 266.2702
v -2144.9155 -1128.1934 267.4609
f 20992 20993 20994
v -2145.0103 -1125.0387 271.1732
v -2145.0097 -1125.0384 269.3183
v -2144.9656 -1126.5459 271.8350
f 20995 20996 20997
v -2144.9155 -1128.1934 267.4609
v -2144.0407 -1128.1753 271.0300
v -2144.9167 -1128.1939 271.0397
f 20998 20999 21000
v -2144.0391 -1128.1746 266.2702
v -2144.0407 -1128.1753 271.0300
v -2144.9155 -1128.1934 267.4609
f 21001 21002 21003
v -2140.3873 -1128.0151 271.0313
v -2144.0407 -1128.1753 271.0300
v -2144.0391 -1128.1746 266.2702
f 21004 21005 21006

g building_ID_7C4BBFF3-0F07-431E-8F87-74B02EF879B0
v -2142.1550 -1121.5215 271.4488
v -2144.9771 -1121.1809 271.6339
v -2144.9275 -1121.7591 271.4528
f 21007 21008 21009
v -2144.9771 -1121.1809 271.6339
v -2145.3899 -1120.3489 271.9039
v -2145.3162 -1121.2100 271.6338
f 21010 21011 21012
v -2139.9147 -1119.8506 271.9059
v -2142.1550 -1121.5215 271.4488
v -2139.7845 -1121.3179 271.4456
f 21013 21014 21015
v -2145.3899 -1120.3489 271.9039
v -2144.9771 -1121.1809 271.6339
v -2139.9147 -1119.8506 271.9059
f 21016 21017 21018
v -2142.1550 -1121.5215 271.4488
v -2139.9147 -1119.8506 271.9059
v -2144.9771 -1121.1809 271.6339
f 21019 21020 21021
v -2139.9147 -1119.8506 271.9059
v -2145.6049 -1117.8412 271.1194
v -2145.3899 -1120.3489 271.9039
f 21022 21023 21024
v -2145.6049 -1117.8412 271.1194
v -2139.9147 -1119.8506 271.9059
v -2140.1446 -1117.3439 271.1213
f 21025 21026 21027
v -2145.3144 -1121.2092 266.1600
v -2144.9753 -1121.1801 266.1601
v -2144.9771 -1121.1809 271.6339
f 21028 21029 21030
v -2144.9275 -1121.7591 271.4528
v -2144.9771 -1121.1809 271.6339
v -2144.9753 -1121.1801 266.1601
f 21031 21032 21033
v -2139.7828 -1121.3171 266.1618
v -2139.7845 -1121.3179 271.4456
v -2142.1550 -1121.5215 271.4488
f 21034 21035 21036
v -2139.7828 -1121.3171 266.1618
v -2142.1550 -1121.5215 271.4488
v -2143.0395 -1121.5963 266.1607
f 21037 21038 21039
v -2143.0395 -1121.5963 266.1607
v -2142.1550 -1121.5215 271.4488
v -2144.9275 -1121.7591 271.4528
f 21040 21041 21042
v -2143.0395 -1121.5963 266.1607
v -2144.9275 -1121.7591 271.4528
v -2144.9258 -1121.7582 266.1600
f 21043 21044 21045
v -2145.6034 -1117.8405 266.1605
v -2145.6049 -1117.8412 271.1194
v -2140.1446 -1117.3439 271.1213
f 21046 21047 21048
v -2144.9753 -1121.1801 266.1601
v -2145.3144 -1121.2092 266.1600
v -2145.3881 -1120.3480 266.1601
f 21049 21050 21051
v -2144.9753 -1121.1801 266.1601
v -2143.0395 -1121.5963 266.1607
v -2144.9258 -1121.7582 266.1600
f 21052 21053 21054
v -2143.0395 -1121.5963 266.1607
v -2144.9753 -1121.1801 266.1601
v -2145.3881 -1120.3480 266.1601
f 21055 21056 21057
v -2139.9128 -1119.8497 266.1621
v -2145.3881 -1120.3480 266.1601
v -2145.6034 -1117.8405 266.1605
f 21058 21059 21060
v -2139.7828 -1121.3171 266.1618
v -2143.0395 -1121.5963 266.1607
v -2145.3881 -1120.3480 266.1601
f 21061 21062 21063
v -2139.9128 -1119.8497 266.1621
v -2139.7828 -1121.3171 266.1618
v -2145.3881 -1120.3480 266.1601
f 21064 21065 21066
v -2139.9128 -1119.8497 266.1621
v -2145.6034 -1117.8405 266.1605
v -2140.1431 -1117.3431 266.1625
f 21067 21068 21069
v -2145.3881 -1120.3480 266.1601
v -2145.3144 -1121.2092 266.1600
v -2145.3162 -1121.2100 271.6338
f 21070 21071 21072
v -2145.3162 -1121.2100 271.6338
v -2145.3899 -1120.3489 271.9039
v -2145.6034 -1117.8405 266.1605
f 21073 21074 21075
v -2145.6049 -1117.8412 271.1194
v -2145.6034 -1117.8405 266.1605
v -2145.3899 -1120.3489 271.9039
f 21076 21077 21078
v -2145.3881 -1120.3480 266.1601
v -2145.3162 -1121.2100 271.6338
v -2145.6034 -1117.8405 266.1605
f 21079 21080 21081
v -2139.9128 -1119.8497 266.1621
v -2140.1431 -1117.3431 266.1625
v -2139.9147 -1119.8506 271.9059
f 21082 21083 21084
v -2139.9147 -1119.8506 271.9059
v -2140.1431 -1117.3431 266.1625
v -2140.1446 -1117.3439 271.1213
f 21085 21086 21087
v -2139.7828 -1121.3171 266.1618
v -2139.9147 -1119.8506 271.9059
v -2139.7845 -1121.3179 271.4456
f 21088 21089 21090
v -2139.9147 -1119.8506 271.9059
v -2139.7828 -1121.3171 266.1618
v -2139.9128 -1119.8497 266.1621
f 21091 21092 21093
v -2144.9771 -1121.1809 271.6339
v -2145.3162 -1121.2100 271.6338
v -2145.3144 -1121.2092 266.1600
f 21094 21095 21096
v -2144.9753 -1121.1801 266.1601
v -2144.9258 -1121.7582 266.1600
v -2144.9275 -1121.7591 271.4528
f 21097 21098 21099
v -2145.6034 -1117.8405 266.1605
v -2140.1446 -1117.3439 271.1213
v -2140.1431 -1117.3431 266.1625
f 21100 21101 21102
