# Grid Center: 2613200, 1265600
# Global Anchor: 7.64977475454284, 47.53283995868075, 0.0

g building_ID_4CB732B7-F294-422B-A15D-C321408C0E04
v -2916.1650 845.6004 272.3648
v -2902.0331 853.8394 272.3701
v -2898.7392 848.2216 272.3723
f 1 2 3
v -2895.3638 842.4606 272.3746
v -2919.3334 836.1520 272.3646
v -2898.7392 848.2216 272.3723
f 4 5 6
v -2898.7392 848.2216 272.3723
v -2919.3334 836.1520 272.3646
v -2916.1650 845.6004 272.3648
f 7 8 9
v -2919.3334 836.1520 272.3646
v -2922.6361 841.8148 272.3623
v -2916.1650 845.6004 272.3648
f 10 11 12
v -2915.9709 830.3861 272.3669
v -2919.3334 836.1520 272.3646
v -2895.3638 842.4606 272.3746
f 13 14 15
v -2895.3667 842.4616 278.9194
v -2919.3369 836.1533 280.2373
v -2915.9738 830.3871 278.9117
f 16 17 18
v -2919.3369 836.1533 280.2373
v -2895.3667 842.4616 278.9194
v -2898.7427 848.2228 280.2450
f 19 20 21
v -2895.3638 842.4606 272.3746
v -2895.3667 842.4616 278.9194
v -2915.9738 830.3871 278.9117
f 22 23 24
v -2916.1680 845.6015 279.0196
v -2922.6391 841.8159 279.0171
v -2919.3369 836.1533 280.2373
f 25 26 27
v -2902.0361 853.8404 279.0319
v -2916.1680 845.6015 279.0196
v -2898.7427 848.2228 280.2450
f 28 29 30
v -2919.3369 836.1533 280.2373
v -2898.7427 848.2228 280.2450
v -2916.1680 845.6015 279.0196
f 31 32 33
v -2898.7427 848.2228 280.2450
v -2898.7392 848.2216 272.3723
v -2902.0331 853.8394 272.3701
f 34 35 36
v -2902.0361 853.8404 279.0319
v -2898.7427 848.2228 280.2450
v -2902.0331 853.8394 272.3701
f 37 38 39
v -2898.7392 848.2216 272.3723
v -2895.3667 842.4616 278.9194
v -2895.3638 842.4606 272.3746
f 40 41 42
v -2898.7427 848.2228 280.2450
v -2895.3667 842.4616 278.9194
v -2898.7392 848.2216 272.3723
f 43 44 45
v -2916.1680 845.6015 279.0196
v -2916.1650 845.6004 272.3648
v -2922.6361 841.8148 272.3623
f 46 47 48
v -2922.6391 841.8159 279.0171
v -2916.1680 845.6015 279.0196
v -2922.6361 841.8148 272.3623
f 49 50 51
v -2916.1650 845.6004 272.3648
v -2902.0361 853.8404 279.0319
v -2902.0331 853.8394 272.3701
f 52 53 54
v -2916.1680 845.6015 279.0196
v -2902.0361 853.8404 279.0319
v -2916.1650 845.6004 272.3648
f 55 56 57
v -2919.3334 836.1520 272.3646
v -2915.9709 830.3861 272.3669
v -2915.9738 830.3871 278.9117
f 58 59 60
v -2919.3369 836.1533 280.2373
v -2919.3334 836.1520 272.3646
v -2915.9738 830.3871 278.9117
f 61 62 63
v -2919.3334 836.1520 272.3646
v -2919.3369 836.1533 280.2373
v -2922.6361 841.8148 272.3623
f 64 65 66
v -2922.6391 841.8159 279.0171
v -2922.6361 841.8148 272.3623
v -2919.3369 836.1533 280.2373
f 67 68 69
v -2895.3638 842.4606 272.3746
v -2915.9738 830.3871 278.9117
v -2915.9709 830.3861 272.3669
f 70 71 72

g building_ID_5F3AA280-EBD1-443A-B04D-F854B5B063B0
v -2816.5424 868.6077 285.6290
v -2770.2523 827.1369 285.6547
v -2753.9086 860.2105 285.6575
f 73 74 75
v -2834.9273 899.4307 285.6166
v -2816.5424 868.6077 285.6290
v -2753.9086 860.2105 285.6575
f 76 77 78
v -2823.8909 853.4695 285.6278
v -2809.7839 846.4708 285.6349
v -2816.5424 868.6077 285.6290
f 79 80 81
v -2809.8442 846.3490 285.6349
v -2770.2523 827.1369 285.6547
v -2809.7839 846.4708 285.6349
f 82 83 84
v -2816.5424 868.6077 285.6290
v -2809.7839 846.4708 285.6349
v -2770.2523 827.1369 285.6547
f 85 86 87
v -2835.0003 899.4658 285.6165
v -2834.9273 899.4307 285.6166
v -2834.8977 899.6726 285.6165
f 88 89 90
v -2816.5424 868.6077 285.6290
v -2834.9273 899.4307 285.6166
v -2819.1199 869.8636 285.6277
f 91 92 93
v -2843.6449 882.0413 285.6151
v -2819.1199 869.8636 285.6277
v -2843.4001 881.9776 285.6152
f 94 95 96
v -2834.9273 899.4307 285.6166
v -2843.4001 881.9776 285.6152
v -2819.1199 869.8636 285.6277
f 97 98 99
v -2843.4001 881.9776 285.6152
v -2843.6228 882.0863 285.6151
v -2843.6449 882.0413 285.6151
f 100 101 102
v -2834.8977 899.6726 285.6165
v -2834.9273 899.4307 285.6166
v -2753.9086 860.2105 285.6575
f 103 104 105
v -2843.3944 881.9755 272.5017
v -2843.4001 881.9776 285.6152
v -2834.9273 899.4307 285.6166
f 106 107 108
v -2843.6171 882.0841 272.5016
v -2843.6228 882.0863 285.6151
v -2843.4001 881.9776 285.6152
f 109 110 111
v -2843.6392 882.0392 272.5016
v -2843.6449 882.0413 285.6151
v -2843.6228 882.0863 285.6151
f 112 113 114
v -2819.1143 869.8614 272.5142
v -2819.1199 869.8636 285.6277
v -2843.6449 882.0413 285.6151
f 115 116 117
v -2816.5367 868.6056 272.5155
v -2816.5424 868.6077 285.6290
v -2819.1199 869.8636 285.6277
f 118 119 120
v -2809.7826 846.4703 282.6480
v -2809.7839 846.4708 285.6349
v -2823.8909 853.4695 285.6278
f 121 122 123
v -2809.8429 846.3485 282.6480
v -2809.8442 846.3490 285.6349
v -2809.7839 846.4708 285.6349
f 124 125 126
v -2753.9075 860.2102 283.1686
v -2753.9086 860.2105 285.6575
v -2755.0983 857.8015 283.7203
f 127 128 129
v -2770.2523 827.1369 285.6547
v -2755.0983 857.8015 283.7203
v -2753.9086 860.2105 285.6575
f 130 131 132
v -2755.0980 857.8014 283.1684
v -2753.9075 860.2102 283.1686
v -2755.0983 857.8015 283.7203
f 133 134 135
v -2770.2523 827.1369 285.6547
v -2770.2514 827.1356 283.7178
v -2755.0983 857.8015 283.7203
f 136 137 138
v -2834.8966 899.6721 283.1276
v -2834.8977 899.6726 285.6165
v -2753.9086 860.2105 285.6575
f 139 140 141
v -2834.9992 899.4655 283.1276
v -2835.0003 899.4658 285.6165
v -2834.8977 899.6726 285.6165
f 142 143 144
v -2945.6538 990.7576 272.4394
v -2945.6586 990.7595 283.0640
v -2948.4958 992.1371 283.0625
f 145 146 147
v -2957.0768 967.2316 272.4378
v -2957.0817 967.2334 283.0624
v -2945.6586 990.7595 283.0640
f 148 149 150
v -2959.8801 968.5922 272.4363
v -2959.8849 968.5940 283.0609
v -2957.0817 967.2334 283.0624
f 151 152 153
v -2959.8952 968.5621 272.4363
v -2959.9001 968.5641 283.0609
v -2959.8849 968.5940 283.0609
f 154 155 156
v -2831.7505 906.5669 272.5035
v -2831.7552 906.5686 283.1280
v -2959.9001 968.5641 283.0609
f 157 158 159
v -2831.9487 906.1565 272.5034
v -2831.9532 906.1582 283.1280
v -2831.7552 906.5686 283.1280
f 160 161 162
v -2831.7100 906.0408 272.5035
v -2831.7145 906.0426 283.1281
v -2831.9532 906.1582 283.1280
f 163 164 165
v -2834.7899 899.6982 272.5031
v -2834.7946 899.6999 283.1277
v -2831.7145 906.0426 283.1281
f 166 167 168
v -2835.0196 899.8098 272.5030
v -2835.0242 899.8115 283.1276
v -2834.7946 899.6999 283.1277
f 169 170 171
v -2835.1504 899.5391 272.5029
v -2835.1550 899.5408 283.1275
v -2835.0242 899.8115 283.1276
f 172 173 174
v -2720.9335 927.6290 272.5487
v -2720.9380 927.6308 283.1733
v -2754.7935 857.6506 283.1686
f 175 176 177
v -2836.7105 983.6391 272.4899
v -2836.7151 983.6411 283.1145
v -2720.9380 927.6308 283.1733
f 178 179 180
v -2836.7417 983.5742 272.4899
v -2836.7463 983.5761 283.1145
v -2836.7151 983.6411 283.1145
f 181 182 183
v -2836.6188 983.5139 272.4900
v -2836.6235 983.5158 283.1146
v -2836.7463 983.5761 283.1145
f 184 185 186
v -2854.4381 946.8103 272.4875
v -2854.4427 946.8121 283.1121
v -2836.6235 983.5158 283.1146
f 187 188 189
v -2948.4911 992.1352 272.4379
v -2948.4958 992.1371 283.0625
v -2948.4788 992.1731 283.0625
f 190 191 192
v -2749.7478 855.1484 272.5465
v -2749.7525 855.1501 283.7230
v -2764.9314 824.5543 283.7205
f 193 194 195
v -2770.2514 827.1356 283.7178
v -2749.7525 855.1501 283.7230
v -2755.0983 857.8015 283.7203
f 196 197 198
v -2749.7525 855.1501 283.7230
v -2770.2514 827.1356 283.7178
v -2764.9314 824.5543 283.7205
f 199 200 201
v -2755.0983 857.8015 283.7203
v -2754.7935 857.6506 283.1686
v -2755.0980 857.8014 283.1684
f 202 203 204
v -2749.7478 855.1484 272.5465
v -2754.7935 857.6506 283.1686
v -2749.7525 855.1501 283.7230
f 205 206 207
v -2755.0983 857.8015 283.7203
v -2749.7525 855.1501 283.7230
v -2754.7935 857.6506 283.1686
f 208 209 210
v -2754.7890 857.6489 272.5440
v -2754.7935 857.6506 283.1686
v -2749.7478 855.1484 272.5465
f 211 212 213
v -2823.8896 853.4691 282.6409
v -2809.8429 846.3485 282.6480
v -2809.7826 846.4703 282.6480
f 214 215 216
v -2809.8429 846.3485 282.6480
v -2823.8896 853.4691 282.6409
v -2824.0093 853.2235 282.6408
f 217 218 219
v -2929.5708 983.0265 272.4480
v -2929.5755 983.0284 283.0726
v -2929.4750 983.2362 283.0726
f 220 221 222
v -2948.4740 992.1712 272.4379
v -2948.4788 992.1731 283.0625
v -2929.5755 983.0284 283.0726
f 223 224 225
v -2835.1504 899.5391 272.5029
v -2834.9217 899.4285 272.5031
v -2834.9992 899.4655 283.1276
f 226 227 228
v -2834.9992 899.4655 283.1276
v -2835.1550 899.5408 283.1275
v -2835.1504 899.5391 272.5029
f 229 230 231
v -2824.0093 853.2235 282.6408
v -2823.8896 853.4691 282.6409
v -2823.8833 853.4725 272.5143
f 232 233 234
v -2823.8833 853.4725 272.5143
v -2823.8896 853.4691 282.6409
v -2816.5424 868.6077 285.6290
f 235 236 237
v -2823.8909 853.4695 285.6278
v -2816.5424 868.6077 285.6290
v -2823.8896 853.4691 282.6409
f 238 239 240
v -2816.5424 868.6077 285.6290
v -2816.5367 868.6056 272.5155
v -2823.8833 853.4725 272.5143
f 241 242 243
v -2929.4703 983.2343 272.4460
v -2929.4750 983.2362 283.0726
v -2854.4381 946.8103 272.4875
f 244 245 246
v -2854.4427 946.8121 283.1121
v -2854.4381 946.8103 272.4875
v -2929.4750 983.2362 283.0726
f 247 248 249
v -2945.6586 990.7595 283.0640
v -2948.4788 992.1731 283.0625
v -2948.4958 992.1371 283.0625
f 250 251 252
v -2959.9001 968.5641 283.0609
v -2957.0817 967.2334 283.0624
v -2959.8849 968.5940 283.0609
f 253 254 255
v -2929.5755 983.0284 283.0726
v -2945.6586 990.7595 283.0640
v -2957.0817 967.2334 283.0624
f 256 257 258
v -2948.4788 992.1731 283.0625
v -2945.6586 990.7595 283.0640
v -2929.5755 983.0284 283.0726
f 259 260 261
v -2929.4750 983.2362 283.0726
v -2929.5755 983.0284 283.0726
v -2854.4427 946.8121 283.1121
f 262 263 264
v -2854.4427 946.8121 283.1121
v -2929.5755 983.0284 283.0726
v -2957.0817 967.2334 283.0624
f 265 266 267
v -2836.6235 983.5158 283.1146
v -2836.7151 983.6411 283.1145
v -2836.7463 983.5761 283.1145
f 268 269 270
v -2957.0817 967.2334 283.0624
v -2959.9001 968.5641 283.0609
v -2831.7552 906.5686 283.1280
f 271 272 273
v -2834.8966 899.6721 283.1276
v -2835.1550 899.5408 283.1275
v -2834.9992 899.4655 283.1276
f 274 275 276
v -2835.0242 899.8115 283.1276
v -2835.1550 899.5408 283.1275
v -2834.8966 899.6721 283.1276
f 277 278 279
v -2753.9075 860.2102 283.1686
v -2755.0980 857.8014 283.1684
v -2754.7935 857.6506 283.1686
f 280 281 282
v -2720.9380 927.6308 283.1733
v -2753.9075 860.2102 283.1686
v -2754.7935 857.6506 283.1686
f 283 284 285
v -2753.9075 860.2102 283.1686
v -2834.7946 899.6999 283.1277
v -2834.8966 899.6721 283.1276
f 286 287 288
v -2720.9380 927.6308 283.1733
v -2854.4427 946.8121 283.1121
v -2831.7552 906.5686 283.1280
f 289 290 291
v -2957.0817 967.2334 283.0624
v -2831.7552 906.5686 283.1280
v -2854.4427 946.8121 283.1121
f 292 293 294
v -2836.6235 983.5158 283.1146
v -2854.4427 946.8121 283.1121
v -2720.9380 927.6308 283.1733
f 295 296 297
v -2831.7145 906.0426 283.1281
v -2834.7946 899.6999 283.1277
v -2753.9075 860.2102 283.1686
f 298 299 300
v -2831.9532 906.1582 283.1280
v -2831.7145 906.0426 283.1281
v -2831.7552 906.5686 283.1280
f 301 302 303
v -2831.7552 906.5686 283.1280
v -2831.7145 906.0426 283.1281
v -2753.9075 860.2102 283.1686
f 304 305 306
v -2753.9075 860.2102 283.1686
v -2720.9380 927.6308 283.1733
v -2831.7552 906.5686 283.1280
f 307 308 309
v -2834.7946 899.6999 283.1277
v -2835.0242 899.8115 283.1276
v -2834.8966 899.6721 283.1276
f 310 311 312
v -2836.7151 983.6411 283.1145
v -2836.6235 983.5158 283.1146
v -2720.9380 927.6308 283.1733
f 313 314 315
v -2809.8429 846.3485 282.6480
v -2777.7658 830.7830 272.5375
v -2770.2514 827.1356 283.7178
f 316 317 318
v -2764.9314 824.5543 283.7205
v -2770.2514 827.1356 283.7178
v -2770.2467 827.1348 272.5412
f 319 320 321
v -2770.2514 827.1356 283.7178
v -2777.7658 830.7830 272.5375
v -2770.2467 827.1348 272.5412
f 322 323 324
v -2809.8442 846.3490 285.6349
v -2770.2514 827.1356 283.7178
v -2770.2523 827.1369 285.6547
f 325 326 327
v -2824.0049 853.2218 272.5142
v -2809.8429 846.3485 282.6480
v -2824.0093 853.2235 282.6408
f 328 329 330
v -2777.7658 830.7830 272.5375
v -2809.8429 846.3485 282.6480
v -2809.9394 846.3962 272.5214
f 331 332 333
v -2809.8429 846.3485 282.6480
v -2824.0049 853.2218 272.5142
v -2809.9394 846.3962 272.5214
f 334 335 336
v -2809.8442 846.3490 285.6349
v -2809.8429 846.3485 282.6480
v -2770.2514 827.1356 283.7178
f 337 338 339
v -2854.4381 946.8103 272.4875
v -2929.5708 983.0265 272.4480
v -2929.4703 983.2343 272.4460
f 340 341 342
v -2948.4740 992.1712 272.4379
v -2945.6538 990.7576 272.4394
v -2948.4911 992.1352 272.4379
f 343 344 345
v -2929.5708 983.0265 272.4480
v -2945.6538 990.7576 272.4394
v -2948.4740 992.1712 272.4379
f 346 347 348
v -2836.6188 983.5139 272.4900
v -2836.7417 983.5742 272.4899
v -2836.7105 983.6391 272.4899
f 349 350 351
v -2720.9335 927.6290 272.5487
v -2831.7505 906.5669 272.5035
v -2854.4381 946.8103 272.4875
f 352 353 354
v -2957.0768 967.2316 272.4378
v -2929.5708 983.0265 272.4480
v -2854.4381 946.8103 272.4875
f 355 356 357
v -2836.6188 983.5139 272.4900
v -2836.7105 983.6391 272.4899
v -2720.9335 927.6290 272.5487
f 358 359 360
v -2957.0768 967.2316 272.4378
v -2945.6538 990.7576 272.4394
v -2929.5708 983.0265 272.4480
f 361 362 363
v -2957.0768 967.2316 272.4378
v -2959.8952 968.5621 272.4363
v -2959.8801 968.5922 272.4363
f 364 365 366
v -2957.0768 967.2316 272.4378
v -2831.7505 906.5669 272.5035
v -2959.8952 968.5621 272.4363
f 367 368 369
v -2831.7100 906.0408 272.5035
v -2831.9487 906.1565 272.5034
v -2831.7505 906.5669 272.5035
f 370 371 372
v -2854.4381 946.8103 272.4875
v -2831.7505 906.5669 272.5035
v -2957.0768 967.2316 272.4378
f 373 374 375
v -2720.9335 927.6290 272.5487
v -2854.4381 946.8103 272.4875
v -2836.6188 983.5139 272.4900
f 376 377 378
v -2834.7899 899.6982 272.5031
v -2834.9217 899.4285 272.5031
v -2835.1504 899.5391 272.5029
f 379 380 381
v -2843.3944 881.9755 272.5017
v -2819.1143 869.8614 272.5142
v -2843.6392 882.0392 272.5016
f 382 383 384
v -2819.1143 869.8614 272.5142
v -2843.3944 881.9755 272.5017
v -2834.9217 899.4285 272.5031
f 385 386 387
v -2831.7100 906.0408 272.5035
v -2831.7505 906.5669 272.5035
v -2754.7890 857.6489 272.5440
f 388 389 390
v -2720.9335 927.6290 272.5487
v -2754.7890 857.6489 272.5440
v -2831.7505 906.5669 272.5035
f 391 392 393
v -2834.7899 899.6982 272.5031
v -2831.7100 906.0408 272.5035
v -2754.7890 857.6489 272.5440
f 394 395 396
v -2834.7899 899.6982 272.5031
v -2754.7890 857.6489 272.5440
v -2816.5367 868.6056 272.5155
f 397 398 399
v -2816.5367 868.6056 272.5155
v -2834.9217 899.4285 272.5031
v -2834.7899 899.6982 272.5031
f 400 401 402
v -2835.0196 899.8098 272.5030
v -2834.7899 899.6982 272.5031
v -2835.1504 899.5391 272.5029
f 403 404 405
v -2749.7478 855.1484 272.5465
v -2770.2467 827.1348 272.5412
v -2754.7890 857.6489 272.5440
f 406 407 408
v -2834.9217 899.4285 272.5031
v -2816.5367 868.6056 272.5155
v -2819.1143 869.8614 272.5142
f 409 410 411
v -2809.9394 846.3962 272.5214
v -2824.0049 853.2218 272.5142
v -2823.8833 853.4725 272.5143
f 412 413 414
v -2809.9394 846.3962 272.5214
v -2823.8833 853.4725 272.5143
v -2816.5367 868.6056 272.5155
f 415 416 417
v -2770.2467 827.1348 272.5412
v -2777.7658 830.7830 272.5375
v -2754.7890 857.6489 272.5440
f 418 419 420
v -2777.7658 830.7830 272.5375
v -2809.9394 846.3962 272.5214
v -2816.5367 868.6056 272.5155
f 421 422 423
v -2816.5367 868.6056 272.5155
v -2754.7890 857.6489 272.5440
v -2777.7658 830.7830 272.5375
f 424 425 426
v -2770.2467 827.1348 272.5412
v -2749.7478 855.1484 272.5465
v -2764.9267 824.5526 272.5439
f 427 428 429
v -2843.6392 882.0392 272.5016
v -2843.6171 882.0841 272.5016
v -2843.3944 881.9755 272.5017
f 430 431 432
v -2843.3944 881.9755 272.5017
v -2834.9273 899.4307 285.6166
v -2834.9217 899.4285 272.5031
f 433 434 435
v -2843.6171 882.0841 272.5016
v -2843.4001 881.9776 285.6152
v -2843.3944 881.9755 272.5017
f 436 437 438
v -2843.6392 882.0392 272.5016
v -2843.6228 882.0863 285.6151
v -2843.6171 882.0841 272.5016
f 439 440 441
v -2819.1143 869.8614 272.5142
v -2843.6449 882.0413 285.6151
v -2843.6392 882.0392 272.5016
f 442 443 444
v -2816.5367 868.6056 272.5155
v -2819.1199 869.8636 285.6277
v -2819.1143 869.8614 272.5142
f 445 446 447
v -2809.7826 846.4703 282.6480
v -2823.8909 853.4695 285.6278
v -2823.8896 853.4691 282.6409
f 448 449 450
v -2809.8429 846.3485 282.6480
v -2809.7839 846.4708 285.6349
v -2809.7826 846.4703 282.6480
f 451 452 453
v -2834.8966 899.6721 283.1276
v -2753.9086 860.2105 285.6575
v -2753.9075 860.2102 283.1686
f 454 455 456
v -2834.9992 899.4655 283.1276
v -2834.8977 899.6726 285.6165
v -2834.8966 899.6721 283.1276
f 457 458 459
v -2945.6538 990.7576 272.4394
v -2948.4958 992.1371 283.0625
v -2948.4911 992.1352 272.4379
f 460 461 462
v -2957.0768 967.2316 272.4378
v -2945.6586 990.7595 283.0640
v -2945.6538 990.7576 272.4394
f 463 464 465
v -2959.8801 968.5922 272.4363
v -2957.0817 967.2334 283.0624
v -2957.0768 967.2316 272.4378
f 466 467 468
v -2959.8952 968.5621 272.4363
v -2959.8849 968.5940 283.0609
v -2959.8801 968.5922 272.4363
f 469 470 471
v -2831.7505 906.5669 272.5035
v -2959.9001 968.5641 283.0609
v -2959.8952 968.5621 272.4363
f 472 473 474
v -2831.9487 906.1565 272.5034
v -2831.7552 906.5686 283.1280
v -2831.7505 906.5669 272.5035
f 475 476 477
v -2831.7100 906.0408 272.5035
v -2831.9532 906.1582 283.1280
v -2831.9487 906.1565 272.5034
f 478 479 480
v -2834.7899 899.6982 272.5031
v -2831.7145 906.0426 283.1281
v -2831.7100 906.0408 272.5035
f 481 482 483
v -2835.0196 899.8098 272.5030
v -2834.7946 899.6999 283.1277
v -2834.7899 899.6982 272.5031
f 484 485 486
v -2835.1504 899.5391 272.5029
v -2835.0242 899.8115 283.1276
v -2835.0196 899.8098 272.5030
f 487 488 489
v -2720.9335 927.6290 272.5487
v -2754.7935 857.6506 283.1686
v -2754.7890 857.6489 272.5440
f 490 491 492
v -2836.7105 983.6391 272.4899
v -2720.9380 927.6308 283.1733
v -2720.9335 927.6290 272.5487
f 493 494 495
v -2836.7417 983.5742 272.4899
v -2836.7151 983.6411 283.1145
v -2836.7105 983.6391 272.4899
f 496 497 498
v -2836.6188 983.5139 272.4900
v -2836.7463 983.5761 283.1145
v -2836.7417 983.5742 272.4899
f 499 500 501
v -2854.4381 946.8103 272.4875
v -2836.6235 983.5158 283.1146
v -2836.6188 983.5139 272.4900
f 502 503 504
v -2948.4911 992.1352 272.4379
v -2948.4788 992.1731 283.0625
v -2948.4740 992.1712 272.4379
f 505 506 507
v -2749.7478 855.1484 272.5465
v -2764.9314 824.5543 283.7205
v -2764.9267 824.5526 272.5439
f 508 509 510
v -2929.5708 983.0265 272.4480
v -2929.4750 983.2362 283.0726
v -2929.4703 983.2343 272.4460
f 511 512 513
v -2948.4740 992.1712 272.4379
v -2929.5755 983.0284 283.0726
v -2929.5708 983.0265 272.4480
f 514 515 516
v -2834.9992 899.4655 283.1276
v -2834.9273 899.4307 285.6166
v -2835.0003 899.4658 285.6165
f 517 518 519
v -2834.9217 899.4285 272.5031
v -2834.9273 899.4307 285.6166
v -2834.9992 899.4655 283.1276
f 520 521 522
v -2824.0093 853.2235 282.6408
v -2823.8833 853.4725 272.5143
v -2824.0049 853.2218 272.5142
f 523 524 525
v -2764.9314 824.5543 283.7205
v -2770.2467 827.1348 272.5412
v -2764.9267 824.5526 272.5439
f 526 527 528

g building_ID_93AF1DC6-6A88-4D5E-B4E6-F8C7D43CA34F
v -2674.4957 960.2219 272.5545
v -2676.8855 962.1323 272.5533
v -2674.6888 960.5564 272.5544
f 529 530 531
v -2676.7781 962.2670 272.5533
v -2674.6888 960.5564 272.5544
v -2676.8855 962.1323 272.5533
f 532 533 534
v -2674.6888 960.5564 272.5544
v -2672.0391 963.7942 272.5550
v -2674.2268 960.5521 272.5546
f 535 536 537
v -2668.3407 955.7654 272.5578
v -2674.2268 960.5521 272.5546
v -2665.8665 958.8597 272.5584
f 538 539 540
v -2672.0391 963.7942 272.5550
v -2665.8665 958.8597 272.5584
v -2674.2268 960.5521 272.5546
f 541 542 543
v -2674.6888 960.5564 272.5544
v -2674.2268 960.5521 272.5546
v -2674.4957 960.2219 272.5545
f 544 545 546
v -2668.3431 955.7664 278.3126
v -2665.8688 958.8607 278.3132
v -2674.2292 960.5532 278.3094
f 547 548 549
v -2672.0415 963.7953 278.3098
v -2674.2292 960.5532 278.3094
v -2665.8688 958.8607 278.3132
f 550 551 552
v -2674.4980 960.2229 278.3093
v -2674.2292 960.5532 278.3094
v -2674.6911 960.5574 278.3092
f 553 554 555
v -2672.0415 963.7953 278.3098
v -2674.6911 960.5574 278.3092
v -2674.2292 960.5532 278.3094
f 556 557 558
v -2674.4980 960.2229 278.3093
v -2674.6911 960.5574 278.3092
v -2676.8879 962.1333 278.3081
f 559 560 561
v -2676.7805 962.2680 278.3081
v -2676.8879 962.1333 278.3081
v -2674.6911 960.5574 278.3092
f 562 563 564
v -2674.2268 960.5521 272.5546
v -2674.2292 960.5532 278.3094
v -2674.4980 960.2229 278.3093
f 565 566 567
v -2668.3407 955.7654 272.5578
v -2668.3431 955.7664 278.3126
v -2674.2292 960.5532 278.3094
f 568 569 570
v -2665.8665 958.8597 272.5584
v -2665.8688 958.8607 278.3132
v -2668.3431 955.7664 278.3126
f 571 572 573
v -2676.8855 962.1323 272.5533
v -2676.8879 962.1333 278.3081
v -2676.7805 962.2680 278.3081
f 574 575 576
v -2674.4957 960.2219 272.5545
v -2674.4980 960.2229 278.3093
v -2676.8879 962.1333 278.3081
f 577 578 579
v -2668.0727 987.0132 272.4291
v -2661.3114 981.6072 272.4328
v -2675.6744 974.4408 272.4279
f 580 581 582
v -2674.1845 965.5100 272.4299
v -2675.6744 974.4408 272.4279
v -2661.3114 981.6072 272.4328
f 583 584 585
v -2674.1845 965.5100 272.4299
v -2672.0391 963.7942 272.4310
v -2674.6887 960.5563 272.4304
f 586 587 588
v -2675.6744 974.4408 272.4279
v -2674.1845 965.5100 272.4299
v -2680.7813 965.5447 272.4271
f 589 590 591
v -2674.6887 960.5563 272.4304
v -2680.7813 965.5447 272.4271
v -2674.1845 965.5100 272.4299
f 592 593 594
v -2658.9885 979.7488 282.4876
v -2668.0769 987.0150 282.4827
v -2668.5942 986.1595 282.4946
f 595 596 597
v -2668.5942 986.1595 282.4946
v -2674.6929 960.5582 282.7830
v -2658.9885 979.7488 282.4876
f 598 599 600
v -2675.6785 974.4426 282.5695
v -2680.7854 965.5464 282.6307
v -2674.6929 960.5582 282.7830
f 601 602 603
v -2674.6929 960.5582 282.7830
v -2668.5942 986.1595 282.4946
v -2675.6785 974.4426 282.5695
f 604 605 606
v -2680.7813 965.5447 272.4271
v -2680.7854 965.5464 282.6307
v -2675.6785 974.4426 282.5695
f 607 608 609
v -2672.0391 963.7942 272.4310
v -2672.0391 963.7942 272.5550
v -2674.6888 960.5564 272.5544
f 610 611 612
v -2676.7805 962.2680 278.3081
v -2674.6911 960.5574 278.3092
v -2674.6929 960.5582 282.7830
f 613 614 615
v -2676.7781 962.2670 272.5533
v -2674.6887 960.5563 272.4304
v -2674.6888 960.5564 272.5544
f 616 617 618
v -2680.7813 965.5447 272.4271
v -2676.7805 962.2680 278.3081
v -2680.7854 965.5464 282.6307
f 619 620 621
v -2674.6929 960.5582 282.7830
v -2680.7854 965.5464 282.6307
v -2676.7805 962.2680 278.3081
f 622 623 624
v -2674.6887 960.5563 272.4304
v -2676.7781 962.2670 272.5533
v -2680.7813 965.5447 272.4271
f 625 626 627
v -2676.7805 962.2680 278.3081
v -2680.7813 965.5447 272.4271
v -2676.7781 962.2670 272.5533
f 628 629 630
v -2665.3418 959.0672 272.3545
v -2646.5942 969.8368 272.3607
v -2659.4009 954.2224 272.3577
f 631 632 633
v -2665.3418 959.0672 272.3545
v -2665.6508 958.6871 272.3545
v -2674.1844 965.5100 272.3499
f 634 635 636
v -2661.3114 981.6072 272.3528
v -2646.5942 969.8368 272.3607
v -2665.3418 959.0672 272.3545
f 637 638 639
v -2661.3114 981.6072 272.3528
v -2665.3418 959.0672 272.3545
v -2674.1844 965.5100 272.3499
f 640 641 642
v -2665.6508 958.6871 272.3545
v -2665.3418 959.0672 272.3545
v -2665.3447 959.0685 279.4602
f 643 644 645
v -2665.6537 958.6883 279.4602
v -2665.6508 958.6871 272.3545
v -2665.3447 959.0685 279.4602
f 646 647 648
v -2659.4009 954.2224 272.3577
v -2659.4037 954.2236 279.2224
v -2665.3418 959.0672 272.3545
f 649 650 651
v -2646.5956 969.8374 275.7856
v -2659.4037 954.2236 279.2224
v -2646.5942 969.8368 272.3607
f 652 653 654
v -2646.5942 969.8368 272.3607
v -2659.4037 954.2236 279.2224
v -2659.4009 954.2224 272.3577
f 655 656 657
v -2658.9873 979.7472 279.7097
v -2658.9885 979.7488 282.4876
v -2672.0421 963.7955 279.7147
f 658 659 660
v -2674.6929 960.5582 282.7830
v -2672.0421 963.7955 279.7147
v -2658.9885 979.7488 282.4876
f 661 662 663
v -2672.0415 963.7953 278.3098
v -2672.0421 963.7955 279.7147
v -2674.6911 960.5574 278.3092
f 664 665 666
v -2674.6929 960.5582 282.7830
v -2674.6911 960.5574 278.3092
v -2672.0421 963.7955 279.7147
f 667 668 669
v -2665.3447 959.0685 279.4602
v -2659.4037 954.2236 279.2224
v -2658.9873 979.7472 279.7097
f 670 671 672
v -2672.0421 963.7955 279.7147
v -2665.3447 959.0685 279.4602
v -2658.9873 979.7472 279.7097
f 673 674 675
v -2659.4037 954.2236 279.2224
v -2646.5969 969.8379 279.2175
v -2658.9873 979.7472 279.7097
f 676 677 678
v -2665.3447 959.0685 279.4602
v -2672.0421 963.7955 279.7147
v -2665.6537 958.6883 279.4602
f 679 680 681
v -2674.1844 965.5100 272.3499
v -2674.1845 965.5100 272.4299
v -2661.3114 981.6072 272.3528
f 682 683 684
v -2665.6508 958.6871 272.3545
v -2665.6537 958.6883 279.4602
v -2665.8688 958.8607 278.3132
f 685 686 687
v -2672.0421 963.7955 279.7147
v -2665.8688 958.8607 278.3132
v -2665.6537 958.6883 279.4602
f 688 689 690
v -2665.8688 958.8607 278.3132
v -2665.8665 958.8597 272.5584
v -2665.6508 958.6871 272.3545
f 691 692 693
v -2672.0421 963.7955 279.7147
v -2672.0415 963.7953 278.3098
v -2665.8688 958.8607 278.3132
f 694 695 696
v -2665.8665 958.8597 272.5584
v -2672.0391 963.7942 272.5550
v -2672.0391 963.7942 272.4310
f 697 698 699
v -2672.0391 963.7942 272.4310
v -2674.1845 965.5100 272.4299
v -2674.1844 965.5100 272.3499
f 700 701 702
v -2672.0391 963.7942 272.4310
v -2674.1844 965.5100 272.3499
v -2665.6508 958.6871 272.3545
f 703 704 705
v -2665.8665 958.8597 272.5584
v -2672.0391 963.7942 272.4310
v -2665.6508 958.6871 272.3545
f 706 707 708
v -2668.0727 987.0132 272.4291
v -2675.6744 974.4408 272.4279
v -2675.6785 974.4426 282.5695
f 709 710 711
v -2668.5942 986.1595 282.4946
v -2668.0727 987.0132 272.4291
v -2675.6785 974.4426 282.5695
f 712 713 714
v -2668.0769 987.0150 282.4827
v -2668.0727 987.0132 272.4291
v -2668.5942 986.1595 282.4946
f 715 716 717
v -2668.0769 987.0150 282.4827
v -2658.9873 979.7472 279.7097
v -2668.0727 987.0132 272.4291
f 718 719 720
v -2668.0727 987.0132 272.4291
v -2658.9873 979.7472 279.7097
v -2661.3114 981.6072 272.4328
f 721 722 723
v -2661.3114 981.6072 272.4328
v -2646.5942 969.8368 272.3607
v -2661.3114 981.6072 272.3528
f 724 725 726
v -2658.9885 979.7488 282.4876
v -2658.9873 979.7472 279.7097
v -2668.0769 987.0150 282.4827
f 727 728 729
v -2646.5956 969.8374 275.7856
v -2646.5942 969.8368 272.3607
v -2661.3114 981.6072 272.4328
f 730 731 732
v -2646.5969 969.8379 279.2175
v -2646.5956 969.8374 275.7856
v -2658.9873 979.7472 279.7097
f 733 734 735
v -2658.9873 979.7472 279.7097
v -2646.5956 969.8374 275.7856
v -2661.3114 981.6072 272.4328
f 736 737 738
v -2674.2268 960.5521 272.5546
v -2674.4980 960.2229 278.3093
v -2674.4957 960.2219 272.5545
f 739 740 741
v -2668.3407 955.7654 272.5578
v -2674.2292 960.5532 278.3094
v -2674.2268 960.5521 272.5546
f 742 743 744
v -2665.8665 958.8597 272.5584
v -2668.3431 955.7664 278.3126
v -2668.3407 955.7654 272.5578
f 745 746 747
v -2676.8855 962.1323 272.5533
v -2676.7805 962.2680 278.3081
v -2676.7781 962.2670 272.5533
f 748 749 750
v -2674.4957 960.2219 272.5545
v -2676.8879 962.1333 278.3081
v -2676.8855 962.1323 272.5533
f 751 752 753
v -2680.7813 965.5447 272.4271
v -2675.6785 974.4426 282.5695
v -2675.6744 974.4408 272.4279
f 754 755 756
v -2672.0391 963.7942 272.4310
v -2674.6888 960.5564 272.5544
v -2674.6887 960.5563 272.4304
f 757 758 759
v -2659.4037 954.2236 279.2224
v -2665.3447 959.0685 279.4602
v -2665.3418 959.0672 272.3545
f 760 761 762
v -2646.5969 969.8379 279.2175
v -2659.4037 954.2236 279.2224
v -2646.5956 969.8374 275.7856
f 763 764 765
v -2674.1845 965.5100 272.4299
v -2661.3114 981.6072 272.4328
v -2661.3114 981.6072 272.3528
f 766 767 768

g building_ID_58D91679-5173-4D4C-B6C9-DF6A7E7BA776
v -2691.7276 947.8924 272.6702
v -2683.2280 961.9523 272.6716
v -2689.4221 946.2222 272.6714
f 769 770 771
v -2679.1293 938.7677 272.6768
v -2689.4221 946.2222 272.6714
v -2683.2280 961.9523 272.6716
f 772 773 774
v -2679.1293 938.7677 272.6768
v -2658.7571 941.9278 272.6848
v -2667.2915 930.1929 272.6830
f 775 776 777
v -2689.4221 946.2222 272.6714
v -2679.1293 938.7677 272.6768
v -2679.2166 938.6508 272.6768
f 778 779 780
v -2683.2280 961.9523 272.6716
v -2658.7571 941.9278 272.6848
v -2679.1293 938.7677 272.6768
f 781 782 783
v -2658.7617 941.9299 284.2774
v -2679.1340 938.7696 284.2693
v -2667.2962 930.1949 284.2755
f 784 785 786
v -2689.4268 946.2241 284.2639
v -2679.1340 938.7696 284.2693
v -2683.2327 961.9544 284.2641
f 787 788 789
v -2658.7617 941.9299 284.2774
v -2683.2327 961.9544 284.2641
v -2679.1340 938.7696 284.2693
f 790 791 792
v -2683.2327 961.9544 284.2641
v -2691.7324 947.8943 284.2627
v -2689.4268 946.2241 284.2639
f 793 794 795
v -2679.2213 938.6529 284.2693
v -2679.1340 938.7696 284.2693
v -2689.4268 946.2241 284.2639
f 796 797 798
v -2683.2280 961.9523 272.6716
v -2683.2327 961.9544 284.2641
v -2658.7617 941.9299 284.2774
f 799 800 801
v -2691.7276 947.8924 272.6702
v -2691.7324 947.8943 284.2627
v -2683.2327 961.9544 284.2641
f 802 803 804
v -2689.4221 946.2222 272.6714
v -2689.4268 946.2241 284.2639
v -2691.7324 947.8943 284.2627
f 805 806 807
v -2679.2166 938.6508 272.6768
v -2679.2213 938.6529 284.2693
v -2689.4268 946.2241 284.2639
f 808 809 810
v -2679.1293 938.7677 272.6768
v -2679.1340 938.7696 284.2693
v -2679.2213 938.6529 284.2693
f 811 812 813
v -2667.2915 930.1929 272.6830
v -2667.2962 930.1949 284.2755
v -2679.1340 938.7696 284.2693
f 814 815 816
v -2658.7571 941.9278 272.6848
v -2658.7617 941.9299 284.2774
v -2667.2962 930.1949 284.2755
f 817 818 819
v -2683.2280 961.9523 272.6716
v -2658.7617 941.9299 284.2774
v -2658.7571 941.9278 272.6848
f 820 821 822
v -2691.7276 947.8924 272.6702
v -2683.2327 961.9544 284.2641
v -2683.2280 961.9523 272.6716
f 823 824 825
v -2689.4221 946.2222 272.6714
v -2691.7324 947.8943 284.2627
v -2691.7276 947.8924 272.6702
f 826 827 828
v -2679.2166 938.6508 272.6768
v -2689.4268 946.2241 284.2639
v -2689.4221 946.2222 272.6714
f 829 830 831
v -2679.1293 938.7677 272.6768
v -2679.2213 938.6529 284.2693
v -2679.2166 938.6508 272.6768
f 832 833 834
v -2667.2915 930.1929 272.6830
v -2679.1340 938.7696 284.2693
v -2679.1293 938.7677 272.6768
f 835 836 837
v -2658.7571 941.9278 272.6848
v -2667.2962 930.1949 284.2755
v -2667.2915 930.1929 272.6830
f 838 839 840

g building_ID_631FB3C1-0E4E-4AE0-A256-189DC141D6BB
v -2668.9352 928.0554 272.7036
v -2673.1978 931.1608 272.7014
v -2673.0552 934.3674 272.7010
f 841 842 843
v -2675.0424 931.6868 272.7005
v -2673.0552 934.3674 272.7010
v -2673.1978 931.1608 272.7014
f 844 845 846
v -2675.0424 931.6868 272.7005
v -2673.1978 931.1608 272.7014
v -2673.5942 930.6128 272.7013
f 847 848 849
v -2673.0552 934.3674 272.7010
v -2667.3274 930.2191 272.7040
v -2668.9352 928.0554 272.7036
f 850 851 852
v -2671.0704 929.6101 278.4673
v -2668.9376 928.0564 278.4674
v -2667.3297 930.2200 278.4438
f 853 854 855
v -2671.0704 929.6101 278.4673
v -2671.8339 933.4820 278.4414
v -2673.2002 931.1618 278.4661
f 856 857 858
v -2667.3297 930.2200 278.4438
v -2671.8339 933.4820 278.4414
v -2671.0704 929.6101 278.4673
f 859 860 861
v -2671.8339 933.4820 278.4414
v -2673.8321 930.7885 278.4719
v -2673.2002 931.1618 278.4661
f 862 863 864
v -2673.5966 930.6139 278.4720
v -2673.2002 931.1618 278.4661
v -2673.8321 930.7885 278.4719
f 865 866 867
v -2673.5942 930.6128 272.7013
v -2673.1978 931.1608 272.7014
v -2673.2002 931.1618 278.4661
f 868 869 870
v -2671.0704 929.6101 278.4673
v -2668.9352 928.0554 272.7036
v -2668.9376 928.0564 278.4674
f 871 872 873
v -2673.1978 931.1608 272.7014
v -2671.0704 929.6101 278.4673
v -2673.2002 931.1618 278.4661
f 874 875 876
v -2668.9352 928.0554 272.7036
v -2671.0704 929.6101 278.4673
v -2673.1978 931.1608 272.7014
f 877 878 879
v -2667.3274 930.2191 272.7040
v -2667.3297 930.2200 278.4438
v -2668.9376 928.0564 278.4674
f 880 881 882
v -2667.3274 930.2191 272.7040
v -2668.9376 928.0564 278.4674
v -2668.9352 928.0554 272.7036
f 883 884 885
v -2675.0424 931.6868 272.7005
v -2675.0424 931.6868 272.8665
v -2673.0552 934.3674 272.7010
f 886 887 888
v -2673.5942 930.6128 272.7013
v -2673.5966 930.6139 278.4720
v -2673.8321 930.7885 278.4719
f 889 890 891
v -2673.8321 930.7885 278.4719
v -2673.8299 930.7875 272.8672
v -2673.5942 930.6128 272.7013
f 892 893 894
v -2675.0424 931.6868 272.7005
v -2673.5942 930.6128 272.7013
v -2673.8299 930.7875 272.8672
f 895 896 897
v -2675.0424 931.6868 272.8665
v -2675.0424 931.6868 272.7005
v -2673.8299 930.7875 272.8672
f 898 899 900
v -2682.8110 926.1980 280.2238
v -2681.9677 934.4285 279.5289
v -2686.2315 928.5080 279.5440
f 901 902 903
v -2679.1320 938.7688 279.4785
v -2681.9677 934.4285 279.5289
v -2675.4606 936.1091 280.2254
f 904 905 906
v -2682.8110 926.1980 280.2238
v -2675.4606 936.1091 280.2254
v -2681.9677 934.4285 279.5289
f 907 908 909
v -2682.2172 934.6081 279.4778
v -2681.9677 934.4285 279.5289
v -2679.1320 938.7688 279.4785
f 910 911 912
v -2679.0975 923.6899 279.4807
v -2671.8333 933.4833 279.4823
v -2675.4606 936.1091 280.2254
f 913 914 915
v -2675.4606 936.1091 280.2254
v -2682.8110 926.1980 280.2238
v -2679.0975 923.6899 279.4807
f 916 917 918
v -2682.2170 934.6081 279.0088
v -2682.2172 934.6081 279.4778
v -2679.2172 938.6540 279.0095
f 919 920 921
v -2679.1320 938.7688 279.4785
v -2679.2172 938.6540 279.0095
v -2682.2172 934.6081 279.4778
f 922 923 924
v -2679.2147 938.6529 272.8638
v -2679.2172 938.6540 279.0095
v -2679.1293 938.7677 272.8638
f 925 926 927
v -2679.1320 938.7688 279.4785
v -2679.1293 938.7677 272.8638
v -2679.2172 938.6540 279.0095
f 928 929 930
v -2675.0424 931.6868 272.8665
v -2678.0091 937.7597 272.8644
v -2675.4576 936.1079 272.8657
f 931 932 933
v -2679.2147 938.6529 272.8638
v -2679.1293 938.7677 272.8638
v -2678.0091 937.7597 272.8644
f 934 935 936
v -2675.4576 936.1079 272.8657
v -2678.0091 937.7597 272.8644
v -2679.1293 938.7677 272.8638
f 937 938 939
v -2685.3245 927.8954 272.8627
v -2678.0091 937.7597 272.8644
v -2675.0424 931.6868 272.8665
f 940 941 942
v -2675.0424 931.6868 272.8665
v -2675.4576 936.1079 272.8657
v -2673.0543 934.3684 272.8670
f 943 944 945
v -2675.0424 931.6868 272.8665
v -2673.8299 930.7875 272.8672
v -2679.0948 923.6888 272.8659
f 946 947 948
v -2685.3245 927.8954 272.8627
v -2675.0424 931.6868 272.8665
v -2682.8080 926.1967 272.8640
f 949 950 951
v -2679.0948 923.6888 272.8659
v -2682.8080 926.1967 272.8640
v -2675.0424 931.6868 272.8665
f 952 953 954
v -2671.8333 933.4833 279.4823
v -2673.8321 930.7885 278.4719
v -2671.8339 933.4820 278.4414
f 955 956 957
v -2679.0948 923.6888 272.8659
v -2673.8321 930.7885 278.4719
v -2679.0975 923.6899 279.4807
f 958 959 960
v -2671.8333 933.4833 279.4823
v -2679.0975 923.6899 279.4807
v -2673.8321 930.7885 278.4719
f 961 962 963
v -2673.8299 930.7875 272.8672
v -2673.8321 930.7885 278.4719
v -2679.0948 923.6888 272.8659
f 964 965 966
v -2689.6974 940.4001 279.0048
v -2689.6982 940.4004 281.2147
v -2689.8670 940.1345 279.0048
f 967 968 969
v -2694.2223 943.7721 279.0024
v -2694.2234 943.7727 281.9323
v -2689.6982 940.4004 281.2147
f 970 971 972
v -2691.7277 947.8924 272.8442
v -2691.7302 947.8934 279.0029
v -2689.4247 946.2232 279.0041
f 973 974 975
v -2698.4602 936.7661 281.9376
v -2694.2936 933.9525 279.0038
v -2694.2945 933.9529 281.2957
f 976 977 978
v -2698.4565 936.7645 272.8429
v -2694.2910 933.9514 272.8450
v -2698.4602 936.7661 281.9376
f 979 980 981
v -2694.2936 933.9525 279.0038
v -2698.4602 936.7661 281.9376
v -2694.2910 933.9514 272.8450
f 982 983 984
v -2689.8670 940.1345 279.0048
v -2689.8699 940.1359 281.2167
v -2694.2936 933.9525 279.0038
f 985 986 987
v -2689.8665 940.1344 272.8461
v -2689.8670 940.1345 279.0048
v -2694.2910 933.9514 272.8450
f 988 989 990
v -2678.0091 937.7597 272.8514
v -2678.0091 937.7597 272.8644
v -2685.3245 927.8954 272.8627
f 991 992 993
v -2679.2147 938.6529 272.8638
v -2689.4222 946.2222 272.8454
v -2689.4247 946.2232 279.0041
f 994 995 996
v -2679.2172 938.6540 279.0095
v -2679.2147 938.6529 272.8638
v -2689.4247 946.2232 279.0041
f 997 998 999
v -2678.0091 937.7597 272.8514
v -2679.2147 938.6529 272.8638
v -2678.0091 937.7597 272.8644
f 1000 1001 1002
v -2689.4222 946.2222 272.8454
v -2679.2147 938.6529 272.8638
v -2678.0091 937.7597 272.8514
f 1003 1004 1005
v -2689.8670 940.1345 279.0048
v -2682.2170 934.6081 279.0088
v -2689.6974 940.4001 279.0048
f 1006 1007 1008
v -2679.2172 938.6540 279.0095
v -2689.6974 940.4001 279.0048
v -2682.2170 934.6081 279.0088
f 1009 1010 1011
v -2694.2223 943.7721 279.0024
v -2689.4247 946.2232 279.0041
v -2691.7302 947.8934 279.0029
f 1012 1013 1014
v -2689.4247 946.2232 279.0041
v -2694.2223 943.7721 279.0024
v -2689.6974 940.4001 279.0048
f 1015 1016 1017
v -2679.2172 938.6540 279.0095
v -2689.4247 946.2232 279.0041
v -2689.6974 940.4001 279.0048
f 1018 1019 1020
v -2681.9649 934.4273 272.8502
v -2681.9677 934.4285 279.5289
v -2682.2170 934.6081 279.0088
f 1021 1022 1023
v -2682.2172 934.6081 279.4778
v -2682.2170 934.6081 279.0088
v -2681.9677 934.4285 279.5289
f 1024 1025 1026
v -2682.2170 934.6081 279.0088
v -2689.8665 940.1344 272.8461
v -2681.9649 934.4273 272.8502
f 1027 1028 1029
v -2689.8670 940.1345 279.0048
v -2689.8665 940.1344 272.8461
v -2682.2170 934.6081 279.0088
f 1030 1031 1032
v -2681.9649 934.4273 272.8502
v -2686.2288 928.5069 272.8492
v -2686.2315 928.5080 279.5440
f 1033 1034 1035
v -2686.2315 928.5080 279.5440
v -2681.9677 934.4285 279.5289
v -2681.9649 934.4273 272.8502
f 1036 1037 1038
v -2675.4576 936.1079 272.8657
v -2679.1320 938.7688 279.4785
v -2675.4606 936.1091 280.2254
f 1039 1040 1041
v -2679.1320 938.7688 279.4785
v -2675.4576 936.1079 272.8657
v -2679.1293 938.7677 272.8638
f 1042 1043 1044
v -2673.0543 934.3684 272.8670
v -2675.4576 936.1079 272.8657
v -2675.4606 936.1091 280.2254
f 1045 1046 1047
v -2675.4606 936.1091 280.2254
v -2671.8339 933.4820 278.4414
v -2673.0543 934.3684 272.8670
f 1048 1049 1050
v -2673.0543 934.3684 272.8670
v -2671.8339 933.4820 278.4414
v -2667.3274 930.2191 272.7040
f 1051 1052 1053
v -2667.3297 930.2200 278.4438
v -2667.3274 930.2191 272.7040
v -2671.8339 933.4820 278.4414
f 1054 1055 1056
v -2673.0552 934.3674 272.7010
v -2673.0543 934.3684 272.8670
v -2667.3274 930.2191 272.7040
f 1057 1058 1059
v -2671.8333 933.4833 279.4823
v -2671.8339 933.4820 278.4414
v -2675.4606 936.1091 280.2254
f 1060 1061 1062
v -2681.9649 934.4273 272.8502
v -2685.3245 927.8954 272.8497
v -2686.2288 928.5069 272.8492
f 1063 1064 1065
v -2678.0091 937.7597 272.8514
v -2685.3245 927.8954 272.8497
v -2681.9649 934.4273 272.8502
f 1066 1067 1068
v -2689.4222 946.2222 272.8454
v -2694.2197 943.7711 272.8437
v -2691.7277 947.8924 272.8442
f 1069 1070 1071
v -2689.8665 940.1344 272.8461
v -2698.4565 936.7645 272.8429
v -2694.2197 943.7711 272.8437
f 1072 1073 1074
v -2678.0091 937.7597 272.8514
v -2689.8665 940.1344 272.8461
v -2689.4222 946.2222 272.8454
f 1075 1076 1077
v -2694.2197 943.7711 272.8437
v -2689.4222 946.2222 272.8454
v -2689.8665 940.1344 272.8461
f 1078 1079 1080
v -2681.9649 934.4273 272.8502
v -2689.8665 940.1344 272.8461
v -2678.0091 937.7597 272.8514
f 1081 1082 1083
v -2694.2910 933.9514 272.8450
v -2698.4565 936.7645 272.8429
v -2689.8665 940.1344 272.8461
f 1084 1085 1086
v -2698.4602 936.7661 281.9376
v -2689.8699 940.1359 281.2167
v -2689.6982 940.4004 281.2147
f 1087 1088 1089
v -2689.8699 940.1359 281.2167
v -2698.4602 936.7661 281.9376
v -2694.2945 933.9529 281.2957
f 1090 1091 1092
v -2694.2234 943.7727 281.9323
v -2698.4602 936.7661 281.9376
v -2689.6982 940.4004 281.2147
f 1093 1094 1095
v -2698.4602 936.7661 281.9376
v -2694.2223 943.7721 279.0024
v -2698.4565 936.7645 272.8429
f 1096 1097 1098
v -2694.2223 943.7721 279.0024
v -2698.4602 936.7661 281.9376
v -2694.2234 943.7727 281.9323
f 1099 1100 1101
v -2691.7302 947.8934 279.0029
v -2691.7277 947.8924 272.8442
v -2694.2197 943.7711 272.8437
f 1102 1103 1104
v -2698.4565 936.7645 272.8429
v -2694.2223 943.7721 279.0024
v -2694.2197 943.7711 272.8437
f 1105 1106 1107
v -2682.8080 926.1967 272.8640
v -2679.0975 923.6899 279.4807
v -2682.8110 926.1980 280.2238
f 1108 1109 1110
v -2679.0948 923.6888 272.8659
v -2679.0975 923.6899 279.4807
v -2682.8080 926.1967 272.8640
f 1111 1112 1113
v -2685.3245 927.8954 272.8627
v -2682.8080 926.1967 272.8640
v -2682.8110 926.1980 280.2238
f 1114 1115 1116
v -2685.3245 927.8954 272.8627
v -2682.8110 926.1980 280.2238
v -2686.2315 928.5080 279.5440
f 1117 1118 1119
v -2686.2315 928.5080 279.5440
v -2686.2288 928.5069 272.8492
v -2685.3245 927.8954 272.8627
f 1120 1121 1122
v -2685.3245 927.8954 272.8497
v -2685.3245 927.8954 272.8627
v -2686.2288 928.5069 272.8492
f 1123 1124 1125
v -2673.5966 930.6139 278.4720
v -2673.5942 930.6128 272.7013
v -2673.2002 931.1618 278.4661
f 1126 1127 1128
v -2675.0424 931.6868 272.8665
v -2673.0543 934.3684 272.8670
v -2673.0552 934.3674 272.7010
f 1129 1130 1131
v -2689.6982 940.4004 281.2147
v -2689.8699 940.1359 281.2167
v -2689.8670 940.1345 279.0048
f 1132 1133 1134
v -2694.2223 943.7721 279.0024
v -2689.6982 940.4004 281.2147
v -2689.6974 940.4001 279.0048
f 1135 1136 1137
v -2691.7277 947.8924 272.8442
v -2689.4247 946.2232 279.0041
v -2689.4222 946.2222 272.8454
f 1138 1139 1140
v -2689.8699 940.1359 281.2167
v -2694.2945 933.9529 281.2957
v -2694.2936 933.9525 279.0038
f 1141 1142 1143
v -2689.8670 940.1345 279.0048
v -2694.2936 933.9525 279.0038
v -2694.2910 933.9514 272.8450
f 1144 1145 1146
v -2678.0091 937.7597 272.8514
v -2685.3245 927.8954 272.8627
v -2685.3245 927.8954 272.8497
f 1147 1148 1149
v -2691.7302 947.8934 279.0029
v -2694.2197 943.7711 272.8437
v -2694.2223 943.7721 279.0024
f 1150 1151 1152

g building_ID_01F9BF8D-A0E6-4A60-88DF-1F255AEA0BFD
v -2699.2477 935.4643 281.9394
v -2700.0041 934.2133 281.9403
v -2695.5138 931.5831 281.2746
f 1153 1154 1155
v -2694.0570 933.7922 281.2599
v -2699.2477 935.4643 281.9394
v -2695.5138 931.5831 281.2746
f 1156 1157 1158
v -2694.0570 933.7922 281.2599
v -2698.4602 936.7661 281.9376
v -2699.2477 935.4643 281.9394
f 1159 1160 1161
v -2700.0003 934.2118 272.8426
v -2700.0041 934.2133 281.9403
v -2699.2477 935.4643 281.9394
f 1162 1163 1164
v -2699.2477 935.4643 281.9394
v -2698.4602 936.7661 281.9376
v -2700.0003 934.2118 272.8426
f 1165 1166 1167
v -2700.0003 934.2118 272.8426
v -2698.4602 936.7661 281.9376
v -2698.4565 936.7645 272.8429
f 1168 1169 1170
v -2695.5104 931.5817 272.8449
v -2695.5138 931.5831 281.2746
v -2700.0003 934.2118 272.8426
f 1171 1172 1173
v -2700.0041 934.2133 281.9403
v -2700.0003 934.2118 272.8426
v -2695.5138 931.5831 281.2746
f 1174 1175 1176
v -2694.0570 933.7922 281.2599
v -2695.0169 932.3354 279.0038
v -2694.0560 933.7919 279.0040
f 1177 1178 1179
v -2695.5104 931.5817 272.8449
v -2695.0169 932.3354 279.0038
v -2695.5138 931.5831 281.2746
f 1180 1181 1182
v -2694.0570 933.7922 281.2599
v -2695.5138 931.5831 281.2746
v -2695.0169 932.3354 279.0038
f 1183 1184 1185
v -2695.0144 932.3344 272.8450
v -2695.0169 932.3354 279.0038
v -2695.5104 931.5817 272.8449
f 1186 1187 1188
v -2685.3245 927.8954 272.8497
v -2685.3270 927.8965 279.0085
v -2686.6407 926.1240 279.0082
f 1189 1190 1191
v -2695.0169 932.3354 279.0038
v -2686.6407 926.1240 279.0082
v -2685.3270 927.8965 279.0085
f 1192 1193 1194
v -2685.3270 927.8965 279.0085
v -2694.0560 933.7919 279.0040
v -2695.0169 932.3354 279.0038
f 1195 1196 1197
v -2686.6382 926.1230 272.8494
v -2686.6407 926.1240 279.0082
v -2695.0169 932.3354 279.0038
f 1198 1199 1200
v -2698.4565 936.7645 272.8429
v -2698.4602 936.7661 281.9376
v -2694.0560 933.7919 279.0040
f 1201 1202 1203
v -2694.0535 933.7908 272.8452
v -2694.0560 933.7919 279.0040
v -2685.3270 927.8965 279.0085
f 1204 1205 1206
v -2694.0560 933.7919 279.0040
v -2694.0535 933.7908 272.8452
v -2698.4565 936.7645 272.8429
f 1207 1208 1209
v -2685.3270 927.8965 279.0085
v -2685.3245 927.8954 272.8497
v -2694.0535 933.7908 272.8452
f 1210 1211 1212
v -2698.4565 936.7645 272.8429
v -2695.5104 931.5817 272.8449
v -2700.0003 934.2118 272.8426
f 1213 1214 1215
v -2695.0144 932.3344 272.8450
v -2694.0535 933.7908 272.8452
v -2685.3245 927.8954 272.8497
f 1216 1217 1218
v -2685.3245 927.8954 272.8497
v -2686.6382 926.1230 272.8494
v -2695.0144 932.3344 272.8450
f 1219 1220 1221
v -2698.4565 936.7645 272.8429
v -2695.0144 932.3344 272.8450
v -2695.5104 931.5817 272.8449
f 1222 1223 1224
v -2698.4565 936.7645 272.8429
v -2694.0535 933.7908 272.8452
v -2695.0144 932.3344 272.8450
f 1225 1226 1227
v -2685.3245 927.8954 272.8497
v -2686.6407 926.1240 279.0082
v -2686.6382 926.1230 272.8494
f 1228 1229 1230
v -2686.6382 926.1230 272.8494
v -2695.0169 932.3354 279.0038
v -2695.0144 932.3344 272.8450
f 1231 1232 1233
v -2698.4602 936.7661 281.9376
v -2694.0570 933.7922 281.2599
v -2694.0560 933.7919 279.0040
f 1234 1235 1236

g building_ID_D8A3B7F8-9978-4CB3-A34B-D311E5F0B9F4
v -2691.2660 914.2446 272.7202
v -2690.6280 913.8629 272.7205
v -2693.5532 908.9538 272.7200
f 1237 1238 1239
v -2689.0097 916.5774 272.7208
v -2689.6258 916.9511 272.7205
v -2685.4869 922.4899 272.7214
f 1240 1241 1242
v -2689.6258 916.9511 272.7205
v -2691.2660 914.2446 272.7202
v -2709.4581 918.5713 272.7119
f 1243 1244 1245
v -2693.5532 908.9538 272.7200
v -2709.4581 918.5713 272.7119
v -2691.2660 914.2446 272.7202
f 1246 1247 1248
v -2685.4869 922.4899 272.7214
v -2689.6258 916.9511 272.7205
v -2701.3662 931.9524 272.7133
f 1249 1250 1251
v -2709.4581 918.5713 272.7119
v -2701.3662 931.9524 272.7133
v -2689.6258 916.9511 272.7205
f 1252 1253 1254
v -2694.5859 909.5779 281.0241
v -2703.4328 928.5415 280.9487
v -2709.4615 918.5727 280.9476
f 1255 1256 1257
v -2703.4328 928.5415 280.9487
v -2694.5859 909.5779 281.0241
v -2688.7665 919.8031 281.0241
f 1258 1259 1260
v -2690.6280 913.8629 272.7205
v -2690.6280 913.8629 272.7485
v -2693.5532 908.9538 272.7480
f 1261 1262 1263
v -2685.4869 922.4899 272.7214
v -2685.4869 922.4899 272.7494
v -2689.0097 916.5774 272.7488
f 1264 1265 1266
v -2701.3662 931.9524 272.7133
v -2701.3663 931.9524 272.8513
v -2686.7908 923.2674 272.7487
f 1267 1268 1269
v -2685.4869 922.4899 272.7214
v -2686.7908 923.2674 272.7487
v -2685.4869 922.4899 272.7494
f 1270 1271 1272
v -2701.3662 931.9524 272.7133
v -2686.7908 923.2674 272.7487
v -2685.4869 922.4899 272.7214
f 1273 1274 1275
v -2686.0606 911.1253 282.8035
v -2688.2834 907.4424 282.8071
v -2689.0196 906.2127 272.7503
f 1276 1277 1278
v -2686.0606 911.1253 282.8035
v -2689.0196 906.2127 272.7503
v -2686.0564 911.1236 272.7508
f 1279 1280 1281
v -2684.6508 927.0276 272.7492
v -2684.6508 927.0276 272.8591
v -2683.8251 926.5754 272.8635
f 1282 1283 1284
v -2681.4226 925.2609 272.8647
v -2684.6508 927.0276 272.7492
v -2683.8251 926.5754 272.8635
f 1285 1286 1287
v -2684.6508 927.0276 272.7492
v -2681.4226 925.2609 272.8647
v -2681.4226 925.2609 272.7508
f 1288 1289 1290
v -2682.6890 916.9362 282.8011
v -2683.8860 917.6854 282.8295
v -2683.8819 917.6837 272.7508
f 1291 1292 1293
v -2682.6849 916.9344 272.7514
v -2682.6890 916.9362 282.8011
v -2683.8819 917.6837 272.7508
f 1294 1295 1296
v -2678.7490 923.4548 279.0259
v -2678.7505 923.4555 282.7948
v -2682.6849 916.9344 272.7514
f 1297 1298 1299
v -2678.7465 923.4538 272.7522
v -2678.7490 923.4548 279.0259
v -2682.6849 916.9344 272.7514
f 1300 1301 1302
v -2682.6849 916.9344 272.7514
v -2680.7203 920.1959 282.7974
v -2682.6890 916.9362 282.8011
f 1303 1304 1305
v -2685.7801 914.6199 272.7504
v -2685.4869 922.4899 272.7494
v -2683.8819 917.6837 272.7508
f 1306 1307 1308
v -2682.6849 916.9344 272.7514
v -2683.8819 917.6837 272.7508
v -2678.7465 923.4538 272.7522
f 1309 1310 1311
v -2689.0097 916.5774 272.7488
v -2685.4869 922.4899 272.7494
v -2685.7801 914.6199 272.7504
f 1312 1313 1314
v -2684.6508 927.0276 272.7492
v -2685.4869 922.4899 272.7494
v -2686.7908 923.2674 272.7487
f 1315 1316 1317
v -2685.4869 922.4899 272.7494
v -2684.6508 927.0276 272.7492
v -2681.4226 925.2609 272.7508
f 1318 1319 1320
v -2683.8819 917.6837 272.7508
v -2681.4226 925.2609 272.7508
v -2678.7465 923.4538 272.7522
f 1321 1322 1323
v -2685.4869 922.4899 272.7494
v -2681.4226 925.2609 272.7508
v -2683.8819 917.6837 272.7508
f 1324 1325 1326
v -2686.0564 911.1236 272.7508
v -2689.0196 906.2127 272.7503
v -2693.5532 908.9538 272.7480
f 1327 1328 1329
v -2686.0564 911.1236 272.7508
v -2693.5532 908.9538 272.7480
v -2687.7727 912.1522 272.7499
f 1330 1331 1332
v -2690.6280 913.8629 272.7485
v -2687.7727 912.1522 272.7499
v -2693.5532 908.9538 272.7480
f 1333 1334 1335
v -2694.5859 909.5779 281.0241
v -2694.5867 909.5783 282.9420
v -2688.7672 919.8035 282.9381
f 1336 1337 1338
v -2682.8110 926.1980 280.2238
v -2682.9044 926.0712 280.2238
v -2681.4254 925.2622 279.9465
f 1339 1340 1341
v -2691.4438 932.0277 283.9991
v -2698.5514 936.6177 283.9954
v -2703.4341 928.5419 283.9946
f 1342 1343 1344
v -2683.6980 926.7970 284.0031
v -2691.4438 932.0277 283.9991
v -2688.1227 919.4189 284.0023
f 1345 1346 1347
v -2703.4341 928.5419 283.9946
v -2688.1227 919.4189 284.0023
v -2691.4438 932.0277 283.9991
f 1348 1349 1350
v -2698.5469 936.6158 272.8518
v -2698.5514 936.6177 283.9954
v -2691.4438 932.0277 283.9991
f 1351 1352 1353
v -2682.9044 926.0712 280.2238
v -2683.8279 926.5766 280.0523
v -2683.8291 926.5772 282.9162
f 1354 1355 1356
v -2681.4254 925.2622 279.9465
v -2682.9044 926.0712 280.2238
v -2681.4267 925.2627 282.8604
f 1357 1358 1359
v -2683.8291 926.5772 282.9162
v -2681.4267 925.2627 282.8604
v -2682.9044 926.0712 280.2238
f 1360 1361 1362
v -2686.7908 923.2674 272.7487
v -2686.7909 923.2674 272.8587
v -2684.6508 927.0276 272.8591
f 1363 1364 1365
v -2683.6964 926.7963 280.0483
v -2683.8279 926.5766 280.0523
v -2682.9044 926.0712 280.2238
f 1366 1367 1368
v -2682.9044 926.0712 280.2238
v -2682.8110 926.1980 280.2238
v -2683.6964 926.7963 280.0483
f 1369 1370 1371
v -2688.1223 919.4187 282.9224
v -2688.1227 919.4189 284.0023
v -2688.7672 919.8035 282.9381
f 1372 1373 1374
v -2703.4341 928.5419 283.9946
v -2688.7672 919.8035 282.9381
v -2688.1227 919.4189 284.0023
f 1375 1376 1377
v -2688.7665 919.8031 281.0241
v -2688.7672 919.8035 282.9381
v -2703.4328 928.5415 280.9487
f 1378 1379 1380
v -2703.4341 928.5419 283.9946
v -2703.4328 928.5415 280.9487
v -2688.7672 919.8035 282.9381
f 1381 1382 1383
v -2683.6964 926.7963 280.0483
v -2683.6980 926.7970 284.0031
v -2683.8291 926.5772 282.9162
f 1384 1385 1386
v -2685.2455 924.2160 282.9190
v -2683.8291 926.5772 282.9162
v -2683.6980 926.7970 284.0031
f 1387 1388 1389
v -2683.8279 926.5766 280.0523
v -2683.6964 926.7963 280.0483
v -2683.8291 926.5772 282.9162
f 1390 1391 1392
v -2685.2455 924.2160 282.9190
v -2688.1227 919.4189 284.0023
v -2688.1223 919.4187 282.9224
f 1393 1394 1395
v -2683.6980 926.7970 284.0031
v -2688.1227 919.4189 284.0023
v -2685.2455 924.2160 282.9190
f 1396 1397 1398
v -2698.5514 936.6177 283.9954
v -2703.4328 928.5415 280.9487
v -2703.4341 928.5419 283.9946
f 1399 1400 1401
v -2703.4328 928.5415 280.9487
v -2709.4581 918.5713 272.7119
v -2709.4615 918.5727 280.9476
f 1402 1403 1404
v -2709.4581 918.5713 272.7119
v -2703.4328 928.5415 280.9487
v -2701.3663 931.9524 272.8513
f 1405 1406 1407
v -2701.3663 931.9524 272.8513
v -2703.4328 928.5415 280.9487
v -2698.5469 936.6158 272.8518
f 1408 1409 1410
v -2698.5514 936.6177 283.9954
v -2698.5469 936.6158 272.8518
v -2703.4328 928.5415 280.9487
f 1411 1412 1413
v -2709.4581 918.5713 272.7119
v -2701.3663 931.9524 272.8513
v -2701.3662 931.9524 272.7133
f 1414 1415 1416
v -2694.5859 909.5779 281.0241
v -2689.0196 906.2127 272.7503
v -2689.0237 906.2143 282.8080
f 1417 1418 1419
v -2709.4581 918.5713 272.7119
v -2694.5859 909.5779 281.0241
v -2709.4615 918.5727 280.9476
f 1420 1421 1422
v -2689.0196 906.2127 272.7503
v -2694.5859 909.5779 281.0241
v -2693.5532 908.9538 272.7480
f 1423 1424 1425
v -2693.5532 908.9538 272.7200
v -2693.5532 908.9538 272.7480
v -2709.4581 918.5713 272.7119
f 1426 1427 1428
v -2694.5859 909.5779 281.0241
v -2709.4581 918.5713 272.7119
v -2693.5532 908.9538 272.7480
f 1429 1430 1431
v -2694.5867 909.5783 282.9420
v -2694.5859 909.5779 281.0241
v -2689.0237 906.2143 282.8080
f 1432 1433 1434
v -2691.2702 914.2463 282.9289
v -2689.6258 916.9511 272.7205
v -2689.6299 916.9529 282.9262
f 1435 1436 1437
v -2691.2702 914.2463 282.9289
v -2691.2660 914.2446 272.7202
v -2689.6258 916.9511 272.7205
f 1438 1439 1440
v -2681.4267 925.2627 282.8604
v -2683.8291 926.5772 282.9162
v -2685.2455 924.2160 282.9190
f 1441 1442 1443
v -2685.2455 924.2160 282.9190
v -2680.7203 920.1959 282.7974
v -2681.4267 925.2627 282.8604
f 1444 1445 1446
v -2685.2455 924.2160 282.9190
v -2688.1223 919.4187 282.9224
v -2683.8860 917.6854 282.8295
f 1447 1448 1449
v -2689.6299 916.9529 282.9262
v -2688.1223 919.4187 282.9224
v -2688.7672 919.8035 282.9381
f 1450 1451 1452
v -2683.8860 917.6854 282.8295
v -2680.7203 920.1959 282.7974
v -2685.2455 924.2160 282.9190
f 1453 1454 1455
v -2678.7505 923.4555 282.7948
v -2681.4267 925.2627 282.8604
v -2680.7203 920.1959 282.7974
f 1456 1457 1458
v -2683.8860 917.6854 282.8295
v -2682.6890 916.9362 282.8011
v -2680.7203 920.1959 282.7974
f 1459 1460 1461
v -2683.8860 917.6854 282.8295
v -2688.1223 919.4187 282.9224
v -2687.0930 915.4150 282.8645
f 1462 1463 1464
v -2683.8860 917.6854 282.8295
v -2687.0930 915.4150 282.8645
v -2685.7842 914.6215 282.8331
f 1465 1466 1467
v -2687.6969 912.1057 282.8427
v -2691.2702 914.2463 282.9289
v -2694.5867 909.5783 282.9420
f 1468 1469 1470
v -2688.7672 919.8035 282.9381
v -2691.2702 914.2463 282.9289
v -2689.6299 916.9529 282.9262
f 1471 1472 1473
v -2687.6969 912.1057 282.8427
v -2694.5867 909.5783 282.9420
v -2688.2834 907.4424 282.8071
f 1474 1475 1476
v -2691.2702 914.2463 282.9289
v -2688.7672 919.8035 282.9381
v -2694.5867 909.5783 282.9420
f 1477 1478 1479
v -2688.2834 907.4424 282.8071
v -2686.0606 911.1253 282.8035
v -2687.6969 912.1057 282.8427
f 1480 1481 1482
v -2688.2834 907.4424 282.8071
v -2694.5867 909.5783 282.9420
v -2689.0237 906.2143 282.8080
f 1483 1484 1485
v -2689.6299 916.9529 282.9262
v -2687.0930 915.4150 282.8645
v -2688.1223 919.4187 282.9224
f 1486 1487 1488
v -2690.6280 913.8629 272.7485
v -2691.2702 914.2463 282.9289
v -2687.6969 912.1057 282.8427
f 1489 1490 1491
v -2691.2660 914.2446 272.7202
v -2690.6280 913.8629 272.7485
v -2690.6280 913.8629 272.7205
f 1492 1493 1494
v -2690.6280 913.8629 272.7485
v -2691.2660 914.2446 272.7202
v -2691.2702 914.2463 282.9289
f 1495 1496 1497
v -2687.7727 912.1522 272.7499
v -2690.6280 913.8629 272.7485
v -2687.6969 912.1057 282.8427
f 1498 1499 1500
v -2686.0606 911.1253 282.8035
v -2686.0564 911.1236 272.7508
v -2687.7727 912.1522 272.7499
f 1501 1502 1503
v -2687.7727 912.1522 272.7499
v -2687.6969 912.1057 282.8427
v -2686.0606 911.1253 282.8035
f 1504 1505 1506
v -2685.7801 914.6199 272.7504
v -2685.7842 914.6215 282.8331
v -2687.0930 915.4150 282.8645
f 1507 1508 1509
v -2689.6299 916.9529 282.9262
v -2685.7801 914.6199 272.7504
v -2687.0930 915.4150 282.8645
f 1510 1511 1512
v -2685.7801 914.6199 272.7504
v -2689.6299 916.9529 282.9262
v -2689.0097 916.5774 272.7488
f 1513 1514 1515
v -2689.6299 916.9529 282.9262
v -2689.6258 916.9511 272.7205
v -2689.0097 916.5774 272.7488
f 1516 1517 1518
v -2689.0097 916.5774 272.7208
v -2689.0097 916.5774 272.7488
v -2689.6258 916.9511 272.7205
f 1519 1520 1521
v -2685.7842 914.6215 282.8331
v -2683.8819 917.6837 272.7508
v -2683.8860 917.6854 282.8295
f 1522 1523 1524
v -2685.7801 914.6199 272.7504
v -2683.8819 917.6837 272.7508
v -2685.7842 914.6215 282.8331
f 1525 1526 1527
v -2683.6745 926.7820 272.8635
v -2681.4226 925.2609 272.8647
v -2683.8251 926.5754 272.8635
f 1528 1529 1530
v -2683.6745 926.7820 272.8635
v -2683.8251 926.5754 272.8635
v -2684.6508 927.0276 272.8591
f 1531 1532 1533
v -2691.4393 932.0258 272.8555
v -2684.6508 927.0276 272.8591
v -2686.7909 923.2674 272.8587
f 1534 1535 1536
v -2701.3663 931.9524 272.8513
v -2691.4393 932.0258 272.8555
v -2686.7909 923.2674 272.8587
f 1537 1538 1539
v -2686.5682 928.7358 272.8620
v -2684.6508 927.0276 272.8591
v -2691.4393 932.0258 272.8555
f 1540 1541 1542
v -2698.5469 936.6158 272.8518
v -2691.4393 932.0258 272.8555
v -2701.3663 931.9524 272.8513
f 1543 1544 1545
v -2683.6745 926.7820 272.8635
v -2684.6508 927.0276 272.8591
v -2686.5682 928.7358 272.8620
f 1546 1547 1548
v -2683.6964 926.7963 280.0483
v -2691.4438 932.0277 283.9991
v -2683.6980 926.7970 284.0031
f 1549 1550 1551
v -2681.4254 925.2622 279.9465
v -2683.6745 926.7820 272.8635
v -2683.6964 926.7963 280.0483
f 1552 1553 1554
v -2691.4393 932.0258 272.8555
v -2691.4438 932.0277 283.9991
v -2683.6964 926.7963 280.0483
f 1555 1556 1557
v -2683.6964 926.7963 280.0483
v -2686.5682 928.7358 272.8620
v -2691.4393 932.0258 272.8555
f 1558 1559 1560
v -2683.6745 926.7820 272.8635
v -2686.5682 928.7358 272.8620
v -2683.6964 926.7963 280.0483
f 1561 1562 1563
v -2681.4254 925.2622 279.9465
v -2683.6964 926.7963 280.0483
v -2682.8110 926.1980 280.2238
f 1564 1565 1566
v -2678.7490 923.4548 279.0259
v -2681.4254 925.2622 279.9465
v -2681.4267 925.2627 282.8604
f 1567 1568 1569
v -2681.4267 925.2627 282.8604
v -2678.7505 923.4555 282.7948
v -2678.7490 923.4548 279.0259
f 1570 1571 1572
v -2678.7465 923.4538 272.7522
v -2681.4226 925.2609 272.7508
v -2681.4226 925.2609 272.8647
f 1573 1574 1575
v -2681.4226 925.2609 272.8647
v -2678.7490 923.4548 279.0259
v -2678.7465 923.4538 272.7522
f 1576 1577 1578
v -2681.4226 925.2609 272.8647
v -2683.6745 926.7820 272.8635
v -2678.7490 923.4548 279.0259
f 1579 1580 1581
v -2681.4254 925.2622 279.9465
v -2678.7490 923.4548 279.0259
v -2683.6745 926.7820 272.8635
f 1582 1583 1584
v -2690.6280 913.8629 272.7205
v -2693.5532 908.9538 272.7480
v -2693.5532 908.9538 272.7200
f 1585 1586 1587
v -2685.4869 922.4899 272.7214
v -2689.0097 916.5774 272.7488
v -2689.0097 916.5774 272.7208
f 1588 1589 1590
v -2701.3663 931.9524 272.8513
v -2686.7909 923.2674 272.8587
v -2686.7908 923.2674 272.7487
f 1591 1592 1593
v -2688.2834 907.4424 282.8071
v -2689.0237 906.2143 282.8080
v -2689.0196 906.2127 272.7503
f 1594 1595 1596
v -2680.7203 920.1959 282.7974
v -2682.6849 916.9344 272.7514
v -2678.7505 923.4555 282.7948
f 1597 1598 1599
v -2694.5859 909.5779 281.0241
v -2688.7672 919.8035 282.9381
v -2688.7665 919.8031 281.0241
f 1600 1601 1602
v -2698.5469 936.6158 272.8518
v -2691.4438 932.0277 283.9991
v -2691.4393 932.0258 272.8555
f 1603 1604 1605
v -2686.7908 923.2674 272.7487
v -2684.6508 927.0276 272.8591
v -2684.6508 927.0276 272.7492
f 1606 1607 1608

g building_ID_17F5DFE5-4C5F-4CBA-827A-201497D599A7
v -2665.5808 905.3595 271.6693
v -2668.7585 906.5520 271.6678
v -2668.5333 907.0034 271.6678
f 1609 1610 1611
v -2672.3644 900.9838 271.6671
v -2668.7585 906.5520 271.6678
v -2669.0484 899.1349 271.6687
f 1612 1613 1614
v -2665.5808 905.3595 271.6693
v -2669.0484 899.1349 271.6687
v -2668.7585 906.5520 271.6678
f 1615 1616 1617
v -2669.1419 906.7671 271.6676
v -2668.7585 906.5520 271.6678
v -2672.3644 900.9838 271.6671
f 1618 1619 1620
v -2672.3744 900.9878 296.1792
v -2669.0584 899.1389 296.1808
v -2668.7684 906.5562 296.1799
f 1621 1622 1623
v -2665.5907 905.3636 296.1814
v -2668.7684 906.5562 296.1799
v -2669.0584 899.1389 296.1808
f 1624 1625 1626
v -2669.1519 906.7712 296.1797
v -2672.3744 900.9878 296.1792
v -2668.7684 906.5562 296.1799
f 1627 1628 1629
v -2665.5907 905.3636 296.1814
v -2668.5433 907.0075 296.1799
v -2668.7684 906.5562 296.1799
f 1630 1631 1632
v -2668.7585 906.5520 271.6678
v -2668.7684 906.5562 296.1799
v -2668.5433 907.0075 296.1799
f 1633 1634 1635
v -2669.1419 906.7671 271.6676
v -2669.1519 906.7712 296.1797
v -2668.7684 906.5562 296.1799
f 1636 1637 1638
v -2669.2258 906.6358 292.7098
v -2672.3730 900.9873 292.7083
v -2672.3744 900.9878 296.1792
f 1639 1640 1641
v -2672.3648 900.9839 272.5031
v -2669.2176 906.6324 272.5036
v -2672.3644 900.9838 271.6671
f 1642 1643 1644
v -2669.1419 906.7671 271.6676
v -2669.2258 906.6358 292.7098
v -2669.1519 906.7712 296.1797
f 1645 1646 1647
v -2672.3744 900.9878 296.1792
v -2669.1519 906.7712 296.1797
v -2669.2258 906.6358 292.7098
f 1648 1649 1650
v -2669.2258 906.6358 292.7098
v -2669.1419 906.7671 271.6676
v -2669.2176 906.6324 272.5036
f 1651 1652 1653
v -2669.0570 899.1385 292.7219
v -2669.0584 899.1389 296.1808
v -2672.3744 900.9878 296.1792
f 1654 1655 1656
v -2665.5808 905.3595 271.6693
v -2665.5907 905.3636 296.1814
v -2665.9099 904.7890 292.7224
f 1657 1658 1659
v -2669.0584 899.1389 296.1808
v -2665.9099 904.7890 292.7224
v -2665.5907 905.3636 296.1814
f 1660 1661 1662
v -2669.0484 899.1349 271.6687
v -2665.5808 905.3595 271.6693
v -2665.9016 904.7855 272.5052
f 1663 1664 1665
v -2665.9099 904.7890 292.7224
v -2665.9016 904.7855 272.5052
v -2665.5808 905.3595 271.6693
f 1666 1667 1668
v -2665.9099 904.7890 292.7224
v -2669.0584 899.1389 296.1808
v -2669.0570 899.1385 292.7219
f 1669 1670 1671
v -2668.5333 907.0034 271.6678
v -2668.5433 907.0075 296.1799
v -2665.5907 905.3636 296.1814
f 1672 1673 1674
v -2671.4285 907.8637 292.7007
v -2674.5834 902.2159 272.5020
v -2674.5916 902.2193 292.7002
f 1675 1676 1677
v -2674.5834 902.2159 272.5020
v -2671.4285 907.8637 292.7007
v -2671.4203 907.8604 272.5025
f 1678 1679 1680
v -2674.5916 902.2193 292.7002
v -2680.7985 890.9648 272.5009
v -2679.3437 893.6161 292.6994
f 1681 1682 1683
v -2684.5115 884.2438 272.5002
v -2684.5198 884.2471 292.6985
v -2679.3437 893.6161 292.6994
f 1684 1685 1686
v -2674.5916 902.2193 292.7002
v -2674.5834 902.2159 272.5020
v -2680.7985 890.9648 272.5009
f 1687 1688 1689
v -2683.2554 883.5415 272.5009
v -2683.2637 883.5447 292.7032
v -2684.5198 884.2471 292.6985
f 1690 1691 1692
v -2683.2554 883.5415 272.5009
v -2684.5198 884.2471 292.6985
v -2684.5115 884.2438 272.5002
f 1693 1694 1695
v -2683.2637 883.5447 292.7032
v -2683.3760 883.3228 272.5008
v -2683.3843 883.3261 292.7031
f 1696 1697 1698
v -2683.3760 883.3228 272.5008
v -2683.2637 883.5447 292.7032
v -2683.2554 883.5415 272.5009
f 1699 1700 1701
v -2677.8584 880.2478 277.5164
v -2669.5799 875.6347 277.5485
v -2683.3843 883.3261 292.7031
f 1702 1703 1704
v -2661.3014 871.0215 277.5817
v -2661.3055 871.0231 287.7203
v -2683.3843 883.3261 292.7031
f 1705 1706 1707
v -2683.3843 883.3261 292.7031
v -2669.5799 875.6347 277.5485
v -2661.3014 871.0215 277.5817
f 1708 1709 1710
v -2661.2994 871.0207 272.5118
v -2661.3014 871.0215 277.5817
v -2662.4866 871.6829 272.5112
f 1711 1712 1713
v -2667.6797 874.5767 272.5086
v -2662.4866 871.6829 272.5112
v -2661.3014 871.0215 277.5817
f 1714 1715 1716
v -2661.3014 871.0215 277.5817
v -2669.5799 875.6347 277.5485
v -2667.6797 874.5767 272.5086
f 1717 1718 1719
v -2674.2368 878.2303 272.5054
v -2669.5799 875.6347 277.5485
v -2677.8584 880.2478 277.5164
f 1720 1721 1722
v -2674.2368 878.2303 272.5054
v -2677.8584 880.2478 277.5164
v -2679.4589 881.1403 272.5028
f 1723 1724 1725
v -2667.6797 874.5767 272.5086
v -2669.5799 875.6347 277.5485
v -2674.2368 878.2303 272.5054
f 1726 1727 1728
v -2683.3760 883.3228 272.5008
v -2679.4589 881.1403 272.5028
v -2677.8584 880.2478 277.5164
f 1729 1730 1731
v -2683.3760 883.3228 272.5008
v -2677.8584 880.2478 277.5164
v -2683.3843 883.3261 292.7031
f 1732 1733 1734
v -2644.9191 887.9534 272.5163
v -2642.7336 891.8765 272.5167
v -2644.9248 887.9557 286.4257
f 1735 1736 1737
v -2642.7418 891.8798 292.8129
v -2644.9248 887.9557 286.4257
v -2642.7336 891.8765 272.5167
f 1738 1739 1740
v -2655.9115 868.2374 286.4239
v -2644.9248 887.9557 286.4257
v -2655.9111 868.2434 292.8107
f 1741 1742 1743
v -2642.7418 891.8798 292.8129
v -2655.9111 868.2434 292.8107
v -2644.9248 887.9557 286.4257
f 1744 1745 1746
v -2669.0484 899.1349 271.6687
v -2669.0488 899.1350 272.5047
v -2672.3648 900.9839 272.5031
f 1747 1748 1749
v -2661.2464 871.0295 272.5118
v -2661.2994 871.0207 272.5118
v -2662.4866 871.6829 272.5112
f 1750 1751 1752
v -2683.2637 883.5447 292.7032
v -2679.3437 893.6161 292.6994
v -2684.5198 884.2471 292.6985
f 1753 1754 1755
v -2674.5916 902.2193 292.7002
v -2679.3437 893.6161 292.6994
v -2672.3730 900.9873 292.7083
f 1756 1757 1758
v -2669.2258 906.6358 292.7098
v -2671.4285 907.8637 292.7007
v -2674.5916 902.2193 292.7002
f 1759 1760 1761
v -2661.3076 871.0239 292.7901
v -2679.3437 893.6161 292.6994
v -2683.2637 883.5447 292.7032
f 1762 1763 1764
v -2683.3843 883.3261 292.7031
v -2661.3076 871.0239 292.7901
v -2683.2637 883.5447 292.7032
f 1765 1766 1767
v -2679.3437 893.6161 292.6994
v -2661.3076 871.0239 292.7901
v -2669.0570 899.1385 292.7219
f 1768 1769 1770
v -2672.3730 900.9873 292.7083
v -2669.2258 906.6358 292.7098
v -2674.5916 902.2193 292.7002
f 1771 1772 1773
v -2642.7418 891.8798 292.8129
v -2660.9804 871.0791 292.7912
v -2655.9111 868.2434 292.8107
f 1774 1775 1776
v -2665.9099 904.7890 292.7224
v -2669.0570 899.1385 292.7219
v -2642.7418 891.8798 292.8129
f 1777 1778 1779
v -2642.7418 891.8798 292.8129
v -2669.0570 899.1385 292.7219
v -2661.3076 871.0239 292.7901
f 1780 1781 1782
v -2669.0570 899.1385 292.7219
v -2672.3730 900.9873 292.7083
v -2679.3437 893.6161 292.6994
f 1783 1784 1785
v -2661.3076 871.0239 292.7901
v -2660.9804 871.0791 292.7912
v -2642.7418 891.8798 292.8129
f 1786 1787 1788
v -2669.2258 906.6358 292.7098
v -2669.2176 906.6324 272.5036
v -2671.4285 907.8637 292.7007
f 1789 1790 1791
v -2671.4285 907.8637 292.7007
v -2669.2176 906.6324 272.5036
v -2671.4203 907.8604 272.5025
f 1792 1793 1794
v -2665.9016 904.7855 272.5052
v -2665.9099 904.7890 292.7224
v -2642.7336 891.8765 272.5167
f 1795 1796 1797
v -2662.4865 871.6828 272.2672
v -2651.9600 891.6632 272.2689
v -2661.2463 871.0295 272.2678
f 1798 1799 1800
v -2644.6984 887.8368 272.2724
v -2660.9721 871.0747 272.2680
v -2651.9600 891.6632 272.2689
f 1801 1802 1803
v -2644.6984 887.8368 272.2724
v -2655.7241 868.1337 272.2706
v -2660.9721 871.0747 272.2680
f 1804 1805 1806
v -2660.9721 871.0747 272.2680
v -2661.2463 871.0295 272.2678
v -2651.9600 891.6632 272.2689
f 1807 1808 1809
v -2644.6984 887.8368 272.2724
v -2644.7041 887.8391 286.4258
v -2655.7298 868.1360 286.4240
f 1810 1811 1812
v -2672.3648 900.9839 272.5031
v -2680.7985 890.9648 272.5009
v -2674.5834 902.2159 272.5020
f 1813 1814 1815
v -2671.4203 907.8604 272.5025
v -2669.2176 906.6324 272.5036
v -2674.5834 902.2159 272.5020
f 1816 1817 1818
v -2669.2176 906.6324 272.5036
v -2672.3648 900.9839 272.5031
v -2674.5834 902.2159 272.5020
f 1819 1820 1821
v -2683.2554 883.5415 272.5009
v -2684.5115 884.2438 272.5002
v -2680.7985 890.9648 272.5009
f 1822 1823 1824
v -2683.2554 883.5415 272.5009
v -2679.4589 881.1403 272.5028
v -2683.3760 883.3228 272.5008
f 1825 1826 1827
v -2679.4589 881.1403 272.5028
v -2683.2554 883.5415 272.5009
v -2680.7985 890.9648 272.5009
f 1828 1829 1830
v -2680.7985 890.9648 272.5009
v -2672.3648 900.9839 272.5031
v -2669.0488 899.1350 272.5047
f 1831 1832 1833
v -2651.9601 891.6633 272.5129
v -2669.0488 899.1350 272.5047
v -2665.9016 904.7855 272.5052
f 1834 1835 1836
v -2669.0488 899.1350 272.5047
v -2651.9601 891.6633 272.5129
v -2680.7985 890.9648 272.5009
f 1837 1838 1839
v -2651.9601 891.6633 272.5129
v -2642.7336 891.8765 272.5167
v -2644.9191 887.9534 272.5163
f 1840 1841 1842
v -2651.9601 891.6633 272.5129
v -2662.3891 871.8686 272.5112
v -2680.7985 890.9648 272.5009
f 1843 1844 1845
v -2665.9016 904.7855 272.5052
v -2642.7336 891.8765 272.5167
v -2651.9601 891.6633 272.5129
f 1846 1847 1848
v -2680.7985 890.9648 272.5009
v -2662.3891 871.8686 272.5112
v -2667.6797 874.5767 272.5086
f 1849 1850 1851
v -2674.2368 878.2303 272.5054
v -2679.4589 881.1403 272.5028
v -2680.7985 890.9648 272.5009
f 1852 1853 1854
v -2667.6797 874.5767 272.5086
v -2674.2368 878.2303 272.5054
v -2680.7985 890.9648 272.5009
f 1855 1856 1857
v -2662.4866 871.6829 272.5112
v -2667.6797 874.5767 272.5086
v -2662.3891 871.8686 272.5112
f 1858 1859 1860
v -2644.7041 887.8391 286.4258
v -2655.9115 868.2374 286.4239
v -2655.7298 868.1360 286.4240
f 1861 1862 1863
v -2655.9115 868.2374 286.4239
v -2644.7041 887.8391 286.4258
v -2644.9248 887.9557 286.4257
f 1864 1865 1866
v -2651.9601 891.6633 272.5129
v -2644.9191 887.9534 272.5163
v -2651.9600 891.6632 272.2689
f 1867 1868 1869
v -2644.9191 887.9534 272.5163
v -2644.7041 887.8391 286.4258
v -2644.6984 887.8368 272.2724
f 1870 1871 1872
v -2644.9248 887.9557 286.4257
v -2644.7041 887.8391 286.4258
v -2644.9191 887.9534 272.5163
f 1873 1874 1875
v -2661.2463 871.0295 272.2678
v -2661.2464 871.0295 272.5118
v -2662.4865 871.6828 272.2672
f 1876 1877 1878
v -2660.9779 871.0770 286.4214
v -2661.3014 871.0215 277.5817
v -2660.9722 871.0758 272.5119
f 1879 1880 1881
v -2660.9721 871.0747 272.2680
v -2660.9722 871.0758 272.5119
v -2661.2464 871.0295 272.5118
f 1882 1883 1884
v -2660.9722 871.0758 272.5119
v -2661.3014 871.0215 277.5817
v -2661.2464 871.0295 272.5118
f 1885 1886 1887
v -2661.2463 871.0295 272.2678
v -2660.9721 871.0747 272.2680
v -2661.2464 871.0295 272.5118
f 1888 1889 1890
v -2661.3055 871.0231 287.7203
v -2660.9779 871.0770 286.4214
v -2660.9804 871.0791 292.7912
f 1891 1892 1893
v -2661.3055 871.0231 287.7203
v -2661.3014 871.0215 277.5817
v -2660.9779 871.0770 286.4214
f 1894 1895 1896
v -2661.2994 871.0207 272.5118
v -2661.2464 871.0295 272.5118
v -2661.3014 871.0215 277.5817
f 1897 1898 1899
v -2661.3076 871.0239 292.7901
v -2661.3055 871.0231 287.7203
v -2660.9804 871.0791 292.7912
f 1900 1901 1902
v -2660.9804 871.0791 292.7912
v -2655.9115 868.2374 286.4239
v -2655.9111 868.2434 292.8107
f 1903 1904 1905
v -2655.9115 868.2374 286.4239
v -2655.7241 868.1337 272.2706
v -2655.7298 868.1360 286.4240
f 1906 1907 1908
v -2655.7241 868.1337 272.2706
v -2655.9115 868.2374 286.4239
v -2660.9722 871.0758 272.5119
f 1909 1910 1911
v -2655.9115 868.2374 286.4239
v -2660.9804 871.0791 292.7912
v -2660.9779 871.0770 286.4214
f 1912 1913 1914
v -2660.9722 871.0758 272.5119
v -2660.9721 871.0747 272.2680
v -2655.7241 868.1337 272.2706
f 1915 1916 1917
v -2660.9779 871.0770 286.4214
v -2660.9722 871.0758 272.5119
v -2655.9115 868.2374 286.4239
f 1918 1919 1920
v -2662.3891 871.8686 272.5112
v -2651.9601 891.6633 272.5129
v -2651.9600 891.6632 272.2689
f 1921 1922 1923
v -2668.7585 906.5520 271.6678
v -2668.5433 907.0075 296.1799
v -2668.5333 907.0034 271.6678
f 1924 1925 1926
v -2669.1419 906.7671 271.6676
v -2668.7684 906.5562 296.1799
v -2668.7585 906.5520 271.6678
f 1927 1928 1929
v -2669.2176 906.6324 272.5036
v -2669.1419 906.7671 271.6676
v -2672.3644 900.9838 271.6671
f 1930 1931 1932
v -2669.0570 899.1385 292.7219
v -2672.3744 900.9878 296.1792
v -2672.3730 900.9873 292.7083
f 1933 1934 1935
v -2669.0484 899.1349 271.6687
v -2665.9016 904.7855 272.5052
v -2669.0488 899.1350 272.5047
f 1936 1937 1938
v -2668.5333 907.0034 271.6678
v -2665.5907 905.3636 296.1814
v -2665.5808 905.3595 271.6693
f 1939 1940 1941
v -2684.5115 884.2438 272.5002
v -2679.3437 893.6161 292.6994
v -2680.7985 890.9648 272.5009
f 1942 1943 1944
v -2661.3055 871.0231 287.7203
v -2661.3076 871.0239 292.7901
v -2683.3843 883.3261 292.7031
f 1945 1946 1947
v -2669.0484 899.1349 271.6687
v -2672.3648 900.9839 272.5031
v -2672.3644 900.9838 271.6671
f 1948 1949 1950
v -2665.9099 904.7890 292.7224
v -2642.7418 891.8798 292.8129
v -2642.7336 891.8765 272.5167
f 1951 1952 1953
v -2644.6984 887.8368 272.2724
v -2655.7298 868.1360 286.4240
v -2655.7241 868.1337 272.2706
f 1954 1955 1956
v -2644.9191 887.9534 272.5163
v -2644.6984 887.8368 272.2724
v -2651.9600 891.6632 272.2689
f 1957 1958 1959
v -2661.2464 871.0295 272.5118
v -2662.4866 871.6829 272.5112
v -2662.4865 871.6828 272.2672
f 1960 1961 1962
v -2662.4865 871.6828 272.2672
v -2662.4866 871.6829 272.5112
v -2662.3891 871.8686 272.5112
f 1963 1964 1965
v -2662.3891 871.8686 272.5112
v -2651.9600 891.6632 272.2689
v -2662.4865 871.6828 272.2672
f 1966 1967 1968

g building_ID_4BF15476-3929-44E0-9900-BA77C76B6C8E
v -2704.0407 882.2353 272.7783
v -2698.6431 879.5379 272.7809
v -2705.7640 878.4380 272.7781
f 1969 1970 1971
v -2707.1679 873.9698 272.7781
v -2705.7640 878.4380 272.7781
v -2698.6431 879.5379 272.7809
f 1972 1973 1974
v -2706.5070 878.7840 272.7777
v -2705.7640 878.4380 272.7781
v -2708.4832 874.5893 272.7775
f 1975 1976 1977
v -2708.0097 872.1851 272.7780
v -2707.1679 873.9698 272.7781
v -2703.1668 869.9371 272.7803
f 1978 1979 1980
v -2698.6431 879.5379 272.7809
v -2703.1668 869.9371 272.7803
v -2707.1679 873.9698 272.7781
f 1981 1982 1983
v -2705.7640 878.4380 272.7781
v -2707.1679 873.9698 272.7781
v -2708.4832 874.5893 272.7775
f 1984 1985 1986
v -2705.7676 878.4394 281.7488
v -2706.5107 878.7855 281.7484
v -2709.3318 872.7980 281.7480
f 1987 1988 1989
v -2703.1705 869.9386 281.7510
v -2705.7676 878.4394 281.7488
v -2709.3318 872.7980 281.7480
f 1990 1991 1992
v -2704.0445 882.2368 281.7490
v -2705.7676 878.4394 281.7488
v -2698.6468 879.5393 281.7516
f 1993 1994 1995
v -2703.1705 869.9386 281.7510
v -2698.6468 879.5393 281.7516
v -2705.7676 878.4394 281.7488
f 1996 1997 1998
v -2704.0407 882.2353 272.7783
v -2704.0445 882.2368 281.7490
v -2698.6468 879.5393 281.7516
f 1999 2000 2001
v -2705.7640 878.4380 272.7781
v -2705.7676 878.4394 281.7488
v -2704.0445 882.2368 281.7490
f 2002 2003 2004
v -2706.5070 878.7840 272.7777
v -2706.5107 878.7855 281.7484
v -2705.7676 878.4394 281.7488
f 2005 2006 2007
v -2709.3306 872.7977 278.9151
v -2709.3318 872.7980 281.7480
v -2708.4857 874.5904 278.9153
f 2008 2009 2010
v -2706.5107 878.7855 281.7484
v -2708.4857 874.5904 278.9153
v -2709.3318 872.7980 281.7480
f 2011 2012 2013
v -2708.4832 874.5893 272.7775
v -2708.4857 874.5904 278.9153
v -2706.5070 878.7840 272.7777
f 2014 2015 2016
v -2698.6431 879.5379 272.7809
v -2698.6468 879.5393 281.7516
v -2703.1705 869.9386 281.7510
f 2017 2018 2019
v -2708.0097 872.1851 272.7480
v -2726.2787 880.6640 272.7391
v -2725.5264 882.6190 272.7391
f 2020 2021 2022
v -2725.5264 882.6190 272.7391
v -2707.1679 873.9698 272.7481
v -2708.0097 872.1851 272.7480
f 2023 2024 2025
v -2726.2787 880.6640 272.7391
v -2726.2812 880.6651 278.9069
v -2725.5290 882.6200 278.9069
f 2026 2027 2028
v -2725.5290 882.6200 278.9069
v -2709.3306 872.7977 278.9151
v -2708.4857 874.5904 278.9153
f 2029 2030 2031
v -2709.3306 872.7977 278.9151
v -2725.5290 882.6200 278.9069
v -2726.2812 880.6651 278.9069
f 2032 2033 2034
v -2707.1679 873.9698 272.7481
v -2707.1679 873.9698 272.7781
v -2708.0097 872.1851 272.7480
f 2035 2036 2037
v -2725.5264 882.6190 272.7391
v -2725.5290 882.6200 278.9069
v -2708.4832 874.5893 272.7775
f 2038 2039 2040
v -2708.4857 874.5904 278.9153
v -2708.4832 874.5893 272.7775
v -2725.5290 882.6200 278.9069
f 2041 2042 2043
v -2707.1679 873.9698 272.7481
v -2725.5264 882.6190 272.7391
v -2708.4832 874.5893 272.7775
f 2044 2045 2046
v -2708.4832 874.5893 272.7775
v -2707.1679 873.9698 272.7781
v -2707.1679 873.9698 272.7481
f 2047 2048 2049
v -2709.3306 872.7977 278.9151
v -2708.0097 872.1851 272.7780
v -2703.1668 869.9371 272.7803
f 2050 2051 2052
v -2726.2787 880.6640 272.7391
v -2708.0097 872.1851 272.7480
v -2708.0097 872.1851 272.7780
f 2053 2054 2055
v -2709.3306 872.7977 278.9151
v -2703.1668 869.9371 272.7803
v -2703.1705 869.9386 281.7510
f 2056 2057 2058
v -2703.1705 869.9386 281.7510
v -2709.3318 872.7980 281.7480
v -2709.3306 872.7977 278.9151
f 2059 2060 2061
v -2709.3306 872.7977 278.9151
v -2726.2812 880.6651 278.9069
v -2726.2787 880.6640 272.7391
f 2062 2063 2064
v -2708.0097 872.1851 272.7780
v -2709.3306 872.7977 278.9151
v -2726.2787 880.6640 272.7391
f 2065 2066 2067
v -2704.0407 882.2353 272.7783
v -2698.6468 879.5393 281.7516
v -2698.6431 879.5379 272.7809
f 2068 2069 2070
v -2705.7640 878.4380 272.7781
v -2704.0445 882.2368 281.7490
v -2704.0407 882.2353 272.7783
f 2071 2072 2073
v -2706.5070 878.7840 272.7777
v -2705.7676 878.4394 281.7488
v -2705.7640 878.4380 272.7781
f 2074 2075 2076
v -2708.4857 874.5904 278.9153
v -2706.5107 878.7855 281.7484
v -2706.5070 878.7840 272.7777
f 2077 2078 2079
v -2698.6431 879.5379 272.7809
v -2703.1705 869.9386 281.7510
v -2703.1668 869.9371 272.7803
f 2080 2081 2082
v -2726.2787 880.6640 272.7391
v -2725.5290 882.6200 278.9069
v -2725.5264 882.6190 272.7391
f 2083 2084 2085
v -2707.1679 873.9698 272.7781
v -2708.0097 872.1851 272.7780
v -2708.0097 872.1851 272.7480
f 2086 2087 2088

g building_ID_C029461E-199D-43EA-9E0D-FF37AF6DACE6
v -2709.0789 884.7708 272.7168
v -2708.1768 884.4133 272.7172
v -2708.2201 884.3405 272.7172
f 2089 2090 2091
v -2708.1768 884.4133 272.7172
v -2709.0789 884.7708 272.7168
v -2714.8503 887.9293 272.7139
f 2092 2093 2094
v -2709.0823 884.7722 281.0225
v -2708.1803 884.4147 281.0269
v -2714.8537 887.9306 280.9936
f 2095 2096 2097
v -2709.0823 884.7722 281.0225
v -2708.2234 884.3419 281.0269
v -2708.1803 884.4147 281.0269
f 2098 2099 2100
v -2712.8485 912.9539 280.9469
v -2714.3930 910.3858 272.7109
v -2714.3964 910.3870 280.9466
f 2101 2102 2103
v -2712.4916 913.5396 272.7113
v -2714.3930 910.3858 272.7109
v -2712.8485 912.9539 280.9469
f 2104 2105 2106
v -2709.4581 918.5713 272.7119
v -2712.4916 913.5396 272.7113
v -2712.8485 912.9539 280.9469
f 2107 2108 2109
v -2709.4594 918.5719 275.8008
v -2709.4581 918.5713 272.7119
v -2712.8485 912.9539 280.9469
f 2110 2111 2112
v -2721.8789 891.7741 272.7104
v -2721.8823 891.7755 280.9581
v -2714.3964 910.3870 280.9466
f 2113 2114 2115
v -2714.8537 887.9306 280.9936
v -2709.0789 884.7708 272.7168
v -2709.0823 884.7722 281.0225
f 2116 2117 2118
v -2714.8537 887.9306 280.9936
v -2714.8503 887.9293 272.7139
v -2709.0789 884.7708 272.7168
f 2119 2120 2121
v -2709.0789 884.7708 272.7168
v -2708.2201 884.3405 272.7172
v -2709.0823 884.7722 281.0225
f 2122 2123 2124
v -2693.5532 908.9538 272.7200
v -2693.5532 908.9538 272.7480
v -2693.5673 908.9298 272.7480
f 2125 2126 2127
v -2696.2055 910.5588 271.9647
v -2714.8470 887.9271 271.9599
v -2700.9088 913.4023 271.9623
f 2128 2129 2130
v -2687.3962 905.1212 271.9692
v -2704.4049 882.4272 271.9651
v -2696.2055 910.5588 271.9647
f 2131 2132 2133
v -2696.2055 910.5588 271.9647
v -2704.4049 882.4272 271.9651
v -2714.8470 887.9271 271.9599
f 2134 2135 2136
v -2700.8518 880.6456 271.9669
v -2704.4049 882.4272 271.9651
v -2687.3962 905.1212 271.9692
f 2137 2138 2139
v -2704.4139 882.4307 293.8203
v -2697.2460 901.4353 293.8207
v -2705.1070 902.5093 293.8172
f 2140 2141 2142
v -2700.8607 880.6492 293.8221
v -2697.2460 901.4353 293.8207
v -2704.4139 882.4307 293.8203
f 2143 2144 2145
v -2701.1242 903.5587 293.8187
v -2705.1070 902.5093 293.8172
v -2697.2460 901.4353 293.8207
f 2146 2147 2148
v -2705.5963 902.7766 293.8170
v -2711.1502 904.2636 293.8144
v -2717.0150 889.0675 293.8140
f 2149 2150 2151
v -2717.0150 889.0675 293.8140
v -2705.1070 902.5093 293.8172
v -2705.5963 902.7766 293.8170
f 2152 2153 2154
v -2705.1070 902.5093 293.8172
v -2717.0150 889.0675 293.8140
v -2704.4139 882.4307 293.8203
f 2155 2156 2157
v -2705.5963 902.7766 293.8170
v -2703.0699 907.3918 293.8174
v -2711.1502 904.2636 293.8144
f 2158 2159 2160
v -2687.4052 905.1248 293.8243
v -2694.8914 905.7379 293.8211
v -2697.2460 901.4353 293.8207
f 2161 2162 2163
v -2694.8914 905.7379 293.8211
v -2687.4052 905.1248 293.8243
v -2696.2145 910.5624 293.8198
f 2164 2165 2166
v -2687.4052 905.1248 293.8243
v -2697.2460 901.4353 293.8207
v -2700.8607 880.6492 293.8221
f 2167 2168 2169
v -2696.2145 910.5624 293.8198
v -2699.0783 908.0281 293.8190
v -2694.8914 905.7379 293.8211
f 2170 2171 2172
v -2699.0783 908.0281 293.8190
v -2703.0699 907.3918 293.8174
v -2700.2660 905.8574 293.8188
f 2173 2174 2175
v -2703.0699 907.3918 293.8174
v -2699.0783 908.0281 293.8190
v -2704.8484 915.7826 293.8154
f 2176 2177 2178
v -2696.2145 910.5624 293.8198
v -2704.8484 915.7826 293.8154
v -2699.0783 908.0281 293.8190
f 2179 2180 2181
v -2711.1502 904.2636 293.8144
v -2703.0699 907.3918 293.8174
v -2704.8484 915.7826 293.8154
f 2182 2183 2184
v -2704.4049 882.4272 271.9651
v -2704.4139 882.4307 293.8203
v -2708.1803 884.4147 281.0269
f 2185 2186 2187
v -2717.0150 889.0675 293.8140
v -2708.1803 884.4147 281.0269
v -2704.4139 882.4307 293.8203
f 2188 2189 2190
v -2714.8470 887.9271 271.9599
v -2704.4049 882.4272 271.9651
v -2708.1768 884.4133 272.7172
f 2191 2192 2193
v -2708.1803 884.4147 281.0269
v -2708.1768 884.4133 272.7172
v -2704.4049 882.4272 271.9651
f 2194 2195 2196
v -2717.0059 889.0639 271.9588
v -2714.8537 887.9306 280.9936
v -2717.0150 889.0675 293.8140
f 2197 2198 2199
v -2708.1803 884.4147 281.0269
v -2717.0150 889.0675 293.8140
v -2714.8537 887.9306 280.9936
f 2200 2201 2202
v -2717.0059 889.0639 271.9588
v -2714.8470 887.9271 271.9599
v -2714.8503 887.9293 272.7139
f 2203 2204 2205
v -2714.8537 887.9306 280.9936
v -2717.0059 889.0639 271.9588
v -2714.8503 887.9293 272.7139
f 2206 2207 2208
v -2687.3962 905.1212 271.9692
v -2687.4052 905.1248 293.8243
v -2687.4679 905.0064 290.0955
f 2209 2210 2211
v -2700.8607 880.6492 293.8221
v -2687.4679 905.0064 290.0955
v -2687.4052 905.1248 293.8243
f 2212 2213 2214
v -2700.8518 880.6456 271.9669
v -2687.3962 905.1212 271.9692
v -2687.4608 905.0035 272.6371
f 2215 2216 2217
v -2687.4679 905.0064 290.0955
v -2700.8607 880.6492 293.8221
v -2700.8592 880.6486 290.0933
f 2218 2219 2220
v -2687.4608 905.0035 272.6371
v -2700.8521 880.6457 272.6349
v -2700.8518 880.6456 271.9669
f 2221 2222 2223
v -2707.0491 917.1149 272.7131
v -2712.4916 913.5396 272.7113
v -2709.4581 918.5713 272.7119
f 2224 2225 2226
v -2721.8789 891.7741 272.7104
v -2713.5857 906.3896 272.7118
v -2719.6073 890.5320 272.7115
f 2227 2228 2229
v -2714.3930 910.3858 272.7109
v -2713.5857 906.3896 272.7118
v -2721.8789 891.7741 272.7104
f 2230 2231 2232
v -2713.5857 906.3896 272.7118
v -2714.3930 910.3858 272.7109
v -2712.4916 913.5396 272.7113
f 2233 2234 2235
v -2707.0491 917.1149 272.7131
v -2713.5857 906.3896 272.7118
v -2712.4916 913.5396 272.7113
f 2236 2237 2238
v -2693.5672 908.9298 272.7200
v -2696.1199 910.5056 272.7187
v -2693.5532 908.9538 272.7200
f 2239 2240 2241
v -2713.5892 906.3910 280.9585
v -2721.8823 891.7755 280.9581
v -2719.6106 890.5334 280.9692
f 2242 2243 2244
v -2721.8823 891.7755 280.9581
v -2713.5892 906.3910 280.9585
v -2714.3964 910.3870 280.9466
f 2245 2246 2247
v -2712.8485 912.9539 280.9469
v -2714.3964 910.3870 280.9466
v -2713.5892 906.3910 280.9585
f 2248 2249 2250
v -2712.8485 912.9539 280.9469
v -2707.0524 917.1163 280.9598
v -2709.4615 918.5727 280.9476
f 2251 2252 2253
v -2713.5892 906.3910 280.9585
v -2707.0524 917.1163 280.9598
v -2712.8485 912.9539 280.9469
f 2254 2255 2256
v -2708.1768 884.4133 272.7172
v -2708.1803 884.4147 281.0269
v -2708.2234 884.3419 281.0269
f 2257 2258 2259
v -2708.1768 884.4133 272.7172
v -2708.2234 884.3419 281.0269
v -2708.2201 884.3405 272.7172
f 2260 2261 2262
v -2711.1486 904.2629 290.0856
v -2711.1502 904.2636 293.8144
v -2704.8484 915.7826 293.8154
f 2263 2264 2265
v -2717.0059 889.0639 271.9588
v -2717.0150 889.0675 293.8140
v -2716.9956 889.1013 280.9825
f 2266 2267 2268
v -2716.9993 889.1038 290.0851
v -2716.9956 889.1013 280.9825
v -2717.0150 889.0675 293.8140
f 2269 2270 2271
v -2716.9918 889.1008 271.9588
v -2717.0059 889.0639 271.9588
v -2716.9921 889.1000 272.7128
f 2272 2273 2274
v -2716.9956 889.1013 280.9825
v -2716.9921 889.1000 272.7128
v -2717.0059 889.0639 271.9588
f 2275 2276 2277
v -2711.1486 904.2629 290.0856
v -2716.9993 889.1038 290.0851
v -2711.1502 904.2636 293.8144
f 2278 2279 2280
v -2717.0150 889.0675 293.8140
v -2711.1502 904.2636 293.8144
v -2716.9993 889.1038 290.0851
f 2281 2282 2283
v -2719.6069 890.5319 271.8615
v -2707.0487 917.1148 271.8632
v -2700.9087 913.4023 271.8663
f 2284 2285 2286
v -2713.5854 906.3894 271.8618
v -2707.0487 917.1148 271.8632
v -2719.6069 890.5319 271.8615
f 2287 2288 2289
v -2714.8470 887.9271 271.8639
v -2719.6069 890.5319 271.8615
v -2700.9087 913.4023 271.8663
f 2290 2291 2292
v -2716.9918 889.1008 271.9588
v -2714.8470 887.9271 271.9599
v -2717.0059 889.0639 271.9588
f 2293 2294 2295
v -2719.6144 890.5349 290.0838
v -2716.9993 889.1038 290.0851
v -2711.1486 904.2629 290.0856
f 2296 2297 2298
v -2713.5930 906.3925 290.0842
v -2719.6144 890.5349 290.0838
v -2711.1486 904.2629 290.0856
f 2299 2300 2301
v -2713.5930 906.3925 290.0842
v -2711.1486 904.2629 290.0856
v -2707.0562 917.1178 290.0855
f 2302 2303 2304
v -2704.8468 915.7819 290.0866
v -2707.0562 917.1178 290.0855
v -2711.1486 904.2629 290.0856
f 2305 2306 2307
v -2713.5892 906.3910 280.9585
v -2713.5930 906.3925 290.0842
v -2707.0524 917.1163 280.9598
f 2308 2309 2310
v -2713.5854 906.3894 271.8618
v -2713.5857 906.3896 272.7118
v -2707.0491 917.1149 272.7131
f 2311 2312 2313
v -2719.6106 890.5334 280.9692
v -2719.6144 890.5349 290.0838
v -2713.5930 906.3925 290.0842
f 2314 2315 2316
v -2719.6069 890.5319 271.8615
v -2719.6073 890.5320 272.7115
v -2713.5857 906.3896 272.7118
f 2317 2318 2319
v -2700.9087 913.4023 271.8663
v -2700.9088 913.4023 271.9623
v -2714.8470 887.9271 271.8639
f 2320 2321 2322
v -2685.2112 903.7735 272.6382
v -2685.2183 903.7763 290.0966
v -2698.5154 879.4733 290.0944
f 2323 2324 2325
v -2687.4608 905.0035 272.6371
v -2698.5082 879.4705 272.6360
v -2700.8521 880.6457 272.6349
f 2326 2327 2328
v -2698.5082 879.4705 272.6360
v -2687.4608 905.0035 272.6371
v -2685.2112 903.7735 272.6382
f 2329 2330 2331
v -2698.5154 879.4733 290.0944
v -2685.2183 903.7763 290.0966
v -2687.4679 905.0064 290.0955
f 2332 2333 2334
v -2687.4679 905.0064 290.0955
v -2700.8592 880.6486 290.0933
v -2698.5154 879.4733 290.0944
f 2335 2336 2337
v -2687.4608 905.0035 272.6371
v -2687.4679 905.0064 290.0955
v -2685.2183 903.7763 290.0966
f 2338 2339 2340
v -2697.2470 901.4357 296.3056
v -2694.8924 905.7383 296.3060
v -2700.2671 905.8577 296.3037
f 2341 2342 2343
v -2699.0792 908.0285 296.3039
v -2700.2671 905.8577 296.3037
v -2694.8924 905.7383 296.3060
f 2344 2345 2346
v -2700.2671 905.8577 296.3037
v -2703.0709 907.3923 296.3023
v -2701.1252 903.5591 296.3036
f 2347 2348 2349
v -2701.1252 903.5591 296.3036
v -2705.5973 902.7771 296.3019
v -2705.1080 902.5098 296.3021
f 2350 2351 2352
v -2700.2671 905.8577 296.3037
v -2701.1252 903.5591 296.3036
v -2697.2470 901.4357 296.3056
f 2353 2354 2355
v -2703.0709 907.3923 296.3023
v -2705.5973 902.7771 296.3019
v -2701.1252 903.5591 296.3036
f 2356 2357 2358
v -2699.0783 908.0281 293.8190
v -2699.0792 908.0285 296.3039
v -2694.8924 905.7383 296.3060
f 2359 2360 2361
v -2700.2660 905.8574 293.8188
v -2700.2671 905.8577 296.3037
v -2699.0792 908.0285 296.3039
f 2362 2363 2364
v -2703.0699 907.3918 293.8174
v -2703.0709 907.3923 296.3023
v -2700.2671 905.8577 296.3037
f 2365 2366 2367
v -2705.5963 902.7766 293.8170
v -2705.5973 902.7771 296.3019
v -2703.0709 907.3923 296.3023
f 2368 2369 2370
v -2705.1070 902.5093 293.8172
v -2705.1080 902.5098 296.3021
v -2705.5973 902.7771 296.3019
f 2371 2372 2373
v -2701.1242 903.5587 293.8187
v -2701.1252 903.5591 296.3036
v -2705.1080 902.5098 296.3021
f 2374 2375 2376
v -2697.2460 901.4353 293.8207
v -2697.2470 901.4357 296.3056
v -2701.1252 903.5591 296.3036
f 2377 2378 2379
v -2694.8914 905.7379 293.8211
v -2694.8924 905.7383 296.3060
v -2697.2470 901.4357 296.3056
f 2380 2381 2382
v -2688.8259 906.0952 272.7504
v -2693.5673 908.9298 272.7480
v -2693.5532 908.9538 272.7480
f 2383 2384 2385
v -2693.5673 908.9298 272.7480
v -2688.8259 906.0952 272.7504
v -2688.8661 906.0283 272.7503
f 2386 2387 2388
v -2688.8259 906.0952 272.7504
v -2688.8300 906.0968 282.8031
v -2688.8661 906.0283 272.7503
f 2389 2390 2391
v -2694.5947 909.5633 282.9420
v -2688.8702 906.0299 282.8030
v -2688.8300 906.0968 282.8031
f 2392 2393 2394
v -2688.8300 906.0968 282.8031
v -2694.5867 909.5783 282.9420
v -2694.5947 909.5633 282.9420
f 2395 2396 2397
v -2694.5939 909.5629 281.0241
v -2694.5947 909.5633 282.9420
v -2694.5867 909.5783 282.9420
f 2398 2399 2400
v -2698.5154 879.4733 290.0944
v -2700.8592 880.6486 290.0933
v -2700.8521 880.6457 272.6349
f 2401 2402 2403
v -2700.8521 880.6457 272.6349
v -2700.8592 880.6486 290.0933
v -2704.4049 882.4272 271.9651
f 2404 2405 2406
v -2700.8592 880.6486 290.0933
v -2704.4139 882.4307 293.8203
v -2704.4049 882.4272 271.9651
f 2407 2408 2409
v -2704.4049 882.4272 271.9651
v -2700.8518 880.6456 271.9669
v -2700.8521 880.6457 272.6349
f 2410 2411 2412
v -2704.4139 882.4307 293.8203
v -2700.8592 880.6486 290.0933
v -2700.8607 880.6492 293.8221
f 2413 2414 2415
v -2716.9918 889.1008 271.9588
v -2716.9921 889.1000 272.7128
v -2719.6073 890.5320 272.7115
f 2416 2417 2418
v -2716.9921 889.1000 272.7128
v -2716.9956 889.1013 280.9825
v -2719.6106 890.5334 280.9692
f 2419 2420 2421
v -2714.8470 887.9271 271.8639
v -2714.8470 887.9271 271.9599
v -2716.9918 889.1008 271.9588
f 2422 2423 2424
v -2719.6069 890.5319 271.8615
v -2714.8470 887.9271 271.8639
v -2716.9918 889.1008 271.9588
f 2425 2426 2427
v -2719.6144 890.5349 290.0838
v -2716.9956 889.1013 280.9825
v -2716.9993 889.1038 290.0851
f 2428 2429 2430
v -2719.6073 890.5320 272.7115
v -2719.6106 890.5334 280.9692
v -2721.8823 891.7755 280.9581
f 2431 2432 2433
v -2716.9921 889.1000 272.7128
v -2719.6106 890.5334 280.9692
v -2719.6073 890.5320 272.7115
f 2434 2435 2436
v -2721.8823 891.7755 280.9581
v -2721.8789 891.7741 272.7104
v -2719.6073 890.5320 272.7115
f 2437 2438 2439
v -2719.6073 890.5320 272.7115
v -2719.6069 890.5319 271.8615
v -2716.9918 889.1008 271.9588
f 2440 2441 2442
v -2719.6106 890.5334 280.9692
v -2716.9956 889.1013 280.9825
v -2719.6144 890.5349 290.0838
f 2443 2444 2445
v -2707.0524 917.1163 280.9598
v -2709.4594 918.5719 275.8008
v -2709.4615 918.5727 280.9476
f 2446 2447 2448
v -2700.9088 913.4023 271.9623
v -2707.0491 917.1149 272.7131
v -2709.4594 918.5719 275.8008
f 2449 2450 2451
v -2707.0491 917.1149 272.7131
v -2709.4581 918.5713 272.7119
v -2709.4594 918.5719 275.8008
f 2452 2453 2454
v -2700.9088 913.4023 271.9623
v -2707.0487 917.1148 271.8632
v -2707.0491 917.1149 272.7131
f 2455 2456 2457
v -2700.9088 913.4023 271.9623
v -2709.4594 918.5719 275.8008
v -2707.0524 917.1163 280.9598
f 2458 2459 2460
v -2707.0524 917.1163 280.9598
v -2704.8468 915.7819 290.0866
v -2696.2092 910.5593 281.0163
f 2461 2462 2463
v -2704.8468 915.7819 290.0866
v -2704.8484 915.7826 293.8154
v -2696.2145 910.5624 293.8198
f 2464 2465 2466
v -2696.2092 910.5593 281.0163
v -2704.8468 915.7819 290.0866
v -2696.2145 910.5624 293.8198
f 2467 2468 2469
v -2700.9088 913.4023 271.9623
v -2700.9087 913.4023 271.8663
v -2707.0487 917.1148 271.8632
f 2470 2471 2472
v -2700.9088 913.4023 271.9623
v -2696.1199 910.5056 272.7187
v -2696.2055 910.5588 271.9647
f 2473 2474 2475
v -2700.9088 913.4023 271.9623
v -2696.2092 910.5593 281.0163
v -2696.1199 910.5056 272.7187
f 2476 2477 2478
v -2700.9088 913.4023 271.9623
v -2707.0524 917.1163 280.9598
v -2696.2092 910.5593 281.0163
f 2479 2480 2481
v -2707.0524 917.1163 280.9598
v -2707.0562 917.1178 290.0855
v -2704.8468 915.7819 290.0866
f 2482 2483 2484
v -2693.5532 908.9538 272.7480
v -2693.5532 908.9538 272.7200
v -2696.1199 910.5056 272.7187
f 2485 2486 2487
v -2696.2145 910.5624 293.8198
v -2687.4052 905.1248 293.8243
v -2694.5947 909.5633 282.9420
f 2488 2489 2490
v -2687.3962 905.1212 271.9692
v -2696.2055 910.5588 271.9647
v -2693.5672 908.9298 272.7200
f 2491 2492 2493
v -2687.4052 905.1248 293.8243
v -2687.3962 905.1212 271.9692
v -2688.8702 906.0299 282.8030
f 2494 2495 2496
v -2696.1199 910.5056 272.7187
v -2693.5672 908.9298 272.7200
v -2696.2055 910.5588 271.9647
f 2497 2498 2499
v -2696.2092 910.5593 281.0163
v -2696.2145 910.5624 293.8198
v -2694.5867 909.5783 282.9420
f 2500 2501 2502
v -2688.8300 906.0968 282.8031
v -2688.8259 906.0952 272.7504
v -2694.5939 909.5629 281.0241
f 2503 2504 2505
v -2693.5673 908.9298 272.7480
v -2688.8661 906.0283 272.7503
v -2693.5672 908.9298 272.7200
f 2506 2507 2508
v -2688.8661 906.0283 272.7503
v -2688.8702 906.0299 282.8030
v -2687.3962 905.1212 271.9692
f 2509 2510 2511
v -2688.8702 906.0299 282.8030
v -2694.5947 909.5633 282.9420
v -2687.4052 905.1248 293.8243
f 2512 2513 2514
v -2694.5947 909.5633 282.9420
v -2694.5939 909.5629 281.0241
v -2694.5867 909.5783 282.9420
f 2515 2516 2517
v -2688.8259 906.0952 272.7504
v -2693.5532 908.9538 272.7480
v -2694.5939 909.5629 281.0241
f 2518 2519 2520
v -2693.5532 908.9538 272.7480
v -2696.1199 910.5056 272.7187
v -2694.5939 909.5629 281.0241
f 2521 2522 2523
v -2696.2145 910.5624 293.8198
v -2694.5947 909.5633 282.9420
v -2694.5867 909.5783 282.9420
f 2524 2525 2526
v -2687.3962 905.1212 271.9692
v -2693.5672 908.9298 272.7200
v -2688.8661 906.0283 272.7503
f 2527 2528 2529
v -2696.1199 910.5056 272.7187
v -2696.2092 910.5593 281.0163
v -2694.5939 909.5629 281.0241
f 2530 2531 2532
v -2696.2092 910.5593 281.0163
v -2694.5867 909.5783 282.9420
v -2694.5939 909.5629 281.0241
f 2533 2534 2535
v -2688.8300 906.0968 282.8031
v -2694.5939 909.5629 281.0241
v -2694.5867 909.5783 282.9420
f 2536 2537 2538
v -2712.8485 912.9539 280.9469
v -2709.4615 918.5727 280.9476
v -2709.4594 918.5719 275.8008
f 2539 2540 2541
v -2721.8789 891.7741 272.7104
v -2714.3964 910.3870 280.9466
v -2714.3930 910.3858 272.7109
f 2542 2543 2544
v -2708.2234 884.3419 281.0269
v -2709.0823 884.7722 281.0225
v -2708.2201 884.3405 272.7172
f 2545 2546 2547
v -2693.5532 908.9538 272.7200
v -2693.5673 908.9298 272.7480
v -2693.5672 908.9298 272.7200
f 2548 2549 2550
v -2714.8470 887.9271 271.9599
v -2708.1768 884.4133 272.7172
v -2714.8503 887.9293 272.7139
f 2551 2552 2553
v -2687.3962 905.1212 271.9692
v -2687.4679 905.0064 290.0955
v -2687.4608 905.0035 272.6371
f 2554 2555 2556
v -2711.1486 904.2629 290.0856
v -2704.8484 915.7826 293.8154
v -2704.8468 915.7819 290.0866
f 2557 2558 2559
v -2713.5930 906.3925 290.0842
v -2707.0562 917.1178 290.0855
v -2707.0524 917.1163 280.9598
f 2560 2561 2562
v -2713.5854 906.3894 271.8618
v -2707.0491 917.1149 272.7131
v -2707.0487 917.1148 271.8632
f 2563 2564 2565
v -2719.6106 890.5334 280.9692
v -2713.5930 906.3925 290.0842
v -2713.5892 906.3910 280.9585
f 2566 2567 2568
v -2719.6069 890.5319 271.8615
v -2713.5857 906.3896 272.7118
v -2713.5854 906.3894 271.8618
f 2569 2570 2571
v -2700.9088 913.4023 271.9623
v -2714.8470 887.9271 271.9599
v -2714.8470 887.9271 271.8639
f 2572 2573 2574
v -2685.2112 903.7735 272.6382
v -2698.5154 879.4733 290.0944
v -2698.5082 879.4705 272.6360
f 2575 2576 2577
v -2687.4608 905.0035 272.6371
v -2685.2183 903.7763 290.0966
v -2685.2112 903.7735 272.6382
f 2578 2579 2580
v -2699.0783 908.0281 293.8190
v -2694.8924 905.7383 296.3060
v -2694.8914 905.7379 293.8211
f 2581 2582 2583
v -2700.2660 905.8574 293.8188
v -2699.0792 908.0285 296.3039
v -2699.0783 908.0281 293.8190
f 2584 2585 2586
v -2703.0699 907.3918 293.8174
v -2700.2671 905.8577 296.3037
v -2700.2660 905.8574 293.8188
f 2587 2588 2589
v -2705.5963 902.7766 293.8170
v -2703.0709 907.3923 296.3023
v -2703.0699 907.3918 293.8174
f 2590 2591 2592
v -2705.1070 902.5093 293.8172
v -2705.5973 902.7771 296.3019
v -2705.5963 902.7766 293.8170
f 2593 2594 2595
v -2701.1242 903.5587 293.8187
v -2705.1080 902.5098 296.3021
v -2705.1070 902.5093 293.8172
f 2596 2597 2598
v -2697.2460 901.4353 293.8207
v -2701.1252 903.5591 296.3036
v -2701.1242 903.5587 293.8187
f 2599 2600 2601
v -2694.8914 905.7379 293.8211
v -2697.2470 901.4357 296.3056
v -2697.2460 901.4353 293.8207
f 2602 2603 2604
v -2688.8300 906.0968 282.8031
v -2688.8702 906.0299 282.8030
v -2688.8661 906.0283 272.7503
f 2605 2606 2607
v -2698.5154 879.4733 290.0944
v -2700.8521 880.6457 272.6349
v -2698.5082 879.4705 272.6360
f 2608 2609 2610

g building_ID_E08137D9-ECEB-4457-B28E-32A158F0ACF6
v -2726.2787 880.6631 272.7851
v -2724.5073 885.2683 272.7852
v -2721.6879 883.9406 272.7866
f 2611 2612 2613
v -2717.6615 876.6640 272.7893
v -2726.2787 880.6631 272.7851
v -2719.1192 882.7308 272.7878
f 2614 2615 2616
v -2721.6879 883.9406 272.7866
v -2719.1192 882.7308 272.7878
v -2726.2787 880.6631 272.7851
f 2617 2618 2619
v -2705.7959 878.4531 272.7941
v -2708.3937 872.5681 272.7938
v -2719.1192 882.7308 272.7878
f 2620 2621 2622
v -2708.3937 872.5681 272.7938
v -2717.6615 876.6640 272.7893
v -2719.1192 882.7308 272.7878
f 2623 2624 2625
v -2718.3730 884.3148 272.7879
v -2705.7959 878.4531 272.7941
v -2719.1192 882.7308 272.7878
f 2626 2627 2628
v -2708.3970 872.5695 280.9535
v -2705.7993 878.4545 280.9538
v -2718.6471 884.4418 280.9475
f 2629 2630 2631
v -2718.6471 884.4418 280.9475
v -2717.6649 876.6653 280.9490
v -2708.3970 872.5695 280.9535
f 2632 2633 2634
v -2717.6649 876.6653 280.9490
v -2718.6471 884.4418 280.9475
v -2726.2821 880.6644 280.9448
f 2635 2636 2637
v -2718.6471 884.4418 280.9475
v -2723.6802 887.3323 280.9449
v -2723.8833 886.9019 280.9449
f 2638 2639 2640
v -2723.8833 886.9019 280.9449
v -2726.2821 880.6644 280.9448
v -2718.6471 884.4418 280.9475
f 2641 2642 2643
v -2723.6802 887.3323 280.9449
v -2718.6471 884.4418 280.9475
v -2718.4509 884.8683 280.9475
f 2644 2645 2646
v -2720.7449 885.9494 280.8464
v -2723.6799 887.3322 280.3489
v -2723.6802 887.3323 280.9449
f 2647 2648 2649
v -2718.4507 884.8683 280.4925
v -2720.7449 885.9494 280.8464
v -2718.4509 884.8683 280.9475
f 2650 2651 2652
v -2723.6802 887.3323 280.9449
v -2718.4509 884.8683 280.9475
v -2720.7449 885.9494 280.8464
f 2653 2654 2655
v -2717.6615 876.6640 272.7893
v -2717.6649 876.6653 280.9490
v -2726.2821 880.6644 280.9448
f 2656 2657 2658
v -2708.3937 872.5681 272.7938
v -2708.3970 872.5695 280.9535
v -2717.6649 876.6653 280.9490
f 2659 2660 2661
v -2705.7959 878.4531 272.7941
v -2705.7993 878.4545 280.9538
v -2708.3970 872.5695 280.9535
f 2662 2663 2664
v -2723.8725 886.9163 271.8372
v -2721.6875 883.9405 271.8386
v -2724.5069 885.2680 271.8372
f 2665 2666 2667
v -2718.7921 890.0846 271.8389
v -2718.6433 884.4403 271.8398
v -2721.6875 883.9405 271.8386
f 2668 2669 2670
v -2718.7921 890.0846 271.8389
v -2721.6875 883.9405 271.8386
v -2723.8725 886.9163 271.8372
f 2671 2672 2673
v -2718.3726 884.3147 271.8399
v -2719.1188 882.7306 271.8398
v -2718.6433 884.4403 271.8398
f 2674 2675 2676
v -2721.6875 883.9405 271.8386
v -2718.6433 884.4403 271.8398
v -2719.1188 882.7306 271.8398
f 2677 2678 2679
v -2717.0058 889.0639 271.8398
v -2716.7411 888.5842 271.8400
v -2718.6433 884.4403 271.8398
f 2680 2681 2682
v -2719.6069 890.5309 271.8385
v -2723.8725 886.9163 271.8372
v -2721.8762 891.1519 271.8375
f 2683 2684 2685
v -2718.6433 884.4403 271.8398
v -2718.7921 890.0846 271.8389
v -2717.0058 889.0639 271.8398
f 2686 2687 2688
v -2723.8725 886.9163 271.8372
v -2719.6069 890.5309 271.8385
v -2718.7921 890.0846 271.8389
f 2689 2690 2691
v -2717.0058 889.0639 271.8398
v -2718.7921 890.0846 271.8389
v -2716.9917 889.0998 271.8398
f 2692 2693 2694
v -2716.3088 888.6970 271.8402
v -2716.3581 888.5932 271.8402
v -2716.6607 888.7450 271.8400
f 2695 2696 2697
v -2716.6607 888.7450 271.8400
v -2717.0058 889.0639 271.8398
v -2716.3088 888.6970 271.8402
f 2698 2699 2700
v -2716.6607 888.7450 271.8400
v -2716.7411 888.5842 271.8400
v -2717.0058 889.0639 271.8398
f 2701 2702 2703
v -2721.6459 891.6413 271.8375
v -2719.6069 890.5309 271.8385
v -2721.8762 891.1519 271.8375
f 2704 2705 2706
v -2716.7411 888.5842 271.8400
v -2716.6607 888.7450 271.8400
v -2716.6643 888.7464 280.4987
f 2707 2708 2709
v -2716.3581 888.5932 271.8402
v -2716.3617 888.5946 280.4509
v -2716.6607 888.7450 271.8400
f 2710 2711 2712
v -2716.6607 888.7450 271.8400
v -2716.3617 888.5946 280.4509
v -2716.6643 888.7464 280.4987
f 2713 2714 2715
v -2716.3088 888.6970 271.8402
v -2716.3124 888.6984 280.4509
v -2716.3581 888.5932 271.8402
f 2716 2717 2718
v -2717.0058 889.0639 271.8398
v -2717.0095 889.0653 280.5605
v -2716.3124 888.6984 280.4509
f 2719 2720 2721
v -2717.0058 889.0639 271.8398
v -2716.3124 888.6984 280.4509
v -2716.3088 888.6970 271.8402
f 2722 2723 2724
v -2716.9917 889.0998 271.8398
v -2716.9954 889.1012 280.5615
v -2717.0095 889.0653 280.5605
f 2725 2726 2727
v -2717.0058 889.0639 271.8398
v -2716.9917 889.0998 271.8398
v -2717.0095 889.0653 280.5605
f 2728 2729 2730
v -2721.8797 891.1533 280.3492
v -2723.6799 887.3322 280.3489
v -2720.7449 885.9494 280.8464
f 2731 2732 2733
v -2719.6106 890.5323 280.7042
v -2721.8797 891.1533 280.3492
v -2720.7449 885.9494 280.8464
f 2734 2735 2736
v -2721.8797 891.1533 280.3492
v -2719.6106 890.5323 280.7042
v -2721.6494 891.6428 280.3492
f 2737 2738 2739
v -2718.7959 890.0861 280.8466
v -2719.6106 890.5323 280.7042
v -2720.7449 885.9494 280.8464
f 2740 2741 2742
v -2717.0095 889.0653 280.5605
v -2716.9954 889.1012 280.5615
v -2718.7959 890.0861 280.8466
f 2743 2744 2745
v -2716.3124 888.6984 280.4509
v -2717.0095 889.0653 280.5605
v -2716.6643 888.7464 280.4987
f 2746 2747 2748
v -2717.0095 889.0653 280.5605
v -2718.7959 890.0861 280.8466
v -2720.7449 885.9494 280.8464
f 2749 2750 2751
v -2716.6643 888.7464 280.4987
v -2717.0095 889.0653 280.5605
v -2716.7447 888.5857 280.4987
f 2752 2753 2754
v -2716.7447 888.5857 280.4987
v -2717.0095 889.0653 280.5605
v -2718.4507 884.8683 280.4925
f 2755 2756 2757
v -2716.6643 888.7464 280.4987
v -2716.3617 888.5946 280.4509
v -2716.3124 888.6984 280.4509
f 2758 2759 2760
v -2718.4507 884.8683 280.4925
v -2717.0095 889.0653 280.5605
v -2720.7449 885.9494 280.8464
f 2761 2762 2763
v -2718.3726 884.3147 271.8399
v -2718.3730 884.3148 272.7879
v -2719.1188 882.7306 271.8398
f 2764 2765 2766
v -2716.7411 888.5842 271.8400
v -2716.7447 888.5857 280.4987
v -2718.4507 884.8683 280.4925
f 2767 2768 2769
v -2718.4507 884.8683 280.4925
v -2718.4509 884.8683 280.9475
v -2718.6471 884.4418 280.9475
f 2770 2771 2772
v -2718.4507 884.8683 280.4925
v -2718.6471 884.4418 280.9475
v -2718.6433 884.4403 271.8398
f 2773 2774 2775
v -2718.4507 884.8683 280.4925
v -2718.6433 884.4403 271.8398
v -2716.7411 888.5842 271.8400
f 2776 2777 2778
v -2723.6799 887.3322 280.3489
v -2723.8799 886.9005 272.7832
v -2723.8821 886.9018 280.3489
f 2779 2780 2781
v -2721.8762 891.1519 271.8375
v -2723.8725 886.9163 271.8372
v -2723.8799 886.9005 272.7832
f 2782 2783 2784
v -2723.6802 887.3323 280.9449
v -2723.8821 886.9018 280.3489
v -2723.8833 886.9019 280.9449
f 2785 2786 2787
v -2723.8799 886.9005 272.7832
v -2721.8797 891.1533 280.3492
v -2721.8762 891.1519 271.8375
f 2788 2789 2790
v -2723.8821 886.9018 280.3489
v -2723.6802 887.3323 280.9449
v -2723.6799 887.3322 280.3489
f 2791 2792 2793
v -2721.6459 891.6413 271.8375
v -2721.8762 891.1519 271.8375
v -2721.8797 891.1533 280.3492
f 2794 2795 2796
v -2723.6799 887.3322 280.3489
v -2721.8797 891.1533 280.3492
v -2723.8799 886.9005 272.7832
f 2797 2798 2799
v -2726.2787 880.6631 272.7851
v -2726.2821 880.6644 280.9448
v -2724.5073 885.2683 272.7852
f 2800 2801 2802
v -2723.8821 886.9018 280.3489
v -2724.5073 885.2683 272.7852
v -2726.2821 880.6644 280.9448
f 2803 2804 2805
v -2724.5069 885.2680 271.8372
v -2724.5073 885.2683 272.7852
v -2723.8799 886.9005 272.7832
f 2806 2807 2808
v -2726.2821 880.6644 280.9448
v -2723.8833 886.9019 280.9449
v -2723.8821 886.9018 280.3489
f 2809 2810 2811
v -2724.5069 885.2680 271.8372
v -2723.8799 886.9005 272.7832
v -2723.8725 886.9163 271.8372
f 2812 2813 2814
v -2724.5073 885.2683 272.7852
v -2723.8821 886.9018 280.3489
v -2723.8799 886.9005 272.7832
f 2815 2816 2817
v -2719.6069 890.5309 271.8385
v -2719.6106 890.5323 280.7042
v -2718.7959 890.0861 280.8466
f 2818 2819 2820
v -2721.6494 891.6428 280.3492
v -2719.6106 890.5323 280.7042
v -2721.6459 891.6413 271.8375
f 2821 2822 2823
v -2719.6069 890.5309 271.8385
v -2721.6459 891.6413 271.8375
v -2719.6106 890.5323 280.7042
f 2824 2825 2826
v -2719.6069 890.5309 271.8385
v -2718.7959 890.0861 280.8466
v -2718.7921 890.0846 271.8389
f 2827 2828 2829
v -2718.7959 890.0861 280.8466
v -2716.9917 889.0998 271.8398
v -2718.7921 890.0846 271.8389
f 2830 2831 2832
v -2716.9954 889.1012 280.5615
v -2716.9917 889.0998 271.8398
v -2718.7959 890.0861 280.8466
f 2833 2834 2835
v -2718.3730 884.3148 272.7879
v -2718.6433 884.4403 271.8398
v -2718.6471 884.4418 280.9475
f 2836 2837 2838
v -2718.3730 884.3148 272.7879
v -2705.7993 878.4545 280.9538
v -2705.7959 878.4531 272.7941
f 2839 2840 2841
v -2718.6433 884.4403 271.8398
v -2718.3730 884.3148 272.7879
v -2718.3726 884.3147 271.8399
f 2842 2843 2844
v -2718.6471 884.4418 280.9475
v -2705.7993 878.4545 280.9538
v -2718.3730 884.3148 272.7879
f 2845 2846 2847
v -2721.6875 883.9405 271.8386
v -2719.1188 882.7306 271.8398
v -2719.1192 882.7308 272.7878
f 2848 2849 2850
v -2721.6879 883.9406 272.7866
v -2721.6875 883.9405 271.8386
v -2719.1192 882.7308 272.7878
f 2851 2852 2853
v -2721.6875 883.9405 271.8386
v -2721.6879 883.9406 272.7866
v -2724.5069 885.2680 271.8372
f 2854 2855 2856
v -2724.5073 885.2683 272.7852
v -2724.5069 885.2680 271.8372
v -2721.6879 883.9406 272.7866
f 2857 2858 2859
v -2717.6615 876.6640 272.7893
v -2726.2821 880.6644 280.9448
v -2726.2787 880.6631 272.7851
f 2860 2861 2862
v -2708.3937 872.5681 272.7938
v -2717.6649 876.6653 280.9490
v -2717.6615 876.6640 272.7893
f 2863 2864 2865
v -2705.7959 878.4531 272.7941
v -2708.3970 872.5695 280.9535
v -2708.3937 872.5681 272.7938
f 2866 2867 2868
v -2716.7447 888.5857 280.4987
v -2716.7411 888.5842 271.8400
v -2716.6643 888.7464 280.4987
f 2869 2870 2871
v -2716.3124 888.6984 280.4509
v -2716.3617 888.5946 280.4509
v -2716.3581 888.5932 271.8402
f 2872 2873 2874
v -2718.3730 884.3148 272.7879
v -2719.1192 882.7308 272.7878
v -2719.1188 882.7306 271.8398
f 2875 2876 2877
v -2721.6459 891.6413 271.8375
v -2721.8797 891.1533 280.3492
v -2721.6494 891.6428 280.3492
f 2878 2879 2880

g building_ID_634EBE2E-C747-4E4B-A9E6-D54616248DFB
v -2717.7495 854.3415 272.7783
v -2727.6892 858.1171 272.7735
v -2723.8179 868.3126 272.7738
f 2881 2882 2883
v -2716.0962 853.7141 272.7791
v -2717.7495 854.3415 272.7783
v -2712.5652 863.0105 272.7793
f 2884 2885 2886
v -2723.8179 868.3126 272.7738
v -2712.5652 863.0105 272.7793
v -2717.7495 854.3415 272.7783
f 2887 2888 2889
v -2718.2514 861.7542 282.0867
v -2720.4881 855.3821 281.0257
v -2718.0926 861.6939 282.0867
f 2890 2891 2892
v -2717.5435 863.6174 282.3997
v -2715.7255 862.9275 282.4006
v -2714.3389 866.5768 283.0147
f 2893 2894 2895
v -2718.2514 861.7542 282.0867
v -2717.5435 863.6174 282.3997
v -2726.7381 871.2861 283.0087
f 2896 2897 2898
v -2714.3389 866.5768 283.0147
v -2726.7381 871.2861 283.0087
v -2717.5435 863.6174 282.3997
f 2899 2900 2901
v -2720.4881 855.3821 281.0257
v -2718.2514 861.7542 282.0867
v -2731.2290 859.4610 281.0205
f 2902 2903 2904
v -2726.7381 871.2861 283.0087
v -2731.2290 859.4610 281.0205
v -2718.2514 861.7542 282.0867
f 2905 2906 2907
v -2712.5652 863.0105 272.7793
v -2712.5652 863.0105 272.7973
v -2714.2230 858.6440 272.7972
f 2908 2909 2910
v -2716.0962 853.7141 272.7791
v -2712.5652 863.0105 272.7793
v -2714.2230 858.6440 272.7972
f 2911 2912 2913
v -2716.0962 853.7141 272.7791
v -2714.2230 858.6440 272.8852
v -2716.0962 853.7141 272.8851
f 2914 2915 2916
v -2714.2230 858.6440 272.7972
v -2714.2230 858.6440 272.8852
v -2716.0962 853.7141 272.7791
f 2917 2918 2919
v -2729.4282 872.4836 278.9065
v -2729.4286 872.4838 280.1245
v -2726.6785 871.4384 280.1259
f 2920 2921 2922
v -2726.6785 871.4384 280.1259
v -2729.4286 872.4838 280.1245
v -2731.2286 859.4618 280.1255
f 2923 2924 2925
v -2734.0277 860.5253 280.1242
v -2731.2286 859.4618 280.1255
v -2729.4286 872.4838 280.1245
f 2926 2927 2928
v -2723.8179 868.3126 272.7438
v -2723.8179 868.3126 272.7738
v -2727.6892 858.1181 272.7435
f 2929 2930 2931
v -2723.8179 868.3126 272.7738
v -2727.6892 858.1171 272.7735
v -2727.6892 858.1181 272.7605
f 2932 2933 2934
v -2727.6892 858.1181 272.7605
v -2736.2592 854.7143 272.7573
v -2734.0247 860.5241 272.7575
f 2935 2936 2937
v -2726.7739 851.1488 272.7619
v -2736.2592 854.7143 272.7573
v -2727.6892 858.1181 272.7605
f 2938 2939 2940
v -2726.7739 851.1488 272.7619
v -2726.7860 851.1178 272.7619
v -2736.2592 854.7143 272.7573
f 2941 2942 2943
v -2726.7739 851.1488 272.7619
v -2727.6892 858.1181 272.7605
v -2719.9591 848.5265 272.7651
f 2944 2945 2946
v -2717.7495 854.3425 272.7653
v -2719.9591 848.5265 272.7651
v -2727.6892 858.1181 272.7605
f 2947 2948 2949
v -2722.6637 849.6518 279.3715
v -2726.7766 851.1499 279.3616
v -2719.9295 848.6135 279.3718
f 2950 2951 2952
v -2726.7766 851.1499 279.3616
v -2722.6637 849.6518 279.3715
v -2720.4877 855.3820 280.1307
f 2953 2954 2955
v -2731.2286 859.4618 280.1255
v -2726.7766 851.1499 279.3616
v -2720.4877 855.3820 280.1307
f 2956 2957 2958
v -2719.9295 848.6135 279.3718
v -2726.7766 851.1499 279.3616
v -2719.9618 848.5276 279.3608
f 2959 2960 2961
v -2731.2286 859.4618 280.1255
v -2736.2620 854.7152 279.3530
v -2726.7766 851.1499 279.3616
f 2962 2963 2964
v -2731.2286 859.4618 280.1255
v -2734.0277 860.5253 280.1242
v -2736.2620 854.7152 279.3530
f 2965 2966 2967
v -2726.7766 851.1499 279.3616
v -2736.2620 854.7152 279.3530
v -2726.7888 851.1188 279.3576
f 2968 2969 2970
v -2736.2620 854.7152 279.3530
v -2736.2592 854.7143 272.7573
v -2726.7888 851.1188 279.3576
f 2971 2972 2973
v -2726.7888 851.1188 279.3576
v -2736.2592 854.7143 272.7573
v -2726.7860 851.1178 272.7619
f 2974 2975 2976
v -2726.7739 851.1488 272.7619
v -2726.7766 851.1499 279.3616
v -2726.7888 851.1188 279.3576
f 2977 2978 2979
v -2726.7739 851.1488 272.7619
v -2726.7888 851.1188 279.3576
v -2726.7860 851.1178 272.7619
f 2980 2981 2982
v -2719.9591 848.5265 272.7651
v -2719.9618 848.5276 279.3608
v -2726.7766 851.1499 279.3616
f 2983 2984 2985
v -2719.9591 848.5265 272.7651
v -2726.7766 851.1499 279.3616
v -2726.7739 851.1488 272.7619
f 2986 2987 2988
v -2719.9269 848.6124 272.8841
v -2717.7495 854.3415 272.7783
v -2717.7496 854.3425 272.8843
f 2989 2990 2991
v -2717.7495 854.3415 272.7783
v -2719.9269 848.6124 272.8841
v -2717.7495 854.3425 272.7653
f 2992 2993 2994
v -2719.9591 848.5265 272.7651
v -2719.9295 848.6135 279.3718
v -2719.9618 848.5276 279.3608
f 2995 2996 2997
v -2719.9269 848.6124 272.8841
v -2719.9295 848.6135 279.3718
v -2719.9591 848.5265 272.7651
f 2998 2999 3000
v -2717.7495 854.3425 272.7653
v -2719.9269 848.6124 272.8841
v -2719.9591 848.5265 272.7651
f 3001 3002 3003
v -2727.6892 858.1181 272.7435
v -2727.6892 858.1181 272.7605
v -2734.0247 860.5241 272.7575
f 3004 3005 3006
v -2720.4877 855.3820 280.1307
v -2720.4881 855.3821 281.0257
v -2731.2286 859.4618 280.1255
f 3007 3008 3009
v -2727.6892 858.1181 272.7605
v -2727.6892 858.1171 272.7735
v -2717.7495 854.3425 272.7653
f 3010 3011 3012
v -2708.0097 872.1841 272.7480
v -2708.0097 872.1841 272.7980
v -2712.3745 862.9210 272.7974
f 3013 3014 3015
v -2726.7381 871.2861 283.0087
v -2714.2804 866.7306 282.6317
v -2726.4351 872.0830 281.0209
f 3016 3017 3018
v -2714.3389 866.5768 283.0147
v -2714.2804 866.7306 282.6317
v -2726.7381 871.2861 283.0087
f 3019 3020 3021
v -2713.9471 867.3404 281.0268
v -2714.2804 866.7306 282.6317
v -2714.1924 866.6974 282.6317
f 3022 3023 3024
v -2726.4351 872.0830 281.0209
v -2714.2804 866.7306 282.6317
v -2713.9471 867.3404 281.0268
f 3025 3026 3027
v -2726.4343 872.0826 278.9079
v -2726.4351 872.0830 281.0209
v -2713.9471 867.3404 281.0268
f 3028 3029 3030
v -2711.4928 873.8004 278.9141
v -2726.4343 872.0826 278.9079
v -2713.9462 867.3401 278.9139
f 3031 3032 3033
v -2729.4282 872.4836 278.9065
v -2726.4343 872.0826 278.9079
v -2726.2812 880.6651 278.9069
f 3034 3035 3036
v -2711.4928 873.8004 278.9141
v -2726.2812 880.6651 278.9069
v -2726.4343 872.0826 278.9079
f 3037 3038 3039
v -2726.6780 871.4392 278.9079
v -2726.4343 872.0826 278.9079
v -2729.4282 872.4836 278.9065
f 3040 3041 3042
v -2712.5652 863.0105 272.7793
v -2712.3745 862.9210 272.7474
v -2712.3745 862.9210 272.7974
f 3043 3044 3045
v -2712.5652 863.0105 272.7973
v -2712.5652 863.0105 272.7793
v -2712.3745 862.9210 272.7974
f 3046 3047 3048
v -2723.8179 868.3126 272.7438
v -2712.5652 863.0105 272.7793
v -2723.8179 868.3126 272.7738
f 3049 3050 3051
v -2712.3745 862.9210 272.7474
v -2712.5652 863.0105 272.7793
v -2723.8179 868.3126 272.7438
f 3052 3053 3054
v -2705.1093 870.8376 287.0939
v -2711.4962 873.8018 287.0908
v -2711.3562 865.6205 287.0919
f 3055 3056 3057
v -2714.1943 866.6981 287.0905
v -2711.3562 865.6205 287.0919
v -2711.4962 873.8018 287.0908
f 3058 3059 3060
v -2709.0733 860.4014 287.0935
v -2705.1093 870.8376 287.0939
v -2711.3562 865.6205 287.0919
f 3061 3062 3063
v -2711.3562 865.6205 287.0919
v -2712.8004 861.8164 287.0918
v -2709.0733 860.4014 287.0935
f 3064 3065 3066
v -2717.5480 863.6191 293.0543
v -2714.2211 860.2242 293.0562
v -2713.5131 862.0873 293.0562
f 3067 3068 3069
v -2714.2211 860.2242 293.0562
v -2717.5480 863.6191 293.0543
v -2718.2560 861.7560 293.0543
f 3070 3071 3072
v -2713.5121 862.0868 290.5713
v -2713.5131 862.0873 293.0562
v -2714.2211 860.2242 293.0562
f 3073 3074 3075
v -2711.3562 865.6205 287.0919
v -2711.3576 865.6210 290.5718
v -2712.8019 861.8170 290.5717
f 3076 3077 3078
v -2712.8004 861.8164 287.0918
v -2712.8019 861.8170 290.5717
v -2709.0757 860.4020 290.5734
f 3079 3080 3081
v -2716.0962 853.7141 272.7791
v -2716.0962 853.7141 272.8851
v -2717.7496 854.3425 272.8843
f 3082 3083 3084
v -2712.3745 862.9210 272.7974
v -2710.3000 857.1535 272.7991
v -2714.2230 858.6440 272.7972
f 3085 3086 3087
v -2712.5652 863.0105 272.7973
v -2712.3745 862.9210 272.7974
v -2714.2230 858.6440 272.7972
f 3088 3089 3090
v -2705.1034 870.8353 272.7994
v -2710.3000 857.1535 272.7991
v -2712.3745 862.9210 272.7974
f 3091 3092 3093
v -2712.3745 862.9210 272.7974
v -2708.0097 872.1841 272.7980
v -2705.1034 870.8353 272.7994
f 3094 3095 3096
v -2713.9471 867.3404 281.0268
v -2714.1924 866.6974 282.6317
v -2711.4962 873.8018 287.0908
f 3097 3098 3099
v -2714.1943 866.6981 287.0905
v -2711.4962 873.8018 287.0908
v -2714.1924 866.6974 282.6317
f 3100 3101 3102
v -2713.9462 867.3401 278.9139
v -2713.9471 867.3404 281.0268
v -2711.4928 873.8004 278.9141
f 3103 3104 3105
v -2711.4962 873.8018 287.0908
v -2711.4928 873.8004 278.9141
v -2713.9471 867.3404 281.0268
f 3106 3107 3108
v -2710.3000 857.1535 272.7991
v -2710.3001 857.1535 272.8871
v -2714.2230 858.6440 272.7972
f 3109 3110 3111
v -2718.2514 861.7542 282.0867
v -2718.2560 861.7560 293.0543
v -2717.5435 863.6174 282.3997
f 3112 3113 3114
v -2714.2211 860.2242 293.0562
v -2718.0961 861.6951 290.5694
v -2714.2201 860.2238 290.5713
f 3115 3116 3117
v -2718.2514 861.7542 282.0867
v -2718.0961 861.6951 290.5694
v -2718.2560 861.7560 293.0543
f 3118 3119 3120
v -2714.2211 860.2242 293.0562
v -2718.2560 861.7560 293.0543
v -2718.0961 861.6951 290.5694
f 3121 3122 3123
v -2718.0926 861.6939 282.0867
v -2718.0961 861.6951 290.5694
v -2718.2514 861.7542 282.0867
f 3124 3125 3126
v -2714.3389 866.5768 283.0147
v -2715.7255 862.9275 282.4006
v -2715.7288 862.9288 290.5703
f 3127 3128 3129
v -2714.2804 866.7306 282.6317
v -2714.3389 866.5768 283.0147
v -2714.2836 866.7319 290.5704
f 3130 3131 3132
v -2715.7288 862.9288 290.5703
v -2714.2836 866.7319 290.5704
v -2714.3389 866.5768 283.0147
f 3133 3134 3135
v -2719.9269 848.6124 272.8841
v -2714.3486 846.4935 272.8868
v -2719.9295 848.6135 279.3718
f 3136 3137 3138
v -2714.3559 846.4963 290.5731
v -2719.9295 848.6135 279.3718
v -2714.3486 846.4935 272.8868
f 3139 3140 3141
v -2722.6637 849.6518 279.3715
v -2719.9295 848.6135 279.3718
v -2722.6684 849.6535 290.5691
f 3142 3143 3144
v -2714.3559 846.4963 290.5731
v -2722.6684 849.6535 290.5691
v -2719.9295 848.6135 279.3718
f 3145 3146 3147
v -2715.7255 862.9275 282.4006
v -2717.5435 863.6174 282.3997
v -2715.7288 862.9288 290.5703
f 3148 3149 3150
v -2717.5480 863.6191 293.0543
v -2715.7288 862.9288 290.5703
v -2717.5435 863.6174 282.3997
f 3151 3152 3153
v -2713.5121 862.0868 290.5713
v -2715.7288 862.9288 290.5703
v -2713.5131 862.0873 293.0562
f 3154 3155 3156
v -2717.5480 863.6191 293.0543
v -2713.5131 862.0873 293.0562
v -2715.7288 862.9288 290.5703
f 3157 3158 3159
v -2714.2804 866.7306 282.6317
v -2714.2836 866.7319 290.5704
v -2714.1943 866.6981 287.0905
f 3160 3161 3162
v -2711.3576 865.6210 290.5718
v -2714.1943 866.6981 287.0905
v -2714.2836 866.7319 290.5704
f 3163 3164 3165
v -2714.1924 866.6974 282.6317
v -2714.2804 866.7306 282.6317
v -2714.1943 866.6981 287.0905
f 3166 3167 3168
v -2711.3576 865.6210 290.5718
v -2711.3562 865.6205 287.0919
v -2714.1943 866.6981 287.0905
f 3169 3170 3171
v -2710.3001 857.1535 272.8871
v -2716.0962 853.7141 272.8851
v -2714.2230 858.6440 272.8852
f 3172 3173 3174
v -2719.9269 848.6124 272.8841
v -2716.0962 853.7141 272.8851
v -2714.3486 846.4935 272.8868
f 3175 3176 3177
v -2710.3001 857.1535 272.8871
v -2714.3486 846.4935 272.8868
v -2716.0962 853.7141 272.8851
f 3178 3179 3180
v -2717.7496 854.3425 272.8843
v -2716.0962 853.7141 272.8851
v -2719.9269 848.6124 272.8841
f 3181 3182 3183
v -2722.6637 849.6518 279.3715
v -2722.6684 849.6535 290.5691
v -2720.4881 855.3821 281.0257
f 3184 3185 3186
v -2718.0961 861.6951 290.5694
v -2720.4881 855.3821 281.0257
v -2722.6684 849.6535 290.5691
f 3187 3188 3189
v -2720.4877 855.3820 280.1307
v -2722.6637 849.6518 279.3715
v -2720.4881 855.3821 281.0257
f 3190 3191 3192
v -2718.0961 861.6951 290.5694
v -2718.0926 861.6939 282.0867
v -2720.4881 855.3821 281.0257
f 3193 3194 3195
v -2726.4351 872.0830 281.0209
v -2726.6785 871.4384 280.1259
v -2731.2286 859.4618 280.1255
f 3196 3197 3198
v -2726.7381 871.2861 283.0087
v -2731.2286 859.4618 280.1255
v -2731.2290 859.4610 281.0205
f 3199 3200 3201
v -2726.6780 871.4392 278.9079
v -2726.6785 871.4384 280.1259
v -2726.4343 872.0826 278.9079
f 3202 3203 3204
v -2726.4351 872.0830 281.0209
v -2726.4343 872.0826 278.9079
v -2726.6785 871.4384 280.1259
f 3205 3206 3207
v -2726.7381 871.2861 283.0087
v -2726.4351 872.0830 281.0209
v -2731.2286 859.4618 280.1255
f 3208 3209 3210
v -2727.6892 858.1181 272.7435
v -2734.0246 860.5241 272.7405
v -2723.8179 868.3126 272.7438
f 3211 3212 3213
v -2729.4256 872.4826 272.7408
v -2723.8179 868.3126 272.7438
v -2734.0246 860.5241 272.7405
f 3214 3215 3216
v -2712.3745 862.9210 272.7474
v -2723.8179 868.3126 272.7438
v -2708.0097 872.1841 272.7480
f 3217 3218 3219
v -2729.4256 872.4826 272.7408
v -2726.2787 880.6640 272.7391
v -2723.8179 868.3126 272.7438
f 3220 3221 3222
v -2726.2787 880.6640 272.7391
v -2708.0097 872.1841 272.7480
v -2723.8179 868.3126 272.7438
f 3223 3224 3225
v -2708.0097 872.1841 272.7980
v -2726.2787 880.6640 272.7391
v -2711.4928 873.8004 278.9141
f 3226 3227 3228
v -2726.2812 880.6651 278.9069
v -2711.4928 873.8004 278.9141
v -2726.2787 880.6640 272.7391
f 3229 3230 3231
v -2711.4928 873.8004 278.9141
v -2711.4962 873.8018 287.0908
v -2705.1093 870.8376 287.0939
f 3232 3233 3234
v -2708.0097 872.1841 272.7980
v -2711.4928 873.8004 278.9141
v -2705.1034 870.8353 272.7994
f 3235 3236 3237
v -2705.1093 870.8376 287.0939
v -2705.1034 870.8353 272.7994
v -2711.4928 873.8004 278.9141
f 3238 3239 3240
v -2726.2787 880.6640 272.7391
v -2708.0097 872.1841 272.7980
v -2708.0097 872.1841 272.7480
f 3241 3242 3243
v -2710.3001 857.1535 272.8871
v -2705.1034 870.8353 272.7994
v -2709.0733 860.4014 287.0935
f 3244 3245 3246
v -2705.1093 870.8376 287.0939
v -2709.0733 860.4014 287.0935
v -2705.1034 870.8353 272.7994
f 3247 3248 3249
v -2709.0733 860.4014 287.0935
v -2709.0757 860.4020 290.5734
v -2714.3559 846.4963 290.5731
f 3250 3251 3252
v -2714.3486 846.4935 272.8868
v -2710.3001 857.1535 272.8871
v -2714.3559 846.4963 290.5731
f 3253 3254 3255
v -2709.0733 860.4014 287.0935
v -2714.3559 846.4963 290.5731
v -2710.3001 857.1535 272.8871
f 3256 3257 3258
v -2705.1034 870.8353 272.7994
v -2710.3001 857.1535 272.8871
v -2710.3000 857.1535 272.7991
f 3259 3260 3261
v -2714.2201 860.2238 290.5713
v -2714.3559 846.4963 290.5731
v -2709.0757 860.4020 290.5734
f 3262 3263 3264
v -2718.0961 861.6951 290.5694
v -2722.6684 849.6535 290.5691
v -2714.2201 860.2238 290.5713
f 3265 3266 3267
v -2714.3559 846.4963 290.5731
v -2714.2201 860.2238 290.5713
v -2722.6684 849.6535 290.5691
f 3268 3269 3270
v -2712.8019 861.8170 290.5717
v -2714.2201 860.2238 290.5713
v -2709.0757 860.4020 290.5734
f 3271 3272 3273
v -2713.5121 862.0868 290.5713
v -2712.8019 861.8170 290.5717
v -2711.3576 865.6210 290.5718
f 3274 3275 3276
v -2715.7288 862.9288 290.5703
v -2713.5121 862.0868 290.5713
v -2714.2836 866.7319 290.5704
f 3277 3278 3279
v -2711.3576 865.6210 290.5718
v -2714.2836 866.7319 290.5704
v -2713.5121 862.0868 290.5713
f 3280 3281 3282
v -2712.8019 861.8170 290.5717
v -2713.5121 862.0868 290.5713
v -2714.2201 860.2238 290.5713
f 3283 3284 3285
v -2736.2592 854.7143 272.7573
v -2734.0277 860.5253 280.1242
v -2734.0247 860.5241 272.7575
f 3286 3287 3288
v -2729.4256 872.4826 272.7408
v -2734.0246 860.5241 272.7405
v -2734.0247 860.5241 272.7575
f 3289 3290 3291
v -2734.0277 860.5253 280.1242
v -2736.2592 854.7143 272.7573
v -2736.2620 854.7152 279.3530
f 3292 3293 3294
v -2729.4282 872.4836 278.9065
v -2734.0277 860.5253 280.1242
v -2729.4286 872.4838 280.1245
f 3295 3296 3297
v -2734.0247 860.5241 272.7575
v -2729.4282 872.4836 278.9065
v -2729.4256 872.4826 272.7408
f 3298 3299 3300
v -2729.4256 872.4826 272.7408
v -2726.2812 880.6651 278.9069
v -2726.2787 880.6640 272.7391
f 3301 3302 3303
v -2729.4256 872.4826 272.7408
v -2729.4282 872.4836 278.9065
v -2726.2812 880.6651 278.9069
f 3304 3305 3306
v -2734.0277 860.5253 280.1242
v -2729.4282 872.4836 278.9065
v -2734.0247 860.5241 272.7575
f 3307 3308 3309
v -2729.4282 872.4836 278.9065
v -2726.6785 871.4384 280.1259
v -2726.6780 871.4392 278.9079
f 3310 3311 3312
v -2723.8179 868.3126 272.7738
v -2727.6892 858.1181 272.7605
v -2727.6892 858.1181 272.7435
f 3313 3314 3315
v -2727.6892 858.1181 272.7435
v -2734.0247 860.5241 272.7575
v -2734.0246 860.5241 272.7405
f 3316 3317 3318
v -2720.4881 855.3821 281.0257
v -2731.2290 859.4610 281.0205
v -2731.2286 859.4618 280.1255
f 3319 3320 3321
v -2727.6892 858.1171 272.7735
v -2717.7495 854.3415 272.7783
v -2717.7495 854.3425 272.7653
f 3322 3323 3324
v -2708.0097 872.1841 272.7480
v -2712.3745 862.9210 272.7974
v -2712.3745 862.9210 272.7474
f 3325 3326 3327
v -2726.4343 872.0826 278.9079
v -2713.9471 867.3404 281.0268
v -2713.9462 867.3401 278.9139
f 3328 3329 3330
v -2713.5121 862.0868 290.5713
v -2714.2211 860.2242 293.0562
v -2714.2201 860.2238 290.5713
f 3331 3332 3333
v -2711.3562 865.6205 287.0919
v -2712.8019 861.8170 290.5717
v -2712.8004 861.8164 287.0918
f 3334 3335 3336
v -2712.8004 861.8164 287.0918
v -2709.0757 860.4020 290.5734
v -2709.0733 860.4014 287.0935
f 3337 3338 3339
v -2716.0962 853.7141 272.7791
v -2717.7496 854.3425 272.8843
v -2717.7495 854.3415 272.7783
f 3340 3341 3342
v -2710.3001 857.1535 272.8871
v -2714.2230 858.6440 272.8852
v -2714.2230 858.6440 272.7972
f 3343 3344 3345
v -2718.2560 861.7560 293.0543
v -2717.5480 863.6191 293.0543
v -2717.5435 863.6174 282.3997
f 3346 3347 3348

g building_ID_0DC129C9-04D7-4585-82D8-E8575D7423B0
v -2693.6094 864.9076 272.7521
v -2683.3761 883.3228 272.7538
v -2677.0136 871.6608 272.7581
f 3349 3350 3351
v -2655.9985 868.0675 272.7674
v -2677.0136 871.6608 272.7581
v -2683.3761 883.3228 272.7538
f 3352 3353 3354
v -2693.6094 864.9076 272.7521
v -2687.0930 853.5713 272.7563
v -2704.0172 846.3267 272.7502
f 3355 3356 3357
v -2704.0172 846.3267 272.7502
v -2687.0930 853.5713 272.7563
v -2704.2994 845.8685 272.7501
f 3358 3359 3360
v -2677.0136 871.6608 272.7581
v -2687.0930 853.5713 272.7563
v -2693.6094 864.9076 272.7521
f 3361 3362 3363
v -2660.2871 860.3742 272.7666
v -2665.7934 865.4078 272.7637
v -2655.9985 868.0675 272.7674
f 3364 3365 3366
v -2677.0136 871.6608 272.7581
v -2655.9985 868.0675 272.7674
v -2665.7934 865.4078 272.7637
f 3367 3368 3369
v -2675.8729 847.3191 272.7619
v -2665.7934 865.4078 272.7637
v -2660.2871 860.3742 272.7666
f 3370 3371 3372
v -2679.5268 836.5362 272.7618
v -2687.0930 853.5713 272.7563
v -2675.8729 847.3191 272.7619
f 3373 3374 3375
v -2660.2871 860.3742 272.7666
v -2679.5268 836.5362 272.7618
v -2675.8729 847.3191 272.7619
f 3376 3377 3378
v -2704.2994 845.8685 272.7501
v -2687.0930 853.5713 272.7563
v -2679.5268 836.5362 272.7618
f 3379 3380 3381
v -2656.0066 868.0707 292.9597
v -2683.3844 883.3261 292.9461
v -2677.0218 871.6642 292.9504
f 3382 3383 3384
v -2693.6177 864.9108 292.9443
v -2677.0218 871.6642 292.9504
v -2683.3844 883.3261 292.9461
f 3385 3386 3387
v -2660.2953 860.3773 292.9589
v -2656.0066 868.0707 292.9597
v -2665.8016 865.4111 292.9560
f 3388 3389 3390
v -2677.0218 871.6642 292.9504
v -2665.8016 865.4111 292.9560
v -2656.0066 868.0707 292.9597
f 3391 3392 3393
v -2665.8016 865.4111 292.9560
v -2675.8812 847.3224 292.9541
v -2660.2953 860.3773 292.9589
f 3394 3395 3396
v -2687.1012 853.5744 292.9485
v -2704.0255 846.3300 292.9424
v -2704.3077 845.8717 292.9423
f 3397 3398 3399
v -2687.1012 853.5744 292.9485
v -2693.6177 864.9108 292.9443
v -2704.0255 846.3300 292.9424
f 3400 3401 3402
v -2675.8812 847.3224 292.9541
v -2687.1012 853.5744 292.9485
v -2679.5351 836.5393 292.9540
f 3403 3404 3405
v -2704.3077 845.8717 292.9423
v -2679.5351 836.5393 292.9540
v -2687.1012 853.5744 292.9485
f 3406 3407 3408
v -2660.2953 860.3773 292.9589
v -2675.8812 847.3224 292.9541
v -2679.5351 836.5393 292.9540
f 3409 3410 3411
v -2693.6177 864.9108 292.9443
v -2687.1012 853.5744 292.9485
v -2677.0218 871.6642 292.9504
f 3412 3413 3414
v -2693.6094 864.9076 272.7521
v -2693.6177 864.9108 292.9443
v -2683.3844 883.3261 292.9461
f 3415 3416 3417
v -2693.6094 864.9076 272.7521
v -2704.0172 846.3267 272.7502
v -2704.0255 846.3300 292.9424
f 3418 3419 3420
v -2693.6177 864.9108 292.9443
v -2693.6094 864.9076 272.7521
v -2704.0255 846.3300 292.9424
f 3421 3422 3423
v -2679.5268 836.5362 272.7618
v -2679.5351 836.5393 292.9540
v -2679.7908 836.6354 283.0493
f 3424 3425 3426
v -2704.3077 845.8717 292.9423
v -2679.7908 836.6354 283.0493
v -2679.5351 836.5393 292.9540
f 3427 3428 3429
v -2704.2994 845.8685 272.7501
v -2679.5268 836.5362 272.7618
v -2679.7866 836.6338 273.0027
f 3430 3431 3432
v -2679.7908 836.6354 283.0493
v -2679.7866 836.6338 273.0027
v -2679.5268 836.5362 272.7618
f 3433 3434 3435
v -2679.7908 836.6354 283.0493
v -2704.3077 845.8717 292.9423
v -2704.3037 845.8701 283.0387
f 3436 3437 3438
v -2660.2871 860.3742 272.7666
v -2660.2873 860.3742 273.2636
v -2661.1682 859.2825 273.1754
f 3439 3440 3441
v -2661.1682 859.2825 273.2634
v -2661.1682 859.2825 273.1754
v -2660.2873 860.3742 273.2636
f 3442 3443 3444
v -2672.6622 845.0406 273.1725
v -2660.2871 860.3742 272.7666
v -2661.1682 859.2825 273.1754
f 3445 3446 3447
v -2661.7117 858.6207 289.7277
v -2660.2939 860.3769 289.7280
v -2660.2953 860.3773 292.9589
f 3448 3449 3450
v -2672.6670 845.0425 284.7791
v -2661.7096 858.6199 284.7819
v -2661.7117 858.6207 289.7277
f 3451 3452 3453
v -2660.2953 860.3773 292.9589
v -2679.5351 836.5393 292.9540
v -2661.7117 858.6207 289.7277
f 3454 3455 3456
v -2679.5351 836.5393 292.9540
v -2672.6670 845.0425 284.7791
v -2661.7117 858.6207 289.7277
f 3457 3458 3459
v -2679.5268 836.5362 272.7618
v -2672.6622 845.0406 273.1725
v -2672.6670 845.0425 284.7791
f 3460 3461 3462
v -2679.5351 836.5393 292.9540
v -2679.5268 836.5362 272.7618
v -2672.6670 845.0425 284.7791
f 3463 3464 3465
v -2660.2871 860.3742 272.7666
v -2672.6622 845.0406 273.1725
v -2679.5268 836.5362 272.7618
f 3466 3467 3468
v -2656.0054 868.0703 289.7288
v -2656.0066 868.0707 292.9597
v -2660.2953 860.3773 292.9589
f 3469 3470 3471
v -2683.3761 883.3228 272.7538
v -2683.3844 883.3261 292.9461
v -2661.3063 871.0234 289.7262
f 3472 3473 3474
v -2656.0066 868.0707 292.9597
v -2661.3063 871.0234 289.7262
v -2683.3844 883.3261 292.9461
f 3475 3476 3477
v -2655.9985 868.0675 272.7674
v -2683.3761 883.3228 272.7538
v -2661.2997 871.0208 273.2618
f 3478 3479 3480
v -2661.3063 871.0234 289.7262
v -2661.2997 871.0208 273.2618
v -2683.3761 883.3228 272.7538
f 3481 3482 3483
v -2661.3063 871.0234 289.7262
v -2656.0066 868.0707 292.9597
v -2656.0054 868.0703 289.7288
f 3484 3485 3486
v -2661.2997 871.0208 273.2618
v -2655.9987 868.0676 273.2644
v -2655.9985 868.0675 272.7674
f 3487 3488 3489
v -2677.0204 871.6636 289.7105
v -2677.0218 871.6642 292.9504
v -2687.1012 853.5744 292.9485
f 3490 3491 3492
v -2665.7934 865.4078 272.7637
v -2665.7935 865.4079 272.9847
v -2677.0137 871.6609 272.9791
f 3493 3494 3495
v -2675.8798 847.3218 289.7143
v -2675.8812 847.3224 292.9541
v -2665.8016 865.4111 292.9560
f 3496 3497 3498
v -2687.0999 853.5739 289.7087
v -2687.1012 853.5744 292.9485
v -2675.8812 847.3224 292.9541
f 3499 3500 3501
v -2679.7622 836.4288 273.0027
v -2679.7663 836.4303 283.0523
v -2704.3037 845.8701 283.0387
f 3502 3503 3504
v -2704.3037 845.8701 283.0387
v -2704.3077 845.8717 292.9423
v -2704.0255 846.3300 292.9424
f 3505 3506 3507
v -2704.2994 845.8685 272.7501
v -2704.2995 845.8686 272.9911
v -2704.0172 846.3267 272.7502
f 3508 3509 3510
v -2704.2995 845.8686 272.9911
v -2704.3037 845.8701 283.0387
v -2704.0255 846.3300 292.9424
f 3511 3512 3513
v -2679.7866 836.6338 273.0027
v -2679.7622 836.4288 273.0027
v -2704.2995 845.8686 272.9911
f 3514 3515 3516
v -2679.7908 836.6354 283.0493
v -2704.3037 845.8701 283.0387
v -2679.7663 836.4303 283.0523
f 3517 3518 3519
v -2679.7866 836.6338 273.0027
v -2679.7908 836.6354 283.0493
v -2679.7622 836.4288 273.0027
f 3520 3521 3522
v -2660.9715 871.0769 273.2619
v -2660.9782 871.0796 289.7263
v -2655.7281 868.1415 289.7289
f 3523 3524 3525
v -2660.8430 858.9868 273.2636
v -2660.8497 858.9893 289.7280
v -2660.8142 858.7733 289.7280
f 3526 3527 3528
v -2655.7215 868.1388 273.2645
v -2655.7281 868.1415 289.7289
v -2660.8497 858.9893 289.7280
f 3529 3530 3531
v -2655.9985 868.0675 272.7674
v -2655.9987 868.0676 273.2644
v -2660.2873 860.3742 273.2636
f 3532 3533 3534
v -2660.8430 858.9868 273.2636
v -2661.0687 858.7263 273.2635
v -2661.1682 859.2825 273.2634
f 3535 3536 3537
v -2655.7215 868.1388 273.2645
v -2660.8430 858.9868 273.2636
v -2660.2873 860.3742 273.2636
f 3538 3539 3540
v -2661.0687 858.7263 273.2635
v -2660.8430 858.9868 273.2636
v -2660.8076 858.7706 273.2636
f 3541 3542 3543
v -2660.8430 858.9868 273.2636
v -2661.1682 859.2825 273.2634
v -2660.2873 860.3742 273.2636
f 3544 3545 3546
v -2655.7215 868.1388 273.2645
v -2655.9987 868.0676 273.2644
v -2660.9715 871.0769 273.2619
f 3547 3548 3549
v -2661.2997 871.0208 273.2618
v -2660.9715 871.0769 273.2619
v -2655.9987 868.0676 273.2644
f 3550 3551 3552
v -2660.2873 860.3742 273.2636
v -2655.9987 868.0676 273.2644
v -2655.7215 868.1388 273.2645
f 3553 3554 3555
v -2656.0054 868.0703 289.7288
v -2660.9782 871.0796 289.7263
v -2661.3063 871.0234 289.7262
f 3556 3557 3558
v -2660.2939 860.3769 289.7280
v -2655.7281 868.1415 289.7289
v -2656.0054 868.0703 289.7288
f 3559 3560 3561
v -2660.9782 871.0796 289.7263
v -2656.0054 868.0703 289.7288
v -2655.7281 868.1415 289.7289
f 3562 3563 3564
v -2660.8497 858.9893 289.7280
v -2661.7117 858.6207 289.7277
v -2660.8142 858.7733 289.7280
f 3565 3566 3567
v -2661.7117 858.6207 289.7277
v -2660.8497 858.9893 289.7280
v -2660.2939 860.3769 289.7280
f 3568 3569 3570
v -2660.8497 858.9893 289.7280
v -2655.7281 868.1415 289.7289
v -2660.2939 860.3769 289.7280
f 3571 3572 3573
v -2661.2997 871.0208 273.2618
v -2661.3063 871.0234 289.7262
v -2660.9782 871.0796 289.7263
f 3574 3575 3576
v -2661.0687 858.7263 273.2635
v -2660.8076 858.7706 273.2636
v -2661.0734 858.7281 284.7821
f 3577 3578 3579
v -2660.8142 858.7733 289.7280
v -2661.0734 858.7281 284.7821
v -2660.8076 858.7706 273.2636
f 3580 3581 3582
v -2661.7096 858.6199 284.7819
v -2661.0734 858.7281 284.7821
v -2661.7117 858.6207 289.7277
f 3583 3584 3585
v -2672.5371 844.6993 273.1726
v -2672.5419 844.7011 284.7792
v -2672.5951 844.6363 284.7792
f 3586 3587 3588
v -2672.4832 844.3392 273.1727
v -2672.4879 844.3410 284.7793
v -2672.5419 844.7011 284.7792
f 3589 3590 3591
v -2677.0136 871.6608 272.7581
v -2677.0137 871.6609 272.9791
v -2687.0931 853.5713 272.9773
f 3592 3593 3594
v -2665.8004 865.4106 289.7161
v -2665.8016 865.4111 292.9560
v -2677.0218 871.6642 292.9504
f 3595 3596 3597
v -2675.8729 847.3191 272.7619
v -2675.8730 847.3191 272.9829
v -2665.7935 865.4079 272.9847
f 3598 3599 3600
v -2687.0930 853.5713 272.7563
v -2687.0931 853.5713 272.9773
v -2675.8730 847.3191 272.9829
f 3601 3602 3603
v -2687.0931 853.5713 272.9773
v -2677.0137 871.6609 272.9791
v -2665.7935 865.4079 272.9847
f 3604 3605 3606
v -2665.7935 865.4079 272.9847
v -2675.8730 847.3191 272.9829
v -2687.0931 853.5713 272.9773
f 3607 3608 3609
v -2665.8004 865.4106 289.7161
v -2687.0999 853.5739 289.7087
v -2675.8798 847.3218 289.7143
f 3610 3611 3612
v -2687.0999 853.5739 289.7087
v -2665.8004 865.4106 289.7161
v -2677.0204 871.6636 289.7105
f 3613 3614 3615
v -2661.0687 858.7263 273.2635
v -2661.1682 859.2825 273.1754
v -2661.1682 859.2825 273.2634
f 3616 3617 3618
v -2661.0086 858.3862 273.1756
v -2661.0687 858.7263 273.2635
v -2661.0133 858.3880 284.7822
f 3619 3620 3621
v -2661.0734 858.7281 284.7821
v -2661.0133 858.3880 284.7822
v -2661.0687 858.7263 273.2635
f 3622 3623 3624
v -2661.1682 859.2825 273.1754
v -2661.0687 858.7263 273.2635
v -2661.0086 858.3862 273.1756
f 3625 3626 3627
v -2672.6622 845.0406 273.1725
v -2661.1682 859.2825 273.1754
v -2661.0086 858.3862 273.1756
f 3628 3629 3630
v -2661.0086 858.3862 273.1756
v -2672.4832 844.3392 273.1727
v -2672.5371 844.6993 273.1726
f 3631 3632 3633
v -2672.5371 844.6993 273.1726
v -2672.5903 844.6344 273.1726
v -2672.6622 845.0406 273.1725
f 3634 3635 3636
v -2661.0086 858.3862 273.1756
v -2672.5371 844.6993 273.1726
v -2672.6622 845.0406 273.1725
f 3637 3638 3639
v -2661.0133 858.3880 284.7822
v -2672.5419 844.7011 284.7792
v -2672.4879 844.3410 284.7793
f 3640 3641 3642
v -2672.5419 844.7011 284.7792
v -2672.6670 845.0425 284.7791
v -2672.5951 844.6363 284.7792
f 3643 3644 3645
v -2672.6670 845.0425 284.7791
v -2672.5419 844.7011 284.7792
v -2661.0734 858.7281 284.7821
f 3646 3647 3648
v -2661.0734 858.7281 284.7821
v -2661.7096 858.6199 284.7819
v -2672.6670 845.0425 284.7791
f 3649 3650 3651
v -2661.0133 858.3880 284.7822
v -2661.0734 858.7281 284.7821
v -2672.5419 844.7011 284.7792
f 3652 3653 3654
v -2672.5903 844.6344 273.1726
v -2672.5951 844.6363 284.7792
v -2672.6670 845.0425 284.7791
f 3655 3656 3657
v -2672.4832 844.3392 273.1727
v -2661.0086 858.3862 273.1756
v -2661.0133 858.3880 284.7822
f 3658 3659 3660
v -2693.6094 864.9076 272.7521
v -2683.3844 883.3261 292.9461
v -2683.3761 883.3228 272.7538
f 3661 3662 3663
v -2704.2994 845.8685 272.7501
v -2679.7866 836.6338 273.0027
v -2704.2995 845.8686 272.9911
f 3664 3665 3666
v -2656.0054 868.0703 289.7288
v -2660.2953 860.3773 292.9589
v -2660.2939 860.3769 289.7280
f 3667 3668 3669
v -2677.0204 871.6636 289.7105
v -2687.1012 853.5744 292.9485
v -2687.0999 853.5739 289.7087
f 3670 3671 3672
v -2665.7934 865.4078 272.7637
v -2677.0137 871.6609 272.9791
v -2677.0136 871.6608 272.7581
f 3673 3674 3675
v -2675.8798 847.3218 289.7143
v -2665.8016 865.4111 292.9560
v -2665.8004 865.4106 289.7161
f 3676 3677 3678
v -2687.0999 853.5739 289.7087
v -2675.8812 847.3224 292.9541
v -2675.8798 847.3218 289.7143
f 3679 3680 3681
v -2679.7622 836.4288 273.0027
v -2704.3037 845.8701 283.0387
v -2704.2995 845.8686 272.9911
f 3682 3683 3684
v -2704.2995 845.8686 272.9911
v -2704.0255 846.3300 292.9424
v -2704.0172 846.3267 272.7502
f 3685 3686 3687
v -2679.7908 836.6354 283.0493
v -2679.7663 836.4303 283.0523
v -2679.7622 836.4288 273.0027
f 3688 3689 3690
v -2660.9715 871.0769 273.2619
v -2655.7281 868.1415 289.7289
v -2655.7215 868.1388 273.2645
f 3691 3692 3693
v -2660.8430 858.9868 273.2636
v -2660.8142 858.7733 289.7280
v -2660.8076 858.7706 273.2636
f 3694 3695 3696
v -2655.7215 868.1388 273.2645
v -2660.8497 858.9893 289.7280
v -2660.8430 858.9868 273.2636
f 3697 3698 3699
v -2655.9985 868.0675 272.7674
v -2660.2873 860.3742 273.2636
v -2660.2871 860.3742 272.7666
f 3700 3701 3702
v -2661.2997 871.0208 273.2618
v -2660.9782 871.0796 289.7263
v -2660.9715 871.0769 273.2619
f 3703 3704 3705
v -2661.0734 858.7281 284.7821
v -2660.8142 858.7733 289.7280
v -2661.7117 858.6207 289.7277
f 3706 3707 3708
v -2672.5371 844.6993 273.1726
v -2672.5951 844.6363 284.7792
v -2672.5903 844.6344 273.1726
f 3709 3710 3711
v -2672.4832 844.3392 273.1727
v -2672.5419 844.7011 284.7792
v -2672.5371 844.6993 273.1726
f 3712 3713 3714
v -2677.0136 871.6608 272.7581
v -2687.0931 853.5713 272.9773
v -2687.0930 853.5713 272.7563
f 3715 3716 3717
v -2665.8004 865.4106 289.7161
v -2677.0218 871.6642 292.9504
v -2677.0204 871.6636 289.7105
f 3718 3719 3720
v -2675.8729 847.3191 272.7619
v -2665.7935 865.4079 272.9847
v -2665.7934 865.4078 272.7637
f 3721 3722 3723
v -2687.0930 853.5713 272.7563
v -2675.8730 847.3191 272.9829
v -2675.8729 847.3191 272.7619
f 3724 3725 3726
v -2672.5903 844.6344 273.1726
v -2672.6670 845.0425 284.7791
v -2672.6622 845.0406 273.1725
f 3727 3728 3729
v -2672.4832 844.3392 273.1727
v -2661.0133 858.3880 284.7822
v -2672.4879 844.3410 284.7793
f 3730 3731 3732

g building_ID_CDF2231E-E5C7-4FB7-81E8-8D5518109609
v -2671.9705 841.1246 284.7799
v -2658.3721 843.5441 284.7853
v -2661.0133 858.3880 284.7822
f 3733 3734 3735
v -2661.0133 858.3880 284.7822
v -2672.1892 842.3532 284.7797
v -2671.9705 841.1246 284.7799
f 3736 3737 3738
v -2672.4879 844.3410 284.7793
v -2672.1892 842.3532 284.7797
v -2661.0133 858.3880 284.7822
f 3739 3740 3741
v -2671.9692 841.1241 281.5510
v -2671.9705 841.1246 284.7799
v -2672.1892 842.3532 284.7797
f 3742 3743 3744
v -2659.9415 843.2638 281.4598
v -2658.3721 843.5441 284.7853
v -2660.5609 843.1545 281.5755
f 3745 3746 3747
v -2661.2713 843.0274 281.6773
v -2660.5609 843.1545 281.5755
v -2658.3721 843.5441 284.7853
f 3748 3749 3750
v -2658.3721 843.5441 284.7853
v -2662.0587 842.8876 281.7649
v -2661.2713 843.0274 281.6773
f 3751 3752 3753
v -2658.3721 843.5441 284.7853
v -2662.9110 842.7359 281.8366
v -2662.0587 842.8876 281.7649
f 3754 3755 3756
v -2662.9110 842.7359 281.8366
v -2658.3721 843.5441 284.7853
v -2663.8155 842.5753 281.8913
f 3757 3758 3759
v -2658.7038 843.4843 281.0563
v -2658.7006 843.4832 273.1786
v -2658.3674 843.5423 273.1787
f 3760 3761 3762
v -2658.3721 843.5441 284.7853
v -2659.4183 843.3574 281.3330
v -2659.0050 843.4312 281.1981
f 3763 3764 3765
v -2658.3721 843.5441 284.7853
v -2659.9415 843.2638 281.4598
v -2659.4183 843.3574 281.3330
f 3766 3767 3768
v -2659.0050 843.4312 281.1981
v -2658.7038 843.4843 281.0563
v -2658.3721 843.5441 284.7853
f 3769 3770 3771
v -2664.7590 842.4068 281.9289
v -2663.8155 842.5753 281.8913
v -2658.3721 843.5441 284.7853
f 3772 3773 3774
v -2665.7244 842.2354 281.9475
v -2664.7590 842.4068 281.9289
v -2658.3721 843.5441 284.7853
f 3775 3776 3777
v -2667.6643 841.8906 281.9277
v -2666.6979 842.0620 281.9471
v -2671.9705 841.1246 284.7799
f 3778 3779 3780
v -2665.7244 842.2354 281.9475
v -2671.9705 841.1246 284.7799
v -2666.6979 842.0620 281.9471
f 3781 3782 3783
v -2668.6068 841.7221 281.8894
v -2667.6643 841.8906 281.9277
v -2671.9705 841.1246 284.7799
f 3784 3785 3786
v -2658.3721 843.5441 284.7853
v -2671.9705 841.1246 284.7799
v -2665.7244 842.2354 281.9475
f 3787 3788 3789
v -2671.9705 841.1246 284.7799
v -2669.5111 841.5615 281.8340
v -2668.6068 841.7221 281.8894
f 3790 3791 3792
v -2671.9705 841.1246 284.7799
v -2670.3635 841.4098 281.7617
v -2669.5111 841.5615 281.8340
f 3793 3794 3795
v -2671.9705 841.1246 284.7799
v -2671.8611 841.1428 281.5711
v -2671.1508 841.2699 281.6734
f 3796 3797 3798
v -2671.9705 841.1246 284.7799
v -2671.9692 841.1241 281.5510
v -2671.8611 841.1428 281.5711
f 3799 3800 3801
v -2671.1508 841.2699 281.6734
v -2670.3635 841.4098 281.7617
v -2671.9705 841.1246 284.7799
f 3802 3803 3804
v -2661.0086 858.3862 273.1756
v -2661.0133 858.3880 284.7822
v -2658.3721 843.5441 284.7853
f 3805 3806 3807
v -2663.4574 847.2239 273.0091
v -2658.1236 812.1910 273.0159
v -2665.5183 846.8994 273.0083
f 3808 3809 3810
v -2666.4297 846.7579 273.0079
v -2665.5183 846.8994 273.0083
v -2659.9774 811.8940 273.0151
f 3811 3812 3813
v -2667.4061 846.6035 273.0075
v -2661.9202 811.5822 273.0144
v -2671.9791 840.9859 273.0064
f 3814 3815 3816
v -2667.4061 846.6035 273.0075
v -2666.4297 846.7579 273.0079
v -2660.9438 811.7385 273.0147
f 3817 3818 3819
v -2671.9791 840.9859 273.0064
v -2669.3208 846.3036 273.0068
v -2668.3754 846.4530 273.0071
f 3820 3821 3822
v -2671.1056 846.0244 273.0060
v -2670.2282 846.1630 273.0064
v -2671.9791 840.9859 273.0064
f 3823 3824 3825
v -2671.9791 840.9859 273.0064
v -2670.2282 846.1630 273.0064
v -2669.3208 846.3036 273.0068
f 3826 3827 3828
v -2671.9791 840.9859 273.0064
v -2672.4831 844.3391 273.0057
v -2671.1056 846.0244 273.0060
f 3829 3830 3831
v -2668.2397 810.5992 273.0119
v -2672.4583 840.9071 273.0062
v -2671.9791 840.9859 273.0064
f 3832 3833 3834
v -2668.2397 810.5992 273.0119
v -2673.6978 840.7045 273.0057
v -2672.4583 840.9071 273.0062
f 3835 3836 3837
v -2671.9791 840.9859 273.0064
v -2668.3754 846.4530 273.0071
v -2667.4061 846.6035 273.0075
f 3838 3839 3840
v -2653.9304 813.0238 273.0175
v -2663.4574 847.2239 273.0091
v -2659.3858 847.8599 273.0107
f 3841 3842 3843
v -2663.4574 847.2239 273.0091
v -2654.2306 812.9745 273.0174
v -2654.6477 812.9077 273.0172
f 3844 3845 3846
v -2663.4574 847.2239 273.0091
v -2654.6477 812.9077 273.0172
v -2655.2820 812.8034 273.0170
f 3847 3848 3849
v -2663.4574 847.2239 273.0091
v -2655.2820 812.8034 273.0170
v -2656.7756 812.5614 273.0164
f 3850 3851 3852
v -2658.1236 812.1910 273.0159
v -2656.7756 812.5614 273.0164
v -2656.7540 812.4233 273.0164
f 3853 3854 3855
v -2665.5183 846.8994 273.0083
v -2659.0299 812.0454 273.0155
v -2659.9774 811.8940 273.0151
f 3856 3857 3858
v -2659.0299 812.0454 273.0155
v -2665.5183 846.8994 273.0083
v -2658.1236 812.1910 273.0159
f 3859 3860 3861
v -2666.4297 846.7579 273.0079
v -2659.9774 811.8940 273.0151
v -2660.9438 811.7385 273.0147
f 3862 3863 3864
v -2663.4574 847.2239 273.0091
v -2656.7756 812.5614 273.0164
v -2658.1236 812.1910 273.0159
f 3865 3866 3867
v -2665.6007 811.0131 273.0129
v -2666.3910 810.8892 273.0126
v -2671.9791 840.9859 273.0064
f 3868 3869 3870
v -2668.2397 810.5992 273.0119
v -2671.9791 840.9859 273.0064
v -2667.1023 810.7771 273.0123
f 3871 3872 3873
v -2666.3910 810.8892 273.0126
v -2667.1023 810.7771 273.0123
v -2671.9791 840.9859 273.0064
f 3874 3875 3876
v -2668.6629 810.5324 273.0117
v -2668.9660 810.4861 273.0116
v -2673.6978 840.7045 273.0057
f 3877 3878 3879
v -2668.2397 810.5992 273.0119
v -2668.6629 810.5324 273.0117
v -2673.6978 840.7045 273.0057
f 3880 3881 3882
v -2665.6007 811.0131 273.0129
v -2671.9791 840.9859 273.0064
v -2664.7443 811.1468 273.0132
f 3883 3884 3885
v -2662.8895 811.4278 273.0140
v -2663.8359 811.2883 273.0136
v -2671.9791 840.9859 273.0064
f 3886 3887 3888
v -2671.9791 840.9859 273.0064
v -2663.8359 811.2883 273.0136
v -2664.7443 811.1468 273.0132
f 3889 3890 3891
v -2662.8895 811.4278 273.0140
v -2671.9791 840.9859 273.0064
v -2661.9202 811.5822 273.0144
f 3892 3893 3894
v -2667.4061 846.6035 273.0075
v -2660.9438 811.7385 273.0147
v -2661.9202 811.5822 273.0144
f 3895 3896 3897
v -2653.9304 813.0238 273.0175
v -2654.2306 812.9745 273.0174
v -2663.4574 847.2239 273.0091
f 3898 3899 3900
v -2673.4000 840.7549 281.1925
v -2668.6662 810.5336 281.1984
v -2668.2511 810.5995 281.3335
f 3901 3902 3903
v -2668.2511 810.5995 281.3335
v -2672.9859 840.8229 281.3277
v -2673.4000 840.7549 281.1925
f 3904 3905 3906
v -2672.4617 840.9085 281.4549
v -2668.2511 810.5995 281.3335
v -2667.7290 810.6811 281.4608
f 3907 3908 3909
v -2668.2511 810.5995 281.3335
v -2672.4617 840.9085 281.4549
v -2672.9859 840.8229 281.3277
f 3910 3911 3912
v -2673.7011 840.7057 281.0504
v -2668.9693 810.4874 281.0563
v -2668.6662 810.5336 281.1984
f 3913 3914 3915
v -2668.6662 810.5336 281.1984
v -2673.4000 840.7549 281.1925
v -2673.7011 840.7057 281.0504
f 3916 3917 3918
v -2668.9660 810.4861 273.0116
v -2668.9693 810.4874 281.0563
v -2673.7011 840.7057 281.0504
f 3919 3920 3921
v -2656.7765 812.5617 275.1903
v -2656.7773 812.5621 277.3652
v -2656.7557 812.4240 277.3652
f 3922 3923 3924
v -2656.7756 812.5614 273.0164
v -2656.7765 812.5617 275.1903
v -2656.7557 812.4240 277.3652
f 3925 3926 3927
v -2656.7792 812.5628 281.7131
v -2656.7575 812.4247 281.7131
v -2656.7557 812.4240 277.3652
f 3928 3929 3930
v -2656.7756 812.5614 273.0164
v -2656.7557 812.4240 277.3652
v -2656.7540 812.4233 273.0164
f 3931 3932 3933
v -2670.2282 846.1630 273.1734
v -2671.0836 846.0283 273.1731
v -2671.0976 846.0294 273.1731
f 3934 3935 3936
v -2669.3209 846.3036 273.1738
v -2670.2282 846.1630 273.1734
v -2661.0086 858.3862 273.1756
f 3937 3938 3939
v -2661.0086 858.3862 273.1756
v -2668.3755 846.4532 273.1741
v -2669.3209 846.3036 273.1738
f 3940 3941 3942
v -2661.0086 858.3862 273.1756
v -2667.4061 846.6035 273.1745
v -2668.3755 846.4532 273.1741
f 3943 3944 3945
v -2667.4061 846.6035 273.1745
v -2661.0086 858.3862 273.1756
v -2666.4297 846.7579 273.1749
f 3946 3947 3948
v -2665.4603 846.9082 273.1753
v -2661.0086 858.3862 273.1756
v -2663.5986 847.2023 273.1760
f 3949 3950 3951
v -2665.4603 846.9082 273.1753
v -2666.4297 846.7579 273.1749
v -2661.0086 858.3862 273.1756
f 3952 3953 3954
v -2661.0086 858.3862 273.1756
v -2670.2282 846.1630 273.1734
v -2671.0976 846.0294 273.1731
f 3955 3956 3957
v -2661.0086 858.3862 273.1756
v -2661.9619 847.4569 273.1767
v -2663.5986 847.2023 273.1760
f 3958 3959 3960
v -2661.9619 847.4569 273.1767
v -2661.0086 858.3862 273.1756
v -2659.3859 847.8599 273.1777
f 3961 3962 3963
v -2659.3859 847.8599 273.1777
v -2658.3674 843.5423 273.1787
v -2658.7006 843.4832 273.1786
f 3964 3965 3966
v -2661.0086 858.3862 273.1756
v -2658.3674 843.5423 273.1787
v -2659.3859 847.8599 273.1777
f 3967 3968 3969
v -2671.1508 841.2699 281.6734
v -2666.3945 810.8906 281.6793
v -2665.6042 811.0144 281.7675
f 3970 3971 3972
v -2665.6042 811.0144 281.7675
v -2670.3635 841.4098 281.7617
v -2671.1508 841.2699 281.6734
f 3973 3974 3975
v -2670.3635 841.4098 281.7617
v -2665.6042 811.0144 281.7675
v -2664.7479 811.1481 281.8398
f 3976 3977 3978
v -2664.7479 811.1481 281.8398
v -2669.5111 841.5615 281.8340
v -2670.3635 841.4098 281.7617
f 3979 3980 3981
v -2663.8396 811.2897 281.8952
v -2668.6068 841.7221 281.8894
v -2669.5111 841.5615 281.8340
f 3982 3983 3984
v -2669.5111 841.5615 281.8340
v -2664.7479 811.1481 281.8398
v -2663.8396 811.2897 281.8952
f 3985 3986 3987
v -2667.6643 841.8906 281.9277
v -2663.8396 811.2897 281.8952
v -2662.8932 811.4291 281.9336
f 3988 3989 3990
v -2663.8396 811.2897 281.8952
v -2667.6643 841.8906 281.9277
v -2668.6068 841.7221 281.8894
f 3991 3992 3993
v -2661.9238 811.5836 281.9530
v -2666.6979 842.0620 281.9471
v -2667.6643 841.8906 281.9277
f 3994 3995 3996
v -2667.6643 841.8906 281.9277
v -2662.8932 811.4291 281.9336
v -2661.9238 811.5836 281.9530
f 3997 3998 3999
v -2660.9474 811.7399 281.9533
v -2665.7244 842.2354 281.9475
v -2666.6979 842.0620 281.9471
f 4000 4001 4002
v -2666.6979 842.0620 281.9471
v -2661.9238 811.5836 281.9530
v -2660.9474 811.7399 281.9533
f 4003 4004 4005
v -2659.9809 811.8953 281.9347
v -2664.7590 842.4068 281.9289
v -2665.7244 842.2354 281.9475
f 4006 4007 4008
v -2665.7244 842.2354 281.9475
v -2660.9474 811.7399 281.9533
v -2659.9809 811.8953 281.9347
f 4009 4010 4011
v -2659.9809 811.8953 281.9347
v -2663.8155 842.5753 281.8913
v -2664.7590 842.4068 281.9289
f 4012 4013 4014
v -2663.8155 842.5753 281.8913
v -2659.9809 811.8953 281.9347
v -2659.0336 812.0468 281.8972
f 4015 4016 4017
v -2672.4617 840.9085 281.4549
v -2667.7290 810.6811 281.4608
v -2671.9825 840.9872 281.5451
f 4018 4019 4020
v -2667.1057 810.7785 281.5770
v -2671.9825 840.9872 281.5451
v -2667.7290 810.6811 281.4608
f 4021 4022 4023
v -2667.1057 810.7785 281.5770
v -2671.9692 841.1241 281.5510
v -2671.9825 840.9872 281.5451
f 4024 4025 4026
v -2671.9692 841.1241 281.5510
v -2672.1878 842.3527 281.5458
v -2671.9825 840.9872 281.5451
f 4027 4028 4029
v -2671.8611 841.1428 281.5711
v -2671.9692 841.1241 281.5510
v -2667.1057 810.7785 281.5770
f 4030 4031 4032
v -2671.1508 841.2699 281.6734
v -2667.1057 810.7785 281.5770
v -2666.3945 810.8906 281.6793
f 4033 4034 4035
v -2667.1057 810.7785 281.5770
v -2671.1508 841.2699 281.6734
v -2671.8611 841.1428 281.5711
f 4036 4037 4038
v -2658.1271 812.1924 281.8426
v -2662.9110 842.7359 281.8366
v -2663.8155 842.5753 281.8913
f 4039 4040 4041
v -2663.8155 842.5753 281.8913
v -2659.0336 812.0468 281.8972
v -2658.1271 812.1924 281.8426
f 4042 4043 4044
v -2657.2738 812.3371 281.7709
v -2662.0587 842.8876 281.7649
v -2662.9110 842.7359 281.8366
f 4045 4046 4047
v -2662.9110 842.7359 281.8366
v -2658.1271 812.1924 281.8426
v -2657.2738 812.3371 281.7709
f 4048 4049 4050
v -2661.2713 843.0274 281.6773
v -2662.0587 842.8876 281.7649
v -2656.7792 812.5628 281.7131
f 4051 4052 4053
v -2657.2738 812.3371 281.7709
v -2656.7792 812.5628 281.7131
v -2662.0587 842.8876 281.7649
f 4054 4055 4056
v -2656.7792 812.5628 281.7131
v -2656.5060 812.6070 281.6832
v -2661.2713 843.0274 281.6773
f 4057 4058 4059
v -2657.2738 812.3371 281.7709
v -2656.7575 812.4247 281.7131
v -2656.7792 812.5628 281.7131
f 4060 4061 4062
v -2655.7957 812.7221 281.5815
v -2660.5609 843.1545 281.5755
v -2661.2713 843.0274 281.6773
f 4063 4064 4065
v -2661.2713 843.0274 281.6773
v -2656.5060 812.6070 281.6832
v -2655.7957 812.7221 281.5815
f 4066 4067 4068
v -2655.7957 812.7221 281.5815
v -2659.9415 843.2638 281.4598
v -2660.5609 843.1545 281.5755
f 4069 4070 4071
v -2659.9415 843.2638 281.4598
v -2655.7957 812.7221 281.5815
v -2655.1723 812.8234 281.4657
f 4072 4073 4074
v -2654.6511 812.9090 281.3389
v -2659.4183 843.3574 281.3330
v -2659.9415 843.2638 281.4598
f 4075 4076 4077
v -2659.9415 843.2638 281.4598
v -2655.1723 812.8234 281.4657
v -2654.6511 812.9090 281.3389
f 4078 4079 4080
v -2654.6511 812.9090 281.3389
v -2659.0050 843.4312 281.1981
v -2659.4183 843.3574 281.3330
f 4081 4082 4083
v -2659.0050 843.4312 281.1981
v -2654.6511 812.9090 281.3389
v -2654.2338 812.9758 281.2041
f 4084 4085 4086
v -2653.9336 813.0249 281.0622
v -2658.7038 843.4843 281.0563
v -2659.0050 843.4312 281.1981
f 4087 4088 4089
v -2659.0050 843.4312 281.1981
v -2654.2338 812.9758 281.2041
v -2653.9336 813.0249 281.0622
f 4090 4091 4092
v -2658.7006 843.4832 273.1786
v -2659.3858 847.8599 273.0107
v -2659.3859 847.8599 273.1777
f 4093 4094 4095
v -2653.9336 813.0249 281.0622
v -2653.9304 813.0238 273.0175
v -2658.7006 843.4832 273.1786
f 4096 4097 4098
v -2659.3858 847.8599 273.0107
v -2658.7006 843.4832 273.1786
v -2653.9304 813.0238 273.0175
f 4099 4100 4101
v -2672.4865 844.3405 281.5474
v -2672.1878 842.3527 281.5458
v -2672.1892 842.3532 284.7797
f 4102 4103 4104
v -2672.1878 842.3527 281.5458
v -2671.9791 840.9859 273.0064
v -2671.9825 840.9872 281.5451
f 4105 4106 4107
v -2671.9791 840.9859 273.0064
v -2672.1878 842.3527 281.5458
v -2672.4831 844.3391 273.0057
f 4108 4109 4110
v -2672.1892 842.3532 284.7797
v -2672.4879 844.3410 284.7793
v -2672.4865 844.3405 281.5474
f 4111 4112 4113
v -2672.1878 842.3527 281.5458
v -2672.4865 844.3405 281.5474
v -2672.4831 844.3391 273.0057
f 4114 4115 4116
v -2672.4583 840.9071 273.0062
v -2673.6978 840.7045 273.0057
v -2673.7011 840.7057 281.0504
f 4117 4118 4119
v -2672.4583 840.9071 273.0062
v -2673.7011 840.7057 281.0504
v -2671.9791 840.9859 273.0064
f 4120 4121 4122
v -2671.9791 840.9859 273.0064
v -2672.4617 840.9085 281.4549
v -2671.9825 840.9872 281.5451
f 4123 4124 4125
v -2672.9859 840.8229 281.3277
v -2671.9791 840.9859 273.0064
v -2673.4000 840.7549 281.1925
f 4126 4127 4128
v -2673.7011 840.7057 281.0504
v -2673.4000 840.7549 281.1925
v -2671.9791 840.9859 273.0064
f 4129 4130 4131
v -2672.4617 840.9085 281.4549
v -2671.9791 840.9859 273.0064
v -2672.9859 840.8229 281.3277
f 4132 4133 4134
v -2671.1066 846.0244 273.1730
v -2671.1056 846.0244 273.0060
v -2672.4831 844.3391 273.0057
f 4135 4136 4137
v -2671.1066 846.0244 273.1730
v -2672.4831 844.3391 273.0057
v -2672.4865 844.3405 281.5474
f 4138 4139 4140
v -2671.1066 846.0244 273.1730
v -2672.4865 844.3405 281.5474
v -2671.0976 846.0294 273.1731
f 4141 4142 4143
v -2671.0976 846.0294 273.1731
v -2672.4865 844.3405 281.5474
v -2661.0133 858.3880 284.7822
f 4144 4145 4146
v -2661.0133 858.3880 284.7822
v -2661.0086 858.3862 273.1756
v -2671.0976 846.0294 273.1731
f 4147 4148 4149
v -2672.4865 844.3405 281.5474
v -2672.4879 844.3410 284.7793
v -2661.0133 858.3880 284.7822
f 4150 4151 4152
v -2671.0836 846.0283 273.1731
v -2671.1056 846.0244 273.0060
v -2671.0976 846.0294 273.1731
f 4153 4154 4155
v -2671.1066 846.0244 273.1730
v -2671.0976 846.0294 273.1731
v -2671.1056 846.0244 273.0060
f 4156 4157 4158
v -2657.2738 812.3371 281.7709
v -2656.7557 812.4240 277.3652
v -2656.7575 812.4247 281.7131
f 4159 4160 4161
v -2656.7540 812.4233 273.0164
v -2656.7557 812.4240 277.3652
v -2658.1236 812.1910 273.0159
f 4162 4163 4164
v -2657.2738 812.3371 281.7709
v -2658.1271 812.1924 281.8426
v -2656.7557 812.4240 277.3652
f 4165 4166 4167
v -2659.0299 812.0454 273.0155
v -2656.7557 812.4240 277.3652
v -2659.0336 812.0468 281.8972
f 4168 4169 4170
v -2659.9809 811.8953 281.9347
v -2659.9774 811.8940 273.0151
v -2659.0336 812.0468 281.8972
f 4171 4172 4173
v -2660.9474 811.7399 281.9533
v -2660.9438 811.7385 273.0147
v -2659.9809 811.8953 281.9347
f 4174 4175 4176
v -2659.0299 812.0454 273.0155
v -2658.1236 812.1910 273.0159
v -2656.7557 812.4240 277.3652
f 4177 4178 4179
v -2659.0336 812.0468 281.8972
v -2659.9774 811.8940 273.0151
v -2659.0299 812.0454 273.0155
f 4180 4181 4182
v -2659.9774 811.8940 273.0151
v -2659.9809 811.8953 281.9347
v -2660.9438 811.7385 273.0147
f 4183 4184 4185
v -2659.0336 812.0468 281.8972
v -2656.7557 812.4240 277.3652
v -2658.1271 812.1924 281.8426
f 4186 4187 4188
v -2662.8932 811.4291 281.9336
v -2663.8396 811.2897 281.8952
v -2662.8895 811.4278 273.0140
f 4189 4190 4191
v -2663.8396 811.2897 281.8952
v -2664.7479 811.1481 281.8398
v -2663.8359 811.2883 273.0136
f 4192 4193 4194
v -2664.7479 811.1481 281.8398
v -2665.6042 811.0144 281.7675
v -2664.7443 811.1468 273.0132
f 4195 4196 4197
v -2664.7443 811.1468 273.0132
v -2663.8359 811.2883 273.0136
v -2664.7479 811.1481 281.8398
f 4198 4199 4200
v -2665.6042 811.0144 281.7675
v -2666.3945 810.8906 281.6793
v -2665.6007 811.0131 273.0129
f 4201 4202 4203
v -2661.9202 811.5822 273.0144
v -2660.9438 811.7385 273.0147
v -2660.9474 811.7399 281.9533
f 4204 4205 4206
v -2661.9238 811.5836 281.9530
v -2661.9202 811.5822 273.0144
v -2660.9474 811.7399 281.9533
f 4207 4208 4209
v -2661.9238 811.5836 281.9530
v -2662.8932 811.4291 281.9336
v -2661.9202 811.5822 273.0144
f 4210 4211 4212
v -2661.9202 811.5822 273.0144
v -2662.8932 811.4291 281.9336
v -2662.8895 811.4278 273.0140
f 4213 4214 4215
v -2662.8895 811.4278 273.0140
v -2663.8396 811.2897 281.8952
v -2663.8359 811.2883 273.0136
f 4216 4217 4218
v -2666.3910 810.8892 273.0126
v -2666.3945 810.8906 281.6793
v -2667.1057 810.7785 281.5770
f 4219 4220 4221
v -2667.7290 810.6811 281.4608
v -2668.2511 810.5995 281.3335
v -2667.1023 810.7771 273.0123
f 4222 4223 4224
v -2668.6662 810.5336 281.1984
v -2668.9693 810.4874 281.0563
v -2668.2511 810.5995 281.3335
f 4225 4226 4227
v -2668.6629 810.5324 273.0117
v -2668.9693 810.4874 281.0563
v -2668.9660 810.4861 273.0116
f 4228 4229 4230
v -2667.1023 810.7771 273.0123
v -2668.2511 810.5995 281.3335
v -2668.9693 810.4874 281.0563
f 4231 4232 4233
v -2668.9693 810.4874 281.0563
v -2668.6629 810.5324 273.0117
v -2668.2397 810.5992 273.0119
f 4234 4235 4236
v -2665.6007 811.0131 273.0129
v -2664.7443 811.1468 273.0132
v -2665.6042 811.0144 281.7675
f 4237 4238 4239
v -2665.6007 811.0131 273.0129
v -2666.3945 810.8906 281.6793
v -2666.3910 810.8892 273.0126
f 4240 4241 4242
v -2667.7290 810.6811 281.4608
v -2667.1023 810.7771 273.0123
v -2666.3910 810.8892 273.0126
f 4243 4244 4245
v -2668.9693 810.4874 281.0563
v -2668.2397 810.5992 273.0119
v -2667.1023 810.7771 273.0123
f 4246 4247 4248
v -2666.3910 810.8892 273.0126
v -2667.1057 810.7785 281.5770
v -2667.7290 810.6811 281.4608
f 4249 4250 4251
v -2653.9336 813.0249 281.0622
v -2654.2306 812.9745 273.0174
v -2653.9304 813.0238 273.0175
f 4252 4253 4254
v -2656.7765 812.5617 275.1903
v -2655.2820 812.8034 273.0170
v -2654.6477 812.9077 273.0172
f 4255 4256 4257
v -2654.2306 812.9745 273.0174
v -2653.9336 813.0249 281.0622
v -2654.6477 812.9077 273.0172
f 4258 4259 4260
v -2656.7756 812.5614 273.0164
v -2655.2820 812.8034 273.0170
v -2656.7765 812.5617 275.1903
f 4261 4262 4263
v -2656.7765 812.5617 275.1903
v -2654.6477 812.9077 273.0172
v -2653.9336 813.0249 281.0622
f 4264 4265 4266
v -2654.6511 812.9090 281.3389
v -2656.7773 812.5621 277.3652
v -2654.2338 812.9758 281.2041
f 4267 4268 4269
v -2655.1723 812.8234 281.4657
v -2656.7783 812.5624 279.5391
v -2654.6511 812.9090 281.3389
f 4270 4271 4272
v -2655.7957 812.7221 281.5815
v -2656.7783 812.5624 279.5391
v -2655.1723 812.8234 281.4657
f 4273 4274 4275
v -2656.7765 812.5617 275.1903
v -2653.9336 813.0249 281.0622
v -2656.7773 812.5621 277.3652
f 4276 4277 4278
v -2656.7792 812.5628 281.7131
v -2656.7783 812.5624 279.5391
v -2656.5060 812.6070 281.6832
f 4279 4280 4281
v -2654.6511 812.9090 281.3389
v -2656.7783 812.5624 279.5391
v -2656.7773 812.5621 277.3652
f 4282 4283 4284
v -2655.7957 812.7221 281.5815
v -2656.5060 812.6070 281.6832
v -2656.7783 812.5624 279.5391
f 4285 4286 4287
v -2654.2338 812.9758 281.2041
v -2656.7773 812.5621 277.3652
v -2653.9336 813.0249 281.0622
f 4288 4289 4290
v -2667.4061 846.6035 273.1745
v -2666.4297 846.7579 273.1749
v -2666.4297 846.7579 273.0079
f 4291 4292 4293
v -2665.5183 846.8994 273.0083
v -2666.4297 846.7579 273.0079
v -2666.4297 846.7579 273.1749
f 4294 4295 4296
v -2668.3755 846.4532 273.1741
v -2667.4061 846.6035 273.1745
v -2667.4061 846.6035 273.0075
f 4297 4298 4299
v -2666.4297 846.7579 273.0079
v -2667.4061 846.6035 273.0075
v -2667.4061 846.6035 273.1745
f 4300 4301 4302
v -2665.4603 846.9082 273.1753
v -2663.5986 847.2023 273.1760
v -2665.5183 846.8994 273.0083
f 4303 4304 4305
v -2663.4574 847.2239 273.0091
v -2665.5183 846.8994 273.0083
v -2663.5986 847.2023 273.1760
f 4306 4307 4308
v -2666.4297 846.7579 273.1749
v -2665.4603 846.9082 273.1753
v -2665.5183 846.8994 273.0083
f 4309 4310 4311
v -2671.0836 846.0283 273.1731
v -2670.2282 846.1630 273.1734
v -2670.2282 846.1630 273.0064
f 4312 4313 4314
v -2669.3208 846.3036 273.0068
v -2670.2282 846.1630 273.0064
v -2670.2282 846.1630 273.1734
f 4315 4316 4317
v -2670.2282 846.1630 273.0064
v -2671.1056 846.0244 273.0060
v -2671.0836 846.0283 273.1731
f 4318 4319 4320
v -2669.3209 846.3036 273.1738
v -2668.3755 846.4532 273.1741
v -2668.3754 846.4530 273.0071
f 4321 4322 4323
v -2667.4061 846.6035 273.0075
v -2668.3754 846.4530 273.0071
v -2668.3755 846.4532 273.1741
f 4324 4325 4326
v -2670.2282 846.1630 273.1734
v -2669.3209 846.3036 273.1738
v -2669.3208 846.3036 273.0068
f 4327 4328 4329
v -2668.3754 846.4530 273.0071
v -2669.3208 846.3036 273.0068
v -2669.3209 846.3036 273.1738
f 4330 4331 4332
v -2659.3859 847.8599 273.1777
v -2659.3858 847.8599 273.0107
v -2663.4574 847.2239 273.0091
f 4333 4334 4335
v -2661.9619 847.4569 273.1767
v -2659.3859 847.8599 273.1777
v -2663.4574 847.2239 273.0091
f 4336 4337 4338
v -2663.5986 847.2023 273.1760
v -2661.9619 847.4569 273.1767
v -2663.4574 847.2239 273.0091
f 4339 4340 4341
v -2671.9692 841.1241 281.5510
v -2672.1892 842.3532 284.7797
v -2672.1878 842.3527 281.5458
f 4342 4343 4344
v -2658.7038 843.4843 281.0563
v -2658.3674 843.5423 273.1787
v -2658.3721 843.5441 284.7853
f 4345 4346 4347
v -2661.0086 858.3862 273.1756
v -2658.3721 843.5441 284.7853
v -2658.3674 843.5423 273.1787
f 4348 4349 4350
v -2668.9660 810.4861 273.0116
v -2673.7011 840.7057 281.0504
v -2673.6978 840.7045 273.0057
f 4351 4352 4353
v -2656.7783 812.5624 279.5391
v -2656.7792 812.5628 281.7131
v -2656.7557 812.4240 277.3652
f 4354 4355 4356
v -2656.7557 812.4240 277.3652
v -2656.7773 812.5621 277.3652
v -2656.7783 812.5624 279.5391
f 4357 4358 4359
v -2653.9336 813.0249 281.0622
v -2658.7006 843.4832 273.1786
v -2658.7038 843.4843 281.0563
f 4360 4361 4362

g building_ID_A4680381-FD84-4685-845B-FF41ECB4591F
v -2703.5127 816.3578 273.0083
v -2678.4743 808.4657 273.0198
v -2701.9973 807.9949 273.0099
f 4363 4364 4365
v -2709.8025 803.4159 273.0074
v -2701.9973 807.9949 273.0099
v -2678.4743 808.4657 273.0198
f 4366 4367 4368
v -2681.1828 828.0347 273.0162
v -2678.4743 808.4657 273.0198
v -2703.5127 816.3578 273.0083
f 4369 4370 4371
v -2681.1828 828.0347 273.0162
v -2712.7334 823.8975 273.0033
v -2681.5182 830.0935 273.0158
f 4372 4373 4374
v -2712.7334 823.8975 273.0033
v -2681.5280 830.5256 273.0157
v -2681.5182 830.0935 273.0158
f 4375 4376 4377
v -2681.4692 830.1014 273.0158
v -2681.5182 830.0935 273.0158
v -2681.5280 830.5256 273.0157
f 4378 4379 4380
v -2706.5693 839.9577 273.0039
v -2681.5280 830.5256 273.0157
v -2706.8081 839.3364 273.0039
f 4381 4382 4383
v -2706.8402 839.2505 273.0039
v -2706.8081 839.3364 273.0039
v -2681.5280 830.5256 273.0157
f 4384 4385 4386
v -2706.8402 839.2505 273.0039
v -2681.5280 830.5256 273.0157
v -2707.1666 838.4014 273.0039
f 4387 4388 4389
v -2681.1828 828.0347 273.0162
v -2703.5127 816.3578 273.0083
v -2712.7334 823.8975 273.0033
f 4390 4391 4392
v -2709.8025 803.4159 273.0074
v -2710.2432 806.1160 273.0068
v -2701.9973 807.9949 273.0099
f 4393 4394 4395
v -2710.4363 806.4646 273.0067
v -2710.2432 806.1160 273.0068
v -2710.3873 806.0914 273.0068
f 4396 4397 4398
v -2710.4363 806.4646 273.0067
v -2701.9973 807.9949 273.0099
v -2710.2432 806.1160 273.0068
f 4399 4400 4401
v -2707.1666 838.4014 273.0039
v -2681.5280 830.5256 273.0157
v -2712.7334 823.8975 273.0033
f 4402 4403 4404
v -2703.5127 816.3578 273.0083
v -2715.0169 817.7458 273.0031
v -2712.7334 823.8975 273.0033
f 4405 4406 4407
v -2715.0169 817.7458 273.0031
v -2703.5127 816.3578 273.0083
v -2714.9263 817.2115 273.0032
f 4408 4409 4410
v -2714.1898 814.4196 273.0039
v -2714.9263 817.2115 273.0032
v -2703.5127 816.3578 273.0083
f 4411 4412 4413
v -2706.8445 839.2521 283.1275
v -2709.7820 815.2223 283.2054
v -2708.9605 815.3710 283.1277
f 4414 4415 4416
v -2708.9605 815.3710 283.1277
v -2706.8122 839.3380 283.1255
v -2706.8445 839.2521 283.1275
f 4417 4418 4419
v -2681.5322 830.5272 283.1373
v -2706.5735 839.9593 283.1255
v -2706.8122 839.3380 283.1255
f 4420 4421 4422
v -2703.5169 816.3594 283.1299
v -2681.5223 830.0952 283.1374
v -2681.5322 830.5272 283.1373
f 4423 4424 4425
v -2681.5322 830.5272 283.1373
v -2681.5223 830.0952 283.1374
v -2681.4733 830.1031 283.1374
f 4426 4427 4428
v -2681.5223 830.0952 283.1374
v -2703.5169 816.3594 283.1299
v -2681.1868 828.0363 283.1378
f 4429 4430 4431
v -2706.8122 839.3380 283.1255
v -2703.5169 816.3594 283.1299
v -2681.5322 830.5272 283.1373
f 4432 4433 4434
v -2702.0014 807.9964 283.1316
v -2709.7481 806.5922 283.1286
v -2709.9522 804.3098 283.1288
f 4435 4436 4437
v -2681.1868 828.0363 283.1378
v -2703.5169 816.3594 283.1299
v -2678.4785 808.4673 283.1414
f 4438 4439 4440
v -2702.0014 807.9964 283.1316
v -2678.4785 808.4673 283.1414
v -2703.5169 816.3594 283.1299
f 4441 4442 4443
v -2678.4785 808.4673 283.1414
v -2702.0014 807.9964 283.1316
v -2709.8066 803.4174 283.1290
f 4444 4445 4446
v -2702.0014 807.9964 283.1316
v -2709.9522 804.3098 283.1288
v -2709.8066 803.4174 283.1290
f 4447 4448 4449
v -2706.8122 839.3380 283.1255
v -2708.9605 815.3710 283.1277
v -2703.5169 816.3594 283.1299
f 4450 4451 4452
v -2715.0169 817.7458 273.0031
v -2715.0211 817.7473 283.2248
v -2712.7334 823.8975 273.0033
f 4453 4454 4455
v -2712.7376 823.8991 283.1970
v -2712.7334 823.8975 273.0033
v -2715.0211 817.7473 283.2248
f 4456 4457 4458
v -2715.0169 817.7458 273.0031
v -2714.9263 817.2115 273.0032
v -2714.9305 817.2130 283.2249
f 4459 4460 4461
v -2715.0211 817.7473 283.2248
v -2715.0169 817.7458 273.0031
v -2714.9305 817.2130 283.2249
f 4462 4463 4464
v -2714.1898 814.4196 273.0039
v -2714.1941 814.4211 283.2256
v -2714.9305 817.2130 283.2249
f 4465 4466 4467
v -2714.1898 814.4196 273.0039
v -2714.9305 817.2130 283.2249
v -2714.9263 817.2115 273.0032
f 4468 4469 4470
v -2710.3873 806.0914 273.0068
v -2710.3914 806.0929 283.1864
v -2710.4363 806.4646 273.0067
f 4471 4472 4473
v -2710.4404 806.4661 283.1943
v -2710.4363 806.4646 273.0067
v -2710.3914 806.0929 283.1864
f 4474 4475 4476
v -2710.3873 806.0914 273.0068
v -2710.2432 806.1160 273.0068
v -2710.2474 806.1175 283.1724
f 4477 4478 4479
v -2710.3873 806.0914 273.0068
v -2710.2474 806.1175 283.1724
v -2710.3914 806.0929 283.1864
f 4480 4481 4482
v -2681.5182 830.0935 273.0158
v -2681.5223 830.0952 283.1374
v -2681.1868 828.0363 283.1378
f 4483 4484 4485
v -2681.4692 830.1014 273.0158
v -2681.4733 830.1031 283.1374
v -2681.5223 830.0952 283.1374
f 4486 4487 4488
v -2681.5280 830.5256 273.0157
v -2681.5322 830.5272 283.1373
v -2681.4733 830.1031 283.1374
f 4489 4490 4491
v -2678.4743 808.4657 273.0198
v -2678.4785 808.4673 283.1414
v -2709.8066 803.4174 283.1290
f 4492 4493 4494
v -2681.1828 828.0347 273.0162
v -2681.1868 828.0363 283.1378
v -2678.4785 808.4673 283.1414
f 4495 4496 4497
v -2706.5693 839.9577 272.9909
v -2679.1057 831.0221 273.0037
v -2681.5280 830.5256 273.0027
f 4498 4499 4500
v -2679.7622 836.4278 273.0027
v -2679.1057 831.0221 273.0037
v -2704.3005 845.8676 272.9911
f 4501 4502 4503
v -2706.5693 839.9577 272.9909
v -2704.3005 845.8676 272.9911
v -2679.1057 831.0221 273.0037
f 4504 4505 4506
v -2679.1098 831.0237 283.1203
v -2704.3046 845.8691 283.0387
v -2706.5735 839.9593 283.1255
f 4507 4508 4509
v -2679.7663 836.4293 283.0523
v -2704.3046 845.8691 283.0387
v -2679.1098 831.0237 283.1203
f 4510 4511 4512
v -2681.5322 830.5272 283.1373
v -2679.1098 831.0237 283.1203
v -2706.5735 839.9593 283.1255
f 4513 4514 4515
v -2679.1057 831.0221 273.0037
v -2679.1098 831.0237 283.1203
v -2681.5280 830.5256 273.0157
f 4516 4517 4518
v -2679.1057 831.0221 273.0037
v -2681.5280 830.5256 273.0157
v -2681.5280 830.5256 273.0027
f 4519 4520 4521
v -2679.7622 836.4278 273.0027
v -2679.7663 836.4293 283.0523
v -2679.1057 831.0221 273.0037
f 4522 4523 4524
v -2704.3005 845.8676 272.9911
v -2704.3046 845.8691 283.0387
v -2679.7622 836.4278 273.0027
f 4525 4526 4527
v -2681.5280 830.5256 273.0027
v -2681.5280 830.5256 273.0157
v -2706.5693 839.9577 273.0039
f 4528 4529 4530
v -2714.4439 814.3732 272.9788
v -2703.5127 816.3578 272.9833
v -2701.9973 807.9949 272.9849
f 4531 4532 4533
v -2716.2229 814.0330 272.9781
v -2714.4439 814.3732 272.9788
v -2714.8603 805.6624 272.9799
f 4534 4535 4536
v -2701.9973 807.9949 272.9849
v -2714.8603 805.6624 272.9799
v -2714.4439 814.3732 272.9788
f 4537 4538 4539
v -2714.4493 814.3752 285.9084
v -2716.2282 814.0349 285.9077
v -2714.8657 805.6644 285.9094
f 4540 4541 4542
v -2703.5180 816.3598 285.9128
v -2714.4493 814.3752 285.9084
v -2702.0026 807.9968 285.9145
f 4543 4544 4545
v -2714.8657 805.6644 285.9094
v -2702.0026 807.9968 285.9145
v -2714.4493 814.3752 285.9084
f 4546 4547 4548
v -2716.2229 814.0330 272.9781
v -2716.2282 814.0349 285.9077
v -2714.4493 814.3752 285.9084
f 4549 4550 4551
v -2714.8603 805.6624 272.9799
v -2714.8657 805.6644 285.9094
v -2716.2282 814.0349 285.9077
f 4552 4553 4554
v -2710.2474 806.1175 283.1724
v -2710.4404 806.4661 283.1943
v -2710.3914 806.0929 283.1864
f 4555 4556 4557
v -2710.4404 806.4661 283.1943
v -2710.2474 806.1175 283.1724
v -2709.7481 806.5922 283.1286
f 4558 4559 4560
v -2709.9522 804.3098 283.1288
v -2709.7481 806.5922 283.1286
v -2710.2474 806.1175 283.1724
f 4561 4562 4563
v -2709.7481 806.5922 283.1286
v -2702.0014 807.9964 283.1316
v -2702.0026 807.9968 285.9145
f 4564 4565 4566
v -2710.4363 806.4646 273.0067
v -2701.9973 807.9949 272.9849
v -2701.9973 807.9949 273.0099
f 4567 4568 4569
v -2714.8657 805.6644 285.9094
v -2714.8603 805.6624 272.9799
v -2710.4404 806.4661 283.1943
f 4570 4571 4572
v -2709.7481 806.5922 283.1286
v -2714.8657 805.6644 285.9094
v -2710.4404 806.4661 283.1943
f 4573 4574 4575
v -2701.9973 807.9949 272.9849
v -2710.4363 806.4646 273.0067
v -2714.8603 805.6624 272.9799
f 4576 4577 4578
v -2702.0026 807.9968 285.9145
v -2714.8657 805.6644 285.9094
v -2709.7481 806.5922 283.1286
f 4579 4580 4581
v -2703.5169 816.3594 283.1299
v -2703.5180 816.3598 285.9128
v -2702.0026 807.9968 285.9145
f 4582 4583 4584
v -2703.5127 816.3578 272.9833
v -2703.5127 816.3578 273.0083
v -2701.9973 807.9949 273.0099
f 4585 4586 4587
v -2714.4439 814.3732 272.9788
v -2714.4493 814.3752 285.9084
v -2714.1941 814.4211 283.2256
f 4588 4589 4590
v -2713.3456 814.5748 283.2200
v -2714.1941 814.4211 283.2256
v -2714.4493 814.3752 285.9084
f 4591 4592 4593
v -2703.5127 816.3578 272.9833
v -2714.4439 814.3732 272.9788
v -2714.1898 814.4196 273.0039
f 4594 4595 4596
v -2713.3456 814.5748 283.2200
v -2714.4493 814.3752 285.9084
v -2709.7820 815.2223 283.2054
f 4597 4598 4599
v -2708.9605 815.3710 283.1277
v -2709.7820 815.2223 283.2054
v -2703.5180 816.3598 285.9128
f 4600 4601 4602
v -2714.4493 814.3752 285.9084
v -2703.5180 816.3598 285.9128
v -2709.7820 815.2223 283.2054
f 4603 4604 4605
v -2703.5169 816.3594 283.1299
v -2708.9605 815.3710 283.1277
v -2703.5180 816.3598 285.9128
f 4606 4607 4608
v -2714.1941 814.4211 283.2256
v -2713.3456 814.5748 283.2200
v -2712.7376 823.8991 283.1970
f 4609 4610 4611
v -2714.9305 817.2130 283.2249
v -2714.1941 814.4211 283.2256
v -2712.7376 823.8991 283.1970
f 4612 4613 4614
v -2707.1707 838.4030 283.1315
v -2713.3456 814.5748 283.2200
v -2709.7820 815.2223 283.2054
f 4615 4616 4617
v -2712.7376 823.8991 283.1970
v -2713.3456 814.5748 283.2200
v -2707.1707 838.4030 283.1315
f 4618 4619 4620
v -2715.0211 817.7473 283.2248
v -2714.9305 817.2130 283.2249
v -2712.7376 823.8991 283.1970
f 4621 4622 4623
v -2706.8445 839.2521 283.1275
v -2707.1707 838.4030 283.1315
v -2709.7820 815.2223 283.2054
f 4624 4625 4626
v -2709.8025 803.4159 273.0074
v -2709.8066 803.4174 283.1290
v -2709.9522 804.3098 283.1288
f 4627 4628 4629
v -2709.8025 803.4159 273.0074
v -2709.9522 804.3098 283.1288
v -2710.2432 806.1160 273.0068
f 4630 4631 4632
v -2710.2474 806.1175 283.1724
v -2710.2432 806.1160 273.0068
v -2709.9522 804.3098 283.1288
f 4633 4634 4635
v -2707.1707 838.4030 283.1315
v -2706.8402 839.2505 273.0039
v -2707.1666 838.4014 273.0039
f 4636 4637 4638
v -2707.1707 838.4030 283.1315
v -2706.8445 839.2521 283.1275
v -2706.8402 839.2505 273.0039
f 4639 4640 4641
v -2712.7334 823.8975 273.0033
v -2712.7376 823.8991 283.1970
v -2707.1666 838.4014 273.0039
f 4642 4643 4644
v -2707.1707 838.4030 283.1315
v -2707.1666 838.4014 273.0039
v -2712.7376 823.8991 283.1970
f 4645 4646 4647
v -2706.8081 839.3364 273.0039
v -2706.8445 839.2521 283.1275
v -2706.8122 839.3380 283.1255
f 4648 4649 4650
v -2704.3005 845.8676 272.9911
v -2706.5735 839.9593 283.1255
v -2704.3046 845.8691 283.0387
f 4651 4652 4653
v -2706.5693 839.9577 273.0039
v -2706.5735 839.9593 283.1255
v -2704.3005 845.8676 272.9911
f 4654 4655 4656
v -2706.8081 839.3364 273.0039
v -2706.8402 839.2505 273.0039
v -2706.8445 839.2521 283.1275
f 4657 4658 4659
v -2704.3005 845.8676 272.9911
v -2706.5693 839.9577 272.9909
v -2706.5693 839.9577 273.0039
f 4660 4661 4662
v -2706.8081 839.3364 273.0039
v -2706.8122 839.3380 283.1255
v -2706.5693 839.9577 273.0039
f 4663 4664 4665
v -2706.5693 839.9577 273.0039
v -2706.8122 839.3380 283.1255
v -2706.5735 839.9593 283.1255
f 4666 4667 4668
v -2681.5182 830.0935 273.0158
v -2681.1868 828.0363 283.1378
v -2681.1828 828.0347 273.0162
f 4669 4670 4671
v -2681.4692 830.1014 273.0158
v -2681.5223 830.0952 283.1374
v -2681.5182 830.0935 273.0158
f 4672 4673 4674
v -2681.5280 830.5256 273.0157
v -2681.4733 830.1031 283.1374
v -2681.4692 830.1014 273.0158
f 4675 4676 4677
v -2678.4743 808.4657 273.0198
v -2709.8066 803.4174 283.1290
v -2709.8025 803.4159 273.0074
f 4678 4679 4680
v -2681.1828 828.0347 273.0162
v -2678.4785 808.4673 283.1414
v -2678.4743 808.4657 273.0198
f 4681 4682 4683
v -2679.1098 831.0237 283.1203
v -2681.5322 830.5272 283.1373
v -2681.5280 830.5256 273.0157
f 4684 4685 4686
v -2679.7663 836.4293 283.0523
v -2679.1098 831.0237 283.1203
v -2679.1057 831.0221 273.0037
f 4687 4688 4689
v -2704.3046 845.8691 283.0387
v -2679.7663 836.4293 283.0523
v -2679.7622 836.4278 273.0027
f 4690 4691 4692
v -2681.5280 830.5256 273.0027
v -2706.5693 839.9577 273.0039
v -2706.5693 839.9577 272.9909
f 4693 4694 4695
v -2716.2229 814.0330 272.9781
v -2714.4493 814.3752 285.9084
v -2714.4439 814.3732 272.9788
f 4696 4697 4698
v -2714.8603 805.6624 272.9799
v -2716.2282 814.0349 285.9077
v -2716.2229 814.0330 272.9781
f 4699 4700 4701
v -2714.8603 805.6624 272.9799
v -2710.4363 806.4646 273.0067
v -2710.4404 806.4661 283.1943
f 4702 4703 4704
v -2703.5169 816.3594 283.1299
v -2702.0026 807.9968 285.9145
v -2702.0014 807.9964 283.1316
f 4705 4706 4707
v -2703.5127 816.3578 272.9833
v -2701.9973 807.9949 273.0099
v -2701.9973 807.9949 272.9849
f 4708 4709 4710
v -2714.4439 814.3732 272.9788
v -2714.1941 814.4211 283.2256
v -2714.1898 814.4196 273.0039
f 4711 4712 4713
v -2703.5127 816.3578 272.9833
v -2714.1898 814.4196 273.0039
v -2703.5127 816.3578 273.0083
f 4714 4715 4716

g building_ID_80470554-9F34-4F23-BFAD-AF5A2F33AFAE
v -2732.9679 794.3420 271.6286
v -2731.6668 798.1205 271.6287
v -2731.5459 798.0741 271.6288
f 4717 4718 4719
v -2731.6668 798.1205 271.6287
v -2750.1785 807.4441 271.6196
v -2730.9276 800.0435 271.6288
f 4720 4721 4722
v -2741.8298 822.6564 271.6212
v -2724.6897 816.0615 271.6293
v -2730.9276 800.0435 271.6288
f 4723 4724 4725
v -2730.8118 799.9992 271.6289
v -2730.9276 800.0435 271.6288
v -2724.6897 816.0615 271.6293
f 4726 4727 4728
v -2741.8086 822.7124 271.6212
v -2741.8298 822.6564 271.6212
v -2742.0165 822.7280 271.6211
f 4729 4730 4731
v -2730.9276 800.0435 271.6288
v -2750.1785 807.4441 271.6196
v -2741.8298 822.6564 271.6212
f 4732 4733 4734
v -2741.9954 822.7839 271.6211
v -2741.8086 822.7124 271.6212
v -2742.0165 822.7280 271.6211
f 4735 4736 4737
v -2742.0165 822.7280 271.6211
v -2741.8298 822.6564 271.6212
v -2750.3419 807.6545 271.6195
f 4738 4739 4740
v -2752.3118 801.7129 271.6194
v -2731.6668 798.1205 271.6287
v -2732.9679 794.3420 271.6286
f 4741 4742 4743
v -2741.8298 822.6564 271.6212
v -2750.1785 807.4441 271.6196
v -2750.3419 807.6545 271.6195
f 4744 4745 4746
v -2750.1785 807.4441 271.6196
v -2731.6668 798.1205 271.6287
v -2751.0223 805.2813 271.6195
f 4747 4748 4749
v -2751.2181 805.3569 271.6194
v -2751.0223 805.2813 271.6195
v -2751.7881 803.8594 271.6194
f 4750 4751 4752
v -2752.3118 801.7129 271.6194
v -2751.7881 803.8594 271.6194
v -2751.0223 805.2813 271.6195
f 4753 4754 4755
v -2742.0165 822.7280 271.6211
v -2750.3419 807.6545 271.6195
v -2744.6958 823.7582 271.6198
f 4756 4757 4758
v -2750.3419 807.6545 271.6195
v -2750.7853 807.8737 271.6193
v -2744.6958 823.7582 271.6198
f 4759 4760 4761
v -2750.3419 807.6545 271.6195
v -2750.1785 807.4441 271.6196
v -2750.3913 807.5257 271.6195
f 4762 4763 4764
v -2752.3118 801.7129 271.6194
v -2751.0223 805.2813 271.6195
v -2731.6668 798.1205 271.6287
f 4765 4766 4767
v -2751.0328 805.2852 296.8056
v -2751.2286 805.3607 296.8055
v -2751.7986 803.8632 296.8055
f 4768 4769 4770
v -2731.6773 798.1243 296.8148
v -2750.1890 807.4479 296.8057
v -2751.0328 805.2852 296.8056
f 4771 4772 4773
v -2751.7986 803.8632 296.8055
v -2752.3224 801.7167 296.8055
v -2751.0328 805.2852 296.8056
f 4774 4775 4776
v -2750.3524 807.6584 296.8056
v -2744.7063 823.7620 296.8058
v -2750.7959 807.8775 296.8054
f 4777 4778 4779
v -2750.3524 807.6584 296.8056
v -2750.4018 807.5294 296.8056
v -2750.1890 807.4479 296.8057
f 4780 4781 4782
v -2742.0271 822.7318 296.8071
v -2744.7063 823.7620 296.8058
v -2750.3524 807.6584 296.8056
f 4783 4784 4785
v -2750.1890 807.4479 296.8057
v -2741.8403 822.6603 296.8072
v -2750.3524 807.6584 296.8056
f 4786 4787 4788
v -2731.6773 798.1243 296.8148
v -2751.0328 805.2852 296.8056
v -2752.3224 801.7167 296.8055
f 4789 4790 4791
v -2750.1890 807.4479 296.8057
v -2730.9381 800.0472 296.8149
v -2741.8403 822.6603 296.8072
f 4792 4793 4794
v -2731.6773 798.1243 296.8148
v -2732.9784 794.3457 296.8147
v -2731.5564 798.0779 296.8149
f 4795 4796 4797
v -2750.1890 807.4479 296.8057
v -2731.6773 798.1243 296.8148
v -2730.9381 800.0472 296.8149
f 4798 4799 4800
v -2724.7002 816.0653 296.8153
v -2730.9381 800.0472 296.8149
v -2730.8222 800.0029 296.8150
f 4801 4802 4803
v -2741.8191 822.7162 296.8072
v -2742.0059 822.7877 296.8071
v -2742.0271 822.7318 296.8071
f 4804 4805 4806
v -2742.0271 822.7318 296.8071
v -2741.8403 822.6603 296.8072
v -2741.8191 822.7162 296.8072
f 4807 4808 4809
v -2741.8403 822.6603 296.8072
v -2742.0271 822.7318 296.8071
v -2750.3524 807.6584 296.8056
f 4810 4811 4812
v -2741.8403 822.6603 296.8072
v -2730.9381 800.0472 296.8149
v -2724.7002 816.0653 296.8153
f 4813 4814 4815
v -2732.9784 794.3457 296.8147
v -2731.6773 798.1243 296.8148
v -2752.3224 801.7167 296.8055
f 4816 4817 4818
v -2750.7853 807.8737 271.6193
v -2750.7959 807.8775 296.8054
v -2744.7063 823.7620 296.8058
f 4819 4820 4821
v -2750.3419 807.6545 271.6195
v -2750.3524 807.6584 296.8056
v -2750.7959 807.8775 296.8054
f 4822 4823 4824
v -2750.3913 807.5257 271.6195
v -2750.4018 807.5294 296.8056
v -2750.3524 807.6584 296.8056
f 4825 4826 4827
v -2750.1785 807.4441 271.6196
v -2750.1890 807.4479 296.8057
v -2750.4018 807.5294 296.8056
f 4828 4829 4830
v -2751.0223 805.2813 271.6195
v -2751.0328 805.2852 296.8056
v -2750.1890 807.4479 296.8057
f 4831 4832 4833
v -2751.2181 805.3569 271.6194
v -2751.2286 805.3607 296.8055
v -2751.0328 805.2852 296.8056
f 4834 4835 4836
v -2751.7881 803.8594 271.6194
v -2751.7986 803.8632 296.8055
v -2751.2286 805.3607 296.8055
f 4837 4838 4839
v -2752.3118 801.7129 271.6194
v -2752.3224 801.7167 296.8055
v -2751.7986 803.8632 296.8055
f 4840 4841 4842
v -2732.9679 794.3420 271.6286
v -2732.9784 794.3457 296.8147
v -2752.3224 801.7167 296.8055
f 4843 4844 4845
v -2731.5459 798.0741 271.6288
v -2731.5564 798.0779 296.8149
v -2732.9784 794.3457 296.8147
f 4846 4847 4848
v -2731.6668 798.1205 271.6287
v -2731.6773 798.1243 296.8148
v -2731.5564 798.0779 296.8149
f 4849 4850 4851
v -2730.9276 800.0435 271.6288
v -2730.9381 800.0472 296.8149
v -2731.6773 798.1243 296.8148
f 4852 4853 4854
v -2730.8118 799.9992 271.6289
v -2730.8222 800.0029 296.8150
v -2730.9381 800.0472 296.8149
f 4855 4856 4857
v -2724.6897 816.0615 271.6293
v -2724.7002 816.0653 296.8153
v -2730.8222 800.0029 296.8150
f 4858 4859 4860
v -2741.8298 822.6564 271.6212
v -2741.8403 822.6603 296.8072
v -2724.7002 816.0653 296.8153
f 4861 4862 4863
v -2741.8086 822.7124 271.6212
v -2741.8191 822.7162 296.8072
v -2741.8403 822.6603 296.8072
f 4864 4865 4866
v -2741.9954 822.7839 271.6211
v -2742.0059 822.7877 296.8071
v -2741.8191 822.7162 296.8072
f 4867 4868 4869
v -2742.0165 822.7280 271.6211
v -2742.0271 822.7318 296.8071
v -2742.0059 822.7877 296.8071
f 4870 4871 4872
v -2744.6958 823.7582 271.6198
v -2744.7063 823.7620 296.8058
v -2742.0271 822.7318 296.8071
f 4873 4874 4875
v -2750.7853 807.8737 271.6193
v -2744.7063 823.7620 296.8058
v -2744.6958 823.7582 271.6198
f 4876 4877 4878
v -2750.3419 807.6545 271.6195
v -2750.7959 807.8775 296.8054
v -2750.7853 807.8737 271.6193
f 4879 4880 4881
v -2750.3913 807.5257 271.6195
v -2750.3524 807.6584 296.8056
v -2750.3419 807.6545 271.6195
f 4882 4883 4884
v -2750.1785 807.4441 271.6196
v -2750.4018 807.5294 296.8056
v -2750.3913 807.5257 271.6195
f 4885 4886 4887
v -2751.0223 805.2813 271.6195
v -2750.1890 807.4479 296.8057
v -2750.1785 807.4441 271.6196
f 4888 4889 4890
v -2751.2181 805.3569 271.6194
v -2751.0328 805.2852 296.8056
v -2751.0223 805.2813 271.6195
f 4891 4892 4893
v -2751.7881 803.8594 271.6194
v -2751.2286 805.3607 296.8055
v -2751.2181 805.3569 271.6194
f 4894 4895 4896
v -2752.3118 801.7129 271.6194
v -2751.7986 803.8632 296.8055
v -2751.7881 803.8594 271.6194
f 4897 4898 4899
v -2732.9679 794.3420 271.6286
v -2752.3224 801.7167 296.8055
v -2752.3118 801.7129 271.6194
f 4900 4901 4902
v -2731.5459 798.0741 271.6288
v -2732.9784 794.3457 296.8147
v -2732.9679 794.3420 271.6286
f 4903 4904 4905
v -2731.6668 798.1205 271.6287
v -2731.5564 798.0779 296.8149
v -2731.5459 798.0741 271.6288
f 4906 4907 4908
v -2730.9276 800.0435 271.6288
v -2731.6773 798.1243 296.8148
v -2731.6668 798.1205 271.6287
f 4909 4910 4911
v -2730.8118 799.9992 271.6289
v -2730.9381 800.0472 296.8149
v -2730.9276 800.0435 271.6288
f 4912 4913 4914
v -2724.6897 816.0615 271.6293
v -2730.8222 800.0029 296.8150
v -2730.8118 799.9992 271.6289
f 4915 4916 4917
v -2741.8298 822.6564 271.6212
v -2724.7002 816.0653 296.8153
v -2724.6897 816.0615 271.6293
f 4918 4919 4920
v -2741.8086 822.7124 271.6212
v -2741.8403 822.6603 296.8072
v -2741.8298 822.6564 271.6212
f 4921 4922 4923
v -2741.9954 822.7839 271.6211
v -2741.8191 822.7162 296.8072
v -2741.8086 822.7124 271.6212
f 4924 4925 4926
v -2742.0165 822.7280 271.6211
v -2742.0059 822.7877 296.8071
v -2741.9954 822.7839 271.6211
f 4927 4928 4929
v -2744.6958 823.7582 271.6198
v -2742.0271 822.7318 296.8071
v -2742.0165 822.7280 271.6211
f 4930 4931 4932

g building_ID_7CEA0EDD-226A-45B6-99E6-B6A91EA3DFC5
v -2761.3764 789.4476 273.3589
v -2760.7288 790.0588 273.3591
v -2761.4691 789.1589 273.3589
f 4933 4934 4935
v -2761.2147 789.7042 273.3590
v -2760.7288 790.0588 273.3591
v -2761.3764 789.4476 273.3589
f 4936 4937 4938
v -2759.5722 789.9158 273.3597
v -2761.4297 788.5588 273.3590
v -2761.4691 789.1589 273.3589
f 4939 4940 4941
v -2760.9942 789.9127 273.3590
v -2760.7288 790.0588 273.3591
v -2761.2147 789.7042 273.3590
f 4942 4943 4944
v -2761.4691 789.1589 273.3589
v -2760.7288 790.0588 273.3591
v -2759.5722 789.9158 273.3597
f 4945 4946 4947
v -2761.3005 788.2845 273.3591
v -2761.4297 788.5588 273.3590
v -2761.1062 788.0509 273.3592
f 4948 4949 4950
v -2761.4691 789.1589 273.3589
v -2761.4297 788.5588 273.3590
v -2761.4880 788.8559 273.3590
f 4951 4952 4953
v -2760.8606 787.8733 273.3594
v -2761.1062 788.0509 273.3592
v -2760.5779 787.7626 273.3595
f 4954 4955 4956
v -2761.1062 788.0509 273.3592
v -2760.2770 787.7257 273.3596
v -2760.5779 787.7626 273.3595
f 4957 4958 4959
v -2760.2770 787.7257 273.3596
v -2761.1062 788.0509 273.3592
v -2761.4297 788.5588 273.3590
f 4960 4961 4962
v -2760.4356 790.1351 273.3593
v -2759.5722 789.9158 273.3597
v -2760.7288 790.0588 273.3591
f 4963 4964 4965
v -2760.4356 790.1351 273.3593
v -2759.8378 790.0615 273.3595
v -2759.5722 789.9158 273.3597
f 4966 4967 4968
v -2761.4297 788.5588 273.3590
v -2759.5722 789.9158 273.3597
v -2759.2575 788.2900 273.3600
f 4969 4970 4971
v -2759.1874 789.4538 273.3599
v -2759.0730 788.8625 273.3600
v -2759.5722 789.9158 273.3597
f 4972 4973 4974
v -2759.3497 789.7092 273.3598
v -2759.1874 789.4538 273.3599
v -2759.5722 789.9158 273.3597
f 4975 4976 4977
v -2759.0922 789.1655 273.3600
v -2759.0730 788.8625 273.3600
v -2759.1874 789.4538 273.3599
f 4978 4979 4980
v -2759.9759 787.7639 273.3598
v -2760.2770 787.7257 273.3596
v -2759.6946 787.8761 273.3599
f 4981 4982 4983
v -2759.4502 788.0554 273.3599
v -2759.6946 787.8761 273.3599
v -2760.2770 787.7257 273.3596
f 4984 4985 4986
v -2759.2575 788.2900 273.3600
v -2759.0730 788.8625 273.3600
v -2759.1288 788.5646 273.3600
f 4987 4988 4989
v -2759.2575 788.2900 273.3600
v -2759.4502 788.0554 273.3599
v -2760.2770 787.7257 273.3596
f 4990 4991 4992
v -2760.2770 787.7257 273.3596
v -2761.4297 788.5588 273.3590
v -2759.2575 788.2900 273.3600
f 4993 4994 4995
v -2759.2575 788.2900 273.3600
v -2759.5722 789.9158 273.3597
v -2759.0730 788.8625 273.3600
f 4996 4997 4998
v -2759.8378 790.0615 273.3595
v -2760.4356 790.1351 273.3593
v -2760.1315 790.1363 273.3594
f 4999 5000 5001
v -2761.4922 788.8574 283.3126
v -2761.4340 788.5603 283.3126
v -2761.4734 789.1604 283.3125
f 5002 5003 5004
v -2761.3047 788.2859 283.3127
v -2761.1103 788.0525 283.3128
v -2761.4340 788.5603 283.3126
f 5005 5006 5007
v -2760.5821 787.7640 283.3131
v -2761.1103 788.0525 283.3128
v -2760.8648 787.8748 283.3130
f 5008 5009 5010
v -2760.2812 787.7272 283.3132
v -2761.4340 788.5603 283.3126
v -2761.1103 788.0525 283.3128
f 5011 5012 5013
v -2759.5763 789.9172 283.3133
v -2761.4734 789.1604 283.3125
v -2761.4340 788.5603 283.3126
f 5014 5015 5016
v -2761.2189 789.7057 283.3126
v -2761.3805 789.4491 283.3125
v -2760.7329 790.0604 283.3127
f 5017 5018 5019
v -2761.4734 789.1604 283.3125
v -2760.7329 790.0604 283.3127
v -2761.3805 789.4491 283.3125
f 5020 5021 5022
v -2760.9983 789.9141 283.3126
v -2761.2189 789.7057 283.3126
v -2760.7329 790.0604 283.3127
f 5023 5024 5025
v -2759.5763 789.9172 283.3133
v -2760.7329 790.0604 283.3127
v -2761.4734 789.1604 283.3125
f 5026 5027 5028
v -2760.4398 790.1366 283.3129
v -2760.7329 790.0604 283.3127
v -2759.5763 789.9172 283.3133
f 5029 5030 5031
v -2760.5821 787.7640 283.3131
v -2760.2812 787.7272 283.3132
v -2761.1103 788.0525 283.3128
f 5032 5033 5034
v -2759.6988 787.8777 283.3135
v -2760.2812 787.7272 283.3132
v -2759.9801 787.7654 283.3134
f 5035 5036 5037
v -2759.4543 788.0570 283.3135
v -2760.2812 787.7272 283.3132
v -2759.6988 787.8777 283.3135
f 5038 5039 5040
v -2761.4340 788.5603 283.3126
v -2759.2617 788.2914 283.3136
v -2759.5763 789.9172 283.3133
f 5041 5042 5043
v -2759.4543 788.0570 283.3135
v -2759.2617 788.2914 283.3136
v -2760.2812 787.7272 283.3132
f 5044 5045 5046
v -2759.1330 788.5661 283.3136
v -2759.0772 788.8639 283.3136
v -2759.2617 788.2914 283.3136
f 5047 5048 5049
v -2760.1358 790.1377 283.3130
v -2760.4398 790.1366 283.3129
v -2759.8419 790.0630 283.3131
f 5050 5051 5052
v -2760.4398 790.1366 283.3129
v -2759.5763 789.9172 283.3133
v -2759.8419 790.0630 283.3131
f 5053 5054 5055
v -2759.1916 789.4553 283.3135
v -2759.0772 788.8639 283.3136
v -2759.0964 789.1670 283.3136
f 5056 5057 5058
v -2759.1916 789.4553 283.3135
v -2759.3539 789.7106 283.3134
v -2759.5763 789.9172 283.3133
f 5059 5060 5061
v -2759.0772 788.8639 283.3136
v -2759.1916 789.4553 283.3135
v -2759.5763 789.9172 283.3133
f 5062 5063 5064
v -2759.5763 789.9172 283.3133
v -2759.2617 788.2914 283.3136
v -2759.0772 788.8639 283.3136
f 5065 5066 5067
v -2759.2617 788.2914 283.3136
v -2761.4340 788.5603 283.3126
v -2760.2812 787.7272 283.3132
f 5068 5069 5070
v -2760.2770 787.7257 273.3596
v -2760.2812 787.7272 283.3132
v -2760.5821 787.7640 283.3131
f 5071 5072 5073
v -2759.9759 787.7639 273.3598
v -2759.9801 787.7654 283.3134
v -2760.2812 787.7272 283.3132
f 5074 5075 5076
v -2759.6946 787.8761 273.3599
v -2759.6988 787.8777 283.3135
v -2759.9801 787.7654 283.3134
f 5077 5078 5079
v -2759.4502 788.0554 273.3599
v -2759.4543 788.0570 283.3135
v -2759.6988 787.8777 283.3135
f 5080 5081 5082
v -2759.2575 788.2900 273.3600
v -2759.2617 788.2914 283.3136
v -2759.4543 788.0570 283.3135
f 5083 5084 5085
v -2759.1288 788.5646 273.3600
v -2759.1330 788.5661 283.3136
v -2759.2617 788.2914 283.3136
f 5086 5087 5088
v -2759.0730 788.8625 273.3600
v -2759.0772 788.8639 283.3136
v -2759.1330 788.5661 283.3136
f 5089 5090 5091
v -2759.0922 789.1655 273.3600
v -2759.0964 789.1670 283.3136
v -2759.0772 788.8639 283.3136
f 5092 5093 5094
v -2759.1874 789.4538 273.3599
v -2759.1916 789.4553 283.3135
v -2759.0964 789.1670 283.3136
f 5095 5096 5097
v -2759.3497 789.7092 273.3598
v -2759.3539 789.7106 283.3134
v -2759.1916 789.4553 283.3135
f 5098 5099 5100
v -2759.5722 789.9158 273.3597
v -2759.5763 789.9172 283.3133
v -2759.3539 789.7106 283.3134
f 5101 5102 5103
v -2759.8378 790.0615 273.3595
v -2759.8419 790.0630 283.3131
v -2759.5763 789.9172 283.3133
f 5104 5105 5106
v -2760.1315 790.1363 273.3594
v -2760.1358 790.1377 283.3130
v -2759.8419 790.0630 283.3131
f 5107 5108 5109
v -2760.4356 790.1351 273.3593
v -2760.4398 790.1366 283.3129
v -2760.1358 790.1377 283.3130
f 5110 5111 5112
v -2760.7288 790.0588 273.3591
v -2760.7329 790.0604 283.3127
v -2760.4398 790.1366 283.3129
f 5113 5114 5115
v -2760.9942 789.9127 273.3590
v -2760.9983 789.9141 283.3126
v -2760.7329 790.0604 283.3127
f 5116 5117 5118
v -2761.2147 789.7042 273.3590
v -2761.2189 789.7057 283.3126
v -2760.9983 789.9141 283.3126
f 5119 5120 5121
v -2761.3764 789.4476 273.3589
v -2761.3805 789.4491 283.3125
v -2761.2189 789.7057 283.3126
f 5122 5123 5124
v -2761.4691 789.1589 273.3589
v -2761.4734 789.1604 283.3125
v -2761.3805 789.4491 283.3125
f 5125 5126 5127
v -2761.4880 788.8559 273.3590
v -2761.4922 788.8574 283.3126
v -2761.4734 789.1604 283.3125
f 5128 5129 5130
v -2761.4297 788.5588 273.3590
v -2761.4340 788.5603 283.3126
v -2761.4922 788.8574 283.3126
f 5131 5132 5133
v -2761.3005 788.2845 273.3591
v -2761.3047 788.2859 283.3127
v -2761.4340 788.5603 283.3126
f 5134 5135 5136
v -2761.1062 788.0509 273.3592
v -2761.1103 788.0525 283.3128
v -2761.3047 788.2859 283.3127
f 5137 5138 5139
v -2760.8606 787.8733 273.3594
v -2760.8648 787.8748 283.3130
v -2761.1103 788.0525 283.3128
f 5140 5141 5142
v -2760.5779 787.7626 273.3595
v -2760.5821 787.7640 283.3131
v -2760.8648 787.8748 283.3130
f 5143 5144 5145
v -2760.2770 787.7257 273.3596
v -2760.5821 787.7640 283.3131
v -2760.5779 787.7626 273.3595
f 5146 5147 5148
v -2759.9759 787.7639 273.3598
v -2760.2812 787.7272 283.3132
v -2760.2770 787.7257 273.3596
f 5149 5150 5151
v -2759.6946 787.8761 273.3599
v -2759.9801 787.7654 283.3134
v -2759.9759 787.7639 273.3598
f 5152 5153 5154
v -2759.4502 788.0554 273.3599
v -2759.6988 787.8777 283.3135
v -2759.6946 787.8761 273.3599
f 5155 5156 5157
v -2759.2575 788.2900 273.3600
v -2759.4543 788.0570 283.3135
v -2759.4502 788.0554 273.3599
f 5158 5159 5160
v -2759.1288 788.5646 273.3600
v -2759.2617 788.2914 283.3136
v -2759.2575 788.2900 273.3600
f 5161 5162 5163
v -2759.0730 788.8625 273.3600
v -2759.1330 788.5661 283.3136
v -2759.1288 788.5646 273.3600
f 5164 5165 5166
v -2759.0922 789.1655 273.3600
v -2759.0772 788.8639 283.3136
v -2759.0730 788.8625 273.3600
f 5167 5168 5169
v -2759.1874 789.4538 273.3599
v -2759.0964 789.1670 283.3136
v -2759.0922 789.1655 273.3600
f 5170 5171 5172
v -2759.3497 789.7092 273.3598
v -2759.1916 789.4553 283.3135
v -2759.1874 789.4538 273.3599
f 5173 5174 5175
v -2759.5722 789.9158 273.3597
v -2759.3539 789.7106 283.3134
v -2759.3497 789.7092 273.3598
f 5176 5177 5178
v -2759.8378 790.0615 273.3595
v -2759.5763 789.9172 283.3133
v -2759.5722 789.9158 273.3597
f 5179 5180 5181
v -2760.1315 790.1363 273.3594
v -2759.8419 790.0630 283.3131
v -2759.8378 790.0615 273.3595
f 5182 5183 5184
v -2760.4356 790.1351 273.3593
v -2760.1358 790.1377 283.3130
v -2760.1315 790.1363 273.3594
f 5185 5186 5187
v -2760.7288 790.0588 273.3591
v -2760.4398 790.1366 283.3129
v -2760.4356 790.1351 273.3593
f 5188 5189 5190
v -2760.9942 789.9127 273.3590
v -2760.7329 790.0604 283.3127
v -2760.7288 790.0588 273.3591
f 5191 5192 5193
v -2761.2147 789.7042 273.3590
v -2760.9983 789.9141 283.3126
v -2760.9942 789.9127 273.3590
f 5194 5195 5196
v -2761.3764 789.4476 273.3589
v -2761.2189 789.7057 283.3126
v -2761.2147 789.7042 273.3590
f 5197 5198 5199
v -2761.4691 789.1589 273.3589
v -2761.3805 789.4491 283.3125
v -2761.3764 789.4476 273.3589
f 5200 5201 5202
v -2761.4880 788.8559 273.3590
v -2761.4734 789.1604 283.3125
v -2761.4691 789.1589 273.3589
f 5203 5204 5205
v -2761.4297 788.5588 273.3590
v -2761.4922 788.8574 283.3126
v -2761.4880 788.8559 273.3590
f 5206 5207 5208
v -2761.3005 788.2845 273.3591
v -2761.4340 788.5603 283.3126
v -2761.4297 788.5588 273.3590
f 5209 5210 5211
v -2761.1062 788.0509 273.3592
v -2761.3047 788.2859 283.3127
v -2761.3005 788.2845 273.3591
f 5212 5213 5214
v -2760.8606 787.8733 273.3594
v -2761.1103 788.0525 283.3128
v -2761.1062 788.0509 273.3592
f 5215 5216 5217
v -2760.5779 787.7626 273.3595
v -2760.8648 787.8748 283.3130
v -2760.8606 787.8733 273.3594
f 5218 5219 5220

g building_ID_45E613DD-BD0C-4159-BA57-CBBBE12FD88D
v -2731.9103 787.6914 272.9409
v -2731.9131 787.6925 279.6416
v -2733.5442 780.6440 272.9411
f 5221 5222 5223
v -2757.1429 793.6552 272.9292
v -2758.9646 786.6971 272.9293
v -2757.3028 793.6926 272.9292
f 5224 5225 5226
v -2745.8570 780.3080 272.9358
v -2758.9646 786.6971 272.9293
v -2733.5442 780.6440 272.9411
f 5227 5228 5229
v -2745.8570 780.3080 272.9358
v -2733.5442 780.6440 272.9411
v -2745.2424 780.1644 272.9360
f 5230 5231 5232
v -2745.2424 780.1644 272.9360
v -2733.5442 780.6440 272.9411
v -2741.6027 779.3127 272.9377
f 5233 5234 5235
v -2731.9103 787.6914 272.9409
v -2758.9646 786.6971 272.9293
v -2757.1429 793.6552 272.9292
f 5236 5237 5238
v -2745.8984 780.1371 272.9358
v -2758.9646 786.6971 272.9293
v -2745.8570 780.3080 272.9358
f 5239 5240 5241
v -2745.8984 780.1371 272.9358
v -2746.8480 776.1878 272.9358
v -2760.6729 779.5079 272.9295
f 5242 5243 5244
v -2745.8984 780.1371 272.9358
v -2760.6729 779.5079 272.9295
v -2758.9646 786.6971 272.9293
f 5245 5246 5247
v -2738.8963 776.1123 272.9393
v -2742.1702 776.8982 272.9378
v -2741.6027 779.3127 272.9377
f 5248 5249 5250
v -2733.5442 780.6440 272.9411
v -2738.8963 776.1123 272.9393
v -2741.6027 779.3127 272.9377
f 5251 5252 5253
v -2733.5442 780.6440 272.9411
v -2758.9646 786.6971 272.9293
v -2731.9103 787.6914 272.9409
f 5254 5255 5256
v -2736.2972 773.9464 272.9406
v -2739.2463 774.6544 272.9393
v -2739.0713 775.3829 272.9393
f 5257 5258 5259
v -2735.3118 773.7098 272.9411
v -2736.2972 773.9464 272.9406
v -2739.0713 775.3829 272.9393
f 5260 5261 5262
v -2735.3118 773.7098 272.9411
v -2739.0713 775.3829 272.9393
v -2738.8963 776.1123 272.9393
f 5263 5264 5265
v -2738.8963 776.1123 272.9393
v -2733.5442 780.6440 272.9411
v -2735.3108 773.7098 272.9411
f 5266 5267 5268
v -2738.8963 776.1123 272.9393
v -2735.3108 773.7098 272.9411
v -2735.3118 773.7098 272.9411
f 5269 5270 5271
v -2752.2484 785.0973 280.9941
v -2733.5476 780.6451 280.9818
v -2752.1963 785.1302 280.9851
f 5272 5273 5274
v -2757.1458 793.6561 279.6240
v -2752.1963 785.1302 280.9851
v -2733.5476 780.6451 280.9818
f 5275 5276 5277
v -2752.1963 785.1302 280.9851
v -2757.3057 793.6936 279.6240
v -2752.3522 785.1655 280.9851
f 5278 5279 5280
v -2758.9680 786.6974 280.9980
v -2752.3214 785.1145 280.9941
v -2752.3522 785.1655 280.9851
f 5281 5282 5283
v -2757.3057 793.6936 279.6240
v -2758.9680 786.6974 280.9980
v -2752.3522 785.1655 280.9851
f 5284 5285 5286
v -2757.3057 793.6936 279.6240
v -2752.1963 785.1302 280.9851
v -2757.1458 793.6561 279.6240
f 5287 5288 5289
v -2731.9131 787.6925 279.6416
v -2757.1458 793.6561 279.6240
v -2733.5476 780.6451 280.9818
f 5290 5291 5292
v -2742.1731 776.8991 279.9266
v -2738.8963 776.1123 272.9393
v -2738.8992 776.1134 279.9231
f 5293 5294 5295
v -2739.2490 774.6553 279.6421
v -2738.8992 776.1134 279.9231
v -2739.0713 775.3829 272.9393
f 5296 5297 5298
v -2739.0713 775.3829 272.9393
v -2739.2463 774.6544 272.9393
v -2739.2490 774.6553 279.6421
f 5299 5300 5301
v -2739.0713 775.3829 272.9393
v -2738.8992 776.1134 279.9231
v -2738.8963 776.1123 272.9393
f 5302 5303 5304
v -2736.3110 773.9505 279.6394
v -2735.3146 773.7107 279.6249
v -2735.3136 773.7107 279.6389
f 5305 5306 5307
v -2735.3129 773.7105 277.9630
v -2735.3146 773.7107 279.6249
v -2736.2973 773.9472 277.9635
f 5308 5309 5310
v -2736.2973 773.9472 277.9635
v -2736.3110 773.9505 279.6394
v -2736.3019 773.9477 274.6356
f 5311 5312 5313
v -2736.2973 773.9472 277.9635
v -2736.3019 773.9477 274.6356
v -2735.3129 773.7105 277.9630
f 5314 5315 5316
v -2735.3118 773.7098 272.9411
v -2735.3122 773.7103 276.2880
v -2736.3019 773.9477 274.6356
f 5317 5318 5319
v -2735.3118 773.7098 272.9411
v -2736.3019 773.9477 274.6356
v -2736.2972 773.9464 272.9406
f 5320 5321 5322
v -2736.3019 773.9477 274.6356
v -2736.3110 773.9505 279.6394
v -2739.2490 774.6553 279.6421
f 5323 5324 5325
v -2739.2463 774.6544 272.9393
v -2736.2972 773.9464 272.9406
v -2736.3019 773.9477 274.6356
f 5326 5327 5328
v -2741.6027 779.3127 272.9377
v -2742.1702 776.8982 272.9378
v -2742.1731 776.8991 279.9266
f 5329 5330 5331
v -2746.9417 776.2110 279.5946
v -2746.9390 776.2100 273.0148
v -2746.8508 776.1887 279.5946
f 5332 5333 5334
v -2760.6729 779.5079 272.9295
v -2746.8480 776.1878 272.9358
v -2746.9390 776.2100 273.0148
f 5335 5336 5337
v -2746.9390 776.2100 273.0148
v -2760.6729 779.5079 273.0085
v -2760.6729 779.5079 272.9295
f 5338 5339 5340
v -2733.5442 780.6440 272.9411
v -2733.5476 780.6451 280.9818
v -2735.3122 773.7103 276.2880
f 5341 5342 5343
v -2735.3136 773.7107 279.6389
v -2735.3146 773.7107 279.6249
v -2733.5476 780.6451 280.9818
f 5344 5345 5346
v -2733.5476 780.6451 280.9818
v -2735.3146 773.7107 279.6249
v -2735.3129 773.7105 277.9630
f 5347 5348 5349
v -2733.5476 780.6451 280.9818
v -2735.3129 773.7105 277.9630
v -2735.3122 773.7103 276.2880
f 5350 5351 5352
v -2760.6535 779.5997 279.6243
v -2752.3214 785.1145 280.9941
v -2758.9680 786.6974 280.9980
f 5353 5354 5355
v -2754.7769 774.3401 273.0116
v -2760.6729 779.5079 273.0085
v -2746.9390 776.2100 273.0148
f 5356 5357 5358
v -2761.5154 775.9611 273.0085
v -2760.6729 779.5079 273.0085
v -2754.7769 774.3401 273.0116
f 5359 5360 5361
v -2747.7636 772.6533 273.0149
v -2754.7769 774.3401 273.0116
v -2746.9390 776.2100 273.0148
f 5362 5363 5364
v -2761.5182 775.9621 279.6203
v -2754.7803 774.3413 281.0013
v -2760.6535 779.5997 279.6243
f 5365 5366 5367
v -2752.3214 785.1145 280.9941
v -2760.6535 779.5997 279.6243
v -2754.7803 774.3413 281.0013
f 5368 5369 5370
v -2752.3522 785.1655 280.9851
v -2752.3214 785.1145 280.9941
v -2752.2763 785.1484 281.0011
f 5371 5372 5373
v -2754.7803 774.3413 281.0013
v -2752.2763 785.1484 281.0011
v -2752.3214 785.1145 280.9941
f 5374 5375 5376
v -2754.7803 774.3413 281.0013
v -2747.7663 772.6542 279.6137
v -2746.9205 776.3059 279.6136
f 5377 5378 5379
v -2749.1558 780.0050 280.1932
v -2754.7803 774.3413 281.0013
v -2746.9205 776.3059 279.6136
f 5380 5381 5382
v -2754.7803 774.3413 281.0013
v -2752.2484 785.0973 280.9941
v -2752.2763 785.1484 281.0011
f 5383 5384 5385
v -2752.1963 785.1302 280.9851
v -2752.2763 785.1484 281.0011
v -2752.2484 785.0973 280.9941
f 5386 5387 5388
v -2754.7803 774.3413 281.0013
v -2749.1558 780.0050 280.1932
v -2752.2484 785.0973 280.9941
f 5389 5390 5391
v -2747.7636 772.6533 273.0149
v -2746.9417 776.2110 279.5946
v -2747.7663 772.6542 279.6137
f 5392 5393 5394
v -2746.9205 776.3059 279.6136
v -2747.7663 772.6542 279.6137
v -2746.9417 776.2110 279.5946
f 5395 5396 5397
v -2746.9390 776.2100 273.0148
v -2746.9417 776.2110 279.5946
v -2747.7636 772.6533 273.0149
f 5398 5399 5400
v -2738.8992 776.1134 279.9231
v -2735.3136 773.7107 279.6389
v -2733.5476 780.6451 280.9818
f 5401 5402 5403
v -2738.8992 776.1134 279.9231
v -2741.6058 779.3137 280.3915
v -2742.1731 776.8991 279.9266
f 5404 5405 5406
v -2738.8992 776.1134 279.9231
v -2733.5476 780.6451 280.9818
v -2741.6058 779.3137 280.3915
f 5407 5408 5409
v -2738.8992 776.1134 279.9231
v -2736.3110 773.9505 279.6394
v -2735.3136 773.7107 279.6389
f 5410 5411 5412
v -2738.8992 776.1134 279.9231
v -2739.2490 774.6553 279.6421
v -2736.3110 773.9505 279.6394
f 5413 5414 5415
v -2745.2455 780.1655 280.3908
v -2741.6058 779.3137 280.3915
v -2733.5476 780.6451 280.9818
f 5416 5417 5418
v -2752.2484 785.0973 280.9941
v -2745.8601 780.3091 280.3906
v -2745.2455 780.1655 280.3908
f 5419 5420 5421
v -2745.9015 780.1383 280.3576
v -2745.8601 780.3091 280.3906
v -2749.1558 780.0050 280.1932
f 5422 5423 5424
v -2752.2484 785.0973 280.9941
v -2749.1558 780.0050 280.1932
v -2745.8601 780.3091 280.3906
f 5425 5426 5427
v -2746.9205 776.3059 279.6136
v -2746.8508 776.1887 279.5946
v -2745.9015 780.1383 280.3576
f 5428 5429 5430
v -2745.2455 780.1655 280.3908
v -2733.5476 780.6451 280.9818
v -2752.2484 785.0973 280.9941
f 5431 5432 5433
v -2749.1558 780.0050 280.1932
v -2746.9205 776.3059 279.6136
v -2745.9015 780.1383 280.3576
f 5434 5435 5436
v -2746.9205 776.3059 279.6136
v -2746.9417 776.2110 279.5946
v -2746.8508 776.1887 279.5946
f 5437 5438 5439
v -2745.8984 780.1371 272.9358
v -2745.8570 780.3080 272.9358
v -2745.8601 780.3091 280.3906
f 5440 5441 5442
v -2745.9015 780.1383 280.3576
v -2745.8984 780.1371 272.9358
v -2745.8601 780.3091 280.3906
f 5443 5444 5445
v -2745.8984 780.1371 272.9358
v -2745.9015 780.1383 280.3576
v -2746.8480 776.1878 272.9358
f 5446 5447 5448
v -2746.8508 776.1887 279.5946
v -2746.8480 776.1878 272.9358
v -2745.9015 780.1383 280.3576
f 5449 5450 5451
v -2745.2455 780.1655 280.3908
v -2741.6027 779.3127 272.9377
v -2741.6058 779.3137 280.3915
f 5452 5453 5454
v -2745.8570 780.3080 272.9358
v -2745.2424 780.1644 272.9360
v -2745.2455 780.1655 280.3908
f 5455 5456 5457
v -2745.2455 780.1655 280.3908
v -2745.2424 780.1644 272.9360
v -2741.6027 779.3127 272.9377
f 5458 5459 5460
v -2745.8601 780.3091 280.3906
v -2745.8570 780.3080 272.9358
v -2745.2455 780.1655 280.3908
f 5461 5462 5463
v -2757.1429 793.6552 272.9292
v -2757.3028 793.6926 272.9292
v -2757.3057 793.6936 279.6240
f 5464 5465 5466
v -2757.1458 793.6561 279.6240
v -2757.1429 793.6552 272.9292
v -2757.3057 793.6936 279.6240
f 5467 5468 5469
v -2757.1429 793.6552 272.9292
v -2757.1458 793.6561 279.6240
v -2731.9103 787.6914 272.9409
f 5470 5471 5472
v -2731.9131 787.6925 279.6416
v -2731.9103 787.6914 272.9409
v -2757.1458 793.6561 279.6240
f 5473 5474 5475
v -2754.7769 774.3401 273.0116
v -2747.7636 772.6533 273.0149
v -2747.7663 772.6542 279.6137
f 5476 5477 5478
v -2754.7803 774.3413 281.0013
v -2754.7769 774.3401 273.0116
v -2747.7663 772.6542 279.6137
f 5479 5480 5481
v -2754.7769 774.3401 273.0116
v -2754.7803 774.3413 281.0013
v -2761.5154 775.9611 273.0085
f 5482 5483 5484
v -2761.5182 775.9621 279.6203
v -2761.5154 775.9611 273.0085
v -2754.7803 774.3413 281.0013
f 5485 5486 5487
v -2760.6535 779.5997 279.6243
v -2760.6729 779.5079 273.0085
v -2761.5154 775.9611 273.0085
f 5488 5489 5490
v -2758.9646 786.6971 272.9293
v -2760.6729 779.5079 272.9295
v -2760.6729 779.5079 273.0085
f 5491 5492 5493
v -2761.5182 775.9621 279.6203
v -2760.6535 779.5997 279.6243
v -2761.5154 775.9611 273.0085
f 5494 5495 5496
v -2757.3057 793.6936 279.6240
v -2760.6535 779.5997 279.6243
v -2758.9680 786.6974 280.9980
f 5497 5498 5499
v -2758.9646 786.6971 272.9293
v -2760.6535 779.5997 279.6243
v -2757.3057 793.6936 279.6240
f 5500 5501 5502
v -2757.3028 793.6926 272.9292
v -2758.9646 786.6971 272.9293
v -2757.3057 793.6936 279.6240
f 5503 5504 5505
v -2760.6729 779.5079 273.0085
v -2760.6535 779.5997 279.6243
v -2758.9646 786.6971 272.9293
f 5506 5507 5508
v -2752.2763 785.1484 281.0011
v -2752.1963 785.1302 280.9851
v -2752.3522 785.1655 280.9851
f 5509 5510 5511
v -2731.9131 787.6925 279.6416
v -2733.5476 780.6451 280.9818
v -2733.5442 780.6440 272.9411
f 5512 5513 5514
v -2738.8963 776.1123 272.9393
v -2742.1731 776.8991 279.9266
v -2742.1702 776.8982 272.9378
f 5515 5516 5517
v -2735.3146 773.7107 279.6249
v -2736.3110 773.9505 279.6394
v -2736.2973 773.9472 277.9635
f 5518 5519 5520
v -2736.3019 773.9477 274.6356
v -2735.3122 773.7103 276.2880
v -2735.3129 773.7105 277.9630
f 5521 5522 5523
v -2736.3019 773.9477 274.6356
v -2739.2490 774.6553 279.6421
v -2739.2463 774.6544 272.9393
f 5524 5525 5526
v -2741.6027 779.3127 272.9377
v -2742.1731 776.8991 279.9266
v -2741.6058 779.3137 280.3915
f 5527 5528 5529
v -2746.9390 776.2100 273.0148
v -2746.8480 776.1878 272.9358
v -2746.8508 776.1887 279.5946
f 5530 5531 5532
v -2733.5442 780.6440 272.9411
v -2735.3122 773.7103 276.2880
v -2735.3108 773.7098 272.9411
f 5533 5534 5535
v -2735.3108 773.7098 272.9411
v -2735.3122 773.7103 276.2880
v -2735.3118 773.7098 272.9411
f 5536 5537 5538

g building_ID_496F0751-A1F9-4BEF-9D4C-FEB7B74E03D6
v -2762.0728 786.3295 273.3170
v -2761.9720 786.6173 273.3170
v -2762.0474 785.7245 273.3171
f 5539 5540 5541
v -2761.8033 786.8719 273.3171
v -2761.0092 787.2867 273.3174
v -2761.9720 786.6173 273.3170
f 5542 5543 5544
v -2761.0092 787.2867 273.3174
v -2761.5767 787.0762 273.3171
v -2761.3064 787.2175 273.3172
f 5545 5546 5547
v -2761.8033 786.8719 273.3171
v -2761.5767 787.0762 273.3171
v -2761.0092 787.2867 273.3174
f 5548 5549 5550
v -2761.9720 786.6173 273.3170
v -2760.4104 787.1981 273.3176
v -2761.9231 785.4462 273.3172
f 5551 5552 5553
v -2762.0986 786.0257 273.3171
v -2762.0728 786.3295 273.3170
v -2762.0474 785.7245 273.3171
f 5554 5555 5556
v -2762.0474 785.7245 273.3171
v -2761.9720 786.6173 273.3170
v -2761.9231 785.4462 273.3172
f 5557 5558 5559
v -2761.2096 784.9033 273.3176
v -2761.4912 785.0220 273.3174
v -2760.9077 784.8594 273.3177
f 5560 5561 5562
v -2761.4912 785.0220 273.3174
v -2761.7337 785.2067 273.3173
v -2760.9077 784.8594 273.3177
f 5563 5564 5565
v -2760.9077 784.8594 273.3177
v -2761.7337 785.2067 273.3173
v -2761.9231 785.4462 273.3172
f 5566 5567 5568
v -2761.0092 787.2867 273.3174
v -2760.4104 787.1981 273.3176
v -2761.9720 786.6173 273.3170
f 5569 5570 5571
v -2760.4104 787.1981 273.3176
v -2760.9077 784.8594 273.3177
v -2761.9231 785.4462 273.3172
f 5572 5573 5574
v -2760.1458 787.0454 273.3178
v -2759.6819 786.2791 273.3181
v -2760.4104 787.1981 273.3176
f 5575 5576 5577
v -2760.1458 787.0454 273.3178
v -2759.7701 786.5714 273.3180
v -2759.6819 786.2791 273.3181
f 5578 5579 5580
v -2759.9274 786.8317 273.3179
v -2759.7701 786.5714 273.3180
v -2760.1458 787.0454 273.3178
f 5581 5582 5583
v -2759.6819 786.2791 273.3181
v -2759.8683 785.4026 273.3181
v -2760.4104 787.1981 273.3176
f 5584 5585 5586
v -2760.6046 784.8906 273.3178
v -2760.9077 784.8594 273.3177
v -2760.3183 784.9969 273.3179
f 5587 5588 5589
v -2760.0679 785.1712 273.3180
v -2760.3183 784.9969 273.3179
v -2760.9077 784.8594 273.3177
f 5590 5591 5592
v -2759.6819 786.2791 273.3181
v -2759.7325 785.6753 273.3181
v -2759.8683 785.4026 273.3181
f 5593 5594 5595
v -2759.8683 785.4026 273.3181
v -2760.0679 785.1712 273.3180
v -2760.9077 784.8594 273.3177
f 5596 5597 5598
v -2759.8683 785.4026 273.3181
v -2760.9077 784.8594 273.3177
v -2760.4104 787.1981 273.3176
f 5599 5600 5601
v -2759.6819 786.2791 273.3181
v -2759.6687 785.9741 273.3181
v -2759.7325 785.6753 273.3181
f 5602 5603 5604
v -2760.7042 787.2808 273.3175
v -2760.4104 787.1981 273.3176
v -2761.0092 787.2867 273.3174
f 5605 5606 5607
v -2762.0513 785.7259 282.6818
v -2762.0767 786.3309 282.6817
v -2762.1025 786.0270 282.6817
f 5608 5609 5610
v -2762.0513 785.7259 282.6818
v -2761.9270 785.4476 282.6819
v -2761.9759 786.6187 282.6817
f 5611 5612 5613
v -2761.4952 785.0234 282.6821
v -2760.9117 784.8608 282.6824
v -2761.7377 785.2081 282.6820
f 5614 5615 5616
v -2760.9117 784.8608 282.6824
v -2761.9270 785.4476 282.6819
v -2761.7377 785.2081 282.6820
f 5617 5618 5619
v -2761.9759 786.6187 282.6817
v -2761.9270 785.4476 282.6819
v -2760.4144 787.1995 282.6823
f 5620 5621 5622
v -2761.8073 786.8732 282.6818
v -2761.9759 786.6187 282.6817
v -2761.0131 787.2880 282.6821
f 5623 5624 5625
v -2762.0513 785.7259 282.6818
v -2761.9759 786.6187 282.6817
v -2762.0767 786.3309 282.6817
f 5626 5627 5628
v -2761.3103 787.2189 282.6819
v -2761.5807 787.0776 282.6818
v -2761.0131 787.2880 282.6821
f 5629 5630 5631
v -2761.8073 786.8732 282.6818
v -2761.0131 787.2880 282.6821
v -2761.5807 787.0776 282.6818
f 5632 5633 5634
v -2761.0131 787.2880 282.6821
v -2761.9759 786.6187 282.6817
v -2760.4144 787.1995 282.6823
f 5635 5636 5637
v -2761.4952 785.0234 282.6821
v -2761.2135 784.9046 282.6823
v -2760.9117 784.8608 282.6824
f 5638 5639 5640
v -2760.3223 784.9983 282.6826
v -2760.9117 784.8608 282.6824
v -2760.6085 784.8920 282.6825
f 5641 5642 5643
v -2760.0718 785.1726 282.6827
v -2760.9117 784.8608 282.6824
v -2760.3223 784.9983 282.6826
f 5644 5645 5646
v -2760.4144 787.1995 282.6823
v -2760.9117 784.8608 282.6824
v -2759.8722 785.4040 282.6828
f 5647 5648 5649
v -2760.0718 785.1726 282.6827
v -2759.8722 785.4040 282.6828
v -2760.9117 784.8608 282.6824
f 5650 5651 5652
v -2759.7364 785.6767 282.6828
v -2759.6859 786.2805 282.6828
v -2759.8722 785.4040 282.6828
f 5653 5654 5655
v -2760.1497 787.0468 282.6825
v -2760.4144 787.1995 282.6823
v -2759.6859 786.2805 282.6828
f 5656 5657 5658
v -2760.4144 787.1995 282.6823
v -2760.7081 787.2822 282.6822
v -2761.0131 787.2880 282.6821
f 5659 5660 5661
v -2759.6859 786.2805 282.6828
v -2759.7740 786.5727 282.6827
v -2760.1497 787.0468 282.6825
f 5662 5663 5664
v -2759.7740 786.5727 282.6827
v -2759.9313 786.8332 282.6826
v -2760.1497 787.0468 282.6825
f 5665 5666 5667
v -2759.6859 786.2805 282.6828
v -2760.4144 787.1995 282.6823
v -2759.8722 785.4040 282.6828
f 5668 5669 5670
v -2759.7364 785.6767 282.6828
v -2759.6727 785.9755 282.6828
v -2759.6859 786.2805 282.6828
f 5671 5672 5673
v -2760.9117 784.8608 282.6824
v -2760.4144 787.1995 282.6823
v -2761.9270 785.4476 282.6819
f 5674 5675 5676
v -2760.3183 784.9969 273.3179
v -2760.3223 784.9983 282.6826
v -2760.6085 784.8920 282.6825
f 5677 5678 5679
v -2760.0679 785.1712 273.3180
v -2760.0718 785.1726 282.6827
v -2760.3223 784.9983 282.6826
f 5680 5681 5682
v -2759.8683 785.4026 273.3181
v -2759.8722 785.4040 282.6828
v -2760.0718 785.1726 282.6827
f 5683 5684 5685
v -2759.7325 785.6753 273.3181
v -2759.7364 785.6767 282.6828
v -2759.8722 785.4040 282.6828
f 5686 5687 5688
v -2759.6687 785.9741 273.3181
v -2759.6727 785.9755 282.6828
v -2759.7364 785.6767 282.6828
f 5689 5690 5691
v -2759.6819 786.2791 273.3181
v -2759.6859 786.2805 282.6828
v -2759.6727 785.9755 282.6828
f 5692 5693 5694
v -2759.7701 786.5714 273.3180
v -2759.7740 786.5727 282.6827
v -2759.6859 786.2805 282.6828
f 5695 5696 5697
v -2759.9274 786.8317 273.3179
v -2759.9313 786.8332 282.6826
v -2759.7740 786.5727 282.6827
f 5698 5699 5700
v -2760.1458 787.0454 273.3178
v -2760.1497 787.0468 282.6825
v -2759.9313 786.8332 282.6826
f 5701 5702 5703
v -2760.4104 787.1981 273.3176
v -2760.4144 787.1995 282.6823
v -2760.1497 787.0468 282.6825
f 5704 5705 5706
v -2760.7042 787.2808 273.3175
v -2760.7081 787.2822 282.6822
v -2760.4144 787.1995 282.6823
f 5707 5708 5709
v -2761.0092 787.2867 273.3174
v -2761.0131 787.2880 282.6821
v -2760.7081 787.2822 282.6822
f 5710 5711 5712
v -2761.3064 787.2175 273.3172
v -2761.3103 787.2189 282.6819
v -2761.0131 787.2880 282.6821
f 5713 5714 5715
v -2761.5767 787.0762 273.3171
v -2761.5807 787.0776 282.6818
v -2761.3103 787.2189 282.6819
f 5716 5717 5718
v -2761.8033 786.8719 273.3171
v -2761.8073 786.8732 282.6818
v -2761.5807 787.0776 282.6818
f 5719 5720 5721
v -2761.9720 786.6173 273.3170
v -2761.9759 786.6187 282.6817
v -2761.8033 786.8719 273.3171
f 5722 5723 5724
v -2762.0728 786.3295 273.3170
v -2762.0767 786.3309 282.6817
v -2761.9720 786.6173 273.3170
f 5725 5726 5727
v -2762.0986 786.0257 273.3171
v -2762.1025 786.0270 282.6817
v -2762.0767 786.3309 282.6817
f 5728 5729 5730
v -2762.0474 785.7245 273.3171
v -2762.0513 785.7259 282.6818
v -2762.1025 786.0270 282.6817
f 5731 5732 5733
v -2761.9231 785.4462 273.3172
v -2761.9270 785.4476 282.6819
v -2762.0513 785.7259 282.6818
f 5734 5735 5736
v -2761.7337 785.2067 273.3173
v -2761.7377 785.2081 282.6820
v -2761.9270 785.4476 282.6819
f 5737 5738 5739
v -2761.4912 785.0220 273.3174
v -2761.4952 785.0234 282.6821
v -2761.7377 785.2081 282.6820
f 5740 5741 5742
v -2761.2096 784.9033 273.3176
v -2761.2135 784.9046 282.6823
v -2761.4952 785.0234 282.6821
f 5743 5744 5745
v -2760.9077 784.8594 273.3177
v -2760.9117 784.8608 282.6824
v -2761.2135 784.9046 282.6823
f 5746 5747 5748
v -2760.6046 784.8906 273.3178
v -2760.6085 784.8920 282.6825
v -2760.9117 784.8608 282.6824
f 5749 5750 5751
v -2760.3183 784.9969 273.3179
v -2760.6085 784.8920 282.6825
v -2760.6046 784.8906 273.3178
f 5752 5753 5754
v -2760.0679 785.1712 273.3180
v -2760.3223 784.9983 282.6826
v -2760.3183 784.9969 273.3179
f 5755 5756 5757
v -2759.8683 785.4026 273.3181
v -2760.0718 785.1726 282.6827
v -2760.0679 785.1712 273.3180
f 5758 5759 5760
v -2759.7325 785.6753 273.3181
v -2759.8722 785.4040 282.6828
v -2759.8683 785.4026 273.3181
f 5761 5762 5763
v -2759.6687 785.9741 273.3181
v -2759.7364 785.6767 282.6828
v -2759.7325 785.6753 273.3181
f 5764 5765 5766
v -2759.6819 786.2791 273.3181
v -2759.6727 785.9755 282.6828
v -2759.6687 785.9741 273.3181
f 5767 5768 5769
v -2759.7701 786.5714 273.3180
v -2759.6859 786.2805 282.6828
v -2759.6819 786.2791 273.3181
f 5770 5771 5772
v -2759.9274 786.8317 273.3179
v -2759.7740 786.5727 282.6827
v -2759.7701 786.5714 273.3180
f 5773 5774 5775
v -2760.1458 787.0454 273.3178
v -2759.9313 786.8332 282.6826
v -2759.9274 786.8317 273.3179
f 5776 5777 5778
v -2760.4104 787.1981 273.3176
v -2760.1497 787.0468 282.6825
v -2760.1458 787.0454 273.3178
f 5779 5780 5781
v -2760.7042 787.2808 273.3175
v -2760.4144 787.1995 282.6823
v -2760.4104 787.1981 273.3176
f 5782 5783 5784
v -2761.0092 787.2867 273.3174
v -2760.7081 787.2822 282.6822
v -2760.7042 787.2808 273.3175
f 5785 5786 5787
v -2761.3064 787.2175 273.3172
v -2761.0131 787.2880 282.6821
v -2761.0092 787.2867 273.3174
f 5788 5789 5790
v -2761.5767 787.0762 273.3171
v -2761.3103 787.2189 282.6819
v -2761.3064 787.2175 273.3172
f 5791 5792 5793
v -2761.8033 786.8719 273.3171
v -2761.5807 787.0776 282.6818
v -2761.5767 787.0762 273.3171
f 5794 5795 5796
v -2761.9759 786.6187 282.6817
v -2761.8073 786.8732 282.6818
v -2761.8033 786.8719 273.3171
f 5797 5798 5799
v -2762.0767 786.3309 282.6817
v -2761.9759 786.6187 282.6817
v -2761.9720 786.6173 273.3170
f 5800 5801 5802
v -2762.0986 786.0257 273.3171
v -2762.0767 786.3309 282.6817
v -2762.0728 786.3295 273.3170
f 5803 5804 5805
v -2762.0474 785.7245 273.3171
v -2762.1025 786.0270 282.6817
v -2762.0986 786.0257 273.3171
f 5806 5807 5808
v -2761.9231 785.4462 273.3172
v -2762.0513 785.7259 282.6818
v -2762.0474 785.7245 273.3171
f 5809 5810 5811
v -2761.7337 785.2067 273.3173
v -2761.9270 785.4476 282.6819
v -2761.9231 785.4462 273.3172
f 5812 5813 5814
v -2761.4912 785.0220 273.3174
v -2761.7377 785.2081 282.6820
v -2761.7337 785.2067 273.3173
f 5815 5816 5817
v -2761.2096 784.9033 273.3176
v -2761.4952 785.0234 282.6821
v -2761.4912 785.0220 273.3174
f 5818 5819 5820
v -2760.9077 784.8594 273.3177
v -2761.2135 784.9046 282.6823
v -2761.2096 784.9033 273.3176
f 5821 5822 5823
v -2760.6046 784.8906 273.3178
v -2760.9117 784.8608 282.6824
v -2760.9077 784.8594 273.3177
f 5824 5825 5826

g building_ID_98C56134-B870-43D7-8A4E-C4CC73B3A582
v -2770.7450 782.4479 273.1997
v -2771.4502 780.8798 273.1996
v -2773.6637 781.7897 273.1986
f 5827 5828 5829
v -2770.7450 782.4479 273.1997
v -2773.6637 781.7897 273.1986
v -2767.7203 789.8026 273.2002
f 5830 5831 5832
v -2769.4586 790.8043 273.1993
v -2767.7203 789.8026 273.2002
v -2773.6637 781.7897 273.1986
f 5833 5834 5835
v -2773.6661 781.7905 278.8414
v -2767.7227 789.8035 278.8430
v -2769.4609 790.8052 278.8421
f 5836 5837 5838
v -2771.4526 780.8806 278.8424
v -2770.7474 782.4487 278.8425
v -2773.6661 781.7905 278.8414
f 5839 5840 5841
v -2767.7227 789.8035 278.8430
v -2773.6661 781.7905 278.8414
v -2770.7474 782.4487 278.8425
f 5842 5843 5844
v -2767.7203 789.8026 273.2002
v -2767.7227 789.8035 278.8430
v -2770.7450 782.4479 273.1997
f 5845 5846 5847
v -2769.4586 790.8043 273.1993
v -2769.4609 790.8052 278.8421
v -2767.7227 789.8035 278.8430
f 5848 5849 5850
v -2773.6637 781.7897 273.1986
v -2773.6661 781.7905 278.8414
v -2769.4609 790.8052 278.8421
f 5851 5852 5853
v -2771.4502 780.8798 273.1996
v -2771.4526 780.8806 278.8424
v -2773.6637 781.7897 273.1986
f 5854 5855 5856
v -2770.7450 782.4479 273.1997
v -2770.7474 782.4487 278.8425
v -2771.4502 780.8798 273.1996
f 5857 5858 5859
v -2767.7227 789.8035 278.8430
v -2770.7474 782.4487 278.8425
v -2770.7450 782.4479 273.1997
f 5860 5861 5862
v -2769.4586 790.8043 273.1993
v -2767.7227 789.8035 278.8430
v -2767.7203 789.8026 273.2002
f 5863 5864 5865
v -2773.6637 781.7897 273.1986
v -2769.4609 790.8052 278.8421
v -2769.4586 790.8043 273.1993
f 5866 5867 5868
v -2771.4526 780.8806 278.8424
v -2773.6661 781.7905 278.8414
v -2773.6637 781.7897 273.1986
f 5869 5870 5871
v -2770.7474 782.4487 278.8425
v -2771.4526 780.8806 278.8424
v -2771.4502 780.8798 273.1996
f 5872 5873 5874

g building_ID_3ABEBD30-0D7D-479E-8ED7-4E2798419E06
v -2764.4564 786.8190 273.3749
v -2762.2722 788.4250 273.3757
v -2762.5411 786.5448 273.3758
f 5875 5876 5877
v -2762.2722 788.4250 273.3757
v -2764.4564 786.8190 273.3749
v -2764.1874 788.6992 273.3748
f 5878 5879 5880
v -2762.2759 788.4264 282.3754
v -2764.1911 788.7006 282.3745
v -2764.4602 786.8203 282.3746
f 5881 5882 5883
v -2764.4602 786.8203 282.3746
v -2762.5450 786.5461 282.3755
v -2762.2759 788.4264 282.3754
f 5884 5885 5886
v -2764.4564 786.8190 273.3749
v -2764.4602 786.8203 282.3746
v -2764.1911 788.7006 282.3745
f 5887 5888 5889
v -2762.5411 786.5448 273.3758
v -2762.5450 786.5461 282.3755
v -2764.4602 786.8203 282.3746
f 5890 5891 5892
v -2762.2722 788.4250 273.3757
v -2762.2759 788.4264 282.3754
v -2762.5450 786.5461 282.3755
f 5893 5894 5895
v -2764.1874 788.6992 273.3748
v -2764.1911 788.7006 282.3745
v -2762.2759 788.4264 282.3754
f 5896 5897 5898
v -2764.4564 786.8190 273.3749
v -2764.1911 788.7006 282.3745
v -2764.1874 788.6992 273.3748
f 5899 5900 5901
v -2762.5411 786.5448 273.3758
v -2764.4602 786.8203 282.3746
v -2764.4564 786.8190 273.3749
f 5902 5903 5904
v -2762.2722 788.4250 273.3757
v -2762.5450 786.5461 282.3755
v -2762.5411 786.5448 273.3758
f 5905 5906 5907
v -2764.1874 788.6992 273.3748
v -2762.2759 788.4264 282.3754
v -2762.2722 788.4250 273.3757
f 5908 5909 5910

g building_ID_4300CFCC-0E97-46FB-9F7B-4AA84B524555
v -2740.7726 825.4438 279.6829
v -2732.2275 822.1648 279.6820
v -2739.9193 828.2605 280.1259
f 5911 5912 5913
v -2732.2275 822.1648 279.6820
v -2727.9331 820.5164 279.6821
v -2739.9193 828.2605 280.1259
f 5914 5915 5916
v -2720.5401 827.0717 281.0043
v -2727.9331 820.5164 279.6821
v -2723.6535 818.8740 279.6811
f 5917 5918 5919
v -2727.9331 820.5164 279.6821
v -2720.5401 827.0717 281.0043
v -2739.9193 828.2605 280.1259
f 5920 5921 5922
v -2739.9193 828.2605 280.1259
v -2720.5401 827.0717 281.0043
v -2743.6350 835.5525 280.9523
f 5923 5924 5925
v -2743.5373 835.8053 280.9933
v -2743.6350 835.5525 280.9523
v -2720.5401 827.0717 281.0043
f 5926 5927 5928
v -2739.9193 828.2605 280.1259
v -2741.0309 825.3344 279.6539
v -2740.7726 825.4438 279.6829
f 5929 5930 5931
v -2740.8411 825.2630 279.6539
v -2740.7726 825.4438 279.6829
v -2741.0309 825.3344 279.6539
f 5932 5933 5934
v -2741.0309 825.3344 279.6539
v -2741.0281 825.3335 272.9701
v -2740.8411 825.2630 279.6539
f 5935 5936 5937
v -2740.8411 825.2630 279.6539
v -2741.0281 825.3335 272.9701
v -2740.8383 825.2620 272.9701
f 5938 5939 5940
v -2740.7698 825.4427 272.9701
v -2740.7726 825.4438 279.6829
v -2740.8411 825.2630 279.6539
f 5941 5942 5943
v -2740.7698 825.4427 272.9701
v -2740.8411 825.2630 279.6539
v -2740.8383 825.2620 272.9701
f 5944 5945 5946
v -2723.6508 818.8729 272.9783
v -2732.2275 822.1648 279.6820
v -2740.7726 825.4438 279.6829
f 5947 5948 5949
v -2740.7726 825.4438 279.6829
v -2740.7698 825.4427 272.9701
v -2723.6508 818.8729 272.9783
f 5950 5951 5952
v -2720.5368 827.0704 272.9786
v -2720.5401 827.0717 281.0043
v -2723.6535 818.8740 279.6811
f 5953 5954 5955
v -2744.6110 824.2391 272.9687
v -2744.6142 824.2403 280.5294
v -2747.5530 825.3570 272.9672
f 5956 5957 5958
v -2744.7812 823.7915 272.9686
v -2744.7844 823.7927 280.5293
v -2744.6142 824.2403 280.5294
f 5959 5960 5961
v -2742.0171 822.7282 272.9700
v -2742.0201 822.7292 280.1258
v -2744.7812 823.7915 272.9686
f 5962 5963 5964
v -2720.5368 827.0704 272.9786
v -2743.5340 835.8040 272.9676
v -2743.5373 835.8053 280.9933
f 5965 5966 5967
v -2743.5373 835.8053 280.9933
v -2720.5401 827.0717 281.0043
v -2720.5368 827.0704 272.9786
f 5968 5969 5970
v -2744.7844 823.7927 280.5293
v -2742.0201 822.7292 280.1258
v -2744.6142 824.2403 280.5294
f 5971 5972 5973
v -2739.9193 828.2605 280.1259
v -2744.6142 824.2403 280.5294
v -2742.0201 822.7292 280.1258
f 5974 5975 5976
v -2747.5563 825.3582 280.9589
v -2744.6142 824.2403 280.5294
v -2743.6350 835.5525 280.9523
f 5977 5978 5979
v -2739.9193 828.2605 280.1259
v -2743.6350 835.5525 280.9523
v -2744.6142 824.2403 280.5294
f 5980 5981 5982
v -2742.0201 822.7292 280.1258
v -2741.0309 825.3344 279.6539
v -2739.9193 828.2605 280.1259
f 5983 5984 5985
v -2741.0281 825.3335 272.9701
v -2741.0309 825.3344 279.6539
v -2742.0171 822.7282 272.9700
f 5986 5987 5988
v -2740.7698 825.4427 272.9701
v -2743.5340 835.8040 272.9676
v -2720.5368 827.0704 272.9786
f 5989 5990 5991
v -2746.7293 827.4987 272.9673
v -2743.5340 835.8040 272.9676
v -2740.7698 825.4427 272.9701
f 5992 5993 5994
v -2741.0281 825.3335 272.9701
v -2746.7293 827.4987 272.9673
v -2740.7698 825.4427 272.9701
f 5995 5996 5997
v -2744.6110 824.2391 272.9687
v -2747.5530 825.3570 272.9672
v -2746.7293 827.4987 272.9673
f 5998 5999 6000
v -2742.0171 822.7282 272.9700
v -2744.7812 823.7915 272.9686
v -2744.6110 824.2391 272.9687
f 6001 6002 6003
v -2741.0281 825.3335 272.9701
v -2744.6110 824.2391 272.9687
v -2746.7293 827.4987 272.9673
f 6004 6005 6006
v -2744.6110 824.2391 272.9687
v -2741.0281 825.3335 272.9701
v -2742.0171 822.7282 272.9700
f 6007 6008 6009
v -2740.8383 825.2620 272.9701
v -2741.0281 825.3335 272.9701
v -2740.7698 825.4427 272.9701
f 6010 6011 6012
v -2740.7698 825.4427 272.9701
v -2720.5368 827.0704 272.9786
v -2723.6508 818.8729 272.9783
f 6013 6014 6015
v -2746.7293 827.4987 272.9673
v -2747.5530 825.3570 272.9672
v -2747.5563 825.3582 280.9589
f 6016 6017 6018
v -2743.6350 835.5525 280.9523
v -2746.7293 827.4987 272.9673
v -2747.5563 825.3582 280.9589
f 6019 6020 6021
v -2743.6350 835.5525 280.9523
v -2743.5373 835.8053 280.9933
v -2743.5340 835.8040 272.9676
f 6022 6023 6024
v -2746.7293 827.4987 272.9673
v -2743.6350 835.5525 280.9523
v -2743.5340 835.8040 272.9676
f 6025 6026 6027
v -2723.6535 818.8740 279.6811
v -2727.9331 820.5164 279.6821
v -2723.6508 818.8729 272.9783
f 6028 6029 6030
v -2732.2275 822.1648 279.6820
v -2723.6508 818.8729 272.9783
v -2727.9331 820.5164 279.6821
f 6031 6032 6033
v -2720.5368 827.0704 272.9786
v -2723.6535 818.8740 279.6811
v -2723.6508 818.8729 272.9783
f 6034 6035 6036
v -2744.6142 824.2403 280.5294
v -2747.5563 825.3582 280.9589
v -2747.5530 825.3570 272.9672
f 6037 6038 6039
v -2744.7812 823.7915 272.9686
v -2744.6142 824.2403 280.5294
v -2744.6110 824.2391 272.9687
f 6040 6041 6042
v -2742.0201 822.7292 280.1258
v -2744.7844 823.7927 280.5293
v -2744.7812 823.7915 272.9686
f 6043 6044 6045
v -2741.0309 825.3344 279.6539
v -2742.0201 822.7292 280.1258
v -2742.0171 822.7282 272.9700
f 6046 6047 6048

g building_ID_219A6B71-B20D-4A2C-84C4-9E167D88BF2E
v -2720.6806 827.1248 273.0105
v -2727.1519 829.5832 273.0074
v -2719.9592 848.5266 273.0081
f 6049 6050 6051
v -2713.9435 846.2145 273.0110
v -2720.6806 827.1248 273.0105
v -2719.9592 848.5266 273.0081
f 6052 6053 6054
v -2719.9592 848.5266 273.0081
v -2720.8473 848.8639 273.0077
v -2720.8150 848.9499 273.0077
f 6055 6056 6057
v -2713.9012 846.3243 273.0110
v -2719.9592 848.5266 273.0081
v -2720.8150 848.9499 273.0077
f 6058 6059 6060
v -2713.9435 846.2145 273.0110
v -2713.4979 846.0433 273.0112
v -2720.6806 827.1248 273.0105
f 6061 6062 6063
v -2719.9592 848.5266 273.0081
v -2713.9012 846.3243 273.0110
v -2713.9435 846.2145 273.0110
f 6064 6065 6066
v -2726.9480 830.1479 281.5392
v -2720.6842 827.1261 281.5422
v -2713.5015 846.0446 281.5428
f 6067 6068 6069
v -2725.7807 833.2188 281.5392
v -2726.9480 830.1479 281.5392
v -2713.5015 846.0446 281.5428
f 6070 6071 6072
v -2732.2792 831.5302 281.5367
v -2720.6842 827.1261 281.5422
v -2726.9480 830.1479 281.5392
f 6073 6074 6075
v -2726.9480 830.1479 281.5392
v -2732.0657 832.0906 281.5367
v -2732.2792 831.5302 281.5367
f 6076 6077 6078
v -2720.8186 848.9512 281.5393
v -2713.9470 846.2157 281.5426
v -2713.9046 846.3257 281.5426
f 6079 6080 6081
v -2713.5015 846.0446 281.5428
v -2713.9470 846.2157 281.5426
v -2725.7807 833.2188 281.5392
f 6082 6083 6084
v -2720.8186 848.9512 281.5393
v -2726.6648 833.5541 281.5388
v -2725.7807 833.2188 281.5392
f 6085 6086 6087
v -2713.9470 846.2157 281.5426
v -2720.8186 848.9512 281.5393
v -2725.7807 833.2188 281.5392
f 6088 6089 6090
v -2713.9435 846.2145 273.0110
v -2713.9470 846.2157 281.5426
v -2713.5015 846.0446 281.5428
f 6091 6092 6093
v -2713.9012 846.3243 273.0110
v -2713.9046 846.3257 281.5426
v -2713.9470 846.2157 281.5426
f 6094 6095 6096
v -2743.5340 835.8050 272.9276
v -2736.2593 854.7143 272.9283
v -2737.8688 833.6538 272.9303
f 6097 6098 6099
v -2719.9591 848.5266 272.9361
v -2737.8688 833.6538 272.9303
v -2736.2593 854.7143 272.9283
f 6100 6101 6102
v -2727.1519 829.5842 272.9354
v -2737.8688 833.6538 272.9303
v -2719.9591 848.5266 272.9361
f 6103 6104 6105
v -2733.7702 832.7380 279.7920
v -2737.8717 833.6549 279.8031
v -2732.2785 831.5299 279.8058
f 6106 6107 6108
v -2732.1757 831.7987 279.7998
v -2733.7702 832.7380 279.7920
v -2732.2785 831.5299 279.8058
f 6109 6110 6111
v -2743.5369 835.8062 279.8004
v -2737.8717 833.6549 279.8031
v -2736.2620 854.7152 279.3530
f 6112 6113 6114
v -2737.8717 833.6549 279.8031
v -2733.7702 832.7380 279.7920
v -2726.7888 851.1188 279.3576
f 6115 6116 6117
v -2736.2620 854.7152 279.3530
v -2737.8717 833.6549 279.8031
v -2726.7888 851.1188 279.3576
f 6118 6119 6120
v -2732.0650 832.0904 279.7928
v -2733.7702 832.7380 279.7920
v -2732.1757 831.7987 279.7998
f 6121 6122 6123
v -2726.7888 851.1188 279.3576
v -2726.7861 851.1179 272.9739
v -2736.2620 854.7152 279.3530
f 6124 6125 6126
v -2719.9591 848.5266 272.9361
v -2736.2593 854.7143 272.9283
v -2726.7861 851.1179 272.9739
f 6127 6128 6129
v -2720.8473 848.8639 272.9767
v -2720.8473 848.8639 273.0077
v -2719.9592 848.5266 273.0081
f 6130 6131 6132
v -2726.7861 851.1179 272.9739
v -2720.8473 848.8639 272.9767
v -2719.9591 848.5266 272.9361
f 6133 6134 6135
v -2719.9592 848.5266 273.0081
v -2719.9591 848.5266 272.9361
v -2720.8473 848.8639 272.9767
f 6136 6137 6138
v -2726.7613 851.2080 293.3011
v -2726.6697 833.5559 293.2174
v -2720.8234 848.9530 293.2179
f 6139 6140 6141
v -2726.9528 830.1497 293.2048
v -2726.6697 833.5559 293.2174
v -2733.7758 832.7400 293.3005
f 6142 6143 6144
v -2726.7613 851.2080 293.3011
v -2733.7758 832.7400 293.3005
v -2726.6697 833.5559 293.2174
f 6145 6146 6147
v -2725.7856 833.2205 293.2048
v -2726.6697 833.5559 293.2174
v -2726.9528 830.1497 293.2048
f 6148 6149 6150
v -2726.7529 851.2048 272.9739
v -2720.8473 848.8639 272.9767
v -2726.7861 851.1179 272.9739
f 6151 6152 6153
v -2720.8473 848.8639 272.9767
v -2726.7529 851.2048 272.9739
v -2720.8150 848.9499 272.9767
f 6154 6155 6156
v -2726.6648 833.5541 281.5388
v -2726.6697 833.5559 293.2174
v -2725.7856 833.2205 293.2048
f 6157 6158 6159
v -2720.8186 848.9512 281.5393
v -2720.8234 848.9530 293.2179
v -2726.6697 833.5559 293.2174
f 6160 6161 6162
v -2720.8150 848.9499 272.9767
v -2720.8150 848.9499 273.0077
v -2720.8473 848.8639 272.9767
f 6163 6164 6165
v -2726.7888 851.1188 279.3576
v -2733.7702 832.7380 279.7920
v -2726.7613 851.2080 293.3011
f 6166 6167 6168
v -2733.7758 832.7400 293.3005
v -2726.7613 851.2080 293.3011
v -2733.7702 832.7380 279.7920
f 6169 6170 6171
v -2726.7861 851.1179 272.9739
v -2726.7888 851.1188 279.3576
v -2726.7529 851.2048 272.9739
f 6172 6173 6174
v -2726.7613 851.2080 293.3011
v -2726.7529 851.2048 272.9739
v -2726.7888 851.1188 279.3576
f 6175 6176 6177
v -2726.9480 830.1479 281.5392
v -2726.9528 830.1497 293.2048
v -2732.0657 832.0906 281.5367
f 6178 6179 6180
v -2733.7758 832.7400 293.3005
v -2732.0657 832.0906 281.5367
v -2726.9528 830.1497 293.2048
f 6181 6182 6183
v -2732.0650 832.0904 279.7928
v -2732.0657 832.0906 281.5367
v -2733.7702 832.7380 279.7920
f 6184 6185 6186
v -2733.7758 832.7400 293.3005
v -2733.7702 832.7380 279.7920
v -2732.0657 832.0906 281.5367
f 6187 6188 6189
v -2725.7807 833.2188 281.5392
v -2725.7856 833.2205 293.2048
v -2726.9528 830.1497 293.2048
f 6190 6191 6192
v -2726.7529 851.2048 272.9739
v -2726.7613 851.2080 293.3011
v -2720.8186 848.9512 281.5393
f 6193 6194 6195
v -2720.8234 848.9530 293.2179
v -2720.8186 848.9512 281.5393
v -2726.7613 851.2080 293.3011
f 6196 6197 6198
v -2726.7529 851.2048 272.9739
v -2720.8150 848.9499 273.0077
v -2720.8150 848.9499 272.9767
f 6199 6200 6201
v -2720.8150 848.9499 273.0077
v -2726.7529 851.2048 272.9739
v -2720.8186 848.9512 281.5393
f 6202 6203 6204
v -2720.8186 848.9512 281.5393
v -2713.9046 846.3257 281.5426
v -2720.8150 848.9499 273.0077
f 6205 6206 6207
v -2713.9046 846.3257 281.5426
v -2713.9012 846.3243 273.0110
v -2720.8150 848.9499 273.0077
f 6208 6209 6210
v -2732.1757 831.7987 279.7998
v -2732.2785 831.5299 279.8058
v -2732.2792 831.5302 281.5367
f 6211 6212 6213
v -2732.1757 831.7987 279.7998
v -2732.0657 832.0906 281.5367
v -2732.0650 832.0904 279.7928
f 6214 6215 6216
v -2732.2792 831.5302 281.5367
v -2732.0657 832.0906 281.5367
v -2732.1757 831.7987 279.7998
f 6217 6218 6219
v -2743.5340 835.8050 272.9276
v -2743.5369 835.8062 279.8004
v -2736.2593 854.7143 272.9283
f 6220 6221 6222
v -2736.2620 854.7152 279.3530
v -2736.2593 854.7143 272.9283
v -2743.5369 835.8062 279.8004
f 6223 6224 6225
v -2720.6842 827.1261 281.5422
v -2732.2785 831.5299 279.8058
v -2720.6806 827.1248 273.0105
f 6226 6227 6228
v -2720.6806 827.1248 273.0105
v -2732.2785 831.5299 279.8058
v -2727.1519 829.5832 273.0074
f 6229 6230 6231
v -2727.1519 829.5832 273.0074
v -2737.8688 833.6538 272.9303
v -2727.1519 829.5842 272.9354
f 6232 6233 6234
v -2732.2792 831.5302 281.5367
v -2732.2785 831.5299 279.8058
v -2720.6842 827.1261 281.5422
f 6235 6236 6237
v -2737.8688 833.6538 272.9303
v -2732.2785 831.5299 279.8058
v -2737.8717 833.6549 279.8031
f 6238 6239 6240
v -2743.5340 835.8050 272.9276
v -2737.8688 833.6538 272.9303
v -2743.5369 835.8062 279.8004
f 6241 6242 6243
v -2737.8717 833.6549 279.8031
v -2743.5369 835.8062 279.8004
v -2737.8688 833.6538 272.9303
f 6244 6245 6246
v -2727.1519 829.5832 273.0074
v -2732.2785 831.5299 279.8058
v -2737.8688 833.6538 272.9303
f 6247 6248 6249
v -2727.1519 829.5842 272.9354
v -2719.9591 848.5266 272.9361
v -2719.9592 848.5266 273.0081
f 6250 6251 6252
v -2727.1519 829.5842 272.9354
v -2719.9592 848.5266 273.0081
v -2727.1519 829.5832 273.0074
f 6253 6254 6255
v -2713.9435 846.2145 273.0110
v -2713.5015 846.0446 281.5428
v -2713.4979 846.0433 273.0112
f 6256 6257 6258
v -2713.9012 846.3243 273.0110
v -2713.9470 846.2157 281.5426
v -2713.9435 846.2145 273.0110
f 6259 6260 6261
v -2726.7861 851.1179 272.9739
v -2736.2593 854.7143 272.9283
v -2736.2620 854.7152 279.3530
f 6262 6263 6264
v -2726.6648 833.5541 281.5388
v -2725.7856 833.2205 293.2048
v -2725.7807 833.2188 281.5392
f 6265 6266 6267
v -2720.8186 848.9512 281.5393
v -2726.6697 833.5559 293.2174
v -2726.6648 833.5541 281.5388
f 6268 6269 6270
v -2720.8150 848.9499 273.0077
v -2720.8473 848.8639 273.0077
v -2720.8473 848.8639 272.9767
f 6271 6272 6273
v -2725.7807 833.2188 281.5392
v -2726.9528 830.1497 293.2048
v -2726.9480 830.1479 281.5392
f 6274 6275 6276
v -2713.5015 846.0446 281.5428
v -2720.6806 827.1248 273.0105
v -2713.4979 846.0433 273.0112
f 6277 6278 6279
v -2720.6806 827.1248 273.0105
v -2713.5015 846.0446 281.5428
v -2720.6842 827.1261 281.5422
f 6280 6281 6282

g building_ID_F16486AC-50AD-46E2-8C9D-0CFE845D44DB
v -2809.8881 846.2566 282.6480
v -2809.8429 846.3495 282.6480
v -2812.5486 847.5767 282.6467
f 6283 6284 6285
v -2825.4264 853.9112 282.6401
v -2812.5486 847.5767 282.6467
v -2809.8429 846.3495 282.6480
f 6286 6287 6288
v -2817.8643 836.8611 282.6457
v -2812.5486 847.5767 282.6467
v -2830.6301 843.1933 282.6393
f 6289 6290 6291
v -2825.4264 853.9112 282.6401
v -2830.6301 843.1933 282.6393
v -2812.5486 847.5767 282.6467
f 6292 6293 6294
v -2830.6258 843.1918 272.5127
v -2830.6301 843.1933 282.6393
v -2825.4264 853.9112 282.6401
f 6295 6296 6297
v -2770.4512 813.4413 297.7820
v -2765.1757 824.0741 297.7829
v -2775.5657 827.3550 297.7780
f 6298 6299 6300
v -2796.3288 837.6536 297.7676
v -2775.5657 827.3550 297.7780
v -2765.1757 824.0741 297.7829
f 6301 6302 6303
v -2780.1364 818.1433 297.7772
v -2770.4512 813.4413 297.7820
v -2779.3864 819.6523 297.7773
f 6304 6305 6306
v -2775.5657 827.3550 297.7780
v -2779.3864 819.6523 297.7773
v -2770.4512 813.4413 297.7820
f 6307 6308 6309
v -2800.1495 829.9530 297.7668
v -2796.3288 837.6536 297.7676
v -2812.5550 847.5792 297.7591
f 6310 6311 6312
v -2765.1757 824.0741 297.7829
v -2812.5550 847.5792 297.7591
v -2796.3288 837.6536 297.7676
f 6313 6314 6315
v -2817.8708 836.8634 297.7581
v -2780.1364 818.1433 297.7772
v -2800.1495 829.9530 297.7668
f 6316 6317 6318
v -2800.1495 829.9530 297.7668
v -2780.1364 818.1433 297.7772
v -2779.3864 819.6523 297.7773
f 6319 6320 6321
v -2812.5550 847.5792 297.7591
v -2817.8708 836.8634 297.7581
v -2800.1495 829.9530 297.7668
f 6322 6323 6324
v -2770.4405 813.4376 272.5429
v -2770.4512 813.4413 297.7820
v -2780.1364 818.1433 297.7772
f 6325 6326 6327
v -2812.5486 847.5767 282.6467
v -2812.5550 847.5792 297.7591
v -2809.8894 846.2570 285.6349
f 6328 6329 6330
v -2770.4684 826.7004 285.6547
v -2809.8894 846.2570 285.6349
v -2812.5550 847.5792 297.7591
f 6331 6332 6333
v -2809.8894 846.2570 285.6349
v -2809.8881 846.2566 282.6480
v -2812.5486 847.5767 282.6467
f 6334 6335 6336
v -2765.1707 824.0719 283.7204
v -2770.4684 826.7004 285.6547
v -2765.1757 824.0741 297.7829
f 6337 6338 6339
v -2812.5550 847.5792 297.7591
v -2765.1757 824.0741 297.7829
v -2770.4684 826.7004 285.6547
f 6340 6341 6342
v -2770.4684 826.7004 285.6547
v -2765.1707 824.0719 283.7204
v -2770.4676 826.7002 283.7178
f 6343 6344 6345
v -2817.8643 836.8611 282.6457
v -2817.8708 836.8634 297.7581
v -2812.5486 847.5767 282.6467
f 6346 6347 6348
v -2770.4676 826.7002 283.7178
v -2765.1707 824.0719 283.7204
v -2764.9314 824.5543 283.7205
f 6349 6350 6351
v -2764.9314 824.5543 283.7205
v -2770.2514 827.1356 283.7178
v -2770.4676 826.7002 283.7178
f 6352 6353 6354
v -2779.3877 819.6528 300.9841
v -2796.3302 837.6542 300.9744
v -2800.1509 829.9534 300.9737
f 6355 6356 6357
v -2796.3302 837.6542 300.9744
v -2779.3877 819.6528 300.9841
v -2775.5671 827.3555 300.9848
f 6358 6359 6360
v -2770.4684 826.7004 285.6547
v -2809.8442 846.3490 285.6349
v -2809.8894 846.2570 285.6349
f 6361 6362 6363
v -2809.8442 846.3490 285.6349
v -2770.4684 826.7004 285.6547
v -2770.2523 827.1369 285.6547
f 6364 6365 6366
v -2809.8881 846.2566 282.6480
v -2809.8894 846.2570 285.6349
v -2809.8442 846.3490 285.6349
f 6367 6368 6369
v -2770.2523 827.1369 285.6547
v -2770.4684 826.7004 285.6547
v -2770.2514 827.1356 283.7178
f 6370 6371 6372
v -2779.3864 819.6523 297.7773
v -2779.3877 819.6528 300.9841
v -2800.1509 829.9534 300.9737
f 6373 6374 6375
v -2775.5657 827.3550 297.7780
v -2775.5671 827.3555 300.9848
v -2779.3877 819.6528 300.9841
f 6376 6377 6378
v -2796.3288 837.6536 297.7676
v -2796.3302 837.6542 300.9744
v -2775.5671 827.3555 300.9848
f 6379 6380 6381
v -2800.1495 829.9530 297.7668
v -2800.1509 829.9534 300.9737
v -2796.3302 837.6542 300.9744
f 6382 6383 6384
v -2780.1364 818.1433 297.7772
v -2817.8643 836.8611 282.6457
v -2780.1257 818.1394 272.5381
f 6385 6386 6387
v -2780.1257 818.1394 272.5381
v -2817.8643 836.8611 282.6457
v -2812.1486 834.0262 272.5220
f 6388 6389 6390
v -2817.8643 836.8611 282.6457
v -2780.1364 818.1433 297.7772
v -2817.8708 836.8634 297.7581
f 6391 6392 6393
v -2817.8643 836.8611 282.6457
v -2830.6301 843.1933 282.6393
v -2830.6258 843.1918 272.5127
f 6394 6395 6396
v -2812.1486 834.0262 272.5220
v -2817.8643 836.8611 282.6457
v -2817.8599 836.8596 272.5191
f 6397 6398 6399
v -2764.9314 824.5543 283.7205
v -2765.1707 824.0719 283.7204
v -2764.9267 824.5526 272.5439
f 6400 6401 6402
v -2770.4405 813.4376 272.5429
v -2765.1707 824.0719 283.7204
v -2770.4512 813.4413 297.7820
f 6403 6404 6405
v -2765.1757 824.0741 297.7829
v -2770.4512 813.4413 297.7820
v -2765.1707 824.0719 283.7204
f 6406 6407 6408
v -2765.1707 824.0719 283.7204
v -2770.4405 813.4376 272.5429
v -2765.9120 822.5662 272.5437
f 6409 6410 6411
v -2765.1650 824.0702 272.5438
v -2765.1707 824.0719 283.7204
v -2765.9120 822.5662 272.5437
f 6412 6413 6414
v -2806.7736 844.8606 272.5230
v -2825.4220 853.9096 272.5135
v -2809.8429 846.3495 282.6480
f 6415 6416 6417
v -2809.8429 846.3495 282.6480
v -2777.7658 830.7830 272.5375
v -2806.7736 844.8606 272.5230
f 6418 6419 6420
v -2770.2514 827.1356 283.7178
v -2809.8429 846.3495 282.6480
v -2809.8442 846.3490 285.6349
f 6421 6422 6423
v -2809.8429 846.3495 282.6480
v -2770.2514 827.1356 283.7178
v -2777.7658 830.7830 272.5375
f 6424 6425 6426
v -2770.2514 827.1356 283.7178
v -2764.9314 824.5543 283.7205
v -2764.9267 824.5526 272.5439
f 6427 6428 6429
v -2770.2514 827.1356 283.7178
v -2764.9267 824.5526 272.5439
v -2777.7658 830.7830 272.5375
f 6430 6431 6432
v -2770.2523 827.1369 285.6547
v -2770.2514 827.1356 283.7178
v -2809.8442 846.3490 285.6349
f 6433 6434 6435
v -2806.7736 844.8606 272.5230
v -2830.6258 843.1918 272.5127
v -2825.4220 853.9096 272.5135
f 6436 6437 6438
v -2817.8599 836.8596 272.5191
v -2806.7736 844.8606 272.5230
v -2765.9120 822.5662 272.5437
f 6439 6440 6441
v -2806.7736 844.8606 272.5230
v -2817.8599 836.8596 272.5191
v -2830.6258 843.1918 272.5127
f 6442 6443 6444
v -2817.8599 836.8596 272.5191
v -2765.9120 822.5662 272.5437
v -2812.1486 834.0262 272.5220
f 6445 6446 6447
v -2765.9120 822.5662 272.5437
v -2806.7736 844.8606 272.5230
v -2777.7658 830.7830 272.5375
f 6448 6449 6450
v -2777.7658 830.7830 272.5375
v -2765.1650 824.0702 272.5438
v -2765.9120 822.5662 272.5437
f 6451 6452 6453
v -2770.4405 813.4376 272.5429
v -2780.1257 818.1394 272.5381
v -2765.9120 822.5662 272.5437
f 6454 6455 6456
v -2765.9120 822.5662 272.5437
v -2780.1257 818.1394 272.5381
v -2812.1486 834.0262 272.5220
f 6457 6458 6459
v -2765.1650 824.0702 272.5438
v -2777.7658 830.7830 272.5375
v -2764.9267 824.5526 272.5439
f 6460 6461 6462
v -2830.6258 843.1918 272.5127
v -2825.4264 853.9112 282.6401
v -2825.4220 853.9096 272.5135
f 6463 6464 6465
v -2770.4405 813.4376 272.5429
v -2780.1364 818.1433 297.7772
v -2780.1257 818.1394 272.5381
f 6466 6467 6468
v -2817.8708 836.8634 297.7581
v -2812.5550 847.5792 297.7591
v -2812.5486 847.5767 282.6467
f 6469 6470 6471
v -2809.8881 846.2566 282.6480
v -2809.8442 846.3490 285.6349
v -2809.8429 846.3495 282.6480
f 6472 6473 6474
v -2770.4684 826.7004 285.6547
v -2770.4676 826.7002 283.7178
v -2770.2514 827.1356 283.7178
f 6475 6476 6477
v -2779.3864 819.6523 297.7773
v -2800.1509 829.9534 300.9737
v -2800.1495 829.9530 297.7668
f 6478 6479 6480
v -2775.5657 827.3550 297.7780
v -2779.3877 819.6528 300.9841
v -2779.3864 819.6523 297.7773
f 6481 6482 6483
v -2796.3288 837.6536 297.7676
v -2775.5671 827.3555 300.9848
v -2775.5657 827.3550 297.7780
f 6484 6485 6486
v -2800.1495 829.9530 297.7668
v -2796.3302 837.6542 300.9744
v -2796.3288 837.6536 297.7676
f 6487 6488 6489
v -2817.8643 836.8611 282.6457
v -2830.6258 843.1918 272.5127
v -2817.8599 836.8596 272.5191
f 6490 6491 6492
v -2765.1707 824.0719 283.7204
v -2765.1650 824.0702 272.5438
v -2764.9267 824.5526 272.5439
f 6493 6494 6495
v -2825.4220 853.9096 272.5135
v -2825.4264 853.9112 282.6401
v -2809.8429 846.3495 282.6480
f 6496 6497 6498

g building_ID_3DA22A22-3E24-4C2D-85D3-E664D7562068
v -2907.7538 816.3112 272.2954
v -2910.9361 821.7597 272.2933
v -2885.4804 836.6601 272.3029
f 6499 6500 6501
v -2882.2295 831.0864 272.3051
v -2878.8781 825.2905 272.3073
v -2904.3773 810.5302 272.2977
f 6502 6503 6504
v -2904.3773 810.5302 272.2977
v -2907.7538 816.3112 272.2954
v -2882.2295 831.0864 272.3051
f 6505 6506 6507
v -2885.4804 836.6601 272.3029
v -2882.2295 831.0864 272.3051
v -2907.7538 816.3112 272.2954
f 6508 6509 6510
v -2885.4833 836.6611 278.8237
v -2910.9390 821.7606 278.8451
v -2883.8581 833.8740 279.5458
f 6511 6512 6513
v -2883.8581 833.8740 279.5458
v -2907.7573 816.3124 280.2581
v -2882.2329 831.0877 280.2678
f 6514 6515 6516
v -2883.8581 833.8740 279.5458
v -2910.9390 821.7606 278.8451
v -2907.7573 816.3124 280.2581
f 6517 6518 6519
v -2904.3801 810.5312 278.6005
v -2878.8808 825.2915 278.6101
v -2882.2329 831.0877 280.2678
f 6520 6521 6522
v -2882.2329 831.0877 280.2678
v -2907.7573 816.3124 280.2581
v -2904.3801 810.5312 278.6005
f 6523 6524 6525
v -2910.9361 821.7597 272.2933
v -2910.9390 821.7606 278.8451
v -2885.4804 836.6601 272.3029
f 6526 6527 6528
v -2885.4804 836.6601 272.3029
v -2910.9390 821.7606 278.8451
v -2885.4833 836.6611 278.8237
f 6529 6530 6531
v -2878.8781 825.2905 272.3073
v -2878.8808 825.2915 278.6101
v -2904.3801 810.5312 278.6005
f 6532 6533 6534
v -2878.8808 825.2915 278.6101
v -2882.2295 831.0864 272.3051
v -2882.2329 831.0877 280.2678
f 6535 6536 6537
v -2878.8808 825.2915 278.6101
v -2878.8781 825.2905 272.3073
v -2882.2295 831.0864 272.3051
f 6538 6539 6540
v -2904.3773 810.5302 272.2977
v -2904.3801 810.5312 278.6005
v -2907.7573 816.3124 280.2581
f 6541 6542 6543
v -2907.7573 816.3124 280.2581
v -2907.7538 816.3112 272.2954
v -2904.3773 810.5302 272.2977
f 6544 6545 6546
v -2907.7538 816.3112 272.2954
v -2907.7573 816.3124 280.2581
v -2910.9361 821.7597 272.2933
f 6547 6548 6549
v -2910.9361 821.7597 272.2933
v -2907.7573 816.3124 280.2581
v -2910.9390 821.7606 278.8451
f 6550 6551 6552
v -2885.4833 836.6611 278.8237
v -2883.8581 833.8740 279.5458
v -2885.4804 836.6601 272.3029
f 6553 6554 6555
v -2883.8581 833.8740 279.5458
v -2882.2329 831.0877 280.2678
v -2885.4804 836.6601 272.3029
f 6556 6557 6558
v -2882.2295 831.0864 272.3051
v -2885.4804 836.6601 272.3029
v -2882.2329 831.0877 280.2678
f 6559 6560 6561
v -2878.8781 825.2905 272.3073
v -2904.3801 810.5312 278.6005
v -2904.3773 810.5302 272.2977
f 6562 6563 6564

g building_ID_4D5FD309-5468-4625-89CE-377A851B9BE6
v -2882.8743 773.7840 272.2502
v -2852.9942 752.3870 272.2662
v -2859.5373 748.5746 272.2637
f 6565 6566 6567
v -2859.5373 748.5746 272.2637
v -2865.9783 744.8230 272.2612
v -2882.8743 773.7840 272.2502
f 6568 6569 6570
v -2888.2143 812.8487 272.2427
v -2860.1696 795.0217 272.2578
v -2852.9942 752.3870 272.2662
f 6571 6572 6573
v -2846.6193 756.0998 272.2686
v -2860.1696 795.0217 272.2578
v -2839.7937 760.0754 272.2711
f 6574 6575 6576
v -2852.9942 752.3870 272.2662
v -2860.1696 795.0217 272.2578
v -2846.6193 756.0998 272.2686
f 6577 6578 6579
v -2894.7575 809.0384 272.2403
v -2882.8743 773.7840 272.2502
v -2901.2405 805.2638 272.2380
f 6580 6581 6582
v -2894.7575 809.0384 272.2403
v -2888.2143 812.8487 272.2427
v -2882.8743 773.7840 272.2502
f 6583 6584 6585
v -2875.0379 820.5223 272.2477
v -2860.1696 795.0217 272.2578
v -2881.8395 816.5617 272.2451
f 6586 6587 6588
v -2888.2143 812.8487 272.2427
v -2881.8395 816.5617 272.2451
v -2860.1696 795.0217 272.2578
f 6589 6590 6591
v -2882.8743 773.7840 272.2502
v -2888.2143 812.8487 272.2427
v -2852.9942 752.3870 272.2662
f 6592 6593 6594
v -2881.8447 816.5634 284.0867
v -2852.9987 752.3885 282.5588
v -2846.6245 756.1016 284.1101
f 6595 6596 6597
v -2852.9987 752.3885 282.5588
v -2881.8447 816.5634 284.0867
v -2888.2189 812.8504 282.5353
f 6598 6599 6600
v -2846.6245 756.1016 284.1101
v -2839.7982 760.0770 282.5717
v -2848.6105 775.1904 282.5670
f 6601 6602 6603
v -2857.2765 790.0536 282.5623
v -2846.6245 756.1016 284.1101
v -2848.6105 775.1904 282.5670
f 6604 6605 6606
v -2881.8447 816.5634 284.0867
v -2857.2765 790.0536 282.5623
v -2875.0424 820.5239 282.5534
f 6607 6608 6609
v -2846.6245 756.1016 284.1101
v -2857.2765 790.0536 282.5623
v -2881.8447 816.5634 284.0867
f 6610 6611 6612
v -2859.5425 748.5763 284.1052
v -2888.2189 812.8504 282.5353
v -2894.7627 809.0402 284.0818
f 6613 6614 6615
v -2888.2189 812.8504 282.5353
v -2859.5425 748.5763 284.1052
v -2852.9987 752.3885 282.5588
f 6616 6617 6618
v -2894.7627 809.0402 284.0818
v -2901.2451 805.2655 282.4836
v -2892.4218 790.1419 282.4925
f 6619 6620 6621
v -2883.4980 774.8461 282.5004
v -2894.7627 809.0402 284.0818
v -2892.4218 790.1419 282.4925
f 6622 6623 6624
v -2859.5425 748.5763 284.1052
v -2883.4980 774.8461 282.5004
v -2874.7981 759.9350 282.5091
f 6625 6626 6627
v -2874.7981 759.9350 282.5091
v -2865.9828 744.8244 282.5169
v -2859.5425 748.5763 284.1052
f 6628 6629 6630
v -2894.7627 809.0402 284.0818
v -2883.4980 774.8461 282.5004
v -2859.5425 748.5763 284.1052
f 6631 6632 6633
v -2875.0379 820.5223 272.2477
v -2875.0424 820.5239 282.5534
v -2857.2765 790.0536 282.5623
f 6634 6635 6636
v -2857.2765 790.0536 282.5623
v -2860.1696 795.0217 272.2578
v -2875.0379 820.5223 272.2477
f 6637 6638 6639
v -2857.2765 790.0536 282.5623
v -2848.6105 775.1904 282.5670
v -2839.7971 760.0766 279.9948
f 6640 6641 6642
v -2839.7937 760.0754 272.2711
v -2860.1696 795.0217 272.2578
v -2857.2765 790.0536 282.5623
f 6643 6644 6645
v -2839.7954 760.0760 276.1309
v -2839.7937 760.0754 272.2711
v -2857.2765 790.0536 282.5623
f 6646 6647 6648
v -2865.9817 744.8241 279.9530
v -2865.9828 744.8244 282.5169
v -2874.7981 759.9350 282.5091
f 6649 6650 6651
v -2865.9806 744.8237 277.3891
v -2865.9817 744.8241 279.9530
v -2883.4980 774.8461 282.5004
f 6652 6653 6654
v -2865.9783 744.8230 272.2612
v -2883.4980 774.8461 282.5004
v -2882.8743 773.7840 272.2502
f 6655 6656 6657
v -2883.4980 774.8461 282.5004
v -2901.2405 805.2638 272.2380
v -2882.8743 773.7840 272.2502
f 6658 6659 6660
v -2846.6245 756.1016 284.1101
v -2839.7971 760.0766 279.9948
v -2839.7982 760.0770 282.5717
f 6661 6662 6663
v -2839.7971 760.0766 279.9948
v -2846.6245 756.1016 284.1101
v -2852.9987 752.3885 282.5588
f 6664 6665 6666
v -2839.7971 760.0766 279.9948
v -2852.9942 752.3870 272.2662
v -2839.7954 760.0760 276.1309
f 6667 6668 6669
v -2839.7954 760.0760 276.1309
v -2846.6193 756.0998 272.2686
v -2839.7937 760.0754 272.2711
f 6670 6671 6672
v -2852.9942 752.3870 272.2662
v -2846.6193 756.0998 272.2686
v -2839.7954 760.0760 276.1309
f 6673 6674 6675
v -2852.9942 752.3870 272.2662
v -2839.7971 760.0766 279.9948
v -2852.9987 752.3885 282.5588
f 6676 6677 6678
v -2865.9817 744.8241 279.9530
v -2859.5425 748.5763 284.1052
v -2865.9828 744.8244 282.5169
f 6679 6680 6681
v -2865.9817 744.8241 279.9530
v -2865.9806 744.8237 277.3891
v -2852.9987 752.3885 282.5588
f 6682 6683 6684
v -2852.9987 752.3885 282.5588
v -2865.9806 744.8237 277.3891
v -2859.5373 748.5746 272.2637
f 6685 6686 6687
v -2852.9942 752.3870 272.2662
v -2852.9987 752.3885 282.5588
v -2859.5373 748.5746 272.2637
f 6688 6689 6690
v -2859.5373 748.5746 272.2637
v -2865.9806 744.8237 277.3891
v -2865.9783 744.8230 272.2612
f 6691 6692 6693
v -2852.9987 752.3885 282.5588
v -2859.5425 748.5763 284.1052
v -2865.9817 744.8241 279.9530
f 6694 6695 6696
v -2901.2405 805.2638 272.2380
v -2901.2451 805.2655 282.4836
v -2894.7627 809.0402 284.0818
f 6697 6698 6699
v -2894.7575 809.0384 272.2403
v -2901.2405 805.2638 272.2380
v -2894.7627 809.0402 284.0818
f 6700 6701 6702
v -2888.2143 812.8487 272.2427
v -2894.7575 809.0384 272.2403
v -2888.2189 812.8504 282.5353
f 6703 6704 6705
v -2888.2189 812.8504 282.5353
v -2894.7575 809.0384 272.2403
v -2894.7627 809.0402 284.0818
f 6706 6707 6708
v -2881.8447 816.5634 284.0867
v -2881.8395 816.5617 272.2451
v -2888.2189 812.8504 282.5353
f 6709 6710 6711
v -2875.0424 820.5239 282.5534
v -2875.0379 820.5223 272.2477
v -2881.8447 816.5634 284.0867
f 6712 6713 6714
v -2875.0379 820.5223 272.2477
v -2881.8395 816.5617 272.2451
v -2881.8447 816.5634 284.0867
f 6715 6716 6717
v -2888.2143 812.8487 272.2427
v -2888.2189 812.8504 282.5353
v -2881.8395 816.5617 272.2451
f 6718 6719 6720
v -2848.6105 775.1904 282.5670
v -2839.7982 760.0770 282.5717
v -2839.7971 760.0766 279.9948
f 6721 6722 6723
v -2857.2765 790.0536 282.5623
v -2839.7971 760.0766 279.9948
v -2839.7954 760.0760 276.1309
f 6724 6725 6726
v -2865.9817 744.8241 279.9530
v -2874.7981 759.9350 282.5091
v -2883.4980 774.8461 282.5004
f 6727 6728 6729
v -2883.4980 774.8461 282.5004
v -2865.9783 744.8230 272.2612
v -2865.9806 744.8237 277.3891
f 6730 6731 6732
v -2892.4218 790.1419 282.4925
v -2901.2451 805.2655 282.4836
v -2901.2405 805.2638 272.2380
f 6733 6734 6735
v -2901.2405 805.2638 272.2380
v -2883.4980 774.8461 282.5004
v -2892.4218 790.1419 282.4925
f 6736 6737 6738

g building_ID_62201020-CCC7-4670-ACA6-48F6BE764132
v -2857.4111 724.1824 272.7354
v -2831.8751 747.7795 272.7441
v -2828.0737 741.2203 272.7466
f 6739 6740 6741
v -2861.1427 730.6362 272.7330
v -2864.8594 737.0622 272.7306
v -2831.8751 747.7795 272.7441
f 6742 6743 6744
v -2831.8751 747.7795 272.7441
v -2864.8594 737.0622 272.7306
v -2835.5291 754.0842 272.7417
f 6745 6746 6747
v -2857.4111 724.1824 272.7354
v -2861.1427 730.6362 272.7330
v -2831.8751 747.7795 272.7441
f 6748 6749 6750
v -2850.1786 745.5862 284.0517
v -2831.8809 747.7814 286.3295
v -2835.5340 754.0858 284.0782
f 6751 6752 6753
v -2831.8809 747.7814 286.3295
v -2850.1786 745.5862 284.0517
v -2861.1486 730.6381 286.3185
f 6754 6755 6756
v -2864.8643 737.0637 284.0252
v -2861.1486 730.6381 286.3185
v -2850.1786 745.5862 284.0517
f 6757 6758 6759
v -2861.1486 730.6381 286.3185
v -2857.4160 724.1839 284.0210
v -2828.0786 741.2220 283.9931
f 6760 6761 6762
v -2861.1486 730.6381 286.3185
v -2828.0786 741.2220 283.9931
v -2831.8809 747.7814 286.3295
f 6763 6764 6765
v -2850.1786 745.5862 284.0517
v -2864.8619 737.0629 278.3574
v -2864.8643 737.0637 284.0252
f 6766 6767 6768
v -2850.1786 745.5862 284.0517
v -2835.5340 754.0858 284.0782
v -2835.5291 754.0842 272.7417
f 6769 6770 6771
v -2835.5291 754.0842 272.7417
v -2864.8594 737.0622 272.7306
v -2864.8619 737.0629 278.3574
f 6772 6773 6774
v -2835.5340 754.0858 284.0782
v -2831.8751 747.7795 272.7441
v -2835.5291 754.0842 272.7417
f 6775 6776 6777
v -2828.0737 741.2203 272.7466
v -2831.8809 747.7814 286.3295
v -2828.0786 741.2220 283.9931
f 6778 6779 6780
v -2831.8809 747.7814 286.3295
v -2828.0737 741.2203 272.7466
v -2831.8751 747.7795 272.7441
f 6781 6782 6783
v -2835.5340 754.0858 284.0782
v -2831.8809 747.7814 286.3295
v -2831.8751 747.7795 272.7441
f 6784 6785 6786
v -2861.1486 730.6381 286.3185
v -2857.4148 724.1835 281.1991
v -2857.4160 724.1839 284.0210
f 6787 6788 6789
v -2857.4148 724.1835 281.1991
v -2861.1427 730.6362 272.7330
v -2857.4111 724.1824 272.7354
f 6790 6791 6792
v -2864.8619 737.0629 278.3574
v -2861.1486 730.6381 286.3185
v -2864.8643 737.0637 284.0252
f 6793 6794 6795
v -2864.8594 737.0622 272.7306
v -2861.1427 730.6362 272.7330
v -2864.8619 737.0629 278.3574
f 6796 6797 6798
v -2864.8619 737.0629 278.3574
v -2861.1427 730.6362 272.7330
v -2857.4148 724.1835 281.1991
f 6799 6800 6801
v -2861.1486 730.6381 286.3185
v -2864.8619 737.0629 278.3574
v -2857.4148 724.1835 281.1991
f 6802 6803 6804
v -2835.5291 754.0842 272.7417
v -2864.8619 737.0629 278.3574
v -2850.1786 745.5862 284.0517
f 6805 6806 6807
v -2828.0737 741.2203 272.7466
v -2828.0786 741.2220 283.9931
v -2857.4111 724.1824 272.7354
f 6808 6809 6810
v -2828.0786 741.2220 283.9931
v -2857.4160 724.1839 284.0210
v -2857.4148 724.1835 281.1991
f 6811 6812 6813
v -2828.0786 741.2220 283.9931
v -2857.4148 724.1835 281.1991
v -2857.4111 724.1824 272.7354
f 6814 6815 6816

g building_ID_B9D00474-4572-4053-A41B-BBF1A95B7EA9
v -2762.3423 719.6119 279.1236
v -2763.0160 717.8628 279.1035
v -2761.4855 720.6607 279.0808
f 6817 6818 6819
v -2761.8993 720.7567 279.1357
v -2761.4855 720.6607 279.0808
v -2756.7002 725.9628 278.8083
f 6820 6821 6822
v -2763.0160 717.8628 279.1035
v -2756.7002 725.9628 278.8083
v -2761.4855 720.6607 279.0808
f 6823 6824 6825
v -2760.8963 723.3590 279.1658
v -2761.8993 720.7567 279.1357
v -2758.0861 726.8014 279.0246
f 6826 6827 6828
v -2756.7002 725.9628 278.8083
v -2758.0861 726.8014 279.0246
v -2761.8993 720.7567 279.1357
f 6829 6830 6831
v -2757.5633 727.4421 279.0098
v -2756.7002 725.9628 278.8083
v -2750.8114 738.6248 279.0134
f 6832 6833 6834
v -2758.0861 726.8014 279.0246
v -2756.7002 725.9628 278.8083
v -2757.5633 727.4421 279.0098
f 6835 6836 6837
v -2749.4803 737.8892 278.8101
v -2750.8114 738.6248 279.0134
v -2756.7002 725.9628 278.8083
f 6838 6839 6840
v -2752.0702 739.4562 279.2148
v -2752.0933 739.4182 279.2147
v -2750.8114 738.6248 279.0134
f 6841 6842 6843
v -2749.4803 737.8892 278.8101
v -2752.0702 739.4562 279.2148
v -2750.8114 738.6248 279.0134
f 6844 6845 6846
v -2763.4259 718.2839 279.1243
v -2763.2374 718.0904 279.1144
v -2762.3423 719.6119 279.1236
f 6847 6848 6849
v -2762.3423 719.6119 279.1236
v -2763.2374 718.0904 279.1144
v -2763.0160 717.8628 279.1035
f 6850 6851 6852
v -2762.5789 720.9146 279.1583
v -2761.8993 720.7567 279.1357
v -2760.8963 723.3590 279.1658
f 6853 6854 6855
v -2760.8963 723.3590 279.1658
v -2762.7664 721.0681 279.1672
v -2762.5789 720.9146 279.1583
f 6856 6857 6858
v -2762.0089 717.1861 279.2419
v -2760.9884 718.8734 279.2203
v -2763.0160 717.8628 279.1035
f 6859 6860 6861
v -2760.9884 718.8734 279.2203
v -2756.7002 725.9628 278.8083
v -2763.0160 717.8628 279.1035
f 6862 6863 6864
v -2750.8114 738.6248 279.0134
v -2757.5618 727.4402 272.9960
v -2757.5624 727.4417 276.7539
f 6865 6866 6867
v -2750.8114 738.6248 279.0134
v -2750.8088 738.6239 272.9976
v -2757.5618 727.4402 272.9960
f 6868 6869 6870
v -2752.0907 739.4173 272.9969
v -2752.0933 739.4182 279.2147
v -2752.0676 739.4552 272.9970
f 6871 6872 6873
v -2752.0702 739.4562 279.2148
v -2752.0676 739.4552 272.9970
v -2752.0933 739.4182 279.2147
f 6874 6875 6876
v -2750.8088 738.6239 272.9976
v -2750.8114 738.6248 279.0134
v -2752.0933 739.4182 279.2147
f 6877 6878 6879
v -2750.8088 738.6239 272.9976
v -2752.0933 739.4182 279.2147
v -2752.0907 739.4173 272.9969
f 6880 6881 6882
v -2764.9590 719.8612 272.9936
v -2764.9592 719.8612 273.2476
v -2764.1954 720.8931 273.2478
f 6883 6884 6885
v -2762.0063 717.1852 272.9952
v -2762.0089 717.1861 279.2419
v -2763.0160 717.8628 279.1035
f 6886 6887 6888
v -2749.4802 737.8892 278.7101
v -2733.8742 763.6770 278.7137
v -2745.2372 752.9397 279.4071
f 6889 6890 6891
v -2737.4457 765.8386 279.4109
v -2745.2372 752.9397 279.4071
v -2733.8742 763.6770 278.7137
f 6892 6893 6894
v -2752.0702 739.4562 279.2148
v -2749.1355 746.4872 279.4042
v -2753.0317 740.0367 279.4023
f 6895 6896 6897
v -2749.1355 746.4872 279.4042
v -2752.0702 739.4562 279.2148
v -2749.4802 737.8892 278.7101
f 6898 6899 6900
v -2745.2372 752.9397 279.4071
v -2749.1355 746.4872 279.4042
v -2749.4802 737.8892 278.7101
f 6901 6902 6903
v -2753.0307 740.0364 276.9984
v -2753.0317 740.0367 279.4023
v -2749.1355 746.4872 279.4042
f 6904 6905 6906
v -2753.0290 740.0359 272.9965
v -2753.0307 740.0364 276.9984
v -2749.1355 746.4872 279.4042
f 6907 6908 6909
v -2745.2372 752.9397 279.4071
v -2737.4430 765.8376 273.0001
v -2749.1355 746.4872 279.4042
f 6910 6911 6912
v -2753.0290 740.0359 272.9965
v -2749.1355 746.4872 279.4042
v -2737.4430 765.8376 273.0001
f 6913 6914 6915
v -2737.4457 765.8386 279.4109
v -2737.4430 765.8376 273.0001
v -2745.2372 752.9397 279.4071
f 6916 6917 6918
v -2753.0307 740.0364 276.9984
v -2752.0676 739.4552 272.9970
v -2752.0702 739.4562 279.2148
f 6919 6920 6921
v -2753.0317 740.0367 279.4023
v -2753.0307 740.0364 276.9984
v -2752.0702 739.4562 279.2148
f 6922 6923 6924
v -2752.0676 739.4552 272.9970
v -2753.0307 740.0364 276.9984
v -2753.0290 740.0359 272.9965
f 6925 6926 6927
v -2737.4430 765.8376 273.0001
v -2737.4457 765.8386 279.4109
v -2733.8718 763.6761 273.0019
f 6928 6929 6930
v -2733.8742 763.6770 278.7137
v -2733.8718 763.6761 273.0019
v -2737.4457 765.8386 279.4109
f 6931 6932 6933
v -2749.4802 737.8892 278.7101
v -2752.0702 739.4562 279.2148
v -2749.4803 737.8892 278.8101
f 6934 6935 6936
v -2767.1427 721.9761 280.9531
v -2767.2527 722.0014 280.9791
v -2767.2266 721.6224 280.9542
f 6937 6938 6939
v -2767.2266 721.6224 280.9542
v -2767.2527 722.0014 280.9791
v -2769.8112 710.9854 280.9792
f 6940 6941 6942
v -2761.8686 720.3338 279.7016
v -2761.4857 720.6607 279.6337
v -2762.5792 720.9147 279.8882
f 6943 6944 6945
v -2761.4857 720.6607 279.6337
v -2761.8686 720.3338 279.7016
v -2763.4263 718.2840 279.9412
f 6946 6947 6948
v -2767.2266 721.6224 280.9542
v -2763.4263 718.2840 279.9412
v -2761.8686 720.3338 279.7016
f 6949 6950 6951
v -2769.8112 710.9854 280.9792
v -2769.5009 710.7345 280.8974
v -2767.9378 712.5703 280.6459
f 6952 6953 6954
v -2767.2266 721.6224 280.9542
v -2767.9378 712.5703 280.6459
v -2763.4263 718.2840 279.9412
f 6955 6956 6957
v -2767.9378 712.5703 280.6459
v -2763.2377 718.0905 279.8893
v -2763.4263 718.2840 279.9412
f 6958 6959 6960
v -2767.2266 721.6224 280.9542
v -2769.8112 710.9854 280.9792
v -2767.9378 712.5703 280.6459
f 6961 6962 6963
v -2767.2266 721.6224 280.9542
v -2767.2234 721.6213 273.2465
v -2767.1427 721.9761 280.9531
f 6964 6965 6966
v -2767.3354 722.0206 273.2464
v -2767.2527 722.0014 280.9791
v -2767.1395 721.9750 273.2465
f 6967 6968 6969
v -2767.1427 721.9761 280.9531
v -2767.1395 721.9750 273.2465
v -2767.2527 722.0014 280.9791
f 6970 6971 6972
v -2767.9378 712.5703 280.6459
v -2763.2374 718.0904 279.1144
v -2763.2377 718.0905 279.8893
f 6973 6974 6975
v -2763.2349 718.0896 273.2486
v -2763.2374 718.0904 279.1144
v -2767.9378 712.5703 280.6459
f 6976 6977 6978
v -2767.9378 712.5703 280.6459
v -2769.4976 710.7336 273.2467
v -2763.2349 718.0896 273.2486
f 6979 6980 6981
v -2769.5009 710.7345 280.8974
v -2769.4976 710.7336 273.2467
v -2767.9378 712.5703 280.6459
f 6982 6983 6984
v -2763.2374 718.0904 279.1144
v -2763.2349 718.0896 273.2486
v -2763.0160 717.8628 279.1035
f 6985 6986 6987
v -2763.0134 717.8619 272.9947
v -2763.0160 717.8628 279.1035
v -2763.2349 718.0896 273.2486
f 6988 6989 6990
v -2764.9590 719.8612 272.9936
v -2763.2349 718.0896 273.2486
v -2764.9592 719.8612 273.2476
f 6991 6992 6993
v -2763.2349 718.0896 273.2486
v -2764.9590 719.8612 272.9936
v -2763.0134 717.8619 272.9947
f 6994 6995 6996
v -2767.2234 721.6213 273.2465
v -2769.4976 710.7336 273.2467
v -2769.8079 710.9843 273.2465
f 6997 6998 6999
v -2769.4976 710.7336 273.2467
v -2764.9592 719.8612 273.2476
v -2763.2349 718.0896 273.2486
f 7000 7001 7002
v -2767.2234 721.6213 273.2465
v -2767.3354 722.0206 273.2464
v -2767.1395 721.9750 273.2465
f 7003 7004 7005
v -2767.3354 722.0206 273.2464
v -2767.2234 721.6213 273.2465
v -2769.8079 710.9843 273.2465
f 7006 7007 7008
v -2764.9592 719.8612 273.2476
v -2767.2234 721.6213 273.2465
v -2764.1954 720.8931 273.2478
f 7009 7010 7011
v -2767.2234 721.6213 273.2465
v -2764.9592 719.8612 273.2476
v -2769.4976 710.7336 273.2467
f 7012 7013 7014
v -2763.4259 718.2839 279.1243
v -2763.2377 718.0905 279.8893
v -2763.2374 718.0904 279.1144
f 7015 7016 7017
v -2761.4855 720.6607 279.0808
v -2761.4857 720.6607 279.6337
v -2762.3423 719.6119 279.1236
f 7018 7019 7020
v -2763.4263 718.2840 279.9412
v -2763.4259 718.2839 279.1243
v -2762.3423 719.6119 279.1236
f 7021 7022 7023
v -2762.5789 720.9146 279.1583
v -2762.5792 720.9147 279.8882
v -2761.8993 720.7567 279.1357
f 7024 7025 7026
v -2761.4855 720.6607 279.0808
v -2761.8993 720.7567 279.1357
v -2762.5792 720.9147 279.8882
f 7027 7028 7029
v -2762.5792 720.9147 279.8882
v -2761.4857 720.6607 279.6337
v -2761.4855 720.6607 279.0808
f 7030 7031 7032
v -2750.8088 738.6239 272.9976
v -2752.0907 739.4173 272.9969
v -2752.0676 739.4552 272.9970
f 7033 7034 7035
v -2737.4430 765.8376 273.0001
v -2733.8718 763.6761 273.0019
v -2750.8088 738.6239 272.9976
f 7036 7037 7038
v -2750.8088 738.6239 272.9976
v -2733.8718 763.6761 273.0019
v -2749.4778 737.8883 272.9983
f 7039 7040 7041
v -2752.0676 739.4552 272.9970
v -2737.4430 765.8376 273.0001
v -2750.8088 738.6239 272.9976
f 7042 7043 7044
v -2757.5618 727.4402 272.9960
v -2750.8088 738.6239 272.9976
v -2749.4778 737.8883 272.9983
f 7045 7046 7047
v -2753.0290 740.0359 272.9965
v -2737.4430 765.8376 273.0001
v -2752.0676 739.4552 272.9970
f 7048 7049 7050
v -2763.0134 717.8619 272.9947
v -2757.5618 727.4402 272.9960
v -2756.6968 725.9629 272.9965
f 7051 7052 7053
v -2763.0134 717.8619 272.9947
v -2756.6968 725.9629 272.9965
v -2762.0063 717.1852 272.9952
f 7054 7055 7056
v -2763.0134 717.8619 272.9947
v -2761.8658 720.3328 272.9949
v -2757.5618 727.4402 272.9960
f 7057 7058 7059
v -2762.0135 720.4542 272.9948
v -2762.7638 721.0672 272.9944
v -2757.5618 727.4402 272.9960
f 7060 7061 7062
v -2761.8658 720.3328 272.9949
v -2762.0135 720.4542 272.9948
v -2757.5618 727.4402 272.9960
f 7063 7064 7065
v -2761.8658 720.3328 272.9949
v -2763.0134 717.8619 272.9947
v -2764.9590 719.8612 272.9936
f 7066 7067 7068
v -2764.9590 719.8612 272.9936
v -2764.1953 720.8931 272.9938
v -2761.8658 720.3328 272.9949
f 7069 7070 7071
v -2756.6968 725.9629 272.9965
v -2757.5618 727.4402 272.9960
v -2749.4778 737.8883 272.9983
f 7072 7073 7074
v -2762.7638 721.0672 272.9944
v -2762.7664 721.0681 279.1672
v -2760.8963 723.3590 279.1658
f 7075 7076 7077
v -2760.8963 723.3590 279.1658
v -2757.5624 727.4417 276.7539
v -2762.7638 721.0672 272.9944
f 7078 7079 7080
v -2758.0861 726.8014 279.0246
v -2757.5624 727.4417 276.7539
v -2760.8963 723.3590 279.1658
f 7081 7082 7083
v -2757.5624 727.4417 276.7539
v -2757.5618 727.4402 272.9960
v -2762.7638 721.0672 272.9944
f 7084 7085 7086
v -2757.5633 727.4421 279.0098
v -2757.5624 727.4417 276.7539
v -2758.0861 726.8014 279.0246
f 7087 7088 7089
v -2764.1954 720.8931 273.2478
v -2767.2266 721.6224 280.9542
v -2761.8686 720.3338 279.7016
f 7090 7091 7092
v -2767.2266 721.6224 280.9542
v -2764.1954 720.8931 273.2478
v -2767.2234 721.6213 273.2465
f 7093 7094 7095
v -2761.8686 720.3338 279.7016
v -2761.8658 720.3328 272.9949
v -2764.1954 720.8931 273.2478
f 7096 7097 7098
v -2764.1954 720.8931 273.2478
v -2761.8658 720.3328 272.9949
v -2764.1953 720.8931 272.9938
f 7099 7100 7101
v -2769.8079 710.9843 273.2465
v -2769.4976 710.7336 273.2467
v -2769.5009 710.7345 280.8974
f 7102 7103 7104
v -2769.8079 710.9843 273.2465
v -2769.5009 710.7345 280.8974
v -2769.8112 710.9854 280.9792
f 7105 7106 7107
v -2762.0135 720.4542 272.9948
v -2761.8658 720.3328 272.9949
v -2761.8686 720.3338 279.7016
f 7108 7109 7110
v -2762.0135 720.4542 272.9948
v -2761.8686 720.3338 279.7016
v -2762.7638 721.0672 272.9944
f 7111 7112 7113
v -2762.5789 720.9146 279.1583
v -2761.8686 720.3338 279.7016
v -2762.5792 720.9147 279.8882
f 7114 7115 7116
v -2762.7638 721.0672 272.9944
v -2762.5789 720.9146 279.1583
v -2762.7664 721.0681 279.1672
f 7117 7118 7119
v -2762.5789 720.9146 279.1583
v -2762.7638 721.0672 272.9944
v -2761.8686 720.3338 279.7016
f 7120 7121 7122
v -2749.4778 737.8883 272.9983
v -2733.8718 763.6761 273.0019
v -2749.4802 737.8892 278.7101
f 7123 7124 7125
v -2733.8742 763.6770 278.7137
v -2749.4802 737.8892 278.7101
v -2733.8718 763.6761 273.0019
f 7126 7127 7128
v -2749.4802 737.8892 278.7101
v -2756.6968 725.9629 272.9965
v -2749.4778 737.8883 272.9983
f 7129 7130 7131
v -2756.7002 725.9628 278.8083
v -2749.4802 737.8892 278.7101
v -2749.4803 737.8892 278.8101
f 7132 7133 7134
v -2760.9884 718.8734 279.2203
v -2756.6968 725.9629 272.9965
v -2756.7002 725.9628 278.8083
f 7135 7136 7137
v -2762.0089 717.1861 279.2419
v -2762.0063 717.1852 272.9952
v -2760.9884 718.8734 279.2203
f 7138 7139 7140
v -2760.9884 718.8734 279.2203
v -2762.0063 717.1852 272.9952
v -2756.6968 725.9629 272.9965
f 7141 7142 7143
v -2749.4802 737.8892 278.7101
v -2756.7002 725.9628 278.8083
v -2756.6968 725.9629 272.9965
f 7144 7145 7146
v -2773.6576 713.6926 273.2446
v -2775.8888 715.4547 273.2434
v -2767.9320 748.5528 273.2430
f 7147 7148 7149
v -2773.6576 713.6926 273.2446
v -2767.3354 722.0206 273.2464
v -2769.8079 710.9843 273.2465
f 7150 7151 7152
v -2775.8888 715.4547 273.2434
v -2768.0220 748.5731 273.2430
v -2767.9320 748.5528 273.2430
f 7153 7154 7155
v -2773.6576 713.6926 273.2446
v -2761.4989 747.1476 273.2460
v -2767.3354 722.0206 273.2464
f 7156 7157 7158
v -2773.6576 713.6926 273.2446
v -2767.9320 748.5528 273.2430
v -2761.4989 747.1476 273.2460
f 7159 7160 7161
v -2767.2527 722.0014 280.9791
v -2767.3385 722.0216 280.9611
v -2769.8112 710.9854 280.9792
f 7162 7163 7164
v -2768.0220 748.5731 273.2430
v -2768.0247 748.5739 279.6757
v -2767.9348 748.5538 279.6937
f 7165 7166 7167
v -2760.5370 751.3009 280.9206
v -2766.9533 752.7920 279.6078
v -2766.9534 752.7920 279.6928
f 7168 7169 7170
v -2766.9534 752.7920 279.6928
v -2760.5370 751.3009 280.9606
v -2760.5370 751.3009 280.9206
f 7171 7172 7173
v -2760.5370 751.3009 280.9206
v -2760.5370 751.3009 280.9606
v -2761.5022 747.1486 280.9197
f 7174 7175 7176
v -2767.3385 722.0216 280.9611
v -2761.5022 747.1486 280.9197
v -2760.5370 751.3009 280.9606
f 7177 7178 7179
v -2761.4989 747.1476 273.2460
v -2761.5022 747.1486 280.9197
v -2767.3354 722.0206 273.2464
f 7180 7181 7182
v -2767.3385 722.0216 280.9611
v -2767.3354 722.0206 273.2464
v -2761.5022 747.1486 280.9197
f 7183 7184 7185
v -2773.6576 713.6926 273.2446
v -2774.2721 714.1762 280.0029
v -2775.8888 715.4547 273.2434
f 7186 7187 7188
v -2774.2721 714.1762 280.0029
v -2775.8915 715.4555 279.6441
v -2775.8888 715.4547 273.2434
f 7189 7190 7191
v -2773.6605 713.6936 280.1393
v -2774.2721 714.1762 280.0029
v -2773.6576 713.6926 273.2446
f 7192 7193 7194
v -2769.8079 710.9843 273.2465
v -2769.8112 710.9854 280.9792
v -2773.6605 713.6936 280.1393
f 7195 7196 7197
v -2769.8079 710.9843 273.2465
v -2773.6605 713.6936 280.1393
v -2773.6576 713.6926 273.2446
f 7198 7199 7200
v -2750.1805 762.2209 273.0151
v -2754.7769 774.3401 273.0116
v -2747.7636 772.6533 273.0149
f 7201 7202 7203
v -2750.1805 762.2209 273.0151
v -2754.1300 745.6217 273.0153
v -2754.7769 774.3401 273.0116
f 7204 7205 7206
v -2761.5154 775.9611 273.0085
v -2754.7769 774.3401 273.0116
v -2764.2068 764.6305 273.0087
f 7207 7208 7209
v -2754.0503 745.5175 273.0154
v -2754.1300 745.6217 273.0153
v -2754.0311 745.5984 273.0154
f 7210 7211 7212
v -2764.2068 764.6305 273.0087
v -2754.7769 774.3401 273.0116
v -2761.0971 747.0594 273.0122
f 7213 7214 7215
v -2764.2068 764.6305 273.0087
v -2761.0971 747.0594 273.0122
v -2767.9319 748.5528 273.0090
f 7216 7217 7218
v -2754.0503 745.5175 273.0154
v -2761.0971 747.0594 273.0122
v -2754.1300 745.6217 273.0153
f 7219 7220 7221
v -2754.1300 745.6217 273.0153
v -2761.0971 747.0594 273.0122
v -2754.7769 774.3401 273.0116
f 7222 7223 7224
v -2750.1833 762.2218 279.6139
v -2754.7803 774.3413 281.0013
v -2761.1004 747.0606 281.0019
f 7225 7226 7227
v -2754.1328 745.6227 279.6341
v -2750.1833 762.2218 279.6139
v -2761.1004 747.0606 281.0019
f 7228 7229 7230
v -2747.7663 772.6542 279.6137
v -2754.7803 774.3413 281.0013
v -2750.1833 762.2218 279.6139
f 7231 7232 7233
v -2761.1004 747.0606 281.0019
v -2754.0531 745.5185 279.6142
v -2754.1328 745.6227 279.6341
f 7234 7235 7236
v -2754.0531 745.5185 279.6142
v -2754.0339 745.5994 279.6142
v -2754.1328 745.6227 279.6341
f 7237 7238 7239
v -2764.2086 764.6311 277.1276
v -2764.2096 764.6315 279.6075
v -2761.5182 775.9621 279.6203
f 7240 7241 7242
v -2764.2068 764.6305 273.0087
v -2764.2086 764.6311 277.1276
v -2761.5182 775.9621 279.6203
f 7243 7244 7245
v -2764.2068 764.6305 273.0087
v -2761.5182 775.9621 279.6203
v -2761.5154 775.9611 273.0085
f 7246 7247 7248
v -2754.0339 745.5994 279.6142
v -2754.0311 745.5984 273.0154
v -2754.1328 745.6227 279.6341
f 7249 7250 7251
v -2754.1300 745.6217 273.0153
v -2754.1328 745.6227 279.6341
v -2754.0311 745.5984 273.0154
f 7252 7253 7254
v -2754.1328 745.6227 279.6341
v -2750.1805 762.2209 273.0151
v -2750.1833 762.2218 279.6139
f 7255 7256 7257
v -2754.1300 745.6217 273.0153
v -2750.1805 762.2209 273.0151
v -2754.1328 745.6227 279.6341
f 7258 7259 7260
v -2747.7636 772.6533 273.0149
v -2747.7663 772.6542 279.6137
v -2750.1805 762.2209 273.0151
f 7261 7262 7263
v -2754.0531 745.5185 279.6142
v -2754.0311 745.5984 273.0154
v -2754.0339 745.5994 279.6142
f 7264 7265 7266
v -2754.0531 745.5185 279.6142
v -2754.0503 745.5175 273.0154
v -2754.0311 745.5984 273.0154
f 7267 7268 7269
v -2761.5022 747.1486 280.9197
v -2761.1004 747.0606 281.0019
v -2760.5370 751.3009 280.9206
f 7270 7271 7272
v -2754.7803 774.3413 281.0013
v -2760.5370 751.3009 280.9206
v -2761.1004 747.0606 281.0019
f 7273 7274 7275
v -2764.2096 764.6315 279.6075
v -2766.9533 752.7920 279.6078
v -2760.5370 751.3009 280.9206
f 7276 7277 7278
v -2764.2096 764.6315 279.6075
v -2760.5370 751.3009 280.9206
v -2754.7803 774.3413 281.0013
f 7279 7280 7281
v -2764.2096 764.6315 279.6075
v -2754.7803 774.3413 281.0013
v -2761.5182 775.9621 279.6203
f 7282 7283 7284
v -2767.9348 748.5538 279.6937
v -2766.9533 752.7920 279.6078
v -2767.9320 748.5528 273.2430
f 7285 7286 7287
v -2767.9320 748.5528 273.2430
v -2764.2068 764.6305 273.0087
v -2767.9319 748.5528 273.0090
f 7288 7289 7290
v -2767.9348 748.5538 279.6937
v -2766.9534 752.7920 279.6928
v -2766.9533 752.7920 279.6078
f 7291 7292 7293
v -2764.2086 764.6311 277.1276
v -2766.9533 752.7920 279.6078
v -2764.2096 764.6315 279.6075
f 7294 7295 7296
v -2764.2086 764.6311 277.1276
v -2764.2068 764.6305 273.0087
v -2767.9320 748.5528 273.2430
f 7297 7298 7299
v -2766.9533 752.7920 279.6078
v -2764.2086 764.6311 277.1276
v -2767.9320 748.5528 273.2430
f 7300 7301 7302
v -2775.8915 715.4555 279.6441
v -2775.8824 715.4925 279.6441
v -2775.8888 715.4547 273.2434
f 7303 7304 7305
v -2768.0220 748.5731 273.2430
v -2768.2725 747.5297 279.6747
v -2768.0247 748.5739 279.6757
f 7306 7307 7308
v -2775.8888 715.4547 273.2434
v -2768.2725 747.5297 279.6747
v -2768.0220 748.5731 273.2430
f 7309 7310 7311
v -2768.2725 747.5297 279.6747
v -2775.8888 715.4547 273.2434
v -2775.8824 715.4925 279.6441
f 7312 7313 7314
v -2761.5154 775.9611 273.0085
v -2761.5182 775.9621 279.6203
v -2754.7769 774.3401 273.0116
f 7315 7316 7317
v -2761.5182 775.9621 279.6203
v -2754.7803 774.3413 281.0013
v -2754.7769 774.3401 273.0116
f 7318 7319 7320
v -2747.7636 772.6533 273.0149
v -2754.7769 774.3401 273.0116
v -2747.7663 772.6542 279.6137
f 7321 7322 7323
v -2754.7803 774.3413 281.0013
v -2747.7663 772.6542 279.6137
v -2754.7769 774.3401 273.0116
f 7324 7325 7326
v -2761.0971 747.0594 273.0122
v -2754.0503 745.5175 273.0154
v -2754.0531 745.5185 279.6142
f 7327 7328 7329
v -2767.9319 748.5528 273.0090
v -2761.0971 747.0594 273.0122
v -2761.4989 747.1476 273.2460
f 7330 7331 7332
v -2761.0971 747.0594 273.0122
v -2761.1004 747.0606 281.0019
v -2761.4989 747.1476 273.2460
f 7333 7334 7335
v -2761.1004 747.0606 281.0019
v -2761.0971 747.0594 273.0122
v -2754.0531 745.5185 279.6142
f 7336 7337 7338
v -2767.9320 748.5528 273.2430
v -2767.9319 748.5528 273.0090
v -2761.4989 747.1476 273.2460
f 7339 7340 7341
v -2761.1004 747.0606 281.0019
v -2761.5022 747.1486 280.9197
v -2761.4989 747.1476 273.2460
f 7342 7343 7344
v -2775.8915 715.4555 279.6441
v -2774.2721 714.1762 280.0029
v -2767.3385 722.0216 280.9611
f 7345 7346 7347
v -2775.8915 715.4555 279.6441
v -2767.3385 722.0216 280.9611
v -2775.8824 715.4925 279.6441
f 7348 7349 7350
v -2767.3385 722.0216 280.9611
v -2774.2721 714.1762 280.0029
v -2773.6605 713.6936 280.1393
f 7351 7352 7353
v -2775.8824 715.4925 279.6441
v -2767.3385 722.0216 280.9611
v -2768.2725 747.5297 279.6747
f 7354 7355 7356
v -2760.5370 751.3009 280.9606
v -2768.2725 747.5297 279.6747
v -2767.3385 722.0216 280.9611
f 7357 7358 7359
v -2769.8112 710.9854 280.9792
v -2767.3385 722.0216 280.9611
v -2773.6605 713.6936 280.1393
f 7360 7361 7362
v -2768.2725 747.5297 279.6747
v -2767.9348 748.5538 279.6937
v -2768.0247 748.5739 279.6757
f 7363 7364 7365
v -2767.9348 748.5538 279.6937
v -2760.5370 751.3009 280.9606
v -2766.9534 752.7920 279.6928
f 7366 7367 7368
v -2760.5370 751.3009 280.9606
v -2767.9348 748.5538 279.6937
v -2768.2725 747.5297 279.6747
f 7369 7370 7371
v -2757.5624 727.4417 276.7539
v -2757.5633 727.4421 279.0098
v -2750.8114 738.6248 279.0134
f 7372 7373 7374
v -2764.9590 719.8612 272.9936
v -2764.1954 720.8931 273.2478
v -2764.1953 720.8931 272.9938
f 7375 7376 7377
v -2762.0063 717.1852 272.9952
v -2763.0160 717.8628 279.1035
v -2763.0134 717.8619 272.9947
f 7378 7379 7380
v -2767.1395 721.9750 273.2465
v -2767.1427 721.9761 280.9531
v -2767.2234 721.6213 273.2465
f 7381 7382 7383
v -2763.4263 718.2840 279.9412
v -2763.2377 718.0905 279.8893
v -2763.4259 718.2839 279.1243
f 7384 7385 7386
v -2761.4857 720.6607 279.6337
v -2763.4263 718.2840 279.9412
v -2762.3423 719.6119 279.1236
f 7387 7388 7389
v -2768.0220 748.5731 273.2430
v -2767.9348 748.5538 279.6937
v -2767.9320 748.5528 273.2430
f 7390 7391 7392
v -2767.3385 722.0216 280.9611
v -2767.2527 722.0014 280.9791
v -2767.3354 722.0206 273.2464
f 7393 7394 7395
v -2747.7663 772.6542 279.6137
v -2750.1833 762.2218 279.6139
v -2750.1805 762.2209 273.0151
f 7396 7397 7398

g building_ID_1755D45C-75B1-437D-BF9E-2E73EBB07895
v -2750.2930 725.5317 272.9993
v -2750.2959 725.5327 279.8040
v -2752.2119 723.2468 279.7255
f 7399 7400 7401
v -2744.6037 734.9372 279.8055
v -2749.4802 737.8892 278.7101
v -2749.4803 737.8892 278.8101
f 7402 7403 7404
v -2749.4802 737.8892 278.7101
v -2744.6037 734.9372 279.8055
v -2744.6045 734.9372 279.4085
f 7405 7406 7407
v -2733.8718 763.6761 273.0019
v -2733.8742 763.6770 278.7137
v -2728.9938 760.7240 273.0043
f 7408 7409 7410
v -2728.9964 760.7250 279.4121
v -2749.4802 737.8892 278.7101
v -2744.6045 734.9372 279.4085
f 7411 7412 7413
v -2749.4802 737.8892 278.7101
v -2728.9964 760.7250 279.4121
v -2733.8742 763.6770 278.7137
f 7414 7415 7416
v -2752.2119 723.2468 279.7255
v -2760.3225 719.2056 279.2585
v -2757.2012 716.8042 279.7090
f 7417 7418 7419
v -2758.6824 714.9518 275.4618
v -2758.6494 714.9302 272.9969
v -2758.6522 714.9312 279.7036
f 7420 7421 7422
v -2758.6841 714.9522 279.6996
v -2758.6824 714.9518 275.4618
v -2758.6522 714.9312 279.7036
f 7423 7424 7425
v -2758.6824 714.9518 275.4618
v -2762.0073 717.1856 275.4601
v -2758.6494 714.9302 272.9969
f 7426 7427 7428
v -2762.0063 717.1852 272.9952
v -2758.6494 714.9302 272.9969
v -2762.0073 717.1856 275.4601
f 7429 7430 7431
v -2757.1994 716.8036 275.4622
v -2752.2119 723.2468 279.7255
v -2757.2012 716.8042 279.7090
f 7432 7433 7434
v -2758.6494 714.9302 272.9969
v -2752.2091 723.2459 272.9988
v -2757.1994 716.8036 275.4622
f 7435 7436 7437
v -2752.2119 723.2468 279.7255
v -2757.1994 716.8036 275.4622
v -2752.2091 723.2459 272.9988
f 7438 7439 7440
v -2757.6159 716.2668 275.4621
v -2757.6176 716.2674 279.7069
v -2758.6522 714.9312 279.7036
f 7441 7442 7443
v -2758.6494 714.9302 272.9969
v -2757.1994 716.8036 275.4622
v -2757.6159 716.2668 275.4621
f 7444 7445 7446
v -2758.6522 714.9312 279.7036
v -2758.6494 714.9302 272.9969
v -2757.6159 716.2668 275.4621
f 7447 7448 7449
v -2752.2119 723.2468 279.7255
v -2760.6398 719.4494 279.1863
v -2760.3225 719.2056 279.2585
f 7450 7451 7452
v -2760.6398 719.4494 279.1863
v -2752.2119 723.2468 279.7255
v -2756.7002 725.9628 278.8083
f 7453 7454 7455
v -2761.5103 720.1189 279.8878
v -2768.3667 709.6995 281.0030
v -2757.1897 716.7953 280.7850
f 7456 7457 7458
v -2765.0369 707.1207 281.6766
v -2757.1897 716.7953 280.7850
v -2768.3667 709.6995 281.0030
f 7459 7460 7461
v -2765.0343 707.1199 275.4599
v -2765.0369 707.1207 281.6766
v -2768.3667 709.6995 281.0030
f 7462 7463 7464
v -2769.5219 710.7096 280.9794
v -2768.3667 709.6995 281.0030
v -2761.5103 720.1189 279.8878
f 7465 7466 7467
v -2769.5196 710.7089 275.4576
v -2769.5219 710.7096 280.9794
v -2761.5103 720.1189 279.8878
f 7468 7469 7470
v -2768.3644 709.6988 275.4582
v -2768.3667 709.6995 281.0030
v -2769.5219 710.7096 280.9794
f 7471 7472 7473
v -2757.6176 716.2674 279.7069
v -2758.6841 714.9522 279.6996
v -2758.6522 714.9312 279.7036
f 7474 7475 7476
v -2761.5084 720.1182 275.4600
v -2761.5103 720.1189 279.8878
v -2760.6398 719.4494 279.1863
f 7477 7478 7479
v -2760.3225 719.2056 279.2585
v -2760.6398 719.4494 279.1863
v -2761.5103 720.1189 279.8878
f 7480 7481 7482
v -2760.6398 719.4494 279.1863
v -2760.6383 719.4489 275.4604
v -2761.5084 720.1182 275.4600
f 7483 7484 7485
v -2757.2012 716.8042 279.7090
v -2760.3225 719.2056 279.2585
v -2757.1897 716.7953 280.7850
f 7486 7487 7488
v -2761.5103 720.1189 279.8878
v -2757.1897 716.7953 280.7850
v -2760.3225 719.2056 279.2585
f 7489 7490 7491
v -2757.1994 716.8036 275.4622
v -2757.2012 716.8042 279.7090
v -2757.1874 716.7946 275.4622
f 7492 7493 7494
v -2757.1897 716.7953 280.7850
v -2757.1874 716.7946 275.4622
v -2757.2012 716.8042 279.7090
f 7495 7496 7497
v -2757.1874 716.7946 275.4622
v -2757.1897 716.7953 280.7850
v -2757.6176 716.2674 279.7069
f 7498 7499 7500
v -2758.6841 714.9522 279.6996
v -2757.6176 716.2674 279.7069
v -2757.1897 716.7953 280.7850
f 7501 7502 7503
v -2757.6176 716.2674 279.7069
v -2757.6159 716.2668 275.4621
v -2757.1874 716.7946 275.4622
f 7504 7505 7506
v -2765.0343 707.1199 275.4599
v -2758.6841 714.9522 279.6996
v -2765.0369 707.1207 281.6766
f 7507 7508 7509
v -2757.1897 716.7953 280.7850
v -2765.0369 707.1207 281.6766
v -2758.6841 714.9522 279.6996
f 7510 7511 7512
v -2758.6841 714.9522 279.6996
v -2765.0343 707.1199 275.4599
v -2758.6824 714.9518 275.4618
f 7513 7514 7515
v -2750.2959 725.5327 279.8040
v -2744.6037 734.9372 279.8055
v -2749.4803 737.8892 278.8101
f 7516 7517 7518
v -2750.2959 725.5327 279.8040
v -2756.7002 725.9628 278.8083
v -2752.2119 723.2468 279.7255
f 7519 7520 7521
v -2749.4803 737.8892 278.8101
v -2756.7002 725.9628 278.8083
v -2750.2959 725.5327 279.8040
f 7522 7523 7524
v -2728.9964 760.7250 279.4121
v -2744.6045 734.9372 279.4085
v -2728.9938 760.7240 273.0043
f 7525 7526 7527
v -2750.2930 725.5317 272.9993
v -2744.6045 734.9372 279.4085
v -2750.2959 725.5327 279.8040
f 7528 7529 7530
v -2744.6037 734.9372 279.8055
v -2750.2959 725.5327 279.8040
v -2744.6045 734.9372 279.4085
f 7531 7532 7533
v -2744.6009 734.9362 273.0007
v -2744.6045 734.9372 279.4085
v -2750.2930 725.5317 272.9993
f 7534 7535 7536
v -2757.1874 716.7946 275.4622
v -2757.6159 716.2668 275.4621
v -2757.1994 716.8036 275.4622
f 7537 7538 7539
v -2768.3644 709.6988 275.4582
v -2769.5196 710.7089 275.4576
v -2762.0073 717.1856 275.4601
f 7540 7541 7542
v -2761.5084 720.1182 275.4600
v -2762.0073 717.1856 275.4601
v -2769.5196 710.7089 275.4576
f 7543 7544 7545
v -2762.0073 717.1856 275.4601
v -2765.0343 707.1199 275.4599
v -2768.3644 709.6988 275.4582
f 7546 7547 7548
v -2762.0073 717.1856 275.4601
v -2761.5084 720.1182 275.4600
v -2760.6383 719.4489 275.4604
f 7549 7550 7551
v -2765.0343 707.1199 275.4599
v -2762.0073 717.1856 275.4601
v -2758.6824 714.9518 275.4618
f 7552 7553 7554
v -2756.6968 725.9639 272.9965
v -2762.0073 717.1856 275.4601
v -2760.6383 719.4489 275.4604
f 7555 7556 7557
v -2760.6398 719.4494 279.1863
v -2756.7002 725.9628 278.8083
v -2760.6383 719.4489 275.4604
f 7558 7559 7560
v -2749.4802 737.8892 278.7101
v -2756.7002 725.9628 278.8083
v -2749.4803 737.8892 278.8101
f 7561 7562 7563
v -2749.4802 737.8892 278.7101
v -2749.4778 737.8883 272.9983
v -2760.6383 719.4489 275.4604
f 7564 7565 7566
v -2756.6968 725.9639 272.9965
v -2760.6383 719.4489 275.4604
v -2749.4778 737.8883 272.9983
f 7567 7568 7569
v -2749.4778 737.8883 272.9983
v -2733.8742 763.6770 278.7137
v -2733.8718 763.6761 273.0019
f 7570 7571 7572
v -2749.4778 737.8883 272.9983
v -2749.4802 737.8892 278.7101
v -2733.8742 763.6770 278.7137
f 7573 7574 7575
v -2756.7002 725.9628 278.8083
v -2749.4802 737.8892 278.7101
v -2760.6383 719.4489 275.4604
f 7576 7577 7578
v -2733.8718 763.6761 273.0019
v -2728.9938 760.7240 273.0043
v -2758.6494 714.9302 272.9969
f 7579 7580 7581
v -2728.9938 760.7240 273.0043
v -2744.6009 734.9362 273.0007
v -2758.6494 714.9302 272.9969
f 7582 7583 7584
v -2733.8718 763.6761 273.0019
v -2758.6494 714.9302 272.9969
v -2749.4778 737.8883 272.9983
f 7585 7586 7587
v -2749.4778 737.8883 272.9983
v -2758.6494 714.9302 272.9969
v -2756.6968 725.9639 272.9965
f 7588 7589 7590
v -2750.2930 725.5317 272.9993
v -2752.2091 723.2459 272.9988
v -2744.6009 734.9362 273.0007
f 7591 7592 7593
v -2752.2091 723.2459 272.9988
v -2758.6494 714.9302 272.9969
v -2744.6009 734.9362 273.0007
f 7594 7595 7596
v -2758.6494 714.9302 272.9969
v -2762.0063 717.1852 272.9952
v -2756.6968 725.9639 272.9965
f 7597 7598 7599
v -2750.2930 725.5317 272.9993
v -2752.2119 723.2468 279.7255
v -2752.2091 723.2459 272.9988
f 7600 7601 7602
v -2733.8742 763.6770 278.7137
v -2728.9964 760.7250 279.4121
v -2728.9938 760.7240 273.0043
f 7603 7604 7605
v -2765.0343 707.1199 275.4599
v -2768.3667 709.6995 281.0030
v -2768.3644 709.6988 275.4582
f 7606 7607 7608
v -2769.5196 710.7089 275.4576
v -2761.5103 720.1189 279.8878
v -2761.5084 720.1182 275.4600
f 7609 7610 7611
v -2768.3644 709.6988 275.4582
v -2769.5219 710.7096 280.9794
v -2769.5196 710.7089 275.4576
f 7612 7613 7614
v -2744.6045 734.9372 279.4085
v -2744.6009 734.9362 273.0007
v -2728.9938 760.7240 273.0043
f 7615 7616 7617
v -2762.0073 717.1856 275.4601
v -2756.6968 725.9639 272.9965
v -2762.0063 717.1852 272.9952
f 7618 7619 7620

g building_ID_C9E7E317-1DF7-4927-B850-526658CF755F
v -2706.1462 760.1179 274.1871
v -2706.0402 760.1155 274.1872
v -2706.0721 760.1647 274.1872
f 7621 7622 7623
v -2698.6112 755.3326 274.1909
v -2706.0402 760.1155 274.1872
v -2701.7526 753.3062 274.1898
f 7624 7625 7626
v -2706.1462 760.1179 274.1871
v -2701.7526 753.3062 274.1898
v -2706.0402 760.1155 274.1872
f 7627 7628 7629
v -2702.9779 762.1043 274.1882
v -2706.0402 760.1155 274.1872
v -2698.6112 755.3326 274.1909
f 7630 7631 7632
v -2706.0376 760.1147 267.8705
v -2706.0402 760.1155 274.1872
v -2702.9779 762.1043 274.1882
f 7633 7634 7635
v -2706.0695 760.1637 267.8705
v -2706.0721 760.1647 274.1872
v -2706.0402 760.1155 274.1872
f 7636 7637 7638
v -2698.6086 755.3318 267.8742
v -2698.6112 755.3326 274.1909
v -2701.7526 753.3062 274.1898
f 7639 7640 7641
v -2702.9753 762.1034 267.8715
v -2702.9779 762.1043 274.1882
v -2698.6112 755.3326 274.1909
f 7642 7643 7644
v -2710.7189 747.3103 274.8507
v -2711.6742 749.0339 274.8501
v -2711.7844 748.9623 274.8501
f 7645 7646 7647
v -2706.1465 760.1180 274.8511
v -2711.6742 749.0339 274.8501
v -2701.6563 753.1560 274.8539
f 7648 7649 7650
v -2710.7189 747.3103 274.8507
v -2701.6563 753.1560 274.8539
v -2711.6742 749.0339 274.8501
f 7651 7652 7653
v -2715.1070 754.2961 274.8480
v -2711.6742 749.0339 274.8501
v -2706.1465 760.1180 274.8511
f 7654 7655 7656
v -2711.6713 749.0329 267.8693
v -2711.6742 749.0339 274.8501
v -2715.1070 754.2961 274.8480
f 7657 7658 7659
v -2711.7815 748.9612 267.8693
v -2711.7844 748.9623 274.8501
v -2711.6742 749.0339 274.8501
f 7660 7661 7662
v -2710.7160 747.3094 267.8699
v -2710.7189 747.3103 274.8507
v -2711.7844 748.9623 274.8501
f 7663 7664 7665
v -2701.6534 753.1549 267.8732
v -2701.6563 753.1560 274.8539
v -2710.7189 747.3103 274.8507
f 7666 7667 7668
v -2706.1462 760.1179 274.1871
v -2706.1465 760.1180 274.8511
v -2701.7526 753.3062 274.1898
f 7669 7670 7671
v -2701.6563 753.1560 274.8539
v -2701.7526 753.3062 274.1898
v -2706.1465 760.1180 274.8511
f 7672 7673 7674
v -2701.7500 753.3052 267.8731
v -2701.7526 753.3062 274.1898
v -2701.6534 753.1549 267.8732
f 7675 7676 7677
v -2701.6563 753.1560 274.8539
v -2701.6534 753.1549 267.8732
v -2701.7526 753.3062 274.1898
f 7678 7679 7680
v -2707.5390 759.2157 267.8700
v -2715.1042 754.2950 267.8672
v -2715.1070 754.2961 274.8480
f 7681 7682 7683
v -2706.1462 760.1179 274.1871
v -2707.5390 759.2157 267.8700
v -2715.1070 754.2961 274.8480
f 7684 7685 7686
v -2715.1070 754.2961 274.8480
v -2706.1465 760.1180 274.8511
v -2706.1462 760.1179 274.1871
f 7687 7688 7689
v -2706.1462 760.1179 274.1871
v -2706.0721 760.1647 274.1872
v -2706.0695 760.1637 267.8705
f 7690 7691 7692
v -2707.5390 759.2157 267.8700
v -2706.1462 760.1179 274.1871
v -2706.0695 760.1637 267.8705
f 7693 7694 7695
v -2706.0376 760.1147 267.8705
v -2698.6086 755.3318 267.8742
v -2701.7500 753.3052 267.8731
f 7696 7697 7698
v -2702.9753 762.1034 267.8715
v -2698.6086 755.3318 267.8742
v -2706.0376 760.1147 267.8705
f 7699 7700 7701
v -2707.5390 759.2157 267.8700
v -2706.0695 760.1637 267.8705
v -2706.0376 760.1147 267.8705
f 7702 7703 7704
v -2707.5390 759.2157 267.8700
v -2706.0376 760.1147 267.8705
v -2701.7500 753.3052 267.8731
f 7705 7706 7707
v -2711.6713 749.0329 267.8693
v -2701.7500 753.3052 267.8731
v -2710.7160 747.3094 267.8699
f 7708 7709 7710
v -2711.7815 748.9612 267.8693
v -2711.6713 749.0329 267.8693
v -2710.7160 747.3094 267.8699
f 7711 7712 7713
v -2715.1042 754.2950 267.8672
v -2707.5390 759.2157 267.8700
v -2711.6713 749.0329 267.8693
f 7714 7715 7716
v -2711.6713 749.0329 267.8693
v -2707.5390 759.2157 267.8700
v -2701.7500 753.3052 267.8731
f 7717 7718 7719
v -2710.7160 747.3094 267.8699
v -2701.7500 753.3052 267.8731
v -2701.6534 753.1549 267.8732
f 7720 7721 7722
v -2706.0376 760.1147 267.8705
v -2702.9779 762.1043 274.1882
v -2702.9753 762.1034 267.8715
f 7723 7724 7725
v -2706.0695 760.1637 267.8705
v -2706.0402 760.1155 274.1872
v -2706.0376 760.1147 267.8705
f 7726 7727 7728
v -2698.6086 755.3318 267.8742
v -2701.7526 753.3062 274.1898
v -2701.7500 753.3052 267.8731
f 7729 7730 7731
v -2702.9753 762.1034 267.8715
v -2698.6112 755.3326 274.1909
v -2698.6086 755.3318 267.8742
f 7732 7733 7734
v -2711.6713 749.0329 267.8693
v -2715.1070 754.2961 274.8480
v -2715.1042 754.2950 267.8672
f 7735 7736 7737
v -2711.7815 748.9612 267.8693
v -2711.6742 749.0339 274.8501
v -2711.6713 749.0329 267.8693
f 7738 7739 7740
v -2710.7160 747.3094 267.8699
v -2711.7844 748.9623 274.8501
v -2711.7815 748.9612 267.8693
f 7741 7742 7743
v -2701.6534 753.1549 267.8732
v -2710.7189 747.3103 274.8507
v -2710.7160 747.3094 267.8699
f 7744 7745 7746

g building_ID_2DD93C8A-0226-4B55-A187-6A739E5245E7
v -2661.1270 773.8377 274.1765
v -2664.8896 782.5178 274.1739
v -2684.8360 772.2205 274.1667
f 7747 7748 7749
v -2684.8360 772.2205 274.1667
v -2664.8896 782.5178 274.1739
v -2685.5970 774.0765 274.1661
f 7750 7751 7752
v -2661.1270 773.8377 274.1765
v -2684.8360 772.2205 274.1667
v -2681.6919 764.8252 274.1689
f 7753 7754 7755
v -2658.1496 775.1038 274.1776
v -2661.1270 773.8377 274.1765
v -2658.0523 774.8735 274.1776
f 7756 7757 7758
v -2681.6919 764.8252 274.1689
v -2658.0523 774.8735 274.1776
v -2661.1270 773.8377 274.1765
f 7759 7760 7761
v -2664.8896 782.5178 274.1739
v -2664.9607 782.8669 274.1738
v -2665.0228 782.8411 274.1738
f 7762 7763 7764
v -2664.8896 782.5178 274.1739
v -2661.1270 773.8377 274.1765
v -2664.9607 782.8669 274.1738
f 7765 7766 7767
v -2664.8862 782.5165 265.8372
v -2664.8896 782.5178 274.1739
v -2665.0228 782.8411 274.1738
f 7768 7769 7770
v -2685.5936 774.0753 265.8295
v -2685.5970 774.0765 274.1661
v -2664.8896 782.5178 274.1739
f 7771 7772 7773
v -2684.8326 772.2192 265.8301
v -2684.8360 772.2205 274.1667
v -2685.5970 774.0765 274.1661
f 7774 7775 7776
v -2681.6916 764.8249 273.2840
v -2681.6919 764.8252 274.1689
v -2682.3524 766.3787 273.2835
f 7777 7778 7779
v -2684.8360 772.2205 274.1667
v -2682.3524 766.3787 273.2835
v -2681.6919 764.8252 274.1689
f 7780 7781 7782
v -2682.3493 766.3776 265.8318
v -2682.3524 766.3787 273.2835
v -2684.8326 772.2192 265.8301
f 7783 7784 7785
v -2658.0519 774.8734 273.2926
v -2658.0523 774.8735 274.1776
v -2681.6919 764.8252 274.1689
f 7786 7787 7788
v -2658.1493 775.1036 273.2926
v -2658.1496 775.1038 274.1776
v -2658.0523 774.8735 274.1776
f 7789 7790 7791
v -2664.8721 782.9294 265.8371
v -2664.8723 782.9295 266.2961
v -2661.9941 784.1528 266.2972
f 7792 7793 7794
v -2677.3368 753.9474 265.8354
v -2677.3398 753.9485 273.2871
v -2682.4265 766.3470 273.2835
f 7795 7796 7797
v -2646.5669 766.7456 265.8467
v -2646.5699 766.7467 273.2984
v -2677.3398 753.9485 273.2871
f 7798 7799 7800
v -2651.3478 777.9934 266.3023
v -2651.9100 779.3168 265.8430
v -2651.9102 779.3168 266.3020
f 7801 7802 7803
v -2646.5669 766.7456 265.8467
v -2651.3478 777.9934 266.3023
v -2646.5699 766.7467 273.2984
f 7804 7805 7806
v -2651.3506 777.9943 273.2950
v -2646.5699 766.7467 273.2984
v -2651.3478 777.9934 266.3023
f 7807 7808 7809
v -2651.9100 779.3168 265.8430
v -2651.3478 777.9934 266.3023
v -2646.5669 766.7456 265.8467
f 7810 7811 7812
v -2682.4265 766.3470 273.2835
v -2677.3398 753.9485 273.2871
v -2681.6916 764.8249 273.2840
f 7813 7814 7815
v -2658.0519 774.8734 273.2926
v -2681.6916 764.8249 273.2840
v -2677.3398 753.9485 273.2871
f 7816 7817 7818
v -2681.6916 764.8249 273.2840
v -2682.3524 766.3787 273.2835
v -2682.4265 766.3470 273.2835
f 7819 7820 7821
v -2651.3506 777.9943 273.2950
v -2658.0519 774.8734 273.2926
v -2646.5699 766.7467 273.2984
f 7822 7823 7824
v -2677.3398 753.9485 273.2871
v -2646.5699 766.7467 273.2984
v -2658.0519 774.8734 273.2926
f 7825 7826 7827
v -2658.0519 774.8734 273.2926
v -2651.3506 777.9943 273.2950
v -2658.1493 775.1036 273.2926
f 7828 7829 7830
v -2682.4234 766.3458 265.8318
v -2682.4265 766.3470 273.2835
v -2682.3524 766.3787 273.2835
f 7831 7832 7833
v -2658.7097 776.4260 265.8405
v -2658.7099 776.4261 266.2995
v -2651.9102 779.3168 266.3020
f 7834 7835 7836
v -2664.9614 782.8672 275.8327
v -2661.1277 773.8381 275.8354
v -2664.8663 782.9060 275.8327
f 7837 7838 7839
v -2658.9759 787.1951 275.8346
v -2664.8663 782.9060 275.8327
v -2661.1277 773.8381 275.8354
f 7840 7841 7842
v -2658.9759 787.1951 275.8346
v -2648.2442 779.3154 275.8401
v -2651.8036 787.6888 275.8376
f 7843 7844 7845
v -2658.9759 787.1951 275.8346
v -2665.5190 784.4977 275.8323
v -2664.8663 782.9060 275.8327
f 7846 7847 7848
v -2648.2442 779.3154 275.8401
v -2658.9759 787.1951 275.8346
v -2661.1277 773.8381 275.8354
f 7849 7850 7851
v -2651.7997 787.6874 266.3010
v -2651.8036 787.6888 275.8376
v -2648.2442 779.3154 275.8401
f 7852 7853 7854
v -2658.9720 787.1937 266.2980
v -2658.9759 787.1951 275.8346
v -2651.8036 787.6888 275.8376
f 7855 7856 7857
v -2665.5151 784.4963 266.2957
v -2665.5190 784.4977 275.8323
v -2658.9759 787.1951 275.8346
f 7858 7859 7860
v -2664.8723 782.9295 266.2961
v -2664.8622 782.9044 265.8371
v -2664.8663 782.9060 275.8327
f 7861 7862 7863
v -2664.8723 782.9295 266.2961
v -2664.8663 782.9060 275.8327
v -2665.5151 784.4963 266.2957
f 7864 7865 7866
v -2665.5190 784.4977 275.8323
v -2665.5151 784.4963 266.2957
v -2664.8663 782.9060 275.8327
f 7867 7868 7869
v -2661.9939 784.1527 265.8382
v -2661.9941 784.1528 266.2972
v -2658.7099 776.4261 266.2995
f 7870 7871 7872
v -2651.9102 779.3168 266.3020
v -2648.2403 779.3140 266.3035
v -2651.3478 777.9934 266.3023
f 7873 7874 7875
v -2658.9720 787.1937 266.2980
v -2651.7997 787.6874 266.3010
v -2651.9102 779.3168 266.3020
f 7876 7877 7878
v -2648.2403 779.3140 266.3035
v -2651.9102 779.3168 266.3020
v -2651.7997 787.6874 266.3010
f 7879 7880 7881
v -2651.9102 779.3168 266.3020
v -2661.9941 784.1528 266.2972
v -2658.9720 787.1937 266.2980
f 7882 7883 7884
v -2658.9720 787.1937 266.2980
v -2661.9941 784.1528 266.2972
v -2665.5151 784.4963 266.2957
f 7885 7886 7887
v -2664.8723 782.9295 266.2961
v -2665.5151 784.4963 266.2957
v -2661.9941 784.1528 266.2972
f 7888 7889 7890
v -2658.7099 776.4261 266.2995
v -2661.9941 784.1528 266.2972
v -2651.9102 779.3168 266.3020
f 7891 7892 7893
v -2661.1270 773.8377 274.1765
v -2661.1277 773.8381 275.8354
v -2664.9607 782.8669 274.1738
f 7894 7895 7896
v -2648.2403 779.3140 266.3035
v -2648.2442 779.3154 275.8401
v -2651.3506 777.9943 273.2950
f 7897 7898 7899
v -2658.1496 775.1038 274.1776
v -2651.3506 777.9943 273.2950
v -2648.2442 779.3154 275.8401
f 7900 7901 7902
v -2651.3506 777.9943 273.2950
v -2651.3478 777.9934 266.3023
v -2648.2403 779.3140 266.3035
f 7903 7904 7905
v -2658.1496 775.1038 274.1776
v -2661.1277 773.8381 275.8354
v -2661.1270 773.8377 274.1765
f 7906 7907 7908
v -2651.3506 777.9943 273.2950
v -2658.1496 775.1038 274.1776
v -2658.1493 775.1036 273.2926
f 7909 7910 7911
v -2648.2442 779.3154 275.8401
v -2661.1277 773.8381 275.8354
v -2658.1496 775.1038 274.1776
f 7912 7913 7914
v -2664.8622 782.9044 265.8371
v -2665.0194 782.8399 265.8371
v -2664.9607 782.8669 274.1738
f 7915 7916 7917
v -2665.0228 782.8411 274.1738
v -2664.9607 782.8669 274.1738
v -2665.0194 782.8399 265.8371
f 7918 7919 7920
v -2664.9607 782.8669 274.1738
v -2664.9614 782.8672 275.8327
v -2664.8663 782.9060 275.8327
f 7921 7922 7923
v -2664.9607 782.8669 274.1738
v -2664.8663 782.9060 275.8327
v -2664.8622 782.9044 265.8371
f 7924 7925 7926
v -2658.7097 776.4260 265.8405
v -2651.9100 779.3168 265.8430
v -2646.5669 766.7456 265.8467
f 7927 7928 7929
v -2677.3368 753.9474 265.8354
v -2658.7097 776.4260 265.8405
v -2646.5669 766.7456 265.8467
f 7930 7931 7932
v -2664.8721 782.9294 265.8371
v -2661.9939 784.1527 265.8382
v -2664.8622 782.9044 265.8371
f 7933 7934 7935
v -2661.9939 784.1527 265.8382
v -2664.8862 782.5165 265.8372
v -2664.8622 782.9044 265.8371
f 7936 7937 7938
v -2664.8862 782.5165 265.8372
v -2661.9939 784.1527 265.8382
v -2658.7097 776.4260 265.8405
f 7939 7940 7941
v -2682.4234 766.3458 265.8318
v -2682.3493 766.3776 265.8318
v -2677.3368 753.9474 265.8354
f 7942 7943 7944
v -2658.7097 776.4260 265.8405
v -2682.3493 766.3776 265.8318
v -2664.8862 782.5165 265.8372
f 7945 7946 7947
v -2664.8622 782.9044 265.8371
v -2664.8862 782.5165 265.8372
v -2665.0194 782.8399 265.8371
f 7948 7949 7950
v -2664.8862 782.5165 265.8372
v -2684.8326 772.2192 265.8301
v -2685.5936 774.0753 265.8295
f 7951 7952 7953
v -2684.8326 772.2192 265.8301
v -2664.8862 782.5165 265.8372
v -2682.3493 766.3776 265.8318
f 7954 7955 7956
v -2677.3368 753.9474 265.8354
v -2682.3493 766.3776 265.8318
v -2658.7097 776.4260 265.8405
f 7957 7958 7959
v -2664.8622 782.9044 265.8371
v -2664.8723 782.9295 266.2961
v -2664.8721 782.9294 265.8371
f 7960 7961 7962
v -2664.8862 782.5165 265.8372
v -2665.0228 782.8411 274.1738
v -2665.0194 782.8399 265.8371
f 7963 7964 7965
v -2685.5936 774.0753 265.8295
v -2664.8896 782.5178 274.1739
v -2664.8862 782.5165 265.8372
f 7966 7967 7968
v -2684.8326 772.2192 265.8301
v -2685.5970 774.0765 274.1661
v -2685.5936 774.0753 265.8295
f 7969 7970 7971
v -2682.3524 766.3787 273.2835
v -2684.8360 772.2205 274.1667
v -2684.8326 772.2192 265.8301
f 7972 7973 7974
v -2658.0519 774.8734 273.2926
v -2681.6919 764.8252 274.1689
v -2681.6916 764.8249 273.2840
f 7975 7976 7977
v -2658.1493 775.1036 273.2926
v -2658.0523 774.8735 274.1776
v -2658.0519 774.8734 273.2926
f 7978 7979 7980
v -2664.8721 782.9294 265.8371
v -2661.9941 784.1528 266.2972
v -2661.9939 784.1527 265.8382
f 7981 7982 7983
v -2677.3368 753.9474 265.8354
v -2682.4265 766.3470 273.2835
v -2682.4234 766.3458 265.8318
f 7984 7985 7986
v -2646.5669 766.7456 265.8467
v -2677.3398 753.9485 273.2871
v -2677.3368 753.9474 265.8354
f 7987 7988 7989
v -2682.4234 766.3458 265.8318
v -2682.3524 766.3787 273.2835
v -2682.3493 766.3776 265.8318
f 7990 7991 7992
v -2658.7097 776.4260 265.8405
v -2651.9102 779.3168 266.3020
v -2651.9100 779.3168 265.8430
f 7993 7994 7995
v -2651.7997 787.6874 266.3010
v -2648.2442 779.3154 275.8401
v -2648.2403 779.3140 266.3035
f 7996 7997 7998
v -2658.9720 787.1937 266.2980
v -2651.8036 787.6888 275.8376
v -2651.7997 787.6874 266.3010
f 7999 8000 8001
v -2665.5151 784.4963 266.2957
v -2658.9759 787.1951 275.8346
v -2658.9720 787.1937 266.2980
f 8002 8003 8004
v -2661.9939 784.1527 265.8382
v -2658.7099 776.4261 266.2995
v -2658.7097 776.4260 265.8405
f 8005 8006 8007
v -2661.1277 773.8381 275.8354
v -2664.9614 782.8672 275.8327
v -2664.9607 782.8669 274.1738
f 8008 8009 8010

g building_ID_0494A709-5E92-4BC7-BDFA-AF4E3CBA4169
v -2708.3471 749.6422 276.0423
v -2715.0702 732.0764 276.0415
v -2721.0970 741.4185 276.0379
f 8011 8012 8013
v -2715.0702 732.0764 276.0415
v -2708.3471 749.6422 276.0423
v -2702.3213 740.2991 276.0460
f 8014 8015 8016
v -2715.0705 732.0765 276.8415
v -2702.3216 740.2992 276.8460
v -2708.3474 749.6423 276.8423
f 8017 8018 8019
v -2708.3474 749.6423 276.8423
v -2721.0974 741.4186 276.8379
v -2715.0705 732.0765 276.8415
f 8020 8021 8022
v -2702.3213 740.2991 276.0460
v -2702.3216 740.2992 276.8460
v -2715.0705 732.0765 276.8415
f 8023 8024 8025
v -2708.3471 749.6422 276.0423
v -2708.3474 749.6423 276.8423
v -2702.3216 740.2992 276.8460
f 8026 8027 8028
v -2721.0970 741.4185 276.0379
v -2721.0974 741.4186 276.8379
v -2708.3474 749.6423 276.8423
f 8029 8030 8031
v -2715.0702 732.0764 276.0415
v -2715.0705 732.0765 276.8415
v -2721.0974 741.4186 276.8379
f 8032 8033 8034
v -2702.3213 740.2991 276.0460
v -2715.0705 732.0765 276.8415
v -2715.0702 732.0764 276.0415
f 8035 8036 8037
v -2708.3471 749.6422 276.0423
v -2702.3216 740.2992 276.8460
v -2702.3213 740.2991 276.0460
f 8038 8039 8040
v -2721.0970 741.4185 276.0379
v -2708.3474 749.6423 276.8423
v -2708.3471 749.6422 276.0423
f 8041 8042 8043
v -2715.0702 732.0764 276.0415
v -2721.0974 741.4186 276.8379
v -2721.0970 741.4185 276.0379
f 8044 8045 8046

g building_ID_F74EF2D6-A8FA-4A15-9F60-11ECC080CC38
v -2622.1990 833.1143 273.2330
v -2620.4393 833.3976 273.2337
v -2619.7340 829.0228 273.2346
f 8047 8048 8049
v -2650.2498 824.1047 273.2226
v -2622.1990 833.1143 273.2330
v -2619.7340 829.0228 273.2346
f 8050 8051 8052
v -2624.1986 845.5194 273.2306
v -2623.2932 857.9839 273.2293
v -2621.3585 845.9768 273.2317
f 8053 8054 8055
v -2623.2932 857.9839 273.2293
v -2624.1986 845.5194 273.2306
v -2636.1647 855.8655 273.2242
f 8056 8057 8058
v -2652.4753 837.6736 273.2199
v -2624.1986 845.5194 273.2306
v -2622.1990 833.1143 273.2330
f 8059 8060 8061
v -2636.1647 855.8655 273.2242
v -2636.8354 856.3433 273.2239
v -2636.2542 856.4367 273.2241
f 8062 8063 8064
v -2624.1986 845.5194 273.2306
v -2652.4753 837.6736 273.2199
v -2636.1647 855.8655 273.2242
f 8065 8066 8067
v -2652.4753 837.6736 273.2199
v -2622.1990 833.1143 273.2330
v -2650.2498 824.1047 273.2226
f 8068 8069 8070
v -2652.4753 837.6736 273.2199
v -2655.1702 854.1015 273.2166
v -2636.1647 855.8655 273.2242
f 8071 8072 8073
v -2655.1702 854.1015 273.2166
v -2636.9215 857.0495 273.2238
v -2636.8354 856.3433 273.2239
f 8074 8075 8076
v -2636.1647 855.8655 273.2242
v -2655.1702 854.1015 273.2166
v -2636.8354 856.3433 273.2239
f 8077 8078 8079
v -2620.5892 834.3113 281.9642
v -2619.5088 834.4854 281.9656
v -2620.8455 842.7729 281.8160
f 8080 8081 8082
v -2652.4788 837.6749 281.8036
v -2620.5892 834.3113 281.9642
v -2620.8455 842.7729 281.8160
f 8083 8084 8085
v -2619.2713 826.1329 282.1118
v -2620.5892 834.3113 281.9642
v -2649.7280 820.9027 282.1049
f 8086 8087 8088
v -2652.4788 837.6749 281.8036
v -2649.7280 820.9027 282.1049
v -2620.5892 834.3113 281.9642
f 8089 8090 8091
v -2619.2713 826.1329 282.1118
v -2649.7280 820.9027 282.1049
v -2619.2341 825.8158 282.1169
f 8092 8093 8094
v -2636.9215 857.0495 273.2238
v -2636.9247 857.0508 281.1325
v -2636.8354 856.3433 273.2239
f 8095 8096 8097
v -2619.2332 825.8154 279.5320
v -2619.2341 825.8158 282.1169
v -2649.7269 820.9024 279.5200
f 8098 8099 8100
v -2619.2703 826.1325 279.5319
v -2619.2713 826.1329 282.1118
v -2619.2332 825.8154 279.5320
f 8101 8102 8103
v -2609.4787 847.8907 271.3544
v -2609.4796 847.8909 273.3663
v -2611.4203 859.9367 271.3520
f 8104 8105 8106
v -2601.1519 836.5609 280.6320
v -2601.1769 836.5570 280.6319
v -2601.1691 836.5059 280.6320
f 8107 8108 8109
v -2601.1691 836.5059 280.6320
v -2601.1431 836.5098 280.6320
v -2601.1519 836.5609 280.6320
f 8110 8111 8112
v -2621.3585 845.9768 273.2317
v -2624.1979 845.5192 271.3487
v -2624.1986 845.5194 273.2306
f 8113 8114 8115
v -2609.4787 847.8907 271.3544
v -2621.3585 845.9768 273.2317
v -2609.4796 847.8909 273.3663
f 8116 8117 8118
v -2621.3585 845.9769 273.3617
v -2609.4796 847.8909 273.3663
v -2621.3585 845.9768 273.2317
f 8119 8120 8121
v -2624.1979 845.5192 271.3487
v -2621.3585 845.9768 273.2317
v -2609.4787 847.8907 271.3544
f 8122 8123 8124
v -2622.1983 833.1140 271.3511
v -2622.1990 833.1143 273.2330
v -2624.1986 845.5194 273.2306
f 8125 8126 8127
v -2620.4385 833.3973 271.3518
v -2620.4393 833.3976 273.2337
v -2622.1990 833.1143 273.2330
f 8128 8129 8130
v -2619.2677 826.1315 273.0541
v -2648.6302 814.2335 273.0435
v -2650.2497 824.1047 273.0416
f 8131 8132 8133
v -2648.6302 814.2335 273.0435
v -2619.2677 826.1315 273.0541
v -2618.1563 819.2306 273.0555
f 8134 8135 8136
v -2650.2497 824.1047 273.0416
v -2619.7339 829.0227 273.0536
v -2619.2677 826.1315 273.0541
f 8137 8138 8139
v -2618.1563 819.2306 273.0555
v -2618.1589 819.2316 279.5333
v -2648.6328 814.2345 279.5213
f 8140 8141 8142
v -2618.1589 819.2316 279.5333
v -2649.7269 820.9024 279.5200
v -2648.6328 814.2345 279.5213
f 8143 8144 8145
v -2619.2703 826.1325 279.5319
v -2619.2332 825.8154 279.5320
v -2618.1589 819.2316 279.5333
f 8146 8147 8148
v -2649.7269 820.9024 279.5200
v -2618.1589 819.2316 279.5333
v -2619.2332 825.8154 279.5320
f 8149 8150 8151
v -2619.2678 826.1315 273.2351
v -2619.2703 826.1325 279.5319
v -2618.1589 819.2316 279.5333
f 8152 8153 8154
v -2619.2677 826.1315 273.0541
v -2619.2678 826.1315 273.2351
v -2618.1563 819.2306 273.0555
f 8155 8156 8157
v -2650.2497 824.1047 273.0416
v -2650.2498 824.1047 273.2226
v -2619.7340 829.0228 273.2346
f 8158 8159 8160
v -2603.7660 832.7072 282.5613
v -2600.6416 833.2268 282.5465
v -2601.3164 837.4166 282.5457
f 8161 8162 8163
v -2603.7660 832.7072 282.5613
v -2601.3164 837.4166 282.5457
v -2620.5895 834.3114 282.6382
f 8164 8165 8166
v -2603.7660 832.7072 282.5613
v -2603.8234 832.5584 282.5613
v -2603.7434 832.5712 282.5613
f 8167 8168 8169
v -2603.3144 828.8531 282.5630
v -2603.2135 828.7788 282.5620
v -2603.8234 832.5584 282.5613
f 8170 8171 8172
v -2603.8234 832.5584 282.5613
v -2603.7660 832.7072 282.5613
v -2620.5895 834.3114 282.6382
f 8173 8174 8175
v -2603.3144 828.8531 282.5630
v -2603.8234 832.5584 282.5613
v -2615.1366 826.8399 282.6204
f 8176 8177 8178
v -2620.5895 834.3114 282.6382
v -2615.1366 826.8399 282.6204
v -2603.8234 832.5584 282.5613
f 8179 8180 8181
v -2603.3006 828.7640 282.5630
v -2603.2135 828.7788 282.5620
v -2603.3144 828.8531 282.5630
f 8182 8183 8184
v -2620.5895 834.3114 282.6382
v -2619.2716 826.1329 282.6398
v -2619.2525 826.1389 282.6398
f 8185 8186 8187
v -2615.1366 826.8399 282.6204
v -2620.5895 834.3114 282.6382
v -2619.2525 826.1389 282.6398
f 8188 8189 8190
v -2603.7616 832.7055 271.3587
v -2603.7660 832.7072 282.5613
v -2603.7434 832.5712 282.5613
f 8191 8192 8193
v -2603.7434 832.5712 282.5613
v -2603.7390 832.5694 271.3587
v -2603.7616 832.7055 271.3587
f 8194 8195 8196
v -2600.6372 833.2252 271.3599
v -2600.6416 833.2268 282.5465
v -2603.7616 832.7055 271.3587
f 8197 8198 8199
v -2600.6416 833.2268 282.5465
v -2603.7660 832.7072 282.5613
v -2603.7616 832.7055 271.3587
f 8200 8201 8202
v -2603.2962 828.7623 271.3594
v -2603.3006 828.7640 282.5630
v -2603.3144 828.8531 282.5630
f 8203 8204 8205
v -2603.2962 828.7623 271.3594
v -2603.3144 828.8531 282.5630
v -2603.3099 828.8514 271.3594
f 8206 8207 8208
v -2603.8190 832.5567 271.3587
v -2603.8234 832.5584 282.5613
v -2603.2091 828.7771 271.3594
f 8209 8210 8211
v -2603.8234 832.5584 282.5613
v -2603.8190 832.5567 271.3587
v -2603.7434 832.5712 282.5613
f 8212 8213 8214
v -2603.7434 832.5712 282.5613
v -2603.8190 832.5567 271.3587
v -2603.7390 832.5694 271.3587
f 8215 8216 8217
v -2598.9736 837.1965 271.3601
v -2603.0192 862.2981 271.3551
v -2603.0231 862.2997 281.3778
f 8218 8219 8220
v -2598.9775 837.1982 281.3827
v -2598.9736 837.1965 271.3601
v -2603.0231 862.2997 281.3778
f 8221 8222 8223
v -2600.7772 862.6591 271.3559
v -2600.7813 862.6607 281.7105
v -2603.0231 862.2997 281.3778
f 8224 8225 8226
v -2601.7580 868.6786 271.3547
v -2601.7621 868.6803 281.7073
v -2600.7772 862.6591 271.3559
f 8227 8228 8229
v -2601.7621 868.6803 281.7073
v -2606.6501 867.8898 271.3528
v -2606.6539 867.8913 280.9825
f 8230 8231 8232
v -2601.7621 868.6803 281.7073
v -2601.7580 868.6786 271.3547
v -2606.6501 867.8898 271.3528
f 8233 8234 8235
v -2606.6483 867.8187 271.3528
v -2606.6501 867.8195 276.1656
v -2606.6501 867.8898 271.3528
f 8236 8237 8238
v -2603.0231 862.2997 281.3778
v -2602.6019 845.9437 281.0611
v -2598.9775 837.1982 281.3827
f 8239 8240 8241
v -2601.3158 837.4163 281.0497
v -2598.9775 837.1982 281.3827
v -2602.6019 845.9437 281.0611
f 8242 8243 8244
v -2601.1771 836.5570 281.0498
v -2601.1511 836.5609 281.0539
v -2601.1964 836.8321 281.0538
f 8245 8246 8247
v -2601.3158 837.4163 281.0497
v -2601.1771 836.5570 281.0498
v -2601.1964 836.8321 281.0538
f 8248 8249 8250
v -2601.9570 837.3131 280.9545
v -2601.3158 837.4163 281.0497
v -2603.3292 845.8267 280.9528
f 8251 8252 8253
v -2602.6019 845.9437 281.0611
v -2603.3292 845.8267 280.9528
v -2601.3158 837.4163 281.0497
f 8254 8255 8256
v -2601.3158 837.4163 281.0497
v -2601.1964 836.8321 281.0538
v -2598.9775 837.1982 281.3827
f 8257 8258 8259
v -2603.0231 862.2997 281.3778
v -2605.1032 861.4593 281.0580
v -2603.8442 853.6440 281.0596
f 8260 8261 8262
v -2603.0231 862.2997 281.3778
v -2600.7813 862.6607 281.7105
v -2601.7621 868.6803 281.7073
f 8263 8264 8265
v -2606.6539 867.8913 280.9825
v -2605.1032 861.4593 281.0580
v -2603.0231 862.2997 281.3778
f 8266 8267 8268
v -2602.6019 845.9437 281.0611
v -2603.0231 862.2997 281.3778
v -2603.8442 853.6440 281.0596
f 8269 8270 8271
v -2601.7621 868.6803 281.7073
v -2606.6539 867.8913 280.9825
v -2603.0231 862.2997 281.3778
f 8272 8273 8274
v -2605.4114 861.4090 281.0119
v -2605.1032 861.4593 281.0580
v -2606.6521 867.8203 280.9805
f 8275 8276 8277
v -2606.6521 867.8203 280.9805
v -2605.1032 861.4593 281.0580
v -2606.6539 867.8913 280.9825
f 8278 8279 8280
v -2636.8402 856.3451 285.0635
v -2635.5819 848.5302 287.0540
v -2636.1695 855.8674 285.2088
f 8281 8282 8283
v -2603.8466 853.6449 287.0663
v -2636.1695 855.8674 285.2088
v -2635.5819 848.5302 287.0540
f 8284 8285 8286
v -2636.1695 855.8674 285.2088
v -2636.2589 856.4386 285.0637
v -2636.8402 856.3451 285.0635
f 8287 8288 8289
v -2605.1048 861.4599 285.0758
v -2605.3232 860.9435 285.1948
v -2603.8466 853.6449 287.0663
f 8290 8291 8292
v -2636.1695 855.8674 285.2088
v -2603.8466 853.6449 287.0663
v -2605.3232 860.9435 285.1948
f 8293 8294 8295
v -2605.3232 860.9435 285.1948
v -2605.1048 861.4599 285.0758
v -2605.4139 861.4097 285.0757
f 8296 8297 8298
v -2603.8466 853.6449 287.0663
v -2635.5819 848.5302 287.0540
v -2634.3398 840.8296 285.0666
f 8299 8300 8301
v -2634.3398 840.8296 285.0666
v -2602.6035 845.9443 285.0789
v -2603.8466 853.6449 287.0663
f 8302 8303 8304
v -2605.4114 861.4090 281.0119
v -2605.4139 861.4097 285.0757
v -2605.1032 861.4593 281.0580
f 8305 8306 8307
v -2621.3585 845.9769 273.3617
v -2623.2932 857.9839 273.2293
v -2623.2933 857.9839 273.3593
f 8308 8309 8310
v -2623.2932 857.9839 273.2293
v -2621.3585 845.9769 273.3617
v -2621.3585 845.9768 273.2317
f 8311 8312 8313
v -2620.8814 842.9978 280.6230
v -2601.9569 837.3131 280.6315
v -2603.3290 845.8266 280.6298
f 8314 8315 8316
v -2619.5083 834.4852 280.6246
v -2601.9569 837.3131 280.6315
v -2620.8814 842.9978 280.6230
f 8317 8318 8319
v -2601.1394 836.5084 271.3593
v -2601.1431 836.5098 280.6320
v -2601.1691 836.5059 280.6320
f 8320 8321 8322
v -2601.3158 837.4163 281.0497
v -2601.3164 837.4166 282.5457
v -2601.1771 836.5570 281.0498
f 8323 8324 8325
v -2600.6416 833.2268 282.5465
v -2601.1771 836.5570 281.0498
v -2601.3164 837.4166 282.5457
f 8326 8327 8328
v -2601.1691 836.5059 280.6320
v -2601.1769 836.5570 280.6319
v -2601.1771 836.5570 281.0498
f 8329 8330 8331
v -2601.1691 836.5059 280.6320
v -2601.1771 836.5570 281.0498
v -2600.6416 833.2268 282.5465
f 8332 8333 8334
v -2600.6372 833.2252 271.3599
v -2601.1654 836.5045 271.3593
v -2601.1691 836.5059 280.6320
f 8335 8336 8337
v -2600.6416 833.2268 282.5465
v -2600.6372 833.2252 271.3599
v -2601.1691 836.5059 280.6320
f 8338 8339 8340
v -2620.5892 834.3113 281.9642
v -2620.5895 834.3114 282.6382
v -2619.5088 834.4854 281.9656
f 8341 8342 8343
v -2601.3164 837.4166 282.5457
v -2619.5088 834.4854 281.9656
v -2620.5895 834.3114 282.6382
f 8344 8345 8346
v -2619.5083 834.4852 280.6246
v -2619.5088 834.4854 281.9656
v -2601.9570 837.3131 280.9545
f 8347 8348 8349
v -2619.5088 834.4854 281.9656
v -2601.3158 837.4163 281.0497
v -2601.9570 837.3131 280.9545
f 8350 8351 8352
v -2619.5083 834.4852 280.6246
v -2601.9570 837.3131 280.9545
v -2601.9569 837.3131 280.6315
f 8353 8354 8355
v -2601.3164 837.4166 282.5457
v -2601.3158 837.4163 281.0497
v -2619.5088 834.4854 281.9656
f 8356 8357 8358
v -2619.2713 826.1329 282.1118
v -2619.2716 826.1329 282.6398
v -2620.5895 834.3114 282.6382
f 8359 8360 8361
v -2619.7339 829.0227 273.0536
v -2619.2670 826.1312 271.3532
v -2619.2677 826.1315 273.0541
f 8362 8363 8364
v -2620.4385 833.3973 271.3518
v -2619.7339 829.0227 273.0536
v -2620.4393 833.3976 273.2337
f 8365 8366 8367
v -2619.7340 829.0228 273.2346
v -2620.4393 833.3976 273.2337
v -2619.7339 829.0227 273.0536
f 8368 8369 8370
v -2619.2670 826.1312 271.3532
v -2619.7339 829.0227 273.0536
v -2620.4385 833.3973 271.3518
f 8371 8372 8373
v -2619.2513 826.1384 279.8179
v -2619.2525 826.1389 282.6398
v -2619.2713 826.1329 282.1118
f 8374 8375 8376
v -2619.2678 826.1315 273.2351
v -2619.2491 826.1376 274.1751
v -2619.2503 826.1381 276.9960
f 8377 8378 8379
v -2619.2480 826.1372 271.3532
v -2619.2491 826.1376 274.1751
v -2619.2677 826.1315 273.0541
f 8380 8381 8382
v -2619.2503 826.1381 276.9960
v -2619.2513 826.1384 279.8179
v -2619.2703 826.1325 279.5319
f 8383 8384 8385
v -2619.2525 826.1389 282.6398
v -2619.2716 826.1329 282.6398
v -2619.2713 826.1329 282.1118
f 8386 8387 8388
v -2619.2491 826.1376 274.1751
v -2619.2678 826.1315 273.2351
v -2619.2677 826.1315 273.0541
f 8389 8390 8391
v -2619.2503 826.1381 276.9960
v -2619.2703 826.1325 279.5319
v -2619.2678 826.1315 273.2351
f 8392 8393 8394
v -2603.3144 828.8531 282.5630
v -2619.2513 826.1384 279.8179
v -2619.2503 826.1381 276.9960
f 8395 8396 8397
v -2619.2503 826.1381 276.9960
v -2619.2491 826.1376 274.1751
v -2603.3144 828.8531 282.5630
f 8398 8399 8400
v -2603.3099 828.8514 271.3594
v -2603.3144 828.8531 282.5630
v -2619.2491 826.1376 274.1751
f 8401 8402 8403
v -2603.3099 828.8514 271.3594
v -2619.2491 826.1376 274.1751
v -2619.2480 826.1372 271.3532
f 8404 8405 8406
v -2601.1941 836.8311 275.4161
v -2601.1925 836.8305 271.3592
v -2598.9736 837.1965 271.3601
f 8407 8408 8409
v -2601.9569 837.3131 280.6315
v -2601.9570 837.3131 280.9545
v -2603.3292 845.8267 280.9528
f 8410 8411 8412
v -2601.1519 836.5609 280.6320
v -2601.1511 836.5609 281.0539
v -2601.1771 836.5570 281.0498
f 8413 8414 8415
v -2623.2933 857.9839 273.3593
v -2611.4211 859.9370 273.3639
v -2609.4796 847.8909 273.3663
f 8416 8417 8418
v -2609.4796 847.8909 273.3663
v -2621.3585 845.9769 273.3617
v -2623.2933 857.9839 273.3593
f 8419 8420 8421
v -2603.3292 845.8267 280.9528
v -2602.6035 845.9443 285.0789
v -2620.8819 842.9979 281.8069
f 8422 8423 8424
v -2634.3398 840.8296 285.0666
v -2620.8819 842.9979 281.8069
v -2602.6035 845.9443 285.0789
f 8425 8426 8427
v -2602.6035 845.9443 285.0789
v -2603.3292 845.8267 280.9528
v -2602.6019 845.9437 281.0611
f 8428 8429 8430
v -2603.3292 845.8267 280.9528
v -2620.8814 842.9978 280.6230
v -2603.3290 845.8266 280.6298
f 8431 8432 8433
v -2620.8814 842.9978 280.6230
v -2603.3292 845.8267 280.9528
v -2620.8819 842.9979 281.8069
f 8434 8435 8436
v -2620.8819 842.9979 281.8069
v -2634.3398 840.8296 285.0666
v -2634.3386 840.8291 281.8007
f 8437 8438 8439
v -2634.3386 840.8291 281.8007
v -2647.8933 855.2792 281.1282
v -2655.1734 854.1028 281.1263
f 8440 8441 8442
v -2636.9247 857.0508 281.1325
v -2647.8933 855.2792 281.1282
v -2636.8386 856.3445 281.1606
f 8443 8444 8445
v -2647.8933 855.2792 281.1282
v -2635.5797 848.5294 281.4842
v -2636.8386 856.3445 281.1606
f 8446 8447 8448
v -2652.4788 837.6749 281.8036
v -2634.3386 840.8291 281.8007
v -2655.1734 854.1028 281.1263
f 8449 8450 8451
v -2647.8933 855.2792 281.1282
v -2634.3386 840.8291 281.8007
v -2635.5797 848.5294 281.4842
f 8452 8453 8454
v -2634.3386 840.8291 281.8007
v -2620.8455 842.7729 281.8160
v -2620.8819 842.9979 281.8069
f 8455 8456 8457
v -2620.8455 842.7729 281.8160
v -2634.3386 840.8291 281.8007
v -2652.4788 837.6749 281.8036
f 8458 8459 8460
v -2647.8933 855.2792 281.1282
v -2655.1702 854.1015 273.2166
v -2655.1734 854.1028 281.1263
f 8461 8462 8463
v -2655.1702 854.1015 273.2166
v -2647.8933 855.2792 281.1282
v -2636.9215 857.0495 273.2238
f 8464 8465 8466
v -2636.9247 857.0508 281.1325
v -2636.9215 857.0495 273.2238
v -2647.8933 855.2792 281.1282
f 8467 8468 8469
v -2620.8455 842.7729 281.8160
v -2620.8814 842.9978 280.6230
v -2620.8819 842.9979 281.8069
f 8470 8471 8472
v -2620.8814 842.9978 280.6230
v -2619.5088 834.4854 281.9656
v -2619.5083 834.4852 280.6246
f 8473 8474 8475
v -2620.8455 842.7729 281.8160
v -2619.5088 834.4854 281.9656
v -2620.8814 842.9978 280.6230
f 8476 8477 8478
v -2636.2589 856.4386 285.0637
v -2636.1647 855.8655 273.2242
v -2636.2542 856.4367 273.2241
f 8479 8480 8481
v -2636.1695 855.8674 285.2088
v -2636.1647 855.8655 273.2242
v -2636.2589 856.4386 285.0637
f 8482 8483 8484
v -2601.1519 836.5609 280.6320
v -2601.1941 836.8311 275.4161
v -2601.1964 836.8321 281.0538
f 8485 8486 8487
v -2601.1394 836.5084 271.3593
v -2601.1925 836.8305 271.3592
v -2601.1941 836.8311 275.4161
f 8488 8489 8490
v -2601.1519 836.5609 280.6320
v -2601.1394 836.5084 271.3593
v -2601.1941 836.8311 275.4161
f 8491 8492 8493
v -2601.1431 836.5098 280.6320
v -2601.1394 836.5084 271.3593
v -2601.1519 836.5609 280.6320
f 8494 8495 8496
v -2601.1511 836.5609 281.0539
v -2601.1519 836.5609 280.6320
v -2601.1964 836.8321 281.0538
f 8497 8498 8499
v -2650.2498 824.1047 273.2226
v -2650.2497 824.1047 273.0416
v -2648.6302 814.2335 273.0435
f 8500 8501 8502
v -2648.6328 814.2345 279.5213
v -2649.7269 820.9024 279.5200
v -2648.6302 814.2335 273.0435
f 8503 8504 8505
v -2648.6302 814.2335 273.0435
v -2649.7269 820.9024 279.5200
v -2650.2498 824.1047 273.2226
f 8506 8507 8508
v -2652.4788 837.6749 281.8036
v -2649.7269 820.9024 279.5200
v -2649.7280 820.9027 282.1049
f 8509 8510 8511
v -2652.4753 837.6736 273.2199
v -2652.4788 837.6749 281.8036
v -2655.1734 854.1028 281.1263
f 8512 8513 8514
v -2652.4753 837.6736 273.2199
v -2650.2498 824.1047 273.2226
v -2649.7269 820.9024 279.5200
f 8515 8516 8517
v -2655.1734 854.1028 281.1263
v -2655.1702 854.1015 273.2166
v -2652.4753 837.6736 273.2199
f 8518 8519 8520
v -2652.4788 837.6749 281.8036
v -2652.4753 837.6736 273.2199
v -2649.7269 820.9024 279.5200
f 8521 8522 8523
v -2605.3216 860.9428 280.9490
v -2605.3232 860.9435 285.1948
v -2605.4139 861.4097 285.0757
f 8524 8525 8526
v -2605.3216 860.9428 280.9490
v -2605.4114 861.4090 281.0119
v -2605.3185 860.9417 273.3662
f 8527 8528 8529
v -2605.3185 860.9417 273.3662
v -2605.7014 862.9263 271.3539
v -2605.3177 860.9413 271.3543
f 8530 8531 8532
v -2605.3216 860.9428 280.9490
v -2605.4139 861.4097 285.0757
v -2605.4114 861.4090 281.0119
f 8533 8534 8535
v -2606.6501 867.8195 276.1656
v -2605.4114 861.4090 281.0119
v -2606.6521 867.8203 280.9805
f 8536 8537 8538
v -2606.6483 867.8187 271.3528
v -2605.7014 862.9263 271.3539
v -2606.6501 867.8195 276.1656
f 8539 8540 8541
v -2606.6501 867.8195 276.1656
v -2605.7014 862.9263 271.3539
v -2605.3185 860.9417 273.3662
f 8542 8543 8544
v -2605.4114 861.4090 281.0119
v -2606.6501 867.8195 276.1656
v -2605.3185 860.9417 273.3662
f 8545 8546 8547
v -2636.8386 856.3445 281.1606
v -2636.8402 856.3451 285.0635
v -2636.2589 856.4386 285.0637
f 8548 8549 8550
v -2636.8354 856.3433 273.2239
v -2636.8386 856.3445 281.1606
v -2636.2589 856.4386 285.0637
f 8551 8552 8553
v -2603.8466 853.6449 287.0663
v -2603.8442 853.6440 281.0596
v -2605.1032 861.4593 281.0580
f 8554 8555 8556
v -2605.1048 861.4599 285.0758
v -2603.8466 853.6449 287.0663
v -2605.1032 861.4593 281.0580
f 8557 8558 8559
v -2603.8442 853.6440 281.0596
v -2602.6035 845.9443 285.0789
v -2602.6019 845.9437 281.0611
f 8560 8561 8562
v -2603.8466 853.6449 287.0663
v -2602.6035 845.9443 285.0789
v -2603.8442 853.6440 281.0596
f 8563 8564 8565
v -2636.1647 855.8655 273.2242
v -2605.3216 860.9428 280.9490
v -2623.2933 857.9839 273.3593
f 8566 8567 8568
v -2636.1647 855.8655 273.2242
v -2623.2933 857.9839 273.3593
v -2623.2932 857.9839 273.2293
f 8569 8570 8571
v -2605.3232 860.9435 285.1948
v -2636.1647 855.8655 273.2242
v -2636.1695 855.8674 285.2088
f 8572 8573 8574
v -2605.3185 860.9417 273.3662
v -2611.4211 859.9370 273.3639
v -2605.3216 860.9428 280.9490
f 8575 8576 8577
v -2605.3216 860.9428 280.9490
v -2611.4211 859.9370 273.3639
v -2623.2933 857.9839 273.3593
f 8578 8579 8580
v -2605.3216 860.9428 280.9490
v -2636.1647 855.8655 273.2242
v -2605.3232 860.9435 285.1948
f 8581 8582 8583
v -2605.3177 860.9413 271.3543
v -2611.4203 859.9367 271.3520
v -2611.4211 859.9370 273.3639
f 8584 8585 8586
v -2605.3177 860.9413 271.3543
v -2611.4211 859.9370 273.3639
v -2605.3185 860.9417 273.3662
f 8587 8588 8589
v -2622.1983 833.1140 271.3511
v -2624.1979 845.5192 271.3487
v -2620.4385 833.3973 271.3518
f 8590 8591 8592
v -2620.4385 833.3973 271.3518
v -2603.8190 832.5567 271.3587
v -2603.3099 828.8514 271.3594
f 8593 8594 8595
v -2620.4385 833.3973 271.3518
v -2619.2480 826.1372 271.3532
v -2619.2670 826.1312 271.3532
f 8596 8597 8598
v -2609.4787 847.8907 271.3544
v -2620.4385 833.3973 271.3518
v -2624.1979 845.5192 271.3487
f 8599 8600 8601
v -2609.4787 847.8907 271.3544
v -2601.1925 836.8305 271.3592
v -2620.4385 833.3973 271.3518
f 8602 8603 8604
v -2603.2091 828.7771 271.3594
v -2603.3099 828.8514 271.3594
v -2603.8190 832.5567 271.3587
f 8605 8606 8607
v -2605.3177 860.9413 271.3543
v -2609.4787 847.8907 271.3544
v -2611.4203 859.9367 271.3520
f 8608 8609 8610
v -2620.4385 833.3973 271.3518
v -2603.7616 832.7055 271.3587
v -2603.8190 832.5567 271.3587
f 8611 8612 8613
v -2603.3099 828.8514 271.3594
v -2619.2480 826.1372 271.3532
v -2620.4385 833.3973 271.3518
f 8614 8615 8616
v -2603.2962 828.7623 271.3594
v -2603.3099 828.8514 271.3594
v -2603.2091 828.7771 271.3594
f 8617 8618 8619
v -2601.7580 868.6786 271.3547
v -2605.7014 862.9263 271.3539
v -2606.6483 867.8187 271.3528
f 8620 8621 8622
v -2601.7580 868.6786 271.3547
v -2606.6483 867.8187 271.3528
v -2606.6501 867.8898 271.3528
f 8623 8624 8625
v -2600.7772 862.6591 271.3559
v -2603.0192 862.2981 271.3551
v -2601.7580 868.6786 271.3547
f 8626 8627 8628
v -2605.7014 862.9263 271.3539
v -2603.0192 862.2981 271.3551
v -2605.3177 860.9413 271.3543
f 8629 8630 8631
v -2603.0192 862.2981 271.3551
v -2598.9736 837.1965 271.3601
v -2609.4787 847.8907 271.3544
f 8632 8633 8634
v -2603.0192 862.2981 271.3551
v -2609.4787 847.8907 271.3544
v -2605.3177 860.9413 271.3543
f 8635 8636 8637
v -2601.7580 868.6786 271.3547
v -2603.0192 862.2981 271.3551
v -2605.7014 862.9263 271.3539
f 8638 8639 8640
v -2601.1654 836.5045 271.3593
v -2600.6372 833.2252 271.3599
v -2603.7616 832.7055 271.3587
f 8641 8642 8643
v -2603.8190 832.5567 271.3587
v -2603.7616 832.7055 271.3587
v -2603.7390 832.5694 271.3587
f 8644 8645 8646
v -2601.1925 836.8305 271.3592
v -2601.1654 836.5045 271.3593
v -2603.7616 832.7055 271.3587
f 8647 8648 8649
v -2601.1654 836.5045 271.3593
v -2601.1925 836.8305 271.3592
v -2601.1394 836.5084 271.3593
f 8650 8651 8652
v -2601.1925 836.8305 271.3592
v -2609.4787 847.8907 271.3544
v -2598.9736 837.1965 271.3601
f 8653 8654 8655
v -2603.7616 832.7055 271.3587
v -2620.4385 833.3973 271.3518
v -2601.1925 836.8305 271.3592
f 8656 8657 8658
v -2635.5797 848.5294 281.4842
v -2634.3386 840.8291 281.8007
v -2634.3398 840.8296 285.0666
f 8659 8660 8661
v -2635.5819 848.5302 287.0540
v -2635.5797 848.5294 281.4842
v -2634.3398 840.8296 285.0666
f 8662 8663 8664
v -2635.5797 848.5294 281.4842
v -2635.5819 848.5302 287.0540
v -2636.8386 856.3445 281.1606
f 8665 8666 8667
v -2636.8402 856.3451 285.0635
v -2636.8386 856.3445 281.1606
v -2635.5819 848.5302 287.0540
f 8668 8669 8670
v -2636.9247 857.0508 281.1325
v -2636.8386 856.3445 281.1606
v -2636.8354 856.3433 273.2239
f 8671 8672 8673
v -2619.2341 825.8158 282.1169
v -2649.7280 820.9027 282.1049
v -2649.7269 820.9024 279.5200
f 8674 8675 8676
v -2619.2713 826.1329 282.1118
v -2619.2341 825.8158 282.1169
v -2619.2332 825.8154 279.5320
f 8677 8678 8679
v -2609.4796 847.8909 273.3663
v -2611.4211 859.9370 273.3639
v -2611.4203 859.9367 271.3520
f 8680 8681 8682
v -2622.1983 833.1140 271.3511
v -2624.1986 845.5194 273.2306
v -2624.1979 845.5192 271.3487
f 8683 8684 8685
v -2620.4385 833.3973 271.3518
v -2622.1990 833.1143 273.2330
v -2622.1983 833.1140 271.3511
f 8686 8687 8688
v -2618.1563 819.2306 273.0555
v -2648.6328 814.2345 279.5213
v -2648.6302 814.2335 273.0435
f 8689 8690 8691
v -2619.2678 826.1315 273.2351
v -2618.1589 819.2316 279.5333
v -2618.1563 819.2306 273.0555
f 8692 8693 8694
v -2650.2497 824.1047 273.0416
v -2619.7340 829.0228 273.2346
v -2619.7339 829.0227 273.0536
f 8695 8696 8697
v -2603.2962 828.7623 271.3594
v -2603.2091 828.7771 271.3594
v -2603.2135 828.7788 282.5620
f 8698 8699 8700
v -2603.2135 828.7788 282.5620
v -2603.3006 828.7640 282.5630
v -2603.2962 828.7623 271.3594
f 8701 8702 8703
v -2603.8234 832.5584 282.5613
v -2603.2135 828.7788 282.5620
v -2603.2091 828.7771 271.3594
f 8704 8705 8706
v -2600.7772 862.6591 271.3559
v -2603.0231 862.2997 281.3778
v -2603.0192 862.2981 271.3551
f 8707 8708 8709
v -2601.7621 868.6803 281.7073
v -2600.7813 862.6607 281.7105
v -2600.7772 862.6591 271.3559
f 8710 8711 8712
v -2606.6501 867.8195 276.1656
v -2606.6521 867.8203 280.9805
v -2606.6501 867.8898 271.3528
f 8713 8714 8715
v -2606.6521 867.8203 280.9805
v -2606.6539 867.8913 280.9825
v -2606.6501 867.8898 271.3528
f 8716 8717 8718
v -2605.4139 861.4097 285.0757
v -2605.1048 861.4599 285.0758
v -2605.1032 861.4593 281.0580
f 8719 8720 8721
v -2601.1394 836.5084 271.3593
v -2601.1691 836.5059 280.6320
v -2601.1654 836.5045 271.3593
f 8722 8723 8724
v -2619.2713 826.1329 282.1118
v -2620.5895 834.3114 282.6382
v -2620.5892 834.3113 281.9642
f 8725 8726 8727
v -2619.2513 826.1384 279.8179
v -2619.2713 826.1329 282.1118
v -2619.2703 826.1325 279.5319
f 8728 8729 8730
v -2619.2480 826.1372 271.3532
v -2619.2677 826.1315 273.0541
v -2619.2670 826.1312 271.3532
f 8731 8732 8733
v -2603.3144 828.8531 282.5630
v -2615.1366 826.8399 282.6204
v -2619.2513 826.1384 279.8179
f 8734 8735 8736
v -2615.1366 826.8399 282.6204
v -2619.2525 826.1389 282.6398
v -2619.2513 826.1384 279.8179
f 8737 8738 8739
v -2598.9736 837.1965 271.3601
v -2598.9775 837.1982 281.3827
v -2601.1964 836.8321 281.0538
f 8740 8741 8742
v -2601.1941 836.8311 275.4161
v -2598.9736 837.1965 271.3601
v -2601.1964 836.8321 281.0538
f 8743 8744 8745
v -2601.9569 837.3131 280.6315
v -2603.3292 845.8267 280.9528
v -2603.3290 845.8266 280.6298
f 8746 8747 8748
v -2601.1519 836.5609 280.6320
v -2601.1771 836.5570 281.0498
v -2601.1769 836.5570 280.6319
f 8749 8750 8751
v -2636.8354 856.3433 273.2239
v -2636.2589 856.4386 285.0637
v -2636.2542 856.4367 273.2241
f 8752 8753 8754

g building_ID_339C70EF-7604-47D5-A3AA-445EE8E1B462
v -2488.4235 928.8158 261.5689
v -2496.9984 928.7818 261.5655
v -2492.3160 931.5493 261.5670
f 8755 8756 8757
v -2496.9984 928.7818 261.5655
v -2499.0326 930.2102 261.5645
v -2496.2407 934.2757 261.5650
f 8758 8759 8760
v -2496.2407 934.2757 261.5650
v -2492.3160 931.5493 261.5670
v -2496.9984 928.7818 261.5655
f 8761 8762 8763
v -2498.9887 924.9332 261.5653
v -2498.0611 926.2887 261.5655
v -2493.6558 921.1890 261.5679
f 8764 8765 8766
v -2498.5262 926.6069 261.5652
v -2496.9984 928.7818 261.5655
v -2498.0611 926.2887 261.5655
f 8767 8768 8769
v -2493.6558 921.1890 261.5679
v -2498.0611 926.2887 261.5655
v -2496.9984 928.7818 261.5655
f 8770 8771 8772
v -2488.4235 928.8158 261.5689
v -2493.6558 921.1890 261.5679
v -2496.9984 928.7818 261.5655
f 8773 8774 8775
v -2498.0633 926.2897 267.3983
v -2498.9910 924.9342 267.3971
v -2493.6580 921.1899 267.1887
f 8776 8777 8778
v -2493.7153 932.6330 267.4010
v -2497.0006 928.7828 267.4163
v -2489.7048 932.8492 267.3006
f 8779 8780 8781
v -2493.6580 921.1899 267.1887
v -2489.7048 932.8492 267.3006
v -2497.0006 928.7828 267.4163
f 8782 8783 8784
v -2498.0633 926.2897 267.3983
v -2493.6580 921.1899 267.1887
v -2497.0006 928.7828 267.4163
f 8785 8786 8787
v -2493.6580 921.1899 267.1887
v -2486.9750 930.9308 267.1939
v -2489.7048 932.8492 267.3006
f 8788 8789 8790
v -2492.3079 934.6871 267.4023
v -2493.7153 932.6330 267.4010
v -2489.7048 932.8492 267.3006
f 8791 8792 8793
v -2498.0633 926.2897 267.3983
v -2497.0006 928.7828 267.4163
v -2498.5284 926.6080 267.4160
f 8794 8795 8796
v -2497.0006 928.7828 267.4163
v -2493.7153 932.6330 267.4010
v -2496.2018 934.3367 267.4978
f 8797 8798 8799
v -2499.0348 930.2113 267.4953
v -2497.0006 928.7828 267.4163
v -2496.2018 934.3367 267.4978
f 8800 8801 8802
v -2496.9984 928.7818 261.5655
v -2497.0006 928.7828 267.4163
v -2499.0326 930.2102 261.5645
f 8803 8804 8805
v -2497.0006 928.7828 267.4163
v -2498.5262 926.6069 261.5652
v -2498.5284 926.6080 267.4160
f 8806 8807 8808
v -2497.0006 928.7828 267.4163
v -2496.9984 928.7818 261.5655
v -2498.5262 926.6069 261.5652
f 8809 8810 8811
v -2498.0611 926.2887 261.5655
v -2498.0633 926.2897 267.3983
v -2498.5284 926.6080 267.4160
f 8812 8813 8814
v -2498.0611 926.2887 261.5655
v -2498.5284 926.6080 267.4160
v -2498.5262 926.6069 261.5652
f 8815 8816 8817
v -2498.9910 924.9342 267.3971
v -2498.0633 926.2897 267.3983
v -2498.0611 926.2887 261.5655
f 8818 8819 8820
v -2493.6558 921.1890 261.5679
v -2493.6580 921.1899 267.1887
v -2498.9910 924.9342 267.3971
f 8821 8822 8823
v -2493.6558 921.1890 261.5679
v -2498.9910 924.9342 267.3971
v -2498.9887 924.9332 261.5653
f 8824 8825 8826
v -2484.5848 935.7673 261.3504
v -2484.1464 936.6372 261.3505
v -2483.4098 936.1202 261.3508
f 8827 8828 8829
v -2489.3666 929.4783 261.3494
v -2484.5848 935.7673 261.3504
v -2488.4234 928.8157 261.3499
f 8830 8831 8832
v -2483.4098 936.1202 261.3508
v -2488.4234 928.8157 261.3499
v -2484.5848 935.7673 261.3504
f 8833 8834 8835
v -2483.4118 936.1211 266.7516
v -2488.8546 939.9437 266.7859
v -2488.8546 939.9437 266.8529
f 8836 8837 8838
v -2483.4118 936.1211 266.7516
v -2484.1484 936.6381 266.6203
v -2488.8546 939.9437 266.7859
f 8839 8840 8841
v -2484.1484 936.6381 266.6203
v -2483.4118 936.1211 266.7516
v -2484.1464 936.6372 261.3505
f 8842 8843 8844
v -2483.4109 936.1207 264.0447
v -2484.1464 936.6372 261.3505
v -2483.4118 936.1211 266.7516
f 8845 8846 8847
v -2484.1464 936.6372 261.3505
v -2483.4109 936.1207 264.0447
v -2483.4098 936.1202 261.3508
f 8848 8849 8850
v -2489.7046 932.8491 266.8006
v -2488.8546 939.9437 266.8529
v -2492.3077 934.6870 266.8493
f 8851 8852 8853
v -2488.8546 939.9437 266.8529
v -2492.4703 934.7985 266.8522
v -2492.3077 934.6870 266.8493
f 8854 8855 8856
v -2483.4118 936.1211 266.7516
v -2489.7046 932.8491 266.8006
v -2486.9748 930.9308 266.7499
f 8857 8858 8859
v -2489.7046 932.8491 266.8006
v -2483.4118 936.1211 266.7516
v -2488.8546 939.9437 266.8529
f 8860 8861 8862
v -2492.3055 934.6861 261.0746
v -2497.0995 937.9709 261.0722
v -2495.1854 940.6467 261.0726
f 8863 8864 8865
v -2493.7130 932.6319 261.0743
v -2496.2405 934.2756 261.0731
v -2496.1994 934.3355 261.0731
f 8866 8867 8868
v -2492.3158 931.5481 261.0751
v -2493.7130 932.6319 261.0743
v -2492.6508 934.1810 261.0745
f 8869 8870 8871
v -2492.3158 931.5481 261.0751
v -2484.5846 935.7673 261.0774
v -2489.3675 929.4772 261.0765
f 8872 8873 8874
v -2492.3055 934.6861 261.0746
v -2492.3158 931.5481 261.0751
v -2492.6508 934.1810 261.0745
f 8875 8876 8877
v -2496.2405 934.2756 261.0731
v -2493.7130 932.6319 261.0743
v -2492.3158 931.5481 261.0751
f 8878 8879 8880
v -2492.3055 934.6861 261.0746
v -2483.9644 936.9976 261.0775
v -2484.5846 935.7673 261.0774
f 8881 8882 8883
v -2492.3158 931.5481 261.0751
v -2492.3055 934.6861 261.0746
v -2484.5846 935.7673 261.0774
f 8884 8885 8886
v -2493.8270 943.4110 261.0727
v -2492.3055 934.6861 261.0746
v -2495.1854 940.6467 261.0726
f 8887 8888 8889
v -2492.3055 934.6861 261.0746
v -2493.5053 944.0631 261.0727
v -2484.7628 948.7235 261.0755
f 8890 8891 8892
v -2484.7628 948.7235 261.0755
v -2487.2471 956.7941 261.0733
v -2482.0631 954.2292 261.0757
f 8893 8894 8895
v -2484.7628 948.7235 261.0755
v -2484.1467 948.4210 261.0757
v -2492.3055 934.6861 261.0746
f 8896 8897 8898
v -2493.5053 944.0631 261.0727
v -2487.2471 956.7941 261.0733
v -2484.7628 948.7235 261.0755
f 8899 8900 8901
v -2483.9644 936.9976 261.0775
v -2492.3055 934.6861 261.0746
v -2484.1467 948.4210 261.0757
f 8902 8903 8904
v -2484.1467 948.4210 261.0757
v -2481.4327 942.1317 261.0777
v -2483.9644 936.9976 261.0775
f 8905 8906 8907
v -2481.4327 942.1317 261.0777
v -2484.1467 948.4210 261.0757
v -2479.4639 946.1254 261.0779
f 8908 8909 8910
v -2493.5053 944.0631 261.0727
v -2492.3055 934.6861 261.0746
v -2493.8270 943.4110 261.0727
f 8911 8912 8913
v -2492.7568 934.9952 266.8601
v -2493.8292 943.4120 266.9544
v -2495.1876 940.6477 266.9513
f 8914 8915 8916
v -2495.1876 940.6477 266.9513
v -2497.1018 937.9719 266.9579
v -2492.7568 934.9952 266.8601
f 8917 8918 8919
v -2484.7650 948.7246 266.6273
v -2482.0653 954.2302 266.6235
v -2487.2494 956.7951 266.9281
f 8920 8921 8922
v -2484.1488 948.4219 266.5905
v -2484.7650 948.7246 266.6273
v -2493.2440 944.6005 266.9375
f 8923 8924 8925
v -2487.2494 956.7951 266.9281
v -2493.2440 944.6005 266.9375
v -2484.7650 948.7246 266.6273
f 8926 8927 8928
v -2495.1854 940.6467 261.0726
v -2497.0995 937.9709 261.0722
v -2497.1007 937.9714 264.0150
f 8929 8930 8931
v -2497.1007 937.9714 264.0150
v -2497.1018 937.9719 266.9579
v -2495.1854 940.6467 261.0726
f 8932 8933 8934
v -2495.1870 940.6474 265.4814
v -2495.1860 940.6470 262.5365
v -2497.1018 937.9719 266.9579
f 8935 8936 8937
v -2495.1854 940.6467 261.0726
v -2497.1018 937.9719 266.9579
v -2495.1860 940.6470 262.5365
f 8938 8939 8940
v -2482.0631 954.2292 261.0757
v -2482.0653 954.2302 266.6235
v -2484.7628 948.7235 261.0755
f 8941 8942 8943
v -2487.2471 956.7941 261.0733
v -2487.2494 956.7951 266.9281
v -2482.0653 954.2302 266.6235
f 8944 8945 8946
v -2482.0179 940.9503 266.5305
v -2481.4327 942.1317 261.0777
v -2479.4639 946.1254 261.0779
f 8947 8948 8949
v -2483.9644 936.9976 261.0775
v -2481.4327 942.1317 261.0777
v -2482.0179 940.9503 266.5305
f 8950 8951 8952
v -2483.9664 936.9986 266.6123
v -2483.9644 936.9976 261.0775
v -2482.0179 940.9503 266.5305
f 8953 8954 8955
v -2488.9660 939.7849 266.7908
v -2492.7568 934.9952 266.8601
v -2492.4703 934.7985 266.8522
f 8956 8957 8958
v -2493.8292 943.4120 266.9544
v -2488.9660 939.7849 266.7908
v -2493.5598 943.9583 266.9504
f 8959 8960 8961
v -2492.7568 934.9952 266.8601
v -2488.9660 939.7849 266.7908
v -2493.8292 943.4120 266.9544
f 8962 8963 8964
v -2493.2440 944.6005 266.9375
v -2493.5598 943.9583 266.9504
v -2488.8546 939.9437 266.7859
f 8965 8966 8967
v -2488.9660 939.7849 266.7908
v -2488.8546 939.9437 266.7859
v -2493.5598 943.9583 266.9504
f 8968 8969 8970
v -2484.1488 948.4219 266.5905
v -2493.2440 944.6005 266.9375
v -2488.8546 939.9437 266.7859
f 8971 8972 8973
v -2482.0179 940.9503 266.5305
v -2484.1488 948.4219 266.5905
v -2488.8546 939.9437 266.7859
f 8974 8975 8976
v -2483.9664 936.9986 266.6123
v -2488.8546 939.9437 266.7859
v -2484.1484 936.6381 266.6203
f 8977 8978 8979
v -2488.8546 939.9437 266.7859
v -2483.9664 936.9986 266.6123
v -2482.0179 940.9503 266.5305
f 8980 8981 8982
v -2482.0179 940.9503 266.5305
v -2479.4659 946.1263 266.4227
v -2484.1488 948.4219 266.5905
f 8983 8984 8985
v -2484.5846 935.7673 261.0774
v -2484.5848 935.7673 261.3504
v -2489.3666 929.4783 261.3494
f 8986 8987 8988
v -2496.2407 934.2757 261.5650
v -2492.3160 931.5492 261.3480
v -2492.3160 931.5493 261.5670
f 8989 8990 8991
v -2492.3158 931.5481 261.0751
v -2492.3160 931.5492 261.3480
v -2496.2405 934.2756 261.0731
f 8992 8993 8994
v -2483.9644 936.9976 261.0775
v -2483.9664 936.9986 266.6123
v -2484.1464 936.6372 261.3505
f 8995 8996 8997
v -2484.1464 936.6372 261.3505
v -2484.5848 935.7673 261.3504
v -2484.5846 935.7673 261.0774
f 8998 8999 9000
v -2483.9644 936.9976 261.0775
v -2484.1464 936.6372 261.3505
v -2484.5846 935.7673 261.0774
f 9001 9002 9003
v -2489.7046 932.8491 266.8006
v -2492.3077 934.6870 266.8493
v -2492.3079 934.6871 267.4023
f 9004 9005 9006
v -2489.7048 932.8492 267.3006
v -2489.7046 932.8491 266.8006
v -2492.3079 934.6871 267.4023
f 9007 9008 9009
v -2489.7046 932.8491 266.8006
v -2489.7048 932.8492 267.3006
v -2486.9748 930.9308 266.7499
f 9010 9011 9012
v -2486.9750 930.9308 267.1939
v -2486.9748 930.9308 266.7499
v -2489.7048 932.8492 267.3006
f 9013 9014 9015
v -2496.2018 934.3367 267.4978
v -2496.2407 934.2757 261.5650
v -2499.0326 930.2102 261.5645
f 9016 9017 9018
v -2496.1994 934.3355 261.0731
v -2496.2405 934.2756 261.0731
v -2496.2407 934.2757 261.5650
f 9019 9020 9021
v -2496.2018 934.3367 267.4978
v -2499.0326 930.2102 261.5645
v -2499.0348 930.2113 267.4953
f 9022 9023 9024
v -2496.2018 934.3367 267.4978
v -2496.1994 934.3355 261.0731
v -2496.2407 934.2757 261.5650
f 9025 9026 9027
v -2488.8546 939.9437 266.8529
v -2488.9660 939.7849 266.7908
v -2492.4703 934.7985 266.8522
f 9028 9029 9030
v -2488.9660 939.7849 266.7908
v -2488.8546 939.9437 266.8529
v -2488.8546 939.9437 266.7859
f 9031 9032 9033
v -2486.9748 930.9308 266.7499
v -2483.4109 936.1207 264.0447
v -2483.4118 936.1211 266.7516
f 9034 9035 9036
v -2483.4109 936.1207 264.0447
v -2488.4235 928.8158 261.5689
v -2483.4098 936.1202 261.3508
f 9037 9038 9039
v -2486.9748 930.9308 266.7499
v -2486.9750 930.9308 267.1939
v -2493.6580 921.1899 267.1887
f 9040 9041 9042
v -2488.4235 928.8158 261.5689
v -2486.9748 930.9308 266.7499
v -2493.6580 921.1899 267.1887
f 9043 9044 9045
v -2493.6580 921.1899 267.1887
v -2493.6558 921.1890 261.5679
v -2488.4235 928.8158 261.5689
f 9046 9047 9048
v -2488.4235 928.8158 261.5689
v -2488.4234 928.8157 261.3499
v -2483.4098 936.1202 261.3508
f 9049 9050 9051
v -2486.9748 930.9308 266.7499
v -2488.4235 928.8158 261.5689
v -2483.4109 936.1207 264.0447
f 9052 9053 9054
v -2496.2018 934.3367 267.4978
v -2493.7130 932.6319 261.0743
v -2496.1994 934.3355 261.0731
f 9055 9056 9057
v -2493.7153 932.6330 267.4010
v -2493.7130 932.6319 261.0743
v -2496.2018 934.3367 267.4978
f 9058 9059 9060
v -2493.7130 932.6319 261.0743
v -2493.7153 932.6330 267.4010
v -2492.6508 934.1810 261.0745
f 9061 9062 9063
v -2492.6508 934.1810 261.0745
v -2493.7153 932.6330 267.4010
v -2492.3077 934.6870 266.8493
f 9064 9065 9066
v -2492.3057 934.6862 261.5665
v -2492.6508 934.1810 261.0745
v -2492.3077 934.6870 266.8493
f 9067 9068 9069
v -2492.3055 934.6861 261.0746
v -2492.6508 934.1810 261.0745
v -2492.3057 934.6862 261.5665
f 9070 9071 9072
v -2492.3079 934.6871 267.4023
v -2492.3077 934.6870 266.8493
v -2493.7153 932.6330 267.4010
f 9073 9074 9075
v -2492.4703 934.7985 266.8522
v -2492.3057 934.6862 261.5665
v -2492.3077 934.6870 266.8493
f 9076 9077 9078
v -2497.1007 937.9714 264.0150
v -2492.3055 934.6861 261.0746
v -2492.3057 934.6862 261.5665
f 9079 9080 9081
v -2492.7568 934.9952 266.8601
v -2492.3057 934.6862 261.5665
v -2492.4703 934.7985 266.8522
f 9082 9083 9084
v -2497.1007 937.9714 264.0150
v -2492.7568 934.9952 266.8601
v -2497.1018 937.9719 266.9579
f 9085 9086 9087
v -2492.3055 934.6861 261.0746
v -2497.1007 937.9714 264.0150
v -2497.0995 937.9709 261.0722
f 9088 9089 9090
v -2497.1007 937.9714 264.0150
v -2492.3057 934.6862 261.5665
v -2492.7568 934.9952 266.8601
f 9091 9092 9093
v -2484.7628 948.7235 261.0755
v -2484.7650 948.7246 266.6273
v -2484.1488 948.4219 266.5905
f 9094 9095 9096
v -2484.1488 948.4219 266.5905
v -2484.1467 948.4210 261.0757
v -2484.7628 948.7235 261.0755
f 9097 9098 9099
v -2484.1467 948.4210 261.0757
v -2484.1488 948.4219 266.5905
v -2479.4639 946.1254 261.0779
f 9100 9101 9102
v -2479.4639 946.1254 261.0779
v -2484.1488 948.4219 266.5905
v -2479.4659 946.1263 266.4227
f 9103 9104 9105
v -2488.4235 928.8158 261.5689
v -2489.3666 929.4783 261.3494
v -2488.4234 928.8157 261.3499
f 9106 9107 9108
v -2492.3160 931.5492 261.3480
v -2489.3675 929.4772 261.0765
v -2489.3666 929.4783 261.3494
f 9109 9110 9111
v -2489.3666 929.4783 261.3494
v -2492.3160 931.5493 261.5670
v -2492.3160 931.5492 261.3480
f 9112 9113 9114
v -2492.3160 931.5492 261.3480
v -2492.3158 931.5481 261.0751
v -2489.3675 929.4772 261.0765
f 9115 9116 9117
v -2492.3160 931.5493 261.5670
v -2489.3666 929.4783 261.3494
v -2488.4235 928.8158 261.5689
f 9118 9119 9120
v -2495.1870 940.6474 265.4814
v -2495.1876 940.6477 266.9513
v -2493.8292 943.4120 266.9544
f 9121 9122 9123
v -2495.1870 940.6474 265.4814
v -2493.5053 944.0631 261.0727
v -2495.1860 940.6470 262.5365
f 9124 9125 9126
v -2495.1860 940.6470 262.5365
v -2493.8270 943.4110 261.0727
v -2495.1854 940.6467 261.0726
f 9127 9128 9129
v -2495.1870 940.6474 265.4814
v -2493.8292 943.4120 266.9544
v -2493.5598 943.9583 266.9504
f 9130 9131 9132
v -2487.2471 956.7941 261.0733
v -2493.2440 944.6005 266.9375
v -2487.2494 956.7951 266.9281
f 9133 9134 9135
v -2493.2440 944.6005 266.9375
v -2493.5053 944.0631 261.0727
v -2495.1870 940.6474 265.4814
f 9136 9137 9138
v -2493.8270 943.4110 261.0727
v -2495.1860 940.6470 262.5365
v -2493.5053 944.0631 261.0727
f 9139 9140 9141
v -2493.2440 944.6005 266.9375
v -2487.2471 956.7941 261.0733
v -2493.5053 944.0631 261.0727
f 9142 9143 9144
v -2493.2440 944.6005 266.9375
v -2495.1870 940.6474 265.4814
v -2493.5598 943.9583 266.9504
f 9145 9146 9147
v -2497.0006 928.7828 267.4163
v -2499.0348 930.2113 267.4953
v -2499.0326 930.2102 261.5645
f 9148 9149 9150
v -2498.9910 924.9342 267.3971
v -2498.0611 926.2887 261.5655
v -2498.9887 924.9332 261.5653
f 9151 9152 9153
v -2495.1870 940.6474 265.4814
v -2497.1018 937.9719 266.9579
v -2495.1876 940.6477 266.9513
f 9154 9155 9156
v -2482.0653 954.2302 266.6235
v -2484.7650 948.7246 266.6273
v -2484.7628 948.7235 261.0755
f 9157 9158 9159
v -2487.2471 956.7941 261.0733
v -2482.0653 954.2302 266.6235
v -2482.0631 954.2292 261.0757
f 9160 9161 9162
v -2482.0179 940.9503 266.5305
v -2479.4639 946.1254 261.0779
v -2479.4659 946.1263 266.4227
f 9163 9164 9165
v -2484.5846 935.7673 261.0774
v -2489.3666 929.4783 261.3494
v -2489.3675 929.4772 261.0765
f 9166 9167 9168
v -2492.3160 931.5492 261.3480
v -2496.2407 934.2757 261.5650
v -2496.2405 934.2756 261.0731
f 9169 9170 9171
v -2483.9664 936.9986 266.6123
v -2484.1484 936.6381 266.6203
v -2484.1464 936.6372 261.3505
f 9172 9173 9174

g building_ID_C74D6528-6AA4-4545-A19F-8DC359FB7D23
v -2508.1951 877.1070 256.6937
v -2511.3898 879.8155 256.6920
v -2499.2399 887.3118 256.6958
f 9175 9176 9177
v -2504.4203 891.9525 256.6931
v -2511.3898 879.8155 256.6920
v -2513.2595 881.4015 256.6911
f 9178 9179 9180
v -2508.1951 877.1070 256.6937
v -2499.2399 887.3118 256.6958
v -2505.8994 875.1598 256.6948
f 9181 9182 9183
v -2499.2399 887.3118 256.6958
v -2511.3898 879.8155 256.6920
v -2504.4203 891.9525 256.6931
f 9184 9185 9186
v -2496.5024 884.8724 256.6972
v -2505.8994 875.1598 256.6948
v -2499.2399 887.3118 256.6958
f 9187 9188 9189
v -2508.8438 879.3941 271.9995
v -2501.4156 887.6841 272.0013
v -2502.0074 889.7883 270.4808
f 9190 9191 9192
v -2504.4245 891.9543 267.8067
v -2513.2639 881.4033 268.1816
v -2502.0074 889.7883 270.4808
f 9193 9194 9195
v -2508.8438 879.3941 271.9995
v -2502.0074 889.7883 270.4808
v -2511.3949 879.8177 270.2015
f 9196 9197 9198
v -2513.2639 881.4033 268.1816
v -2511.3949 879.8177 270.2015
v -2502.0074 889.7883 270.4808
f 9199 9200 9201
v -2501.4156 887.6841 272.0013
v -2499.2571 887.3240 270.4823
v -2502.0074 889.7883 270.4808
f 9202 9203 9204
v -2508.8438 879.3941 271.9995
v -2511.3949 879.8177 270.2015
v -2508.2003 877.1092 270.3522
f 9205 9206 9207
v -2505.8994 875.1598 256.6948
v -2496.5045 884.8732 261.8620
v -2496.5066 884.8741 267.4528
f 9208 9209 9210
v -2496.5024 884.8724 256.6972
v -2496.5045 884.8732 261.8620
v -2505.8994 875.1598 256.6948
f 9211 9212 9213
v -2496.5066 884.8741 267.4528
v -2505.9036 875.1616 267.8764
v -2505.9026 875.1611 265.0805
f 9214 9215 9216
v -2505.9015 875.1606 262.2856
v -2505.8994 875.1598 256.6948
v -2496.5066 884.8741 267.4528
f 9217 9218 9219
v -2501.8866 894.9779 257.7246
v -2501.8893 894.9791 264.7234
v -2497.7658 891.4450 264.7255
f 9220 9221 9222
v -2500.4753 888.4182 257.7260
v -2504.4207 891.9527 257.7240
v -2501.8866 894.9779 257.7246
f 9223 9224 9225
v -2501.8866 894.9779 257.7246
v -2497.7632 891.4438 257.7267
v -2500.4753 888.4182 257.7260
f 9226 9227 9228
v -2502.0052 889.7874 264.7240
v -2500.4779 888.4194 264.7248
v -2497.7658 891.4450 264.7255
f 9229 9230 9231
v -2504.4234 891.9539 264.7228
v -2502.0052 889.7874 264.7240
v -2501.8893 894.9791 264.7234
f 9232 9233 9234
v -2497.7658 891.4450 264.7255
v -2501.8893 894.9791 264.7234
v -2502.0052 889.7874 264.7240
f 9235 9236 9237
v -2497.7632 891.4438 257.7267
v -2497.7658 891.4450 264.7255
v -2500.4779 888.4194 264.7248
f 9238 9239 9240
v -2511.3898 879.8155 256.6920
v -2508.1951 877.1070 256.6937
v -2505.9015 875.1606 262.2856
f 9241 9242 9243
v -2505.9015 875.1606 262.2856
v -2508.1951 877.1070 256.6937
v -2505.8994 875.1598 256.6948
f 9244 9245 9246
v -2511.3898 879.8155 256.6920
v -2505.9015 875.1606 262.2856
v -2505.9026 875.1611 265.0805
f 9247 9248 9249
v -2508.2003 877.1092 270.3522
v -2513.2595 881.4015 256.6911
v -2505.9036 875.1616 267.8764
f 9250 9251 9252
v -2511.3949 879.8177 270.2015
v -2513.2639 881.4033 268.1816
v -2508.2003 877.1092 270.3522
f 9253 9254 9255
v -2505.9026 875.1611 265.0805
v -2513.2595 881.4015 256.6911
v -2511.3898 879.8155 256.6920
f 9256 9257 9258
v -2513.2639 881.4033 268.1816
v -2513.2595 881.4015 256.6911
v -2508.2003 877.1092 270.3522
f 9259 9260 9261
v -2505.9036 875.1616 267.8764
v -2513.2595 881.4015 256.6911
v -2505.9026 875.1611 265.0805
f 9262 9263 9264
v -2504.4234 891.9539 264.7228
v -2513.2639 881.4033 268.1816
v -2504.4245 891.9543 267.8067
f 9265 9266 9267
v -2504.4207 891.9527 257.7240
v -2513.2595 881.4015 256.6911
v -2504.4234 891.9539 264.7228
f 9268 9269 9270
v -2513.2639 881.4033 268.1816
v -2504.4234 891.9539 264.7228
v -2513.2595 881.4015 256.6911
f 9271 9272 9273
v -2504.4234 891.9539 264.7228
v -2501.8866 894.9779 257.7246
v -2504.4207 891.9527 257.7240
f 9274 9275 9276
v -2513.2595 881.4015 256.6911
v -2504.4207 891.9527 257.7240
v -2504.4203 891.9525 256.6931
f 9277 9278 9279
v -2501.8893 894.9791 264.7234
v -2501.8866 894.9779 257.7246
v -2504.4234 891.9539 264.7228
f 9280 9281 9282
v -2504.4207 891.9527 257.7240
v -2500.4753 888.4182 257.7260
v -2504.4203 891.9525 256.6931
f 9283 9284 9285
v -2504.4203 891.9525 256.6931
v -2500.4753 888.4182 257.7260
v -2499.2399 887.3118 256.6958
f 9286 9287 9288
v -2500.4753 888.4182 257.7260
v -2496.5045 884.8732 261.8620
v -2499.2399 887.3118 256.6958
f 9289 9290 9291
v -2504.4245 891.9543 267.8067
v -2502.0052 889.7874 264.7240
v -2504.4234 891.9539 264.7228
f 9292 9293 9294
v -2500.4779 888.4194 264.7248
v -2496.5045 884.8732 261.8620
v -2500.4753 888.4182 257.7260
f 9295 9296 9297
v -2502.0074 889.7883 270.4808
v -2500.4779 888.4194 264.7248
v -2502.0052 889.7874 264.7240
f 9298 9299 9300
v -2500.4779 888.4194 264.7248
v -2502.0074 889.7883 270.4808
v -2499.2571 887.3240 270.4823
f 9301 9302 9303
v -2502.0074 889.7883 270.4808
v -2502.0052 889.7874 264.7240
v -2504.4245 891.9543 267.8067
f 9304 9305 9306
v -2496.5066 884.8741 267.4528
v -2500.4779 888.4194 264.7248
v -2499.2571 887.3240 270.4823
f 9307 9308 9309
v -2496.5024 884.8724 256.6972
v -2499.2399 887.3118 256.6958
v -2496.5045 884.8732 261.8620
f 9310 9311 9312
v -2496.5045 884.8732 261.8620
v -2500.4779 888.4194 264.7248
v -2496.5066 884.8741 267.4528
f 9313 9314 9315
v -2508.2003 877.1092 270.3522
v -2499.2571 887.3240 270.4823
v -2508.8438 879.3941 271.9995
f 9316 9317 9318
v -2505.9036 875.1616 267.8764
v -2496.5066 884.8741 267.4528
v -2508.2003 877.1092 270.3522
f 9319 9320 9321
v -2508.8438 879.3941 271.9995
v -2499.2571 887.3240 270.4823
v -2501.4156 887.6841 272.0013
f 9322 9323 9324
v -2499.2571 887.3240 270.4823
v -2508.2003 877.1092 270.3522
v -2496.5066 884.8741 267.4528
f 9325 9326 9327
v -2496.5066 884.8741 267.4528
v -2505.9026 875.1611 265.0805
v -2505.9015 875.1606 262.2856
f 9328 9329 9330
v -2501.8866 894.9779 257.7246
v -2497.7658 891.4450 264.7255
v -2497.7632 891.4438 257.7267
f 9331 9332 9333
v -2497.7632 891.4438 257.7267
v -2500.4779 888.4194 264.7248
v -2500.4753 888.4182 257.7260
f 9334 9335 9336

g building_ID_CB703EA6-2B21-4540-AFD3-B98AA477606E
v -2551.8897 901.7378 281.0359
v -2543.8825 898.8975 281.1065
v -2547.5509 904.6712 281.1042
f 9337 9338 9339
v -2543.8825 898.8975 281.1065
v -2556.7869 898.6520 280.9614
v -2543.2226 896.9706 281.1011
f 9340 9341 9342
v -2551.9684 901.8641 281.0359
v -2551.8897 901.7378 281.0359
v -2547.5509 904.6712 281.1042
f 9343 9344 9345
v -2543.2226 896.9706 281.1011
v -2556.7869 898.6520 280.9614
v -2554.6933 883.9816 280.8863
f 9346 9347 9348
v -2571.0666 887.8735 280.7302
v -2566.4871 892.5381 280.8124
v -2571.4775 889.3926 280.7358
f 9349 9350 9351
v -2554.6933 883.9816 280.8863
v -2556.7869 898.6520 280.9614
v -2566.4871 892.5381 280.8124
f 9352 9353 9354
v -2546.8897 877.5738 280.9303
v -2545.7480 878.9446 280.9526
v -2554.6933 883.9816 280.8863
f 9355 9356 9357
v -2544.4086 880.9770 280.9818
v -2554.6933 883.9816 280.8863
v -2545.7480 878.9446 280.9526
f 9358 9359 9360
v -2554.6933 883.9816 280.8863
v -2566.4871 892.5381 280.8124
v -2569.2217 882.9766 280.7176
f 9361 9362 9363
v -2571.0666 887.8735 280.7302
v -2569.2217 882.9766 280.7176
v -2566.4871 892.5381 280.8124
f 9364 9365 9366
v -2544.4086 880.9770 280.9818
v -2543.2226 896.9706 281.1011
v -2554.6933 883.9816 280.8863
f 9367 9368 9369
v -2556.7869 898.6520 280.9614
v -2543.8825 898.8975 281.1065
v -2551.8897 901.7378 281.0359
f 9370 9371 9372
v -2544.4041 880.9752 269.5463
v -2544.4086 880.9770 280.9818
v -2545.7480 878.9446 280.9526
f 9373 9374 9375
v -2544.4086 880.9770 280.9818
v -2543.2182 896.9688 269.5446
v -2543.2226 896.9706 281.1011
f 9376 9377 9378
v -2544.4086 880.9770 280.9818
v -2544.4041 880.9752 269.5463
v -2543.2182 896.9688 269.5446
f 9379 9380 9381
v -2543.8780 898.8955 269.5440
v -2543.8825 898.8975 281.1065
v -2543.2226 896.9706 281.1011
f 9382 9383 9384
v -2543.2226 896.9706 281.1011
v -2543.2182 896.9688 269.5446
v -2543.8780 898.8955 269.5440
f 9385 9386 9387
v -2547.5465 904.6693 269.5417
v -2547.5509 904.6712 281.1042
v -2543.8825 898.8975 281.1065
f 9388 9389 9390
v -2547.5465 904.6693 269.5417
v -2543.8825 898.8975 281.1065
v -2543.8780 898.8955 269.5440
f 9391 9392 9393
v -2547.5509 904.6712 281.1042
v -2547.5465 904.6693 269.5417
v -2551.9684 901.8641 281.0359
f 9394 9395 9396
v -2551.9684 901.8641 281.0359
v -2547.5465 904.6693 269.5417
v -2551.9639 901.8621 269.5404
f 9397 9398 9399
v -2551.9684 901.8641 281.0359
v -2551.8852 901.7360 269.5404
v -2551.8897 901.7378 281.0359
f 9400 9401 9402
v -2551.9639 901.8621 269.5404
v -2551.8852 901.7360 269.5404
v -2551.9684 901.8641 281.0359
f 9403 9404 9405
v -2551.8852 901.7360 269.5404
v -2571.4731 889.3907 269.5342
v -2571.4775 889.3926 280.7358
f 9406 9407 9408
v -2566.4871 892.5381 280.8124
v -2556.7869 898.6520 280.9614
v -2551.8852 901.7360 269.5404
f 9409 9410 9411
v -2571.4775 889.3926 280.7358
v -2566.4871 892.5381 280.8124
v -2551.8852 901.7360 269.5404
f 9412 9413 9414
v -2571.0622 887.8716 269.5346
v -2571.0666 887.8735 280.7302
v -2571.4731 889.3907 269.5342
f 9415 9416 9417
v -2571.4775 889.3926 280.7358
v -2571.4731 889.3907 269.5342
v -2571.0666 887.8735 280.7302
f 9418 9419 9420
v -2550.7030 872.9955 283.6603
v -2546.8907 877.5741 283.6972
v -2552.6994 872.8128 283.6425
f 9421 9422 9423
v -2546.8907 877.5741 283.6972
v -2555.2700 872.5677 283.6185
v -2552.6994 872.8128 283.6425
f 9424 9425 9426
v -2555.2487 872.3087 283.6186
v -2552.6673 872.4878 283.6426
v -2552.6994 872.8128 283.6425
f 9427 9428 9429
v -2558.5086 872.3144 283.5893
v -2546.8907 877.5741 283.6972
v -2554.6944 883.9820 283.6292
f 9430 9431 9432
v -2568.9677 882.2994 283.4977
v -2569.0457 882.2825 283.4977
v -2568.2245 871.5565 283.4995
f 9433 9434 9435
v -2568.2245 871.5565 283.4995
v -2554.6944 883.9820 283.6292
v -2568.9677 882.2994 283.4977
f 9436 9437 9438
v -2558.5086 872.3144 283.5893
v -2555.2700 872.5677 283.6185
v -2546.8907 877.5741 283.6972
f 9439 9440 9441
v -2552.6994 872.8128 283.6425
v -2555.2700 872.5677 283.6185
v -2555.2487 872.3087 283.6186
f 9442 9443 9444
v -2554.6944 883.9820 283.6292
v -2568.2245 871.5565 283.4995
v -2558.5086 872.3144 283.5893
f 9445 9446 9447
v -2569.2228 882.9770 283.4955
v -2568.9677 882.2994 283.4977
v -2554.6944 883.9820 283.6292
f 9448 9449 9450
v -2569.0402 882.2803 269.5362
v -2569.0413 882.2807 272.1021
v -2568.9622 882.2970 269.5362
f 9451 9452 9453
v -2568.2245 871.5565 283.4995
v -2568.6310 876.9118 273.0310
v -2568.2201 871.5547 272.3089
f 9454 9455 9456
v -2568.2201 871.5547 272.3089
v -2568.5784 876.2511 269.5372
v -2568.2191 871.5542 269.5380
f 9457 9458 9459
v -2568.5784 876.2511 269.5372
v -2568.2201 871.5547 272.3089
v -2568.6310 876.9118 273.0310
f 9460 9461 9462
v -2568.6310 876.9118 273.0310
v -2568.2245 871.5565 283.4995
v -2569.0457 882.2825 283.4977
f 9463 9464 9465
v -2568.9398 880.9690 269.5364
v -2568.6310 876.9118 273.0310
v -2569.0413 882.2807 272.1021
f 9466 9467 9468
v -2568.5784 876.2511 269.5372
v -2568.6310 876.9118 273.0310
v -2568.9398 880.9690 269.5364
f 9469 9470 9471
v -2568.9398 880.9690 269.5364
v -2569.0413 882.2807 272.1021
v -2569.0402 882.2803 269.5362
f 9472 9473 9474
v -2568.2201 871.5547 272.3089
v -2561.7061 872.0633 273.0094
v -2568.2245 871.5565 283.4995
f 9475 9476 9477
v -2568.2191 871.5542 269.5380
v -2561.7061 872.0633 273.0094
v -2568.2201 871.5547 272.3089
f 9478 9479 9480
v -2555.2700 872.5677 283.6185
v -2561.7061 872.0633 273.0094
v -2555.2645 872.5655 269.5430
f 9481 9482 9483
v -2558.5086 872.3144 283.5893
v -2561.7061 872.0633 273.0094
v -2555.2700 872.5677 283.6185
f 9484 9485 9486
v -2563.3191 871.9371 269.5399
v -2555.2645 872.5655 269.5430
v -2561.7061 872.0633 273.0094
f 9487 9488 9489
v -2561.7061 872.0633 273.0094
v -2558.5086 872.3144 283.5893
v -2568.2245 871.5565 283.4995
f 9490 9491 9492
v -2561.7061 872.0633 273.0094
v -2568.2191 871.5542 269.5380
v -2563.3191 871.9371 269.5399
f 9493 9494 9495
v -2555.2645 872.5655 269.5430
v -2555.2460 872.3075 276.5809
v -2555.2487 872.3087 283.6186
f 9496 9497 9498
v -2555.2432 872.3064 269.5431
v -2555.2460 872.3075 276.5809
v -2555.2645 872.5655 269.5430
f 9499 9500 9501
v -2555.2645 872.5655 269.5430
v -2555.2487 872.3087 283.6186
v -2555.2700 872.5677 283.6185
f 9502 9503 9504
v -2555.2460 872.3075 276.5809
v -2552.6631 872.4860 273.0690
v -2552.6673 872.4878 283.6426
f 9505 9506 9507
v -2554.9322 872.3286 269.5432
v -2552.6618 872.4855 269.5441
v -2552.6631 872.4860 273.0690
f 9508 9509 9510
v -2555.2432 872.3064 269.5431
v -2554.9322 872.3286 269.5432
v -2555.2460 872.3075 276.5809
f 9511 9512 9513
v -2555.2460 872.3075 276.5809
v -2554.9322 872.3286 269.5432
v -2552.6631 872.4860 273.0690
f 9514 9515 9516
v -2552.6618 872.4855 269.5441
v -2552.6939 872.8105 269.5440
v -2552.6994 872.8128 283.6425
f 9517 9518 9519
v -2554.6933 883.9816 280.8863
v -2554.6944 883.9820 283.6292
v -2546.8897 877.5738 280.9303
f 9520 9521 9522
v -2569.2217 882.9766 280.7176
v -2569.2228 882.9770 283.4955
v -2554.6933 883.9816 280.8863
f 9523 9524 9525
v -2568.9677 882.2994 283.4977
v -2569.2217 882.9766 280.7176
v -2568.9622 882.2970 269.5362
f 9526 9527 9528
v -2568.9622 882.2970 269.5362
v -2569.2217 882.9766 280.7176
v -2571.0666 887.8735 280.7302
f 9529 9530 9531
v -2571.0622 887.8716 269.5346
v -2568.9622 882.2970 269.5362
v -2571.0666 887.8735 280.7302
f 9532 9533 9534
v -2569.2228 882.9770 283.4955
v -2569.2217 882.9766 280.7176
v -2568.9677 882.2994 283.4977
f 9535 9536 9537
v -2545.7480 878.9446 280.9526
v -2546.8897 877.5738 280.9303
v -2545.7435 878.9428 269.5461
f 9538 9539 9540
v -2547.1119 877.2994 269.5457
v -2545.7435 878.9428 269.5461
v -2546.8897 877.5738 280.9303
f 9541 9542 9543
v -2546.8897 877.5738 280.9303
v -2546.8907 877.5741 283.6972
v -2550.7030 872.9955 283.6603
f 9544 9545 9546
v -2546.8897 877.5738 280.9303
v -2550.6975 872.9932 269.5448
v -2547.1119 877.2994 269.5457
f 9547 9548 9549
v -2550.7030 872.9955 283.6603
v -2550.6975 872.9932 269.5448
v -2546.8897 877.5738 280.9303
f 9550 9551 9552
v -2571.4731 889.3907 269.5342
v -2568.9622 882.2970 269.5362
v -2571.0622 887.8716 269.5346
f 9553 9554 9555
v -2571.4731 889.3907 269.5342
v -2555.2645 872.5655 269.5430
v -2568.9622 882.2970 269.5362
f 9556 9557 9558
v -2568.9398 880.9690 269.5364
v -2569.0402 882.2803 269.5362
v -2568.9622 882.2970 269.5362
f 9559 9560 9561
v -2568.9398 880.9690 269.5364
v -2563.3191 871.9371 269.5399
v -2568.5784 876.2511 269.5372
f 9562 9563 9564
v -2568.9398 880.9690 269.5364
v -2555.2645 872.5655 269.5430
v -2563.3191 871.9371 269.5399
f 9565 9566 9567
v -2563.3191 871.9371 269.5399
v -2568.2191 871.5542 269.5380
v -2568.5784 876.2511 269.5372
f 9568 9569 9570
v -2555.2645 872.5655 269.5430
v -2568.9398 880.9690 269.5364
v -2568.9622 882.2970 269.5362
f 9571 9572 9573
v -2547.5465 904.6693 269.5417
v -2551.8852 901.7360 269.5404
v -2551.9639 901.8621 269.5404
f 9574 9575 9576
v -2543.2182 896.9688 269.5446
v -2571.4731 889.3907 269.5342
v -2551.8852 901.7360 269.5404
f 9577 9578 9579
v -2551.8852 901.7360 269.5404
v -2543.8780 898.8955 269.5440
v -2543.2182 896.9688 269.5446
f 9580 9581 9582
v -2545.7435 878.9428 269.5461
v -2571.4731 889.3907 269.5342
v -2544.4041 880.9752 269.5463
f 9583 9584 9585
v -2544.4041 880.9752 269.5463
v -2571.4731 889.3907 269.5342
v -2543.2182 896.9688 269.5446
f 9586 9587 9588
v -2543.8780 898.8955 269.5440
v -2551.8852 901.7360 269.5404
v -2547.5465 904.6693 269.5417
f 9589 9590 9591
v -2555.2645 872.5655 269.5430
v -2554.9322 872.3286 269.5432
v -2555.2432 872.3064 269.5431
f 9592 9593 9594
v -2554.9322 872.3286 269.5432
v -2555.2645 872.5655 269.5430
v -2552.6939 872.8105 269.5440
f 9595 9596 9597
v -2555.2645 872.5655 269.5430
v -2547.1119 877.2994 269.5457
v -2552.6939 872.8105 269.5440
f 9598 9599 9600
v -2547.1119 877.2994 269.5457
v -2550.6975 872.9932 269.5448
v -2552.6939 872.8105 269.5440
f 9601 9602 9603
v -2554.9322 872.3286 269.5432
v -2552.6939 872.8105 269.5440
v -2552.6618 872.4855 269.5441
f 9604 9605 9606
v -2571.4731 889.3907 269.5342
v -2547.1119 877.2994 269.5457
v -2555.2645 872.5655 269.5430
f 9607 9608 9609
v -2571.4731 889.3907 269.5342
v -2545.7435 878.9428 269.5461
v -2547.1119 877.2994 269.5457
f 9610 9611 9612
v -2544.4041 880.9752 269.5463
v -2545.7480 878.9446 280.9526
v -2545.7435 878.9428 269.5461
f 9613 9614 9615
v -2556.7869 898.6520 280.9614
v -2551.8897 901.7378 281.0359
v -2551.8852 901.7360 269.5404
f 9616 9617 9618
v -2550.6975 872.9932 269.5448
v -2550.7030 872.9955 283.6603
v -2552.6994 872.8128 283.6425
f 9619 9620 9621
v -2550.6975 872.9932 269.5448
v -2552.6994 872.8128 283.6425
v -2552.6939 872.8105 269.5440
f 9622 9623 9624
v -2569.0457 882.2825 283.4977
v -2568.9677 882.2994 283.4977
v -2568.9622 882.2970 269.5362
f 9625 9626 9627
v -2568.9622 882.2970 269.5362
v -2569.0413 882.2807 272.1021
v -2569.0457 882.2825 283.4977
f 9628 9629 9630
v -2568.6310 876.9118 273.0310
v -2569.0457 882.2825 283.4977
v -2569.0413 882.2807 272.1021
f 9631 9632 9633
v -2552.6673 872.4878 283.6426
v -2555.2487 872.3087 283.6186
v -2555.2460 872.3075 276.5809
f 9634 9635 9636
v -2552.6631 872.4860 273.0690
v -2552.6618 872.4855 269.5441
v -2552.6994 872.8128 283.6425
f 9637 9638 9639
v -2552.6673 872.4878 283.6426
v -2552.6631 872.4860 273.0690
v -2552.6994 872.8128 283.6425
f 9640 9641 9642
v -2554.6944 883.9820 283.6292
v -2546.8907 877.5741 283.6972
v -2546.8897 877.5738 280.9303
f 9643 9644 9645
v -2569.2228 882.9770 283.4955
v -2554.6944 883.9820 283.6292
v -2554.6933 883.9816 280.8863
f 9646 9647 9648

g building_ID_E64FEB1E-73EB-4DBD-BC45-248E8FA912D7
v -2592.6877 864.6908 281.0546
v -2593.5434 870.0051 281.0536
v -2593.4511 864.5679 281.1573
f 9649 9650 9651
v -2600.1545 868.9390 281.9459
v -2593.4511 864.5679 281.1573
v -2593.5434 870.0051 281.0536
f 9652 9653 9654
v -2593.3369 863.8606 281.1575
v -2593.4511 864.5679 281.1573
v -2599.1848 862.9184 281.9471
f 9655 9656 9657
v -2600.1545 868.9390 281.9459
v -2599.1848 862.9184 281.9471
v -2593.4511 864.5679 281.1573
f 9658 9659 9660
v -2593.5428 870.0048 279.5116
v -2593.5434 870.0051 281.0536
v -2592.6872 864.6907 279.9186
f 9661 9662 9663
v -2581.8030 871.8952 272.3144
v -2581.8059 871.8964 279.5161
v -2580.7680 865.6237 279.9973
f 9664 9665 9666
v -2581.8030 871.8952 272.3144
v -2580.7680 865.6237 279.9973
v -2580.7649 865.6225 272.3156
f 9667 9668 9669
v -2593.5396 870.0035 271.3579
v -2593.5400 870.0037 272.3099
v -2592.6839 864.6893 271.3939
f 9670 9671 9672
v -2592.6842 864.6894 272.3109
v -2592.6839 864.6893 271.3939
v -2593.5400 870.0037 272.3099
f 9673 9674 9675
v -2592.5698 863.9820 271.3591
v -2593.5396 870.0035 271.3579
v -2592.6839 864.6893 271.3939
f 9676 9677 9678
v -2592.6839 864.6893 271.3939
v -2592.5698 863.9820 271.3941
v -2592.5698 863.9820 271.3591
f 9679 9680 9681
v -2593.3335 863.8593 272.3108
v -2595.0412 863.1968 272.3102
v -2595.1022 863.5740 272.3101
f 9682 9683 9684
v -2595.0412 863.1968 272.3102
v -2593.3335 863.8593 272.3108
v -2593.2676 863.4471 272.3109
f 9685 9686 9687
v -2585.5883 865.8347 279.9214
v -2580.7680 865.6237 279.9973
v -2581.8059 871.8964 279.5161
f 9688 9689 9690
v -2585.5883 865.8347 279.9214
v -2581.8059 871.8964 279.5161
v -2593.5428 870.0048 279.5116
f 9691 9692 9693
v -2585.5883 865.8347 279.9214
v -2585.4269 864.8353 279.9986
v -2580.7680 865.6237 279.9973
f 9694 9695 9696
v -2593.5428 870.0048 279.5116
v -2592.6872 864.6907 279.9186
v -2585.5883 865.8347 279.9214
f 9697 9698 9699
v -2595.0412 863.1968 272.3102
v -2595.0442 863.1981 280.0009
v -2595.1053 863.5752 279.9718
f 9700 9701 9702
v -2599.1848 862.9184 281.9471
v -2600.1545 868.9390 281.9459
v -2601.7621 868.6803 281.7073
f 9703 9704 9705
v -2601.7621 868.6803 281.7073
v -2600.7813 862.6607 281.7105
v -2599.1848 862.9184 281.9471
f 9706 9707 9708
v -2600.7772 862.6591 271.3559
v -2600.7813 862.6607 281.7105
v -2601.7621 868.6803 281.7073
f 9709 9710 9711
v -2585.4973 864.8243 285.9533
v -2591.6411 857.4249 285.9518
v -2585.4398 850.4974 285.9553
f 9712 9713 9714
v -2591.0097 849.4093 285.9532
v -2585.4414 850.3073 285.9553
v -2585.4398 850.4974 285.9553
f 9715 9716 9717
v -2592.2844 857.3187 285.9516
v -2591.0097 849.4093 285.9532
v -2591.6411 857.4249 285.9518
f 9718 9719 9720
v -2585.4398 850.4974 285.9553
v -2591.6411 857.4249 285.9518
v -2591.0097 849.4093 285.9532
f 9721 9722 9723
v -2585.4973 864.8243 285.9533
v -2585.4398 850.4974 285.9553
v -2583.2159 850.8744 285.9561
f 9724 9725 9726
v -2585.5906 865.8356 285.9532
v -2585.4973 864.8243 285.9533
v -2585.4293 864.8362 285.9534
f 9727 9728 9729
v -2591.6411 857.4249 285.9518
v -2585.4973 864.8243 285.9533
v -2592.6357 863.5395 285.9506
f 9730 9731 9732
v -2592.6357 863.5395 285.9506
v -2585.4973 864.8243 285.9533
v -2585.5906 865.8356 285.9532
f 9733 9734 9735
v -2593.2730 863.4493 285.9504
v -2592.6357 863.5395 285.9506
v -2593.4529 864.5687 285.9501
f 9736 9737 9738
v -2585.5906 865.8356 285.9532
v -2593.4529 864.5687 285.9501
v -2592.6357 863.5395 285.9506
f 9739 9740 9741
v -2591.0088 849.4090 283.7333
v -2591.0097 849.4093 285.9532
v -2592.2844 857.3187 285.9516
f 9742 9743 9744
v -2586.2224 850.1796 280.3142
v -2585.4356 850.3051 271.3988
v -2585.4414 850.3073 285.9553
f 9745 9746 9747
v -2586.7320 850.0985 283.8669
v -2586.2224 850.1796 280.3142
v -2585.4414 850.3073 285.9553
f 9748 9749 9750
v -2586.2197 850.1785 273.4415
v -2585.4356 850.3051 271.3988
v -2586.2224 850.1796 280.3142
f 9751 9752 9753
v -2585.4356 850.3051 271.3988
v -2586.2197 850.1785 273.4415
v -2586.7279 850.0969 273.3533
f 9754 9755 9756
v -2586.7280 850.0969 273.4413
v -2586.7279 850.0969 273.3533
v -2586.2197 850.1785 273.4415
f 9757 9758 9759
v -2591.0039 849.4070 271.3967
v -2585.4356 850.3051 271.3988
v -2586.7279 850.0969 273.3533
f 9760 9761 9762
v -2591.0088 849.4090 283.7333
v -2586.7320 850.0985 283.8669
v -2591.0097 849.4093 285.9532
f 9763 9764 9765
v -2585.4414 850.3073 285.9553
v -2591.0097 849.4093 285.9532
v -2586.7320 850.0985 283.8669
f 9766 9767 9768
v -2586.7279 850.0969 273.3533
v -2591.0047 849.4073 273.3517
v -2591.0039 849.4070 271.3967
f 9769 9770 9771
v -2586.2224 850.1796 280.3142
v -2586.7320 850.0985 283.8669
v -2586.7307 850.0979 280.3140
f 9772 9773 9774
v -2585.4341 850.4951 271.3988
v -2585.4398 850.4974 285.9553
v -2585.4414 850.3073 285.9553
f 9775 9776 9777
v -2583.2101 850.8721 271.3996
v -2583.2159 850.8744 285.9561
v -2585.4398 850.4974 285.9553
f 9778 9779 9780
v -2585.4916 864.8220 271.3968
v -2585.4973 864.8243 285.9533
v -2583.2101 850.8721 271.3996
f 9781 9782 9783
v -2583.2159 850.8744 285.9561
v -2583.2101 850.8721 271.3996
v -2585.4973 864.8243 285.9533
f 9784 9785 9786
v -2586.3382 847.6619 280.3145
v -2586.3396 847.6624 283.8674
v -2592.3837 846.6882 280.3122
f 9787 9788 9789
v -2595.0692 846.2559 283.5951
v -2592.3837 846.6882 280.3122
v -2586.3396 847.6624 283.8674
f 9790 9791 9792
v -2586.3355 847.6608 273.4418
v -2592.3810 846.6871 273.4394
v -2586.3355 847.6608 273.3538
f 9793 9794 9795
v -2586.3355 847.6608 273.3538
v -2592.3810 846.6871 273.4394
v -2595.0651 846.2543 273.3504
f 9796 9797 9798
v -2595.0692 846.2559 283.5951
v -2595.0651 846.2543 273.3504
v -2592.3837 846.6882 280.3122
f 9799 9800 9801
v -2591.0039 849.4070 271.3967
v -2591.0047 849.4073 273.3517
v -2592.2787 857.3164 271.3951
f 9802 9803 9804
v -2595.0651 846.2543 273.3504
v -2596.7473 856.5797 273.3484
v -2591.0047 849.4073 273.3517
f 9805 9806 9807
v -2592.2795 857.3166 273.3501
v -2591.0047 849.4073 273.3517
v -2596.7473 856.5797 273.3484
f 9808 9809 9810
v -2591.0047 849.4073 273.3517
v -2586.7279 850.0969 273.3533
v -2586.3355 847.6608 273.3538
f 9811 9812 9813
v -2595.0651 846.2543 273.3504
v -2591.0047 849.4073 273.3517
v -2586.3355 847.6608 273.3538
f 9814 9815 9816
v -2591.0088 849.4090 283.7333
v -2586.3396 847.6624 283.8674
v -2586.7320 850.0985 283.8669
f 9817 9818 9819
v -2595.7676 850.5458 283.5942
v -2595.0692 846.2559 283.5951
v -2591.0088 849.4090 283.7333
f 9820 9821 9822
v -2586.3396 847.6624 283.8674
v -2591.0088 849.4090 283.7333
v -2595.0692 846.2559 283.5951
f 9823 9824 9825
v -2595.7676 850.5458 283.5942
v -2591.0088 849.4090 283.7333
v -2592.2835 857.3183 283.7317
f 9826 9827 9828
v -2592.2835 857.3183 283.7317
v -2596.7514 856.5813 283.5930
v -2595.7676 850.5458 283.5942
f 9829 9830 9831
v -2586.7279 850.0969 273.3533
v -2586.7280 850.0969 273.4413
v -2586.3355 847.6608 273.4418
f 9832 9833 9834
v -2591.7674 845.8024 273.4397
v -2591.7702 845.8036 280.3125
v -2592.2293 845.7317 280.3124
f 9835 9836 9837
v -2591.5472 845.1189 273.4399
v -2591.5499 845.1199 280.3127
v -2591.7702 845.8036 280.3125
f 9838 9839 9840
v -2590.6360 844.8644 273.4403
v -2590.6387 844.8655 280.3131
v -2591.5499 845.1199 280.3127
f 9841 9842 9843
v -2586.0050 845.6100 273.4422
v -2586.0077 845.6111 280.3149
v -2590.6387 844.8655 280.3131
f 9844 9845 9846
v -2586.7307 850.0979 280.3140
v -2586.7320 850.0985 283.8669
v -2586.3396 847.6624 283.8674
f 9847 9848 9849
v -2591.7674 845.8024 273.4397
v -2592.2266 845.7307 273.4396
v -2592.3810 846.6871 273.4394
f 9850 9851 9852
v -2590.6360 844.8644 273.4403
v -2591.5472 845.1189 273.4399
v -2591.7674 845.8024 273.4397
f 9853 9854 9855
v -2591.7674 845.8024 273.4397
v -2592.3810 846.6871 273.4394
v -2586.3355 847.6608 273.4418
f 9856 9857 9858
v -2586.3355 847.6608 273.4418
v -2586.7280 850.0969 273.4413
v -2586.2197 850.1785 273.4415
f 9859 9860 9861
v -2586.0050 845.6100 273.4422
v -2590.6360 844.8644 273.4403
v -2586.3355 847.6608 273.4418
f 9862 9863 9864
v -2586.3355 847.6608 273.4418
v -2590.6360 844.8644 273.4403
v -2591.7674 845.8024 273.4397
f 9865 9866 9867
v -2586.2197 850.1785 273.4415
v -2586.0050 845.6100 273.4422
v -2586.3355 847.6608 273.4418
f 9868 9869 9870
v -2586.3382 847.6619 280.3145
v -2586.2224 850.1796 280.3142
v -2586.7307 850.0979 280.3140
f 9871 9872 9873
v -2586.2224 850.1796 280.3142
v -2586.3382 847.6619 280.3145
v -2586.0077 845.6111 280.3149
f 9874 9875 9876
v -2586.3382 847.6619 280.3145
v -2590.6387 844.8655 280.3131
v -2586.0077 845.6111 280.3149
f 9877 9878 9879
v -2591.7702 845.8036 280.3125
v -2592.3837 846.6882 280.3122
v -2592.2293 845.7317 280.3124
f 9880 9881 9882
v -2591.5499 845.1199 280.3127
v -2590.6387 844.8655 280.3131
v -2591.7702 845.8036 280.3125
f 9883 9884 9885
v -2591.7702 845.8036 280.3125
v -2590.6387 844.8655 280.3131
v -2586.3382 847.6619 280.3145
f 9886 9887 9888
v -2592.3837 846.6882 280.3122
v -2591.7702 845.8036 280.3125
v -2586.3382 847.6619 280.3145
f 9889 9890 9891
v -2586.2197 850.1785 273.4415
v -2586.2224 850.1796 280.3142
v -2586.0077 845.6111 280.3149
f 9892 9893 9894
v -2592.2266 845.7307 273.4396
v -2592.2293 845.7317 280.3124
v -2592.3837 846.6882 280.3122
f 9895 9896 9897
v -2581.8030 871.8952 272.3144
v -2585.5853 865.8334 272.3137
v -2593.5400 870.0037 272.3099
f 9898 9899 9900
v -2593.5400 870.0037 272.3099
v -2585.5853 865.8334 272.3137
v -2592.6842 864.6894 272.3109
f 9901 9902 9903
v -2585.5853 865.8334 272.3137
v -2580.7649 865.6225 272.3156
v -2585.4240 864.8340 272.3139
f 9904 9905 9906
v -2580.7649 865.6225 272.3156
v -2585.5853 865.8334 272.3137
v -2581.8030 871.8952 272.3144
f 9907 9908 9909
v -2595.0442 863.1981 280.0009
v -2593.2706 863.4482 280.0046
v -2593.3365 863.8604 279.9725
f 9910 9911 9912
v -2593.3365 863.8604 279.9725
v -2595.1053 863.5752 279.9718
v -2595.0442 863.1981 280.0009
f 9913 9914 9915
v -2585.5849 865.8333 271.3967
v -2592.5698 863.9820 271.3941
v -2592.6839 864.6893 271.3939
f 9916 9917 9918
v -2592.6300 863.5372 271.3941
v -2593.3331 863.8590 271.3938
v -2592.5698 863.9820 271.3941
f 9919 9920 9921
v -2593.3331 863.8590 271.3938
v -2592.6300 863.5372 271.3941
v -2593.2672 863.4470 271.3939
f 9922 9923 9924
v -2591.0039 849.4070 271.3967
v -2592.2787 857.3164 271.3951
v -2591.6354 857.4226 271.3953
f 9925 9926 9927
v -2585.4916 864.8220 271.3968
v -2591.6354 857.4226 271.3953
v -2592.6300 863.5372 271.3941
f 9928 9929 9930
v -2585.4916 864.8220 271.3968
v -2592.6300 863.5372 271.3941
v -2592.5698 863.9820 271.3941
f 9931 9932 9933
v -2585.4916 864.8220 271.3968
v -2585.5849 865.8333 271.3967
v -2585.4236 864.8339 271.3969
f 9934 9935 9936
v -2585.4916 864.8220 271.3968
v -2585.4341 850.4951 271.3988
v -2591.6354 857.4226 271.3953
f 9937 9938 9939
v -2585.4341 850.4951 271.3988
v -2585.4356 850.3051 271.3988
v -2591.0039 849.4070 271.3967
f 9940 9941 9942
v -2583.2101 850.8721 271.3996
v -2585.4341 850.4951 271.3988
v -2585.4916 864.8220 271.3968
f 9943 9944 9945
v -2591.0039 849.4070 271.3967
v -2591.6354 857.4226 271.3953
v -2585.4341 850.4951 271.3988
f 9946 9947 9948
v -2585.5849 865.8333 271.3967
v -2585.4916 864.8220 271.3968
v -2592.5698 863.9820 271.3941
f 9949 9950 9951
v -2585.5883 865.8347 279.9214
v -2585.5906 865.8356 285.9532
v -2585.4269 864.8353 279.9986
f 9952 9953 9954
v -2585.5849 865.8333 271.3967
v -2585.5853 865.8334 272.3137
v -2585.4236 864.8339 271.3969
f 9955 9956 9957
v -2592.6839 864.6893 271.3939
v -2592.6842 864.6894 272.3109
v -2585.5853 865.8334 272.3137
f 9958 9959 9960
v -2593.4529 864.5687 285.9501
v -2592.6877 864.6908 281.0546
v -2593.4511 864.5679 281.1573
f 9961 9962 9963
v -2585.5883 865.8347 279.9214
v -2592.6877 864.6908 281.0546
v -2585.5906 865.8356 285.9532
f 9964 9965 9966
v -2593.4529 864.5687 285.9501
v -2585.5906 865.8356 285.9532
v -2592.6877 864.6908 281.0546
f 9967 9968 9969
v -2592.6872 864.6907 279.9186
v -2592.6877 864.6908 281.0546
v -2585.5883 865.8347 279.9214
f 9970 9971 9972
v -2593.2706 863.4482 280.0046
v -2593.2730 863.4493 285.9504
v -2593.3369 863.8606 281.1575
f 9973 9974 9975
v -2593.4529 864.5687 285.9501
v -2593.3369 863.8606 281.1575
v -2593.2730 863.4493 285.9504
f 9976 9977 9978
v -2593.3365 863.8604 279.9725
v -2593.2706 863.4482 280.0046
v -2593.3369 863.8606 281.1575
f 9979 9980 9981
v -2593.4529 864.5687 285.9501
v -2593.4511 864.5679 281.1573
v -2593.3369 863.8606 281.1575
f 9982 9983 9984
v -2593.2672 863.4470 271.3939
v -2593.2676 863.4471 272.3109
v -2593.3335 863.8593 272.3108
f 9985 9986 9987
v -2591.6354 857.4226 271.3953
v -2591.6411 857.4249 285.9518
v -2592.6300 863.5372 271.3941
f 9988 9989 9990
v -2591.6411 857.4249 285.9518
v -2592.6357 863.5395 285.9506
v -2592.6300 863.5372 271.3941
f 9991 9992 9993
v -2599.1805 862.9168 271.3565
v -2600.7772 862.6591 271.3559
v -2600.1503 868.9373 271.3553
f 9994 9995 9996
v -2601.7580 868.6786 271.3547
v -2600.1503 868.9373 271.3553
v -2600.7772 862.6591 271.3559
f 9997 9998 9999
v -2599.1805 862.9168 271.3565
v -2593.5396 870.0035 271.3579
v -2592.5698 863.9820 271.3591
f 10000 10001 10002
v -2600.1503 868.9373 271.3553
v -2593.5396 870.0035 271.3579
v -2599.1805 862.9168 271.3565
f 10003 10004 10005
v -2593.3369 863.8606 281.1575
v -2595.1053 863.5752 279.9718
v -2593.3365 863.8604 279.9725
f 10006 10007 10008
v -2593.3331 863.8590 271.3938
v -2592.5698 863.9820 271.3591
v -2592.5698 863.9820 271.3941
f 10009 10010 10011
v -2599.1805 862.9168 271.3565
v -2592.5698 863.9820 271.3591
v -2593.3331 863.8590 271.3938
f 10012 10013 10014
v -2593.3331 863.8590 271.3938
v -2593.3335 863.8593 272.3108
v -2595.1022 863.5740 272.3101
f 10015 10016 10017
v -2600.7813 862.6607 281.7105
v -2595.1053 863.5752 279.9718
v -2599.1848 862.9184 281.9471
f 10018 10019 10020
v -2593.3369 863.8606 281.1575
v -2599.1848 862.9184 281.9471
v -2595.1053 863.5752 279.9718
f 10021 10022 10023
v -2595.1022 863.5740 272.3101
v -2595.1053 863.5752 279.9718
v -2600.7813 862.6607 281.7105
f 10024 10025 10026
v -2599.1805 862.9168 271.3565
v -2595.1022 863.5740 272.3101
v -2600.7772 862.6591 271.3559
f 10027 10028 10029
v -2600.7813 862.6607 281.7105
v -2600.7772 862.6591 271.3559
v -2595.1022 863.5740 272.3101
f 10030 10031 10032
v -2593.3331 863.8590 271.3938
v -2595.1022 863.5740 272.3101
v -2599.1805 862.9168 271.3565
f 10033 10034 10035
v -2592.6300 863.5372 271.3941
v -2592.6357 863.5395 285.9506
v -2593.2730 863.4493 285.9504
f 10036 10037 10038
v -2593.2730 863.4493 285.9504
v -2593.2706 863.4482 280.0046
v -2592.6300 863.5372 271.3941
f 10039 10040 10041
v -2593.2676 863.4471 272.3109
v -2593.2706 863.4482 280.0046
v -2595.0442 863.1981 280.0009
f 10042 10043 10044
v -2595.0442 863.1981 280.0009
v -2595.0412 863.1968 272.3102
v -2593.2676 863.4471 272.3109
f 10045 10046 10047
v -2592.6300 863.5372 271.3941
v -2593.2676 863.4471 272.3109
v -2593.2672 863.4470 271.3939
f 10048 10049 10050
v -2592.6300 863.5372 271.3941
v -2593.2706 863.4482 280.0046
v -2593.2676 863.4471 272.3109
f 10051 10052 10053
v -2601.7621 868.6803 281.7073
v -2593.5428 870.0048 279.5116
v -2601.7580 868.6786 271.3547
f 10054 10055 10056
v -2593.5428 870.0048 279.5116
v -2593.5400 870.0037 272.3099
v -2601.7580 868.6786 271.3547
f 10057 10058 10059
v -2593.5396 870.0035 271.3579
v -2600.1503 868.9373 271.3553
v -2593.5400 870.0037 272.3099
f 10060 10061 10062
v -2601.7580 868.6786 271.3547
v -2593.5400 870.0037 272.3099
v -2600.1503 868.9373 271.3553
f 10063 10064 10065
v -2600.1545 868.9390 281.9459
v -2593.5434 870.0051 281.0536
v -2601.7621 868.6803 281.7073
f 10066 10067 10068
v -2601.7621 868.6803 281.7073
v -2593.5434 870.0051 281.0536
v -2593.5428 870.0048 279.5116
f 10069 10070 10071
v -2581.8059 871.8964 279.5161
v -2581.8030 871.8952 272.3144
v -2593.5400 870.0037 272.3099
f 10072 10073 10074
v -2581.8059 871.8964 279.5161
v -2593.5400 870.0037 272.3099
v -2593.5428 870.0048 279.5116
f 10075 10076 10077
v -2596.7514 856.5813 283.5930
v -2592.2835 857.3183 283.7317
v -2596.7473 856.5797 273.3484
f 10078 10079 10080
v -2592.2835 857.3183 283.7317
v -2592.2844 857.3187 285.9516
v -2591.6411 857.4249 285.9518
f 10081 10082 10083
v -2591.6354 857.4226 271.3953
v -2592.2795 857.3166 273.3501
v -2592.2835 857.3183 283.7317
f 10084 10085 10086
v -2592.2835 857.3183 283.7317
v -2592.2795 857.3166 273.3501
v -2596.7473 856.5797 273.3484
f 10087 10088 10089
v -2591.6354 857.4226 271.3953
v -2592.2835 857.3183 283.7317
v -2591.6411 857.4249 285.9518
f 10090 10091 10092
v -2580.7680 865.6237 279.9973
v -2585.4269 864.8353 279.9986
v -2580.7649 865.6225 272.3156
f 10093 10094 10095
v -2585.4293 864.8362 285.9534
v -2585.4973 864.8243 285.9533
v -2585.4269 864.8353 279.9986
f 10096 10097 10098
v -2585.4236 864.8339 271.3969
v -2585.4240 864.8340 272.3139
v -2585.4916 864.8220 271.3968
f 10099 10100 10101
v -2585.4973 864.8243 285.9533
v -2585.4916 864.8220 271.3968
v -2585.4240 864.8340 272.3139
f 10102 10103 10104
v -2585.4269 864.8353 279.9986
v -2585.4973 864.8243 285.9533
v -2585.4240 864.8340 272.3139
f 10105 10106 10107
v -2580.7649 865.6225 272.3156
v -2585.4269 864.8353 279.9986
v -2585.4240 864.8340 272.3139
f 10108 10109 10110
v -2593.5434 870.0051 281.0536
v -2592.6877 864.6908 281.0546
v -2592.6872 864.6907 279.9186
f 10111 10112 10113
v -2595.0412 863.1968 272.3102
v -2595.1053 863.5752 279.9718
v -2595.1022 863.5740 272.3101
f 10114 10115 10116
v -2600.7772 862.6591 271.3559
v -2601.7621 868.6803 281.7073
v -2601.7580 868.6786 271.3547
f 10117 10118 10119
v -2591.0088 849.4090 283.7333
v -2592.2844 857.3187 285.9516
v -2592.2835 857.3183 283.7317
f 10120 10121 10122
v -2585.4341 850.4951 271.3988
v -2585.4414 850.3073 285.9553
v -2585.4356 850.3051 271.3988
f 10123 10124 10125
v -2583.2101 850.8721 271.3996
v -2585.4398 850.4974 285.9553
v -2585.4341 850.4951 271.3988
f 10126 10127 10128
v -2595.0692 846.2559 283.5951
v -2595.7676 850.5458 283.5942
v -2595.0651 846.2543 273.3504
f 10129 10130 10131
v -2595.0651 846.2543 273.3504
v -2595.7676 850.5458 283.5942
v -2596.7514 856.5813 283.5930
f 10132 10133 10134
v -2595.0651 846.2543 273.3504
v -2596.7514 856.5813 283.5930
v -2596.7473 856.5797 273.3484
f 10135 10136 10137
v -2595.0651 846.2543 273.3504
v -2592.3810 846.6871 273.4394
v -2592.3837 846.6882 280.3122
f 10138 10139 10140
v -2591.0047 849.4073 273.3517
v -2592.2795 857.3166 273.3501
v -2592.2787 857.3164 271.3951
f 10141 10142 10143
v -2586.7279 850.0969 273.3533
v -2586.3355 847.6608 273.4418
v -2586.3355 847.6608 273.3538
f 10144 10145 10146
v -2591.7674 845.8024 273.4397
v -2592.2293 845.7317 280.3124
v -2592.2266 845.7307 273.4396
f 10147 10148 10149
v -2591.5472 845.1189 273.4399
v -2591.7702 845.8036 280.3125
v -2591.7674 845.8024 273.4397
f 10150 10151 10152
v -2590.6360 844.8644 273.4403
v -2591.5499 845.1199 280.3127
v -2591.5472 845.1189 273.4399
f 10153 10154 10155
v -2586.0050 845.6100 273.4422
v -2590.6387 844.8655 280.3131
v -2590.6360 844.8644 273.4403
f 10156 10157 10158
v -2586.7307 850.0979 280.3140
v -2586.3396 847.6624 283.8674
v -2586.3382 847.6619 280.3145
f 10159 10160 10161
v -2586.2197 850.1785 273.4415
v -2586.0077 845.6111 280.3149
v -2586.0050 845.6100 273.4422
f 10162 10163 10164
v -2592.2266 845.7307 273.4396
v -2592.3837 846.6882 280.3122
v -2592.3810 846.6871 273.4394
f 10165 10166 10167
v -2585.5906 865.8356 285.9532
v -2585.4293 864.8362 285.9534
v -2585.4269 864.8353 279.9986
f 10168 10169 10170
v -2585.5853 865.8334 272.3137
v -2585.4240 864.8340 272.3139
v -2585.4236 864.8339 271.3969
f 10171 10172 10173
v -2592.6839 864.6893 271.3939
v -2585.5853 865.8334 272.3137
v -2585.5849 865.8333 271.3967
f 10174 10175 10176
v -2593.2672 863.4470 271.3939
v -2593.3335 863.8593 272.3108
v -2593.3331 863.8590 271.3938
f 10177 10178 10179
v -2592.2795 857.3166 273.3501
v -2591.6354 857.4226 271.3953
v -2592.2787 857.3164 271.3951
f 10180 10181 10182

g building_ID_5A0004FF-D9D1-4D85-BA3F-FAC10D69F308
v -2624.4460 868.8619 273.2773
v -2621.0206 875.3626 273.2778
v -2608.4670 868.9569 273.2839
f 10183 10184 10185
v -2624.5054 877.2819 273.2761
v -2621.0206 875.3626 273.2778
v -2624.6255 877.2612 273.2761
f 10186 10187 10188
v -2608.4670 868.9569 273.2839
v -2621.0206 875.3626 273.2778
v -2624.5054 877.2819 273.2761
f 10189 10190 10191
v -2609.2637 867.5401 273.2838
v -2624.4460 868.8619 273.2773
v -2608.4670 868.9569 273.2839
f 10192 10193 10194
v -2649.1719 864.6683 273.2677
v -2660.8076 858.7706 273.2636
v -2660.8430 858.9868 273.2636
f 10195 10196 10197
v -2660.8076 858.7706 273.2636
v -2649.1719 864.6683 273.2677
v -2624.4460 868.8619 273.2773
f 10198 10199 10200
v -2660.8430 858.9868 273.2636
v -2655.7305 868.1238 273.2645
v -2649.1719 864.6683 273.2677
f 10201 10202 10203
v -2609.2637 867.5401 273.2838
v -2660.8076 858.7706 273.2636
v -2624.4460 868.8619 273.2773
f 10204 10205 10206
v -2653.3588 872.3761 289.7293
v -2660.8497 858.9893 289.7280
v -2624.5120 877.2845 289.7405
f 10207 10208 10209
v -2660.8142 858.7733 289.7280
v -2609.2703 867.5428 289.7481
v -2660.8497 858.9893 289.7280
f 10210 10211 10212
v -2624.5120 877.2845 289.7405
v -2660.8497 858.9893 289.7280
v -2608.4735 868.9596 289.7482
f 10213 10214 10215
v -2609.2703 867.5428 289.7481
v -2608.4735 868.9596 289.7482
v -2660.8497 858.9893 289.7280
f 10216 10217 10218
v -2624.5054 877.2819 273.2761
v -2624.5120 877.2845 289.7405
v -2608.4735 868.9596 289.7482
f 10219 10220 10221
v -2624.6307 877.2633 286.4357
v -2653.3574 872.3755 286.4244
v -2653.3588 872.3761 289.7293
f 10222 10223 10224
v -2624.5054 877.2819 273.2761
v -2624.6307 877.2633 286.4357
v -2624.5120 877.2845 289.7405
f 10225 10226 10227
v -2624.6255 877.2612 273.2761
v -2624.6307 877.2633 286.4357
v -2624.5054 877.2819 273.2761
f 10228 10229 10230
v -2660.8076 858.7706 273.2636
v -2660.8142 858.7733 289.7280
v -2660.8497 858.9893 289.7280
f 10231 10232 10233
v -2609.2637 867.5401 273.2838
v -2609.2703 867.5428 289.7481
v -2660.8142 858.7733 289.7280
f 10234 10235 10236
v -2608.4670 868.9569 273.2839
v -2608.4735 868.9596 289.7482
v -2609.2703 867.5428 289.7481
f 10237 10238 10239
v -2635.1210 882.7912 272.2771
v -2621.0202 875.3624 272.2839
v -2624.4456 868.8617 272.2834
f 10240 10241 10242
v -2649.1715 864.6682 272.2738
v -2635.1210 882.7912 272.2771
v -2624.4456 868.8617 272.2834
f 10243 10244 10245
v -2644.7305 887.7789 272.2724
v -2635.1210 882.7912 272.2771
v -2655.7301 868.1237 272.2706
f 10246 10247 10248
v -2649.1715 864.6682 272.2738
v -2655.7301 868.1237 272.2706
v -2635.1210 882.7912 272.2771
f 10249 10250 10251
v -2644.7305 887.7789 272.2724
v -2644.7362 887.7812 286.4258
v -2635.1267 882.7935 286.4305
f 10252 10253 10254
v -2635.1267 882.7935 286.4305
v -2644.7362 887.7812 286.4258
v -2653.3574 872.3755 286.4244
f 10255 10256 10257
v -2653.3574 872.3755 286.4244
v -2624.6307 877.2633 286.4357
v -2635.1267 882.7935 286.4305
f 10258 10259 10260
v -2649.1715 864.6682 272.2738
v -2649.1719 864.6683 273.2677
v -2655.7305 868.1238 273.2645
f 10261 10262 10263
v -2624.4456 868.8617 272.2834
v -2624.4460 868.8619 273.2773
v -2649.1719 864.6683 273.2677
f 10264 10265 10266
v -2621.0202 875.3624 272.2839
v -2621.0206 875.3626 273.2778
v -2624.4460 868.8619 273.2773
f 10267 10268 10269
v -2624.6255 877.2612 273.2761
v -2635.1210 882.7912 272.2771
v -2635.1267 882.7935 286.4305
f 10270 10271 10272
v -2624.6307 877.2633 286.4357
v -2624.6255 877.2612 273.2761
v -2635.1267 882.7935 286.4305
f 10273 10274 10275
v -2621.0202 875.3624 272.2839
v -2624.6255 877.2612 273.2761
v -2621.0206 875.3626 273.2778
f 10276 10277 10278
v -2635.1210 882.7912 272.2771
v -2624.6255 877.2612 273.2761
v -2621.0202 875.3624 272.2839
f 10279 10280 10281
v -2653.3574 872.3755 286.4244
v -2655.7305 868.1238 273.2645
v -2660.8430 858.9868 273.2636
f 10282 10283 10284
v -2644.7305 887.7789 272.2724
v -2655.7301 868.1237 272.2706
v -2655.7305 868.1238 273.2645
f 10285 10286 10287
v -2653.3574 872.3755 286.4244
v -2660.8430 858.9868 273.2636
v -2660.8497 858.9893 289.7280
f 10288 10289 10290
v -2660.8497 858.9893 289.7280
v -2653.3588 872.3761 289.7293
v -2653.3574 872.3755 286.4244
f 10291 10292 10293
v -2653.3574 872.3755 286.4244
v -2644.7362 887.7812 286.4258
v -2644.7305 887.7789 272.2724
f 10294 10295 10296
v -2655.7305 868.1238 273.2645
v -2653.3574 872.3755 286.4244
v -2644.7305 887.7789 272.2724
f 10297 10298 10299
v -2624.5054 877.2819 273.2761
v -2608.4735 868.9596 289.7482
v -2608.4670 868.9569 273.2839
f 10300 10301 10302
v -2624.6307 877.2633 286.4357
v -2653.3588 872.3761 289.7293
v -2624.5120 877.2845 289.7405
f 10303 10304 10305
v -2660.8076 858.7706 273.2636
v -2660.8497 858.9893 289.7280
v -2660.8430 858.9868 273.2636
f 10306 10307 10308
v -2609.2637 867.5401 273.2838
v -2660.8142 858.7733 289.7280
v -2660.8076 858.7706 273.2636
f 10309 10310 10311
v -2608.4670 868.9569 273.2839
v -2609.2703 867.5428 289.7481
v -2609.2637 867.5401 273.2838
f 10312 10313 10314
v -2644.7305 887.7789 272.2724
v -2635.1267 882.7935 286.4305
v -2635.1210 882.7912 272.2771
f 10315 10316 10317
v -2649.1715 864.6682 272.2738
v -2655.7305 868.1238 273.2645
v -2655.7301 868.1237 272.2706
f 10318 10319 10320
v -2624.4456 868.8617 272.2834
v -2649.1719 864.6683 273.2677
v -2649.1715 864.6682 272.2738
f 10321 10322 10323
v -2621.0202 875.3624 272.2839
v -2624.4460 868.8619 273.2773
v -2624.4456 868.8617 272.2834
f 10324 10325 10326

g building_ID_11B8B94A-7E82-492E-BB51-D6B4D84AF065
v -2626.6814 894.7184 272.9969
v -2639.9947 893.7682 272.9916
v -2636.7590 900.0074 272.9920
f 10327 10328 10329
v -2639.9947 893.7682 272.9916
v -2640.2655 893.8579 272.9914
v -2640.2444 893.8978 272.9914
f 10330 10331 10332
v -2640.2655 893.8579 272.9914
v -2639.9947 893.7682 272.9916
v -2642.5142 891.7400 272.9908
f 10333 10334 10335
v -2633.5252 881.7270 272.9959
v -2642.5142 891.7400 272.9908
v -2639.9947 893.7682 272.9916
f 10336 10337 10338
v -2641.0863 894.2912 272.9910
v -2640.2655 893.8579 272.9914
v -2642.5142 891.7400 272.9908
f 10339 10340 10341
v -2633.5252 881.7270 272.9959
v -2639.9947 893.7682 272.9916
v -2626.6814 894.7184 272.9969
f 10342 10343 10344
v -2642.7378 891.8686 272.9907
v -2642.5142 891.7400 272.9908
v -2633.5252 881.7270 272.9959
f 10345 10346 10347
v -2644.6987 887.8369 272.9903
v -2642.7378 891.8686 272.9907
v -2633.5252 881.7270 272.9959
f 10348 10349 10350
v -2644.6987 887.8369 272.9903
v -2633.5252 881.7270 272.9959
v -2644.7941 887.6651 272.9903
f 10351 10352 10353
v -2642.7378 891.8686 272.9907
v -2644.6987 887.8369 272.9903
v -2644.9193 887.9535 272.9902
f 10354 10355 10356
v -2640.0004 893.7705 286.9440
v -2642.5198 891.7423 286.9842
v -2644.7043 887.8393 287.0438
f 10357 10358 10359
v -2644.7998 887.6675 287.0468
v -2640.0004 893.7705 286.9440
v -2644.7043 887.8393 287.0438
f 10360 10361 10362
v -2642.5198 891.7423 286.9842
v -2640.2711 893.8602 286.9458
v -2641.9008 892.8486 286.9673
f 10363 10364 10365
v -2644.9250 887.9558 287.0437
v -2644.7043 887.8393 287.0438
v -2642.5198 891.7423 286.9842
f 10366 10367 10368
v -2640.0004 893.7705 286.9440
v -2644.7998 887.6675 287.0468
v -2633.5309 881.7293 287.0523
f 10369 10370 10371
v -2644.9250 887.9558 287.0437
v -2642.5198 891.7423 286.9842
v -2642.7435 891.8709 286.9841
f 10372 10373 10374
v -2633.5309 881.7293 287.0523
v -2636.7646 900.0097 286.8494
v -2640.0004 893.7705 286.9440
f 10375 10376 10377
v -2633.5309 881.7293 287.0523
v -2626.6869 894.7207 286.8543
v -2636.7646 900.0097 286.8494
f 10378 10379 10380
v -2640.2711 893.8602 286.9458
v -2641.0920 894.2934 286.9454
v -2641.9008 892.8486 286.9673
f 10381 10382 10383
v -2640.2500 893.9001 286.9448
v -2640.2711 893.8602 286.9458
v -2640.0004 893.7705 286.9440
f 10384 10385 10386
v -2642.5198 891.7423 286.9842
v -2640.0004 893.7705 286.9440
v -2640.2711 893.8602 286.9458
f 10387 10388 10389
v -2636.7590 900.0074 272.9920
v -2636.7646 900.0097 286.8494
v -2626.6814 894.7184 272.9969
f 10390 10391 10392
v -2640.0004 893.7705 286.9440
v -2636.7590 900.0074 272.9920
v -2639.9947 893.7682 272.9916
f 10393 10394 10395
v -2636.7646 900.0097 286.8494
v -2636.7590 900.0074 272.9920
v -2640.0004 893.7705 286.9440
f 10396 10397 10398
v -2640.2444 893.8978 272.9914
v -2640.2500 893.9001 286.9448
v -2640.0004 893.7705 286.9440
f 10399 10400 10401
v -2640.2444 893.8978 272.9914
v -2640.0004 893.7705 286.9440
v -2639.9947 893.7682 272.9916
f 10402 10403 10404
v -2640.2655 893.8579 272.9914
v -2640.2711 893.8602 286.9458
v -2640.2444 893.8978 272.9914
f 10405 10406 10407
v -2640.2500 893.9001 286.9448
v -2640.2444 893.8978 272.9914
v -2640.2711 893.8602 286.9458
f 10408 10409 10410
v -2641.0863 894.2912 272.9910
v -2641.0920 894.2934 286.9454
v -2640.2655 893.8579 272.9914
f 10411 10412 10413
v -2640.2711 893.8602 286.9458
v -2640.2655 893.8579 272.9914
v -2641.0920 894.2934 286.9454
f 10414 10415 10416
v -2641.9008 892.8486 286.9673
v -2642.5142 891.7400 272.9908
v -2642.5198 891.7423 286.9842
f 10417 10418 10419
v -2641.0920 894.2934 286.9454
v -2642.5142 891.7400 272.9908
v -2641.9008 892.8486 286.9673
f 10420 10421 10422
v -2641.0920 894.2934 286.9454
v -2641.0863 894.2912 272.9910
v -2642.5142 891.7400 272.9908
f 10423 10424 10425
v -2642.5142 891.7400 272.9908
v -2642.7378 891.8686 272.9907
v -2642.5198 891.7423 286.9842
f 10426 10427 10428
v -2644.9193 887.9535 272.9902
v -2644.9250 887.9558 287.0437
v -2642.7435 891.8709 286.9841
f 10429 10430 10431
v -2644.6987 887.8369 272.9903
v -2644.9250 887.9558 287.0437
v -2644.9193 887.9535 272.9902
f 10432 10433 10434
v -2633.5252 881.7270 272.9959
v -2633.5309 881.7293 287.0523
v -2644.7998 887.6675 287.0468
f 10435 10436 10437
v -2633.5309 881.7293 287.0523
v -2626.6814 894.7184 272.9969
v -2626.6869 894.7207 286.8543
f 10438 10439 10440
v -2633.5309 881.7293 287.0523
v -2633.5252 881.7270 272.9959
v -2626.6814 894.7184 272.9969
f 10441 10442 10443
v -2644.7998 887.6675 287.0468
v -2644.7043 887.8393 287.0438
v -2644.7941 887.6651 272.9903
f 10444 10445 10446
v -2644.7043 887.8393 287.0438
v -2644.6987 887.8369 272.9903
v -2644.7941 887.6651 272.9903
f 10447 10448 10449
v -2636.7646 900.0097 286.8494
v -2626.6869 894.7207 286.8543
v -2626.6814 894.7184 272.9969
f 10450 10451 10452
v -2642.5198 891.7423 286.9842
v -2642.7378 891.8686 272.9907
v -2642.7435 891.8709 286.9841
f 10453 10454 10455
v -2644.9193 887.9535 272.9902
v -2642.7435 891.8709 286.9841
v -2642.7378 891.8686 272.9907
f 10456 10457 10458
v -2644.9250 887.9558 287.0437
v -2644.6987 887.8369 272.9903
v -2644.7043 887.8393 287.0438
f 10459 10460 10461
v -2633.5252 881.7270 272.9959
v -2644.7998 887.6675 287.0468
v -2644.7941 887.6651 272.9903
f 10462 10463 10464

g building_ID_0C2F17BD-75DF-4672-B763-F1B4F5A194A0
v -2608.2372 868.8373 273.0870
v -2633.5253 881.7271 273.0749
v -2620.6830 883.7465 273.0799
f 10465 10466 10467
v -2603.4776 874.6814 273.0882
v -2606.9180 868.1518 273.0877
v -2608.2372 868.8373 273.0870
f 10468 10469 10470
v -2603.4776 874.6814 273.0882
v -2608.2372 868.8373 273.0870
v -2620.6830 883.7465 273.0799
f 10471 10472 10473
v -2633.5253 881.7271 273.0749
v -2608.2372 868.8373 273.0870
v -2608.4031 868.4928 273.0870
f 10474 10475 10476
v -2620.6830 883.7465 273.0799
v -2633.5253 881.7271 273.0749
v -2629.8082 888.4609 273.0755
f 10477 10478 10479
v -2629.9028 888.6042 273.0754
v -2629.8082 888.4609 273.0755
v -2633.5253 881.7271 273.0749
f 10480 10481 10482
v -2629.9028 888.6042 273.0754
v -2629.7700 888.5339 273.0755
v -2629.8082 888.4609 273.0755
f 10483 10484 10485
v -2633.5310 881.7294 287.5503
v -2629.8142 888.4634 288.1409
v -2629.9089 888.6066 288.1468
f 10486 10487 10488
v -2633.5310 881.7294 287.5503
v -2620.6890 883.7490 288.1513
v -2629.8142 888.4634 288.1409
f 10489 10490 10491
v -2629.9089 888.6066 288.1468
v -2629.8142 888.4634 288.1409
v -2629.7760 888.5363 288.1469
f 10492 10493 10494
v -2633.5310 881.7294 287.5503
v -2608.4089 868.4951 287.5624
v -2608.2429 868.8397 287.5914
f 10495 10496 10497
v -2633.5310 881.7294 287.5503
v -2608.2429 868.8397 287.5914
v -2620.6890 883.7490 288.1513
f 10498 10499 10500
v -2603.4835 874.6839 288.1596
v -2620.6890 883.7490 288.1513
v -2608.2429 868.8397 287.5914
f 10501 10502 10503
v -2608.2429 868.8397 287.5914
v -2606.9238 868.1541 287.5931
v -2603.4835 874.6839 288.1596
f 10504 10505 10506
v -2620.6890 883.7490 288.1513
v -2629.8082 888.4609 273.0755
v -2629.8142 888.4634 288.1409
f 10507 10508 10509
v -2629.8082 888.4609 273.0755
v -2620.6890 883.7490 288.1513
v -2620.6830 883.7465 273.0799
f 10510 10511 10512
v -2629.8082 888.4609 273.0755
v -2629.7700 888.5339 273.0755
v -2629.8142 888.4634 288.1409
f 10513 10514 10515
v -2629.9028 888.6042 273.0754
v -2629.9089 888.6066 288.1468
v -2629.7700 888.5339 273.0755
f 10516 10517 10518
v -2629.7760 888.5363 288.1469
v -2629.7700 888.5339 273.0755
v -2629.9089 888.6066 288.1468
f 10519 10520 10521
v -2633.5253 881.7271 273.0749
v -2633.5310 881.7294 287.5503
v -2629.9028 888.6042 273.0754
f 10522 10523 10524
v -2633.5310 881.7294 287.5503
v -2608.4031 868.4928 273.0870
v -2608.4089 868.4951 287.5624
f 10525 10526 10527
v -2633.5310 881.7294 287.5503
v -2633.5253 881.7271 273.0749
v -2608.4031 868.4928 273.0870
f 10528 10529 10530
v -2608.4089 868.4951 287.5624
v -2608.2372 868.8373 273.0870
v -2608.2429 868.8397 287.5914
f 10531 10532 10533
v -2608.4031 868.4928 273.0870
v -2608.2372 868.8373 273.0870
v -2608.4089 868.4951 287.5624
f 10534 10535 10536
v -2606.9180 868.1518 273.0877
v -2606.9238 868.1541 287.5931
v -2608.2429 868.8397 287.5914
f 10537 10538 10539
v -2606.9180 868.1518 273.0877
v -2608.2429 868.8397 287.5914
v -2608.2372 868.8373 273.0870
f 10540 10541 10542
v -2603.4776 874.6814 273.0882
v -2603.4835 874.6839 288.1596
v -2606.9238 868.1541 287.5931
f 10543 10544 10545
v -2620.6830 883.7465 273.0799
v -2620.6890 883.7490 288.1513
v -2603.4776 874.6814 273.0882
f 10546 10547 10548
v -2603.4835 874.6839 288.1596
v -2603.4776 874.6814 273.0882
v -2620.6890 883.7490 288.1513
f 10549 10550 10551
v -2629.7700 888.5339 273.0755
v -2629.7760 888.5363 288.1469
v -2629.8142 888.4634 288.1409
f 10552 10553 10554
v -2633.5310 881.7294 287.5503
v -2629.9089 888.6066 288.1468
v -2629.9028 888.6042 273.0754
f 10555 10556 10557
v -2603.4776 874.6814 273.0882
v -2606.9238 868.1541 287.5931
v -2606.9180 868.1518 273.0877
f 10558 10559 10560

g building_ID_886CC971-44DC-4669-8C62-1674B6BEB0DA
v -2614.3592 903.0242 272.8348
v -2610.6654 910.0662 272.8353
v -2590.9463 890.8345 272.8460
f 10561 10562 10563
v -2587.2243 897.9004 272.8466
v -2590.9463 890.8345 272.8460
v -2610.6654 910.0662 272.8353
f 10564 10565 10566
v -2614.3208 903.0034 286.7583
v -2610.6709 910.0686 286.7588
v -2614.3648 903.0266 286.7583
f 10567 10568 10569
v -2610.6709 910.0686 286.7588
v -2590.9517 890.8368 286.7695
v -2587.2298 897.9027 286.7701
f 10570 10571 10572
v -2614.3208 903.0034 286.7583
v -2590.9517 890.8368 286.7695
v -2610.6709 910.0686 286.7588
f 10573 10574 10575
v -2587.2243 897.9004 272.8466
v -2587.2298 897.9027 286.7701
v -2590.9517 890.8368 286.7695
f 10576 10577 10578
v -2610.6654 910.0662 272.8353
v -2610.6709 910.0686 286.7588
v -2587.2243 897.9004 272.8466
f 10579 10580 10581
v -2613.3530 912.0724 272.8639
v -2613.3580 912.0745 285.5654
v -2613.6445 911.5233 285.5654
f 10582 10583 10584
v -2616.6512 913.8102 272.8623
v -2616.6563 913.8124 285.5638
v -2613.3580 912.0745 285.5654
f 10585 10586 10587
v -2617.2492 904.5110 272.8634
v -2617.2542 904.5131 285.5649
v -2620.5825 906.2630 285.5633
f 10588 10589 10590
v -2613.6395 911.5212 272.8639
v -2613.6445 911.5233 285.5654
v -2610.7076 909.9975 285.5668
f 10591 10592 10593
v -2590.9463 890.8345 272.8460
v -2590.9517 890.8368 286.7695
v -2614.3208 903.0034 286.7583
f 10594 10595 10596
v -2590.9463 890.8345 272.8460
v -2614.3592 903.0243 272.8648
v -2614.3592 903.0242 272.8348
f 10597 10598 10599
v -2617.2492 904.5110 272.8634
v -2613.6395 911.5212 272.8639
v -2610.7026 909.9953 272.8653
f 10600 10601 10602
v -2613.6395 911.5212 272.8639
v -2616.6512 913.8102 272.8623
v -2613.3530 912.0724 272.8639
f 10603 10604 10605
v -2616.6512 913.8102 272.8623
v -2613.6395 911.5212 272.8639
v -2618.5812 910.0925 272.8621
f 10606 10607 10608
v -2613.6395 911.5212 272.8639
v -2617.2492 904.5110 272.8634
v -2618.5812 910.0925 272.8621
f 10609 10610 10611
v -2617.2492 904.5110 272.8634
v -2620.5774 906.2609 272.8618
v -2618.5812 910.0925 272.8621
f 10612 10613 10614
v -2614.3592 903.0243 272.8648
v -2617.2492 904.5110 272.8634
v -2610.7026 909.9953 272.8653
f 10615 10616 10617
v -2618.5862 910.0946 285.5636
v -2613.6445 911.5233 285.5654
v -2616.6563 913.8124 285.5638
f 10618 10619 10620
v -2616.6563 913.8124 285.5638
v -2613.6445 911.5233 285.5654
v -2613.3580 912.0745 285.5654
f 10621 10622 10623
v -2617.2542 904.5131 285.5649
v -2618.5862 910.0946 285.5636
v -2620.5825 906.2630 285.5633
f 10624 10625 10626
v -2610.7076 909.9975 285.5668
v -2617.2542 904.5131 285.5649
v -2614.3643 903.0264 285.5663
f 10627 10628 10629
v -2617.2542 904.5131 285.5649
v -2610.7076 909.9975 285.5668
v -2613.6445 911.5233 285.5654
f 10630 10631 10632
v -2618.5862 910.0946 285.5636
v -2617.2542 904.5131 285.5649
v -2613.6445 911.5233 285.5654
f 10633 10634 10635
v -2614.3648 903.0266 286.7583
v -2614.3643 903.0264 285.5663
v -2614.3208 903.0034 286.7583
f 10636 10637 10638
v -2614.3643 903.0264 285.5663
v -2614.3592 903.0243 272.8648
v -2614.3208 903.0034 286.7583
f 10639 10640 10641
v -2614.3643 903.0264 285.5663
v -2617.2542 904.5131 285.5649
v -2614.3592 903.0243 272.8648
f 10642 10643 10644
v -2617.2542 904.5131 285.5649
v -2617.2492 904.5110 272.8634
v -2614.3592 903.0243 272.8648
f 10645 10646 10647
v -2618.5812 910.0925 272.8621
v -2620.5774 906.2609 272.8618
v -2620.5825 906.2630 285.5633
f 10648 10649 10650
v -2618.5862 910.0946 285.5636
v -2616.6563 913.8124 285.5638
v -2616.6512 913.8102 272.8623
f 10651 10652 10653
v -2610.7026 909.9953 272.8653
v -2610.6654 910.0662 272.8353
v -2614.3592 903.0242 272.8348
f 10654 10655 10656
v -2610.7076 909.9975 285.5668
v -2614.3643 903.0264 285.5663
v -2614.3648 903.0266 286.7583
f 10657 10658 10659
v -2614.3648 903.0266 286.7583
v -2610.6709 910.0686 286.7588
v -2610.7076 909.9975 285.5668
f 10660 10661 10662
v -2610.7076 909.9975 285.5668
v -2610.6709 910.0686 286.7588
v -2610.6654 910.0662 272.8353
f 10663 10664 10665
v -2587.2243 897.9004 272.8466
v -2590.9517 890.8368 286.7695
v -2590.9463 890.8345 272.8460
f 10666 10667 10668
v -2610.6709 910.0686 286.7588
v -2587.2298 897.9027 286.7701
v -2587.2243 897.9004 272.8466
f 10669 10670 10671
v -2613.3530 912.0724 272.8639
v -2613.6445 911.5233 285.5654
v -2613.6395 911.5212 272.8639
f 10672 10673 10674
v -2616.6512 913.8102 272.8623
v -2613.3580 912.0745 285.5654
v -2613.3530 912.0724 272.8639
f 10675 10676 10677
v -2617.2492 904.5110 272.8634
v -2620.5825 906.2630 285.5633
v -2620.5774 906.2609 272.8618
f 10678 10679 10680
v -2613.6395 911.5212 272.8639
v -2610.7076 909.9975 285.5668
v -2610.7026 909.9953 272.8653
f 10681 10682 10683
v -2590.9463 890.8345 272.8460
v -2614.3208 903.0034 286.7583
v -2614.3592 903.0243 272.8648
f 10684 10685 10686
v -2618.5812 910.0925 272.8621
v -2620.5825 906.2630 285.5633
v -2618.5862 910.0946 285.5636
f 10687 10688 10689
v -2618.5862 910.0946 285.5636
v -2616.6512 913.8102 272.8623
v -2618.5812 910.0925 272.8621
f 10690 10691 10692
v -2610.7026 909.9953 272.8653
v -2614.3592 903.0242 272.8348
v -2614.3592 903.0243 272.8648
f 10693 10694 10695
v -2610.7076 909.9975 285.5668
v -2610.6654 910.0662 272.8353
v -2610.7026 909.9953 272.8653
f 10696 10697 10698

g building_ID_C57392F0-7AEA-40DF-A70A-C215EA275A6F
v -2626.6814 894.7184 272.9619
v -2621.6883 904.1049 272.9626
v -2613.0494 899.6108 272.9668
f 10699 10700 10701
v -2626.6814 894.7184 272.9619
v -2619.6155 908.1113 272.9629
v -2620.6378 906.1291 272.9628
f 10702 10703 10704
v -2621.6883 904.1049 272.9626
v -2626.6814 894.7184 272.9619
v -2620.6378 906.1291 272.9628
f 10705 10706 10707
v -2629.9028 888.6042 272.9614
v -2626.6814 894.7184 272.9619
v -2629.0593 889.9029 272.9616
f 10708 10709 10710
v -2620.4315 885.4168 272.9658
v -2629.0593 889.9029 272.9616
v -2626.6814 894.7184 272.9619
f 10711 10712 10713
v -2629.7700 888.5338 272.9615
v -2629.9028 888.6042 272.9614
v -2629.0593 889.9029 272.9616
f 10714 10715 10716
v -2613.0494 899.6108 272.9668
v -2620.4315 885.4168 272.9658
v -2626.6814 894.7184 272.9619
f 10717 10718 10719
v -2620.6445 906.1280 284.5193
v -2626.6860 894.7204 284.5184
v -2621.6929 904.1068 284.5191
f 10720 10721 10722
v -2626.6860 894.7204 284.5184
v -2613.0540 899.6127 284.5234
v -2621.6929 904.1068 284.5191
f 10723 10724 10725
v -2626.6860 894.7204 284.5184
v -2620.6445 906.1280 284.5193
v -2619.6201 908.1133 284.5195
f 10726 10727 10728
v -2629.0639 889.9048 284.5181
v -2626.6860 894.7204 284.5184
v -2629.9074 888.6061 284.5179
f 10729 10730 10731
v -2626.6860 894.7204 284.5184
v -2629.0639 889.9048 284.5181
v -2620.4361 885.4187 284.5223
f 10732 10733 10734
v -2629.9074 888.6061 284.5179
v -2629.7746 888.5357 284.5180
v -2629.0639 889.9048 284.5181
f 10735 10736 10737
v -2613.0540 899.6127 284.5234
v -2626.6860 894.7204 284.5184
v -2620.4361 885.4187 284.5223
f 10738 10739 10740
v -2621.6883 904.1049 272.9626
v -2621.6929 904.1068 284.5191
v -2613.0540 899.6127 284.5234
f 10741 10742 10743
v -2629.7700 888.5338 272.9615
v -2629.7746 888.5357 284.5180
v -2629.9074 888.6061 284.5179
f 10744 10745 10746
v -2629.0593 889.9029 272.9616
v -2629.0639 889.9048 284.5181
v -2629.7746 888.5357 284.5180
f 10747 10748 10749
v -2620.4315 885.4168 272.9658
v -2620.4361 885.4187 284.5223
v -2629.0639 889.9048 284.5181
f 10750 10751 10752
v -2613.0494 899.6108 272.9668
v -2613.0540 899.6127 284.5234
v -2620.4361 885.4187 284.5223
f 10753 10754 10755
v -2619.6201 908.1133 284.5195
v -2620.6445 906.1280 284.5193
v -2620.6378 906.1291 272.9628
f 10756 10757 10758
v -2620.6445 906.1280 284.5193
v -2621.6929 904.1068 284.5191
v -2621.6883 904.1049 272.9626
f 10759 10760 10761
v -2629.9074 888.6061 284.5179
v -2626.6860 894.7204 284.5184
v -2626.6814 894.7184 272.9619
f 10762 10763 10764
v -2619.6155 908.1113 272.9629
v -2626.6814 894.7184 272.9619
v -2626.6860 894.7204 284.5184
f 10765 10766 10767
v -2621.6883 904.1049 272.9626
v -2613.0540 899.6127 284.5234
v -2613.0494 899.6108 272.9668
f 10768 10769 10770
v -2629.7700 888.5338 272.9615
v -2629.9074 888.6061 284.5179
v -2629.9028 888.6042 272.9614
f 10771 10772 10773
v -2629.0593 889.9029 272.9616
v -2629.7746 888.5357 284.5180
v -2629.7700 888.5338 272.9615
f 10774 10775 10776
v -2620.4315 885.4168 272.9658
v -2629.0639 889.9048 284.5181
v -2629.0593 889.9029 272.9616
f 10777 10778 10779
v -2613.0494 899.6108 272.9668
v -2620.4361 885.4187 284.5223
v -2620.4315 885.4168 272.9658
f 10780 10781 10782
v -2619.6201 908.1133 284.5195
v -2620.6378 906.1291 272.9628
v -2619.6155 908.1113 272.9629
f 10783 10784 10785
v -2620.6445 906.1280 284.5193
v -2621.6883 904.1049 272.9626
v -2620.6378 906.1291 272.9628
f 10786 10787 10788
v -2629.9074 888.6061 284.5179
v -2626.6814 894.7184 272.9619
v -2629.9028 888.6042 272.9614
f 10789 10790 10791
v -2619.6155 908.1113 272.9629
v -2626.6860 894.7204 284.5184
v -2619.6201 908.1133 284.5195
f 10792 10793 10794

g building_ID_B2C634F2-7C4F-4925-9DBB-ADC23D7558B2
v -2645.9034 904.9738 272.4815
v -2655.0736 909.6924 272.4771
v -2642.7303 910.9962 272.4880
f 10795 10796 10797
v -2645.1271 917.3676 272.4831
v -2642.7303 910.9962 272.4880
v -2655.0736 909.6924 272.4771
f 10798 10799 10800
v -2642.7303 910.9962 272.4880
v -2645.1271 917.3676 272.4831
v -2640.6105 915.0195 272.4823
f 10801 10802 10803
v -2655.0736 909.6924 272.4771
v -2649.7606 919.7750 272.4778
v -2645.1271 917.3676 272.4831
f 10804 10805 10806
v -2649.8897 919.8421 283.0144
v -2655.7666 909.8040 283.0134
v -2655.1458 909.7324 283.0136
f 10807 10808 10809
v -2655.2463 909.5366 283.0136
v -2655.1458 909.7324 283.0136
v -2655.7666 909.8040 283.0134
f 10810 10811 10812
v -2649.5721 920.4542 283.0144
v -2650.0294 920.6945 283.0142
v -2649.8897 919.8421 283.0144
f 10813 10814 10815
v -2655.7666 909.8040 283.0134
v -2649.8897 919.8421 283.0144
v -2650.0294 920.6945 283.0142
f 10816 10817 10818
v -2649.8897 919.8421 283.0144
v -2655.1458 909.7324 283.0136
v -2647.2370 913.3720 283.0164
f 10819 10820 10821
v -2655.1458 909.7324 283.0136
v -2645.9076 904.9756 283.0181
v -2647.2370 913.3720 283.0164
f 10822 10823 10824
v -2647.2370 913.3720 283.0164
v -2645.1314 917.3693 283.0167
v -2649.8897 919.8421 283.0144
f 10825 10826 10827
v -2645.9076 904.9756 283.0181
v -2642.7345 910.9979 283.0186
v -2647.2370 913.3720 283.0164
f 10828 10829 10830
v -2650.0292 920.6944 282.6162
v -2650.0294 920.6945 283.0142
v -2649.5719 920.4542 282.6164
f 10831 10832 10833
v -2655.6628 909.9919 272.4768
v -2655.7623 909.8022 272.4768
v -2655.6669 909.9936 282.6154
f 10834 10835 10836
v -2655.7666 909.8040 283.0134
v -2655.6669 909.9936 282.6154
v -2655.7623 909.8022 272.4768
f 10837 10838 10839
v -2650.0292 920.6944 282.6162
v -2655.6669 909.9936 282.6154
v -2650.0294 920.6945 283.0142
f 10840 10841 10842
v -2655.7666 909.8040 283.0134
v -2650.0294 920.6945 283.0142
v -2655.6669 909.9936 282.6154
f 10843 10844 10845
v -2655.2420 909.5349 272.4770
v -2655.2463 909.5366 283.0136
v -2655.7666 909.8040 283.0134
f 10846 10847 10848
v -2655.1456 909.7323 282.6156
v -2655.1458 909.7324 283.0136
v -2655.1506 909.7223 282.6156
f 10849 10850 10851
v -2655.2463 909.5366 283.0136
v -2655.1506 909.7223 282.6156
v -2655.1458 909.7324 283.0136
f 10852 10853 10854
v -2655.1465 909.7206 272.4770
v -2655.1506 909.7223 282.6156
v -2655.2420 909.5349 272.4770
f 10855 10856 10857
v -2655.2463 909.5366 283.0136
v -2655.2420 909.5349 272.4770
v -2655.1506 909.7223 282.6156
f 10858 10859 10860
v -2643.2417 903.3607 272.4829
v -2643.2460 903.3625 283.0195
v -2644.9347 904.2380 283.0186
f 10861 10862 10863
v -2643.2076 903.4257 272.4829
v -2643.2118 903.4274 283.0195
v -2643.2460 903.3625 283.0195
f 10864 10865 10866
v -2649.8854 919.8403 272.3518
v -2655.0746 909.6893 272.3511
v -2655.1465 909.7206 272.3510
f 10867 10868 10869
v -2662.3362 913.5028 272.3475
v -2649.8854 919.8403 272.3518
v -2655.1465 909.7206 272.3510
f 10870 10871 10872
v -2649.8854 919.8403 272.3518
v -2653.2896 930.9053 272.3487
v -2646.0828 927.1730 272.3523
f 10873 10874 10875
v -2655.0746 909.6893 272.3511
v -2649.8854 919.8403 272.3518
v -2649.7605 919.7750 272.3518
f 10876 10877 10878
v -2662.3362 913.5028 272.3475
v -2653.2896 930.9053 272.3487
v -2649.8854 919.8403 272.3518
f 10879 10880 10881
v -2653.2896 930.9053 272.3487
v -2653.2938 930.9070 282.6133
v -2646.0869 927.1747 282.6169
f 10882 10883 10884
v -2662.3362 913.5028 272.3475
v -2662.3404 913.5046 282.6121
v -2653.2938 930.9070 282.6133
f 10885 10886 10887
v -2655.0736 909.6924 272.4771
v -2655.0757 909.6960 282.6157
v -2655.1506 909.7223 282.6156
f 10888 10889 10890
v -2655.0746 909.6893 272.3511
v -2655.0736 909.6924 272.4771
v -2655.1465 909.7206 272.4770
f 10891 10892 10893
v -2655.6628 909.9919 272.4768
v -2655.2420 909.5349 272.4770
v -2655.7623 909.8022 272.4768
f 10894 10895 10896
v -2655.2420 909.5349 272.4770
v -2655.6628 909.9919 272.4768
v -2655.1465 909.7206 272.4770
f 10897 10898 10899
v -2650.0292 920.6944 282.6162
v -2649.5719 920.4542 282.6164
v -2646.0869 927.1747 282.6169
f 10900 10901 10902
v -2653.2938 930.9070 282.6133
v -2650.0292 920.6944 282.6162
v -2646.0869 927.1747 282.6169
f 10903 10904 10905
v -2655.6669 909.9936 282.6154
v -2650.0292 920.6944 282.6162
v -2662.3404 913.5046 282.6121
f 10906 10907 10908
v -2653.2938 930.9070 282.6133
v -2662.3404 913.5046 282.6121
v -2650.0292 920.6944 282.6162
f 10909 10910 10911
v -2655.0757 909.6960 282.6157
v -2655.1456 909.7323 282.6156
v -2655.1506 909.7223 282.6156
f 10912 10913 10914
v -2655.6628 909.9919 272.4768
v -2655.1465 909.7206 272.3510
v -2655.1465 909.7206 272.4770
f 10915 10916 10917
v -2662.3362 913.5028 272.3475
v -2655.6628 909.9919 272.4768
v -2662.3404 913.5046 282.6121
f 10918 10919 10920
v -2655.6669 909.9936 282.6154
v -2662.3404 913.5046 282.6121
v -2655.6628 909.9919 272.4768
f 10921 10922 10923
v -2655.1465 909.7206 272.3510
v -2655.6628 909.9919 272.4768
v -2662.3362 913.5028 272.3475
f 10924 10925 10926
v -2649.7605 919.7750 272.3518
v -2649.7606 919.7750 272.4778
v -2655.0736 909.6924 272.4771
f 10927 10928 10929
v -2645.1329 917.3700 286.7436
v -2642.5443 910.8981 286.7456
v -2640.4235 914.9213 286.7459
f 10930 10931 10932
v -2642.5443 910.8981 286.7456
v -2645.1329 917.3700 286.7436
v -2647.2386 913.3727 286.7432
f 10933 10934 10935
v -2640.4234 914.9213 286.4959
v -2640.4235 914.9213 286.7459
v -2642.5442 910.8981 286.5156
f 10936 10937 10938
v -2644.8339 904.4229 272.3801
v -2645.9034 904.9738 272.3795
v -2640.6105 915.0195 272.3803
f 10939 10940 10941
v -2639.6189 914.5038 272.3808
v -2644.8339 904.4229 272.3801
v -2640.6105 915.0195 272.3803
f 10942 10943 10944
v -2639.6189 914.5038 272.3808
v -2626.6811 894.7183 272.3889
v -2644.8339 904.4229 272.3801
f 10945 10946 10947
v -2626.6811 894.7183 272.3889
v -2644.8911 904.3131 272.3800
v -2644.8339 904.4229 272.3801
f 10948 10949 10950
v -2635.3077 922.7972 272.3814
v -2618.5398 910.1703 272.3901
v -2639.6189 914.5038 272.3808
f 10951 10952 10953
v -2616.9184 913.2949 272.3903
v -2618.5398 910.1703 272.3901
v -2635.3077 922.7972 272.3814
f 10954 10955 10956
v -2639.6189 914.5038 272.3808
v -2618.5398 910.1703 272.3901
v -2626.6811 894.7183 272.3889
f 10957 10958 10959
v -2639.6231 914.5056 282.9674
v -2639.6245 914.5062 286.4963
v -2635.3133 922.7995 286.4539
f 10960 10961 10962
v -2639.6189 914.5038 272.3808
v -2635.3133 922.7995 286.4539
v -2635.3077 922.7972 272.3814
f 10963 10964 10965
v -2626.6868 894.7206 286.5564
v -2626.6811 894.7183 272.3889
v -2618.5454 910.1727 286.4776
f 10966 10967 10968
v -2618.5454 910.1727 286.4776
v -2626.6811 894.7183 272.3889
v -2618.5398 910.1703 272.3901
f 10969 10970 10971
v -2617.6307 911.9341 286.4687
v -2616.9184 913.2949 272.3903
v -2616.9240 913.2973 286.4618
f 10972 10973 10974
v -2616.9184 913.2949 272.3903
v -2617.6307 911.9341 286.4687
v -2618.5398 910.1703 272.3901
f 10975 10976 10977
v -2626.1182 918.0478 286.4583
v -2635.3077 922.7972 272.3814
v -2635.3133 922.7995 286.4539
f 10978 10979 10980
v -2635.3077 922.7972 272.3814
v -2626.1182 918.0478 286.4583
v -2621.5226 915.6735 286.4596
f 10981 10982 10983
v -2635.3077 922.7972 272.3814
v -2621.5226 915.6735 286.4596
v -2616.9184 913.2949 272.3903
f 10984 10985 10986
v -2616.9240 913.2973 286.4618
v -2616.9184 913.2949 272.3903
v -2621.5226 915.6735 286.4596
f 10987 10988 10989
v -2621.5226 915.6735 286.4596
v -2617.6307 911.9341 286.4687
v -2616.9240 913.2973 286.4618
f 10990 10991 10992
v -2626.1182 918.0478 286.4583
v -2618.5454 910.1727 286.4776
v -2621.5226 915.6735 286.4596
f 10993 10994 10995
v -2626.6868 894.7206 286.5564
v -2626.1182 918.0478 286.4583
v -2639.6245 914.5062 286.4963
f 10996 10997 10998
v -2626.6868 894.7206 286.5564
v -2618.5454 910.1727 286.4776
v -2626.1182 918.0478 286.4583
f 10999 11000 11001
v -2618.5454 910.1727 286.4776
v -2617.6307 911.9341 286.4687
v -2621.5226 915.6735 286.4596
f 11002 11003 11004
v -2626.6868 894.7206 286.5564
v -2644.8396 904.4253 286.5466
v -2644.8969 904.3155 286.5475
f 11005 11006 11007
v -2639.6245 914.5062 286.4963
v -2642.5442 910.8981 286.5156
v -2626.6868 894.7206 286.5564
f 11008 11009 11010
v -2639.6245 914.5062 286.4963
v -2626.1182 918.0478 286.4583
v -2635.3133 922.7995 286.4539
f 11011 11012 11013
v -2626.6868 894.7206 286.5564
v -2642.5442 910.8981 286.5156
v -2644.8396 904.4253 286.5466
f 11014 11015 11016
v -2640.4234 914.9213 286.4959
v -2642.5442 910.8981 286.5156
v -2639.6245 914.5062 286.4963
f 11017 11018 11019
v -2645.9090 904.9761 286.5460
v -2642.5442 910.8981 286.5156
v -2642.7359 910.9986 286.5155
f 11020 11021 11022
v -2644.8396 904.4253 286.5466
v -2642.5442 910.8981 286.5156
v -2645.9090 904.9761 286.5460
f 11023 11024 11025
v -2644.8912 904.3131 272.4820
v -2643.2417 903.3607 272.4829
v -2644.9304 904.2362 272.4820
f 11026 11027 11028
v -2643.2417 903.3607 272.4829
v -2644.8912 904.3131 272.4820
v -2643.2076 903.4257 272.4829
f 11029 11030 11031
v -2643.2460 903.3625 283.0195
v -2644.8954 904.3148 283.0186
v -2644.9347 904.2380 283.0186
f 11032 11033 11034
v -2644.8954 904.3148 283.0186
v -2643.2460 903.3625 283.0195
v -2643.2118 903.4274 283.0195
f 11035 11036 11037
v -2647.2370 913.3720 283.0164
v -2647.2386 913.3727 286.7432
v -2645.1314 917.3693 283.0167
f 11038 11039 11040
v -2642.5442 910.8981 286.5156
v -2642.5443 910.8981 286.7456
v -2642.7359 910.9986 286.5155
f 11041 11042 11043
v -2647.2386 913.3727 286.7432
v -2642.7359 910.9986 286.5155
v -2642.5443 910.8981 286.7456
f 11044 11045 11046
v -2642.7345 910.9979 283.0186
v -2642.7359 910.9986 286.5155
v -2647.2370 913.3720 283.0164
f 11047 11048 11049
v -2626.6811 894.7183 272.3889
v -2626.6868 894.7206 286.5564
v -2643.2118 903.4274 283.0195
f 11050 11051 11052
v -2644.8969 904.3155 286.5475
v -2643.2118 903.4274 283.0195
v -2626.6868 894.7206 286.5564
f 11053 11054 11055
v -2644.8911 904.3131 272.3800
v -2626.6811 894.7183 272.3889
v -2643.2076 903.4257 272.4829
f 11056 11057 11058
v -2643.2118 903.4274 283.0195
v -2643.2076 903.4257 272.4829
v -2626.6811 894.7183 272.3889
f 11059 11060 11061
v -2643.2118 903.4274 283.0195
v -2644.8969 904.3155 286.5475
v -2644.8954 904.3148 283.0186
f 11062 11063 11064
v -2643.2076 903.4257 272.4829
v -2644.8912 904.3131 272.4820
v -2644.8911 904.3131 272.3800
f 11065 11066 11067
v -2645.9076 904.9756 283.0181
v -2645.9090 904.9761 286.5460
v -2642.7359 910.9986 286.5155
f 11068 11069 11070
v -2640.6105 915.0195 272.3803
v -2645.9034 904.9738 272.3795
v -2645.9034 904.9738 272.4815
f 11071 11072 11073
v -2640.6105 915.0195 272.3803
v -2642.7303 910.9962 272.4880
v -2640.6105 915.0195 272.4823
f 11074 11075 11076
v -2645.9034 904.9738 272.4815
v -2642.7303 910.9962 272.4880
v -2640.6105 915.0195 272.3803
f 11077 11078 11079
v -2649.8854 919.8403 272.3518
v -2646.0828 927.1730 272.3523
v -2649.5719 920.4542 282.6164
f 11080 11081 11082
v -2646.0869 927.1747 282.6169
v -2649.5719 920.4542 282.6164
v -2646.0828 927.1730 272.3523
f 11083 11084 11085
v -2649.5719 920.4542 282.6164
v -2649.8897 919.8421 283.0144
v -2649.8854 919.8403 272.3518
f 11086 11087 11088
v -2644.8396 904.4253 286.5466
v -2645.9076 904.9756 283.0181
v -2644.8339 904.4229 272.3801
f 11089 11090 11091
v -2655.0757 909.6960 282.6157
v -2645.9076 904.9756 283.0181
v -2655.1458 909.7324 283.0136
f 11092 11093 11094
v -2644.8396 904.4253 286.5466
v -2645.9090 904.9761 286.5460
v -2645.9076 904.9756 283.0181
f 11095 11096 11097
v -2655.1458 909.7324 283.0136
v -2655.1456 909.7323 282.6156
v -2655.0757 909.6960 282.6157
f 11098 11099 11100
v -2655.0757 909.6960 282.6157
v -2655.0736 909.6924 272.4771
v -2645.9034 904.9738 272.4815
f 11101 11102 11103
v -2645.9076 904.9756 283.0181
v -2655.0757 909.6960 282.6157
v -2645.9034 904.9738 272.4815
f 11104 11105 11106
v -2644.9347 904.2380 283.0186
v -2644.8954 904.3148 283.0186
v -2644.8912 904.3131 272.4820
f 11107 11108 11109
v -2644.8911 904.3131 272.3800
v -2644.8912 904.3131 272.4820
v -2644.8339 904.4229 272.3801
f 11110 11111 11112
v -2644.8339 904.4229 272.3801
v -2644.8912 904.3131 272.4820
v -2644.8954 904.3148 283.0186
f 11113 11114 11115
v -2644.8954 904.3148 283.0186
v -2644.8969 904.3155 286.5475
v -2644.8396 904.4253 286.5466
f 11116 11117 11118
v -2640.4234 914.9213 286.4959
v -2645.1314 917.3693 283.0167
v -2645.1329 917.3700 286.7436
f 11119 11120 11121
v -2639.6210 914.5047 277.6736
v -2645.1271 917.3676 272.4831
v -2649.8897 919.8421 283.0144
f 11122 11123 11124
v -2649.8897 919.8421 283.0144
v -2649.7606 919.7750 272.4778
v -2649.8854 919.8403 272.3518
f 11125 11126 11127
v -2649.8854 919.8403 272.3518
v -2649.7606 919.7750 272.4778
v -2649.7605 919.7750 272.3518
f 11128 11129 11130
v -2649.7606 919.7750 272.4778
v -2649.8897 919.8421 283.0144
v -2645.1271 917.3676 272.4831
f 11131 11132 11133
v -2639.6210 914.5047 277.6736
v -2649.8897 919.8421 283.0144
v -2645.1314 917.3693 283.0167
f 11134 11135 11136
v -2639.6231 914.5056 282.9674
v -2645.1314 917.3693 283.0167
v -2640.4234 914.9213 286.4959
f 11137 11138 11139
v -2640.4234 914.9213 286.4959
v -2639.6245 914.5062 286.4963
v -2639.6231 914.5056 282.9674
f 11140 11141 11142
v -2645.1314 917.3693 283.0167
v -2639.6231 914.5056 282.9674
v -2639.6210 914.5047 277.6736
f 11143 11144 11145
v -2639.6189 914.5038 272.3808
v -2640.6105 915.0195 272.3803
v -2640.6105 915.0195 272.4823
f 11146 11147 11148
v -2640.6105 915.0195 272.4823
v -2639.6210 914.5047 277.6736
v -2639.6189 914.5038 272.3808
f 11149 11150 11151
v -2645.1271 917.3676 272.4831
v -2639.6210 914.5047 277.6736
v -2640.6105 915.0195 272.4823
f 11152 11153 11154
v -2640.4235 914.9213 286.7459
v -2640.4234 914.9213 286.4959
v -2645.1329 917.3700 286.7436
f 11155 11156 11157
v -2650.0294 920.6945 283.0142
v -2649.5721 920.4542 283.0144
v -2649.5719 920.4542 282.6164
f 11158 11159 11160
v -2655.2420 909.5349 272.4770
v -2655.7666 909.8040 283.0134
v -2655.7623 909.8022 272.4768
f 11161 11162 11163
v -2643.2417 903.3607 272.4829
v -2644.9347 904.2380 283.0186
v -2644.9304 904.2362 272.4820
f 11164 11165 11166
v -2643.2076 903.4257 272.4829
v -2643.2460 903.3625 283.0195
v -2643.2417 903.3607 272.4829
f 11167 11168 11169
v -2653.2896 930.9053 272.3487
v -2646.0869 927.1747 282.6169
v -2646.0828 927.1730 272.3523
f 11170 11171 11172
v -2662.3362 913.5028 272.3475
v -2653.2938 930.9070 282.6133
v -2653.2896 930.9053 272.3487
f 11173 11174 11175
v -2655.0736 909.6924 272.4771
v -2655.1506 909.7223 282.6156
v -2655.1465 909.7206 272.4770
f 11176 11177 11178
v -2655.0746 909.6893 272.3511
v -2655.1465 909.7206 272.4770
v -2655.1465 909.7206 272.3510
f 11179 11180 11181
v -2649.7605 919.7750 272.3518
v -2655.0736 909.6924 272.4771
v -2655.0746 909.6893 272.3511
f 11182 11183 11184
v -2640.4235 914.9213 286.7459
v -2642.5443 910.8981 286.7456
v -2642.5442 910.8981 286.5156
f 11185 11186 11187
v -2635.3133 922.7995 286.4539
v -2639.6210 914.5047 277.6736
v -2639.6231 914.5056 282.9674
f 11188 11189 11190
v -2639.6210 914.5047 277.6736
v -2635.3133 922.7995 286.4539
v -2639.6189 914.5038 272.3808
f 11191 11192 11193
v -2618.5454 910.1727 286.4776
v -2618.5398 910.1703 272.3901
v -2617.6307 911.9341 286.4687
f 11194 11195 11196
v -2647.2386 913.3727 286.7432
v -2645.1329 917.3700 286.7436
v -2645.1314 917.3693 283.0167
f 11197 11198 11199
v -2642.7359 910.9986 286.5155
v -2647.2386 913.3727 286.7432
v -2647.2370 913.3720 283.0164
f 11200 11201 11202
v -2645.9076 904.9756 283.0181
v -2642.7359 910.9986 286.5155
v -2642.7345 910.9979 283.0186
f 11203 11204 11205
v -2649.5721 920.4542 283.0144
v -2649.8897 919.8421 283.0144
v -2649.5719 920.4542 282.6164
f 11206 11207 11208
v -2645.9076 904.9756 283.0181
v -2645.9034 904.9738 272.4815
v -2644.8339 904.4229 272.3801
f 11209 11210 11211
v -2645.9034 904.9738 272.3795
v -2644.8339 904.4229 272.3801
v -2645.9034 904.9738 272.4815
f 11212 11213 11214
v -2644.9347 904.2380 283.0186
v -2644.8912 904.3131 272.4820
v -2644.9304 904.2362 272.4820
f 11215 11216 11217
v -2644.8339 904.4229 272.3801
v -2644.8954 904.3148 283.0186
v -2644.8396 904.4253 286.5466
f 11218 11219 11220

g building_ID_A2E0AD9C-12DE-4C68-903E-2E2EA6B5FC79
v -2552.2947 917.0510 270.8540
v -2551.9170 917.2920 270.8541
v -2548.7795 912.2817 270.8561
f 11221 11222 11223
v -2552.4291 917.2615 270.8539
v -2552.2947 917.0510 270.8540
v -2552.7155 917.0821 270.8538
f 11224 11225 11226
v -2548.7795 912.2817 270.8561
v -2552.7155 917.0821 270.8538
v -2552.2947 917.0510 270.8540
f 11227 11228 11229
v -2552.7155 917.0821 270.8538
v -2548.7795 912.2817 270.8561
v -2575.2958 912.4129 270.8454
f 11230 11231 11232
v -2561.6075 928.6209 270.8486
v -2561.2875 928.9930 270.8487
v -2555.2989 921.7511 270.8521
f 11233 11234 11235
v -2555.0789 921.4064 270.8522
v -2555.2666 921.1580 270.8522
v -2555.2989 921.7511 270.8521
f 11236 11237 11238
v -2555.2989 921.7511 270.8521
v -2555.2666 921.1580 270.8522
v -2561.6075 928.6209 270.8486
f 11239 11240 11241
v -2554.2167 922.9831 270.8524
v -2555.2989 921.7511 270.8521
v -2561.2875 928.9930 270.8487
f 11242 11243 11244
v -2566.4188 922.8749 270.8475
v -2555.2666 921.1580 270.8522
v -2552.7155 917.0821 270.8538
f 11245 11246 11247
v -2575.2958 912.4129 270.8454
v -2574.2747 903.1163 270.8472
v -2575.3282 904.7971 270.8465
f 11248 11249 11250
v -2572.9508 897.1478 270.8485
v -2576.0306 902.0170 270.8466
v -2574.2747 903.1163 270.8472
f 11251 11252 11253
v -2575.2958 912.4129 270.8454
v -2548.7795 912.2817 270.8561
v -2574.2747 903.1163 270.8472
f 11254 11255 11256
v -2579.1219 907.8802 270.8445
v -2575.3282 904.7971 270.8465
v -2575.4113 904.7453 270.8465
f 11257 11258 11259
v -2561.9347 928.8998 270.8484
v -2561.6075 928.6209 270.8486
v -2566.4188 922.8749 270.8475
f 11260 11261 11262
v -2566.4188 922.8749 270.8475
v -2561.6075 928.6209 270.8486
v -2555.2666 921.1580 270.8522
f 11263 11264 11265
v -2566.7750 923.1758 270.8473
v -2561.9347 928.8998 270.8484
v -2566.4188 922.8749 270.8475
f 11266 11267 11268
v -2575.2958 912.4129 270.8454
v -2566.4188 922.8749 270.8475
v -2552.7155 917.0821 270.8538
f 11269 11270 11271
v -2575.2958 912.4129 270.8454
v -2575.3282 904.7971 270.8465
v -2579.1219 907.8802 270.8445
f 11272 11273 11274
v -2574.2747 903.1163 270.8472
v -2548.7795 912.2817 270.8561
v -2572.9508 897.1478 270.8485
f 11275 11276 11277
v -2572.9562 897.1500 284.6240
v -2574.2801 903.1185 284.6227
v -2576.0360 902.0192 284.6221
f 11278 11279 11280
v -2564.3376 910.8177 284.6256
v -2575.3336 904.7994 284.6220
v -2574.2801 903.1185 284.6227
f 11281 11282 11283
v -2572.9562 897.1500 284.6240
v -2564.3376 910.8177 284.6256
v -2574.2801 903.1185 284.6227
f 11284 11285 11286
v -2568.9531 914.7072 284.6231
v -2575.3336 904.7994 284.6220
v -2564.3376 910.8177 284.6256
f 11287 11288 11289
v -2564.3376 910.8177 284.6256
v -2572.9562 897.1500 284.6240
v -2548.7849 912.2840 284.6316
f 11290 11291 11292
v -2579.1273 907.8825 284.6200
v -2575.4167 904.7476 284.6220
v -2575.3336 904.7994 284.6220
f 11293 11294 11295
v -2579.1273 907.8825 284.6200
v -2575.3336 904.7994 284.6220
v -2575.3012 912.4152 284.6209
f 11296 11297 11298
v -2575.3012 912.4152 284.6209
v -2575.3336 904.7994 284.6220
v -2568.9531 914.7072 284.6231
f 11299 11300 11301
v -2567.7853 916.0939 284.6234
v -2575.3012 912.4152 284.6209
v -2568.9531 914.7072 284.6231
f 11302 11303 11304
v -2560.5948 923.0466 284.6253
v -2566.4242 922.8772 284.6230
v -2567.7853 916.0939 284.6234
f 11305 11306 11307
v -2561.6128 928.6232 284.6241
v -2566.7804 923.1782 284.6228
v -2566.4242 922.8772 284.6230
f 11308 11309 11310
v -2567.0062 915.4379 284.6238
v -2560.5948 923.0466 284.6253
v -2567.7853 916.0939 284.6234
f 11311 11312 11313
v -2567.7853 916.0939 284.6234
v -2566.4242 922.8772 284.6230
v -2575.3012 912.4152 284.6209
f 11314 11315 11316
v -2555.2719 921.1603 284.6277
v -2556.7585 919.8143 284.6273
v -2552.7209 917.0844 284.6293
f 11317 11318 11319
v -2552.7209 917.0844 284.6293
v -2556.7585 919.8143 284.6273
v -2564.3376 910.8177 284.6256
f 11320 11321 11322
v -2555.3043 921.7534 284.6276
v -2556.7585 919.8143 284.6273
v -2555.2719 921.1603 284.6277
f 11323 11324 11325
v -2551.9224 917.2943 284.6296
v -2552.3000 917.0533 284.6295
v -2548.7849 912.2840 284.6316
f 11326 11327 11328
v -2552.7209 917.0844 284.6293
v -2548.7849 912.2840 284.6316
v -2552.3000 917.0533 284.6295
f 11329 11330 11331
v -2552.7209 917.0844 284.6293
v -2552.3000 917.0533 284.6295
v -2552.4344 917.2638 284.6294
f 11332 11333 11334
v -2566.7804 923.1782 284.6228
v -2561.6128 928.6232 284.6241
v -2561.9401 928.9021 284.6239
f 11335 11336 11337
v -2561.2928 928.9954 284.6242
v -2561.6128 928.6232 284.6241
v -2560.5948 923.0466 284.6253
f 11338 11339 11340
v -2560.5948 923.0466 284.6253
v -2561.6128 928.6232 284.6241
v -2566.4242 922.8772 284.6230
f 11341 11342 11343
v -2555.3043 921.7534 284.6276
v -2554.2220 922.9854 284.6279
v -2560.5948 923.0466 284.6253
f 11344 11345 11346
v -2554.2220 922.9854 284.6279
v -2561.2928 928.9954 284.6242
v -2560.5948 923.0466 284.6253
f 11347 11348 11349
v -2555.3043 921.7534 284.6276
v -2560.5948 923.0466 284.6253
v -2556.7585 919.8143 284.6273
f 11350 11351 11352
v -2555.3043 921.7534 284.6276
v -2555.2719 921.1603 284.6277
v -2555.0842 921.4087 284.6277
f 11353 11354 11355
v -2552.7209 917.0844 284.6293
v -2564.3376 910.8177 284.6256
v -2548.7849 912.2840 284.6316
f 11356 11357 11358
v -2561.6075 928.6209 270.8486
v -2561.6128 928.6232 284.6241
v -2561.2875 928.9930 270.8487
f 11359 11360 11361
v -2566.7635 923.1900 272.2553
v -2566.7804 923.1782 284.6228
v -2566.7682 923.1921 284.3028
f 11362 11363 11364
v -2561.9401 928.9021 284.6239
v -2566.7682 923.1921 284.3028
v -2566.7804 923.1782 284.6228
f 11365 11366 11367
v -2561.9347 928.8998 270.8484
v -2566.7750 923.1758 270.8473
v -2566.7635 923.1900 272.2553
f 11368 11369 11370
v -2566.7804 923.1782 284.6228
v -2566.7635 923.1900 272.2553
v -2566.7750 923.1758 270.8473
f 11371 11372 11373
v -2566.7682 923.1921 284.3028
v -2561.9401 928.9021 284.6239
v -2561.9399 928.9021 284.3039
f 11374 11375 11376
v -2566.7635 923.1900 272.2553
v -2561.9353 928.9000 272.2564
v -2561.9347 928.8998 270.8484
f 11377 11378 11379
v -2566.4188 922.8749 270.8475
v -2566.4242 922.8772 284.6230
v -2566.7804 923.1782 284.6228
f 11380 11381 11382
v -2575.2958 912.4129 270.8454
v -2575.3012 912.4152 284.6209
v -2566.4242 922.8772 284.6230
f 11383 11384 11385
v -2579.1219 907.8802 270.8445
v -2579.1273 907.8825 284.6200
v -2575.3012 912.4152 284.6209
f 11386 11387 11388
v -2575.4113 904.7453 270.8465
v -2575.4167 904.7476 284.6220
v -2579.1273 907.8825 284.6200
f 11389 11390 11391
v -2575.3282 904.7971 270.8465
v -2575.3336 904.7994 284.6220
v -2575.4167 904.7476 284.6220
f 11392 11393 11394
v -2574.2747 903.1163 270.8472
v -2574.2801 903.1185 284.6227
v -2575.3336 904.7994 284.6220
f 11395 11396 11397
v -2576.0306 902.0170 270.8466
v -2576.0360 902.0192 284.6221
v -2574.2801 903.1185 284.6227
f 11398 11399 11400
v -2572.9508 897.1478 270.8485
v -2572.9562 897.1500 284.6240
v -2576.0360 902.0192 284.6221
f 11401 11402 11403
v -2548.7795 912.2817 270.8561
v -2548.7849 912.2840 284.6316
v -2572.9508 897.1478 270.8485
f 11404 11405 11406
v -2551.9170 917.2920 270.8541
v -2551.9224 917.2943 284.6296
v -2548.7795 912.2817 270.8561
f 11407 11408 11409
v -2552.2947 917.0510 270.8540
v -2552.3000 917.0533 284.6295
v -2551.9224 917.2943 284.6296
f 11410 11411 11412
v -2552.4291 917.2615 270.8539
v -2552.4344 917.2638 284.6294
v -2552.3000 917.0533 284.6295
f 11413 11414 11415
v -2552.7155 917.0821 270.8538
v -2552.7209 917.0844 284.6293
v -2552.4344 917.2638 284.6294
f 11416 11417 11418
v -2555.2666 921.1580 270.8522
v -2555.2719 921.1603 284.6277
v -2552.7209 917.0844 284.6293
f 11419 11420 11421
v -2555.0789 921.4064 270.8522
v -2555.0842 921.4087 284.6277
v -2555.2719 921.1603 284.6277
f 11422 11423 11424
v -2555.2989 921.7511 270.8521
v -2555.3043 921.7534 284.6276
v -2555.0842 921.4087 284.6277
f 11425 11426 11427
v -2554.2167 922.9831 270.8524
v -2554.2220 922.9854 284.6279
v -2555.3043 921.7534 284.6276
f 11428 11429 11430
v -2565.0221 931.5272 272.2548
v -2564.4179 932.2497 284.2264
v -2565.0268 931.5293 284.2273
f 11431 11432 11433
v -2564.4133 932.2476 272.2549
v -2564.4671 932.2907 272.2549
v -2564.4718 932.2928 284.2254
f 11434 11435 11436
v -2565.2940 931.2050 272.2547
v -2565.2987 931.2070 284.2272
v -2564.4718 932.2928 284.2254
f 11437 11438 11439
v -2565.2987 931.2070 284.2272
v -2565.2940 931.2050 272.2547
v -2569.1719 926.6295 284.2253
f 11440 11441 11442
v -2565.2940 931.2050 272.2547
v -2569.1672 926.6274 272.2538
v -2569.1719 926.6295 284.2253
f 11443 11444 11445
v -2569.2768 926.6828 284.2233
v -2569.1719 926.6295 284.2253
v -2569.1672 926.6274 272.2538
f 11446 11447 11448
v -2569.2721 926.6807 272.2538
v -2569.2768 926.6828 284.2233
v -2569.1672 926.6274 272.2538
f 11449 11450 11451
v -2569.9432 925.8788 279.7343
v -2569.9449 925.8795 284.2231
v -2569.2768 926.6828 284.2233
f 11452 11453 11454
v -2569.2768 926.6828 284.2233
v -2569.9402 925.8776 272.2536
v -2569.9432 925.8788 279.7343
f 11455 11456 11457
v -2569.9402 925.8776 272.2536
v -2569.2768 926.6828 284.2233
v -2569.2721 926.6807 272.2538
f 11458 11459 11460
v -2554.2220 922.9854 284.6279
v -2561.2875 928.9930 270.8487
v -2561.2928 928.9954 284.6242
f 11461 11462 11463
v -2565.0221 931.5272 272.2548
v -2561.9353 928.9000 272.2564
v -2565.2940 931.2050 272.2547
f 11464 11465 11466
v -2564.4671 932.2907 272.2549
v -2564.4133 932.2476 272.2549
v -2565.0221 931.5272 272.2548
f 11467 11468 11469
v -2565.2940 931.2050 272.2547
v -2564.4671 932.2907 272.2549
v -2565.0221 931.5272 272.2548
f 11470 11471 11472
v -2569.1672 926.6274 272.2538
v -2565.2940 931.2050 272.2547
v -2566.7635 923.1900 272.2553
f 11473 11474 11475
v -2561.9353 928.9000 272.2564
v -2566.7635 923.1900 272.2553
v -2565.2940 931.2050 272.2547
f 11476 11477 11478
v -2569.9402 925.8776 272.2536
v -2569.2721 926.6807 272.2538
v -2569.1672 926.6274 272.2538
f 11479 11480 11481
v -2569.9402 925.8776 272.2536
v -2569.1672 926.6274 272.2538
v -2566.7635 923.1900 272.2553
f 11482 11483 11484
v -2564.4718 932.2928 284.2254
v -2565.0268 931.5293 284.2273
v -2564.4179 932.2497 284.2264
f 11485 11486 11487
v -2565.0268 931.5293 284.2273
v -2565.2987 931.2070 284.2272
v -2561.9399 928.9021 284.3039
f 11488 11489 11490
v -2564.4718 932.2928 284.2254
v -2565.2987 931.2070 284.2272
v -2565.0268 931.5293 284.2273
f 11491 11492 11493
v -2569.1719 926.6295 284.2253
v -2566.7682 923.1921 284.3028
v -2565.2987 931.2070 284.2272
f 11494 11495 11496
v -2569.9449 925.8795 284.2231
v -2566.7682 923.1921 284.3028
v -2569.1719 926.6295 284.2253
f 11497 11498 11499
v -2569.2768 926.6828 284.2233
v -2569.9449 925.8795 284.2231
v -2569.1719 926.6295 284.2253
f 11500 11501 11502
v -2561.9399 928.9021 284.3039
v -2565.2987 931.2070 284.2272
v -2566.7682 923.1921 284.3028
f 11503 11504 11505
v -2567.7861 916.0943 286.4123
v -2568.9538 914.7074 286.4120
v -2567.0068 915.4382 286.3787
f 11506 11507 11508
v -2564.3382 910.8181 286.2155
v -2567.0068 915.4382 286.3787
v -2568.9538 914.7074 286.4120
f 11509 11510 11511
v -2560.5955 923.0468 286.3802
v -2567.0068 915.4382 286.3787
v -2556.7592 919.8146 286.2173
f 11512 11513 11514
v -2564.3382 910.8181 286.2155
v -2556.7592 919.8146 286.2173
v -2567.0068 915.4382 286.3787
f 11515 11516 11517
v -2568.9531 914.7072 284.6231
v -2568.9538 914.7074 286.4120
v -2567.7861 916.0943 286.4123
f 11518 11519 11520
v -2564.3376 910.8177 284.6256
v -2564.3382 910.8181 286.2155
v -2568.9531 914.7072 284.6231
f 11521 11522 11523
v -2556.7585 919.8143 284.6273
v -2556.7592 919.8146 286.2173
v -2564.3382 910.8181 286.2155
f 11524 11525 11526
v -2560.5948 923.0466 284.6253
v -2560.5955 923.0468 286.3802
v -2556.7592 919.8146 286.2173
f 11527 11528 11529
v -2567.0062 915.4379 284.6238
v -2567.0068 915.4382 286.3787
v -2560.5955 923.0468 286.3802
f 11530 11531 11532
v -2567.7853 916.0939 284.6234
v -2567.7861 916.0943 286.4123
v -2567.0068 915.4382 286.3787
f 11533 11534 11535
v -2565.0268 931.5293 284.2273
v -2561.9353 928.9000 272.2564
v -2565.0221 931.5272 272.2548
f 11536 11537 11538
v -2561.9399 928.9021 284.3039
v -2561.9401 928.9021 284.6239
v -2561.6128 928.6232 284.6241
f 11539 11540 11541
v -2561.6128 928.6232 284.6241
v -2561.9353 928.9000 272.2564
v -2561.9399 928.9021 284.3039
f 11542 11543 11544
v -2561.9399 928.9021 284.3039
v -2561.9353 928.9000 272.2564
v -2565.0268 931.5293 284.2273
f 11545 11546 11547
v -2561.9353 928.9000 272.2564
v -2561.6128 928.6232 284.6241
v -2561.6075 928.6209 270.8486
f 11548 11549 11550
v -2561.9347 928.8998 270.8484
v -2561.9353 928.9000 272.2564
v -2561.6075 928.6209 270.8486
f 11551 11552 11553
v -2569.9449 925.8795 284.2231
v -2569.9432 925.8788 279.7343
v -2566.7682 923.1921 284.3028
f 11554 11555 11556
v -2566.7682 923.1921 284.3028
v -2569.9432 925.8788 279.7343
v -2566.7635 923.1900 272.2553
f 11557 11558 11559
v -2566.7635 923.1900 272.2553
v -2569.9432 925.8788 279.7343
v -2569.9402 925.8776 272.2536
f 11560 11561 11562
v -2561.6128 928.6232 284.6241
v -2561.2928 928.9954 284.6242
v -2561.2875 928.9930 270.8487
f 11563 11564 11565
v -2566.4188 922.8749 270.8475
v -2566.7804 923.1782 284.6228
v -2566.7750 923.1758 270.8473
f 11566 11567 11568
v -2575.2958 912.4129 270.8454
v -2566.4242 922.8772 284.6230
v -2566.4188 922.8749 270.8475
f 11569 11570 11571
v -2579.1219 907.8802 270.8445
v -2575.3012 912.4152 284.6209
v -2575.2958 912.4129 270.8454
f 11572 11573 11574
v -2575.4113 904.7453 270.8465
v -2579.1273 907.8825 284.6200
v -2579.1219 907.8802 270.8445
f 11575 11576 11577
v -2575.3282 904.7971 270.8465
v -2575.4167 904.7476 284.6220
v -2575.4113 904.7453 270.8465
f 11578 11579 11580
v -2574.2747 903.1163 270.8472
v -2575.3336 904.7994 284.6220
v -2575.3282 904.7971 270.8465
f 11581 11582 11583
v -2576.0306 902.0170 270.8466
v -2574.2801 903.1185 284.6227
v -2574.2747 903.1163 270.8472
f 11584 11585 11586
v -2572.9508 897.1478 270.8485
v -2576.0360 902.0192 284.6221
v -2576.0306 902.0170 270.8466
f 11587 11588 11589
v -2548.7849 912.2840 284.6316
v -2572.9562 897.1500 284.6240
v -2572.9508 897.1478 270.8485
f 11590 11591 11592
v -2551.9224 917.2943 284.6296
v -2548.7849 912.2840 284.6316
v -2548.7795 912.2817 270.8561
f 11593 11594 11595
v -2552.2947 917.0510 270.8540
v -2551.9224 917.2943 284.6296
v -2551.9170 917.2920 270.8541
f 11596 11597 11598
v -2552.4291 917.2615 270.8539
v -2552.3000 917.0533 284.6295
v -2552.2947 917.0510 270.8540
f 11599 11600 11601
v -2552.7155 917.0821 270.8538
v -2552.4344 917.2638 284.6294
v -2552.4291 917.2615 270.8539
f 11602 11603 11604
v -2555.2666 921.1580 270.8522
v -2552.7209 917.0844 284.6293
v -2552.7155 917.0821 270.8538
f 11605 11606 11607
v -2555.0789 921.4064 270.8522
v -2555.2719 921.1603 284.6277
v -2555.2666 921.1580 270.8522
f 11608 11609 11610
v -2555.2989 921.7511 270.8521
v -2555.0842 921.4087 284.6277
v -2555.0789 921.4064 270.8522
f 11611 11612 11613
v -2554.2167 922.9831 270.8524
v -2555.3043 921.7534 284.6276
v -2555.2989 921.7511 270.8521
f 11614 11615 11616
v -2565.0221 931.5272 272.2548
v -2564.4133 932.2476 272.2549
v -2564.4179 932.2497 284.2264
f 11617 11618 11619
v -2564.4718 932.2928 284.2254
v -2564.4179 932.2497 284.2264
v -2564.4133 932.2476 272.2549
f 11620 11621 11622
v -2565.2940 931.2050 272.2547
v -2564.4718 932.2928 284.2254
v -2564.4671 932.2907 272.2549
f 11623 11624 11625
v -2561.2875 928.9930 270.8487
v -2554.2220 922.9854 284.6279
v -2554.2167 922.9831 270.8524
f 11626 11627 11628
v -2568.9531 914.7072 284.6231
v -2567.7861 916.0943 286.4123
v -2567.7853 916.0939 284.6234
f 11629 11630 11631
v -2564.3382 910.8181 286.2155
v -2568.9538 914.7074 286.4120
v -2568.9531 914.7072 284.6231
f 11632 11633 11634
v -2556.7585 919.8143 284.6273
v -2564.3382 910.8181 286.2155
v -2564.3376 910.8177 284.6256
f 11635 11636 11637
v -2560.5948 923.0466 284.6253
v -2556.7592 919.8146 286.2173
v -2556.7585 919.8143 284.6273
f 11638 11639 11640
v -2567.0062 915.4379 284.6238
v -2560.5955 923.0468 286.3802
v -2560.5948 923.0466 284.6253
f 11641 11642 11643
v -2567.7853 916.0939 284.6234
v -2567.0068 915.4382 286.3787
v -2567.0062 915.4379 284.6238
f 11644 11645 11646

g building_ID_D147C766-69AC-4F2B-80E1-288A7DE18D89
v -2522.7501 925.6262 268.2987
v -2516.8773 908.0657 268.3034
v -2529.7747 903.7534 268.2989
f 11647 11648 11649
v -2529.7747 903.7534 268.2989
v -2535.6484 921.3189 268.2941
v -2522.7501 925.6262 268.2987
f 11650 11651 11652
v -2529.7774 903.7545 275.2837
v -2522.7527 925.6273 275.2834
v -2535.6511 921.3201 275.2789
f 11653 11654 11655
v -2522.7527 925.6273 275.2834
v -2529.7774 903.7545 275.2837
v -2516.8800 908.0668 275.2882
f 11656 11657 11658
v -2535.6484 921.3189 268.2941
v -2535.6511 921.3201 275.2789
v -2522.7527 925.6273 275.2834
f 11659 11660 11661
v -2529.7747 903.7534 268.2989
v -2529.7774 903.7545 275.2837
v -2535.6511 921.3201 275.2789
f 11662 11663 11664
v -2516.8773 908.0657 268.3034
v -2516.8800 908.0668 275.2882
v -2529.7774 903.7545 275.2837
f 11665 11666 11667
v -2522.7501 925.6262 268.2987
v -2522.7527 925.6273 275.2834
v -2516.8800 908.0668 275.2882
f 11668 11669 11670
v -2535.6484 921.3189 268.2941
v -2522.7527 925.6273 275.2834
v -2522.7501 925.6262 268.2987
f 11671 11672 11673
v -2529.7747 903.7534 268.2989
v -2535.6511 921.3201 275.2789
v -2535.6484 921.3189 268.2941
f 11674 11675 11676
v -2516.8773 908.0657 268.3034
v -2529.7774 903.7545 275.2837
v -2529.7747 903.7534 268.2989
f 11677 11678 11679
v -2522.7501 925.6262 268.2987
v -2516.8800 908.0668 275.2882
v -2516.8773 908.0657 268.3034
f 11680 11681 11682

g building_ID_A6625C8C-76E3-4942-A061-4239E1C80F67
v -2535.6484 921.3189 268.2991
v -2541.6403 939.2357 268.2941
v -2528.7439 943.5490 268.2987
f 11683 11684 11685
v -2528.7439 943.5490 268.2987
v -2522.7501 925.6262 268.3037
v -2535.6484 921.3189 268.2991
f 11686 11687 11688
v -2528.7466 943.5502 275.2784
v -2535.6511 921.3201 275.2789
v -2522.7527 925.6273 275.2834
f 11689 11690 11691
v -2535.6511 921.3201 275.2789
v -2528.7466 943.5502 275.2784
v -2541.6430 939.2369 275.2739
f 11692 11693 11694
v -2535.6484 921.3189 268.2991
v -2535.6511 921.3201 275.2789
v -2541.6430 939.2369 275.2739
f 11695 11696 11697
v -2522.7501 925.6262 268.3037
v -2522.7527 925.6273 275.2834
v -2535.6511 921.3201 275.2789
f 11698 11699 11700
v -2528.7439 943.5490 268.2987
v -2528.7466 943.5502 275.2784
v -2522.7527 925.6273 275.2834
f 11701 11702 11703
v -2541.6403 939.2357 268.2941
v -2541.6430 939.2369 275.2739
v -2528.7466 943.5502 275.2784
f 11704 11705 11706
v -2535.6484 921.3189 268.2991
v -2541.6430 939.2369 275.2739
v -2541.6403 939.2357 268.2941
f 11707 11708 11709
v -2522.7501 925.6262 268.3037
v -2535.6511 921.3201 275.2789
v -2535.6484 921.3189 268.2991
f 11710 11711 11712
v -2528.7439 943.5490 268.2987
v -2522.7527 925.6273 275.2834
v -2522.7501 925.6262 268.3037
f 11713 11714 11715
v -2541.6403 939.2357 268.2941
v -2528.7466 943.5502 275.2784
v -2528.7439 943.5490 268.2987
f 11716 11717 11718

g building_ID_932D61A2-FDCD-41B9-8B11-05BB71EF2034
v -2577.7525 916.4807 272.4377
v -2581.6333 912.3961 272.4368
v -2602.3271 923.1715 272.4268
f 11719 11720 11721
v -2593.9419 939.3258 272.4279
v -2577.7525 916.4807 272.4377
v -2602.3271 923.1715 272.4268
f 11722 11723 11724
v -2577.7525 916.4807 272.4377
v -2581.3819 912.1915 272.4369
v -2581.6333 912.3961 272.4368
f 11725 11726 11727
v -2577.7525 916.4807 272.4377
v -2593.9419 939.3258 272.4279
v -2569.2721 926.6807 272.4398
f 11728 11729 11730
v -2574.9288 928.6436 287.7016
v -2576.0394 918.7316 287.7746
v -2566.5473 929.9680 287.6678
f 11731 11732 11733
v -2577.7584 916.4832 287.7952
v -2576.0394 918.7316 287.7746
v -2581.6773 912.4188 287.8352
f 11734 11735 11736
v -2577.7584 916.4832 287.7952
v -2566.5473 929.9680 287.6678
v -2576.0394 918.7316 287.7746
f 11737 11738 11739
v -2581.6394 912.3987 287.8353
v -2581.3880 912.1941 287.8354
v -2577.7584 916.4832 287.7952
f 11740 11741 11742
v -2581.6773 912.4188 287.8352
v -2581.6394 912.3987 287.8353
v -2577.7584 916.4832 287.7952
f 11743 11744 11745
v -2565.7380 931.5618 287.6539
v -2572.3958 934.6236 287.6528
v -2566.5473 929.9680 287.6678
f 11746 11747 11748
v -2572.3958 934.6236 287.6528
v -2575.3303 928.8465 287.7014
v -2574.9288 928.6436 287.7016
f 11749 11750 11751
v -2574.9288 928.6436 287.7016
v -2579.1582 920.3160 287.7731
v -2576.0394 918.7316 287.7746
f 11752 11753 11754
v -2591.1671 937.7740 287.6877
v -2577.8772 937.4073 287.6501
v -2591.1976 944.6260 287.6407
f 11755 11756 11757
v -2565.7380 931.5618 287.6539
v -2577.8772 937.4073 287.6501
v -2572.3958 934.6236 287.6528
f 11758 11759 11760
v -2597.8022 927.2970 287.7806
v -2591.1671 937.7740 287.6877
v -2591.1976 944.6260 287.6407
f 11761 11762 11763
v -2580.4538 932.3333 287.6929
v -2577.8772 937.4073 287.6501
v -2591.1671 937.7740 287.6877
f 11764 11765 11766
v -2577.8772 937.4073 287.6501
v -2565.7380 931.5618 287.6539
v -2591.1976 944.6260 287.6407
f 11767 11768 11769
v -2597.8022 927.2970 287.7806
v -2602.3332 923.1742 287.8233
v -2600.4059 922.1710 287.8242
f 11770 11771 11772
v -2602.3332 923.1742 287.8233
v -2597.8022 927.2970 287.7806
v -2591.1976 944.6260 287.6407
f 11773 11774 11775
v -2596.7566 926.7652 287.7811
v -2591.1671 937.7740 287.6877
v -2597.8022 927.2970 287.7806
f 11776 11777 11778
v -2572.3958 934.6236 287.6528
v -2574.9288 928.6436 287.7016
v -2566.5473 929.9680 287.6678
f 11779 11780 11781
v -2581.3819 912.1915 272.4369
v -2581.3880 912.1941 287.8354
v -2581.6394 912.3987 287.8353
f 11782 11783 11784
v -2581.6394 912.3987 287.8353
v -2581.6333 912.3961 272.4368
v -2581.3819 912.1915 272.4369
f 11785 11786 11787
v -2577.7584 916.4832 287.7952
v -2581.3880 912.1941 287.8354
v -2581.3819 912.1915 272.4369
f 11788 11789 11790
v -2577.7525 916.4807 272.4377
v -2577.7584 916.4832 287.7952
v -2581.3819 912.1915 272.4369
f 11791 11792 11793
v -2566.5457 929.9673 283.5269
v -2566.5473 929.9680 287.6678
v -2569.2765 926.6827 283.5763
f 11794 11795 11796
v -2577.7584 916.4832 287.7952
v -2569.2765 926.6827 283.5763
v -2566.5473 929.9680 287.6678
f 11797 11798 11799
v -2569.2721 926.6807 272.4398
v -2569.2765 926.6827 283.5763
v -2577.7525 916.4807 272.4377
f 11800 11801 11802
v -2569.2765 926.6827 283.5763
v -2577.7584 916.4832 287.7952
v -2577.7525 916.4807 272.4377
f 11803 11804 11805
v -2565.7364 931.5611 283.5051
v -2565.7380 931.5618 287.6539
v -2566.5457 929.9673 283.5269
f 11806 11807 11808
v -2591.1951 944.6243 283.4928
v -2591.1976 944.6260 287.6407
v -2565.7380 931.5618 287.6539
f 11809 11810 11811
v -2565.2939 931.2050 272.0707
v -2593.9387 939.3248 272.0580
v -2588.4815 949.8439 272.0586
f 11812 11813 11814
v -2565.2939 931.2050 272.0707
v -2588.4815 949.8439 272.0586
v -2561.6552 935.9791 272.0715
f 11815 11816 11817
v -2593.9387 939.3248 272.0580
v -2565.2939 931.2050 272.0707
v -2569.1671 926.6274 272.0698
f 11818 11819 11820
v -2572.8749 941.7771 283.4297
v -2588.4838 949.8450 277.7394
v -2588.4860 949.8459 283.4211
f 11821 11822 11823
v -2588.4815 949.8439 272.0586
v -2588.4838 949.8450 277.7394
v -2561.6552 935.9791 272.0715
f 11824 11825 11826
v -2561.6552 935.9791 272.0715
v -2588.4838 949.8450 277.7394
v -2561.6596 935.9811 283.4351
f 11827 11828 11829
v -2565.2984 931.2069 283.5063
v -2569.1717 926.6294 283.5763
v -2569.1671 926.6274 272.0698
f 11830 11831 11832
v -2565.2939 931.2050 272.0707
v -2565.2984 931.2069 283.5063
v -2569.1671 926.6274 272.0698
f 11833 11834 11835
v -2561.6552 935.9791 272.0715
v -2561.6596 935.9811 283.4351
v -2565.2939 931.2050 272.0707
f 11836 11837 11838
v -2565.2939 931.2050 272.0707
v -2561.6596 935.9811 283.4351
v -2565.2984 931.2069 283.5063
f 11839 11840 11841
v -2565.2984 931.2069 283.5063
v -2561.6596 935.9811 283.4351
v -2565.7364 931.5611 283.5051
f 11842 11843 11844
v -2572.8749 941.7771 283.4297
v -2565.7364 931.5611 283.5051
v -2561.6596 935.9811 283.4351
f 11845 11846 11847
v -2569.1717 926.6294 283.5763
v -2565.2984 931.2069 283.5063
v -2566.5457 929.9673 283.5269
f 11848 11849 11850
v -2565.7364 931.5611 283.5051
v -2566.5457 929.9673 283.5269
v -2565.2984 931.2069 283.5063
f 11851 11852 11853
v -2591.1951 944.6243 283.4928
v -2572.8749 941.7771 283.4297
v -2588.4860 949.8459 283.4211
f 11854 11855 11856
v -2591.1951 944.6243 283.4928
v -2565.7364 931.5611 283.5051
v -2572.8749 941.7771 283.4297
f 11857 11858 11859
v -2569.1717 926.6294 283.5763
v -2566.5457 929.9673 283.5269
v -2569.2765 926.6827 283.5763
f 11860 11861 11862
v -2569.2765 926.6827 283.5763
v -2569.1671 926.6274 272.0698
v -2569.1717 926.6294 283.5763
f 11863 11864 11865
v -2569.2765 926.6827 283.5763
v -2569.2721 926.6807 272.4398
v -2569.1671 926.6274 272.0698
f 11866 11867 11868
v -2569.1671 926.6274 272.0698
v -2569.2721 926.6807 272.4398
v -2593.9387 939.3248 272.0580
f 11869 11870 11871
v -2593.9419 939.3258 272.4279
v -2593.9387 939.3248 272.0580
v -2569.2721 926.6807 272.4398
f 11872 11873 11874
v -2597.8030 927.2973 289.8795
v -2600.4068 922.1713 289.8791
v -2596.7575 926.7655 289.8800
f 11875 11876 11877
v -2579.1589 920.3163 289.8880
v -2580.4547 932.3337 289.8858
v -2596.7575 926.7655 289.8800
f 11878 11879 11880
v -2596.7575 926.7655 289.8800
v -2580.4547 932.3337 289.8858
v -2591.1679 937.7743 289.8806
f 11881 11882 11883
v -2572.3967 934.6240 289.8887
v -2577.8781 937.4077 289.8860
v -2580.4547 932.3337 289.8858
f 11884 11885 11886
v -2581.6782 912.4192 289.8881
v -2596.7575 926.7655 289.8800
v -2600.4068 922.1713 289.8791
f 11887 11888 11889
v -2576.0403 918.7320 289.8895
v -2579.1589 920.3163 289.8880
v -2581.6782 912.4192 289.8881
f 11890 11891 11892
v -2596.7575 926.7655 289.8800
v -2581.6782 912.4192 289.8881
v -2579.1589 920.3163 289.8880
f 11893 11894 11895
v -2579.1589 920.3163 289.8880
v -2574.9296 928.6439 289.8885
v -2575.3311 928.8470 289.8883
f 11896 11897 11898
v -2580.4547 932.3337 289.8858
v -2575.3311 928.8470 289.8883
v -2572.3967 934.6240 289.8887
f 11899 11900 11901
v -2580.4547 932.3337 289.8858
v -2579.1589 920.3163 289.8880
v -2575.3311 928.8470 289.8883
f 11902 11903 11904
v -2576.0394 918.7316 287.7746
v -2576.0403 918.7320 289.8895
v -2581.6773 912.4188 287.8352
f 11905 11906 11907
v -2579.1582 920.3160 287.7731
v -2579.1589 920.3163 289.8880
v -2576.0394 918.7316 287.7746
f 11908 11909 11910
v -2574.9288 928.6436 287.7016
v -2574.9296 928.6439 289.8885
v -2579.1582 920.3160 287.7731
f 11911 11912 11913
v -2575.3303 928.8465 287.7014
v -2575.3311 928.8470 289.8883
v -2574.9296 928.6439 289.8885
f 11914 11915 11916
v -2572.3958 934.6236 287.6528
v -2572.3967 934.6240 289.8887
v -2575.3303 928.8465 287.7014
f 11917 11918 11919
v -2577.8772 937.4073 287.6501
v -2577.8781 937.4077 289.8860
v -2572.3958 934.6236 287.6528
f 11920 11921 11922
v -2580.4538 932.3333 287.6929
v -2580.4547 932.3337 289.8858
v -2577.8781 937.4077 289.8860
f 11923 11924 11925
v -2591.1671 937.7740 287.6877
v -2591.1679 937.7743 289.8806
v -2580.4538 932.3333 287.6929
f 11926 11927 11928
v -2596.7566 926.7652 287.7811
v -2596.7575 926.7655 289.8800
v -2591.1679 937.7743 289.8806
f 11929 11930 11931
v -2597.8022 927.2970 287.7806
v -2597.8030 927.2973 289.8795
v -2596.7566 926.7652 287.7811
f 11932 11933 11934
v -2600.4059 922.1710 287.8242
v -2600.4068 922.1713 289.8791
v -2597.8030 927.2973 289.8795
f 11935 11936 11937
v -2602.3332 923.1742 287.8233
v -2591.1951 944.6243 283.4928
v -2602.3271 923.1715 272.4268
f 11938 11939 11940
v -2602.3271 923.1715 272.4268
v -2591.1951 944.6243 283.4928
v -2593.9419 939.3258 272.4279
f 11941 11942 11943
v -2593.9419 939.3258 272.4279
v -2588.4815 949.8439 272.0586
v -2593.9387 939.3248 272.0580
f 11944 11945 11946
v -2591.1976 944.6260 287.6407
v -2591.1951 944.6243 283.4928
v -2602.3332 923.1742 287.8233
f 11947 11948 11949
v -2588.4838 949.8450 277.7394
v -2588.4815 949.8439 272.0586
v -2593.9419 939.3258 272.4279
f 11950 11951 11952
v -2588.4860 949.8459 283.4211
v -2588.4838 949.8450 277.7394
v -2591.1951 944.6243 283.4928
f 11953 11954 11955
v -2591.1951 944.6243 283.4928
v -2588.4838 949.8450 277.7394
v -2593.9419 939.3258 272.4279
f 11956 11957 11958
v -2581.6773 912.4188 287.8352
v -2581.6333 912.3961 272.4368
v -2581.6394 912.3987 287.8353
f 11959 11960 11961
v -2600.4059 922.1710 287.8242
v -2581.6773 912.4188 287.8352
v -2581.6782 912.4192 289.8881
f 11962 11963 11964
v -2600.4068 922.1713 289.8791
v -2600.4059 922.1710 287.8242
v -2581.6782 912.4192 289.8881
f 11965 11966 11967
v -2602.3271 923.1715 272.4268
v -2600.4059 922.1710 287.8242
v -2602.3332 923.1742 287.8233
f 11968 11969 11970
v -2600.4059 922.1710 287.8242
v -2602.3271 923.1715 272.4268
v -2581.6333 912.3961 272.4368
f 11971 11972 11973
v -2581.6773 912.4188 287.8352
v -2600.4059 922.1710 287.8242
v -2581.6333 912.3961 272.4368
f 11974 11975 11976
v -2565.7380 931.5618 287.6539
v -2566.5473 929.9680 287.6678
v -2566.5457 929.9673 283.5269
f 11977 11978 11979
v -2591.1951 944.6243 283.4928
v -2565.7380 931.5618 287.6539
v -2565.7364 931.5611 283.5051
f 11980 11981 11982
v -2561.6596 935.9811 283.4351
v -2588.4838 949.8450 277.7394
v -2572.8749 941.7771 283.4297
f 11983 11984 11985
v -2576.0403 918.7320 289.8895
v -2581.6782 912.4192 289.8881
v -2581.6773 912.4188 287.8352
f 11986 11987 11988
v -2579.1589 920.3163 289.8880
v -2576.0403 918.7320 289.8895
v -2576.0394 918.7316 287.7746
f 11989 11990 11991
v -2574.9296 928.6439 289.8885
v -2579.1589 920.3163 289.8880
v -2579.1582 920.3160 287.7731
f 11992 11993 11994
v -2575.3303 928.8465 287.7014
v -2574.9296 928.6439 289.8885
v -2574.9288 928.6436 287.7016
f 11995 11996 11997
v -2572.3967 934.6240 289.8887
v -2575.3311 928.8470 289.8883
v -2575.3303 928.8465 287.7014
f 11998 11999 12000
v -2577.8781 937.4077 289.8860
v -2572.3967 934.6240 289.8887
v -2572.3958 934.6236 287.6528
f 12001 12002 12003
v -2580.4538 932.3333 287.6929
v -2577.8781 937.4077 289.8860
v -2577.8772 937.4073 287.6501
f 12004 12005 12006
v -2591.1679 937.7743 289.8806
v -2580.4547 932.3337 289.8858
v -2580.4538 932.3333 287.6929
f 12007 12008 12009
v -2596.7566 926.7652 287.7811
v -2591.1679 937.7743 289.8806
v -2591.1671 937.7740 287.6877
f 12010 12011 12012
v -2597.8030 927.2973 289.8795
v -2596.7575 926.7655 289.8800
v -2596.7566 926.7652 287.7811
f 12013 12014 12015
v -2600.4059 922.1710 287.8242
v -2597.8030 927.2973 289.8795
v -2597.8022 927.2970 287.7806
f 12016 12017 12018

g building_ID_A2C0A8E0-2C71-4D3A-8F15-8632A6C40FE9
v -2530.8832 973.5873 268.2673
v -2519.6231 959.5142 268.2739
v -2529.2667 951.7983 268.2712
f 12019 12020 12021
v -2529.2667 951.7983 268.2712
v -2540.5397 965.8864 268.2646
v -2530.8832 973.5873 268.2673
f 12022 12023 12024
v -2529.2696 951.7995 275.7749
v -2530.8861 973.5886 275.7710
v -2540.5426 965.8876 275.7683
f 12025 12026 12027
v -2530.8861 973.5886 275.7710
v -2529.2696 951.7995 275.7749
v -2519.6260 959.5156 275.7776
f 12028 12029 12030
v -2540.5397 965.8864 268.2646
v -2540.5426 965.8876 275.7683
v -2530.8861 973.5886 275.7710
f 12031 12032 12033
v -2529.2667 951.7983 268.2712
v -2529.2696 951.7995 275.7749
v -2540.5426 965.8876 275.7683
f 12034 12035 12036
v -2519.6231 959.5142 268.2739
v -2519.6260 959.5156 275.7776
v -2529.2696 951.7995 275.7749
f 12037 12038 12039
v -2530.8832 973.5873 268.2673
v -2530.8861 973.5886 275.7710
v -2519.6260 959.5156 275.7776
f 12040 12041 12042
v -2540.5397 965.8864 268.2646
v -2530.8861 973.5886 275.7710
v -2530.8832 973.5873 268.2673
f 12043 12044 12045
v -2529.2667 951.7983 268.2712
v -2540.5426 965.8876 275.7683
v -2540.5397 965.8864 268.2646
f 12046 12047 12048
v -2519.6231 959.5142 268.2739
v -2529.2696 951.7995 275.7749
v -2529.2667 951.7983 268.2712
f 12049 12050 12051
v -2530.8832 973.5873 268.2673
v -2519.6260 959.5156 275.7776
v -2519.6231 959.5142 268.2739
f 12052 12053 12054

g building_ID_F268B239-B02A-4360-A8A1-5241E6AD8705
v -2561.5230 959.3338 268.4232
v -2565.5229 954.5196 268.4223
v -2579.6252 966.2393 268.4148
f 12055 12056 12057
v -2561.5230 959.3338 268.4232
v -2565.3497 970.6080 268.4199
v -2560.0317 965.4137 268.4228
f 12058 12059 12060
v -2561.5230 959.3338 268.4232
v -2560.0317 965.4137 268.4228
v -2557.9295 963.6591 268.4239
f 12061 12062 12063
v -2560.0317 965.4137 268.4228
v -2565.3497 970.6080 268.4199
v -2559.6595 965.8757 268.4229
f 12064 12065 12066
v -2575.6003 971.0814 268.4157
v -2561.5230 959.3338 268.4232
v -2579.6252 966.2393 268.4148
f 12067 12068 12069
v -2561.5230 959.3338 268.4232
v -2575.6003 971.0814 268.4157
v -2565.3497 970.6080 268.4199
f 12070 12071 12072
v -2572.0198 975.3898 268.4165
v -2570.1550 973.8428 268.4175
v -2575.6003 971.0814 268.4157
f 12073 12074 12075
v -2565.3497 970.6080 268.4199
v -2570.1550 973.8428 268.4175
v -2569.7747 974.2887 268.4176
f 12076 12077 12078
v -2570.1550 973.8428 268.4175
v -2565.3497 970.6080 268.4199
v -2575.6003 971.0814 268.4157
f 12079 12080 12081
v -2572.5974 960.3963 284.5630
v -2575.6081 971.0849 288.4110
v -2579.6315 966.2422 284.5472
f 12082 12083 12084
v -2572.5974 960.3963 284.5630
v -2565.5292 954.5224 284.5787
v -2561.5308 959.3372 288.4185
f 12085 12086 12087
v -2575.6081 971.0849 288.4110
v -2572.5974 960.3963 284.5630
v -2561.5308 959.3372 288.4185
f 12088 12089 12090
v -2560.0382 965.4166 284.9682
v -2559.6658 965.8785 284.6043
v -2569.7811 974.2916 284.6120
f 12091 12092 12093
v -2560.0382 965.4166 284.9682
v -2561.5308 959.3372 288.4185
v -2557.9359 963.6620 284.9693
f 12094 12095 12096
v -2560.0382 965.4166 284.9682
v -2575.6081 971.0849 288.4110
v -2561.5308 959.3372 288.4185
f 12097 12098 12099
v -2570.1614 973.8457 284.9719
v -2572.0262 975.3926 284.9749
v -2575.6081 971.0849 288.4110
f 12100 12101 12102
v -2570.1614 973.8457 284.9719
v -2575.6081 971.0849 288.4110
v -2560.0382 965.4166 284.9682
f 12103 12104 12105
v -2569.7811 974.2916 284.6120
v -2570.1614 973.8457 284.9719
v -2560.0382 965.4166 284.9682
f 12106 12107 12108
v -2565.5265 954.5212 277.5100
v -2565.5292 954.5224 284.5787
v -2572.5974 960.3963 284.5630
f 12109 12110 12111
v -2572.5974 960.3963 284.5630
v -2565.5229 954.5196 268.4223
v -2565.5265 954.5212 277.5100
f 12112 12113 12114
v -2565.5229 954.5196 268.4223
v -2572.5974 960.3963 284.5630
v -2579.6252 966.2393 268.4148
f 12115 12116 12117
v -2572.5974 960.3963 284.5630
v -2579.6315 966.2422 284.5472
v -2579.6300 966.2415 280.5084
f 12118 12119 12120
v -2579.6283 966.2407 276.4695
v -2579.6252 966.2393 268.4148
v -2572.5974 960.3963 284.5630
f 12121 12122 12123
v -2559.6595 965.8757 268.4229
v -2559.6658 965.8785 284.6043
v -2560.0317 965.4137 268.4228
f 12124 12125 12126
v -2569.7747 974.2887 268.4176
v -2559.6658 965.8785 284.6043
v -2565.3497 970.6080 268.4199
f 12127 12128 12129
v -2569.7747 974.2887 268.4176
v -2569.7811 974.2916 284.6120
v -2559.6658 965.8785 284.6043
f 12130 12131 12132
v -2559.6658 965.8785 284.6043
v -2559.6595 965.8757 268.4229
v -2565.3497 970.6080 268.4199
f 12133 12134 12135
v -2570.1614 973.8457 284.9719
v -2569.7811 974.2916 284.6120
v -2570.1550 973.8428 268.4175
f 12136 12137 12138
v -2570.1550 973.8428 268.4175
v -2569.7811 974.2916 284.6120
v -2569.7747 974.2887 268.4176
f 12139 12140 12141
v -2572.0198 975.3898 268.4165
v -2572.0230 975.3913 276.6962
v -2570.1614 973.8457 284.9719
f 12142 12143 12144
v -2570.1550 973.8428 268.4175
v -2572.0198 975.3898 268.4165
v -2570.1614 973.8457 284.9719
f 12145 12146 12147
v -2560.0382 965.4166 284.9682
v -2557.9295 963.6591 268.4239
v -2560.0317 965.4137 268.4228
f 12148 12149 12150
v -2557.9359 963.6620 284.9693
v -2557.9331 963.6608 277.7306
v -2560.0382 965.4166 284.9682
f 12151 12152 12153
v -2557.9295 963.6591 268.4239
v -2560.0382 965.4166 284.9682
v -2557.9331 963.6608 277.7306
f 12154 12155 12156
v -2557.9331 963.6608 277.7306
v -2557.9359 963.6620 284.9693
v -2561.5308 959.3372 288.4185
f 12157 12158 12159
v -2561.5230 959.3338 268.4232
v -2557.9295 963.6591 268.4239
v -2557.9331 963.6608 277.7306
f 12160 12161 12162
v -2557.9331 963.6608 277.7306
v -2561.5308 959.3372 288.4185
v -2565.5265 954.5212 277.5100
f 12163 12164 12165
v -2557.9331 963.6608 277.7306
v -2565.5265 954.5212 277.5100
v -2561.5230 959.3338 268.4232
f 12166 12167 12168
v -2565.5229 954.5196 268.4223
v -2561.5230 959.3338 268.4232
v -2565.5265 954.5212 277.5100
f 12169 12170 12171
v -2565.5292 954.5224 284.5787
v -2565.5265 954.5212 277.5100
v -2561.5308 959.3372 288.4185
f 12172 12173 12174
v -2579.6283 966.2407 276.4695
v -2572.0230 975.3913 276.6962
v -2575.6003 971.0814 268.4157
f 12175 12176 12177
v -2579.6283 966.2407 276.4695
v -2579.6300 966.2415 280.5084
v -2572.0230 975.3913 276.6962
f 12178 12179 12180
v -2579.6283 966.2407 276.4695
v -2575.6003 971.0814 268.4157
v -2579.6252 966.2393 268.4148
f 12181 12182 12183
v -2575.6081 971.0849 288.4110
v -2579.6300 966.2415 280.5084
v -2579.6315 966.2422 284.5472
f 12184 12185 12186
v -2572.0246 975.3919 280.8351
v -2575.6081 971.0849 288.4110
v -2572.0262 975.3926 284.9749
f 12187 12188 12189
v -2579.6300 966.2415 280.5084
v -2572.0246 975.3919 280.8351
v -2572.0230 975.3913 276.6962
f 12190 12191 12192
v -2572.0230 975.3913 276.6962
v -2572.0198 975.3898 268.4165
v -2575.6003 971.0814 268.4157
f 12193 12194 12195
v -2579.6300 966.2415 280.5084
v -2575.6081 971.0849 288.4110
v -2572.0246 975.3919 280.8351
f 12196 12197 12198
v -2572.5974 960.3963 284.5630
v -2579.6300 966.2415 280.5084
v -2579.6283 966.2407 276.4695
f 12199 12200 12201
v -2559.6658 965.8785 284.6043
v -2560.0382 965.4166 284.9682
v -2560.0317 965.4137 268.4228
f 12202 12203 12204
v -2572.0246 975.3919 280.8351
v -2572.0262 975.3926 284.9749
v -2570.1614 973.8457 284.9719
f 12205 12206 12207
v -2570.1614 973.8457 284.9719
v -2572.0230 975.3913 276.6962
v -2572.0246 975.3919 280.8351
f 12208 12209 12210

g building_ID_6FF1B038-49B6-49EB-84F5-99EF0A0FB3B3
v -2606.3052 953.4525 270.9748
v -2617.5059 931.1469 270.9736
v -2620.0184 932.4447 270.9723
f 12211 12212 12213
v -2620.0184 932.4447 270.9723
v -2608.5411 954.6095 270.9737
v -2606.3052 953.4525 270.9748
f 12214 12215 12216
v -2620.0184 932.4447 270.9723
v -2620.0190 932.4449 272.5252
v -2608.5417 954.6099 272.5266
f 12217 12218 12219
v -2606.3052 953.4525 270.9748
v -2606.3058 953.4529 272.5277
v -2617.5059 931.1469 270.9736
f 12220 12221 12222
v -2613.7371 944.6212 291.7763
v -2620.0267 932.4482 291.7755
v -2607.9116 926.1878 291.7814
f 12223 12224 12225
v -2608.5503 954.6132 291.7769
v -2613.7371 944.6212 291.7763
v -2596.4552 948.3568 291.7828
f 12226 12227 12228
v -2607.9116 926.1878 291.7814
v -2596.4552 948.3568 291.7828
v -2613.7371 944.6212 291.7763
f 12229 12230 12231
v -2613.7294 944.6179 272.5260
v -2613.7371 944.6212 291.7763
v -2608.5458 954.6117 282.9283
f 12232 12233 12234
v -2613.7371 944.6212 291.7763
v -2608.5503 954.6132 291.7769
v -2608.5458 954.6117 282.9283
f 12235 12236 12237
v -2620.0190 932.4449 272.5252
v -2620.0267 932.4482 291.7755
v -2613.7294 944.6179 272.5260
f 12238 12239 12240
v -2613.7371 944.6212 291.7763
v -2613.7294 944.6179 272.5260
v -2620.0267 932.4482 291.7755
f 12241 12242 12243
v -2596.4477 948.3535 272.5325
v -2596.4552 948.3568 291.7828
v -2607.9116 926.1878 291.7814
f 12244 12245 12246
v -2617.5065 931.1473 272.5265
v -2606.3058 953.4529 272.5277
v -2596.4477 948.3535 272.5325
f 12247 12248 12249
v -2596.4477 948.3535 272.5325
v -2607.9040 926.1845 272.5311
v -2617.5065 931.1473 272.5265
f 12250 12251 12252
v -2613.7294 944.6179 272.5260
v -2608.5417 954.6099 272.5266
v -2620.0190 932.4449 272.5252
f 12253 12254 12255
v -2596.4552 948.3568 291.7828
v -2608.5458 954.6117 282.9283
v -2608.5503 954.6132 291.7769
f 12256 12257 12258
v -2606.3052 953.4525 270.9748
v -2608.5411 954.6095 270.9737
v -2606.3058 953.4529 272.5277
f 12259 12260 12261
v -2608.5417 954.6099 272.5266
v -2608.5458 954.6117 282.9283
v -2606.3058 953.4529 272.5277
f 12262 12263 12264
v -2606.3058 953.4529 272.5277
v -2608.5458 954.6117 282.9283
v -2596.4477 948.3535 272.5325
f 12265 12266 12267
v -2596.4552 948.3568 291.7828
v -2596.4477 948.3535 272.5325
v -2608.5458 954.6117 282.9283
f 12268 12269 12270
v -2620.0267 932.4482 291.7755
v -2617.5065 931.1473 272.5265
v -2607.9040 926.1845 272.5311
f 12271 12272 12273
v -2620.0184 932.4447 270.9723
v -2617.5059 931.1469 270.9736
v -2620.0190 932.4449 272.5252
f 12274 12275 12276
v -2620.0267 932.4482 291.7755
v -2607.9040 926.1845 272.5311
v -2607.9116 926.1878 291.7814
f 12277 12278 12279
v -2617.5065 931.1473 272.5265
v -2620.0267 932.4482 291.7755
v -2620.0190 932.4449 272.5252
f 12280 12281 12282
v -2620.0184 932.4447 270.9723
v -2608.5417 954.6099 272.5266
v -2608.5411 954.6095 270.9737
f 12283 12284 12285
v -2606.3058 953.4529 272.5277
v -2617.5065 931.1473 272.5265
v -2617.5059 931.1469 270.9736
f 12286 12287 12288
v -2613.7294 944.6179 272.5260
v -2608.5458 954.6117 282.9283
v -2608.5417 954.6099 272.5266
f 12289 12290 12291
v -2596.4477 948.3535 272.5325
v -2607.9116 926.1878 291.7814
v -2607.9040 926.1845 272.5311
f 12292 12293 12294
v -2608.5411 954.6095 270.9737
v -2608.5417 954.6099 272.5266
v -2606.3058 953.4529 272.5277
f 12295 12296 12297
v -2617.5059 931.1469 270.9736
v -2617.5065 931.1473 272.5265
v -2620.0190 932.4449 272.5252
f 12298 12299 12300

g building_ID_64596D8F-EC50-4FB4-9A11-32D25D87B2A5
v -2625.5466 960.0583 272.1839
v -2626.0146 964.1685 272.1831
v -2623.9685 963.1111 272.1841
f 12301 12302 12303
v -2626.0146 964.1685 272.1831
v -2625.5466 960.0583 272.1839
v -2627.6136 961.1719 272.1828
f 12304 12305 12306
v -2623.8359 963.0420 285.2417
v -2627.6188 961.1742 285.2404
v -2625.4130 959.9893 285.2415
f 12307 12308 12309
v -2625.0027 959.7722 285.2417
v -2623.8359 963.0420 285.2417
v -2625.4130 959.9893 285.2415
f 12310 12311 12312
v -2623.8168 963.0789 285.2417
v -2623.8359 963.0420 285.2417
v -2623.3604 962.8348 285.2419
f 12313 12314 12315
v -2625.0027 959.7722 285.2417
v -2623.3604 962.8348 285.2419
v -2623.8359 963.0420 285.2417
f 12316 12317 12318
v -2627.6188 961.1742 285.2404
v -2623.8359 963.0420 285.2417
v -2626.0198 964.1708 285.2407
f 12319 12320 12321
v -2627.6136 961.1719 272.1828
v -2627.6188 961.1742 285.2404
v -2626.0198 964.1708 285.2407
f 12322 12323 12324
v -2623.3595 962.8343 282.9209
v -2623.3604 962.8348 285.2419
v -2625.0027 959.7722 285.2417
f 12325 12326 12327
v -2623.8159 963.0785 282.9207
v -2623.8168 963.0789 285.2417
v -2623.3604 962.8348 285.2419
f 12328 12329 12330
v -2621.0699 968.3780 270.9665
v -2605.5738 960.3285 270.9741
v -2607.6735 956.2822 270.9739
f 12331 12332 12333
v -2607.6735 956.2822 270.9739
v -2623.8302 963.0395 270.9662
v -2621.0699 968.3780 270.9665
f 12334 12335 12336
v -2625.5472 960.0551 270.9660
v -2623.9680 963.1108 270.9662
v -2623.8302 963.0395 270.9662
f 12337 12338 12339
v -2623.8302 963.0395 270.9662
v -2607.6735 956.2822 270.9739
v -2608.5148 954.7075 270.9737
f 12340 12341 12342
v -2625.4094 959.9838 270.9660
v -2608.5148 954.7075 270.9737
v -2620.9129 930.7751 270.9722
f 12343 12344 12345
v -2620.9129 930.7751 270.9722
v -2636.3802 938.7685 270.9647
v -2625.4094 959.9838 270.9660
f 12346 12347 12348
v -2625.4094 959.9838 270.9660
v -2625.5472 960.0551 270.9660
v -2623.8302 963.0395 270.9662
f 12349 12350 12351
v -2608.5148 954.7075 270.9737
v -2625.4094 959.9838 270.9660
v -2623.8302 963.0395 270.9662
f 12352 12353 12354
v -2636.3802 938.7685 270.9647
v -2636.3850 938.7706 282.9192
v -2625.4078 959.9870 272.1839
f 12355 12356 12357
v -2636.3802 938.7685 270.9647
v -2625.4078 959.9870 272.1839
v -2625.4094 959.9838 270.9660
f 12358 12359 12360
v -2620.9129 930.7751 270.9722
v -2620.9176 930.7772 282.9267
v -2636.3850 938.7706 282.9192
f 12361 12362 12363
v -2608.5148 954.7075 270.9737
v -2608.5195 954.7096 282.9283
v -2620.9176 930.7772 282.9267
f 12364 12365 12366
v -2607.6735 956.2822 270.9739
v -2607.6783 956.2843 282.9285
v -2608.5195 954.7096 282.9283
f 12367 12368 12369
v -2605.5738 960.3285 270.9741
v -2605.5785 960.3307 282.9287
v -2607.6783 956.2843 282.9285
f 12370 12371 12372
v -2621.0699 968.3780 270.9665
v -2621.0746 968.3801 282.9211
v -2605.5785 960.3307 282.9287
f 12373 12374 12375
v -2625.0017 959.7717 282.9207
v -2620.9176 930.7772 282.9267
v -2608.5195 954.7096 282.9283
f 12376 12377 12378
v -2625.4141 959.9858 282.9205
v -2636.3850 938.7706 282.9192
v -2625.0017 959.7717 282.9207
f 12379 12380 12381
v -2620.9176 930.7772 282.9267
v -2625.0017 959.7717 282.9207
v -2636.3850 938.7706 282.9192
f 12382 12383 12384
v -2623.3595 962.8343 282.9209
v -2625.0017 959.7717 282.9207
v -2608.5195 954.7096 282.9283
f 12385 12386 12387
v -2623.3595 962.8343 282.9209
v -2607.6783 956.2843 282.9285
v -2605.5785 960.3307 282.9287
f 12388 12389 12390
v -2623.8159 963.0785 282.9207
v -2623.3595 962.8343 282.9209
v -2621.0746 968.3801 282.9211
f 12391 12392 12393
v -2605.5785 960.3307 282.9287
v -2621.0746 968.3801 282.9211
v -2623.3595 962.8343 282.9209
f 12394 12395 12396
v -2608.5195 954.7096 282.9283
v -2607.6783 956.2843 282.9285
v -2623.3595 962.8343 282.9209
f 12397 12398 12399
v -2625.5472 960.0551 270.9660
v -2625.5466 960.0583 272.1839
v -2623.9680 963.1108 270.9662
f 12400 12401 12402
v -2623.8302 963.0395 270.9662
v -2623.8359 963.0420 285.2417
v -2623.8159 963.0785 282.9207
f 12403 12404 12405
v -2623.8159 963.0785 282.9207
v -2621.0746 968.3801 282.9211
v -2623.8302 963.0395 270.9662
f 12406 12407 12408
v -2621.0699 968.3780 270.9665
v -2623.8302 963.0395 270.9662
v -2621.0746 968.3801 282.9211
f 12409 12410 12411
v -2623.8359 963.0420 285.2417
v -2623.8168 963.0789 285.2417
v -2623.8159 963.0785 282.9207
f 12412 12413 12414
v -2623.9685 963.1111 272.1841
v -2626.0146 964.1685 272.1831
v -2626.0198 964.1708 285.2407
f 12415 12416 12417
v -2623.9680 963.1108 270.9662
v -2623.9685 963.1111 272.1841
v -2623.8302 963.0395 270.9662
f 12418 12419 12420
v -2623.9685 963.1111 272.1841
v -2626.0198 964.1708 285.2407
v -2623.8359 963.0420 285.2417
f 12421 12422 12423
v -2623.9685 963.1111 272.1841
v -2623.8359 963.0420 285.2417
v -2623.8302 963.0395 270.9662
f 12424 12425 12426
v -2625.0017 959.7717 282.9207
v -2625.0027 959.7722 285.2417
v -2625.4130 959.9893 285.2415
f 12427 12428 12429
v -2625.4078 959.9870 272.1839
v -2625.5466 960.0583 272.1839
v -2625.4094 959.9838 270.9660
f 12430 12431 12432
v -2625.4130 959.9893 285.2415
v -2625.4141 959.9858 282.9205
v -2625.0017 959.7717 282.9207
f 12433 12434 12435
v -2625.5466 960.0583 272.1839
v -2625.4141 959.9858 282.9205
v -2627.6188 961.1742 285.2404
f 12436 12437 12438
v -2625.4130 959.9893 285.2415
v -2627.6188 961.1742 285.2404
v -2625.4141 959.9858 282.9205
f 12439 12440 12441
v -2627.6188 961.1742 285.2404
v -2627.6136 961.1719 272.1828
v -2625.5466 960.0583 272.1839
f 12442 12443 12444
v -2625.5466 960.0583 272.1839
v -2625.5472 960.0551 270.9660
v -2625.4094 959.9838 270.9660
f 12445 12446 12447
v -2625.4141 959.9858 282.9205
v -2625.5466 960.0583 272.1839
v -2625.4078 959.9870 272.1839
f 12448 12449 12450
v -2627.6136 961.1719 272.1828
v -2626.0198 964.1708 285.2407
v -2626.0146 964.1685 272.1831
f 12451 12452 12453
v -2623.3595 962.8343 282.9209
v -2625.0027 959.7722 285.2417
v -2625.0017 959.7717 282.9207
f 12454 12455 12456
v -2623.8159 963.0785 282.9207
v -2623.3604 962.8348 285.2419
v -2623.3595 962.8343 282.9209
f 12457 12458 12459
v -2636.3850 938.7706 282.9192
v -2625.4141 959.9858 282.9205
v -2625.4078 959.9870 272.1839
f 12460 12461 12462
v -2620.9129 930.7751 270.9722
v -2636.3850 938.7706 282.9192
v -2636.3802 938.7685 270.9647
f 12463 12464 12465
v -2608.5148 954.7075 270.9737
v -2620.9176 930.7772 282.9267
v -2620.9129 930.7751 270.9722
f 12466 12467 12468
v -2607.6735 956.2822 270.9739
v -2608.5195 954.7096 282.9283
v -2608.5148 954.7075 270.9737
f 12469 12470 12471
v -2605.5738 960.3285 270.9741
v -2607.6783 956.2843 282.9285
v -2607.6735 956.2822 270.9739
f 12472 12473 12474
v -2621.0699 968.3780 270.9665
v -2605.5785 960.3307 282.9287
v -2605.5738 960.3285 270.9741
f 12475 12476 12477
v -2625.5466 960.0583 272.1839
v -2623.9685 963.1111 272.1841
v -2623.9680 963.1108 270.9662
f 12478 12479 12480

g building_ID_7DAE646C-8E29-46F8-9C9B-7D68CEC4969D
v -2619.7906 989.2932 270.4519
v -2623.1106 980.6812 270.4518
v -2623.6281 980.8796 270.4516
f 12481 12482 12483
v -2623.1106 980.6812 270.4518
v -2619.7906 989.2932 270.4519
v -2619.8331 979.3924 270.4534
f 12484 12485 12486
v -2620.6656 989.6395 270.4514
v -2619.7906 989.2932 270.4519
v -2623.6281 980.8796 270.4516
f 12487 12488 12489
v -2613.4760 984.3133 270.4552
v -2619.7906 989.2932 270.4519
v -2613.8441 986.8562 270.4547
f 12490 12491 12492
v -2613.4760 984.3133 270.4552
v -2613.4764 984.1883 270.4552
v -2619.8331 979.3924 270.4534
f 12493 12494 12495
v -2619.7906 989.2932 270.4519
v -2613.4760 984.3133 270.4552
v -2619.8331 979.3924 270.4534
f 12496 12497 12498
v -2621.6032 985.0596 278.7105
v -2623.2667 980.7411 278.7105
v -2623.1139 980.6827 278.7105
f 12499 12500 12501
v -2620.6689 989.6410 278.7101
v -2620.7767 989.3233 278.7101
v -2620.0665 989.0493 278.7105
f 12502 12503 12504
v -2621.6032 985.0596 278.7105
v -2623.1139 980.6827 278.7105
v -2619.8364 979.3939 278.7121
f 12505 12506 12507
v -2621.6032 985.0596 278.7105
v -2613.4797 984.1898 278.7139
v -2613.4793 984.3148 278.7139
f 12508 12509 12510
v -2613.4793 984.3148 278.7139
v -2613.8474 986.8578 278.7134
v -2621.6032 985.0596 278.7105
f 12511 12512 12513
v -2619.7938 989.2946 278.7106
v -2620.0665 989.0493 278.7105
v -2613.8474 986.8578 278.7134
f 12514 12515 12516
v -2613.8474 986.8578 278.7134
v -2620.0665 989.0493 278.7105
v -2621.6032 985.0596 278.7105
f 12517 12518 12519
v -2620.6689 989.6410 278.7101
v -2620.0665 989.0493 278.7105
v -2619.7938 989.2946 278.7106
f 12520 12521 12522
v -2613.4797 984.1898 278.7139
v -2621.6032 985.0596 278.7105
v -2619.8364 979.3939 278.7121
f 12523 12524 12525
v -2613.8441 986.8562 270.4547
v -2613.8474 986.8578 278.7134
v -2613.4793 984.3148 278.7139
f 12526 12527 12528
v -2619.7906 989.2932 270.4519
v -2619.7938 989.2946 278.7106
v -2613.8474 986.8578 278.7134
f 12529 12530 12531
v -2620.6656 989.6395 270.4514
v -2620.6689 989.6410 278.7101
v -2619.7938 989.2946 278.7106
f 12532 12533 12534
v -2620.7738 989.3219 271.2304
v -2623.6281 980.8796 270.4516
v -2623.6284 980.8797 271.2306
f 12535 12536 12537
v -2620.6656 989.6395 270.4514
v -2620.7738 989.3219 271.2304
v -2620.6689 989.6410 278.7101
f 12538 12539 12540
v -2620.7767 989.3233 278.7101
v -2620.6689 989.6410 278.7101
v -2620.7738 989.3219 271.2304
f 12541 12542 12543
v -2623.6281 980.8796 270.4516
v -2620.7738 989.3219 271.2304
v -2620.6656 989.6395 270.4514
f 12544 12545 12546
v -2613.4764 984.1883 270.4552
v -2613.4797 984.1898 278.7139
v -2619.8364 979.3939 278.7121
f 12547 12548 12549
v -2613.4760 984.3133 270.4552
v -2613.4793 984.3148 278.7139
v -2613.4797 984.1898 278.7139
f 12550 12551 12552
v -2641.2808 992.6439 281.6861
v -2621.6044 985.0601 281.6954
v -2620.0670 989.0496 279.9175
f 12553 12554 12555
v -2620.0670 989.0496 279.9175
v -2639.7474 996.6354 279.9082
v -2641.2808 992.6439 281.6861
f 12556 12557 12558
v -2636.6118 985.8606 271.2245
v -2636.6138 985.8615 276.1513
v -2641.9220 990.9607 271.2215
f 12559 12560 12561
v -2641.9220 990.9607 271.2215
v -2636.6153 985.8620 279.8012
v -2641.9260 990.9625 280.9551
f 12562 12563 12564
v -2641.9220 990.9607 271.2215
v -2639.7438 996.6338 271.2215
v -2623.6284 980.8797 271.2306
f 12565 12566 12567
v -2641.9220 990.9607 271.2215
v -2623.6284 980.8797 271.2306
v -2636.6118 985.8606 271.2245
f 12568 12569 12570
v -2639.7438 996.6338 271.2215
v -2620.7738 989.3219 271.2304
v -2623.6284 980.8797 271.2306
f 12571 12572 12573
v -2639.7438 996.6338 271.2215
v -2639.7474 996.6354 279.9082
v -2620.7767 989.3233 278.7101
f 12574 12575 12576
v -2620.0670 989.0496 279.9175
v -2620.7767 989.3233 278.7101
v -2639.7474 996.6354 279.9082
f 12577 12578 12579
v -2620.7738 989.3219 271.2304
v -2639.7438 996.6338 271.2215
v -2620.7767 989.3233 278.7101
f 12580 12581 12582
v -2620.0670 989.0496 279.9175
v -2620.0665 989.0493 278.7105
v -2620.7767 989.3233 278.7101
f 12583 12584 12585
v -2619.8364 979.3939 278.7121
v -2623.1139 980.6827 278.7105
v -2623.1106 980.6812 270.4518
f 12586 12587 12588
v -2623.1106 980.6812 270.4518
v -2623.1139 980.6827 278.7105
v -2623.6284 980.8797 271.2306
f 12589 12590 12591
v -2623.6284 980.8797 271.2306
v -2623.6281 980.8796 270.4516
v -2623.1106 980.6812 270.4518
f 12592 12593 12594
v -2623.2667 980.7411 278.7105
v -2623.6284 980.8797 271.2306
v -2623.1139 980.6827 278.7105
f 12595 12596 12597
v -2641.2808 992.6439 281.6861
v -2639.7474 996.6354 279.9082
v -2641.9260 990.9625 280.9551
f 12598 12599 12600
v -2641.9220 990.9607 271.2215
v -2641.9260 990.9625 280.9551
v -2639.7438 996.6338 271.2215
f 12601 12602 12603
v -2639.7474 996.6354 279.9082
v -2639.7438 996.6338 271.2215
v -2641.9260 990.9625 280.9551
f 12604 12605 12606
v -2621.6044 985.0601 281.6954
v -2621.6032 985.0596 278.7105
v -2620.0665 989.0493 278.7105
f 12607 12608 12609
v -2620.0670 989.0496 279.9175
v -2621.6044 985.0601 281.6954
v -2620.0665 989.0493 278.7105
f 12610 12611 12612
v -2621.6032 985.0596 278.7105
v -2623.2672 980.7413 279.8175
v -2623.2667 980.7411 278.7105
f 12613 12614 12615
v -2621.6044 985.0601 281.6954
v -2623.2672 980.7413 279.8175
v -2621.6032 985.0596 278.7105
f 12616 12617 12618
v -2636.6153 985.8620 279.8012
v -2641.2808 992.6439 281.6861
v -2641.9260 990.9625 280.9551
f 12619 12620 12621
v -2641.2808 992.6439 281.6861
v -2636.6153 985.8620 279.8012
v -2630.9132 983.6748 279.8079
f 12622 12623 12624
v -2621.6044 985.0601 281.6954
v -2630.9132 983.6748 279.8079
v -2625.2041 981.4845 279.8145
f 12625 12626 12627
v -2625.2041 981.4845 279.8145
v -2623.2672 980.7413 279.8175
v -2621.6044 985.0601 281.6954
f 12628 12629 12630
v -2630.9132 983.6748 279.8079
v -2621.6044 985.0601 281.6954
v -2641.2808 992.6439 281.6861
f 12631 12632 12633
v -2625.2041 981.4845 279.8145
v -2623.2667 980.7411 278.7105
v -2623.2672 980.7413 279.8175
f 12634 12635 12636
v -2623.2667 980.7411 278.7105
v -2625.2041 981.4845 279.8145
v -2630.9132 983.6748 279.8079
f 12637 12638 12639
v -2623.2667 980.7411 278.7105
v -2636.6138 985.8615 276.1513
v -2623.6284 980.8797 271.2306
f 12640 12641 12642
v -2636.6138 985.8615 276.1513
v -2623.2667 980.7411 278.7105
v -2630.9132 983.6748 279.8079
f 12643 12644 12645
v -2630.9132 983.6748 279.8079
v -2636.6153 985.8620 279.8012
v -2636.6138 985.8615 276.1513
f 12646 12647 12648
v -2623.6284 980.8797 271.2306
v -2636.6138 985.8615 276.1513
v -2636.6118 985.8606 271.2245
f 12649 12650 12651
v -2613.8441 986.8562 270.4547
v -2613.4793 984.3148 278.7139
v -2613.4760 984.3133 270.4552
f 12652 12653 12654
v -2619.7906 989.2932 270.4519
v -2613.8474 986.8578 278.7134
v -2613.8441 986.8562 270.4547
f 12655 12656 12657
v -2620.6656 989.6395 270.4514
v -2619.7938 989.2946 278.7106
v -2619.7906 989.2932 270.4519
f 12658 12659 12660
v -2613.4764 984.1883 270.4552
v -2619.8364 979.3939 278.7121
v -2619.8331 979.3924 270.4534
f 12661 12662 12663
v -2613.4760 984.3133 270.4552
v -2613.4797 984.1898 278.7139
v -2613.4764 984.1883 270.4552
f 12664 12665 12666
v -2636.6138 985.8615 276.1513
v -2636.6153 985.8620 279.8012
v -2641.9220 990.9607 271.2215
f 12667 12668 12669
v -2619.8364 979.3939 278.7121
v -2623.1106 980.6812 270.4518
v -2619.8331 979.3924 270.4534
f 12670 12671 12672

g building_ID_39A132D7-7295-4607-A75D-139E415632DD
v -2579.7623 982.5944 268.4123
v -2573.8766 976.9307 268.4155
v -2575.6003 971.0814 268.4157
f 12673 12674 12675
v -2575.6003 971.0814 268.4157
v -2590.3760 983.4140 268.4079
v -2579.7623 982.5944 268.4123
f 12676 12677 12678
v -2572.0198 975.3898 268.4165
v -2575.6003 971.0814 268.4157
v -2573.8766 976.9307 268.4155
f 12679 12680 12681
v -2579.7623 982.5944 268.4123
v -2573.5154 977.3948 268.4156
v -2573.8766 976.9307 268.4155
f 12682 12683 12684
v -2579.6252 966.2393 268.4148
v -2594.4250 978.5399 268.4070
v -2590.3760 983.4140 268.4079
f 12685 12686 12687
v -2590.3760 983.4140 268.4079
v -2584.7033 985.9297 268.4098
v -2579.7623 982.5944 268.4123
f 12688 12689 12690
v -2590.3760 983.4140 268.4079
v -2586.8205 987.6933 268.4086
v -2584.7033 985.9297 268.4098
f 12691 12692 12693
v -2579.7623 982.5944 268.4123
v -2584.7033 985.9297 268.4098
v -2584.3210 986.3896 268.4098
f 12694 12695 12696
v -2579.6252 966.2393 268.4148
v -2590.3760 983.4140 268.4079
v -2575.6003 971.0814 268.4157
f 12697 12698 12699
v -2587.0609 972.4170 284.5313
v -2590.3838 983.4175 288.4032
v -2594.4314 978.5427 284.5154
f 12700 12701 12702
v -2575.6081 971.0849 288.4110
v -2587.0609 972.4170 284.5313
v -2579.6315 966.2422 284.5472
f 12703 12704 12705
v -2590.3838 983.4175 288.4032
v -2587.0609 972.4170 284.5313
v -2575.6081 971.0849 288.4110
f 12706 12707 12708
v -2573.8831 976.9336 284.9779
v -2573.5217 977.3976 284.6180
v -2578.9246 981.8950 284.6201
f 12709 12710 12711
v -2573.8831 976.9336 284.9779
v -2575.6081 971.0849 288.4110
v -2572.0262 975.3926 284.9749
f 12712 12713 12714
v -2573.8831 976.9336 284.9779
v -2578.9246 981.8950 284.6201
v -2575.6081 971.0849 288.4110
f 12715 12716 12717
v -2578.9246 981.8950 284.6201
v -2584.3275 986.3926 284.6232
v -2584.7098 985.9326 284.9902
f 12718 12719 12720
v -2590.3838 983.4175 288.4032
v -2584.7098 985.9326 284.9902
v -2586.8270 987.6963 284.9900
f 12721 12722 12723
v -2578.9246 981.8950 284.6201
v -2584.7098 985.9326 284.9902
v -2590.3838 983.4175 288.4032
f 12724 12725 12726
v -2575.6081 971.0849 288.4110
v -2578.9246 981.8950 284.6201
v -2590.3838 983.4175 288.4032
f 12727 12728 12729
v -2579.6252 966.2393 268.4148
v -2579.6284 966.2407 276.4805
v -2587.0609 972.4170 284.5313
f 12730 12731 12732
v -2587.0609 972.4170 284.5313
v -2594.4314 978.5427 284.5154
v -2594.4297 978.5420 280.4826
f 12733 12734 12735
v -2594.4282 978.5412 276.4487
v -2594.4250 978.5399 268.4070
v -2587.0609 972.4170 284.5313
f 12736 12737 12738
v -2579.6252 966.2393 268.4148
v -2587.0609 972.4170 284.5313
v -2594.4250 978.5399 268.4070
f 12739 12740 12741
v -2573.8766 976.9307 268.4155
v -2573.5154 977.3948 268.4156
v -2573.5217 977.3976 284.6180
f 12742 12743 12744
v -2573.8766 976.9307 268.4155
v -2573.5217 977.3976 284.6180
v -2573.8831 976.9336 284.9779
f 12745 12746 12747
v -2584.3210 986.3896 268.4098
v -2584.3275 986.3926 284.6232
v -2578.9246 981.8950 284.6201
f 12748 12749 12750
v -2573.5217 977.3976 284.6180
v -2579.7623 982.5944 268.4123
v -2584.3210 986.3896 268.4098
f 12751 12752 12753
v -2573.5217 977.3976 284.6180
v -2573.5154 977.3948 268.4156
v -2579.7623 982.5944 268.4123
f 12754 12755 12756
v -2584.3210 986.3896 268.4098
v -2584.7033 985.9297 268.4098
v -2584.7098 985.9326 284.9902
f 12757 12758 12759
v -2586.8246 987.6952 278.7723
v -2586.8270 987.6963 284.9900
v -2584.7098 985.9326 284.9902
f 12760 12761 12762
v -2586.8221 987.6940 272.5545
v -2586.8246 987.6952 278.7723
v -2584.7098 985.9326 284.9902
f 12763 12764 12765
v -2586.8205 987.6933 268.4086
v -2584.7098 985.9326 284.9902
v -2584.7033 985.9297 268.4098
f 12766 12767 12768
v -2573.8766 976.9307 268.4155
v -2573.8831 976.9336 284.9779
v -2572.0262 975.3926 284.9749
f 12769 12770 12771
v -2572.0246 975.3919 280.8341
v -2572.0230 975.3913 276.6932
v -2573.8766 976.9307 268.4155
f 12772 12773 12774
v -2572.0246 975.3919 280.8341
v -2572.0262 975.3926 284.9749
v -2575.6081 971.0849 288.4110
f 12775 12776 12777
v -2579.6300 966.2415 280.5144
v -2572.0230 975.3913 276.6932
v -2572.0246 975.3919 280.8341
f 12778 12779 12780
v -2572.0230 975.3913 276.6932
v -2575.6003 971.0814 268.4157
v -2572.0198 975.3898 268.4165
f 12781 12782 12783
v -2572.0246 975.3919 280.8341
v -2575.6081 971.0849 288.4110
v -2579.6300 966.2415 280.5144
f 12784 12785 12786
v -2572.0230 975.3913 276.6932
v -2579.6284 966.2407 276.4805
v -2575.6003 971.0814 268.4157
f 12787 12788 12789
v -2579.6300 966.2415 280.5144
v -2579.6284 966.2407 276.4805
v -2572.0230 975.3913 276.6932
f 12790 12791 12792
v -2579.6284 966.2407 276.4805
v -2579.6252 966.2393 268.4148
v -2575.6003 971.0814 268.4157
f 12793 12794 12795
v -2579.6315 966.2422 284.5472
v -2579.6300 966.2415 280.5144
v -2575.6081 971.0849 288.4110
f 12796 12797 12798
v -2594.4282 978.5412 276.4487
v -2586.8221 987.6940 272.5545
v -2590.3760 983.4140 268.4079
f 12799 12800 12801
v -2594.4282 978.5412 276.4487
v -2594.4297 978.5420 280.4826
v -2586.8246 987.6952 278.7723
f 12802 12803 12804
v -2594.4282 978.5412 276.4487
v -2590.3760 983.4140 268.4079
v -2594.4250 978.5399 268.4070
f 12805 12806 12807
v -2590.3838 983.4175 288.4032
v -2594.4297 978.5420 280.4826
v -2594.4314 978.5427 284.5154
f 12808 12809 12810
v -2586.8246 987.6952 278.7723
v -2590.3838 983.4175 288.4032
v -2586.8270 987.6963 284.9900
f 12811 12812 12813
v -2586.8221 987.6940 272.5545
v -2586.8205 987.6933 268.4086
v -2590.3760 983.4140 268.4079
f 12814 12815 12816
v -2586.8246 987.6952 278.7723
v -2586.8221 987.6940 272.5545
v -2594.4282 978.5412 276.4487
f 12817 12818 12819
v -2594.4297 978.5420 280.4826
v -2590.3838 983.4175 288.4032
v -2586.8246 987.6952 278.7723
f 12820 12821 12822
v -2579.6300 966.2415 280.5144
v -2579.6315 966.2422 284.5472
v -2587.0609 972.4170 284.5313
f 12823 12824 12825
v -2587.0609 972.4170 284.5313
v -2579.6284 966.2407 276.4805
v -2579.6300 966.2415 280.5144
f 12826 12827 12828
v -2587.0609 972.4170 284.5313
v -2594.4297 978.5420 280.4826
v -2594.4282 978.5412 276.4487
f 12829 12830 12831
v -2584.3210 986.3896 268.4098
v -2578.9246 981.8950 284.6201
v -2573.5217 977.3976 284.6180
f 12832 12833 12834
v -2584.3275 986.3926 284.6232
v -2584.3210 986.3896 268.4098
v -2584.7098 985.9326 284.9902
f 12835 12836 12837
v -2586.8221 987.6940 272.5545
v -2584.7098 985.9326 284.9902
v -2586.8205 987.6933 268.4086
f 12838 12839 12840
v -2572.0246 975.3919 280.8341
v -2573.8766 976.9307 268.4155
v -2572.0262 975.3926 284.9749
f 12841 12842 12843
v -2573.8766 976.9307 268.4155
v -2572.0230 975.3913 276.6932
v -2572.0198 975.3898 268.4165
f 12844 12845 12846

g building_ID_308865D2-5950-45CE-BB8A-307337227133
v -2540.5396 965.8863 268.1156
v -2552.3060 980.5917 268.1087
v -2542.6624 988.3077 268.1114
f 12847 12848 12849
v -2542.6624 988.3077 268.1114
v -2530.8831 973.5872 268.1183
v -2540.5396 965.8863 268.1156
f 12850 12851 12852
v -2542.6654 988.3090 275.7641
v -2540.5426 965.8876 275.7683
v -2530.8861 973.5886 275.7710
f 12853 12854 12855
v -2540.5426 965.8876 275.7683
v -2542.6654 988.3090 275.7641
v -2552.3090 980.5930 275.7614
f 12856 12857 12858
v -2552.3060 980.5917 268.1087
v -2552.3090 980.5930 275.7614
v -2542.6654 988.3090 275.7641
f 12859 12860 12861
v -2540.5396 965.8863 268.1156
v -2540.5426 965.8876 275.7683
v -2552.3090 980.5930 275.7614
f 12862 12863 12864
v -2530.8831 973.5872 268.1183
v -2530.8861 973.5886 275.7710
v -2540.5426 965.8876 275.7683
f 12865 12866 12867
v -2542.6624 988.3077 268.1114
v -2542.6654 988.3090 275.7641
v -2530.8861 973.5886 275.7710
f 12868 12869 12870
v -2552.3060 980.5917 268.1087
v -2542.6654 988.3090 275.7641
v -2542.6624 988.3077 268.1114
f 12871 12872 12873
v -2540.5396 965.8863 268.1156
v -2552.3090 980.5930 275.7614
v -2552.3060 980.5917 268.1087
f 12874 12875 12876
v -2530.8831 973.5872 268.1183
v -2540.5426 965.8876 275.7683
v -2540.5396 965.8863 268.1156
f 12877 12878 12879
v -2542.6624 988.3077 268.1114
v -2530.8861 973.5886 275.7710
v -2530.8831 973.5872 268.1183
f 12880 12881 12882

g building_ID_09CDB14F-55E4-4CFA-B0D4-7E7ADF96BEF9
v -2600.9524 1005.1850 268.5202
v -2564.1044 1016.5729 268.5333
v -2596.7412 999.6718 268.5227
f 12883 12884 12885
v -2596.7412 999.6718 268.5227
v -2564.1044 1016.5729 268.5333
v -2592.8709 994.6035 268.5251
f 12886 12887 12888
v -2567.9747 1021.6412 268.5310
v -2600.9524 1005.1850 268.5202
v -2572.1868 1027.1565 268.5284
f 12889 12890 12891
v -2600.9524 1005.1850 268.5202
v -2567.9747 1021.6412 268.5310
v -2564.1044 1016.5729 268.5333
f 12892 12893 12894
v -2567.9816 1021.6445 286.3083
v -2572.1923 1027.1591 282.7818
v -2600.9580 1005.1876 282.7747
f 12895 12896 12897
v -2567.9816 1021.6445 286.3083
v -2600.9580 1005.1876 282.7747
v -2596.7482 999.6750 286.3001
f 12898 12899 12900
v -2596.7482 999.6750 286.3001
v -2592.8765 994.6061 282.7896
v -2567.9816 1021.6445 286.3083
f 12901 12902 12903
v -2564.1099 1016.5755 282.7977
v -2567.9816 1021.6445 286.3083
v -2592.8765 994.6061 282.7896
f 12904 12905 12906
v -2600.9566 1005.1869 279.2108
v -2600.9580 1005.1876 282.7747
v -2572.1910 1027.1584 279.2180
f 12907 12908 12909
v -2572.1896 1027.1578 275.6541
v -2572.1868 1027.1565 268.5284
v -2600.9566 1005.1869 279.2108
f 12910 12911 12912
v -2600.9524 1005.1850 268.5202
v -2600.9566 1005.1869 279.2108
v -2572.1868 1027.1565 268.5284
f 12913 12914 12915
v -2564.1085 1016.5749 279.2319
v -2564.1099 1016.5755 282.7977
v -2592.8765 994.6061 282.7896
f 12916 12917 12918
v -2564.1044 1016.5729 268.5333
v -2564.1071 1016.5742 275.6650
v -2592.8765 994.6061 282.7896
f 12919 12920 12921
v -2592.8737 994.6047 275.6569
v -2564.1044 1016.5729 268.5333
v -2592.8765 994.6061 282.7896
f 12922 12923 12924
v -2564.1044 1016.5729 268.5333
v -2592.8737 994.6047 275.6569
v -2592.8709 994.6035 268.5251
f 12925 12926 12927
v -2564.1071 1016.5742 275.6650
v -2567.9747 1021.6412 268.5310
v -2572.1896 1027.1578 275.6541
f 12928 12929 12930
v -2572.1896 1027.1578 275.6541
v -2567.9747 1021.6412 268.5310
v -2572.1868 1027.1565 268.5284
f 12931 12932 12933
v -2564.1071 1016.5742 275.6650
v -2572.1896 1027.1578 275.6541
v -2572.1910 1027.1584 279.2180
f 12934 12935 12936
v -2564.1085 1016.5749 279.2319
v -2572.1910 1027.1584 279.2180
v -2567.9816 1021.6445 286.3083
f 12937 12938 12939
v -2564.1099 1016.5755 282.7977
v -2564.1085 1016.5749 279.2319
v -2567.9816 1021.6445 286.3083
f 12940 12941 12942
v -2564.1071 1016.5742 275.6650
v -2564.1044 1016.5729 268.5333
v -2567.9747 1021.6412 268.5310
f 12943 12944 12945
v -2564.1085 1016.5749 279.2319
v -2564.1071 1016.5742 275.6650
v -2572.1910 1027.1584 279.2180
f 12946 12947 12948
v -2572.1910 1027.1584 279.2180
v -2572.1923 1027.1591 282.7818
v -2567.9816 1021.6445 286.3083
f 12949 12950 12951
v -2600.9524 1005.1850 268.5202
v -2592.8737 994.6047 275.6569
v -2592.8765 994.6061 282.7896
f 12952 12953 12954
v -2592.8737 994.6047 275.6569
v -2596.7412 999.6718 268.5227
v -2592.8709 994.6035 268.5251
f 12955 12956 12957
v -2600.9566 1005.1869 279.2108
v -2592.8765 994.6061 282.7896
v -2596.7482 999.6750 286.3001
f 12958 12959 12960
v -2600.9566 1005.1869 279.2108
v -2600.9524 1005.1850 268.5202
v -2592.8765 994.6061 282.7896
f 12961 12962 12963
v -2596.7412 999.6718 268.5227
v -2592.8737 994.6047 275.6569
v -2600.9524 1005.1850 268.5202
f 12964 12965 12966
v -2600.9580 1005.1876 282.7747
v -2600.9566 1005.1869 279.2108
v -2596.7482 999.6750 286.3001
f 12967 12968 12969
v -2600.9580 1005.1876 282.7747
v -2572.1923 1027.1591 282.7818
v -2572.1910 1027.1584 279.2180
f 12970 12971 12972
v -2600.9566 1005.1869 279.2108
v -2572.1910 1027.1584 279.2180
v -2572.1896 1027.1578 275.6541
f 12973 12974 12975
v -2592.8765 994.6061 282.7896
v -2564.1071 1016.5742 275.6650
v -2564.1085 1016.5749 279.2319
f 12976 12977 12978

g building_ID_3BE62CAB-ED91-4B30-A22E-F98436E213CC
v -2549.5009 1032.0675 268.4387
v -2520.9351 997.5313 268.4555
v -2525.6365 993.6430 268.4543
f 12979 12980 12981
v -2520.9351 997.5313 268.4555
v -2549.5009 1032.0675 268.4387
v -2516.5544 1001.1555 268.4567
f 12982 12983 12984
v -2549.5009 1032.0675 268.4387
v -2545.1192 1035.6916 268.4399
v -2516.5544 1001.1555 268.4567
f 12985 12986 12987
v -2554.2023 1028.1791 268.4375
v -2549.5009 1032.0675 268.4387
v -2525.6365 993.6430 268.4543
f 12988 12989 12990
v -2549.5066 1032.0702 283.1332
v -2554.2067 1028.1812 279.9800
v -2539.9323 1010.9232 279.9895
f 12991 12992 12993
v -2539.9323 1010.9232 279.9895
v -2525.6409 993.6450 279.9979
v -2520.9407 997.5339 283.1500
f 12994 12995 12996
v -2549.5066 1032.0702 283.1332
v -2539.9323 1010.9232 279.9895
v -2520.9407 997.5339 283.1500
f 12997 12998 12999
v -2530.8482 1018.4337 280.0169
v -2520.9407 997.5339 283.1500
v -2516.5589 1001.1575 280.0253
f 13000 13001 13002
v -2549.5066 1032.0702 283.1332
v -2530.8482 1018.4337 280.0169
v -2545.1238 1035.6938 280.0085
f 13003 13004 13005
v -2520.9407 997.5339 283.1500
v -2530.8482 1018.4337 280.0169
v -2549.5066 1032.0702 283.1332
f 13006 13007 13008
v -2525.6398 993.6445 277.1120
v -2525.6409 993.6450 279.9979
v -2539.9323 1010.9232 279.9895
f 13009 13010 13011
v -2525.6365 993.6430 268.4543
v -2539.9323 1010.9232 279.9895
v -2554.2023 1028.1791 268.4375
f 13012 13013 13014
v -2554.2023 1028.1791 268.4375
v -2539.9323 1010.9232 279.9895
v -2554.2042 1028.1801 273.4873
f 13015 13016 13017
v -2545.1220 1035.6930 275.6696
v -2545.1238 1035.6938 280.0085
v -2530.8482 1018.4337 280.0169
f 13018 13019 13020
v -2516.5544 1001.1555 268.4567
v -2545.1192 1035.6916 268.4399
v -2530.8482 1018.4337 280.0169
f 13021 13022 13023
v -2545.1192 1035.6916 268.4399
v -2545.1220 1035.6930 275.6696
v -2530.8482 1018.4337 280.0169
f 13024 13025 13026
v -2516.5566 1001.1565 274.2405
v -2516.5544 1001.1555 268.4567
v -2530.8482 1018.4337 280.0169
f 13027 13028 13029
v -2554.2042 1028.1801 273.4873
v -2549.5009 1032.0675 268.4387
v -2554.2023 1028.1791 268.4375
f 13030 13031 13032
v -2549.5066 1032.0702 283.1332
v -2554.2042 1028.1801 273.4873
v -2554.2067 1028.1812 279.9800
f 13033 13034 13035
v -2545.1220 1035.6930 275.6696
v -2549.5066 1032.0702 283.1332
v -2545.1238 1035.6938 280.0085
f 13036 13037 13038
v -2545.1192 1035.6916 268.4399
v -2549.5009 1032.0675 268.4387
v -2545.1220 1035.6930 275.6696
f 13039 13040 13041
v -2545.1220 1035.6930 275.6696
v -2549.5009 1032.0675 268.4387
v -2554.2042 1028.1801 273.4873
f 13042 13043 13044
v -2549.5066 1032.0702 283.1332
v -2545.1220 1035.6930 275.6696
v -2554.2042 1028.1801 273.4873
f 13045 13046 13047
v -2525.6365 993.6430 268.4543
v -2516.5566 1001.1565 274.2405
v -2516.5589 1001.1575 280.0253
f 13048 13049 13050
v -2516.5566 1001.1565 274.2405
v -2520.9351 997.5313 268.4555
v -2516.5544 1001.1555 268.4567
f 13051 13052 13053
v -2525.6398 993.6445 277.1120
v -2516.5589 1001.1575 280.0253
v -2520.9407 997.5339 283.1500
f 13054 13055 13056
v -2525.6398 993.6445 277.1120
v -2525.6365 993.6430 268.4543
v -2516.5589 1001.1575 280.0253
f 13057 13058 13059
v -2520.9351 997.5313 268.4555
v -2516.5566 1001.1565 274.2405
v -2525.6365 993.6430 268.4543
f 13060 13061 13062
v -2525.6409 993.6450 279.9979
v -2525.6398 993.6445 277.1120
v -2520.9407 997.5339 283.1500
f 13063 13064 13065
v -2539.9323 1010.9232 279.9895
v -2525.6365 993.6430 268.4543
v -2525.6398 993.6445 277.1120
f 13066 13067 13068
v -2539.9323 1010.9232 279.9895
v -2554.2067 1028.1812 279.9800
v -2554.2042 1028.1801 273.4873
f 13069 13070 13071
v -2530.8482 1018.4337 280.0169
v -2516.5589 1001.1575 280.0253
v -2516.5566 1001.1565 274.2405
f 13072 13073 13074

g building_ID_45973D89-3741-4974-9B8D-151E8E2525AC
v -2561.8218 1057.2520 267.4796
v -2557.1146 1051.7564 267.4824
v -2559.4735 1051.3767 267.4816
f 13075 13076 13077
v -2559.2898 1050.9123 267.4817
v -2559.4735 1051.3767 267.4816
v -2557.1146 1051.7564 267.4824
f 13078 13079 13080
v -2561.8218 1057.2520 267.4796
v -2559.4735 1051.3767 267.4816
v -2564.5006 1056.1912 267.4787
f 13081 13082 13083
v -2559.4735 1051.3767 267.4816
v -2569.1407 1047.5408 267.4783
v -2564.5006 1056.1912 267.4787
f 13084 13085 13086
v -2559.8595 1058.8307 267.4802
v -2557.1146 1051.7564 267.4824
v -2561.8218 1057.2520 267.4796
f 13087 13088 13089
v -2562.1009 1057.9607 267.4794
v -2559.8595 1058.8307 267.4802
v -2561.8218 1057.2520 267.4796
f 13090 13091 13092
v -2568.7880 1054.4928 267.4773
v -2564.9198 1056.8674 267.4785
v -2564.5006 1056.1912 267.4787
f 13093 13094 13095
v -2569.1407 1047.5408 267.4783
v -2571.4659 1053.4319 267.4764
v -2568.7880 1054.4928 267.4773
f 13096 13097 13098
v -2569.1407 1047.5408 267.4783
v -2568.7880 1054.4928 267.4773
v -2564.5006 1056.1912 267.4787
f 13099 13100 13101
v -2569.1407 1047.5408 267.4783
v -2568.9868 1047.1504 267.4784
v -2570.4893 1046.5674 267.4779
f 13102 13103 13104
v -2570.4893 1046.5674 267.4779
v -2571.4659 1053.4319 267.4764
v -2569.1407 1047.5408 267.4783
f 13105 13106 13107
v -2571.7708 1054.2098 267.4761
v -2571.4659 1053.4319 267.4764
v -2573.2343 1053.6417 267.4757
f 13108 13109 13110
v -2570.4893 1046.5674 267.4779
v -2573.2343 1053.6417 267.4757
v -2571.4659 1053.4319 267.4764
f 13111 13112 13113
v -2564.9198 1056.8674 267.4785
v -2568.7880 1054.4928 267.4773
v -2568.9479 1055.3052 267.4771
f 13114 13115 13116
v -2568.7904 1054.4939 273.4371
v -2570.5352 1053.8025 273.4365
v -2568.2441 1047.8985 273.4384
f 13117 13118 13119
v -2564.5029 1056.1924 273.4385
v -2568.9502 1055.3063 273.4369
v -2568.7904 1054.4939 273.4371
f 13120 13121 13122
v -2568.7904 1054.4939 273.4371
v -2568.2441 1047.8985 273.4384
v -2564.5029 1056.1924 273.4385
f 13123 13124 13125
v -2561.8241 1057.2531 273.4394
v -2564.5029 1056.1924 273.4385
v -2559.5059 1051.3659 273.4413
f 13126 13127 13128
v -2568.2441 1047.8985 273.4384
v -2559.5059 1051.3659 273.4413
v -2564.5029 1056.1924 273.4385
f 13129 13130 13131
v -2568.9502 1055.3063 273.4369
v -2564.5029 1056.1924 273.4385
v -2564.9221 1056.8685 273.4383
f 13132 13133 13134
v -2564.5006 1056.1912 267.4787
v -2564.5029 1056.1924 273.4385
v -2561.8218 1057.2520 267.4796
f 13135 13136 13137
v -2564.9198 1056.8674 267.4785
v -2564.9221 1056.8685 273.4383
v -2564.5029 1056.1924 273.4385
f 13138 13139 13140
v -2568.9479 1055.3052 267.4771
v -2568.9502 1055.3063 273.4369
v -2564.9221 1056.8685 273.4383
f 13141 13142 13143
v -2568.7880 1054.4928 267.4773
v -2568.7904 1054.4939 273.4371
v -2568.9502 1055.3063 273.4369
f 13144 13145 13146
v -2573.2343 1053.6417 267.4757
v -2573.2343 1053.6417 267.5457
v -2571.7718 1054.2098 267.5461
f 13147 13148 13149
v -2570.4893 1046.5674 267.4779
v -2570.4893 1046.5674 267.5479
v -2573.2343 1053.6417 267.5457
f 13150 13151 13152
v -2568.9868 1047.1504 267.4784
v -2568.9868 1047.1504 267.5484
v -2570.4893 1046.5674 267.5479
f 13153 13154 13155
v -2557.1146 1051.7564 267.4824
v -2557.1146 1051.7564 267.5024
v -2559.2898 1050.9123 267.5017
f 13156 13157 13158
v -2559.8595 1058.8307 267.4802
v -2559.8595 1058.8307 267.5002
v -2557.1146 1051.7564 267.5024
f 13159 13160 13161
v -2562.1009 1057.9607 267.4794
v -2562.1009 1057.9607 267.4994
v -2559.8595 1058.8307 267.5002
f 13162 13163 13164
v -2571.4684 1053.4332 273.9882
v -2575.3111 1063.2164 273.9850
v -2584.0262 1059.7748 273.9821
f 13165 13166 13167
v -2569.1432 1047.5420 273.9901
v -2570.5354 1053.8026 273.9885
v -2571.4684 1053.4332 273.9882
f 13168 13169 13170
v -2571.4684 1053.4332 273.9882
v -2584.0262 1059.7748 273.9821
v -2577.2771 1042.7120 273.9876
f 13171 13172 13173
v -2568.5960 1046.1566 273.9906
v -2569.1432 1047.5420 273.9901
v -2577.2771 1042.7120 273.9876
f 13174 13175 13176
v -2571.4684 1053.4332 273.9882
v -2577.2771 1042.7120 273.9876
v -2569.1432 1047.5420 273.9901
f 13177 13178 13179
v -2570.5354 1053.8026 273.9885
v -2569.1432 1047.5420 273.9901
v -2568.2443 1047.8986 273.9904
f 13180 13181 13182
v -2584.0237 1059.7736 267.5403
v -2584.0262 1059.7748 273.9821
v -2575.3111 1063.2164 273.9850
f 13183 13184 13185
v -2577.2746 1042.7107 267.5458
v -2577.2771 1042.7120 273.9876
v -2584.0262 1059.7748 273.9821
f 13186 13187 13188
v -2568.5935 1046.1553 267.5488
v -2568.5960 1046.1566 273.9906
v -2577.2771 1042.7120 273.9876
f 13189 13190 13191
v -2568.5935 1046.1553 267.5488
v -2577.2746 1042.7107 267.5458
v -2570.4893 1046.5674 267.5479
f 13192 13193 13194
v -2573.2343 1053.6417 267.5457
v -2570.4893 1046.5674 267.5479
v -2577.2746 1042.7107 267.5458
f 13195 13196 13197
v -2570.4893 1046.5674 267.5479
v -2568.9868 1047.1504 267.5484
v -2568.5935 1046.1553 267.5488
f 13198 13199 13200
v -2575.3086 1063.2151 267.5432
v -2573.2343 1053.6417 267.5457
v -2584.0237 1059.7736 267.5403
f 13201 13202 13203
v -2577.2746 1042.7107 267.5458
v -2584.0237 1059.7736 267.5403
v -2573.2343 1053.6417 267.5457
f 13204 13205 13206
v -2573.2343 1053.6417 267.5457
v -2575.3086 1063.2151 267.5432
v -2571.7718 1054.2098 267.5461
f 13207 13208 13209
v -2570.5352 1053.8025 273.4365
v -2570.5354 1053.8026 273.9885
v -2568.2441 1047.8985 273.4384
f 13210 13211 13212
v -2559.4762 1051.3780 274.2154
v -2558.9240 1049.9825 274.2158
v -2550.2569 1053.4123 274.2187
f 13213 13214 13215
v -2562.0925 1057.9350 274.2132
v -2559.5062 1051.3662 274.2153
v -2559.4762 1051.3780 274.2154
f 13216 13217 13218
v -2559.4762 1051.3780 274.2154
v -2550.2569 1053.4123 274.2187
v -2562.0925 1057.9350 274.2132
f 13219 13220 13221
v -2556.9960 1070.4471 274.2132
v -2562.0925 1057.9350 274.2132
v -2550.2569 1053.4123 274.2187
f 13222 13223 13224
v -2556.9960 1070.4471 274.2132
v -2565.6741 1067.0214 274.2103
v -2562.0925 1057.9350 274.2132
f 13225 13226 13227
v -2556.9934 1070.4458 267.4995
v -2556.9960 1070.4471 274.2132
v -2550.2569 1053.4123 274.2187
f 13228 13229 13230
v -2565.6715 1067.0202 267.4965
v -2565.6741 1067.0214 274.2103
v -2556.9960 1070.4471 274.2132
f 13231 13232 13233
v -2550.2543 1053.4110 267.5049
v -2550.2569 1053.4123 274.2187
v -2558.9240 1049.9825 274.2158
f 13234 13235 13236
v -2565.6715 1067.0202 267.4965
v -2556.9934 1070.4458 267.4995
v -2559.8595 1058.8307 267.5002
f 13237 13238 13239
v -2550.2543 1053.4110 267.5049
v -2559.8595 1058.8307 267.5002
v -2556.9934 1070.4458 267.4995
f 13240 13241 13242
v -2559.8595 1058.8307 267.5002
v -2562.1009 1057.9607 267.4994
v -2565.6715 1067.0202 267.4965
f 13243 13244 13245
v -2558.9213 1049.9813 267.5020
v -2557.1146 1051.7564 267.5024
v -2550.2543 1053.4110 267.5049
f 13246 13247 13248
v -2559.8595 1058.8307 267.5002
v -2550.2543 1053.4110 267.5049
v -2557.1146 1051.7564 267.5024
f 13249 13250 13251
v -2557.1146 1051.7564 267.5024
v -2558.9213 1049.9813 267.5020
v -2559.2898 1050.9123 267.5017
f 13252 13253 13254
v -2571.4659 1053.4319 267.4764
v -2571.4684 1053.4332 273.9882
v -2570.5352 1053.8025 273.4365
f 13255 13256 13257
v -2570.5352 1053.8025 273.4365
v -2568.7904 1054.4939 273.4371
v -2568.7880 1054.4928 267.4773
f 13258 13259 13260
v -2571.4659 1053.4319 267.4764
v -2570.5352 1053.8025 273.4365
v -2568.7880 1054.4928 267.4773
f 13261 13262 13263
v -2575.3086 1063.2151 267.5432
v -2575.3111 1063.2164 273.9850
v -2571.7718 1054.2098 267.5461
f 13264 13265 13266
v -2571.4684 1053.4332 273.9882
v -2571.7718 1054.2098 267.5461
v -2575.3111 1063.2164 273.9850
f 13267 13268 13269
v -2571.7708 1054.2098 267.4761
v -2571.7718 1054.2098 267.5461
v -2571.4659 1053.4319 267.4764
f 13270 13271 13272
v -2571.7718 1054.2098 267.5461
v -2571.4684 1053.4332 273.9882
v -2571.4659 1053.4319 267.4764
f 13273 13274 13275
v -2569.1407 1047.5408 267.4783
v -2569.1432 1047.5420 273.9901
v -2568.9868 1047.1504 267.5484
f 13276 13277 13278
v -2568.5935 1046.1553 267.5488
v -2568.9868 1047.1504 267.5484
v -2568.5960 1046.1566 273.9906
f 13279 13280 13281
v -2569.1432 1047.5420 273.9901
v -2568.5960 1046.1566 273.9906
v -2568.9868 1047.1504 267.5484
f 13282 13283 13284
v -2569.1407 1047.5408 267.4783
v -2568.9868 1047.1504 267.5484
v -2568.9868 1047.1504 267.4784
f 13285 13286 13287
v -2558.9213 1049.9813 267.5020
v -2558.9240 1049.9825 274.2158
v -2559.2898 1050.9123 267.5017
f 13288 13289 13290
v -2559.4735 1051.3767 267.4816
v -2559.2898 1050.9123 267.5017
v -2558.9240 1049.9825 274.2158
f 13291 13292 13293
v -2559.2898 1050.9123 267.4817
v -2559.2898 1050.9123 267.5017
v -2559.4735 1051.3767 267.4816
f 13294 13295 13296
v -2558.9240 1049.9825 274.2158
v -2559.4762 1051.3780 274.2154
v -2559.4735 1051.3767 267.4816
f 13297 13298 13299
v -2559.5059 1051.3659 273.4413
v -2559.4762 1051.3780 274.2154
v -2559.5062 1051.3662 274.2153
f 13300 13301 13302
v -2559.4735 1051.3767 267.4816
v -2559.4762 1051.3780 274.2154
v -2559.5059 1051.3659 273.4413
f 13303 13304 13305
v -2568.2441 1047.8985 273.4384
v -2559.4735 1051.3767 267.4816
v -2559.5059 1051.3659 273.4413
f 13306 13307 13308
v -2568.2443 1047.8986 273.9904
v -2569.1432 1047.5420 273.9901
v -2568.2441 1047.8985 273.4384
f 13309 13310 13311
v -2568.2441 1047.8985 273.4384
v -2569.1432 1047.5420 273.9901
v -2569.1407 1047.5408 267.4783
f 13312 13313 13314
v -2568.2441 1047.8985 273.4384
v -2569.1407 1047.5408 267.4783
v -2559.4735 1051.3767 267.4816
f 13315 13316 13317
v -2559.5059 1051.3659 273.4413
v -2559.5062 1051.3662 274.2153
v -2562.0925 1057.9350 274.2132
f 13318 13319 13320
v -2562.0925 1057.9350 274.2132
v -2561.8241 1057.2531 273.4394
v -2559.5059 1051.3659 273.4413
f 13321 13322 13323
v -2562.1009 1057.9607 267.4994
v -2561.8218 1057.2520 267.4796
v -2561.8241 1057.2531 273.4394
f 13324 13325 13326
v -2562.0925 1057.9350 274.2132
v -2562.1009 1057.9607 267.4994
v -2561.8241 1057.2531 273.4394
f 13327 13328 13329
v -2562.0925 1057.9350 274.2132
v -2565.6741 1067.0214 274.2103
v -2565.6715 1067.0202 267.4965
f 13330 13331 13332
v -2561.8218 1057.2520 267.4796
v -2562.1009 1057.9607 267.4994
v -2562.1009 1057.9607 267.4794
f 13333 13334 13335
v -2564.5029 1056.1924 273.4385
v -2561.8241 1057.2531 273.4394
v -2561.8218 1057.2520 267.4796
f 13336 13337 13338
v -2564.9198 1056.8674 267.4785
v -2564.5029 1056.1924 273.4385
v -2564.5006 1056.1912 267.4787
f 13339 13340 13341
v -2568.9479 1055.3052 267.4771
v -2564.9221 1056.8685 273.4383
v -2564.9198 1056.8674 267.4785
f 13342 13343 13344
v -2568.7880 1054.4928 267.4773
v -2568.9502 1055.3063 273.4369
v -2568.9479 1055.3052 267.4771
f 13345 13346 13347
v -2573.2343 1053.6417 267.4757
v -2571.7718 1054.2098 267.5461
v -2571.7708 1054.2098 267.4761
f 13348 13349 13350
v -2570.4893 1046.5674 267.4779
v -2573.2343 1053.6417 267.5457
v -2573.2343 1053.6417 267.4757
f 13351 13352 13353
v -2568.9868 1047.1504 267.4784
v -2570.4893 1046.5674 267.5479
v -2570.4893 1046.5674 267.4779
f 13354 13355 13356
v -2557.1146 1051.7564 267.4824
v -2559.2898 1050.9123 267.5017
v -2559.2898 1050.9123 267.4817
f 13357 13358 13359
v -2559.8595 1058.8307 267.4802
v -2557.1146 1051.7564 267.5024
v -2557.1146 1051.7564 267.4824
f 13360 13361 13362
v -2562.1009 1057.9607 267.4794
v -2559.8595 1058.8307 267.5002
v -2559.8595 1058.8307 267.4802
f 13363 13364 13365
v -2584.0237 1059.7736 267.5403
v -2575.3111 1063.2164 273.9850
v -2575.3086 1063.2151 267.5432
f 13366 13367 13368
v -2577.2746 1042.7107 267.5458
v -2584.0262 1059.7748 273.9821
v -2584.0237 1059.7736 267.5403
f 13369 13370 13371
v -2568.5935 1046.1553 267.5488
v -2577.2771 1042.7120 273.9876
v -2577.2746 1042.7107 267.5458
f 13372 13373 13374
v -2570.5354 1053.8026 273.9885
v -2568.2443 1047.8986 273.9904
v -2568.2441 1047.8985 273.4384
f 13375 13376 13377
v -2556.9934 1070.4458 267.4995
v -2550.2569 1053.4123 274.2187
v -2550.2543 1053.4110 267.5049
f 13378 13379 13380
v -2565.6715 1067.0202 267.4965
v -2556.9960 1070.4471 274.2132
v -2556.9934 1070.4458 267.4995
f 13381 13382 13383
v -2550.2543 1053.4110 267.5049
v -2558.9240 1049.9825 274.2158
v -2558.9213 1049.9813 267.5020
f 13384 13385 13386
v -2571.4684 1053.4332 273.9882
v -2570.5354 1053.8026 273.9885
v -2570.5352 1053.8025 273.4365
f 13387 13388 13389
v -2562.0925 1057.9350 274.2132
v -2565.6715 1067.0202 267.4965
v -2562.1009 1057.9607 267.4994
f 13390 13391 13392

g building_ID_92FC35D5-FF36-404B-9255-D6A3B6956137
v -2678.3134 1097.6741 272.2608
v -2681.6725 1098.3721 272.2593
v -2671.4375 1096.5596 272.2639
f 13393 13394 13395
v -2664.8047 1095.7858 272.2668
v -2696.2510 1143.1417 272.2453
v -2655.6443 1133.2107 272.2641
f 13396 13397 13398
v -2681.6725 1098.3721 272.2593
v -2664.8047 1095.7858 272.2668
v -2671.4375 1096.5596 272.2639
f 13399 13400 13401
v -2699.2848 1143.9607 272.2439
v -2664.8047 1095.7858 272.2668
v -2681.6725 1098.3721 272.2593
f 13402 13403 13404
v -2858.8970 1172.4470 272.1692
v -2681.6725 1098.3721 272.2593
v -2930.7813 1165.5842 272.1379
f 13405 13406 13407
v -2681.6725 1098.3721 272.2593
v -2858.8970 1172.4470 272.1692
v -2699.2848 1143.9607 272.2439
f 13408 13409 13410
v -2958.8874 1189.2553 272.1205
v -2858.8970 1172.4470 272.1692
v -2930.7813 1165.5842 272.1379
f 13411 13412 13413
v -2858.8970 1172.4470 272.1692
v -2958.8874 1189.2553 272.1205
v -2957.1539 1196.5155 272.1200
f 13414 13415 13416
v -2930.7813 1165.5842 272.1379
v -2962.7619 1173.4079 272.1217
v -2958.8874 1189.2553 272.1205
f 13417 13418 13419
v -2696.2510 1143.1417 272.2453
v -2664.8047 1095.7858 272.2668
v -2699.2848 1143.9607 272.2439
f 13420 13421 13422
v -2705.6540 1150.5558 272.2400
v -2698.1221 1148.7115 272.2435
v -2699.2848 1143.9607 272.2439
f 13423 13424 13425
v -2696.2510 1143.1417 272.2453
v -2699.2848 1143.9607 272.2439
v -2696.2329 1143.2136 272.2453
f 13426 13427 13428
v -2699.2848 1143.9607 272.2439
v -2858.8970 1172.4470 272.1692
v -2705.6540 1150.5558 272.2400
f 13429 13430 13431
v -2704.4590 1155.4365 272.2396
v -2705.6540 1150.5558 272.2400
v -2854.0084 1192.0425 272.1678
f 13432 13433 13434
v -2858.8970 1172.4470 272.1692
v -2854.0084 1192.0425 272.1678
v -2705.6540 1150.5558 272.2400
f 13435 13436 13437
v -2932.2222 1159.6951 272.1383
v -2930.7813 1165.5842 272.1379
v -2681.6725 1098.3721 272.2593
f 13438 13439 13440
v -2932.2261 1159.6969 280.8530
v -2964.2074 1167.5249 287.1355
v -2964.2046 1167.5237 280.8367
f 13441 13442 13443
v -2681.6725 1098.3721 272.2593
v -2681.6786 1098.3751 287.2727
v -2932.2222 1159.6951 272.1383
f 13444 13445 13446
v -2932.2222 1159.6951 272.1383
v -2681.6786 1098.3751 287.2727
v -2932.2261 1159.6969 280.8530
f 13447 13448 13449
v -2964.2074 1167.5249 287.1355
v -2932.2261 1159.6969 280.8530
v -2681.6786 1098.3751 287.2727
f 13450 13451 13452
v -2704.4590 1155.4365 272.2396
v -2704.4649 1155.4395 286.8051
v -2705.2304 1152.2867 272.4749
f 13453 13454 13455
v -2705.2364 1152.2896 286.8344
v -2705.2304 1152.2867 272.4749
v -2704.4649 1155.4395 286.8051
f 13456 13457 13458
v -2705.6540 1150.5558 272.2400
v -2704.4590 1155.4365 272.2396
v -2705.2304 1152.2867 272.4749
f 13459 13460 13461
v -2705.2304 1152.2867 272.4749
v -2705.6541 1150.5558 272.4750
v -2705.6540 1150.5558 272.2400
f 13462 13463 13464
v -2854.0084 1192.0425 272.1678
v -2854.0148 1192.0457 286.7342
v -2704.4649 1155.4395 286.8051
f 13465 13466 13467
v -2655.6443 1133.2107 272.2641
v -2655.6502 1133.2137 286.9196
v -2664.8047 1095.7858 272.2668
f 13468 13469 13470
v -2664.8108 1095.7888 287.2673
v -2664.8047 1095.7858 272.2668
v -2655.6502 1133.2137 286.9196
f 13471 13472 13473
v -2671.4436 1096.5626 287.2713
v -2678.3134 1097.6741 272.2608
v -2671.4375 1096.5596 272.2639
f 13474 13475 13476
v -2664.8108 1095.7888 287.2673
v -2671.4436 1096.5626 287.2713
v -2671.4375 1096.5596 272.2639
f 13477 13478 13479
v -2664.8047 1095.7858 272.2668
v -2664.8108 1095.7888 287.2673
v -2671.4375 1096.5596 272.2639
f 13480 13481 13482
v -2681.6725 1098.3721 272.2593
v -2678.3134 1097.6741 272.2608
v -2678.3195 1097.6771 287.2732
f 13483 13484 13485
v -2678.3195 1097.6771 287.2732
v -2681.6786 1098.3751 287.2727
v -2681.6725 1098.3721 272.2593
f 13486 13487 13488
v -2699.2848 1143.9607 272.2439
v -2699.2849 1143.9608 272.4789
v -2696.2330 1143.2136 272.4803
f 13489 13490 13491
v -2698.1221 1148.7115 272.2435
v -2698.1222 1148.7117 272.4785
v -2699.2849 1143.9608 272.4789
f 13492 13493 13494
v -2698.1221 1148.7115 272.2435
v -2705.6540 1150.5558 272.2400
v -2705.6541 1150.5558 272.4750
f 13495 13496 13497
v -2705.6541 1150.5558 272.4750
v -2698.1222 1148.7117 272.4785
v -2698.1221 1148.7115 272.2435
f 13498 13499 13500
v -2702.4343 1142.6547 289.1082
v -2700.8185 1147.4173 289.1080
v -2701.2692 1147.5254 289.1078
f 13501 13502 13503
v -2700.8185 1147.4173 289.1080
v -2694.6628 1149.5687 289.1102
v -2699.9892 1150.8840 289.1077
f 13504 13505 13506
v -2694.6628 1149.5687 289.1102
v -2700.8185 1147.4173 289.1080
v -2696.2580 1143.1450 289.1107
f 13507 13508 13509
v -2696.5161 1141.2398 289.1109
v -2696.2580 1143.1450 289.1107
v -2702.4343 1142.6547 289.1082
f 13510 13511 13512
v -2700.8185 1147.4173 289.1080
v -2702.4343 1142.6547 289.1082
v -2696.2580 1143.1450 289.1107
f 13513 13514 13515
v -2696.2580 1143.1450 289.1107
v -2696.5161 1141.2398 289.1109
v -2696.0711 1143.0996 289.1108
f 13516 13517 13518
v -2702.4333 1142.6542 286.9153
v -2702.4343 1142.6547 289.1082
v -2702.2948 1143.2348 286.9102
f 13519 13520 13521
v -2701.5585 1146.3118 286.8810
v -2702.2948 1143.2348 286.9102
v -2702.4343 1142.6547 289.1082
f 13522 13523 13524
v -2701.2682 1147.5250 286.8699
v -2701.5585 1146.3118 286.8810
v -2701.2692 1147.5254 289.1078
f 13525 13526 13527
v -2702.4343 1142.6547 289.1082
v -2701.2692 1147.5254 289.1078
v -2701.5585 1146.3118 286.8810
f 13528 13529 13530
v -2696.5152 1141.2394 286.9180
v -2696.5161 1141.2398 289.1109
v -2698.4139 1141.6934 286.9171
f 13531 13532 13533
v -2702.4343 1142.6547 289.1082
v -2698.4139 1141.6934 286.9171
v -2696.5161 1141.2398 289.1109
f 13534 13535 13536
v -2702.4333 1142.6542 286.9153
v -2701.9776 1142.5450 286.9155
v -2702.4343 1142.6547 289.1082
f 13537 13538 13539
v -2698.4139 1141.6934 286.9171
v -2702.4343 1142.6547 289.1082
v -2701.9776 1142.5450 286.9155
f 13540 13541 13542
v -2696.5152 1141.2394 286.9180
v -2696.0702 1143.0991 286.9009
v -2696.5161 1141.2398 289.1109
f 13543 13544 13545
v -2696.0711 1143.0996 289.1108
v -2696.5161 1141.2398 289.1109
v -2696.0702 1143.0991 286.9009
f 13546 13547 13548
v -2958.8939 1189.3020 308.9461
v -2959.0947 1186.3925 308.9466
v -2958.4112 1189.1838 308.9464
f 13549 13550 13551
v -2959.5764 1186.5109 308.9463
v -2959.0947 1186.3925 308.9466
v -2958.8939 1189.3020 308.9461
f 13552 13553 13554
v -2959.0933 1186.3919 305.8127
v -2959.0947 1186.3925 308.9466
v -2959.5764 1186.5109 308.9463
f 13555 13556 13557
v -2958.4099 1189.1831 305.8125
v -2958.4112 1189.1838 308.9464
v -2959.0947 1186.3925 308.9466
f 13558 13559 13560
v -2958.8935 1189.3014 305.8122
v -2958.8939 1189.3020 308.9461
v -2958.4112 1189.1838 308.9464
f 13561 13562 13563
v -2703.4252 1148.0405 290.2388
v -2699.9896 1150.8842 290.2397
v -2702.5919 1151.5262 290.2385
f 13564 13565 13566
v -2699.9896 1150.8842 290.2397
v -2703.4252 1148.0405 290.2388
v -2700.8189 1147.4175 290.2400
f 13567 13568 13569
v -2703.4240 1148.0399 287.2949
v -2703.4252 1148.0405 290.2388
v -2702.5919 1151.5262 290.2385
f 13570 13571 13572
v -2704.8917 1152.2057 272.4750
v -2704.8978 1152.2088 287.2935
v -2704.9241 1152.1019 287.2935
f 13573 13574 13575
v -2709.9065 1153.4062 287.2912
v -2711.1474 1148.2136 287.2916
v -2704.9241 1152.1019 287.2935
f 13576 13577 13578
v -2703.4240 1148.0399 287.2949
v -2704.9241 1152.1019 287.2935
v -2711.1474 1148.2136 287.2916
f 13579 13580 13581
v -2704.9241 1152.1019 287.2935
v -2704.8978 1152.2088 287.2935
v -2709.9065 1153.4062 287.2912
f 13582 13583 13584
v -2703.1592 1147.9762 287.2950
v -2703.4240 1148.0399 287.2949
v -2703.5374 1146.3942 287.2951
f 13585 13586 13587
v -2711.1474 1148.2136 287.2916
v -2703.5374 1146.3942 287.2951
v -2703.4240 1148.0399 287.2949
f 13588 13589 13590
v -2704.9241 1152.1019 287.2935
v -2703.4240 1148.0399 287.2949
v -2702.5907 1151.5256 287.2946
f 13591 13592 13593
v -2700.8185 1147.4173 289.1080
v -2700.8189 1147.4175 290.2400
v -2701.2692 1147.5254 289.1078
f 13594 13595 13596
v -2703.4252 1148.0405 290.2388
v -2701.2692 1147.5254 289.1078
v -2700.8189 1147.4175 290.2400
f 13597 13598 13599
v -2701.2682 1147.5250 286.8699
v -2701.2692 1147.5254 289.1078
v -2703.1592 1147.9762 287.2950
f 13600 13601 13602
v -2703.4240 1148.0399 287.2949
v -2703.1592 1147.9762 287.2950
v -2703.4252 1148.0405 290.2388
f 13603 13604 13605
v -2701.2692 1147.5254 289.1078
v -2703.4252 1148.0405 290.2388
v -2703.1592 1147.9762 287.2950
f 13606 13607 13608
v -2701.2682 1147.5250 286.8699
v -2703.1592 1147.9762 287.2950
v -2703.1610 1147.9751 286.8690
f 13609 13610 13611
v -2699.9892 1150.8840 289.1077
v -2699.9896 1150.8842 290.2397
v -2700.8189 1147.4175 290.2400
f 13612 13613 13614
v -2709.9065 1153.4062 287.2912
v -2705.2364 1152.2896 286.8344
v -2709.9063 1153.4061 286.8332
f 13615 13616 13617
v -2704.8917 1152.2057 272.4750
v -2705.2364 1152.2896 286.8344
v -2704.8978 1152.2088 287.2935
f 13618 13619 13620
v -2709.9065 1153.4062 287.2912
v -2704.8978 1152.2088 287.2935
v -2705.2364 1152.2896 286.8344
f 13621 13622 13623
v -2705.2304 1152.2867 272.4749
v -2705.2364 1152.2896 286.8344
v -2704.8917 1152.2057 272.4750
f 13624 13625 13626
v -2711.1473 1148.2135 286.8806
v -2711.1474 1148.2136 287.2916
v -2710.4212 1151.2506 286.8523
f 13627 13628 13629
v -2709.9065 1153.4062 287.2912
v -2710.4212 1151.2506 286.8523
v -2711.1474 1148.2136 287.2916
f 13630 13631 13632
v -2709.9063 1153.4061 286.8332
v -2710.2785 1151.8501 286.8473
v -2709.9065 1153.4062 287.2912
f 13633 13634 13635
v -2710.4212 1151.2506 286.8523
v -2709.9065 1153.4062 287.2912
v -2710.2785 1151.8501 286.8473
f 13636 13637 13638
v -2703.7721 1146.4498 286.8840
v -2703.5372 1146.3941 286.8841
v -2703.5374 1146.3942 287.2951
f 13639 13640 13641
v -2711.1473 1148.2135 286.8806
v -2703.7721 1146.4498 286.8840
v -2711.1474 1148.2136 287.2916
f 13642 13643 13644
v -2703.5374 1146.3942 287.2951
v -2711.1474 1148.2136 287.2916
v -2703.7721 1146.4498 286.8840
f 13645 13646 13647
v -2703.1610 1147.9751 286.8690
v -2703.1592 1147.9762 287.2950
v -2703.5372 1146.3941 286.8841
f 13648 13649 13650
v -2968.9628 1148.1069 272.0953
v -2967.6162 1153.5543 272.0951
v -2933.8911 1151.1447 272.1111
f 13651 13652 13653
v -2967.6162 1153.5543 272.0951
v -2965.0025 1164.2440 272.0943
v -2933.8911 1151.1447 272.1111
f 13654 13655 13656
v -2970.6811 1134.9058 272.0969
v -2972.1372 1135.2626 272.0961
v -2968.9628 1148.1069 272.0953
f 13657 13658 13659
v -2970.6811 1134.9058 272.0969
v -2959.2818 1128.7732 272.1033
v -2971.4336 1131.7458 272.0971
f 13660 13661 13662
v -2959.2818 1128.7732 272.1033
v -2970.6811 1134.9058 272.0969
v -2931.5774 1120.1469 272.1176
f 13663 13664 13665
v -2930.7813 1165.5842 272.1099
v -2965.0025 1164.2440 272.0943
v -2962.7619 1173.4079 272.0937
f 13666 13667 13668
v -2965.0025 1164.2440 272.0943
v -2933.0229 1156.4213 272.1105
v -2933.8911 1151.1447 272.1111
f 13669 13670 13671
v -2933.0229 1156.4213 272.1105
v -2932.6262 1156.3242 272.1107
v -2933.8911 1151.1447 272.1111
f 13672 13673 13674
v -2933.8911 1151.1447 272.1111
v -2848.4644 1130.2755 272.1535
v -2968.9628 1148.1069 272.0953
f 13675 13676 13677
v -2970.6811 1134.9058 272.0969
v -2968.9628 1148.1069 272.0953
v -2921.3013 1117.6524 272.1227
f 13678 13679 13680
v -2930.7813 1165.5842 272.1099
v -2933.0229 1156.4213 272.1105
v -2965.0025 1164.2440 272.0943
f 13681 13682 13683
v -2958.8472 1127.1461 272.1038
v -2959.6327 1127.3382 272.1034
v -2959.2818 1128.7732 272.1033
f 13684 13685 13686
v -2952.2055 1125.2012 272.1072
v -2958.8472 1127.1461 272.1038
v -2959.2818 1128.7732 272.1033
f 13687 13688 13689
v -2952.2055 1125.2012 272.1072
v -2959.4385 1124.7817 272.1039
v -2958.8472 1127.1461 272.1038
f 13690 13691 13692
v -2952.2055 1125.2012 272.1072
v -2959.2818 1128.7732 272.1033
v -2941.9085 1122.6746 272.1124
f 13693 13694 13695
v -2941.9085 1122.6746 272.1124
v -2945.5606 1118.8615 272.1114
v -2952.2055 1125.2012 272.1072
f 13696 13697 13698
v -2941.9085 1122.6746 272.1124
v -2931.5774 1120.1469 272.1176
v -2935.2745 1116.3499 272.1165
f 13699 13700 13701
v -2931.5774 1120.1469 272.1176
v -2941.9085 1122.6746 272.1124
v -2959.2818 1128.7732 272.1033
f 13702 13703 13704
v -2921.3013 1117.6524 272.1227
v -2968.9628 1148.1069 272.0953
v -2911.0022 1115.1328 272.1279
f 13705 13706 13707
v -2970.6811 1134.9058 272.0969
v -2921.3013 1117.6524 272.1227
v -2931.5774 1120.1469 272.1176
f 13708 13709 13710
v -2914.6703 1111.3077 272.1268
v -2921.3013 1117.6524 272.1227
v -2911.0022 1115.1328 272.1279
f 13711 13712 13713
v -2911.0022 1115.1328 272.1279
v -2968.9628 1148.1069 272.0953
v -2900.7081 1112.6201 272.1331
f 13714 13715 13716
v -2968.9628 1148.1069 272.0953
v -2848.4644 1130.2755 272.1535
v -2900.7081 1112.6201 272.1331
f 13717 13718 13719
v -2890.4140 1110.1035 272.1382
v -2900.7081 1112.6201 272.1331
v -2848.4644 1130.2755 272.1535
f 13720 13721 13722
v -2869.8218 1105.0873 272.1483
v -2873.4840 1101.2562 272.1473
v -2880.1128 1107.5968 272.1433
f 13723 13724 13725
v -2880.1128 1107.5968 272.1433
v -2890.4140 1110.1035 272.1382
v -2848.4644 1130.2755 272.1535
f 13726 13727 13728
v -2904.3752 1108.7941 272.1321
v -2911.0022 1115.1328 272.1279
v -2900.7081 1112.6201 272.1331
f 13729 13730 13731
v -2955.8487 1121.3741 272.1062
v -2959.4385 1124.7817 272.1039
v -2952.2055 1125.2012 272.1072
f 13732 13733 13734
v -2921.3013 1117.6524 272.1227
v -2924.9724 1113.8303 272.1217
v -2931.5774 1120.1469 272.1176
f 13735 13736 13737
v -2900.7081 1112.6201 272.1331
v -2890.4140 1110.1035 272.1382
v -2894.0782 1106.2744 272.1372
f 13738 13739 13740
v -2880.1128 1107.5968 272.1433
v -2883.7770 1103.7678 272.1423
v -2890.4140 1110.1035 272.1382
f 13741 13742 13743
v -2869.8218 1105.0873 272.1483
v -2848.4644 1130.2755 272.1535
v -2859.5016 1102.5766 272.1534
f 13744 13745 13746
v -2848.4644 1130.2755 272.1535
v -2849.1847 1100.0059 272.1584
v -2859.5016 1102.5766 272.1534
f 13747 13748 13749
v -2859.0458 1102.1384 272.1537
v -2859.5016 1102.5766 272.1534
v -2849.1847 1100.0059 272.1584
f 13750 13751 13752
v -2859.0458 1102.1384 272.1537
v -2849.1847 1100.0059 272.1584
v -2859.0589 1102.1075 272.1537
f 13753 13754 13755
v -2794.8119 1090.5140 272.1841
v -2808.0072 1089.9734 272.1784
v -2818.3333 1092.5012 272.1734
f 13756 13757 13758
v -2818.3333 1092.5012 272.1734
v -2828.6424 1095.0089 272.1684
v -2794.8119 1090.5140 272.1841
f 13759 13760 13761
v -2849.1847 1100.0059 272.1584
v -2848.4644 1130.2755 272.1535
v -2785.5908 1091.7363 272.1879
f 13762 13763 13764
v -2796.3472 1088.9141 272.1837
v -2808.0072 1089.9734 272.1784
v -2794.8119 1090.5140 272.1841
f 13765 13766 13767
v -2838.8615 1097.4953 272.1635
v -2785.5908 1091.7363 272.1879
v -2828.6424 1095.0089 272.1684
f 13768 13769 13770
v -2838.8615 1097.4953 272.1635
v -2842.5897 1093.7123 272.1625
v -2849.1847 1100.0059 272.1584
f 13771 13772 13773
v -2838.8615 1097.4953 272.1635
v -2849.1847 1100.0059 272.1584
v -2785.5908 1091.7363 272.1879
f 13774 13775 13776
v -2731.5641 1090.0322 272.2116
v -2785.5908 1091.7363 272.1879
v -2848.4644 1130.2755 272.1535
f 13777 13778 13779
v -2828.6424 1095.0089 272.1684
v -2785.5908 1091.7363 272.1879
v -2794.8119 1090.5140 272.1841
f 13780 13781 13782
v -2785.5908 1091.7363 272.1879
v -2733.9402 1080.3217 272.2122
v -2744.8451 1081.7760 272.2072
f 13783 13784 13785
v -2731.5641 1090.0322 272.2116
v -2733.9402 1080.3217 272.2122
v -2785.5908 1091.7363 272.1879
f 13786 13787 13788
v -2786.3896 1088.4654 272.1881
v -2794.8119 1090.5140 272.1841
v -2785.5908 1091.7363 272.1879
f 13789 13790 13791
v -2731.5641 1090.0322 272.2116
v -2848.4644 1130.2755 272.1535
v -2728.8665 1101.0588 272.2109
f 13792 13793 13794
v -2849.1847 1100.0059 272.1584
v -2852.8848 1096.2169 272.1574
v -2859.0589 1102.1075 272.1537
f 13795 13796 13797
v -2863.1769 1098.7445 272.1524
v -2869.8218 1105.0873 272.1483
v -2859.5016 1102.5766 272.1534
f 13798 13799 13800
v -2828.6424 1095.0089 272.1684
v -2832.3006 1091.1958 272.1675
v -2838.8615 1097.4953 272.1635
f 13801 13802 13803
v -2821.9915 1088.6881 272.1724
v -2828.6424 1095.0089 272.1684
v -2818.3333 1092.5012 272.1734
f 13804 13805 13806
v -2808.0072 1089.9734 272.1784
v -2811.6974 1086.1684 272.1774
v -2818.3333 1092.5012 272.1734
f 13807 13808 13809
v -2796.3472 1088.9141 272.1837
v -2801.3913 1083.6608 272.1824
v -2808.0072 1089.9734 272.1784
f 13810 13811 13812
v -2848.4644 1130.2755 272.1535
v -2869.8218 1105.0873 272.1483
v -2880.1128 1107.5968 272.1433
f 13813 13814 13815
v -2957.0864 1148.0214 283.7264
v -2967.6211 1153.5565 283.1016
v -2968.9683 1148.1095 284.3109
f 13816 13817 13818
v -2957.7378 1145.3613 284.3166
v -2957.0864 1148.0214 283.7264
v -2968.9683 1148.1095 284.3109
f 13819 13820 13821
v -2933.8955 1151.1467 281.8957
v -2967.6211 1153.5565 283.1016
v -2883.1784 1138.7567 281.9170
f 13822 13823 13824
v -2957.0864 1148.0214 283.7264
v -2853.1999 1122.6077 283.7783
v -2967.6211 1153.5565 283.1016
f 13825 13826 13827
v -2965.0063 1164.2458 280.7299
v -2967.6211 1153.5565 283.1016
v -2933.8955 1151.1467 281.8957
f 13828 13829 13830
v -2932.6300 1156.3259 280.7464
v -2933.0268 1156.4231 280.7462
v -2932.9467 1155.0309 281.0334
f 13831 13832 13833
v -2965.0063 1164.2458 280.7299
v -2932.9467 1155.0309 281.0334
v -2933.0268 1156.4231 280.7462
f 13834 13835 13836
v -2965.0063 1164.2458 280.7299
v -2933.8955 1151.1467 281.8957
v -2932.9467 1155.0309 281.0334
f 13837 13838 13839
v -2780.1274 1113.5822 281.9602
v -2795.9973 1108.6133 283.8060
v -2769.1802 1102.0533 283.8189
f 13840 13841 13842
v -2731.5692 1090.0346 284.4271
v -2742.3362 1095.4863 283.8316
v -2742.9856 1092.8282 284.4217
f 13843 13844 13845
v -2728.8706 1101.0607 281.9805
v -2742.3362 1095.4863 283.8316
v -2731.5692 1090.0346 284.4271
f 13846 13847 13848
v -2728.8706 1101.0607 281.9805
v -2769.1802 1102.0533 283.8189
v -2742.3362 1095.4863 283.8316
f 13849 13850 13851
v -2967.6211 1153.5565 283.1016
v -2853.1999 1122.6077 283.7783
v -2883.1784 1138.7567 281.9170
f 13852 13853 13854
v -2883.1784 1138.7567 281.9170
v -2853.1999 1122.6077 283.7783
v -2831.3850 1126.1037 281.9395
f 13855 13856 13857
v -2831.3850 1126.1037 281.9395
v -2853.1999 1122.6077 283.7783
v -2795.9973 1108.6133 283.8060
f 13858 13859 13860
v -2780.1274 1113.5822 281.9602
v -2831.3850 1126.1037 281.9395
v -2795.9973 1108.6133 283.8060
f 13861 13862 13863
v -2780.1274 1113.5822 281.9602
v -2769.1802 1102.0533 283.8189
v -2728.8706 1101.0607 281.9805
f 13864 13865 13866
v -2733.9443 1080.3236 282.0748
v -2763.3528 1086.3014 281.7832
v -2737.6459 1080.8176 281.9792
f 13867 13868 13869
v -2744.8492 1081.7779 281.7929
v -2737.6459 1080.8176 281.9792
v -2763.3528 1086.3014 281.7832
f 13870 13871 13872
v -2733.9443 1080.3236 282.0748
v -2731.5692 1090.0346 284.4271
v -2743.6202 1090.2388 283.7949
f 13873 13874 13875
v -2743.0200 1092.6863 284.3878
v -2743.6202 1090.2388 283.7949
v -2731.5692 1090.0346 284.4271
f 13876 13877 13878
v -2770.4763 1096.8088 283.7822
v -2733.9443 1080.3236 282.0748
v -2743.6202 1090.2388 283.7949
f 13879 13880 13881
v -2770.4763 1096.8088 283.7822
v -2775.4087 1089.2478 281.7775
v -2733.9443 1080.3236 282.0748
f 13882 13883 13884
v -2742.9856 1092.8282 284.4217
v -2743.0200 1092.6863 284.3878
v -2731.5692 1090.0346 284.4271
f 13885 13886 13887
v -2775.4087 1089.2478 281.7775
v -2763.3528 1086.3014 281.7832
v -2733.9443 1080.3236 282.0748
f 13888 13889 13890
v -2785.5949 1091.7381 281.7726
v -2794.8157 1090.5158 280.9738
v -2786.3933 1088.4671 280.9798
f 13891 13892 13893
v -2770.4763 1096.8088 283.7822
v -2785.5949 1091.7381 281.7726
v -2775.4087 1089.2478 281.7775
f 13894 13895 13896
v -2770.4763 1096.8088 283.7822
v -2970.6853 1134.9076 281.1986
v -2785.5949 1091.7381 281.7726
f 13897 13898 13899
v -2958.3705 1142.7729 283.6898
v -2957.7378 1145.3613 284.3166
v -2968.9683 1148.1095 284.3109
f 13900 13901 13902
v -2958.3705 1142.7729 283.6898
v -2970.6853 1134.9076 281.1986
v -2770.4763 1096.8088 283.7822
f 13903 13904 13905
v -2968.9683 1148.1095 284.3109
v -2972.1414 1135.2645 281.1988
v -2958.3705 1142.7729 283.6898
f 13906 13907 13908
v -2794.8157 1090.5158 280.9738
v -2970.6853 1134.9076 281.1986
v -2959.2856 1128.7749 280.4410
f 13909 13910 13911
v -2794.8157 1090.5158 280.9738
v -2959.2856 1128.7749 280.4410
v -2796.3507 1088.9158 280.5214
f 13912 13913 13914
v -2970.6853 1134.9076 281.1986
v -2971.4374 1131.7475 280.4348
v -2959.2856 1128.7749 280.4410
f 13915 13916 13917
v -2970.6853 1134.9076 281.1986
v -2958.3705 1142.7729 283.6898
v -2972.1414 1135.2645 281.1988
f 13918 13919 13920
v -2794.8157 1090.5158 280.9738
v -2785.5949 1091.7381 281.7726
v -2970.6853 1134.9076 281.1986
f 13921 13922 13923
v -2808.0108 1089.9751 280.5921
v -2796.3507 1088.9158 280.5214
v -2818.3369 1092.5029 280.5871
f 13924 13925 13926
v -2828.6460 1095.0104 280.5831
v -2818.3369 1092.5029 280.5871
v -2796.3507 1088.9158 280.5214
f 13927 13928 13929
v -2796.3507 1088.9158 280.5214
v -2838.8652 1097.4969 280.5782
v -2828.6460 1095.0104 280.5831
f 13930 13931 13932
v -2849.1883 1100.0076 280.5741
v -2838.8652 1097.4969 280.5782
v -2796.3507 1088.9158 280.5214
f 13933 13934 13935
v -2849.1883 1100.0076 280.5741
v -2796.3507 1088.9158 280.5214
v -2859.5053 1102.5782 280.5671
f 13936 13937 13938
v -2818.3369 1092.5029 280.5871
v -2811.7011 1086.1701 280.7911
v -2808.0108 1089.9751 280.5921
f 13939 13940 13941
v -2838.8652 1097.4969 280.5782
v -2849.1883 1100.0076 280.5741
v -2842.5934 1093.7140 280.7762
f 13942 13943 13944
v -2801.3949 1083.6625 280.7951
v -2796.3507 1088.9158 280.5214
v -2808.0108 1089.9751 280.5921
f 13945 13946 13947
v -2859.0495 1102.1401 280.5814
v -2859.0626 1102.1090 280.5824
v -2849.1883 1100.0076 280.5741
f 13948 13949 13950
v -2869.8254 1105.0890 280.5620
v -2859.5053 1102.5782 280.5671
v -2796.3507 1088.9158 280.5214
f 13951 13952 13953
v -2849.1883 1100.0076 280.5741
v -2859.5053 1102.5782 280.5671
v -2859.0495 1102.1401 280.5814
f 13954 13955 13956
v -2869.8254 1105.0890 280.5620
v -2796.3507 1088.9158 280.5214
v -2880.1165 1107.5985 280.5580
f 13957 13958 13959
v -2863.1806 1098.7463 280.7660
v -2859.5053 1102.5782 280.5671
v -2869.8254 1105.0890 280.5620
f 13960 13961 13962
v -2869.8254 1105.0890 280.5620
v -2880.1165 1107.5985 280.5580
v -2873.4878 1101.2579 280.7619
f 13963 13964 13965
v -2880.1165 1107.5985 280.5580
v -2796.3507 1088.9158 280.5214
v -2959.2856 1128.7749 280.4410
f 13966 13967 13968
v -2818.3369 1092.5029 280.5871
v -2828.6460 1095.0104 280.5831
v -2821.9951 1088.6898 280.7861
f 13969 13970 13971
v -2838.8652 1097.4969 280.5782
v -2832.3043 1091.1975 280.7812
v -2828.6460 1095.0104 280.5831
f 13972 13973 13974
v -2852.8886 1096.2186 280.7721
v -2849.1883 1100.0076 280.5741
v -2859.0626 1102.1090 280.5824
f 13975 13976 13977
v -2921.3049 1117.6541 280.5384
v -2911.0059 1115.1345 280.5435
v -2959.2856 1128.7749 280.4410
f 13978 13979 13980
v -2900.7117 1112.6218 280.5477
v -2959.2856 1128.7749 280.4410
v -2911.0059 1115.1345 280.5435
f 13981 13982 13983
v -2900.7117 1112.6218 280.5477
v -2890.4177 1110.1052 280.5528
v -2959.2856 1128.7749 280.4410
f 13984 13985 13986
v -2890.4177 1110.1052 280.5528
v -2900.7117 1112.6218 280.5477
v -2894.0820 1106.2761 280.7528
f 13987 13988 13989
v -2890.4177 1110.1052 280.5528
v -2883.7809 1103.7694 280.7569
v -2880.1165 1107.5985 280.5580
f 13990 13991 13992
v -2941.9122 1122.6764 280.5281
v -2958.8510 1127.1477 280.5055
v -2952.2093 1125.2029 280.5229
f 13993 13994 13995
v -2959.2856 1128.7749 280.4410
v -2958.8510 1127.1477 280.5055
v -2941.9122 1122.6764 280.5281
f 13996 13997 13998
v -2931.5811 1120.1486 280.5333
v -2959.2856 1128.7749 280.4410
v -2941.9122 1122.6764 280.5281
f 13999 14000 14001
v -2959.6365 1127.3399 280.5061
v -2958.8510 1127.1477 280.5055
v -2959.2856 1128.7749 280.4410
f 14002 14003 14004
v -2959.2856 1128.7749 280.4410
v -2931.5811 1120.1486 280.5333
v -2921.3049 1117.6541 280.5384
f 14005 14006 14007
v -2959.4424 1124.7834 280.6126
v -2952.2093 1125.2029 280.5229
v -2958.8510 1127.1477 280.5055
f 14008 14009 14010
v -2959.2856 1128.7749 280.4410
v -2890.4177 1110.1052 280.5528
v -2880.1165 1107.5985 280.5580
f 14011 14012 14013
v -2900.7117 1112.6218 280.5477
v -2911.0059 1115.1345 280.5435
v -2904.3791 1108.7957 280.7477
f 14014 14015 14016
v -2911.0059 1115.1345 280.5435
v -2921.3049 1117.6541 280.5384
v -2914.6742 1111.3094 280.7425
f 14017 14018 14019
v -2931.5811 1120.1486 280.5333
v -2924.9763 1113.8320 280.7374
v -2921.3049 1117.6541 280.5384
f 14020 14021 14022
v -2952.2093 1125.2029 280.5229
v -2959.4424 1124.7834 280.6126
v -2955.8527 1121.3758 280.7219
f 14023 14024 14025
v -2931.5811 1120.1486 280.5333
v -2941.9122 1122.6764 280.5281
v -2935.2784 1116.3517 280.7322
f 14026 14027 14028
v -2952.2093 1125.2029 280.5229
v -2945.5645 1118.8632 280.7271
v -2941.9122 1122.6764 280.5281
f 14029 14030 14031
v -2933.8955 1151.1467 281.8957
v -2933.8911 1151.1447 272.1111
v -2932.9467 1155.0309 281.0334
f 14032 14033 14034
v -2932.6262 1156.3242 272.1107
v -2932.6300 1156.3259 280.7464
v -2933.8911 1151.1447 272.1111
f 14035 14036 14037
v -2933.0229 1156.4213 272.1105
v -2933.0268 1156.4231 280.7462
v -2932.6300 1156.3259 280.7464
f 14038 14039 14040
v -2933.0229 1156.4213 272.1105
v -2932.6300 1156.3259 280.7464
v -2932.6262 1156.3242 272.1107
f 14041 14042 14043
v -2883.1784 1138.7567 281.9170
v -2826.5756 1124.9286 275.7490
v -2933.8955 1151.1467 281.8957
f 14044 14045 14046
v -2933.8911 1151.1447 272.1111
v -2826.5756 1124.9286 275.7490
v -2848.4644 1130.2755 272.1535
f 14047 14048 14049
v -2728.8706 1101.0607 281.9805
v -2728.8696 1101.0603 279.5346
v -2826.5756 1124.9286 275.7490
f 14050 14051 14052
v -2848.4644 1130.2755 272.1535
v -2826.5756 1124.9286 275.7490
v -2728.8676 1101.0592 274.6428
f 14053 14054 14055
v -2728.8665 1101.0588 272.2109
v -2848.4644 1130.2755 272.1535
v -2728.8676 1101.0592 274.6428
f 14056 14057 14058
v -2971.4336 1131.7458 272.0971
v -2971.4374 1131.7475 280.4348
v -2970.6811 1134.9058 272.0969
f 14059 14060 14061
v -2959.2818 1128.7732 272.1033
v -2959.2856 1128.7749 280.4410
v -2971.4374 1131.7475 280.4348
f 14062 14063 14064
v -2959.2818 1128.7732 272.1033
v -2971.4374 1131.7475 280.4348
v -2971.4336 1131.7458 272.0971
f 14065 14066 14067
v -2794.8119 1090.5140 272.1841
v -2786.3896 1088.4654 272.1881
v -2794.8157 1090.5158 280.9738
f 14068 14069 14070
v -2785.5949 1091.7381 281.7726
v -2786.3933 1088.4671 280.9798
v -2786.3896 1088.4654 272.1881
f 14071 14072 14073
v -2744.8451 1081.7760 272.2072
v -2744.8492 1081.7779 281.7929
v -2763.3528 1086.3014 281.7832
f 14074 14075 14076
v -2763.3528 1086.3014 281.7832
v -2785.5908 1091.7363 272.1879
v -2744.8451 1081.7760 272.2072
f 14077 14078 14079
v -2775.4087 1089.2478 281.7775
v -2785.5949 1091.7381 281.7726
v -2785.5908 1091.7363 272.1879
f 14080 14081 14082
v -2763.3528 1086.3014 281.7832
v -2775.4087 1089.2478 281.7775
v -2785.5908 1091.7363 272.1879
f 14083 14084 14085
v -2733.9422 1080.3227 277.1440
v -2733.9443 1080.3236 282.0748
v -2737.6459 1080.8176 281.9792
f 14086 14087 14088
v -2744.8492 1081.7779 281.7929
v -2744.8451 1081.7760 272.2072
v -2737.6459 1080.8176 281.9792
f 14089 14090 14091
v -2733.9402 1080.3217 272.2122
v -2737.6459 1080.8176 281.9792
v -2744.8451 1081.7760 272.2072
f 14092 14093 14094
v -2883.7809 1103.7694 280.7569
v -2883.7770 1103.7678 272.1423
v -2880.1165 1107.5985 280.5580
f 14095 14096 14097
v -2883.7770 1103.7678 272.1423
v -2880.1128 1107.5968 272.1433
v -2880.1165 1107.5985 280.5580
f 14098 14099 14100
v -2873.4840 1101.2562 272.1473
v -2873.4878 1101.2579 280.7619
v -2880.1128 1107.5968 272.1433
f 14101 14102 14103
v -2873.4878 1101.2579 280.7619
v -2873.4840 1101.2562 272.1473
v -2869.8218 1105.0873 272.1483
f 14104 14105 14106
v -2869.8218 1105.0873 272.1483
v -2863.1769 1098.7445 272.1524
v -2869.8254 1105.0890 280.5620
f 14107 14108 14109
v -2863.1769 1098.7445 272.1524
v -2863.1806 1098.7463 280.7660
v -2869.8254 1105.0890 280.5620
f 14110 14111 14112
v -2863.1806 1098.7463 280.7660
v -2859.5016 1102.5766 272.1534
v -2859.5053 1102.5782 280.5671
f 14113 14114 14115
v -2863.1806 1098.7463 280.7660
v -2863.1769 1098.7445 272.1524
v -2859.5016 1102.5766 272.1534
f 14116 14117 14118
v -2859.0458 1102.1384 272.1537
v -2859.0495 1102.1401 280.5814
v -2859.5053 1102.5782 280.5671
f 14119 14120 14121
v -2859.0458 1102.1384 272.1537
v -2859.5053 1102.5782 280.5671
v -2859.5016 1102.5766 272.1534
f 14122 14123 14124
v -2852.8886 1096.2186 280.7721
v -2859.0626 1102.1090 280.5824
v -2852.8848 1096.2169 272.1574
f 14125 14126 14127
v -2852.8848 1096.2169 272.1574
v -2859.0626 1102.1090 280.5824
v -2859.0589 1102.1075 272.1537
f 14128 14129 14130
v -2852.8848 1096.2169 272.1574
v -2849.1883 1100.0076 280.5741
v -2852.8886 1096.2186 280.7721
f 14131 14132 14133
v -2842.5897 1093.7123 272.1625
v -2838.8615 1097.4953 272.1635
v -2838.8652 1097.4969 280.5782
f 14134 14135 14136
v -2842.5934 1093.7140 280.7762
v -2842.5897 1093.7123 272.1625
v -2838.8652 1097.4969 280.5782
f 14137 14138 14139
v -2838.8652 1097.4969 280.5782
v -2832.3006 1091.1958 272.1675
v -2832.3043 1091.1975 280.7812
f 14140 14141 14142
v -2832.3006 1091.1958 272.1675
v -2838.8652 1097.4969 280.5782
v -2838.8615 1097.4953 272.1635
f 14143 14144 14145
v -2832.3043 1091.1975 280.7812
v -2832.3006 1091.1958 272.1675
v -2828.6424 1095.0089 272.1684
f 14146 14147 14148
v -2821.9915 1088.6881 272.1724
v -2821.9951 1088.6898 280.7861
v -2828.6424 1095.0089 272.1684
f 14149 14150 14151
v -2818.3333 1092.5012 272.1734
v -2818.3369 1092.5029 280.5871
v -2821.9951 1088.6898 280.7861
f 14152 14153 14154
v -2821.9951 1088.6898 280.7861
v -2821.9915 1088.6881 272.1724
v -2818.3333 1092.5012 272.1734
f 14155 14156 14157
v -2811.6974 1086.1684 272.1774
v -2811.7011 1086.1701 280.7911
v -2818.3369 1092.5029 280.5871
f 14158 14159 14160
v -2811.6974 1086.1684 272.1774
v -2818.3369 1092.5029 280.5871
v -2818.3333 1092.5012 272.1734
f 14161 14162 14163
v -2801.3913 1083.6608 272.1824
v -2808.0108 1089.9751 280.5921
v -2808.0072 1089.9734 272.1784
f 14164 14165 14166
v -2959.2856 1128.7749 280.4410
v -2959.2818 1128.7732 272.1033
v -2959.6365 1127.3399 280.5061
f 14167 14168 14169
v -2959.6365 1127.3399 280.5061
v -2959.2818 1128.7732 272.1033
v -2959.6327 1127.3382 272.1034
f 14170 14171 14172
v -2959.6365 1127.3399 280.5061
v -2958.8472 1127.1461 272.1038
v -2958.8510 1127.1477 280.5055
f 14173 14174 14175
v -2958.8472 1127.1461 272.1038
v -2959.6365 1127.3399 280.5061
v -2959.6327 1127.3382 272.1034
f 14176 14177 14178
v -2959.4424 1124.7834 280.6126
v -2958.8510 1127.1477 280.5055
v -2959.4385 1124.7817 272.1039
f 14179 14180 14181
v -2958.8472 1127.1461 272.1038
v -2959.4385 1124.7817 272.1039
v -2958.8510 1127.1477 280.5055
f 14182 14183 14184
v -2955.8527 1121.3758 280.7219
v -2959.4385 1124.7817 272.1039
v -2955.8487 1121.3741 272.1062
f 14185 14186 14187
v -2959.4385 1124.7817 272.1039
v -2955.8527 1121.3758 280.7219
v -2959.4424 1124.7834 280.6126
f 14188 14189 14190
v -2945.5606 1118.8615 272.1114
v -2945.5645 1118.8632 280.7271
v -2952.2093 1125.2029 280.5229
f 14191 14192 14193
v -2945.5645 1118.8632 280.7271
v -2945.5606 1118.8615 272.1114
v -2941.9122 1122.6764 280.5281
f 14194 14195 14196
v -2941.9085 1122.6746 272.1124
v -2941.9122 1122.6764 280.5281
v -2945.5606 1118.8615 272.1114
f 14197 14198 14199
v -2935.2745 1116.3499 272.1165
v -2935.2784 1116.3517 280.7322
v -2941.9122 1122.6764 280.5281
f 14200 14201 14202
v -2941.9085 1122.6746 272.1124
v -2935.2745 1116.3499 272.1165
v -2941.9122 1122.6764 280.5281
f 14203 14204 14205
v -2935.2745 1116.3499 272.1165
v -2931.5774 1120.1469 272.1176
v -2931.5811 1120.1486 280.5333
f 14206 14207 14208
v -2931.5811 1120.1486 280.5333
v -2935.2784 1116.3517 280.7322
v -2935.2745 1116.3499 272.1165
f 14209 14210 14211
v -2924.9724 1113.8303 272.1217
v -2924.9763 1113.8320 280.7374
v -2931.5774 1120.1469 272.1176
f 14212 14213 14214
v -2924.9763 1113.8320 280.7374
v -2931.5811 1120.1486 280.5333
v -2931.5774 1120.1469 272.1176
f 14215 14216 14217
v -2921.3049 1117.6541 280.5384
v -2924.9724 1113.8303 272.1217
v -2921.3013 1117.6524 272.1227
f 14218 14219 14220
v -2924.9763 1113.8320 280.7374
v -2924.9724 1113.8303 272.1217
v -2921.3049 1117.6541 280.5384
f 14221 14222 14223
v -2921.3013 1117.6524 272.1227
v -2914.6742 1111.3094 280.7425
v -2921.3049 1117.6541 280.5384
f 14224 14225 14226
v -2914.6703 1111.3077 272.1268
v -2914.6742 1111.3094 280.7425
v -2921.3013 1117.6524 272.1227
f 14227 14228 14229
v -2914.6703 1111.3077 272.1268
v -2911.0022 1115.1328 272.1279
v -2911.0059 1115.1345 280.5435
f 14230 14231 14232
v -2911.0059 1115.1345 280.5435
v -2914.6742 1111.3094 280.7425
v -2914.6703 1111.3077 272.1268
f 14233 14234 14235
v -2911.0059 1115.1345 280.5435
v -2904.3752 1108.7941 272.1321
v -2904.3791 1108.7957 280.7477
f 14236 14237 14238
v -2911.0022 1115.1328 272.1279
v -2904.3752 1108.7941 272.1321
v -2911.0059 1115.1345 280.5435
f 14239 14240 14241
v -2900.7117 1112.6218 280.5477
v -2904.3752 1108.7941 272.1321
v -2900.7081 1112.6201 272.1331
f 14242 14243 14244
v -2894.0782 1106.2744 272.1372
v -2894.0820 1106.2761 280.7528
v -2900.7117 1112.6218 280.5477
f 14245 14246 14247
v -2900.7081 1112.6201 272.1331
v -2894.0782 1106.2744 272.1372
v -2900.7117 1112.6218 280.5477
f 14248 14249 14250
v -2894.0820 1106.2761 280.7528
v -2890.4140 1110.1035 272.1382
v -2890.4177 1110.1052 280.5528
f 14251 14252 14253
v -2890.4140 1110.1035 272.1382
v -2894.0820 1106.2761 280.7528
v -2894.0782 1106.2744 272.1372
f 14254 14255 14256
v -2883.7809 1103.7694 280.7569
v -2890.4177 1110.1052 280.5528
v -2883.7770 1103.7678 272.1423
f 14257 14258 14259
v -2883.7770 1103.7678 272.1423
v -2890.4177 1110.1052 280.5528
v -2890.4140 1110.1035 272.1382
f 14260 14261 14262
v -2848.5981 1121.4818 286.2505
v -2742.9866 1092.8287 286.9566
v -2742.3373 1095.4868 286.3015
f 14263 14264 14265
v -2957.7390 1145.3618 286.8515
v -2848.5981 1121.4818 286.2505
v -2957.0875 1148.0218 286.1953
f 14266 14267 14268
v -2742.9866 1092.8287 286.9566
v -2848.5981 1121.4818 286.2505
v -2957.7390 1145.3618 286.8515
f 14269 14270 14271
v -2743.6213 1090.2394 286.3058
v -2957.7390 1145.3618 286.8515
v -2958.3716 1142.7734 286.2007
f 14272 14273 14274
v -2957.7390 1145.3618 286.8515
v -2743.6213 1090.2394 286.3058
v -2743.0210 1092.6869 286.9207
f 14275 14276 14277
v -2743.0210 1092.6869 286.9207
v -2742.9866 1092.8287 286.9566
v -2957.7390 1145.3618 286.8515
f 14278 14279 14280
v -2853.1999 1122.6077 283.7783
v -2957.0864 1148.0214 283.7264
v -2848.5981 1121.4818 286.2505
f 14281 14282 14283
v -2957.0864 1148.0214 283.7264
v -2957.0875 1148.0218 286.1953
v -2848.5981 1121.4818 286.2505
f 14284 14285 14286
v -2853.1999 1122.6077 283.7783
v -2848.5981 1121.4818 286.2505
v -2795.9973 1108.6133 283.8060
f 14287 14288 14289
v -2742.3373 1095.4868 286.3015
v -2769.1802 1102.0533 283.8189
v -2795.9973 1108.6133 283.8060
f 14290 14291 14292
v -2742.3373 1095.4868 286.3015
v -2742.3362 1095.4863 283.8316
v -2769.1802 1102.0533 283.8189
f 14293 14294 14295
v -2743.6213 1090.2394 286.3058
v -2770.4763 1096.8088 283.7822
v -2743.6202 1090.2388 283.7949
f 14296 14297 14298
v -2958.3705 1142.7729 283.6898
v -2770.4763 1096.8088 283.7822
v -2743.6213 1090.2394 286.3058
f 14299 14300 14301
v -2965.0063 1164.2458 280.7299
v -2933.0268 1156.4231 280.7462
v -2932.2261 1159.6969 280.8530
f 14302 14303 14304
v -2932.2261 1159.6969 280.8530
v -2964.2046 1167.5237 280.8367
v -2965.0063 1164.2458 280.7299
f 14305 14306 14307
v -2930.7813 1165.5842 272.1099
v -2930.7813 1165.5842 272.1379
v -2932.2222 1159.6951 272.1383
f 14308 14309 14310
v -2933.0229 1156.4213 272.1105
v -2930.7813 1165.5842 272.1099
v -2932.2222 1159.6951 272.1383
f 14311 14312 14313
v -2933.0229 1156.4213 272.1105
v -2932.2261 1159.6969 280.8530
v -2933.0268 1156.4231 280.7462
f 14314 14315 14316
v -2932.2222 1159.6951 272.1383
v -2932.2261 1159.6969 280.8530
v -2933.0229 1156.4213 272.1105
f 14317 14318 14319
v -2962.7619 1173.4079 272.0937
v -2962.7619 1173.4079 272.1217
v -2930.7813 1165.5842 272.1099
f 14320 14321 14322
v -2780.3941 1144.6651 294.3811
v -2760.8120 1148.8944 294.3889
v -2788.3559 1146.5715 294.3773
f 14323 14324 14325
v -2833.9681 1166.4057 294.3536
v -2788.3559 1146.5715 294.3773
v -2760.8120 1148.8944 294.3889
f 14326 14327 14328
v -2765.7979 1128.0701 294.3904
v -2760.8120 1148.8944 294.3889
v -2780.3941 1144.6651 294.3811
f 14329 14330 14331
v -2789.3116 1142.5800 294.3776
v -2765.7979 1128.0701 294.3904
v -2781.3488 1140.6747 294.3814
f 14332 14333 14334
v -2780.3941 1144.6651 294.3811
v -2781.3488 1140.6747 294.3814
v -2765.7979 1128.0701 294.3904
f 14335 14336 14337
v -2838.9541 1145.5814 294.3552
v -2765.7979 1128.0701 294.3904
v -2789.3116 1142.5800 294.3776
f 14338 14339 14340
v -2789.3116 1142.5800 294.3776
v -2788.3559 1146.5715 294.3773
v -2832.8827 1153.1779 294.3565
f 14341 14342 14343
v -2835.9706 1158.0431 294.3542
v -2831.9482 1157.0793 294.3562
v -2833.9681 1166.4057 294.3536
f 14344 14345 14346
v -2788.3559 1146.5715 294.3773
v -2833.9681 1166.4057 294.3536
v -2831.9482 1157.0793 294.3562
f 14347 14348 14349
v -2838.9541 1145.5814 294.3552
v -2832.8827 1153.1779 294.3565
v -2836.9051 1154.1407 294.3545
f 14350 14351 14352
v -2789.3116 1142.5800 294.3776
v -2832.8827 1153.1779 294.3565
v -2838.9541 1145.5814 294.3552
f 14353 14354 14355
v -2788.3559 1146.5715 294.3773
v -2831.9482 1157.0793 294.3562
v -2832.8827 1153.1779 294.3565
f 14356 14357 14358
v -2780.3945 1144.6652 295.2761
v -2788.3563 1146.5716 295.2723
v -2789.3120 1142.5802 295.2726
f 14359 14360 14361
v -2789.3120 1142.5802 295.2726
v -2781.3492 1140.6749 295.2764
v -2780.3945 1144.6652 295.2761
f 14362 14363 14364
v -2780.3941 1144.6651 294.3811
v -2780.3945 1144.6652 295.2761
v -2781.3492 1140.6749 295.2764
f 14365 14366 14367
v -2788.3559 1146.5715 294.3773
v -2788.3563 1146.5716 295.2723
v -2780.3945 1144.6652 295.2761
f 14368 14369 14370
v -2789.3116 1142.5800 294.3776
v -2789.3120 1142.5802 295.2726
v -2788.3563 1146.5716 295.2723
f 14371 14372 14373
v -2781.3488 1140.6747 294.3814
v -2781.3492 1140.6749 295.2764
v -2789.3120 1142.5802 295.2726
f 14374 14375 14376
v -2840.1303 1159.0396 295.2472
v -2832.8831 1153.1781 295.2515
v -2831.9486 1157.0796 295.2512
f 14377 14378 14379
v -2832.8831 1153.1781 295.2515
v -2840.1303 1159.0396 295.2472
v -2841.0647 1155.1370 295.2475
f 14380 14381 14382
v -2831.9482 1157.0793 294.3562
v -2831.9486 1157.0796 295.2512
v -2832.8831 1153.1781 295.2515
f 14383 14384 14385
v -2835.9703 1158.0430 293.5652
v -2840.1295 1159.0391 293.5632
v -2835.9706 1158.0431 294.3542
f 14386 14387 14388
v -2840.1303 1159.0396 295.2472
v -2835.9706 1158.0431 294.3542
v -2840.1295 1159.0391 293.5632
f 14389 14390 14391
v -2831.9482 1157.0793 294.3562
v -2835.9706 1158.0431 294.3542
v -2831.9486 1157.0796 295.2512
f 14392 14393 14394
v -2840.1303 1159.0396 295.2472
v -2831.9486 1157.0796 295.2512
v -2835.9706 1158.0431 294.3542
f 14395 14396 14397
v -2835.9703 1158.0430 293.5652
v -2835.4160 1160.3575 293.5651
v -2840.1295 1159.0391 293.5632
f 14398 14399 14400
v -2854.7214 1164.9793 293.5556
v -2840.1295 1159.0391 293.5632
v -2835.4160 1160.3575 293.5651
f 14401 14402 14403
v -2840.2044 1158.7274 293.5632
v -2840.1295 1159.0391 293.5632
v -2855.3465 1162.3520 293.5558
f 14404 14405 14406
v -2854.7214 1164.9793 293.5556
v -2855.3465 1162.3520 293.5558
v -2840.1295 1159.0391 293.5632
f 14407 14408 14409
v -2764.5680 1133.1933 287.1053
v -2760.8089 1148.8929 286.9591
v -2760.8120 1148.8944 294.3889
f 14410 14411 14412
v -2765.7948 1128.0686 287.1527
v -2764.5680 1133.1933 287.1053
v -2765.7979 1128.0701 294.3904
f 14413 14414 14415
v -2760.8120 1148.8944 294.3889
v -2765.7979 1128.0701 294.3904
v -2764.5680 1133.1933 287.1053
f 14416 14417 14418
v -2833.9650 1166.4042 286.9279
v -2833.9681 1166.4057 294.3536
v -2760.8120 1148.8944 294.3889
f 14419 14420 14421
v -2835.9706 1158.0431 294.3542
v -2835.4160 1160.3575 293.5651
v -2835.9703 1158.0430 293.5652
f 14422 14423 14424
v -2834.8488 1162.7145 286.9622
v -2835.4160 1160.3575 293.5651
v -2833.9681 1166.4057 294.3536
f 14425 14426 14427
v -2835.9706 1158.0431 294.3542
v -2833.9681 1166.4057 294.3536
v -2835.4160 1160.3575 293.5651
f 14428 14429 14430
v -2833.9681 1166.4057 294.3536
v -2833.9650 1166.4042 286.9279
v -2834.8488 1162.7145 286.9622
f 14431 14432 14433
v -2835.4132 1160.3561 286.9834
v -2835.4160 1160.3575 293.5651
v -2834.8488 1162.7145 286.9622
f 14434 14435 14436
v -2765.7948 1128.0686 287.1527
v -2765.7979 1128.0701 294.3904
v -2838.9509 1145.5798 287.1205
f 14437 14438 14439
v -2840.2015 1158.7260 287.0065
v -2841.0612 1155.1353 287.0398
v -2840.2044 1158.7274 293.5632
f 14440 14441 14442
v -2841.0647 1155.1370 295.2475
v -2840.2044 1158.7274 293.5632
v -2841.0612 1155.1353 287.0398
f 14443 14444 14445
v -2840.1295 1159.0391 293.5632
v -2840.2044 1158.7274 293.5632
v -2840.1303 1159.0396 295.2472
f 14446 14447 14448
v -2841.0647 1155.1370 295.2475
v -2840.1303 1159.0396 295.2472
v -2840.2044 1158.7274 293.5632
f 14449 14450 14451
v -2840.2015 1158.7260 287.0065
v -2840.2044 1158.7274 293.5632
v -2855.3436 1162.3506 286.9991
f 14452 14453 14454
v -2838.9509 1145.5798 287.1205
v -2838.9541 1145.5814 294.3552
v -2836.9051 1154.1407 294.3545
f 14455 14456 14457
v -2832.8827 1153.1779 294.3565
v -2832.8831 1153.1781 295.2515
v -2836.9051 1154.1407 294.3545
f 14458 14459 14460
v -2841.0647 1155.1370 295.2475
v -2836.9051 1154.1407 294.3545
v -2832.8831 1153.1781 295.2515
f 14461 14462 14463
v -2836.9019 1154.1392 287.0408
v -2836.9051 1154.1407 294.3545
v -2841.0612 1155.1353 287.0398
f 14464 14465 14466
v -2841.0647 1155.1370 295.2475
v -2841.0612 1155.1353 287.0398
v -2836.9051 1154.1407 294.3545
f 14467 14468 14469
v -2854.7185 1164.9780 286.9749
v -2854.7214 1164.9793 293.5556
v -2835.4160 1160.3575 293.5651
f 14470 14471 14472
v -2696.2580 1143.1450 289.1107
v -2696.2330 1143.2136 272.4803
v -2694.6559 1149.5653 272.4798
f 14473 14474 14475
v -2696.2510 1143.1417 272.2453
v -2696.2329 1143.2136 272.2453
v -2696.2330 1143.2136 272.4803
f 14476 14477 14478
v -2696.2580 1143.1450 289.1107
v -2694.6559 1149.5653 272.4798
v -2694.6628 1149.5687 289.1102
f 14479 14480 14481
v -2696.2330 1143.2136 272.4803
v -2696.2580 1143.1450 289.1107
v -2696.2510 1143.1417 272.2453
f 14482 14483 14484
v -2696.2580 1143.1450 289.1107
v -2696.0702 1143.0991 286.9009
v -2696.2510 1143.1417 272.2453
f 14485 14486 14487
v -2696.2510 1143.1417 272.2453
v -2696.0702 1143.0991 286.9009
v -2655.6502 1133.2137 286.9196
f 14488 14489 14490
v -2655.6443 1133.2107 272.2641
v -2696.2510 1143.1417 272.2453
v -2655.6502 1133.2137 286.9196
f 14491 14492 14493
v -2696.0711 1143.0996 289.1108
v -2696.0702 1143.0991 286.9009
v -2696.2580 1143.1450 289.1107
f 14494 14495 14496
v -2700.4430 1150.9938 272.4771
v -2702.5705 1151.5195 272.4761
v -2702.5907 1151.5256 287.2946
f 14497 14498 14499
v -2704.9180 1152.0989 272.4750
v -2704.9241 1152.1019 287.2935
v -2702.5907 1151.5256 287.2946
f 14500 14501 14502
v -2702.5907 1151.5256 287.2946
v -2702.5705 1151.5195 272.4761
v -2704.9180 1152.0989 272.4750
f 14503 14504 14505
v -2699.9892 1150.8840 289.1077
v -2702.5907 1151.5256 287.2946
v -2702.5919 1151.5262 290.2385
f 14506 14507 14508
v -2694.6559 1149.5653 272.4798
v -2699.9892 1150.8840 289.1077
v -2694.6628 1149.5687 289.1102
f 14509 14510 14511
v -2699.9892 1150.8840 289.1077
v -2700.4430 1150.9938 272.4771
v -2702.5907 1151.5256 287.2946
f 14512 14513 14514
v -2699.9892 1150.8840 289.1077
v -2694.6559 1149.5653 272.4798
v -2700.4430 1150.9938 272.4771
f 14515 14516 14517
v -2699.9896 1150.8842 290.2397
v -2699.9892 1150.8840 289.1077
v -2702.5919 1151.5262 290.2385
f 14518 14519 14520
v -2698.1222 1148.7117 272.4785
v -2696.2330 1143.2136 272.4803
v -2699.2849 1143.9608 272.4789
f 14521 14522 14523
v -2694.6559 1149.5653 272.4798
v -2696.2330 1143.2136 272.4803
v -2698.1222 1148.7117 272.4785
f 14524 14525 14526
v -2700.4430 1150.9938 272.4771
v -2694.6559 1149.5653 272.4798
v -2698.1222 1148.7117 272.4785
f 14527 14528 14529
v -2700.4430 1150.9938 272.4771
v -2698.1222 1148.7117 272.4785
v -2705.6541 1150.5558 272.4750
f 14530 14531 14532
v -2700.4430 1150.9938 272.4771
v -2705.6541 1150.5558 272.4750
v -2702.5705 1151.5195 272.4761
f 14533 14534 14535
v -2704.8917 1152.2057 272.4750
v -2704.9180 1152.0989 272.4750
v -2705.2304 1152.2867 272.4749
f 14536 14537 14538
v -2705.6541 1150.5558 272.4750
v -2705.2304 1152.2867 272.4749
v -2704.9180 1152.0989 272.4750
f 14539 14540 14541
v -2704.9180 1152.0989 272.4750
v -2702.5705 1151.5195 272.4761
v -2705.6541 1150.5558 272.4750
f 14542 14543 14544
v -2962.7619 1173.4079 272.1217
v -2964.2046 1167.5237 280.8367
v -2962.2439 1175.5546 287.0609
f 14545 14546 14547
v -2964.2074 1167.5249 287.1355
v -2962.2439 1175.5546 287.0609
v -2964.2046 1167.5237 280.8367
f 14548 14549 14550
v -2965.0025 1164.2440 272.0943
v -2967.6162 1153.5543 272.0951
v -2965.0063 1164.2458 280.7299
f 14551 14552 14553
v -2967.6211 1153.5565 283.1016
v -2965.0063 1164.2458 280.7299
v -2967.6162 1153.5543 272.0951
f 14554 14555 14556
v -2962.7619 1173.4079 272.0937
v -2965.0025 1164.2440 272.0943
v -2962.7619 1173.4079 272.1217
f 14557 14558 14559
v -2964.2046 1167.5237 280.8367
v -2965.0025 1164.2440 272.0943
v -2965.0063 1164.2458 280.7299
f 14560 14561 14562
v -2965.0025 1164.2440 272.0943
v -2964.2046 1167.5237 280.8367
v -2962.7619 1173.4079 272.1217
f 14563 14564 14565
v -2958.8939 1189.3020 308.9461
v -2959.5750 1186.5102 305.8124
v -2959.5764 1186.5109 308.9463
f 14566 14567 14568
v -2959.5665 1186.5062 286.9591
v -2959.5750 1186.5102 305.8124
v -2958.8939 1189.3020 308.9461
f 14569 14570 14571
v -2958.8939 1189.3020 308.9461
v -2958.8874 1189.2553 272.1205
v -2959.5665 1186.5062 286.9591
f 14572 14573 14574
v -2962.7619 1173.4079 272.1217
v -2959.5665 1186.5062 286.9591
v -2958.8874 1189.2553 272.1205
f 14575 14576 14577
v -2962.2439 1175.5546 287.0609
v -2959.5665 1186.5062 286.9591
v -2962.7619 1173.4079 272.1217
f 14578 14579 14580
v -2972.1414 1135.2645 281.1988
v -2968.9683 1148.1095 284.3109
v -2972.1372 1135.2626 272.0961
f 14581 14582 14583
v -2968.9628 1148.1069 272.0953
v -2968.9683 1148.1095 284.3109
v -2967.6211 1153.5565 283.1016
f 14584 14585 14586
v -2967.6162 1153.5543 272.0951
v -2968.9628 1148.1069 272.0953
v -2967.6211 1153.5565 283.1016
f 14587 14588 14589
v -2968.9683 1148.1095 284.3109
v -2968.9628 1148.1069 272.0953
v -2972.1372 1135.2626 272.0961
f 14590 14591 14592
v -2728.8676 1101.0592 274.6428
v -2728.8696 1101.0603 279.5346
v -2733.9422 1080.3227 277.1440
f 14593 14594 14595
v -2731.5641 1090.0322 272.2116
v -2728.8665 1101.0588 272.2109
v -2728.8676 1101.0592 274.6428
f 14596 14597 14598
v -2728.8676 1101.0592 274.6428
v -2733.9422 1080.3227 277.1440
v -2731.5641 1090.0322 272.2116
f 14599 14600 14601
v -2731.5692 1090.0346 284.4271
v -2728.8696 1101.0603 279.5346
v -2728.8706 1101.0607 281.9805
f 14602 14603 14604
v -2728.8696 1101.0603 279.5346
v -2733.9443 1080.3236 282.0748
v -2733.9422 1080.3227 277.1440
f 14605 14606 14607
v -2733.9402 1080.3217 272.2122
v -2731.5641 1090.0322 272.2116
v -2733.9422 1080.3227 277.1440
f 14608 14609 14610
v -2731.5692 1090.0346 284.4271
v -2733.9443 1080.3236 282.0748
v -2728.8696 1101.0603 279.5346
f 14611 14612 14613
v -2794.8119 1090.5140 272.1841
v -2794.8157 1090.5158 280.9738
v -2796.3507 1088.9158 280.5214
f 14614 14615 14616
v -2796.3472 1088.9141 272.1837
v -2794.8119 1090.5140 272.1841
v -2796.3507 1088.9158 280.5214
f 14617 14618 14619
v -2796.3472 1088.9141 272.1837
v -2796.3507 1088.9158 280.5214
v -2801.3949 1083.6625 280.7951
f 14620 14621 14622
v -2801.3913 1083.6608 272.1824
v -2796.3472 1088.9141 272.1837
v -2801.3949 1083.6625 280.7951
f 14623 14624 14625
v -2958.3716 1142.7734 286.2007
v -2957.7378 1145.3613 284.3166
v -2958.3705 1142.7729 283.6898
f 14626 14627 14628
v -2957.0864 1148.0214 283.7264
v -2957.7378 1145.3613 284.3166
v -2957.0875 1148.0218 286.1953
f 14629 14630 14631
v -2957.7390 1145.3618 286.8515
v -2957.0875 1148.0218 286.1953
v -2957.7378 1145.3613 284.3166
f 14632 14633 14634
v -2958.3716 1142.7734 286.2007
v -2957.7390 1145.3618 286.8515
v -2957.7378 1145.3613 284.3166
f 14635 14636 14637
v -2742.9856 1092.8282 284.4217
v -2742.3362 1095.4863 283.8316
v -2742.3373 1095.4868 286.3015
f 14638 14639 14640
v -2742.9856 1092.8282 284.4217
v -2742.3373 1095.4868 286.3015
v -2742.9866 1092.8287 286.9566
f 14641 14642 14643
v -2743.0200 1092.6863 284.3878
v -2742.9856 1092.8282 284.4217
v -2743.0210 1092.6869 286.9207
f 14644 14645 14646
v -2743.0200 1092.6863 284.3878
v -2743.6213 1090.2394 286.3058
v -2743.6202 1090.2388 283.7949
f 14647 14648 14649
v -2743.0200 1092.6863 284.3878
v -2743.0210 1092.6869 286.9207
v -2743.6213 1090.2394 286.3058
f 14650 14651 14652
v -2742.9866 1092.8287 286.9566
v -2743.0210 1092.6869 286.9207
v -2742.9856 1092.8282 284.4217
f 14653 14654 14655
v -2858.2484 1150.1397 287.1130
v -2962.2439 1175.5546 287.0609
v -2964.2074 1167.5249 287.1355
f 14656 14657 14658
v -2838.9509 1145.5798 287.1205
v -2858.2484 1150.1397 287.1130
v -2964.2074 1167.5249 287.1355
f 14659 14660 14661
v -2836.9019 1154.1392 287.0408
v -2841.0612 1155.1353 287.0398
v -2858.2484 1150.1397 287.1130
f 14662 14663 14664
v -2841.0612 1155.1353 287.0398
v -2855.3436 1162.3506 286.9991
v -2858.2484 1150.1397 287.1130
f 14665 14666 14667
v -2840.2015 1158.7260 287.0065
v -2855.3436 1162.3506 286.9991
v -2841.0612 1155.1353 287.0398
f 14668 14669 14670
v -2838.9509 1145.5798 287.1205
v -2681.6786 1098.3751 287.2727
v -2765.7948 1128.0686 287.1527
f 14671 14672 14673
v -2702.4333 1142.6542 286.9153
v -2711.1473 1148.2135 286.8806
v -2760.8089 1148.8929 286.9591
f 14674 14675 14676
v -2764.5680 1133.1933 287.1053
v -2702.4333 1142.6542 286.9153
v -2760.8089 1148.8929 286.9591
f 14677 14678 14679
v -2858.2484 1150.1397 287.1130
v -2838.9509 1145.5798 287.1205
v -2836.9019 1154.1392 287.0408
f 14680 14681 14682
v -2681.6786 1098.3751 287.2727
v -2838.9509 1145.5798 287.1205
v -2964.2074 1167.5249 287.1355
f 14683 14684 14685
v -2833.9650 1166.4042 286.9279
v -2853.1863 1171.4187 286.9154
v -2854.7185 1164.9780 286.9749
f 14686 14687 14688
v -2834.8488 1162.7145 286.9622
v -2854.7185 1164.9780 286.9749
v -2835.4132 1160.3561 286.9834
f 14689 14690 14691
v -2833.9650 1166.4042 286.9279
v -2854.0148 1192.0457 286.7342
v -2853.1863 1171.4187 286.9154
f 14692 14693 14694
v -2853.1863 1171.4187 286.9154
v -2854.0148 1192.0457 286.7342
v -2858.8175 1172.7958 286.9127
f 14695 14696 14697
v -2834.8488 1162.7145 286.9622
v -2833.9650 1166.4042 286.9279
v -2854.7185 1164.9780 286.9749
f 14698 14699 14700
v -2760.8089 1148.8929 286.9591
v -2710.4212 1151.2506 286.8523
v -2710.2785 1151.8501 286.8473
f 14701 14702 14703
v -2760.8089 1148.8929 286.9591
v -2710.2785 1151.8501 286.8473
v -2709.9063 1153.4061 286.8332
f 14704 14705 14706
v -2760.8089 1148.8929 286.9591
v -2709.9063 1153.4061 286.8332
v -2833.9650 1166.4042 286.9279
f 14707 14708 14709
v -2709.9063 1153.4061 286.8332
v -2705.2364 1152.2896 286.8344
v -2704.4649 1155.4395 286.8051
f 14710 14711 14712
v -2833.9650 1166.4042 286.9279
v -2709.9063 1153.4061 286.8332
v -2704.4649 1155.4395 286.8051
f 14713 14714 14715
v -2854.0148 1192.0457 286.7342
v -2833.9650 1166.4042 286.9279
v -2704.4649 1155.4395 286.8051
f 14716 14717 14718
v -2711.1473 1148.2135 286.8806
v -2710.4212 1151.2506 286.8523
v -2760.8089 1148.8929 286.9591
f 14719 14720 14721
v -2655.6502 1133.2137 286.9196
v -2764.5680 1133.1933 287.1053
v -2765.7948 1128.0686 287.1527
f 14722 14723 14724
v -2671.4436 1096.5626 287.2713
v -2681.6786 1098.3751 287.2727
v -2678.3195 1097.6771 287.2732
f 14725 14726 14727
v -2664.8108 1095.7888 287.2673
v -2681.6786 1098.3751 287.2727
v -2671.4436 1096.5626 287.2713
f 14728 14729 14730
v -2655.6502 1133.2137 286.9196
v -2681.6786 1098.3751 287.2727
v -2664.8108 1095.7888 287.2673
f 14731 14732 14733
v -2702.2948 1143.2348 286.9102
v -2703.7721 1146.4498 286.8840
v -2711.1473 1148.2135 286.8806
f 14734 14735 14736
v -2703.5372 1146.3941 286.8841
v -2703.7721 1146.4498 286.8840
v -2702.2948 1143.2348 286.9102
f 14737 14738 14739
v -2701.5585 1146.3118 286.8810
v -2703.5372 1146.3941 286.8841
v -2702.2948 1143.2348 286.9102
f 14740 14741 14742
v -2701.5585 1146.3118 286.8810
v -2703.1610 1147.9751 286.8690
v -2703.5372 1146.3941 286.8841
f 14743 14744 14745
v -2701.2682 1147.5250 286.8699
v -2703.1610 1147.9751 286.8690
v -2701.5585 1146.3118 286.8810
f 14746 14747 14748
v -2702.4333 1142.6542 286.9153
v -2702.2948 1143.2348 286.9102
v -2711.1473 1148.2135 286.8806
f 14749 14750 14751
v -2701.9776 1142.5450 286.9155
v -2702.4333 1142.6542 286.9153
v -2764.5680 1133.1933 287.1053
f 14752 14753 14754
v -2655.6502 1133.2137 286.9196
v -2696.5152 1141.2394 286.9180
v -2764.5680 1133.1933 287.1053
f 14755 14756 14757
v -2655.6502 1133.2137 286.9196
v -2696.0702 1143.0991 286.9009
v -2696.5152 1141.2394 286.9180
f 14758 14759 14760
v -2764.5680 1133.1933 287.1053
v -2698.4139 1141.6934 286.9171
v -2701.9776 1142.5450 286.9155
f 14761 14762 14763
v -2764.5680 1133.1933 287.1053
v -2696.5152 1141.2394 286.9180
v -2698.4139 1141.6934 286.9171
f 14764 14765 14766
v -2681.6786 1098.3751 287.2727
v -2655.6502 1133.2137 286.9196
v -2765.7948 1128.0686 287.1527
f 14767 14768 14769
v -2892.3273 1162.0198 310.1726
v -2888.7330 1177.0330 310.1715
v -2926.5491 1180.2345 310.1537
f 14770 14771 14772
v -2926.7872 1186.1421 310.1525
v -2926.5491 1180.2345 310.1537
v -2888.7330 1177.0330 310.1715
f 14773 14774 14775
v -2930.3815 1171.1278 310.1536
v -2892.3273 1162.0198 310.1726
v -2927.7391 1175.3677 310.1541
f 14776 14777 14778
v -2926.5491 1180.2345 310.1537
v -2927.7391 1175.3677 310.1541
v -2892.3273 1162.0198 310.1726
f 14779 14780 14781
v -2927.7391 1175.3677 310.1541
v -2929.2761 1175.7438 310.1533
v -2930.3815 1171.1278 310.1536
f 14782 14783 14784
v -2926.7872 1186.1421 310.1525
v -2928.1100 1180.6167 310.1529
v -2926.5491 1180.2345 310.1537
f 14785 14786 14787
v -2888.7311 1177.0321 305.8467
v -2888.7330 1177.0330 310.1715
v -2889.3946 1174.2643 308.2328
f 14788 14789 14790
v -2891.5771 1165.1503 308.2335
v -2889.3946 1174.2643 308.2328
v -2888.7330 1177.0330 310.1715
f 14791 14792 14793
v -2889.3946 1174.2643 308.2328
v -2889.3936 1174.2639 305.8469
v -2888.7311 1177.0321 305.8467
f 14794 14795 14796
v -2892.3254 1162.0189 305.8477
v -2891.5771 1165.1503 308.2335
v -2892.3273 1162.0198 310.1726
f 14797 14798 14799
v -2891.5771 1165.1503 308.2335
v -2892.3254 1162.0189 305.8477
v -2891.5760 1165.1497 305.8475
f 14800 14801 14802
v -2926.7853 1186.1412 305.8276
v -2926.7872 1186.1421 310.1525
v -2888.7330 1177.0330 310.1715
f 14803 14804 14805
v -2930.3796 1171.1270 305.8287
v -2930.3815 1171.1278 310.1536
v -2929.5857 1174.4463 308.2144
f 14806 14807 14808
v -2929.2761 1175.7438 310.1533
v -2929.5857 1174.4463 308.2144
v -2930.3815 1171.1278 310.1536
f 14809 14810 14811
v -2929.2761 1175.7438 310.1533
v -2929.2753 1175.7435 308.2143
v -2929.5857 1174.4463 308.2144
f 14812 14813 14814
v -2892.3254 1162.0189 305.8477
v -2892.3273 1162.0198 310.1726
v -2930.3815 1171.1278 310.1536
f 14815 14816 14817
v -2926.5512 1180.2355 314.9565
v -2934.8847 1182.2739 314.9523
v -2936.0747 1177.4070 314.9527
f 14818 14819 14820
v -2936.0747 1177.4070 314.9527
v -2927.7413 1175.3687 314.9569
v -2926.5512 1180.2355 314.9565
f 14821 14822 14823
v -2936.0717 1177.4057 308.2109
v -2936.0747 1177.4070 314.9527
v -2934.8847 1182.2739 314.9523
f 14824 14825 14826
v -2927.7413 1175.3687 314.9569
v -2929.2761 1175.7438 310.1533
v -2927.7391 1175.3677 310.1541
f 14827 14828 14829
v -2936.0717 1177.4057 308.2109
v -2929.2761 1175.7438 310.1533
v -2936.0747 1177.4070 314.9527
f 14830 14831 14832
v -2927.7413 1175.3687 314.9569
v -2936.0747 1177.4070 314.9527
v -2929.2761 1175.7438 310.1533
f 14833 14834 14835
v -2929.2753 1175.7435 308.2143
v -2929.2761 1175.7438 310.1533
v -2936.0717 1177.4057 308.2109
f 14836 14837 14838
v -2926.5491 1180.2345 310.1537
v -2926.5512 1180.2355 314.9565
v -2927.7413 1175.3687 314.9569
f 14839 14840 14841
v -2934.8816 1182.2724 308.2105
v -2934.8847 1182.2739 314.9523
v -2928.1100 1180.6167 310.1529
f 14842 14843 14844
v -2926.5512 1180.2355 314.9565
v -2928.1100 1180.6167 310.1529
v -2934.8847 1182.2739 314.9523
f 14845 14846 14847
v -2928.1092 1180.6162 308.2139
v -2934.8816 1182.2724 308.2105
v -2928.1100 1180.6167 310.1529
f 14848 14849 14850
v -2926.5512 1180.2355 314.9565
v -2926.5491 1180.2345 310.1537
v -2928.1100 1180.6167 310.1529
f 14851 14852 14853
v -2938.2871 1179.0802 305.8236
v -2938.2882 1179.0806 308.2095
v -2950.1125 1181.9104 308.2036
f 14854 14855 14856
v -2938.8646 1176.6667 305.8238
v -2938.8657 1176.6671 308.2097
v -2938.2882 1179.0806 308.2095
f 14857 14858 14859
v -2943.8533 1184.5980 305.8201
v -2943.8544 1184.5985 308.2060
v -2943.1676 1187.4686 308.2057
f 14860 14861 14862
v -2949.1638 1185.8692 305.8174
v -2949.1649 1185.8698 308.2033
v -2943.8544 1184.5985 308.2060
f 14863 14864 14865
v -2950.1114 1181.9098 305.8177
v -2950.1125 1181.9104 308.2036
v -2949.1649 1185.8698 308.2033
f 14866 14867 14868
v -2928.1092 1180.6162 308.2139
v -2928.1100 1180.6167 310.1529
v -2927.3740 1183.6883 308.2137
f 14869 14870 14871
v -2926.7872 1186.1421 310.1525
v -2927.3740 1183.6883 308.2137
v -2928.1100 1180.6167 310.1529
f 14872 14873 14874
v -2927.3729 1183.6877 305.8278
v -2927.3740 1183.6883 308.2137
v -2926.7853 1186.1412 305.8276
f 14875 14876 14877
v -2926.7872 1186.1421 310.1525
v -2926.7853 1186.1412 305.8276
v -2927.3740 1183.6883 308.2137
f 14878 14879 14880
v -2928.1092 1180.6162 308.2139
v -2927.3740 1183.6883 308.2137
v -2934.8816 1182.2724 308.2105
f 14881 14882 14883
v -2943.1676 1187.4686 308.2057
v -2934.8816 1182.2724 308.2105
v -2927.3740 1183.6883 308.2137
f 14884 14885 14886
v -2929.5857 1174.4463 308.2144
v -2929.2753 1175.7435 308.2143
v -2936.0717 1177.4057 308.2109
f 14887 14888 14889
v -2938.8657 1176.6671 308.2097
v -2929.5857 1174.4463 308.2144
v -2936.0717 1177.4057 308.2109
f 14890 14891 14892
v -2936.0717 1177.4057 308.2109
v -2934.8816 1182.2724 308.2105
v -2938.2882 1179.0806 308.2095
f 14893 14894 14895
v -2934.8816 1182.2724 308.2105
v -2943.8544 1184.5985 308.2060
v -2938.2882 1179.0806 308.2095
f 14896 14897 14898
v -2950.1125 1181.9104 308.2036
v -2943.8544 1184.5985 308.2060
v -2949.1649 1185.8698 308.2033
f 14899 14900 14901
v -2936.0717 1177.4057 308.2109
v -2938.2882 1179.0806 308.2095
v -2938.8657 1176.6671 308.2097
f 14902 14903 14904
v -2943.8544 1184.5985 308.2060
v -2950.1125 1181.9104 308.2036
v -2938.2882 1179.0806 308.2095
f 14905 14906 14907
v -2943.1676 1187.4686 308.2057
v -2943.8544 1184.5985 308.2060
v -2934.8816 1182.2724 308.2105
f 14908 14909 14910
v -2929.5846 1174.4457 305.8285
v -2929.5857 1174.4463 308.2144
v -2938.8657 1176.6671 308.2097
f 14911 14912 14913
v -2943.1666 1187.4681 305.8198
v -2943.1676 1187.4686 308.2057
v -2927.3740 1183.6883 308.2137
f 14914 14915 14916
v -2958.8935 1189.3014 305.8122
v -2958.8874 1189.2553 272.1205
v -2958.8939 1189.3020 308.9461
f 14917 14918 14919
v -2957.1539 1196.5155 272.1200
v -2958.8935 1189.3014 305.8122
v -2957.1691 1196.5226 305.8117
f 14920 14921 14922
v -2958.8935 1189.3014 305.8122
v -2957.1539 1196.5155 272.1200
v -2958.8874 1189.2553 272.1205
f 14923 14924 14925
v -2858.8175 1172.7958 286.9127
v -2858.8970 1172.4470 272.1692
v -2858.9117 1172.4540 305.8610
f 14926 14927 14928
v -2858.9117 1172.4540 305.8610
v -2858.8257 1172.7997 305.8609
v -2858.8175 1172.7958 286.9127
f 14929 14930 14931
v -2957.1539 1196.5155 272.1200
v -2957.1691 1196.5226 305.8117
v -2858.8970 1172.4470 272.1692
f 14932 14933 14934
v -2883.5665 1169.7215 312.0131
v -2874.8608 1162.9182 312.0183
v -2873.7929 1167.3813 312.0179
f 14935 14936 14937
v -2874.8608 1162.9182 312.0183
v -2883.5665 1169.7215 312.0131
v -2884.6345 1165.2574 312.0134
f 14938 14939 14940
v -2874.8592 1162.9174 308.2415
v -2874.8608 1162.9182 312.0183
v -2884.6345 1165.2574 312.0134
f 14941 14942 14943
v -2873.7912 1167.3805 308.2411
v -2873.7929 1167.3813 312.0179
v -2874.8608 1162.9182 312.0183
f 14944 14945 14946
v -2883.5648 1169.7208 308.2363
v -2883.5665 1169.7215 312.0131
v -2873.7929 1167.3813 312.0179
f 14947 14948 14949
v -2884.6328 1165.2566 308.2366
v -2884.6345 1165.2574 312.0134
v -2883.5665 1169.7215 312.0131
f 14950 14951 14952
v -2871.0475 1169.8726 305.8560
v -2871.0485 1169.8731 308.2419
v -2873.2300 1160.7580 308.2426
f 14953 14954 14955
v -2883.5648 1169.7208 308.2363
v -2891.5771 1165.1503 308.2335
v -2884.6328 1165.2566 308.2366
f 14956 14957 14958
v -2873.2300 1160.7580 308.2426
v -2884.6328 1165.2566 308.2366
v -2891.5771 1165.1503 308.2335
f 14959 14960 14961
v -2871.0485 1169.8731 308.2419
v -2889.3946 1174.2643 308.2328
v -2883.5648 1169.7208 308.2363
f 14962 14963 14964
v -2891.5771 1165.1503 308.2335
v -2883.5648 1169.7208 308.2363
v -2889.3946 1174.2643 308.2328
f 14965 14966 14967
v -2873.7912 1167.3805 308.2411
v -2874.8592 1162.9174 308.2415
v -2873.2300 1160.7580 308.2426
f 14968 14969 14970
v -2884.6328 1165.2566 308.2366
v -2873.2300 1160.7580 308.2426
v -2874.8592 1162.9174 308.2415
f 14971 14972 14973
v -2883.5648 1169.7208 308.2363
v -2873.7912 1167.3805 308.2411
v -2871.0485 1169.8731 308.2419
f 14974 14975 14976
v -2873.2300 1160.7580 308.2426
v -2871.0485 1169.8731 308.2419
v -2873.7912 1167.3805 308.2411
f 14977 14978 14979
v -2889.3936 1174.2639 305.8469
v -2889.3946 1174.2643 308.2328
v -2871.0485 1169.8731 308.2419
f 14980 14981 14982
v -2873.2290 1160.7576 305.8567
v -2873.2300 1160.7580 308.2426
v -2891.5771 1165.1503 308.2335
f 14983 14984 14985
v -2858.8970 1172.4470 272.1692
v -2858.8175 1172.7958 286.9127
v -2854.0148 1192.0457 286.7342
f 14986 14987 14988
v -2854.0148 1192.0457 286.7342
v -2854.0084 1192.0425 272.1678
v -2858.8970 1172.4470 272.1692
f 14989 14990 14991
v -2959.0933 1186.3919 305.8127
v -2959.5750 1186.5102 305.8124
v -2950.1114 1181.9098 305.8177
f 14992 14993 14994
v -2962.2533 1175.5585 305.8132
v -2950.1114 1181.9098 305.8177
v -2959.5750 1186.5102 305.8124
f 14995 14996 14997
v -2938.2871 1179.0802 305.8236
v -2950.1114 1181.9098 305.8177
v -2938.8646 1176.6667 305.8238
f 14998 14999 15000
v -2962.2533 1175.5585 305.8132
v -2938.8646 1176.6667 305.8238
v -2950.1114 1181.9098 305.8177
f 15001 15002 15003
v -2949.1638 1185.8692 305.8174
v -2959.0933 1186.3919 305.8127
v -2950.1114 1181.9098 305.8177
f 15004 15005 15006
v -2938.8646 1176.6667 305.8238
v -2962.2533 1175.5585 305.8132
v -2930.3796 1171.1270 305.8287
f 15007 15008 15009
v -2958.4099 1189.1831 305.8125
v -2957.1691 1196.5226 305.8117
v -2958.8935 1189.3014 305.8122
f 15010 15011 15012
v -2943.1666 1187.4681 305.8198
v -2957.1691 1196.5226 305.8117
v -2958.4099 1189.1831 305.8125
f 15013 15014 15015
v -2943.1666 1187.4681 305.8198
v -2949.1638 1185.8692 305.8174
v -2943.8533 1184.5980 305.8201
f 15016 15017 15018
v -2957.1691 1196.5226 305.8117
v -2943.1666 1187.4681 305.8198
v -2926.7853 1186.1412 305.8276
f 15019 15020 15021
v -2943.1666 1187.4681 305.8198
v -2927.3729 1183.6877 305.8278
v -2926.7853 1186.1412 305.8276
f 15022 15023 15024
v -2958.4099 1189.1831 305.8125
v -2949.1638 1185.8692 305.8174
v -2943.1666 1187.4681 305.8198
f 15025 15026 15027
v -2958.4099 1189.1831 305.8125
v -2959.0933 1186.3919 305.8127
v -2949.1638 1185.8692 305.8174
f 15028 15029 15030
v -2926.7853 1186.1412 305.8276
v -2888.7311 1177.0321 305.8467
v -2957.1691 1196.5226 305.8117
f 15031 15032 15033
v -2873.2290 1160.7576 305.8567
v -2892.3254 1162.0189 305.8477
v -2858.2566 1150.1435 305.8653
f 15034 15035 15036
v -2962.2533 1175.5585 305.8132
v -2892.3254 1162.0189 305.8477
v -2930.3796 1171.1270 305.8287
f 15037 15038 15039
v -2853.1945 1171.4226 305.8637
v -2873.2290 1160.7576 305.8567
v -2858.2566 1150.1435 305.8653
f 15040 15041 15042
v -2891.5760 1165.1497 305.8475
v -2892.3254 1162.0189 305.8477
v -2873.2290 1160.7576 305.8567
f 15043 15044 15045
v -2892.3254 1162.0189 305.8477
v -2962.2533 1175.5585 305.8132
v -2858.2566 1150.1435 305.8653
f 15046 15047 15048
v -2871.0475 1169.8726 305.8560
v -2888.7311 1177.0321 305.8467
v -2889.3936 1174.2639 305.8469
f 15049 15050 15051
v -2858.9117 1172.4540 305.8610
v -2957.1691 1196.5226 305.8117
v -2888.7311 1177.0321 305.8467
f 15052 15053 15054
v -2853.1945 1171.4226 305.8637
v -2858.9117 1172.4540 305.8610
v -2871.0475 1169.8726 305.8560
f 15055 15056 15057
v -2858.9117 1172.4540 305.8610
v -2853.1945 1171.4226 305.8637
v -2858.8257 1172.7997 305.8609
f 15058 15059 15060
v -2853.1945 1171.4226 305.8637
v -2871.0475 1169.8726 305.8560
v -2873.2290 1160.7576 305.8567
f 15061 15062 15063
v -2871.0475 1169.8726 305.8560
v -2858.9117 1172.4540 305.8610
v -2888.7311 1177.0321 305.8467
f 15064 15065 15066
v -2930.3796 1171.1270 305.8287
v -2929.5846 1174.4457 305.8285
v -2938.8646 1176.6667 305.8238
f 15067 15068 15069
v -2962.2439 1175.5546 287.0609
v -2962.2533 1175.5585 305.8132
v -2959.5750 1186.5102 305.8124
f 15070 15071 15072
v -2858.2484 1150.1397 287.1130
v -2858.2566 1150.1435 305.8653
v -2962.2439 1175.5546 287.0609
f 15073 15074 15075
v -2853.1863 1171.4187 286.9154
v -2853.1945 1171.4226 305.8637
v -2854.7214 1164.9793 293.5556
f 15076 15077 15078
v -2855.3465 1162.3520 293.5558
v -2854.7214 1164.9793 293.5556
v -2853.1945 1171.4226 305.8637
f 15079 15080 15081
v -2854.7214 1164.9793 293.5556
v -2854.7185 1164.9780 286.9749
v -2853.1863 1171.4187 286.9154
f 15082 15083 15084
v -2858.2484 1150.1397 287.1130
v -2855.3465 1162.3520 293.5558
v -2858.2566 1150.1435 305.8653
f 15085 15086 15087
v -2853.1945 1171.4226 305.8637
v -2858.2566 1150.1435 305.8653
v -2855.3465 1162.3520 293.5558
f 15088 15089 15090
v -2855.3465 1162.3520 293.5558
v -2858.2484 1150.1397 287.1130
v -2855.3436 1162.3506 286.9991
f 15091 15092 15093
v -2858.8175 1172.7958 286.9127
v -2858.8257 1172.7997 305.8609
v -2853.1945 1171.4226 305.8637
f 15094 15095 15096
v -2854.0084 1192.0425 272.1678
v -2704.4649 1155.4395 286.8051
v -2704.4590 1155.4365 272.2396
f 15097 15098 15099
v -2671.4436 1096.5626 287.2713
v -2678.3195 1097.6771 287.2732
v -2678.3134 1097.6741 272.2608
f 15100 15101 15102
v -2699.2848 1143.9607 272.2439
v -2696.2330 1143.2136 272.4803
v -2696.2329 1143.2136 272.2453
f 15103 15104 15105
v -2698.1221 1148.7115 272.2435
v -2699.2849 1143.9608 272.4789
v -2699.2848 1143.9607 272.2439
f 15106 15107 15108
v -2959.0933 1186.3919 305.8127
v -2959.5764 1186.5109 308.9463
v -2959.5750 1186.5102 305.8124
f 15109 15110 15111
v -2958.4099 1189.1831 305.8125
v -2959.0947 1186.3925 308.9466
v -2959.0933 1186.3919 305.8127
f 15112 15113 15114
v -2958.8935 1189.3014 305.8122
v -2958.4112 1189.1838 308.9464
v -2958.4099 1189.1831 305.8125
f 15115 15116 15117
v -2703.4240 1148.0399 287.2949
v -2702.5919 1151.5262 290.2385
v -2702.5907 1151.5256 287.2946
f 15118 15119 15120
v -2704.8917 1152.2057 272.4750
v -2704.9241 1152.1019 287.2935
v -2704.9180 1152.0989 272.4750
f 15121 15122 15123
v -2699.9892 1150.8840 289.1077
v -2700.8189 1147.4175 290.2400
v -2700.8185 1147.4173 289.1080
f 15124 15125 15126
v -2703.1592 1147.9762 287.2950
v -2703.5374 1146.3942 287.2951
v -2703.5372 1146.3941 286.8841
f 15127 15128 15129
v -2933.8911 1151.1447 272.1111
v -2932.6300 1156.3259 280.7464
v -2932.9467 1155.0309 281.0334
f 15130 15131 15132
v -2826.5756 1124.9286 275.7490
v -2883.1784 1138.7567 281.9170
v -2831.3850 1126.1037 281.9395
f 15133 15134 15135
v -2826.5756 1124.9286 275.7490
v -2933.8911 1151.1447 272.1111
v -2933.8955 1151.1467 281.8957
f 15136 15137 15138
v -2831.3850 1126.1037 281.9395
v -2780.1274 1113.5822 281.9602
v -2826.5756 1124.9286 275.7490
f 15139 15140 15141
v -2728.8706 1101.0607 281.9805
v -2826.5756 1124.9286 275.7490
v -2780.1274 1113.5822 281.9602
f 15142 15143 15144
v -2728.8696 1101.0603 279.5346
v -2728.8676 1101.0592 274.6428
v -2826.5756 1124.9286 275.7490
f 15145 15146 15147
v -2970.6811 1134.9058 272.0969
v -2970.6853 1134.9076 281.1986
v -2972.1414 1135.2645 281.1988
f 15148 15149 15150
v -2972.1372 1135.2626 272.0961
v -2970.6811 1134.9058 272.0969
v -2972.1414 1135.2645 281.1988
f 15151 15152 15153
v -2971.4374 1131.7475 280.4348
v -2970.6853 1134.9076 281.1986
v -2970.6811 1134.9058 272.0969
f 15154 15155 15156
v -2786.3896 1088.4654 272.1881
v -2786.3933 1088.4671 280.9798
v -2794.8157 1090.5158 280.9738
f 15157 15158 15159
v -2785.5908 1091.7363 272.1879
v -2785.5949 1091.7381 281.7726
v -2786.3896 1088.4654 272.1881
f 15160 15161 15162
v -2737.6459 1080.8176 281.9792
v -2733.9402 1080.3217 272.2122
v -2733.9422 1080.3227 277.1440
f 15163 15164 15165
v -2873.4878 1101.2579 280.7619
v -2880.1165 1107.5985 280.5580
v -2880.1128 1107.5968 272.1433
f 15166 15167 15168
v -2873.4878 1101.2579 280.7619
v -2869.8218 1105.0873 272.1483
v -2869.8254 1105.0890 280.5620
f 15169 15170 15171
v -2859.0626 1102.1090 280.5824
v -2859.0495 1102.1401 280.5814
v -2859.0458 1102.1384 272.1537
f 15172 15173 15174
v -2859.0458 1102.1384 272.1537
v -2859.0589 1102.1075 272.1537
v -2859.0626 1102.1090 280.5824
f 15175 15176 15177
v -2852.8848 1096.2169 272.1574
v -2849.1847 1100.0059 272.1584
v -2849.1883 1100.0076 280.5741
f 15178 15179 15180
v -2842.5934 1093.7140 280.7762
v -2849.1883 1100.0076 280.5741
v -2842.5897 1093.7123 272.1625
f 15181 15182 15183
v -2842.5897 1093.7123 272.1625
v -2849.1883 1100.0076 280.5741
v -2849.1847 1100.0059 272.1584
f 15184 15185 15186
v -2832.3043 1091.1975 280.7812
v -2828.6424 1095.0089 272.1684
v -2828.6460 1095.0104 280.5831
f 15187 15188 15189
v -2828.6460 1095.0104 280.5831
v -2828.6424 1095.0089 272.1684
v -2821.9951 1088.6898 280.7861
f 15190 15191 15192
v -2811.7011 1086.1701 280.7911
v -2808.0072 1089.9734 272.1784
v -2808.0108 1089.9751 280.5921
f 15193 15194 15195
v -2811.6974 1086.1684 272.1774
v -2808.0072 1089.9734 272.1784
v -2811.7011 1086.1701 280.7911
f 15196 15197 15198
v -2808.0108 1089.9751 280.5921
v -2801.3913 1083.6608 272.1824
v -2801.3949 1083.6625 280.7951
f 15199 15200 15201
v -2955.8487 1121.3741 272.1062
v -2952.2055 1125.2012 272.1072
v -2952.2093 1125.2029 280.5229
f 15202 15203 15204
v -2952.2093 1125.2029 280.5229
v -2955.8527 1121.3758 280.7219
v -2955.8487 1121.3741 272.1062
f 15205 15206 15207
v -2945.5606 1118.8615 272.1114
v -2952.2093 1125.2029 280.5229
v -2952.2055 1125.2012 272.1072
f 15208 15209 15210
v -2900.7117 1112.6218 280.5477
v -2904.3791 1108.7957 280.7477
v -2904.3752 1108.7941 272.1321
f 15211 15212 15213
v -2742.3373 1095.4868 286.3015
v -2795.9973 1108.6133 283.8060
v -2848.5981 1121.4818 286.2505
f 15214 15215 15216
v -2743.6213 1090.2394 286.3058
v -2958.3716 1142.7734 286.2007
v -2958.3705 1142.7729 283.6898
f 15217 15218 15219
v -2962.7619 1173.4079 272.1217
v -2930.7813 1165.5842 272.1379
v -2930.7813 1165.5842 272.1099
f 15220 15221 15222
v -2780.3941 1144.6651 294.3811
v -2781.3492 1140.6749 295.2764
v -2781.3488 1140.6747 294.3814
f 15223 15224 15225
v -2788.3559 1146.5715 294.3773
v -2780.3945 1144.6652 295.2761
v -2780.3941 1144.6651 294.3811
f 15226 15227 15228
v -2789.3116 1142.5800 294.3776
v -2788.3563 1146.5716 295.2723
v -2788.3559 1146.5715 294.3773
f 15229 15230 15231
v -2781.3488 1140.6747 294.3814
v -2789.3120 1142.5802 295.2726
v -2789.3116 1142.5800 294.3776
f 15232 15233 15234
v -2831.9482 1157.0793 294.3562
v -2832.8831 1153.1781 295.2515
v -2832.8827 1153.1779 294.3565
f 15235 15236 15237
v -2833.9650 1166.4042 286.9279
v -2760.8120 1148.8944 294.3889
v -2760.8089 1148.8929 286.9591
f 15238 15239 15240
v -2765.7979 1128.0701 294.3904
v -2838.9541 1145.5814 294.3552
v -2838.9509 1145.5798 287.1205
f 15241 15242 15243
v -2840.2044 1158.7274 293.5632
v -2855.3465 1162.3520 293.5558
v -2855.3436 1162.3506 286.9991
f 15244 15245 15246
v -2838.9509 1145.5798 287.1205
v -2836.9051 1154.1407 294.3545
v -2836.9019 1154.1392 287.0408
f 15247 15248 15249
v -2854.7185 1164.9780 286.9749
v -2835.4160 1160.3575 293.5651
v -2835.4132 1160.3561 286.9834
f 15250 15251 15252
v -2891.5771 1165.1503 308.2335
v -2888.7330 1177.0330 310.1715
v -2892.3273 1162.0198 310.1726
f 15253 15254 15255
v -2926.7853 1186.1412 305.8276
v -2888.7330 1177.0330 310.1715
v -2888.7311 1177.0321 305.8467
f 15256 15257 15258
v -2930.3796 1171.1270 305.8287
v -2929.5857 1174.4463 308.2144
v -2929.5846 1174.4457 305.8285
f 15259 15260 15261
v -2892.3254 1162.0189 305.8477
v -2930.3815 1171.1278 310.1536
v -2930.3796 1171.1270 305.8287
f 15262 15263 15264
v -2936.0717 1177.4057 308.2109
v -2934.8847 1182.2739 314.9523
v -2934.8816 1182.2724 308.2105
f 15265 15266 15267
v -2926.5491 1180.2345 310.1537
v -2927.7413 1175.3687 314.9569
v -2927.7391 1175.3677 310.1541
f 15268 15269 15270
v -2938.2871 1179.0802 305.8236
v -2950.1125 1181.9104 308.2036
v -2950.1114 1181.9098 305.8177
f 15271 15272 15273
v -2938.8646 1176.6667 305.8238
v -2938.2882 1179.0806 308.2095
v -2938.2871 1179.0802 305.8236
f 15274 15275 15276
v -2943.8533 1184.5980 305.8201
v -2943.1676 1187.4686 308.2057
v -2943.1666 1187.4681 305.8198
f 15277 15278 15279
v -2949.1638 1185.8692 305.8174
v -2943.8544 1184.5985 308.2060
v -2943.8533 1184.5980 305.8201
f 15280 15281 15282
v -2950.1114 1181.9098 305.8177
v -2949.1649 1185.8698 308.2033
v -2949.1638 1185.8692 305.8174
f 15283 15284 15285
v -2929.5846 1174.4457 305.8285
v -2938.8657 1176.6671 308.2097
v -2938.8646 1176.6667 305.8238
f 15286 15287 15288
v -2943.1666 1187.4681 305.8198
v -2927.3740 1183.6883 308.2137
v -2927.3729 1183.6877 305.8278
f 15289 15290 15291
v -2957.1691 1196.5226 305.8117
v -2858.9117 1172.4540 305.8610
v -2858.8970 1172.4470 272.1692
f 15292 15293 15294
v -2874.8592 1162.9174 308.2415
v -2884.6345 1165.2574 312.0134
v -2884.6328 1165.2566 308.2366
f 15295 15296 15297
v -2873.7912 1167.3805 308.2411
v -2874.8608 1162.9182 312.0183
v -2874.8592 1162.9174 308.2415
f 15298 15299 15300
v -2883.5648 1169.7208 308.2363
v -2873.7929 1167.3813 312.0179
v -2873.7912 1167.3805 308.2411
f 15301 15302 15303
v -2884.6328 1165.2566 308.2366
v -2883.5665 1169.7215 312.0131
v -2883.5648 1169.7208 308.2363
f 15304 15305 15306
v -2871.0475 1169.8726 305.8560
v -2873.2300 1160.7580 308.2426
v -2873.2290 1160.7576 305.8567
f 15307 15308 15309
v -2889.3936 1174.2639 305.8469
v -2871.0485 1169.8731 308.2419
v -2871.0475 1169.8726 305.8560
f 15310 15311 15312
v -2873.2290 1160.7576 305.8567
v -2891.5771 1165.1503 308.2335
v -2891.5760 1165.1497 305.8475
f 15313 15314 15315
v -2962.2439 1175.5546 287.0609
v -2959.5750 1186.5102 305.8124
v -2959.5665 1186.5062 286.9591
f 15316 15317 15318
v -2858.2566 1150.1435 305.8653
v -2962.2533 1175.5585 305.8132
v -2962.2439 1175.5546 287.0609
f 15319 15320 15321
v -2858.8175 1172.7958 286.9127
v -2853.1945 1171.4226 305.8637
v -2853.1863 1171.4187 286.9154
f 15322 15323 15324

g building_ID_79D13855-FCA7-4C38-9FEA-EC82FCBAC57C
v -2657.1418 999.3577 272.4318
v -2636.8217 982.7413 272.4428
v -2646.9275 970.1047 272.4405
f 15325 15326 15327
v -2667.8297 987.4145 272.4292
v -2657.1418 999.3577 272.4318
v -2646.9275 970.1047 272.4405
f 15328 15329 15330
v -2667.8297 987.4145 272.4292
v -2661.6975 997.5559 272.4301
v -2657.1418 999.3577 272.4318
f 15331 15332 15333
v -2668.0727 987.0132 272.4291
v -2667.8297 987.4145 272.4292
v -2646.9275 970.1047 272.4405
f 15334 15335 15336
v -2657.1418 999.3577 272.4318
v -2641.9054 986.8977 282.2067
v -2636.8256 982.7432 282.2105
f 15337 15338 15339
v -2636.8256 982.7432 282.2105
v -2636.8217 982.7413 272.4428
v -2657.1418 999.3577 272.4318
f 15340 15341 15342
v -2646.9275 970.1047 272.4405
v -2646.9315 970.1064 282.4941
v -2668.0769 987.0150 282.4827
f 15343 15344 15345
v -2636.8217 982.7413 272.4428
v -2636.8256 982.7432 282.2105
v -2646.9275 970.1047 272.4405
f 15346 15347 15348
v -2646.9315 970.1064 282.4941
v -2646.9275 970.1047 272.4405
v -2636.8256 982.7432 282.2105
f 15349 15350 15351
v -2652.0659 995.2049 282.1982
v -2667.8338 987.4164 282.4748
v -2641.9054 986.8977 282.2067
f 15352 15353 15354
v -2668.0769 987.0150 282.4827
v -2646.9315 970.1064 282.4941
v -2636.8256 982.7432 282.2105
f 15355 15356 15357
v -2636.8256 982.7432 282.2105
v -2641.9054 986.8977 282.2067
v -2668.0769 987.0150 282.4827
f 15358 15359 15360
v -2657.9286 999.0495 282.2072
v -2661.7016 997.5578 282.2668
v -2652.0659 995.2049 282.1982
f 15361 15362 15363
v -2667.8338 987.4164 282.4748
v -2668.0769 987.0150 282.4827
v -2641.9054 986.8977 282.2067
f 15364 15365 15366
v -2661.7016 997.5578 282.2668
v -2667.8338 987.4164 282.4748
v -2652.0659 995.2049 282.1982
f 15367 15368 15369
v -2657.9286 999.0495 282.2072
v -2652.0659 995.2049 282.1982
v -2657.1458 999.3595 282.1945
f 15370 15371 15372
v -2657.1418 999.3577 272.4318
v -2661.6975 997.5559 272.4301
v -2661.7016 997.5578 282.2668
f 15373 15374 15375
v -2657.9286 999.0495 282.2072
v -2657.1418 999.3577 272.4318
v -2661.7016 997.5578 282.2668
f 15376 15377 15378
v -2657.9286 999.0495 282.2072
v -2657.1458 999.3595 282.1945
v -2657.1418 999.3577 272.4318
f 15379 15380 15381
v -2668.0727 987.0132 272.4291
v -2668.0769 987.0150 282.4827
v -2667.8338 987.4164 282.4748
f 15382 15383 15384
v -2667.8297 987.4145 272.4292
v -2668.0727 987.0132 272.4291
v -2667.8338 987.4164 282.4748
f 15385 15386 15387
v -2661.6975 997.5559 272.4301
v -2667.8297 987.4145 272.4292
v -2661.7016 997.5578 282.2668
f 15388 15389 15390
v -2667.8338 987.4164 282.4748
v -2661.7016 997.5578 282.2668
v -2667.8297 987.4145 272.4292
f 15391 15392 15393
v -2657.1458 999.3595 282.1945
v -2652.0659 995.2049 282.1982
v -2657.1418 999.3577 272.4318
f 15394 15395 15396
v -2641.9054 986.8977 282.2067
v -2657.1418 999.3577 272.4318
v -2652.0659 995.2049 282.1982
f 15397 15398 15399
v -2646.9275 970.1047 272.4405
v -2668.0769 987.0150 282.4827
v -2668.0727 987.0132 272.4291
f 15400 15401 15402
