# Grid Center: 2616800, 1265400
# Global Anchor: 7.64977475454284, 47.53283995868075, 0.0

g building_ID_FCE77BC3-0883-49E3-BEEA-4C2AA6FD3452
v 713.3224 598.3667 262.7967
v 716.3688 602.5955 262.7959
v 727.7494 587.9602 262.7959
f 1 2 3
v 716.3688 602.5955 262.7959
v 730.8137 592.2128 262.7952
v 727.7494 587.9602 262.7959
f 4 5 6
v 716.3703 602.5969 275.1185
v 713.3238 598.3680 273.8133
v 720.5408 593.1617 273.8090
f 7 8 9
v 730.8152 592.2143 275.1178
v 720.5408 593.1617 273.8090
v 727.7507 587.9614 273.8056
f 10 11 12
v 716.3703 602.5969 275.1185
v 720.5408 593.1617 273.8090
v 730.8152 592.2143 275.1178
f 13 14 15
v 727.7494 587.9602 262.7959
v 727.7507 587.9614 273.8056
v 720.5408 593.1617 273.8090
f 16 17 18
v 727.7494 587.9602 262.7959
v 720.5408 593.1617 273.8090
v 713.3224 598.3667 262.7967
f 19 20 21
v 736.3106 599.8407 259.6570
v 698.2570 615.8114 259.6598
v 703.6290 623.2869 259.6585
f 22 23 24
v 736.3106 599.8407 259.6570
v 716.4496 602.7078 259.6590
v 698.2570 615.8114 259.6598
f 25 26 27
v 730.8133 592.2126 259.6584
v 716.3683 602.5951 259.6590
v 716.4496 602.7078 259.6590
f 28 29 30
v 736.3106 599.8407 259.6570
v 730.8133 592.2126 259.6584
v 716.4496 602.7078 259.6590
f 31 32 33
v 728.0323 605.7832 280.2637
v 730.8160 592.2150 281.3286
v 736.3133 599.8431 280.2623
f 34 35 36
v 719.8761 611.6350 280.2651
v 716.4524 602.7104 281.3132
v 728.0323 605.7832 280.2637
f 37 38 39
v 716.3711 602.5977 281.3292
v 730.8160 592.2150 281.3286
v 716.4524 602.7104 281.3132
f 40 41 42
v 728.0323 605.7832 280.2637
v 716.4524 602.7104 281.3132
v 730.8160 592.2150 281.3286
f 43 44 45
v 711.9042 605.9865 281.3135
v 716.4524 602.7104 281.3132
v 719.8761 611.6350 280.2651
f 46 47 48
v 703.6315 623.2894 280.2688
v 703.4576 612.0701 281.3129
v 711.8017 617.4276 280.2674
f 49 50 51
v 698.2597 615.8140 281.3121
v 703.4576 612.0701 281.3129
v 703.6315 623.2894 280.2688
f 52 53 54
v 711.8017 617.4276 280.2674
v 703.4576 612.0701 281.3129
v 711.9042 605.9865 281.3135
f 55 56 57
v 719.8761 611.6350 280.2651
v 711.8017 617.4276 280.2674
v 711.9042 605.9865 281.3135
f 58 59 60
v 703.6290 623.2869 259.6585
v 703.6315 623.2894 280.2688
v 711.8017 617.4276 280.2674
f 61 62 63
v 711.8017 617.4276 280.2674
v 719.8761 611.6350 280.2651
v 703.6290 623.2869 259.6585
f 64 65 66
v 736.3120 599.8419 269.9576
v 736.3106 599.8407 259.6570
v 728.0323 605.7832 280.2637
f 67 68 69
v 698.2570 615.8114 259.6598
v 698.2597 615.8140 281.3121
v 703.6315 623.2894 280.2688
f 70 71 72
v 716.4509 602.7090 269.1327
v 716.4524 602.7104 281.3132
v 711.9042 605.9865 281.3135
f 73 74 75
v 703.4576 612.0701 281.3129
v 716.4496 602.7078 259.6590
v 711.9042 605.9865 281.3135
f 76 77 78
v 711.9042 605.9865 281.3135
v 716.4496 602.7078 259.6590
v 716.4509 602.7090 269.1327
f 79 80 81
v 716.4496 602.7078 259.6590
v 703.4576 612.0701 281.3129
v 698.2570 615.8114 259.6598
f 82 83 84
v 730.8152 592.2143 275.1178
v 730.8160 592.2150 281.3286
v 716.3703 602.5969 275.1185
f 85 86 87
v 730.8133 592.2126 259.6584
v 730.8137 592.2128 262.7952
v 716.3688 602.5955 262.7959
f 88 89 90
v 736.3120 599.8419 269.9576
v 736.3133 599.8431 280.2623
v 730.8160 592.2150 281.3286
f 91 92 93
v 736.3120 599.8419 269.9576
v 730.8152 592.2143 275.1178
v 736.3106 599.8407 259.6570
f 94 95 96
v 730.8160 592.2150 281.3286
v 730.8152 592.2143 275.1178
v 736.3120 599.8419 269.9576
f 97 98 99
v 727.7507 587.9614 273.8056
v 730.8137 592.2128 262.7952
v 730.8152 592.2143 275.1178
f 100 101 102
v 736.3106 599.8407 259.6570
v 730.8137 592.2128 262.7952
v 730.8133 592.2126 259.6584
f 103 104 105
v 727.7494 587.9602 262.7959
v 730.8137 592.2128 262.7952
v 727.7507 587.9614 273.8056
f 106 107 108
v 736.3106 599.8407 259.6570
v 730.8152 592.2143 275.1178
v 730.8137 592.2128 262.7952
f 109 110 111
v 713.3238 598.3680 273.8133
v 716.4509 602.7090 269.1327
v 713.3224 598.3667 262.7967
f 112 113 114
v 716.3683 602.5951 259.6590
v 716.3688 602.5955 262.7959
v 716.4496 602.7078 259.6590
f 115 116 117
v 716.4524 602.7104 281.3132
v 716.4509 602.7090 269.1327
v 716.3711 602.5977 281.3292
f 118 119 120
v 716.4496 602.7078 259.6590
v 716.3688 602.5955 262.7959
v 716.4509 602.7090 269.1327
f 121 122 123
v 716.4509 602.7090 269.1327
v 716.3688 602.5955 262.7959
v 713.3224 598.3667 262.7967
f 124 125 126
v 713.3238 598.3680 273.8133
v 716.3703 602.5969 275.1185
v 716.4509 602.7090 269.1327
f 127 128 129
v 716.3703 602.5969 275.1185
v 716.3711 602.5977 281.3292
v 716.4509 602.7090 269.1327
f 130 131 132
v 720.5408 593.1617 273.8090
v 713.3238 598.3680 273.8133
v 713.3224 598.3667 262.7967
f 133 134 135
v 736.3106 599.8407 259.6570
v 719.8761 611.6350 280.2651
v 728.0323 605.7832 280.2637
f 136 137 138
v 703.6290 623.2869 259.6585
v 719.8761 611.6350 280.2651
v 736.3106 599.8407 259.6570
f 139 140 141
v 728.0323 605.7832 280.2637
v 736.3133 599.8431 280.2623
v 736.3120 599.8419 269.9576
f 142 143 144
v 698.2570 615.8114 259.6598
v 703.6315 623.2894 280.2688
v 703.6290 623.2869 259.6585
f 145 146 147
v 703.4576 612.0701 281.3129
v 698.2597 615.8140 281.3121
v 698.2570 615.8114 259.6598
f 148 149 150
v 730.8160 592.2150 281.3286
v 716.3711 602.5977 281.3292
v 716.3703 602.5969 275.1185
f 151 152 153
v 730.8133 592.2126 259.6584
v 716.3688 602.5955 262.7959
v 716.3683 602.5951 259.6590
f 154 155 156

g building_ID_F648B1CF-B65D-4A72-81F0-FBC852E2517F
v 710.2680 514.5163 264.4721
v 693.0056 505.3427 264.4748
v 703.8563 519.4384 264.4725
f 157 158 159
v 686.4407 500.0844 264.4759
v 693.0056 505.3427 264.4748
v 694.4431 493.9320 264.4755
f 160 161 162
v 710.2680 514.5163 264.4721
v 694.4431 493.9320 264.4755
v 693.0056 505.3427 264.4748
f 163 164 165
v 691.4249 506.5599 264.4749
v 693.0056 505.3427 264.4748
v 686.4407 500.0844 264.4759
f 166 167 168
v 686.4421 500.0855 275.8755
v 694.4445 493.9332 275.8751
v 693.0070 505.3438 275.8744
f 169 170 171
v 710.2694 514.5174 275.8717
v 693.0070 505.3438 275.8744
v 694.4445 493.9332 275.8751
f 172 173 174
v 691.4263 506.5610 275.8745
v 686.4421 500.0855 275.8755
v 693.0070 505.3438 275.8744
f 175 176 177
v 710.2694 514.5174 275.8717
v 703.8577 519.4396 275.8721
v 693.0070 505.3438 275.8744
f 178 179 180
v 703.8563 519.4384 264.4725
v 703.8577 519.4396 275.8721
v 710.2694 514.5174 275.8717
f 181 182 183
v 693.0056 505.3427 264.4748
v 693.0070 505.3438 275.8744
v 703.8577 519.4396 275.8721
f 184 185 186
v 691.4249 506.5599 264.4749
v 691.4263 506.5610 275.8745
v 693.0070 505.3438 275.8744
f 187 188 189
v 686.4407 500.0844 264.4759
v 686.4421 500.0855 275.8755
v 691.4263 506.5610 275.8745
f 190 191 192
v 694.4431 493.9320 264.4755
v 694.4445 493.9332 275.8751
v 686.4421 500.0855 275.8755
f 193 194 195
v 710.2680 514.5163 264.4721
v 710.2694 514.5174 275.8717
v 694.4445 493.9332 275.8751
f 196 197 198
v 703.8563 519.4384 264.4725
v 710.2694 514.5174 275.8717
v 710.2680 514.5163 264.4721
f 199 200 201
v 693.0056 505.3427 264.4748
v 703.8577 519.4396 275.8721
v 703.8563 519.4384 264.4725
f 202 203 204
v 691.4249 506.5599 264.4749
v 693.0070 505.3438 275.8744
v 693.0056 505.3427 264.4748
f 205 206 207
v 686.4407 500.0844 264.4759
v 691.4263 506.5610 275.8745
v 691.4249 506.5599 264.4749
f 208 209 210
v 694.4431 493.9320 264.4755
v 686.4421 500.0855 275.8755
v 686.4407 500.0844 264.4759
f 211 212 213
v 710.2680 514.5163 264.4721
v 694.4445 493.9332 275.8751
v 694.4431 493.9320 264.4755
f 214 215 216

g building_ID_50632D2A-9E21-4F77-AA9C-CA514316A789
v 726.4157 805.6363 254.9089
v 724.5593 801.7383 254.9096
v 723.6247 802.6048 254.9096
f 217 218 219
v 722.2566 799.2355 254.9101
v 724.5593 801.7383 254.9096
v 727.9195 793.9894 254.9102
f 220 221 222
v 727.9195 793.9894 254.9102
v 726.4157 805.6363 254.9089
v 733.0402 799.5266 254.9089
f 223 224 225
v 724.5593 801.7383 254.9096
v 726.4157 805.6363 254.9089
v 727.9195 793.9894 254.9102
f 226 227 228
v 726.4171 805.6379 266.1195
v 724.5606 801.7399 265.6352
v 730.8142 801.5822 266.1205
f 229 230 231
v 730.8142 801.5822 266.1205
v 725.6754 796.0709 265.2358
v 733.0416 799.5283 266.1205
f 232 233 234
v 726.4171 805.6379 266.1195
v 723.6260 802.6064 265.6352
v 724.5606 801.7399 265.6352
f 235 236 237
v 722.2580 799.2371 265.2357
v 725.6754 796.0709 265.2358
v 724.5606 801.7399 265.6352
f 238 239 240
v 727.9207 793.9909 265.2348
v 733.0416 799.5283 266.1205
v 725.6754 796.0709 265.2358
f 241 242 243
v 725.6754 796.0709 265.2358
v 730.8142 801.5822 266.1205
v 724.5606 801.7399 265.6352
f 244 245 246
v 730.8142 801.5822 266.1205
v 726.4157 805.6363 254.9089
v 726.4171 805.6379 266.1195
f 247 248 249
v 733.0402 799.5266 254.9089
v 726.4157 805.6363 254.9089
v 730.8142 801.5822 266.1205
f 250 251 252
v 726.4171 805.6379 266.1195
v 723.6247 802.6048 254.9096
v 723.6260 802.6064 265.6352
f 253 254 255
v 723.6247 802.6048 254.9096
v 726.4171 805.6379 266.1195
v 726.4157 805.6363 254.9089
f 256 257 258
v 723.6247 802.6048 254.9096
v 724.5593 801.7383 254.9096
v 724.5606 801.7399 265.6352
f 259 260 261
v 722.2566 799.2355 254.9101
v 722.2580 799.2371 265.2357
v 724.5606 801.7399 265.6352
f 262 263 264
v 724.5593 801.7383 254.9096
v 722.2566 799.2355 254.9101
v 724.5606 801.7399 265.6352
f 265 266 267
v 727.9195 793.9894 254.9102
v 727.9207 793.9909 265.2348
v 725.6754 796.0709 265.2358
f 268 269 270
v 727.9195 793.9894 254.9102
v 725.6754 796.0709 265.2358
v 722.2580 799.2371 265.2357
f 271 272 273
v 727.9195 793.9894 254.9102
v 722.2580 799.2371 265.2357
v 722.2566 799.2355 254.9101
f 274 275 276
v 733.0402 799.5266 254.9089
v 733.0416 799.5283 266.1205
v 727.9207 793.9909 265.2348
f 277 278 279
v 727.9195 793.9894 254.9102
v 733.0402 799.5266 254.9089
v 727.9207 793.9909 265.2348
f 280 281 282
v 733.0416 799.5283 266.1205
v 733.0402 799.5266 254.9089
v 730.8142 801.5822 266.1205
f 283 284 285
v 723.6247 802.6048 254.9096
v 724.5606 801.7399 265.6352
v 723.6260 802.6064 265.6352
f 286 287 288

g building_ID_2F89339E-0266-4715-AE3C-02413B12DB3C
v 715.6422 803.7332 282.1344
v 716.4430 802.9131 282.2654
v 716.6720 803.3115 282.1344
f 289 290 291
v 716.4430 802.9131 282.2654
v 715.6422 803.7332 282.1344
v 715.5190 803.2906 282.2655
f 292 293 294
v 716.6720 803.3115 282.1344
v 717.2434 802.3200 282.2654
v 717.5642 802.6492 282.1343
f 295 296 297
v 717.2434 802.3200 282.2654
v 716.6720 803.3115 282.1344
v 716.4430 802.9131 282.2654
f 298 299 300
v 717.5642 802.6492 282.1343
v 717.8673 801.5464 282.2655
v 718.2599 801.7862 282.1344
f 301 302 303
v 717.8673 801.5464 282.2655
v 717.5642 802.6492 282.1343
v 717.2434 802.3200 282.2654
f 304 305 306
v 718.2599 801.7862 282.1344
v 718.2769 800.6422 282.2655
v 718.7172 800.7770 282.1345
f 307 308 309
v 718.2769 800.6422 282.2655
v 718.2599 801.7862 282.1344
v 717.8673 801.5464 282.2655
f 310 311 312
v 718.2769 800.6422 282.2655
v 718.4472 799.6628 282.2656
v 718.9072 799.6865 282.1346
f 313 314 315
v 718.9072 799.6865 282.1346
v 718.7172 800.7770 282.1345
v 718.2769 800.6422 282.2655
f 316 317 318
v 718.7172 800.7770 282.1345
v 718.9072 799.6865 282.1346
v 719.0643 799.6941 281.9935
f 319 320 321
v 719.0643 799.6941 281.9935
v 718.8673 800.8236 281.9934
v 718.7172 800.7770 282.1345
f 322 323 324
v 718.8639 800.8196 255.0103
v 718.8673 800.8236 281.9934
v 719.0643 799.6941 281.9935
f 325 326 327
v 718.9072 799.6865 282.1346
v 718.8163 798.5808 282.1347
v 718.9702 798.5503 281.9937
f 328 329 330
v 718.9702 798.5503 281.9937
v 719.0643 799.6941 281.9935
v 718.9072 799.6865 282.1346
f 331 332 333
v 719.0609 799.6901 255.0104
v 719.0643 799.6941 281.9935
v 718.9702 798.5503 281.9937
f 334 335 336
v 718.8163 798.5808 282.1347
v 718.4525 797.5318 282.1349
v 718.5933 797.4624 281.9939
f 337 338 339
v 718.5933 797.4624 281.9939
v 718.9702 798.5503 281.9937
v 718.8163 798.5808 282.1347
f 340 341 342
v 718.9669 798.5464 255.0106
v 718.9702 798.5503 281.9937
v 718.5933 797.4624 281.9939
f 343 344 345
v 718.4525 797.5318 282.1349
v 717.8381 796.6034 282.1351
v 717.9578 796.5021 281.9941
f 346 347 348
v 717.9578 796.5021 281.9941
v 718.5933 797.4624 281.9939
v 718.4525 797.5318 282.1349
f 349 350 351
v 718.5900 797.4584 255.0108
v 718.5933 797.4624 281.9939
v 717.9578 796.5021 281.9941
f 352 353 354
v 717.9544 796.4981 255.0110
v 717.9578 796.5021 281.9941
v 717.1007 795.7284 281.9943
f 355 356 357
v 717.0110 795.8547 282.1353
v 716.0216 795.3334 282.1354
v 716.0773 795.1881 281.9944
f 358 359 360
v 716.0773 795.1881 281.9944
v 717.1007 795.7284 281.9943
v 717.0110 795.8547 282.1353
f 361 362 363
v 717.0974 795.7244 255.0112
v 717.1007 795.7284 281.9943
v 716.0773 795.1881 281.9944
f 364 365 366
v 716.0216 795.3334 282.1354
v 714.9349 795.0713 282.1356
v 714.9515 794.9161 281.9946
f 367 368 369
v 714.9515 794.9161 281.9946
v 716.0773 795.1881 281.9944
v 716.0216 795.3334 282.1354
f 370 371 372
v 716.0739 795.1841 255.0113
v 716.0773 795.1881 281.9944
v 714.9515 794.9161 281.9946
f 373 374 375
v 714.9482 794.9121 255.0115
v 714.9515 794.9161 281.9946
v 713.7956 794.9322 281.9947
f 376 377 378
v 713.7956 794.9322 281.9947
v 712.7418 795.3751 282.1358
v 712.6814 795.2313 281.9948
f 379 380 381
v 712.7418 795.3751 282.1358
v 713.7956 794.9322 281.9947
v 713.8190 795.0853 282.1357
f 382 383 384
v 713.7922 794.9282 255.0116
v 713.7956 794.9322 281.9947
v 712.6814 795.2313 281.9948
f 385 386 387
v 712.6814 795.2313 281.9948
v 711.7733 795.9207 282.1358
v 711.6789 795.7959 281.9949
f 388 389 390
v 711.7733 795.9207 282.1358
v 712.6814 795.2313 281.9948
v 712.7418 795.3751 282.1358
f 391 392 393
v 712.6781 795.2273 255.0117
v 712.6814 795.2313 281.9948
v 711.6789 795.7959 281.9949
f 394 395 396
v 711.6789 795.7959 281.9949
v 710.9734 796.6909 282.1358
v 710.8500 796.5921 281.9949
f 397 398 399
v 710.9734 796.6909 282.1358
v 711.6789 795.7959 281.9949
v 711.7733 795.9207 282.1358
f 400 401 402
v 711.6756 795.7919 255.0118
v 711.6789 795.7959 281.9949
v 710.8500 796.5921 281.9949
f 403 404 405
v 710.8500 796.5921 281.9949
v 710.3919 797.6333 282.1358
v 710.2477 797.5687 281.9948
f 406 407 408
v 710.3919 797.6333 282.1358
v 710.8500 796.5921 281.9949
v 710.9734 796.6909 282.1358
f 409 410 411
v 710.8467 796.5881 255.0118
v 710.8500 796.5921 281.9949
v 710.2477 797.5687 281.9948
f 412 413 414
v 710.2477 797.5687 281.9948
v 710.0657 798.6922 282.1357
v 709.9106 798.6646 281.9947
f 415 416 417
v 710.0657 798.6922 282.1357
v 710.2477 797.5687 281.9948
v 710.3919 797.6333 282.1358
f 418 419 420
v 710.2444 797.5648 255.0117
v 710.2477 797.5687 281.9948
v 709.9106 798.6646 281.9947
f 421 422 423
v 709.9106 798.6646 281.9947
v 710.0147 799.7984 282.1355
v 709.8587 799.8097 281.9946
f 424 425 426
v 710.0147 799.7984 282.1355
v 709.9106 798.6646 281.9947
v 710.0657 798.6922 282.1357
f 427 428 429
v 709.9073 798.6606 255.0116
v 709.9106 798.6646 281.9947
v 709.8587 799.8097 281.9946
f 430 431 432
v 710.0147 799.7984 282.1355
v 710.2446 800.8847 282.1354
v 710.0957 800.9341 281.9944
f 433 434 435
v 710.0957 800.9341 281.9944
v 709.8587 799.8097 281.9946
v 710.0147 799.7984 282.1355
f 436 437 438
v 709.8554 799.8058 255.0115
v 709.8587 799.8097 281.9946
v 710.0957 800.9341 281.9944
f 439 440 441
v 710.2446 800.8847 282.1354
v 710.7383 801.8814 282.1352
v 710.6075 801.9667 281.9942
f 442 443 444
v 710.6075 801.9667 281.9942
v 710.0957 800.9341 281.9944
v 710.2446 800.8847 282.1354
f 445 446 447
v 710.0924 800.9301 255.0113
v 710.0957 800.9341 281.9944
v 710.6075 801.9667 281.9942
f 448 449 450
v 710.7383 801.8814 282.1352
v 711.4655 802.7255 282.1350
v 711.3598 802.8407 281.9940
f 451 452 453
v 711.3598 802.8407 281.9940
v 710.6075 801.9667 281.9942
v 710.7383 801.8814 282.1352
f 454 455 456
v 710.6042 801.9627 255.0111
v 710.6075 801.9667 281.9942
v 711.3598 802.8407 281.9940
f 457 458 459
v 711.4655 802.7255 282.1350
v 712.3812 803.3660 282.1348
v 712.3075 803.5032 281.9938
f 460 461 462
v 712.3075 803.5032 281.9938
v 711.3598 802.8407 281.9940
v 711.4655 802.7255 282.1350
f 463 464 465
v 711.3565 802.8367 255.0109
v 711.3598 802.8407 281.9940
v 712.3075 803.5032 281.9938
f 466 467 468
v 712.3812 803.3660 282.1348
v 713.4253 803.7602 282.1347
v 713.3896 803.9133 281.9937
f 469 470 471
v 713.3896 803.9133 281.9937
v 712.3075 803.5032 281.9938
v 712.3812 803.3660 282.1348
f 472 473 474
v 712.3042 803.4991 255.0107
v 712.3075 803.5032 281.9938
v 713.3896 803.9133 281.9937
f 475 476 477
v 713.3896 803.9133 281.9937
v 714.5356 803.8862 282.1345
v 714.5390 804.0422 281.9935
f 478 479 480
v 714.5356 803.8862 282.1345
v 713.3896 803.9133 281.9937
v 713.4253 803.7602 282.1347
f 481 482 483
v 713.3863 803.9092 255.0106
v 713.3896 803.9133 281.9937
v 714.5390 804.0422 281.9935
f 484 485 486
v 714.5390 804.0422 281.9935
v 715.6422 803.7332 282.1344
v 715.6836 803.8831 281.9934
f 487 488 489
v 715.6422 803.7332 282.1344
v 714.5390 804.0422 281.9935
v 714.5356 803.8862 282.1345
f 490 491 492
v 714.5357 804.0381 255.0104
v 714.5390 804.0422 281.9935
v 715.6836 803.8831 281.9934
f 493 494 495
v 715.6422 803.7332 282.1344
v 716.6720 803.3115 282.1344
v 716.7514 803.4472 281.9933
f 496 497 498
v 716.7514 803.4472 281.9933
v 715.6836 803.8831 281.9934
v 715.6422 803.7332 282.1344
f 499 500 501
v 715.6802 803.8790 255.0103
v 715.6836 803.8831 281.9934
v 716.7514 803.4472 281.9933
f 502 503 504
v 716.7514 803.4472 281.9933
v 717.5642 802.6492 282.1343
v 717.6745 802.7618 281.9933
f 505 506 507
v 717.5642 802.6492 282.1343
v 716.7514 803.4472 281.9933
v 716.6720 803.3115 282.1344
f 508 509 510
v 716.7480 803.4432 255.0102
v 716.7514 803.4472 281.9933
v 717.6745 802.7618 281.9933
f 511 512 513
v 717.6745 802.7618 281.9933
v 718.2599 801.7862 282.1344
v 718.3941 801.8678 281.9934
f 514 515 516
v 718.2599 801.7862 282.1344
v 717.6745 802.7618 281.9933
v 717.5642 802.6492 282.1343
f 517 518 519
v 717.6712 802.7577 255.0102
v 717.6745 802.7618 281.9933
v 718.3941 801.8678 281.9934
f 520 521 522
v 718.3941 801.8678 281.9934
v 718.7172 800.7770 282.1345
v 718.8673 800.8236 281.9934
f 523 524 525
v 718.7172 800.7770 282.1345
v 718.3941 801.8678 281.9934
v 718.2599 801.7862 282.1344
f 526 527 528
v 718.3907 801.8639 255.0103
v 718.3941 801.8678 281.9934
v 718.8673 800.8236 281.9934
f 529 530 531
v 717.7142 799.6268 282.3797
v 717.6490 798.8179 282.3798
v 718.3656 798.6720 282.2658
f 532 533 534
v 718.3656 798.6720 282.2658
v 718.4472 799.6628 282.2656
v 717.7142 799.6268 282.3797
f 535 536 537
v 717.6490 798.8179 282.3798
v 717.3819 798.0497 282.3799
v 718.0390 797.7319 282.2659
f 538 539 540
v 718.0390 797.7319 282.2659
v 718.3656 798.6720 282.2658
v 717.6490 798.8179 282.3798
f 541 542 543
v 717.3819 798.0497 282.3799
v 716.9321 797.3699 282.3801
v 717.4888 796.8994 282.2661
f 544 545 546
v 717.4888 796.8994 282.2661
v 718.0390 797.7319 282.2659
v 717.3819 798.0497 282.3799
f 547 548 549
v 716.9321 797.3699 282.3801
v 716.3256 796.8225 282.3802
v 716.7451 796.2294 282.2662
f 550 551 552
v 716.7451 796.2294 282.2662
v 717.4888 796.8994 282.2661
v 716.9321 797.3699 282.3801
f 553 554 555
v 718.4472 799.6628 282.2656
v 718.3656 798.6720 282.2658
v 718.8163 798.5808 282.1347
f 556 557 558
v 718.8163 798.5808 282.1347
v 718.9072 799.6865 282.1346
v 718.4472 799.6628 282.2656
f 559 560 561
v 718.3656 798.6720 282.2658
v 718.0390 797.7319 282.2659
v 718.4525 797.5318 282.1349
f 562 563 564
v 718.4525 797.5318 282.1349
v 718.8163 798.5808 282.1347
v 718.3656 798.6720 282.2658
f 565 566 567
v 718.0390 797.7319 282.2659
v 717.4888 796.8994 282.2661
v 717.8381 796.6034 282.1351
f 568 569 570
v 717.8381 796.6034 282.1351
v 718.4525 797.5318 282.1349
v 718.0390 797.7319 282.2659
f 571 572 573
v 717.4888 796.8994 282.2661
v 716.7451 796.2294 282.2662
v 717.0110 795.8547 282.1353
f 574 575 576
v 717.0110 795.8547 282.1353
v 717.8381 796.6034 282.1351
v 717.4888 796.8994 282.2661
f 577 578 579
v 715.6252 799.2284 282.5210
v 716.7145 799.0075 282.4659
v 716.7611 799.5794 282.4658
f 580 581 582
v 716.7611 799.5794 282.4658
v 715.6489 799.5243 282.5210
v 715.6252 799.2284 282.5210
f 583 584 585
v 715.5274 798.9477 282.5210
v 716.5250 798.4650 282.4660
v 716.7145 799.0075 282.4659
f 586 587 588
v 716.7145 799.0075 282.4659
v 715.6252 799.2284 282.5210
v 715.5274 798.9477 282.5210
f 589 590 591
v 716.7145 799.0075 282.4659
v 717.6490 798.8179 282.3798
v 717.7142 799.6268 282.3797
f 592 593 594
v 717.7142 799.6268 282.3797
v 716.7611 799.5794 282.4658
v 716.7145 799.0075 282.4659
f 595 596 597
v 716.5250 798.4650 282.4660
v 717.3819 798.0497 282.3799
v 717.6490 798.8179 282.3798
f 598 599 600
v 717.6490 798.8179 282.3798
v 716.7145 799.0075 282.4659
v 716.5250 798.4650 282.4660
f 601 602 603
v 716.7611 799.5794 282.4658
v 715.5987 799.8175 282.5209
v 715.6489 799.5243 282.5210
f 604 605 606
v 715.5987 799.8175 282.5209
v 716.7611 799.5794 282.4658
v 716.6625 800.1446 282.4658
f 607 608 609
v 713.0679 797.6303 282.4665
v 713.9979 798.3688 282.5213
v 713.7383 798.5155 282.5213
f 610 611 612
v 713.9979 798.3688 282.5213
v 713.0679 797.6303 282.4665
v 713.5681 797.3479 282.4665
f 613 614 615
v 713.0679 797.6303 282.4665
v 713.7383 798.5155 282.5213
v 713.5238 798.7211 282.5213
f 616 617 618
v 713.5238 798.7211 282.5213
v 712.6529 798.0284 282.4665
v 713.0679 797.6303 282.4665
f 619 620 621
v 713.3675 798.9744 282.5213
v 712.3532 798.5172 282.4664
v 712.6529 798.0284 282.4665
f 622 623 624
v 712.6529 798.0284 282.4665
v 713.5238 798.7211 282.5213
v 713.3675 798.9744 282.5213
f 625 626 627
v 712.1827 799.0647 282.4664
v 713.3675 798.9744 282.5213
v 713.2803 799.2587 282.5213
f 628 629 630
v 713.3675 798.9744 282.5213
v 712.1827 799.0647 282.4664
v 712.3532 798.5172 282.4664
f 631 632 633
v 713.2671 799.5547 282.5212
v 712.1573 799.6377 282.4663
v 712.1827 799.0647 282.4664
f 634 635 636
v 712.1827 799.0647 282.4664
v 713.2803 799.2587 282.5213
v 713.2671 799.5547 282.5212
f 637 638 639
v 713.3278 799.8456 282.5212
v 712.2758 800.1993 282.4662
v 712.1573 799.6377 282.4663
f 640 641 642
v 712.1573 799.6377 282.4663
v 713.2671 799.5547 282.5212
v 713.3278 799.8456 282.5212
f 643 644 645
v 713.4595 800.1132 282.5211
v 712.5312 800.7157 282.4662
v 712.2758 800.1993 282.4662
f 646 647 648
v 712.2758 800.1993 282.4662
v 713.3278 799.8456 282.5212
v 713.4595 800.1132 282.5211
f 649 650 651
v 713.6551 800.3387 282.5211
v 712.9083 801.1526 282.4661
v 712.5312 800.7157 282.4662
f 652 653 654
v 712.5312 800.7157 282.4662
v 713.4595 800.1132 282.5211
v 713.6551 800.3387 282.5211
f 655 656 657
v 715.2670 797.3264 282.4663
v 715.1402 798.4967 282.5211
v 714.8758 798.3574 282.5212
f 658 659 660
v 715.1402 798.4967 282.5211
v 715.2670 797.3264 282.4663
v 715.7777 797.5970 282.4662
f 661 662 663
v 714.7047 797.1909 282.4664
v 714.8758 798.3574 282.5212
v 714.5846 798.2872 282.5212
f 664 665 666
v 714.8758 798.3574 282.5212
v 714.7047 797.1909 282.4664
v 715.2670 797.3264 282.4663
f 667 668 669
v 714.7047 797.1909 282.4664
v 714.2856 798.2920 282.5213
v 714.1267 797.1984 282.4664
f 670 671 672
v 714.2856 798.2920 282.5213
v 714.7047 797.1909 282.4664
v 714.5846 798.2872 282.5212
f 673 674 675
v 713.5681 797.3479 282.4665
v 714.2856 798.2920 282.5213
v 713.9979 798.3688 282.5213
f 676 677 678
v 714.2856 798.2920 282.5213
v 713.5681 797.3479 282.4665
v 714.1267 797.1984 282.4664
f 679 680 681
v 715.3617 798.6982 282.5211
v 716.2068 797.9839 282.4661
v 716.5250 798.4650 282.4660
f 682 683 684
v 716.5250 798.4650 282.4660
v 715.5274 798.9477 282.5210
v 715.3617 798.6982 282.5211
f 685 686 687
v 715.3617 798.6982 282.5211
v 715.7777 797.5970 282.4662
v 716.2068 797.9839 282.4661
f 688 689 690
v 715.7777 797.5970 282.4662
v 715.3617 798.6982 282.5211
v 715.1402 798.4967 282.5211
f 691 692 693
v 716.2068 797.9839 282.4661
v 716.9321 797.3699 282.3801
v 717.3819 798.0497 282.3799
f 694 695 696
v 717.3819 798.0497 282.3799
v 716.5250 798.4650 282.4660
v 716.2068 797.9839 282.4661
f 697 698 699
v 716.2068 797.9839 282.4661
v 716.3256 796.8225 282.3802
v 716.9321 797.3699 282.3801
f 700 701 702
v 716.3256 796.8225 282.3802
v 716.2068 797.9839 282.4661
v 715.7777 797.5970 282.4662
f 703 704 705
v 715.2670 797.3264 282.4663
v 715.6027 796.4405 282.3803
v 716.3256 796.8225 282.3802
f 706 707 708
v 716.3256 796.8225 282.3802
v 715.7777 797.5970 282.4662
v 715.2670 797.3264 282.4663
f 709 710 711
v 714.7047 797.1909 282.4664
v 714.8071 796.2496 282.3805
v 715.6027 796.4405 282.3803
f 712 713 714
v 715.6027 796.4405 282.3803
v 715.2670 797.3264 282.4663
v 714.7047 797.1909 282.4664
f 715 716 717
v 713.6551 800.3387 282.5211
v 713.3822 801.4843 282.4660
v 712.9083 801.1526 282.4661
f 718 719 720
v 713.3822 801.4843 282.4660
v 713.6551 800.3387 282.5211
v 713.9006 800.5100 282.5210
f 721 722 723
v 714.1799 800.6163 282.5210
v 713.9227 801.6889 282.4659
v 713.3822 801.4843 282.4660
f 724 725 726
v 713.3822 801.4843 282.4660
v 713.9006 800.5100 282.5210
v 714.1799 800.6163 282.5210
f 727 728 729
v 714.4979 801.7533 282.4658
v 714.1799 800.6163 282.5210
v 714.4770 800.6505 282.5209
f 730 731 732
v 714.1799 800.6163 282.5210
v 714.4979 801.7533 282.4658
v 713.9227 801.6889 282.4659
f 733 734 735
v 715.0697 801.6749 282.4657
v 714.4770 800.6505 282.5209
v 714.7738 800.6077 282.5209
f 736 737 738
v 714.4770 800.6505 282.5209
v 715.0697 801.6749 282.4657
v 714.4979 801.7533 282.4658
f 739 740 741
v 715.0505 800.4959 282.5209
v 715.6031 801.4554 282.4657
v 715.0697 801.6749 282.4657
f 742 743 744
v 715.0697 801.6749 282.4657
v 714.7738 800.6077 282.5209
v 715.0505 800.4959 282.5209
f 745 746 747
v 716.0651 801.1132 282.4657
v 715.0505 800.4959 282.5209
v 715.2891 800.3182 282.5209
f 748 749 750
v 715.0505 800.4959 282.5209
v 716.0651 801.1132 282.4657
v 715.6031 801.4554 282.4657
f 751 752 753
v 716.0651 801.1132 282.4657
v 715.2891 800.3182 282.5209
v 715.4755 800.0878 282.5209
f 754 755 756
v 715.4755 800.0878 282.5209
v 716.4260 800.6663 282.4657
v 716.0651 801.1132 282.4657
f 757 758 759
v 716.6625 800.1446 282.4658
v 715.4755 800.0878 282.5209
v 715.5987 799.8175 282.5209
f 760 761 762
v 715.4755 800.0878 282.5209
v 716.6625 800.1446 282.4658
v 716.4260 800.6663 282.4657
f 763 764 765
v 714.5154 802.7013 282.3797
v 713.9227 801.6889 282.4659
v 714.4979 801.7533 282.4658
f 766 767 768
v 713.9227 801.6889 282.4659
v 714.5154 802.7013 282.3797
v 713.7022 802.6095 282.3798
f 769 770 771
v 714.5154 802.7013 282.3797
v 714.4979 801.7533 282.4658
v 715.0697 801.6749 282.4657
f 772 773 774
v 715.0697 801.6749 282.4657
v 715.3241 802.5891 282.3796
v 714.5154 802.7013 282.3797
f 775 776 777
v 716.0793 802.2811 282.3796
v 715.0697 801.6749 282.4657
v 715.6031 801.4554 282.4657
f 778 779 780
v 715.0697 801.6749 282.4657
v 716.0793 802.2811 282.3796
v 715.3241 802.5891 282.3796
f 781 782 783
v 716.7320 801.7964 282.3795
v 715.6031 801.4554 282.4657
v 716.0651 801.1132 282.4657
f 784 785 786
v 715.6031 801.4554 282.4657
v 716.7320 801.7964 282.3795
v 716.0793 802.2811 282.3796
f 787 788 789
v 717.2413 801.1640 282.3796
v 716.0651 801.1132 282.4657
v 716.4260 800.6663 282.4657
f 790 791 792
v 716.0651 801.1132 282.4657
v 717.2413 801.1640 282.3796
v 716.7320 801.7964 282.3795
f 793 794 795
v 716.6625 800.1446 282.4658
v 717.5753 800.4251 282.3796
v 717.2413 801.1640 282.3796
f 796 797 798
v 717.2413 801.1640 282.3796
v 716.4260 800.6663 282.4657
v 716.6625 800.1446 282.4658
f 799 800 801
v 716.7611 799.5794 282.4658
v 717.7142 799.6268 282.3797
v 717.5753 800.4251 282.3796
f 802 803 804
v 717.5753 800.4251 282.3796
v 716.6625 800.1446 282.4658
v 716.7611 799.5794 282.4658
f 805 806 807
v 717.5753 800.4251 282.3796
v 717.7142 799.6268 282.3797
v 718.4472 799.6628 282.2656
f 808 809 810
v 718.4472 799.6628 282.2656
v 718.2769 800.6422 282.2655
v 717.5753 800.4251 282.3796
f 811 812 813
v 711.9064 797.4334 282.3806
v 712.6529 798.0284 282.4665
v 712.3532 798.5172 282.4664
f 814 815 816
v 712.3532 798.5172 282.4664
v 711.4802 798.1245 282.3806
v 711.9064 797.4334 282.3806
f 817 818 819
v 712.1827 799.0647 282.4664
v 711.2423 798.8991 282.3805
v 711.4802 798.1245 282.3806
f 820 821 822
v 711.4802 798.1245 282.3806
v 712.3532 798.5172 282.4664
v 712.1827 799.0647 282.4664
f 823 824 825
v 712.1573 799.6377 282.4663
v 711.2065 799.7092 282.3804
v 711.2423 798.8991 282.3805
f 826 827 828
v 711.2423 798.8991 282.3805
v 712.1827 799.0647 282.4664
v 712.1573 799.6377 282.4663
f 829 830 831
v 712.2758 800.1993 282.4662
v 711.3736 800.5048 282.3803
v 711.2065 799.7092 282.3804
f 832 833 834
v 711.2065 799.7092 282.3804
v 712.1573 799.6377 282.4663
v 712.2758 800.1993 282.4662
f 835 836 837
v 712.2758 800.1993 282.4662
v 711.7336 801.2337 282.3802
v 711.3736 800.5048 282.3803
f 838 839 840
v 711.7336 801.2337 282.3802
v 712.2758 800.1993 282.4662
v 712.5312 800.7157 282.4662
f 841 842 843
v 712.9083 801.1526 282.4661
v 712.2672 801.8523 282.3800
v 711.7336 801.2337 282.3802
f 844 845 846
v 711.7336 801.2337 282.3802
v 712.5312 800.7157 282.4662
v 712.9083 801.1526 282.4661
f 847 848 849
v 713.3822 801.4843 282.4660
v 712.9364 802.3205 282.3799
v 712.2672 801.8523 282.3800
f 850 851 852
v 712.2672 801.8523 282.3800
v 712.9083 801.1526 282.4661
v 713.3822 801.4843 282.4660
f 853 854 855
v 713.3822 801.4843 282.4660
v 713.7022 802.6095 282.3798
v 712.9364 802.3205 282.3799
f 856 857 858
v 713.7022 802.6095 282.3798
v 713.3822 801.4843 282.4660
v 713.9227 801.6889 282.4659
f 859 860 861
v 714.7047 797.1909 282.4664
v 714.1267 797.1984 282.4664
v 713.9892 796.2588 282.3805
f 862 863 864
v 713.9892 796.2588 282.3805
v 714.8071 796.2496 282.3805
v 714.7047 797.1909 282.4664
f 865 866 867
v 713.2008 796.4709 282.3806
v 714.1267 797.1984 282.4664
v 713.5681 797.3479 282.4665
f 868 869 870
v 714.1267 797.1984 282.4664
v 713.2008 796.4709 282.3806
v 713.9892 796.2588 282.3805
f 871 872 873
v 712.4918 796.8708 282.3806
v 713.5681 797.3479 282.4665
v 713.0679 797.6303 282.4665
f 874 875 876
v 713.5681 797.3479 282.4665
v 712.4918 796.8708 282.3806
v 713.2008 796.4709 282.3806
f 877 878 879
v 711.9064 797.4334 282.3806
v 713.0679 797.6303 282.4665
v 712.6529 798.0284 282.4665
f 880 881 882
v 713.0679 797.6303 282.4665
v 711.9064 797.4334 282.3806
v 712.4918 796.8708 282.3806
f 883 884 885
v 716.3256 796.8225 282.3802
v 715.6027 796.4405 282.3803
v 715.8608 795.7618 282.2664
f 886 887 888
v 715.8608 795.7618 282.2664
v 716.7451 796.2294 282.2662
v 716.3256 796.8225 282.3802
f 889 890 891
v 715.6027 796.4405 282.3803
v 714.8071 796.2496 282.3805
v 714.8862 795.5264 282.2665
f 892 893 894
v 714.8862 795.5264 282.2665
v 715.8608 795.7618 282.2664
v 715.6027 796.4405 282.3803
f 895 896 897
v 714.8071 796.2496 282.3805
v 713.9892 796.2588 282.3805
v 713.8853 795.5390 282.2667
f 898 899 900
v 713.8853 795.5390 282.2667
v 714.8862 795.5264 282.2665
v 714.8071 796.2496 282.3805
f 901 902 903
v 713.8853 795.5390 282.2667
v 713.2008 796.4709 282.3806
v 712.9190 795.7976 282.2667
f 904 905 906
v 713.2008 796.4709 282.3806
v 713.8853 795.5390 282.2667
v 713.9892 796.2588 282.3805
f 907 908 909
v 712.9190 795.7976 282.2667
v 712.4918 796.8708 282.3806
v 712.0503 796.2880 282.2668
f 910 911 912
v 712.4918 796.8708 282.3806
v 712.9190 795.7976 282.2667
v 713.2008 796.4709 282.3806
f 913 914 915
v 712.0503 796.2880 282.2668
v 711.9064 797.4334 282.3806
v 711.3341 796.9769 282.2668
f 916 917 918
v 711.9064 797.4334 282.3806
v 712.0503 796.2880 282.2668
v 712.4918 796.8708 282.3806
f 919 920 921
v 711.3341 796.9769 282.2668
v 711.4802 798.1245 282.3806
v 710.8124 797.8223 282.2667
f 922 923 924
v 711.4802 798.1245 282.3806
v 711.3341 796.9769 282.2668
v 711.9064 797.4334 282.3806
f 925 926 927
v 711.4802 798.1245 282.3806
v 711.2423 798.8991 282.3805
v 710.5200 798.7720 282.2666
f 928 929 930
v 710.5200 798.7720 282.2666
v 710.8124 797.8223 282.2667
v 711.4802 798.1245 282.3806
f 931 932 933
v 711.2423 798.8991 282.3805
v 711.2065 799.7092 282.3804
v 710.4746 799.7641 282.2665
f 934 935 936
v 710.4746 799.7641 282.2665
v 710.5200 798.7720 282.2666
v 711.2423 798.8991 282.3805
f 937 938 939
v 711.2065 799.7092 282.3804
v 711.3736 800.5048 282.3803
v 710.6802 800.7376 282.2664
f 940 941 942
v 710.6802 800.7376 282.2664
v 710.4746 799.7641 282.2665
v 711.2065 799.7092 282.3804
f 943 944 945
v 711.3736 800.5048 282.3803
v 711.7336 801.2337 282.3802
v 711.1226 801.6314 282.2662
f 946 947 948
v 711.1226 801.6314 282.2662
v 710.6802 800.7376 282.2664
v 711.3736 800.5048 282.3803
f 949 950 951
v 711.7336 801.2337 282.3802
v 712.2672 801.8523 282.3800
v 711.7746 802.3886 282.2660
f 952 953 954
v 711.7746 802.3886 282.2660
v 711.1226 801.6314 282.2662
v 711.7336 801.2337 282.3802
f 955 956 957
v 712.2672 801.8523 282.3800
v 712.9364 802.3205 282.3799
v 712.5952 802.9624 282.2659
f 958 959 960
v 712.5952 802.9624 282.2659
v 711.7746 802.3886 282.2660
v 712.2672 801.8523 282.3800
f 961 962 963
v 712.9364 802.3205 282.3799
v 713.7022 802.6095 282.3798
v 713.5331 803.3159 282.2657
f 964 965 966
v 713.5331 803.3159 282.2657
v 712.5952 802.9624 282.2659
v 712.9364 802.3205 282.3799
f 967 968 969
v 713.5331 803.3159 282.2657
v 714.5154 802.7013 282.3797
v 714.5284 803.4282 282.2656
f 970 971 972
v 714.5154 802.7013 282.3797
v 713.5331 803.3159 282.2657
v 713.7022 802.6095 282.3798
f 973 974 975
v 714.5284 803.4282 282.2656
v 715.3241 802.5891 282.3796
v 715.5190 803.2906 282.2655
f 976 977 978
v 715.3241 802.5891 282.3796
v 714.5284 803.4282 282.2656
v 714.5154 802.7013 282.3797
f 979 980 981
v 715.5190 803.2906 282.2655
v 716.0793 802.2811 282.3796
v 716.4430 802.9131 282.2654
f 982 983 984
v 716.0793 802.2811 282.3796
v 715.5190 803.2906 282.2655
v 715.3241 802.5891 282.3796
f 985 986 987
v 716.4430 802.9131 282.2654
v 716.7320 801.7964 282.3795
v 717.2434 802.3200 282.2654
f 988 989 990
v 716.7320 801.7964 282.3795
v 716.4430 802.9131 282.2654
v 716.0793 802.2811 282.3796
f 991 992 993
v 717.2434 802.3200 282.2654
v 717.2413 801.1640 282.3796
v 717.8673 801.5464 282.2655
f 994 995 996
v 717.2413 801.1640 282.3796
v 717.2434 802.3200 282.2654
v 716.7320 801.7964 282.3795
f 997 998 999
v 717.8673 801.5464 282.2655
v 717.5753 800.4251 282.3796
v 718.2769 800.6422 282.2655
f 1000 1001 1002
v 717.5753 800.4251 282.3796
v 717.8673 801.5464 282.2655
v 717.2413 801.1640 282.3796
f 1003 1004 1005
v 717.0110 795.8547 282.1353
v 715.8608 795.7618 282.2664
v 716.0216 795.3334 282.1354
f 1006 1007 1008
v 715.8608 795.7618 282.2664
v 717.0110 795.8547 282.1353
v 716.7451 796.2294 282.2662
f 1009 1010 1011
v 716.0216 795.3334 282.1354
v 714.8862 795.5264 282.2665
v 714.9349 795.0713 282.1356
f 1012 1013 1014
v 714.8862 795.5264 282.2665
v 716.0216 795.3334 282.1354
v 715.8608 795.7618 282.2664
f 1015 1016 1017
v 714.8862 795.5264 282.2665
v 713.8853 795.5390 282.2667
v 713.8190 795.0853 282.1357
f 1018 1019 1020
v 713.8190 795.0853 282.1357
v 714.9349 795.0713 282.1356
v 714.8862 795.5264 282.2665
f 1021 1022 1023
v 713.8190 795.0853 282.1357
v 712.9190 795.7976 282.2667
v 712.7418 795.3751 282.1358
f 1024 1025 1026
v 712.9190 795.7976 282.2667
v 713.8190 795.0853 282.1357
v 713.8853 795.5390 282.2667
f 1027 1028 1029
v 712.7418 795.3751 282.1358
v 712.0503 796.2880 282.2668
v 711.7733 795.9207 282.1358
f 1030 1031 1032
v 712.0503 796.2880 282.2668
v 712.7418 795.3751 282.1358
v 712.9190 795.7976 282.2667
f 1033 1034 1035
v 711.7733 795.9207 282.1358
v 711.3341 796.9769 282.2668
v 710.9734 796.6909 282.1358
f 1036 1037 1038
v 711.3341 796.9769 282.2668
v 711.7733 795.9207 282.1358
v 712.0503 796.2880 282.2668
f 1039 1040 1041
v 710.9734 796.6909 282.1358
v 710.8124 797.8223 282.2667
v 710.3919 797.6333 282.1358
f 1042 1043 1044
v 710.8124 797.8223 282.2667
v 710.9734 796.6909 282.1358
v 711.3341 796.9769 282.2668
f 1045 1046 1047
v 710.3919 797.6333 282.1358
v 710.5200 798.7720 282.2666
v 710.0657 798.6922 282.1357
f 1048 1049 1050
v 710.5200 798.7720 282.2666
v 710.3919 797.6333 282.1358
v 710.8124 797.8223 282.2667
f 1051 1052 1053
v 710.5200 798.7720 282.2666
v 710.4746 799.7641 282.2665
v 710.0147 799.7984 282.1355
f 1054 1055 1056
v 710.0147 799.7984 282.1355
v 710.0657 798.6922 282.1357
v 710.5200 798.7720 282.2666
f 1057 1058 1059
v 710.4746 799.7641 282.2665
v 710.6802 800.7376 282.2664
v 710.2446 800.8847 282.1354
f 1060 1061 1062
v 710.2446 800.8847 282.1354
v 710.0147 799.7984 282.1355
v 710.4746 799.7641 282.2665
f 1063 1064 1065
v 710.6802 800.7376 282.2664
v 711.1226 801.6314 282.2662
v 710.7383 801.8814 282.1352
f 1066 1067 1068
v 710.7383 801.8814 282.1352
v 710.2446 800.8847 282.1354
v 710.6802 800.7376 282.2664
f 1069 1070 1071
v 711.1226 801.6314 282.2662
v 711.7746 802.3886 282.2660
v 711.4655 802.7255 282.1350
f 1072 1073 1074
v 711.4655 802.7255 282.1350
v 710.7383 801.8814 282.1352
v 711.1226 801.6314 282.2662
f 1075 1076 1077
v 711.7746 802.3886 282.2660
v 712.5952 802.9624 282.2659
v 712.3812 803.3660 282.1348
f 1078 1079 1080
v 712.3812 803.3660 282.1348
v 711.4655 802.7255 282.1350
v 711.7746 802.3886 282.2660
f 1081 1082 1083
v 712.5952 802.9624 282.2659
v 713.5331 803.3159 282.2657
v 713.4253 803.7602 282.1347
f 1084 1085 1086
v 713.4253 803.7602 282.1347
v 712.3812 803.3660 282.1348
v 712.5952 802.9624 282.2659
f 1087 1088 1089
v 713.4253 803.7602 282.1347
v 714.5284 803.4282 282.2656
v 714.5356 803.8862 282.1345
f 1090 1091 1092
v 714.5284 803.4282 282.2656
v 713.4253 803.7602 282.1347
v 713.5331 803.3159 282.2657
f 1093 1094 1095
v 714.5356 803.8862 282.1345
v 715.5190 803.2906 282.2655
v 715.6422 803.7332 282.1344
f 1096 1097 1098
v 715.5190 803.2906 282.2655
v 714.5356 803.8862 282.1345
v 714.5284 803.4282 282.2656
f 1099 1100 1101
v 717.9578 796.5021 281.9941
v 717.0110 795.8547 282.1353
v 717.1007 795.7284 281.9943
f 1102 1103 1104
v 717.0110 795.8547 282.1353
v 717.9578 796.5021 281.9941
v 717.8381 796.6034 282.1351
f 1105 1106 1107
v 714.9349 795.0713 282.1356
v 713.8190 795.0853 282.1357
v 713.7956 794.9322 281.9947
f 1108 1109 1110
v 713.7956 794.9322 281.9947
v 714.9515 794.9161 281.9946
v 714.9349 795.0713 282.1356
f 1111 1112 1113
v 714.4568 799.4656 282.5401
v 715.6489 799.5243 282.5210
v 715.5987 799.8175 282.5209
f 1114 1115 1116
v 715.5274 798.9477 282.5210
v 715.6252 799.2284 282.5210
v 714.4568 799.4656 282.5401
f 1117 1118 1119
v 715.6489 799.5243 282.5210
v 714.4568 799.4656 282.5401
v 715.6252 799.2284 282.5210
f 1120 1121 1122
v 714.1799 800.6163 282.5210
v 714.4568 799.4656 282.5401
v 714.4770 800.6505 282.5209
f 1123 1124 1125
v 714.7738 800.6077 282.5209
v 714.4770 800.6505 282.5209
v 714.4568 799.4656 282.5401
f 1126 1127 1128
v 713.6551 800.3387 282.5211
v 714.4568 799.4656 282.5401
v 713.9006 800.5100 282.5210
f 1129 1130 1131
v 714.1799 800.6163 282.5210
v 713.9006 800.5100 282.5210
v 714.4568 799.4656 282.5401
f 1132 1133 1134
v 715.2891 800.3182 282.5209
v 715.5987 799.8175 282.5209
v 715.4755 800.0878 282.5209
f 1135 1136 1137
v 714.7738 800.6077 282.5209
v 715.5987 799.8175 282.5209
v 715.0505 800.4959 282.5209
f 1138 1139 1140
v 715.2891 800.3182 282.5209
v 715.0505 800.4959 282.5209
v 715.5987 799.8175 282.5209
f 1141 1142 1143
v 714.4568 799.4656 282.5401
v 715.5987 799.8175 282.5209
v 714.7738 800.6077 282.5209
f 1144 1145 1146
v 713.6551 800.3387 282.5211
v 713.2671 799.5547 282.5212
v 713.2803 799.2587 282.5213
f 1147 1148 1149
v 713.3278 799.8456 282.5212
v 713.2671 799.5547 282.5212
v 713.4595 800.1132 282.5211
f 1150 1151 1152
v 713.6551 800.3387 282.5211
v 713.4595 800.1132 282.5211
v 713.2671 799.5547 282.5212
f 1153 1154 1155
v 713.6551 800.3387 282.5211
v 713.2803 799.2587 282.5213
v 714.4568 799.4656 282.5401
f 1156 1157 1158
v 714.4568 799.4656 282.5401
v 713.7383 798.5155 282.5213
v 713.9979 798.3688 282.5213
f 1159 1160 1161
v 714.4568 799.4656 282.5401
v 713.3675 798.9744 282.5213
v 713.5238 798.7211 282.5213
f 1162 1163 1164
v 713.7383 798.5155 282.5213
v 714.4568 799.4656 282.5401
v 713.5238 798.7211 282.5213
f 1165 1166 1167
v 713.2803 799.2587 282.5213
v 713.3675 798.9744 282.5213
v 714.4568 799.4656 282.5401
f 1168 1169 1170
v 714.4568 799.4656 282.5401
v 714.2856 798.2920 282.5213
v 714.5846 798.2872 282.5212
f 1171 1172 1173
v 714.2856 798.2920 282.5213
v 714.4568 799.4656 282.5401
v 713.9979 798.3688 282.5213
f 1174 1175 1176
v 714.4568 799.4656 282.5401
v 714.5846 798.2872 282.5212
v 714.8758 798.3574 282.5212
f 1177 1178 1179
v 715.1402 798.4967 282.5211
v 715.3617 798.6982 282.5211
v 714.4568 799.4656 282.5401
f 1180 1181 1182
v 715.3617 798.6982 282.5211
v 715.5274 798.9477 282.5210
v 714.4568 799.4656 282.5401
f 1183 1184 1185
v 714.8758 798.3574 282.5212
v 715.1402 798.4967 282.5211
v 714.4568 799.4656 282.5401
f 1186 1187 1188
v 718.3907 801.8639 255.0103
v 715.6802 803.8790 255.0103
v 717.6712 802.7577 255.0102
f 1189 1190 1191
v 718.3907 801.8639 255.0103
v 718.8639 800.8196 255.0103
v 714.5357 804.0381 255.0104
f 1192 1193 1194
v 718.9669 798.5464 255.0106
v 712.3042 803.4991 255.0107
v 719.0609 799.6901 255.0104
f 1195 1196 1197
v 713.3863 803.9092 255.0106
v 718.8639 800.8196 255.0103
v 719.0609 799.6901 255.0104
f 1198 1199 1200
v 718.5900 797.4584 255.0108
v 711.3565 802.8367 255.0109
v 718.9669 798.5464 255.0106
f 1201 1202 1203
v 716.7480 803.4432 255.0102
v 717.6712 802.7577 255.0102
v 715.6802 803.8790 255.0103
f 1204 1205 1206
v 715.6802 803.8790 255.0103
v 718.3907 801.8639 255.0103
v 714.5357 804.0381 255.0104
f 1207 1208 1209
v 718.8639 800.8196 255.0103
v 713.3863 803.9092 255.0106
v 714.5357 804.0381 255.0104
f 1210 1211 1212
v 713.3863 803.9092 255.0106
v 719.0609 799.6901 255.0104
v 712.3042 803.4991 255.0107
f 1213 1214 1215
v 712.3042 803.4991 255.0107
v 718.9669 798.5464 255.0106
v 711.3565 802.8367 255.0109
f 1216 1217 1218
v 711.3565 802.8367 255.0109
v 718.5900 797.4584 255.0108
v 710.6042 801.9627 255.0111
f 1219 1220 1221
v 717.9544 796.4981 255.0110
v 717.0974 795.7244 255.0112
v 710.0924 800.9301 255.0113
f 1222 1223 1224
v 717.0974 795.7244 255.0112
v 716.0739 795.1841 255.0113
v 709.8554 799.8058 255.0115
f 1225 1226 1227
v 713.7922 794.9282 255.0116
v 710.2444 797.5648 255.0117
v 714.9482 794.9121 255.0115
f 1228 1229 1230
v 709.9073 798.6606 255.0116
v 716.0739 795.1841 255.0113
v 714.9482 794.9121 255.0115
f 1231 1232 1233
v 712.6781 795.2273 255.0117
v 710.8467 796.5881 255.0118
v 713.7922 794.9282 255.0116
f 1234 1235 1236
v 710.0924 800.9301 255.0113
v 717.0974 795.7244 255.0112
v 709.8554 799.8058 255.0115
f 1237 1238 1239
v 717.9544 796.4981 255.0110
v 710.0924 800.9301 255.0113
v 710.6042 801.9627 255.0111
f 1240 1241 1242
v 713.7922 794.9282 255.0116
v 710.8467 796.5881 255.0118
v 710.2444 797.5648 255.0117
f 1243 1244 1245
v 710.2444 797.5648 255.0117
v 709.9073 798.6606 255.0116
v 714.9482 794.9121 255.0115
f 1246 1247 1248
v 716.0739 795.1841 255.0113
v 709.9073 798.6606 255.0116
v 709.8554 799.8058 255.0115
f 1249 1250 1251
v 712.6781 795.2273 255.0117
v 711.6756 795.7919 255.0118
v 710.8467 796.5881 255.0118
f 1252 1253 1254
v 718.5900 797.4584 255.0108
v 717.9544 796.4981 255.0110
v 710.6042 801.9627 255.0111
f 1255 1256 1257
v 718.8639 800.8196 255.0103
v 719.0643 799.6941 281.9935
v 719.0609 799.6901 255.0104
f 1258 1259 1260
v 719.0609 799.6901 255.0104
v 718.9702 798.5503 281.9937
v 718.9669 798.5464 255.0106
f 1261 1262 1263
v 718.9669 798.5464 255.0106
v 718.5933 797.4624 281.9939
v 718.5900 797.4584 255.0108
f 1264 1265 1266
v 718.5900 797.4584 255.0108
v 717.9578 796.5021 281.9941
v 717.9544 796.4981 255.0110
f 1267 1268 1269
v 717.9544 796.4981 255.0110
v 717.1007 795.7284 281.9943
v 717.0974 795.7244 255.0112
f 1270 1271 1272
v 717.0974 795.7244 255.0112
v 716.0773 795.1881 281.9944
v 716.0739 795.1841 255.0113
f 1273 1274 1275
v 716.0739 795.1841 255.0113
v 714.9515 794.9161 281.9946
v 714.9482 794.9121 255.0115
f 1276 1277 1278
v 714.9482 794.9121 255.0115
v 713.7956 794.9322 281.9947
v 713.7922 794.9282 255.0116
f 1279 1280 1281
v 713.7922 794.9282 255.0116
v 712.6814 795.2313 281.9948
v 712.6781 795.2273 255.0117
f 1282 1283 1284
v 712.6781 795.2273 255.0117
v 711.6789 795.7959 281.9949
v 711.6756 795.7919 255.0118
f 1285 1286 1287
v 711.6756 795.7919 255.0118
v 710.8500 796.5921 281.9949
v 710.8467 796.5881 255.0118
f 1288 1289 1290
v 710.8467 796.5881 255.0118
v 710.2477 797.5687 281.9948
v 710.2444 797.5648 255.0117
f 1291 1292 1293
v 710.2444 797.5648 255.0117
v 709.9106 798.6646 281.9947
v 709.9073 798.6606 255.0116
f 1294 1295 1296
v 709.9073 798.6606 255.0116
v 709.8587 799.8097 281.9946
v 709.8554 799.8058 255.0115
f 1297 1298 1299
v 709.8554 799.8058 255.0115
v 710.0957 800.9341 281.9944
v 710.0924 800.9301 255.0113
f 1300 1301 1302
v 710.0924 800.9301 255.0113
v 710.6075 801.9667 281.9942
v 710.6042 801.9627 255.0111
f 1303 1304 1305
v 710.6042 801.9627 255.0111
v 711.3598 802.8407 281.9940
v 711.3565 802.8367 255.0109
f 1306 1307 1308
v 711.3565 802.8367 255.0109
v 712.3075 803.5032 281.9938
v 712.3042 803.4991 255.0107
f 1309 1310 1311
v 712.3042 803.4991 255.0107
v 713.3896 803.9133 281.9937
v 713.3863 803.9092 255.0106
f 1312 1313 1314
v 713.3863 803.9092 255.0106
v 714.5390 804.0422 281.9935
v 714.5357 804.0381 255.0104
f 1315 1316 1317
v 714.5357 804.0381 255.0104
v 715.6836 803.8831 281.9934
v 715.6802 803.8790 255.0103
f 1318 1319 1320
v 715.6802 803.8790 255.0103
v 716.7514 803.4472 281.9933
v 716.7480 803.4432 255.0102
f 1321 1322 1323
v 716.7480 803.4432 255.0102
v 717.6745 802.7618 281.9933
v 717.6712 802.7577 255.0102
f 1324 1325 1326
v 717.6712 802.7577 255.0102
v 718.3941 801.8678 281.9934
v 718.3907 801.8639 255.0103
f 1327 1328 1329
v 718.3907 801.8639 255.0103
v 718.8673 800.8236 281.9934
v 718.8639 800.8196 255.0103
f 1330 1331 1332

g building_ID_D290E791-C4F5-4F04-8745-E6DC45FB5276
v 720.6361 794.0469 282.1351
v 721.4370 793.2278 282.2660
v 721.6660 793.6262 282.1350
f 1333 1334 1335
v 721.4370 793.2278 282.2660
v 720.6361 794.0469 282.1351
v 720.5129 793.6053 282.2660
f 1336 1337 1338
v 721.6660 793.6262 282.1350
v 722.2374 792.6348 282.2660
v 722.5582 792.9639 282.1350
f 1339 1340 1341
v 722.2374 792.6348 282.2660
v 721.6660 793.6262 282.1350
v 721.4370 793.2278 282.2660
f 1342 1343 1344
v 722.5582 792.9639 282.1350
v 722.8613 791.8601 282.2660
v 723.2539 792.0999 282.1349
f 1345 1346 1347
v 722.8613 791.8601 282.2660
v 722.5582 792.9639 282.1350
v 722.2374 792.6348 282.2660
f 1348 1349 1350
v 723.2539 792.0999 282.1349
v 723.2708 790.9570 282.2661
v 723.7112 791.0918 282.1350
f 1351 1352 1353
v 723.2708 790.9570 282.2661
v 723.2539 792.0999 282.1349
v 722.8613 791.8601 282.2660
f 1354 1355 1356
v 723.2708 790.9570 282.2661
v 723.4412 789.9776 282.2662
v 723.9013 790.0013 282.1351
f 1357 1358 1359
v 723.9013 790.0013 282.1351
v 723.7112 791.0918 282.1350
v 723.2708 790.9570 282.2661
f 1360 1361 1362
v 723.7112 791.0918 282.1350
v 723.9013 790.0013 282.1351
v 724.0582 790.0078 281.9942
f 1363 1364 1365
v 724.0582 790.0078 281.9942
v 723.8613 791.1374 281.9941
v 723.7112 791.0918 282.1350
f 1366 1367 1368
v 723.8579 791.1333 254.9730
v 723.8613 791.1374 281.9941
v 724.0582 790.0078 281.9942
f 1369 1370 1371
v 723.9013 790.0013 282.1351
v 723.8103 788.8955 282.1353
v 723.9642 788.8651 281.9942
f 1372 1373 1374
v 723.9642 788.8651 281.9942
v 724.0582 790.0078 281.9942
v 723.9013 790.0013 282.1351
f 1375 1376 1377
v 724.0549 790.0038 254.9731
v 724.0582 790.0078 281.9942
v 723.9642 788.8651 281.9942
f 1378 1379 1380
v 723.8103 788.8955 282.1353
v 723.4465 787.8465 282.1354
v 723.5873 787.7772 281.9944
f 1381 1382 1383
v 723.5873 787.7772 281.9944
v 723.9642 788.8651 281.9942
v 723.8103 788.8955 282.1353
f 1384 1385 1386
v 723.9608 788.8612 254.9732
v 723.9642 788.8651 281.9942
v 723.5873 787.7772 281.9944
f 1387 1388 1389
v 723.4465 787.8465 282.1354
v 722.8320 786.9182 282.1356
v 722.9517 786.8159 281.9946
f 1390 1391 1392
v 722.9517 786.8159 281.9946
v 723.5873 787.7772 281.9944
v 723.4465 787.8465 282.1354
f 1393 1394 1395
v 723.5839 787.7732 254.9734
v 723.5873 787.7772 281.9944
v 722.9517 786.8159 281.9946
f 1396 1397 1398
v 722.9484 786.8119 254.9736
v 722.9517 786.8159 281.9946
v 722.0946 786.0421 281.9948
f 1399 1400 1401
v 722.0050 786.1684 282.1358
v 721.0156 785.6481 282.1360
v 721.0712 785.5029 281.9950
f 1402 1403 1404
v 721.0712 785.5029 281.9950
v 722.0946 786.0421 281.9948
v 722.0050 786.1684 282.1358
f 1405 1406 1407
v 722.0913 786.0381 254.9738
v 722.0946 786.0421 281.9948
v 721.0712 785.5029 281.9950
f 1408 1409 1410
v 721.0156 785.6481 282.1360
v 719.9289 785.3860 282.1361
v 719.9455 785.2309 281.9951
f 1411 1412 1413
v 719.9455 785.2309 281.9951
v 721.0712 785.5029 281.9950
v 721.0156 785.6481 282.1360
f 1414 1415 1416
v 721.0679 785.4989 254.9740
v 721.0712 785.5029 281.9950
v 719.9455 785.2309 281.9951
f 1417 1418 1419
v 719.9289 785.3860 282.1361
v 718.8130 785.4000 282.1363
v 718.7896 785.2460 281.9953
f 1420 1421 1422
v 718.7896 785.2460 281.9953
v 719.9455 785.2309 281.9951
v 719.9289 785.3860 282.1361
f 1423 1424 1425
v 719.9422 785.2269 254.9741
v 719.9455 785.2309 281.9951
v 718.7896 785.2460 281.9953
f 1426 1427 1428
v 718.7896 785.2460 281.9953
v 717.7358 785.6888 282.1363
v 717.6754 785.5450 281.9955
f 1429 1430 1431
v 717.7358 785.6888 282.1363
v 718.7896 785.2460 281.9953
v 718.8130 785.4000 282.1363
f 1432 1433 1434
v 718.7862 785.2421 254.9743
v 718.7896 785.2460 281.9953
v 717.6754 785.5450 281.9955
f 1435 1436 1437
v 717.6754 785.5450 281.9955
v 716.7673 786.2354 282.1364
v 716.6729 786.1106 281.9955
f 1438 1439 1440
v 716.7673 786.2354 282.1364
v 717.6754 785.5450 281.9955
v 717.7358 785.6888 282.1363
f 1441 1442 1443
v 717.6720 785.5410 254.9744
v 717.6754 785.5450 281.9955
v 716.6729 786.1106 281.9955
f 1444 1445 1446
v 716.6729 786.1106 281.9955
v 715.9673 787.0046 282.1364
v 715.8440 786.9068 281.9955
f 1447 1448 1449
v 715.9673 787.0046 282.1364
v 716.6729 786.1106 281.9955
v 716.7673 786.2354 282.1364
f 1450 1451 1452
v 716.6695 786.1067 254.9744
v 716.6729 786.1106 281.9955
v 715.8440 786.9068 281.9955
f 1453 1454 1455
v 715.8440 786.9068 281.9955
v 715.3859 787.9482 282.1364
v 715.2417 787.8835 281.9954
f 1456 1457 1458
v 715.3859 787.9482 282.1364
v 715.8440 786.9068 281.9955
v 715.9673 787.0046 282.1364
f 1459 1460 1461
v 715.8407 786.9029 254.9744
v 715.8440 786.9068 281.9955
v 715.2417 787.8835 281.9954
f 1462 1463 1464
v 715.2417 787.8835 281.9954
v 715.0597 789.0060 282.1363
v 714.9046 788.9793 281.9954
f 1465 1466 1467
v 715.0597 789.0060 282.1363
v 715.2417 787.8835 281.9954
v 715.3859 787.9482 282.1364
f 1468 1469 1470
v 715.2384 787.8795 254.9744
v 715.2417 787.8835 281.9954
v 714.9046 788.9793 281.9954
f 1471 1472 1473
v 714.9046 788.9793 281.9954
v 715.0086 790.1121 282.1362
v 714.8527 790.1246 281.9952
f 1474 1475 1476
v 715.0086 790.1121 282.1362
v 714.9046 788.9793 281.9954
v 715.0597 789.0060 282.1363
f 1477 1478 1479
v 714.9013 788.9753 254.9743
v 714.9046 788.9793 281.9954
v 714.8527 790.1246 281.9952
f 1480 1481 1482
v 715.0086 790.1121 282.1362
v 715.2386 791.1995 282.1360
v 715.0897 791.2489 281.9950
f 1483 1484 1485
v 715.0897 791.2489 281.9950
v 714.8527 790.1246 281.9952
v 715.0086 790.1121 282.1362
f 1486 1487 1488
v 714.8494 790.1205 254.9741
v 714.8527 790.1246 281.9952
v 715.0897 791.2489 281.9950
f 1489 1490 1491
v 715.2386 791.1995 282.1360
v 715.7322 792.1952 282.1359
v 715.6015 792.2804 281.9949
f 1492 1493 1494
v 715.6015 792.2804 281.9949
v 715.0897 791.2489 281.9950
v 715.2386 791.1995 282.1360
f 1495 1496 1497
v 715.0863 791.2449 254.9740
v 715.0897 791.2489 281.9950
v 715.6015 792.2804 281.9949
f 1498 1499 1500
v 715.7322 792.1952 282.1359
v 716.4595 793.0402 282.1357
v 716.3538 793.1555 281.9947
f 1501 1502 1503
v 716.3538 793.1555 281.9947
v 715.6015 792.2804 281.9949
v 715.7322 792.1952 282.1359
f 1504 1505 1506
v 715.5981 792.2764 254.9738
v 715.6015 792.2804 281.9949
v 716.3538 793.1555 281.9947
f 1507 1508 1509
v 716.4595 793.0402 282.1357
v 717.3752 793.6797 282.1355
v 717.3016 793.8179 281.9945
f 1510 1511 1512
v 717.3016 793.8179 281.9945
v 716.3538 793.1555 281.9947
v 716.4595 793.0402 282.1357
f 1513 1514 1515
v 716.3504 793.1514 254.9736
v 716.3538 793.1555 281.9947
v 717.3016 793.8179 281.9945
f 1516 1517 1518
v 717.3016 793.8179 281.9945
v 718.4192 794.0749 282.1353
v 718.3837 794.2270 281.9943
f 1519 1520 1521
v 718.4192 794.0749 282.1353
v 717.3016 793.8179 281.9945
v 717.3752 793.6797 282.1355
f 1522 1523 1524
v 717.2982 793.8139 254.9734
v 717.3016 793.8179 281.9945
v 718.3837 794.2270 281.9943
f 1525 1526 1527
v 718.4192 794.0749 282.1353
v 719.5296 794.1999 282.1352
v 719.5329 794.3569 281.9942
f 1528 1529 1530
v 719.5329 794.3569 281.9942
v 718.3837 794.2270 281.9943
v 718.4192 794.0749 282.1353
f 1531 1532 1533
v 718.3803 794.2230 254.9732
v 718.3837 794.2270 281.9943
v 719.5329 794.3569 281.9942
f 1534 1535 1536
v 719.5296 794.3528 254.9731
v 719.5329 794.3569 281.9942
v 720.6775 794.1968 281.9941
f 1537 1538 1539
v 720.6361 794.0469 282.1351
v 721.6660 793.6262 282.1350
v 721.7453 793.7620 281.9940
f 1540 1541 1542
v 721.7453 793.7620 281.9940
v 720.6775 794.1968 281.9941
v 720.6361 794.0469 282.1351
f 1543 1544 1545
v 720.6742 794.1928 254.9730
v 720.6775 794.1968 281.9941
v 721.7453 793.7620 281.9940
f 1546 1547 1548
v 721.7453 793.7620 281.9940
v 722.5582 792.9639 282.1350
v 722.6685 793.0755 281.9940
f 1549 1550 1551
v 722.5582 792.9639 282.1350
v 721.7453 793.7620 281.9940
v 721.6660 793.6262 282.1350
f 1552 1553 1554
v 721.7420 793.7579 254.9729
v 721.7453 793.7620 281.9940
v 722.6685 793.0755 281.9940
f 1555 1556 1557
v 722.6685 793.0755 281.9940
v 723.2539 792.0999 282.1349
v 723.3881 792.1826 281.9940
f 1558 1559 1560
v 723.2539 792.0999 282.1349
v 722.6685 793.0755 281.9940
v 722.5582 792.9639 282.1350
f 1561 1562 1563
v 722.6651 793.0715 254.9729
v 722.6685 793.0755 281.9940
v 723.3881 792.1826 281.9940
f 1564 1565 1566
v 723.3881 792.1826 281.9940
v 723.7112 791.0918 282.1350
v 723.8613 791.1374 281.9941
f 1567 1568 1569
v 723.7112 791.0918 282.1350
v 723.3881 792.1826 281.9940
v 723.2539 792.0999 282.1349
f 1570 1571 1572
v 723.3847 792.1786 254.9729
v 723.3881 792.1826 281.9940
v 723.8613 791.1374 281.9941
f 1573 1574 1575
v 722.7081 789.9406 282.3803
v 722.6430 789.1317 282.3804
v 723.3595 788.9868 282.2663
f 1576 1577 1578
v 723.3595 788.9868 282.2663
v 723.4412 789.9776 282.2662
v 722.7081 789.9406 282.3803
f 1579 1580 1581
v 722.6430 789.1317 282.3804
v 722.3759 788.3645 282.3805
v 723.0331 788.0456 282.2665
f 1582 1583 1584
v 723.0331 788.0456 282.2665
v 723.3595 788.9868 282.2663
v 722.6430 789.1317 282.3804
f 1585 1586 1587
v 722.3759 788.3645 282.3805
v 721.9261 787.6836 282.3806
v 722.4828 787.2141 282.2666
f 1588 1589 1590
v 722.4828 787.2141 282.2666
v 723.0331 788.0456 282.2665
v 722.3759 788.3645 282.3805
f 1591 1592 1593
v 721.9261 787.6836 282.3806
v 721.3197 787.1373 282.3808
v 721.7390 786.5431 282.2668
f 1594 1595 1596
v 721.7390 786.5431 282.2668
v 722.4828 787.2141 282.2666
v 721.9261 787.6836 282.3806
f 1597 1598 1599
v 723.4412 789.9776 282.2662
v 723.3595 788.9868 282.2663
v 723.8103 788.8955 282.1353
f 1600 1601 1602
v 723.8103 788.8955 282.1353
v 723.9013 790.0013 282.1351
v 723.4412 789.9776 282.2662
f 1603 1604 1605
v 723.3595 788.9868 282.2663
v 723.0331 788.0456 282.2665
v 723.4465 787.8465 282.1354
f 1606 1607 1608
v 723.4465 787.8465 282.1354
v 723.8103 788.8955 282.1353
v 723.3595 788.9868 282.2663
f 1609 1610 1611
v 723.0331 788.0456 282.2665
v 722.4828 787.2141 282.2666
v 722.8320 786.9182 282.1356
f 1612 1613 1614
v 722.8320 786.9182 282.1356
v 723.4465 787.8465 282.1354
v 723.0331 788.0456 282.2665
f 1615 1616 1617
v 722.4828 787.2141 282.2666
v 721.7390 786.5431 282.2668
v 722.0050 786.1684 282.1358
f 1618 1619 1620
v 722.0050 786.1684 282.1358
v 722.8320 786.9182 282.1356
v 722.4828 787.2141 282.2666
f 1621 1622 1623
v 720.6191 789.5422 282.5215
v 721.7085 789.3223 282.4664
v 721.7550 789.8931 282.4664
f 1624 1625 1626
v 721.7550 789.8931 282.4664
v 720.6429 789.8390 282.5215
v 720.6191 789.5422 282.5215
f 1627 1628 1629
v 720.6191 789.5422 282.5215
v 721.5191 788.7788 282.4665
v 721.7085 789.3223 282.4664
f 1630 1631 1632
v 721.5191 788.7788 282.4665
v 720.6191 789.5422 282.5215
v 720.5213 789.2614 282.5216
f 1633 1634 1635
v 721.7085 789.3223 282.4664
v 722.6430 789.1317 282.3804
v 722.7081 789.9406 282.3803
f 1636 1637 1638
v 722.7081 789.9406 282.3803
v 721.7550 789.8931 282.4664
v 721.7085 789.3223 282.4664
f 1639 1640 1641
v 721.5191 788.7788 282.4665
v 722.3759 788.3645 282.3805
v 722.6430 789.1317 282.3804
f 1642 1643 1644
v 722.6430 789.1317 282.3804
v 721.7085 789.3223 282.4664
v 721.5191 788.7788 282.4665
f 1645 1646 1647
v 721.7550 789.8931 282.4664
v 720.5927 790.1312 282.5215
v 720.6429 789.8390 282.5215
f 1648 1649 1650
v 720.5927 790.1312 282.5215
v 721.7550 789.8931 282.4664
v 721.6566 790.4583 282.4663
f 1651 1652 1653
v 718.5621 787.6616 282.4670
v 718.9918 788.6835 282.5218
v 718.7322 788.8302 282.5218
f 1654 1655 1656
v 718.7322 788.8302 282.5218
v 718.0619 787.9440 282.4670
v 718.5621 787.6616 282.4670
f 1657 1658 1659
v 717.6470 788.3431 282.4670
v 718.7322 788.8302 282.5218
v 718.5178 789.0358 282.5218
f 1660 1661 1662
v 718.7322 788.8302 282.5218
v 717.6470 788.3431 282.4670
v 718.0619 787.9440 282.4670
f 1663 1664 1665
v 718.3614 789.2882 282.5218
v 717.3473 788.8309 282.4670
v 717.6470 788.3431 282.4670
f 1666 1667 1668
v 717.6470 788.3431 282.4670
v 718.5178 789.0358 282.5218
v 718.3614 789.2882 282.5218
f 1669 1670 1671
v 717.1767 789.3794 282.4669
v 718.3614 789.2882 282.5218
v 718.2742 789.5725 282.5218
f 1672 1673 1674
v 718.3614 789.2882 282.5218
v 717.1767 789.3794 282.4669
v 717.3473 788.8309 282.4670
f 1675 1676 1677
v 718.2610 789.8684 282.5218
v 717.1513 789.9515 282.4669
v 717.1767 789.3794 282.4669
f 1678 1679 1680
v 717.1767 789.3794 282.4669
v 718.2742 789.5725 282.5218
v 718.2610 789.8684 282.5218
f 1681 1682 1683
v 718.3218 790.1603 282.5217
v 717.2697 790.5141 282.4668
v 717.1513 789.9515 282.4669
f 1684 1685 1686
v 717.1513 789.9515 282.4669
v 718.2610 789.8684 282.5218
v 718.3218 790.1603 282.5217
f 1687 1688 1689
v 718.4535 790.4269 282.5217
v 717.5251 791.0294 282.4667
v 717.2697 790.5141 282.4668
f 1690 1691 1692
v 717.2697 790.5141 282.4668
v 718.3218 790.1603 282.5217
v 718.4535 790.4269 282.5217
f 1693 1694 1695
v 718.6491 790.6524 282.5216
v 717.9023 791.4673 282.4666
v 717.5251 791.0294 282.4667
f 1696 1697 1698
v 717.5251 791.0294 282.4667
v 718.4535 790.4269 282.5217
v 718.6491 790.6524 282.5216
f 1699 1700 1701
v 719.8698 788.6721 282.5217
v 720.2610 787.6412 282.4668
v 720.7718 787.9107 282.4667
f 1702 1703 1704
v 720.7718 787.9107 282.4667
v 720.1342 788.8115 282.5217
v 719.8698 788.6721 282.5217
f 1705 1706 1707
v 719.6986 787.5047 282.4669
v 719.8698 788.6721 282.5217
v 719.5786 788.6020 282.5218
f 1708 1709 1710
v 719.8698 788.6721 282.5217
v 719.6986 787.5047 282.4669
v 720.2610 787.6412 282.4668
f 1711 1712 1713
v 719.6986 787.5047 282.4669
v 719.2796 788.6057 282.5218
v 719.1207 787.5132 282.4670
f 1714 1715 1716
v 719.2796 788.6057 282.5218
v 719.6986 787.5047 282.4669
v 719.5786 788.6020 282.5218
f 1717 1718 1719
v 719.1207 787.5132 282.4670
v 719.2796 788.6057 282.5218
v 718.9918 788.6835 282.5218
f 1720 1721 1722
v 718.9918 788.6835 282.5218
v 718.5621 787.6616 282.4670
v 719.1207 787.5132 282.4670
f 1723 1724 1725
v 720.3557 789.0119 282.5216
v 721.2008 788.2986 282.4666
v 721.5191 788.7788 282.4665
f 1726 1727 1728
v 721.5191 788.7788 282.4665
v 720.5213 789.2614 282.5216
v 720.3557 789.0119 282.5216
f 1729 1730 1731
v 720.3557 789.0119 282.5216
v 720.7718 787.9107 282.4667
v 721.2008 788.2986 282.4666
f 1732 1733 1734
v 720.7718 787.9107 282.4667
v 720.3557 789.0119 282.5216
v 720.1342 788.8115 282.5217
f 1735 1736 1737
v 721.2008 788.2986 282.4666
v 721.9261 787.6836 282.3806
v 722.3759 788.3645 282.3805
f 1738 1739 1740
v 722.3759 788.3645 282.3805
v 721.5191 788.7788 282.4665
v 721.2008 788.2986 282.4666
f 1741 1742 1743
v 720.7718 787.9107 282.4667
v 721.3197 787.1373 282.3808
v 721.9261 787.6836 282.3806
f 1744 1745 1746
v 721.9261 787.6836 282.3806
v 721.2008 788.2986 282.4666
v 720.7718 787.9107 282.4667
f 1747 1748 1749
v 720.2610 787.6412 282.4668
v 720.5966 786.7553 282.3809
v 721.3197 787.1373 282.3808
f 1750 1751 1752
v 721.3197 787.1373 282.3808
v 720.7718 787.9107 282.4667
v 720.2610 787.6412 282.4668
f 1753 1754 1755
v 719.6986 787.5047 282.4669
v 719.8011 786.5634 282.3810
v 720.5966 786.7553 282.3809
f 1756 1757 1758
v 720.5966 786.7553 282.3809
v 720.2610 787.6412 282.4668
v 719.6986 787.5047 282.4669
f 1759 1760 1761
v 718.8946 790.8247 282.5216
v 718.3762 791.7981 282.4665
v 717.9023 791.4673 282.4666
f 1762 1763 1764
v 717.9023 791.4673 282.4666
v 718.6491 790.6524 282.5216
v 718.8946 790.8247 282.5216
f 1765 1766 1767
v 718.9167 792.0036 282.4664
v 718.8946 790.8247 282.5216
v 719.1738 790.9300 282.5215
f 1768 1769 1770
v 718.8946 790.8247 282.5216
v 718.9167 792.0036 282.4664
v 718.3762 791.7981 282.4665
f 1771 1772 1773
v 719.4919 792.0682 282.4664
v 719.1738 790.9300 282.5215
v 719.4709 790.9642 282.5215
f 1774 1775 1776
v 719.1738 790.9300 282.5215
v 719.4919 792.0682 282.4664
v 718.9167 792.0036 282.4664
f 1777 1778 1779
v 719.4919 792.0682 282.4664
v 719.4709 790.9642 282.5215
v 719.7678 790.9224 282.5215
f 1780 1781 1782
v 719.7678 790.9224 282.5215
v 720.0637 791.9886 282.4663
v 719.4919 792.0682 282.4664
f 1783 1784 1785
v 720.5971 791.7702 282.4663
v 719.7678 790.9224 282.5215
v 720.0445 790.8106 282.5214
f 1786 1787 1788
v 719.7678 790.9224 282.5215
v 720.5971 791.7702 282.4663
v 720.0637 791.9886 282.4663
f 1789 1790 1791
v 721.0592 791.4279 282.4663
v 720.0445 790.8106 282.5214
v 720.2830 790.6321 282.5214
f 1792 1793 1794
v 720.0445 790.8106 282.5214
v 721.0592 791.4279 282.4663
v 720.5971 791.7702 282.4663
f 1795 1796 1797
v 721.0592 791.4279 282.4663
v 720.2830 790.6321 282.5214
v 720.4694 790.4015 282.5215
f 1798 1799 1800
v 720.4694 790.4015 282.5215
v 721.4199 790.9800 282.4663
v 721.0592 791.4279 282.4663
f 1801 1802 1803
v 721.6566 790.4583 282.4663
v 720.4694 790.4015 282.5215
v 720.5927 790.1312 282.5215
f 1804 1805 1806
v 720.4694 790.4015 282.5215
v 721.6566 790.4583 282.4663
v 721.4199 790.9800 282.4663
f 1807 1808 1809
v 718.6962 792.9242 282.3803
v 718.9167 792.0036 282.4664
v 719.4919 792.0682 282.4664
f 1810 1811 1812
v 719.4919 792.0682 282.4664
v 719.5094 793.0150 282.3802
v 718.6962 792.9242 282.3803
f 1813 1814 1815
v 720.3181 792.9029 282.3802
v 719.4919 792.0682 282.4664
v 720.0637 791.9886 282.4663
f 1816 1817 1818
v 719.4919 792.0682 282.4664
v 720.3181 792.9029 282.3802
v 719.5094 793.0150 282.3802
f 1819 1820 1821
v 721.0732 792.5948 282.3801
v 720.0637 791.9886 282.4663
v 720.5971 791.7702 282.4663
f 1822 1823 1824
v 720.0637 791.9886 282.4663
v 721.0732 792.5948 282.3801
v 720.3181 792.9029 282.3802
f 1825 1826 1827
v 721.7260 792.1111 282.3801
v 720.5971 791.7702 282.4663
v 721.0592 791.4279 282.4663
f 1828 1829 1830
v 720.5971 791.7702 282.4663
v 721.7260 792.1111 282.3801
v 721.0732 792.5948 282.3801
f 1831 1832 1833
v 722.2353 791.4778 282.3801
v 721.0592 791.4279 282.4663
v 721.4199 790.9800 282.4663
f 1834 1835 1836
v 721.0592 791.4279 282.4663
v 722.2353 791.4778 282.3801
v 721.7260 792.1111 282.3801
f 1837 1838 1839
v 721.6566 790.4583 282.4663
v 722.5693 790.7399 282.3802
v 722.2353 791.4778 282.3801
f 1840 1841 1842
v 722.2353 791.4778 282.3801
v 721.4199 790.9800 282.4663
v 721.6566 790.4583 282.4663
f 1843 1844 1845
v 721.7550 789.8931 282.4664
v 722.7081 789.9406 282.3803
v 722.5693 790.7399 282.3802
f 1846 1847 1848
v 722.5693 790.7399 282.3802
v 721.6566 790.4583 282.4663
v 721.7550 789.8931 282.4664
f 1849 1850 1851
v 722.5693 790.7399 282.3802
v 722.7081 789.9406 282.3803
v 723.4412 789.9776 282.2662
f 1852 1853 1854
v 723.4412 789.9776 282.2662
v 723.2708 790.9570 282.2661
v 722.5693 790.7399 282.3802
f 1855 1856 1857
v 716.4742 788.4382 282.3811
v 717.6470 788.3431 282.4670
v 717.3473 788.8309 282.4670
f 1858 1859 1860
v 717.6470 788.3431 282.4670
v 716.4742 788.4382 282.3811
v 716.9003 787.7471 282.3812
f 1861 1862 1863
v 717.1767 789.3794 282.4669
v 716.2363 789.2128 282.3811
v 716.4742 788.4382 282.3811
f 1864 1865 1866
v 716.4742 788.4382 282.3811
v 717.3473 788.8309 282.4670
v 717.1767 789.3794 282.4669
f 1867 1868 1869
v 717.1767 789.3794 282.4669
v 716.2004 790.0229 282.3810
v 716.2363 789.2128 282.3811
f 1870 1871 1872
v 716.2004 790.0229 282.3810
v 717.1767 789.3794 282.4669
v 717.1513 789.9515 282.4669
f 1873 1874 1875
v 717.2697 790.5141 282.4668
v 716.3676 790.8185 282.3809
v 716.2004 790.0229 282.3810
f 1876 1877 1878
v 716.2004 790.0229 282.3810
v 717.1513 789.9515 282.4669
v 717.2697 790.5141 282.4668
f 1879 1880 1881
v 717.5251 791.0294 282.4667
v 716.7275 791.5475 282.3807
v 716.3676 790.8185 282.3809
f 1882 1883 1884
v 716.3676 790.8185 282.3809
v 717.2697 790.5141 282.4668
v 717.5251 791.0294 282.4667
f 1885 1886 1887
v 717.9023 791.4673 282.4666
v 717.2612 792.1661 282.3806
v 716.7275 791.5475 282.3807
f 1888 1889 1890
v 716.7275 791.5475 282.3807
v 717.5251 791.0294 282.4667
v 717.9023 791.4673 282.4666
f 1891 1892 1893
v 718.3762 791.7981 282.4665
v 717.9304 792.6342 282.3805
v 717.2612 792.1661 282.3806
f 1894 1895 1896
v 717.2612 792.1661 282.3806
v 717.9023 791.4673 282.4666
v 718.3762 791.7981 282.4665
f 1897 1898 1899
v 718.9167 792.0036 282.4664
v 718.6962 792.9242 282.3803
v 717.9304 792.6342 282.3805
f 1900 1901 1902
v 717.9304 792.6342 282.3805
v 718.3762 791.7981 282.4665
v 718.9167 792.0036 282.4664
f 1903 1904 1905
v 719.8011 786.5634 282.3810
v 719.1207 787.5132 282.4670
v 718.9832 786.5735 282.3811
f 1906 1907 1908
v 719.1207 787.5132 282.4670
v 719.8011 786.5634 282.3810
v 719.6986 787.5047 282.4669
f 1909 1910 1911
v 718.1947 786.7857 282.3812
v 719.1207 787.5132 282.4670
v 718.5621 787.6616 282.4670
f 1912 1913 1914
v 719.1207 787.5132 282.4670
v 718.1947 786.7857 282.3812
v 718.9832 786.5735 282.3811
f 1915 1916 1917
v 718.1947 786.7857 282.3812
v 718.5621 787.6616 282.4670
v 718.0619 787.9440 282.4670
f 1918 1919 1920
v 718.0619 787.9440 282.4670
v 717.4858 787.1845 282.3812
v 718.1947 786.7857 282.3812
f 1921 1922 1923
v 716.9003 787.7471 282.3812
v 718.0619 787.9440 282.4670
v 717.6470 788.3431 282.4670
f 1924 1925 1926
v 718.0619 787.9440 282.4670
v 716.9003 787.7471 282.3812
v 717.4858 787.1845 282.3812
f 1927 1928 1929
v 721.3197 787.1373 282.3808
v 720.5966 786.7553 282.3809
v 720.8548 786.0755 282.2669
f 1930 1931 1932
v 720.8548 786.0755 282.2669
v 721.7390 786.5431 282.2668
v 721.3197 787.1373 282.3808
f 1933 1934 1935
v 720.8548 786.0755 282.2669
v 719.8011 786.5634 282.3810
v 719.8802 785.8411 282.2671
f 1936 1937 1938
v 719.8011 786.5634 282.3810
v 720.8548 786.0755 282.2669
v 720.5966 786.7553 282.3809
f 1939 1940 1941
v 719.8011 786.5634 282.3810
v 718.9832 786.5735 282.3811
v 718.8792 785.8538 282.2672
f 1942 1943 1944
v 718.8792 785.8538 282.2672
v 719.8802 785.8411 282.2671
v 719.8011 786.5634 282.3810
f 1945 1946 1947
v 718.8792 785.8538 282.2672
v 718.1947 786.7857 282.3812
v 717.9129 786.1124 282.2673
f 1948 1949 1950
v 718.1947 786.7857 282.3812
v 718.8792 785.8538 282.2672
v 718.9832 786.5735 282.3811
f 1951 1952 1953
v 717.9129 786.1124 282.2673
v 717.4858 787.1845 282.3812
v 717.0442 786.6017 282.2673
f 1954 1955 1956
v 717.4858 787.1845 282.3812
v 717.9129 786.1124 282.2673
v 718.1947 786.7857 282.3812
f 1957 1958 1959
v 717.0442 786.6017 282.2673
v 716.9003 787.7471 282.3812
v 716.3281 787.2916 282.2673
f 1960 1961 1962
v 716.9003 787.7471 282.3812
v 717.0442 786.6017 282.2673
v 717.4858 787.1845 282.3812
f 1963 1964 1965
v 716.3281 787.2916 282.2673
v 716.4742 788.4382 282.3811
v 715.8064 788.1370 282.2673
f 1966 1967 1968
v 716.4742 788.4382 282.3811
v 716.3281 787.2916 282.2673
v 716.9003 787.7471 282.3812
f 1969 1970 1971
v 716.4742 788.4382 282.3811
v 716.2363 789.2128 282.3811
v 715.5139 789.0858 282.2672
f 1972 1973 1974
v 715.5139 789.0858 282.2672
v 715.8064 788.1370 282.2673
v 716.4742 788.4382 282.3811
f 1975 1976 1977
v 716.2363 789.2128 282.3811
v 716.2004 790.0229 282.3810
v 715.4686 790.0789 282.2671
f 1978 1979 1980
v 715.4686 790.0789 282.2671
v 715.5139 789.0858 282.2672
v 716.2363 789.2128 282.3811
f 1981 1982 1983
v 716.2004 790.0229 282.3810
v 716.3676 790.8185 282.3809
v 715.6742 791.0523 282.2669
f 1984 1985 1986
v 715.6742 791.0523 282.2669
v 715.4686 790.0789 282.2671
v 716.2004 790.0229 282.3810
f 1987 1988 1989
v 716.3676 790.8185 282.3809
v 716.7275 791.5475 282.3807
v 716.1166 791.9461 282.2668
f 1990 1991 1992
v 716.1166 791.9461 282.2668
v 715.6742 791.0523 282.2669
v 716.3676 790.8185 282.3809
f 1993 1994 1995
v 716.7275 791.5475 282.3807
v 717.2612 792.1661 282.3806
v 716.7686 792.7024 282.2667
f 1996 1997 1998
v 716.7686 792.7024 282.2667
v 716.1166 791.9461 282.2668
v 716.7275 791.5475 282.3807
f 1999 2000 2001
v 717.2612 792.1661 282.3806
v 717.9304 792.6342 282.3805
v 717.5891 793.2772 282.2665
f 2002 2003 2004
v 717.5891 793.2772 282.2665
v 716.7686 792.7024 282.2667
v 717.2612 792.1661 282.3806
f 2005 2006 2007
v 717.9304 792.6342 282.3805
v 718.6962 792.9242 282.3803
v 718.5270 793.6306 282.2664
f 2008 2009 2010
v 718.5270 793.6306 282.2664
v 717.5891 793.2772 282.2665
v 717.9304 792.6342 282.3805
f 2011 2012 2013
v 718.5270 793.6306 282.2664
v 719.5094 793.0150 282.3802
v 719.5223 793.7429 282.2661
f 2014 2015 2016
v 719.5094 793.0150 282.3802
v 718.5270 793.6306 282.2664
v 718.6962 792.9242 282.3803
f 2017 2018 2019
v 719.5223 793.7429 282.2661
v 720.3181 792.9029 282.3802
v 720.5129 793.6053 282.2660
f 2020 2021 2022
v 720.3181 792.9029 282.3802
v 719.5223 793.7429 282.2661
v 719.5094 793.0150 282.3802
f 2023 2024 2025
v 720.5129 793.6053 282.2660
v 721.0732 792.5948 282.3801
v 721.4370 793.2278 282.2660
f 2026 2027 2028
v 721.0732 792.5948 282.3801
v 720.5129 793.6053 282.2660
v 720.3181 792.9029 282.3802
f 2029 2030 2031
v 721.4370 793.2278 282.2660
v 721.7260 792.1111 282.3801
v 722.2374 792.6348 282.2660
f 2032 2033 2034
v 721.7260 792.1111 282.3801
v 721.4370 793.2278 282.2660
v 721.0732 792.5948 282.3801
f 2035 2036 2037
v 722.2374 792.6348 282.2660
v 722.2353 791.4778 282.3801
v 722.8613 791.8601 282.2660
f 2038 2039 2040
v 722.2353 791.4778 282.3801
v 722.2374 792.6348 282.2660
v 721.7260 792.1111 282.3801
f 2041 2042 2043
v 722.2353 791.4778 282.3801
v 722.5693 790.7399 282.3802
v 723.2708 790.9570 282.2661
f 2044 2045 2046
v 723.2708 790.9570 282.2661
v 722.8613 791.8601 282.2660
v 722.2353 791.4778 282.3801
f 2047 2048 2049
v 722.0050 786.1684 282.1358
v 720.8548 786.0755 282.2669
v 721.0156 785.6481 282.1360
f 2050 2051 2052
v 720.8548 786.0755 282.2669
v 722.0050 786.1684 282.1358
v 721.7390 786.5431 282.2668
f 2053 2054 2055
v 721.0156 785.6481 282.1360
v 719.8802 785.8411 282.2671
v 719.9289 785.3860 282.1361
f 2056 2057 2058
v 719.8802 785.8411 282.2671
v 721.0156 785.6481 282.1360
v 720.8548 786.0755 282.2669
f 2059 2060 2061
v 719.8802 785.8411 282.2671
v 718.8792 785.8538 282.2672
v 718.8130 785.4000 282.1363
f 2062 2063 2064
v 718.8130 785.4000 282.1363
v 719.9289 785.3860 282.1361
v 719.8802 785.8411 282.2671
f 2065 2066 2067
v 718.8130 785.4000 282.1363
v 717.9129 786.1124 282.2673
v 717.7358 785.6888 282.1363
f 2068 2069 2070
v 717.9129 786.1124 282.2673
v 718.8130 785.4000 282.1363
v 718.8792 785.8538 282.2672
f 2071 2072 2073
v 717.7358 785.6888 282.1363
v 717.0442 786.6017 282.2673
v 716.7673 786.2354 282.1364
f 2074 2075 2076
v 717.0442 786.6017 282.2673
v 717.7358 785.6888 282.1363
v 717.9129 786.1124 282.2673
f 2077 2078 2079
v 716.7673 786.2354 282.1364
v 716.3281 787.2916 282.2673
v 715.9673 787.0046 282.1364
f 2080 2081 2082
v 716.3281 787.2916 282.2673
v 716.7673 786.2354 282.1364
v 717.0442 786.6017 282.2673
f 2083 2084 2085
v 715.9673 787.0046 282.1364
v 715.8064 788.1370 282.2673
v 715.3859 787.9482 282.1364
f 2086 2087 2088
v 715.8064 788.1370 282.2673
v 715.9673 787.0046 282.1364
v 716.3281 787.2916 282.2673
f 2089 2090 2091
v 715.3859 787.9482 282.1364
v 715.5139 789.0858 282.2672
v 715.0597 789.0060 282.1363
f 2092 2093 2094
v 715.5139 789.0858 282.2672
v 715.3859 787.9482 282.1364
v 715.8064 788.1370 282.2673
f 2095 2096 2097
v 715.4686 790.0789 282.2671
v 715.6742 791.0523 282.2669
v 715.2386 791.1995 282.1360
f 2098 2099 2100
v 715.2386 791.1995 282.1360
v 715.0086 790.1121 282.1362
v 715.4686 790.0789 282.2671
f 2101 2102 2103
v 715.6742 791.0523 282.2669
v 716.1166 791.9461 282.2668
v 715.7322 792.1952 282.1359
f 2104 2105 2106
v 715.7322 792.1952 282.1359
v 715.2386 791.1995 282.1360
v 715.6742 791.0523 282.2669
f 2107 2108 2109
v 716.1166 791.9461 282.2668
v 716.7686 792.7024 282.2667
v 716.4595 793.0402 282.1357
f 2110 2111 2112
v 716.4595 793.0402 282.1357
v 715.7322 792.1952 282.1359
v 716.1166 791.9461 282.2668
f 2113 2114 2115
v 716.4595 793.0402 282.1357
v 717.5891 793.2772 282.2665
v 717.3752 793.6797 282.1355
f 2116 2117 2118
v 717.5891 793.2772 282.2665
v 716.4595 793.0402 282.1357
v 716.7686 792.7024 282.2667
f 2119 2120 2121
v 717.5891 793.2772 282.2665
v 718.5270 793.6306 282.2664
v 718.4192 794.0749 282.1353
f 2122 2123 2124
v 718.4192 794.0749 282.1353
v 717.3752 793.6797 282.1355
v 717.5891 793.2772 282.2665
f 2125 2126 2127
v 718.4192 794.0749 282.1353
v 719.5223 793.7429 282.2661
v 719.5296 794.1999 282.1352
f 2128 2129 2130
v 719.5223 793.7429 282.2661
v 718.4192 794.0749 282.1353
v 718.5270 793.6306 282.2664
f 2131 2132 2133
v 719.5296 794.1999 282.1352
v 720.5129 793.6053 282.2660
v 720.6361 794.0469 282.1351
f 2134 2135 2136
v 720.5129 793.6053 282.2660
v 719.5296 794.1999 282.1352
v 719.5223 793.7429 282.2661
f 2137 2138 2139
v 715.5139 789.0858 282.2672
v 715.4686 790.0789 282.2671
v 715.0086 790.1121 282.1362
f 2140 2141 2142
v 715.0086 790.1121 282.1362
v 715.0597 789.0060 282.1363
v 715.5139 789.0858 282.2672
f 2143 2144 2145
v 722.9517 786.8159 281.9946
v 722.0050 786.1684 282.1358
v 722.0946 786.0421 281.9948
f 2146 2147 2148
v 722.0050 786.1684 282.1358
v 722.9517 786.8159 281.9946
v 722.8320 786.9182 282.1356
f 2149 2150 2151
v 719.5329 794.3569 281.9942
v 720.6361 794.0469 282.1351
v 720.6775 794.1968 281.9941
f 2152 2153 2154
v 720.6361 794.0469 282.1351
v 719.5329 794.3569 281.9942
v 719.5296 794.1999 282.1352
f 2155 2156 2157
v 719.4507 789.7793 282.5406
v 720.6429 789.8390 282.5215
v 720.5927 790.1312 282.5215
f 2158 2159 2160
v 720.5213 789.2614 282.5216
v 720.6191 789.5422 282.5215
v 719.4507 789.7793 282.5406
f 2161 2162 2163
v 720.6429 789.8390 282.5215
v 719.4507 789.7793 282.5406
v 720.6191 789.5422 282.5215
f 2164 2165 2166
v 719.1738 790.9300 282.5215
v 719.4507 789.7793 282.5406
v 719.4709 790.9642 282.5215
f 2167 2168 2169
v 719.7678 790.9224 282.5215
v 719.4709 790.9642 282.5215
v 719.4507 789.7793 282.5406
f 2170 2171 2172
v 718.6491 790.6524 282.5216
v 719.4507 789.7793 282.5406
v 718.8946 790.8247 282.5216
f 2173 2174 2175
v 719.1738 790.9300 282.5215
v 718.8946 790.8247 282.5216
v 719.4507 789.7793 282.5406
f 2176 2177 2178
v 720.2830 790.6321 282.5214
v 720.5927 790.1312 282.5215
v 720.4694 790.4015 282.5215
f 2179 2180 2181
v 719.7678 790.9224 282.5215
v 720.5927 790.1312 282.5215
v 720.0445 790.8106 282.5214
f 2182 2183 2184
v 720.2830 790.6321 282.5214
v 720.0445 790.8106 282.5214
v 720.5927 790.1312 282.5215
f 2185 2186 2187
v 719.4507 789.7793 282.5406
v 720.5927 790.1312 282.5215
v 719.7678 790.9224 282.5215
f 2188 2189 2190
v 718.4535 790.4269 282.5217
v 718.2610 789.8684 282.5218
v 718.2742 789.5725 282.5218
f 2191 2192 2193
v 718.3218 790.1603 282.5217
v 718.2610 789.8684 282.5218
v 718.4535 790.4269 282.5217
f 2194 2195 2196
v 718.6491 790.6524 282.5216
v 718.4535 790.4269 282.5217
v 718.2742 789.5725 282.5218
f 2197 2198 2199
v 718.6491 790.6524 282.5216
v 718.2742 789.5725 282.5218
v 718.3614 789.2882 282.5218
f 2200 2201 2202
v 719.4507 789.7793 282.5406
v 718.7322 788.8302 282.5218
v 718.9918 788.6835 282.5218
f 2203 2204 2205
v 718.6491 790.6524 282.5216
v 718.5178 789.0358 282.5218
v 719.4507 789.7793 282.5406
f 2206 2207 2208
v 718.7322 788.8302 282.5218
v 719.4507 789.7793 282.5406
v 718.5178 789.0358 282.5218
f 2209 2210 2211
v 718.3614 789.2882 282.5218
v 718.5178 789.0358 282.5218
v 718.6491 790.6524 282.5216
f 2212 2213 2214
v 719.4507 789.7793 282.5406
v 719.2796 788.6057 282.5218
v 719.5786 788.6020 282.5218
f 2215 2216 2217
v 719.2796 788.6057 282.5218
v 719.4507 789.7793 282.5406
v 718.9918 788.6835 282.5218
f 2218 2219 2220
v 719.4507 789.7793 282.5406
v 719.5786 788.6020 282.5218
v 719.8698 788.6721 282.5217
f 2221 2222 2223
v 720.1342 788.8115 282.5217
v 720.3557 789.0119 282.5216
v 719.4507 789.7793 282.5406
f 2224 2225 2226
v 720.3557 789.0119 282.5216
v 720.5213 789.2614 282.5216
v 719.4507 789.7793 282.5406
f 2227 2228 2229
v 719.8698 788.6721 282.5217
v 720.1342 788.8115 282.5217
v 719.4507 789.7793 282.5406
f 2230 2231 2232
v 723.3847 792.1786 254.9729
v 723.9608 788.8612 254.9732
v 722.6651 793.0715 254.9729
f 2233 2234 2235
v 723.8579 791.1333 254.9730
v 723.9608 788.8612 254.9732
v 723.3847 792.1786 254.9729
f 2236 2237 2238
v 721.7420 793.7579 254.9729
v 722.6651 793.0715 254.9729
v 723.9608 788.8612 254.9732
f 2239 2240 2241
v 724.0549 790.0038 254.9731
v 723.9608 788.8612 254.9732
v 723.8579 791.1333 254.9730
f 2242 2243 2244
v 723.5839 787.7732 254.9734
v 721.7420 793.7579 254.9729
v 723.9608 788.8612 254.9732
f 2245 2246 2247
v 719.5296 794.3528 254.9731
v 720.6742 794.1928 254.9730
v 722.0913 786.0381 254.9738
f 2248 2249 2250
v 723.5839 787.7732 254.9734
v 720.6742 794.1928 254.9730
v 721.7420 793.7579 254.9729
f 2251 2252 2253
v 719.5296 794.3528 254.9731
v 721.0679 785.4989 254.9740
v 718.3803 794.2230 254.9732
f 2254 2255 2256
v 718.3803 794.2230 254.9732
v 721.0679 785.4989 254.9740
v 717.2982 793.8139 254.9734
f 2257 2258 2259
v 716.3504 793.1514 254.9736
v 717.2982 793.8139 254.9734
v 718.7862 785.2421 254.9743
f 2260 2261 2262
v 722.9484 786.8119 254.9736
v 720.6742 794.1928 254.9730
v 723.5839 787.7732 254.9734
f 2263 2264 2265
v 719.5296 794.3528 254.9731
v 722.0913 786.0381 254.9738
v 721.0679 785.4989 254.9740
f 2266 2267 2268
v 719.9422 785.2269 254.9741
v 717.2982 793.8139 254.9734
v 721.0679 785.4989 254.9740
f 2269 2270 2271
v 715.5981 792.2764 254.9738
v 716.3504 793.1514 254.9736
v 718.7862 785.2421 254.9743
f 2272 2273 2274
v 718.7862 785.2421 254.9743
v 717.2982 793.8139 254.9734
v 719.9422 785.2269 254.9741
f 2275 2276 2277
v 718.7862 785.2421 254.9743
v 717.6720 785.5410 254.9744
v 715.5981 792.2764 254.9738
f 2278 2279 2280
v 714.8494 790.1205 254.9741
v 715.0863 791.2449 254.9740
v 715.8407 786.9029 254.9744
f 2281 2282 2283
v 715.5981 792.2764 254.9738
v 716.6695 786.1067 254.9744
v 715.0863 791.2449 254.9740
f 2284 2285 2286
v 714.8494 790.1205 254.9741
v 715.8407 786.9029 254.9744
v 714.9013 788.9753 254.9743
f 2287 2288 2289
v 715.8407 786.9029 254.9744
v 715.2384 787.8795 254.9744
v 714.9013 788.9753 254.9743
f 2290 2291 2292
v 716.6695 786.1067 254.9744
v 715.8407 786.9029 254.9744
v 715.0863 791.2449 254.9740
f 2293 2294 2295
v 716.6695 786.1067 254.9744
v 715.5981 792.2764 254.9738
v 717.6720 785.5410 254.9744
f 2296 2297 2298
v 722.9484 786.8119 254.9736
v 722.0913 786.0381 254.9738
v 720.6742 794.1928 254.9730
f 2299 2300 2301
v 723.8579 791.1333 254.9730
v 724.0582 790.0078 281.9942
v 724.0549 790.0038 254.9731
f 2302 2303 2304
v 724.0549 790.0038 254.9731
v 723.9642 788.8651 281.9942
v 723.9608 788.8612 254.9732
f 2305 2306 2307
v 723.9608 788.8612 254.9732
v 723.5873 787.7772 281.9944
v 723.5839 787.7732 254.9734
f 2308 2309 2310
v 723.5839 787.7732 254.9734
v 722.9517 786.8159 281.9946
v 722.9484 786.8119 254.9736
f 2311 2312 2313
v 722.9484 786.8119 254.9736
v 722.0946 786.0421 281.9948
v 722.0913 786.0381 254.9738
f 2314 2315 2316
v 722.0913 786.0381 254.9738
v 721.0712 785.5029 281.9950
v 721.0679 785.4989 254.9740
f 2317 2318 2319
v 721.0679 785.4989 254.9740
v 719.9455 785.2309 281.9951
v 719.9422 785.2269 254.9741
f 2320 2321 2322
v 719.9422 785.2269 254.9741
v 718.7896 785.2460 281.9953
v 718.7862 785.2421 254.9743
f 2323 2324 2325
v 718.7862 785.2421 254.9743
v 717.6754 785.5450 281.9955
v 717.6720 785.5410 254.9744
f 2326 2327 2328
v 717.6720 785.5410 254.9744
v 716.6729 786.1106 281.9955
v 716.6695 786.1067 254.9744
f 2329 2330 2331
v 716.6695 786.1067 254.9744
v 715.8440 786.9068 281.9955
v 715.8407 786.9029 254.9744
f 2332 2333 2334
v 715.8407 786.9029 254.9744
v 715.2417 787.8835 281.9954
v 715.2384 787.8795 254.9744
f 2335 2336 2337
v 715.2384 787.8795 254.9744
v 714.9046 788.9793 281.9954
v 714.9013 788.9753 254.9743
f 2338 2339 2340
v 714.9013 788.9753 254.9743
v 714.8527 790.1246 281.9952
v 714.8494 790.1205 254.9741
f 2341 2342 2343
v 714.8494 790.1205 254.9741
v 715.0897 791.2489 281.9950
v 715.0863 791.2449 254.9740
f 2344 2345 2346
v 715.0863 791.2449 254.9740
v 715.6015 792.2804 281.9949
v 715.5981 792.2764 254.9738
f 2347 2348 2349
v 715.5981 792.2764 254.9738
v 716.3538 793.1555 281.9947
v 716.3504 793.1514 254.9736
f 2350 2351 2352
v 716.3504 793.1514 254.9736
v 717.3016 793.8179 281.9945
v 717.2982 793.8139 254.9734
f 2353 2354 2355
v 717.2982 793.8139 254.9734
v 718.3837 794.2270 281.9943
v 718.3803 794.2230 254.9732
f 2356 2357 2358
v 718.3803 794.2230 254.9732
v 719.5329 794.3569 281.9942
v 719.5296 794.3528 254.9731
f 2359 2360 2361
v 719.5296 794.3528 254.9731
v 720.6775 794.1968 281.9941
v 720.6742 794.1928 254.9730
f 2362 2363 2364
v 720.6742 794.1928 254.9730
v 721.7453 793.7620 281.9940
v 721.7420 793.7579 254.9729
f 2365 2366 2367
v 721.7420 793.7579 254.9729
v 722.6685 793.0755 281.9940
v 722.6651 793.0715 254.9729
f 2368 2369 2370
v 722.6651 793.0715 254.9729
v 723.3881 792.1826 281.9940
v 723.3847 792.1786 254.9729
f 2371 2372 2373
v 723.3847 792.1786 254.9729
v 723.8613 791.1374 281.9941
v 723.8579 791.1333 254.9730
f 2374 2375 2376

g building_ID_BE29D6E5-1274-4361-A933-CB09AFDC569F
v 725.3640 783.9425 282.1357
v 726.1648 783.1224 282.2667
v 726.3939 783.5206 282.1356
f 2377 2378 2379
v 726.1648 783.1224 282.2667
v 725.3640 783.9425 282.1357
v 725.2408 783.4998 282.2668
f 2380 2381 2382
v 726.3939 783.5206 282.1356
v 726.9652 782.5292 282.2667
v 727.2861 782.8583 282.1356
f 2383 2384 2385
v 726.9652 782.5292 282.2667
v 726.3939 783.5206 282.1356
v 726.1648 783.1224 282.2667
f 2386 2387 2388
v 727.2861 782.8583 282.1356
v 727.5891 781.7555 282.2667
v 727.9818 781.9955 282.1356
f 2389 2390 2391
v 727.5891 781.7555 282.2667
v 727.2861 782.8583 282.1356
v 726.9652 782.5292 282.2667
f 2392 2393 2394
v 727.9818 781.9955 282.1356
v 727.9987 780.8514 282.2668
v 728.4390 780.9862 282.1357
f 2395 2396 2397
v 727.9987 780.8514 282.2668
v 727.9818 781.9955 282.1356
v 727.5891 781.7555 282.2667
f 2398 2399 2400
v 727.9987 780.8514 282.2668
v 728.1691 779.8720 282.2669
v 728.6291 779.8957 282.1358
f 2401 2402 2403
v 728.6291 779.8957 282.1358
v 728.4390 780.9862 282.1357
v 727.9987 780.8514 282.2668
f 2404 2405 2406
v 728.4390 780.9862 282.1357
v 728.6291 779.8957 282.1358
v 728.7861 779.9033 281.9948
f 2407 2408 2409
v 728.7861 779.9033 281.9948
v 728.5892 781.0328 281.9947
v 728.4390 780.9862 282.1357
f 2410 2411 2412
v 728.5858 781.0288 255.0586
v 728.5892 781.0328 281.9947
v 728.7861 779.9033 281.9948
f 2413 2414 2415
v 728.6291 779.8957 282.1358
v 728.5382 778.7900 282.1360
v 728.6921 778.7596 281.9950
f 2416 2417 2418
v 728.6921 778.7596 281.9950
v 728.7861 779.9033 281.9948
v 728.6291 779.8957 282.1358
f 2419 2420 2421
v 728.7827 779.8993 255.0587
v 728.7861 779.9033 281.9948
v 728.6921 778.7596 281.9950
f 2422 2423 2424
v 728.5382 778.7900 282.1360
v 728.1744 777.7410 282.1361
v 728.3151 777.6716 281.9951
f 2425 2426 2427
v 728.3151 777.6716 281.9951
v 728.6921 778.7596 281.9950
v 728.5382 778.7900 282.1360
f 2428 2429 2430
v 728.6887 778.7556 255.0589
v 728.6921 778.7596 281.9950
v 728.3151 777.6716 281.9951
f 2431 2432 2433
v 728.1744 777.7410 282.1361
v 727.5599 776.8126 282.1363
v 727.6796 776.7113 281.9953
f 2434 2435 2436
v 727.6796 776.7113 281.9953
v 728.3151 777.6716 281.9951
v 728.1744 777.7410 282.1361
f 2437 2438 2439
v 728.3118 777.6676 255.0590
v 728.3151 777.6716 281.9951
v 727.6796 776.7113 281.9953
f 2440 2441 2442
v 727.6762 776.7073 255.0592
v 727.6796 776.7113 281.9953
v 726.8225 775.9376 281.9955
f 2443 2444 2445
v 726.7328 776.0639 282.1365
v 725.7435 775.5425 282.1367
v 725.7991 775.3974 281.9957
f 2446 2447 2448
v 725.7991 775.3974 281.9957
v 726.8225 775.9376 281.9955
v 726.7328 776.0639 282.1365
f 2449 2450 2451
v 726.8191 775.9337 255.0594
v 726.8225 775.9376 281.9955
v 725.7991 775.3974 281.9957
f 2452 2453 2454
v 725.7435 775.5425 282.1367
v 724.6568 775.2804 282.1368
v 724.6734 775.1254 281.9959
f 2455 2456 2457
v 724.6734 775.1254 281.9959
v 725.7991 775.3974 281.9957
v 725.7435 775.5425 282.1367
f 2458 2459 2460
v 725.7957 775.3935 255.0596
v 725.7991 775.3974 281.9957
v 724.6734 775.1254 281.9959
f 2461 2462 2463
v 724.6700 775.1215 255.0598
v 724.6734 775.1254 281.9959
v 723.5175 775.1415 281.9960
f 2464 2465 2466
v 723.5175 775.1415 281.9960
v 722.4637 775.5843 282.1370
v 722.4032 775.4404 281.9961
f 2467 2468 2469
v 722.4637 775.5843 282.1370
v 723.5175 775.1415 281.9960
v 723.5409 775.2944 282.1370
f 2470 2471 2472
v 723.5140 775.1376 255.0599
v 723.5175 775.1415 281.9960
v 722.4032 775.4404 281.9961
f 2473 2474 2475
v 722.4032 775.4404 281.9961
v 721.4951 776.1299 282.1371
v 721.4008 776.0052 281.9961
f 2476 2477 2478
v 721.4951 776.1299 282.1371
v 722.4032 775.4404 281.9961
v 722.4637 775.5843 282.1370
f 2479 2480 2481
v 722.3999 775.4365 255.0600
v 722.4032 775.4404 281.9961
v 721.4008 776.0052 281.9961
f 2482 2483 2484
v 721.4951 776.1299 282.1371
v 720.6952 776.9000 282.1371
v 720.5719 776.8014 281.9961
f 2485 2486 2487
v 720.5719 776.8014 281.9961
v 721.4008 776.0052 281.9961
v 721.4951 776.1299 282.1371
f 2488 2489 2490
v 721.3974 776.0012 255.0600
v 721.4008 776.0052 281.9961
v 720.5719 776.8014 281.9961
f 2491 2492 2493
v 720.5719 776.8014 281.9961
v 720.1137 777.8426 282.1370
v 719.9695 777.7780 281.9961
f 2494 2495 2496
v 720.1137 777.8426 282.1370
v 720.5719 776.8014 281.9961
v 720.6952 776.9000 282.1371
f 2497 2498 2499
v 720.5686 776.7974 255.0600
v 720.5719 776.8014 281.9961
v 719.9695 777.7780 281.9961
f 2500 2501 2502
v 719.9695 777.7780 281.9961
v 719.7876 778.9015 282.1369
v 719.6325 778.8739 281.9960
f 2503 2504 2505
v 719.7876 778.9015 282.1369
v 719.9695 777.7780 281.9961
v 720.1137 777.8426 282.1370
f 2506 2507 2508
v 719.9662 777.7740 255.0600
v 719.9695 777.7780 281.9961
v 719.6325 778.8739 281.9960
f 2509 2510 2511
v 719.6325 778.8739 281.9960
v 719.7366 780.0076 282.1368
v 719.5805 780.0190 281.9958
f 2512 2513 2514
v 719.7366 780.0076 282.1368
v 719.6325 778.8739 281.9960
v 719.7876 778.9015 282.1369
f 2515 2516 2517
v 719.6292 778.8699 255.0599
v 719.6325 778.8739 281.9960
v 719.5805 780.0190 281.9958
f 2518 2519 2520
v 719.7366 780.0076 282.1368
v 719.9664 781.0940 282.1367
v 719.8176 781.1433 281.9957
f 2521 2522 2523
v 719.8176 781.1433 281.9957
v 719.5805 780.0190 281.9958
v 719.7366 780.0076 282.1368
f 2524 2525 2526
v 719.5772 780.0150 255.0597
v 719.5805 780.0190 281.9958
v 719.8176 781.1433 281.9957
f 2527 2528 2529
v 719.9664 781.0940 282.1367
v 720.4601 782.0906 282.1365
v 720.3293 782.1760 281.9955
f 2530 2531 2532
v 720.3293 782.1760 281.9955
v 719.8176 781.1433 281.9957
v 719.9664 781.0940 282.1367
f 2533 2534 2535
v 719.8142 781.1394 255.0596
v 719.8176 781.1433 281.9957
v 720.3293 782.1760 281.9955
f 2536 2537 2538
v 720.4601 782.0906 282.1365
v 721.1873 782.9346 282.1363
v 721.0817 783.0499 281.9953
f 2539 2540 2541
v 721.0817 783.0499 281.9953
v 720.3293 782.1760 281.9955
v 720.4601 782.0906 282.1365
f 2542 2543 2544
v 720.3259 782.1720 255.0594
v 720.3293 782.1760 281.9955
v 721.0817 783.0499 281.9953
f 2545 2546 2547
v 721.1873 782.9346 282.1363
v 722.1031 783.5752 282.1361
v 722.0294 783.7123 281.9951
f 2548 2549 2550
v 722.0294 783.7123 281.9951
v 721.0817 783.0499 281.9953
v 721.1873 782.9346 282.1363
f 2551 2552 2553
v 721.0783 783.0459 255.0592
v 721.0817 783.0499 281.9953
v 722.0294 783.7123 281.9951
f 2554 2555 2556
v 722.1031 783.5752 282.1361
v 723.1471 783.9693 282.1359
v 723.1115 784.1224 281.9949
f 2557 2558 2559
v 723.1115 784.1224 281.9949
v 722.0294 783.7123 281.9951
v 722.1031 783.5752 282.1361
f 2560 2561 2562
v 722.0261 783.7083 255.0590
v 722.0294 783.7123 281.9951
v 723.1115 784.1224 281.9949
f 2563 2564 2565
v 723.1115 784.1224 281.9949
v 724.2574 784.0954 282.1358
v 724.2608 784.2514 281.9948
f 2566 2567 2568
v 724.2574 784.0954 282.1358
v 723.1115 784.1224 281.9949
v 723.1471 783.9693 282.1359
f 2569 2570 2571
v 723.1082 784.1184 255.0588
v 723.1115 784.1224 281.9949
v 724.2608 784.2514 281.9948
f 2572 2573 2574
v 724.2608 784.2514 281.9948
v 725.3640 783.9425 282.1357
v 725.4054 784.0923 281.9947
f 2575 2576 2577
v 725.3640 783.9425 282.1357
v 724.2608 784.2514 281.9948
v 724.2574 784.0954 282.1358
f 2578 2579 2580
v 724.2574 784.2474 255.0587
v 724.2608 784.2514 281.9948
v 725.4054 784.0923 281.9947
f 2581 2582 2583
v 725.3640 783.9425 282.1357
v 726.3939 783.5206 282.1356
v 726.4732 783.6564 281.9946
f 2584 2585 2586
v 726.4732 783.6564 281.9946
v 725.4054 784.0923 281.9947
v 725.3640 783.9425 282.1357
f 2587 2588 2589
v 725.4020 784.0884 255.0586
v 725.4054 784.0923 281.9947
v 726.4732 783.6564 281.9946
f 2590 2591 2592
v 726.4732 783.6564 281.9946
v 727.2861 782.8583 282.1356
v 727.3963 782.9709 281.9946
f 2593 2594 2595
v 727.2861 782.8583 282.1356
v 726.4732 783.6564 281.9946
v 726.3939 783.5206 282.1356
f 2596 2597 2598
v 726.4698 783.6525 255.0585
v 726.4732 783.6564 281.9946
v 727.3963 782.9709 281.9946
f 2599 2600 2601
v 727.3963 782.9709 281.9946
v 727.9818 781.9955 282.1356
v 728.1160 782.0771 281.9946
f 2602 2603 2604
v 727.9818 781.9955 282.1356
v 727.3963 782.9709 281.9946
v 727.2861 782.8583 282.1356
f 2605 2606 2607
v 727.3930 782.9671 255.0585
v 727.3963 782.9709 281.9946
v 728.1160 782.0771 281.9946
f 2608 2609 2610
v 728.1160 782.0771 281.9946
v 728.4390 780.9862 282.1357
v 728.5892 781.0328 281.9947
f 2611 2612 2613
v 728.4390 780.9862 282.1357
v 728.1160 782.0771 281.9946
v 727.9818 781.9955 282.1356
f 2614 2615 2616
v 728.1125 782.0731 255.0585
v 728.1160 782.0771 281.9946
v 728.5892 781.0328 281.9947
f 2617 2618 2619
v 727.4360 779.8360 282.3810
v 727.3708 779.0272 282.3811
v 728.0874 778.8812 282.2670
f 2620 2621 2622
v 728.0874 778.8812 282.2670
v 728.1691 779.8720 282.2669
v 727.4360 779.8360 282.3810
f 2623 2624 2625
v 727.3708 779.0272 282.3811
v 727.1038 778.2589 282.3812
v 727.7609 777.9411 282.2672
f 2626 2627 2628
v 727.7609 777.9411 282.2672
v 728.0874 778.8812 282.2670
v 727.3708 779.0272 282.3811
f 2629 2630 2631
v 727.1038 778.2589 282.3812
v 726.6540 777.5791 282.3813
v 727.2107 777.1085 282.2673
f 2632 2633 2634
v 727.2107 777.1085 282.2673
v 727.7609 777.9411 282.2672
v 727.1038 778.2589 282.3812
f 2635 2636 2637
v 726.6540 777.5791 282.3813
v 726.0475 777.0317 282.3815
v 726.4669 776.4385 282.2675
f 2638 2639 2640
v 726.4669 776.4385 282.2675
v 727.2107 777.1085 282.2673
v 726.6540 777.5791 282.3813
f 2641 2642 2643
v 728.1691 779.8720 282.2669
v 728.0874 778.8812 282.2670
v 728.5382 778.7900 282.1360
f 2644 2645 2646
v 728.5382 778.7900 282.1360
v 728.6291 779.8957 282.1358
v 728.1691 779.8720 282.2669
f 2647 2648 2649
v 728.0874 778.8812 282.2670
v 727.7609 777.9411 282.2672
v 728.1744 777.7410 282.1361
f 2650 2651 2652
v 728.1744 777.7410 282.1361
v 728.5382 778.7900 282.1360
v 728.0874 778.8812 282.2670
f 2653 2654 2655
v 727.7609 777.9411 282.2672
v 727.2107 777.1085 282.2673
v 727.5599 776.8126 282.1363
f 2656 2657 2658
v 727.5599 776.8126 282.1363
v 728.1744 777.7410 282.1361
v 727.7609 777.9411 282.2672
f 2659 2660 2661
v 727.2107 777.1085 282.2673
v 726.4669 776.4385 282.2675
v 726.7328 776.0639 282.1365
f 2662 2663 2664
v 726.7328 776.0639 282.1365
v 727.5599 776.8126 282.1363
v 727.2107 777.1085 282.2673
f 2665 2666 2667
v 725.3470 779.4376 282.5222
v 726.4364 779.2167 282.4672
v 726.4829 779.7885 282.4671
f 2668 2669 2670
v 726.4829 779.7885 282.4671
v 725.3708 779.7336 282.5222
v 725.3470 779.4376 282.5222
f 2671 2672 2673
v 725.2492 779.1568 282.5223
v 726.2469 778.6742 282.4672
v 726.4364 779.2167 282.4672
f 2674 2675 2676
v 726.4364 779.2167 282.4672
v 725.3470 779.4376 282.5222
v 725.2492 779.1568 282.5223
f 2677 2678 2679
v 726.4364 779.2167 282.4672
v 727.3708 779.0272 282.3811
v 727.4360 779.8360 282.3810
f 2680 2681 2682
v 727.4360 779.8360 282.3810
v 726.4829 779.7885 282.4671
v 726.4364 779.2167 282.4672
f 2683 2684 2685
v 726.2469 778.6742 282.4672
v 727.1038 778.2589 282.3812
v 727.3708 779.0272 282.3811
f 2686 2687 2688
v 727.3708 779.0272 282.3811
v 726.4364 779.2167 282.4672
v 726.2469 778.6742 282.4672
f 2689 2690 2691
v 726.4829 779.7885 282.4671
v 725.3206 780.0266 282.5222
v 725.3708 779.7336 282.5222
f 2692 2693 2694
v 725.3206 780.0266 282.5222
v 726.4829 779.7885 282.4671
v 726.3844 780.3538 282.4670
f 2695 2696 2697
v 722.7897 777.8395 282.4677
v 723.7197 778.5780 282.5225
v 723.4601 778.7246 282.5226
f 2698 2699 2700
v 723.7197 778.5780 282.5225
v 722.7897 777.8395 282.4677
v 723.2900 777.5572 282.4677
f 2701 2702 2703
v 722.3748 778.2376 282.4677
v 723.4601 778.7246 282.5226
v 723.2456 778.9302 282.5226
f 2704 2705 2706
v 723.4601 778.7246 282.5226
v 722.3748 778.2376 282.4677
v 722.7897 777.8395 282.4677
f 2707 2708 2709
v 723.0893 779.1837 282.5225
v 722.0751 778.7264 282.4677
v 722.3748 778.2376 282.4677
f 2710 2711 2712
v 722.3748 778.2376 282.4677
v 723.2456 778.9302 282.5226
v 723.0893 779.1837 282.5225
f 2713 2714 2715
v 721.9046 779.2738 282.4677
v 723.0893 779.1837 282.5225
v 723.0021 779.4679 282.5225
f 2716 2717 2718
v 723.0893 779.1837 282.5225
v 721.9046 779.2738 282.4677
v 722.0751 778.7264 282.4677
f 2719 2720 2721
v 723.0021 779.4679 282.5225
v 721.8791 779.8469 282.4676
v 721.9046 779.2738 282.4677
f 2722 2723 2724
v 721.8791 779.8469 282.4676
v 723.0021 779.4679 282.5225
v 722.9889 779.7640 282.5225
f 2725 2726 2727
v 723.0497 780.0547 282.5224
v 721.9976 780.4086 282.4675
v 721.8791 779.8469 282.4676
f 2728 2729 2730
v 721.8791 779.8469 282.4676
v 722.9889 779.7640 282.5225
v 723.0497 780.0547 282.5224
f 2731 2732 2733
v 723.1814 780.3224 282.5224
v 722.2530 780.9249 282.4674
v 721.9976 780.4086 282.4675
f 2734 2735 2736
v 721.9976 780.4086 282.4675
v 723.0497 780.0547 282.5224
v 723.1814 780.3224 282.5224
f 2737 2738 2739
v 723.3770 780.5479 282.5223
v 722.6301 781.3619 282.4673
v 722.2530 780.9249 282.4674
f 2740 2741 2742
v 722.2530 780.9249 282.4674
v 723.1814 780.3224 282.5224
v 723.3770 780.5479 282.5223
f 2743 2744 2745
v 724.9889 777.5356 282.4675
v 724.8621 778.7059 282.5224
v 724.5977 778.5666 282.5224
f 2746 2747 2748
v 724.8621 778.7059 282.5224
v 724.9889 777.5356 282.4675
v 725.4996 777.8062 282.4674
f 2749 2750 2751
v 724.4265 777.4001 282.4676
v 724.5977 778.5666 282.5224
v 724.3064 778.4964 282.5225
f 2752 2753 2754
v 724.5977 778.5666 282.5224
v 724.4265 777.4001 282.4676
v 724.9889 777.5356 282.4675
f 2755 2756 2757
v 724.4265 777.4001 282.4676
v 724.0075 778.5012 282.5225
v 723.8486 777.4076 282.4677
f 2758 2759 2760
v 724.0075 778.5012 282.5225
v 724.4265 777.4001 282.4676
v 724.3064 778.4964 282.5225
f 2761 2762 2763
v 723.2900 777.5572 282.4677
v 724.0075 778.5012 282.5225
v 723.7197 778.5780 282.5225
f 2764 2765 2766
v 724.0075 778.5012 282.5225
v 723.2900 777.5572 282.4677
v 723.8486 777.4076 282.4677
f 2767 2768 2769
v 725.0835 778.9073 282.5223
v 725.9287 778.1930 282.4673
v 726.2469 778.6742 282.4672
f 2770 2771 2772
v 726.2469 778.6742 282.4672
v 725.2492 779.1568 282.5223
v 725.0835 778.9073 282.5223
f 2773 2774 2775
v 724.8621 778.7059 282.5224
v 725.4996 777.8062 282.4674
v 725.9287 778.1930 282.4673
f 2776 2777 2778
v 725.9287 778.1930 282.4673
v 725.0835 778.9073 282.5223
v 724.8621 778.7059 282.5224
f 2779 2780 2781
v 725.9287 778.1930 282.4673
v 726.6540 777.5791 282.3813
v 727.1038 778.2589 282.3812
f 2782 2783 2784
v 727.1038 778.2589 282.3812
v 726.2469 778.6742 282.4672
v 725.9287 778.1930 282.4673
f 2785 2786 2787
v 725.4996 777.8062 282.4674
v 726.0475 777.0317 282.3815
v 726.6540 777.5791 282.3813
f 2788 2789 2790
v 726.6540 777.5791 282.3813
v 725.9287 778.1930 282.4673
v 725.4996 777.8062 282.4674
f 2791 2792 2793
v 724.9889 777.5356 282.4675
v 725.3245 776.6497 282.3816
v 726.0475 777.0317 282.3815
f 2794 2795 2796
v 726.0475 777.0317 282.3815
v 725.4996 777.8062 282.4674
v 724.9889 777.5356 282.4675
f 2797 2798 2799
v 724.4265 777.4001 282.4676
v 724.5290 776.4588 282.3817
v 725.3245 776.6497 282.3816
f 2800 2801 2802
v 725.3245 776.6497 282.3816
v 724.9889 777.5356 282.4675
v 724.4265 777.4001 282.4676
f 2803 2804 2805
v 723.6225 780.7192 282.5223
v 723.1040 781.6936 282.4672
v 722.6301 781.3619 282.4673
f 2806 2807 2808
v 722.6301 781.3619 282.4673
v 723.3770 780.5479 282.5223
v 723.6225 780.7192 282.5223
f 2809 2810 2811
v 723.9017 780.8255 282.5222
v 723.6446 781.8981 282.4671
v 723.1040 781.6936 282.4672
f 2812 2813 2814
v 723.1040 781.6936 282.4672
v 723.6225 780.7192 282.5223
v 723.9017 780.8255 282.5222
f 2815 2816 2817
v 723.6446 781.8981 282.4671
v 723.9017 780.8255 282.5222
v 724.1988 780.8596 282.5222
f 2818 2819 2820
v 724.1988 780.8596 282.5222
v 724.2197 781.9626 282.4671
v 723.6446 781.8981 282.4671
f 2821 2822 2823
v 724.7916 781.8840 282.4670
v 724.1988 780.8596 282.5222
v 724.4957 780.8169 282.5222
f 2824 2825 2826
v 724.1988 780.8596 282.5222
v 724.7916 781.8840 282.4670
v 724.2197 781.9626 282.4671
f 2827 2828 2829
v 724.7724 780.7051 282.5222
v 725.3249 781.6646 282.4670
v 724.7916 781.8840 282.4670
f 2830 2831 2832
v 724.7916 781.8840 282.4670
v 724.4957 780.8169 282.5222
v 724.7724 780.7051 282.5222
f 2833 2834 2835
v 725.7870 781.3223 282.4670
v 724.7724 780.7051 282.5222
v 725.0109 780.5275 282.5222
f 2836 2837 2838
v 724.7724 780.7051 282.5222
v 725.7870 781.3223 282.4670
v 725.3249 781.6646 282.4670
f 2839 2840 2841
v 725.7870 781.3223 282.4670
v 725.0109 780.5275 282.5222
v 725.1973 780.2970 282.5222
f 2842 2843 2844
v 725.1973 780.2970 282.5222
v 726.1478 780.8754 282.4670
v 725.7870 781.3223 282.4670
f 2845 2846 2847
v 726.3844 780.3538 282.4670
v 725.1973 780.2970 282.5222
v 725.3206 780.0266 282.5222
f 2848 2849 2850
v 725.1973 780.2970 282.5222
v 726.3844 780.3538 282.4670
v 726.1478 780.8754 282.4670
f 2851 2852 2853
v 724.2373 782.9106 282.3809
v 723.6446 781.8981 282.4671
v 724.2197 781.9626 282.4671
f 2854 2855 2856
v 723.6446 781.8981 282.4671
v 724.2373 782.9106 282.3809
v 723.4240 782.8187 282.3811
f 2857 2858 2859
v 725.0460 782.7984 282.3809
v 724.2197 781.9626 282.4671
v 724.7916 781.8840 282.4670
f 2860 2861 2862
v 724.2197 781.9626 282.4671
v 725.0460 782.7984 282.3809
v 724.2373 782.9106 282.3809
f 2863 2864 2865
v 725.8011 782.4904 282.3808
v 724.7916 781.8840 282.4670
v 725.3249 781.6646 282.4670
f 2866 2867 2868
v 724.7916 781.8840 282.4670
v 725.8011 782.4904 282.3808
v 725.0460 782.7984 282.3809
f 2869 2870 2871
v 726.4539 782.0055 282.3808
v 725.3249 781.6646 282.4670
v 725.7870 781.3223 282.4670
f 2872 2873 2874
v 725.3249 781.6646 282.4670
v 726.4539 782.0055 282.3808
v 725.8011 782.4904 282.3808
f 2875 2876 2877
v 726.9631 781.3732 282.3808
v 725.7870 781.3223 282.4670
v 726.1478 780.8754 282.4670
f 2878 2879 2880
v 725.7870 781.3223 282.4670
v 726.9631 781.3732 282.3808
v 726.4539 782.0055 282.3808
f 2881 2882 2883
v 726.3844 780.3538 282.4670
v 727.2971 780.6343 282.3809
v 726.9631 781.3732 282.3808
f 2884 2885 2886
v 726.9631 781.3732 282.3808
v 726.1478 780.8754 282.4670
v 726.3844 780.3538 282.4670
f 2887 2888 2889
v 726.4829 779.7885 282.4671
v 727.4360 779.8360 282.3810
v 727.2971 780.6343 282.3809
f 2890 2891 2892
v 727.2971 780.6343 282.3809
v 726.3844 780.3538 282.4670
v 726.4829 779.7885 282.4671
f 2893 2894 2895
v 727.2971 780.6343 282.3809
v 727.4360 779.8360 282.3810
v 728.1691 779.8720 282.2669
f 2896 2897 2898
v 728.1691 779.8720 282.2669
v 727.9987 780.8514 282.2668
v 727.2971 780.6343 282.3809
f 2899 2900 2901
v 721.2021 778.3337 282.3819
v 722.3748 778.2376 282.4677
v 722.0751 778.7264 282.4677
f 2902 2903 2904
v 722.3748 778.2376 282.4677
v 721.2021 778.3337 282.3819
v 721.6282 777.6426 282.3819
f 2905 2906 2907
v 721.9046 779.2738 282.4677
v 720.9642 779.1084 282.3818
v 721.2021 778.3337 282.3819
f 2908 2909 2910
v 721.2021 778.3337 282.3819
v 722.0751 778.7264 282.4677
v 721.9046 779.2738 282.4677
f 2911 2912 2913
v 721.8791 779.8469 282.4676
v 720.9283 779.9185 282.3817
v 720.9642 779.1084 282.3818
f 2914 2915 2916
v 720.9642 779.1084 282.3818
v 721.9046 779.2738 282.4677
v 721.8791 779.8469 282.4676
f 2917 2918 2919
v 721.9976 780.4086 282.4675
v 721.0954 780.7139 282.3816
v 720.9283 779.9185 282.3817
f 2920 2921 2922
v 720.9283 779.9185 282.3817
v 721.8791 779.8469 282.4676
v 721.9976 780.4086 282.4675
f 2923 2924 2925
v 722.2530 780.9249 282.4674
v 721.4554 781.4430 282.3814
v 721.0954 780.7139 282.3816
f 2926 2927 2928
v 721.0954 780.7139 282.3816
v 721.9976 780.4086 282.4675
v 722.2530 780.9249 282.4674
f 2929 2930 2931
v 722.6301 781.3619 282.4673
v 721.9890 782.0616 282.3813
v 721.4554 781.4430 282.3814
f 2932 2933 2934
v 721.4554 781.4430 282.3814
v 722.2530 780.9249 282.4674
v 722.6301 781.3619 282.4673
f 2935 2936 2937
v 723.1040 781.6936 282.4672
v 722.6583 782.5298 282.3812
v 721.9890 782.0616 282.3813
f 2938 2939 2940
v 721.9890 782.0616 282.3813
v 722.6301 781.3619 282.4673
v 723.1040 781.6936 282.4672
f 2941 2942 2943
v 723.6446 781.8981 282.4671
v 723.4240 782.8187 282.3811
v 722.6583 782.5298 282.3812
f 2944 2945 2946
v 722.6583 782.5298 282.3812
v 723.1040 781.6936 282.4672
v 723.6446 781.8981 282.4671
f 2947 2948 2949
v 724.5290 776.4588 282.3817
v 723.8486 777.4076 282.4677
v 723.7111 776.4680 282.3818
f 2950 2951 2952
v 723.8486 777.4076 282.4677
v 724.5290 776.4588 282.3817
v 724.4265 777.4001 282.4676
f 2953 2954 2955
v 723.7111 776.4680 282.3818
v 723.8486 777.4076 282.4677
v 723.2900 777.5572 282.4677
f 2956 2957 2958
v 723.2900 777.5572 282.4677
v 722.9226 776.6801 282.3819
v 723.7111 776.4680 282.3818
f 2959 2960 2961
v 722.2137 777.0800 282.3819
v 723.2900 777.5572 282.4677
v 722.7897 777.8395 282.4677
f 2962 2963 2964
v 723.2900 777.5572 282.4677
v 722.2137 777.0800 282.3819
v 722.9226 776.6801 282.3819
f 2965 2966 2967
v 721.6282 777.6426 282.3819
v 722.7897 777.8395 282.4677
v 722.3748 778.2376 282.4677
f 2968 2969 2970
v 722.7897 777.8395 282.4677
v 721.6282 777.6426 282.3819
v 722.2137 777.0800 282.3819
f 2971 2972 2973
v 726.0475 777.0317 282.3815
v 725.3245 776.6497 282.3816
v 725.5827 775.9710 282.2676
f 2974 2975 2976
v 725.5827 775.9710 282.2676
v 726.4669 776.4385 282.2675
v 726.0475 777.0317 282.3815
f 2977 2978 2979
v 725.3245 776.6497 282.3816
v 724.5290 776.4588 282.3817
v 724.6081 775.7356 282.2678
f 2980 2981 2982
v 724.6081 775.7356 282.2678
v 725.5827 775.9710 282.2676
v 725.3245 776.6497 282.3816
f 2983 2984 2985
v 724.6081 775.7356 282.2678
v 723.7111 776.4680 282.3818
v 723.6071 775.7483 282.2679
f 2986 2987 2988
v 723.7111 776.4680 282.3818
v 724.6081 775.7356 282.2678
v 724.5290 776.4588 282.3817
f 2989 2990 2991
v 723.6071 775.7483 282.2679
v 722.9226 776.6801 282.3819
v 722.6408 776.0069 282.2680
f 2992 2993 2994
v 722.9226 776.6801 282.3819
v 723.6071 775.7483 282.2679
v 723.7111 776.4680 282.3818
f 2995 2996 2997
v 722.6408 776.0069 282.2680
v 722.2137 777.0800 282.3819
v 721.7721 776.4971 282.2680
f 2998 2999 3000
v 722.2137 777.0800 282.3819
v 722.6408 776.0069 282.2680
v 722.9226 776.6801 282.3819
f 3001 3002 3003
v 721.7721 776.4971 282.2680
v 721.6282 777.6426 282.3819
v 721.0559 777.1861 282.2680
f 3004 3005 3006
v 721.6282 777.6426 282.3819
v 721.7721 776.4971 282.2680
v 722.2137 777.0800 282.3819
f 3007 3008 3009
v 721.0559 777.1861 282.2680
v 721.2021 778.3337 282.3819
v 720.5342 778.0314 282.2680
f 3010 3011 3012
v 721.2021 778.3337 282.3819
v 721.0559 777.1861 282.2680
v 721.6282 777.6426 282.3819
f 3013 3014 3015
v 721.2021 778.3337 282.3819
v 720.9642 779.1084 282.3818
v 720.2418 778.9813 282.2679
f 3016 3017 3018
v 720.2418 778.9813 282.2679
v 720.5342 778.0314 282.2680
v 721.2021 778.3337 282.3819
f 3019 3020 3021
v 720.9642 779.1084 282.3818
v 720.9283 779.9185 282.3817
v 720.1965 779.9734 282.2678
f 3022 3023 3024
v 720.1965 779.9734 282.2678
v 720.2418 778.9813 282.2679
v 720.9642 779.1084 282.3818
f 3025 3026 3027
v 720.9283 779.9185 282.3817
v 721.0954 780.7139 282.3816
v 720.4020 780.9467 282.2676
f 3028 3029 3030
v 720.4020 780.9467 282.2676
v 720.1965 779.9734 282.2678
v 720.9283 779.9185 282.3817
f 3031 3032 3033
v 721.0954 780.7139 282.3816
v 721.4554 781.4430 282.3814
v 720.8445 781.8406 282.2675
f 3034 3035 3036
v 720.8445 781.8406 282.2675
v 720.4020 780.9467 282.2676
v 721.0954 780.7139 282.3816
f 3037 3038 3039
v 721.4554 781.4430 282.3814
v 721.9890 782.0616 282.3813
v 721.4965 782.5979 282.2673
f 3040 3041 3042
v 721.4965 782.5979 282.2673
v 720.8445 781.8406 282.2675
v 721.4554 781.4430 282.3814
f 3043 3044 3045
v 721.9890 782.0616 282.3813
v 722.6583 782.5298 282.3812
v 722.3170 783.1716 282.2671
f 3046 3047 3048
v 722.3170 783.1716 282.2671
v 721.4965 782.5979 282.2673
v 721.9890 782.0616 282.3813
f 3049 3050 3051
v 722.6583 782.5298 282.3812
v 723.4240 782.8187 282.3811
v 723.2549 783.5252 282.2670
f 3052 3053 3054
v 723.2549 783.5252 282.2670
v 722.3170 783.1716 282.2671
v 722.6583 782.5298 282.3812
f 3055 3056 3057
v 723.2549 783.5252 282.2670
v 724.2373 782.9106 282.3809
v 724.2502 783.6375 282.2669
f 3058 3059 3060
v 724.2373 782.9106 282.3809
v 723.2549 783.5252 282.2670
v 723.4240 782.8187 282.3811
f 3061 3062 3063
v 724.2502 783.6375 282.2669
v 725.0460 782.7984 282.3809
v 725.2408 783.4998 282.2668
f 3064 3065 3066
v 725.0460 782.7984 282.3809
v 724.2502 783.6375 282.2669
v 724.2373 782.9106 282.3809
f 3067 3068 3069
v 725.2408 783.4998 282.2668
v 725.8011 782.4904 282.3808
v 726.1648 783.1224 282.2667
f 3070 3071 3072
v 725.8011 782.4904 282.3808
v 725.2408 783.4998 282.2668
v 725.0460 782.7984 282.3809
f 3073 3074 3075
v 726.1648 783.1224 282.2667
v 726.4539 782.0055 282.3808
v 726.9652 782.5292 282.2667
f 3076 3077 3078
v 726.4539 782.0055 282.3808
v 726.1648 783.1224 282.2667
v 725.8011 782.4904 282.3808
f 3079 3080 3081
v 726.9652 782.5292 282.2667
v 726.9631 781.3732 282.3808
v 727.5891 781.7555 282.2667
f 3082 3083 3084
v 726.9631 781.3732 282.3808
v 726.9652 782.5292 282.2667
v 726.4539 782.0055 282.3808
f 3085 3086 3087
v 727.5891 781.7555 282.2667
v 727.2971 780.6343 282.3809
v 727.9987 780.8514 282.2668
f 3088 3089 3090
v 727.2971 780.6343 282.3809
v 727.5891 781.7555 282.2667
v 726.9631 781.3732 282.3808
f 3091 3092 3093
v 726.7328 776.0639 282.1365
v 725.5827 775.9710 282.2676
v 725.7435 775.5425 282.1367
f 3094 3095 3096
v 725.5827 775.9710 282.2676
v 726.7328 776.0639 282.1365
v 726.4669 776.4385 282.2675
f 3097 3098 3099
v 725.7435 775.5425 282.1367
v 724.6081 775.7356 282.2678
v 724.6568 775.2804 282.1368
f 3100 3101 3102
v 724.6081 775.7356 282.2678
v 725.7435 775.5425 282.1367
v 725.5827 775.9710 282.2676
f 3103 3104 3105
v 724.6081 775.7356 282.2678
v 723.6071 775.7483 282.2679
v 723.5409 775.2944 282.1370
f 3106 3107 3108
v 723.5409 775.2944 282.1370
v 724.6568 775.2804 282.1368
v 724.6081 775.7356 282.2678
f 3109 3110 3111
v 723.5409 775.2944 282.1370
v 722.6408 776.0069 282.2680
v 722.4637 775.5843 282.1370
f 3112 3113 3114
v 722.6408 776.0069 282.2680
v 723.5409 775.2944 282.1370
v 723.6071 775.7483 282.2679
f 3115 3116 3117
v 722.6408 776.0069 282.2680
v 721.7721 776.4971 282.2680
v 721.4951 776.1299 282.1371
f 3118 3119 3120
v 721.4951 776.1299 282.1371
v 722.4637 775.5843 282.1370
v 722.6408 776.0069 282.2680
f 3121 3122 3123
v 721.4951 776.1299 282.1371
v 721.0559 777.1861 282.2680
v 720.6952 776.9000 282.1371
f 3124 3125 3126
v 721.0559 777.1861 282.2680
v 721.4951 776.1299 282.1371
v 721.7721 776.4971 282.2680
f 3127 3128 3129
v 720.6952 776.9000 282.1371
v 720.5342 778.0314 282.2680
v 720.1137 777.8426 282.1370
f 3130 3131 3132
v 720.5342 778.0314 282.2680
v 720.6952 776.9000 282.1371
v 721.0559 777.1861 282.2680
f 3133 3134 3135
v 720.5342 778.0314 282.2680
v 720.2418 778.9813 282.2679
v 719.7876 778.9015 282.1369
f 3136 3137 3138
v 719.7876 778.9015 282.1369
v 720.1137 777.8426 282.1370
v 720.5342 778.0314 282.2680
f 3139 3140 3141
v 720.2418 778.9813 282.2679
v 720.1965 779.9734 282.2678
v 719.7366 780.0076 282.1368
f 3142 3143 3144
v 719.7366 780.0076 282.1368
v 719.7876 778.9015 282.1369
v 720.2418 778.9813 282.2679
f 3145 3146 3147
v 720.1965 779.9734 282.2678
v 720.4020 780.9467 282.2676
v 719.9664 781.0940 282.1367
f 3148 3149 3150
v 719.9664 781.0940 282.1367
v 719.7366 780.0076 282.1368
v 720.1965 779.9734 282.2678
f 3151 3152 3153
v 720.4020 780.9467 282.2676
v 720.8445 781.8406 282.2675
v 720.4601 782.0906 282.1365
f 3154 3155 3156
v 720.4601 782.0906 282.1365
v 719.9664 781.0940 282.1367
v 720.4020 780.9467 282.2676
f 3157 3158 3159
v 720.8445 781.8406 282.2675
v 721.4965 782.5979 282.2673
v 721.1873 782.9346 282.1363
f 3160 3161 3162
v 721.1873 782.9346 282.1363
v 720.4601 782.0906 282.1365
v 720.8445 781.8406 282.2675
f 3163 3164 3165
v 721.4965 782.5979 282.2673
v 722.3170 783.1716 282.2671
v 722.1031 783.5752 282.1361
f 3166 3167 3168
v 722.1031 783.5752 282.1361
v 721.1873 782.9346 282.1363
v 721.4965 782.5979 282.2673
f 3169 3170 3171
v 722.3170 783.1716 282.2671
v 723.2549 783.5252 282.2670
v 723.1471 783.9693 282.1359
f 3172 3173 3174
v 723.1471 783.9693 282.1359
v 722.1031 783.5752 282.1361
v 722.3170 783.1716 282.2671
f 3175 3176 3177
v 723.1471 783.9693 282.1359
v 724.2502 783.6375 282.2669
v 724.2574 784.0954 282.1358
f 3178 3179 3180
v 724.2502 783.6375 282.2669
v 723.1471 783.9693 282.1359
v 723.2549 783.5252 282.2670
f 3181 3182 3183
v 724.2502 783.6375 282.2669
v 725.2408 783.4998 282.2668
v 725.3640 783.9425 282.1357
f 3184 3185 3186
v 725.3640 783.9425 282.1357
v 724.2574 784.0954 282.1358
v 724.2502 783.6375 282.2669
f 3187 3188 3189
v 727.6796 776.7113 281.9953
v 726.7328 776.0639 282.1365
v 726.8225 775.9376 281.9955
f 3190 3191 3192
v 726.7328 776.0639 282.1365
v 727.6796 776.7113 281.9953
v 727.5599 776.8126 282.1363
f 3193 3194 3195
v 724.6568 775.2804 282.1368
v 723.5409 775.2944 282.1370
v 723.5175 775.1415 281.9960
f 3196 3197 3198
v 723.5175 775.1415 281.9960
v 724.6734 775.1254 281.9959
v 724.6568 775.2804 282.1368
f 3199 3200 3201
v 724.1786 779.6747 282.5414
v 725.3708 779.7336 282.5222
v 725.3206 780.0266 282.5222
f 3202 3203 3204
v 725.2492 779.1568 282.5223
v 725.3470 779.4376 282.5222
v 724.1786 779.6747 282.5414
f 3205 3206 3207
v 725.3708 779.7336 282.5222
v 724.1786 779.6747 282.5414
v 725.3470 779.4376 282.5222
f 3208 3209 3210
v 723.9017 780.8255 282.5222
v 724.1786 779.6747 282.5414
v 724.1988 780.8596 282.5222
f 3211 3212 3213
v 724.4957 780.8169 282.5222
v 724.1988 780.8596 282.5222
v 724.1786 779.6747 282.5414
f 3214 3215 3216
v 723.3770 780.5479 282.5223
v 724.1786 779.6747 282.5414
v 723.6225 780.7192 282.5223
f 3217 3218 3219
v 723.9017 780.8255 282.5222
v 723.6225 780.7192 282.5223
v 724.1786 779.6747 282.5414
f 3220 3221 3222
v 725.0109 780.5275 282.5222
v 725.3206 780.0266 282.5222
v 725.1973 780.2970 282.5222
f 3223 3224 3225
v 724.4957 780.8169 282.5222
v 725.3206 780.0266 282.5222
v 724.7724 780.7051 282.5222
f 3226 3227 3228
v 725.0109 780.5275 282.5222
v 724.7724 780.7051 282.5222
v 725.3206 780.0266 282.5222
f 3229 3230 3231
v 724.1786 779.6747 282.5414
v 725.3206 780.0266 282.5222
v 724.4957 780.8169 282.5222
f 3232 3233 3234
v 724.1786 779.6747 282.5414
v 723.0497 780.0547 282.5224
v 722.9889 779.7640 282.5225
f 3235 3236 3237
v 723.3770 780.5479 282.5223
v 723.1814 780.3224 282.5224
v 724.1786 779.6747 282.5414
f 3238 3239 3240
v 723.1814 780.3224 282.5224
v 723.0497 780.0547 282.5224
v 724.1786 779.6747 282.5414
f 3241 3242 3243
v 723.0021 779.4679 282.5225
v 724.1786 779.6747 282.5414
v 722.9889 779.7640 282.5225
f 3244 3245 3246
v 724.1786 779.6747 282.5414
v 723.4601 778.7246 282.5226
v 723.7197 778.5780 282.5225
f 3247 3248 3249
v 724.1786 779.6747 282.5414
v 723.0893 779.1837 282.5225
v 723.2456 778.9302 282.5226
f 3250 3251 3252
v 723.4601 778.7246 282.5226
v 724.1786 779.6747 282.5414
v 723.2456 778.9302 282.5226
f 3253 3254 3255
v 723.0021 779.4679 282.5225
v 723.0893 779.1837 282.5225
v 724.1786 779.6747 282.5414
f 3256 3257 3258
v 724.1786 779.6747 282.5414
v 724.0075 778.5012 282.5225
v 724.3064 778.4964 282.5225
f 3259 3260 3261
v 724.0075 778.5012 282.5225
v 724.1786 779.6747 282.5414
v 723.7197 778.5780 282.5225
f 3262 3263 3264
v 724.1786 779.6747 282.5414
v 724.3064 778.4964 282.5225
v 724.5977 778.5666 282.5224
f 3265 3266 3267
v 724.8621 778.7059 282.5224
v 725.0835 778.9073 282.5223
v 724.1786 779.6747 282.5414
f 3268 3269 3270
v 725.0835 778.9073 282.5223
v 725.2492 779.1568 282.5223
v 724.1786 779.6747 282.5414
f 3271 3272 3273
v 724.5977 778.5666 282.5224
v 724.8621 778.7059 282.5224
v 724.1786 779.6747 282.5414
f 3274 3275 3276
v 728.1125 782.0731 255.0585
v 725.4020 784.0884 255.0586
v 727.3930 782.9671 255.0585
f 3277 3278 3279
v 728.1125 782.0731 255.0585
v 728.5858 781.0288 255.0586
v 724.2574 784.2474 255.0587
f 3280 3281 3282
v 728.6887 778.7556 255.0589
v 722.0261 783.7083 255.0590
v 728.7827 779.8993 255.0587
f 3283 3284 3285
v 723.1082 784.1184 255.0588
v 728.5858 781.0288 255.0586
v 728.7827 779.8993 255.0587
f 3286 3287 3288
v 728.3118 777.6676 255.0590
v 721.0783 783.0459 255.0592
v 728.6887 778.7556 255.0589
f 3289 3290 3291
v 726.4698 783.6525 255.0585
v 727.3930 782.9671 255.0585
v 725.4020 784.0884 255.0586
f 3292 3293 3294
v 725.4020 784.0884 255.0586
v 728.1125 782.0731 255.0585
v 724.2574 784.2474 255.0587
f 3295 3296 3297
v 728.5858 781.0288 255.0586
v 723.1082 784.1184 255.0588
v 724.2574 784.2474 255.0587
f 3298 3299 3300
v 723.1082 784.1184 255.0588
v 728.7827 779.8993 255.0587
v 722.0261 783.7083 255.0590
f 3301 3302 3303
v 722.0261 783.7083 255.0590
v 728.6887 778.7556 255.0589
v 721.0783 783.0459 255.0592
f 3304 3305 3306
v 721.0783 783.0459 255.0592
v 728.3118 777.6676 255.0590
v 720.3259 782.1720 255.0594
f 3307 3308 3309
v 727.6762 776.7073 255.0592
v 726.8191 775.9337 255.0594
v 719.8142 781.1394 255.0596
f 3310 3311 3312
v 726.8191 775.9337 255.0594
v 725.7957 775.3935 255.0596
v 719.5772 780.0150 255.0597
f 3313 3314 3315
v 723.5140 775.1376 255.0599
v 719.9662 777.7740 255.0600
v 724.6700 775.1215 255.0598
f 3316 3317 3318
v 719.6292 778.8699 255.0599
v 725.7957 775.3935 255.0596
v 724.6700 775.1215 255.0598
f 3319 3320 3321
v 722.3999 775.4365 255.0600
v 720.5686 776.7974 255.0600
v 723.5140 775.1376 255.0599
f 3322 3323 3324
v 719.8142 781.1394 255.0596
v 726.8191 775.9337 255.0594
v 719.5772 780.0150 255.0597
f 3325 3326 3327
v 727.6762 776.7073 255.0592
v 719.8142 781.1394 255.0596
v 720.3259 782.1720 255.0594
f 3328 3329 3330
v 723.5140 775.1376 255.0599
v 720.5686 776.7974 255.0600
v 719.9662 777.7740 255.0600
f 3331 3332 3333
v 719.9662 777.7740 255.0600
v 719.6292 778.8699 255.0599
v 724.6700 775.1215 255.0598
f 3334 3335 3336
v 725.7957 775.3935 255.0596
v 719.6292 778.8699 255.0599
v 719.5772 780.0150 255.0597
f 3337 3338 3339
v 722.3999 775.4365 255.0600
v 721.3974 776.0012 255.0600
v 720.5686 776.7974 255.0600
f 3340 3341 3342
v 728.3118 777.6676 255.0590
v 727.6762 776.7073 255.0592
v 720.3259 782.1720 255.0594
f 3343 3344 3345
v 728.5858 781.0288 255.0586
v 728.7861 779.9033 281.9948
v 728.7827 779.8993 255.0587
f 3346 3347 3348
v 728.7827 779.8993 255.0587
v 728.6921 778.7596 281.9950
v 728.6887 778.7556 255.0589
f 3349 3350 3351
v 728.6887 778.7556 255.0589
v 728.3151 777.6716 281.9951
v 728.3118 777.6676 255.0590
f 3352 3353 3354
v 728.3118 777.6676 255.0590
v 727.6796 776.7113 281.9953
v 727.6762 776.7073 255.0592
f 3355 3356 3357
v 727.6762 776.7073 255.0592
v 726.8225 775.9376 281.9955
v 726.8191 775.9337 255.0594
f 3358 3359 3360
v 726.8191 775.9337 255.0594
v 725.7991 775.3974 281.9957
v 725.7957 775.3935 255.0596
f 3361 3362 3363
v 725.7957 775.3935 255.0596
v 724.6734 775.1254 281.9959
v 724.6700 775.1215 255.0598
f 3364 3365 3366
v 724.6700 775.1215 255.0598
v 723.5175 775.1415 281.9960
v 723.5140 775.1376 255.0599
f 3367 3368 3369
v 723.5140 775.1376 255.0599
v 722.4032 775.4404 281.9961
v 722.3999 775.4365 255.0600
f 3370 3371 3372
v 722.3999 775.4365 255.0600
v 721.4008 776.0052 281.9961
v 721.3974 776.0012 255.0600
f 3373 3374 3375
v 721.3974 776.0012 255.0600
v 720.5719 776.8014 281.9961
v 720.5686 776.7974 255.0600
f 3376 3377 3378
v 720.5686 776.7974 255.0600
v 719.9695 777.7780 281.9961
v 719.9662 777.7740 255.0600
f 3379 3380 3381
v 719.9662 777.7740 255.0600
v 719.6325 778.8739 281.9960
v 719.6292 778.8699 255.0599
f 3382 3383 3384
v 719.6292 778.8699 255.0599
v 719.5805 780.0190 281.9958
v 719.5772 780.0150 255.0597
f 3385 3386 3387
v 719.5772 780.0150 255.0597
v 719.8176 781.1433 281.9957
v 719.8142 781.1394 255.0596
f 3388 3389 3390
v 719.8142 781.1394 255.0596
v 720.3293 782.1760 281.9955
v 720.3259 782.1720 255.0594
f 3391 3392 3393
v 720.3259 782.1720 255.0594
v 721.0817 783.0499 281.9953
v 721.0783 783.0459 255.0592
f 3394 3395 3396
v 721.0783 783.0459 255.0592
v 722.0294 783.7123 281.9951
v 722.0261 783.7083 255.0590
f 3397 3398 3399
v 722.0261 783.7083 255.0590
v 723.1115 784.1224 281.9949
v 723.1082 784.1184 255.0588
f 3400 3401 3402
v 723.1082 784.1184 255.0588
v 724.2608 784.2514 281.9948
v 724.2574 784.2474 255.0587
f 3403 3404 3405
v 724.2574 784.2474 255.0587
v 725.4054 784.0923 281.9947
v 725.4020 784.0884 255.0586
f 3406 3407 3408
v 725.4020 784.0884 255.0586
v 726.4732 783.6564 281.9946
v 726.4698 783.6525 255.0585
f 3409 3410 3411
v 726.4698 783.6525 255.0585
v 727.3963 782.9709 281.9946
v 727.3930 782.9671 255.0585
f 3412 3413 3414
v 727.3930 782.9671 255.0585
v 728.1160 782.0771 281.9946
v 728.1125 782.0731 255.0585
f 3415 3416 3417
v 728.1125 782.0731 255.0585
v 728.5892 781.0328 281.9947
v 728.5858 781.0288 255.0586
f 3418 3419 3420

g building_ID_6E9A432D-FCAA-4E8A-B20B-26782424735F
v 732.5826 864.1620 255.9545
v 732.6498 864.6167 255.9544
v 733.4034 862.5928 255.9546
f 3421 3422 3423
v 732.8279 865.0422 255.9543
v 733.1069 865.4085 255.9543
v 732.6498 864.6167 255.9544
f 3424 3425 3426
v 733.4677 865.6945 255.9542
v 734.2665 862.2925 255.9546
v 733.1069 865.4085 255.9543
f 3427 3428 3429
v 733.4034 862.5928 255.9546
v 732.6498 864.6167 255.9544
v 733.1069 865.4085 255.9543
f 3430 3431 3432
v 733.4677 865.6945 255.9542
v 735.9282 865.1719 255.9540
v 734.2665 862.2925 255.9546
f 3433 3434 3435
v 732.7912 863.2714 255.9546
v 732.6304 863.7038 255.9546
v 733.0542 862.8936 255.9546
f 3436 3437 3438
v 733.0542 862.8936 255.9546
v 732.6304 863.7038 255.9546
v 732.5826 864.1620 255.9545
f 3439 3440 3441
v 733.8158 862.3876 255.9546
v 733.4034 862.5928 255.9546
v 734.2665 862.2925 255.9546
f 3442 3443 3444
v 733.4034 862.5928 255.9546
v 733.0542 862.8936 255.9546
v 732.5826 864.1620 255.9545
f 3445 3446 3447
v 733.4034 862.5928 255.9546
v 733.1069 865.4085 255.9543
v 734.2665 862.2925 255.9546
f 3448 3449 3450
v 734.3424 865.9592 255.9540
v 733.4677 865.6945 255.9542
v 733.8882 865.8824 255.9541
f 3451 3452 3453
v 735.2368 865.7688 255.9540
v 734.3424 865.9592 255.9540
v 734.8013 865.9210 255.9540
f 3454 3455 3456
v 735.2368 865.7688 255.9540
v 735.9282 865.1719 255.9540
v 733.4677 865.6945 255.9542
f 3457 3458 3459
v 736.1135 863.4115 255.9542
v 734.2665 862.2925 255.9546
v 735.9282 865.1719 255.9540
f 3460 3461 3462
v 735.6202 865.5147 255.9540
v 735.9282 865.1719 255.9540
v 735.2368 865.7688 255.9540
f 3463 3464 3465
v 736.1422 864.7634 255.9540
v 736.2469 864.3151 255.9541
v 735.9282 865.1719 255.9540
f 3466 3467 3468
v 735.5616 862.6829 255.9544
v 735.1669 862.4440 255.9544
v 735.8835 863.0120 255.9543
f 3469 3470 3471
v 734.2665 862.2925 255.9546
v 735.1669 862.4440 255.9544
v 734.7266 862.3112 255.9545
f 3472 3473 3474
v 736.1135 863.4115 255.9542
v 736.2469 864.3151 255.9541
v 736.2377 863.8551 255.9541
f 3475 3476 3477
v 735.8835 863.0120 255.9543
v 735.1669 862.4440 255.9544
v 734.2665 862.2925 255.9546
f 3478 3479 3480
v 736.1135 863.4115 255.9542
v 735.8835 863.0120 255.9543
v 734.2665 862.2925 255.9546
f 3481 3482 3483
v 736.1135 863.4115 255.9542
v 735.9282 865.1719 255.9540
v 736.2469 864.3151 255.9541
f 3484 3485 3486
v 734.3424 865.9592 255.9540
v 735.2368 865.7688 255.9540
v 733.4677 865.6945 255.9542
f 3487 3488 3489
v 733.0563 862.8963 272.7791
v 732.6325 863.7065 272.7791
v 732.7933 863.2740 272.7791
f 3490 3491 3492
v 733.0563 862.8963 272.7791
v 732.5847 864.1646 272.7790
v 732.6325 863.7065 272.7791
f 3493 3494 3495
v 734.2687 862.2951 272.7791
v 733.4055 862.5954 272.7791
v 733.8179 862.3903 272.7791
f 3496 3497 3498
v 733.4055 862.5954 272.7791
v 732.5847 864.1646 272.7790
v 733.0563 862.8963 272.7791
f 3499 3500 3501
v 734.2687 862.2951 272.7791
v 733.1091 865.4111 272.7788
v 733.4055 862.5954 272.7791
f 3502 3503 3504
v 732.8301 865.0450 272.7788
v 732.6519 864.6194 272.7789
v 733.1091 865.4111 272.7788
f 3505 3506 3507
v 733.4055 862.5954 272.7791
v 732.6519 864.6194 272.7789
v 732.5847 864.1646 272.7790
f 3508 3509 3510
v 733.4055 862.5954 272.7791
v 733.1091 865.4111 272.7788
v 732.6519 864.6194 272.7789
f 3511 3512 3513
v 733.1091 865.4111 272.7788
v 734.2687 862.2951 272.7791
v 733.4698 865.6972 272.7787
f 3514 3515 3516
v 733.8903 865.8851 272.7786
v 733.4698 865.6972 272.7787
v 734.3445 865.9619 272.7785
f 3517 3518 3519
v 735.9304 865.1746 272.7785
v 733.4698 865.6972 272.7787
v 734.2687 862.2951 272.7791
f 3520 3521 3522
v 734.2687 862.2951 272.7791
v 735.1691 862.4467 272.7789
v 735.8856 863.0148 272.7788
f 3523 3524 3525
v 735.5637 862.6856 272.7789
v 735.8856 863.0148 272.7788
v 735.1691 862.4467 272.7789
f 3526 3527 3528
v 736.1157 863.4142 272.7787
v 735.9304 865.1746 272.7785
v 734.2687 862.2951 272.7791
f 3529 3530 3531
v 736.1157 863.4142 272.7787
v 734.2687 862.2951 272.7791
v 735.8856 863.0148 272.7788
f 3532 3533 3534
v 736.2398 863.8578 272.7786
v 736.2490 864.3178 272.7786
v 736.1157 863.4142 272.7787
f 3535 3536 3537
v 734.8034 865.9236 272.7785
v 734.3445 865.9619 272.7785
v 735.2390 865.7714 272.7785
f 3538 3539 3540
v 734.3445 865.9619 272.7785
v 733.4698 865.6972 272.7787
v 735.2390 865.7714 272.7785
f 3541 3542 3543
v 735.9304 865.1746 272.7785
v 736.2490 864.3178 272.7786
v 736.1443 864.7661 272.7785
f 3544 3545 3546
v 735.9304 865.1746 272.7785
v 735.6223 865.5174 272.7785
v 735.2390 865.7714 272.7785
f 3547 3548 3549
v 735.2390 865.7714 272.7785
v 733.4698 865.6972 272.7787
v 735.9304 865.1746 272.7785
f 3550 3551 3552
v 736.1157 863.4142 272.7787
v 736.2490 864.3178 272.7786
v 735.9304 865.1746 272.7785
f 3553 3554 3555
v 734.2687 862.2951 272.7791
v 734.7288 862.3139 272.7790
v 735.1691 862.4467 272.7789
f 3556 3557 3558
v 735.6202 865.5147 255.9540
v 735.6223 865.5174 272.7785
v 735.9304 865.1746 272.7785
f 3559 3560 3561
v 735.2368 865.7688 255.9540
v 735.2390 865.7714 272.7785
v 735.6223 865.5174 272.7785
f 3562 3563 3564
v 734.8013 865.9210 255.9540
v 734.8034 865.9236 272.7785
v 735.2390 865.7714 272.7785
f 3565 3566 3567
v 734.3424 865.9592 255.9540
v 734.3445 865.9619 272.7785
v 734.8034 865.9236 272.7785
f 3568 3569 3570
v 733.8882 865.8824 255.9541
v 733.8903 865.8851 272.7786
v 734.3445 865.9619 272.7785
f 3571 3572 3573
v 733.4677 865.6945 255.9542
v 733.4698 865.6972 272.7787
v 733.8903 865.8851 272.7786
f 3574 3575 3576
v 733.1069 865.4085 255.9543
v 733.1091 865.4111 272.7788
v 733.4698 865.6972 272.7787
f 3577 3578 3579
v 732.8279 865.0422 255.9543
v 732.8301 865.0450 272.7788
v 733.1091 865.4111 272.7788
f 3580 3581 3582
v 732.6498 864.6167 255.9544
v 732.6519 864.6194 272.7789
v 732.8301 865.0450 272.7788
f 3583 3584 3585
v 732.5826 864.1620 255.9545
v 732.5847 864.1646 272.7790
v 732.6519 864.6194 272.7789
f 3586 3587 3588
v 732.6304 863.7038 255.9546
v 732.6325 863.7065 272.7791
v 732.5847 864.1646 272.7790
f 3589 3590 3591
v 732.7912 863.2714 255.9546
v 732.7933 863.2740 272.7791
v 732.6325 863.7065 272.7791
f 3592 3593 3594
v 733.0542 862.8936 255.9546
v 733.0563 862.8963 272.7791
v 732.7933 863.2740 272.7791
f 3595 3596 3597
v 733.4034 862.5928 255.9546
v 733.4055 862.5954 272.7791
v 733.0563 862.8963 272.7791
f 3598 3599 3600
v 733.8158 862.3876 255.9546
v 733.8179 862.3903 272.7791
v 733.4055 862.5954 272.7791
f 3601 3602 3603
v 734.2665 862.2925 255.9546
v 734.2687 862.2951 272.7791
v 733.8179 862.3903 272.7791
f 3604 3605 3606
v 734.7266 862.3112 255.9545
v 734.7288 862.3139 272.7790
v 734.2687 862.2951 272.7791
f 3607 3608 3609
v 735.1669 862.4440 255.9544
v 735.1691 862.4467 272.7789
v 734.7288 862.3139 272.7790
f 3610 3611 3612
v 735.5616 862.6829 255.9544
v 735.5637 862.6856 272.7789
v 735.1691 862.4467 272.7789
f 3613 3614 3615
v 735.8835 863.0120 255.9543
v 735.8856 863.0148 272.7788
v 735.5637 862.6856 272.7789
f 3616 3617 3618
v 736.1135 863.4115 255.9542
v 736.1157 863.4142 272.7787
v 735.8856 863.0148 272.7788
f 3619 3620 3621
v 736.2377 863.8551 255.9541
v 736.2398 863.8578 272.7786
v 736.1157 863.4142 272.7787
f 3622 3623 3624
v 736.2469 864.3151 255.9541
v 736.2490 864.3178 272.7786
v 736.2398 863.8578 272.7786
f 3625 3626 3627
v 736.1422 864.7634 255.9540
v 736.1443 864.7661 272.7785
v 736.2490 864.3178 272.7786
f 3628 3629 3630
v 735.9282 865.1719 255.9540
v 735.9304 865.1746 272.7785
v 736.1443 864.7661 272.7785
f 3631 3632 3633
v 735.6202 865.5147 255.9540
v 735.9304 865.1746 272.7785
v 735.9282 865.1719 255.9540
f 3634 3635 3636
v 735.2368 865.7688 255.9540
v 735.6223 865.5174 272.7785
v 735.6202 865.5147 255.9540
f 3637 3638 3639
v 734.8013 865.9210 255.9540
v 735.2390 865.7714 272.7785
v 735.2368 865.7688 255.9540
f 3640 3641 3642
v 734.3424 865.9592 255.9540
v 734.8034 865.9236 272.7785
v 734.8013 865.9210 255.9540
f 3643 3644 3645
v 733.8882 865.8824 255.9541
v 734.3445 865.9619 272.7785
v 734.3424 865.9592 255.9540
f 3646 3647 3648
v 733.4677 865.6945 255.9542
v 733.8903 865.8851 272.7786
v 733.8882 865.8824 255.9541
f 3649 3650 3651
v 733.1069 865.4085 255.9543
v 733.4698 865.6972 272.7787
v 733.4677 865.6945 255.9542
f 3652 3653 3654
v 732.8279 865.0422 255.9543
v 733.1091 865.4111 272.7788
v 733.1069 865.4085 255.9543
f 3655 3656 3657
v 732.6498 864.6167 255.9544
v 732.8301 865.0450 272.7788
v 732.8279 865.0422 255.9543
f 3658 3659 3660
v 732.5826 864.1620 255.9545
v 732.6519 864.6194 272.7789
v 732.6498 864.6167 255.9544
f 3661 3662 3663
v 732.6304 863.7038 255.9546
v 732.5847 864.1646 272.7790
v 732.5826 864.1620 255.9545
f 3664 3665 3666
v 732.7912 863.2714 255.9546
v 732.6325 863.7065 272.7791
v 732.6304 863.7038 255.9546
f 3667 3668 3669
v 733.0542 862.8936 255.9546
v 732.7933 863.2740 272.7791
v 732.7912 863.2714 255.9546
f 3670 3671 3672
v 733.4034 862.5928 255.9546
v 733.0563 862.8963 272.7791
v 733.0542 862.8936 255.9546
f 3673 3674 3675
v 733.8158 862.3876 255.9546
v 733.4055 862.5954 272.7791
v 733.4034 862.5928 255.9546
f 3676 3677 3678
v 734.2665 862.2925 255.9546
v 733.8179 862.3903 272.7791
v 733.8158 862.3876 255.9546
f 3679 3680 3681
v 734.7266 862.3112 255.9545
v 734.2687 862.2951 272.7791
v 734.2665 862.2925 255.9546
f 3682 3683 3684
v 735.1669 862.4440 255.9544
v 734.7288 862.3139 272.7790
v 734.7266 862.3112 255.9545
f 3685 3686 3687
v 735.5616 862.6829 255.9544
v 735.1691 862.4467 272.7789
v 735.1669 862.4440 255.9544
f 3688 3689 3690
v 735.8835 863.0120 255.9543
v 735.5637 862.6856 272.7789
v 735.5616 862.6829 255.9544
f 3691 3692 3693
v 736.1135 863.4115 255.9542
v 735.8856 863.0148 272.7788
v 735.8835 863.0120 255.9543
f 3694 3695 3696
v 736.2377 863.8551 255.9541
v 736.1157 863.4142 272.7787
v 736.1135 863.4115 255.9542
f 3697 3698 3699
v 736.2469 864.3151 255.9541
v 736.2398 863.8578 272.7786
v 736.2377 863.8551 255.9541
f 3700 3701 3702
v 736.1422 864.7634 255.9540
v 736.2490 864.3178 272.7786
v 736.2469 864.3151 255.9541
f 3703 3704 3705
v 735.9282 865.1719 255.9540
v 736.1443 864.7661 272.7785
v 736.1422 864.7634 255.9540
f 3706 3707 3708

g building_ID_85170B27-1401-44B7-B718-83F309EA57FC
v 978.7333 504.7041 273.7819
v 1038.4867 458.5175 273.7758
v 1056.4708 481.7840 273.7711
f 3709 3710 3711
v 1056.4708 481.7840 273.7711
v 996.7164 527.9696 273.7773
v 978.7333 504.7041 273.7819
f 3712 3713 3714
v 978.7323 504.7034 268.0941
v 978.7333 504.7041 273.7819
v 996.7164 527.9696 273.7773
f 3715 3716 3717
v 1033.5559 499.4932 264.3869
v 996.7154 527.9689 268.0894
v 996.7164 527.9696 273.7773
f 3718 3719 3720
v 996.7148 527.9686 264.3906
v 996.7154 527.9689 268.0894
v 1033.5559 499.4932 264.3869
f 3721 3722 3723
v 1056.4676 481.7822 255.3408
v 1033.5559 499.4932 264.3869
v 1056.4708 481.7840 273.7711
f 3724 3725 3726
v 1056.4676 481.7822 255.3408
v 996.7133 527.9676 255.3469
v 1033.5544 499.4923 255.3732
f 3727 3728 3729
v 1033.5559 499.4932 264.3869
v 1056.4676 481.7822 255.3408
v 1033.5544 499.4923 255.3732
f 3730 3731 3732
v 1056.4708 481.7840 273.7711
v 1033.5559 499.4932 264.3869
v 996.7164 527.9696 273.7773
f 3733 3734 3735
v 998.3961 530.1460 255.3464
v 998.3961 530.1460 255.3764
v 996.7133 527.9676 255.3769
f 3736 3737 3738
v 996.7154 527.9689 268.0894
v 939.3636 575.5169 268.0942
v 919.8232 550.2376 268.0991
f 3739 3740 3741
v 998.3982 530.1474 268.0889
v 939.3636 575.5169 268.0942
v 996.7154 527.9689 268.0894
f 3742 3743 3744
v 978.7323 504.7034 268.0941
v 996.7154 527.9689 268.0894
v 919.8232 550.2376 268.0991
f 3745 3746 3747
v 926.8583 526.4987 291.9913
v 918.3062 540.2705 291.9914
v 914.8412 535.7878 291.9923
f 3748 3749 3750
v 918.3062 540.2705 291.9914
v 926.8583 526.4987 291.9913
v 930.3232 530.9823 291.9904
f 3751 3752 3753
v 926.8579 526.4985 290.2854
v 926.8583 526.4987 291.9913
v 914.8412 535.7878 291.9923
f 3754 3755 3756
v 914.8410 535.7876 290.2864
v 914.8412 535.7878 291.9923
v 918.3062 540.2705 291.9914
f 3757 3758 3759
v 930.3230 530.9821 290.2845
v 930.3232 530.9823 291.9904
v 926.8583 526.4987 291.9913
f 3760 3761 3762
v 918.3059 540.2702 290.2855
v 918.3062 540.2705 291.9914
v 930.3232 530.9823 291.9904
f 3763 3764 3765
v 999.3681 529.3995 255.3764
v 999.3696 529.4004 264.3901
v 997.8152 527.3786 264.3905
f 3766 3767 3768
v 1021.4906 509.1825 255.3744
v 1021.4921 509.1834 264.3881
v 1033.7587 499.7557 264.3869
f 3769 3770 3771
v 1023.1664 511.3629 255.3740
v 1023.1679 511.3638 264.3877
v 1021.4921 509.1834 264.3881
f 3772 3773 3774
v 1003.8135 526.2355 255.3759
v 1003.8151 526.2365 264.3896
v 1023.1679 511.3638 264.3877
f 3775 3776 3777
v 1002.1357 524.0551 255.3764
v 1002.1373 524.0561 264.3901
v 1003.8151 526.2365 264.3896
f 3778 3779 3780
v 997.8137 527.3776 255.3768
v 997.8152 527.3786 264.3905
v 1002.1373 524.0561 264.3901
f 3781 3782 3783
v 998.3976 530.1470 264.3901
v 998.3982 530.1474 268.0889
v 996.7148 527.9686 264.3906
f 3784 3785 3786
v 1002.1357 524.0551 255.3764
v 1021.4906 509.1825 255.3744
v 996.7133 527.9676 255.3769
f 3787 3788 3789
v 1033.5544 499.4923 255.3732
v 996.7133 527.9676 255.3769
v 1021.4906 509.1825 255.3744
f 3790 3791 3792
v 1033.5544 499.4923 255.3732
v 1021.4906 509.1825 255.3744
v 1033.7571 499.7547 255.3732
f 3793 3794 3795
v 1003.8135 526.2355 255.3759
v 1021.4906 509.1825 255.3744
v 1002.1357 524.0551 255.3764
f 3796 3797 3798
v 998.3961 530.1460 255.3764
v 997.8137 527.3776 255.3768
v 996.7133 527.9676 255.3769
f 3799 3800 3801
v 1002.1357 524.0551 255.3764
v 996.7133 527.9676 255.3769
v 997.8137 527.3776 255.3768
f 3802 3803 3804
v 1023.1664 511.3629 255.3740
v 1021.4906 509.1825 255.3744
v 1003.8135 526.2355 255.3759
f 3805 3806 3807
v 999.3681 529.3995 255.3764
v 997.8137 527.3776 255.3768
v 998.3961 530.1460 255.3764
f 3808 3809 3810
v 998.3976 530.1470 264.3901
v 996.7148 527.9686 264.3906
v 997.8152 527.3786 264.3905
f 3811 3812 3813
v 1002.1373 524.0561 264.3901
v 997.8152 527.3786 264.3905
v 996.7148 527.9686 264.3906
f 3814 3815 3816
v 997.8152 527.3786 264.3905
v 999.3696 529.4004 264.3901
v 998.3976 530.1470 264.3901
f 3817 3818 3819
v 1002.1373 524.0561 264.3901
v 996.7148 527.9686 264.3906
v 1021.4921 509.1834 264.3881
f 3820 3821 3822
v 1033.5559 499.4932 264.3869
v 1021.4921 509.1834 264.3881
v 996.7148 527.9686 264.3906
f 3823 3824 3825
v 1021.4921 509.1834 264.3881
v 1023.1679 511.3638 264.3877
v 1003.8151 526.2365 264.3896
f 3826 3827 3828
v 1033.5559 499.4932 264.3869
v 1033.7587 499.7557 264.3869
v 1021.4921 509.1834 264.3881
f 3829 3830 3831
v 1002.1373 524.0561 264.3901
v 1021.4921 509.1834 264.3881
v 1003.8151 526.2365 264.3896
f 3832 3833 3834
v 1033.7571 499.7547 255.3732
v 1033.7587 499.7557 264.3869
v 1033.5559 499.4932 264.3869
f 3835 3836 3837
v 918.3059 540.2702 290.2855
v 907.1408 533.8282 290.2876
v 914.8410 535.7876 290.2864
f 3838 3839 3840
v 926.8579 526.4985 290.2854
v 914.8410 535.7876 290.2864
v 907.1408 533.8282 290.2876
f 3841 3842 3843
v 989.2803 484.6937 290.2792
v 926.8579 526.4985 290.2854
v 985.6577 480.0065 290.2801
f 3844 3845 3846
v 907.1408 533.8282 290.2876
v 985.6577 480.0065 290.2801
v 926.8579 526.4985 290.2854
f 3847 3848 3849
v 985.6577 480.0065 290.2801
v 907.1408 533.8282 290.2876
v 1025.8038 442.1073 290.2765
f 3850 3851 3852
v 930.3230 530.9821 290.2845
v 919.8266 550.2401 290.2844
v 918.3059 540.2702 290.2855
f 3853 3854 3855
v 907.1408 533.8282 290.2876
v 918.3059 540.2702 290.2855
v 919.8266 550.2401 290.2844
f 3856 3857 3858
v 919.8266 550.2401 290.2844
v 930.3230 530.9821 290.2845
v 989.2803 484.6937 290.2792
f 3859 3860 3861
v 930.3230 530.9821 290.2845
v 926.8579 526.4985 290.2854
v 989.2803 484.6937 290.2792
f 3862 3863 3864
v 1038.4896 458.5191 290.2733
v 919.8266 550.2401 290.2844
v 989.2803 484.6937 290.2792
f 3865 3866 3867
v 985.6577 480.0065 290.2801
v 1007.9523 460.8919 290.2780
v 1001.5077 467.7541 290.2785
f 3868 3869 3870
v 1016.4845 463.6110 290.2765
v 1011.9779 457.7801 290.2776
v 1025.8038 442.1073 290.2765
f 3871 3872 3873
v 1007.9523 460.8919 290.2780
v 1025.8038 442.1073 290.2765
v 1011.9779 457.7801 290.2776
f 3874 3875 3876
v 1025.8038 442.1073 290.2765
v 1007.9523 460.8919 290.2780
v 985.6577 480.0065 290.2801
f 3877 3878 3879
v 1038.4896 458.5191 290.2733
v 1005.1303 472.4423 290.2776
v 1012.4589 466.7217 290.2769
f 3880 3881 3882
v 1001.5077 467.7541 290.2785
v 1012.4589 466.7217 290.2769
v 1005.1303 472.4423 290.2776
f 3883 3884 3885
v 1012.4589 466.7217 290.2769
v 1016.4845 463.6110 290.2765
v 1038.4896 458.5191 290.2733
f 3886 3887 3888
v 1025.8038 442.1073 290.2765
v 1038.4896 458.5191 290.2733
v 1016.4845 463.6110 290.2765
f 3889 3890 3891
v 1012.4589 466.7217 290.2769
v 1001.5077 467.7541 290.2785
v 1007.9523 460.8919 290.2780
f 3892 3893 3894
v 989.2803 484.6937 290.2792
v 1005.1303 472.4423 290.2776
v 1038.4896 458.5191 290.2733
f 3895 3896 3897
v 915.2456 527.5634 288.2960
v 1025.8034 442.1071 288.2855
v 1025.8038 442.1073 290.2765
f 3898 3899 3900
v 907.1373 533.8258 267.5324
v 915.2456 527.5634 288.2960
v 907.1408 533.8282 290.2876
f 3901 3902 3903
v 915.2424 527.5611 267.5317
v 915.2456 527.5634 288.2960
v 907.1373 533.8258 267.5324
f 3904 3905 3906
v 981.4478 384.7257 255.3593
v 981.4532 384.7285 288.2962
v 870.8953 470.1838 288.3067
f 3907 3908 3909
v 1025.8034 442.1071 288.2855
v 915.2456 527.5634 288.2960
v 870.8953 470.1838 288.3067
f 3910 3911 3912
v 870.8953 470.1838 288.3067
v 981.4532 384.7285 288.2962
v 1025.8034 442.1071 288.2855
f 3913 3914 3915
v 870.8905 470.1806 255.3698
v 870.8953 470.1838 288.3067
v 873.6267 473.7194 267.5418
f 3916 3917 3918
v 915.2456 527.5634 288.2960
v 873.6267 473.7194 267.5418
v 870.8953 470.1838 288.3067
f 3919 3920 3921
v 873.6249 473.7183 255.3692
v 870.8905 470.1806 255.3698
v 873.6267 473.7194 267.5418
f 3922 3923 3924
v 915.2456 527.5634 288.2960
v 915.2424 527.5611 267.5317
v 873.6267 473.7194 267.5418
f 3925 3926 3927
v 865.6426 479.8876 255.3698
v 865.6444 479.8887 267.5424
v 900.9489 525.8195 267.5340
f 3928 3929 3930
v 900.9489 525.8195 267.5340
v 865.6444 479.8887 267.5424
v 873.6267 473.7194 267.5418
f 3931 3932 3933
v 907.1373 533.8258 267.5324
v 900.9489 525.8195 267.5340
v 915.2424 527.5611 267.5317
f 3934 3935 3936
v 873.6267 473.7194 267.5418
v 915.2424 527.5611 267.5317
v 900.9489 525.8195 267.5340
f 3937 3938 3939
v 873.6249 473.7183 255.3692
v 873.6267 473.7194 267.5418
v 865.6444 479.8887 267.5424
f 3940 3941 3942
v 1001.5080 467.7542 291.9845
v 989.2806 484.6938 291.9852
v 985.6581 480.0066 291.9861
f 3943 3944 3945
v 989.2806 484.6938 291.9852
v 1001.5080 467.7542 291.9845
v 1005.1306 472.4425 291.9836
f 3946 3947 3948
v 985.6577 480.0065 290.2801
v 985.6581 480.0066 291.9861
v 989.2806 484.6938 291.9852
f 3949 3950 3951
v 1001.5077 467.7541 290.2785
v 1001.5080 467.7542 291.9845
v 985.6581 480.0066 291.9861
f 3952 3953 3954
v 1005.1303 472.4423 290.2776
v 1005.1306 472.4425 291.9836
v 1001.5080 467.7542 291.9845
f 3955 3956 3957
v 989.2803 484.6937 290.2792
v 989.2806 484.6938 291.9852
v 1005.1306 472.4425 291.9836
f 3958 3959 3960
v 1012.4592 466.7220 292.2678
v 1007.9527 460.8921 292.2689
v 1011.9783 457.7803 292.2685
f 3961 3962 3963
v 1011.9783 457.7803 292.2685
v 1016.4848 463.6112 292.2674
v 1012.4592 466.7220 292.2678
f 3964 3965 3966
v 1007.9523 460.8919 290.2780
v 1007.9527 460.8921 292.2689
v 1012.4592 466.7220 292.2678
f 3967 3968 3969
v 1011.9779 457.7801 290.2776
v 1011.9783 457.7803 292.2685
v 1007.9527 460.8921 292.2689
f 3970 3971 3972
v 1016.4845 463.6110 290.2765
v 1016.4848 463.6112 292.2674
v 1011.9783 457.7803 292.2685
f 3973 3974 3975
v 1012.4589 466.7217 290.2769
v 1012.4592 466.7220 292.2678
v 1016.4848 463.6112 292.2674
f 3976 3977 3978
v 919.8232 550.2376 268.0991
v 919.8266 550.2401 290.2844
v 978.7333 504.7041 273.7819
f 3979 3980 3981
v 919.8266 550.2401 290.2844
v 1038.4896 458.5191 290.2733
v 978.7333 504.7041 273.7819
f 3982 3983 3984
v 978.7323 504.7034 268.0941
v 919.8232 550.2376 268.0991
v 978.7333 504.7041 273.7819
f 3985 3986 3987
v 939.3616 575.5155 255.3516
v 939.3636 575.5169 268.0942
v 998.3976 530.1470 264.3901
f 3988 3989 3990
v 939.3616 575.5155 255.3516
v 998.3961 530.1460 255.3764
v 998.3961 530.1460 255.3464
f 3991 3992 3993
v 998.3982 530.1474 268.0889
v 998.3976 530.1470 264.3901
v 939.3636 575.5169 268.0942
f 3994 3995 3996
v 999.3696 529.4004 264.3901
v 999.3681 529.3995 255.3764
v 998.3961 530.1460 255.3764
f 3997 3998 3999
v 913.4673 542.0153 255.3583
v 907.1365 533.8255 255.3598
v 907.1373 533.8258 267.5324
f 4000 4001 4002
v 900.9489 525.8195 267.5340
v 907.1373 533.8258 267.5324
v 907.1365 533.8255 255.3598
f 4003 4004 4005
v 919.8232 550.2376 268.0991
v 907.1373 533.8258 267.5324
v 907.1408 533.8282 290.2876
f 4006 4007 4008
v 919.8232 550.2376 268.0991
v 939.3636 575.5169 268.0942
v 939.3616 575.5155 255.3516
f 4009 4010 4011
v 907.1373 533.8258 267.5324
v 919.8232 550.2376 268.0991
v 913.4673 542.0153 255.3583
f 4012 4013 4014
v 919.8232 550.2376 268.0991
v 919.8212 550.2362 255.3566
v 913.4673 542.0153 255.3583
f 4015 4016 4017
v 919.8266 550.2401 290.2844
v 919.8232 550.2376 268.0991
v 907.1408 533.8282 290.2876
f 4018 4019 4020
v 1056.4708 481.7840 273.7711
v 1038.4867 458.5175 273.7758
v 1056.4676 481.7822 255.3408
f 4021 4022 4023
v 1038.4867 458.5175 273.7758
v 1034.4014 453.2337 255.3465
v 1038.4835 458.5158 255.3455
f 4024 4025 4026
v 1025.8034 442.1071 288.2855
v 1038.4867 458.5175 273.7758
v 1038.4896 458.5191 290.2733
f 4027 4028 4029
v 1025.8034 442.1071 288.2855
v 981.4532 384.7285 288.2962
v 981.4478 384.7257 255.3593
f 4030 4031 4032
v 1025.8034 442.1071 288.2855
v 1025.7977 442.1040 255.3486
v 1038.4867 458.5175 273.7758
f 4033 4034 4035
v 1025.7977 442.1040 255.3486
v 1034.4014 453.2337 255.3465
v 1038.4867 458.5175 273.7758
f 4036 4037 4038
v 1025.8038 442.1073 290.2765
v 1025.8034 442.1071 288.2855
v 1038.4896 458.5191 290.2733
f 4039 4040 4041
v 1038.4835 458.5158 255.3455
v 996.7133 527.9676 255.3469
v 1056.4676 481.7822 255.3408
f 4042 4043 4044
v 996.7133 527.9676 255.3469
v 1038.4835 458.5158 255.3455
v 1034.4014 453.2337 255.3465
f 4045 4046 4047
v 996.7133 527.9676 255.3469
v 939.3616 575.5155 255.3516
v 998.3961 530.1460 255.3464
f 4048 4049 4050
v 919.8212 550.2362 255.3566
v 996.7133 527.9676 255.3469
v 913.4673 542.0153 255.3583
f 4051 4052 4053
v 996.7133 527.9676 255.3469
v 907.1365 533.8255 255.3598
v 913.4673 542.0153 255.3583
f 4054 4055 4056
v 939.3616 575.5155 255.3516
v 996.7133 527.9676 255.3469
v 919.8212 550.2362 255.3566
f 4057 4058 4059
v 1025.7977 442.1040 255.3486
v 900.9471 525.8182 255.3614
v 996.7133 527.9676 255.3469
f 4060 4061 4062
v 873.6249 473.7183 255.3692
v 1025.7977 442.1040 255.3486
v 981.4478 384.7257 255.3593
f 4063 4064 4065
v 981.4478 384.7257 255.3593
v 870.8905 470.1806 255.3698
v 873.6249 473.7183 255.3692
f 4066 4067 4068
v 865.6426 479.8876 255.3698
v 900.9471 525.8182 255.3614
v 873.6249 473.7183 255.3692
f 4069 4070 4071
v 900.9471 525.8182 255.3614
v 907.1365 533.8255 255.3598
v 996.7133 527.9676 255.3469
f 4072 4073 4074
v 1025.7977 442.1040 255.3486
v 873.6249 473.7183 255.3692
v 900.9471 525.8182 255.3614
f 4075 4076 4077
v 1034.4014 453.2337 255.3465
v 1025.7977 442.1040 255.3486
v 996.7133 527.9676 255.3469
f 4078 4079 4080
v 978.7323 504.7034 268.0941
v 996.7164 527.9696 273.7773
v 996.7154 527.9689 268.0894
f 4081 4082 4083
v 996.7133 527.9676 255.3469
v 996.7133 527.9676 255.3769
v 1033.5544 499.4923 255.3732
f 4084 4085 4086
v 998.3961 530.1460 255.3464
v 996.7133 527.9676 255.3769
v 996.7133 527.9676 255.3469
f 4087 4088 4089
v 926.8579 526.4985 290.2854
v 914.8412 535.7878 291.9923
v 914.8410 535.7876 290.2864
f 4090 4091 4092
v 914.8410 535.7876 290.2864
v 918.3062 540.2705 291.9914
v 918.3059 540.2702 290.2855
f 4093 4094 4095
v 930.3230 530.9821 290.2845
v 926.8583 526.4987 291.9913
v 926.8579 526.4985 290.2854
f 4096 4097 4098
v 918.3059 540.2702 290.2855
v 930.3232 530.9823 291.9904
v 930.3230 530.9821 290.2845
f 4099 4100 4101
v 999.3681 529.3995 255.3764
v 997.8152 527.3786 264.3905
v 997.8137 527.3776 255.3768
f 4102 4103 4104
v 1021.4906 509.1825 255.3744
v 1033.7587 499.7557 264.3869
v 1033.7571 499.7547 255.3732
f 4105 4106 4107
v 1023.1664 511.3629 255.3740
v 1021.4921 509.1834 264.3881
v 1021.4906 509.1825 255.3744
f 4108 4109 4110
v 1003.8135 526.2355 255.3759
v 1023.1679 511.3638 264.3877
v 1023.1664 511.3629 255.3740
f 4111 4112 4113
v 1002.1357 524.0551 255.3764
v 1003.8151 526.2365 264.3896
v 1003.8135 526.2355 255.3759
f 4114 4115 4116
v 997.8137 527.3776 255.3768
v 1002.1373 524.0561 264.3901
v 1002.1357 524.0551 255.3764
f 4117 4118 4119
v 998.3982 530.1474 268.0889
v 996.7154 527.9689 268.0894
v 996.7148 527.9686 264.3906
f 4120 4121 4122
v 1033.7571 499.7547 255.3732
v 1033.5559 499.4932 264.3869
v 1033.5544 499.4923 255.3732
f 4123 4124 4125
v 915.2456 527.5634 288.2960
v 1025.8038 442.1073 290.2765
v 907.1408 533.8282 290.2876
f 4126 4127 4128
v 981.4478 384.7257 255.3593
v 870.8953 470.1838 288.3067
v 870.8905 470.1806 255.3698
f 4129 4130 4131
v 865.6426 479.8876 255.3698
v 900.9489 525.8195 267.5340
v 900.9471 525.8182 255.3614
f 4132 4133 4134
v 873.6249 473.7183 255.3692
v 865.6444 479.8887 267.5424
v 865.6426 479.8876 255.3698
f 4135 4136 4137
v 985.6577 480.0065 290.2801
v 989.2806 484.6938 291.9852
v 989.2803 484.6937 290.2792
f 4138 4139 4140
v 1001.5077 467.7541 290.2785
v 985.6581 480.0066 291.9861
v 985.6577 480.0065 290.2801
f 4141 4142 4143
v 1005.1303 472.4423 290.2776
v 1001.5080 467.7542 291.9845
v 1001.5077 467.7541 290.2785
f 4144 4145 4146
v 989.2803 484.6937 290.2792
v 1005.1306 472.4425 291.9836
v 1005.1303 472.4423 290.2776
f 4147 4148 4149
v 1007.9523 460.8919 290.2780
v 1012.4592 466.7220 292.2678
v 1012.4589 466.7217 290.2769
f 4150 4151 4152
v 1011.9779 457.7801 290.2776
v 1007.9527 460.8921 292.2689
v 1007.9523 460.8919 290.2780
f 4153 4154 4155
v 1016.4845 463.6110 290.2765
v 1011.9783 457.7803 292.2685
v 1011.9779 457.7801 290.2776
f 4156 4157 4158
v 1012.4589 466.7217 290.2769
v 1016.4848 463.6112 292.2674
v 1016.4845 463.6110 290.2765
f 4159 4160 4161
v 1038.4896 458.5191 290.2733
v 1038.4867 458.5175 273.7758
v 978.7333 504.7041 273.7819
f 4162 4163 4164
v 939.3616 575.5155 255.3516
v 998.3976 530.1470 264.3901
v 998.3961 530.1460 255.3764
f 4165 4166 4167
v 999.3696 529.4004 264.3901
v 998.3961 530.1460 255.3764
v 998.3976 530.1470 264.3901
f 4168 4169 4170
v 900.9489 525.8195 267.5340
v 907.1365 533.8255 255.3598
v 900.9471 525.8182 255.3614
f 4171 4172 4173
v 919.8232 550.2376 268.0991
v 939.3616 575.5155 255.3516
v 919.8212 550.2362 255.3566
f 4174 4175 4176
v 1038.4867 458.5175 273.7758
v 1038.4835 458.5158 255.3455
v 1056.4676 481.7822 255.3408
f 4177 4178 4179
v 1025.8034 442.1071 288.2855
v 981.4478 384.7257 255.3593
v 1025.7977 442.1040 255.3486
f 4180 4181 4182

g building_ID_3C1147F9-F4B4-4138-A46D-439BFE8247DF
v 950.0053 606.2688 258.3180
v 949.4780 613.2101 258.3174
v 953.1813 610.3672 258.3172
f 4183 4184 4185
v 949.4780 613.2101 258.3174
v 950.0053 606.2688 258.3180
v 946.3161 609.1246 258.3183
f 4186 4187 4188
v 953.1823 610.3680 264.9720
v 946.3171 609.1254 264.9731
v 950.0064 606.2696 264.9728
f 4189 4190 4191
v 946.3171 609.1254 264.9731
v 953.1823 610.3680 264.9720
v 949.4790 613.2109 264.9722
f 4192 4193 4194
v 949.4780 613.2101 258.3174
v 949.4790 613.2109 264.9722
v 953.1823 610.3680 264.9720
f 4195 4196 4197
v 946.3161 609.1246 258.3183
v 946.3171 609.1254 264.9731
v 949.4790 613.2109 264.9722
f 4198 4199 4200
v 950.0053 606.2688 258.3180
v 950.0064 606.2696 264.9728
v 946.3171 609.1254 264.9731
f 4201 4202 4203
v 953.1813 610.3672 258.3172
v 953.1823 610.3680 264.9720
v 950.0064 606.2696 264.9728
f 4204 4205 4206
v 949.4780 613.2101 258.3174
v 953.1823 610.3680 264.9720
v 953.1813 610.3672 258.3172
f 4207 4208 4209
v 946.3161 609.1246 258.3183
v 949.4790 613.2109 264.9722
v 949.4780 613.2101 258.3174
f 4210 4211 4212
v 950.0053 606.2688 258.3180
v 946.3171 609.1254 264.9731
v 946.3161 609.1246 258.3183
f 4213 4214 4215
v 953.1813 610.3672 258.3172
v 950.0064 606.2696 264.9728
v 950.0053 606.2688 258.3180
f 4216 4217 4218

g building_ID_7BF39B85-9300-4275-B464-1DAC1983E3ED
v 928.4315 693.2105 282.9806
v 926.6823 692.0452 282.6920
v 927.8497 690.6871 282.6920
f 4219 4220 4221
v 927.8497 690.6871 282.6920
v 929.2579 692.2493 282.9806
v 928.4315 693.2105 282.9806
f 4222 4223 4224
v 927.8725 694.3480 282.9806
v 925.8906 693.6532 282.6920
v 926.6823 692.0452 282.6920
f 4225 4226 4227
v 926.6823 692.0452 282.6920
v 928.4315 693.2105 282.9806
v 927.8725 694.3480 282.9806
f 4228 4229 4230
v 927.6129 695.5907 282.9805
v 925.5244 695.4112 282.6918
v 925.8906 693.6532 282.6920
f 4231 4232 4233
v 925.8906 693.6532 282.6920
v 927.8725 694.3480 282.9806
v 927.6129 695.5907 282.9805
f 4234 4235 4236
v 927.6703 696.8605 282.9803
v 925.6052 697.2070 282.6916
v 925.5244 695.4112 282.6918
f 4237 4238 4239
v 925.5244 695.4112 282.6918
v 927.6129 695.5907 282.9805
v 927.6703 696.8605 282.9803
f 4240 4241 4242
v 930.6260 687.4706 282.3169
v 929.3199 689.6642 282.6919
v 928.5701 688.2351 282.3172
f 4243 4244 4245
v 929.3199 689.6642 282.6919
v 930.6260 687.4706 282.3169
v 930.9993 689.0397 282.6917
f 4246 4247 4248
v 928.5701 688.2351 282.3172
v 927.8497 690.6871 282.6920
v 926.7704 689.4880 282.3173
f 4249 4250 4251
v 927.8497 690.6871 282.6920
v 928.5701 688.2351 282.3172
v 929.3199 689.6642 282.6919
f 4252 4253 4254
v 927.8497 690.6871 282.6920
v 926.6823 692.0452 282.6920
v 925.3399 691.1517 282.3173
f 4255 4256 4257
v 925.3399 691.1517 282.3173
v 926.7704 689.4880 282.3173
v 927.8497 690.6871 282.6920
f 4258 4259 4260
v 926.6823 692.0452 282.6920
v 925.8906 693.6532 282.6920
v 924.3702 693.1213 282.3172
f 4261 4262 4263
v 924.3702 693.1213 282.3172
v 925.3399 691.1517 282.3173
v 926.6823 692.0452 282.6920
f 4264 4265 4266
v 938.7670 689.7607 282.3155
v 936.2142 689.8206 282.6909
v 937.0125 688.4265 282.3159
f 4267 4268 4269
v 936.2142 689.8206 282.6909
v 938.7670 689.7607 282.3155
v 937.6472 690.9098 282.6905
f 4270 4271 4272
v 937.0125 688.4265 282.3159
v 934.5584 689.1221 282.6912
v 934.9852 687.5710 282.3163
f 4273 4274 4275
v 934.5584 689.1221 282.6912
v 937.0125 688.4265 282.3159
v 936.2142 689.8206 282.6909
f 4276 4277 4278
v 934.9852 687.5710 282.3163
v 932.7827 688.8549 282.6915
v 932.8104 687.2447 282.3166
f 4279 4280 4281
v 932.7827 688.8549 282.6915
v 934.9852 687.5710 282.3163
v 934.5584 689.1221 282.6912
f 4282 4283 4284
v 932.8104 687.2447 282.3166
v 930.9993 689.0397 282.6917
v 930.6260 687.4706 282.3169
f 4285 4286 4287
v 930.9993 689.0397 282.6917
v 932.8104 687.2447 282.3166
v 932.7827 688.8549 282.6915
f 4288 4289 4290
v 941.0390 693.5006 282.3148
v 940.1386 691.4881 282.3151
v 941.0002 690.9647 281.8780
f 4291 4292 4293
v 941.0002 690.9647 281.8780
v 942.0052 693.2090 281.8777
v 941.0390 693.5006 282.3148
f 4294 4295 4296
v 941.0002 690.9647 281.8780
v 938.7670 689.7607 282.3155
v 939.4730 689.0388 281.8785
f 4297 4298 4299
v 938.7670 689.7607 282.3155
v 941.0002 690.9647 281.8780
v 940.1386 691.4881 282.3151
f 4300 4301 4302
v 939.4730 689.0388 281.8785
v 937.0125 688.4265 282.3159
v 937.5151 687.5501 281.8789
f 4303 4304 4305
v 937.0125 688.4265 282.3159
v 939.4730 689.0388 281.8785
v 938.7670 689.7607 282.3155
f 4306 4307 4308
v 937.5151 687.5501 281.8789
v 934.9852 687.5710 282.3163
v 935.2535 686.5952 281.8794
f 4309 4310 4311
v 934.9852 687.5710 282.3163
v 937.5151 687.5501 281.8789
v 937.0125 688.4265 282.3159
f 4312 4313 4314
v 935.2535 686.5952 281.8794
v 932.8104 687.2447 282.3166
v 932.8276 686.2327 281.8798
f 4315 4316 4317
v 932.8104 687.2447 282.3166
v 935.2535 686.5952 281.8794
v 934.9852 687.5710 282.3163
f 4318 4319 4320
v 932.8276 686.2327 281.8798
v 930.6260 687.4706 282.3169
v 930.3922 686.4842 281.8801
f 4321 4322 4323
v 930.6260 687.4706 282.3169
v 932.8276 686.2327 281.8798
v 932.8104 687.2447 282.3166
f 4324 4325 4326
v 930.3922 686.4842 281.8801
v 928.5701 688.2351 282.3172
v 928.0986 687.3363 281.8804
f 4327 4328 4329
v 928.5701 688.2351 282.3172
v 930.3922 686.4842 281.8801
v 930.6260 687.4706 282.3169
f 4330 4331 4332
v 928.0986 687.3363 281.8804
v 926.7704 689.4880 282.3173
v 926.0913 688.7347 281.8806
f 4333 4334 4335
v 926.7704 689.4880 282.3173
v 928.0986 687.3363 281.8804
v 928.5701 688.2351 282.3172
f 4336 4337 4338
v 926.7704 689.4880 282.3173
v 925.3399 691.1517 282.3173
v 924.4964 690.5900 281.8806
f 4339 4340 4341
v 924.4964 690.5900 281.8806
v 926.0913 688.7347 281.8806
v 926.7704 689.4880 282.3173
f 4342 4343 4344
v 925.3399 691.1517 282.3173
v 924.3702 693.1213 282.3172
v 923.4143 692.7868 281.8805
f 4345 4346 4347
v 923.4143 692.7868 281.8805
v 924.4964 690.5900 281.8806
v 925.3399 691.1517 282.3173
f 4348 4349 4350
v 924.3702 693.1213 282.3172
v 923.9200 695.2735 282.3172
v 922.9117 695.1861 281.8803
f 4351 4352 4353
v 922.9117 695.1861 281.8803
v 923.4143 692.7868 281.8805
v 924.3702 693.1213 282.3172
f 4354 4355 4356
v 923.9200 695.2735 282.3172
v 924.0199 697.4721 282.3169
v 923.0233 697.6398 281.8800
f 4357 4358 4359
v 923.0233 697.6398 281.8800
v 922.9117 695.1861 281.8803
v 923.9200 695.2735 282.3172
f 4360 4361 4362
v 941.4274 700.3945 281.8770
v 942.2242 698.0774 281.8772
v 942.5623 698.1483 281.4071
f 4363 4364 4365
v 942.5623 698.1483 281.4071
v 941.7358 700.5486 281.4070
v 941.4274 700.3945 281.8770
f 4366 4367 4368
v 941.7314 700.5449 254.1279
v 941.7358 700.5486 281.4070
v 942.5623 698.1483 281.4071
f 4369 4370 4371
v 942.2242 698.0774 281.8772
v 942.4216 695.6309 281.8773
v 942.7665 695.6169 281.4074
f 4372 4373 4374
v 942.7665 695.6169 281.4074
v 942.5623 698.1483 281.4071
v 942.2242 698.0774 281.8772
f 4375 4376 4377
v 942.5580 698.1447 254.1280
v 942.5623 698.1483 281.4071
v 942.7665 695.6169 281.4074
f 4378 4379 4380
v 942.4216 695.6309 281.8773
v 942.0052 693.2090 281.8777
v 942.3348 693.1090 281.4077
f 4381 4382 4383
v 942.3348 693.1090 281.4077
v 942.7665 695.6169 281.4074
v 942.4216 695.6309 281.8773
f 4384 4385 4386
v 942.7622 695.6132 254.1283
v 942.7665 695.6169 281.4074
v 942.3348 693.1090 281.4077
f 4387 4388 4389
v 942.0052 693.2090 281.8777
v 941.0002 690.9647 281.8780
v 941.2946 690.7858 281.4081
f 4390 4391 4392
v 941.2946 690.7858 281.4081
v 942.3348 693.1090 281.4077
v 942.0052 693.2090 281.8777
f 4393 4394 4395
v 942.3304 693.1054 254.1286
v 942.3348 693.1090 281.4077
v 941.2946 690.7858 281.4081
f 4396 4397 4398
v 941.2946 690.7858 281.4081
v 939.4730 689.0388 281.8785
v 939.7122 688.7911 281.4086
f 4399 4400 4401
v 939.4730 689.0388 281.8785
v 941.2946 690.7858 281.4081
v 941.0002 690.9647 281.8780
f 4402 4403 4404
v 941.2903 690.7822 254.1290
v 941.2946 690.7858 281.4081
v 939.7122 688.7911 281.4086
f 4405 4406 4407
v 939.7122 688.7911 281.4086
v 937.5151 687.5501 281.8789
v 937.6872 687.2515 281.4090
f 4408 4409 4410
v 937.5151 687.5501 281.8789
v 939.7122 688.7911 281.4086
v 939.4730 689.0388 281.8785
f 4411 4412 4413
v 939.7079 688.7875 254.1295
v 939.7122 688.7911 281.4086
v 937.6872 687.2515 281.4090
f 4414 4415 4416
v 937.6872 687.2515 281.4090
v 935.2535 686.5952 281.8794
v 935.3455 686.2618 281.4095
f 4417 4418 4419
v 935.2535 686.5952 281.8794
v 937.6872 687.2515 281.4090
v 937.5151 687.5501 281.8789
f 4420 4421 4422
v 937.6829 687.2479 254.1299
v 937.6872 687.2515 281.4090
v 935.3455 686.2618 281.4095
f 4423 4424 4425
v 935.3455 686.2618 281.4095
v 932.8276 686.2327 281.8798
v 932.8346 685.8866 281.4099
f 4426 4427 4428
v 932.8276 686.2327 281.8798
v 935.3455 686.2618 281.4095
v 935.2535 686.5952 281.8794
f 4429 4430 4431
v 935.3412 686.2582 254.1304
v 935.3455 686.2618 281.4095
v 932.8346 685.8866 281.4099
f 4432 4433 4434
v 930.4701 694.5681 283.1612
v 928.4315 693.2105 282.9806
v 929.2579 692.2493 282.9806
f 4435 4436 4437
v 929.2579 692.2493 282.9806
v 930.8978 694.0699 283.1612
v 930.4701 694.5681 283.1612
f 4438 4439 4440
v 930.4701 694.5681 283.1612
v 927.8725 694.3480 282.9806
v 928.4315 693.2105 282.9806
f 4441 4442 4443
v 927.8725 694.3480 282.9806
v 930.4701 694.5681 283.1612
v 930.1797 695.1559 283.1612
f 4444 4445 4446
v 930.1797 695.1559 283.1612
v 927.6129 695.5907 282.9805
v 927.8725 694.3480 282.9806
f 4447 4448 4449
v 927.6129 695.5907 282.9805
v 930.1797 695.1559 283.1612
v 930.0464 695.8002 283.1611
f 4450 4451 4452
v 930.0752 696.4571 283.1610
v 927.6703 696.8605 282.9803
v 927.6129 695.5907 282.9805
f 4453 4454 4455
v 927.6129 695.5907 282.9805
v 930.0464 695.8002 283.1611
v 930.0752 696.4571 283.1610
f 4456 4457 4458
v 932.7454 690.9550 282.9803
v 933.3522 693.4974 283.1609
v 932.7020 693.4001 283.1610
f 4459 4460 4461
v 933.3522 693.4974 283.1609
v 932.7454 690.9550 282.9803
v 934.0009 691.1436 282.9800
f 4462 4463 4464
v 931.4848 691.0864 282.9804
v 932.7020 693.4001 283.1610
v 932.0501 693.4668 283.1611
f 4465 4466 4467
v 932.7020 693.4001 283.1610
v 931.4848 691.0864 282.9804
v 932.7454 690.9550 282.9803
f 4468 4469 4470
v 931.4848 691.0864 282.9804
v 932.0501 693.4668 283.1611
v 931.4358 693.6965 283.1611
f 4471 4472 4473
v 931.4358 693.6965 283.1611
v 930.2970 691.5265 282.9805
v 931.4848 691.0864 282.9804
f 4474 4475 4476
v 930.8978 694.0699 283.1612
v 929.2579 692.2493 282.9806
v 930.2970 691.5265 282.9805
f 4477 4478 4479
v 930.2970 691.5265 282.9805
v 931.4358 693.6965 283.1611
v 930.8978 694.0699 283.1612
f 4480 4481 4482
v 932.7827 688.8549 282.6915
v 934.0009 691.1436 282.9800
v 932.7454 690.9550 282.9803
f 4483 4484 4485
v 934.0009 691.1436 282.9800
v 932.7827 688.8549 282.6915
v 934.5584 689.1221 282.6912
f 4486 4487 4488
v 930.9993 689.0397 282.6917
v 932.7454 690.9550 282.9803
v 931.4848 691.0864 282.9804
f 4489 4490 4491
v 932.7454 690.9550 282.9803
v 930.9993 689.0397 282.6917
v 932.7827 688.8549 282.6915
f 4492 4493 4494
v 930.2970 691.5265 282.9805
v 929.3199 689.6642 282.6919
v 930.9993 689.0397 282.6917
f 4495 4496 4497
v 930.9993 689.0397 282.6917
v 931.4848 691.0864 282.9804
v 930.2970 691.5265 282.9805
f 4498 4499 4500
v 927.8497 690.6871 282.6920
v 930.2970 691.5265 282.9805
v 929.2579 692.2493 282.9806
f 4501 4502 4503
v 930.2970 691.5265 282.9805
v 927.8497 690.6871 282.6920
v 929.3199 689.6642 282.6919
f 4504 4505 4506
v 939.6609 697.5264 282.6895
v 939.8061 695.7360 282.6897
v 941.4119 695.6706 282.3145
f 4507 4508 4509
v 941.4119 695.6706 282.3145
v 941.2357 697.8650 282.3143
v 939.6609 697.5264 282.6895
f 4510 4511 4512
v 939.8061 695.7360 282.6897
v 939.5003 693.9638 282.6899
v 941.0390 693.5006 282.3148
f 4513 4514 4515
v 941.0390 693.5006 282.3148
v 941.4119 695.6706 282.3145
v 939.8061 695.7360 282.6897
f 4516 4517 4518
v 941.2357 697.8650 282.3143
v 941.4119 695.6706 282.3145
v 942.4216 695.6309 281.8773
f 4519 4520 4521
v 942.4216 695.6309 281.8773
v 942.2242 698.0774 281.8772
v 941.2357 697.8650 282.3143
f 4522 4523 4524
v 941.4119 695.6706 282.3145
v 941.0390 693.5006 282.3148
v 942.0052 693.2090 281.8777
f 4525 4526 4527
v 942.0052 693.2090 281.8777
v 942.4216 695.6309 281.8773
v 941.4119 695.6706 282.3145
f 4528 4529 4530
v 939.3112 701.7721 282.3141
v 940.5193 699.9420 282.3141
v 941.4274 700.3945 281.8770
f 4531 4532 4533
v 941.4274 700.3945 281.8770
v 940.0779 702.4370 281.8770
v 939.3112 701.7721 282.3141
f 4534 4535 4536
v 940.5193 699.9420 282.3141
v 941.2357 697.8650 282.3143
v 942.2242 698.0774 281.8772
f 4537 4538 4539
v 942.2242 698.0774 281.8772
v 941.4274 700.3945 281.8770
v 940.5193 699.9420 282.3141
f 4540 4541 4542
v 938.4600 704.3593 281.4070
v 940.0779 702.4370 281.8770
v 940.3394 702.6623 281.4070
f 4543 4544 4545
v 940.0779 702.4370 281.8770
v 938.4600 704.3593 281.4070
v 938.2623 704.0749 281.8771
f 4546 4547 4548
v 938.4557 704.3556 254.1279
v 938.4600 704.3593 281.4070
v 940.3394 702.6623 281.4070
f 4549 4550 4551
v 940.0779 702.4370 281.8770
v 941.4274 700.3945 281.8770
v 941.7358 700.5486 281.4070
f 4552 4553 4554
v 941.7358 700.5486 281.4070
v 940.3394 702.6623 281.4070
v 940.0779 702.4370 281.8770
f 4555 4556 4557
v 940.3351 702.6586 254.1279
v 940.3394 702.6623 281.4070
v 941.7358 700.5486 281.4070
f 4558 4559 4560
v 935.2727 695.9182 283.1603
v 937.7114 695.8206 282.9790
v 937.6098 697.0859 282.9789
f 4561 4562 4563
v 937.6098 697.0859 282.9789
v 935.2204 696.5733 283.1603
v 935.2727 695.9182 283.1603
f 4564 4565 4566
v 935.1609 695.2705 283.1604
v 937.4951 694.5662 282.9792
v 937.7114 695.8206 282.9790
f 4567 4568 4569
v 937.7114 695.8206 282.9790
v 935.2727 695.9182 283.1603
v 935.1609 695.2705 283.1604
f 4570 4571 4572
v 937.7114 695.8206 282.9790
v 939.8061 695.7360 282.6897
v 939.6609 697.5264 282.6895
f 4573 4574 4575
v 939.6609 697.5264 282.6895
v 937.6098 697.0859 282.9789
v 937.7114 695.8206 282.9790
f 4576 4577 4578
v 937.4951 694.5662 282.9792
v 939.5003 693.9638 282.6899
v 939.8061 695.7360 282.6897
f 4579 4580 4581
v 939.8061 695.7360 282.6897
v 937.7114 695.8206 282.9790
v 937.4951 694.5662 282.9792
f 4582 4583 4584
v 935.0061 697.1939 283.1602
v 937.1970 698.2860 282.9788
v 936.4978 699.3428 282.9788
f 4585 4586 4587
v 936.4978 699.3428 282.9788
v 934.6456 697.7419 283.1602
v 935.0061 697.1939 283.1602
f 4588 4589 4590
v 935.2204 696.5733 283.1603
v 937.6098 697.0859 282.9789
v 937.1970 698.2860 282.9788
f 4591 4592 4593
v 937.1970 698.2860 282.9788
v 935.0061 697.1939 283.1602
v 935.2204 696.5733 283.1603
f 4594 4595 4596
v 937.1970 698.2860 282.9788
v 939.0764 699.2229 282.6894
v 938.0894 700.7185 282.6894
f 4597 4598 4599
v 938.0894 700.7185 282.6894
v 936.4978 699.3428 282.9788
v 937.1970 698.2860 282.9788
f 4600 4601 4602
v 937.6098 697.0859 282.9789
v 939.6609 697.5264 282.6895
v 939.0764 699.2229 282.6894
f 4603 4604 4605
v 939.0764 699.2229 282.6894
v 937.1970 698.2860 282.9788
v 937.6098 697.0859 282.9789
f 4606 4607 4608
v 938.0894 700.7185 282.6894
v 939.0764 699.2229 282.6894
v 940.5193 699.9420 282.3141
f 4609 4610 4611
v 940.5193 699.9420 282.3141
v 939.3112 701.7721 282.3141
v 938.0894 700.7185 282.6894
f 4612 4613 4614
v 939.0764 699.2229 282.6894
v 939.6609 697.5264 282.6895
v 941.2357 697.8650 282.3143
f 4615 4616 4617
v 941.2357 697.8650 282.3143
v 940.5193 699.9420 282.3141
v 939.0764 699.2229 282.6894
f 4618 4619 4620
v 935.1712 691.6375 282.9798
v 934.4830 694.1523 283.1607
v 933.9579 693.7537 283.1608
f 4621 4622 4623
v 934.4830 694.1523 283.1607
v 935.1712 691.6375 282.9798
v 936.1843 692.4077 282.9796
f 4624 4625 4626
v 934.0009 691.1436 282.9800
v 933.9579 693.7537 283.1608
v 933.3522 693.4974 283.1609
f 4627 4628 4629
v 933.9579 693.7537 283.1608
v 934.0009 691.1436 282.9800
v 935.1712 691.6375 282.9798
f 4630 4631 4632
v 936.2142 689.8206 282.6909
v 936.1843 692.4077 282.9796
v 935.1712 691.6375 282.9798
f 4633 4634 4635
v 936.1843 692.4077 282.9796
v 936.2142 689.8206 282.6909
v 937.6472 690.9098 282.6905
f 4636 4637 4638
v 934.5584 689.1221 282.6912
v 935.1712 691.6375 282.9798
v 934.0009 691.1436 282.9800
f 4639 4640 4641
v 935.1712 691.6375 282.9798
v 934.5584 689.1221 282.6912
v 936.2142 689.8206 282.6909
f 4642 4643 4644
v 935.1609 695.2705 283.1604
v 936.9759 693.4056 282.9794
v 937.4951 694.5662 282.9792
f 4645 4646 4647
v 936.9759 693.4056 282.9794
v 935.1609 695.2705 283.1604
v 934.8923 694.6682 283.1605
f 4648 4649 4650
v 936.1843 692.4077 282.9796
v 934.8923 694.6682 283.1605
v 934.4830 694.1523 283.1607
f 4651 4652 4653
v 934.8923 694.6682 283.1605
v 936.1843 692.4077 282.9796
v 936.9759 693.4056 282.9794
f 4654 4655 4656
v 936.9759 693.4056 282.9794
v 938.7660 692.3208 282.6902
v 939.5003 693.9638 282.6899
f 4657 4658 4659
v 939.5003 693.9638 282.6899
v 937.4951 694.5662 282.9792
v 936.9759 693.4056 282.9794
f 4660 4661 4662
v 937.6472 690.9098 282.6905
v 936.9759 693.4056 282.9794
v 936.1843 692.4077 282.9796
f 4663 4664 4665
v 936.9759 693.4056 282.9794
v 937.6472 690.9098 282.6905
v 938.7660 692.3208 282.6902
f 4666 4667 4668
v 939.5003 693.9638 282.6899
v 938.7660 692.3208 282.6902
v 940.1386 691.4881 282.3151
f 4669 4670 4671
v 940.1386 691.4881 282.3151
v 941.0390 693.5006 282.3148
v 939.5003 693.9638 282.6899
f 4672 4673 4674
v 940.1386 691.4881 282.3151
v 937.6472 690.9098 282.6905
v 938.7670 689.7607 282.3155
f 4675 4676 4677
v 937.6472 690.9098 282.6905
v 940.1386 691.4881 282.3151
v 938.7660 692.3208 282.6902
f 4678 4679 4680
v 930.2669 697.0866 283.1609
v 928.0416 698.0775 282.9802
v 927.6703 696.8605 282.9803
f 4681 4682 4683
v 927.6703 696.8605 282.9803
v 930.0752 696.4571 283.1610
v 930.2669 697.0866 283.1609
f 4684 4685 4686
v 928.7015 699.1658 282.9799
v 930.2669 697.0866 283.1609
v 930.6104 697.6496 283.1608
f 4687 4688 4689
v 930.2669 697.0866 283.1609
v 928.7015 699.1658 282.9799
v 928.0416 698.0775 282.9802
f 4690 4691 4692
v 931.0796 698.1113 283.1607
v 929.6118 700.0563 282.9797
v 928.7015 699.1658 282.9799
f 4693 4694 4695
v 928.7015 699.1658 282.9799
v 930.6104 697.6496 283.1608
v 931.0796 698.1113 283.1607
f 4696 4697 4698
v 930.7115 700.6943 282.9795
v 931.0796 698.1113 283.1607
v 931.6495 698.4409 283.1606
f 4699 4700 4701
v 931.0796 698.1113 283.1607
v 930.7115 700.6943 282.9795
v 929.6118 700.0563 282.9797
f 4702 4703 4704
v 931.9345 701.0370 282.9793
v 931.6495 698.4409 283.1606
v 932.2829 698.6192 283.1605
f 4705 4706 4707
v 931.6495 698.4409 283.1606
v 931.9345 701.0370 282.9793
v 930.7115 700.6943 282.9795
f 4708 4709 4710
v 933.2025 701.0667 282.9791
v 932.2829 698.6192 283.1605
v 932.9390 698.6344 283.1604
f 4711 4712 4713
v 932.2829 698.6192 283.1605
v 933.2025 701.0667 282.9791
v 931.9345 701.0370 282.9793
f 4714 4715 4716
v 934.4357 700.7783 282.9789
v 932.9390 698.6344 283.1604
v 933.5786 698.4857 283.1603
f 4717 4718 4719
v 932.9390 698.6344 283.1604
v 934.4357 700.7783 282.9789
v 933.2025 701.0667 282.9791
f 4720 4721 4722
v 935.5581 700.1913 282.9788
v 933.5786 698.4857 283.1603
v 934.1588 698.1811 283.1603
f 4723 4724 4725
v 933.5786 698.4857 283.1603
v 935.5581 700.1913 282.9788
v 934.4357 700.7783 282.9789
f 4726 4727 4728
v 928.0416 698.0775 282.9802
v 926.1288 698.9276 282.6913
v 925.6052 697.2070 282.6916
f 4729 4730 4731
v 925.6052 697.2070 282.6916
v 927.6703 696.8605 282.9803
v 928.0416 698.0775 282.9802
f 4732 4733 4734
v 928.7015 699.1658 282.9799
v 927.0639 700.4680 282.6910
v 926.1288 698.9276 282.6913
f 4735 4736 4737
v 926.1288 698.9276 282.6913
v 928.0416 698.0775 282.9802
v 928.7015 699.1658 282.9799
f 4738 4739 4740
v 928.3493 701.7266 282.6907
v 928.7015 699.1658 282.9799
v 929.6118 700.0563 282.9797
f 4741 4742 4743
v 928.7015 699.1658 282.9799
v 928.3493 701.7266 282.6907
v 927.0639 700.4680 282.6910
f 4744 4745 4746
v 929.9057 702.6274 282.6904
v 929.6118 700.0563 282.9797
v 930.7115 700.6943 282.9795
f 4747 4748 4749
v 929.6118 700.0563 282.9797
v 929.9057 702.6274 282.6904
v 928.3493 701.7266 282.6907
f 4750 4751 4752
v 931.6350 703.1148 282.6901
v 930.7115 700.6943 282.9795
v 931.9345 701.0370 282.9793
f 4753 4754 4755
v 930.7115 700.6943 282.9795
v 931.6350 703.1148 282.6901
v 929.9057 702.6274 282.6904
f 4756 4757 4758
v 933.4281 703.1560 282.6898
v 931.9345 701.0370 282.9793
v 933.2025 701.0667 282.9791
f 4759 4760 4761
v 931.9345 701.0370 282.9793
v 933.4281 703.1560 282.6898
v 931.6350 703.1148 282.6901
f 4762 4763 4764
v 935.1739 702.7483 282.6896
v 933.2025 701.0667 282.9791
v 934.4357 700.7783 282.9789
f 4765 4766 4767
v 933.2025 701.0667 282.9791
v 935.1739 702.7483 282.6896
v 933.4281 703.1560 282.6898
f 4768 4769 4770
v 935.5581 700.1913 282.9788
v 936.7597 701.9181 282.6895
v 935.1739 702.7483 282.6896
f 4771 4772 4773
v 935.1739 702.7483 282.6896
v 934.4357 700.7783 282.9789
v 935.5581 700.1913 282.9788
f 4774 4775 4776
v 925.8906 693.6532 282.6920
v 925.5244 695.4112 282.6918
v 923.9200 695.2735 282.3172
f 4777 4778 4779
v 923.9200 695.2735 282.3172
v 924.3702 693.1213 282.3172
v 925.8906 693.6532 282.6920
f 4780 4781 4782
v 925.5244 695.4112 282.6918
v 925.6052 697.2070 282.6916
v 924.0199 697.4721 282.3169
f 4783 4784 4785
v 924.0199 697.4721 282.3169
v 923.9200 695.2735 282.3172
v 925.5244 695.4112 282.6918
f 4786 4787 4788
v 925.6052 697.2070 282.6916
v 926.1288 698.9276 282.6913
v 924.6615 699.5804 282.3166
f 4789 4790 4791
v 924.6615 699.5804 282.3166
v 924.0199 697.4721 282.3169
v 925.6052 697.2070 282.6916
f 4792 4793 4794
v 926.1288 698.9276 282.6913
v 927.0639 700.4680 282.6910
v 925.8065 701.4663 282.3162
f 4795 4796 4797
v 925.8065 701.4663 282.3162
v 924.6615 699.5804 282.3166
v 926.1288 698.9276 282.6913
f 4798 4799 4800
v 925.8065 701.4663 282.3162
v 928.3493 701.7266 282.6907
v 927.3807 703.0081 282.3158
f 4801 4802 4803
v 928.3493 701.7266 282.6907
v 925.8065 701.4663 282.3162
v 927.0639 700.4680 282.6910
f 4804 4805 4806
v 927.3807 703.0081 282.3158
v 929.9057 702.6274 282.6904
v 929.2876 704.1130 282.3154
f 4807 4808 4809
v 929.9057 702.6274 282.6904
v 927.3807 703.0081 282.3158
v 928.3493 701.7266 282.6907
f 4810 4811 4812
v 929.2876 704.1130 282.3154
v 931.6350 703.1148 282.6901
v 931.4052 704.7083 282.3150
f 4813 4814 4815
v 931.6350 703.1148 282.6901
v 929.2876 704.1130 282.3154
v 929.9057 702.6274 282.6904
f 4816 4817 4818
v 931.4052 704.7083 282.3150
v 933.4281 703.1560 282.6898
v 933.6023 704.7575 282.3147
f 4819 4820 4821
v 933.4281 703.1560 282.6898
v 931.4052 704.7083 282.3150
v 931.6350 703.1148 282.6901
f 4822 4823 4824
v 932.8346 685.8866 281.4099
v 930.3922 686.4842 281.8801
v 930.3123 686.1484 281.4102
f 4825 4826 4827
v 930.3922 686.4842 281.8801
v 932.8346 685.8866 281.4099
v 932.8276 686.2327 281.8798
f 4828 4829 4830
v 932.8303 685.8830 254.1308
v 932.8346 685.8866 281.4099
v 930.3123 686.1484 281.4102
f 4831 4832 4833
v 930.3123 686.1484 281.4102
v 928.0986 687.3363 281.8804
v 927.9377 687.0297 281.4105
f 4834 4835 4836
v 928.0986 687.3363 281.8804
v 930.3123 686.1484 281.4102
v 930.3922 686.4842 281.8801
f 4837 4838 4839
v 930.3080 686.1448 254.1311
v 930.3123 686.1484 281.4102
v 927.9377 687.0297 281.4105
f 4840 4841 4842
v 927.9334 687.0261 254.1314
v 927.9377 687.0297 281.4105
v 925.8586 688.4762 281.4106
f 4843 4844 4845
v 925.8586 688.4762 281.4106
v 924.4964 690.5900 281.8806
v 924.2078 690.3976 281.4107
f 4846 4847 4848
v 924.4964 690.5900 281.8806
v 925.8586 688.4762 281.4106
v 926.0913 688.7347 281.8806
f 4849 4850 4851
v 925.8543 688.4726 254.1315
v 925.8586 688.4762 281.4106
v 924.2078 690.3976 281.4107
f 4852 4853 4854
v 924.4964 690.5900 281.8806
v 923.4143 692.7868 281.8805
v 923.0879 692.6726 281.4106
f 4855 4856 4857
v 923.0879 692.6726 281.4106
v 924.2078 690.3976 281.4107
v 924.4964 690.5900 281.8806
f 4858 4859 4860
v 924.2035 690.3940 254.1316
v 924.2078 690.3976 281.4107
v 923.0879 692.6726 281.4106
f 4861 4862 4863
v 923.4143 692.7868 281.8805
v 922.9117 695.1861 281.8803
v 922.5685 695.1570 281.4104
f 4864 4865 4866
v 922.5685 695.1570 281.4104
v 923.0879 692.6726 281.4106
v 923.4143 692.7868 281.8805
f 4867 4868 4869
v 923.0836 692.6690 254.1315
v 923.0879 692.6726 281.4106
v 922.5685 695.1570 281.4104
f 4870 4871 4872
v 922.9117 695.1861 281.8803
v 923.0233 697.6398 281.8800
v 922.6833 697.6966 281.4101
f 4873 4874 4875
v 922.6833 697.6966 281.4101
v 922.5685 695.1570 281.4104
v 922.9117 695.1861 281.8803
f 4876 4877 4878
v 922.5643 695.1534 254.1313
v 922.5685 695.1570 281.4104
v 922.6833 697.6966 281.4101
f 4879 4880 4881
v 923.0233 697.6398 281.8800
v 923.7396 699.9919 281.8797
v 923.4249 700.1316 281.4097
f 4882 4883 4884
v 923.4249 700.1316 281.4097
v 922.6833 697.6966 281.4101
v 923.0233 697.6398 281.8800
f 4885 4886 4887
v 922.6791 697.6930 254.1310
v 922.6833 697.6966 281.4101
v 923.4249 700.1316 281.4097
f 4888 4889 4890
v 923.7396 699.9919 281.8797
v 925.0152 702.0934 281.8793
v 924.7457 702.3081 281.4093
f 4891 4892 4893
v 924.7457 702.3081 281.4093
v 923.4249 700.1316 281.4097
v 923.7396 699.9919 281.8797
f 4894 4895 4896
v 923.4206 700.1280 254.1306
v 923.4249 700.1316 281.4097
v 924.7457 702.3081 281.4093
f 4897 4898 4899
v 924.7457 702.3081 281.4093
v 926.7727 703.8147 281.8788
v 926.5645 704.0891 281.4088
f 4900 4901 4902
v 926.7727 703.8147 281.8788
v 924.7457 702.3081 281.4093
v 925.0152 702.0934 281.8793
f 4903 4904 4905
v 924.7414 702.3044 254.1302
v 924.7457 702.3081 281.4093
v 926.5645 704.0891 281.4088
f 4906 4907 4908
v 926.5645 704.0891 281.4088
v 928.8980 705.0450 281.8784
v 928.7668 705.3642 281.4084
f 4909 4910 4911
v 928.8980 705.0450 281.8784
v 926.5645 704.0891 281.4088
v 926.7727 703.8147 281.8788
f 4912 4913 4914
v 926.5601 704.0855 254.1297
v 926.5645 704.0891 281.4088
v 928.7668 705.3642 281.4084
f 4915 4916 4917
v 928.7668 705.3642 281.4084
v 931.2618 705.7106 281.8780
v 931.2126 706.0516 281.4079
f 4918 4919 4920
v 931.2618 705.7106 281.8780
v 928.7668 705.3642 281.4084
v 928.8980 705.0450 281.8784
f 4921 4922 4923
v 928.7625 705.3605 254.1293
v 928.7668 705.3642 281.4084
v 931.2126 706.0516 281.4079
f 4924 4925 4926
v 931.2126 706.0516 281.4079
v 933.7119 705.7660 281.8776
v 933.7488 706.1099 281.4075
f 4927 4928 4929
v 933.7119 705.7660 281.8776
v 931.2126 706.0516 281.4079
v 931.2618 705.7106 281.8780
f 4930 4931 4932
v 931.2083 706.0480 254.1288
v 931.2126 706.0516 281.4079
v 933.7488 706.1099 281.4075
f 4933 4934 4935
v 933.7488 706.1099 281.4075
v 936.0954 705.2097 281.8773
v 936.2162 705.5333 281.4072
f 4936 4937 4938
v 936.0954 705.2097 281.8773
v 933.7488 706.1099 281.4075
v 933.7119 705.7660 281.8776
f 4939 4940 4941
v 933.7445 706.1062 254.1284
v 933.7488 706.1099 281.4075
v 936.2162 705.5333 281.4072
f 4942 4943 4944
v 936.0954 705.2097 281.8773
v 938.2623 704.0749 281.8771
v 938.4600 704.3593 281.4070
f 4945 4946 4947
v 938.4600 704.3593 281.4070
v 936.2162 705.5333 281.4072
v 936.0954 705.2097 281.8773
f 4948 4949 4950
v 936.2118 705.5296 254.1281
v 936.2162 705.5333 281.4072
v 938.4600 704.3593 281.4070
f 4951 4952 4953
v 924.0199 697.4721 282.3169
v 924.6615 699.5804 282.3166
v 923.7396 699.9919 281.8797
f 4954 4955 4956
v 923.7396 699.9919 281.8797
v 923.0233 697.6398 281.8800
v 924.0199 697.4721 282.3169
f 4957 4958 4959
v 924.6615 699.5804 282.3166
v 925.8065 701.4663 282.3162
v 925.0152 702.0934 281.8793
f 4960 4961 4962
v 925.0152 702.0934 281.8793
v 923.7396 699.9919 281.8797
v 924.6615 699.5804 282.3166
f 4963 4964 4965
v 925.0152 702.0934 281.8793
v 927.3807 703.0081 282.3158
v 926.7727 703.8147 281.8788
f 4966 4967 4968
v 927.3807 703.0081 282.3158
v 925.0152 702.0934 281.8793
v 925.8065 701.4663 282.3162
f 4969 4970 4971
v 926.7727 703.8147 281.8788
v 929.2876 704.1130 282.3154
v 928.8980 705.0450 281.8784
f 4972 4973 4974
v 929.2876 704.1130 282.3154
v 926.7727 703.8147 281.8788
v 927.3807 703.0081 282.3158
f 4975 4976 4977
v 928.8980 705.0450 281.8784
v 931.4052 704.7083 282.3150
v 931.2618 705.7106 281.8780
f 4978 4979 4980
v 931.4052 704.7083 282.3150
v 928.8980 705.0450 281.8784
v 929.2876 704.1130 282.3154
f 4981 4982 4983
v 931.2618 705.7106 281.8780
v 933.6023 704.7575 282.3147
v 933.7119 705.7660 281.8776
f 4984 4985 4986
v 933.6023 704.7575 282.3147
v 931.2618 705.7106 281.8780
v 931.4052 704.7083 282.3150
f 4987 4988 4989
v 933.7119 705.7660 281.8776
v 935.7389 704.2597 282.3145
v 936.0954 705.2097 281.8773
f 4990 4991 4992
v 935.7389 704.2597 282.3145
v 933.7119 705.7660 281.8776
v 933.6023 704.7575 282.3147
f 4993 4994 4995
v 936.0954 705.2097 281.8773
v 937.6822 703.2435 282.3142
v 938.2623 704.0749 281.8771
f 4996 4997 4998
v 937.6822 703.2435 282.3142
v 936.0954 705.2097 281.8773
v 935.7389 704.2597 282.3145
f 4999 5000 5001
v 933.6023 704.7575 282.3147
v 935.1739 702.7483 282.6896
v 935.7389 704.2597 282.3145
f 5002 5003 5004
v 935.1739 702.7483 282.6896
v 933.6023 704.7575 282.3147
v 933.4281 703.1560 282.6898
f 5005 5006 5007
v 935.7389 704.2597 282.3145
v 936.7597 701.9181 282.6895
v 937.6822 703.2435 282.3142
f 5008 5009 5010
v 936.7597 701.9181 282.6895
v 935.7389 704.2597 282.3145
v 935.1739 702.7483 282.6896
f 5011 5012 5013
v 936.7597 701.9181 282.6895
v 938.0894 700.7185 282.6894
v 939.3112 701.7721 282.3141
f 5014 5015 5016
v 939.3112 701.7721 282.3141
v 937.6822 703.2435 282.3142
v 936.7597 701.9181 282.6895
f 5017 5018 5019
v 937.6822 703.2435 282.3142
v 939.3112 701.7721 282.3141
v 940.0779 702.4370 281.8770
f 5020 5021 5022
v 940.0779 702.4370 281.8770
v 938.2623 704.0749 281.8771
v 937.6822 703.2435 282.3142
f 5023 5024 5025
v 934.6456 697.7419 283.1602
v 936.4978 699.3428 282.9788
v 935.5581 700.1913 282.9788
f 5026 5027 5028
v 935.5581 700.1913 282.9788
v 934.1588 698.1811 283.1603
v 934.6456 697.7419 283.1602
f 5029 5030 5031
v 938.0894 700.7185 282.6894
v 935.5581 700.1913 282.9788
v 936.4978 699.3428 282.9788
f 5032 5033 5034
v 935.5581 700.1913 282.9788
v 938.0894 700.7185 282.6894
v 936.7597 701.9181 282.6895
f 5035 5036 5037
v 932.6570 696.0242 283.2227
v 930.4701 694.5681 283.1612
v 930.8978 694.0699 283.1612
f 5038 5039 5040
v 930.4701 694.5681 283.1612
v 932.6570 696.0242 283.2227
v 930.1797 695.1559 283.1612
f 5041 5042 5043
v 932.6570 696.0242 283.2227
v 930.0464 695.8002 283.1611
v 930.1797 695.1559 283.1612
f 5044 5045 5046
v 930.0464 695.8002 283.1611
v 932.6570 696.0242 283.2227
v 930.0752 696.4571 283.1610
f 5047 5048 5049
v 932.6570 696.0242 283.2227
v 935.2727 695.9182 283.1603
v 935.2204 696.5733 283.1603
f 5050 5051 5052
v 935.2727 695.9182 283.1603
v 932.6570 696.0242 283.2227
v 935.1609 695.2705 283.1604
f 5053 5054 5055
v 933.9579 693.7537 283.1608
v 934.4830 694.1523 283.1607
v 932.6570 696.0242 283.2227
f 5056 5057 5058
v 932.6570 696.0242 283.2227
v 933.3522 693.4974 283.1609
v 933.9579 693.7537 283.1608
f 5059 5060 5061
v 932.7020 693.4001 283.1610
v 933.3522 693.4974 283.1609
v 932.6570 696.0242 283.2227
f 5062 5063 5064
v 932.6570 696.0242 283.2227
v 932.0501 693.4668 283.1611
v 932.7020 693.4001 283.1610
f 5065 5066 5067
v 931.4358 693.6965 283.1611
v 932.0501 693.4668 283.1611
v 932.6570 696.0242 283.2227
f 5068 5069 5070
v 932.6570 696.0242 283.2227
v 930.8978 694.0699 283.1612
v 931.4358 693.6965 283.1611
f 5071 5072 5073
v 932.6570 696.0242 283.2227
v 934.8923 694.6682 283.1605
v 935.1609 695.2705 283.1604
f 5074 5075 5076
v 934.8923 694.6682 283.1605
v 932.6570 696.0242 283.2227
v 934.4830 694.1523 283.1607
f 5077 5078 5079
v 932.6570 696.0242 283.2227
v 930.2669 697.0866 283.1609
v 930.0752 696.4571 283.1610
f 5080 5081 5082
v 930.2669 697.0866 283.1609
v 932.6570 696.0242 283.2227
v 930.6104 697.6496 283.1608
f 5083 5084 5085
v 931.0796 698.1113 283.1607
v 930.6104 697.6496 283.1608
v 932.6570 696.0242 283.2227
f 5086 5087 5088
v 932.6570 696.0242 283.2227
v 931.6495 698.4409 283.1606
v 931.0796 698.1113 283.1607
f 5089 5090 5091
v 932.2829 698.6192 283.1605
v 931.6495 698.4409 283.1606
v 932.6570 696.0242 283.2227
f 5092 5093 5094
v 932.6570 696.0242 283.2227
v 932.9390 698.6344 283.1604
v 932.2829 698.6192 283.1605
f 5095 5096 5097
v 933.5786 698.4857 283.1603
v 932.9390 698.6344 283.1604
v 932.6570 696.0242 283.2227
f 5098 5099 5100
v 932.6570 696.0242 283.2227
v 934.1588 698.1811 283.1603
v 933.5786 698.4857 283.1603
f 5101 5102 5103
v 928.0986 687.3363 281.8804
v 926.0913 688.7347 281.8806
v 925.8586 688.4762 281.4106
f 5104 5105 5106
v 925.8586 688.4762 281.4106
v 927.9377 687.0297 281.4105
v 928.0986 687.3363 281.8804
f 5107 5108 5109
v 932.6570 696.0242 283.2227
v 934.6456 697.7419 283.1602
v 934.1588 698.1811 283.1603
f 5110 5111 5112
v 935.2204 696.5733 283.1603
v 935.0061 697.1939 283.1602
v 932.6570 696.0242 283.2227
f 5113 5114 5115
v 934.6456 697.7419 283.1602
v 932.6570 696.0242 283.2227
v 935.0061 697.1939 283.1602
f 5116 5117 5118
v 942.5580 698.1447 254.1280
v 931.2083 706.0480 254.1288
v 941.7314 700.5449 254.1279
f 5119 5120 5121
v 942.5580 698.1447 254.1280
v 942.7622 695.6132 254.1283
v 928.7625 705.3605 254.1293
f 5122 5123 5124
v 942.3304 693.1054 254.1286
v 926.5601 704.0855 254.1297
v 928.7625 705.3605 254.1293
f 5125 5126 5127
v 928.7625 705.3605 254.1293
v 942.7622 695.6132 254.1283
v 942.3304 693.1054 254.1286
f 5128 5129 5130
v 942.3304 693.1054 254.1286
v 941.2903 690.7822 254.1290
v 926.5601 704.0855 254.1297
f 5131 5132 5133
v 940.3351 702.6586 254.1279
v 941.7314 700.5449 254.1279
v 938.4557 704.3556 254.1279
f 5134 5135 5136
v 938.4557 704.3556 254.1279
v 941.7314 700.5449 254.1279
v 936.2118 705.5296 254.1281
f 5137 5138 5139
v 941.7314 700.5449 254.1279
v 933.7445 706.1062 254.1284
v 936.2118 705.5296 254.1281
f 5140 5141 5142
v 933.7445 706.1062 254.1284
v 941.7314 700.5449 254.1279
v 931.2083 706.0480 254.1288
f 5143 5144 5145
v 931.2083 706.0480 254.1288
v 942.5580 698.1447 254.1280
v 928.7625 705.3605 254.1293
f 5146 5147 5148
v 923.4206 700.1280 254.1306
v 941.2903 690.7822 254.1290
v 939.7079 688.7875 254.1295
f 5149 5150 5151
v 937.6829 687.2479 254.1299
v 935.3412 686.2582 254.1304
v 922.5643 695.1534 254.1313
f 5152 5153 5154
v 935.3412 686.2582 254.1304
v 932.8303 685.8830 254.1308
v 922.5643 695.1534 254.1313
f 5155 5156 5157
v 927.9334 687.0261 254.1314
v 924.2035 690.3940 254.1316
v 930.3080 686.1448 254.1311
f 5158 5159 5160
v 923.0836 692.6690 254.1315
v 932.8303 685.8830 254.1308
v 930.3080 686.1448 254.1311
f 5161 5162 5163
v 925.8543 688.4726 254.1315
v 924.2035 690.3940 254.1316
v 927.9334 687.0261 254.1314
f 5164 5165 5166
v 941.2903 690.7822 254.1290
v 923.4206 700.1280 254.1306
v 924.7414 702.3044 254.1302
f 5167 5168 5169
v 924.7414 702.3044 254.1302
v 926.5601 704.0855 254.1297
v 941.2903 690.7822 254.1290
f 5170 5171 5172
v 932.8303 685.8830 254.1308
v 923.0836 692.6690 254.1315
v 922.5643 695.1534 254.1313
f 5173 5174 5175
v 922.5643 695.1534 254.1313
v 922.6791 697.6930 254.1310
v 937.6829 687.2479 254.1299
f 5176 5177 5178
v 937.6829 687.2479 254.1299
v 922.6791 697.6930 254.1310
v 923.4206 700.1280 254.1306
f 5179 5180 5181
v 930.3080 686.1448 254.1311
v 924.2035 690.3940 254.1316
v 923.0836 692.6690 254.1315
f 5182 5183 5184
v 923.4206 700.1280 254.1306
v 939.7079 688.7875 254.1295
v 937.6829 687.2479 254.1299
f 5185 5186 5187
v 941.7314 700.5449 254.1279
v 942.5623 698.1483 281.4071
v 942.5580 698.1447 254.1280
f 5188 5189 5190
v 942.5580 698.1447 254.1280
v 942.7665 695.6169 281.4074
v 942.7622 695.6132 254.1283
f 5191 5192 5193
v 942.7622 695.6132 254.1283
v 942.3348 693.1090 281.4077
v 942.3304 693.1054 254.1286
f 5194 5195 5196
v 942.3304 693.1054 254.1286
v 941.2946 690.7858 281.4081
v 941.2903 690.7822 254.1290
f 5197 5198 5199
v 941.2903 690.7822 254.1290
v 939.7122 688.7911 281.4086
v 939.7079 688.7875 254.1295
f 5200 5201 5202
v 939.7079 688.7875 254.1295
v 937.6872 687.2515 281.4090
v 937.6829 687.2479 254.1299
f 5203 5204 5205
v 937.6829 687.2479 254.1299
v 935.3455 686.2618 281.4095
v 935.3412 686.2582 254.1304
f 5206 5207 5208
v 935.3412 686.2582 254.1304
v 932.8346 685.8866 281.4099
v 932.8303 685.8830 254.1308
f 5209 5210 5211
v 938.4557 704.3556 254.1279
v 940.3394 702.6623 281.4070
v 940.3351 702.6586 254.1279
f 5212 5213 5214
v 940.3351 702.6586 254.1279
v 941.7358 700.5486 281.4070
v 941.7314 700.5449 254.1279
f 5215 5216 5217
v 932.8303 685.8830 254.1308
v 930.3123 686.1484 281.4102
v 930.3080 686.1448 254.1311
f 5218 5219 5220
v 930.3080 686.1448 254.1311
v 927.9377 687.0297 281.4105
v 927.9334 687.0261 254.1314
f 5221 5222 5223
v 927.9334 687.0261 254.1314
v 925.8586 688.4762 281.4106
v 925.8543 688.4726 254.1315
f 5224 5225 5226
v 925.8543 688.4726 254.1315
v 924.2078 690.3976 281.4107
v 924.2035 690.3940 254.1316
f 5227 5228 5229
v 924.2035 690.3940 254.1316
v 923.0879 692.6726 281.4106
v 923.0836 692.6690 254.1315
f 5230 5231 5232
v 923.0836 692.6690 254.1315
v 922.5685 695.1570 281.4104
v 922.5643 695.1534 254.1313
f 5233 5234 5235
v 922.5643 695.1534 254.1313
v 922.6833 697.6966 281.4101
v 922.6791 697.6930 254.1310
f 5236 5237 5238
v 922.6791 697.6930 254.1310
v 923.4249 700.1316 281.4097
v 923.4206 700.1280 254.1306
f 5239 5240 5241
v 923.4206 700.1280 254.1306
v 924.7457 702.3081 281.4093
v 924.7414 702.3044 254.1302
f 5242 5243 5244
v 924.7414 702.3044 254.1302
v 926.5645 704.0891 281.4088
v 926.5601 704.0855 254.1297
f 5245 5246 5247
v 926.5601 704.0855 254.1297
v 928.7668 705.3642 281.4084
v 928.7625 705.3605 254.1293
f 5248 5249 5250
v 928.7625 705.3605 254.1293
v 931.2126 706.0516 281.4079
v 931.2083 706.0480 254.1288
f 5251 5252 5253
v 931.2083 706.0480 254.1288
v 933.7488 706.1099 281.4075
v 933.7445 706.1062 254.1284
f 5254 5255 5256
v 933.7445 706.1062 254.1284
v 936.2162 705.5333 281.4072
v 936.2118 705.5296 254.1281
f 5257 5258 5259
v 936.2118 705.5296 254.1281
v 938.4600 704.3593 281.4070
v 938.4557 704.3556 254.1279
f 5260 5261 5262

g building_ID_49FAE60B-831F-4909-B383-2B2F628D113D
v 820.6507 693.4547 255.9374
v 825.1355 698.2616 255.9363
v 829.9411 688.8239 255.9367
f 5263 5264 5265
v 829.9411 688.8239 255.9367
v 825.1355 698.2616 255.9363
v 832.4064 691.5532 255.9360
f 5266 5267 5268
v 820.6507 693.4547 255.9374
v 829.9411 688.8239 255.9367
v 827.8240 686.5316 255.9372
f 5269 5270 5271
v 820.6098 693.4928 255.9374
v 820.6507 693.4547 255.9374
v 820.4614 693.3323 255.9374
f 5272 5273 5274
v 827.8240 686.5316 255.9372
v 820.4614 693.3323 255.9374
v 820.6507 693.4547 255.9374
f 5275 5276 5277
v 820.6552 693.4589 287.7664
v 820.6143 693.4971 287.7664
v 820.4658 693.3365 287.8044
f 5278 5279 5280
v 821.7763 694.6609 287.4811
v 829.9455 688.8281 287.2617
v 825.1398 698.2657 286.6243
f 5281 5282 5283
v 827.8285 686.5358 287.8041
v 821.7763 694.6609 287.4811
v 820.6552 693.4589 287.7664
f 5284 5285 5286
v 827.8285 686.5358 287.8041
v 820.6552 693.4589 287.7664
v 820.4658 693.3365 287.8044
f 5287 5288 5289
v 825.1398 698.2657 286.6243
v 829.9455 688.8281 287.2617
v 832.4108 691.5573 286.6230
f 5290 5291 5292
v 827.8285 686.5358 287.8041
v 829.9455 688.8281 287.2617
v 821.7763 694.6609 287.4811
f 5293 5294 5295
v 820.6526 693.4565 269.8630
v 820.6552 693.4589 287.7664
v 821.7763 694.6609 287.4811
f 5296 5297 5298
v 821.7763 694.6609 287.4811
v 820.6507 693.4547 255.9374
v 820.6526 693.4565 269.8630
f 5299 5300 5301
v 820.4647 693.3354 279.3566
v 820.4658 693.3365 287.8044
v 820.6143 693.4971 287.7664
f 5302 5303 5304
v 827.8273 686.5347 279.3524
v 827.8285 686.5358 287.8041
v 820.4647 693.3354 279.3566
f 5305 5306 5307
v 829.9411 688.8239 255.9367
v 829.9455 688.8281 287.2617
v 827.9858 686.7063 279.3043
f 5308 5309 5310
v 827.8273 686.5347 279.3524
v 827.9858 686.7063 279.3043
v 827.8285 686.5358 287.8041
f 5311 5312 5313
v 829.9455 688.8281 287.2617
v 827.8285 686.5358 287.8041
v 827.9858 686.7063 279.3043
f 5314 5315 5316
v 827.8240 686.5316 255.9372
v 827.9825 686.7032 256.3621
v 827.8241 686.5317 256.3622
f 5317 5318 5319
v 829.9411 688.8239 255.9367
v 827.9825 686.7032 256.3621
v 827.8240 686.5316 255.9372
f 5320 5321 5322
v 829.9411 688.8239 255.9367
v 827.9858 686.7063 279.3043
v 827.9825 686.7032 256.3621
f 5323 5324 5325
v 829.9411 688.8239 255.9367
v 832.4064 691.5532 255.9360
v 832.4108 691.5573 286.6230
f 5326 5327 5328
v 829.9455 688.8281 287.2617
v 829.9411 688.8239 255.9367
v 832.4108 691.5573 286.6230
f 5329 5330 5331
v 825.1355 698.2616 255.9363
v 832.4108 691.5573 286.6230
v 832.4064 691.5532 255.9360
f 5332 5333 5334
v 797.9410 655.6721 279.3764
v 790.5982 691.6769 283.8304
v 776.0206 675.9447 279.3701
f 5335 5336 5337
v 819.8624 635.4007 279.3827
v 790.5982 691.6769 283.8304
v 797.9410 655.6721 279.3764
f 5338 5339 5340
v 878.1885 610.4842 283.8271
v 819.8624 635.4007 279.3827
v 841.7828 615.1282 279.3888
f 5341 5342 5343
v 841.7828 615.1282 279.3888
v 863.7032 594.8557 279.3948
v 878.1885 610.4842 283.8271
f 5344 5345 5346
v 790.5982 691.6769 283.8304
v 819.8624 635.4007 279.3827
v 878.1885 610.4842 283.8271
f 5347 5348 5349
v 829.2884 685.4568 279.3103
v 829.3085 685.4797 279.3043
v 829.3066 685.4780 266.3698
f 5350 5351 5352
v 827.9703 686.6423 256.3622
v 828.0055 686.6811 256.3621
v 828.0087 686.6841 279.3043
f 5353 5354 5355
v 776.0191 675.9431 267.8554
v 841.7828 615.1282 279.3888
v 819.8624 635.4007 279.3827
f 5356 5357 5358
v 797.9410 655.6721 279.3764
v 776.0206 675.9447 279.3701
v 776.0191 675.9431 267.8554
f 5359 5360 5361
v 863.6998 594.8530 256.3666
v 776.0191 675.9431 267.8554
v 776.0175 675.9417 256.3698
f 5362 5363 5364
v 820.4614 693.3323 255.9374
v 820.4614 693.3323 256.3624
v 820.6099 693.4929 256.3624
f 5365 5366 5367
v 827.8240 686.5316 255.9372
v 827.8241 686.5317 256.3622
v 820.4614 693.3323 256.3624
f 5368 5369 5370
v 790.5944 691.6733 256.3663
v 878.1845 610.4809 256.3631
v 863.6998 594.8530 256.3666
f 5371 5372 5373
v 790.5944 691.6733 256.3663
v 837.2915 675.9444 256.3621
v 878.1845 610.4809 256.3631
f 5374 5375 5376
v 892.9860 626.4470 256.3595
v 878.1845 610.4809 256.3631
v 852.1251 664.3239 256.3612
f 5377 5378 5379
v 837.2915 675.9444 256.3621
v 852.1251 664.3239 256.3612
v 878.1845 610.4809 256.3631
f 5380 5381 5382
v 838.3396 677.0786 256.3618
v 852.1251 664.3239 256.3612
v 837.2915 675.9444 256.3621
f 5383 5384 5385
v 838.1242 677.2952 256.3618
v 838.3396 677.0786 256.3618
v 838.1152 677.2862 256.3618
f 5386 5387 5388
v 852.1251 664.3239 256.3612
v 838.3396 677.0786 256.3618
v 838.1242 677.2952 256.3618
f 5389 5390 5391
v 790.5944 691.6733 256.3663
v 863.6998 594.8530 256.3666
v 776.0175 675.9417 256.3698
f 5392 5393 5394
v 827.8241 686.5317 256.3622
v 828.1035 684.4310 256.3624
v 820.4614 693.3323 256.3624
f 5395 5396 5397
v 828.1035 684.4310 256.3624
v 805.3469 707.5926 256.3628
v 820.4614 693.3323 256.3624
f 5398 5399 5400
v 829.1565 685.5701 256.3621
v 828.1035 684.4310 256.3624
v 827.8241 686.5317 256.3622
f 5401 5402 5403
v 837.2915 675.9444 256.3621
v 790.5944 691.6733 256.3663
v 828.1035 684.4310 256.3624
f 5404 5405 5406
v 790.5944 691.6733 256.3663
v 805.3469 707.5926 256.3628
v 828.1035 684.4310 256.3624
f 5407 5408 5409
v 827.8241 686.5317 256.3622
v 827.9703 686.6423 256.3622
v 829.1565 685.5701 256.3621
f 5410 5411 5412
v 827.9825 686.7032 256.3621
v 828.0055 686.6811 256.3621
v 827.9703 686.6423 256.3622
f 5413 5414 5415
v 827.8241 686.5317 256.3622
v 827.9825 686.7032 256.3621
v 827.9703 686.6423 256.3622
f 5416 5417 5418
v 820.6099 693.4929 256.3624
v 820.4614 693.3323 256.3624
v 805.3469 707.5926 256.3628
f 5419 5420 5421
v 820.4647 693.3354 279.3566
v 805.3501 707.5957 279.3191
v 790.5982 691.6769 283.8304
f 5422 5423 5424
v 790.5982 691.6769 283.8304
v 827.8273 686.5347 279.3524
v 820.4647 693.3354 279.3566
f 5425 5426 5427
v 827.9736 686.6453 279.3154
v 827.9858 686.7063 279.3043
v 827.8273 686.5347 279.3524
f 5428 5429 5430
v 820.6130 693.4959 279.3116
v 805.3501 707.5957 279.3191
v 820.4647 693.3354 279.3566
f 5431 5432 5433
v 827.8273 686.5347 279.3524
v 790.5982 691.6769 283.8304
v 852.1285 664.3268 279.3035
f 5434 5435 5436
v 828.0087 686.6841 279.3043
v 827.9858 686.7063 279.3043
v 827.9736 686.6453 279.3154
f 5437 5438 5439
v 827.9736 686.6453 279.3154
v 827.8273 686.5347 279.3524
v 829.2884 685.4568 279.3103
f 5440 5441 5442
v 838.1274 677.2982 279.3040
v 829.3085 685.4797 279.3043
v 829.2884 685.4568 279.3103
f 5443 5444 5445
v 790.5982 691.6769 283.8304
v 878.1885 610.4842 283.8271
v 852.1285 664.3268 279.3035
f 5446 5447 5448
v 827.8273 686.5347 279.3524
v 838.1274 677.2982 279.3040
v 829.2884 685.4568 279.3103
f 5449 5450 5451
v 827.8273 686.5347 279.3524
v 852.1285 664.3268 279.3035
v 838.1274 677.2982 279.3040
f 5452 5453 5454
v 878.1885 610.4842 283.8271
v 892.9895 626.4498 279.3017
v 852.1285 664.3268 279.3035
f 5455 5456 5457
v 827.9825 686.7032 256.3621
v 827.9858 686.7063 279.3043
v 828.0087 686.6841 279.3043
f 5458 5459 5460
v 827.9825 686.7032 256.3621
v 828.0087 686.6841 279.3043
v 828.0055 686.6811 256.3621
f 5461 5462 5463
v 838.1151 677.2862 255.9328
v 838.3395 677.0785 255.9328
v 837.2915 675.9444 255.9331
f 5464 5465 5466
v 829.2851 685.4536 255.9331
v 842.2850 681.7909 255.9318
v 838.1151 677.2862 255.9328
f 5467 5468 5469
v 838.1151 677.2862 255.9328
v 837.2915 675.9444 255.9331
v 828.1034 684.4309 255.9334
f 5470 5471 5472
v 829.2851 685.4536 255.9331
v 828.1034 684.4309 255.9334
v 829.1564 685.5700 255.9331
f 5473 5474 5475
v 842.2850 681.7909 255.9318
v 829.2851 685.4536 255.9331
v 833.3992 690.0076 255.9321
f 5476 5477 5478
v 838.1151 677.2862 255.9328
v 828.1034 684.4309 255.9334
v 829.2851 685.4536 255.9331
f 5479 5480 5481
v 833.3992 690.0076 255.9321
v 833.4007 690.0090 266.3688
v 842.2866 681.7923 266.3684
f 5482 5483 5484
v 829.3066 685.4780 266.3698
v 838.1256 677.2965 266.3694
v 842.2866 681.7923 266.3684
f 5485 5486 5487
v 842.2866 681.7923 266.3684
v 833.4007 690.0090 266.3688
v 829.3066 685.4780 266.3698
f 5488 5489 5490
v 829.3066 685.4780 266.3698
v 829.2851 685.4536 255.9331
v 829.2884 685.4568 279.3103
f 5491 5492 5493
v 829.2851 685.4536 255.9331
v 833.4007 690.0090 266.3688
v 833.3992 690.0076 255.9321
f 5494 5495 5496
v 829.3066 685.4780 266.3698
v 833.4007 690.0090 266.3688
v 829.2851 685.4536 255.9331
f 5497 5498 5499
v 828.1034 684.4309 255.9334
v 828.1035 684.4310 256.3624
v 829.1565 685.5701 256.3621
f 5500 5501 5502
v 837.2915 675.9444 255.9331
v 837.2915 675.9444 256.3621
v 828.1035 684.4310 256.3624
f 5503 5504 5505
v 838.3395 677.0785 255.9328
v 838.3396 677.0786 256.3618
v 837.2915 675.9444 256.3621
f 5506 5507 5508
v 838.1151 677.2862 255.9328
v 838.1152 677.2862 256.3618
v 838.3396 677.0786 256.3618
f 5509 5510 5511
v 838.1242 677.2952 256.3618
v 842.2850 681.7909 255.9318
v 842.2866 681.7923 266.3684
f 5512 5513 5514
v 838.1256 677.2965 266.3694
v 838.1242 677.2952 256.3618
v 842.2866 681.7923 266.3684
f 5515 5516 5517
v 838.1151 677.2862 255.9328
v 838.1242 677.2952 256.3618
v 838.1152 677.2862 256.3618
f 5518 5519 5520
v 842.2850 681.7909 255.9318
v 838.1242 677.2952 256.3618
v 838.1151 677.2862 255.9328
f 5521 5522 5523
v 829.2851 685.4536 255.9331
v 829.1564 685.5700 255.9331
v 829.1565 685.5701 256.3621
f 5524 5525 5526
v 829.2884 685.4568 279.3103
v 829.1565 685.5701 256.3621
v 827.9703 686.6423 256.3622
f 5527 5528 5529
v 829.2884 685.4568 279.3103
v 827.9703 686.6423 256.3622
v 827.9736 686.6453 279.3154
f 5530 5531 5532
v 829.1565 685.5701 256.3621
v 829.2884 685.4568 279.3103
v 829.2851 685.4536 255.9331
f 5533 5534 5535
v 776.0191 675.9431 267.8554
v 776.0206 675.9447 279.3701
v 805.3469 707.5926 256.3628
f 5536 5537 5538
v 776.0206 675.9447 279.3701
v 805.3501 707.5957 279.3191
v 805.3469 707.5926 256.3628
f 5539 5540 5541
v 790.5944 691.6733 256.3663
v 776.0175 675.9417 256.3698
v 776.0191 675.9431 267.8554
f 5542 5543 5544
v 805.3469 707.5926 256.3628
v 790.5944 691.6733 256.3663
v 776.0191 675.9431 267.8554
f 5545 5546 5547
v 776.0206 675.9447 279.3701
v 790.5982 691.6769 283.8304
v 805.3501 707.5957 279.3191
f 5548 5549 5550
v 892.9860 626.4470 256.3595
v 892.9895 626.4498 279.3017
v 878.1885 610.4842 283.8271
f 5551 5552 5553
v 878.1885 610.4842 283.8271
v 878.1845 610.4809 256.3631
v 892.9860 626.4470 256.3595
f 5554 5555 5556
v 878.1845 610.4809 256.3631
v 878.1885 610.4842 283.8271
v 863.7032 594.8557 279.3948
f 5557 5558 5559
v 878.1845 610.4809 256.3631
v 863.7032 594.8557 279.3948
v 863.6998 594.8530 256.3666
f 5560 5561 5562
v 829.3066 685.4780 266.3698
v 829.3085 685.4797 279.3043
v 838.1274 677.2982 279.3040
f 5563 5564 5565
v 838.1274 677.2982 279.3040
v 838.1256 677.2965 266.3694
v 829.3066 685.4780 266.3698
f 5566 5567 5568
v 852.1285 664.3268 279.3035
v 852.1251 664.3239 256.3612
v 838.1256 677.2965 266.3694
f 5569 5570 5571
v 838.1274 677.2982 279.3040
v 852.1285 664.3268 279.3035
v 838.1256 677.2965 266.3694
f 5572 5573 5574
v 852.1285 664.3268 279.3035
v 892.9895 626.4498 279.3017
v 892.9860 626.4470 256.3595
f 5575 5576 5577
v 838.1256 677.2965 266.3694
v 852.1251 664.3239 256.3612
v 838.1242 677.2952 256.3618
f 5578 5579 5580
v 805.3501 707.5957 279.3191
v 820.6526 693.4565 269.8630
v 805.3469 707.5926 256.3628
f 5581 5582 5583
v 805.3469 707.5926 256.3628
v 820.6526 693.4565 269.8630
v 820.6099 693.4929 256.3624
f 5584 5585 5586
v 820.6507 693.4547 255.9374
v 820.6098 693.4928 255.9374
v 820.6099 693.4929 256.3624
f 5587 5588 5589
v 820.6526 693.4565 269.8630
v 805.3501 707.5957 279.3191
v 820.6130 693.4959 279.3116
f 5590 5591 5592
v 820.6526 693.4565 269.8630
v 820.6143 693.4971 287.7664
v 820.6552 693.4589 287.7664
f 5593 5594 5595
v 820.6526 693.4565 269.8630
v 820.6507 693.4547 255.9374
v 820.6099 693.4929 256.3624
f 5596 5597 5598
v 820.6130 693.4959 279.3116
v 820.6143 693.4971 287.7664
v 820.6526 693.4565 269.8630
f 5599 5600 5601
v 821.7763 694.6609 287.4811
v 825.1398 698.2657 286.6243
v 820.6507 693.4547 255.9374
f 5602 5603 5604
v 820.6507 693.4547 255.9374
v 825.1398 698.2657 286.6243
v 825.1355 698.2616 255.9363
f 5605 5606 5607
v 820.4647 693.3354 279.3566
v 820.6143 693.4971 287.7664
v 820.6130 693.4959 279.3116
f 5608 5609 5610
v 827.8285 686.5358 287.8041
v 820.4658 693.3365 287.8044
v 820.4647 693.3354 279.3566
f 5611 5612 5613
v 832.4108 691.5573 286.6230
v 825.1355 698.2616 255.9363
v 825.1398 698.2657 286.6243
f 5614 5615 5616
v 828.0087 686.6841 279.3043
v 827.9736 686.6453 279.3154
v 827.9703 686.6423 256.3622
f 5617 5618 5619
v 863.7032 594.8557 279.3948
v 841.7828 615.1282 279.3888
v 776.0191 675.9431 267.8554
f 5620 5621 5622
v 776.0191 675.9431 267.8554
v 863.6998 594.8530 256.3666
v 863.7032 594.8557 279.3948
f 5623 5624 5625
v 797.9410 655.6721 279.3764
v 776.0191 675.9431 267.8554
v 819.8624 635.4007 279.3827
f 5626 5627 5628
v 820.4614 693.3323 255.9374
v 820.6099 693.4929 256.3624
v 820.6098 693.4928 255.9374
f 5629 5630 5631
v 827.8240 686.5316 255.9372
v 820.4614 693.3323 256.3624
v 820.4614 693.3323 255.9374
f 5632 5633 5634
v 833.3992 690.0076 255.9321
v 842.2866 681.7923 266.3684
v 842.2850 681.7909 255.9318
f 5635 5636 5637
v 828.1034 684.4309 255.9334
v 829.1565 685.5701 256.3621
v 829.1564 685.5700 255.9331
f 5638 5639 5640
v 837.2915 675.9444 255.9331
v 828.1035 684.4310 256.3624
v 828.1034 684.4309 255.9334
f 5641 5642 5643
v 838.3395 677.0785 255.9328
v 837.2915 675.9444 256.3621
v 837.2915 675.9444 255.9331
f 5644 5645 5646
v 838.1151 677.2862 255.9328
v 838.3396 677.0786 256.3618
v 838.3395 677.0785 255.9328
f 5647 5648 5649
v 852.1285 664.3268 279.3035
v 892.9860 626.4470 256.3595
v 852.1251 664.3239 256.3612
f 5650 5651 5652

g building_ID_FA2A3E58-F702-40A1-B2E1-FA0084EFC85F
v 853.1753 691.6566 255.8743
v 856.6396 680.9394 255.8750
v 849.4175 687.6167 255.8752
f 5653 5654 5655
v 853.1753 691.6566 255.8743
v 860.4023 684.9843 255.8740
v 856.6396 680.9394 255.8750
f 5656 5657 5658
v 860.4047 684.9864 272.0034
v 851.6844 693.0367 272.0108
v 856.6420 680.9417 272.9694
f 5659 5660 5661
v 851.6844 693.0367 272.0108
v 847.9277 688.9980 272.9767
v 856.6420 680.9417 272.9694
f 5662 5663 5664
v 860.4047 684.9864 272.0034
v 859.9334 684.4799 265.3139
v 860.4037 684.9855 265.1777
f 5665 5666 5667
v 859.9334 684.4799 265.3139
v 860.4047 684.9864 272.0034
v 858.5214 682.9617 265.7222
f 5668 5669 5670
v 860.4047 684.9864 272.0034
v 856.6420 680.9417 272.9694
v 856.6413 680.9411 267.8516
f 5671 5672 5673
v 856.6410 680.9408 266.2666
v 858.5214 682.9617 265.7222
v 860.4047 684.9864 272.0034
f 5674 5675 5676
v 856.6410 680.9408 266.2666
v 860.4047 684.9864 272.0034
v 856.6413 680.9411 267.8516
f 5677 5678 5679
v 847.9274 688.9976 270.5688
v 847.9277 688.9980 272.9767
v 848.3998 689.5053 270.4177
f 5680 5681 5682
v 848.3998 689.5053 270.4177
v 847.9277 688.9980 272.9767
v 851.6844 693.0367 272.0108
f 5683 5684 5685
v 851.2136 692.5306 269.5130
v 848.3998 689.5053 270.4177
v 851.6844 693.0367 272.0108
f 5686 5687 5688
v 851.2136 692.5306 269.5130
v 851.6844 693.0367 272.0108
v 851.6840 693.0363 269.3628
f 5689 5690 5691
v 863.2113 682.3908 255.8899
v 863.2127 682.3920 265.1746
v 859.4466 678.3450 255.8909
f 5692 5693 5694
v 859.9019 684.4466 255.8902
v 860.4023 684.9843 255.8740
v 860.4023 684.9843 255.8900
f 5695 5696 5697
v 859.9019 684.4466 255.8902
v 856.6396 680.9394 255.8750
v 860.4023 684.9843 255.8740
f 5698 5699 5700
v 859.9019 684.4466 255.8902
v 856.6396 680.9394 255.8910
v 856.6396 680.9394 255.8750
f 5701 5702 5703
v 859.9019 684.4466 255.8902
v 859.4466 678.3450 255.8909
v 856.6396 680.9394 255.8910
f 5704 5705 5706
v 863.2113 682.3908 255.8899
v 859.9019 684.4466 255.8902
v 860.4023 684.9843 255.8900
f 5707 5708 5709
v 859.9019 684.4466 255.8902
v 863.2113 682.3908 255.8899
v 859.4466 678.3450 255.8909
f 5710 5711 5712
v 859.9334 684.4799 265.3139
v 863.2127 682.3920 265.1746
v 860.4037 684.9855 265.1777
f 5713 5714 5715
v 858.5214 682.9617 265.7222
v 859.4480 678.3463 266.2645
v 863.2127 682.3920 265.1746
f 5716 5717 5718
v 859.9334 684.4799 265.3139
v 858.5214 682.9617 265.7222
v 863.2127 682.3920 265.1746
f 5719 5720 5721
v 859.4480 678.3463 266.2645
v 858.5214 682.9617 265.7222
v 856.6410 680.9408 266.2666
f 5722 5723 5724
v 853.1743 691.6556 255.8053
v 844.1307 692.5038 255.8064
v 847.8686 696.5536 255.8055
f 5725 5726 5727
v 853.1743 691.6556 255.8053
v 849.4175 687.6166 255.8062
v 844.1307 692.5038 255.8064
f 5728 5729 5730
v 844.1318 692.5047 263.1892
v 844.1328 692.5058 270.5729
v 847.8705 696.5555 269.3671
f 5731 5732 5733
v 844.1307 692.5038 255.8064
v 844.1318 692.5047 263.1892
v 847.8705 696.5555 269.3671
f 5734 5735 5736
v 844.1307 692.5038 255.8064
v 847.8694 696.5545 261.9843
v 847.8686 696.5536 255.8055
f 5737 5738 5739
v 847.8705 696.5555 269.3671
v 851.2136 692.5306 269.5130
v 851.6840 693.0363 269.3628
f 5740 5741 5742
v 848.3998 689.5053 270.4177
v 851.2136 692.5306 269.5130
v 847.8705 696.5555 269.3671
f 5743 5744 5745
v 844.1328 692.5058 270.5729
v 847.9274 688.9976 270.5688
v 848.3998 689.5053 270.4177
f 5746 5747 5748
v 848.3998 689.5053 270.4177
v 847.8705 696.5555 269.3671
v 844.1328 692.5058 270.5729
f 5749 5750 5751
v 849.4175 687.6167 255.8752
v 853.1743 691.6556 255.8053
v 853.1753 691.6566 255.8743
f 5752 5753 5754
v 853.1743 691.6556 255.8053
v 849.4175 687.6167 255.8752
v 849.4175 687.6166 255.8062
f 5755 5756 5757
v 856.6413 680.9411 267.8516
v 847.9274 688.9976 270.5688
v 856.6410 680.9408 266.2666
f 5758 5759 5760
v 856.6396 680.9394 255.8910
v 849.4175 687.6167 255.8752
v 856.6396 680.9394 255.8750
f 5761 5762 5763
v 859.4480 678.3463 266.2645
v 856.6396 680.9394 255.8910
v 859.4466 678.3450 255.8909
f 5764 5765 5766
v 856.6396 680.9394 255.8910
v 856.6410 680.9408 266.2666
v 849.4175 687.6167 255.8752
f 5767 5768 5769
v 856.6396 680.9394 255.8910
v 859.4480 678.3463 266.2645
v 856.6410 680.9408 266.2666
f 5770 5771 5772
v 847.9277 688.9980 272.9767
v 856.6413 680.9411 267.8516
v 856.6420 680.9417 272.9694
f 5773 5774 5775
v 847.9274 688.9976 270.5688
v 844.1318 692.5047 263.1892
v 856.6410 680.9408 266.2666
f 5776 5777 5778
v 847.9277 688.9980 272.9767
v 847.9274 688.9976 270.5688
v 856.6413 680.9411 267.8516
f 5779 5780 5781
v 844.1318 692.5047 263.1892
v 847.9274 688.9976 270.5688
v 844.1328 692.5058 270.5729
f 5782 5783 5784
v 849.4175 687.6166 255.8062
v 849.4175 687.6167 255.8752
v 844.1307 692.5038 255.8064
f 5785 5786 5787
v 844.1307 692.5038 255.8064
v 849.4175 687.6167 255.8752
v 844.1318 692.5047 263.1892
f 5788 5789 5790
v 849.4175 687.6167 255.8752
v 856.6410 680.9408 266.2666
v 844.1318 692.5047 263.1892
f 5791 5792 5793
v 851.6840 693.0363 269.3628
v 851.6844 693.0367 272.0108
v 860.4037 684.9855 265.1777
f 5794 5795 5796
v 851.6840 693.0363 269.3628
v 847.8694 696.5545 261.9843
v 847.8705 696.5555 269.3671
f 5797 5798 5799
v 847.8694 696.5545 261.9843
v 853.1753 691.6566 255.8743
v 847.8686 696.5536 255.8055
f 5800 5801 5802
v 851.6840 693.0363 269.3628
v 860.4037 684.9855 265.1777
v 847.8694 696.5545 261.9843
f 5803 5804 5805
v 847.8694 696.5545 261.9843
v 860.4037 684.9855 265.1777
v 853.1753 691.6566 255.8743
f 5806 5807 5808
v 860.4023 684.9843 255.8900
v 853.1753 691.6566 255.8743
v 860.4037 684.9855 265.1777
f 5809 5810 5811
v 860.4023 684.9843 255.8900
v 860.4023 684.9843 255.8740
v 853.1753 691.6566 255.8743
f 5812 5813 5814
v 847.8686 696.5536 255.8055
v 853.1753 691.6566 255.8743
v 853.1743 691.6556 255.8053
f 5815 5816 5817
v 863.2127 682.3920 265.1746
v 863.2113 682.3908 255.8899
v 860.4023 684.9843 255.8900
f 5818 5819 5820
v 860.4023 684.9843 255.8900
v 860.4037 684.9855 265.1777
v 863.2127 682.3920 265.1746
f 5821 5822 5823
v 860.4047 684.9864 272.0034
v 860.4037 684.9855 265.1777
v 851.6844 693.0367 272.0108
f 5824 5825 5826
v 863.2127 682.3920 265.1746
v 859.4480 678.3463 266.2645
v 859.4466 678.3450 255.8909
f 5827 5828 5829
v 844.1307 692.5038 255.8064
v 847.8705 696.5555 269.3671
v 847.8694 696.5545 261.9843
f 5830 5831 5832

g building_ID_E028BF34-8D87-4250-AB4A-EA914F36F73E
v 740.2280 591.5768 264.0192
v 747.5588 586.3072 264.0188
v 736.7220 586.6993 264.0200
f 5833 5834 5835
v 744.0478 581.4237 264.0196
v 736.7220 586.6993 264.0200
v 747.5588 586.3072 264.0188
f 5836 5837 5838
v 740.3807 584.0653 270.6126
v 744.0486 581.4245 270.6114
v 747.5598 586.3081 271.6805
f 5839 5840 5841
v 740.2290 591.5778 271.6809
v 736.7228 586.7000 270.6128
v 740.3807 584.0653 270.6126
f 5842 5843 5844
v 747.5598 586.3081 271.6805
v 740.2290 591.5778 271.6809
v 740.3807 584.0653 270.6126
f 5845 5846 5847
v 740.3807 584.0653 270.6126
v 736.7220 586.6993 264.0200
v 744.0486 581.4245 270.6114
f 5848 5849 5850
v 736.7220 586.6993 264.0200
v 744.0478 581.4237 264.0196
v 744.0486 581.4245 270.6114
f 5851 5852 5853
v 740.3807 584.0653 270.6126
v 736.7228 586.7000 270.6128
v 736.7220 586.6993 264.0200
f 5854 5855 5856
v 747.5588 586.3072 264.0188
v 747.5598 586.3081 271.6805
v 744.0478 581.4237 264.0196
f 5857 5858 5859
v 747.5598 586.3081 271.6805
v 744.0486 581.4245 270.6114
v 744.0478 581.4237 264.0196
f 5860 5861 5862
v 740.2280 591.5768 264.0192
v 740.2290 591.5778 271.6809
v 747.5598 586.3081 271.6805
f 5863 5864 5865
v 740.2290 591.5778 271.6809
v 736.7220 586.6993 264.0200
v 736.7228 586.7000 270.6128
f 5866 5867 5868
v 740.2290 591.5778 271.6809
v 740.2280 591.5768 264.0192
v 736.7220 586.6993 264.0200
f 5869 5870 5871
v 740.2280 591.5768 264.0192
v 747.5598 586.3081 271.6805
v 747.5588 586.3072 264.0188
f 5872 5873 5874

g building_ID_753FDC1B-63F2-448B-9133-079DBA047CEA
v 863.5950 570.8789 259.1116
v 854.1646 579.6561 259.1120
v 858.1541 583.9423 259.1112
f 5875 5876 5877
v 871.3551 571.7212 259.1104
v 870.0493 570.2867 259.1107
v 860.2340 582.0498 259.1110
f 5878 5879 5880
v 858.1541 583.9423 259.1112
v 870.0493 570.2867 259.1107
v 863.5950 570.8789 259.1116
f 5881 5882 5883
v 863.5950 570.8789 259.1116
v 870.0493 570.2867 259.1107
v 867.3727 567.4409 259.1114
f 5884 5885 5886
v 858.1541 583.9423 259.1112
v 860.2340 582.0498 259.1110
v 870.0493 570.2867 259.1107
f 5887 5888 5889
v 866.0334 576.6661 265.4635
v 870.0503 570.2874 265.8175
v 871.3560 571.7219 265.4762
f 5890 5891 5892
v 869.3132 569.5035 266.0067
v 870.0503 570.2874 265.8175
v 866.0334 576.6661 265.4635
f 5893 5894 5895
v 869.3132 569.5035 266.0067
v 863.5961 570.8798 266.5054
v 867.3738 567.4417 266.5052
f 5896 5897 5898
v 863.5961 570.8798 266.5054
v 869.3132 569.5035 266.0067
v 866.0334 576.6661 265.4635
f 5899 5900 5901
v 860.2349 582.0505 265.4498
v 858.1550 583.9430 265.4499
v 854.1657 579.6570 266.4798
f 5902 5903 5904
v 866.0334 576.6661 265.4635
v 854.1657 579.6570 266.4798
v 863.5961 570.8798 266.5054
f 5905 5906 5907
v 860.2349 582.0505 265.4498
v 854.1657 579.6570 266.4798
v 866.0334 576.6661 265.4635
f 5908 5909 5910
v 871.3560 571.7219 265.4762
v 871.3551 571.7212 259.1104
v 866.0334 576.6661 265.4635
f 5911 5912 5913
v 860.2340 582.0498 259.1110
v 866.0334 576.6661 265.4635
v 871.3551 571.7212 259.1104
f 5914 5915 5916
v 858.1541 583.9423 259.1112
v 858.1550 583.9430 265.4499
v 860.2340 582.0498 259.1110
f 5917 5918 5919
v 854.1657 579.6570 266.4798
v 858.1541 583.9423 259.1112
v 854.1646 579.6561 259.1120
f 5920 5921 5922
v 854.1657 579.6570 266.4798
v 863.5950 570.8789 259.1116
v 863.5961 570.8798 266.5054
f 5923 5924 5925
v 854.1646 579.6561 259.1120
v 863.5950 570.8789 259.1116
v 854.1657 579.6570 266.4798
f 5926 5927 5928
v 867.3727 567.4409 259.1114
v 867.3738 567.4417 266.5052
v 863.5961 570.8798 266.5054
f 5929 5930 5931
v 870.0503 570.2874 265.8175
v 869.3132 569.5035 266.0067
v 870.0493 570.2867 259.1107
f 5932 5933 5934
v 867.3738 567.4417 266.5052
v 867.3727 567.4409 259.1114
v 870.0493 570.2867 259.1107
f 5935 5936 5937
v 870.0503 570.2874 265.8175
v 871.3551 571.7212 259.1104
v 871.3560 571.7219 265.4762
f 5938 5939 5940
v 870.0493 570.2867 259.1107
v 871.3551 571.7212 259.1104
v 870.0503 570.2874 265.8175
f 5941 5942 5943
v 860.2340 582.0498 259.1110
v 860.2349 582.0505 265.4498
v 866.0334 576.6661 265.4635
f 5944 5945 5946
v 858.1550 583.9430 265.4499
v 860.2349 582.0505 265.4498
v 860.2340 582.0498 259.1110
f 5947 5948 5949
v 858.1550 583.9430 265.4499
v 858.1541 583.9423 259.1112
v 854.1657 579.6570 266.4798
f 5950 5951 5952
v 867.3727 567.4409 259.1114
v 863.5961 570.8798 266.5054
v 863.5950 570.8789 259.1116
f 5953 5954 5955
v 869.3132 569.5035 266.0067
v 867.3738 567.4417 266.5052
v 870.0493 570.2867 259.1107
f 5956 5957 5958

g building_ID_3ABCB674-9072-40A7-96CD-0A6ADA98AE05
v 843.0746 537.5599 263.3341
v 846.2668 541.7493 263.3333
v 849.4913 539.3227 263.3331
f 5959 5960 5961
v 834.3342 519.4337 263.3367
v 852.6318 536.9263 263.3329
v 837.6185 516.9649 263.3364
f 5962 5963 5964
v 843.0746 537.5599 263.3341
v 852.6318 536.9263 263.3329
v 834.3342 519.4337 263.3367
f 5965 5966 5967
v 834.3342 519.4337 263.3367
v 831.2085 521.7840 263.3370
v 843.0746 537.5599 263.3341
f 5968 5969 5970
v 849.4913 539.3227 263.3331
v 852.6318 536.9263 263.3329
v 843.0746 537.5599 263.3341
f 5971 5972 5973
v 846.6135 528.9244 270.9811
v 834.3354 519.4344 271.4775
v 837.6196 516.9656 270.9712
f 5974 5975 5976
v 846.6135 528.9244 270.9811
v 852.6329 536.9272 270.9876
v 849.4924 539.3236 271.4738
f 5977 5978 5979
v 834.3354 519.4344 271.4775
v 846.6135 528.9244 270.9811
v 849.4924 539.3236 271.4738
f 5980 5981 5982
v 843.0757 537.5608 270.9468
v 831.2096 521.7848 270.9657
v 834.3354 519.4344 271.4775
f 5983 5984 5985
v 849.4924 539.3236 271.4738
v 843.0757 537.5608 270.9468
v 834.3354 519.4344 271.4775
f 5986 5987 5988
v 846.2679 541.7501 270.9460
v 843.0757 537.5608 270.9468
v 849.4924 539.3236 271.4738
f 5989 5990 5991
v 837.6190 516.9652 267.1493
v 846.6135 528.9244 270.9811
v 837.6196 516.9656 270.9712
f 5992 5993 5994
v 837.6190 516.9652 267.1493
v 837.6185 516.9649 263.3364
v 852.6318 536.9263 263.3329
f 5995 5996 5997
v 849.4913 539.3227 263.3331
v 849.4924 539.3236 271.4738
v 852.6318 536.9263 263.3329
f 5998 5999 6000
v 831.2090 521.7843 267.1518
v 831.2096 521.7848 270.9657
v 843.0757 537.5608 270.9468
f 6001 6002 6003
v 831.2090 521.7843 267.1518
v 843.0746 537.5599 263.3341
v 831.2085 521.7840 263.3370
f 6004 6005 6006
v 849.4913 539.3227 263.3331
v 846.2668 541.7493 263.3333
v 849.4924 539.3236 271.4738
f 6007 6008 6009
v 846.2668 541.7493 263.3333
v 846.2679 541.7501 270.9460
v 849.4924 539.3236 271.4738
f 6010 6011 6012
v 843.0746 537.5599 263.3341
v 843.0757 537.5608 270.9468
v 846.2679 541.7501 270.9460
f 6013 6014 6015
v 846.2668 541.7493 263.3333
v 843.0746 537.5599 263.3341
v 846.2679 541.7501 270.9460
f 6016 6017 6018
v 831.2090 521.7843 267.1518
v 834.3342 519.4337 263.3367
v 837.6190 516.9652 267.1493
f 6019 6020 6021
v 834.3342 519.4337 263.3367
v 837.6185 516.9649 263.3364
v 837.6190 516.9652 267.1493
f 6022 6023 6024
v 834.3354 519.4344 271.4775
v 837.6190 516.9652 267.1493
v 837.6196 516.9656 270.9712
f 6025 6026 6027
v 831.2090 521.7843 267.1518
v 834.3354 519.4344 271.4775
v 831.2096 521.7848 270.9657
f 6028 6029 6030
v 831.2090 521.7843 267.1518
v 831.2085 521.7840 263.3370
v 834.3342 519.4337 263.3367
f 6031 6032 6033
v 831.2090 521.7843 267.1518
v 837.6190 516.9652 267.1493
v 834.3354 519.4344 271.4775
f 6034 6035 6036
v 846.6135 528.9244 270.9811
v 852.6318 536.9263 263.3329
v 852.6329 536.9272 270.9876
f 6037 6038 6039
v 852.6318 536.9263 263.3329
v 846.6135 528.9244 270.9811
v 837.6190 516.9652 267.1493
f 6040 6041 6042
v 849.4924 539.3236 271.4738
v 852.6329 536.9272 270.9876
v 852.6318 536.9263 263.3329
f 6043 6044 6045
v 843.0746 537.5599 263.3341
v 831.2090 521.7843 267.1518
v 843.0757 537.5608 270.9468
f 6046 6047 6048

g building_ID_5B3EB5C0-3E6C-4FA2-B458-B619B4C97491
v 825.4294 504.8458 264.1570
v 821.8044 499.9895 264.1578
v 804.8984 512.5797 264.1590
f 6049 6050 6051
v 804.8984 512.5797 264.1590
v 808.5193 517.4309 264.1581
v 825.4294 504.8458 264.1570
f 6052 6053 6054
v 804.8993 512.5804 270.7998
v 821.8053 499.9903 270.8056
v 808.5204 517.4317 271.5679
f 6055 6056 6057
v 808.5204 517.4317 271.5679
v 821.8053 499.9903 270.8056
v 825.4304 504.8466 271.5748
f 6058 6059 6060
v 808.5193 517.4309 264.1581
v 808.5204 517.4317 271.5679
v 825.4304 504.8466 271.5748
f 6061 6062 6063
v 825.4304 504.8466 271.5748
v 825.4294 504.8458 264.1570
v 808.5193 517.4309 264.1581
f 6064 6065 6066
v 804.8984 512.5797 264.1590
v 808.5204 517.4317 271.5679
v 808.5193 517.4309 264.1581
f 6067 6068 6069
v 821.8044 499.9895 264.1578
v 821.8053 499.9903 270.8056
v 804.8984 512.5797 264.1590
f 6070 6071 6072
v 821.8053 499.9903 270.8056
v 825.4294 504.8458 264.1570
v 825.4304 504.8466 271.5748
f 6073 6074 6075
v 821.8053 499.9903 270.8056
v 821.8044 499.9895 264.1578
v 825.4294 504.8458 264.1570
f 6076 6077 6078
v 804.8984 512.5797 264.1590
v 804.8993 512.5804 270.7998
v 808.5204 517.4317 271.5679
f 6079 6080 6081
v 821.8053 499.9903 270.8056
v 804.8993 512.5804 270.7998
v 804.8984 512.5797 264.1590
f 6082 6083 6084

g building_ID_51339D44-A3AC-49DF-9B16-5100F2323C91
v 834.7455 718.3887 271.8783
v 830.9958 714.3149 272.7212
v 838.7136 714.7181 271.8802
f 6085 6086 6087
v 830.9958 714.3149 272.7212
v 834.9629 710.6424 272.7241
v 838.7136 714.7181 271.8802
f 6088 6089 6090
v 834.9627 710.6422 271.1141
v 838.2179 714.1802 269.8614
v 838.7136 714.7181 271.8802
f 6091 6092 6093
v 838.7136 714.7181 271.8802
v 834.9629 710.6424 272.7241
v 834.9627 710.6422 271.1141
f 6094 6095 6096
v 835.4309 711.1508 270.5780
v 838.2179 714.1802 269.8614
v 834.9627 710.6422 271.1141
f 6097 6098 6099
v 834.9627 710.6422 271.1141
v 834.9626 710.6420 270.6991
v 835.4309 711.1508 270.5780
f 6100 6101 6102
v 830.9955 714.3146 270.4433
v 830.9958 714.3149 272.7212
v 831.4638 714.8233 270.3232
f 6103 6104 6105
v 831.4638 714.8233 270.3232
v 830.9958 714.3149 272.7212
v 834.2618 717.8627 269.6035
f 6106 6107 6108
v 834.2618 717.8627 269.6035
v 830.9958 714.3149 272.7212
v 834.7455 718.3887 271.8783
f 6109 6110 6111
v 839.4089 706.5248 259.5404
v 839.4084 706.5242 255.8195
v 843.1782 710.5900 269.7361
f 6112 6113 6114
v 839.4105 706.5262 270.7020
v 839.4094 706.5252 263.2603
v 840.4936 707.6942 270.4247
f 6115 6116 6117
v 843.1782 710.5900 269.7361
v 838.7133 714.7179 269.7333
v 838.2179 714.1802 269.8614
f 6118 6119 6120
v 835.4309 711.1508 270.5780
v 840.4936 707.6942 270.4247
v 838.2179 714.1802 269.8614
f 6121 6122 6123
v 839.4105 706.5262 270.7020
v 835.4309 711.1508 270.5780
v 834.9626 710.6420 270.6991
f 6124 6125 6126
v 840.4936 707.6942 270.4247
v 835.4309 711.1508 270.5780
v 839.4105 706.5262 270.7020
f 6127 6128 6129
v 843.1782 710.5900 269.7361
v 838.2179 714.1802 269.8614
v 840.4936 707.6942 270.4247
f 6130 6131 6132
v 825.4050 723.4814 255.9025
v 823.4064 721.3349 263.1707
v 823.4074 721.3359 270.4385
f 6133 6134 6135
v 823.4053 721.3338 255.9030
v 823.4064 721.3349 263.1707
v 825.4050 723.4814 255.9025
f 6136 6137 6138
v 825.4050 723.4814 255.9025
v 823.4074 721.3359 270.4385
v 827.1771 725.3856 269.4746
f 6139 6140 6141
v 830.9934 714.3126 255.8237
v 831.4617 714.8214 255.9026
v 832.3995 715.8398 255.8234
f 6142 6143 6144
v 833.0955 716.5960 255.9022
v 832.3995 715.8398 255.8234
v 831.4617 714.8214 255.9026
f 6145 6146 6147
v 830.9934 714.3126 255.9027
v 831.4617 714.8214 255.9026
v 830.9934 714.3126 255.8237
f 6148 6149 6150
v 832.3995 715.8398 255.8234
v 833.0955 716.5960 255.9022
v 833.3371 716.8583 255.8231
f 6151 6152 6153
v 833.3371 716.8583 255.8231
v 833.0955 716.5960 255.9022
v 834.7433 718.3865 255.8228
f 6154 6155 6156
v 834.7433 718.3866 255.9018
v 834.7433 718.3865 255.8228
v 833.0955 716.5960 255.9022
f 6157 6158 6159
v 833.0955 716.5960 255.9022
v 831.4617 714.8214 255.9026
v 823.4053 721.3338 255.9030
f 6160 6161 6162
v 834.7433 718.3866 255.9018
v 833.0955 716.5960 255.9022
v 825.4050 723.4814 255.9025
f 6163 6164 6165
v 830.9934 714.3126 255.9027
v 823.4053 721.3338 255.9030
v 831.4617 714.8214 255.9026
f 6166 6167 6168
v 823.4053 721.3338 255.9030
v 825.4050 723.4814 255.9025
v 833.0955 716.5960 255.9022
f 6169 6170 6171
v 834.7433 718.3866 255.9018
v 825.4050 723.4814 255.9025
v 827.1752 725.3837 255.9021
f 6172 6173 6174
v 831.4638 714.8233 270.3232
v 823.4074 721.3359 270.4385
v 830.9955 714.3146 270.4433
f 6175 6176 6177
v 827.1771 725.3856 269.4746
v 823.4074 721.3359 270.4385
v 834.2618 717.8627 269.6035
f 6178 6179 6180
v 834.7452 718.3884 269.4784
v 827.1771 725.3856 269.4746
v 834.2618 717.8627 269.6035
f 6181 6182 6183
v 834.2618 717.8627 269.6035
v 823.4074 721.3359 270.4385
v 831.4638 714.8233 270.3232
f 6184 6185 6186
v 834.9605 710.6400 255.8236
v 832.3995 715.8398 255.8234
v 838.7114 714.7160 255.8227
f 6187 6188 6189
v 838.7114 714.7160 255.8227
v 833.3371 716.8583 255.8231
v 837.8844 715.4811 255.8207
f 6190 6191 6192
v 838.7114 714.7160 255.8227
v 832.3995 715.8398 255.8234
v 833.3371 716.8583 255.8231
f 6193 6194 6195
v 834.7433 718.3865 255.8228
v 837.8844 715.4811 255.8207
v 833.3371 716.8583 255.8231
f 6196 6197 6198
v 839.4084 706.5242 255.8195
v 838.7114 714.7160 255.8227
v 843.1762 710.5881 255.8185
f 6199 6200 6201
v 834.1346 711.4052 255.8216
v 832.3995 715.8398 255.8234
v 834.9605 710.6400 255.8236
f 6202 6203 6204
v 830.9934 714.3126 255.8237
v 832.3995 715.8398 255.8234
v 834.1346 711.4052 255.8216
f 6205 6206 6207
v 839.4084 706.5242 255.8195
v 834.9605 710.6400 255.8236
v 838.7114 714.7160 255.8227
f 6208 6209 6210
v 830.9955 714.3146 270.4433
v 834.9626 710.6420 270.6991
v 834.9627 710.6422 271.1141
f 6211 6212 6213
v 834.1346 711.4052 255.8216
v 834.9605 710.6400 255.8236
v 839.4089 706.5248 259.5404
f 6214 6215 6216
v 839.4084 706.5242 255.8195
v 839.4089 706.5248 259.5404
v 834.9605 710.6400 255.8236
f 6217 6218 6219
v 839.4089 706.5248 259.5404
v 839.4094 706.5252 263.2603
v 834.1346 711.4052 255.8216
f 6220 6221 6222
v 839.4094 706.5252 263.2603
v 834.9626 710.6420 270.6991
v 830.9955 714.3146 270.4433
f 6223 6224 6225
v 834.9626 710.6420 270.6991
v 839.4094 706.5252 263.2603
v 839.4105 706.5262 270.7020
f 6226 6227 6228
v 834.9629 710.6424 272.7241
v 830.9958 714.3149 272.7212
v 834.9627 710.6422 271.1141
f 6229 6230 6231
v 830.9958 714.3149 272.7212
v 830.9955 714.3146 270.4433
v 834.9627 710.6422 271.1141
f 6232 6233 6234
v 823.4064 721.3349 263.1707
v 830.9955 714.3146 270.4433
v 823.4074 721.3359 270.4385
f 6235 6236 6237
v 830.9955 714.3146 270.4433
v 830.9934 714.3126 255.9027
v 839.4094 706.5252 263.2603
f 6238 6239 6240
v 830.9934 714.3126 255.8237
v 834.1346 711.4052 255.8216
v 830.9934 714.3126 255.9027
f 6241 6242 6243
v 834.1346 711.4052 255.8216
v 839.4094 706.5252 263.2603
v 830.9934 714.3126 255.9027
f 6244 6245 6246
v 830.9934 714.3126 255.9027
v 823.4064 721.3349 263.1707
v 823.4053 721.3338 255.9030
f 6247 6248 6249
v 830.9934 714.3126 255.9027
v 830.9955 714.3146 270.4433
v 823.4064 721.3349 263.1707
f 6250 6251 6252
v 827.1760 725.3846 262.2068
v 827.1771 725.3856 269.4746
v 834.7452 718.3884 269.4784
f 6253 6254 6255
v 838.7136 714.7181 271.8802
v 834.7452 718.3884 269.4784
v 834.7455 718.3887 271.8783
f 6256 6257 6258
v 834.7433 718.3866 255.9018
v 827.1752 725.3837 255.9021
v 827.1760 725.3846 262.2068
f 6259 6260 6261
v 834.7433 718.3866 255.9018
v 827.1760 725.3846 262.2068
v 834.7452 718.3884 269.4784
f 6262 6263 6264
v 834.7433 718.3866 255.9018
v 837.8844 715.4811 255.8207
v 834.7433 718.3865 255.8228
f 6265 6266 6267
v 837.8844 715.4811 255.8207
v 834.7433 718.3866 255.9018
v 834.7452 718.3884 269.4784
f 6268 6269 6270
v 838.7133 714.7179 269.7333
v 834.7452 718.3884 269.4784
v 838.7136 714.7181 271.8802
f 6271 6272 6273
v 834.7452 718.3884 269.4784
v 838.7133 714.7179 269.7333
v 837.8844 715.4811 255.8207
f 6274 6275 6276
v 838.7114 714.7160 255.8227
v 837.8844 715.4811 255.8207
v 838.7133 714.7179 269.7333
f 6277 6278 6279
v 843.1782 710.5900 269.7361
v 843.1762 710.5881 255.8185
v 838.7114 714.7160 255.8227
f 6280 6281 6282
v 838.7133 714.7179 269.7333
v 843.1782 710.5900 269.7361
v 838.7114 714.7160 255.8227
f 6283 6284 6285
v 838.2179 714.1802 269.8614
v 838.7133 714.7179 269.7333
v 838.7136 714.7181 271.8802
f 6286 6287 6288
v 834.2618 717.8627 269.6035
v 834.7455 718.3887 271.8783
v 834.7452 718.3884 269.4784
f 6289 6290 6291
v 843.1782 710.5900 269.7361
v 840.4936 707.6942 270.4247
v 839.4089 706.5248 259.5404
f 6292 6293 6294
v 843.1782 710.5900 269.7361
v 839.4084 706.5242 255.8195
v 843.1762 710.5881 255.8185
f 6295 6296 6297
v 840.4936 707.6942 270.4247
v 839.4094 706.5252 263.2603
v 839.4089 706.5248 259.5404
f 6298 6299 6300
v 825.4050 723.4814 255.9025
v 827.1771 725.3856 269.4746
v 827.1760 725.3846 262.2068
f 6301 6302 6303
v 825.4050 723.4814 255.9025
v 827.1760 725.3846 262.2068
v 827.1752 725.3837 255.9021
f 6304 6305 6306

g building_ID_4BC4F2FB-FF90-45AB-B347-CDA4FA25CE1E
v 817.4701 719.3527 255.7020
v 802.9453 732.7964 255.7023
v 805.9333 736.1464 255.7015
f 6307 6308 6309
v 819.8316 721.7974 255.7014
v 805.9333 736.1464 255.7015
v 820.5707 722.5774 255.7012
f 6310 6311 6312
v 805.9333 736.1464 255.7015
v 819.8316 721.7974 255.7014
v 817.4701 719.3527 255.7020
f 6313 6314 6315
v 819.8329 721.7986 264.9231
v 820.5720 722.5787 264.9809
v 813.2533 729.3632 264.9781
f 6316 6317 6318
v 810.2094 726.0754 264.7339
v 817.4714 719.3540 264.7367
v 819.8329 721.7986 264.9231
f 6319 6320 6321
v 810.2094 726.0754 264.7339
v 819.8329 721.7986 264.9231
v 813.2533 729.3632 264.9781
f 6322 6323 6324
v 810.2094 726.0754 264.7339
v 813.2533 729.3632 264.9781
v 802.9466 732.7977 264.7300
f 6325 6326 6327
v 805.9345 736.1477 264.9752
v 802.9466 732.7977 264.7300
v 813.2533 729.3632 264.9781
f 6328 6329 6330
v 813.2533 729.3632 264.9781
v 820.5714 722.5781 260.3410
v 805.9345 736.1477 264.9752
f 6331 6332 6333
v 805.9333 736.1464 255.7015
v 805.9345 736.1477 264.9752
v 820.5714 722.5781 260.3410
f 6334 6335 6336
v 820.5714 722.5781 260.3410
v 820.5707 722.5774 255.7012
v 805.9333 736.1464 255.7015
f 6337 6338 6339
v 805.9345 736.1477 264.9752
v 805.9333 736.1464 255.7015
v 802.9453 732.7964 255.7023
f 6340 6341 6342
v 817.4710 719.3537 262.4777
v 817.4714 719.3540 264.7367
v 810.2094 726.0754 264.7339
f 6343 6344 6345
v 817.4701 719.3527 255.7020
v 817.4707 719.3534 260.2198
v 810.2094 726.0754 264.7339
f 6346 6347 6348
v 802.9453 732.7964 255.7023
v 817.4701 719.3527 255.7020
v 810.2094 726.0754 264.7339
f 6349 6350 6351
v 802.9466 732.7977 264.7300
v 802.9453 732.7964 255.7023
v 810.2094 726.0754 264.7339
f 6352 6353 6354
v 820.5714 722.5781 260.3410
v 820.5720 722.5787 264.9809
v 819.8329 721.7986 264.9231
f 6355 6356 6357
v 819.8316 721.7974 255.7014
v 820.5707 722.5774 255.7012
v 820.5714 722.5781 260.3410
f 6358 6359 6360
v 819.8329 721.7986 264.9231
v 817.4710 719.3537 262.4777
v 820.5714 722.5781 260.3410
f 6361 6362 6363
v 820.5714 722.5781 260.3410
v 817.4710 719.3537 262.4777
v 817.4707 719.3534 260.2198
f 6364 6365 6366
v 819.8316 721.7974 255.7014
v 820.5714 722.5781 260.3410
v 817.4707 719.3534 260.2198
f 6367 6368 6369
v 817.4707 719.3534 260.2198
v 817.4701 719.3527 255.7020
v 819.8316 721.7974 255.7014
f 6370 6371 6372
v 817.4714 719.3540 264.7367
v 817.4710 719.3537 262.4777
v 819.8329 721.7986 264.9231
f 6373 6374 6375
v 820.5714 722.5781 260.3410
v 813.2533 729.3632 264.9781
v 820.5720 722.5787 264.9809
f 6376 6377 6378
v 802.9466 732.7977 264.7300
v 805.9345 736.1477 264.9752
v 802.9453 732.7964 255.7023
f 6379 6380 6381
v 817.4710 719.3537 262.4777
v 810.2094 726.0754 264.7339
v 817.4707 719.3534 260.2198
f 6382 6383 6384

g building_ID_6F9B44AE-364B-479D-AF28-00AD64A570C4
v 937.8826 710.8958 281.8834
v 936.1328 710.9396 282.1807
v 936.6810 709.9281 281.8837
f 6385 6386 6387
v 936.1328 710.9396 282.1807
v 937.8826 710.8958 281.8834
v 937.1139 711.7300 282.1804
f 6388 6389 6390
v 936.6810 709.9281 281.8837
v 934.9974 710.4326 282.1809
v 935.2914 709.3068 281.8840
f 6391 6392 6393
v 934.9974 710.4326 282.1809
v 936.6810 709.9281 281.8837
v 936.1328 710.9396 282.1807
f 6394 6395 6396
v 938.3661 710.3725 281.5384
v 936.6810 709.9281 281.8837
v 937.0263 709.2921 281.5387
f 6397 6398 6399
v 936.6810 709.9281 281.8837
v 938.3661 710.3725 281.5384
v 937.8826 710.8958 281.8834
f 6400 6401 6402
v 937.0263 709.2921 281.5387
v 935.2914 709.3068 281.8840
v 935.4754 708.5993 281.5390
f 6403 6404 6405
v 935.2914 709.3068 281.8840
v 937.0263 709.2921 281.5387
v 936.6810 709.9281 281.8837
f 6406 6407 6408
v 935.4754 708.5993 281.5390
v 933.8008 709.0708 281.8842
v 933.8117 708.3357 281.5393
f 6409 6410 6411
v 933.8008 709.0708 281.8842
v 935.4754 708.5993 281.5390
v 935.2914 709.3068 281.8840
f 6412 6413 6414
v 933.8008 709.0708 281.8842
v 932.3032 709.2338 281.8844
v 932.1422 708.5181 281.5395
f 6415 6416 6417
v 932.1422 708.5181 281.5395
v 933.8117 708.3357 281.5393
v 933.8008 709.0708 281.8842
f 6418 6419 6420
v 932.3032 709.2338 281.8844
v 930.8927 709.7876 281.8846
v 930.5689 709.1354 281.5397
f 6421 6422 6423
v 930.5689 709.1354 281.5397
v 932.1422 708.5181 281.5395
v 932.3032 709.2338 281.8844
f 6424 6425 6426
v 930.8927 709.7876 281.8846
v 929.6582 710.6968 281.8846
v 929.1936 710.1491 281.5398
f 6427 6428 6429
v 929.1936 710.1491 281.5398
v 930.5689 709.1354 281.5397
v 930.8927 709.7876 281.8846
f 6430 6431 6432
v 935.4173 712.2575 282.4076
v 934.9453 714.0818 282.5515
v 934.5855 713.7928 282.5516
f 6433 6434 6435
v 934.9453 714.0818 282.5515
v 935.4173 712.2575 282.4076
v 936.1119 712.8177 282.4075
f 6436 6437 6438
v 934.6154 711.8986 282.4078
v 934.5855 713.7928 282.5516
v 934.1700 713.6078 282.5516
f 6439 6440 6441
v 934.5855 713.7928 282.5516
v 934.6154 711.8986 282.4078
v 935.4173 712.2575 282.4076
f 6442 6443 6444
v 937.1139 711.7300 282.1804
v 936.1119 712.8177 282.4075
v 935.4173 712.2575 282.4076
f 6445 6446 6447
v 935.4173 712.2575 282.4076
v 936.1328 710.9396 282.1807
v 937.1139 711.7300 282.1804
f 6448 6449 6450
v 936.1328 710.9396 282.1807
v 935.4173 712.2575 282.4076
v 934.6154 711.8986 282.4078
f 6451 6452 6453
v 934.6154 711.8986 282.4078
v 934.9974 710.4326 282.1809
v 936.1328 710.9396 282.1807
f 6454 6455 6456
v 937.0111 714.3832 282.4071
v 935.4094 714.8925 282.5513
v 935.2263 714.4570 282.5514
f 6457 6458 6459
v 935.2263 714.4570 282.5514
v 936.6548 713.5411 282.4073
v 937.0111 714.3832 282.4071
f 6460 6461 6462
v 936.1119 712.8177 282.4075
v 935.2263 714.4570 282.5514
v 934.9453 714.0818 282.5515
f 6463 6464 6465
v 935.2263 714.4570 282.5514
v 936.1119 712.8177 282.4075
v 936.6548 713.5411 282.4073
f 6466 6467 6468
v 937.8816 712.7539 282.1802
v 937.0111 714.3832 282.4071
v 936.6548 713.5411 282.4073
f 6469 6470 6471
v 937.0111 714.3832 282.4071
v 937.8816 712.7539 282.1802
v 938.3848 713.9464 282.1800
f 6472 6473 6474
v 937.1139 711.7300 282.1804
v 936.6548 713.5411 282.4073
v 936.1119 712.8177 282.4075
f 6475 6476 6477
v 936.6548 713.5411 282.4073
v 937.1139 711.7300 282.1804
v 937.8816 712.7539 282.1802
f 6478 6479 6480
v 939.4389 713.6096 281.8829
v 937.8816 712.7539 282.1802
v 938.8219 712.1503 281.8831
f 6481 6482 6483
v 937.8816 712.7539 282.1802
v 939.4389 713.6096 281.8829
v 938.3848 713.9464 282.1800
f 6484 6485 6486
v 938.8219 712.1503 281.8831
v 937.1139 711.7300 282.1804
v 937.8826 710.8958 281.8834
f 6487 6488 6489
v 937.1139 711.7300 282.1804
v 938.8219 712.1503 281.8831
v 937.8816 712.7539 282.1802
f 6490 6491 6492
v 933.7810 710.2399 282.1811
v 934.6154 711.8986 282.4078
v 933.7551 711.7619 282.4079
f 6493 6494 6495
v 934.6154 711.8986 282.4078
v 933.7810 710.2399 282.1811
v 934.9974 710.4326 282.1809
f 6496 6497 6498
v 932.8904 711.8573 282.4080
v 932.5573 710.3731 282.1812
v 933.7810 710.2399 282.1811
f 6499 6500 6501
v 933.7810 710.2399 282.1811
v 933.7551 711.7619 282.4079
v 932.8904 711.8573 282.4080
f 6502 6503 6504
v 935.2914 709.3068 281.8840
v 933.7810 710.2399 282.1811
v 933.8008 709.0708 281.8842
f 6505 6506 6507
v 933.7810 710.2399 282.1811
v 935.2914 709.3068 281.8840
v 934.9974 710.4326 282.1809
f 6508 6509 6510
v 933.7810 710.2399 282.1811
v 932.5573 710.3731 282.1812
v 932.3032 709.2338 281.8844
f 6511 6512 6513
v 932.3032 709.2338 281.8844
v 933.8008 709.0708 281.8842
v 933.7810 710.2399 282.1811
f 6514 6515 6516
v 932.5573 710.3731 282.1812
v 931.4065 710.8252 282.1814
v 930.8927 709.7876 281.8846
f 6517 6518 6519
v 930.8927 709.7876 281.8846
v 932.3032 709.2338 281.8844
v 932.5573 710.3731 282.1812
f 6520 6521 6522
v 931.4065 710.8252 282.1814
v 930.3995 711.5679 282.1814
v 929.6582 710.6968 281.8846
f 6523 6524 6525
v 929.6582 710.6968 281.8846
v 930.8927 709.7876 281.8846
v 931.4065 710.8252 282.1814
f 6526 6527 6528
v 930.3995 711.5679 282.1814
v 929.5982 712.5521 282.1814
v 928.6784 711.9035 281.8846
f 6529 6530 6531
v 928.6784 711.9035 281.8846
v 929.6582 710.6968 281.8846
v 930.3995 711.5679 282.1814
f 6532 6533 6534
v 929.5982 712.5521 282.1814
v 929.0553 713.7195 282.1814
v 928.0132 713.3322 281.8846
f 6535 6536 6537
v 928.0132 713.3322 281.8846
v 928.6784 711.9035 281.8846
v 929.5982 712.5521 282.1814
f 6538 6539 6540
v 929.0553 713.7195 282.1814
v 928.8027 714.9942 282.1813
v 927.7035 714.8950 281.8844
f 6541 6542 6543
v 927.7035 714.8950 281.8844
v 928.0132 713.3322 281.8846
v 929.0553 713.7195 282.1814
f 6544 6545 6546
v 928.8027 714.9942 282.1813
v 928.8582 716.2979 282.1811
v 927.7717 716.4899 281.8843
f 6547 6548 6549
v 927.7717 716.4899 281.8843
v 927.7035 714.8950 281.8844
v 928.8027 714.9942 282.1813
f 6550 6551 6552
v 927.7717 716.4899 281.8843
v 929.2166 717.5470 282.1809
v 928.2118 718.0196 281.8840
f 6553 6554 6555
v 929.2166 717.5470 282.1809
v 927.7717 716.4899 281.8843
v 928.8582 716.2979 282.1811
f 6556 6557 6558
v 928.2118 718.0196 281.8840
v 929.8576 718.6623 282.1807
v 928.9955 719.3876 281.8838
f 6559 6560 6561
v 929.8576 718.6623 282.1807
v 928.2118 718.0196 281.8840
v 929.2166 717.5470 282.1809
f 6562 6563 6564
v 928.9955 719.3876 281.8838
v 930.7390 719.5769 282.1805
v 930.0745 720.5066 281.8835
f 6565 6566 6567
v 930.7390 719.5769 282.1805
v 928.9955 719.3876 281.8838
v 929.8576 718.6623 282.1807
f 6568 6569 6570
v 930.0745 720.5066 281.8835
v 931.8057 720.2311 282.1802
v 931.3816 721.3081 281.8832
f 6571 6572 6573
v 931.8057 720.2311 282.1802
v 930.0745 720.5066 281.8835
v 930.7390 719.5769 282.1805
f 6574 6575 6576
v 931.3816 721.3081 281.8832
v 932.9917 720.5838 282.1800
v 932.8328 721.7412 281.8829
f 6577 6578 6579
v 932.9917 720.5838 282.1800
v 931.3816 721.3081 281.8832
v 931.8057 720.2311 282.1802
f 6580 6581 6582
v 932.8328 721.7412 281.8829
v 934.2198 720.6146 282.1799
v 934.3398 721.7772 281.8827
f 6583 6584 6585
v 934.2198 720.6146 282.1799
v 932.8328 721.7412 281.8829
v 932.9917 720.5838 282.1800
f 6586 6587 6588
v 932.4871 714.0224 282.5518
v 930.7975 713.3979 282.4082
v 931.3636 712.7014 282.4082
f 6589 6590 6591
v 930.7975 713.3979 282.4082
v 932.4871 714.0224 282.5518
v 932.1951 714.3831 282.5518
f 6592 6593 6594
v 931.9963 714.8096 282.5518
v 930.4127 714.2238 282.4081
v 930.7975 713.3979 282.4082
f 6595 6596 6597
v 930.7975 713.3979 282.4082
v 932.1951 714.3831 282.5518
v 931.9963 714.8096 282.5518
f 6598 6599 6600
v 931.9963 714.8096 282.5518
v 930.2351 715.1253 282.4081
v 930.4127 714.2238 282.4081
f 6601 6602 6603
v 930.2351 715.1253 282.4081
v 931.9963 714.8096 282.5518
v 931.9035 715.2769 282.5518
f 6604 6605 6606
v 931.9238 715.7538 282.5517
v 930.2746 716.0463 282.4079
v 930.2351 715.1253 282.4081
f 6607 6608 6609
v 930.2351 715.1253 282.4081
v 931.9035 715.2769 282.5518
v 931.9238 715.7538 282.5517
f 6610 6611 6612
v 930.5280 716.9296 282.4078
v 931.9238 715.7538 282.5517
v 932.0550 716.2104 282.5517
f 6613 6614 6615
v 931.9238 715.7538 282.5517
v 930.5280 716.9296 282.4078
v 930.2746 716.0463 282.4079
f 6616 6617 6618
v 930.9810 717.7183 282.4077
v 932.0550 716.2104 282.5517
v 932.2891 716.6199 282.5516
f 6619 6620 6621
v 932.0550 716.2104 282.5517
v 930.9810 717.7183 282.4077
v 930.5280 716.9296 282.4078
f 6622 6623 6624
v 930.9810 717.7183 282.4077
v 932.2891 716.6199 282.5516
v 932.6120 716.9539 282.5515
f 6625 6626 6627
v 932.6120 716.9539 282.5515
v 931.6038 718.3656 282.4075
v 930.9810 717.7183 282.4077
f 6628 6629 6630
v 932.3580 718.8276 282.4073
v 932.6120 716.9539 282.5515
v 933.0026 717.1929 282.5514
f 6631 6632 6633
v 932.6120 716.9539 282.5515
v 932.3580 718.8276 282.4073
v 931.6038 718.3656 282.4075
f 6634 6635 6636
v 933.2780 713.5852 282.5518
v 932.0762 712.1765 282.4081
v 932.8904 711.8573 282.4080
f 6637 6638 6639
v 932.0762 712.1765 282.4081
v 933.2780 713.5852 282.5518
v 932.8554 713.7513 282.5518
f 6640 6641 6642
v 932.4871 714.0224 282.5518
v 931.3636 712.7014 282.4082
v 932.0762 712.1765 282.4081
f 6643 6644 6645
v 932.0762 712.1765 282.4081
v 932.8554 713.7513 282.5518
v 932.4871 714.0224 282.5518
f 6646 6647 6648
v 932.0762 712.1765 282.4081
v 931.4065 710.8252 282.1814
v 932.5573 710.3731 282.1812
f 6649 6650 6651
v 932.5573 710.3731 282.1812
v 932.8904 711.8573 282.4080
v 932.0762 712.1765 282.4081
f 6652 6653 6654
v 931.3636 712.7014 282.4082
v 930.3995 711.5679 282.1814
v 931.4065 710.8252 282.1814
f 6655 6656 6657
v 931.4065 710.8252 282.1814
v 932.0762 712.1765 282.4081
v 931.3636 712.7014 282.4082
f 6658 6659 6660
v 933.7551 711.7619 282.4079
v 934.1700 713.6078 282.5516
v 933.7249 713.5360 282.5517
f 6661 6662 6663
v 934.1700 713.6078 282.5516
v 933.7551 711.7619 282.4079
v 934.6154 711.8986 282.4078
f 6664 6665 6666
v 933.2780 713.5852 282.5518
v 932.8904 711.8573 282.4080
v 933.7551 711.7619 282.4079
f 6667 6668 6669
v 933.7551 711.7619 282.4079
v 933.7249 713.5360 282.5517
v 933.2780 713.5852 282.5518
f 6670 6671 6672
v 932.3580 718.8276 282.4073
v 933.0026 717.1929 282.5514
v 933.4360 717.3227 282.5513
f 6673 6674 6675
v 933.4360 717.3227 282.5513
v 933.1977 719.0773 282.4072
v 932.3580 718.8276 282.4073
f 6676 6677 6678
v 934.0657 719.0990 282.4070
v 933.4360 717.3227 282.5513
v 933.8860 717.3335 282.5513
f 6679 6680 6681
v 933.4360 717.3227 282.5513
v 934.0657 719.0990 282.4070
v 933.1977 719.0773 282.4072
f 6682 6683 6684
v 935.4857 715.3643 282.5513
v 935.4500 715.8394 282.5512
v 933.6929 715.4401 282.6005
f 6685 6686 6687
v 934.3237 717.2254 282.5512
v 934.9121 718.8888 282.4069
v 934.0657 719.0990 282.4070
f 6688 6689 6690
v 934.0657 719.0990 282.4070
v 933.8860 717.3335 282.5513
v 934.3237 717.2254 282.5512
f 6691 6692 6693
v 934.3237 717.2254 282.5512
v 935.6820 718.4647 282.4069
v 934.9121 718.8888 282.4069
f 6694 6695 6696
v 935.6820 718.4647 282.4069
v 934.3237 717.2254 282.5512
v 934.7221 717.0043 282.5512
f 6697 6698 6699
v 934.7221 717.0043 282.5512
v 936.3254 717.8490 282.4069
v 935.6820 718.4647 282.4069
f 6700 6701 6702
v 936.3254 717.8490 282.4069
v 934.7221 717.0043 282.5512
v 935.0562 716.6865 282.5512
f 6703 6704 6705
v 935.3032 716.2898 282.5512
v 936.8043 717.0817 282.4069
v 936.3254 717.8490 282.4069
f 6706 6707 6708
v 936.3254 717.8490 282.4069
v 935.0562 716.6865 282.5512
v 935.3032 716.2898 282.5512
f 6709 6710 6711
v 930.7975 713.3979 282.4082
v 929.5982 712.5521 282.1814
v 930.3995 711.5679 282.1814
f 6712 6713 6714
v 930.3995 711.5679 282.1814
v 931.3636 712.7014 282.4082
v 930.7975 713.3979 282.4082
f 6715 6716 6717
v 930.4127 714.2238 282.4081
v 929.0553 713.7195 282.1814
v 929.5982 712.5521 282.1814
f 6718 6719 6720
v 929.5982 712.5521 282.1814
v 930.7975 713.3979 282.4082
v 930.4127 714.2238 282.4081
f 6721 6722 6723
v 930.2351 715.1253 282.4081
v 928.8027 714.9942 282.1813
v 929.0553 713.7195 282.1814
f 6724 6725 6726
v 929.0553 713.7195 282.1814
v 930.4127 714.2238 282.4081
v 930.2351 715.1253 282.4081
f 6727 6728 6729
v 928.8582 716.2979 282.1811
v 930.2351 715.1253 282.4081
v 930.2746 716.0463 282.4079
f 6730 6731 6732
v 930.2351 715.1253 282.4081
v 928.8582 716.2979 282.1811
v 928.8027 714.9942 282.1813
f 6733 6734 6735
v 929.2166 717.5470 282.1809
v 930.2746 716.0463 282.4079
v 930.5280 716.9296 282.4078
f 6736 6737 6738
v 930.2746 716.0463 282.4079
v 929.2166 717.5470 282.1809
v 928.8582 716.2979 282.1811
f 6739 6740 6741
v 929.2166 717.5470 282.1809
v 930.5280 716.9296 282.4078
v 930.9810 717.7183 282.4077
f 6742 6743 6744
v 930.9810 717.7183 282.4077
v 929.8576 718.6623 282.1807
v 929.2166 717.5470 282.1809
f 6745 6746 6747
v 930.7390 719.5769 282.1805
v 930.9810 717.7183 282.4077
v 931.6038 718.3656 282.4075
f 6748 6749 6750
v 930.9810 717.7183 282.4077
v 930.7390 719.5769 282.1805
v 929.8576 718.6623 282.1807
f 6751 6752 6753
v 931.8057 720.2311 282.1802
v 931.6038 718.3656 282.4075
v 932.3580 718.8276 282.4073
f 6754 6755 6756
v 931.6038 718.3656 282.4075
v 931.8057 720.2311 282.1802
v 930.7390 719.5769 282.1805
f 6757 6758 6759
v 931.8057 720.2311 282.1802
v 932.3580 718.8276 282.4073
v 933.1977 719.0773 282.4072
f 6760 6761 6762
v 933.1977 719.0773 282.4072
v 932.9917 720.5838 282.1800
v 931.8057 720.2311 282.1802
f 6763 6764 6765
v 934.2198 720.6146 282.1799
v 933.1977 719.0773 282.4072
v 934.0657 719.0990 282.4070
f 6766 6767 6768
v 933.1977 719.0773 282.4072
v 934.2198 720.6146 282.1799
v 932.9917 720.5838 282.1800
f 6769 6770 6771
v 934.0657 719.0990 282.4070
v 935.4169 720.3194 282.1797
v 934.2198 720.6146 282.1799
f 6772 6773 6774
v 935.4169 720.3194 282.1797
v 934.0657 719.0990 282.4070
v 934.9121 718.8888 282.4069
f 6775 6776 6777
v 935.6820 718.4647 282.4069
v 936.5053 719.7175 282.1796
v 935.4169 720.3194 282.1797
f 6778 6779 6780
v 935.4169 720.3194 282.1797
v 934.9121 718.8888 282.4069
v 935.6820 718.4647 282.4069
f 6781 6782 6783
v 936.3254 717.8490 282.4069
v 937.4170 718.8460 282.1796
v 936.5053 719.7175 282.1796
f 6784 6785 6786
v 936.5053 719.7175 282.1796
v 935.6820 718.4647 282.4069
v 936.3254 717.8490 282.4069
f 6787 6788 6789
v 936.3254 717.8490 282.4069
v 938.0941 717.7622 282.1796
v 937.4170 718.8460 282.1796
f 6790 6791 6792
v 938.0941 717.7622 282.1796
v 936.3254 717.8490 282.4069
v 936.8043 717.0817 282.4069
f 6793 6794 6795
v 937.0879 716.2110 282.4069
v 938.4938 716.5312 282.1797
v 938.0941 717.7622 282.1796
f 6796 6797 6798
v 938.0941 717.7622 282.1796
v 936.8043 717.0817 282.4069
v 937.0879 716.2110 282.4069
f 6799 6800 6801
v 937.1585 715.2927 282.4070
v 938.5933 715.2319 282.1798
v 938.4938 716.5312 282.1797
f 6802 6803 6804
v 938.4938 716.5312 282.1797
v 937.0879 716.2110 282.4069
v 937.1585 715.2927 282.4070
f 6805 6806 6807
v 934.1700 713.6078 282.5516
v 934.5855 713.7928 282.5516
v 933.6929 715.4401 282.6005
f 6808 6809 6810
v 933.6929 715.4401 282.6005
v 933.7249 713.5360 282.5517
v 934.1700 713.6078 282.5516
f 6811 6812 6813
v 934.9453 714.0818 282.5515
v 935.2263 714.4570 282.5514
v 933.6929 715.4401 282.6005
f 6814 6815 6816
v 933.6929 715.4401 282.6005
v 934.5855 713.7928 282.5516
v 934.9453 714.0818 282.5515
f 6817 6818 6819
v 933.6929 715.4401 282.6005
v 931.9963 714.8096 282.5518
v 932.1951 714.3831 282.5518
f 6820 6821 6822
v 931.9963 714.8096 282.5518
v 933.6929 715.4401 282.6005
v 931.9035 715.2769 282.5518
f 6823 6824 6825
v 933.6929 715.4401 282.6005
v 931.9238 715.7538 282.5517
v 931.9035 715.2769 282.5518
f 6826 6827 6828
v 931.9238 715.7538 282.5517
v 933.6929 715.4401 282.6005
v 932.0550 716.2104 282.5517
f 6829 6830 6831
v 933.6929 715.4401 282.6005
v 932.4871 714.0224 282.5518
v 932.8554 713.7513 282.5518
f 6832 6833 6834
v 932.4871 714.0224 282.5518
v 933.6929 715.4401 282.6005
v 932.1951 714.3831 282.5518
f 6835 6836 6837
v 933.6929 715.4401 282.6005
v 933.2780 713.5852 282.5518
v 933.7249 713.5360 282.5517
f 6838 6839 6840
v 933.2780 713.5852 282.5518
v 933.6929 715.4401 282.6005
v 932.8554 713.7513 282.5518
f 6841 6842 6843
v 932.2891 716.6199 282.5516
v 932.0550 716.2104 282.5517
v 933.6929 715.4401 282.6005
f 6844 6845 6846
v 933.6929 715.4401 282.6005
v 932.6120 716.9539 282.5515
v 932.2891 716.6199 282.5516
f 6847 6848 6849
v 933.0026 717.1929 282.5514
v 932.6120 716.9539 282.5515
v 933.6929 715.4401 282.6005
f 6850 6851 6852
v 933.6929 715.4401 282.6005
v 933.4360 717.3227 282.5513
v 933.0026 717.1929 282.5514
f 6853 6854 6855
v 933.8860 717.3335 282.5513
v 933.6929 715.4401 282.6005
v 934.3237 717.2254 282.5512
f 6856 6857 6858
v 933.6929 715.4401 282.6005
v 933.8860 717.3335 282.5513
v 933.4360 717.3227 282.5513
f 6859 6860 6861
v 933.6929 715.4401 282.6005
v 934.7221 717.0043 282.5512
v 934.3237 717.2254 282.5512
f 6862 6863 6864
v 934.7221 717.0043 282.5512
v 933.6929 715.4401 282.6005
v 935.0562 716.6865 282.5512
f 6865 6866 6867
v 933.6929 715.4401 282.6005
v 935.3032 716.2898 282.5512
v 935.0562 716.6865 282.5512
f 6868 6869 6870
v 935.3032 716.2898 282.5512
v 933.6929 715.4401 282.6005
v 935.4500 715.8394 282.5512
f 6871 6872 6873
v 933.8118 708.0809 254.0292
v 926.7728 714.8057 254.0295
v 927.3586 718.4151 254.0290
f 6874 6875 6876
v 937.1383 709.0720 254.0286
v 928.2637 719.9946 254.0287
v 934.4350 722.7541 254.0275
f 6877 6878 6879
v 927.3586 718.4151 254.0290
v 928.2637 719.9946 254.0287
v 933.8118 708.0809 254.0292
f 6880 6881 6882
v 934.4350 722.7541 254.0275
v 928.2637 719.9946 254.0287
v 931.0196 722.2122 254.0280
f 6883 6884 6885
v 940.4784 716.9790 254.0272
v 940.6195 715.1417 254.0274
v 939.9121 718.7195 254.0271
f 6886 6887 6888
v 929.6582 710.6968 281.8846
v 928.6784 711.9035 281.8846
v 928.0993 711.4960 281.5398
f 6889 6890 6891
v 928.0993 711.4960 281.5398
v 929.1936 710.1491 281.5398
v 929.6582 710.6968 281.8846
f 6892 6893 6894
v 928.6784 711.9035 281.8846
v 928.0132 713.3322 281.8846
v 927.3575 713.0889 281.5397
f 6895 6896 6897
v 927.3575 713.0889 281.5397
v 928.0993 711.4960 281.5398
v 928.6784 711.9035 281.8846
f 6898 6899 6900
v 928.0132 713.3322 281.8846
v 927.7035 714.8950 281.8844
v 927.0132 714.8318 281.5396
f 6901 6902 6903
v 927.0132 714.8318 281.5396
v 927.3575 713.0889 281.5397
v 928.0132 713.3322 281.8846
f 6904 6905 6906
v 927.7035 714.8950 281.8844
v 927.7717 716.4899 281.8843
v 927.0890 716.6116 281.5393
f 6907 6908 6909
v 927.0890 716.6116 281.5393
v 927.0132 714.8318 281.5396
v 927.7035 714.8950 281.8844
f 6910 6911 6912
v 927.0890 716.6116 281.5393
v 928.2118 718.0196 281.8840
v 927.5786 718.3173 281.5391
f 6913 6914 6915
v 928.2118 718.0196 281.8840
v 927.0890 716.6116 281.5393
v 927.7717 716.4899 281.8843
f 6916 6917 6918
v 927.5786 718.3173 281.5391
v 928.9955 719.3876 281.8838
v 928.4546 719.8429 281.5388
f 6919 6920 6921
v 928.9955 719.3876 281.8838
v 927.5786 718.3173 281.5391
v 928.2118 718.0196 281.8840
f 6922 6923 6924
v 928.4546 719.8429 281.5388
v 930.0745 720.5066 281.8835
v 929.6580 721.0917 281.5385
f 6925 6926 6927
v 930.0745 720.5066 281.8835
v 928.4546 719.8429 281.5388
v 928.9955 719.3876 281.8838
f 6928 6929 6930
v 929.6580 721.0917 281.5385
v 931.3816 721.3081 281.8832
v 931.1154 721.9857 281.5381
f 6931 6932 6933
v 931.3816 721.3081 281.8832
v 929.6580 721.0917 281.5385
v 930.0745 720.5066 281.8835
f 6934 6935 6936
v 931.1154 721.9857 281.5381
v 932.8328 721.7412 281.8829
v 932.7336 722.4674 281.5379
f 6937 6938 6939
v 932.8328 721.7412 281.8829
v 931.1154 721.9857 281.5381
v 931.3816 721.3081 281.8832
f 6940 6941 6942
v 932.7336 722.4674 281.5379
v 934.3398 721.7772 281.8827
v 934.4137 722.5080 281.5376
f 6943 6944 6945
v 934.3398 721.7772 281.8827
v 932.7336 722.4674 281.5379
v 932.8328 721.7412 281.8829
f 6946 6947 6948
v 934.3398 721.7772 281.8827
v 935.8048 721.4153 281.8825
v 936.0476 722.1045 281.5374
f 6949 6950 6951
v 936.0476 722.1045 281.5374
v 934.4137 722.5080 281.5376
v 934.3398 721.7772 281.8827
f 6952 6953 6954
v 935.8048 721.4153 281.8825
v 937.1368 720.6778 281.8824
v 937.5344 721.2816 281.5373
f 6955 6956 6957
v 937.5344 721.2816 281.5373
v 936.0476 722.1045 281.5374
v 935.8048 721.4153 281.8825
f 6958 6959 6960
v 937.1368 720.6778 281.8824
v 938.2539 719.6118 281.8824
v 938.7781 720.0932 281.5372
f 6961 6962 6963
v 938.7781 720.0932 281.5372
v 937.5344 721.2816 281.5373
v 937.1368 720.6778 281.8824
f 6964 6965 6966
v 938.2539 719.6118 281.8824
v 939.0824 718.2826 281.8824
v 939.7042 718.6108 281.5373
f 6967 6968 6969
v 939.7042 718.6108 281.5373
v 938.7781 720.0932 281.5372
v 938.2539 719.6118 281.8824
f 6970 6971 6972
v 939.0824 718.2826 281.8824
v 939.5733 716.7762 281.8825
v 940.2517 716.9293 281.5374
f 6973 6974 6975
v 940.2517 716.9293 281.5374
v 939.7042 718.6108 281.5373
v 939.0824 718.2826 281.8824
f 6976 6977 6978
v 939.5733 716.7762 281.8825
v 939.6950 715.1849 281.8827
v 940.3879 715.1561 281.5376
f 6979 6980 6981
v 940.3879 715.1561 281.5376
v 940.2517 716.9293 281.5374
v 939.5733 716.7762 281.8825
f 6982 6983 6984
v 926.7771 714.8094 281.1686
v 927.0890 716.6116 281.5393
v 926.8561 716.6532 281.1684
f 6985 6986 6987
v 927.0890 716.6116 281.5393
v 926.7771 714.8094 281.1686
v 927.0132 714.8318 281.5396
f 6988 6989 6990
v 926.7728 714.8057 254.0295
v 926.7771 714.8094 281.1686
v 926.8561 716.6532 281.1684
f 6991 6992 6993
v 926.8561 716.6532 281.1684
v 927.5786 718.3173 281.5391
v 927.3628 718.4188 281.1681
f 6994 6995 6996
v 927.5786 718.3173 281.5391
v 926.8561 716.6532 281.1684
v 927.0890 716.6116 281.5393
f 6997 6998 6999
v 926.8518 716.6495 254.0293
v 926.8561 716.6532 281.1684
v 927.3628 718.4188 281.1681
f 7000 7001 7002
v 927.3586 718.4151 254.0290
v 927.3628 718.4188 281.1681
v 928.2680 719.9984 281.1678
f 7003 7004 7005
v 928.2637 719.9946 254.0287
v 928.2680 719.9984 281.1678
v 929.5154 721.2910 281.1675
f 7006 7007 7008
v 929.5154 721.2910 281.1675
v 931.1154 721.9857 281.5381
v 931.0239 722.2160 281.1671
f 7009 7010 7011
v 931.1154 721.9857 281.5381
v 929.5154 721.2910 281.1675
v 929.6580 721.0917 281.5385
f 7012 7013 7014
v 929.5112 721.2872 254.0284
v 929.5154 721.2910 281.1675
v 931.0239 722.2160 281.1671
f 7015 7016 7017
v 931.0239 722.2160 281.1671
v 932.7336 722.4674 281.5379
v 932.7002 722.7144 281.1668
f 7018 7019 7020
v 932.7336 722.4674 281.5379
v 931.0239 722.2160 281.1671
v 931.1154 721.9857 281.5381
f 7021 7022 7023
v 931.0196 722.2122 254.0280
v 931.0239 722.2160 281.1671
v 932.7002 722.7144 281.1668
f 7024 7025 7026
v 932.6959 722.7107 254.0277
v 932.7002 722.7144 281.1668
v 934.4393 722.7578 281.1666
f 7027 7028 7029
v 934.4350 722.7541 254.0275
v 934.4393 722.7578 281.1666
v 936.1312 722.3393 281.1664
f 7030 7031 7032
v 936.0476 722.1045 281.5374
v 937.5344 721.2816 281.5373
v 937.6699 721.4882 281.1662
f 7033 7034 7035
v 937.6699 721.4882 281.1662
v 936.1312 722.3393 281.1664
v 936.0476 722.1045 281.5374
f 7036 7037 7038
v 936.1269 722.3356 254.0273
v 936.1312 722.3393 281.1664
v 937.6699 721.4882 281.1662
f 7039 7040 7041
v 937.5344 721.2816 281.5373
v 938.7781 720.0932 281.5372
v 938.9585 720.2567 281.1662
f 7042 7043 7044
v 938.9585 720.2567 281.1662
v 937.6699 721.4882 281.1662
v 937.5344 721.2816 281.5373
f 7045 7046 7047
v 937.6656 721.4845 254.0271
v 937.6699 721.4882 281.1662
v 938.9585 720.2567 281.1662
f 7048 7049 7050
v 938.7781 720.0932 281.5372
v 939.7042 718.6108 281.5373
v 939.9164 718.7231 281.1662
f 7051 7052 7053
v 939.9164 718.7231 281.1662
v 938.9585 720.2567 281.1662
v 938.7781 720.0932 281.5372
f 7054 7055 7056
v 938.9542 720.2531 254.0271
v 938.9585 720.2567 281.1662
v 939.9164 718.7231 281.1662
f 7057 7058 7059
v 939.7042 718.6108 281.5373
v 940.2517 716.9293 281.5374
v 940.4828 716.9827 281.1663
f 7060 7061 7062
v 940.4828 716.9827 281.1663
v 939.9164 718.7231 281.1662
v 939.7042 718.6108 281.5373
f 7063 7064 7065
v 939.9121 718.7195 254.0271
v 939.9164 718.7231 281.1662
v 940.4828 716.9827 281.1663
f 7066 7067 7068
v 940.2517 716.9293 281.5374
v 940.3879 715.1561 281.5376
v 940.6238 715.1454 281.1665
f 7069 7070 7071
v 940.6238 715.1454 281.1665
v 940.4828 716.9827 281.1663
v 940.2517 716.9293 281.5374
f 7072 7073 7074
v 940.4784 716.9790 254.0272
v 940.4828 716.9827 281.1663
v 940.6238 715.1454 281.1665
f 7075 7076 7077
v 934.4137 722.5080 281.5376
v 936.0476 722.1045 281.5374
v 936.1312 722.3393 281.1664
f 7078 7079 7080
v 936.1312 722.3393 281.1664
v 934.4393 722.7578 281.1666
v 934.4137 722.5080 281.5376
f 7081 7082 7083
v 940.1022 713.3988 281.5378
v 938.8219 712.1503 281.8831
v 939.4139 711.7706 281.5381
f 7084 7085 7086
v 938.8219 712.1503 281.8831
v 940.1022 713.3988 281.5378
v 939.4389 713.6096 281.8829
f 7087 7088 7089
v 939.4139 711.7706 281.5381
v 937.8826 710.8958 281.8834
v 938.3661 710.3725 281.5384
f 7090 7091 7092
v 937.8826 710.8958 281.8834
v 939.4139 711.7706 281.5381
v 938.8219 712.1503 281.8831
f 7093 7094 7095
v 940.6238 715.1454 281.1665
v 940.1022 713.3988 281.5378
v 940.3280 713.3271 281.1668
f 7096 7097 7098
v 940.1022 713.3988 281.5378
v 940.6238 715.1454 281.1665
v 940.3879 715.1561 281.5376
f 7099 7100 7101
v 940.6195 715.1417 254.0274
v 940.6238 715.1454 281.1665
v 940.3280 713.3271 281.1668
f 7102 7103 7104
v 940.3280 713.3271 281.1668
v 939.4139 711.7706 281.5381
v 939.6155 711.6401 281.1671
f 7105 7106 7107
v 939.4139 711.7706 281.5381
v 940.3280 713.3271 281.1668
v 940.1022 713.3988 281.5378
f 7108 7109 7110
v 940.3237 713.3234 254.0277
v 940.3280 713.3271 281.1668
v 939.6155 711.6401 281.1671
f 7111 7112 7113
v 939.6155 711.6401 281.1671
v 938.3661 710.3725 281.5384
v 938.5316 710.1930 281.1674
f 7114 7115 7116
v 938.3661 710.3725 281.5384
v 939.6155 711.6401 281.1671
v 939.4139 711.7706 281.5381
f 7117 7118 7119
v 939.6112 711.6364 254.0280
v 939.6155 711.6401 281.1671
v 938.5316 710.1930 281.1674
f 7120 7121 7122
v 938.5273 710.1893 254.0283
v 938.5316 710.1930 281.1674
v 937.1426 709.0757 281.1677
f 7123 7124 7125
v 937.1383 709.0720 254.0286
v 937.1426 709.0757 281.1677
v 935.5387 708.3571 281.1680
f 7126 7127 7128
v 935.5387 708.3571 281.1680
v 933.8117 708.3357 281.5393
v 933.8160 708.0846 281.1683
f 7129 7130 7131
v 933.8117 708.3357 281.5393
v 935.5387 708.3571 281.1680
v 935.4754 708.5993 281.5390
f 7132 7133 7134
v 935.5344 708.3534 254.0289
v 935.5387 708.3571 281.1680
v 933.8160 708.0846 281.1683
f 7135 7136 7137
v 933.8117 708.3357 281.5393
v 932.1422 708.5181 281.5395
v 932.0885 708.2743 281.1685
f 7138 7139 7140
v 932.0885 708.2743 281.1685
v 933.8160 708.0846 281.1683
v 933.8117 708.3357 281.5393
f 7141 7142 7143
v 933.8118 708.0809 254.0292
v 933.8160 708.0846 281.1683
v 932.0885 708.2743 281.1685
f 7144 7145 7146
v 932.1422 708.5181 281.5395
v 930.5689 709.1354 281.5397
v 930.4603 708.9137 281.1687
f 7147 7148 7149
v 930.4603 708.9137 281.1687
v 932.0885 708.2743 281.1685
v 932.1422 708.5181 281.5395
f 7150 7151 7152
v 932.0843 708.2706 254.0294
v 932.0885 708.2743 281.1685
v 930.4603 708.9137 281.1687
f 7153 7154 7155
v 930.5689 709.1354 281.5397
v 929.1936 710.1491 281.5398
v 929.0351 709.9635 281.1688
f 7156 7157 7158
v 929.0351 709.9635 281.1688
v 930.4603 708.9137 281.1687
v 930.5689 709.1354 281.5397
f 7159 7160 7161
v 930.4560 708.9100 254.0296
v 930.4603 708.9137 281.1687
v 929.0351 709.9635 281.1688
f 7162 7163 7164
v 929.1936 710.1491 281.5398
v 928.0993 711.4960 281.5398
v 927.9028 711.3565 281.1688
f 7165 7166 7167
v 927.9028 711.3565 281.1688
v 929.0351 709.9635 281.1688
v 929.1936 710.1491 281.5398
f 7168 7169 7170
v 929.0308 709.9598 254.0297
v 929.0351 709.9635 281.1688
v 927.9028 711.3565 281.1688
f 7171 7172 7173
v 928.0993 711.4960 281.5398
v 927.3575 713.0889 281.5397
v 927.1333 713.0074 281.1687
f 7174 7175 7176
v 927.1333 713.0074 281.1687
v 927.9028 711.3565 281.1688
v 928.0993 711.4960 281.5398
f 7177 7178 7179
v 927.8986 711.3528 254.0297
v 927.9028 711.3565 281.1688
v 927.1333 713.0074 281.1687
f 7180 7181 7182
v 927.3575 713.0889 281.5397
v 927.0132 714.8318 281.5396
v 926.7771 714.8094 281.1686
f 7183 7184 7185
v 926.7771 714.8094 281.1686
v 927.1333 713.0074 281.1687
v 927.3575 713.0889 281.5397
f 7186 7187 7188
v 927.1290 713.0039 254.0296
v 927.1333 713.0074 281.1687
v 926.7771 714.8094 281.1686
f 7189 7190 7191
v 934.2198 720.6146 282.1799
v 935.4169 720.3194 282.1797
v 935.8048 721.4153 281.8825
f 7192 7193 7194
v 935.8048 721.4153 281.8825
v 934.3398 721.7772 281.8827
v 934.2198 720.6146 282.1799
f 7195 7196 7197
v 935.4169 720.3194 282.1797
v 936.5053 719.7175 282.1796
v 937.1368 720.6778 281.8824
f 7198 7199 7200
v 937.1368 720.6778 281.8824
v 935.8048 721.4153 281.8825
v 935.4169 720.3194 282.1797
f 7201 7202 7203
v 936.5053 719.7175 282.1796
v 937.4170 718.8460 282.1796
v 938.2539 719.6118 281.8824
f 7204 7205 7206
v 938.2539 719.6118 281.8824
v 937.1368 720.6778 281.8824
v 936.5053 719.7175 282.1796
f 7207 7208 7209
v 937.4170 718.8460 282.1796
v 938.0941 717.7622 282.1796
v 939.0824 718.2826 281.8824
f 7210 7211 7212
v 939.0824 718.2826 281.8824
v 938.2539 719.6118 281.8824
v 937.4170 718.8460 282.1796
f 7213 7214 7215
v 938.0941 717.7622 282.1796
v 938.4938 716.5312 282.1797
v 939.5733 716.7762 281.8825
f 7216 7217 7218
v 939.5733 716.7762 281.8825
v 939.0824 718.2826 281.8824
v 938.0941 717.7622 282.1796
f 7219 7220 7221
v 938.4938 716.5312 282.1797
v 938.5933 715.2319 282.1798
v 939.6950 715.1849 281.8827
f 7222 7223 7224
v 939.6950 715.1849 281.8827
v 939.5733 716.7762 281.8825
v 938.4938 716.5312 282.1797
f 7225 7226 7227
v 939.6950 715.1849 281.8827
v 938.3848 713.9464 282.1800
v 939.4389 713.6096 281.8829
f 7228 7229 7230
v 938.3848 713.9464 282.1800
v 939.6950 715.1849 281.8827
v 938.5933 715.2319 282.1798
f 7231 7232 7233
v 940.3879 715.1561 281.5376
v 939.4389 713.6096 281.8829
v 940.1022 713.3988 281.5378
f 7234 7235 7236
v 939.4389 713.6096 281.8829
v 940.3879 715.1561 281.5376
v 939.6950 715.1849 281.8827
f 7237 7238 7239
v 935.4500 715.8394 282.5512
v 937.0879 716.2110 282.4069
v 936.8043 717.0817 282.4069
f 7240 7241 7242
v 936.8043 717.0817 282.4069
v 935.3032 716.2898 282.5512
v 935.4500 715.8394 282.5512
f 7243 7244 7245
v 935.4857 715.3643 282.5513
v 937.1585 715.2927 282.4070
v 937.0879 716.2110 282.4069
f 7246 7247 7248
v 937.0879 716.2110 282.4069
v 935.4500 715.8394 282.5512
v 935.4857 715.3643 282.5513
f 7249 7250 7251
v 937.0111 714.3832 282.4071
v 935.4857 715.3643 282.5513
v 935.4094 714.8925 282.5513
f 7252 7253 7254
v 935.4857 715.3643 282.5513
v 937.0111 714.3832 282.4071
v 937.1585 715.2927 282.4070
f 7255 7256 7257
v 938.3848 713.9464 282.1800
v 937.1585 715.2927 282.4070
v 937.0111 714.3832 282.4071
f 7258 7259 7260
v 937.1585 715.2927 282.4070
v 938.3848 713.9464 282.1800
v 938.5933 715.2319 282.1798
f 7261 7262 7263
v 927.5786 718.3173 281.5391
v 928.4546 719.8429 281.5388
v 928.2680 719.9984 281.1678
f 7264 7265 7266
v 928.2680 719.9984 281.1678
v 927.3628 718.4188 281.1681
v 927.5786 718.3173 281.5391
f 7267 7268 7269
v 929.6580 721.0917 281.5385
v 928.2680 719.9984 281.1678
v 928.4546 719.8429 281.5388
f 7270 7271 7272
v 928.2680 719.9984 281.1678
v 929.6580 721.0917 281.5385
v 929.5154 721.2910 281.1675
f 7273 7274 7275
v 932.7336 722.4674 281.5379
v 934.4137 722.5080 281.5376
v 934.4393 722.7578 281.1666
f 7276 7277 7278
v 934.4393 722.7578 281.1666
v 932.7002 722.7144 281.1668
v 932.7336 722.4674 281.5379
f 7279 7280 7281
v 938.5316 710.1930 281.1674
v 937.0263 709.2921 281.5387
v 937.1426 709.0757 281.1677
f 7282 7283 7284
v 937.0263 709.2921 281.5387
v 938.5316 710.1930 281.1674
v 938.3661 710.3725 281.5384
f 7285 7286 7287
v 935.5387 708.3571 281.1680
v 937.1426 709.0757 281.1677
v 937.0263 709.2921 281.5387
f 7288 7289 7290
v 937.0263 709.2921 281.5387
v 935.4754 708.5993 281.5390
v 935.5387 708.3571 281.1680
f 7291 7292 7293
v 935.4094 714.8925 282.5513
v 935.4857 715.3643 282.5513
v 933.6929 715.4401 282.6005
f 7294 7295 7296
v 933.6929 715.4401 282.6005
v 935.2263 714.4570 282.5514
v 935.4094 714.8925 282.5513
f 7297 7298 7299
v 937.1383 709.0720 254.0286
v 939.6112 711.6364 254.0280
v 938.5273 710.1893 254.0283
f 7300 7301 7302
v 939.6112 711.6364 254.0280
v 937.1383 709.0720 254.0286
v 940.3237 713.3234 254.0277
f 7303 7304 7305
v 933.8118 708.0809 254.0292
v 928.2637 719.9946 254.0287
v 935.5344 708.3534 254.0289
f 7306 7307 7308
v 935.5344 708.3534 254.0289
v 928.2637 719.9946 254.0287
v 937.1383 709.0720 254.0286
f 7309 7310 7311
v 939.9121 718.7195 254.0271
v 940.3237 713.3234 254.0277
v 937.1383 709.0720 254.0286
f 7312 7313 7314
v 940.3237 713.3234 254.0277
v 939.9121 718.7195 254.0271
v 940.6195 715.1417 254.0274
f 7315 7316 7317
v 939.9121 718.7195 254.0271
v 937.1383 709.0720 254.0286
v 934.4350 722.7541 254.0275
f 7318 7319 7320
v 934.4350 722.7541 254.0275
v 937.6656 721.4845 254.0271
v 938.9542 720.2531 254.0271
f 7321 7322 7323
v 934.4350 722.7541 254.0275
v 938.9542 720.2531 254.0271
v 939.9121 718.7195 254.0271
f 7324 7325 7326
v 930.4560 708.9100 254.0296
v 933.8118 708.0809 254.0292
v 932.0843 708.2706 254.0294
f 7327 7328 7329
v 929.0308 709.9598 254.0297
v 933.8118 708.0809 254.0292
v 930.4560 708.9100 254.0296
f 7330 7331 7332
v 927.8986 711.3528 254.0297
v 926.7728 714.8057 254.0295
v 933.8118 708.0809 254.0292
f 7333 7334 7335
v 929.0308 709.9598 254.0297
v 927.8986 711.3528 254.0297
v 933.8118 708.0809 254.0292
f 7336 7337 7338
v 927.1290 713.0039 254.0296
v 926.7728 714.8057 254.0295
v 927.8986 711.3528 254.0297
f 7339 7340 7341
v 926.8518 716.6495 254.0293
v 927.3586 718.4151 254.0290
v 926.7728 714.8057 254.0295
f 7342 7343 7344
v 934.4350 722.7541 254.0275
v 936.1269 722.3356 254.0273
v 937.6656 721.4845 254.0271
f 7345 7346 7347
v 932.6959 722.7107 254.0277
v 934.4350 722.7541 254.0275
v 931.0196 722.2122 254.0280
f 7348 7349 7350
v 931.0196 722.2122 254.0280
v 928.2637 719.9946 254.0287
v 929.5112 721.2872 254.0284
f 7351 7352 7353
v 926.7728 714.8057 254.0295
v 926.8561 716.6532 281.1684
v 926.8518 716.6495 254.0293
f 7354 7355 7356
v 926.8518 716.6495 254.0293
v 927.3628 718.4188 281.1681
v 927.3586 718.4151 254.0290
f 7357 7358 7359
v 927.3586 718.4151 254.0290
v 928.2680 719.9984 281.1678
v 928.2637 719.9946 254.0287
f 7360 7361 7362
v 928.2637 719.9946 254.0287
v 929.5154 721.2910 281.1675
v 929.5112 721.2872 254.0284
f 7363 7364 7365
v 929.5112 721.2872 254.0284
v 931.0239 722.2160 281.1671
v 931.0196 722.2122 254.0280
f 7366 7367 7368
v 931.0196 722.2122 254.0280
v 932.7002 722.7144 281.1668
v 932.6959 722.7107 254.0277
f 7369 7370 7371
v 932.6959 722.7107 254.0277
v 934.4393 722.7578 281.1666
v 934.4350 722.7541 254.0275
f 7372 7373 7374
v 934.4350 722.7541 254.0275
v 936.1312 722.3393 281.1664
v 936.1269 722.3356 254.0273
f 7375 7376 7377
v 936.1269 722.3356 254.0273
v 937.6699 721.4882 281.1662
v 937.6656 721.4845 254.0271
f 7378 7379 7380
v 937.6656 721.4845 254.0271
v 938.9585 720.2567 281.1662
v 938.9542 720.2531 254.0271
f 7381 7382 7383
v 938.9542 720.2531 254.0271
v 939.9164 718.7231 281.1662
v 939.9121 718.7195 254.0271
f 7384 7385 7386
v 939.9121 718.7195 254.0271
v 940.4828 716.9827 281.1663
v 940.4784 716.9790 254.0272
f 7387 7388 7389
v 940.4784 716.9790 254.0272
v 940.6238 715.1454 281.1665
v 940.6195 715.1417 254.0274
f 7390 7391 7392
v 940.6195 715.1417 254.0274
v 940.3280 713.3271 281.1668
v 940.3237 713.3234 254.0277
f 7393 7394 7395
v 940.3237 713.3234 254.0277
v 939.6155 711.6401 281.1671
v 939.6112 711.6364 254.0280
f 7396 7397 7398
v 939.6112 711.6364 254.0280
v 938.5316 710.1930 281.1674
v 938.5273 710.1893 254.0283
f 7399 7400 7401
v 938.5273 710.1893 254.0283
v 937.1426 709.0757 281.1677
v 937.1383 709.0720 254.0286
f 7402 7403 7404
v 937.1383 709.0720 254.0286
v 935.5387 708.3571 281.1680
v 935.5344 708.3534 254.0289
f 7405 7406 7407
v 935.5344 708.3534 254.0289
v 933.8160 708.0846 281.1683
v 933.8118 708.0809 254.0292
f 7408 7409 7410
v 933.8118 708.0809 254.0292
v 932.0885 708.2743 281.1685
v 932.0843 708.2706 254.0294
f 7411 7412 7413
v 932.0843 708.2706 254.0294
v 930.4603 708.9137 281.1687
v 930.4560 708.9100 254.0296
f 7414 7415 7416
v 930.4560 708.9100 254.0296
v 929.0351 709.9635 281.1688
v 929.0308 709.9598 254.0297
f 7417 7418 7419
v 929.0308 709.9598 254.0297
v 927.9028 711.3565 281.1688
v 927.8986 711.3528 254.0297
f 7420 7421 7422
v 927.8986 711.3528 254.0297
v 927.1333 713.0074 281.1687
v 927.1290 713.0039 254.0296
f 7423 7424 7425
v 927.1290 713.0039 254.0296
v 926.7771 714.8094 281.1686
v 926.7728 714.8057 254.0295
f 7426 7427 7428

g building_ID_606A4B5A-6F67-4EEA-9604-02FFDE0DA231
v 915.5104 722.7529 254.5322
v 914.6538 721.7742 254.5325
v 915.1448 722.5029 254.5323
f 7429 7430 7431
v 915.5104 722.7529 254.5322
v 915.9268 722.9037 254.5321
v 914.5587 721.3414 254.5325
f 7432 7433 7434
v 916.8047 722.8794 254.5320
v 914.6993 720.4741 254.5326
v 916.3670 722.9476 254.5321
f 7435 7436 7437
v 914.5745 720.8994 254.5326
v 915.9268 722.9037 254.5321
v 916.3670 722.9476 254.5321
f 7438 7439 7440
v 917.2112 722.7053 254.5320
v 914.9253 720.0934 254.5326
v 916.8047 722.8794 254.5320
f 7441 7442 7443
v 914.8539 722.1696 254.5324
v 915.1448 722.5029 254.5323
v 914.6538 721.7742 254.5325
f 7444 7445 7446
v 914.6538 721.7742 254.5325
v 915.5104 722.7529 254.5322
v 914.5587 721.3414 254.5325
f 7447 7448 7449
v 915.9268 722.9037 254.5321
v 914.5745 720.8994 254.5326
v 914.5587 721.3414 254.5325
f 7450 7451 7452
v 914.5745 720.8994 254.5326
v 916.3670 722.9476 254.5321
v 914.6993 720.4741 254.5326
f 7453 7454 7455
v 914.6993 720.4741 254.5326
v 916.8047 722.8794 254.5320
v 914.9253 720.0934 254.5326
f 7456 7457 7458
v 914.9253 720.0934 254.5326
v 917.2112 722.7053 254.5320
v 915.2395 719.7816 254.5326
f 7459 7460 7461
v 917.5625 722.4344 254.5320
v 917.8356 722.0857 254.5320
v 915.6219 719.5576 254.5326
f 7462 7463 7464
v 917.8356 722.0857 254.5320
v 918.0125 721.6802 254.5320
v 916.0475 719.4355 254.5325
f 7465 7466 7467
v 918.0432 720.8021 254.5321
v 916.9217 719.5211 254.5324
v 918.0833 721.2430 254.5320
f 7468 7469 7470
v 916.4905 719.4233 254.5325
v 918.0125 721.6802 254.5320
v 918.0833 721.2430 254.5320
f 7471 7472 7473
v 917.8940 720.3845 254.5321
v 917.3153 719.7241 254.5323
v 918.0432 720.8021 254.5321
f 7474 7475 7476
v 915.6219 719.5576 254.5326
v 917.8356 722.0857 254.5320
v 916.0475 719.4355 254.5325
f 7477 7478 7479
v 917.5625 722.4344 254.5320
v 915.6219 719.5576 254.5326
v 915.2395 719.7816 254.5326
f 7480 7481 7482
v 918.0432 720.8021 254.5321
v 917.3153 719.7241 254.5323
v 916.9217 719.5211 254.5324
f 7483 7484 7485
v 916.9217 719.5211 254.5324
v 916.4905 719.4233 254.5325
v 918.0833 721.2430 254.5320
f 7486 7487 7488
v 918.0125 721.6802 254.5320
v 916.4905 719.4233 254.5325
v 916.0475 719.4355 254.5325
f 7489 7490 7491
v 917.8940 720.3845 254.5321
v 917.6470 720.0181 254.5322
v 917.3153 719.7241 254.5323
f 7492 7493 7494
v 917.2112 722.7053 254.5320
v 917.5625 722.4344 254.5320
v 915.2395 719.7816 254.5326
f 7495 7496 7497
v 918.0858 721.2452 270.5425
v 917.8965 720.3867 270.5426
v 918.0456 720.8043 270.5426
f 7498 7499 7500
v 918.0150 721.6823 270.5425
v 917.8965 720.3867 270.5426
v 918.0858 721.2452 270.5425
f 7501 7502 7503
v 917.5650 722.4366 270.5425
v 918.0150 721.6823 270.5425
v 917.8381 722.0878 270.5425
f 7504 7505 7506
v 917.8965 720.3867 270.5426
v 918.0150 721.6823 270.5425
v 917.5650 722.4366 270.5425
f 7507 7508 7509
v 917.3177 719.7262 270.5428
v 917.8965 720.3867 270.5426
v 917.5650 722.4366 270.5425
f 7510 7511 7512
v 916.9242 719.5233 270.5429
v 917.3177 719.7262 270.5428
v 916.4930 719.4255 270.5430
f 7513 7514 7515
v 917.8965 720.3867 270.5426
v 917.3177 719.7262 270.5428
v 917.6496 720.0204 270.5427
f 7516 7517 7518
v 916.0500 719.4376 270.5430
v 916.4930 719.4255 270.5430
v 915.6243 719.5598 270.5431
f 7519 7520 7521
v 917.3177 719.7262 270.5428
v 915.6243 719.5598 270.5431
v 916.4930 719.4255 270.5430
f 7522 7523 7524
v 915.6243 719.5598 270.5431
v 917.3177 719.7262 270.5428
v 914.5769 720.9016 270.5431
f 7525 7526 7527
v 914.5769 720.9016 270.5431
v 917.3177 719.7262 270.5428
v 917.5650 722.4366 270.5425
f 7528 7529 7530
v 915.9293 722.9059 270.5426
v 917.5650 722.4366 270.5425
v 916.8072 722.8816 270.5425
f 7531 7532 7533
v 916.3694 722.9497 270.5426
v 915.9293 722.9059 270.5426
v 916.8072 722.8816 270.5425
f 7534 7535 7536
v 915.5129 722.7550 270.5427
v 914.8563 722.1718 270.5429
v 915.9293 722.9059 270.5426
f 7537 7538 7539
v 917.5650 722.4366 270.5425
v 915.9293 722.9059 270.5426
v 914.5769 720.9016 270.5431
f 7540 7541 7542
v 915.5129 722.7550 270.5427
v 915.1472 722.5050 270.5428
v 914.8563 722.1718 270.5429
f 7543 7544 7545
v 914.9278 720.0957 270.5431
v 915.2420 719.7838 270.5431
v 914.7018 720.4762 270.5431
f 7546 7547 7548
v 915.2420 719.7838 270.5431
v 915.6243 719.5598 270.5431
v 914.7018 720.4762 270.5431
f 7549 7550 7551
v 914.5769 720.9016 270.5431
v 914.8563 722.1718 270.5429
v 914.6563 721.7763 270.5430
f 7552 7553 7554
v 914.6563 721.7763 270.5430
v 914.5611 721.3436 270.5430
v 914.5769 720.9016 270.5431
f 7555 7556 7557
v 914.7018 720.4762 270.5431
v 915.6243 719.5598 270.5431
v 914.5769 720.9016 270.5431
f 7558 7559 7560
v 914.5769 720.9016 270.5431
v 915.9293 722.9059 270.5426
v 914.8563 722.1718 270.5429
f 7561 7562 7563
v 917.2137 722.7075 270.5425
v 916.8072 722.8816 270.5425
v 917.5650 722.4366 270.5425
f 7564 7565 7566
v 915.9268 722.9037 254.5321
v 915.9293 722.9059 270.5426
v 916.3694 722.9497 270.5426
f 7567 7568 7569
v 915.5104 722.7529 254.5322
v 915.5129 722.7550 270.5427
v 915.9293 722.9059 270.5426
f 7570 7571 7572
v 915.1448 722.5029 254.5323
v 915.1472 722.5050 270.5428
v 915.5129 722.7550 270.5427
f 7573 7574 7575
v 914.8539 722.1696 254.5324
v 914.8563 722.1718 270.5429
v 915.1472 722.5050 270.5428
f 7576 7577 7578
v 914.6538 721.7742 254.5325
v 914.6563 721.7763 270.5430
v 914.8539 722.1696 254.5324
f 7579 7580 7581
v 914.5587 721.3414 254.5325
v 914.5611 721.3436 270.5430
v 914.6538 721.7742 254.5325
f 7582 7583 7584
v 914.5745 720.8994 254.5326
v 914.5769 720.9016 270.5431
v 914.5587 721.3414 254.5325
f 7585 7586 7587
v 914.6993 720.4741 254.5326
v 914.7018 720.4762 270.5431
v 914.5769 720.9016 270.5431
f 7588 7589 7590
v 914.9253 720.0934 254.5326
v 914.9278 720.0957 270.5431
v 914.6993 720.4741 254.5326
f 7591 7592 7593
v 915.2395 719.7816 254.5326
v 915.2420 719.7838 270.5431
v 914.9253 720.0934 254.5326
f 7594 7595 7596
v 915.6219 719.5576 254.5326
v 915.6243 719.5598 270.5431
v 915.2420 719.7838 270.5431
f 7597 7598 7599
v 916.0475 719.4355 254.5325
v 916.0500 719.4376 270.5430
v 915.6243 719.5598 270.5431
f 7600 7601 7602
v 916.4905 719.4233 254.5325
v 916.4930 719.4255 270.5430
v 916.0500 719.4376 270.5430
f 7603 7604 7605
v 916.9217 719.5211 254.5324
v 916.9242 719.5233 270.5429
v 916.4930 719.4255 270.5430
f 7606 7607 7608
v 917.3153 719.7241 254.5323
v 917.3177 719.7262 270.5428
v 916.9242 719.5233 270.5429
f 7609 7610 7611
v 917.6470 720.0181 254.5322
v 917.6496 720.0204 270.5427
v 917.3177 719.7262 270.5428
f 7612 7613 7614
v 917.8940 720.3845 254.5321
v 917.8965 720.3867 270.5426
v 917.6496 720.0204 270.5427
f 7615 7616 7617
v 918.0432 720.8021 254.5321
v 918.0456 720.8043 270.5426
v 917.8965 720.3867 270.5426
f 7618 7619 7620
v 918.0833 721.2430 254.5320
v 918.0858 721.2452 270.5425
v 918.0456 720.8043 270.5426
f 7621 7622 7623
v 918.0125 721.6802 254.5320
v 918.0150 721.6823 270.5425
v 918.0858 721.2452 270.5425
f 7624 7625 7626
v 917.8356 722.0857 254.5320
v 917.8381 722.0878 270.5425
v 918.0150 721.6823 270.5425
f 7627 7628 7629
v 917.5625 722.4344 254.5320
v 917.5650 722.4366 270.5425
v 917.8381 722.0878 270.5425
f 7630 7631 7632
v 917.2112 722.7053 254.5320
v 917.2137 722.7075 270.5425
v 917.5650 722.4366 270.5425
f 7633 7634 7635
v 916.8047 722.8794 254.5320
v 916.8072 722.8816 270.5425
v 917.2137 722.7075 270.5425
f 7636 7637 7638
v 916.3670 722.9476 254.5321
v 916.3694 722.9497 270.5426
v 916.8072 722.8816 270.5425
f 7639 7640 7641
v 915.9268 722.9037 254.5321
v 916.3694 722.9497 270.5426
v 916.3670 722.9476 254.5321
f 7642 7643 7644
v 915.5104 722.7529 254.5322
v 915.9293 722.9059 270.5426
v 915.9268 722.9037 254.5321
f 7645 7646 7647
v 915.1448 722.5029 254.5323
v 915.5129 722.7550 270.5427
v 915.5104 722.7529 254.5322
f 7648 7649 7650
v 914.8539 722.1696 254.5324
v 915.1472 722.5050 270.5428
v 915.1448 722.5029 254.5323
f 7651 7652 7653
v 914.6563 721.7763 270.5430
v 914.8563 722.1718 270.5429
v 914.8539 722.1696 254.5324
f 7654 7655 7656
v 914.5611 721.3436 270.5430
v 914.6563 721.7763 270.5430
v 914.6538 721.7742 254.5325
f 7657 7658 7659
v 914.5769 720.9016 270.5431
v 914.5611 721.3436 270.5430
v 914.5587 721.3414 254.5325
f 7660 7661 7662
v 914.6993 720.4741 254.5326
v 914.5769 720.9016 270.5431
v 914.5745 720.8994 254.5326
f 7663 7664 7665
v 914.9278 720.0957 270.5431
v 914.7018 720.4762 270.5431
v 914.6993 720.4741 254.5326
f 7666 7667 7668
v 915.2420 719.7838 270.5431
v 914.9278 720.0957 270.5431
v 914.9253 720.0934 254.5326
f 7669 7670 7671
v 915.6219 719.5576 254.5326
v 915.2420 719.7838 270.5431
v 915.2395 719.7816 254.5326
f 7672 7673 7674
v 916.0475 719.4355 254.5325
v 915.6243 719.5598 270.5431
v 915.6219 719.5576 254.5326
f 7675 7676 7677
v 916.4905 719.4233 254.5325
v 916.0500 719.4376 270.5430
v 916.0475 719.4355 254.5325
f 7678 7679 7680
v 916.9217 719.5211 254.5324
v 916.4930 719.4255 270.5430
v 916.4905 719.4233 254.5325
f 7681 7682 7683
v 917.3153 719.7241 254.5323
v 916.9242 719.5233 270.5429
v 916.9217 719.5211 254.5324
f 7684 7685 7686
v 917.6470 720.0181 254.5322
v 917.3177 719.7262 270.5428
v 917.3153 719.7241 254.5323
f 7687 7688 7689
v 917.8940 720.3845 254.5321
v 917.6496 720.0204 270.5427
v 917.6470 720.0181 254.5322
f 7690 7691 7692
v 918.0432 720.8021 254.5321
v 917.8965 720.3867 270.5426
v 917.8940 720.3845 254.5321
f 7693 7694 7695
v 918.0833 721.2430 254.5320
v 918.0456 720.8043 270.5426
v 918.0432 720.8021 254.5321
f 7696 7697 7698
v 918.0125 721.6802 254.5320
v 918.0858 721.2452 270.5425
v 918.0833 721.2430 254.5320
f 7699 7700 7701
v 917.8356 722.0857 254.5320
v 918.0150 721.6823 270.5425
v 918.0125 721.6802 254.5320
f 7702 7703 7704
v 917.5625 722.4344 254.5320
v 917.8381 722.0878 270.5425
v 917.8356 722.0857 254.5320
f 7705 7706 7707
v 917.2112 722.7053 254.5320
v 917.5650 722.4366 270.5425
v 917.5625 722.4344 254.5320
f 7708 7709 7710
v 916.8047 722.8794 254.5320
v 917.2137 722.7075 270.5425
v 917.2112 722.7053 254.5320
f 7711 7712 7713
v 916.3670 722.9476 254.5321
v 916.8072 722.8816 270.5425
v 916.8047 722.8794 254.5320
f 7714 7715 7716

g building_ID_B347FA9A-BA22-4734-B640-62CF1C850E7C
v 921.2846 701.5136 268.7073
v 912.4555 709.6351 268.7076
v 921.2023 701.4239 268.7073
f 7717 7718 7719
v 905.9226 702.5318 268.7093
v 921.2023 701.4239 268.7073
v 912.4555 709.6351 268.7076
f 7720 7721 7722
v 922.4852 700.2375 268.7072
v 921.2023 701.4239 268.7073
v 916.0175 693.2419 268.7089
f 7723 7724 7725
v 905.9226 702.5318 268.7093
v 916.0175 693.2419 268.7089
v 921.2023 701.4239 268.7073
f 7726 7727 7728
v 921.2837 701.5129 262.9415
v 912.4546 709.6344 262.9418
v 921.2846 701.5136 268.7073
f 7729 7730 7731
v 922.4829 700.2354 254.0597
v 922.4852 700.2375 268.7072
v 916.0175 693.2419 268.7089
f 7732 7733 7734
v 916.1522 713.3593 254.0592
v 916.1535 713.3605 262.9409
v 919.0418 716.4757 262.9401
f 7735 7736 7737
v 919.0405 716.4745 254.0584
v 919.0418 716.4757 262.9401
v 927.7093 708.4626 262.9398
f 7738 7739 7740
v 922.4829 700.2354 254.0597
v 921.2001 701.4219 254.0598
v 921.2023 701.4239 268.7073
f 7741 7742 7743
v 921.2023 701.4239 268.7073
v 922.4852 700.2375 268.7072
v 922.4829 700.2354 254.0597
f 7744 7745 7746
v 916.1535 713.3605 262.9409
v 921.2837 701.5129 262.9415
v 927.7093 708.4626 262.9398
f 7747 7748 7749
v 919.0418 716.4757 262.9401
v 916.1535 713.3605 262.9409
v 927.7093 708.4626 262.9398
f 7750 7751 7752
v 912.4546 709.6344 262.9418
v 916.1535 713.3605 262.9409
v 916.0069 713.4958 262.9409
f 7753 7754 7755
v 921.2837 701.5129 262.9415
v 916.1535 713.3605 262.9409
v 912.4546 709.6344 262.9418
f 7756 7757 7758
v 884.2058 728.9717 269.4985
v 897.8759 716.3783 269.4979
v 904.7689 723.8726 269.4961
f 7759 7760 7761
v 904.7689 723.8726 269.4961
v 891.1188 736.4760 269.4967
v 884.2058 728.9717 269.4985
f 7762 7763 7764
v 884.2036 728.9696 254.0620
v 884.2058 728.9717 269.4985
v 891.1188 736.4760 269.4967
f 7765 7766 7767
v 897.8763 716.3786 272.4208
v 897.9851 716.2784 272.4208
v 904.7693 723.8731 272.4190
f 7768 7769 7770
v 916.0084 713.4972 272.4186
v 897.9851 716.2784 272.4208
v 905.9231 702.5323 272.4212
f 7771 7772 7773
v 894.7758 712.7911 272.4217
v 905.9231 702.5323 272.4212
v 897.9851 716.2784 272.4208
f 7774 7775 7776
v 904.7693 723.8731 272.4190
v 897.9851 716.2784 272.4208
v 916.0084 713.4972 272.4186
f 7777 7778 7779
v 897.7797 716.0554 254.0615
v 894.7730 712.7886 254.0623
v 897.9851 716.2784 272.4208
f 7780 7781 7782
v 894.7758 712.7911 272.4217
v 897.9851 716.2784 272.4208
v 894.7730 712.7886 254.0623
f 7783 7784 7785
v 897.7797 716.0554 254.0615
v 897.9851 716.2784 272.4208
v 897.9823 716.2758 254.0614
f 7786 7787 7788
v 897.8759 716.3783 269.4979
v 897.8763 716.3786 272.4208
v 904.7693 723.8731 272.4190
f 7789 7790 7791
v 912.4546 709.6344 262.9418
v 916.0069 713.4958 262.9409
v 912.4555 709.6351 268.7076
f 7792 7793 7794
v 916.0084 713.4972 272.4186
v 912.4555 709.6351 268.7076
v 916.0069 713.4958 262.9409
f 7795 7796 7797
v 905.9226 702.5318 268.7093
v 912.4555 709.6351 268.7076
v 905.9231 702.5323 272.4212
f 7798 7799 7800
v 916.0084 713.4972 272.4186
v 905.9231 702.5323 272.4212
v 912.4555 709.6351 268.7076
f 7801 7802 7803
v 921.2837 701.5129 262.9415
v 921.2824 701.5117 254.0598
v 927.7093 708.4626 262.9398
f 7804 7805 7806
v 927.7093 708.4626 262.9398
v 921.2824 701.5117 254.0598
v 927.7078 708.4613 254.0581
f 7807 7808 7809
v 921.2824 701.5117 254.0598
v 921.2837 701.5129 262.9415
v 921.2001 701.4219 254.0598
f 7810 7811 7812
v 921.2023 701.4239 268.7073
v 921.2001 701.4219 254.0598
v 921.2837 701.5129 262.9415
f 7813 7814 7815
v 921.2846 701.5136 268.7073
v 921.2023 701.4239 268.7073
v 921.2837 701.5129 262.9415
f 7816 7817 7818
v 897.8759 716.3783 269.4979
v 897.9823 716.2758 254.0614
v 897.9851 716.2784 272.4208
f 7819 7820 7821
v 897.9823 716.2758 254.0614
v 897.8759 716.3783 269.4979
v 884.2036 728.9696 254.0620
f 7822 7823 7824
v 884.2058 728.9717 269.4985
v 884.2036 728.9696 254.0620
v 897.8759 716.3783 269.4979
f 7825 7826 7827
v 897.9851 716.2784 272.4208
v 897.8763 716.3786 272.4208
v 897.8759 716.3783 269.4979
f 7828 7829 7830
v 891.1188 736.4760 269.4967
v 904.7689 723.8726 269.4961
v 891.1165 736.4739 254.0602
f 7831 7832 7833
v 904.9770 723.6770 254.0597
v 891.1165 736.4739 254.0602
v 904.7689 723.8726 269.4961
f 7834 7835 7836
v 916.0084 713.4972 272.4186
v 904.7689 723.8726 269.4961
v 904.7693 723.8731 272.4190
f 7837 7838 7839
v 916.1522 713.3593 254.0592
v 916.0069 713.4958 262.9409
v 916.1535 713.3605 262.9409
f 7840 7841 7842
v 904.7689 723.8726 269.4961
v 916.0069 713.4958 262.9409
v 904.9770 723.6770 254.0597
f 7843 7844 7845
v 916.0069 713.4958 262.9409
v 916.1522 713.3593 254.0592
v 904.9770 723.6770 254.0597
f 7846 7847 7848
v 916.0084 713.4972 272.4186
v 916.0069 713.4958 262.9409
v 904.7689 723.8726 269.4961
f 7849 7850 7851
v 916.0153 693.2399 254.0614
v 897.9823 716.2758 254.0614
v 921.2001 701.4219 254.0598
f 7852 7853 7854
v 922.4829 700.2354 254.0597
v 916.0153 693.2399 254.0614
v 921.2001 701.4219 254.0598
f 7855 7856 7857
v 921.2824 701.5117 254.0598
v 916.1522 713.3593 254.0592
v 927.7078 708.4613 254.0581
f 7858 7859 7860
v 927.7078 708.4613 254.0581
v 916.1522 713.3593 254.0592
v 919.0405 716.4745 254.0584
f 7861 7862 7863
v 921.2001 701.4219 254.0598
v 897.9823 716.2758 254.0614
v 921.2824 701.5117 254.0598
f 7864 7865 7866
v 916.0153 693.2399 254.0614
v 897.7797 716.0554 254.0615
v 897.9823 716.2758 254.0614
f 7867 7868 7869
v 897.9823 716.2758 254.0614
v 904.9770 723.6770 254.0597
v 921.2824 701.5117 254.0598
f 7870 7871 7872
v 916.1522 713.3593 254.0592
v 921.2824 701.5117 254.0598
v 904.9770 723.6770 254.0597
f 7873 7874 7875
v 891.1165 736.4739 254.0602
v 904.9770 723.6770 254.0597
v 884.2036 728.9696 254.0620
f 7876 7877 7878
v 897.9823 716.2758 254.0614
v 884.2036 728.9696 254.0620
v 904.9770 723.6770 254.0597
f 7879 7880 7881
v 897.7797 716.0554 254.0615
v 916.0153 693.2399 254.0614
v 894.7730 712.7886 254.0623
f 7882 7883 7884
v 916.0175 693.2419 268.7089
v 905.9226 702.5318 268.7093
v 916.0153 693.2399 254.0614
f 7885 7886 7887
v 905.9226 702.5318 268.7093
v 905.9231 702.5323 272.4212
v 894.7758 712.7911 272.4217
f 7888 7889 7890
v 916.0153 693.2399 254.0614
v 905.9226 702.5318 268.7093
v 894.7730 712.7886 254.0623
f 7891 7892 7893
v 894.7730 712.7886 254.0623
v 905.9226 702.5318 268.7093
v 894.7758 712.7911 272.4217
f 7894 7895 7896
v 912.4546 709.6344 262.9418
v 912.4555 709.6351 268.7076
v 921.2846 701.5136 268.7073
f 7897 7898 7899
v 922.4829 700.2354 254.0597
v 916.0175 693.2419 268.7089
v 916.0153 693.2399 254.0614
f 7900 7901 7902
v 916.1522 713.3593 254.0592
v 919.0418 716.4757 262.9401
v 919.0405 716.4745 254.0584
f 7903 7904 7905
v 919.0405 716.4745 254.0584
v 927.7093 708.4626 262.9398
v 927.7078 708.4613 254.0581
f 7906 7907 7908
v 884.2036 728.9696 254.0620
v 891.1188 736.4760 269.4967
v 891.1165 736.4739 254.0602
f 7909 7910 7911
v 897.8759 716.3783 269.4979
v 904.7693 723.8731 272.4190
v 904.7689 723.8726 269.4961
f 7912 7913 7914

g building_ID_33D937B2-B24A-4158-ACB6-46B1985D8185
v 909.3253 727.9033 254.4765
v 909.6910 728.1533 254.4764
v 912.0746 725.7850 254.4764
f 7915 7916 7917
v 909.6910 728.1533 254.4764
v 910.1074 728.3042 254.4764
v 912.2237 726.2025 254.4763
f 7918 7919 7920
v 910.9853 728.2799 254.4762
v 912.1930 727.0807 254.4762
v 910.5475 728.3481 254.4763
f 7921 7922 7923
v 912.2639 726.6435 254.4762
v 910.1074 728.3042 254.4764
v 910.5475 728.3481 254.4763
f 7924 7925 7926
v 911.8276 725.4186 254.4764
v 909.0344 727.5701 254.4766
v 909.3253 727.9033 254.4765
f 7927 7928 7929
v 910.6710 724.8238 254.4767
v 908.7550 726.2998 254.4768
v 908.7392 726.7419 254.4767
f 7930 7931 7932
v 908.7392 726.7419 254.4767
v 908.8343 727.1747 254.4767
v 911.1023 724.9216 254.4766
f 7933 7934 7935
v 909.1059 725.4939 254.4768
v 908.8799 725.8746 254.4768
v 909.8024 724.9581 254.4768
f 7936 7937 7938
v 908.8799 725.8746 254.4768
v 908.7550 726.2998 254.4768
v 910.2281 724.8360 254.4767
f 7939 7940 7941
v 909.0344 727.5701 254.4766
v 911.4959 725.1246 254.4765
v 908.8343 727.1747 254.4767
f 7942 7943 7944
v 910.9853 728.2799 254.4762
v 911.3918 728.1058 254.4762
v 911.7431 727.8349 254.4762
f 7945 7946 7947
v 910.9853 728.2799 254.4762
v 912.0161 727.4861 254.4762
v 912.1930 727.0807 254.4762
f 7948 7949 7950
v 910.5475 728.3481 254.4763
v 912.1930 727.0807 254.4762
v 912.2639 726.6435 254.4762
f 7951 7952 7953
v 912.2237 726.2025 254.4763
v 912.0746 725.7850 254.4764
v 909.6910 728.1533 254.4764
f 7954 7955 7956
v 912.2237 726.2025 254.4763
v 910.1074 728.3042 254.4764
v 912.2639 726.6435 254.4762
f 7957 7958 7959
v 909.3253 727.9033 254.4765
v 912.0746 725.7850 254.4764
v 911.8276 725.4186 254.4764
f 7960 7961 7962
v 909.4200 725.1821 254.4768
v 909.1059 725.4939 254.4768
v 909.8024 724.9581 254.4768
f 7963 7964 7965
v 909.8024 724.9581 254.4768
v 908.8799 725.8746 254.4768
v 910.2281 724.8360 254.4767
f 7966 7967 7968
v 910.6710 724.8238 254.4767
v 908.7392 726.7419 254.4767
v 911.1023 724.9216 254.4766
f 7969 7970 7971
v 910.2281 724.8360 254.4767
v 908.7550 726.2998 254.4768
v 910.6710 724.8238 254.4767
f 7972 7973 7974
v 911.1023 724.9216 254.4766
v 908.8343 727.1747 254.4767
v 911.4959 725.1246 254.4765
f 7975 7976 7977
v 909.0344 727.5701 254.4766
v 911.8276 725.4186 254.4764
v 911.4959 725.1246 254.4765
f 7978 7979 7980
v 910.9853 728.2799 254.4762
v 911.7431 727.8349 254.4762
v 912.0161 727.4861 254.4762
f 7981 7982 7983
v 912.2252 726.2040 264.2240
v 911.4973 725.1259 264.2242
v 912.0761 725.7863 264.2241
f 7984 7985 7986
v 912.2252 726.2040 264.2240
v 912.2654 726.6448 264.2239
v 911.1038 724.9229 264.2243
f 7987 7988 7989
v 912.0177 727.4875 264.2239
v 910.2296 724.8373 264.2244
v 912.1946 727.0820 264.2239
f 7990 7991 7992
v 910.6726 724.8251 264.2244
v 912.2654 726.6448 264.2239
v 912.1946 727.0820 264.2239
f 7993 7994 7995
v 911.7446 727.8362 264.2239
v 909.8039 724.9594 264.2245
v 912.0177 727.4875 264.2239
f 7996 7997 7998
v 911.8291 725.4201 264.2241
v 912.0761 725.7863 264.2241
v 911.4973 725.1259 264.2242
f 7999 8000 8001
v 911.4973 725.1259 264.2242
v 912.2252 726.2040 264.2240
v 911.1038 724.9229 264.2243
f 8002 8003 8004
v 912.2654 726.6448 264.2239
v 910.6726 724.8251 264.2244
v 911.1038 724.9229 264.2243
f 8005 8006 8007
v 910.6726 724.8251 264.2244
v 912.1946 727.0820 264.2239
v 910.2296 724.8373 264.2244
f 8008 8009 8010
v 910.2296 724.8373 264.2244
v 912.0177 727.4875 264.2239
v 909.8039 724.9594 264.2245
f 8011 8012 8013
v 909.8039 724.9594 264.2245
v 911.7446 727.8362 264.2239
v 909.4215 725.1834 264.2245
f 8014 8015 8016
v 911.3933 728.1071 264.2239
v 910.9868 728.2812 264.2239
v 909.1073 725.4954 264.2245
f 8017 8018 8019
v 910.9868 728.2812 264.2239
v 910.5490 728.3494 264.2240
v 908.8814 725.8759 264.2245
f 8020 8021 8022
v 909.6924 728.1547 264.2241
v 908.7407 726.7432 264.2244
v 910.1088 728.3056 264.2241
f 8023 8024 8025
v 908.7565 726.3012 264.2245
v 910.5490 728.3494 264.2240
v 910.1088 728.3056 264.2241
f 8026 8027 8028
v 909.3268 727.9047 264.2242
v 908.8359 727.1760 264.2244
v 909.6924 728.1547 264.2241
f 8029 8030 8031
v 909.1073 725.4954 264.2245
v 910.9868 728.2812 264.2239
v 908.8814 725.8759 264.2245
f 8032 8033 8034
v 911.3933 728.1071 264.2239
v 909.1073 725.4954 264.2245
v 909.4215 725.1834 264.2245
f 8035 8036 8037
v 909.6924 728.1547 264.2241
v 908.8359 727.1760 264.2244
v 908.7407 726.7432 264.2244
f 8038 8039 8040
v 908.7407 726.7432 264.2244
v 908.7565 726.3012 264.2245
v 910.1088 728.3056 264.2241
f 8041 8042 8043
v 910.5490 728.3494 264.2240
v 908.7565 726.3012 264.2245
v 908.8814 725.8759 264.2245
f 8044 8045 8046
v 909.3268 727.9047 264.2242
v 909.0359 727.5714 264.2243
v 908.8359 727.1760 264.2244
f 8047 8048 8049
v 911.7446 727.8362 264.2239
v 911.3933 728.1071 264.2239
v 909.4215 725.1834 264.2245
f 8050 8051 8052
v 910.1074 728.3042 254.4764
v 910.1088 728.3056 264.2241
v 910.5490 728.3494 264.2240
f 8053 8054 8055
v 909.6910 728.1533 254.4764
v 909.6924 728.1547 264.2241
v 910.1088 728.3056 264.2241
f 8056 8057 8058
v 909.3253 727.9033 254.4765
v 909.3268 727.9047 264.2242
v 909.6924 728.1547 264.2241
f 8059 8060 8061
v 909.0344 727.5701 254.4766
v 909.0359 727.5714 264.2243
v 909.3268 727.9047 264.2242
f 8062 8063 8064
v 908.8343 727.1747 254.4767
v 908.8359 727.1760 264.2244
v 909.0359 727.5714 264.2243
f 8065 8066 8067
v 908.7392 726.7419 254.4767
v 908.7407 726.7432 264.2244
v 908.8359 727.1760 264.2244
f 8068 8069 8070
v 908.7550 726.2998 254.4768
v 908.7565 726.3012 264.2245
v 908.7407 726.7432 264.2244
f 8071 8072 8073
v 908.8799 725.8746 254.4768
v 908.8814 725.8759 264.2245
v 908.7565 726.3012 264.2245
f 8074 8075 8076
v 909.1059 725.4939 254.4768
v 909.1073 725.4954 264.2245
v 908.8814 725.8759 264.2245
f 8077 8078 8079
v 909.4200 725.1821 254.4768
v 909.4215 725.1834 264.2245
v 909.1073 725.4954 264.2245
f 8080 8081 8082
v 909.8024 724.9581 254.4768
v 909.8039 724.9594 264.2245
v 909.4215 725.1834 264.2245
f 8083 8084 8085
v 910.2281 724.8360 254.4767
v 910.2296 724.8373 264.2244
v 909.8039 724.9594 264.2245
f 8086 8087 8088
v 910.6710 724.8238 254.4767
v 910.6726 724.8251 264.2244
v 910.2296 724.8373 264.2244
f 8089 8090 8091
v 911.1023 724.9216 254.4766
v 911.1038 724.9229 264.2243
v 910.6726 724.8251 264.2244
f 8092 8093 8094
v 911.4959 725.1246 254.4765
v 911.4973 725.1259 264.2242
v 911.1038 724.9229 264.2243
f 8095 8096 8097
v 911.8276 725.4186 254.4764
v 911.8291 725.4201 264.2241
v 911.4973 725.1259 264.2242
f 8098 8099 8100
v 912.0746 725.7850 254.4764
v 912.0761 725.7863 264.2241
v 911.8291 725.4201 264.2241
f 8101 8102 8103
v 912.2237 726.2025 254.4763
v 912.2252 726.2040 264.2240
v 912.0761 725.7863 264.2241
f 8104 8105 8106
v 912.2639 726.6435 254.4762
v 912.2654 726.6448 264.2239
v 912.2237 726.2025 254.4763
f 8107 8108 8109
v 912.1930 727.0807 254.4762
v 912.1946 727.0820 264.2239
v 912.2639 726.6435 254.4762
f 8110 8111 8112
v 912.0161 727.4861 254.4762
v 912.0177 727.4875 264.2239
v 912.1946 727.0820 264.2239
f 8113 8114 8115
v 911.7431 727.8349 254.4762
v 911.7446 727.8362 264.2239
v 912.0177 727.4875 264.2239
f 8116 8117 8118
v 911.3918 728.1058 254.4762
v 911.3933 728.1071 264.2239
v 911.7446 727.8362 264.2239
f 8119 8120 8121
v 910.9853 728.2799 254.4762
v 910.9868 728.2812 264.2239
v 911.3933 728.1071 264.2239
f 8122 8123 8124
v 910.5475 728.3481 254.4763
v 910.5490 728.3494 264.2240
v 910.9868 728.2812 264.2239
f 8125 8126 8127
v 910.1074 728.3042 254.4764
v 910.5490 728.3494 264.2240
v 910.5475 728.3481 254.4763
f 8128 8129 8130
v 909.6910 728.1533 254.4764
v 910.1088 728.3056 264.2241
v 910.1074 728.3042 254.4764
f 8131 8132 8133
v 909.3253 727.9033 254.4765
v 909.6924 728.1547 264.2241
v 909.6910 728.1533 254.4764
f 8134 8135 8136
v 909.0344 727.5701 254.4766
v 909.3268 727.9047 264.2242
v 909.3253 727.9033 254.4765
f 8137 8138 8139
v 908.8343 727.1747 254.4767
v 909.0359 727.5714 264.2243
v 909.0344 727.5701 254.4766
f 8140 8141 8142
v 908.7392 726.7419 254.4767
v 908.8359 727.1760 264.2244
v 908.8343 727.1747 254.4767
f 8143 8144 8145
v 908.7550 726.2998 254.4768
v 908.7407 726.7432 264.2244
v 908.7392 726.7419 254.4767
f 8146 8147 8148
v 908.8799 725.8746 254.4768
v 908.7565 726.3012 264.2245
v 908.7550 726.2998 254.4768
f 8149 8150 8151
v 909.1059 725.4939 254.4768
v 908.8814 725.8759 264.2245
v 908.8799 725.8746 254.4768
f 8152 8153 8154
v 909.4200 725.1821 254.4768
v 909.1073 725.4954 264.2245
v 909.1059 725.4939 254.4768
f 8155 8156 8157
v 909.8024 724.9581 254.4768
v 909.4215 725.1834 264.2245
v 909.4200 725.1821 254.4768
f 8158 8159 8160
v 910.2281 724.8360 254.4767
v 909.8039 724.9594 264.2245
v 909.8024 724.9581 254.4768
f 8161 8162 8163
v 910.6710 724.8238 254.4767
v 910.2296 724.8373 264.2244
v 910.2281 724.8360 254.4767
f 8164 8165 8166
v 911.1023 724.9216 254.4766
v 910.6726 724.8251 264.2244
v 910.6710 724.8238 254.4767
f 8167 8168 8169
v 911.4959 725.1246 254.4765
v 911.1038 724.9229 264.2243
v 911.1023 724.9216 254.4766
f 8170 8171 8172
v 911.8276 725.4186 254.4764
v 911.4973 725.1259 264.2242
v 911.4959 725.1246 254.4765
f 8173 8174 8175
v 912.0746 725.7850 254.4764
v 911.8291 725.4201 264.2241
v 911.8276 725.4186 254.4764
f 8176 8177 8178
v 912.2237 726.2025 254.4763
v 912.0761 725.7863 264.2241
v 912.0746 725.7850 254.4764
f 8179 8180 8181
v 912.2654 726.6448 264.2239
v 912.2252 726.2040 264.2240
v 912.2237 726.2025 254.4763
f 8182 8183 8184
v 912.1946 727.0820 264.2239
v 912.2654 726.6448 264.2239
v 912.2639 726.6435 254.4762
f 8185 8186 8187
v 912.0161 727.4861 254.4762
v 912.1946 727.0820 264.2239
v 912.1930 727.0807 254.4762
f 8188 8189 8190
v 911.7431 727.8349 254.4762
v 912.0177 727.4875 264.2239
v 912.0161 727.4861 254.4762
f 8191 8192 8193
v 911.3918 728.1058 254.4762
v 911.7446 727.8362 264.2239
v 911.7431 727.8349 254.4762
f 8194 8195 8196
v 910.9853 728.2799 254.4762
v 911.3933 728.1071 264.2239
v 911.3918 728.1058 254.4762
f 8197 8198 8199
v 910.5475 728.3481 254.4763
v 910.9868 728.2812 264.2239
v 910.9853 728.2799 254.4762
f 8200 8201 8202

g building_ID_110C4722-E712-42B0-BC89-3F7A09421EF0
v 912.6946 725.4293 254.4223
v 912.0381 724.8461 254.4225
v 912.3289 725.1793 254.4224
f 8203 8204 8205
v 912.6946 725.4293 254.4223
v 913.1110 725.5803 254.4222
v 912.0381 724.8461 254.4225
f 8206 8207 8208
v 914.7467 725.1109 254.4221
v 913.1110 725.5803 254.4222
v 913.9889 725.5558 254.4221
f 8209 8210 8211
v 913.5511 725.6240 254.4222
v 913.9889 725.5558 254.4221
v 913.1110 725.5803 254.4222
f 8212 8213 8214
v 913.1110 725.5803 254.4222
v 914.7467 725.1109 254.4221
v 911.7587 723.5759 254.4227
f 8215 8216 8217
v 911.7428 724.0179 254.4226
v 911.8380 724.4506 254.4225
v 911.7587 723.5759 254.4227
f 8218 8219 8220
v 912.0381 724.8461 254.4225
v 911.7587 723.5759 254.4227
v 911.8380 724.4506 254.4225
f 8221 8222 8223
v 912.0381 724.8461 254.4225
v 913.1110 725.5803 254.4222
v 911.7587 723.5759 254.4227
f 8224 8225 8226
v 911.8835 723.1505 254.4227
v 911.7587 723.5759 254.4227
v 912.8060 722.2341 254.4227
f 8227 8228 8229
v 912.1095 722.7700 254.4227
v 911.8835 723.1505 254.4227
v 912.4237 722.4582 254.4227
f 8230 8231 8232
v 914.7467 725.1109 254.4221
v 913.9889 725.5558 254.4221
v 914.3955 725.3818 254.4221
f 8233 8234 8235
v 915.1967 724.3566 254.4221
v 914.7467 725.1109 254.4221
v 915.0198 724.7621 254.4221
f 8236 8237 8238
v 915.0783 723.0610 254.4222
v 914.7467 725.1109 254.4221
v 915.1967 724.3566 254.4221
f 8239 8240 8241
v 915.0783 723.0610 254.4222
v 915.2676 723.9195 254.4221
v 915.2273 723.4786 254.4222
f 8242 8243 8244
v 915.1967 724.3566 254.4221
v 915.2676 723.9195 254.4221
v 915.0783 723.0610 254.4222
f 8245 8246 8247
v 914.4995 722.4006 254.4224
v 914.7467 725.1109 254.4221
v 915.0783 723.0610 254.4222
f 8248 8249 8250
v 913.2317 722.1119 254.4226
v 912.8060 722.2341 254.4227
v 913.6747 722.0998 254.4226
f 8251 8252 8253
v 912.8060 722.2341 254.4227
v 912.4237 722.4582 254.4227
v 911.8835 723.1505 254.4227
f 8254 8255 8256
v 912.8060 722.2341 254.4227
v 914.4995 722.4006 254.4224
v 913.6747 722.0998 254.4226
f 8257 8258 8259
v 914.4995 722.4006 254.4224
v 914.1059 722.1976 254.4225
v 913.6747 722.0998 254.4226
f 8260 8261 8262
v 911.7587 723.5759 254.4227
v 914.4995 722.4006 254.4224
v 912.8060 722.2341 254.4227
f 8263 8264 8265
v 914.4995 722.4006 254.4224
v 915.0783 723.0610 254.4222
v 914.8313 722.6947 254.4223
f 8266 8267 8268
v 914.4995 722.4006 254.4224
v 911.7587 723.5759 254.4227
v 914.7467 725.1109 254.4221
f 8269 8270 8271
v 915.2690 723.9208 264.2238
v 915.0797 723.0623 264.2239
v 915.2289 723.4800 264.2239
f 8272 8273 8274
v 915.1982 724.3580 264.2238
v 915.0797 723.0623 264.2239
v 915.2690 723.9208 264.2238
f 8275 8276 8277
v 914.7482 725.1122 264.2238
v 915.1982 724.3580 264.2238
v 915.0213 724.7635 264.2238
f 8278 8279 8280
v 915.0797 723.0623 264.2239
v 915.1982 724.3580 264.2238
v 914.7482 725.1122 264.2238
f 8281 8282 8283
v 914.5010 722.4019 264.2241
v 915.0797 723.0623 264.2239
v 914.7482 725.1122 264.2238
f 8284 8285 8286
v 914.1074 722.1989 264.2242
v 914.5010 722.4019 264.2241
v 913.6762 722.1011 264.2243
f 8287 8288 8289
v 915.0797 723.0623 264.2239
v 914.5010 722.4019 264.2241
v 914.8328 722.6960 264.2240
f 8290 8291 8292
v 913.2332 722.1133 264.2243
v 913.6762 722.1011 264.2243
v 912.8076 722.2354 264.2244
f 8293 8294 8295
v 914.5010 722.4019 264.2241
v 912.8076 722.2354 264.2244
v 913.6762 722.1011 264.2243
f 8296 8297 8298
v 912.8076 722.2354 264.2244
v 914.5010 722.4019 264.2241
v 911.7602 723.5773 264.2244
f 8299 8300 8301
v 911.7602 723.5773 264.2244
v 914.5010 722.4019 264.2241
v 914.7482 725.1122 264.2238
f 8302 8303 8304
v 913.1125 725.5816 264.2239
v 914.7482 725.1122 264.2238
v 913.9904 725.5573 264.2238
f 8305 8306 8307
v 913.5527 725.6254 264.2239
v 913.1125 725.5816 264.2239
v 913.9904 725.5573 264.2238
f 8308 8309 8310
v 912.6961 725.4306 264.2240
v 912.0396 724.8475 264.2242
v 913.1125 725.5816 264.2239
f 8311 8312 8313
v 914.7482 725.1122 264.2238
v 913.1125 725.5816 264.2239
v 911.7602 723.5773 264.2244
f 8314 8315 8316
v 912.6961 725.4306 264.2240
v 912.3305 725.1806 264.2241
v 912.0396 724.8475 264.2242
f 8317 8318 8319
v 912.1110 722.7713 264.2244
v 912.4252 722.4595 264.2244
v 911.8851 723.1519 264.2244
f 8320 8321 8322
v 912.4252 722.4595 264.2244
v 912.8076 722.2354 264.2244
v 911.8851 723.1519 264.2244
f 8323 8324 8325
v 911.7602 723.5773 264.2244
v 912.0396 724.8475 264.2242
v 911.8395 724.4520 264.2242
f 8326 8327 8328
v 911.8395 724.4520 264.2242
v 911.7444 724.0192 264.2243
v 911.7602 723.5773 264.2244
f 8329 8330 8331
v 911.8851 723.1519 264.2244
v 912.8076 722.2354 264.2244
v 911.7602 723.5773 264.2244
f 8332 8333 8334
v 911.7602 723.5773 264.2244
v 913.1125 725.5816 264.2239
v 912.0396 724.8475 264.2242
f 8335 8336 8337
v 914.3970 725.3831 264.2238
v 913.9904 725.5573 264.2238
v 914.7482 725.1122 264.2238
f 8338 8339 8340
v 913.1110 725.5803 254.4222
v 913.1125 725.5816 264.2239
v 913.5527 725.6254 264.2239
f 8341 8342 8343
v 912.6946 725.4293 254.4223
v 912.6961 725.4306 264.2240
v 913.1125 725.5816 264.2239
f 8344 8345 8346
v 912.3289 725.1793 254.4224
v 912.3305 725.1806 264.2241
v 912.6961 725.4306 264.2240
f 8347 8348 8349
v 912.0381 724.8461 254.4225
v 912.0396 724.8475 264.2242
v 912.3305 725.1806 264.2241
f 8350 8351 8352
v 911.8380 724.4506 254.4225
v 911.8395 724.4520 264.2242
v 912.0396 724.8475 264.2242
f 8353 8354 8355
v 911.7428 724.0179 254.4226
v 911.7444 724.0192 264.2243
v 911.8395 724.4520 264.2242
f 8356 8357 8358
v 911.7587 723.5759 254.4227
v 911.7602 723.5773 264.2244
v 911.7444 724.0192 264.2243
f 8359 8360 8361
v 911.8835 723.1505 254.4227
v 911.8851 723.1519 264.2244
v 911.7602 723.5773 264.2244
f 8362 8363 8364
v 912.1095 722.7700 254.4227
v 912.1110 722.7713 264.2244
v 911.8851 723.1519 264.2244
f 8365 8366 8367
v 912.4237 722.4582 254.4227
v 912.4252 722.4595 264.2244
v 912.1110 722.7713 264.2244
f 8368 8369 8370
v 912.8060 722.2341 254.4227
v 912.8076 722.2354 264.2244
v 912.4252 722.4595 264.2244
f 8371 8372 8373
v 913.2317 722.1119 254.4226
v 913.2332 722.1133 264.2243
v 912.8076 722.2354 264.2244
f 8374 8375 8376
v 913.6747 722.0998 254.4226
v 913.6762 722.1011 264.2243
v 913.2332 722.1133 264.2243
f 8377 8378 8379
v 914.1059 722.1976 254.4225
v 914.1074 722.1989 264.2242
v 913.6762 722.1011 264.2243
f 8380 8381 8382
v 914.4995 722.4006 254.4224
v 914.5010 722.4019 264.2241
v 914.1074 722.1989 264.2242
f 8383 8384 8385
v 914.8313 722.6947 254.4223
v 914.8328 722.6960 264.2240
v 914.5010 722.4019 264.2241
f 8386 8387 8388
v 915.0783 723.0610 254.4222
v 915.0797 723.0623 264.2239
v 914.8328 722.6960 264.2240
f 8389 8390 8391
v 915.2273 723.4786 254.4222
v 915.2289 723.4800 264.2239
v 915.0797 723.0623 264.2239
f 8392 8393 8394
v 915.2676 723.9195 254.4221
v 915.2690 723.9208 264.2238
v 915.2289 723.4800 264.2239
f 8395 8396 8397
v 915.1967 724.3566 254.4221
v 915.1982 724.3580 264.2238
v 915.2690 723.9208 264.2238
f 8398 8399 8400
v 915.0198 724.7621 254.4221
v 915.0213 724.7635 264.2238
v 915.1982 724.3580 264.2238
f 8401 8402 8403
v 914.7467 725.1109 254.4221
v 914.7482 725.1122 264.2238
v 915.0213 724.7635 264.2238
f 8404 8405 8406
v 914.3955 725.3818 254.4221
v 914.3970 725.3831 264.2238
v 914.7482 725.1122 264.2238
f 8407 8408 8409
v 913.9889 725.5558 254.4221
v 913.9904 725.5573 264.2238
v 914.3970 725.3831 264.2238
f 8410 8411 8412
v 913.5511 725.6240 254.4222
v 913.5527 725.6254 264.2239
v 913.9904 725.5573 264.2238
f 8413 8414 8415
v 913.1110 725.5803 254.4222
v 913.5527 725.6254 264.2239
v 913.5511 725.6240 254.4222
f 8416 8417 8418
v 912.6946 725.4293 254.4223
v 913.1125 725.5816 264.2239
v 913.1110 725.5803 254.4222
f 8419 8420 8421
v 912.3289 725.1793 254.4224
v 912.6961 725.4306 264.2240
v 912.6946 725.4293 254.4223
f 8422 8423 8424
v 912.0381 724.8461 254.4225
v 912.3305 725.1806 264.2241
v 912.3289 725.1793 254.4224
f 8425 8426 8427
v 911.8380 724.4506 254.4225
v 912.0396 724.8475 264.2242
v 912.0381 724.8461 254.4225
f 8428 8429 8430
v 911.7428 724.0179 254.4226
v 911.8395 724.4520 264.2242
v 911.8380 724.4506 254.4225
f 8431 8432 8433
v 911.7587 723.5759 254.4227
v 911.7444 724.0192 264.2243
v 911.7428 724.0179 254.4226
f 8434 8435 8436
v 911.8835 723.1505 254.4227
v 911.7602 723.5773 264.2244
v 911.7587 723.5759 254.4227
f 8437 8438 8439
v 912.1095 722.7700 254.4227
v 911.8851 723.1519 264.2244
v 911.8835 723.1505 254.4227
f 8440 8441 8442
v 912.4237 722.4582 254.4227
v 912.1110 722.7713 264.2244
v 912.1095 722.7700 254.4227
f 8443 8444 8445
v 912.8060 722.2341 254.4227
v 912.4252 722.4595 264.2244
v 912.4237 722.4582 254.4227
f 8446 8447 8448
v 913.2317 722.1119 254.4226
v 912.8076 722.2354 264.2244
v 912.8060 722.2341 254.4227
f 8449 8450 8451
v 913.6747 722.0998 254.4226
v 913.2332 722.1133 264.2243
v 913.2317 722.1119 254.4226
f 8452 8453 8454
v 914.1059 722.1976 254.4225
v 913.6762 722.1011 264.2243
v 913.6747 722.0998 254.4226
f 8455 8456 8457
v 914.4995 722.4006 254.4224
v 914.1074 722.1989 264.2242
v 914.1059 722.1976 254.4225
f 8458 8459 8460
v 914.8313 722.6947 254.4223
v 914.5010 722.4019 264.2241
v 914.4995 722.4006 254.4224
f 8461 8462 8463
v 915.0783 723.0610 254.4222
v 914.8328 722.6960 264.2240
v 914.8313 722.6947 254.4223
f 8464 8465 8466
v 915.2273 723.4786 254.4222
v 915.0797 723.0623 264.2239
v 915.0783 723.0610 254.4222
f 8467 8468 8469
v 915.2676 723.9195 254.4221
v 915.2289 723.4800 264.2239
v 915.2273 723.4786 254.4222
f 8470 8471 8472
v 915.1967 724.3566 254.4221
v 915.2690 723.9208 264.2238
v 915.2676 723.9195 254.4221
f 8473 8474 8475
v 915.0198 724.7621 254.4221
v 915.1982 724.3580 264.2238
v 915.1967 724.3566 254.4221
f 8476 8477 8478
v 914.7467 725.1109 254.4221
v 915.0213 724.7635 264.2238
v 915.0198 724.7621 254.4221
f 8479 8480 8481
v 914.3955 725.3818 254.4221
v 914.7482 725.1122 264.2238
v 914.7467 725.1109 254.4221
f 8482 8483 8484
v 913.9889 725.5558 254.4221
v 914.3970 725.3831 264.2238
v 914.3955 725.3818 254.4221
f 8485 8486 8487
v 913.5511 725.6240 254.4222
v 913.9904 725.5573 264.2238
v 913.9889 725.5558 254.4221
f 8488 8489 8490

g building_ID_E13376B3-9AD4-46A4-8410-5577858BAC87
v 925.8833 722.3448 281.2159
v 928.3243 722.7012 281.2155
v 925.8783 722.6799 281.7228
f 8491 8492 8493
v 925.8740 722.6760 254.0847
v 925.8783 722.6799 281.7228
v 928.3243 722.7012 281.2155
f 8494 8495 8496
v 928.3200 722.6974 254.0844
v 928.3243 722.7012 281.2155
v 925.8833 722.3448 281.2159
f 8497 8498 8499
v 925.8833 722.3448 281.2159
v 923.5110 722.9322 281.7231
v 923.4330 722.6064 281.2162
f 8500 8501 8502
v 923.5110 722.9322 281.7231
v 925.8833 722.3448 281.2159
v 925.8783 722.6799 281.7228
f 8503 8504 8505
v 925.8791 722.3410 254.0848
v 925.8833 722.3448 281.2159
v 923.4330 722.6064 281.2162
f 8506 8507 8508
v 923.5067 722.9284 254.0850
v 923.5110 722.9322 281.7231
v 925.8783 722.6799 281.7228
f 8509 8510 8511
v 921.2779 723.7633 254.0853
v 921.2822 723.7671 281.7234
v 923.5110 722.9322 281.7231
f 8512 8513 8514
v 923.4288 722.6026 254.0851
v 923.4330 722.6064 281.2162
v 921.1254 723.4695 281.2164
f 8515 8516 8517
v 921.2822 723.7671 281.7234
v 919.3319 725.1324 281.7235
v 919.1062 724.8829 281.2166
f 8518 8519 8520
v 919.1062 724.8829 281.2166
v 921.1254 723.4695 281.2164
v 921.2822 723.7671 281.7234
f 8521 8522 8523
v 921.1212 723.4657 254.0853
v 921.1254 723.4695 281.2164
v 919.1062 724.8829 281.2166
f 8524 8525 8526
v 919.3276 725.1286 254.0854
v 919.3319 725.1324 281.7235
v 921.2822 723.7671 281.7234
f 8527 8528 8529
v 919.3319 725.1324 281.7235
v 917.7848 726.9395 281.7235
v 917.5042 726.7541 281.2166
f 8530 8531 8532
v 917.5042 726.7541 281.2166
v 919.1062 724.8829 281.2166
v 919.3319 725.1324 281.7235
f 8533 8534 8535
v 919.1020 724.8791 254.0855
v 919.1062 724.8829 281.2166
v 917.5042 726.7541 281.2166
f 8536 8537 8538
v 917.7805 726.9356 254.0854
v 917.7848 726.9395 281.7235
v 919.3319 725.1324 281.7235
f 8539 8540 8541
v 917.7848 726.9395 281.7235
v 916.7345 729.0773 281.7234
v 916.4172 728.9670 281.2165
f 8542 8543 8544
v 916.4172 728.9670 281.2165
v 917.5042 726.7541 281.2166
v 917.7848 726.9395 281.7235
f 8545 8546 8547
v 917.5000 726.7504 254.0855
v 917.5042 726.7541 281.2166
v 916.4172 728.9670 281.2165
f 8548 8549 8550
v 916.7303 729.0735 254.0853
v 916.7345 729.0773 281.7234
v 917.7848 726.9395 281.7235
f 8551 8552 8553
v 916.7345 729.0773 281.7234
v 916.2508 731.4115 281.7232
v 915.9157 731.3843 281.2163
f 8554 8555 8556
v 915.9157 731.3843 281.2163
v 916.4172 728.9670 281.2165
v 916.7345 729.0773 281.7234
f 8557 8558 8559
v 916.4130 728.9632 254.0854
v 916.4172 728.9670 281.2165
v 915.9157 731.3843 281.2163
f 8560 8561 8562
v 916.2465 731.4076 254.0852
v 916.2508 731.4115 281.7232
v 916.7345 729.0773 281.7234
f 8563 8564 8565
v 916.2508 731.4115 281.7232
v 916.3602 733.7952 281.7229
v 916.0293 733.8520 281.2160
f 8566 8567 8568
v 916.0293 733.8520 281.2160
v 915.9157 731.3843 281.2163
v 916.2508 731.4115 281.7232
f 8569 8570 8571
v 915.9114 731.3805 254.0853
v 915.9157 731.3843 281.2163
v 916.0293 733.8520 281.2160
f 8572 8573 8574
v 916.3559 733.7913 254.0849
v 916.3602 733.7952 281.7229
v 916.2508 731.4115 281.7232
f 8575 8576 8577
v 916.3602 733.7952 281.7229
v 917.0593 736.0783 281.7226
v 916.7536 736.2151 281.2156
f 8578 8579 8580
v 916.7536 736.2151 281.2156
v 916.0293 733.8520 281.2160
v 916.3602 733.7952 281.7229
f 8581 8582 8583
v 916.0251 733.8482 254.0850
v 916.0293 733.8520 281.2160
v 916.7536 736.2151 281.2156
f 8584 8585 8586
v 917.0550 736.0744 254.0846
v 917.0593 736.0783 281.7226
v 916.3602 733.7952 281.7229
f 8587 8588 8589
v 916.7536 736.2151 281.2156
v 918.3018 738.1170 281.7222
v 918.0403 738.3256 281.2152
f 8590 8591 8592
v 918.3018 738.1170 281.7222
v 916.7536 736.2151 281.2156
v 917.0593 736.0783 281.7226
f 8593 8594 8595
v 916.7494 736.2113 254.0846
v 916.7536 736.2151 281.2156
v 918.0403 738.3256 281.2152
f 8596 8597 8598
v 918.2974 738.1131 254.0842
v 918.3018 738.1170 281.7222
v 917.0593 736.0783 281.7226
f 8599 8600 8601
v 918.0403 738.3256 281.2152
v 920.0102 739.7834 281.7217
v 919.8099 740.0518 281.2147
f 8602 8603 8604
v 920.0102 739.7834 281.7217
v 918.0403 738.3256 281.2152
v 918.3018 738.1170 281.7222
f 8605 8606 8607
v 918.0360 738.3218 254.0842
v 918.0403 738.3256 281.2152
v 919.8099 740.0518 281.2147
f 8608 8609 8610
v 920.0059 739.7795 254.0837
v 920.0102 739.7834 281.7217
v 918.3018 738.1170 281.7222
f 8611 8612 8613
v 919.8099 740.0518 281.2147
v 922.0784 740.9727 281.7213
v 921.9501 741.2831 281.2143
f 8614 8615 8616
v 922.0784 740.9727 281.7213
v 919.8099 740.0518 281.2147
v 920.0102 739.7834 281.7217
f 8617 8618 8619
v 919.8056 740.0480 254.0837
v 919.8099 740.0518 281.2147
v 921.9501 741.2831 281.2143
f 8620 8621 8622
v 922.0741 740.9688 254.0833
v 922.0784 740.9727 281.7213
v 920.0102 739.7834 281.7217
f 8623 8624 8625
v 921.9501 741.2831 281.2143
v 924.3760 741.6116 281.7209
v 924.3289 741.9447 281.2138
f 8626 8627 8628
v 924.3760 741.6116 281.7209
v 921.9501 741.2831 281.2143
v 922.0784 740.9727 281.7213
f 8629 8630 8631
v 921.9459 741.2793 254.0833
v 921.9501 741.2831 281.2143
v 924.3289 741.9447 281.2138
f 8632 8633 8634
v 924.3717 741.6077 254.0829
v 924.3760 741.6116 281.7209
v 922.0784 740.9727 281.7213
f 8635 8636 8637
v 924.3289 741.9447 281.2138
v 926.7581 741.6583 281.7205
v 926.7939 741.9931 281.2135
f 8638 8639 8640
v 926.7581 741.6583 281.7205
v 924.3289 741.9447 281.2138
v 924.3760 741.6116 281.7209
f 8641 8642 8643
v 924.3246 741.9409 254.0828
v 924.3289 741.9447 281.2138
v 926.7939 741.9931 281.2135
f 8644 8645 8646
v 926.7538 741.6544 254.0825
v 926.7581 741.6583 281.7205
v 924.3760 741.6116 281.7209
f 8647 8648 8649
v 926.7939 741.9931 281.2135
v 929.0736 741.1110 281.7203
v 929.1924 741.4257 281.2132
f 8650 8651 8652
v 929.0736 741.1110 281.7203
v 926.7939 741.9931 281.2135
v 926.7581 741.6583 281.7205
f 8653 8654 8655
v 926.7897 741.9893 254.0825
v 926.7939 741.9931 281.2135
v 929.1924 741.4257 281.2132
f 8656 8657 8658
v 929.0693 741.1072 254.0823
v 929.0736 741.1110 281.7203
v 926.7581 741.6583 281.7205
f 8659 8660 8661
v 929.1924 741.4257 281.2132
v 931.1797 740.0024 281.7201
v 931.3713 740.2778 281.2130
f 8662 8663 8664
v 931.1797 740.0024 281.7201
v 929.1924 741.4257 281.2132
v 929.0736 741.1110 281.7203
f 8665 8666 8667
v 929.1881 741.4218 254.0822
v 929.1924 741.4257 281.2132
v 931.3713 740.2778 281.2130
f 8668 8669 8670
v 931.1753 739.9985 254.0820
v 931.1797 740.0024 281.7201
v 929.0736 741.1110 281.7203
f 8671 8672 8673
v 931.1797 740.0024 281.7201
v 932.9423 738.4037 281.7200
v 933.1969 738.6230 281.2129
f 8674 8675 8676
v 933.1969 738.6230 281.2129
v 931.3713 740.2778 281.2130
v 931.1797 740.0024 281.7201
f 8677 8678 8679
v 931.3670 740.2740 254.0819
v 931.3713 740.2778 281.2130
v 933.1969 738.6230 281.2129
f 8680 8681 8682
v 932.9380 738.3998 254.0819
v 932.9423 738.4037 281.7200
v 931.1797 740.0024 281.7201
f 8683 8684 8685
v 932.9423 738.4037 281.7200
v 934.2510 736.4142 281.7200
v 934.5523 736.5633 281.2130
f 8686 8687 8688
v 934.5523 736.5633 281.2130
v 933.1969 738.6230 281.2129
v 932.9423 738.4037 281.7200
f 8689 8690 8691
v 933.1926 738.6191 254.0818
v 933.1969 738.6230 281.2129
v 934.5523 736.5633 281.2130
f 8692 8693 8694
v 934.2466 736.4104 254.0819
v 934.2510 736.4142 281.7200
v 932.9423 738.4037 281.7200
f 8695 8696 8697
v 934.5523 736.5633 281.2130
v 935.0249 734.1612 281.7202
v 935.3530 734.2302 281.2131
f 8698 8699 8700
v 935.0249 734.1612 281.7202
v 934.5523 736.5633 281.2130
v 934.2510 736.4142 281.7200
f 8701 8702 8703
v 934.5480 736.5595 254.0819
v 934.5523 736.5633 281.2130
v 935.3530 734.2302 281.2131
f 8704 8705 8706
v 935.0206 734.1573 254.0821
v 935.0249 734.1612 281.7202
v 934.2510 736.4142 281.7200
f 8707 8708 8709
v 935.0249 734.1612 281.7202
v 935.2135 731.7827 281.7204
v 935.5484 731.7687 281.2134
f 8710 8711 8712
v 935.5484 731.7687 281.2134
v 935.3530 734.2302 281.2131
v 935.0249 734.1612 281.7202
f 8713 8714 8715
v 935.3488 734.2264 254.0820
v 935.3530 734.2302 281.2131
v 935.5484 731.7687 281.2134
f 8716 8717 8718
v 935.2092 731.7789 254.0823
v 935.2135 731.7827 281.7204
v 935.0249 734.1612 281.7202
f 8719 8720 8721
v 935.5484 731.7687 281.2134
v 934.8063 729.4318 281.7208
v 935.1259 729.3349 281.2137
f 8722 8723 8724
v 934.8063 729.4318 281.7208
v 935.5484 731.7687 281.2134
v 935.2135 731.7827 281.7204
f 8725 8726 8727
v 935.5442 731.7649 254.0823
v 935.5484 731.7687 281.2134
v 935.1259 729.3349 281.2137
f 8728 8729 8730
v 934.8019 729.4280 254.0827
v 934.8063 729.4318 281.7208
v 935.2135 731.7827 281.7204
f 8731 8732 8733
v 933.8231 727.2506 254.0831
v 933.8274 727.2544 281.7212
v 934.8063 729.4318 281.7208
f 8734 8735 8736
v 935.1217 729.3311 254.0826
v 935.1259 729.3349 281.2137
v 934.1139 727.0796 281.2141
f 8737 8738 8739
v 932.9889 727.7658 282.1922
v 930.5665 727.2103 282.5976
v 931.6544 726.0903 282.1926
f 8740 8741 8742
v 930.5665 727.2103 282.5976
v 932.9889 727.7658 282.1922
v 931.6551 728.5774 282.5973
f 8743 8744 8745
v 933.8274 727.2544 281.7212
v 931.6544 726.0903 282.1926
v 932.3404 725.3855 281.7216
f 8746 8747 8748
v 931.6544 726.0903 282.1926
v 933.8274 727.2544 281.7212
v 932.9889 727.7658 282.1922
f 8749 8750 8751
v 934.1096 727.0759 254.0830
v 934.1139 727.0796 281.2141
v 932.5737 725.1467 281.2146
f 8752 8753 8754
v 929.9181 729.6371 282.9095
v 927.8945 730.8715 283.1056
v 927.4951 730.3716 283.1057
f 8755 8756 8757
v 927.4951 730.3716 283.1057
v 929.1485 728.6711 282.9097
v 929.9181 729.6371 282.9095
f 8758 8759 8760
v 930.5665 727.2103 282.5976
v 929.9181 729.6371 282.9095
v 929.1485 728.6711 282.9097
f 8761 8762 8763
v 929.9181 729.6371 282.9095
v 930.5665 727.2103 282.5976
v 931.6551 728.5774 282.5973
f 8764 8765 8766
v 928.1560 731.4549 283.1055
v 928.2657 732.0855 283.1054
v 925.7230 732.1953 283.1718
f 8767 8768 8769
v 923.1845 731.9851 283.1062
v 920.8189 731.7895 282.9105
v 921.0697 730.5808 282.9106
f 8770 8771 8772
v 921.0697 730.5808 282.9106
v 923.3138 731.3598 283.1062
v 923.1845 731.9851 283.1062
f 8773 8774 8775
v 923.2142 732.6240 283.1061
v 920.8763 733.0243 282.9104
v 920.8189 731.7895 282.9105
f 8776 8777 8778
v 920.8189 731.7895 282.9105
v 923.1845 731.9851 283.1062
v 923.2142 732.6240 283.1061
f 8779 8780 8781
v 923.2142 732.6240 283.1061
v 921.2384 734.2053 282.9102
v 920.8763 733.0243 282.9104
f 8782 8783 8784
v 921.2384 734.2053 282.9102
v 923.2142 732.6240 283.1061
v 923.4008 733.2365 283.1060
f 8785 8786 8787
v 921.8813 735.2605 282.9100
v 923.4008 733.2365 283.1060
v 923.7343 733.7816 283.1059
f 8788 8789 8790
v 923.4008 733.2365 283.1060
v 921.8813 735.2605 282.9100
v 921.2384 734.2053 282.9102
f 8791 8792 8793
v 924.1915 734.2294 283.1058
v 922.7656 736.1231 282.9097
v 921.8813 735.2605 282.9100
f 8794 8795 8796
v 921.8813 735.2605 282.9100
v 923.7343 733.7816 283.1059
v 924.1915 734.2294 283.1058
f 8797 8798 8799
v 922.7656 736.1231 282.9097
v 924.1915 734.2294 283.1058
v 924.7464 734.5479 283.1056
f 8800 8801 8802
v 924.7464 734.5479 283.1056
v 923.8362 736.7403 282.9095
v 922.7656 736.1231 282.9097
f 8803 8804 8805
v 925.0261 737.0691 282.9093
v 924.7464 734.5479 283.1056
v 925.3618 734.7183 283.1055
f 8806 8807 8808
v 924.7464 734.5479 283.1056
v 925.0261 737.0691 282.9093
v 923.8362 736.7403 282.9095
f 8809 8810 8811
v 926.2581 737.0938 282.9091
v 925.3618 734.7183 283.1055
v 925.9998 734.7305 283.1054
f 8812 8813 8814
v 925.3618 734.7183 283.1055
v 926.2581 737.0938 282.9091
v 925.0261 737.0691 282.9093
f 8815 8816 8817
v 927.4573 736.8106 282.9090
v 925.9998 734.7305 283.1054
v 926.6204 734.5838 283.1054
f 8818 8819 8820
v 925.9998 734.7305 283.1054
v 927.4573 736.8106 282.9090
v 926.2581 737.0938 282.9091
f 8821 8822 8823
v 927.4573 736.8106 282.9090
v 926.6204 734.5838 283.1054
v 927.1846 734.2874 283.1053
f 8824 8825 8826
v 927.1846 734.2874 283.1053
v 928.5468 736.2377 282.9089
v 927.4573 736.8106 282.9090
f 8827 8828 8829
v 927.6574 733.8581 283.1053
v 929.4595 735.4083 282.9089
v 928.5468 736.2377 282.9089
f 8830 8831 8832
v 928.5468 736.2377 282.9089
v 927.1846 734.2874 283.1053
v 927.6574 733.8581 283.1053
f 8833 8834 8835
v 928.0080 733.3262 283.1053
v 930.1368 734.3795 282.9089
v 929.4595 735.4083 282.9089
f 8836 8837 8838
v 929.4595 735.4083 282.9089
v 927.6574 733.8581 283.1053
v 928.0080 733.3262 283.1053
f 8839 8840 8841
v 928.2154 732.7216 283.1053
v 930.5377 733.2134 282.9090
v 930.1368 734.3795 282.9089
f 8842 8843 8844
v 930.1368 734.3795 282.9089
v 928.0080 733.3262 283.1053
v 928.2154 732.7216 283.1053
f 8845 8846 8847
v 928.2657 732.0855 283.1054
v 930.6354 731.9821 282.9091
v 930.5377 733.2134 282.9090
f 8848 8849 8850
v 930.5377 733.2134 282.9090
v 928.2154 732.7216 283.1053
v 928.2657 732.0855 283.1054
f 8851 8852 8853
v 928.1560 731.4549 283.1055
v 930.4251 730.7647 282.9092
v 930.6354 731.9821 282.9091
f 8854 8855 8856
v 930.6354 731.9821 282.9091
v 928.2657 732.0855 283.1054
v 928.1560 731.4549 283.1055
f 8857 8858 8859
v 927.8945 730.8715 283.1056
v 929.9181 729.6371 282.9095
v 930.4251 730.7647 282.9092
f 8860 8861 8862
v 930.4251 730.7647 282.9092
v 928.1560 731.4549 283.1055
v 927.8945 730.8715 283.1056
f 8863 8864 8865
v 920.8189 731.7895 282.9105
v 918.7885 731.6219 282.5988
v 919.1429 729.9129 282.5990
f 8866 8867 8868
v 919.1429 729.9129 282.5990
v 921.0697 730.5808 282.9106
v 920.8189 731.7895 282.9105
f 8869 8870 8871
v 919.1384 729.9090 254.0849
v 919.1429 729.9129 282.5990
v 918.7885 731.6219 282.5988
f 8872 8873 8874
v 920.8189 731.7895 282.9105
v 918.8682 733.3666 282.5986
v 918.7885 731.6219 282.5988
f 8875 8876 8877
v 918.8682 733.3666 282.5986
v 920.8189 731.7895 282.9105
v 920.8763 733.0243 282.9104
f 8878 8879 8880
v 918.7841 731.6178 254.0847
v 918.7885 731.6219 282.5988
v 918.8682 733.3666 282.5986
f 8881 8882 8883
v 921.2384 734.2053 282.9102
v 919.3806 735.0382 282.5984
v 918.8682 733.3666 282.5986
f 8884 8885 8886
v 918.8682 733.3666 282.5986
v 920.8763 733.0243 282.9104
v 921.2384 734.2053 282.9102
f 8887 8888 8889
v 918.8637 733.3627 254.0846
v 918.8682 733.3666 282.5986
v 919.3806 735.0382 282.5984
f 8890 8891 8892
v 921.8813 735.2605 282.9100
v 920.2906 736.5308 282.5981
v 919.3806 735.0382 282.5984
f 8893 8894 8895
v 919.3806 735.0382 282.5984
v 921.2384 734.2053 282.9102
v 921.8813 735.2605 282.9100
f 8896 8897 8898
v 919.3762 735.0342 254.0844
v 919.3806 735.0382 282.5984
v 920.2906 736.5308 282.5981
f 8899 8900 8901
v 921.5409 737.7513 282.5977
v 921.8813 735.2605 282.9100
v 922.7656 736.1231 282.9097
f 8902 8903 8904
v 921.8813 735.2605 282.9100
v 921.5409 737.7513 282.5977
v 920.2906 736.5308 282.5981
f 8905 8906 8907
v 920.2862 736.5268 254.0841
v 920.2906 736.5308 282.5981
v 921.5409 737.7513 282.5977
f 8908 8909 8910
v 923.0552 738.6223 282.5974
v 922.7656 736.1231 282.9097
v 923.8362 736.7403 282.9095
f 8911 8912 8913
v 922.7656 736.1231 282.9097
v 923.0552 738.6223 282.5974
v 921.5409 737.7513 282.5977
f 8914 8915 8916
v 921.5364 737.7474 254.0837
v 921.5409 737.7513 282.5977
v 923.0552 738.6223 282.5974
f 8917 8918 8919
v 924.7365 739.0888 282.5971
v 923.8362 736.7403 282.9095
v 925.0261 737.0691 282.9093
f 8920 8921 8922
v 923.8362 736.7403 282.9095
v 924.7365 739.0888 282.5971
v 923.0552 738.6223 282.5974
f 8923 8924 8925
v 923.0507 738.6183 254.0834
v 923.0552 738.6223 282.5974
v 924.7365 739.0888 282.5971
f 8926 8927 8928
v 926.4795 739.1232 282.5969
v 925.0261 737.0691 282.9093
v 926.2581 737.0938 282.9091
f 8929 8930 8931
v 925.0261 737.0691 282.9093
v 926.4795 739.1232 282.5969
v 924.7365 739.0888 282.5971
f 8932 8933 8934
v 924.7319 739.0848 254.0831
v 924.7365 739.0888 282.5971
v 926.4795 739.1232 282.5969
f 8935 8936 8937
v 928.1764 738.7216 282.5967
v 926.2581 737.0938 282.9091
v 927.4573 736.8106 282.9090
f 8938 8939 8940
v 926.2581 737.0938 282.9091
v 928.1764 738.7216 282.5967
v 926.4795 739.1232 282.5969
f 8941 8942 8943
v 926.4750 739.1191 254.0829
v 926.4795 739.1232 282.5969
v 928.1764 738.7216 282.5967
f 8944 8945 8946
v 929.7182 737.9105 282.5965
v 927.4573 736.8106 282.9090
v 928.5468 736.2377 282.9089
f 8947 8948 8949
v 927.4573 736.8106 282.9090
v 929.7182 737.9105 282.5965
v 928.1764 738.7216 282.5967
f 8950 8951 8952
v 928.1719 738.7176 254.0826
v 928.1764 738.7216 282.5967
v 929.7182 737.9105 282.5965
f 8953 8954 8955
v 931.0081 736.7410 282.5965
v 928.5468 736.2377 282.9089
v 929.4595 735.4083 282.9089
f 8956 8957 8958
v 928.5468 736.2377 282.9089
v 931.0081 736.7410 282.5965
v 929.7182 737.9105 282.5965
f 8959 8960 8961
v 929.7137 737.9064 254.0824
v 929.7182 737.9105 282.5965
v 931.0081 736.7410 282.5965
f 8962 8963 8964
v 930.1368 734.3795 282.9089
v 931.9661 735.2844 282.5965
v 931.0081 736.7410 282.5965
f 8965 8966 8967
v 931.0081 736.7410 282.5965
v 929.4595 735.4083 282.9089
v 930.1368 734.3795 282.9089
f 8968 8969 8970
v 931.0035 736.7371 254.0824
v 931.0081 736.7410 282.5965
v 931.9661 735.2844 282.5965
f 8971 8972 8973
v 930.5377 733.2134 282.9090
v 932.5327 733.6340 282.5966
v 931.9661 735.2844 282.5965
f 8974 8975 8976
v 931.9661 735.2844 282.5965
v 930.1368 734.3795 282.9089
v 930.5377 733.2134 282.9090
f 8977 8978 8979
v 931.9616 735.2805 254.0824
v 931.9661 735.2844 282.5965
v 932.5327 733.6340 282.5966
f 8980 8981 8982
v 930.6354 731.9821 282.9091
v 932.6700 731.8936 282.5968
v 932.5327 733.6340 282.5966
f 8983 8984 8985
v 932.5327 733.6340 282.5966
v 930.5377 733.2134 282.9090
v 930.6354 731.9821 282.9091
f 8986 8987 8988
v 932.5282 733.6300 254.0825
v 932.5327 733.6340 282.5966
v 932.6700 731.8936 282.5968
f 8989 8990 8991
v 930.4251 730.7647 282.9092
v 932.3724 730.1725 282.5970
v 932.6700 731.8936 282.5968
f 8992 8993 8994
v 932.6700 731.8936 282.5968
v 930.6354 731.9821 282.9091
v 930.4251 730.7647 282.9092
f 8995 8996 8997
v 932.6655 731.8896 254.0827
v 932.6700 731.8936 282.5968
v 932.3724 730.1725 282.5970
f 8998 8999 9000
v 930.4251 730.7647 282.9092
v 931.6551 728.5774 282.5973
v 932.3724 730.1725 282.5970
f 9001 9002 9003
v 931.6551 728.5774 282.5973
v 930.4251 730.7647 282.9092
v 929.9181 729.6371 282.9095
f 9004 9005 9006
v 932.3679 730.1684 254.0829
v 932.3724 730.1725 282.5970
v 931.6551 728.5774 282.5973
f 9007 9008 9009
v 923.5110 722.9322 281.7231
v 921.2822 723.7671 281.7234
v 921.1254 723.4695 281.2164
f 9010 9011 9012
v 921.1254 723.4695 281.2164
v 923.4330 722.6064 281.2162
v 923.5110 722.9322 281.7231
f 9013 9014 9015
v 934.8063 729.4318 281.7208
v 933.8274 727.2544 281.7212
v 934.1139 727.0796 281.2141
f 9016 9017 9018
v 934.1139 727.0796 281.2141
v 935.1259 729.3349 281.2137
v 934.8063 729.4318 281.7208
f 9019 9020 9021
v 932.9889 727.7658 282.1922
v 931.6507 728.5735 254.0832
v 931.6551 728.5774 282.5973
f 9022 9023 9024
v 933.8274 727.2544 281.7212
v 931.6507 728.5735 254.0832
v 932.9889 727.7658 282.1922
f 9025 9026 9027
v 933.8274 727.2544 281.7212
v 932.9845 727.7619 254.0831
v 931.6507 728.5735 254.0832
f 9028 9029 9030
v 933.8274 727.2544 281.7212
v 933.8231 727.2506 254.0831
v 932.9845 727.7619 254.0831
f 9031 9032 9033
v 932.3404 725.3855 281.7216
v 934.1139 727.0796 281.2141
v 933.8274 727.2544 281.7212
f 9034 9035 9036
v 934.1139 727.0796 281.2141
v 932.3404 725.3855 281.7216
v 932.5737 725.1467 281.2146
f 9037 9038 9039
v 925.7230 732.1953 283.1718
v 927.8945 730.8715 283.1056
v 928.1560 731.4549 283.1055
f 9040 9041 9042
v 927.8945 730.8715 283.1056
v 925.7230 732.1953 283.1718
v 927.4951 730.3716 283.1057
f 9043 9044 9045
v 925.7230 732.1953 283.1718
v 923.1845 731.9851 283.1062
v 923.3138 731.3598 283.1062
f 9046 9047 9048
v 923.1845 731.9851 283.1062
v 925.7230 732.1953 283.1718
v 923.2142 732.6240 283.1061
f 9049 9050 9051
v 925.7230 732.1953 283.1718
v 923.4008 733.2365 283.1060
v 923.2142 732.6240 283.1061
f 9052 9053 9054
v 923.4008 733.2365 283.1060
v 925.7230 732.1953 283.1718
v 923.7343 733.7816 283.1059
f 9055 9056 9057
v 924.1915 734.2294 283.1058
v 923.7343 733.7816 283.1059
v 925.7230 732.1953 283.1718
f 9058 9059 9060
v 925.7230 732.1953 283.1718
v 924.7464 734.5479 283.1056
v 924.1915 734.2294 283.1058
f 9061 9062 9063
v 925.3618 734.7183 283.1055
v 924.7464 734.5479 283.1056
v 925.7230 732.1953 283.1718
f 9064 9065 9066
v 925.7230 732.1953 283.1718
v 925.9998 734.7305 283.1054
v 925.3618 734.7183 283.1055
f 9067 9068 9069
v 926.6204 734.5838 283.1054
v 925.9998 734.7305 283.1054
v 925.7230 732.1953 283.1718
f 9070 9071 9072
v 925.7230 732.1953 283.1718
v 927.1846 734.2874 283.1053
v 926.6204 734.5838 283.1054
f 9073 9074 9075
v 925.7230 732.1953 283.1718
v 927.6574 733.8581 283.1053
v 927.1846 734.2874 283.1053
f 9076 9077 9078
v 927.6574 733.8581 283.1053
v 925.7230 732.1953 283.1718
v 928.0080 733.3262 283.1053
f 9079 9080 9081
v 925.7230 732.1953 283.1718
v 928.2154 732.7216 283.1053
v 928.0080 733.3262 283.1053
f 9082 9083 9084
v 928.2154 732.7216 283.1053
v 925.7230 732.1953 283.1718
v 928.2657 732.0855 283.1054
f 9085 9086 9087
v 925.7184 732.1913 254.0837
v 923.3138 731.3598 283.1062
v 921.0697 730.5808 282.9106
f 9088 9089 9090
v 923.3138 731.3598 283.1062
v 925.7184 732.1913 254.0837
v 925.7230 732.1953 283.1718
f 9091 9092 9093
v 925.7184 732.1913 254.0837
v 921.0697 730.5808 282.9106
v 923.3093 731.3557 254.0841
f 9094 9095 9096
v 921.0652 730.5768 254.0845
v 919.1429 729.9129 282.5990
v 919.1384 729.9090 254.0849
f 9097 9098 9099
v 919.1429 729.9129 282.5990
v 921.0652 730.5768 254.0845
v 923.3093 731.3557 254.0841
f 9100 9101 9102
v 921.0697 730.5808 282.9106
v 919.1429 729.9129 282.5990
v 923.3093 731.3557 254.0841
f 9103 9104 9105
v 931.6500 726.0865 254.0835
v 932.3361 725.3817 254.0835
v 929.1485 728.6711 282.9097
f 9106 9107 9108
v 932.5695 725.1430 254.0835
v 932.5737 725.1467 281.2146
v 932.3361 725.3817 254.0835
f 9109 9110 9111
v 930.5620 727.2064 254.0835
v 925.7230 732.1953 283.1718
v 929.1439 728.6671 254.0836
f 9112 9113 9114
v 927.4905 730.3676 254.0836
v 925.7230 732.1953 283.1718
v 925.7184 732.1913 254.0837
f 9115 9116 9117
v 929.1439 728.6671 254.0836
v 925.7230 732.1953 283.1718
v 927.4905 730.3676 254.0836
f 9118 9119 9120
v 931.6500 726.0865 254.0835
v 927.4951 730.3716 283.1057
v 930.5620 727.2064 254.0835
f 9121 9122 9123
v 931.6544 726.0903 282.1926
v 932.5737 725.1467 281.2146
v 932.3404 725.3855 281.7216
f 9124 9125 9126
v 930.5665 727.2103 282.5976
v 932.5737 725.1467 281.2146
v 931.6544 726.0903 282.1926
f 9127 9128 9129
v 929.1485 728.6711 282.9097
v 927.4951 730.3716 283.1057
v 931.6500 726.0865 254.0835
f 9130 9131 9132
v 925.7230 732.1953 283.1718
v 930.5620 727.2064 254.0835
v 927.4951 730.3716 283.1057
f 9133 9134 9135
v 929.1485 728.6711 282.9097
v 932.5737 725.1467 281.2146
v 930.5665 727.2103 282.5976
f 9136 9137 9138
v 929.1485 728.6711 282.9097
v 932.3361 725.3817 254.0835
v 932.5737 725.1467 281.2146
f 9139 9140 9141
v 918.0360 738.3218 254.0842
v 917.0550 736.0744 254.0846
v 916.7494 736.2113 254.0846
f 9142 9143 9144
v 918.2974 738.1131 254.0842
v 918.0360 738.3218 254.0842
v 920.0059 739.7795 254.0837
f 9145 9146 9147
v 918.2974 738.1131 254.0842
v 917.0550 736.0744 254.0846
v 918.0360 738.3218 254.0842
f 9148 9149 9150
v 916.2465 731.4076 254.0852
v 916.0251 733.8482 254.0850
v 916.3559 733.7913 254.0849
f 9151 9152 9153
v 916.3559 733.7913 254.0849
v 916.0251 733.8482 254.0850
v 916.7494 736.2113 254.0846
f 9154 9155 9156
v 919.3762 735.0342 254.0844
v 923.3093 731.3557 254.0841
v 918.8637 733.3627 254.0846
f 9157 9158 9159
v 916.3559 733.7913 254.0849
v 916.7494 736.2113 254.0846
v 917.0550 736.0744 254.0846
f 9160 9161 9162
v 919.8056 740.0480 254.0837
v 920.0059 739.7795 254.0837
v 918.0360 738.3218 254.0842
f 9163 9164 9165
v 919.8056 740.0480 254.0837
v 922.0741 740.9688 254.0833
v 920.0059 739.7795 254.0837
f 9166 9167 9168
v 924.3717 741.6077 254.0829
v 922.0741 740.9688 254.0833
v 921.9459 741.2793 254.0833
f 9169 9170 9171
v 921.9459 741.2793 254.0833
v 924.3246 741.9409 254.0828
v 924.3717 741.6077 254.0829
f 9172 9173 9174
v 923.0507 738.6183 254.0834
v 925.7184 732.1913 254.0837
v 921.5364 737.7474 254.0837
f 9175 9176 9177
v 920.2862 736.5268 254.0841
v 921.5364 737.7474 254.0837
v 923.3093 731.3557 254.0841
f 9178 9179 9180
v 923.3093 731.3557 254.0841
v 919.3762 735.0342 254.0844
v 920.2862 736.5268 254.0841
f 9181 9182 9183
v 925.7184 732.1913 254.0837
v 924.7319 739.0848 254.0831
v 926.4750 739.1191 254.0829
f 9184 9185 9186
v 921.9459 741.2793 254.0833
v 922.0741 740.9688 254.0833
v 919.8056 740.0480 254.0837
f 9187 9188 9189
v 925.7184 732.1913 254.0837
v 923.0507 738.6183 254.0834
v 924.7319 739.0848 254.0831
f 9190 9191 9192
v 916.2465 731.4076 254.0852
v 916.7303 729.0735 254.0853
v 915.9114 731.3805 254.0853
f 9193 9194 9195
v 916.2465 731.4076 254.0852
v 915.9114 731.3805 254.0853
v 916.0251 733.8482 254.0850
f 9196 9197 9198
v 921.0652 730.5768 254.0845
v 919.1384 729.9090 254.0849
v 918.7841 731.6178 254.0847
f 9199 9200 9201
v 917.7805 726.9356 254.0854
v 916.4130 728.9632 254.0854
v 916.7303 729.0735 254.0853
f 9202 9203 9204
v 915.9114 731.3805 254.0853
v 916.7303 729.0735 254.0853
v 916.4130 728.9632 254.0854
f 9205 9206 9207
v 919.3276 725.1286 254.0854
v 919.1020 724.8791 254.0855
v 917.5000 726.7504 254.0855
f 9208 9209 9210
v 916.4130 728.9632 254.0854
v 917.7805 726.9356 254.0854
v 917.5000 726.7504 254.0855
f 9211 9212 9213
v 919.3276 725.1286 254.0854
v 917.5000 726.7504 254.0855
v 917.7805 726.9356 254.0854
f 9214 9215 9216
v 923.3093 731.3557 254.0841
v 921.0652 730.5768 254.0845
v 918.8637 733.3627 254.0846
f 9217 9218 9219
v 921.0652 730.5768 254.0845
v 918.7841 731.6178 254.0847
v 918.8637 733.3627 254.0846
f 9220 9221 9222
v 923.4288 722.6026 254.0851
v 921.1212 723.4657 254.0853
v 921.2779 723.7633 254.0853
f 9223 9224 9225
v 921.2779 723.7633 254.0853
v 921.1212 723.4657 254.0853
v 919.1020 724.8791 254.0855
f 9226 9227 9228
v 923.5067 722.9284 254.0850
v 925.8791 722.3410 254.0848
v 923.4288 722.6026 254.0851
f 9229 9230 9231
v 921.2779 723.7633 254.0853
v 923.5067 722.9284 254.0850
v 923.4288 722.6026 254.0851
f 9232 9233 9234
v 925.8740 722.6760 254.0847
v 925.8791 722.3410 254.0848
v 923.5067 722.9284 254.0850
f 9235 9236 9237
v 919.3276 725.1286 254.0854
v 921.2779 723.7633 254.0853
v 919.1020 724.8791 254.0855
f 9238 9239 9240
v 921.5364 737.7474 254.0837
v 925.7184 732.1913 254.0837
v 923.3093 731.3557 254.0841
f 9241 9242 9243
v 924.3246 741.9409 254.0828
v 926.7538 741.6544 254.0825
v 924.3717 741.6077 254.0829
f 9244 9245 9246
v 929.0693 741.1072 254.0823
v 926.7538 741.6544 254.0825
v 926.7897 741.9893 254.0825
f 9247 9248 9249
v 931.3670 740.2740 254.0819
v 931.1753 739.9985 254.0820
v 929.0693 741.1072 254.0823
f 9250 9251 9252
v 926.7897 741.9893 254.0825
v 929.1881 741.4218 254.0822
v 929.0693 741.1072 254.0823
f 9253 9254 9255
v 929.7137 737.9064 254.0824
v 925.7184 732.1913 254.0837
v 928.1719 738.7176 254.0826
f 9256 9257 9258
v 925.7184 732.1913 254.0837
v 929.7137 737.9064 254.0824
v 931.0035 736.7371 254.0824
f 9259 9260 9261
v 931.0035 736.7371 254.0824
v 931.9616 735.2805 254.0824
v 925.7184 732.1913 254.0837
f 9262 9263 9264
v 931.3670 740.2740 254.0819
v 929.0693 741.1072 254.0823
v 929.1881 741.4218 254.0822
f 9265 9266 9267
v 926.7897 741.9893 254.0825
v 926.7538 741.6544 254.0825
v 924.3246 741.9409 254.0828
f 9268 9269 9270
v 932.9380 738.3998 254.0819
v 931.1753 739.9985 254.0820
v 933.1926 738.6191 254.0818
f 9271 9272 9273
v 932.9380 738.3998 254.0819
v 933.1926 738.6191 254.0818
v 934.5480 736.5595 254.0819
f 9274 9275 9276
v 934.2466 736.4104 254.0819
v 932.9380 738.3998 254.0819
v 934.5480 736.5595 254.0819
f 9277 9278 9279
v 925.7184 732.1913 254.0837
v 931.9616 735.2805 254.0824
v 927.4905 730.3676 254.0836
f 9280 9281 9282
v 935.0206 734.1573 254.0821
v 934.2466 736.4104 254.0819
v 935.3488 734.2264 254.0820
f 9283 9284 9285
v 934.5480 736.5595 254.0819
v 935.3488 734.2264 254.0820
v 934.2466 736.4104 254.0819
f 9286 9287 9288
v 935.3488 734.2264 254.0820
v 935.5442 731.7649 254.0823
v 935.0206 734.1573 254.0821
f 9289 9290 9291
v 933.1926 738.6191 254.0818
v 931.1753 739.9985 254.0820
v 931.3670 740.2740 254.0819
f 9292 9293 9294
v 932.5282 733.6300 254.0825
v 927.4905 730.3676 254.0836
v 931.9616 735.2805 254.0824
f 9295 9296 9297
v 932.3679 730.1684 254.0829
v 929.1439 728.6671 254.0836
v 927.4905 730.3676 254.0836
f 9298 9299 9300
v 930.5620 727.2064 254.0835
v 931.6507 728.5735 254.0832
v 932.9845 727.7619 254.0831
f 9301 9302 9303
v 929.1439 728.6671 254.0836
v 932.3679 730.1684 254.0829
v 931.6507 728.5735 254.0832
f 9304 9305 9306
v 932.3679 730.1684 254.0829
v 927.4905 730.3676 254.0836
v 932.6655 731.8896 254.0827
f 9307 9308 9309
v 930.5620 727.2064 254.0835
v 929.1439 728.6671 254.0836
v 931.6507 728.5735 254.0832
f 9310 9311 9312
v 925.8791 722.3410 254.0848
v 925.8740 722.6760 254.0847
v 928.3200 722.6974 254.0844
f 9313 9314 9315
v 931.6500 726.0865 254.0835
v 930.5620 727.2064 254.0835
v 932.9845 727.7619 254.0831
f 9316 9317 9318
v 933.8231 727.2506 254.0831
v 932.3361 725.3817 254.0835
v 931.6500 726.0865 254.0835
f 9319 9320 9321
v 935.1217 729.3311 254.0826
v 934.8019 729.4280 254.0827
v 935.2092 731.7789 254.0823
f 9322 9323 9324
v 935.2092 731.7789 254.0823
v 935.0206 734.1573 254.0821
v 935.5442 731.7649 254.0823
f 9325 9326 9327
v 935.5442 731.7649 254.0823
v 935.1217 729.3311 254.0826
v 935.2092 731.7789 254.0823
f 9328 9329 9330
v 932.5695 725.1430 254.0835
v 932.3361 725.3817 254.0835
v 933.8231 727.2506 254.0831
f 9331 9332 9333
v 933.8231 727.2506 254.0831
v 931.6500 726.0865 254.0835
v 932.9845 727.7619 254.0831
f 9334 9335 9336
v 933.8231 727.2506 254.0831
v 934.8019 729.4280 254.0827
v 934.1096 727.0759 254.0830
f 9337 9338 9339
v 932.5695 725.1430 254.0835
v 933.8231 727.2506 254.0831
v 934.1096 727.0759 254.0830
f 9340 9341 9342
v 934.8019 729.4280 254.0827
v 935.1217 729.3311 254.0826
v 934.1096 727.0759 254.0830
f 9343 9344 9345
v 932.6655 731.8896 254.0827
v 927.4905 730.3676 254.0836
v 932.5282 733.6300 254.0825
f 9346 9347 9348
v 928.1719 738.7176 254.0826
v 925.7184 732.1913 254.0837
v 926.4750 739.1191 254.0829
f 9349 9350 9351
v 925.8740 722.6760 254.0847
v 928.3243 722.7012 281.2155
v 928.3200 722.6974 254.0844
f 9352 9353 9354
v 928.3200 722.6974 254.0844
v 925.8833 722.3448 281.2159
v 925.8791 722.3410 254.0848
f 9355 9356 9357
v 925.8791 722.3410 254.0848
v 923.4330 722.6064 281.2162
v 923.4288 722.6026 254.0851
f 9358 9359 9360
v 923.5067 722.9284 254.0850
v 925.8783 722.6799 281.7228
v 925.8740 722.6760 254.0847
f 9361 9362 9363
v 921.2779 723.7633 254.0853
v 923.5110 722.9322 281.7231
v 923.5067 722.9284 254.0850
f 9364 9365 9366
v 923.4288 722.6026 254.0851
v 921.1254 723.4695 281.2164
v 921.1212 723.4657 254.0853
f 9367 9368 9369
v 921.1212 723.4657 254.0853
v 919.1062 724.8829 281.2166
v 919.1020 724.8791 254.0855
f 9370 9371 9372
v 919.3276 725.1286 254.0854
v 921.2822 723.7671 281.7234
v 921.2779 723.7633 254.0853
f 9373 9374 9375
v 919.1020 724.8791 254.0855
v 917.5042 726.7541 281.2166
v 917.5000 726.7504 254.0855
f 9376 9377 9378
v 917.7805 726.9356 254.0854
v 919.3319 725.1324 281.7235
v 919.3276 725.1286 254.0854
f 9379 9380 9381
v 917.5000 726.7504 254.0855
v 916.4172 728.9670 281.2165
v 916.4130 728.9632 254.0854
f 9382 9383 9384
v 916.7303 729.0735 254.0853
v 917.7848 726.9395 281.7235
v 917.7805 726.9356 254.0854
f 9385 9386 9387
v 916.4130 728.9632 254.0854
v 915.9157 731.3843 281.2163
v 915.9114 731.3805 254.0853
f 9388 9389 9390
v 916.2465 731.4076 254.0852
v 916.7345 729.0773 281.7234
v 916.7303 729.0735 254.0853
f 9391 9392 9393
v 915.9114 731.3805 254.0853
v 916.0293 733.8520 281.2160
v 916.0251 733.8482 254.0850
f 9394 9395 9396
v 916.3559 733.7913 254.0849
v 916.2508 731.4115 281.7232
v 916.2465 731.4076 254.0852
f 9397 9398 9399
v 916.0251 733.8482 254.0850
v 916.7536 736.2151 281.2156
v 916.7494 736.2113 254.0846
f 9400 9401 9402
v 917.0550 736.0744 254.0846
v 916.3602 733.7952 281.7229
v 916.3559 733.7913 254.0849
f 9403 9404 9405
v 916.7494 736.2113 254.0846
v 918.0403 738.3256 281.2152
v 918.0360 738.3218 254.0842
f 9406 9407 9408
v 918.2974 738.1131 254.0842
v 917.0593 736.0783 281.7226
v 917.0550 736.0744 254.0846
f 9409 9410 9411
v 918.0360 738.3218 254.0842
v 919.8099 740.0518 281.2147
v 919.8056 740.0480 254.0837
f 9412 9413 9414
v 920.0059 739.7795 254.0837
v 918.3018 738.1170 281.7222
v 918.2974 738.1131 254.0842
f 9415 9416 9417
v 919.8056 740.0480 254.0837
v 921.9501 741.2831 281.2143
v 921.9459 741.2793 254.0833
f 9418 9419 9420
v 922.0741 740.9688 254.0833
v 920.0102 739.7834 281.7217
v 920.0059 739.7795 254.0837
f 9421 9422 9423
v 921.9459 741.2793 254.0833
v 924.3289 741.9447 281.2138
v 924.3246 741.9409 254.0828
f 9424 9425 9426
v 924.3717 741.6077 254.0829
v 922.0784 740.9727 281.7213
v 922.0741 740.9688 254.0833
f 9427 9428 9429
v 924.3246 741.9409 254.0828
v 926.7939 741.9931 281.2135
v 926.7897 741.9893 254.0825
f 9430 9431 9432
v 926.7538 741.6544 254.0825
v 924.3760 741.6116 281.7209
v 924.3717 741.6077 254.0829
f 9433 9434 9435
v 926.7897 741.9893 254.0825
v 929.1924 741.4257 281.2132
v 929.1881 741.4218 254.0822
f 9436 9437 9438
v 929.0693 741.1072 254.0823
v 926.7581 741.6583 281.7205
v 926.7538 741.6544 254.0825
f 9439 9440 9441
v 929.1881 741.4218 254.0822
v 931.3713 740.2778 281.2130
v 931.3670 740.2740 254.0819
f 9442 9443 9444
v 931.1753 739.9985 254.0820
v 929.0736 741.1110 281.7203
v 929.0693 741.1072 254.0823
f 9445 9446 9447
v 931.3670 740.2740 254.0819
v 933.1969 738.6230 281.2129
v 933.1926 738.6191 254.0818
f 9448 9449 9450
v 932.9380 738.3998 254.0819
v 931.1797 740.0024 281.7201
v 931.1753 739.9985 254.0820
f 9451 9452 9453
v 933.1926 738.6191 254.0818
v 934.5523 736.5633 281.2130
v 934.5480 736.5595 254.0819
f 9454 9455 9456
v 934.2466 736.4104 254.0819
v 932.9423 738.4037 281.7200
v 932.9380 738.3998 254.0819
f 9457 9458 9459
v 934.5480 736.5595 254.0819
v 935.3530 734.2302 281.2131
v 935.3488 734.2264 254.0820
f 9460 9461 9462
v 935.0206 734.1573 254.0821
v 934.2510 736.4142 281.7200
v 934.2466 736.4104 254.0819
f 9463 9464 9465
v 935.3488 734.2264 254.0820
v 935.5484 731.7687 281.2134
v 935.5442 731.7649 254.0823
f 9466 9467 9468
v 935.2092 731.7789 254.0823
v 935.0249 734.1612 281.7202
v 935.0206 734.1573 254.0821
f 9469 9470 9471
v 935.5442 731.7649 254.0823
v 935.1259 729.3349 281.2137
v 935.1217 729.3311 254.0826
f 9472 9473 9474
v 934.8019 729.4280 254.0827
v 935.2135 731.7827 281.7204
v 935.2092 731.7789 254.0823
f 9475 9476 9477
v 933.8231 727.2506 254.0831
v 934.8063 729.4318 281.7208
v 934.8019 729.4280 254.0827
f 9478 9479 9480
v 935.1217 729.3311 254.0826
v 934.1139 727.0796 281.2141
v 934.1096 727.0759 254.0830
f 9481 9482 9483
v 934.1096 727.0759 254.0830
v 932.5737 725.1467 281.2146
v 932.5695 725.1430 254.0835
f 9484 9485 9486
v 919.1384 729.9090 254.0849
v 918.7885 731.6219 282.5988
v 918.7841 731.6178 254.0847
f 9487 9488 9489
v 918.7841 731.6178 254.0847
v 918.8682 733.3666 282.5986
v 918.8637 733.3627 254.0846
f 9490 9491 9492
v 918.8637 733.3627 254.0846
v 919.3806 735.0382 282.5984
v 919.3762 735.0342 254.0844
f 9493 9494 9495
v 919.3762 735.0342 254.0844
v 920.2906 736.5308 282.5981
v 920.2862 736.5268 254.0841
f 9496 9497 9498
v 920.2862 736.5268 254.0841
v 921.5409 737.7513 282.5977
v 921.5364 737.7474 254.0837
f 9499 9500 9501
v 921.5364 737.7474 254.0837
v 923.0552 738.6223 282.5974
v 923.0507 738.6183 254.0834
f 9502 9503 9504
v 923.0507 738.6183 254.0834
v 924.7365 739.0888 282.5971
v 924.7319 739.0848 254.0831
f 9505 9506 9507
v 924.7319 739.0848 254.0831
v 926.4795 739.1232 282.5969
v 926.4750 739.1191 254.0829
f 9508 9509 9510
v 926.4750 739.1191 254.0829
v 928.1764 738.7216 282.5967
v 928.1719 738.7176 254.0826
f 9511 9512 9513
v 928.1719 738.7176 254.0826
v 929.7182 737.9105 282.5965
v 929.7137 737.9064 254.0824
f 9514 9515 9516
v 929.7137 737.9064 254.0824
v 931.0081 736.7410 282.5965
v 931.0035 736.7371 254.0824
f 9517 9518 9519
v 931.0035 736.7371 254.0824
v 931.9661 735.2844 282.5965
v 931.9616 735.2805 254.0824
f 9520 9521 9522
v 931.9616 735.2805 254.0824
v 932.5327 733.6340 282.5966
v 932.5282 733.6300 254.0825
f 9523 9524 9525
v 932.5282 733.6300 254.0825
v 932.6700 731.8936 282.5968
v 932.6655 731.8896 254.0827
f 9526 9527 9528
v 932.6655 731.8896 254.0827
v 932.3724 730.1725 282.5970
v 932.3679 730.1684 254.0829
f 9529 9530 9531
v 932.3679 730.1684 254.0829
v 931.6551 728.5774 282.5973
v 931.6507 728.5735 254.0832
f 9532 9533 9534

g building_ID_C5FF046A-0997-4DDE-8F6F-5CCDF82DC292
v 923.7407 723.8906 282.1940
v 922.4724 726.0260 282.5989
v 921.7407 724.6389 282.1942
f 9535 9536 9537
v 922.4724 726.0260 282.5989
v 923.7407 723.8906 282.1940
v 924.1028 725.4146 282.5988
f 9538 9539 9540
v 921.7407 724.6389 282.1942
v 921.0451 727.0238 282.5990
v 919.9930 725.8616 282.1943
f 9541 9542 9543
v 921.0451 727.0238 282.5990
v 921.7407 724.6389 282.1942
v 922.4724 726.0260 282.5989
f 9544 9545 9546
v 921.0451 727.0238 282.5990
v 919.9107 728.3478 282.5990
v 918.6054 727.4823 282.1943
f 9547 9548 9549
v 918.6054 727.4823 282.1943
v 919.9930 725.8616 282.1943
v 921.0451 727.0238 282.5990
f 9550 9551 9552
v 919.9107 728.3478 282.5990
v 919.1429 729.9129 282.5990
v 917.6635 729.3998 282.1943
f 9553 9554 9555
v 917.6635 729.3998 282.1943
v 918.6054 727.4823 282.1943
v 919.9107 728.3478 282.5990
f 9556 9557 9558
v 923.5110 722.9322 281.7231
v 921.7407 724.6389 282.1942
v 921.2822 723.7671 281.7234
f 9559 9560 9561
v 921.7407 724.6389 282.1942
v 923.5110 722.9322 281.7231
v 923.7407 723.8906 282.1940
f 9562 9563 9564
v 923.5067 722.9284 254.0850
v 923.5110 722.9322 281.7231
v 921.2822 723.7671 281.7234
f 9565 9566 9567
v 921.2822 723.7671 281.7234
v 919.9930 725.8616 282.1943
v 919.3319 725.1324 281.7235
f 9568 9569 9570
v 919.9930 725.8616 282.1943
v 921.2822 723.7671 281.7234
v 921.7407 724.6389 282.1942
f 9571 9572 9573
v 921.2779 723.7633 254.0853
v 921.2822 723.7671 281.7234
v 919.3319 725.1324 281.7235
f 9574 9575 9576
v 919.9930 725.8616 282.1943
v 918.6054 727.4823 282.1943
v 917.7848 726.9395 281.7235
f 9577 9578 9579
v 917.7848 726.9395 281.7235
v 919.3319 725.1324 281.7235
v 919.9930 725.8616 282.1943
f 9580 9581 9582
v 919.3276 725.1286 254.0854
v 919.3319 725.1324 281.7235
v 917.7848 726.9395 281.7235
f 9583 9584 9585
v 918.6054 727.4823 282.1943
v 917.6635 729.3998 282.1943
v 916.7345 729.0773 281.7234
f 9586 9587 9588
v 916.7345 729.0773 281.7234
v 917.7848 726.9395 281.7235
v 918.6054 727.4823 282.1943
f 9589 9590 9591
v 917.7805 726.9356 254.0854
v 917.7848 726.9395 281.7235
v 916.7345 729.0773 281.7234
f 9592 9593 9594
v 932.3404 725.3855 281.7216
v 929.9490 724.8000 282.1930
v 930.4366 723.9475 281.7220
f 9595 9596 9597
v 929.9490 724.8000 282.1930
v 932.3404 725.3855 281.7216
v 931.6544 726.0903 282.1926
f 9598 9599 9600
v 930.4366 723.9475 281.7220
v 927.9768 723.9742 282.1934
v 928.2362 723.0255 281.7225
f 9601 9602 9603
v 927.9768 723.9742 282.1934
v 930.4366 723.9475 281.7220
v 929.9490 724.8000 282.1930
f 9604 9605 9606
v 928.2362 723.0255 281.7225
v 925.8620 723.6649 282.1937
v 925.8783 722.6799 281.7228
f 9607 9608 9609
v 925.8620 723.6649 282.1937
v 928.2362 723.0255 281.7225
v 927.9768 723.9742 282.1934
f 9610 9611 9612
v 925.8783 722.6799 281.7228
v 923.7407 723.8906 282.1940
v 923.5110 722.9322 281.7231
f 9613 9614 9615
v 923.7407 723.8906 282.1940
v 925.8783 722.6799 281.7228
v 925.8620 723.6649 282.1937
f 9616 9617 9618
v 925.8740 722.6760 254.0847
v 925.8783 722.6799 281.7228
v 923.5110 722.9322 281.7231
f 9619 9620 9621
v 932.5695 725.1430 254.0835
v 932.5737 725.1467 281.2146
v 930.6018 723.6551 281.2150
f 9622 9623 9624
v 930.6018 723.6551 281.2150
v 928.2362 723.0255 281.7225
v 928.3243 722.7012 281.2155
f 9625 9626 9627
v 928.2362 723.0255 281.7225
v 930.6018 723.6551 281.2150
v 930.4366 723.9475 281.7220
f 9628 9629 9630
v 930.5975 723.6513 254.0839
v 930.6018 723.6551 281.2150
v 928.3243 722.7012 281.2155
f 9631 9632 9633
v 928.2362 723.0255 281.7225
v 925.8783 722.6799 281.7228
v 928.3243 722.7012 281.2155
f 9634 9635 9636
v 928.3200 722.6974 254.0844
v 928.3243 722.7012 281.2155
v 925.8740 722.6760 254.0847
f 9637 9638 9639
v 923.4233 727.8325 282.9106
v 925.1294 729.7130 283.1061
v 924.5330 729.9365 283.1062
f 9640 9641 9642
v 925.1294 729.7130 283.1061
v 923.4233 727.8325 282.9106
v 924.5771 727.4004 282.9105
f 9643 9644 9645
v 924.0099 730.3020 283.1062
v 922.4142 728.5392 282.9107
v 923.4233 727.8325 282.9106
f 9646 9647 9648
v 923.4233 727.8325 282.9106
v 924.5330 729.9365 283.1062
v 924.0099 730.3020 283.1062
f 9649 9650 9651
v 923.5952 730.7870 283.1062
v 921.6127 729.4744 282.9107
v 922.4142 728.5392 282.9107
f 9652 9653 9654
v 922.4142 728.5392 282.9107
v 924.0099 730.3020 283.1062
v 923.5952 730.7870 283.1062
f 9655 9656 9657
v 923.3138 731.3598 283.1062
v 921.0697 730.5808 282.9106
v 921.6127 729.4744 282.9107
f 9658 9659 9660
v 921.6127 729.4744 282.9107
v 923.5952 730.7870 283.1062
v 923.3138 731.3598 283.1062
f 9661 9662 9663
v 923.4233 727.8325 282.9106
v 922.4724 726.0260 282.5989
v 924.1028 725.4146 282.5988
f 9664 9665 9666
v 924.1028 725.4146 282.5988
v 924.5771 727.4004 282.9105
v 923.4233 727.8325 282.9106
f 9667 9668 9669
v 921.0451 727.0238 282.5990
v 923.4233 727.8325 282.9106
v 922.4142 728.5392 282.9107
f 9670 9671 9672
v 923.4233 727.8325 282.9106
v 921.0451 727.0238 282.5990
v 922.4724 726.0260 282.5989
f 9673 9674 9675
v 922.4142 728.5392 282.9107
v 919.9107 728.3478 282.5990
v 921.0451 727.0238 282.5990
f 9676 9677 9678
v 919.9107 728.3478 282.5990
v 922.4142 728.5392 282.9107
v 921.6127 729.4744 282.9107
f 9679 9680 9681
v 921.0697 730.5808 282.9106
v 919.1429 729.9129 282.5990
v 919.9107 728.3478 282.5990
f 9682 9683 9684
v 919.9107 728.3478 282.5990
v 921.6127 729.4744 282.9107
v 921.0697 730.5808 282.9106
f 9685 9686 9687
v 928.1625 727.9258 282.9099
v 927.4951 730.3716 283.1057
v 926.9851 729.9850 283.1058
f 9688 9689 9690
v 927.4951 730.3716 283.1057
v 928.1625 727.9258 282.9099
v 929.1485 728.6711 282.9097
f 9691 9692 9693
v 928.1625 727.9258 282.9099
v 926.9851 729.9850 283.1058
v 926.3964 729.7385 283.1060
f 9694 9695 9696
v 926.3964 729.7385 283.1060
v 927.0233 727.4488 282.9101
v 928.1625 727.9258 282.9099
f 9697 9698 9699
v 925.8027 727.2702 282.9103
v 926.3964 729.7385 283.1060
v 925.7642 729.6463 283.1061
f 9700 9701 9702
v 926.3964 729.7385 283.1060
v 925.8027 727.2702 282.9103
v 927.0233 727.4488 282.9101
f 9703 9704 9705
v 924.5771 727.4004 282.9105
v 925.7642 729.6463 283.1061
v 925.1294 729.7130 283.1061
f 9706 9707 9708
v 925.7642 729.6463 283.1061
v 924.5771 727.4004 282.9105
v 925.8027 727.2702 282.9103
f 9709 9710 9711
v 929.1727 726.1570 282.5980
v 929.1485 728.6711 282.9097
v 928.1625 727.9258 282.9099
f 9712 9713 9714
v 929.1485 728.6711 282.9097
v 929.1727 726.1570 282.5980
v 930.5665 727.2103 282.5976
f 9715 9716 9717
v 927.5629 725.4824 282.5983
v 928.1625 727.9258 282.9099
v 927.0233 727.4488 282.9101
f 9718 9719 9720
v 928.1625 727.9258 282.9099
v 927.5629 725.4824 282.5983
v 929.1727 726.1570 282.5980
f 9721 9722 9723
v 925.8362 725.2300 282.5985
v 927.0233 727.4488 282.9101
v 925.8027 727.2702 282.9103
f 9724 9725 9726
v 927.0233 727.4488 282.9101
v 925.8362 725.2300 282.5985
v 927.5629 725.4824 282.5983
f 9727 9728 9729
v 924.1028 725.4146 282.5988
v 925.8027 727.2702 282.9103
v 924.5771 727.4004 282.9105
f 9730 9731 9732
v 925.8027 727.2702 282.9103
v 924.1028 725.4146 282.5988
v 925.8362 725.2300 282.5985
f 9733 9734 9735
v 931.6544 726.0903 282.1926
v 929.1727 726.1570 282.5980
v 929.9490 724.8000 282.1930
f 9736 9737 9738
v 929.1727 726.1570 282.5980
v 931.6544 726.0903 282.1926
v 930.5665 727.2103 282.5976
f 9739 9740 9741
v 929.9490 724.8000 282.1930
v 927.5629 725.4824 282.5983
v 927.9768 723.9742 282.1934
f 9742 9743 9744
v 927.5629 725.4824 282.5983
v 929.9490 724.8000 282.1930
v 929.1727 726.1570 282.5980
f 9745 9746 9747
v 927.9768 723.9742 282.1934
v 925.8362 725.2300 282.5985
v 925.8620 723.6649 282.1937
f 9748 9749 9750
v 925.8362 725.2300 282.5985
v 927.9768 723.9742 282.1934
v 927.5629 725.4824 282.5983
f 9751 9752 9753
v 925.8620 723.6649 282.1937
v 924.1028 725.4146 282.5988
v 923.7407 723.8906 282.1940
f 9754 9755 9756
v 924.1028 725.4146 282.5988
v 925.8620 723.6649 282.1937
v 925.8362 725.2300 282.5985
f 9757 9758 9759
v 919.1429 729.9129 282.5990
v 918.7885 731.6219 282.5988
v 917.2291 731.4929 282.1941
f 9760 9761 9762
v 917.2291 731.4929 282.1941
v 917.6635 729.3998 282.1943
v 919.1429 729.9129 282.5990
f 9763 9764 9765
v 918.7841 731.6178 254.0847
v 918.7885 731.6219 282.5988
v 919.1429 729.9129 282.5990
f 9766 9767 9768
v 918.7885 731.6219 282.5988
v 918.8682 733.3666 282.5986
v 917.3288 733.6296 282.1938
f 9769 9770 9771
v 917.3288 733.6296 282.1938
v 917.2291 731.4929 282.1941
v 918.7885 731.6219 282.5988
f 9772 9773 9774
v 918.8637 733.3627 254.0846
v 918.8682 733.3666 282.5986
v 918.7885 731.6219 282.5988
f 9775 9776 9777
v 918.8682 733.3666 282.5986
v 919.3806 735.0382 282.5984
v 917.9543 735.6770 282.1935
f 9778 9779 9780
v 917.9543 735.6770 282.1935
v 917.3288 733.6296 282.1938
v 918.8682 733.3666 282.5986
f 9781 9782 9783
v 919.3762 735.0342 254.0844
v 919.3806 735.0382 282.5984
v 918.8682 733.3666 282.5986
f 9784 9785 9786
v 917.9543 735.6770 282.1935
v 920.2906 736.5308 282.5981
v 919.0692 737.5050 282.1931
f 9787 9788 9789
v 920.2906 736.5308 282.5981
v 917.9543 735.6770 282.1935
v 919.3806 735.0382 282.5984
f 9790 9791 9792
v 920.2862 736.5268 254.0841
v 920.2906 736.5308 282.5981
v 919.3806 735.0382 282.5984
f 9793 9794 9795
v 919.0692 737.5050 282.1931
v 921.5409 737.7513 282.5977
v 920.6021 738.9988 282.1927
f 9796 9797 9798
v 921.5409 737.7513 282.5977
v 919.0692 737.5050 282.1931
v 920.2906 736.5308 282.5981
f 9799 9800 9801
v 921.5364 737.7474 254.0837
v 921.5409 737.7513 282.5977
v 920.2906 736.5308 282.5981
f 9802 9803 9804
v 920.6021 738.9988 282.1927
v 923.0552 738.6223 282.5974
v 922.4560 740.0659 282.1923
f 9805 9806 9807
v 923.0552 738.6223 282.5974
v 920.6021 738.9988 282.1927
v 921.5409 737.7513 282.5977
f 9808 9809 9810
v 923.0507 738.6183 254.0834
v 923.0552 738.6223 282.5974
v 921.5409 737.7513 282.5977
f 9811 9812 9813
v 922.4560 740.0659 282.1923
v 924.7365 739.0888 282.5971
v 924.5155 740.6383 282.1920
f 9814 9815 9816
v 924.7365 739.0888 282.5971
v 922.4560 740.0659 282.1923
v 923.0552 738.6223 282.5974
f 9817 9818 9819
v 924.7319 739.0848 254.0831
v 924.7365 739.0888 282.5971
v 923.0552 738.6223 282.5974
f 9820 9821 9822
v 924.5155 740.6383 282.1920
v 926.4795 739.1232 282.5969
v 926.6506 740.6796 282.1917
f 9823 9824 9825
v 926.4795 739.1232 282.5969
v 924.5155 740.6383 282.1920
v 924.7365 739.0888 282.5971
f 9826 9827 9828
v 926.4750 739.1191 254.0829
v 926.4795 739.1232 282.5969
v 924.7365 739.0888 282.5971
f 9829 9830 9831
v 926.6506 740.6796 282.1917
v 928.1764 738.7216 282.5967
v 928.7273 740.1891 282.1914
f 9832 9833 9834
v 928.1764 738.7216 282.5967
v 926.6506 740.6796 282.1917
v 926.4795 739.1232 282.5969
f 9835 9836 9837
v 928.1719 738.7176 254.0826
v 928.1764 738.7216 282.5967
v 926.4795 739.1232 282.5969
f 9838 9839 9840
v 928.7273 740.1891 282.1914
v 929.7182 737.9105 282.5965
v 930.6146 739.1950 282.1912
f 9841 9842 9843
v 929.7182 737.9105 282.5965
v 928.7273 740.1891 282.1914
v 928.1764 738.7216 282.5967
f 9844 9845 9846
v 929.7137 737.9064 254.0824
v 929.7182 737.9105 282.5965
v 928.1764 738.7216 282.5967
f 9847 9848 9849
v 929.7182 737.9105 282.5965
v 931.0081 736.7410 282.5965
v 932.1957 737.7608 282.1912
f 9850 9851 9852
v 932.1957 737.7608 282.1912
v 930.6146 739.1950 282.1912
v 929.7182 737.9105 282.5965
f 9853 9854 9855
v 931.0035 736.7371 254.0824
v 931.0081 736.7410 282.5965
v 929.7182 737.9105 282.5965
f 9856 9857 9858
v 931.0081 736.7410 282.5965
v 931.9661 735.2844 282.5965
v 933.3699 735.9776 282.1912
f 9859 9860 9861
v 933.3699 735.9776 282.1912
v 932.1957 737.7608 282.1912
v 931.0081 736.7410 282.5965
f 9862 9863 9864
v 931.9616 735.2805 254.0824
v 931.9661 735.2844 282.5965
v 931.0081 736.7410 282.5965
f 9865 9866 9867
v 931.9661 735.2844 282.5965
v 932.5327 733.6340 282.5966
v 934.0635 733.9578 282.1914
f 9868 9869 9870
v 934.0635 733.9578 282.1914
v 933.3699 735.9776 282.1912
v 931.9661 735.2844 282.5965
f 9871 9872 9873
v 932.5282 733.6300 254.0825
v 932.5327 733.6340 282.5966
v 931.9661 735.2844 282.5965
f 9874 9875 9876
v 932.5327 733.6340 282.5966
v 932.6700 731.8936 282.5968
v 934.2328 731.8254 282.1916
f 9877 9878 9879
v 934.2328 731.8254 282.1916
v 934.0635 733.9578 282.1914
v 932.5327 733.6340 282.5966
f 9880 9881 9882
v 932.6655 731.8896 254.0827
v 932.6700 731.8936 282.5968
v 932.5327 733.6340 282.5966
f 9883 9884 9885
v 932.6700 731.8936 282.5968
v 932.3724 730.1725 282.5970
v 933.8672 729.7184 282.1919
f 9886 9887 9888
v 933.8672 729.7184 282.1919
v 934.2328 731.8254 282.1916
v 932.6700 731.8936 282.5968
f 9889 9890 9891
v 932.3679 730.1684 254.0829
v 932.3724 730.1725 282.5970
v 932.6700 731.8936 282.5968
f 9892 9893 9894
v 932.3724 730.1725 282.5970
v 931.6551 728.5774 282.5973
v 932.9889 727.7658 282.1922
f 9895 9896 9897
v 932.9889 727.7658 282.1922
v 933.8672 729.7184 282.1919
v 932.3724 730.1725 282.5970
f 9898 9899 9900
v 931.6507 728.5735 254.0832
v 931.6551 728.5774 282.5973
v 932.3724 730.1725 282.5970
f 9901 9902 9903
v 917.6635 729.3998 282.1943
v 917.2291 731.4929 282.1941
v 916.2508 731.4115 281.7232
f 9904 9905 9906
v 916.2508 731.4115 281.7232
v 916.7345 729.0773 281.7234
v 917.6635 729.3998 282.1943
f 9907 9908 9909
v 916.7303 729.0735 254.0853
v 916.7345 729.0773 281.7234
v 916.2508 731.4115 281.7232
f 9910 9911 9912
v 917.2291 731.4929 282.1941
v 917.3288 733.6296 282.1938
v 916.3602 733.7952 281.7229
f 9913 9914 9915
v 916.3602 733.7952 281.7229
v 916.2508 731.4115 281.7232
v 917.2291 731.4929 282.1941
f 9916 9917 9918
v 916.2465 731.4076 254.0852
v 916.2508 731.4115 281.7232
v 916.3602 733.7952 281.7229
f 9919 9920 9921
v 917.3288 733.6296 282.1938
v 917.9543 735.6770 282.1935
v 917.0593 736.0783 281.7226
f 9922 9923 9924
v 917.0593 736.0783 281.7226
v 916.3602 733.7952 281.7229
v 917.3288 733.6296 282.1938
f 9925 9926 9927
v 916.3559 733.7913 254.0849
v 916.3602 733.7952 281.7229
v 917.0593 736.0783 281.7226
f 9928 9929 9930
v 917.9543 735.6770 282.1935
v 919.0692 737.5050 282.1931
v 918.3018 738.1170 281.7222
f 9931 9932 9933
v 918.3018 738.1170 281.7222
v 917.0593 736.0783 281.7226
v 917.9543 735.6770 282.1935
f 9934 9935 9936
v 917.0550 736.0744 254.0846
v 917.0593 736.0783 281.7226
v 918.3018 738.1170 281.7222
f 9937 9938 9939
v 919.0692 737.5050 282.1931
v 920.6021 738.9988 282.1927
v 920.0102 739.7834 281.7217
f 9940 9941 9942
v 920.0102 739.7834 281.7217
v 918.3018 738.1170 281.7222
v 919.0692 737.5050 282.1931
f 9943 9944 9945
v 918.2974 738.1131 254.0842
v 918.3018 738.1170 281.7222
v 920.0102 739.7834 281.7217
f 9946 9947 9948
v 920.0102 739.7834 281.7217
v 922.4560 740.0659 282.1923
v 922.0784 740.9727 281.7213
f 9949 9950 9951
v 922.4560 740.0659 282.1923
v 920.0102 739.7834 281.7217
v 920.6021 738.9988 282.1927
f 9952 9953 9954
v 920.0059 739.7795 254.0837
v 920.0102 739.7834 281.7217
v 922.0784 740.9727 281.7213
f 9955 9956 9957
v 922.0784 740.9727 281.7213
v 924.5155 740.6383 282.1920
v 924.3760 741.6116 281.7209
f 9958 9959 9960
v 924.5155 740.6383 282.1920
v 922.0784 740.9727 281.7213
v 922.4560 740.0659 282.1923
f 9961 9962 9963
v 922.0741 740.9688 254.0833
v 922.0784 740.9727 281.7213
v 924.3760 741.6116 281.7209
f 9964 9965 9966
v 924.3760 741.6116 281.7209
v 926.6506 740.6796 282.1917
v 926.7581 741.6583 281.7205
f 9967 9968 9969
v 926.6506 740.6796 282.1917
v 924.3760 741.6116 281.7209
v 924.5155 740.6383 282.1920
f 9970 9971 9972
v 924.3717 741.6077 254.0829
v 924.3760 741.6116 281.7209
v 926.7581 741.6583 281.7205
f 9973 9974 9975
v 926.7581 741.6583 281.7205
v 928.7273 740.1891 282.1914
v 929.0736 741.1110 281.7203
f 9976 9977 9978
v 928.7273 740.1891 282.1914
v 926.7581 741.6583 281.7205
v 926.6506 740.6796 282.1917
f 9979 9980 9981
v 926.7538 741.6544 254.0825
v 926.7581 741.6583 281.7205
v 929.0736 741.1110 281.7203
f 9982 9983 9984
v 929.0736 741.1110 281.7203
v 930.6146 739.1950 282.1912
v 931.1797 740.0024 281.7201
f 9985 9986 9987
v 930.6146 739.1950 282.1912
v 929.0736 741.1110 281.7203
v 928.7273 740.1891 282.1914
f 9988 9989 9990
v 929.0693 741.1072 254.0823
v 929.0736 741.1110 281.7203
v 931.1797 740.0024 281.7201
f 9991 9992 9993
v 930.6146 739.1950 282.1912
v 932.1957 737.7608 282.1912
v 932.9423 738.4037 281.7200
f 9994 9995 9996
v 932.9423 738.4037 281.7200
v 931.1797 740.0024 281.7201
v 930.6146 739.1950 282.1912
f 9997 9998 9999
v 931.1753 739.9985 254.0820
v 931.1797 740.0024 281.7201
v 932.9423 738.4037 281.7200
f 10000 10001 10002
v 932.1957 737.7608 282.1912
v 933.3699 735.9776 282.1912
v 934.2510 736.4142 281.7200
f 10003 10004 10005
v 934.2510 736.4142 281.7200
v 932.9423 738.4037 281.7200
v 932.1957 737.7608 282.1912
f 10006 10007 10008
v 932.9380 738.3998 254.0819
v 932.9423 738.4037 281.7200
v 934.2510 736.4142 281.7200
f 10009 10010 10011
v 933.3699 735.9776 282.1912
v 934.0635 733.9578 282.1914
v 935.0249 734.1612 281.7202
f 10012 10013 10014
v 935.0249 734.1612 281.7202
v 934.2510 736.4142 281.7200
v 933.3699 735.9776 282.1912
f 10015 10016 10017
v 934.2466 736.4104 254.0819
v 934.2510 736.4142 281.7200
v 935.0249 734.1612 281.7202
f 10018 10019 10020
v 934.0635 733.9578 282.1914
v 934.2328 731.8254 282.1916
v 935.2135 731.7827 281.7204
f 10021 10022 10023
v 935.2135 731.7827 281.7204
v 935.0249 734.1612 281.7202
v 934.0635 733.9578 282.1914
f 10024 10025 10026
v 935.0206 734.1573 254.0821
v 935.0249 734.1612 281.7202
v 935.2135 731.7827 281.7204
f 10027 10028 10029
v 934.2328 731.8254 282.1916
v 933.8672 729.7184 282.1919
v 934.8063 729.4318 281.7208
f 10030 10031 10032
v 934.8063 729.4318 281.7208
v 935.2135 731.7827 281.7204
v 934.2328 731.8254 282.1916
f 10033 10034 10035
v 935.2092 731.7789 254.0823
v 935.2135 731.7827 281.7204
v 934.8063 729.4318 281.7208
f 10036 10037 10038
v 933.8672 729.7184 282.1919
v 932.9889 727.7658 282.1922
v 933.8274 727.2544 281.7212
f 10039 10040 10041
v 933.8274 727.2544 281.7212
v 934.8063 729.4318 281.7208
v 933.8672 729.7184 282.1919
f 10042 10043 10044
v 934.8019 729.4280 254.0827
v 934.8063 729.4318 281.7208
v 933.8274 727.2544 281.7212
f 10045 10046 10047
v 932.5737 725.1467 281.2146
v 930.4366 723.9475 281.7220
v 930.6018 723.6551 281.2150
f 10048 10049 10050
v 930.4366 723.9475 281.7220
v 932.5737 725.1467 281.2146
v 932.3404 725.3855 281.7216
f 10051 10052 10053
v 924.5330 729.9365 283.1062
v 925.1294 729.7130 283.1061
v 925.7230 732.1953 283.1718
f 10054 10055 10056
v 925.7230 732.1953 283.1718
v 924.0099 730.3020 283.1062
v 924.5330 729.9365 283.1062
f 10057 10058 10059
v 925.7230 732.1953 283.1718
v 923.5952 730.7870 283.1062
v 924.0099 730.3020 283.1062
f 10060 10061 10062
v 923.5952 730.7870 283.1062
v 925.7230 732.1953 283.1718
v 923.3138 731.3598 283.1062
f 10063 10064 10065
v 921.0652 730.5768 254.0845
v 919.1429 729.9129 282.5990
v 921.0697 730.5808 282.9106
f 10066 10067 10068
v 919.1429 729.9129 282.5990
v 921.0652 730.5768 254.0845
v 919.1384 729.9090 254.0849
f 10069 10070 10071
v 921.0652 730.5768 254.0845
v 921.0697 730.5808 282.9106
v 923.3093 731.3557 254.0841
f 10072 10073 10074
v 925.7184 732.1913 254.0837
v 923.3138 731.3598 283.1062
v 925.7230 732.1953 283.1718
f 10075 10076 10077
v 923.3138 731.3598 283.1062
v 925.7184 732.1913 254.0837
v 923.3093 731.3557 254.0841
f 10078 10079 10080
v 921.0697 730.5808 282.9106
v 923.3138 731.3598 283.1062
v 923.3093 731.3557 254.0841
f 10081 10082 10083
v 926.9851 729.9850 283.1058
v 927.4951 730.3716 283.1057
v 925.7230 732.1953 283.1718
f 10084 10085 10086
v 925.7230 732.1953 283.1718
v 926.3964 729.7385 283.1060
v 926.9851 729.9850 283.1058
f 10087 10088 10089
v 925.7642 729.6463 283.1061
v 926.3964 729.7385 283.1060
v 925.7230 732.1953 283.1718
f 10090 10091 10092
v 925.7230 732.1953 283.1718
v 925.1294 729.7130 283.1061
v 925.7642 729.6463 283.1061
f 10093 10094 10095
v 933.8274 727.2544 281.7212
v 932.9845 727.7619 254.0831
v 933.8231 727.2506 254.0831
f 10096 10097 10098
v 933.8274 727.2544 281.7212
v 931.6507 728.5735 254.0832
v 932.9845 727.7619 254.0831
f 10099 10100 10101
v 931.6507 728.5735 254.0832
v 932.9889 727.7658 282.1922
v 931.6551 728.5774 282.5973
f 10102 10103 10104
v 933.8274 727.2544 281.7212
v 932.9889 727.7658 282.1922
v 931.6507 728.5735 254.0832
f 10105 10106 10107
v 932.5737 725.1467 281.2146
v 931.6544 726.0903 282.1926
v 932.3404 725.3855 281.7216
f 10108 10109 10110
v 930.5665 727.2103 282.5976
v 931.6544 726.0903 282.1926
v 932.5737 725.1467 281.2146
f 10111 10112 10113
v 931.6500 726.0865 254.0835
v 927.4951 730.3716 283.1057
v 929.1485 728.6711 282.9097
f 10114 10115 10116
v 929.1485 728.6711 282.9097
v 930.5665 727.2103 282.5976
v 932.5737 725.1467 281.2146
f 10117 10118 10119
v 930.5620 727.2064 254.0835
v 925.7230 732.1953 283.1718
v 927.4951 730.3716 283.1057
f 10120 10121 10122
v 932.5737 725.1467 281.2146
v 932.3361 725.3817 254.0835
v 929.1485 728.6711 282.9097
f 10123 10124 10125
v 931.6500 726.0865 254.0835
v 929.1485 728.6711 282.9097
v 932.3361 725.3817 254.0835
f 10126 10127 10128
v 932.5695 725.1430 254.0835
v 932.3361 725.3817 254.0835
v 932.5737 725.1467 281.2146
f 10129 10130 10131
v 927.4905 730.3676 254.0836
v 925.7184 732.1913 254.0837
v 925.7230 732.1953 283.1718
f 10132 10133 10134
v 925.7230 732.1953 283.1718
v 929.1439 728.6671 254.0836
v 927.4905 730.3676 254.0836
f 10135 10136 10137
v 925.7230 732.1953 283.1718
v 930.5620 727.2064 254.0835
v 929.1439 728.6671 254.0836
f 10138 10139 10140
v 927.4951 730.3716 283.1057
v 931.6500 726.0865 254.0835
v 930.5620 727.2064 254.0835
f 10141 10142 10143
v 934.2466 736.4104 254.0819
v 931.0035 736.7371 254.0824
v 932.9380 738.3998 254.0819
f 10144 10145 10146
v 934.2466 736.4104 254.0819
v 931.9616 735.2805 254.0824
v 931.0035 736.7371 254.0824
f 10147 10148 10149
v 931.1753 739.9985 254.0820
v 932.9380 738.3998 254.0819
v 929.7137 737.9064 254.0824
f 10150 10151 10152
v 931.0035 736.7371 254.0824
v 929.7137 737.9064 254.0824
v 932.9380 738.3998 254.0819
f 10153 10154 10155
v 929.0693 741.1072 254.0823
v 931.1753 739.9985 254.0820
v 929.7137 737.9064 254.0824
f 10156 10157 10158
v 931.9616 735.2805 254.0824
v 934.2466 736.4104 254.0819
v 935.0206 734.1573 254.0821
f 10159 10160 10161
v 934.8019 729.4280 254.0827
v 932.6655 731.8896 254.0827
v 935.2092 731.7789 254.0823
f 10162 10163 10164
v 932.3679 730.1684 254.0829
v 932.6655 731.8896 254.0827
v 934.8019 729.4280 254.0827
f 10165 10166 10167
v 932.5282 733.6300 254.0825
v 931.9616 735.2805 254.0824
v 935.0206 734.1573 254.0821
f 10168 10169 10170
v 935.2092 731.7789 254.0823
v 932.6655 731.8896 254.0827
v 932.5282 733.6300 254.0825
f 10171 10172 10173
v 935.2092 731.7789 254.0823
v 932.5282 733.6300 254.0825
v 935.0206 734.1573 254.0821
f 10174 10175 10176
v 928.1719 738.7176 254.0826
v 926.7538 741.6544 254.0825
v 929.0693 741.1072 254.0823
f 10177 10178 10179
v 929.7137 737.9064 254.0824
v 928.1719 738.7176 254.0826
v 929.0693 741.1072 254.0823
f 10180 10181 10182
v 926.4750 739.1191 254.0829
v 926.7538 741.6544 254.0825
v 928.1719 738.7176 254.0826
f 10183 10184 10185
v 926.7538 741.6544 254.0825
v 926.4750 739.1191 254.0829
v 924.3717 741.6077 254.0829
f 10186 10187 10188
v 924.7319 739.0848 254.0831
v 922.0741 740.9688 254.0833
v 924.3717 741.6077 254.0829
f 10189 10190 10191
v 924.7319 739.0848 254.0831
v 924.3717 741.6077 254.0829
v 926.4750 739.1191 254.0829
f 10192 10193 10194
v 922.0741 740.9688 254.0833
v 923.0507 738.6183 254.0834
v 920.0059 739.7795 254.0837
f 10195 10196 10197
v 918.2974 738.1131 254.0842
v 920.0059 739.7795 254.0837
v 921.5364 737.7474 254.0837
f 10198 10199 10200
v 923.0507 738.6183 254.0834
v 921.5364 737.7474 254.0837
v 920.0059 739.7795 254.0837
f 10201 10202 10203
v 920.2862 736.5268 254.0841
v 919.3762 735.0342 254.0844
v 918.2974 738.1131 254.0842
f 10204 10205 10206
v 921.5364 737.7474 254.0837
v 920.2862 736.5268 254.0841
v 918.2974 738.1131 254.0842
f 10207 10208 10209
v 924.7319 739.0848 254.0831
v 923.0507 738.6183 254.0834
v 922.0741 740.9688 254.0833
f 10210 10211 10212
v 932.9845 727.7619 254.0831
v 932.3679 730.1684 254.0829
v 934.8019 729.4280 254.0827
f 10213 10214 10215
v 932.3679 730.1684 254.0829
v 932.9845 727.7619 254.0831
v 931.6507 728.5735 254.0832
f 10216 10217 10218
v 934.8019 729.4280 254.0827
v 933.8231 727.2506 254.0831
v 932.9845 727.7619 254.0831
f 10219 10220 10221
v 929.1439 728.6671 254.0836
v 925.8740 722.6760 254.0847
v 927.4905 730.3676 254.0836
f 10222 10223 10224
v 930.5620 727.2064 254.0835
v 928.3200 722.6974 254.0844
v 929.1439 728.6671 254.0836
f 10225 10226 10227
v 927.4905 730.3676 254.0836
v 923.3093 731.3557 254.0841
v 925.7184 732.1913 254.0837
f 10228 10229 10230
v 930.5975 723.6513 254.0839
v 932.3361 725.3817 254.0835
v 932.5695 725.1430 254.0835
f 10231 10232 10233
v 931.6500 726.0865 254.0835
v 932.3361 725.3817 254.0835
v 930.5975 723.6513 254.0839
f 10234 10235 10236
v 929.1439 728.6671 254.0836
v 928.3200 722.6974 254.0844
v 925.8740 722.6760 254.0847
f 10237 10238 10239
v 928.3200 722.6974 254.0844
v 930.5620 727.2064 254.0835
v 930.5975 723.6513 254.0839
f 10240 10241 10242
v 925.8740 722.6760 254.0847
v 923.5067 722.9284 254.0850
v 927.4905 730.3676 254.0836
f 10243 10244 10245
v 930.5620 727.2064 254.0835
v 931.6500 726.0865 254.0835
v 930.5975 723.6513 254.0839
f 10246 10247 10248
v 923.3093 731.3557 254.0841
v 927.4905 730.3676 254.0836
v 923.5067 722.9284 254.0850
f 10249 10250 10251
v 916.3559 733.7913 254.0849
v 918.8637 733.3627 254.0846
v 918.7841 731.6178 254.0847
f 10252 10253 10254
v 919.3762 735.0342 254.0844
v 918.8637 733.3627 254.0846
v 917.0550 736.0744 254.0846
f 10255 10256 10257
v 916.3559 733.7913 254.0849
v 917.0550 736.0744 254.0846
v 918.8637 733.3627 254.0846
f 10258 10259 10260
v 918.2974 738.1131 254.0842
v 919.3762 735.0342 254.0844
v 917.0550 736.0744 254.0846
f 10261 10262 10263
v 916.3559 733.7913 254.0849
v 918.7841 731.6178 254.0847
v 916.2465 731.4076 254.0852
f 10264 10265 10266
v 919.3276 725.1286 254.0854
v 921.0652 730.5768 254.0845
v 921.2779 723.7633 254.0853
f 10267 10268 10269
v 923.3093 731.3557 254.0841
v 921.2779 723.7633 254.0853
v 921.0652 730.5768 254.0845
f 10270 10271 10272
v 919.1384 729.9090 254.0849
v 921.0652 730.5768 254.0845
v 919.3276 725.1286 254.0854
f 10273 10274 10275
v 916.7303 729.0735 254.0853
v 916.2465 731.4076 254.0852
v 919.1384 729.9090 254.0849
f 10276 10277 10278
v 919.1384 729.9090 254.0849
v 916.2465 731.4076 254.0852
v 918.7841 731.6178 254.0847
f 10279 10280 10281
v 919.1384 729.9090 254.0849
v 917.7805 726.9356 254.0854
v 916.7303 729.0735 254.0853
f 10282 10283 10284
v 917.7805 726.9356 254.0854
v 919.1384 729.9090 254.0849
v 919.3276 725.1286 254.0854
f 10285 10286 10287
v 921.2779 723.7633 254.0853
v 923.3093 731.3557 254.0841
v 923.5067 722.9284 254.0850
f 10288 10289 10290
v 923.5067 722.9284 254.0850
v 921.2822 723.7671 281.7234
v 921.2779 723.7633 254.0853
f 10291 10292 10293
v 921.2779 723.7633 254.0853
v 919.3319 725.1324 281.7235
v 919.3276 725.1286 254.0854
f 10294 10295 10296
v 919.3276 725.1286 254.0854
v 917.7848 726.9395 281.7235
v 917.7805 726.9356 254.0854
f 10297 10298 10299
v 917.7805 726.9356 254.0854
v 916.7345 729.0773 281.7234
v 916.7303 729.0735 254.0853
f 10300 10301 10302
v 925.8740 722.6760 254.0847
v 923.5110 722.9322 281.7231
v 923.5067 722.9284 254.0850
f 10303 10304 10305
v 932.5695 725.1430 254.0835
v 930.6018 723.6551 281.2150
v 930.5975 723.6513 254.0839
f 10306 10307 10308
v 930.5975 723.6513 254.0839
v 928.3243 722.7012 281.2155
v 928.3200 722.6974 254.0844
f 10309 10310 10311
v 928.3243 722.7012 281.2155
v 925.8783 722.6799 281.7228
v 925.8740 722.6760 254.0847
f 10312 10313 10314
v 918.7841 731.6178 254.0847
v 919.1429 729.9129 282.5990
v 919.1384 729.9090 254.0849
f 10315 10316 10317
v 918.8637 733.3627 254.0846
v 918.7885 731.6219 282.5988
v 918.7841 731.6178 254.0847
f 10318 10319 10320
v 919.3762 735.0342 254.0844
v 918.8682 733.3666 282.5986
v 918.8637 733.3627 254.0846
f 10321 10322 10323
v 920.2862 736.5268 254.0841
v 919.3806 735.0382 282.5984
v 919.3762 735.0342 254.0844
f 10324 10325 10326
v 921.5364 737.7474 254.0837
v 920.2906 736.5308 282.5981
v 920.2862 736.5268 254.0841
f 10327 10328 10329
v 923.0507 738.6183 254.0834
v 921.5409 737.7513 282.5977
v 921.5364 737.7474 254.0837
f 10330 10331 10332
v 924.7319 739.0848 254.0831
v 923.0552 738.6223 282.5974
v 923.0507 738.6183 254.0834
f 10333 10334 10335
v 926.4750 739.1191 254.0829
v 924.7365 739.0888 282.5971
v 924.7319 739.0848 254.0831
f 10336 10337 10338
v 928.1719 738.7176 254.0826
v 926.4795 739.1232 282.5969
v 926.4750 739.1191 254.0829
f 10339 10340 10341
v 929.7137 737.9064 254.0824
v 928.1764 738.7216 282.5967
v 928.1719 738.7176 254.0826
f 10342 10343 10344
v 931.0035 736.7371 254.0824
v 929.7182 737.9105 282.5965
v 929.7137 737.9064 254.0824
f 10345 10346 10347
v 931.9616 735.2805 254.0824
v 931.0081 736.7410 282.5965
v 931.0035 736.7371 254.0824
f 10348 10349 10350
v 932.5282 733.6300 254.0825
v 931.9661 735.2844 282.5965
v 931.9616 735.2805 254.0824
f 10351 10352 10353
v 932.6655 731.8896 254.0827
v 932.5327 733.6340 282.5966
v 932.5282 733.6300 254.0825
f 10354 10355 10356
v 932.3679 730.1684 254.0829
v 932.6700 731.8936 282.5968
v 932.6655 731.8896 254.0827
f 10357 10358 10359
v 931.6507 728.5735 254.0832
v 932.3724 730.1725 282.5970
v 932.3679 730.1684 254.0829
f 10360 10361 10362
v 916.7303 729.0735 254.0853
v 916.2508 731.4115 281.7232
v 916.2465 731.4076 254.0852
f 10363 10364 10365
v 916.2465 731.4076 254.0852
v 916.3602 733.7952 281.7229
v 916.3559 733.7913 254.0849
f 10366 10367 10368
v 916.3559 733.7913 254.0849
v 917.0593 736.0783 281.7226
v 917.0550 736.0744 254.0846
f 10369 10370 10371
v 917.0550 736.0744 254.0846
v 918.3018 738.1170 281.7222
v 918.2974 738.1131 254.0842
f 10372 10373 10374
v 918.2974 738.1131 254.0842
v 920.0102 739.7834 281.7217
v 920.0059 739.7795 254.0837
f 10375 10376 10377
v 920.0059 739.7795 254.0837
v 922.0784 740.9727 281.7213
v 922.0741 740.9688 254.0833
f 10378 10379 10380
v 922.0741 740.9688 254.0833
v 924.3760 741.6116 281.7209
v 924.3717 741.6077 254.0829
f 10381 10382 10383
v 924.3717 741.6077 254.0829
v 926.7581 741.6583 281.7205
v 926.7538 741.6544 254.0825
f 10384 10385 10386
v 926.7538 741.6544 254.0825
v 929.0736 741.1110 281.7203
v 929.0693 741.1072 254.0823
f 10387 10388 10389
v 929.0693 741.1072 254.0823
v 931.1797 740.0024 281.7201
v 931.1753 739.9985 254.0820
f 10390 10391 10392
v 931.1753 739.9985 254.0820
v 932.9423 738.4037 281.7200
v 932.9380 738.3998 254.0819
f 10393 10394 10395
v 932.9380 738.3998 254.0819
v 934.2510 736.4142 281.7200
v 934.2466 736.4104 254.0819
f 10396 10397 10398
v 934.2466 736.4104 254.0819
v 935.0249 734.1612 281.7202
v 935.0206 734.1573 254.0821
f 10399 10400 10401
v 935.0206 734.1573 254.0821
v 935.2135 731.7827 281.7204
v 935.2092 731.7789 254.0823
f 10402 10403 10404
v 935.2092 731.7789 254.0823
v 934.8063 729.4318 281.7208
v 934.8019 729.4280 254.0827
f 10405 10406 10407
v 934.8019 729.4280 254.0827
v 933.8274 727.2544 281.7212
v 933.8231 727.2506 254.0831
f 10408 10409 10410

g building_ID_16115BCA-2B4A-4D9F-ACF3-C6A289945899
v 909.8916 738.0796 254.5323
v 909.2350 737.4964 254.5324
v 909.5259 737.8296 254.5323
f 10411 10412 10413
v 909.8916 738.0796 254.5323
v 910.3080 738.2305 254.5322
v 909.2350 737.4964 254.5324
f 10414 10415 10416
v 911.9437 737.7612 254.5320
v 910.3080 738.2305 254.5322
v 911.1859 738.2062 254.5321
f 10417 10418 10419
v 910.7481 738.2743 254.5321
v 911.1859 738.2062 254.5321
v 910.3080 738.2305 254.5322
f 10420 10421 10422
v 910.3080 738.2305 254.5322
v 911.9437 737.7612 254.5320
v 908.9557 736.2262 254.5326
f 10423 10424 10425
v 908.9398 736.6682 254.5326
v 909.0349 737.1009 254.5325
v 908.9557 736.2262 254.5326
f 10426 10427 10428
v 909.2350 737.4964 254.5324
v 908.9557 736.2262 254.5326
v 909.0349 737.1009 254.5325
f 10429 10430 10431
v 909.2350 737.4964 254.5324
v 910.3080 738.2305 254.5322
v 908.9557 736.2262 254.5326
f 10432 10433 10434
v 909.0805 735.8008 254.5326
v 908.9557 736.2262 254.5326
v 910.0030 734.8844 254.5326
f 10435 10436 10437
v 909.3065 735.4203 254.5327
v 909.0805 735.8008 254.5326
v 909.6206 735.1085 254.5326
f 10438 10439 10440
v 911.9437 737.7612 254.5320
v 911.1859 738.2062 254.5321
v 911.5924 738.0321 254.5320
f 10441 10442 10443
v 912.3937 737.0069 254.5320
v 911.9437 737.7612 254.5320
v 912.2167 737.4124 254.5320
f 10444 10445 10446
v 912.2752 735.7113 254.5322
v 911.9437 737.7612 254.5320
v 912.3937 737.0069 254.5320
f 10447 10448 10449
v 912.2752 735.7113 254.5322
v 912.4645 736.5698 254.5321
v 912.4243 736.1289 254.5321
f 10450 10451 10452
v 912.3937 737.0069 254.5320
v 912.4645 736.5698 254.5321
v 912.2752 735.7113 254.5322
f 10453 10454 10455
v 911.6964 735.0509 254.5324
v 911.9437 737.7612 254.5320
v 912.2752 735.7113 254.5322
f 10456 10457 10458
v 910.4287 734.7622 254.5326
v 910.0030 734.8844 254.5326
v 910.8716 734.7501 254.5325
f 10459 10460 10461
v 910.0030 734.8844 254.5326
v 909.6206 735.1085 254.5326
v 909.0805 735.8008 254.5326
f 10462 10463 10464
v 910.0030 734.8844 254.5326
v 911.6964 735.0509 254.5324
v 910.8716 734.7501 254.5325
f 10465 10466 10467
v 911.6964 735.0509 254.5324
v 911.3029 734.8479 254.5324
v 910.8716 734.7501 254.5325
f 10468 10469 10470
v 908.9557 736.2262 254.5326
v 911.6964 735.0509 254.5324
v 910.0030 734.8844 254.5326
f 10471 10472 10473
v 911.6964 735.0509 254.5324
v 912.2752 735.7113 254.5322
v 912.0282 735.3450 254.5323
f 10474 10475 10476
v 911.6964 735.0509 254.5324
v 908.9557 736.2262 254.5326
v 911.9437 737.7612 254.5320
f 10477 10478 10479
v 912.4671 736.5722 271.4886
v 912.2778 735.7137 271.4887
v 912.4269 736.1313 271.4886
f 10480 10481 10482
v 912.3963 737.0093 271.4885
v 912.2778 735.7137 271.4887
v 912.4671 736.5722 271.4886
f 10483 10484 10485
v 911.9463 737.7636 271.4885
v 912.3963 737.0093 271.4885
v 912.2194 737.4148 271.4885
f 10486 10487 10488
v 912.2778 735.7137 271.4887
v 912.3963 737.0093 271.4885
v 911.9463 737.7636 271.4885
f 10489 10490 10491
v 911.6990 735.0533 271.4889
v 912.2778 735.7137 271.4887
v 911.9463 737.7636 271.4885
f 10492 10493 10494
v 911.3055 734.8503 271.4889
v 911.6990 735.0533 271.4889
v 910.8743 734.7525 271.4890
f 10495 10496 10497
v 912.2778 735.7137 271.4887
v 911.6990 735.0533 271.4889
v 912.0308 735.3473 271.4888
f 10498 10499 10500
v 910.4313 734.7646 271.4891
v 910.8743 734.7525 271.4890
v 910.0056 734.8868 271.4891
f 10501 10502 10503
v 911.6990 735.0533 271.4889
v 910.0056 734.8868 271.4891
v 910.8743 734.7525 271.4890
f 10504 10505 10506
v 910.0056 734.8868 271.4891
v 911.6990 735.0533 271.4889
v 908.9582 736.2285 271.4891
f 10507 10508 10509
v 908.9582 736.2285 271.4891
v 911.6990 735.0533 271.4889
v 911.9463 737.7636 271.4885
f 10510 10511 10512
v 910.3106 738.2330 271.4887
v 911.9463 737.7636 271.4885
v 911.1885 738.2085 271.4886
f 10513 10514 10515
v 910.7507 738.2767 271.4886
v 910.3106 738.2330 271.4887
v 911.1885 738.2085 271.4886
f 10516 10517 10518
v 909.8942 738.0820 271.4888
v 909.2376 737.4987 271.4889
v 910.3106 738.2330 271.4887
f 10519 10520 10521
v 911.9463 737.7636 271.4885
v 910.3106 738.2330 271.4887
v 908.9582 736.2285 271.4891
f 10522 10523 10524
v 909.8942 738.0820 271.4888
v 909.5285 737.8320 271.4888
v 909.2376 737.4987 271.4889
f 10525 10526 10527
v 909.3090 735.4226 271.4892
v 909.6232 735.1107 271.4891
v 909.0831 735.8032 271.4891
f 10528 10529 10530
v 909.6232 735.1107 271.4891
v 910.0056 734.8868 271.4891
v 909.0831 735.8032 271.4891
f 10531 10532 10533
v 908.9582 736.2285 271.4891
v 909.2376 737.4987 271.4889
v 909.0376 737.1033 271.4890
f 10534 10535 10536
v 909.0376 737.1033 271.4890
v 908.9424 736.6706 271.4891
v 908.9582 736.2285 271.4891
f 10537 10538 10539
v 909.0831 735.8032 271.4891
v 910.0056 734.8868 271.4891
v 908.9582 736.2285 271.4891
f 10540 10541 10542
v 908.9582 736.2285 271.4891
v 910.3106 738.2330 271.4887
v 909.2376 737.4987 271.4889
f 10543 10544 10545
v 911.5951 738.0345 271.4885
v 911.1885 738.2085 271.4886
v 911.9463 737.7636 271.4885
f 10546 10547 10548
v 910.3080 738.2305 254.5322
v 910.3106 738.2330 271.4887
v 910.7507 738.2767 271.4886
f 10549 10550 10551
v 909.8916 738.0796 254.5323
v 909.8942 738.0820 271.4888
v 910.3106 738.2330 271.4887
f 10552 10553 10554
v 909.5259 737.8296 254.5323
v 909.5285 737.8320 271.4888
v 909.8942 738.0820 271.4888
f 10555 10556 10557
v 909.2350 737.4964 254.5324
v 909.2376 737.4987 271.4889
v 909.5285 737.8320 271.4888
f 10558 10559 10560
v 909.0349 737.1009 254.5325
v 909.0376 737.1033 271.4890
v 909.2376 737.4987 271.4889
f 10561 10562 10563
v 908.9398 736.6682 254.5326
v 908.9424 736.6706 271.4891
v 909.0376 737.1033 271.4890
f 10564 10565 10566
v 908.9557 736.2262 254.5326
v 908.9582 736.2285 271.4891
v 908.9424 736.6706 271.4891
f 10567 10568 10569
v 909.0805 735.8008 254.5326
v 909.0831 735.8032 271.4891
v 908.9557 736.2262 254.5326
f 10570 10571 10572
v 909.3065 735.4203 254.5327
v 909.3090 735.4226 271.4892
v 909.0805 735.8008 254.5326
f 10573 10574 10575
v 909.6206 735.1085 254.5326
v 909.6232 735.1107 271.4891
v 909.3065 735.4203 254.5327
f 10576 10577 10578
v 910.0030 734.8844 254.5326
v 910.0056 734.8868 271.4891
v 909.6206 735.1085 254.5326
f 10579 10580 10581
v 910.4287 734.7622 254.5326
v 910.4313 734.7646 271.4891
v 910.0056 734.8868 271.4891
f 10582 10583 10584
v 910.8716 734.7501 254.5325
v 910.8743 734.7525 271.4890
v 910.4313 734.7646 271.4891
f 10585 10586 10587
v 911.3029 734.8479 254.5324
v 911.3055 734.8503 271.4889
v 910.8743 734.7525 271.4890
f 10588 10589 10590
v 911.6964 735.0509 254.5324
v 911.6990 735.0533 271.4889
v 911.3055 734.8503 271.4889
f 10591 10592 10593
v 912.0282 735.3450 254.5323
v 912.0308 735.3473 271.4888
v 911.6990 735.0533 271.4889
f 10594 10595 10596
v 912.2752 735.7113 254.5322
v 912.2778 735.7137 271.4887
v 912.0308 735.3473 271.4888
f 10597 10598 10599
v 912.4243 736.1289 254.5321
v 912.4269 736.1313 271.4886
v 912.2778 735.7137 271.4887
f 10600 10601 10602
v 912.4645 736.5698 254.5321
v 912.4671 736.5722 271.4886
v 912.4269 736.1313 271.4886
f 10603 10604 10605
v 912.3937 737.0069 254.5320
v 912.3963 737.0093 271.4885
v 912.4671 736.5722 271.4886
f 10606 10607 10608
v 912.2167 737.4124 254.5320
v 912.2194 737.4148 271.4885
v 912.3963 737.0093 271.4885
f 10609 10610 10611
v 911.9437 737.7612 254.5320
v 911.9463 737.7636 271.4885
v 912.2194 737.4148 271.4885
f 10612 10613 10614
v 911.5924 738.0321 254.5320
v 911.5951 738.0345 271.4885
v 911.9463 737.7636 271.4885
f 10615 10616 10617
v 911.1859 738.2062 254.5321
v 911.1885 738.2085 271.4886
v 911.5951 738.0345 271.4885
f 10618 10619 10620
v 910.7481 738.2743 254.5321
v 910.7507 738.2767 271.4886
v 911.1885 738.2085 271.4886
f 10621 10622 10623
v 910.3080 738.2305 254.5322
v 910.7507 738.2767 271.4886
v 910.7481 738.2743 254.5321
f 10624 10625 10626
v 909.8916 738.0796 254.5323
v 910.3106 738.2330 271.4887
v 910.3080 738.2305 254.5322
f 10627 10628 10629
v 909.5259 737.8296 254.5323
v 909.8942 738.0820 271.4888
v 909.8916 738.0796 254.5323
f 10630 10631 10632
v 909.2350 737.4964 254.5324
v 909.5285 737.8320 271.4888
v 909.5259 737.8296 254.5323
f 10633 10634 10635
v 909.0349 737.1009 254.5325
v 909.2376 737.4987 271.4889
v 909.2350 737.4964 254.5324
f 10636 10637 10638
v 908.9398 736.6682 254.5326
v 909.0376 737.1033 271.4890
v 909.0349 737.1009 254.5325
f 10639 10640 10641
v 908.9557 736.2262 254.5326
v 908.9424 736.6706 271.4891
v 908.9398 736.6682 254.5326
f 10642 10643 10644
v 909.0831 735.8032 271.4891
v 908.9582 736.2285 271.4891
v 908.9557 736.2262 254.5326
f 10645 10646 10647
v 909.3090 735.4226 271.4892
v 909.0831 735.8032 271.4891
v 909.0805 735.8008 254.5326
f 10648 10649 10650
v 909.6232 735.1107 271.4891
v 909.3090 735.4226 271.4892
v 909.3065 735.4203 254.5327
f 10651 10652 10653
v 910.0056 734.8868 271.4891
v 909.6232 735.1107 271.4891
v 909.6206 735.1085 254.5326
f 10654 10655 10656
v 910.4287 734.7622 254.5326
v 910.0056 734.8868 271.4891
v 910.0030 734.8844 254.5326
f 10657 10658 10659
v 910.8716 734.7501 254.5325
v 910.4313 734.7646 271.4891
v 910.4287 734.7622 254.5326
f 10660 10661 10662
v 911.3029 734.8479 254.5324
v 910.8743 734.7525 271.4890
v 910.8716 734.7501 254.5325
f 10663 10664 10665
v 911.6964 735.0509 254.5324
v 911.3055 734.8503 271.4889
v 911.3029 734.8479 254.5324
f 10666 10667 10668
v 912.0282 735.3450 254.5323
v 911.6990 735.0533 271.4889
v 911.6964 735.0509 254.5324
f 10669 10670 10671
v 912.2752 735.7113 254.5322
v 912.0308 735.3473 271.4888
v 912.0282 735.3450 254.5323
f 10672 10673 10674
v 912.4243 736.1289 254.5321
v 912.2778 735.7137 271.4887
v 912.2752 735.7113 254.5322
f 10675 10676 10677
v 912.4645 736.5698 254.5321
v 912.4269 736.1313 271.4886
v 912.4243 736.1289 254.5321
f 10678 10679 10680
v 912.3937 737.0069 254.5320
v 912.4671 736.5722 271.4886
v 912.4645 736.5698 254.5321
f 10681 10682 10683
v 912.2167 737.4124 254.5320
v 912.3963 737.0093 271.4885
v 912.3937 737.0069 254.5320
f 10684 10685 10686
v 911.9437 737.7612 254.5320
v 912.2194 737.4148 271.4885
v 912.2167 737.4124 254.5320
f 10687 10688 10689
v 911.5924 738.0321 254.5320
v 911.9463 737.7636 271.4885
v 911.9437 737.7612 254.5320
f 10690 10691 10692
v 911.1859 738.2062 254.5321
v 911.5951 738.0345 271.4885
v 911.5924 738.0321 254.5320
f 10693 10694 10695
v 910.7481 738.2743 254.5321
v 911.1885 738.2085 271.4886
v 911.1859 738.2062 254.5321
f 10696 10697 10698

g building_ID_9A258B3E-3B5C-4B78-8A61-7F2F6F518467
v 907.5839 734.8368 254.5230
v 906.9273 734.2537 254.5231
v 907.2183 734.5868 254.5230
f 10699 10700 10701
v 907.5839 734.8368 254.5230
v 908.0003 734.9878 254.5229
v 906.9273 734.2537 254.5231
f 10702 10703 10704
v 909.6360 734.5184 254.5227
v 908.0003 734.9878 254.5229
v 908.8782 734.9635 254.5228
f 10705 10706 10707
v 908.4404 735.0316 254.5228
v 908.8782 734.9635 254.5228
v 908.0003 734.9878 254.5229
f 10708 10709 10710
v 908.0003 734.9878 254.5229
v 909.6360 734.5184 254.5227
v 906.6480 732.9835 254.5233
f 10711 10712 10713
v 906.6322 733.4254 254.5233
v 906.7273 733.8582 254.5232
v 906.6480 732.9835 254.5233
f 10714 10715 10716
v 906.9273 734.2537 254.5231
v 906.6480 732.9835 254.5233
v 906.7273 733.8582 254.5232
f 10717 10718 10719
v 906.9273 734.2537 254.5231
v 908.0003 734.9878 254.5229
v 906.6480 732.9835 254.5233
f 10720 10721 10722
v 906.7728 732.5581 254.5233
v 906.6480 732.9835 254.5233
v 907.6953 731.6416 254.5233
f 10723 10724 10725
v 906.9988 732.1775 254.5234
v 906.7728 732.5581 254.5233
v 907.3130 731.8657 254.5233
f 10726 10727 10728
v 909.6360 734.5184 254.5227
v 908.8782 734.9635 254.5228
v 909.2847 734.7893 254.5227
f 10729 10730 10731
v 910.0860 733.7642 254.5227
v 909.6360 734.5184 254.5227
v 909.9091 734.1696 254.5227
f 10732 10733 10734
v 909.9675 732.4685 254.5229
v 909.6360 734.5184 254.5227
v 910.0860 733.7642 254.5227
f 10735 10736 10737
v 909.9675 732.4685 254.5229
v 910.1568 733.3270 254.5228
v 910.1167 732.8862 254.5228
f 10738 10739 10740
v 910.0860 733.7642 254.5227
v 910.1568 733.3270 254.5228
v 909.9675 732.4685 254.5229
f 10741 10742 10743
v 909.3888 731.8081 254.5231
v 909.6360 734.5184 254.5227
v 909.9675 732.4685 254.5229
f 10744 10745 10746
v 908.1210 731.5195 254.5233
v 907.6953 731.6416 254.5233
v 908.5640 731.5073 254.5232
f 10747 10748 10749
v 907.6953 731.6416 254.5233
v 907.3130 731.8657 254.5233
v 906.7728 732.5581 254.5233
f 10750 10751 10752
v 907.6953 731.6416 254.5233
v 909.3888 731.8081 254.5231
v 908.5640 731.5073 254.5232
f 10753 10754 10755
v 909.3888 731.8081 254.5231
v 908.9952 731.6051 254.5231
v 908.5640 731.5073 254.5232
f 10756 10757 10758
v 906.6480 732.9835 254.5233
v 909.3888 731.8081 254.5231
v 907.6953 731.6416 254.5233
f 10759 10760 10761
v 909.3888 731.8081 254.5231
v 909.9675 732.4685 254.5229
v 909.7206 732.1022 254.5230
f 10762 10763 10764
v 909.3888 731.8081 254.5231
v 906.6480 732.9835 254.5233
v 909.6360 734.5184 254.5227
f 10765 10766 10767
v 910.1602 733.3301 276.3071
v 909.9709 732.4716 276.3072
v 910.1200 732.8892 276.3071
f 10768 10769 10770
v 910.0894 733.7672 276.3070
v 909.9709 732.4716 276.3072
v 910.1602 733.3301 276.3071
f 10771 10772 10773
v 909.6394 734.5215 276.3070
v 910.0894 733.7672 276.3070
v 909.9125 734.1727 276.3070
f 10774 10775 10776
v 909.9709 732.4716 276.3072
v 910.0894 733.7672 276.3070
v 909.6394 734.5215 276.3070
f 10777 10778 10779
v 909.3921 731.8111 276.3074
v 909.9709 732.4716 276.3072
v 909.6394 734.5215 276.3070
f 10780 10781 10782
v 908.9986 731.6082 276.3074
v 909.3921 731.8111 276.3074
v 908.5674 731.5104 276.3075
f 10783 10784 10785
v 909.9709 732.4716 276.3072
v 909.3921 731.8111 276.3074
v 909.7239 732.1053 276.3073
f 10786 10787 10788
v 908.1244 731.5225 276.3076
v 908.5674 731.5104 276.3075
v 907.6987 731.6447 276.3076
f 10789 10790 10791
v 909.3921 731.8111 276.3074
v 907.6987 731.6447 276.3076
v 908.5674 731.5104 276.3075
f 10792 10793 10794
v 907.6987 731.6447 276.3076
v 909.3921 731.8111 276.3074
v 906.6513 732.9864 276.3076
f 10795 10796 10797
v 906.6513 732.9864 276.3076
v 909.3921 731.8111 276.3074
v 909.6394 734.5215 276.3070
f 10798 10799 10800
v 908.0037 734.9909 276.3072
v 909.6394 734.5215 276.3070
v 908.8816 734.9664 276.3071
f 10801 10802 10803
v 908.4438 735.0346 276.3071
v 908.0037 734.9909 276.3072
v 908.8816 734.9664 276.3071
f 10804 10805 10806
v 907.5873 734.8399 276.3073
v 906.9307 734.2566 276.3074
v 908.0037 734.9909 276.3072
f 10807 10808 10809
v 909.6394 734.5215 276.3070
v 908.0037 734.9909 276.3072
v 906.6513 732.9864 276.3076
f 10810 10811 10812
v 907.5873 734.8399 276.3073
v 907.2216 734.5899 276.3073
v 906.9307 734.2566 276.3074
f 10813 10814 10815
v 907.0021 732.1805 276.3077
v 907.3163 731.8686 276.3076
v 906.7762 732.5611 276.3076
f 10816 10817 10818
v 907.3163 731.8686 276.3076
v 907.6987 731.6447 276.3076
v 906.7762 732.5611 276.3076
f 10819 10820 10821
v 906.6513 732.9864 276.3076
v 906.9307 734.2566 276.3074
v 906.7307 733.8612 276.3075
f 10822 10823 10824
v 906.7307 733.8612 276.3075
v 906.6355 733.4285 276.3076
v 906.6513 732.9864 276.3076
f 10825 10826 10827
v 906.7762 732.5611 276.3076
v 907.6987 731.6447 276.3076
v 906.6513 732.9864 276.3076
f 10828 10829 10830
v 906.6513 732.9864 276.3076
v 908.0037 734.9909 276.3072
v 906.9307 734.2566 276.3074
f 10831 10832 10833
v 909.2881 734.7924 276.3070
v 908.8816 734.9664 276.3071
v 909.6394 734.5215 276.3070
f 10834 10835 10836
v 908.0003 734.9878 254.5229
v 908.0037 734.9909 276.3072
v 908.4438 735.0346 276.3071
f 10837 10838 10839
v 907.5839 734.8368 254.5230
v 907.5873 734.8399 276.3073
v 908.0037 734.9909 276.3072
f 10840 10841 10842
v 907.2183 734.5868 254.5230
v 907.2216 734.5899 276.3073
v 907.5873 734.8399 276.3073
f 10843 10844 10845
v 906.9273 734.2537 254.5231
v 906.9307 734.2566 276.3074
v 907.2216 734.5899 276.3073
f 10846 10847 10848
v 906.7273 733.8582 254.5232
v 906.7307 733.8612 276.3075
v 906.9307 734.2566 276.3074
f 10849 10850 10851
v 906.6322 733.4254 254.5233
v 906.6355 733.4285 276.3076
v 906.7307 733.8612 276.3075
f 10852 10853 10854
v 906.6480 732.9835 254.5233
v 906.6513 732.9864 276.3076
v 906.6322 733.4254 254.5233
f 10855 10856 10857
v 906.7728 732.5581 254.5233
v 906.7762 732.5611 276.3076
v 906.6480 732.9835 254.5233
f 10858 10859 10860
v 906.9988 732.1775 254.5234
v 907.0021 732.1805 276.3077
v 906.7762 732.5611 276.3076
f 10861 10862 10863
v 907.3130 731.8657 254.5233
v 907.3163 731.8686 276.3076
v 907.0021 732.1805 276.3077
f 10864 10865 10866
v 907.6953 731.6416 254.5233
v 907.6987 731.6447 276.3076
v 907.3163 731.8686 276.3076
f 10867 10868 10869
v 908.1210 731.5195 254.5233
v 908.1244 731.5225 276.3076
v 907.6987 731.6447 276.3076
f 10870 10871 10872
v 908.5640 731.5073 254.5232
v 908.5674 731.5104 276.3075
v 908.1244 731.5225 276.3076
f 10873 10874 10875
v 908.9952 731.6051 254.5231
v 908.9986 731.6082 276.3074
v 908.5674 731.5104 276.3075
f 10876 10877 10878
v 909.3888 731.8081 254.5231
v 909.3921 731.8111 276.3074
v 908.9986 731.6082 276.3074
f 10879 10880 10881
v 909.7206 732.1022 254.5230
v 909.7239 732.1053 276.3073
v 909.3921 731.8111 276.3074
f 10882 10883 10884
v 909.9675 732.4685 254.5229
v 909.9709 732.4716 276.3072
v 909.7239 732.1053 276.3073
f 10885 10886 10887
v 910.1167 732.8862 254.5228
v 910.1200 732.8892 276.3071
v 909.9709 732.4716 276.3072
f 10888 10889 10890
v 910.1568 733.3270 254.5228
v 910.1602 733.3301 276.3071
v 910.1200 732.8892 276.3071
f 10891 10892 10893
v 910.0860 733.7642 254.5227
v 910.0894 733.7672 276.3070
v 910.1602 733.3301 276.3071
f 10894 10895 10896
v 909.9091 734.1696 254.5227
v 909.9125 734.1727 276.3070
v 910.0894 733.7672 276.3070
f 10897 10898 10899
v 909.6360 734.5184 254.5227
v 909.6394 734.5215 276.3070
v 909.9125 734.1727 276.3070
f 10900 10901 10902
v 909.2847 734.7893 254.5227
v 909.2881 734.7924 276.3070
v 909.6394 734.5215 276.3070
f 10903 10904 10905
v 908.8782 734.9635 254.5228
v 908.8816 734.9664 276.3071
v 909.2881 734.7924 276.3070
f 10906 10907 10908
v 908.4404 735.0316 254.5228
v 908.4438 735.0346 276.3071
v 908.8816 734.9664 276.3071
f 10909 10910 10911
v 908.0003 734.9878 254.5229
v 908.4438 735.0346 276.3071
v 908.4404 735.0316 254.5228
f 10912 10913 10914
v 907.5839 734.8368 254.5230
v 908.0037 734.9909 276.3072
v 908.0003 734.9878 254.5229
f 10915 10916 10917
v 907.2183 734.5868 254.5230
v 907.5873 734.8399 276.3073
v 907.5839 734.8368 254.5230
f 10918 10919 10920
v 906.9273 734.2537 254.5231
v 907.2216 734.5899 276.3073
v 907.2183 734.5868 254.5230
f 10921 10922 10923
v 906.7273 733.8582 254.5232
v 906.9307 734.2566 276.3074
v 906.9273 734.2537 254.5231
f 10924 10925 10926
v 906.6322 733.4254 254.5233
v 906.7307 733.8612 276.3075
v 906.7273 733.8582 254.5232
f 10927 10928 10929
v 906.6513 732.9864 276.3076
v 906.6355 733.4285 276.3076
v 906.6322 733.4254 254.5233
f 10930 10931 10932
v 906.7762 732.5611 276.3076
v 906.6513 732.9864 276.3076
v 906.6480 732.9835 254.5233
f 10933 10934 10935
v 906.9988 732.1775 254.5234
v 906.7762 732.5611 276.3076
v 906.7728 732.5581 254.5233
f 10936 10937 10938
v 907.3130 731.8657 254.5233
v 907.0021 732.1805 276.3077
v 906.9988 732.1775 254.5234
f 10939 10940 10941
v 907.6953 731.6416 254.5233
v 907.3163 731.8686 276.3076
v 907.3130 731.8657 254.5233
f 10942 10943 10944
v 908.1210 731.5195 254.5233
v 907.6987 731.6447 276.3076
v 907.6953 731.6416 254.5233
f 10945 10946 10947
v 908.5640 731.5073 254.5232
v 908.1244 731.5225 276.3076
v 908.1210 731.5195 254.5233
f 10948 10949 10950
v 908.9952 731.6051 254.5231
v 908.5674 731.5104 276.3075
v 908.5640 731.5073 254.5232
f 10951 10952 10953
v 909.3888 731.8081 254.5231
v 908.9986 731.6082 276.3074
v 908.9952 731.6051 254.5231
f 10954 10955 10956
v 909.7206 732.1022 254.5230
v 909.3921 731.8111 276.3074
v 909.3888 731.8081 254.5231
f 10957 10958 10959
v 909.9675 732.4685 254.5229
v 909.7239 732.1053 276.3073
v 909.7206 732.1022 254.5230
f 10960 10961 10962
v 910.1167 732.8862 254.5228
v 909.9709 732.4716 276.3072
v 909.9675 732.4685 254.5229
f 10963 10964 10965
v 910.1568 733.3270 254.5228
v 910.1200 732.8892 276.3071
v 910.1167 732.8862 254.5228
f 10966 10967 10968
v 910.0860 733.7642 254.5227
v 910.1602 733.3301 276.3071
v 910.1568 733.3270 254.5228
f 10969 10970 10971
v 909.9091 734.1696 254.5227
v 910.0894 733.7672 276.3070
v 910.0860 733.7642 254.5227
f 10972 10973 10974
v 909.6360 734.5184 254.5227
v 909.9125 734.1727 276.3070
v 909.9091 734.1696 254.5227
f 10975 10976 10977
v 909.2847 734.7893 254.5227
v 909.6394 734.5215 276.3070
v 909.6360 734.5184 254.5227
f 10978 10979 10980
v 908.8782 734.9635 254.5228
v 909.2881 734.7924 276.3070
v 909.2847 734.7893 254.5227
f 10981 10982 10983
v 908.4404 735.0316 254.5228
v 908.8816 734.9664 276.3071
v 908.8782 734.9635 254.5228
f 10984 10985 10986

g building_ID_248A113E-C370-45A3-AC92-04D9EED5A327
v 904.5329 737.8000 254.5272
v 903.6763 736.8214 254.5274
v 904.1672 737.5500 254.5272
f 10987 10988 10989
v 904.5329 737.8000 254.5272
v 904.9493 737.9509 254.5271
v 903.5811 736.3886 254.5275
f 10990 10991 10992
v 905.8272 737.9265 254.5270
v 903.7218 735.5213 254.5275
v 905.3894 737.9947 254.5270
f 10993 10994 10995
v 903.5970 735.9465 254.5275
v 904.9493 737.9509 254.5271
v 905.3894 737.9947 254.5270
f 10996 10997 10998
v 906.2338 737.7525 254.5269
v 903.9478 735.1406 254.5275
v 905.8272 737.9265 254.5270
f 10999 11000 11001
v 903.8764 737.2168 254.5273
v 904.1672 737.5500 254.5272
v 903.6763 736.8214 254.5274
f 11002 11003 11004
v 903.6763 736.8214 254.5274
v 904.5329 737.8000 254.5272
v 903.5811 736.3886 254.5275
f 11005 11006 11007
v 904.9493 737.9509 254.5271
v 903.5970 735.9465 254.5275
v 903.5811 736.3886 254.5275
f 11008 11009 11010
v 903.5970 735.9465 254.5275
v 905.3894 737.9947 254.5270
v 903.7218 735.5213 254.5275
f 11011 11012 11013
v 903.7218 735.5213 254.5275
v 905.8272 737.9265 254.5270
v 903.9478 735.1406 254.5275
f 11014 11015 11016
v 903.9478 735.1406 254.5275
v 906.2338 737.7525 254.5269
v 904.2620 734.8288 254.5275
f 11017 11018 11019
v 906.5850 737.4815 254.5269
v 906.8581 737.1328 254.5269
v 904.6443 734.6048 254.5275
f 11020 11021 11022
v 906.8581 737.1328 254.5269
v 907.0350 736.7274 254.5269
v 905.0700 734.4827 254.5274
f 11023 11024 11025
v 907.0656 735.8492 254.5269
v 905.9442 734.5683 254.5272
v 907.1058 736.2902 254.5270
f 11026 11027 11028
v 905.5130 734.4704 254.5273
v 907.0350 736.7274 254.5269
v 907.1058 736.2902 254.5270
f 11029 11030 11031
v 906.9165 735.4317 254.5270
v 906.3377 734.7713 254.5272
v 907.0656 735.8492 254.5269
f 11032 11033 11034
v 904.6443 734.6048 254.5275
v 906.8581 737.1328 254.5269
v 905.0700 734.4827 254.5274
f 11035 11036 11037
v 906.5850 737.4815 254.5269
v 904.6443 734.6048 254.5275
v 904.2620 734.8288 254.5275
f 11038 11039 11040
v 907.0656 735.8492 254.5269
v 906.3377 734.7713 254.5272
v 905.9442 734.5683 254.5272
f 11041 11042 11043
v 905.9442 734.5683 254.5272
v 905.5130 734.4704 254.5273
v 907.1058 736.2902 254.5270
f 11044 11045 11046
v 907.0350 736.7274 254.5269
v 905.5130 734.4704 254.5273
v 905.0700 734.4827 254.5274
f 11047 11048 11049
v 906.9165 735.4317 254.5270
v 906.6696 735.0653 254.5271
v 906.3377 734.7713 254.5272
f 11050 11051 11052
v 906.2338 737.7525 254.5269
v 906.5850 737.4815 254.5269
v 904.2620 734.8288 254.5275
f 11053 11054 11055
v 907.1092 736.2932 276.3072
v 906.9199 735.4347 276.3073
v 907.0690 735.8523 276.3072
f 11056 11057 11058
v 907.0383 736.7303 276.3071
v 906.9199 735.4347 276.3073
v 907.1092 736.2932 276.3072
f 11059 11060 11061
v 906.5883 737.4845 276.3071
v 907.0383 736.7303 276.3071
v 906.8615 737.1358 276.3071
f 11062 11063 11064
v 906.9199 735.4347 276.3073
v 907.0383 736.7303 276.3071
v 906.5883 737.4845 276.3071
f 11065 11066 11067
v 906.3411 734.7742 276.3074
v 906.9199 735.4347 276.3073
v 906.5883 737.4845 276.3071
f 11068 11069 11070
v 905.9475 734.5714 276.3075
v 906.3411 734.7742 276.3074
v 905.5163 734.4735 276.3076
f 11071 11072 11073
v 906.9199 735.4347 276.3073
v 906.3411 734.7742 276.3074
v 906.6729 735.0684 276.3074
f 11074 11075 11076
v 905.0734 734.4856 276.3077
v 905.5163 734.4735 276.3076
v 904.6477 734.6079 276.3077
f 11077 11078 11079
v 906.3411 734.7742 276.3074
v 904.6477 734.6079 276.3077
v 905.5163 734.4735 276.3076
f 11080 11081 11082
v 904.6477 734.6079 276.3077
v 906.3411 734.7742 276.3074
v 903.6003 735.9496 276.3077
f 11083 11084 11085
v 903.6003 735.9496 276.3077
v 906.3411 734.7742 276.3074
v 906.5883 737.4845 276.3071
f 11086 11087 11088
v 904.9527 737.9539 276.3073
v 906.5883 737.4845 276.3071
v 905.8305 737.9296 276.3072
f 11089 11090 11091
v 905.3928 737.9978 276.3072
v 904.9527 737.9539 276.3073
v 905.8305 737.9296 276.3072
f 11092 11093 11094
v 904.5363 737.8031 276.3074
v 903.8797 737.2198 276.3075
v 904.9527 737.9539 276.3073
f 11095 11096 11097
v 906.5883 737.4845 276.3071
v 904.9527 737.9539 276.3073
v 903.6003 735.9496 276.3077
f 11098 11099 11100
v 904.5363 737.8031 276.3074
v 904.1706 737.5530 276.3074
v 903.8797 737.2198 276.3075
f 11101 11102 11103
v 903.9511 735.1437 276.3077
v 904.2653 734.8318 276.3077
v 903.7251 735.5242 276.3077
f 11104 11105 11106
v 904.2653 734.8318 276.3077
v 904.6477 734.6079 276.3077
v 903.7251 735.5242 276.3077
f 11107 11108 11109
v 903.6003 735.9496 276.3077
v 903.8797 737.2198 276.3075
v 903.6797 736.8243 276.3076
f 11110 11111 11112
v 903.6797 736.8243 276.3076
v 903.5845 736.3917 276.3077
v 903.6003 735.9496 276.3077
f 11113 11114 11115
v 903.7251 735.5242 276.3077
v 904.6477 734.6079 276.3077
v 903.6003 735.9496 276.3077
f 11116 11117 11118
v 903.6003 735.9496 276.3077
v 904.9527 737.9539 276.3073
v 903.8797 737.2198 276.3075
f 11119 11120 11121
v 906.2371 737.7555 276.3071
v 905.8305 737.9296 276.3072
v 906.5883 737.4845 276.3071
f 11122 11123 11124
v 904.9493 737.9509 254.5271
v 904.9527 737.9539 276.3073
v 905.3928 737.9978 276.3072
f 11125 11126 11127
v 904.5329 737.8000 254.5272
v 904.5363 737.8031 276.3074
v 904.9527 737.9539 276.3073
f 11128 11129 11130
v 904.1672 737.5500 254.5272
v 904.1706 737.5530 276.3074
v 904.5363 737.8031 276.3074
f 11131 11132 11133
v 903.8764 737.2168 254.5273
v 903.8797 737.2198 276.3075
v 904.1706 737.5530 276.3074
f 11134 11135 11136
v 903.6763 736.8214 254.5274
v 903.6797 736.8243 276.3076
v 903.8797 737.2198 276.3075
f 11137 11138 11139
v 903.5811 736.3886 254.5275
v 903.5845 736.3917 276.3077
v 903.6797 736.8243 276.3076
f 11140 11141 11142
v 903.5970 735.9465 254.5275
v 903.6003 735.9496 276.3077
v 903.5845 736.3917 276.3077
f 11143 11144 11145
v 903.7218 735.5213 254.5275
v 903.7251 735.5242 276.3077
v 903.6003 735.9496 276.3077
f 11146 11147 11148
v 903.9478 735.1406 254.5275
v 903.9511 735.1437 276.3077
v 903.7251 735.5242 276.3077
f 11149 11150 11151
v 904.2620 734.8288 254.5275
v 904.2653 734.8318 276.3077
v 903.9511 735.1437 276.3077
f 11152 11153 11154
v 904.6443 734.6048 254.5275
v 904.6477 734.6079 276.3077
v 904.2653 734.8318 276.3077
f 11155 11156 11157
v 905.0700 734.4827 254.5274
v 905.0734 734.4856 276.3077
v 904.6477 734.6079 276.3077
f 11158 11159 11160
v 905.5130 734.4704 254.5273
v 905.5163 734.4735 276.3076
v 905.0734 734.4856 276.3077
f 11161 11162 11163
v 905.9442 734.5683 254.5272
v 905.9475 734.5714 276.3075
v 905.5163 734.4735 276.3076
f 11164 11165 11166
v 906.3377 734.7713 254.5272
v 906.3411 734.7742 276.3074
v 905.9475 734.5714 276.3075
f 11167 11168 11169
v 906.6696 735.0653 254.5271
v 906.6729 735.0684 276.3074
v 906.3411 734.7742 276.3074
f 11170 11171 11172
v 906.9165 735.4317 254.5270
v 906.9199 735.4347 276.3073
v 906.6729 735.0684 276.3074
f 11173 11174 11175
v 907.0656 735.8492 254.5269
v 907.0690 735.8523 276.3072
v 906.9199 735.4347 276.3073
f 11176 11177 11178
v 907.1058 736.2902 254.5270
v 907.1092 736.2932 276.3072
v 907.0690 735.8523 276.3072
f 11179 11180 11181
v 907.0350 736.7274 254.5269
v 907.0383 736.7303 276.3071
v 907.1092 736.2932 276.3072
f 11182 11183 11184
v 906.8581 737.1328 254.5269
v 906.8615 737.1358 276.3071
v 907.0383 736.7303 276.3071
f 11185 11186 11187
v 906.5850 737.4815 254.5269
v 906.5883 737.4845 276.3071
v 906.8615 737.1358 276.3071
f 11188 11189 11190
v 906.2338 737.7525 254.5269
v 906.2371 737.7555 276.3071
v 906.5883 737.4845 276.3071
f 11191 11192 11193
v 905.8272 737.9265 254.5270
v 905.8305 737.9296 276.3072
v 906.2371 737.7555 276.3071
f 11194 11195 11196
v 905.3894 737.9947 254.5270
v 905.3928 737.9978 276.3072
v 905.8305 737.9296 276.3072
f 11197 11198 11199
v 904.9493 737.9509 254.5271
v 905.3928 737.9978 276.3072
v 905.3894 737.9947 254.5270
f 11200 11201 11202
v 904.5329 737.8000 254.5272
v 904.9527 737.9539 276.3073
v 904.9493 737.9509 254.5271
f 11203 11204 11205
v 904.1672 737.5500 254.5272
v 904.5363 737.8031 276.3074
v 904.5329 737.8000 254.5272
f 11206 11207 11208
v 903.8764 737.2168 254.5273
v 904.1706 737.5530 276.3074
v 904.1672 737.5500 254.5272
f 11209 11210 11211
v 903.6763 736.8214 254.5274
v 903.8797 737.2198 276.3075
v 903.8764 737.2168 254.5273
f 11212 11213 11214
v 903.5811 736.3886 254.5275
v 903.6797 736.8243 276.3076
v 903.6763 736.8214 254.5274
f 11215 11216 11217
v 903.5970 735.9465 254.5275
v 903.5845 736.3917 276.3077
v 903.5811 736.3886 254.5275
f 11218 11219 11220
v 903.7218 735.5213 254.5275
v 903.6003 735.9496 276.3077
v 903.5970 735.9465 254.5275
f 11221 11222 11223
v 903.9478 735.1406 254.5275
v 903.7251 735.5242 276.3077
v 903.7218 735.5213 254.5275
f 11224 11225 11226
v 904.2620 734.8288 254.5275
v 903.9511 735.1437 276.3077
v 903.9478 735.1406 254.5275
f 11227 11228 11229
v 904.6443 734.6048 254.5275
v 904.2653 734.8318 276.3077
v 904.2620 734.8288 254.5275
f 11230 11231 11232
v 905.0700 734.4827 254.5274
v 904.6477 734.6079 276.3077
v 904.6443 734.6048 254.5275
f 11233 11234 11235
v 905.5130 734.4704 254.5273
v 905.0734 734.4856 276.3077
v 905.0700 734.4827 254.5274
f 11236 11237 11238
v 905.9442 734.5683 254.5272
v 905.5163 734.4735 276.3076
v 905.5130 734.4704 254.5273
f 11239 11240 11241
v 906.3377 734.7713 254.5272
v 905.9475 734.5714 276.3075
v 905.9442 734.5683 254.5272
f 11242 11243 11244
v 906.6696 735.0653 254.5271
v 906.3411 734.7742 276.3074
v 906.3377 734.7713 254.5272
f 11245 11246 11247
v 906.9165 735.4317 254.5270
v 906.6729 735.0684 276.3074
v 906.6696 735.0653 254.5271
f 11248 11249 11250
v 907.0656 735.8492 254.5269
v 906.9199 735.4347 276.3073
v 906.9165 735.4317 254.5270
f 11251 11252 11253
v 907.1058 736.2902 254.5270
v 907.0690 735.8523 276.3072
v 907.0656 735.8492 254.5269
f 11254 11255 11256
v 907.0350 736.7274 254.5269
v 907.1092 736.2932 276.3072
v 907.1058 736.2902 254.5270
f 11257 11258 11259
v 906.8581 737.1328 254.5269
v 907.0383 736.7303 276.3071
v 907.0350 736.7274 254.5269
f 11260 11261 11262
v 906.5850 737.4815 254.5269
v 906.8615 737.1358 276.3071
v 906.8581 737.1328 254.5269
f 11263 11264 11265
v 906.2338 737.7525 254.5269
v 906.5883 737.4845 276.3071
v 906.5850 737.4815 254.5269
f 11266 11267 11268
v 905.8272 737.9265 254.5270
v 906.2371 737.7555 276.3071
v 906.2338 737.7525 254.5269
f 11269 11270 11271
v 905.3894 737.9947 254.5270
v 905.8305 737.9296 276.3072
v 905.8272 737.9265 254.5270
f 11272 11273 11274

g building_ID_D107CD4F-EA75-42D6-88F3-2E109F02C0CA
v 901.4823 740.5242 254.5353
v 900.6256 739.5455 254.5355
v 901.1166 740.2742 254.5354
f 11275 11276 11277
v 901.4823 740.5242 254.5353
v 901.8986 740.6750 254.5352
v 900.5305 739.1127 254.5356
f 11278 11279 11280
v 902.7766 740.6507 254.5351
v 900.6712 738.2454 254.5356
v 902.3388 740.7189 254.5351
f 11281 11282 11283
v 900.5464 738.6707 254.5356
v 901.8986 740.6750 254.5352
v 902.3388 740.7189 254.5351
f 11284 11285 11286
v 903.1831 740.4766 254.5350
v 900.8972 737.8647 254.5357
v 902.7766 740.6507 254.5351
f 11287 11288 11289
v 900.8257 739.9409 254.5354
v 901.1166 740.2742 254.5354
v 900.6256 739.5455 254.5355
f 11290 11291 11292
v 900.6256 739.5455 254.5355
v 901.4823 740.5242 254.5353
v 900.5305 739.1127 254.5356
f 11293 11294 11295
v 901.8986 740.6750 254.5352
v 900.5464 738.6707 254.5356
v 900.5305 739.1127 254.5356
f 11296 11297 11298
v 900.5464 738.6707 254.5356
v 902.3388 740.7189 254.5351
v 900.6712 738.2454 254.5356
f 11299 11300 11301
v 900.6712 738.2454 254.5356
v 902.7766 740.6507 254.5351
v 900.8972 737.8647 254.5357
f 11302 11303 11304
v 900.8972 737.8647 254.5357
v 903.1831 740.4766 254.5350
v 901.2113 737.5529 254.5357
f 11305 11306 11307
v 903.5344 740.2056 254.5350
v 903.8074 739.8570 254.5350
v 901.5937 737.3289 254.5356
f 11308 11309 11310
v 903.8074 739.8570 254.5350
v 903.9844 739.4515 254.5350
v 902.0194 737.2068 254.5356
f 11311 11312 11313
v 904.0150 738.5734 254.5351
v 902.8936 737.2924 254.5354
v 904.0552 739.0142 254.5351
f 11314 11315 11316
v 902.4623 737.1945 254.5355
v 903.9844 739.4515 254.5350
v 904.0552 739.0142 254.5351
f 11317 11318 11319
v 903.8659 738.1558 254.5352
v 903.2871 737.4953 254.5354
v 904.0150 738.5734 254.5351
f 11320 11321 11322
v 901.5937 737.3289 254.5356
v 903.8074 739.8570 254.5350
v 902.0194 737.2068 254.5356
f 11323 11324 11325
v 903.5344 740.2056 254.5350
v 901.5937 737.3289 254.5356
v 901.2113 737.5529 254.5357
f 11326 11327 11328
v 904.0150 738.5734 254.5351
v 903.2871 737.4953 254.5354
v 902.8936 737.2924 254.5354
f 11329 11330 11331
v 902.8936 737.2924 254.5354
v 902.4623 737.1945 254.5355
v 904.0552 739.0142 254.5351
f 11332 11333 11334
v 903.9844 739.4515 254.5350
v 902.4623 737.1945 254.5355
v 902.0194 737.2068 254.5356
f 11335 11336 11337
v 903.8659 738.1558 254.5352
v 903.6189 737.7894 254.5353
v 903.2871 737.4953 254.5354
f 11338 11339 11340
v 903.1831 740.4766 254.5350
v 903.5344 740.2056 254.5350
v 901.2113 737.5529 254.5357
f 11341 11342 11343
v 904.0184 738.5764 276.3073
v 903.2905 737.4984 276.3076
v 903.8692 738.1588 276.3074
f 11344 11345 11346
v 904.0184 738.5764 276.3073
v 904.0585 739.0173 276.3073
v 902.8969 737.2955 276.3076
f 11347 11348 11349
v 903.8108 739.8599 276.3072
v 902.0227 737.2098 276.3078
v 903.9877 739.4545 276.3072
f 11350 11351 11352
v 902.4656 737.1976 276.3077
v 904.0585 739.0173 276.3073
v 903.9877 739.4545 276.3072
f 11353 11354 11355
v 903.5377 740.2087 276.3072
v 901.5971 737.3319 276.3078
v 903.8108 739.8599 276.3072
f 11356 11357 11358
v 903.6222 737.7925 276.3075
v 903.8692 738.1588 276.3074
v 903.2905 737.4984 276.3076
f 11359 11360 11361
v 903.2905 737.4984 276.3076
v 904.0184 738.5764 276.3073
v 902.8969 737.2955 276.3076
f 11362 11363 11364
v 904.0585 739.0173 276.3073
v 902.4656 737.1976 276.3077
v 902.8969 737.2955 276.3076
f 11365 11366 11367
v 902.4656 737.1976 276.3077
v 903.9877 739.4545 276.3072
v 902.0227 737.2098 276.3078
f 11368 11369 11370
v 902.0227 737.2098 276.3078
v 903.8108 739.8599 276.3072
v 901.5971 737.3319 276.3078
f 11371 11372 11373
v 901.5971 737.3319 276.3078
v 903.5377 740.2087 276.3072
v 901.2146 737.5560 276.3079
f 11374 11375 11376
v 903.1864 740.4796 276.3072
v 902.7799 740.6538 276.3073
v 900.9005 737.8678 276.3079
f 11377 11378 11379
v 902.7799 740.6538 276.3073
v 902.3421 740.7219 276.3073
v 900.6745 738.2484 276.3078
f 11380 11381 11382
v 901.4856 740.5271 276.3075
v 900.5338 739.1158 276.3078
v 901.9020 740.6781 276.3074
f 11383 11384 11385
v 900.5496 738.6737 276.3078
v 902.3421 740.7219 276.3073
v 901.9020 740.6781 276.3074
f 11386 11387 11388
v 901.1199 740.2771 276.3076
v 900.6290 739.5485 276.3077
v 901.4856 740.5271 276.3075
f 11389 11390 11391
v 900.9005 737.8678 276.3079
v 902.7799 740.6538 276.3073
v 900.6745 738.2484 276.3078
f 11392 11393 11394
v 903.1864 740.4796 276.3072
v 900.9005 737.8678 276.3079
v 901.2146 737.5560 276.3079
f 11395 11396 11397
v 901.4856 740.5271 276.3075
v 900.6290 739.5485 276.3077
v 900.5338 739.1158 276.3078
f 11398 11399 11400
v 900.5338 739.1158 276.3078
v 900.5496 738.6737 276.3078
v 901.9020 740.6781 276.3074
f 11401 11402 11403
v 902.3421 740.7219 276.3073
v 900.5496 738.6737 276.3078
v 900.6745 738.2484 276.3078
f 11404 11405 11406
v 901.1199 740.2771 276.3076
v 900.8291 739.9440 276.3076
v 900.6290 739.5485 276.3077
f 11407 11408 11409
v 903.5377 740.2087 276.3072
v 903.1864 740.4796 276.3072
v 901.2146 737.5560 276.3079
f 11410 11411 11412
v 901.8986 740.6750 254.5352
v 901.9020 740.6781 276.3074
v 902.3421 740.7219 276.3073
f 11413 11414 11415
v 901.4823 740.5242 254.5353
v 901.4856 740.5271 276.3075
v 901.9020 740.6781 276.3074
f 11416 11417 11418
v 901.1166 740.2742 254.5354
v 901.1199 740.2771 276.3076
v 901.4856 740.5271 276.3075
f 11419 11420 11421
v 900.8257 739.9409 254.5354
v 900.8291 739.9440 276.3076
v 901.1199 740.2771 276.3076
f 11422 11423 11424
v 900.6256 739.5455 254.5355
v 900.6290 739.5485 276.3077
v 900.8291 739.9440 276.3076
f 11425 11426 11427
v 900.5305 739.1127 254.5356
v 900.5338 739.1158 276.3078
v 900.6290 739.5485 276.3077
f 11428 11429 11430
v 900.5464 738.6707 254.5356
v 900.5496 738.6737 276.3078
v 900.5338 739.1158 276.3078
f 11431 11432 11433
v 900.6712 738.2454 254.5356
v 900.6745 738.2484 276.3078
v 900.5496 738.6737 276.3078
f 11434 11435 11436
v 900.8972 737.8647 254.5357
v 900.9005 737.8678 276.3079
v 900.6745 738.2484 276.3078
f 11437 11438 11439
v 901.2113 737.5529 254.5357
v 901.2146 737.5560 276.3079
v 900.9005 737.8678 276.3079
f 11440 11441 11442
v 901.5937 737.3289 254.5356
v 901.5971 737.3319 276.3078
v 901.2146 737.5560 276.3079
f 11443 11444 11445
v 902.0194 737.2068 254.5356
v 902.0227 737.2098 276.3078
v 901.5971 737.3319 276.3078
f 11446 11447 11448
v 902.4623 737.1945 254.5355
v 902.4656 737.1976 276.3077
v 902.0227 737.2098 276.3078
f 11449 11450 11451
v 902.8936 737.2924 254.5354
v 902.8969 737.2955 276.3076
v 902.4656 737.1976 276.3077
f 11452 11453 11454
v 903.2871 737.4953 254.5354
v 903.2905 737.4984 276.3076
v 902.8969 737.2955 276.3076
f 11455 11456 11457
v 903.6189 737.7894 254.5353
v 903.6222 737.7925 276.3075
v 903.2905 737.4984 276.3076
f 11458 11459 11460
v 903.8659 738.1558 254.5352
v 903.8692 738.1588 276.3074
v 903.6222 737.7925 276.3075
f 11461 11462 11463
v 904.0150 738.5734 254.5351
v 904.0184 738.5764 276.3073
v 903.8692 738.1588 276.3074
f 11464 11465 11466
v 904.0552 739.0142 254.5351
v 904.0585 739.0173 276.3073
v 904.0184 738.5764 276.3073
f 11467 11468 11469
v 903.9844 739.4515 254.5350
v 903.9877 739.4545 276.3072
v 904.0585 739.0173 276.3073
f 11470 11471 11472
v 903.8074 739.8570 254.5350
v 903.8108 739.8599 276.3072
v 903.9877 739.4545 276.3072
f 11473 11474 11475
v 903.5344 740.2056 254.5350
v 903.5377 740.2087 276.3072
v 903.8108 739.8599 276.3072
f 11476 11477 11478
v 903.1831 740.4766 254.5350
v 903.1864 740.4796 276.3072
v 903.5377 740.2087 276.3072
f 11479 11480 11481
v 902.7766 740.6507 254.5351
v 902.7799 740.6538 276.3073
v 903.1864 740.4796 276.3072
f 11482 11483 11484
v 902.3388 740.7189 254.5351
v 902.3421 740.7219 276.3073
v 902.7799 740.6538 276.3073
f 11485 11486 11487
v 901.8986 740.6750 254.5352
v 902.3421 740.7219 276.3073
v 902.3388 740.7189 254.5351
f 11488 11489 11490
v 901.4823 740.5242 254.5353
v 901.9020 740.6781 276.3074
v 901.8986 740.6750 254.5352
f 11491 11492 11493
v 901.1166 740.2742 254.5354
v 901.4856 740.5271 276.3075
v 901.4823 740.5242 254.5353
f 11494 11495 11496
v 900.8257 739.9409 254.5354
v 901.1199 740.2771 276.3076
v 901.1166 740.2742 254.5354
f 11497 11498 11499
v 900.6256 739.5455 254.5355
v 900.8291 739.9440 276.3076
v 900.8257 739.9409 254.5354
f 11500 11501 11502
v 900.5305 739.1127 254.5356
v 900.6290 739.5485 276.3077
v 900.6256 739.5455 254.5355
f 11503 11504 11505
v 900.5464 738.6707 254.5356
v 900.5338 739.1158 276.3078
v 900.5305 739.1127 254.5356
f 11506 11507 11508
v 900.6712 738.2454 254.5356
v 900.5496 738.6737 276.3078
v 900.5464 738.6707 254.5356
f 11509 11510 11511
v 900.8972 737.8647 254.5357
v 900.6745 738.2484 276.3078
v 900.6712 738.2454 254.5356
f 11512 11513 11514
v 901.2113 737.5529 254.5357
v 900.9005 737.8678 276.3079
v 900.8972 737.8647 254.5357
f 11515 11516 11517
v 901.5937 737.3289 254.5356
v 901.2146 737.5560 276.3079
v 901.2113 737.5529 254.5357
f 11518 11519 11520
v 902.0194 737.2068 254.5356
v 901.5971 737.3319 276.3078
v 901.5937 737.3289 254.5356
f 11521 11522 11523
v 902.4623 737.1945 254.5355
v 902.0227 737.2098 276.3078
v 902.0194 737.2068 254.5356
f 11524 11525 11526
v 902.8936 737.2924 254.5354
v 902.4656 737.1976 276.3077
v 902.4623 737.1945 254.5355
f 11527 11528 11529
v 903.2871 737.4953 254.5354
v 902.8969 737.2955 276.3076
v 902.8936 737.2924 254.5354
f 11530 11531 11532
v 903.6189 737.7894 254.5353
v 903.2905 737.4984 276.3076
v 903.2871 737.4953 254.5354
f 11533 11534 11535
v 903.8659 738.1558 254.5352
v 903.6222 737.7925 276.3075
v 903.6189 737.7894 254.5353
f 11536 11537 11538
v 904.0150 738.5734 254.5351
v 903.8692 738.1588 276.3074
v 903.8659 738.1558 254.5352
f 11539 11540 11541
v 904.0552 739.0142 254.5351
v 904.0184 738.5764 276.3073
v 904.0150 738.5734 254.5351
f 11542 11543 11544
v 903.9844 739.4515 254.5350
v 904.0585 739.0173 276.3073
v 904.0552 739.0142 254.5351
f 11545 11546 11547
v 903.8074 739.8570 254.5350
v 903.9877 739.4545 276.3072
v 903.9844 739.4515 254.5350
f 11548 11549 11550
v 903.5344 740.2056 254.5350
v 903.8108 739.8599 276.3072
v 903.8074 739.8570 254.5350
f 11551 11552 11553
v 903.1831 740.4766 254.5350
v 903.5377 740.2087 276.3072
v 903.5344 740.2056 254.5350
f 11554 11555 11556
v 902.7766 740.6507 254.5351
v 903.1864 740.4796 276.3072
v 903.1831 740.4766 254.5350
f 11557 11558 11559
v 902.3388 740.7189 254.5351
v 902.7799 740.6538 276.3073
v 902.7766 740.6507 254.5351
f 11560 11561 11562

g building_ID_6DD4F98D-4E5C-4503-A18F-6E048F66931C
v 906.7939 740.8040 254.4925
v 905.9373 739.8252 254.4927
v 906.4282 740.5538 254.4926
f 11563 11564 11565
v 906.7939 740.8040 254.4925
v 907.2103 740.9548 254.4924
v 905.8421 739.3925 254.4928
f 11566 11567 11568
v 908.0883 740.9305 254.4923
v 905.9828 738.5251 254.4929
v 907.6504 740.9985 254.4923
f 11569 11570 11571
v 905.8579 738.9504 254.4928
v 907.2103 740.9548 254.4924
v 907.6504 740.9985 254.4923
f 11572 11573 11574
v 908.4948 740.7563 254.4923
v 906.2088 738.1445 254.4929
v 908.0883 740.9305 254.4923
f 11575 11576 11577
v 906.1374 740.2207 254.4926
v 906.4282 740.5538 254.4926
v 905.9373 739.8252 254.4927
f 11578 11579 11580
v 905.9373 739.8252 254.4927
v 906.7939 740.8040 254.4925
v 905.8421 739.3925 254.4928
f 11581 11582 11583
v 907.2103 740.9548 254.4924
v 905.8579 738.9504 254.4928
v 905.8421 739.3925 254.4928
f 11584 11585 11586
v 905.8579 738.9504 254.4928
v 907.6504 740.9985 254.4923
v 905.9828 738.5251 254.4929
f 11587 11588 11589
v 905.9828 738.5251 254.4929
v 908.0883 740.9305 254.4923
v 906.2088 738.1445 254.4929
f 11590 11591 11592
v 906.2088 738.1445 254.4929
v 908.4948 740.7563 254.4923
v 906.5230 737.8327 254.4929
f 11593 11594 11595
v 908.8460 740.4854 254.4922
v 909.1191 740.1366 254.4922
v 906.9054 737.6086 254.4928
f 11596 11597 11598
v 909.1191 740.1366 254.4922
v 909.2960 739.7312 254.4923
v 907.3310 737.4865 254.4928
f 11599 11600 11601
v 909.3266 738.8531 254.4924
v 908.2052 737.5722 254.4927
v 909.3669 739.2940 254.4923
f 11602 11603 11604
v 907.7740 737.4743 254.4927
v 909.2960 739.7312 254.4923
v 909.3669 739.2940 254.4923
f 11605 11606 11607
v 909.1776 738.4355 254.4924
v 908.5988 737.7751 254.4926
v 909.3266 738.8531 254.4924
f 11608 11609 11610
v 906.9054 737.6086 254.4928
v 909.1191 740.1366 254.4922
v 907.3310 737.4865 254.4928
f 11611 11612 11613
v 908.8460 740.4854 254.4922
v 906.9054 737.6086 254.4928
v 906.5230 737.8327 254.4929
f 11614 11615 11616
v 909.3266 738.8531 254.4924
v 908.5988 737.7751 254.4926
v 908.2052 737.5722 254.4927
f 11617 11618 11619
v 908.2052 737.5722 254.4927
v 907.7740 737.4743 254.4927
v 909.3669 739.2940 254.4923
f 11620 11621 11622
v 909.2960 739.7312 254.4923
v 907.7740 737.4743 254.4927
v 907.3310 737.4865 254.4928
f 11623 11624 11625
v 909.1776 738.4355 254.4924
v 908.9306 738.0692 254.4925
v 908.5988 737.7751 254.4926
f 11626 11627 11628
v 908.4948 740.7563 254.4923
v 908.8460 740.4854 254.4922
v 906.5230 737.8327 254.4929
f 11629 11630 11631
v 909.3293 738.8556 271.4888
v 908.6014 737.7775 271.4890
v 909.1801 738.4379 271.4888
f 11632 11633 11634
v 909.3293 738.8556 271.4888
v 909.3694 739.2964 271.4887
v 908.2079 737.5745 271.4891
f 11635 11636 11637
v 909.1217 740.1391 271.4886
v 907.3336 737.4889 271.4892
v 909.2987 739.7336 271.4887
f 11638 11639 11640
v 907.7766 737.4767 271.4891
v 909.3694 739.2964 271.4887
v 909.2987 739.7336 271.4887
f 11641 11642 11643
v 908.8487 740.4878 271.4886
v 906.9080 737.6110 271.4892
v 909.1217 740.1391 271.4886
f 11644 11645 11646
v 908.9332 738.0716 271.4889
v 909.1801 738.4379 271.4888
v 908.6014 737.7775 271.4890
f 11647 11648 11649
v 908.6014 737.7775 271.4890
v 909.3293 738.8556 271.4888
v 908.2079 737.5745 271.4891
f 11650 11651 11652
v 909.3694 739.2964 271.4887
v 907.7766 737.4767 271.4891
v 908.2079 737.5745 271.4891
f 11653 11654 11655
v 907.7766 737.4767 271.4891
v 909.2987 739.7336 271.4887
v 907.3336 737.4889 271.4892
f 11656 11657 11658
v 907.3336 737.4889 271.4892
v 909.1217 740.1391 271.4886
v 906.9080 737.6110 271.4892
f 11659 11660 11661
v 906.9080 737.6110 271.4892
v 908.8487 740.4878 271.4886
v 906.5256 737.8351 271.4893
f 11662 11663 11664
v 908.4974 740.7587 271.4887
v 908.0908 740.9328 271.4887
v 906.2114 738.1469 271.4893
f 11665 11666 11667
v 908.0908 740.9328 271.4887
v 907.6531 741.0010 271.4887
v 905.9855 738.5275 271.4893
f 11668 11669 11670
v 906.7965 740.8063 271.4889
v 905.8448 739.3948 271.4892
v 907.2129 740.9572 271.4888
f 11671 11672 11673
v 905.8606 738.9529 271.4892
v 907.6531 741.0010 271.4887
v 907.2129 740.9572 271.4888
f 11674 11675 11676
v 906.4309 740.5563 271.4890
v 905.9399 739.8276 271.4891
v 906.7965 740.8063 271.4889
f 11677 11678 11679
v 906.2114 738.1469 271.4893
v 908.0908 740.9328 271.4887
v 905.9855 738.5275 271.4893
f 11680 11681 11682
v 908.4974 740.7587 271.4887
v 906.2114 738.1469 271.4893
v 906.5256 737.8351 271.4893
f 11683 11684 11685
v 906.7965 740.8063 271.4889
v 905.9399 739.8276 271.4891
v 905.8448 739.3948 271.4892
f 11686 11687 11688
v 905.8448 739.3948 271.4892
v 905.8606 738.9529 271.4892
v 907.2129 740.9572 271.4888
f 11689 11690 11691
v 907.6531 741.0010 271.4887
v 905.8606 738.9529 271.4892
v 905.9855 738.5275 271.4893
f 11692 11693 11694
v 906.4309 740.5563 271.4890
v 906.1400 740.2231 271.4890
v 905.9399 739.8276 271.4891
f 11695 11696 11697
v 908.8487 740.4878 271.4886
v 908.4974 740.7587 271.4887
v 906.5256 737.8351 271.4893
f 11698 11699 11700
v 907.2103 740.9548 254.4924
v 907.2129 740.9572 271.4888
v 907.6531 741.0010 271.4887
f 11701 11702 11703
v 906.7939 740.8040 254.4925
v 906.7965 740.8063 271.4889
v 907.2129 740.9572 271.4888
f 11704 11705 11706
v 906.4282 740.5538 254.4926
v 906.4309 740.5563 271.4890
v 906.7965 740.8063 271.4889
f 11707 11708 11709
v 906.1374 740.2207 254.4926
v 906.1400 740.2231 271.4890
v 906.4309 740.5563 271.4890
f 11710 11711 11712
v 905.9373 739.8252 254.4927
v 905.9399 739.8276 271.4891
v 906.1400 740.2231 271.4890
f 11713 11714 11715
v 905.8421 739.3925 254.4928
v 905.8448 739.3948 271.4892
v 905.9399 739.8276 271.4891
f 11716 11717 11718
v 905.8579 738.9504 254.4928
v 905.8606 738.9529 271.4892
v 905.8448 739.3948 271.4892
f 11719 11720 11721
v 905.9828 738.5251 254.4929
v 905.9855 738.5275 271.4893
v 905.8606 738.9529 271.4892
f 11722 11723 11724
v 906.2088 738.1445 254.4929
v 906.2114 738.1469 271.4893
v 905.9855 738.5275 271.4893
f 11725 11726 11727
v 906.5230 737.8327 254.4929
v 906.5256 737.8351 271.4893
v 906.2114 738.1469 271.4893
f 11728 11729 11730
v 906.9054 737.6086 254.4928
v 906.9080 737.6110 271.4892
v 906.5256 737.8351 271.4893
f 11731 11732 11733
v 907.3310 737.4865 254.4928
v 907.3336 737.4889 271.4892
v 906.9080 737.6110 271.4892
f 11734 11735 11736
v 907.7740 737.4743 254.4927
v 907.7766 737.4767 271.4891
v 907.3336 737.4889 271.4892
f 11737 11738 11739
v 908.2052 737.5722 254.4927
v 908.2079 737.5745 271.4891
v 907.7766 737.4767 271.4891
f 11740 11741 11742
v 908.5988 737.7751 254.4926
v 908.6014 737.7775 271.4890
v 908.2079 737.5745 271.4891
f 11743 11744 11745
v 908.9306 738.0692 254.4925
v 908.9332 738.0716 271.4889
v 908.6014 737.7775 271.4890
f 11746 11747 11748
v 909.1776 738.4355 254.4924
v 909.1801 738.4379 271.4888
v 908.9332 738.0716 271.4889
f 11749 11750 11751
v 909.3266 738.8531 254.4924
v 909.3293 738.8556 271.4888
v 909.1801 738.4379 271.4888
f 11752 11753 11754
v 909.3669 739.2940 254.4923
v 909.3694 739.2964 271.4887
v 909.3293 738.8556 271.4888
f 11755 11756 11757
v 909.2960 739.7312 254.4923
v 909.2987 739.7336 271.4887
v 909.3694 739.2964 271.4887
f 11758 11759 11760
v 909.1191 740.1366 254.4922
v 909.1217 740.1391 271.4886
v 909.2987 739.7336 271.4887
f 11761 11762 11763
v 908.8460 740.4854 254.4922
v 908.8487 740.4878 271.4886
v 909.1217 740.1391 271.4886
f 11764 11765 11766
v 908.4948 740.7563 254.4923
v 908.4974 740.7587 271.4887
v 908.8487 740.4878 271.4886
f 11767 11768 11769
v 908.0883 740.9305 254.4923
v 908.0908 740.9328 271.4887
v 908.4974 740.7587 271.4887
f 11770 11771 11772
v 907.6504 740.9985 254.4923
v 907.6531 741.0010 271.4887
v 908.0908 740.9328 271.4887
f 11773 11774 11775
v 907.2103 740.9548 254.4924
v 907.6531 741.0010 271.4887
v 907.6504 740.9985 254.4923
f 11776 11777 11778
v 906.7939 740.8040 254.4925
v 907.2129 740.9572 271.4888
v 907.2103 740.9548 254.4924
f 11779 11780 11781
v 906.4282 740.5538 254.4926
v 906.7965 740.8063 271.4889
v 906.7939 740.8040 254.4925
f 11782 11783 11784
v 906.1374 740.2207 254.4926
v 906.4309 740.5563 271.4890
v 906.4282 740.5538 254.4926
f 11785 11786 11787
v 905.9373 739.8252 254.4927
v 906.1400 740.2231 271.4890
v 906.1374 740.2207 254.4926
f 11788 11789 11790
v 905.8421 739.3925 254.4928
v 905.9399 739.8276 271.4891
v 905.9373 739.8252 254.4927
f 11791 11792 11793
v 905.8579 738.9504 254.4928
v 905.8448 739.3948 271.4892
v 905.8421 739.3925 254.4928
f 11794 11795 11796
v 905.9828 738.5251 254.4929
v 905.8606 738.9529 271.4892
v 905.8579 738.9504 254.4928
f 11797 11798 11799
v 906.2088 738.1445 254.4929
v 905.9855 738.5275 271.4893
v 905.9828 738.5251 254.4929
f 11800 11801 11802
v 906.5230 737.8327 254.4929
v 906.2114 738.1469 271.4893
v 906.2088 738.1445 254.4929
f 11803 11804 11805
v 906.9054 737.6086 254.4928
v 906.5256 737.8351 271.4893
v 906.5230 737.8327 254.4929
f 11806 11807 11808
v 907.3310 737.4865 254.4928
v 906.9080 737.6110 271.4892
v 906.9054 737.6086 254.4928
f 11809 11810 11811
v 907.7740 737.4743 254.4927
v 907.3336 737.4889 271.4892
v 907.3310 737.4865 254.4928
f 11812 11813 11814
v 908.2052 737.5722 254.4927
v 907.7766 737.4767 271.4891
v 907.7740 737.4743 254.4927
f 11815 11816 11817
v 908.5988 737.7751 254.4926
v 908.2079 737.5745 271.4891
v 908.2052 737.5722 254.4927
f 11818 11819 11820
v 908.9306 738.0692 254.4925
v 908.6014 737.7775 271.4890
v 908.5988 737.7751 254.4926
f 11821 11822 11823
v 909.1776 738.4355 254.4924
v 908.9332 738.0716 271.4889
v 908.9306 738.0692 254.4925
f 11824 11825 11826
v 909.3266 738.8531 254.4924
v 909.1801 738.4379 271.4888
v 909.1776 738.4355 254.4924
f 11827 11828 11829
v 909.3669 739.2940 254.4923
v 909.3293 738.8556 271.4888
v 909.3266 738.8531 254.4924
f 11830 11831 11832
v 909.2960 739.7312 254.4923
v 909.3694 739.2964 271.4887
v 909.3669 739.2940 254.4923
f 11833 11834 11835
v 909.1191 740.1366 254.4922
v 909.2987 739.7336 271.4887
v 909.2960 739.7312 254.4923
f 11836 11837 11838
v 908.8460 740.4854 254.4922
v 909.1217 740.1391 271.4886
v 909.1191 740.1366 254.4922
f 11839 11840 11841
v 908.4948 740.7563 254.4923
v 908.8487 740.4878 271.4886
v 908.8460 740.4854 254.4922
f 11842 11843 11844
v 908.0883 740.9305 254.4923
v 908.4974 740.7587 271.4887
v 908.4948 740.7563 254.4923
f 11845 11846 11847
v 907.6504 740.9985 254.4923
v 908.0908 740.9328 271.4887
v 908.0883 740.9305 254.4923
f 11848 11849 11850

g building_ID_32F02F3A-3A5E-4307-99C3-B0453D381EBC
v 889.2061 793.3263 255.0726
v 904.2419 797.8308 255.0700
v 906.8723 789.0490 255.0707
f 11851 11852 11853
v 886.1985 792.3803 255.0732
v 889.2061 793.3263 255.0726
v 888.9772 783.6870 255.0739
f 11854 11855 11856
v 906.8723 789.0490 255.0707
v 888.9772 783.6870 255.0739
v 889.2061 793.3263 255.0726
f 11857 11858 11859
v 889.2075 793.3277 265.0763
v 886.2001 792.3818 265.0769
v 888.9788 783.6884 265.0776
f 11860 11861 11862
v 904.2434 797.8324 265.0737
v 889.2075 793.3277 265.0763
v 906.8738 789.0505 265.0744
f 11863 11864 11865
v 888.9788 783.6884 265.0776
v 906.8738 789.0505 265.0744
v 889.2075 793.3277 265.0763
f 11866 11867 11868
v 886.1985 792.3803 255.0732
v 886.2001 792.3818 265.0769
v 889.2075 793.3277 265.0763
f 11869 11870 11871
v 888.9772 783.6870 255.0739
v 888.9788 783.6884 265.0776
v 886.2001 792.3818 265.0769
f 11872 11873 11874
v 906.8723 789.0490 255.0707
v 906.8738 789.0505 265.0744
v 888.9788 783.6884 265.0776
f 11875 11876 11877
v 904.2419 797.8308 255.0700
v 904.2434 797.8324 265.0737
v 906.8738 789.0505 265.0744
f 11878 11879 11880
v 889.2061 793.3263 255.0726
v 889.2075 793.3277 265.0763
v 904.2434 797.8324 265.0737
f 11881 11882 11883
v 886.1985 792.3803 255.0732
v 889.2075 793.3277 265.0763
v 889.2061 793.3263 255.0726
f 11884 11885 11886
v 888.9772 783.6870 255.0739
v 886.2001 792.3818 265.0769
v 886.1985 792.3803 255.0732
f 11887 11888 11889
v 906.8723 789.0490 255.0707
v 888.9788 783.6884 265.0776
v 888.9772 783.6870 255.0739
f 11890 11891 11892
v 904.2419 797.8308 255.0700
v 906.8738 789.0505 265.0744
v 906.8723 789.0490 255.0707
f 11893 11894 11895
v 889.2061 793.3263 255.0726
v 904.2434 797.8324 265.0737
v 904.2419 797.8308 255.0700
f 11896 11897 11898

g building_ID_4691837E-9BE4-4AC5-B43D-A7209C0FB789
v 808.2686 829.6047 269.0655
v 810.5074 857.2191 268.2075
v 800.3811 854.0295 269.0632
f 11899 11900 11901
v 810.5074 857.2191 268.2075
v 808.2686 829.6047 269.0655
v 818.3720 832.8674 268.2098
f 11902 11903 11904
v 800.3811 854.0295 269.0632
v 796.1948 833.0248 268.2125
v 808.2686 829.6047 269.0655
f 11905 11906 11907
v 808.2686 829.6047 269.0655
v 796.1948 833.0248 268.2125
v 798.3349 826.3982 268.2131
f 11908 11909 11910
v 796.1948 833.0248 268.2125
v 800.3811 854.0295 269.0632
v 790.5538 850.9347 268.2220
f 11911 11912 11913
v 810.5056 857.2172 255.5190
v 810.5074 857.2191 268.2075
v 818.3720 832.8674 268.2098
f 11914 11915 11916
v 790.5521 850.9327 255.5224
v 796.1948 833.0248 268.2125
v 790.5538 850.9347 268.2220
f 11917 11918 11919
v 798.3332 826.3962 255.5245
v 798.3349 826.3982 268.2131
v 796.1930 833.0228 255.5239
f 11920 11921 11922
v 834.9041 779.9090 255.5256
v 834.9054 779.9103 264.7493
v 825.7015 777.0107 255.5272
f 11923 11924 11925
v 799.6219 826.6528 255.5243
v 799.6232 826.6542 264.7960
v 799.3116 826.5557 255.5244
f 11926 11927 11928
v 808.7178 797.5539 255.5269
v 799.6232 826.6542 264.7960
v 799.6219 826.6528 255.5243
f 11929 11930 11931
v 808.7191 797.5553 264.7886
v 808.7178 797.5539 255.5269
v 813.5041 799.0525 265.5298
f 11932 11933 11934
v 817.6384 785.8782 255.5272
v 817.6397 785.8797 265.5288
v 813.5027 799.0511 255.5261
f 11935 11936 11937
v 815.3027 793.3238 265.5292
v 813.5027 799.0511 255.5261
v 816.6056 789.1734 265.5285
f 11938 11939 11940
v 813.5027 799.0511 255.5261
v 815.3027 793.3238 265.5292
v 813.5041 799.0525 265.5298
f 11941 11942 11943
v 822.4203 787.3843 255.5264
v 822.4218 787.3859 266.2690
v 817.6397 785.8797 265.5288
f 11944 11945 11946
v 824.2359 781.6446 255.5268
v 824.3871 781.1718 266.2705
v 823.2587 784.7408 266.2692
f 11947 11948 11949
v 823.2602 784.7281 255.5265
v 824.2359 781.6446 255.5268
v 823.2587 784.7408 266.2692
f 11950 11951 11952
v 825.7015 777.0107 255.5272
v 825.7029 777.0113 266.2719
v 824.3871 781.1718 266.2705
f 11953 11954 11955
v 824.3871 781.1718 266.2705
v 824.2359 781.6446 255.5268
v 825.7015 777.0107 255.5272
f 11956 11957 11958
v 825.7029 777.0113 266.2719
v 825.7015 777.0107 255.5272
v 825.7129 777.0153 266.2739
f 11959 11960 11961
v 818.2794 832.8372 264.7379
v 825.7129 777.0153 266.2739
v 834.9054 779.9103 264.7493
f 11962 11963 11964
v 825.7129 777.0153 266.2739
v 818.2794 832.8372 264.7379
v 809.0668 829.8621 266.2694
f 11965 11966 11967
v 824.3871 781.1718 266.2705
v 825.7029 777.0113 266.2719
v 825.7129 777.0153 266.2739
f 11968 11969 11970
v 824.3871 781.1718 266.2705
v 825.7129 777.0153 266.2739
v 823.2587 784.7408 266.2692
f 11971 11972 11973
v 822.4218 787.3859 266.2690
v 823.2587 784.7408 266.2692
v 825.7129 777.0153 266.2739
f 11974 11975 11976
v 822.4218 787.3859 266.2690
v 825.7129 777.0153 266.2739
v 809.0668 829.8621 266.2694
f 11977 11978 11979
v 817.6397 785.8797 265.5288
v 822.4218 787.3859 266.2690
v 816.6056 789.1734 265.5285
f 11980 11981 11982
v 816.6056 789.1734 265.5285
v 822.4218 787.3859 266.2690
v 815.3027 793.3238 265.5292
f 11983 11984 11985
v 815.3027 793.3238 265.5292
v 822.4218 787.3859 266.2690
v 813.5041 799.0525 265.5298
f 11986 11987 11988
v 813.5041 799.0525 265.5298
v 822.4218 787.3859 266.2690
v 808.2681 829.6042 266.1456
f 11989 11990 11991
v 808.7191 797.5553 264.7886
v 813.5041 799.0525 265.5298
v 799.6232 826.6542 264.7960
f 11992 11993 11994
v 813.5041 799.0525 265.5298
v 808.2681 829.6042 266.1456
v 799.6232 826.6542 264.7960
f 11995 11996 11997
v 799.2683 826.6992 264.7481
v 799.6232 826.6542 264.7960
v 808.2681 829.6042 266.1456
f 11998 11999 12000
v 808.2681 829.6042 266.1456
v 822.4218 787.3859 266.2690
v 809.0668 829.8621 266.2694
f 12001 12002 12003
v 799.2683 826.6992 264.7481
v 799.3129 826.5571 264.7481
v 799.6232 826.6542 264.7960
f 12004 12005 12006
v 834.9054 779.9103 264.7493
v 818.2782 832.8358 255.5212
v 818.2794 832.8372 264.7379
f 12007 12008 12009
v 818.2782 832.8358 255.5212
v 834.9054 779.9103 264.7493
v 834.9041 779.9090 255.5256
f 12010 12011 12012
v 799.3116 826.5557 255.5244
v 799.3129 826.5571 264.7481
v 799.2670 826.6978 255.5244
f 12013 12014 12015
v 799.2683 826.6992 264.7481
v 799.2670 826.6978 255.5244
v 799.3129 826.5571 264.7481
f 12016 12017 12018
v 818.2782 832.8358 255.5212
v 810.5056 857.2172 255.5190
v 818.3702 832.8655 255.5212
f 12019 12020 12021
v 813.5027 799.0511 255.5261
v 799.6219 826.6528 255.5243
v 800.3792 854.0273 255.5207
f 12022 12023 12024
v 800.3792 854.0273 255.5207
v 810.5056 857.2172 255.5190
v 818.2782 832.8358 255.5212
f 12025 12026 12027
v 796.1930 833.0228 255.5239
v 800.3792 854.0273 255.5207
v 799.6219 826.6528 255.5243
f 12028 12029 12030
v 800.3792 854.0273 255.5207
v 818.2782 832.8358 255.5212
v 813.5027 799.0511 255.5261
f 12031 12032 12033
v 813.5027 799.0511 255.5261
v 808.7178 797.5539 255.5269
v 799.6219 826.6528 255.5243
f 12034 12035 12036
v 796.1930 833.0228 255.5239
v 790.5521 850.9327 255.5224
v 800.3792 854.0273 255.5207
f 12037 12038 12039
v 799.6219 826.6528 255.5243
v 799.3116 826.5557 255.5244
v 799.2670 826.6978 255.5244
f 12040 12041 12042
v 798.3332 826.3962 255.5245
v 796.1930 833.0228 255.5239
v 799.2670 826.6978 255.5244
f 12043 12044 12045
v 799.6219 826.6528 255.5243
v 799.2670 826.6978 255.5244
v 796.1930 833.0228 255.5239
f 12046 12047 12048
v 834.9041 779.9090 255.5256
v 823.2602 784.7281 255.5265
v 822.4203 787.3843 255.5264
f 12049 12050 12051
v 834.9041 779.9090 255.5256
v 824.2359 781.6446 255.5268
v 823.2602 784.7281 255.5265
f 12052 12053 12054
v 822.4203 787.3843 255.5264
v 813.5027 799.0511 255.5261
v 818.2782 832.8358 255.5212
f 12055 12056 12057
v 834.9041 779.9090 255.5256
v 825.7015 777.0107 255.5272
v 824.2359 781.6446 255.5268
f 12058 12059 12060
v 822.4203 787.3843 255.5264
v 818.2782 832.8358 255.5212
v 834.9041 779.9090 255.5256
f 12061 12062 12063
v 822.4203 787.3843 255.5264
v 817.6384 785.8782 255.5272
v 813.5027 799.0511 255.5261
f 12064 12065 12066
v 800.3792 854.0273 255.5207
v 790.5521 850.9327 255.5224
v 790.5538 850.9347 268.2220
f 12067 12068 12069
v 810.5056 857.2172 255.5190
v 800.3811 854.0295 269.0632
v 810.5074 857.2191 268.2075
f 12070 12071 12072
v 800.3811 854.0295 269.0632
v 810.5056 857.2172 255.5190
v 800.3792 854.0273 255.5207
f 12073 12074 12075
v 800.3811 854.0295 269.0632
v 800.3792 854.0273 255.5207
v 790.5538 850.9347 268.2220
f 12076 12077 12078
v 818.2794 832.8372 264.7379
v 818.3720 832.8674 268.2098
v 809.0668 829.8621 266.2694
f 12079 12080 12081
v 808.2686 829.6047 269.0655
v 809.0668 829.8621 266.2694
v 818.3720 832.8674 268.2098
f 12082 12083 12084
v 818.2782 832.8358 255.5212
v 818.3702 832.8655 255.5212
v 818.2794 832.8372 264.7379
f 12085 12086 12087
v 818.3720 832.8674 268.2098
v 818.2794 832.8372 264.7379
v 818.3702 832.8655 255.5212
f 12088 12089 12090
v 798.3349 826.3982 268.2131
v 808.2681 829.6042 266.1456
v 808.2686 829.6047 269.0655
f 12091 12092 12093
v 809.0668 829.8621 266.2694
v 808.2686 829.6047 269.0655
v 808.2681 829.6042 266.1456
f 12094 12095 12096
v 799.2683 826.6992 264.7481
v 808.2681 829.6042 266.1456
v 798.3349 826.3982 268.2131
f 12097 12098 12099
v 798.3332 826.3962 255.5245
v 799.2670 826.6978 255.5244
v 799.2683 826.6992 264.7481
f 12100 12101 12102
v 798.3349 826.3982 268.2131
v 798.3332 826.3962 255.5245
v 799.2683 826.6992 264.7481
f 12103 12104 12105
v 810.5056 857.2172 255.5190
v 818.3720 832.8674 268.2098
v 818.3702 832.8655 255.5212
f 12106 12107 12108
v 790.5521 850.9327 255.5224
v 796.1930 833.0228 255.5239
v 796.1948 833.0248 268.2125
f 12109 12110 12111
v 798.3349 826.3982 268.2131
v 796.1948 833.0248 268.2125
v 796.1930 833.0228 255.5239
f 12112 12113 12114
v 834.9054 779.9103 264.7493
v 825.7129 777.0153 266.2739
v 825.7015 777.0107 255.5272
f 12115 12116 12117
v 799.6232 826.6542 264.7960
v 799.3129 826.5571 264.7481
v 799.3116 826.5557 255.5244
f 12118 12119 12120
v 808.7178 797.5539 255.5269
v 808.7191 797.5553 264.7886
v 799.6232 826.6542 264.7960
f 12121 12122 12123
v 808.7178 797.5539 255.5269
v 813.5027 799.0511 255.5261
v 813.5041 799.0525 265.5298
f 12124 12125 12126
v 817.6397 785.8797 265.5288
v 816.6056 789.1734 265.5285
v 813.5027 799.0511 255.5261
f 12127 12128 12129
v 822.4203 787.3843 255.5264
v 817.6397 785.8797 265.5288
v 817.6384 785.8782 255.5272
f 12130 12131 12132
v 823.2587 784.7408 266.2692
v 822.4218 787.3859 266.2690
v 822.4203 787.3843 255.5264
f 12133 12134 12135
v 822.4203 787.3843 255.5264
v 823.2602 784.7281 255.5265
v 823.2587 784.7408 266.2692
f 12136 12137 12138

g building_ID_509D888A-83C4-436E-824D-8F86FC583F07
v 749.0144 769.2333 282.5108
v 748.3610 769.8420 282.5108
v 747.7516 769.3237 282.3919
f 12139 12140 12141
v 747.7516 769.3237 282.3919
v 748.5525 768.5775 282.3919
v 749.0144 769.2333 282.5108
f 12142 12143 12144
v 748.3610 769.8420 282.5108
v 747.8780 770.5963 282.5107
v 747.1601 770.2482 282.3919
f 12145 12146 12147
v 747.1601 770.2482 282.3919
v 747.7516 769.3237 282.3919
v 748.3610 769.8420 282.5108
f 12148 12149 12150
v 747.8780 770.5963 282.5107
v 747.5953 771.4481 282.5107
v 746.8149 771.2901 282.3918
f 12151 12152 12153
v 746.8149 771.2901 282.3918
v 747.1601 770.2482 282.3919
v 747.8780 770.5963 282.5107
f 12154 12155 12156
v 747.5953 771.4481 282.5107
v 747.5307 772.3432 282.5106
v 746.7358 772.3874 282.3916
f 12157 12158 12159
v 746.7358 772.3874 282.3916
v 746.8149 771.2901 282.3918
v 747.5953 771.4481 282.5107
f 12160 12161 12162
v 746.7358 772.3874 282.3916
v 747.6881 773.2267 282.5104
v 746.9287 773.4698 282.3915
f 12163 12164 12165
v 747.6881 773.2267 282.5104
v 746.7358 772.3874 282.3916
v 747.5307 772.3432 282.5106
f 12166 12167 12168
v 746.9287 773.4698 282.3915
v 748.0592 774.0418 282.5103
v 747.3834 774.4685 282.3913
f 12169 12170 12171
v 748.0592 774.0418 282.5103
v 746.9287 773.4698 282.3915
v 747.6881 773.2267 282.5104
f 12172 12173 12174
v 747.3834 774.4685 282.3913
v 748.6191 774.7393 282.5101
v 748.0676 775.3218 282.3911
f 12175 12176 12177
v 748.6191 774.7393 282.5101
v 747.3834 774.4685 282.3913
v 748.0592 774.0418 282.5103
f 12178 12179 12180
v 748.0676 775.3218 282.3911
v 749.3316 775.2723 282.5100
v 748.9404 775.9744 282.3910
f 12181 12182 12183
v 749.3316 775.2723 282.5100
v 748.0676 775.3218 282.3911
v 748.6191 774.7393 282.5101
f 12184 12185 12186
v 748.9404 775.9744 282.3910
v 750.1534 775.6101 282.5099
v 749.9485 776.3877 282.3908
f 12187 12188 12189
v 750.1534 775.6101 282.5099
v 748.9404 775.9744 282.3910
v 749.3316 775.2723 282.5100
f 12190 12191 12192
v 750.1534 775.6101 282.5099
v 751.0337 775.7288 282.5097
v 751.0258 776.5338 282.3906
f 12193 12194 12195
v 751.0258 776.5338 282.3906
v 749.9485 776.3877 282.3908
v 750.1534 775.6101 282.5099
f 12196 12197 12198
v 751.0337 775.7288 282.5097
v 751.9144 775.6235 282.5096
v 752.1055 776.4049 282.3905
f 12199 12200 12201
v 752.1055 776.4049 282.3905
v 751.0258 776.5338 282.3906
v 751.0337 775.7288 282.5097
f 12202 12203 12204
v 751.9144 775.6235 282.5096
v 752.7435 775.3002 282.5096
v 753.1204 776.0082 282.3905
f 12205 12206 12207
v 753.1204 776.0082 282.3905
v 752.1055 776.4049 282.3905
v 751.9144 775.6235 282.5096
f 12208 12209 12210
v 752.7435 775.3002 282.5096
v 753.4671 774.7783 282.5096
v 754.0067 775.3698 282.3904
f 12211 12212 12213
v 754.0067 775.3698 282.3904
v 753.1204 776.0082 282.3905
v 752.7435 775.3002 282.5096
f 12214 12215 12216
v 753.4671 774.7783 282.5096
v 754.0393 774.0908 282.5096
v 754.7085 774.5280 282.3904
f 12217 12218 12219
v 754.7085 774.5280 282.3904
v 754.0067 775.3698 282.3904
v 753.4671 774.7783 282.5096
f 12220 12221 12222
v 754.0393 774.0908 282.5096
v 754.4261 773.2818 282.5096
v 755.1808 773.5367 282.3905
f 12223 12224 12225
v 755.1808 773.5367 282.3905
v 754.7085 774.5280 282.3904
v 754.0393 774.0908 282.5096
f 12226 12227 12228
v 754.4261 773.2818 282.5096
v 754.5997 772.4003 282.5097
v 755.3939 772.4581 282.3906
f 12229 12230 12231
v 755.3939 772.4581 282.3906
v 755.1808 773.5367 282.3905
v 754.4261 773.2818 282.5096
f 12232 12233 12234
v 752.8919 767.6129 282.2545
v 751.6525 767.7992 282.3916
v 751.7201 767.2980 282.2547
f 12235 12236 12237
v 751.6525 767.7992 282.3916
v 752.8919 767.6129 282.2545
v 752.7032 768.0815 282.3915
f 12238 12239 12240
v 751.7201 767.2980 282.2547
v 750.5654 767.7901 282.3918
v 750.5071 767.2873 282.2548
f 12241 12242 12243
v 750.5654 767.7901 282.3918
v 751.7201 767.2980 282.2547
v 751.6525 767.7992 282.3916
f 12244 12245 12246
v 750.5654 767.7901 282.3918
v 749.5092 768.0549 282.3918
v 749.3299 767.5834 282.2549
f 12247 12248 12249
v 749.3299 767.5834 282.2549
v 750.5071 767.2873 282.2548
v 750.5654 767.7901 282.3918
f 12250 12251 12252
v 749.5092 768.0549 282.3918
v 748.5525 768.5775 282.3919
v 748.2614 768.1663 282.2550
f 12253 12254 12255
v 748.2614 768.1663 282.2550
v 749.3299 767.5834 282.2549
v 749.5092 768.0549 282.3918
f 12256 12257 12258
v 748.5525 768.5775 282.3919
v 747.7516 769.3237 282.3919
v 747.3697 768.9987 282.2550
f 12259 12260 12261
v 747.3697 768.9987 282.2550
v 748.2614 768.1663 282.2550
v 748.5525 768.5775 282.3919
f 12262 12263 12264
v 747.7516 769.3237 282.3919
v 747.1601 770.2482 282.3919
v 746.7095 770.0274 282.2549
f 12265 12266 12267
v 746.7095 770.0274 282.2549
v 747.3697 768.9987 282.2550
v 747.7516 769.3237 282.3919
f 12268 12269 12270
v 747.1601 770.2482 282.3919
v 746.8149 771.2901 282.3918
v 746.3246 771.1914 282.2548
f 12271 12272 12273
v 746.3246 771.1914 282.2548
v 746.7095 770.0274 282.2549
v 747.1601 770.2482 282.3919
f 12274 12275 12276
v 746.3246 771.1914 282.2548
v 746.7358 772.3874 282.3916
v 746.2359 772.4156 282.2547
f 12277 12278 12279
v 746.7358 772.3874 282.3916
v 746.3246 771.1914 282.2548
v 746.8149 771.2901 282.3918
f 12280 12281 12282
v 746.2359 772.4156 282.2547
v 746.9287 773.4698 282.3915
v 746.4521 773.6220 282.2545
f 12283 12284 12285
v 746.9287 773.4698 282.3915
v 746.2359 772.4156 282.2547
v 746.7358 772.3874 282.3916
f 12286 12287 12288
v 746.4521 773.6220 282.2545
v 747.3834 774.4685 282.3913
v 746.9571 774.7358 282.2543
f 12289 12290 12291
v 747.3834 774.4685 282.3913
v 746.4521 773.6220 282.2545
v 746.9287 773.4698 282.3915
f 12292 12293 12294
v 746.9571 774.7358 282.2543
v 748.0676 775.3218 282.3911
v 747.7216 775.6876 282.2541
f 12295 12296 12297
v 748.0676 775.3218 282.3911
v 746.9571 774.7358 282.2543
v 747.3834 774.4685 282.3913
f 12298 12299 12300
v 747.7216 775.6876 282.2541
v 748.9404 775.9744 282.3910
v 748.6956 776.4160 282.2539
f 12301 12302 12303
v 748.9404 775.9744 282.3910
v 747.7216 775.6876 282.2541
v 748.0676 775.3218 282.3911
f 12304 12305 12306
v 748.6956 776.4160 282.2539
v 749.9485 776.3877 282.3908
v 749.8198 776.8770 282.2537
f 12307 12308 12309
v 749.9485 776.3877 282.3908
v 748.6956 776.4160 282.2539
v 748.9404 775.9744 282.3910
f 12310 12311 12312
v 749.8198 776.8770 282.2537
v 751.0258 776.5338 282.3906
v 751.0212 777.0398 282.2536
f 12313 12314 12315
v 751.0258 776.5338 282.3906
v 749.8198 776.8770 282.2537
v 749.9485 776.3877 282.3908
f 12316 12317 12318
v 751.0258 776.5338 282.3906
v 752.1055 776.4049 282.3905
v 752.2258 776.8966 282.2535
f 12319 12320 12321
v 752.2258 776.8966 282.2535
v 751.0212 777.0398 282.2536
v 751.0258 776.5338 282.3906
f 12322 12323 12324
v 752.1055 776.4049 282.3905
v 753.1204 776.0082 282.3905
v 753.3566 776.4535 282.2534
f 12325 12326 12327
v 753.3566 776.4535 282.2534
v 752.2258 776.8966 282.2535
v 752.1055 776.4049 282.3905
f 12328 12329 12330
v 755.3369 771.3593 282.3908
v 754.2861 770.6492 282.5100
v 755.0102 770.3121 282.3909
f 12331 12332 12333
v 754.2861 770.6492 282.5100
v 755.3369 771.3593 282.3908
v 754.5534 771.5045 282.5098
f 12334 12335 12336
v 755.0102 770.3121 282.3909
v 753.8180 769.8864 282.5101
v 754.4367 769.3788 282.3911
f 12337 12338 12339
v 753.8180 769.8864 282.5101
v 755.0102 770.3121 282.3909
v 754.2861 770.6492 282.5100
f 12340 12341 12342
v 754.4367 769.3788 282.3911
v 753.1774 769.2671 282.5103
v 753.6506 768.6188 282.3913
f 12343 12344 12345
v 753.1774 769.2671 282.5103
v 754.4367 769.3788 282.3911
v 753.8180 769.8864 282.5101
f 12346 12347 12348
v 753.6506 768.6188 282.3913
v 752.4032 768.8273 282.5104
v 752.7032 768.0815 282.3915
f 12349 12350 12351
v 752.4032 768.8273 282.5104
v 753.6506 768.6188 282.3913
v 753.1774 769.2671 282.5103
f 12352 12353 12354
v 755.8297 771.2700 282.2537
v 755.0102 770.3121 282.3909
v 755.4646 770.0989 282.2539
f 12355 12356 12357
v 755.0102 770.3121 282.3909
v 755.8297 771.2700 282.2537
v 755.3369 771.3593 282.3908
f 12358 12359 12360
v 755.4646 770.0989 282.2539
v 754.4367 769.3788 282.3911
v 754.8258 769.0587 282.2541
f 12361 12362 12363
v 754.4367 769.3788 282.3911
v 755.4646 770.0989 282.2539
v 755.0102 770.3121 282.3909
f 12364 12365 12366
v 754.8258 769.0587 282.2541
v 753.6506 768.6188 282.3913
v 753.9485 768.2120 282.2543
f 12367 12368 12369
v 753.6506 768.6188 282.3913
v 754.8258 769.0587 282.2541
v 754.4367 769.3788 282.3911
f 12370 12371 12372
v 753.9485 768.2120 282.2543
v 752.7032 768.0815 282.3915
v 752.8919 767.6129 282.2545
f 12373 12374 12375
v 752.7032 768.0815 282.3915
v 753.9485 768.2120 282.2543
v 753.6506 768.6188 282.3913
f 12376 12377 12378
v 753.5319 771.6931 282.5999
v 752.3435 771.9114 282.6580
v 752.2467 771.5976 282.6581
f 12379 12380 12381
v 752.2467 771.5976 282.6581
v 753.3443 771.0877 282.6000
v 753.5319 771.6931 282.5999
f 12382 12383 12384
v 753.0128 770.5486 282.6001
v 752.2467 771.5976 282.6581
v 752.0749 771.3200 282.6581
f 12385 12386 12387
v 752.2467 771.5976 282.6581
v 753.0128 770.5486 282.6001
v 753.3443 771.0877 282.6000
f 12388 12389 12390
v 754.5534 771.5045 282.5098
v 753.5319 771.6931 282.5999
v 753.3443 771.0877 282.6000
f 12391 12392 12393
v 753.3443 771.0877 282.6000
v 754.2861 770.6492 282.5100
v 754.5534 771.5045 282.5098
f 12394 12395 12396
v 753.8180 769.8864 282.5101
v 753.3443 771.0877 282.6000
v 753.0128 770.5486 282.6001
f 12397 12398 12399
v 753.3443 771.0877 282.6000
v 753.8180 769.8864 282.5101
v 754.2861 770.6492 282.5100
f 12400 12401 12402
v 752.3435 771.9114 282.6580
v 753.5319 771.6931 282.5999
v 753.5656 772.3271 282.5999
f 12403 12404 12405
v 753.5656 772.3271 282.5999
v 752.3603 772.2404 282.6580
v 752.3435 771.9114 282.6580
f 12406 12407 12408
v 750.0769 771.3034 282.6584
v 749.1538 770.5179 282.6006
v 749.6146 770.0867 282.6006
f 12409 12410 12411
v 749.6146 770.0867 282.6006
v 750.3163 771.0808 282.6584
v 750.0769 771.3034 282.6584
f 12412 12413 12414
v 749.9006 771.5789 282.6584
v 748.8112 771.0509 282.6006
v 749.1538 770.5179 282.6006
f 12415 12416 12417
v 749.1538 770.5179 282.6006
v 750.0769 771.3034 282.6584
v 749.9006 771.5789 282.6584
f 12418 12419 12420
v 749.9006 771.5789 282.6584
v 748.6119 771.6524 282.6005
v 748.8112 771.0509 282.6006
f 12421 12422 12423
v 748.6119 771.6524 282.6005
v 749.9006 771.5789 282.6584
v 749.7965 771.8911 282.6583
f 12424 12425 12426
v 749.7734 772.2192 282.6583
v 748.5675 772.2865 282.6004
v 748.6119 771.6524 282.6005
f 12427 12428 12429
v 748.6119 771.6524 282.6005
v 749.7965 771.8911 282.6583
v 749.7734 772.2192 282.6583
f 12430 12431 12432
v 748.5675 772.2865 282.6004
v 749.7734 772.2192 282.6583
v 749.8302 772.5421 282.6583
f 12433 12434 12435
v 749.8302 772.5421 282.6583
v 748.6792 772.9101 282.6004
v 748.5675 772.2865 282.6004
f 12436 12437 12438
v 748.9407 773.4864 282.6003
v 749.8302 772.5421 282.6583
v 749.9660 772.8407 282.6582
f 12439 12440 12441
v 749.8302 772.5421 282.6583
v 748.9407 773.4864 282.6003
v 748.6792 772.9101 282.6004
f 12442 12443 12444
v 749.3350 773.9794 282.6001
v 749.9660 772.8407 282.6582
v 750.1707 773.0962 282.6582
f 12445 12446 12447
v 749.9660 772.8407 282.6582
v 749.3350 773.9794 282.6001
v 748.9407 773.4864 282.6003
f 12448 12449 12450
v 749.3350 773.9794 282.6001
v 750.1707 773.0962 282.6582
v 750.4322 773.2915 282.6581
f 12451 12452 12453
v 750.4322 773.2915 282.6581
v 749.8400 774.3570 282.6000
v 749.3350 773.9794 282.6001
f 12454 12455 12456
v 751.4054 769.6369 282.6004
v 751.5559 770.9325 282.6583
v 751.2416 770.8483 282.6583
f 12457 12458 12459
v 751.5559 770.9325 282.6583
v 751.4054 769.6369 282.6004
v 752.0118 769.8002 282.6003
f 12460 12461 12462
v 751.2416 770.8483 282.6583
v 750.9167 770.8452 282.6583
v 750.7774 769.6316 282.6005
f 12463 12464 12465
v 750.7774 769.6316 282.6005
v 751.4054 769.6369 282.6004
v 751.2416 770.8483 282.6583
f 12466 12467 12468
v 750.9167 770.8452 282.6583
v 750.1678 769.7852 282.6006
v 750.7774 769.6316 282.6005
f 12469 12470 12471
v 750.1678 769.7852 282.6006
v 750.9167 770.8452 282.6583
v 750.6019 770.9250 282.6584
f 12472 12473 12474
v 750.3163 771.0808 282.6584
v 749.6146 770.0867 282.6006
v 750.1678 769.7852 282.6006
f 12475 12476 12477
v 750.1678 769.7852 282.6006
v 750.6019 770.9250 282.6584
v 750.3163 771.0808 282.6584
f 12478 12479 12480
v 752.5586 770.1098 282.6002
v 752.0749 771.3200 282.6581
v 751.8403 771.0927 282.6582
f 12481 12482 12483
v 752.0749 771.3200 282.6581
v 752.5586 770.1098 282.6002
v 753.0128 770.5486 282.6001
f 12484 12485 12486
v 752.0118 769.8002 282.6003
v 751.8403 771.0927 282.6582
v 751.5559 770.9325 282.6583
f 12487 12488 12489
v 751.8403 771.0927 282.6582
v 752.0118 769.8002 282.6003
v 752.5586 770.1098 282.6002
f 12490 12491 12492
v 753.8180 769.8864 282.5101
v 753.0128 770.5486 282.6001
v 752.5586 770.1098 282.6002
f 12493 12494 12495
v 752.5586 770.1098 282.6002
v 753.1774 769.2671 282.5103
v 753.8180 769.8864 282.5101
f 12496 12497 12498
v 752.4032 768.8273 282.5104
v 752.5586 770.1098 282.6002
v 752.0118 769.8002 282.6003
f 12499 12500 12501
v 752.5586 770.1098 282.6002
v 752.4032 768.8273 282.5104
v 753.1774 769.2671 282.5103
f 12502 12503 12504
v 752.0118 769.8002 282.6003
v 751.5456 768.5976 282.5105
v 752.4032 768.8273 282.5104
f 12505 12506 12507
v 751.5456 768.5976 282.5105
v 752.0118 769.8002 282.6003
v 751.4054 769.6369 282.6004
f 12508 12509 12510
v 751.4054 769.6369 282.6004
v 750.7774 769.6316 282.6005
v 750.6576 768.5899 282.5106
f 12511 12512 12513
v 750.6576 768.5899 282.5106
v 751.5456 768.5976 282.5105
v 751.4054 769.6369 282.6004
f 12514 12515 12516
v 752.2467 771.5976 282.6581
v 751.0682 772.1478 282.6762
v 752.0749 771.3200 282.6581
f 12517 12518 12519
v 752.3603 772.2404 282.6580
v 751.0682 772.1478 282.6762
v 752.3435 771.9114 282.6580
f 12520 12521 12522
v 752.2467 771.5976 282.6581
v 752.3435 771.9114 282.6580
v 751.0682 772.1478 282.6762
f 12523 12524 12525
v 752.2962 772.5625 282.6580
v 751.9457 773.1105 282.6579
v 751.6812 773.3011 282.6580
f 12526 12527 12528
v 752.1560 772.8579 282.6580
v 751.9457 773.1105 282.6579
v 752.2962 772.5625 282.6580
f 12529 12530 12531
v 751.0682 772.1478 282.6762
v 752.3603 772.2404 282.6580
v 752.2962 772.5625 282.6580
f 12532 12533 12534
v 751.0682 772.1478 282.6762
v 752.2962 772.5625 282.6580
v 751.6812 773.3011 282.6580
f 12535 12536 12537
v 751.0682 772.1478 282.6762
v 750.7326 773.4146 282.6581
v 750.4322 773.2915 282.6581
f 12538 12539 12540
v 751.0682 772.1478 282.6762
v 751.3776 773.4199 282.6580
v 751.0556 773.4588 282.6580
f 12541 12542 12543
v 750.7326 773.4146 282.6581
v 751.0682 772.1478 282.6762
v 751.0556 773.4588 282.6580
f 12544 12545 12546
v 751.6812 773.3011 282.6580
v 751.3776 773.4199 282.6580
v 751.0682 772.1478 282.6762
f 12547 12548 12549
v 749.7965 771.8911 282.6583
v 750.3163 771.0808 282.6584
v 749.7734 772.2192 282.6583
f 12550 12551 12552
v 751.0682 772.1478 282.6762
v 749.7734 772.2192 282.6583
v 750.3163 771.0808 282.6584
f 12553 12554 12555
v 750.0769 771.3034 282.6584
v 750.3163 771.0808 282.6584
v 749.9006 771.5789 282.6584
f 12556 12557 12558
v 749.7965 771.8911 282.6583
v 749.9006 771.5789 282.6584
v 750.3163 771.0808 282.6584
f 12559 12560 12561
v 750.1707 773.0962 282.6582
v 749.9660 772.8407 282.6582
v 751.0682 772.1478 282.6762
f 12562 12563 12564
v 749.7734 772.2192 282.6583
v 751.0682 772.1478 282.6762
v 749.8302 772.5421 282.6583
f 12565 12566 12567
v 749.8302 772.5421 282.6583
v 751.0682 772.1478 282.6762
v 749.9660 772.8407 282.6582
f 12568 12569 12570
v 750.4322 773.2915 282.6581
v 750.1707 773.0962 282.6582
v 751.0682 772.1478 282.6762
f 12571 12572 12573
v 751.2416 770.8483 282.6583
v 751.0682 772.1478 282.6762
v 750.9167 770.8452 282.6583
f 12574 12575 12576
v 750.9167 770.8452 282.6583
v 751.0682 772.1478 282.6762
v 750.6019 770.9250 282.6584
f 12577 12578 12579
v 751.0682 772.1478 282.6762
v 751.2416 770.8483 282.6583
v 751.5559 770.9325 282.6583
f 12580 12581 12582
v 751.0682 772.1478 282.6762
v 751.8403 771.0927 282.6582
v 752.0749 771.3200 282.6581
f 12583 12584 12585
v 751.0682 772.1478 282.6762
v 750.3163 771.0808 282.6584
v 750.6019 770.9250 282.6584
f 12586 12587 12588
v 751.8403 771.0927 282.6582
v 751.0682 772.1478 282.6762
v 751.5559 770.9325 282.6583
f 12589 12590 12591
v 754.4585 775.8646 254.9602
v 755.8128 773.7470 254.9603
v 753.4355 776.6023 254.9602
f 12592 12593 12594
v 749.7717 777.0391 254.9606
v 752.2627 777.0605 254.9603
v 753.4355 776.6023 254.9602
f 12595 12596 12597
v 750.4207 774.5955 282.5999
v 750.4322 773.2915 282.6581
v 750.7326 773.4146 282.6581
f 12598 12599 12600
v 750.4322 773.2915 282.6581
v 750.4207 774.5955 282.5999
v 749.8400 774.3570 282.6000
f 12601 12602 12603
v 751.0556 773.4588 282.6580
v 751.0440 774.6798 282.5999
v 750.4207 774.5955 282.5999
f 12604 12605 12606
v 750.4207 774.5955 282.5999
v 750.7326 773.4146 282.6581
v 751.0556 773.4588 282.6580
f 12607 12608 12609
v 751.0556 773.4588 282.6580
v 751.6667 774.6061 282.5998
v 751.0440 774.6798 282.5999
f 12610 12611 12612
v 751.6667 774.6061 282.5998
v 751.0556 773.4588 282.6580
v 751.3776 773.4199 282.6580
f 12613 12614 12615
v 751.6812 773.3011 282.6580
v 752.2531 774.3766 282.5998
v 751.6667 774.6061 282.5998
f 12616 12617 12618
v 751.6667 774.6061 282.5998
v 751.3776 773.4199 282.6580
v 751.6812 773.3011 282.6580
f 12619 12620 12621
v 751.9457 773.1105 282.6579
v 752.7641 774.0082 282.5997
v 752.2531 774.3766 282.5998
f 12622 12623 12624
v 752.2531 774.3766 282.5998
v 751.6812 773.3011 282.6580
v 751.9457 773.1105 282.6579
f 12625 12626 12627
v 752.1560 772.8579 282.6580
v 753.1688 773.5221 282.5998
v 752.7641 774.0082 282.5997
f 12628 12629 12630
v 752.7641 774.0082 282.5997
v 751.9457 773.1105 282.6579
v 752.1560 772.8579 282.6580
f 12631 12632 12633
v 752.2962 772.5625 282.6580
v 753.4422 772.9494 282.5998
v 753.1688 773.5221 282.5998
f 12634 12635 12636
v 753.1688 773.5221 282.5998
v 752.1560 772.8579 282.6580
v 752.2962 772.5625 282.6580
f 12637 12638 12639
v 752.2962 772.5625 282.6580
v 753.5656 772.3271 282.5999
v 753.4422 772.9494 282.5998
f 12640 12641 12642
v 753.5656 772.3271 282.5999
v 752.2962 772.5625 282.6580
v 752.3603 772.2404 282.6580
f 12643 12644 12645
v 751.6667 774.6061 282.5998
v 751.9144 775.6235 282.5096
v 751.0337 775.7288 282.5097
f 12646 12647 12648
v 751.0337 775.7288 282.5097
v 751.0440 774.6798 282.5999
v 751.6667 774.6061 282.5998
f 12649 12650 12651
v 752.2531 774.3766 282.5998
v 752.7435 775.3002 282.5096
v 751.9144 775.6235 282.5096
f 12652 12653 12654
v 751.9144 775.6235 282.5096
v 751.6667 774.6061 282.5998
v 752.2531 774.3766 282.5998
f 12655 12656 12657
v 752.7641 774.0082 282.5997
v 753.4671 774.7783 282.5096
v 752.7435 775.3002 282.5096
f 12658 12659 12660
v 752.7435 775.3002 282.5096
v 752.2531 774.3766 282.5998
v 752.7641 774.0082 282.5997
f 12661 12662 12663
v 753.1688 773.5221 282.5998
v 754.0393 774.0908 282.5096
v 753.4671 774.7783 282.5096
f 12664 12665 12666
v 753.4671 774.7783 282.5096
v 752.7641 774.0082 282.5997
v 753.1688 773.5221 282.5998
f 12667 12668 12669
v 753.4422 772.9494 282.5998
v 754.4261 773.2818 282.5096
v 754.0393 774.0908 282.5096
f 12670 12671 12672
v 754.0393 774.0908 282.5096
v 753.1688 773.5221 282.5998
v 753.4422 772.9494 282.5998
f 12673 12674 12675
v 753.5656 772.3271 282.5999
v 754.5997 772.4003 282.5097
v 754.4261 773.2818 282.5096
f 12676 12677 12678
v 754.4261 773.2818 282.5096
v 753.4422 772.9494 282.5998
v 753.5656 772.3271 282.5999
f 12679 12680 12681
v 754.5534 771.5045 282.5098
v 753.5656 772.3271 282.5999
v 753.5319 771.6931 282.5999
f 12682 12683 12684
v 753.5656 772.3271 282.5999
v 754.5534 771.5045 282.5098
v 754.5997 772.4003 282.5097
f 12685 12686 12687
v 755.3939 772.4581 282.3906
v 754.5534 771.5045 282.5098
v 755.3369 771.3593 282.3908
f 12688 12689 12690
v 754.5534 771.5045 282.5098
v 755.3939 772.4581 282.3906
v 754.5997 772.4003 282.5097
f 12691 12692 12693
v 748.6119 771.6524 282.6005
v 747.5953 771.4481 282.5107
v 747.8780 770.5963 282.5107
f 12694 12695 12696
v 747.8780 770.5963 282.5107
v 748.8112 771.0509 282.6006
v 748.6119 771.6524 282.6005
f 12697 12698 12699
v 747.5307 772.3432 282.5106
v 748.6119 771.6524 282.6005
v 748.5675 772.2865 282.6004
f 12700 12701 12702
v 748.6119 771.6524 282.6005
v 747.5307 772.3432 282.5106
v 747.5953 771.4481 282.5107
f 12703 12704 12705
v 747.6881 773.2267 282.5104
v 748.5675 772.2865 282.6004
v 748.6792 772.9101 282.6004
f 12706 12707 12708
v 748.5675 772.2865 282.6004
v 747.6881 773.2267 282.5104
v 747.5307 772.3432 282.5106
f 12709 12710 12711
v 748.0592 774.0418 282.5103
v 748.6792 772.9101 282.6004
v 748.9407 773.4864 282.6003
f 12712 12713 12714
v 748.6792 772.9101 282.6004
v 748.0592 774.0418 282.5103
v 747.6881 773.2267 282.5104
f 12715 12716 12717
v 748.6191 774.7393 282.5101
v 748.9407 773.4864 282.6003
v 749.3350 773.9794 282.6001
f 12718 12719 12720
v 748.9407 773.4864 282.6003
v 748.6191 774.7393 282.5101
v 748.0592 774.0418 282.5103
f 12721 12722 12723
v 749.3316 775.2723 282.5100
v 749.3350 773.9794 282.6001
v 749.8400 774.3570 282.6000
f 12724 12725 12726
v 749.3350 773.9794 282.6001
v 749.3316 775.2723 282.5100
v 748.6191 774.7393 282.5101
f 12727 12728 12729
v 749.3316 775.2723 282.5100
v 749.8400 774.3570 282.6000
v 750.4207 774.5955 282.5999
f 12730 12731 12732
v 750.4207 774.5955 282.5999
v 750.1534 775.6101 282.5099
v 749.3316 775.2723 282.5100
f 12733 12734 12735
v 751.0440 774.6798 282.5999
v 751.0337 775.7288 282.5097
v 750.1534 775.6101 282.5099
f 12736 12737 12738
v 750.1534 775.6101 282.5099
v 750.4207 774.5955 282.5999
v 751.0440 774.6798 282.5999
f 12739 12740 12741
v 750.1678 769.7852 282.6006
v 749.7952 768.8062 282.5107
v 750.6576 768.5899 282.5106
f 12742 12743 12744
v 750.6576 768.5899 282.5106
v 750.7774 769.6316 282.6005
v 750.1678 769.7852 282.6006
f 12745 12746 12747
v 749.6146 770.0867 282.6006
v 749.0144 769.2333 282.5108
v 749.7952 768.8062 282.5107
f 12748 12749 12750
v 749.7952 768.8062 282.5107
v 750.1678 769.7852 282.6006
v 749.6146 770.0867 282.6006
f 12751 12752 12753
v 749.1538 770.5179 282.6006
v 748.3610 769.8420 282.5108
v 749.0144 769.2333 282.5108
f 12754 12755 12756
v 749.0144 769.2333 282.5108
v 749.6146 770.0867 282.6006
v 749.1538 770.5179 282.6006
f 12757 12758 12759
v 748.8112 771.0509 282.6006
v 747.8780 770.5963 282.5107
v 748.3610 769.8420 282.5108
f 12760 12761 12762
v 748.3610 769.8420 282.5108
v 749.1538 770.5179 282.6006
v 748.8112 771.0509 282.6006
f 12763 12764 12765
v 752.7032 768.0815 282.3915
v 751.5456 768.5976 282.5105
v 751.6525 767.7992 282.3916
f 12766 12767 12768
v 751.5456 768.5976 282.5105
v 752.7032 768.0815 282.3915
v 752.4032 768.8273 282.5104
f 12769 12770 12771
v 751.6525 767.7992 282.3916
v 750.6576 768.5899 282.5106
v 750.5654 767.7901 282.3918
f 12772 12773 12774
v 750.6576 768.5899 282.5106
v 751.6525 767.7992 282.3916
v 751.5456 768.5976 282.5105
f 12775 12776 12777
v 750.6576 768.5899 282.5106
v 749.7952 768.8062 282.5107
v 749.5092 768.0549 282.3918
f 12778 12779 12780
v 749.5092 768.0549 282.3918
v 750.5654 767.7901 282.3918
v 750.6576 768.5899 282.5106
f 12781 12782 12783
v 749.7952 768.8062 282.5107
v 749.0144 769.2333 282.5108
v 748.5525 768.5775 282.3919
f 12784 12785 12786
v 748.5525 768.5775 282.3919
v 749.5092 768.0549 282.3918
v 749.7952 768.8062 282.5107
f 12787 12788 12789
v 753.1204 776.0082 282.3905
v 754.0067 775.3698 282.3904
v 754.3447 775.7409 282.2533
f 12790 12791 12792
v 754.3447 775.7409 282.2533
v 753.3566 776.4535 282.2534
v 753.1204 776.0082 282.3905
f 12793 12794 12795
v 754.0067 775.3698 282.3904
v 754.7085 774.5280 282.3904
v 755.1272 774.8028 282.2534
f 12796 12797 12798
v 755.1272 774.8028 282.2534
v 754.3447 775.7409 282.2533
v 754.0067 775.3698 282.3904
f 12799 12800 12801
v 754.7085 774.5280 282.3904
v 755.1808 773.5367 282.3905
v 755.6542 773.6964 282.2534
f 12802 12803 12804
v 755.6542 773.6964 282.2534
v 755.1272 774.8028 282.2534
v 754.7085 774.5280 282.3904
f 12805 12806 12807
v 755.1808 773.5367 282.3905
v 755.3939 772.4581 282.3906
v 755.8939 772.4928 282.2536
f 12808 12809 12810
v 755.8939 772.4928 282.2536
v 755.6542 773.6964 282.2534
v 755.1808 773.5367 282.3905
f 12811 12812 12813
v 755.8939 772.4928 282.2536
v 755.3369 771.3593 282.3908
v 755.8297 771.2700 282.2537
f 12814 12815 12816
v 755.3369 771.3593 282.3908
v 755.8939 772.4928 282.2536
v 755.3939 772.4581 282.3906
f 12817 12818 12819
v 756.0640 772.5063 282.1055
v 755.8297 771.2700 282.2537
v 755.9965 771.2375 282.1057
f 12820 12821 12822
v 755.8297 771.2700 282.2537
v 756.0640 772.5063 282.1055
v 755.8939 772.4928 282.2536
f 12823 12824 12825
v 756.0605 772.5023 254.9604
v 756.0640 772.5063 282.1055
v 755.9965 771.2375 282.1057
f 12826 12827 12828
v 755.9930 771.2336 254.9606
v 755.9965 771.2375 282.1057
v 755.6213 770.0276 282.1059
f 12829 12830 12831
v 755.6213 770.0276 282.1059
v 754.8258 769.0587 282.2541
v 754.9584 768.9493 282.1061
f 12832 12833 12834
v 754.8258 769.0587 282.2541
v 755.6213 770.0276 282.1059
v 755.4646 770.0989 282.2539
f 12835 12836 12837
v 755.6178 770.0236 254.9608
v 755.6213 770.0276 282.1059
v 754.9584 768.9493 282.1061
f 12838 12839 12840
v 754.9584 768.9493 282.1061
v 753.9485 768.2120 282.2543
v 754.0512 768.0727 282.1063
f 12841 12842 12843
v 753.9485 768.2120 282.2543
v 754.9584 768.9493 282.1061
v 754.8258 769.0587 282.2541
f 12844 12845 12846
v 754.9549 768.9454 254.9610
v 754.9584 768.9493 282.1061
v 754.0512 768.0727 282.1063
f 12847 12848 12849
v 754.0512 768.0727 282.1063
v 752.8919 767.6129 282.2545
v 752.9564 767.4527 282.1065
f 12850 12851 12852
v 752.8919 767.6129 282.2545
v 754.0512 768.0727 282.1063
v 753.9485 768.2120 282.2543
f 12853 12854 12855
v 754.0476 768.0689 254.9612
v 754.0512 768.0727 282.1063
v 752.9564 767.4527 282.1065
f 12856 12857 12858
v 752.9564 767.4527 282.1065
v 751.7201 767.2980 282.2547
v 751.7436 767.1270 282.1067
f 12859 12860 12861
v 751.7201 767.2980 282.2547
v 752.9564 767.4527 282.1065
v 752.8919 767.6129 282.2545
f 12862 12863 12864
v 752.9529 767.4488 254.9614
v 752.9564 767.4527 282.1065
v 751.7436 767.1270 282.1067
f 12865 12866 12867
v 751.7436 767.1270 282.1067
v 750.5071 767.2873 282.2548
v 750.4886 767.1163 282.1068
f 12868 12869 12870
v 750.5071 767.2873 282.2548
v 751.7436 767.1270 282.1067
v 751.7201 767.2980 282.2547
f 12871 12872 12873
v 751.7401 767.1230 254.9616
v 751.7436 767.1270 282.1067
v 750.4886 767.1163 282.1068
f 12874 12875 12876
v 750.5071 767.2873 282.2548
v 749.3299 767.5834 282.2549
v 749.2694 767.4225 282.1069
f 12877 12878 12879
v 749.2694 767.4225 282.1069
v 750.4886 767.1163 282.1068
v 750.5071 767.2873 282.2548
f 12880 12881 12882
v 750.4851 767.1124 254.9617
v 750.4886 767.1163 282.1068
v 749.2694 767.4225 282.1069
f 12883 12884 12885
v 749.3299 767.5834 282.2549
v 748.2614 768.1663 282.2550
v 748.1630 768.0256 282.1070
f 12886 12887 12888
v 748.1630 768.0256 282.1070
v 749.2694 767.4225 282.1069
v 749.3299 767.5834 282.2549
f 12889 12890 12891
v 749.2659 767.4186 254.9618
v 749.2694 767.4225 282.1069
v 748.1630 768.0256 282.1070
f 12892 12893 12894
v 748.2614 768.1663 282.2550
v 747.3697 768.9987 282.2550
v 747.2394 768.8880 282.1070
f 12895 12896 12897
v 747.2394 768.8880 282.1070
v 748.1630 768.0256 282.1070
v 748.2614 768.1663 282.2550
f 12898 12899 12900
v 748.1595 768.0216 254.9619
v 748.1630 768.0256 282.1070
v 747.2394 768.8880 282.1070
f 12901 12902 12903
v 747.3697 768.9987 282.2550
v 746.7095 770.0274 282.2549
v 746.5562 769.9528 282.1070
f 12904 12905 12906
v 746.5562 769.9528 282.1070
v 747.2394 768.8880 282.1070
v 747.3697 768.9987 282.2550
f 12907 12908 12909
v 747.2359 768.8841 254.9619
v 747.2394 768.8880 282.1070
v 746.5562 769.9528 282.1070
f 12910 12911 12912
v 746.7095 770.0274 282.2549
v 746.3246 771.1914 282.2548
v 746.1564 771.1579 282.1069
f 12913 12914 12915
v 746.1564 771.1579 282.1069
v 746.5562 769.9528 282.1070
v 746.7095 770.0274 282.2549
f 12916 12917 12918
v 746.5528 769.9488 254.9619
v 746.5562 769.9528 282.1070
v 746.1564 771.1579 282.1069
f 12919 12920 12921
v 746.3246 771.1914 282.2548
v 746.2359 772.4156 282.2547
v 746.0649 772.4241 282.1067
f 12922 12923 12924
v 746.0649 772.4241 282.1067
v 746.1564 771.1579 282.1069
v 746.3246 771.1914 282.2548
f 12925 12926 12927
v 746.1530 771.1539 254.9618
v 746.1564 771.1579 282.1069
v 746.0649 772.4241 282.1067
f 12928 12929 12930
v 746.2359 772.4156 282.2547
v 746.4521 773.6220 282.2545
v 746.2882 773.6735 282.1065
f 12931 12932 12933
v 746.2882 773.6735 282.1065
v 746.0649 772.4241 282.1067
v 746.2359 772.4156 282.2547
f 12934 12935 12936
v 746.0614 772.4201 254.9616
v 746.0649 772.4241 282.1067
v 746.2882 773.6735 282.1065
f 12937 12938 12939
v 746.2882 773.6735 282.1065
v 746.9571 774.7358 282.2543
v 746.8123 774.8271 282.1063
f 12940 12941 12942
v 746.9571 774.7358 282.2543
v 746.2882 773.6735 282.1065
v 746.4521 773.6220 282.2545
f 12943 12944 12945
v 746.2847 773.6695 254.9614
v 746.2882 773.6735 282.1065
v 746.8123 774.8271 282.1063
f 12946 12947 12948
v 746.8123 774.8271 282.1063
v 747.7216 775.6876 282.2541
v 747.6039 775.8119 282.1061
f 12949 12950 12951
v 747.7216 775.6876 282.2541
v 746.8123 774.8271 282.1063
v 746.9571 774.7358 282.2543
f 12952 12953 12954
v 746.8088 774.8231 254.9612
v 746.8123 774.8271 282.1063
v 747.6039 775.8119 282.1061
f 12955 12956 12957
v 747.6039 775.8119 282.1061
v 748.6956 776.4160 282.2539
v 748.6119 776.5662 282.1059
f 12958 12959 12960
v 748.6956 776.4160 282.2539
v 747.6039 775.8119 282.1061
v 747.7216 775.6876 282.2541
f 12961 12962 12963
v 747.6004 775.8080 254.9610
v 747.6039 775.8119 282.1061
v 748.6119 776.5662 282.1059
f 12964 12965 12966
v 748.6119 776.5662 282.1059
v 749.8198 776.8770 282.2537
v 749.7752 777.0431 282.1057
f 12967 12968 12969
v 749.8198 776.8770 282.2537
v 748.6119 776.5662 282.1059
v 748.6956 776.4160 282.2539
f 12970 12971 12972
v 748.6085 776.5622 254.9608
v 748.6119 776.5662 282.1059
v 749.7752 777.0431 282.1057
f 12973 12974 12975
v 749.8198 776.8770 282.2537
v 751.0212 777.0398 282.2536
v 751.0187 777.2128 282.1056
f 12976 12977 12978
v 751.0187 777.2128 282.1056
v 749.7752 777.0431 282.1057
v 749.8198 776.8770 282.2537
f 12979 12980 12981
v 749.7717 777.0391 254.9606
v 749.7752 777.0431 282.1057
v 751.0187 777.2128 282.1056
f 12982 12983 12984
v 751.0212 777.0398 282.2536
v 752.2258 776.8966 282.2535
v 752.2662 777.0644 282.1054
f 12985 12986 12987
v 752.2662 777.0644 282.1054
v 751.0187 777.2128 282.1056
v 751.0212 777.0398 282.2536
f 12988 12989 12990
v 751.0152 777.2088 254.9605
v 751.0187 777.2128 282.1056
v 752.2662 777.0644 282.1054
f 12991 12992 12993
v 752.2258 776.8966 282.2535
v 753.3566 776.4535 282.2534
v 753.4390 776.6063 282.1053
f 12994 12995 12996
v 753.4390 776.6063 282.1053
v 752.2662 777.0644 282.1054
v 752.2258 776.8966 282.2535
f 12997 12998 12999
v 752.2627 777.0605 254.9603
v 752.2662 777.0644 282.1054
v 753.4390 776.6063 282.1053
f 13000 13001 13002
v 753.3566 776.4535 282.2534
v 754.3447 775.7409 282.2533
v 754.4620 775.8686 282.1053
f 13003 13004 13005
v 754.4620 775.8686 282.1053
v 753.4390 776.6063 282.1053
v 753.3566 776.4535 282.2534
f 13006 13007 13008
v 753.4355 776.6023 254.9602
v 753.4390 776.6063 282.1053
v 754.4620 775.8686 282.1053
f 13009 13010 13011
v 754.4585 775.8646 254.9602
v 754.4620 775.8686 282.1053
v 755.2704 774.8964 282.1053
f 13012 13013 13014
v 755.1272 774.8028 282.2534
v 755.6542 773.6964 282.2534
v 755.8163 773.7510 282.1054
f 13015 13016 13017
v 755.8163 773.7510 282.1054
v 755.2704 774.8964 282.1053
v 755.1272 774.8028 282.2534
f 13018 13019 13020
v 755.2668 774.8924 254.9602
v 755.2704 774.8964 282.1053
v 755.8163 773.7510 282.1054
f 13021 13022 13023
v 755.6542 773.6964 282.2534
v 755.8939 772.4928 282.2536
v 756.0640 772.5063 282.1055
f 13024 13025 13026
v 756.0640 772.5063 282.1055
v 755.8163 773.7510 282.1054
v 755.6542 773.6964 282.2534
f 13027 13028 13029
v 755.8128 773.7470 254.9603
v 755.8163 773.7510 282.1054
v 756.0640 772.5063 282.1055
f 13030 13031 13032
v 755.8297 771.2700 282.2537
v 755.4646 770.0989 282.2539
v 755.6213 770.0276 282.1059
f 13033 13034 13035
v 755.6213 770.0276 282.1059
v 755.9965 771.2375 282.1057
v 755.8297 771.2700 282.2537
f 13036 13037 13038
v 755.1272 774.8028 282.2534
v 754.4620 775.8686 282.1053
v 754.3447 775.7409 282.2533
f 13039 13040 13041
v 754.4620 775.8686 282.1053
v 755.1272 774.8028 282.2534
v 755.2704 774.8964 282.1053
f 13042 13043 13044
v 755.8128 773.7470 254.9603
v 756.0605 772.5023 254.9604
v 755.9930 771.2336 254.9606
f 13045 13046 13047
v 754.9549 768.9454 254.9610
v 755.9930 771.2336 254.9606
v 755.6178 770.0236 254.9608
f 13048 13049 13050
v 754.4585 775.8646 254.9602
v 755.2668 774.8924 254.9602
v 755.8128 773.7470 254.9603
f 13051 13052 13053
v 754.9549 768.9454 254.9610
v 755.8128 773.7470 254.9603
v 755.9930 771.2336 254.9606
f 13054 13055 13056
v 753.4355 776.6023 254.9602
v 755.8128 773.7470 254.9603
v 754.9549 768.9454 254.9610
f 13057 13058 13059
v 753.4355 776.6023 254.9602
v 754.9549 768.9454 254.9610
v 749.7717 777.0391 254.9606
f 13060 13061 13062
v 751.0152 777.2088 254.9605
v 752.2627 777.0605 254.9603
v 749.7717 777.0391 254.9606
f 13063 13064 13065
v 749.7717 777.0391 254.9606
v 754.9549 768.9454 254.9610
v 747.2359 768.8841 254.9619
f 13066 13067 13068
v 748.6085 776.5622 254.9608
v 749.7717 777.0391 254.9606
v 747.6004 775.8080 254.9610
f 13069 13070 13071
v 754.0476 768.0689 254.9612
v 752.9529 767.4488 254.9614
v 750.4851 767.1124 254.9617
f 13072 13073 13074
v 751.7401 767.1230 254.9616
v 750.4851 767.1124 254.9617
v 752.9529 767.4488 254.9614
f 13075 13076 13077
v 754.9549 768.9454 254.9610
v 754.0476 768.0689 254.9612
v 750.4851 767.1124 254.9617
f 13078 13079 13080
v 749.2659 767.4186 254.9618
v 747.2359 768.8841 254.9619
v 750.4851 767.1124 254.9617
f 13081 13082 13083
v 747.2359 768.8841 254.9619
v 749.2659 767.4186 254.9618
v 748.1595 768.0216 254.9619
f 13084 13085 13086
v 750.4851 767.1124 254.9617
v 747.2359 768.8841 254.9619
v 754.9549 768.9454 254.9610
f 13087 13088 13089
v 749.7717 777.0391 254.9606
v 747.2359 768.8841 254.9619
v 746.1530 771.1539 254.9618
f 13090 13091 13092
v 746.1530 771.1539 254.9618
v 747.6004 775.8080 254.9610
v 749.7717 777.0391 254.9606
f 13093 13094 13095
v 746.1530 771.1539 254.9618
v 747.2359 768.8841 254.9619
v 746.5528 769.9488 254.9619
f 13096 13097 13098
v 746.2847 773.6695 254.9614
v 747.6004 775.8080 254.9610
v 746.1530 771.1539 254.9618
f 13099 13100 13101
v 746.8088 774.8231 254.9612
v 747.6004 775.8080 254.9610
v 746.2847 773.6695 254.9614
f 13102 13103 13104
v 746.2847 773.6695 254.9614
v 746.1530 771.1539 254.9618
v 746.0614 772.4201 254.9616
f 13105 13106 13107
v 756.0605 772.5023 254.9604
v 755.9965 771.2375 282.1057
v 755.9930 771.2336 254.9606
f 13108 13109 13110
v 755.9930 771.2336 254.9606
v 755.6213 770.0276 282.1059
v 755.6178 770.0236 254.9608
f 13111 13112 13113
v 755.6178 770.0236 254.9608
v 754.9584 768.9493 282.1061
v 754.9549 768.9454 254.9610
f 13114 13115 13116
v 754.9549 768.9454 254.9610
v 754.0512 768.0727 282.1063
v 754.0476 768.0689 254.9612
f 13117 13118 13119
v 754.0476 768.0689 254.9612
v 752.9564 767.4527 282.1065
v 752.9529 767.4488 254.9614
f 13120 13121 13122
v 752.9529 767.4488 254.9614
v 751.7436 767.1270 282.1067
v 751.7401 767.1230 254.9616
f 13123 13124 13125
v 751.7401 767.1230 254.9616
v 750.4886 767.1163 282.1068
v 750.4851 767.1124 254.9617
f 13126 13127 13128
v 750.4851 767.1124 254.9617
v 749.2694 767.4225 282.1069
v 749.2659 767.4186 254.9618
f 13129 13130 13131
v 749.2659 767.4186 254.9618
v 748.1630 768.0256 282.1070
v 748.1595 768.0216 254.9619
f 13132 13133 13134
v 748.1595 768.0216 254.9619
v 747.2394 768.8880 282.1070
v 747.2359 768.8841 254.9619
f 13135 13136 13137
v 747.2359 768.8841 254.9619
v 746.5562 769.9528 282.1070
v 746.5528 769.9488 254.9619
f 13138 13139 13140
v 746.5528 769.9488 254.9619
v 746.1564 771.1579 282.1069
v 746.1530 771.1539 254.9618
f 13141 13142 13143
v 746.1530 771.1539 254.9618
v 746.0649 772.4241 282.1067
v 746.0614 772.4201 254.9616
f 13144 13145 13146
v 746.0614 772.4201 254.9616
v 746.2882 773.6735 282.1065
v 746.2847 773.6695 254.9614
f 13147 13148 13149
v 746.2847 773.6695 254.9614
v 746.8123 774.8271 282.1063
v 746.8088 774.8231 254.9612
f 13150 13151 13152
v 746.8088 774.8231 254.9612
v 747.6039 775.8119 282.1061
v 747.6004 775.8080 254.9610
f 13153 13154 13155
v 747.6004 775.8080 254.9610
v 748.6119 776.5662 282.1059
v 748.6085 776.5622 254.9608
f 13156 13157 13158
v 748.6085 776.5622 254.9608
v 749.7752 777.0431 282.1057
v 749.7717 777.0391 254.9606
f 13159 13160 13161
v 749.7717 777.0391 254.9606
v 751.0187 777.2128 282.1056
v 751.0152 777.2088 254.9605
f 13162 13163 13164
v 751.0152 777.2088 254.9605
v 752.2662 777.0644 282.1054
v 752.2627 777.0605 254.9603
f 13165 13166 13167
v 752.2627 777.0605 254.9603
v 753.4390 776.6063 282.1053
v 753.4355 776.6023 254.9602
f 13168 13169 13170
v 753.4355 776.6023 254.9602
v 754.4620 775.8686 282.1053
v 754.4585 775.8646 254.9602
f 13171 13172 13173
v 754.4585 775.8646 254.9602
v 755.2704 774.8964 282.1053
v 755.2668 774.8924 254.9602
f 13174 13175 13176
v 755.2668 774.8924 254.9602
v 755.8163 773.7510 282.1054
v 755.8128 773.7470 254.9603
f 13177 13178 13179
v 755.8128 773.7470 254.9603
v 756.0640 772.5063 282.1055
v 756.0605 772.5023 254.9604
f 13180 13181 13182

g building_ID_2DAC435C-CBB3-4D36-B532-4BB5E6889D7D
v 744.4597 783.9123 282.3905
v 745.3450 783.2739 282.3905
v 745.6839 783.6449 282.2534
f 13183 13184 13185
v 745.6839 783.6449 282.2534
v 744.6959 784.3576 282.2534
v 744.4597 783.9123 282.3905
f 13186 13187 13188
v 745.3450 783.2739 282.3905
v 746.0467 782.4321 282.3905
v 746.4665 782.7070 282.2534
f 13189 13190 13191
v 746.4665 782.7070 282.2534
v 745.6839 783.6449 282.2534
v 745.3450 783.2739 282.3905
f 13192 13193 13194
v 746.0467 782.4321 282.3905
v 746.5190 781.4408 282.3906
v 746.9935 781.6005 282.2535
f 13195 13196 13197
v 746.9935 781.6005 282.2535
v 746.4665 782.7070 282.2534
v 746.0467 782.4321 282.3905
f 13198 13199 13200
v 746.5190 781.4408 282.3906
v 746.7322 780.3622 282.3907
v 747.2322 780.3978 282.2536
f 13201 13202 13203
v 747.2322 780.3978 282.2536
v 746.9935 781.6005 282.2535
v 746.5190 781.4408 282.3906
f 13204 13205 13206
v 747.2322 780.3978 282.2536
v 746.6762 779.2645 282.3908
v 747.1679 779.1741 282.2538
f 13207 13208 13209
v 746.6762 779.2645 282.3908
v 747.2322 780.3978 282.2536
v 746.7322 780.3622 282.3907
f 13210 13211 13212
v 747.4023 780.4104 282.1056
v 747.1679 779.1741 282.2538
v 747.3359 779.1427 282.1058
f 13213 13214 13215
v 747.1679 779.1741 282.2538
v 747.4023 780.4104 282.1056
v 747.2322 780.3978 282.2536
f 13216 13217 13218
v 747.3987 780.4064 254.9865
v 747.4023 780.4104 282.1056
v 747.3359 779.1427 282.1058
f 13219 13220 13221
v 747.3359 779.1427 282.1058
v 746.8038 778.0041 282.2540
v 746.9596 777.9317 282.1059
f 13222 13223 13224
v 746.8038 778.0041 282.2540
v 747.3359 779.1427 282.1058
v 747.1679 779.1741 282.2538
f 13225 13226 13227
v 747.3324 779.1387 254.9867
v 747.3359 779.1427 282.1058
v 746.9596 777.9317 282.1059
f 13228 13229 13230
v 746.9596 777.9317 282.1059
v 746.1651 776.9628 282.2542
v 746.2967 776.8534 282.1062
f 13231 13232 13233
v 746.1651 776.9628 282.2542
v 746.9596 777.9317 282.1059
v 746.8038 778.0041 282.2540
f 13234 13235 13236
v 746.9561 777.9277 254.9868
v 746.9596 777.9317 282.1059
v 746.2967 776.8534 282.1062
f 13237 13238 13239
v 746.2967 776.8534 282.1062
v 745.2878 776.1161 282.2544
v 745.3894 775.9778 282.1064
f 13240 13241 13242
v 745.2878 776.1161 282.2544
v 746.2967 776.8534 282.1062
v 746.1651 776.9628 282.2542
f 13243 13244 13245
v 746.2933 776.8494 254.9871
v 746.2967 776.8534 282.1062
v 745.3894 775.9778 282.1064
f 13246 13247 13248
v 745.3894 775.9778 282.1064
v 744.2312 775.5170 282.2546
v 744.2957 775.3568 282.1066
f 13249 13250 13251
v 744.2312 775.5170 282.2546
v 745.3894 775.9778 282.1064
v 745.2878 776.1161 282.2544
f 13252 13253 13254
v 745.3859 775.9739 254.9873
v 745.3894 775.9778 282.1064
v 744.2957 775.3568 282.1066
f 13255 13256 13257
v 744.2957 775.3568 282.1066
v 743.0584 775.2021 282.2547
v 743.0819 775.0311 282.1067
f 13258 13259 13260
v 743.0584 775.2021 282.2547
v 744.2957 775.3568 282.1066
v 744.2312 775.5170 282.2546
f 13261 13262 13263
v 744.2923 775.3528 254.9875
v 744.2957 775.3568 282.1066
v 743.0819 775.0311 282.1067
f 13264 13265 13266
v 743.0819 775.0311 282.1067
v 741.8464 775.1924 282.2549
v 741.8269 775.0204 282.1069
f 13267 13268 13269
v 741.8464 775.1924 282.2549
v 743.0819 775.0311 282.1067
v 743.0584 775.2021 282.2547
f 13270 13271 13272
v 743.0784 775.0271 254.9877
v 743.0819 775.0311 282.1067
v 741.8269 775.0204 282.1069
f 13273 13274 13275
v 741.8464 775.1924 282.2549
v 740.6682 775.4876 282.2550
v 740.6077 775.3267 282.1070
f 13276 13277 13278
v 740.6077 775.3267 282.1070
v 741.8269 775.0204 282.1069
v 741.8464 775.1924 282.2549
f 13279 13280 13281
v 741.8234 775.0164 254.9878
v 741.8269 775.0204 282.1069
v 740.6077 775.3267 282.1070
f 13282 13283 13284
v 740.6682 775.4876 282.2550
v 739.5997 776.0704 282.2550
v 739.5023 775.9296 282.1071
f 13285 13286 13287
v 739.5023 775.9296 282.1071
v 740.6077 775.3267 282.1070
v 740.6682 775.4876 282.2550
f 13288 13289 13290
v 740.6043 775.3227 254.9879
v 740.6077 775.3267 282.1070
v 739.5023 775.9296 282.1071
f 13291 13292 13293
v 739.5997 776.0704 282.2550
v 738.7080 776.9027 282.2550
v 738.5777 776.7921 282.1071
f 13294 13295 13296
v 738.5777 776.7921 282.1071
v 739.5023 775.9296 282.1071
v 739.5997 776.0704 282.2550
f 13297 13298 13299
v 739.4989 775.9256 254.9880
v 739.5023 775.9296 282.1071
v 738.5777 776.7921 282.1071
f 13300 13301 13302
v 738.7080 776.9027 282.2550
v 738.0488 777.9326 282.2550
v 737.8946 777.8579 282.1070
f 13303 13304 13305
v 737.8946 777.8579 282.1070
v 738.5777 776.7921 282.1071
v 738.7080 776.9027 282.2550
f 13306 13307 13308
v 738.5742 776.7881 254.9880
v 738.5777 776.7921 282.1071
v 737.8946 777.8579 282.1070
f 13309 13310 13311
v 737.8946 777.8579 282.1070
v 737.6629 779.0955 282.2549
v 737.4958 779.0620 282.1069
f 13312 13313 13314
v 737.6629 779.0955 282.2549
v 737.8946 777.8579 282.1070
v 738.0488 777.9326 282.2550
f 13315 13316 13317
v 737.8911 777.8539 254.9879
v 737.8946 777.8579 282.1070
v 737.4958 779.0620 282.1069
f 13318 13319 13320
v 737.6629 779.0955 282.2549
v 737.5752 780.3198 282.2547
v 737.4042 780.3292 282.1068
f 13321 13322 13323
v 737.4042 780.3292 282.1068
v 737.4958 779.0620 282.1069
v 737.6629 779.0955 282.2549
f 13324 13325 13326
v 737.4923 779.0580 254.9878
v 737.4958 779.0620 282.1069
v 737.4042 780.3292 282.1068
f 13327 13328 13329
v 737.4042 780.3292 282.1068
v 737.7904 781.5262 282.2546
v 737.6275 781.5786 282.1066
f 13330 13331 13332
v 737.7904 781.5262 282.2546
v 737.4042 780.3292 282.1068
v 737.5752 780.3198 282.2547
f 13333 13334 13335
v 737.4007 780.3252 254.9877
v 737.4042 780.3292 282.1068
v 737.6275 781.5786 282.1066
f 13336 13337 13338
v 737.6275 781.5786 282.1066
v 738.2964 782.6398 282.2544
v 738.1516 782.7321 282.1064
f 13339 13340 13341
v 738.2964 782.6398 282.2544
v 737.6275 781.5786 282.1066
v 737.7904 781.5262 282.2546
f 13342 13343 13344
v 737.6241 781.5746 254.9875
v 737.6275 781.5786 282.1066
v 738.1516 782.7321 282.1064
f 13345 13346 13347
v 738.1482 782.7281 254.9873
v 738.1516 782.7321 282.1064
v 738.9432 783.7160 282.1062
f 13348 13349 13350
v 739.0599 783.5917 282.2542
v 740.0349 784.3201 282.2540
v 739.9512 784.4703 282.1060
f 13351 13352 13353
v 739.9512 784.4703 282.1060
v 738.9432 783.7160 282.1062
v 739.0599 783.5917 282.2542
f 13354 13355 13356
v 738.9398 783.7120 254.9871
v 738.9432 783.7160 282.1062
v 739.9512 784.4703 282.1060
f 13357 13358 13359
v 739.9512 784.4703 282.1060
v 741.1580 784.7811 282.2538
v 741.1135 784.9472 282.1058
f 13360 13361 13362
v 741.1580 784.7811 282.2538
v 739.9512 784.4703 282.1060
v 740.0349 784.3201 282.2540
f 13363 13364 13365
v 739.9478 784.4663 254.9869
v 739.9512 784.4703 282.1060
v 741.1135 784.9472 282.1058
f 13366 13367 13368
v 741.1580 784.7811 282.2538
v 742.3595 784.9438 282.2536
v 742.3580 785.1168 282.1056
f 13369 13370 13371
v 742.3580 785.1168 282.1056
v 741.1135 784.9472 282.1058
v 741.1580 784.7811 282.2538
f 13372 13373 13374
v 741.1101 784.9432 254.9867
v 741.1135 784.9472 282.1058
v 742.3580 785.1168 282.1056
f 13375 13376 13377
v 742.3595 784.9438 282.2536
v 743.5641 784.8007 282.2535
v 743.6045 784.9686 282.1055
f 13378 13379 13380
v 743.6045 784.9686 282.1055
v 742.3580 785.1168 282.1056
v 742.3595 784.9438 282.2536
f 13381 13382 13383
v 742.3545 785.1128 254.9865
v 742.3580 785.1168 282.1056
v 743.6045 784.9686 282.1055
f 13384 13385 13386
v 743.5641 784.8007 282.2535
v 744.6959 784.3576 282.2534
v 744.7772 784.5104 282.1054
f 13387 13388 13389
v 744.7772 784.5104 282.1054
v 743.6045 784.9686 282.1055
v 743.5641 784.8007 282.2535
f 13390 13391 13392
v 743.6010 784.9646 254.9864
v 743.6045 784.9686 282.1055
v 744.7772 784.5104 282.1054
f 13393 13394 13395
v 744.6959 784.3576 282.2534
v 745.6839 783.6449 282.2534
v 745.8003 783.7727 282.1054
f 13396 13397 13398
v 745.8003 783.7727 282.1054
v 744.7772 784.5104 282.1054
v 744.6959 784.3576 282.2534
f 13399 13400 13401
v 744.7738 784.5064 254.9863
v 744.7772 784.5104 282.1054
v 745.8003 783.7727 282.1054
f 13402 13403 13404
v 745.7968 783.7687 254.9863
v 745.8003 783.7727 282.1054
v 746.6087 782.8005 282.1054
f 13405 13406 13407
v 746.4665 782.7070 282.2534
v 746.9935 781.6005 282.2535
v 747.1546 781.6551 282.1055
f 13408 13409 13410
v 747.1546 781.6551 282.1055
v 746.6087 782.8005 282.1054
v 746.4665 782.7070 282.2534
f 13411 13412 13413
v 746.6052 782.7965 254.9863
v 746.6087 782.8005 282.1054
v 747.1546 781.6551 282.1055
f 13414 13415 13416
v 746.9935 781.6005 282.2535
v 747.2322 780.3978 282.2536
v 747.4023 780.4104 282.1056
f 13417 13418 13419
v 747.4023 780.4104 282.1056
v 747.1546 781.6551 282.1055
v 746.9935 781.6005 282.2535
f 13420 13421 13422
v 747.1511 781.6511 254.9864
v 747.1546 781.6551 282.1055
v 747.4023 780.4104 282.1056
f 13423 13424 13425
v 746.6762 779.2645 282.3908
v 745.6254 778.5533 282.5100
v 746.3495 778.2163 282.3910
f 13426 13427 13428
v 745.6254 778.5533 282.5100
v 746.6762 779.2645 282.3908
v 745.8927 779.4086 282.5099
f 13429 13430 13431
v 746.3495 778.2163 282.3910
v 745.1573 777.7905 282.5102
v 745.7759 777.2829 282.3912
f 13432 13433 13434
v 745.1573 777.7905 282.5102
v 746.3495 778.2163 282.3910
v 745.6254 778.5533 282.5100
f 13435 13436 13437
v 745.7759 777.2829 282.3912
v 744.5167 777.1712 282.5103
v 744.9899 776.5240 282.3913
f 13438 13439 13440
v 744.5167 777.1712 282.5103
v 745.7759 777.2829 282.3912
v 745.1573 777.7905 282.5102
f 13441 13442 13443
v 744.9899 776.5240 282.3913
v 743.7415 776.7323 282.5105
v 744.0425 775.9865 282.3915
f 13444 13445 13446
v 743.7415 776.7323 282.5105
v 744.9899 776.5240 282.3913
v 744.5167 777.1712 282.5103
f 13447 13448 13449
v 747.1679 779.1741 282.2538
v 746.3495 778.2163 282.3910
v 746.8038 778.0041 282.2540
f 13450 13451 13452
v 746.3495 778.2163 282.3910
v 747.1679 779.1741 282.2538
v 746.6762 779.2645 282.3908
f 13453 13454 13455
v 746.8038 778.0041 282.2540
v 745.7759 777.2829 282.3912
v 746.1651 776.9628 282.2542
f 13456 13457 13458
v 745.7759 777.2829 282.3912
v 746.8038 778.0041 282.2540
v 746.3495 778.2163 282.3910
f 13459 13460 13461
v 746.1651 776.9628 282.2542
v 744.9899 776.5240 282.3913
v 745.2878 776.1161 282.2544
f 13462 13463 13464
v 744.9899 776.5240 282.3913
v 746.1651 776.9628 282.2542
v 745.7759 777.2829 282.3912
f 13465 13466 13467
v 745.2878 776.1161 282.2544
v 744.0425 775.9865 282.3915
v 744.2312 775.5170 282.2546
f 13468 13469 13470
v 744.0425 775.9865 282.3915
v 745.2878 776.1161 282.2544
v 744.9899 776.5240 282.3913
f 13471 13472 13473
v 744.6825 778.9918 282.6001
v 743.6828 779.8155 282.6581
v 743.5850 779.5027 282.6581
f 13474 13475 13476
v 743.6828 779.8155 282.6581
v 744.6825 778.9918 282.6001
v 744.8702 779.5973 282.6000
f 13477 13478 13479
v 744.3511 778.4526 282.6002
v 743.5850 779.5027 282.6581
v 743.4132 779.2242 282.6582
f 13480 13481 13482
v 743.5850 779.5027 282.6581
v 744.3511 778.4526 282.6002
v 744.6825 778.9918 282.6001
f 13483 13484 13485
v 745.8927 779.4086 282.5099
v 744.8702 779.5973 282.6000
v 744.6825 778.9918 282.6001
f 13486 13487 13488
v 744.6825 778.9918 282.6001
v 745.6254 778.5533 282.5100
v 745.8927 779.4086 282.5099
f 13489 13490 13491
v 745.1573 777.7905 282.5102
v 744.6825 778.9918 282.6001
v 744.3511 778.4526 282.6002
f 13492 13493 13494
v 744.6825 778.9918 282.6001
v 745.1573 777.7905 282.5102
v 745.6254 778.5533 282.5100
f 13495 13496 13497
v 743.6828 779.8155 282.6581
v 744.8702 779.5973 282.6000
v 744.9049 780.2311 282.5999
f 13498 13499 13500
v 744.9049 780.2311 282.5999
v 743.6996 780.1444 282.6581
v 743.6828 779.8155 282.6581
f 13501 13502 13503
v 741.4162 779.2086 282.6584
v 740.4920 778.4220 282.6006
v 740.9539 777.9908 282.6006
f 13504 13505 13506
v 740.9539 777.9908 282.6006
v 741.6556 778.9849 282.6584
v 741.4162 779.2086 282.6584
f 13507 13508 13509
v 741.4162 779.2086 282.6584
v 740.1505 778.9549 282.6006
v 740.4920 778.4220 282.6006
f 13510 13511 13512
v 740.1505 778.9549 282.6006
v 741.4162 779.2086 282.6584
v 741.2389 779.4841 282.6584
f 13513 13514 13515
v 741.1348 779.7953 282.6584
v 739.9501 779.5575 282.6006
v 740.1505 778.9549 282.6006
f 13516 13517 13518
v 740.1505 778.9549 282.6006
v 741.2389 779.4841 282.6584
v 741.1348 779.7953 282.6584
f 13519 13520 13521
v 741.1116 780.1244 282.6584
v 739.9058 780.1906 282.6005
v 739.9501 779.5575 282.6006
f 13522 13523 13524
v 739.9501 779.5575 282.6006
v 741.1348 779.7953 282.6584
v 741.1116 780.1244 282.6584
f 13525 13526 13527
v 740.0175 780.8142 282.6004
v 741.1116 780.1244 282.6584
v 741.1695 780.4462 282.6583
f 13528 13529 13530
v 741.1116 780.1244 282.6584
v 740.0175 780.8142 282.6004
v 739.9058 780.1906 282.6005
f 13531 13532 13533
v 740.2791 781.3916 282.6003
v 741.1695 780.4462 282.6583
v 741.3053 780.7448 282.6583
f 13534 13535 13536
v 741.1695 780.4462 282.6583
v 740.2791 781.3916 282.6003
v 740.0175 780.8142 282.6004
f 13537 13538 13539
v 740.6743 781.8835 282.6002
v 741.3053 780.7448 282.6583
v 741.5090 781.0002 282.6582
f 13540 13541 13542
v 741.3053 780.7448 282.6583
v 740.6743 781.8835 282.6002
v 740.2791 781.3916 282.6003
f 13543 13544 13545
v 740.6743 781.8835 282.6002
v 741.5090 781.0002 282.6582
v 741.7715 781.1956 282.6581
f 13546 13547 13548
v 741.7715 781.1956 282.6581
v 741.1793 782.2612 282.6001
v 740.6743 781.8835 282.6002
f 13549 13550 13551
v 742.7437 777.5410 282.6005
v 742.8952 778.8366 282.6583
v 742.5809 778.7524 282.6584
f 13552 13553 13554
v 742.8952 778.8366 282.6583
v 742.7437 777.5410 282.6005
v 743.3501 777.7043 282.6004
f 13555 13556 13557
v 742.5809 778.7524 282.6584
v 742.2559 778.7494 282.6584
v 742.1167 777.5367 282.6006
f 13558 13559 13560
v 742.1167 777.5367 282.6006
v 742.7437 777.5410 282.6005
v 742.5809 778.7524 282.6584
f 13561 13562 13563
v 741.9412 778.8292 282.6584
v 741.5071 777.6893 282.6006
v 742.1167 777.5367 282.6006
f 13564 13565 13566
v 742.1167 777.5367 282.6006
v 742.2559 778.7494 282.6584
v 741.9412 778.8292 282.6584
f 13567 13568 13569
v 741.6556 778.9849 282.6584
v 740.9539 777.9908 282.6006
v 741.5071 777.6893 282.6006
f 13570 13571 13572
v 741.5071 777.6893 282.6006
v 741.9412 778.8292 282.6584
v 741.6556 778.9849 282.6584
f 13573 13574 13575
v 743.8979 778.0140 282.6003
v 743.4132 779.2242 282.6582
v 743.1786 778.9969 282.6583
f 13576 13577 13578
v 743.4132 779.2242 282.6582
v 743.8979 778.0140 282.6003
v 744.3511 778.4526 282.6002
f 13579 13580 13581
v 743.8979 778.0140 282.6003
v 743.1786 778.9969 282.6583
v 742.8952 778.8366 282.6583
f 13582 13583 13584
v 742.8952 778.8366 282.6583
v 743.3501 777.7043 282.6004
v 743.8979 778.0140 282.6003
f 13585 13586 13587
v 744.5167 777.1712 282.5103
v 744.3511 778.4526 282.6002
v 743.8979 778.0140 282.6003
f 13588 13589 13590
v 744.3511 778.4526 282.6002
v 744.5167 777.1712 282.5103
v 745.1573 777.7905 282.5102
f 13591 13592 13593
v 743.7415 776.7323 282.5105
v 743.8979 778.0140 282.6003
v 743.3501 777.7043 282.6004
f 13594 13595 13596
v 743.8979 778.0140 282.6003
v 743.7415 776.7323 282.5105
v 744.5167 777.1712 282.5103
f 13597 13598 13599
v 742.8849 776.5017 282.5106
v 743.3501 777.7043 282.6004
v 742.7437 777.5410 282.6005
f 13600 13601 13602
v 743.3501 777.7043 282.6004
v 742.8849 776.5017 282.5106
v 743.7415 776.7323 282.5105
f 13603 13604 13605
v 742.7437 777.5410 282.6005
v 742.1167 777.5367 282.6006
v 741.9959 776.4940 282.5107
f 13606 13607 13608
v 741.9959 776.4940 282.5107
v 742.8849 776.5017 282.5106
v 742.7437 777.5410 282.6005
f 13609 13610 13611
v 741.7600 782.4996 282.6000
v 741.7715 781.1956 282.6581
v 742.0718 781.3187 282.6581
f 13612 13613 13614
v 741.7715 781.1956 282.6581
v 741.7600 782.4996 282.6000
v 741.1793 782.2612 282.6001
f 13615 13616 13617
v 742.3940 781.3629 282.6581
v 742.3822 782.5840 282.5999
v 741.7600 782.4996 282.6000
f 13618 13619 13620
v 741.7600 782.4996 282.6000
v 742.0718 781.3187 282.6581
v 742.3940 781.3629 282.6581
f 13621 13622 13623
v 742.7168 781.3251 282.6580
v 743.0060 782.5102 282.5998
v 742.3822 782.5840 282.5999
f 13624 13625 13626
v 742.3822 782.5840 282.5999
v 742.3940 781.3629 282.6581
v 742.7168 781.3251 282.6580
f 13627 13628 13629
v 742.7168 781.3251 282.6580
v 743.5914 782.2807 282.5998
v 743.0060 782.5102 282.5998
f 13630 13631 13632
v 743.5914 782.2807 282.5998
v 742.7168 781.3251 282.6580
v 743.0195 781.2052 282.6580
f 13633 13634 13635
v 743.2840 781.0146 282.6580
v 744.1034 781.9123 282.5998
v 743.5914 782.2807 282.5998
f 13636 13637 13638
v 743.5914 782.2807 282.5998
v 743.0195 781.2052 282.6580
v 743.2840 781.0146 282.6580
f 13639 13640 13641
v 743.4953 780.7630 282.6580
v 744.5081 781.4262 282.5998
v 744.1034 781.9123 282.5998
f 13642 13643 13644
v 744.1034 781.9123 282.5998
v 743.2840 781.0146 282.6580
v 743.4953 780.7630 282.6580
f 13645 13646 13647
v 743.6355 780.4676 282.6580
v 744.7815 780.8545 282.5998
v 744.5081 781.4262 282.5998
f 13648 13649 13650
v 744.5081 781.4262 282.5998
v 743.4953 780.7630 282.6580
v 743.6355 780.4676 282.6580
f 13651 13652 13653
v 743.6996 780.1444 282.6581
v 744.9049 780.2311 282.5999
v 744.7815 780.8545 282.5998
f 13654 13655 13656
v 744.7815 780.8545 282.5998
v 743.6355 780.4676 282.6580
v 743.6996 780.1444 282.6581
f 13657 13658 13659
v 743.0060 782.5102 282.5998
v 743.2537 783.5286 282.5097
v 742.3730 783.6329 282.5098
f 13660 13661 13662
v 742.3730 783.6329 282.5098
v 742.3822 782.5840 282.5999
v 743.0060 782.5102 282.5998
f 13663 13664 13665
v 743.0060 782.5102 282.5998
v 744.0828 783.2044 282.5096
v 743.2537 783.5286 282.5097
f 13666 13667 13668
v 744.0828 783.2044 282.5096
v 743.0060 782.5102 282.5998
v 743.5914 782.2807 282.5998
f 13669 13670 13671
v 744.1034 781.9123 282.5998
v 744.8064 782.6824 282.5096
v 744.0828 783.2044 282.5096
f 13672 13673 13674
v 744.0828 783.2044 282.5096
v 743.5914 782.2807 282.5998
v 744.1034 781.9123 282.5998
f 13675 13676 13677
v 744.1034 781.9123 282.5998
v 745.3786 781.9948 282.5096
v 744.8064 782.6824 282.5096
f 13678 13679 13680
v 745.3786 781.9948 282.5096
v 744.1034 781.9123 282.5998
v 744.5081 781.4262 282.5998
f 13681 13682 13683
v 744.7815 780.8545 282.5998
v 745.7644 781.1869 282.5097
v 745.3786 781.9948 282.5096
f 13684 13685 13686
v 745.3786 781.9948 282.5096
v 744.5081 781.4262 282.5998
v 744.7815 780.8545 282.5998
f 13687 13688 13689
v 744.9049 780.2311 282.5999
v 745.9390 780.3044 282.5098
v 745.7644 781.1869 282.5097
f 13690 13691 13692
v 745.7644 781.1869 282.5097
v 744.7815 780.8545 282.5998
v 744.9049 780.2311 282.5999
f 13693 13694 13695
v 745.8927 779.4086 282.5099
v 744.9049 780.2311 282.5999
v 744.8702 779.5973 282.6000
f 13696 13697 13698
v 744.9049 780.2311 282.5999
v 745.8927 779.4086 282.5099
v 745.9390 780.3044 282.5098
f 13699 13700 13701
v 746.7322 780.3622 282.3907
v 745.8927 779.4086 282.5099
v 746.6762 779.2645 282.3908
f 13702 13703 13704
v 745.8927 779.4086 282.5099
v 746.7322 780.3622 282.3907
v 745.9390 780.3044 282.5098
f 13705 13706 13707
v 739.9501 779.5575 282.6006
v 738.9336 779.3522 282.5107
v 739.2163 778.5005 282.5108
f 13708 13709 13710
v 739.2163 778.5005 282.5108
v 740.1505 778.9549 282.6006
v 739.9501 779.5575 282.6006
f 13711 13712 13713
v 738.8700 780.2474 282.5106
v 739.9501 779.5575 282.6006
v 739.9058 780.1906 282.6005
f 13714 13715 13716
v 739.9501 779.5575 282.6006
v 738.8700 780.2474 282.5106
v 738.9336 779.3522 282.5107
f 13717 13718 13719
v 739.0274 781.1309 282.5105
v 739.9058 780.1906 282.6005
v 740.0175 780.8142 282.6004
f 13720 13721 13722
v 739.9058 780.1906 282.6005
v 739.0274 781.1309 282.5105
v 738.8700 780.2474 282.5106
f 13723 13724 13725
v 739.0274 781.1309 282.5105
v 740.0175 780.8142 282.6004
v 740.2791 781.3916 282.6003
f 13726 13727 13728
v 740.2791 781.3916 282.6003
v 739.3985 781.9459 282.5103
v 739.0274 781.1309 282.5105
f 13729 13730 13731
v 739.9574 782.6434 282.5102
v 740.2791 781.3916 282.6003
v 740.6743 781.8835 282.6002
f 13732 13733 13734
v 740.2791 781.3916 282.6003
v 739.9574 782.6434 282.5102
v 739.3985 781.9459 282.5103
f 13735 13736 13737
v 740.6698 783.1765 282.5100
v 740.6743 781.8835 282.6002
v 741.1793 782.2612 282.6001
f 13738 13739 13740
v 740.6743 781.8835 282.6002
v 740.6698 783.1765 282.5100
v 739.9574 782.6434 282.5102
f 13741 13742 13743
v 741.4927 783.5142 282.5099
v 741.1793 782.2612 282.6001
v 741.7600 782.4996 282.6000
f 13744 13745 13746
v 741.1793 782.2612 282.6001
v 741.4927 783.5142 282.5099
v 740.6698 783.1765 282.5100
f 13747 13748 13749
v 742.3822 782.5840 282.5999
v 742.3730 783.6329 282.5098
v 741.4927 783.5142 282.5099
f 13750 13751 13752
v 741.4927 783.5142 282.5099
v 741.7600 782.4996 282.6000
v 742.3822 782.5840 282.5999
f 13753 13754 13755
v 741.5071 777.6893 282.6006
v 741.1345 776.7103 282.5108
v 741.9959 776.4940 282.5107
f 13756 13757 13758
v 741.9959 776.4940 282.5107
v 742.1167 777.5367 282.6006
v 741.5071 777.6893 282.6006
f 13759 13760 13761
v 740.9539 777.9908 282.6006
v 740.3526 777.1375 282.5108
v 741.1345 776.7103 282.5108
f 13762 13763 13764
v 741.1345 776.7103 282.5108
v 741.5071 777.6893 282.6006
v 740.9539 777.9908 282.6006
f 13765 13766 13767
v 740.4920 778.4220 282.6006
v 739.6992 777.7461 282.5108
v 740.3526 777.1375 282.5108
f 13768 13769 13770
v 740.3526 777.1375 282.5108
v 740.9539 777.9908 282.6006
v 740.4920 778.4220 282.6006
f 13771 13772 13773
v 740.4920 778.4220 282.6006
v 739.2163 778.5005 282.5108
v 739.6992 777.7461 282.5108
f 13774 13775 13776
v 739.2163 778.5005 282.5108
v 740.4920 778.4220 282.6006
v 740.1505 778.9549 282.6006
f 13777 13778 13779
v 744.0425 775.9865 282.3915
v 742.8849 776.5017 282.5106
v 742.9918 775.7044 282.3917
f 13780 13781 13782
v 742.8849 776.5017 282.5106
v 744.0425 775.9865 282.3915
v 743.7415 776.7323 282.5105
f 13783 13784 13785
v 742.9918 775.7044 282.3917
v 741.9959 776.4940 282.5107
v 741.9038 775.6942 282.3918
f 13786 13787 13788
v 741.9959 776.4940 282.5107
v 742.9918 775.7044 282.3917
v 742.8849 776.5017 282.5106
f 13789 13790 13791
v 741.9959 776.4940 282.5107
v 741.1345 776.7103 282.5108
v 740.8485 775.9600 282.3919
f 13792 13793 13794
v 740.8485 775.9600 282.3919
v 741.9038 775.6942 282.3918
v 741.9959 776.4940 282.5107
f 13795 13796 13797
v 741.1345 776.7103 282.5108
v 740.3526 777.1375 282.5108
v 739.8909 776.4826 282.3919
f 13798 13799 13800
v 739.8909 776.4826 282.3919
v 740.8485 775.9600 282.3919
v 741.1345 776.7103 282.5108
f 13801 13802 13803
v 740.3526 777.1375 282.5108
v 739.6992 777.7461 282.5108
v 739.0909 777.2278 282.3919
f 13804 13805 13806
v 739.0909 777.2278 282.3919
v 739.8909 776.4826 282.3919
v 740.3526 777.1375 282.5108
f 13807 13808 13809
v 739.6992 777.7461 282.5108
v 739.2163 778.5005 282.5108
v 738.4994 778.1523 282.3919
f 13810 13811 13812
v 738.4994 778.1523 282.3919
v 739.0909 777.2278 282.3919
v 739.6992 777.7461 282.5108
f 13813 13814 13815
v 739.2163 778.5005 282.5108
v 738.9336 779.3522 282.5107
v 738.1531 779.1942 282.3918
f 13816 13817 13818
v 738.1531 779.1942 282.3918
v 738.4994 778.1523 282.3919
v 739.2163 778.5005 282.5108
f 13819 13820 13821
v 738.9336 779.3522 282.5107
v 738.8700 780.2474 282.5106
v 738.0751 780.2924 282.3917
f 13822 13823 13824
v 738.0751 780.2924 282.3917
v 738.1531 779.1942 282.3918
v 738.9336 779.3522 282.5107
f 13825 13826 13827
v 738.0751 780.2924 282.3917
v 739.0274 781.1309 282.5105
v 738.2680 781.3739 282.3915
f 13828 13829 13830
v 739.0274 781.1309 282.5105
v 738.0751 780.2924 282.3917
v 738.8700 780.2474 282.5106
f 13831 13832 13833
v 738.2680 781.3739 282.3915
v 739.3985 781.9459 282.5103
v 738.7217 782.3727 282.3914
f 13834 13835 13836
v 739.3985 781.9459 282.5103
v 738.2680 781.3739 282.3915
v 739.0274 781.1309 282.5105
f 13837 13838 13839
v 738.7217 782.3727 282.3914
v 739.9574 782.6434 282.5102
v 739.4069 783.2259 282.3912
f 13840 13841 13842
v 739.9574 782.6434 282.5102
v 738.7217 782.3727 282.3914
v 739.3985 781.9459 282.5103
f 13843 13844 13845
v 739.4069 783.2259 282.3912
v 740.6698 783.1765 282.5100
v 740.2797 783.8785 282.3910
f 13846 13847 13848
v 740.6698 783.1765 282.5100
v 739.4069 783.2259 282.3912
v 739.9574 782.6434 282.5102
f 13849 13850 13851
v 740.2797 783.8785 282.3910
v 741.4927 783.5142 282.5099
v 741.2868 784.2918 282.3908
f 13852 13853 13854
v 741.4927 783.5142 282.5099
v 740.2797 783.8785 282.3910
v 740.6698 783.1765 282.5100
f 13855 13856 13857
v 741.4927 783.5142 282.5099
v 742.3730 783.6329 282.5098
v 742.3652 784.4379 282.3907
f 13858 13859 13860
v 742.3652 784.4379 282.3907
v 741.2868 784.2918 282.3908
v 741.4927 783.5142 282.5099
f 13861 13862 13863
v 742.3730 783.6329 282.5098
v 743.2537 783.5286 282.5097
v 743.4448 784.3090 282.3906
f 13864 13865 13866
v 743.4448 784.3090 282.3906
v 742.3652 784.4379 282.3907
v 742.3730 783.6329 282.5098
f 13867 13868 13869
v 743.2537 783.5286 282.5097
v 744.0828 783.2044 282.5096
v 744.4597 783.9123 282.3905
f 13870 13871 13872
v 744.4597 783.9123 282.3905
v 743.4448 784.3090 282.3906
v 743.2537 783.5286 282.5097
f 13873 13874 13875
v 744.0828 783.2044 282.5096
v 744.8064 782.6824 282.5096
v 745.3450 783.2739 282.3905
f 13876 13877 13878
v 745.3450 783.2739 282.3905
v 744.4597 783.9123 282.3905
v 744.0828 783.2044 282.5096
f 13879 13880 13881
v 744.8064 782.6824 282.5096
v 745.3786 781.9948 282.5096
v 746.0467 782.4321 282.3905
f 13882 13883 13884
v 746.0467 782.4321 282.3905
v 745.3450 783.2739 282.3905
v 744.8064 782.6824 282.5096
f 13885 13886 13887
v 745.3786 781.9948 282.5096
v 745.7644 781.1869 282.5097
v 746.5190 781.4408 282.3906
f 13888 13889 13890
v 746.5190 781.4408 282.3906
v 746.0467 782.4321 282.3905
v 745.3786 781.9948 282.5096
f 13891 13892 13893
v 745.7644 781.1869 282.5097
v 745.9390 780.3044 282.5098
v 746.7322 780.3622 282.3907
f 13894 13895 13896
v 746.7322 780.3622 282.3907
v 746.5190 781.4408 282.3906
v 745.7644 781.1869 282.5097
f 13897 13898 13899
v 744.2312 775.5170 282.2546
v 742.9918 775.7044 282.3917
v 743.0584 775.2021 282.2547
f 13900 13901 13902
v 742.9918 775.7044 282.3917
v 744.2312 775.5170 282.2546
v 744.0425 775.9865 282.3915
f 13903 13904 13905
v 743.0584 775.2021 282.2547
v 741.9038 775.6942 282.3918
v 741.8464 775.1924 282.2549
f 13906 13907 13908
v 741.9038 775.6942 282.3918
v 743.0584 775.2021 282.2547
v 742.9918 775.7044 282.3917
f 13909 13910 13911
v 741.9038 775.6942 282.3918
v 740.8485 775.9600 282.3919
v 740.6682 775.4876 282.2550
f 13912 13913 13914
v 740.6682 775.4876 282.2550
v 741.8464 775.1924 282.2549
v 741.9038 775.6942 282.3918
f 13915 13916 13917
v 739.8909 776.4826 282.3919
v 739.0909 777.2278 282.3919
v 738.7080 776.9027 282.2550
f 13918 13919 13920
v 738.7080 776.9027 282.2550
v 739.5997 776.0704 282.2550
v 739.8909 776.4826 282.3919
f 13921 13922 13923
v 739.0909 777.2278 282.3919
v 738.4994 778.1523 282.3919
v 738.0488 777.9326 282.2550
f 13924 13925 13926
v 738.0488 777.9326 282.2550
v 738.7080 776.9027 282.2550
v 739.0909 777.2278 282.3919
f 13927 13928 13929
v 738.4994 778.1523 282.3919
v 738.1531 779.1942 282.3918
v 737.6629 779.0955 282.2549
f 13930 13931 13932
v 737.6629 779.0955 282.2549
v 738.0488 777.9326 282.2550
v 738.4994 778.1523 282.3919
f 13933 13934 13935
v 737.5752 780.3198 282.2547
v 738.2680 781.3739 282.3915
v 737.7904 781.5262 282.2546
f 13936 13937 13938
v 738.2680 781.3739 282.3915
v 737.5752 780.3198 282.2547
v 738.0751 780.2924 282.3917
f 13939 13940 13941
v 737.7904 781.5262 282.2546
v 738.7217 782.3727 282.3914
v 738.2964 782.6398 282.2544
f 13942 13943 13944
v 738.7217 782.3727 282.3914
v 737.7904 781.5262 282.2546
v 738.2680 781.3739 282.3915
f 13945 13946 13947
v 738.2964 782.6398 282.2544
v 739.4069 783.2259 282.3912
v 739.0599 783.5917 282.2542
f 13948 13949 13950
v 739.4069 783.2259 282.3912
v 738.2964 782.6398 282.2544
v 738.7217 782.3727 282.3914
f 13951 13952 13953
v 739.0599 783.5917 282.2542
v 740.2797 783.8785 282.3910
v 740.0349 784.3201 282.2540
f 13954 13955 13956
v 740.2797 783.8785 282.3910
v 739.0599 783.5917 282.2542
v 739.4069 783.2259 282.3912
f 13957 13958 13959
v 740.0349 784.3201 282.2540
v 741.2868 784.2918 282.3908
v 741.1580 784.7811 282.2538
f 13960 13961 13962
v 741.2868 784.2918 282.3908
v 740.0349 784.3201 282.2540
v 740.2797 783.8785 282.3910
f 13963 13964 13965
v 741.1580 784.7811 282.2538
v 742.3652 784.4379 282.3907
v 742.3595 784.9438 282.2536
f 13966 13967 13968
v 742.3652 784.4379 282.3907
v 741.1580 784.7811 282.2538
v 741.2868 784.2918 282.3908
f 13969 13970 13971
v 742.3652 784.4379 282.3907
v 743.4448 784.3090 282.3906
v 743.5641 784.8007 282.2535
f 13972 13973 13974
v 743.5641 784.8007 282.2535
v 742.3595 784.9438 282.2536
v 742.3652 784.4379 282.3907
f 13975 13976 13977
v 743.4448 784.3090 282.3906
v 744.4597 783.9123 282.3905
v 744.6959 784.3576 282.2534
f 13978 13979 13980
v 744.6959 784.3576 282.2534
v 743.5641 784.8007 282.2535
v 743.4448 784.3090 282.3906
f 13981 13982 13983
v 740.8485 775.9600 282.3919
v 739.8909 776.4826 282.3919
v 739.5997 776.0704 282.2550
f 13984 13985 13986
v 739.5997 776.0704 282.2550
v 740.6682 775.4876 282.2550
v 740.8485 775.9600 282.3919
f 13987 13988 13989
v 738.1531 779.1942 282.3918
v 738.0751 780.2924 282.3917
v 737.5752 780.3198 282.2547
f 13990 13991 13992
v 737.5752 780.3198 282.2547
v 737.6629 779.0955 282.2549
v 738.1531 779.1942 282.3918
f 13993 13994 13995
v 738.1516 782.7321 282.1064
v 739.0599 783.5917 282.2542
v 738.9432 783.7160 282.1062
f 13996 13997 13998
v 739.0599 783.5917 282.2542
v 738.1516 782.7321 282.1064
v 738.2964 782.6398 282.2544
f 13999 14000 14001
v 746.4665 782.7070 282.2534
v 745.8003 783.7727 282.1054
v 745.6839 783.6449 282.2534
f 14002 14003 14004
v 745.8003 783.7727 282.1054
v 746.4665 782.7070 282.2534
v 746.6087 782.8005 282.1054
f 14005 14006 14007
v 743.5850 779.5027 282.6581
v 742.4064 780.0519 282.6762
v 743.4132 779.2242 282.6582
f 14008 14009 14010
v 743.6828 779.8155 282.6581
v 743.6996 780.1444 282.6581
v 743.5850 779.5027 282.6581
f 14011 14012 14013
v 742.4064 780.0519 282.6762
v 743.5850 779.5027 282.6581
v 743.6996 780.1444 282.6581
f 14014 14015 14016
v 743.6355 780.4676 282.6580
v 743.2840 781.0146 282.6580
v 743.0195 781.2052 282.6580
f 14017 14018 14019
v 743.4953 780.7630 282.6580
v 743.2840 781.0146 282.6580
v 743.6355 780.4676 282.6580
f 14020 14021 14022
v 743.6996 780.1444 282.6581
v 743.6355 780.4676 282.6580
v 743.0195 781.2052 282.6580
f 14023 14024 14025
v 743.6996 780.1444 282.6581
v 743.0195 781.2052 282.6580
v 742.4064 780.0519 282.6762
f 14026 14027 14028
v 742.4064 780.0519 282.6762
v 742.0718 781.3187 282.6581
v 741.7715 781.1956 282.6581
f 14029 14030 14031
v 742.4064 780.0519 282.6762
v 742.7168 781.3251 282.6580
v 742.3940 781.3629 282.6581
f 14032 14033 14034
v 742.0718 781.3187 282.6581
v 742.4064 780.0519 282.6762
v 742.3940 781.3629 282.6581
f 14035 14036 14037
v 743.0195 781.2052 282.6580
v 742.7168 781.3251 282.6580
v 742.4064 780.0519 282.6762
f 14038 14039 14040
v 741.2389 779.4841 282.6584
v 742.4064 780.0519 282.6762
v 741.1348 779.7953 282.6584
f 14041 14042 14043
v 741.1116 780.1244 282.6584
v 741.1348 779.7953 282.6584
v 742.4064 780.0519 282.6762
f 14044 14045 14046
v 741.6556 778.9849 282.6584
v 742.4064 780.0519 282.6762
v 741.4162 779.2086 282.6584
f 14047 14048 14049
v 741.2389 779.4841 282.6584
v 741.4162 779.2086 282.6584
v 742.4064 780.0519 282.6762
f 14050 14051 14052
v 742.4064 780.0519 282.6762
v 741.5090 781.0002 282.6582
v 741.3053 780.7448 282.6583
f 14053 14054 14055
v 742.4064 780.0519 282.6762
v 741.1695 780.4462 282.6583
v 741.1116 780.1244 282.6584
f 14056 14057 14058
v 741.1695 780.4462 282.6583
v 742.4064 780.0519 282.6762
v 741.3053 780.7448 282.6583
f 14059 14060 14061
v 742.4064 780.0519 282.6762
v 741.7715 781.1956 282.6581
v 741.5090 781.0002 282.6582
f 14062 14063 14064
v 741.9412 778.8292 282.6584
v 742.5809 778.7524 282.6584
v 742.8952 778.8366 282.6583
f 14065 14066 14067
v 742.5809 778.7524 282.6584
v 741.9412 778.8292 282.6584
v 742.2559 778.7494 282.6584
f 14068 14069 14070
v 741.9412 778.8292 282.6584
v 742.8952 778.8366 282.6583
v 741.6556 778.9849 282.6584
f 14071 14072 14073
v 741.6556 778.9849 282.6584
v 743.1786 778.9969 282.6583
v 743.4132 779.2242 282.6582
f 14074 14075 14076
v 743.4132 779.2242 282.6582
v 742.4064 780.0519 282.6762
v 741.6556 778.9849 282.6584
f 14077 14078 14079
v 742.8952 778.8366 282.6583
v 743.1786 778.9969 282.6583
v 741.6556 778.9849 282.6584
f 14080 14081 14082
v 746.6052 782.7965 254.9863
v 747.1511 781.6511 254.9864
v 739.4989 775.9256 254.9880
f 14083 14084 14085
v 747.1511 781.6511 254.9864
v 747.3987 780.4064 254.9865
v 740.6043 775.3227 254.9879
f 14086 14087 14088
v 746.9561 777.9277 254.9868
v 743.0784 775.0271 254.9877
v 747.3324 779.1387 254.9867
f 14089 14090 14091
v 741.8234 775.0164 254.9878
v 747.3987 780.4064 254.9865
v 747.3324 779.1387 254.9867
f 14092 14093 14094
v 738.5742 776.7881 254.9880
v 745.7968 783.7687 254.9863
v 746.6052 782.7965 254.9863
f 14095 14096 14097
v 737.4007 780.3252 254.9877
v 742.3545 785.1128 254.9865
v 743.6010 784.9646 254.9864
f 14098 14099 14100
v 743.6010 784.9646 254.9864
v 744.7738 784.5064 254.9863
v 737.4923 779.0580 254.9878
f 14101 14102 14103
v 739.9478 784.4663 254.9869
v 741.1101 784.9432 254.9867
v 738.1482 782.7281 254.9873
f 14104 14105 14106
v 741.1101 784.9432 254.9867
v 742.3545 785.1128 254.9865
v 737.6241 781.5746 254.9875
f 14107 14108 14109
v 745.7968 783.7687 254.9863
v 737.8911 777.8539 254.9879
v 744.7738 784.5064 254.9863
f 14110 14111 14112
v 746.9561 777.9277 254.9868
v 746.2933 776.8494 254.9871
v 744.2923 775.3528 254.9875
f 14113 14114 14115
v 746.9561 777.9277 254.9868
v 744.2923 775.3528 254.9875
v 743.0784 775.0271 254.9877
f 14116 14117 14118
v 747.3324 779.1387 254.9867
v 743.0784 775.0271 254.9877
v 741.8234 775.0164 254.9878
f 14119 14120 14121
v 740.6043 775.3227 254.9879
v 739.4989 775.9256 254.9880
v 747.1511 781.6511 254.9864
f 14122 14123 14124
v 740.6043 775.3227 254.9879
v 747.3987 780.4064 254.9865
v 741.8234 775.0164 254.9878
f 14125 14126 14127
v 746.6052 782.7965 254.9863
v 739.4989 775.9256 254.9880
v 738.5742 776.7881 254.9880
f 14128 14129 14130
v 738.9398 783.7120 254.9871
v 739.9478 784.4663 254.9869
v 738.1482 782.7281 254.9873
f 14131 14132 14133
v 738.1482 782.7281 254.9873
v 741.1101 784.9432 254.9867
v 737.6241 781.5746 254.9875
f 14134 14135 14136
v 737.4007 780.3252 254.9877
v 743.6010 784.9646 254.9864
v 737.4923 779.0580 254.9878
f 14137 14138 14139
v 737.6241 781.5746 254.9875
v 742.3545 785.1128 254.9865
v 737.4007 780.3252 254.9877
f 14140 14141 14142
v 737.4923 779.0580 254.9878
v 744.7738 784.5064 254.9863
v 737.8911 777.8539 254.9879
f 14143 14144 14145
v 745.7968 783.7687 254.9863
v 738.5742 776.7881 254.9880
v 737.8911 777.8539 254.9879
f 14146 14147 14148
v 746.2933 776.8494 254.9871
v 745.3859 775.9739 254.9873
v 744.2923 775.3528 254.9875
f 14149 14150 14151
v 747.3987 780.4064 254.9865
v 747.3359 779.1427 282.1058
v 747.3324 779.1387 254.9867
f 14152 14153 14154
v 747.3324 779.1387 254.9867
v 746.9596 777.9317 282.1059
v 746.9561 777.9277 254.9868
f 14155 14156 14157
v 746.9561 777.9277 254.9868
v 746.2967 776.8534 282.1062
v 746.2933 776.8494 254.9871
f 14158 14159 14160
v 746.2933 776.8494 254.9871
v 745.3894 775.9778 282.1064
v 745.3859 775.9739 254.9873
f 14161 14162 14163
v 745.3859 775.9739 254.9873
v 744.2957 775.3568 282.1066
v 744.2923 775.3528 254.9875
f 14164 14165 14166
v 744.2923 775.3528 254.9875
v 743.0819 775.0311 282.1067
v 743.0784 775.0271 254.9877
f 14167 14168 14169
v 743.0784 775.0271 254.9877
v 741.8269 775.0204 282.1069
v 741.8234 775.0164 254.9878
f 14170 14171 14172
v 741.8234 775.0164 254.9878
v 740.6077 775.3267 282.1070
v 740.6043 775.3227 254.9879
f 14173 14174 14175
v 740.6043 775.3227 254.9879
v 739.5023 775.9296 282.1071
v 739.4989 775.9256 254.9880
f 14176 14177 14178
v 739.4989 775.9256 254.9880
v 738.5777 776.7921 282.1071
v 738.5742 776.7881 254.9880
f 14179 14180 14181
v 738.5742 776.7881 254.9880
v 737.8946 777.8579 282.1070
v 737.8911 777.8539 254.9879
f 14182 14183 14184
v 737.8911 777.8539 254.9879
v 737.4958 779.0620 282.1069
v 737.4923 779.0580 254.9878
f 14185 14186 14187
v 737.4923 779.0580 254.9878
v 737.4042 780.3292 282.1068
v 737.4007 780.3252 254.9877
f 14188 14189 14190
v 737.4007 780.3252 254.9877
v 737.6275 781.5786 282.1066
v 737.6241 781.5746 254.9875
f 14191 14192 14193
v 737.6241 781.5746 254.9875
v 738.1516 782.7321 282.1064
v 738.1482 782.7281 254.9873
f 14194 14195 14196
v 738.1482 782.7281 254.9873
v 738.9432 783.7160 282.1062
v 738.9398 783.7120 254.9871
f 14197 14198 14199
v 738.9398 783.7120 254.9871
v 739.9512 784.4703 282.1060
v 739.9478 784.4663 254.9869
f 14200 14201 14202
v 739.9478 784.4663 254.9869
v 741.1135 784.9472 282.1058
v 741.1101 784.9432 254.9867
f 14203 14204 14205
v 741.1101 784.9432 254.9867
v 742.3580 785.1168 282.1056
v 742.3545 785.1128 254.9865
f 14206 14207 14208
v 742.3545 785.1128 254.9865
v 743.6045 784.9686 282.1055
v 743.6010 784.9646 254.9864
f 14209 14210 14211
v 743.6010 784.9646 254.9864
v 744.7772 784.5104 282.1054
v 744.7738 784.5064 254.9863
f 14212 14213 14214
v 744.7738 784.5064 254.9863
v 745.8003 783.7727 282.1054
v 745.7968 783.7687 254.9863
f 14215 14216 14217
v 745.7968 783.7687 254.9863
v 746.6087 782.8005 282.1054
v 746.6052 782.7965 254.9863
f 14218 14219 14220
v 746.6052 782.7965 254.9863
v 747.1546 781.6551 282.1055
v 747.1511 781.6511 254.9864
f 14221 14222 14223
v 747.1511 781.6511 254.9864
v 747.4023 780.4104 282.1056
v 747.3987 780.4064 254.9865
f 14224 14225 14226

g building_ID_E9527BAD-BC4E-463F-8DD6-38E4AEF2B59A
v 730.4195 789.7188 282.5104
v 731.2979 788.7785 282.6004
v 731.4096 789.4022 282.6003
f 14227 14228 14229
v 731.2979 788.7785 282.6004
v 730.4195 789.7188 282.5104
v 730.2621 788.8353 282.5105
f 14230 14231 14232
v 730.7897 790.5339 282.5103
v 731.4096 789.4022 282.6003
v 731.6711 789.9795 282.6002
f 14233 14234 14235
v 731.4096 789.4022 282.6003
v 730.7897 790.5339 282.5103
v 730.4195 789.7188 282.5104
f 14236 14237 14238
v 731.3495 791.2314 282.5101
v 731.6711 789.9795 282.6002
v 732.0665 790.4714 282.6001
f 14239 14240 14241
v 731.6711 789.9795 282.6002
v 731.3495 791.2314 282.5101
v 730.7897 790.5339 282.5103
f 14242 14243 14244
v 732.0619 791.7644 282.5100
v 732.0665 790.4714 282.6001
v 732.5704 790.8491 282.6000
f 14245 14246 14247
v 732.0665 790.4714 282.6001
v 732.0619 791.7644 282.5100
v 731.3495 791.2314 282.5101
f 14248 14249 14250
v 730.6084 787.0884 282.5107
v 730.3257 787.9402 282.5106
v 729.5453 787.7822 282.3917
f 14251 14252 14253
v 729.5453 787.7822 282.3917
v 729.8915 786.7403 282.3918
v 730.6084 787.0884 282.5107
f 14254 14255 14256
v 730.3257 787.9402 282.5106
v 730.2621 788.8353 282.5105
v 729.4672 788.8805 282.3916
f 14257 14258 14259
v 729.4672 788.8805 282.3916
v 729.5453 787.7822 282.3917
v 730.3257 787.9402 282.5106
f 14260 14261 14262
v 729.4672 788.8805 282.3916
v 730.4195 789.7188 282.5104
v 729.6601 789.9619 282.3915
f 14263 14264 14265
v 730.4195 789.7188 282.5104
v 729.4672 788.8805 282.3916
v 730.2621 788.8353 282.5105
f 14266 14267 14268
v 729.6601 789.9619 282.3915
v 730.7897 790.5339 282.5103
v 730.1138 790.9606 282.3913
f 14269 14270 14271
v 730.7897 790.5339 282.5103
v 729.6601 789.9619 282.3915
v 730.4195 789.7188 282.5104
f 14272 14273 14274
v 733.3880 785.0820 282.5106
v 732.5256 785.2983 282.5107
v 732.2405 784.5480 282.3918
f 14275 14276 14277
v 732.2405 784.5480 282.3918
v 733.2958 784.2822 282.3917
v 733.3880 785.0820 282.5106
f 14278 14279 14280
v 732.5256 785.2983 282.5107
v 731.7448 785.7254 282.5107
v 731.2830 785.0706 282.3919
f 14281 14282 14283
v 731.2830 785.0706 282.3919
v 732.2405 784.5480 282.3918
v 732.5256 785.2983 282.5107
f 14284 14285 14286
v 731.7448 785.7254 282.5107
v 731.0914 786.3341 282.5107
v 730.4820 785.8157 282.3919
f 14287 14288 14289
v 730.4820 785.8157 282.3919
v 731.2830 785.0706 282.3919
v 731.7448 785.7254 282.5107
f 14290 14291 14292
v 731.0914 786.3341 282.5107
v 730.6084 787.0884 282.5107
v 729.8915 786.7403 282.3918
f 14293 14294 14295
v 729.8915 786.7403 282.3918
v 730.4820 785.8157 282.3919
v 731.0914 786.3341 282.5107
f 14296 14297 14298
v 735.6223 784.1050 282.2545
v 734.3829 784.2923 282.3916
v 734.4505 783.7901 282.2547
f 14299 14300 14301
v 734.3829 784.2923 282.3916
v 735.6223 784.1050 282.2545
v 735.4336 784.5745 282.3915
f 14302 14303 14304
v 734.4505 783.7901 282.2547
v 733.2958 784.2822 282.3917
v 733.2385 783.7804 282.2548
f 14305 14306 14307
v 733.2958 784.2822 282.3917
v 734.4505 783.7901 282.2547
v 734.3829 784.2923 282.3916
f 14308 14309 14310
v 733.2958 784.2822 282.3917
v 732.2405 784.5480 282.3918
v 732.0603 784.0755 282.2549
f 14311 14312 14313
v 732.0603 784.0755 282.2549
v 733.2385 783.7804 282.2548
v 733.2958 784.2822 282.3917
f 14314 14315 14316
v 732.2405 784.5480 282.3918
v 731.2830 785.0706 282.3919
v 730.9918 784.6583 282.2550
f 14317 14318 14319
v 730.9918 784.6583 282.2550
v 732.0603 784.0755 282.2549
v 732.2405 784.5480 282.3918
f 14320 14321 14322
v 731.2830 785.0706 282.3919
v 730.4820 785.8157 282.3919
v 730.1001 785.4908 282.2550
f 14323 14324 14325
v 730.1001 785.4908 282.2550
v 730.9918 784.6583 282.2550
v 731.2830 785.0706 282.3919
f 14326 14327 14328
v 730.4820 785.8157 282.3919
v 729.8915 786.7403 282.3918
v 729.4409 786.5205 282.2549
f 14329 14330 14331
v 729.4409 786.5205 282.2549
v 730.1001 785.4908 282.2550
v 730.4820 785.8157 282.3919
f 14332 14333 14334
v 729.8915 786.7403 282.3918
v 729.5453 787.7822 282.3917
v 729.0550 787.6835 282.2548
f 14335 14336 14337
v 729.0550 787.6835 282.2548
v 729.4409 786.5205 282.2549
v 729.8915 786.7403 282.3918
f 14338 14339 14340
v 729.5453 787.7822 282.3917
v 729.4672 788.8805 282.3916
v 728.9673 788.9077 282.2547
f 14341 14342 14343
v 728.9673 788.9077 282.2547
v 729.0550 787.6835 282.2548
v 729.5453 787.7822 282.3917
f 14344 14345 14346
v 728.9673 788.9077 282.2547
v 729.6601 789.9619 282.3915
v 729.1825 790.1141 282.2545
f 14347 14348 14349
v 729.6601 789.9619 282.3915
v 728.9673 788.9077 282.2547
v 729.4672 788.8805 282.3916
f 14350 14351 14352
v 729.1825 790.1141 282.2545
v 730.1138 790.9606 282.3913
v 729.6885 791.2277 282.2543
f 14353 14354 14355
v 730.1138 790.9606 282.3913
v 729.1825 790.1141 282.2545
v 729.6601 789.9619 282.3915
f 14356 14357 14358
v 729.6885 791.2277 282.2543
v 730.7981 791.8138 282.3911
v 730.4520 792.1797 282.2541
f 14359 14360 14361
v 730.7981 791.8138 282.3911
v 729.6885 791.2277 282.2543
v 730.1138 790.9606 282.3913
f 14362 14363 14364
v 730.4520 792.1797 282.2541
v 731.6718 792.4665 282.3909
v 731.4260 792.9081 282.2539
f 14365 14366 14367
v 731.6718 792.4665 282.3909
v 730.4520 792.1797 282.2541
v 730.7981 791.8138 282.3911
f 14368 14369 14370
v 738.3518 786.5196 282.1059
v 737.5562 785.5508 282.2541
v 737.6889 785.4414 282.1061
f 14371 14372 14373
v 737.5562 785.5508 282.2541
v 738.3518 786.5196 282.1059
v 738.1960 786.5920 282.2539
f 14374 14375 14376
v 738.3483 786.5156 255.1268
v 738.3518 786.5196 282.1059
v 737.6889 785.4414 282.1061
f 14377 14378 14379
v 737.6889 785.4414 282.1061
v 736.6789 784.7041 282.2543
v 736.7815 784.5659 282.1063
f 14380 14381 14382
v 736.6789 784.7041 282.2543
v 737.6889 785.4414 282.1061
v 737.5562 785.5508 282.2541
f 14383 14384 14385
v 737.6854 785.4374 255.1270
v 737.6889 785.4414 282.1061
v 736.7815 784.5659 282.1063
f 14386 14387 14388
v 736.7815 784.5659 282.1063
v 735.6223 784.1050 282.2545
v 735.6869 783.9448 282.1065
f 14389 14390 14391
v 735.6223 784.1050 282.2545
v 736.7815 784.5659 282.1063
v 736.6789 784.7041 282.2543
f 14392 14393 14394
v 736.7781 784.5619 255.1272
v 736.7815 784.5659 282.1063
v 735.6869 783.9448 282.1065
f 14395 14396 14397
v 735.6869 783.9448 282.1065
v 734.4505 783.7901 282.2547
v 734.4740 783.6191 282.1067
f 14398 14399 14400
v 734.4505 783.7901 282.2547
v 735.6869 783.9448 282.1065
v 735.6223 784.1050 282.2545
f 14401 14402 14403
v 735.6834 783.9408 255.1274
v 735.6869 783.9448 282.1065
v 734.4740 783.6191 282.1067
f 14404 14405 14406
v 734.4740 783.6191 282.1067
v 733.2385 783.7804 282.2548
v 733.2190 783.6083 282.1068
f 14407 14408 14409
v 733.2385 783.7804 282.2548
v 734.4740 783.6191 282.1067
v 734.4505 783.7901 282.2547
f 14410 14411 14412
v 734.4706 783.6151 255.1276
v 734.4740 783.6191 282.1067
v 733.2190 783.6083 282.1068
f 14413 14414 14415
v 733.2190 783.6083 282.1068
v 732.0603 784.0755 282.2549
v 731.9998 783.9146 282.1069
f 14416 14417 14418
v 732.0603 784.0755 282.2549
v 733.2190 783.6083 282.1068
v 733.2385 783.7804 282.2548
f 14419 14420 14421
v 733.2156 783.6045 255.1277
v 733.2190 783.6083 282.1068
v 731.9998 783.9146 282.1069
f 14422 14423 14424
v 732.0603 784.0755 282.2549
v 730.9918 784.6583 282.2550
v 730.8935 784.5177 282.1070
f 14425 14426 14427
v 730.8935 784.5177 282.1070
v 731.9998 783.9146 282.1069
v 732.0603 784.0755 282.2549
f 14428 14429 14430
v 731.9964 783.9106 255.1278
v 731.9998 783.9146 282.1069
v 730.8935 784.5177 282.1070
f 14431 14432 14433
v 730.9918 784.6583 282.2550
v 730.1001 785.4908 282.2550
v 729.9698 785.3801 282.1070
f 14434 14435 14436
v 729.9698 785.3801 282.1070
v 730.8935 784.5177 282.1070
v 730.9918 784.6583 282.2550
f 14437 14438 14439
v 730.8900 784.5137 255.1279
v 730.8935 784.5177 282.1070
v 729.9698 785.3801 282.1070
f 14440 14441 14442
v 731.4096 789.4022 282.6003
v 732.5038 788.7123 282.6583
v 732.5606 789.0342 282.6582
f 14443 14444 14445
v 732.5038 788.7123 282.6583
v 731.4096 789.4022 282.6003
v 731.2979 788.7785 282.6004
f 14446 14447 14448
v 731.6711 789.9795 282.6002
v 732.5606 789.0342 282.6582
v 732.6965 789.3328 282.6582
f 14449 14450 14451
v 732.5606 789.0342 282.6582
v 731.6711 789.9795 282.6002
v 731.4096 789.4022 282.6003
f 14452 14453 14454
v 732.0665 790.4714 282.6001
v 732.6965 789.3328 282.6582
v 732.9011 789.5883 282.6581
f 14455 14456 14457
v 732.6965 789.3328 282.6582
v 732.0665 790.4714 282.6001
v 731.6711 789.9795 282.6002
f 14458 14459 14460
v 732.5704 790.8491 282.6000
v 732.9011 789.5883 282.6581
v 733.1626 789.7836 282.6581
f 14461 14462 14463
v 732.9011 789.5883 282.6581
v 732.5704 790.8491 282.6000
v 732.0665 790.4714 282.6001
f 14464 14465 14466
v 732.8073 787.7965 282.6584
v 731.8842 787.0100 282.6006
v 732.3460 786.5787 282.6006
f 14467 14468 14469
v 732.3460 786.5787 282.6006
v 733.0467 787.5728 282.6584
v 732.8073 787.7965 282.6584
f 14470 14471 14472
v 732.6310 788.0720 282.6584
v 731.5417 787.5430 282.6005
v 731.8842 787.0100 282.6006
f 14473 14474 14475
v 731.8842 787.0100 282.6006
v 732.8073 787.7965 282.6584
v 732.6310 788.0720 282.6584
f 14476 14477 14478
v 732.6310 788.0720 282.6584
v 731.3423 788.1454 282.6005
v 731.5417 787.5430 282.6005
f 14479 14480 14481
v 731.3423 788.1454 282.6005
v 732.6310 788.0720 282.6584
v 732.5269 788.3832 282.6583
f 14482 14483 14484
v 732.5038 788.7123 282.6583
v 731.2979 788.7785 282.6004
v 731.3423 788.1454 282.6005
f 14485 14486 14487
v 731.3423 788.1454 282.6005
v 732.5269 788.3832 282.6583
v 732.5038 788.7123 282.6583
f 14488 14489 14490
v 731.8842 787.0100 282.6006
v 731.0914 786.3341 282.5107
v 731.7448 785.7254 282.5107
f 14491 14492 14493
v 731.7448 785.7254 282.5107
v 732.3460 786.5787 282.6006
v 731.8842 787.0100 282.6006
f 14494 14495 14496
v 731.5417 787.5430 282.6005
v 730.6084 787.0884 282.5107
v 731.0914 786.3341 282.5107
f 14497 14498 14499
v 731.0914 786.3341 282.5107
v 731.8842 787.0100 282.6006
v 731.5417 787.5430 282.6005
f 14500 14501 14502
v 731.3423 788.1454 282.6005
v 730.3257 787.9402 282.5106
v 730.6084 787.0884 282.5107
f 14503 14504 14505
v 730.6084 787.0884 282.5107
v 731.5417 787.5430 282.6005
v 731.3423 788.1454 282.6005
f 14506 14507 14508
v 730.2621 788.8353 282.5105
v 731.3423 788.1454 282.6005
v 731.2979 788.7785 282.6004
f 14509 14510 14511
v 731.3423 788.1454 282.6005
v 730.2621 788.8353 282.5105
v 730.3257 787.9402 282.5106
f 14512 14513 14514
v 737.1670 785.8708 282.3911
v 735.9088 785.7592 282.5103
v 736.3820 785.1119 282.3913
f 14515 14516 14517
v 735.9088 785.7592 282.5103
v 737.1670 785.8708 282.3911
v 736.5484 786.3785 282.5101
f 14518 14519 14520
v 736.3820 785.1119 282.3913
v 735.1336 785.3203 282.5104
v 735.4336 784.5745 282.3915
f 14521 14522 14523
v 735.1336 785.3203 282.5104
v 736.3820 785.1119 282.3913
v 735.9088 785.7592 282.5103
f 14524 14525 14526
v 737.5562 785.5508 282.2541
v 736.3820 785.1119 282.3913
v 736.6789 784.7041 282.2543
f 14527 14528 14529
v 736.3820 785.1119 282.3913
v 737.5562 785.5508 282.2541
v 737.1670 785.8708 282.3911
f 14530 14531 14532
v 736.6789 784.7041 282.2543
v 735.4336 784.5745 282.3915
v 735.6223 784.1050 282.2545
f 14533 14534 14535
v 735.4336 784.5745 282.3915
v 736.6789 784.7041 282.2543
v 736.3820 785.1119 282.3913
f 14536 14537 14538
v 738.5601 787.7621 282.2537
v 737.7415 786.8043 282.3909
v 738.1960 786.5920 282.2539
f 14539 14540 14541
v 737.7415 786.8043 282.3909
v 738.5601 787.7621 282.2537
v 738.0673 787.8524 282.3908
f 14542 14543 14544
v 738.1960 786.5920 282.2539
v 737.1670 785.8708 282.3911
v 737.5562 785.5508 282.2541
f 14545 14546 14547
v 737.1670 785.8708 282.3911
v 738.1960 786.5920 282.2539
v 737.7415 786.8043 282.3909
f 14548 14549 14550
v 738.7944 788.9983 282.1055
v 738.5601 787.7621 282.2537
v 738.7270 787.7306 282.1057
f 14551 14552 14553
v 738.5601 787.7621 282.2537
v 738.7944 788.9983 282.1055
v 738.6244 788.9859 282.2536
f 14554 14555 14556
v 738.7910 788.9943 255.1264
v 738.7944 788.9983 282.1055
v 738.7270 787.7306 282.1057
f 14557 14558 14559
v 738.5601 787.7621 282.2537
v 738.1960 786.5920 282.2539
v 738.3518 786.5196 282.1059
f 14560 14561 14562
v 738.3518 786.5196 282.1059
v 738.7270 787.7306 282.1057
v 738.5601 787.7621 282.2537
f 14563 14564 14565
v 738.7236 787.7266 255.1266
v 738.7270 787.7306 282.1057
v 738.3518 786.5196 282.1059
f 14566 14567 14568
v 735.7433 787.0407 282.6001
v 734.8053 787.8122 282.6581
v 734.5707 787.5848 282.6582
f 14569 14570 14571
v 734.5707 787.5848 282.6582
v 735.2891 786.6019 282.6002
v 735.7433 787.0407 282.6001
f 14572 14573 14574
v 734.7422 786.2924 282.6003
v 734.5707 787.5848 282.6582
v 734.2863 787.4246 282.6582
f 14575 14576 14577
v 734.5707 787.5848 282.6582
v 734.7422 786.2924 282.6003
v 735.2891 786.6019 282.6002
f 14578 14579 14580
v 735.9088 785.7592 282.5103
v 735.7433 787.0407 282.6001
v 735.2891 786.6019 282.6002
f 14581 14582 14583
v 735.7433 787.0407 282.6001
v 735.9088 785.7592 282.5103
v 736.5484 786.3785 282.5101
f 14584 14585 14586
v 735.1336 785.3203 282.5104
v 735.2891 786.6019 282.6002
v 734.7422 786.2924 282.6003
f 14587 14588 14589
v 735.2891 786.6019 282.6002
v 735.1336 785.3203 282.5104
v 735.9088 785.7592 282.5103
f 14590 14591 14592
v 736.0747 787.5798 282.6000
v 735.0739 788.4034 282.6580
v 734.9771 788.0907 282.6581
f 14593 14594 14595
v 735.0739 788.4034 282.6580
v 736.0747 787.5798 282.6000
v 736.2623 788.1852 282.5999
f 14596 14597 14598
v 735.7433 787.0407 282.6001
v 734.9771 788.0907 282.6581
v 734.8053 787.8122 282.6581
f 14599 14600 14601
v 734.9771 788.0907 282.6581
v 735.7433 787.0407 282.6001
v 736.0747 787.5798 282.6000
f 14602 14603 14604
v 737.0174 787.1412 282.5100
v 736.2623 788.1852 282.5999
v 736.0747 787.5798 282.6000
f 14605 14606 14607
v 736.2623 788.1852 282.5999
v 737.0174 787.1412 282.5100
v 737.2848 787.9965 282.5098
f 14608 14609 14610
v 736.5484 786.3785 282.5101
v 736.0747 787.5798 282.6000
v 735.7433 787.0407 282.6001
f 14611 14612 14613
v 736.0747 787.5798 282.6000
v 736.5484 786.3785 282.5101
v 737.0174 787.1412 282.5100
f 14614 14615 14616
v 738.0673 787.8524 282.3908
v 737.0174 787.1412 282.5100
v 737.7415 786.8043 282.3909
f 14617 14618 14619
v 737.0174 787.1412 282.5100
v 738.0673 787.8524 282.3908
v 737.2848 787.9965 282.5098
f 14620 14621 14622
v 737.7415 786.8043 282.3909
v 736.5484 786.3785 282.5101
v 737.1670 785.8708 282.3911
f 14623 14624 14625
v 736.5484 786.3785 282.5101
v 737.7415 786.8043 282.3909
v 737.0174 787.1412 282.5100
f 14626 14627 14628
v 733.3333 787.4171 282.6584
v 732.8982 786.2773 282.6005
v 733.5078 786.1247 282.6005
f 14629 14630 14631
v 733.5078 786.1247 282.6005
v 733.6481 787.3373 282.6583
v 733.3333 787.4171 282.6584
f 14632 14633 14634
v 733.0467 787.5728 282.6584
v 732.3460 786.5787 282.6006
v 732.8982 786.2773 282.6005
f 14635 14636 14637
v 732.8982 786.2773 282.6005
v 733.3333 787.4171 282.6584
v 733.0467 787.5728 282.6584
f 14638 14639 14640
v 732.8982 786.2773 282.6005
v 732.5256 785.2983 282.5107
v 733.3880 785.0820 282.5106
f 14641 14642 14643
v 733.3880 785.0820 282.5106
v 733.5078 786.1247 282.6005
v 732.8982 786.2773 282.6005
f 14644 14645 14646
v 732.3460 786.5787 282.6006
v 731.7448 785.7254 282.5107
v 732.5256 785.2983 282.5107
f 14647 14648 14649
v 732.5256 785.2983 282.5107
v 732.8982 786.2773 282.6005
v 732.3460 786.5787 282.6006
f 14650 14651 14652
v 734.1358 786.1290 282.6004
v 734.2863 787.4246 282.6582
v 733.9731 787.3404 282.6583
f 14653 14654 14655
v 734.2863 787.4246 282.6582
v 734.1358 786.1290 282.6004
v 734.7422 786.2924 282.6003
f 14656 14657 14658
v 733.9731 787.3404 282.6583
v 733.6481 787.3373 282.6583
v 733.5078 786.1247 282.6005
f 14659 14660 14661
v 733.5078 786.1247 282.6005
v 734.1358 786.1290 282.6004
v 733.9731 787.3404 282.6583
f 14662 14663 14664
v 734.2770 785.0896 282.5105
v 734.7422 786.2924 282.6003
v 734.1358 786.1290 282.6004
f 14665 14666 14667
v 734.7422 786.2924 282.6003
v 734.2770 785.0896 282.5105
v 735.1336 785.3203 282.5104
f 14668 14669 14670
v 734.1358 786.1290 282.6004
v 733.5078 786.1247 282.6005
v 733.3880 785.0820 282.5106
f 14671 14672 14673
v 733.3880 785.0820 282.5106
v 734.2770 785.0896 282.5105
v 734.1358 786.1290 282.6004
f 14674 14675 14676
v 735.4336 784.5745 282.3915
v 734.2770 785.0896 282.5105
v 734.3829 784.2923 282.3916
f 14677 14678 14679
v 734.2770 785.0896 282.5105
v 735.4336 784.5745 282.3915
v 735.1336 785.3203 282.5104
f 14680 14681 14682
v 734.3829 784.2923 282.3916
v 733.3880 785.0820 282.5106
v 733.2958 784.2822 282.3917
f 14683 14684 14685
v 733.3880 785.0820 282.5106
v 734.3829 784.2923 282.3916
v 734.2770 785.0896 282.5105
f 14686 14687 14688
v 733.1511 791.0876 282.5999
v 733.1626 789.7836 282.6581
v 733.4630 789.9067 282.6580
f 14689 14690 14691
v 733.1626 789.7836 282.6581
v 733.1511 791.0876 282.5999
v 732.5704 790.8491 282.6000
f 14692 14693 14694
v 733.7860 789.9509 282.6580
v 733.7744 791.1719 282.5998
v 733.1511 791.0876 282.5999
f 14695 14696 14697
v 733.1511 791.0876 282.5999
v 733.4630 789.9067 282.6580
v 733.7860 789.9509 282.6580
f 14698 14699 14700
v 733.7860 789.9509 282.6580
v 734.3982 791.0982 282.5998
v 733.7744 791.1719 282.5998
f 14701 14702 14703
v 734.3982 791.0982 282.5998
v 733.7860 789.9509 282.6580
v 734.1080 789.9130 282.6580
f 14704 14705 14706
v 734.4116 789.7932 282.6579
v 734.9835 790.8686 282.5997
v 734.3982 791.0982 282.5998
f 14707 14708 14709
v 734.3982 791.0982 282.5998
v 734.1080 789.9130 282.6580
v 734.4116 789.7932 282.6579
f 14710 14711 14712
v 734.6761 789.6025 282.6579
v 735.4945 790.5002 282.5997
v 734.9835 790.8686 282.5997
f 14713 14714 14715
v 734.9835 790.8686 282.5997
v 734.4116 789.7932 282.6579
v 734.6761 789.6025 282.6579
f 14716 14717 14718
v 734.6761 789.6025 282.6579
v 735.9002 790.0142 282.5997
v 735.4945 790.5002 282.5997
f 14719 14720 14721
v 735.9002 790.0142 282.5997
v 734.6761 789.6025 282.6579
v 734.8865 789.3509 282.6579
f 14722 14723 14724
v 735.0277 789.0555 282.6580
v 736.1737 789.4425 282.5998
v 735.9002 790.0142 282.5997
f 14725 14726 14727
v 735.9002 790.0142 282.5997
v 734.8865 789.3509 282.6579
v 735.0277 789.0555 282.6580
f 14728 14729 14730
v 735.0277 789.0555 282.6580
v 736.2970 788.8192 282.5998
v 736.1737 789.4425 282.5998
f 14731 14732 14733
v 736.2970 788.8192 282.5998
v 735.0277 789.0555 282.6580
v 735.0918 788.7324 282.6580
f 14734 14735 14736
v 732.8838 792.1022 282.5098
v 732.5704 790.8491 282.6000
v 733.1511 791.0876 282.5999
f 14737 14738 14739
v 732.5704 790.8491 282.6000
v 732.8838 792.1022 282.5098
v 732.0619 791.7644 282.5100
f 14740 14741 14742
v 733.7744 791.1719 282.5998
v 733.7641 792.2208 282.5097
v 732.8838 792.1022 282.5098
f 14743 14744 14745
v 732.8838 792.1022 282.5098
v 733.1511 791.0876 282.5999
v 733.7744 791.1719 282.5998
f 14746 14747 14748
v 734.3982 791.0982 282.5998
v 734.6459 792.1165 282.5096
v 733.7641 792.2208 282.5097
f 14749 14750 14751
v 733.7641 792.2208 282.5097
v 733.7744 791.1719 282.5998
v 734.3982 791.0982 282.5998
f 14752 14753 14754
v 734.9835 790.8686 282.5997
v 735.4750 791.7923 282.5096
v 734.6459 792.1165 282.5096
f 14755 14756 14757
v 734.6459 792.1165 282.5096
v 734.3982 791.0982 282.5998
v 734.9835 790.8686 282.5997
f 14758 14759 14760
v 735.4945 790.5002 282.5997
v 736.1985 791.2704 282.5096
v 735.4750 791.7923 282.5096
f 14761 14762 14763
v 735.4750 791.7923 282.5096
v 734.9835 790.8686 282.5997
v 735.4945 790.5002 282.5997
f 14764 14765 14766
v 735.9002 790.0142 282.5997
v 736.7697 790.5829 282.5096
v 736.1985 791.2704 282.5096
f 14767 14768 14769
v 736.1985 791.2704 282.5096
v 735.4945 790.5002 282.5997
v 735.9002 790.0142 282.5997
f 14770 14771 14772
v 736.1737 789.4425 282.5998
v 737.1565 789.7748 282.5096
v 736.7697 790.5829 282.5096
f 14773 14774 14775
v 736.7697 790.5829 282.5096
v 735.9002 790.0142 282.5997
v 736.1737 789.4425 282.5998
f 14776 14777 14778
v 736.2970 788.8192 282.5998
v 737.3302 788.8924 282.5097
v 737.1565 789.7748 282.5096
f 14779 14780 14781
v 737.1565 789.7748 282.5096
v 736.1737 789.4425 282.5998
v 736.2970 788.8192 282.5998
f 14782 14783 14784
v 730.1138 790.9606 282.3913
v 731.3495 791.2314 282.5101
v 730.7981 791.8138 282.3911
f 14785 14786 14787
v 731.3495 791.2314 282.5101
v 730.1138 790.9606 282.3913
v 730.7897 790.5339 282.5103
f 14788 14789 14790
v 730.7981 791.8138 282.3911
v 732.0619 791.7644 282.5100
v 731.6718 792.4665 282.3909
f 14791 14792 14793
v 732.0619 791.7644 282.5100
v 730.7981 791.8138 282.3911
v 731.3495 791.2314 282.5101
f 14794 14795 14796
v 731.6718 792.4665 282.3909
v 732.8838 792.1022 282.5098
v 732.6789 792.8798 282.3908
f 14797 14798 14799
v 732.8838 792.1022 282.5098
v 731.6718 792.4665 282.3909
v 732.0619 791.7644 282.5100
f 14800 14801 14802
v 732.6789 792.8798 282.3908
v 733.7641 792.2208 282.5097
v 733.7563 793.0259 282.3906
f 14803 14804 14805
v 733.7641 792.2208 282.5097
v 732.6789 792.8798 282.3908
v 732.8838 792.1022 282.5098
f 14806 14807 14808
v 733.7641 792.2208 282.5097
v 734.6459 792.1165 282.5096
v 734.8359 792.8970 282.3905
f 14809 14810 14811
v 734.8359 792.8970 282.3905
v 733.7563 793.0259 282.3906
v 733.7641 792.2208 282.5097
f 14812 14813 14814
v 734.6459 792.1165 282.5096
v 735.4750 791.7923 282.5096
v 735.8519 792.5003 282.3904
f 14815 14816 14817
v 735.8519 792.5003 282.3904
v 734.8359 792.8970 282.3905
v 734.6459 792.1165 282.5096
f 14818 14819 14820
v 735.4750 791.7923 282.5096
v 736.1985 791.2704 282.5096
v 736.7371 791.8619 282.3904
f 14821 14822 14823
v 736.7371 791.8619 282.3904
v 735.8519 792.5003 282.3904
v 735.4750 791.7923 282.5096
f 14824 14825 14826
v 736.1985 791.2704 282.5096
v 736.7697 790.5829 282.5096
v 737.4389 791.0200 282.3904
f 14827 14828 14829
v 737.4389 791.0200 282.3904
v 736.7371 791.8619 282.3904
v 736.1985 791.2704 282.5096
f 14830 14831 14832
v 730.1001 785.4908 282.2550
v 729.4409 786.5205 282.2549
v 729.2867 786.4459 282.1069
f 14833 14834 14835
v 729.2867 786.4459 282.1069
v 729.9698 785.3801 282.1070
v 730.1001 785.4908 282.2550
f 14836 14837 14838
v 729.9664 785.3761 255.1279
v 729.9698 785.3801 282.1070
v 729.2867 786.4459 282.1069
f 14839 14840 14841
v 729.4409 786.5205 282.2549
v 729.0550 787.6835 282.2548
v 728.8869 787.6500 282.1068
f 14842 14843 14844
v 728.8869 787.6500 282.1068
v 729.2867 786.4459 282.1069
v 729.4409 786.5205 282.2549
f 14845 14846 14847
v 729.2833 786.4419 255.1278
v 729.2867 786.4459 282.1069
v 728.8869 787.6500 282.1068
f 14848 14849 14850
v 729.0550 787.6835 282.2548
v 728.9673 788.9077 282.2547
v 728.7953 788.9171 282.1067
f 14851 14852 14853
v 728.7953 788.9171 282.1067
v 728.8869 787.6500 282.1068
v 729.0550 787.6835 282.2548
f 14854 14855 14856
v 728.8835 787.6460 255.1277
v 728.8869 787.6500 282.1068
v 728.7953 788.9171 282.1067
f 14857 14858 14859
v 728.7953 788.9171 282.1067
v 729.1825 790.1141 282.2545
v 729.0186 790.1666 282.1065
f 14860 14861 14862
v 729.1825 790.1141 282.2545
v 728.7953 788.9171 282.1067
v 728.9673 788.9077 282.2547
f 14863 14864 14865
v 728.7919 788.9131 255.1276
v 728.7953 788.9171 282.1067
v 729.0186 790.1666 282.1065
f 14866 14867 14868
v 729.0186 790.1666 282.1065
v 729.6885 791.2277 282.2543
v 729.5437 791.3201 282.1063
f 14869 14870 14871
v 729.6885 791.2277 282.2543
v 729.0186 790.1666 282.1065
v 729.1825 790.1141 282.2545
f 14872 14873 14874
v 729.0152 790.1626 255.1274
v 729.0186 790.1666 282.1065
v 729.5437 791.3201 282.1063
f 14875 14876 14877
v 729.5437 791.3201 282.1063
v 730.4520 792.1797 282.2541
v 730.3343 792.3040 282.1061
f 14878 14879 14880
v 730.4520 792.1797 282.2541
v 729.5437 791.3201 282.1063
v 729.6885 791.2277 282.2543
f 14881 14882 14883
v 729.5403 791.3162 255.1272
v 729.5437 791.3201 282.1063
v 730.3343 792.3040 282.1061
f 14884 14885 14886
v 730.3343 792.3040 282.1061
v 731.4260 792.9081 282.2539
v 731.3433 793.0583 282.1059
f 14887 14888 14889
v 731.4260 792.9081 282.2539
v 730.3343 792.3040 282.1061
v 730.4520 792.1797 282.2541
f 14890 14891 14892
v 730.3309 792.3001 255.1270
v 730.3343 792.3040 282.1061
v 731.3433 793.0583 282.1059
f 14893 14894 14895
v 731.3433 793.0583 282.1059
v 732.5502 793.3691 282.2537
v 732.5056 793.5352 282.1057
f 14896 14897 14898
v 732.5502 793.3691 282.2537
v 731.3433 793.0583 282.1059
v 731.4260 792.9081 282.2539
f 14899 14900 14901
v 731.3400 793.0542 255.1268
v 731.3433 793.0583 282.1059
v 732.5056 793.5352 282.1057
f 14902 14903 14904
v 732.5502 793.3691 282.2537
v 733.7516 793.5319 282.2536
v 733.7500 793.7049 282.1055
f 14905 14906 14907
v 733.7500 793.7049 282.1055
v 732.5056 793.5352 282.1057
v 732.5502 793.3691 282.2537
f 14908 14909 14910
v 732.5022 793.5311 255.1266
v 732.5056 793.5352 282.1057
v 733.7500 793.7049 282.1055
f 14911 14912 14913
v 733.7516 793.5319 282.2536
v 734.9562 793.3886 282.2534
v 734.9966 793.5565 282.1054
f 14914 14915 14916
v 734.9966 793.5565 282.1054
v 733.7500 793.7049 282.1055
v 733.7516 793.5319 282.2536
f 14917 14918 14919
v 733.7467 793.7009 255.1264
v 733.7500 793.7049 282.1055
v 734.9966 793.5565 282.1054
f 14920 14921 14922
v 734.9562 793.3886 282.2534
v 736.0880 792.9456 282.2534
v 736.1694 793.0983 282.1053
f 14923 14924 14925
v 736.1694 793.0983 282.1053
v 734.9966 793.5565 282.1054
v 734.9562 793.3886 282.2534
f 14926 14927 14928
v 734.9932 793.5525 255.1263
v 734.9966 793.5565 282.1054
v 736.1694 793.0983 282.1053
f 14929 14930 14931
v 736.0880 792.9456 282.2534
v 737.0761 792.2330 282.2533
v 737.1924 792.3606 282.1053
f 14932 14933 14934
v 737.1924 792.3606 282.1053
v 736.1694 793.0983 282.1053
v 736.0880 792.9456 282.2534
f 14935 14936 14937
v 736.1660 793.0943 255.1262
v 736.1694 793.0983 282.1053
v 737.1924 792.3606 282.1053
f 14938 14939 14940
v 737.1890 792.3566 255.1262
v 737.1924 792.3606 282.1053
v 738.0008 791.3885 282.1053
f 14941 14942 14943
v 737.8586 791.2949 282.2534
v 738.3856 790.1884 282.2534
v 738.5467 790.2430 282.1054
f 14944 14945 14946
v 738.5467 790.2430 282.1054
v 738.0008 791.3885 282.1053
v 737.8586 791.2949 282.2534
f 14947 14948 14949
v 737.9973 791.3845 255.1262
v 738.0008 791.3885 282.1053
v 738.5467 790.2430 282.1054
f 14950 14951 14952
v 738.3856 790.1884 282.2534
v 738.6244 788.9859 282.2536
v 738.7944 788.9983 282.1055
f 14953 14954 14955
v 738.7944 788.9983 282.1055
v 738.5467 790.2430 282.1054
v 738.3856 790.1884 282.2534
f 14956 14957 14958
v 738.5433 790.2390 255.1263
v 738.5467 790.2430 282.1054
v 738.7944 788.9983 282.1055
f 14959 14960 14961
v 731.4260 792.9081 282.2539
v 732.6789 792.8798 282.3908
v 732.5502 793.3691 282.2537
f 14962 14963 14964
v 732.6789 792.8798 282.3908
v 731.4260 792.9081 282.2539
v 731.6718 792.4665 282.3909
f 14965 14966 14967
v 732.5502 793.3691 282.2537
v 733.7563 793.0259 282.3906
v 733.7516 793.5319 282.2536
f 14968 14969 14970
v 733.7563 793.0259 282.3906
v 732.5502 793.3691 282.2537
v 732.6789 792.8798 282.3908
f 14971 14972 14973
v 733.7563 793.0259 282.3906
v 734.8359 792.8970 282.3905
v 734.9562 793.3886 282.2534
f 14974 14975 14976
v 734.9562 793.3886 282.2534
v 733.7516 793.5319 282.2536
v 733.7563 793.0259 282.3906
f 14977 14978 14979
v 734.8359 792.8970 282.3905
v 735.8519 792.5003 282.3904
v 736.0880 792.9456 282.2534
f 14980 14981 14982
v 736.0880 792.9456 282.2534
v 734.9562 793.3886 282.2534
v 734.8359 792.8970 282.3905
f 14983 14984 14985
v 735.8519 792.5003 282.3904
v 736.7371 791.8619 282.3904
v 737.0761 792.2330 282.2533
f 14986 14987 14988
v 737.0761 792.2330 282.2533
v 736.0880 792.9456 282.2534
v 735.8519 792.5003 282.3904
f 14989 14990 14991
v 736.7371 791.8619 282.3904
v 737.4389 791.0200 282.3904
v 737.8586 791.2949 282.2534
f 14992 14993 14994
v 737.8586 791.2949 282.2534
v 737.0761 792.2330 282.2533
v 736.7371 791.8619 282.3904
f 14995 14996 14997
v 737.4389 791.0200 282.3904
v 737.9112 790.0287 282.3905
v 738.3856 790.1884 282.2534
f 14998 14999 15000
v 738.3856 790.1884 282.2534
v 737.8586 791.2949 282.2534
v 737.4389 791.0200 282.3904
f 15001 15002 15003
v 737.9112 790.0287 282.3905
v 738.1243 788.9503 282.3906
v 738.6244 788.9859 282.2536
f 15004 15005 15006
v 738.6244 788.9859 282.2536
v 738.3856 790.1884 282.2534
v 737.9112 790.0287 282.3905
f 15007 15008 15009
v 736.7697 790.5829 282.5096
v 737.1565 789.7748 282.5096
v 737.9112 790.0287 282.3905
f 15010 15011 15012
v 737.9112 790.0287 282.3905
v 737.4389 791.0200 282.3904
v 736.7697 790.5829 282.5096
f 15013 15014 15015
v 737.1565 789.7748 282.5096
v 737.3302 788.8924 282.5097
v 738.1243 788.9503 282.3906
f 15016 15017 15018
v 738.1243 788.9503 282.3906
v 737.9112 790.0287 282.3905
v 737.1565 789.7748 282.5096
f 15019 15020 15021
v 738.1243 788.9503 282.3906
v 737.2848 787.9965 282.5098
v 738.0673 787.8524 282.3908
f 15022 15023 15024
v 737.2848 787.9965 282.5098
v 738.1243 788.9503 282.3906
v 737.3302 788.8924 282.5097
f 15025 15026 15027
v 738.6244 788.9859 282.2536
v 738.0673 787.8524 282.3908
v 738.5601 787.7621 282.2537
f 15028 15029 15030
v 738.0673 787.8524 282.3908
v 738.6244 788.9859 282.2536
v 738.1243 788.9503 282.3906
f 15031 15032 15033
v 735.0739 788.4034 282.6580
v 736.2623 788.1852 282.5999
v 736.2970 788.8192 282.5998
f 15034 15035 15036
v 736.2970 788.8192 282.5998
v 735.0918 788.7324 282.6580
v 735.0739 788.4034 282.6580
f 15037 15038 15039
v 737.2848 787.9965 282.5098
v 736.2970 788.8192 282.5998
v 736.2623 788.1852 282.5999
f 15040 15041 15042
v 736.2970 788.8192 282.5998
v 737.2848 787.9965 282.5098
v 737.3302 788.8924 282.5097
f 15043 15044 15045
v 737.8586 791.2949 282.2534
v 737.1924 792.3606 282.1053
v 737.0761 792.2330 282.2533
f 15046 15047 15048
v 737.1924 792.3606 282.1053
v 737.8586 791.2949 282.2534
v 738.0008 791.3885 282.1053
f 15049 15050 15051
v 733.9731 787.3404 282.6583
v 733.7986 788.6399 282.6762
v 733.6481 787.3373 282.6583
f 15052 15053 15054
v 734.2863 787.4246 282.6582
v 733.7986 788.6399 282.6762
v 733.9731 787.3404 282.6583
f 15055 15056 15057
v 734.8053 787.8122 282.6581
v 733.7986 788.6399 282.6762
v 734.5707 787.5848 282.6582
f 15058 15059 15060
v 734.2863 787.4246 282.6582
v 734.5707 787.5848 282.6582
v 733.7986 788.6399 282.6762
f 15061 15062 15063
v 733.0467 787.5728 282.6584
v 733.3333 787.4171 282.6584
v 733.7986 788.6399 282.6762
f 15064 15065 15066
v 733.6481 787.3373 282.6583
v 733.7986 788.6399 282.6762
v 733.3333 787.4171 282.6584
f 15067 15068 15069
v 732.6310 788.0720 282.6584
v 732.8073 787.7965 282.6584
v 733.7986 788.6399 282.6762
f 15070 15071 15072
v 733.0467 787.5728 282.6584
v 733.7986 788.6399 282.6762
v 732.8073 787.7965 282.6584
f 15073 15074 15075
v 732.5606 789.0342 282.6582
v 732.6310 788.0720 282.6584
v 732.6965 789.3328 282.6582
f 15076 15077 15078
v 733.7986 788.6399 282.6762
v 732.6965 789.3328 282.6582
v 732.6310 788.0720 282.6584
f 15079 15080 15081
v 732.5269 788.3832 282.6583
v 732.6310 788.0720 282.6584
v 732.5038 788.7123 282.6583
f 15082 15083 15084
v 732.5606 789.0342 282.6582
v 732.5038 788.7123 282.6583
v 732.6310 788.0720 282.6584
f 15085 15086 15087
v 733.4630 789.9067 282.6580
v 733.1626 789.7836 282.6581
v 733.7986 788.6399 282.6762
f 15088 15089 15090
v 732.6965 789.3328 282.6582
v 733.7986 788.6399 282.6762
v 732.9011 789.5883 282.6581
f 15091 15092 15093
v 732.9011 789.5883 282.6581
v 733.7986 788.6399 282.6762
v 733.1626 789.7836 282.6581
f 15094 15095 15096
v 733.7860 789.9509 282.6580
v 733.4630 789.9067 282.6580
v 733.7986 788.6399 282.6762
f 15097 15098 15099
v 734.4116 789.7932 282.6579
v 734.1080 789.9130 282.6580
v 733.7986 788.6399 282.6762
f 15100 15101 15102
v 733.7860 789.9509 282.6580
v 733.7986 788.6399 282.6762
v 734.1080 789.9130 282.6580
f 15103 15104 15105
v 734.8865 789.3509 282.6579
v 734.6761 789.6025 282.6579
v 733.7986 788.6399 282.6762
f 15106 15107 15108
v 734.4116 789.7932 282.6579
v 733.7986 788.6399 282.6762
v 734.6761 789.6025 282.6579
f 15109 15110 15111
v 735.0918 788.7324 282.6580
v 735.0277 789.0555 282.6580
v 733.7986 788.6399 282.6762
f 15112 15113 15114
v 734.8865 789.3509 282.6579
v 733.7986 788.6399 282.6762
v 735.0277 789.0555 282.6580
f 15115 15116 15117
v 734.9771 788.0907 282.6581
v 735.0739 788.4034 282.6580
v 733.7986 788.6399 282.6762
f 15118 15119 15120
v 735.0918 788.7324 282.6580
v 733.7986 788.6399 282.6762
v 735.0739 788.4034 282.6580
f 15121 15122 15123
v 733.7986 788.6399 282.6762
v 734.8053 787.8122 282.6581
v 734.9771 788.0907 282.6581
f 15124 15125 15126
v 738.3483 786.5156 255.1268
v 737.6854 785.4374 255.1270
v 729.9664 785.3761 255.1279
f 15127 15128 15129
v 737.6854 785.4374 255.1270
v 736.7781 784.5619 255.1272
v 730.8900 784.5137 255.1279
f 15130 15131 15132
v 734.4706 783.6151 255.1276
v 731.9964 783.9106 255.1278
v 735.6834 783.9408 255.1274
f 15133 15134 15135
v 731.9964 783.9106 255.1278
v 736.7781 784.5619 255.1272
v 735.6834 783.9408 255.1274
f 15136 15137 15138
v 729.2833 786.4419 255.1278
v 738.7236 787.7266 255.1266
v 738.3483 786.5156 255.1268
f 15139 15140 15141
v 738.5433 790.2390 255.1263
v 738.7910 788.9943 255.1264
v 728.7919 788.9131 255.1276
f 15142 15143 15144
v 738.7236 787.7266 255.1266
v 728.8835 787.6460 255.1277
v 738.7910 788.9943 255.1264
f 15145 15146 15147
v 736.1660 793.0943 255.1262
v 737.1890 792.3566 255.1262
v 730.3309 792.3001 255.1270
f 15148 15149 15150
v 738.5433 790.2390 255.1263
v 729.0152 790.1626 255.1274
v 737.9973 791.3845 255.1262
f 15151 15152 15153
v 737.9973 791.3845 255.1262
v 729.5403 791.3162 255.1272
v 737.1890 792.3566 255.1262
f 15154 15155 15156
v 734.4706 783.6151 255.1276
v 733.2156 783.6045 255.1277
v 731.9964 783.9106 255.1278
f 15157 15158 15159
v 737.6854 785.4374 255.1270
v 730.8900 784.5137 255.1279
v 729.9664 785.3761 255.1279
f 15160 15161 15162
v 738.3483 786.5156 255.1268
v 729.9664 785.3761 255.1279
v 729.2833 786.4419 255.1278
f 15163 15164 15165
v 738.7910 788.9943 255.1264
v 728.8835 787.6460 255.1277
v 728.7919 788.9131 255.1276
f 15166 15167 15168
v 728.8835 787.6460 255.1277
v 738.7236 787.7266 255.1266
v 729.2833 786.4419 255.1278
f 15169 15170 15171
v 738.5433 790.2390 255.1263
v 728.7919 788.9131 255.1276
v 729.0152 790.1626 255.1274
f 15172 15173 15174
v 733.7467 793.7009 255.1264
v 734.9932 793.5525 255.1263
v 732.5022 793.5311 255.1266
f 15175 15176 15177
v 731.3400 793.0542 255.1268
v 732.5022 793.5311 255.1266
v 734.9932 793.5525 255.1263
f 15178 15179 15180
v 731.3400 793.0542 255.1268
v 736.1660 793.0943 255.1262
v 730.3309 792.3001 255.1270
f 15181 15182 15183
v 731.3400 793.0542 255.1268
v 734.9932 793.5525 255.1263
v 736.1660 793.0943 255.1262
f 15184 15185 15186
v 730.3309 792.3001 255.1270
v 737.1890 792.3566 255.1262
v 729.5403 791.3162 255.1272
f 15187 15188 15189
v 737.9973 791.3845 255.1262
v 729.0152 790.1626 255.1274
v 729.5403 791.3162 255.1272
f 15190 15191 15192
v 736.7781 784.5619 255.1272
v 731.9964 783.9106 255.1278
v 730.8900 784.5137 255.1279
f 15193 15194 15195
v 738.3483 786.5156 255.1268
v 737.6889 785.4414 282.1061
v 737.6854 785.4374 255.1270
f 15196 15197 15198
v 737.6854 785.4374 255.1270
v 736.7815 784.5659 282.1063
v 736.7781 784.5619 255.1272
f 15199 15200 15201
v 736.7781 784.5619 255.1272
v 735.6869 783.9448 282.1065
v 735.6834 783.9408 255.1274
f 15202 15203 15204
v 735.6834 783.9408 255.1274
v 734.4740 783.6191 282.1067
v 734.4706 783.6151 255.1276
f 15205 15206 15207
v 734.4706 783.6151 255.1276
v 733.2190 783.6083 282.1068
v 733.2156 783.6045 255.1277
f 15208 15209 15210
v 733.2156 783.6045 255.1277
v 731.9998 783.9146 282.1069
v 731.9964 783.9106 255.1278
f 15211 15212 15213
v 731.9964 783.9106 255.1278
v 730.8935 784.5177 282.1070
v 730.8900 784.5137 255.1279
f 15214 15215 15216
v 730.8900 784.5137 255.1279
v 729.9698 785.3801 282.1070
v 729.9664 785.3761 255.1279
f 15217 15218 15219
v 738.7910 788.9943 255.1264
v 738.7270 787.7306 282.1057
v 738.7236 787.7266 255.1266
f 15220 15221 15222
v 738.7236 787.7266 255.1266
v 738.3518 786.5196 282.1059
v 738.3483 786.5156 255.1268
f 15223 15224 15225
v 729.9664 785.3761 255.1279
v 729.2867 786.4459 282.1069
v 729.2833 786.4419 255.1278
f 15226 15227 15228
v 729.2833 786.4419 255.1278
v 728.8869 787.6500 282.1068
v 728.8835 787.6460 255.1277
f 15229 15230 15231
v 728.8835 787.6460 255.1277
v 728.7953 788.9171 282.1067
v 728.7919 788.9131 255.1276
f 15232 15233 15234
v 728.7919 788.9131 255.1276
v 729.0186 790.1666 282.1065
v 729.0152 790.1626 255.1274
f 15235 15236 15237
v 729.0152 790.1626 255.1274
v 729.5437 791.3201 282.1063
v 729.5403 791.3162 255.1272
f 15238 15239 15240
v 729.5403 791.3162 255.1272
v 730.3343 792.3040 282.1061
v 730.3309 792.3001 255.1270
f 15241 15242 15243
v 730.3309 792.3001 255.1270
v 731.3433 793.0583 282.1059
v 731.3400 793.0542 255.1268
f 15244 15245 15246
v 731.3400 793.0542 255.1268
v 732.5056 793.5352 282.1057
v 732.5022 793.5311 255.1266
f 15247 15248 15249
v 732.5022 793.5311 255.1266
v 733.7500 793.7049 282.1055
v 733.7467 793.7009 255.1264
f 15250 15251 15252
v 733.7467 793.7009 255.1264
v 734.9966 793.5565 282.1054
v 734.9932 793.5525 255.1263
f 15253 15254 15255
v 734.9932 793.5525 255.1263
v 736.1694 793.0983 282.1053
v 736.1660 793.0943 255.1262
f 15256 15257 15258
v 736.1660 793.0943 255.1262
v 737.1924 792.3606 282.1053
v 737.1890 792.3566 255.1262
f 15259 15260 15261
v 737.1890 792.3566 255.1262
v 738.0008 791.3885 282.1053
v 737.9973 791.3845 255.1262
f 15262 15263 15264
v 737.9973 791.3845 255.1262
v 738.5467 790.2430 282.1054
v 738.5433 790.2390 255.1263
f 15265 15266 15267
v 738.5433 790.2390 255.1263
v 738.7944 788.9983 282.1055
v 738.7910 788.9943 255.1264
f 15268 15269 15270

g building_ID_F0D2E39A-2F99-4992-8F34-478832357CF6
v 734.0325 767.9105 255.1166
v 731.3440 776.6345 255.1158
v 735.0550 768.4497 255.1164
f 15271 15272 15273
v 732.8345 771.0836 282.5224
v 733.0979 771.2229 282.5224
v 732.4144 772.1908 282.5413
f 15274 15275 15276
v 732.8345 771.0836 282.5224
v 732.4144 772.1908 282.5413
v 732.5423 771.0134 282.5225
f 15277 15278 15279
v 732.4144 772.1908 282.5413
v 732.2444 771.0182 282.5225
v 732.5423 771.0134 282.5225
f 15280 15281 15282
v 734.0325 767.9105 255.1166
v 729.6342 768.5182 255.1170
v 731.3440 776.6345 255.1158
f 15283 15284 15285
v 732.2444 771.0182 282.5225
v 732.4144 772.1908 282.5413
v 731.9555 771.0950 282.5225
f 15286 15287 15288
v 732.8345 771.0836 282.5224
v 733.2247 770.0525 282.4675
v 733.7354 770.3222 282.4674
f 15289 15290 15291
v 733.7354 770.3222 282.4674
v 733.0979 771.2229 282.5224
v 732.8345 771.0836 282.5224
f 15292 15293 15294
v 733.2247 770.0525 282.4675
v 732.8345 771.0836 282.5224
v 732.5423 771.0134 282.5225
f 15295 15296 15297
v 732.5423 771.0134 282.5225
v 732.6624 769.9170 282.4676
v 733.2247 770.0525 282.4675
f 15298 15299 15300
v 732.9068 767.6385 255.1167
v 729.6342 768.5182 255.1170
v 734.0325 767.9105 255.1166
f 15301 15302 15303
v 732.6624 769.9170 282.4676
v 732.2444 771.0182 282.5225
v 732.0844 769.9246 282.4676
f 15304 15305 15306
v 732.2444 771.0182 282.5225
v 732.6624 769.9170 282.4676
v 732.5423 771.0134 282.5225
f 15307 15308 15309
v 731.5268 770.0731 282.4677
v 732.2444 771.0182 282.5225
v 731.9555 771.0950 282.5225
f 15310 15311 15312
v 732.2444 771.0182 282.5225
v 731.5268 770.0731 282.4677
v 732.0844 769.9246 282.4676
f 15313 15314 15315
v 731.0256 770.3565 282.4677
v 731.9555 771.0950 282.5225
v 731.6959 771.2417 282.5225
f 15316 15317 15318
v 731.9555 771.0950 282.5225
v 731.0256 770.3565 282.4677
v 731.5268 770.0731 282.4677
f 15319 15320 15321
v 730.6107 770.7546 282.4677
v 731.6959 771.2417 282.5225
v 731.4815 771.4473 282.5225
f 15322 15323 15324
v 731.6959 771.2417 282.5225
v 730.6107 770.7546 282.4677
v 731.0256 770.3565 282.4677
f 15325 15326 15327
v 729.6342 768.5182 255.1170
v 728.2020 770.2911 255.1169
v 727.8130 772.5321 255.1167
f 15328 15329 15330
v 730.3110 771.2434 282.4677
v 731.4815 771.4473 282.5225
v 731.3262 771.7006 282.5225
f 15331 15332 15333
v 731.4815 771.4473 282.5225
v 730.3110 771.2434 282.4677
v 730.6107 770.7546 282.4677
f 15334 15335 15336
v 731.2379 771.9839 282.5225
v 730.1414 771.7908 282.4676
v 730.3110 771.2434 282.4677
f 15337 15338 15339
v 730.3110 771.2434 282.4677
v 731.3262 771.7006 282.5225
v 731.2379 771.9839 282.5225
f 15340 15341 15342
v 731.2247 772.2809 282.5225
v 730.1150 772.3639 282.4676
v 730.1414 771.7908 282.4676
f 15343 15344 15345
v 730.1414 771.7908 282.4676
v 731.2379 771.9839 282.5225
v 731.2247 772.2809 282.5225
f 15346 15347 15348
v 731.2855 772.5718 282.5224
v 730.2345 772.9256 282.4675
v 730.1150 772.3639 282.4676
f 15349 15350 15351
v 730.1150 772.3639 282.4676
v 731.2247 772.2809 282.5225
v 731.2855 772.5718 282.5224
f 15352 15353 15354
v 731.2855 772.5718 282.5224
v 730.4888 773.4408 282.4674
v 730.2345 772.9256 282.4675
f 15355 15356 15357
v 730.4888 773.4408 282.4674
v 731.2855 772.5718 282.5224
v 731.4172 772.8384 282.5224
f 15358 15359 15360
v 731.6128 773.0648 282.5223
v 730.8670 773.8788 282.4673
v 730.4888 773.4408 282.4674
f 15361 15362 15363
v 730.4888 773.4408 282.4674
v 731.4172 772.8384 282.5224
v 731.6128 773.0648 282.5223
f 15364 15365 15366
v 733.2247 770.0525 282.4675
v 733.5603 769.1666 282.3816
v 734.2834 769.5488 282.3814
f 15367 15368 15369
v 734.2834 769.5488 282.3814
v 733.7354 770.3222 282.4674
v 733.2247 770.0525 282.4675
f 15370 15371 15372
v 732.7649 768.9749 282.3817
v 733.2247 770.0525 282.4675
v 732.6624 769.9170 282.4676
f 15373 15374 15375
v 733.2247 770.0525 282.4675
v 732.7649 768.9749 282.3817
v 733.5603 769.1666 282.3816
f 15376 15377 15378
v 732.6624 769.9170 282.4676
v 732.0844 769.9246 282.4676
v 731.9469 768.9850 282.3818
f 15379 15380 15381
v 731.9469 768.9850 282.3818
v 732.7649 768.9749 282.3817
v 732.6624 769.9170 282.4676
f 15382 15383 15384
v 731.1594 769.1971 282.3818
v 732.0844 769.9246 282.4676
v 731.5268 770.0731 282.4677
f 15385 15386 15387
v 732.0844 769.9246 282.4676
v 731.1594 769.1971 282.3818
v 731.9469 768.9850 282.3818
f 15388 15389 15390
v 730.4505 769.5960 282.3819
v 731.5268 770.0731 282.4677
v 731.0256 770.3565 282.4677
f 15391 15392 15393
v 731.5268 770.0731 282.4677
v 730.4505 769.5960 282.3819
v 731.1594 769.1971 282.3818
f 15394 15395 15396
v 728.8044 769.3144 255.1170
v 728.2020 770.2911 255.1169
v 729.6342 768.5182 255.1170
f 15397 15398 15399
v 730.4505 769.5960 282.3819
v 731.0256 770.3565 282.4677
v 730.6107 770.7546 282.4677
f 15400 15401 15402
v 730.6107 770.7546 282.4677
v 729.8640 770.1596 282.3819
v 730.4505 769.5960 282.3819
f 15403 15404 15405
v 729.4389 770.8507 282.3818
v 730.6107 770.7546 282.4677
v 730.3110 771.2434 282.4677
f 15406 15407 15408
v 730.6107 770.7546 282.4677
v 729.4389 770.8507 282.3818
v 729.8640 770.1596 282.3819
f 15409 15410 15411
v 730.1414 771.7908 282.4676
v 729.2010 771.6243 282.3818
v 729.4389 770.8507 282.3818
f 15412 15413 15414
v 729.4389 770.8507 282.3818
v 730.3110 771.2434 282.4677
v 730.1414 771.7908 282.4676
f 15415 15416 15417
v 734.7187 772.3046 282.4670
v 735.6067 771.5442 282.3810
v 735.6729 772.3520 282.3809
f 15418 15419 15420
v 735.6067 771.5442 282.3810
v 734.7187 772.3046 282.4670
v 734.6722 771.7336 282.4671
f 15421 15422 15423
v 734.4828 771.1902 282.4672
v 735.3396 770.7760 282.3812
v 735.6067 771.5442 282.3810
f 15424 15425 15426
v 735.6067 771.5442 282.3810
v 734.6722 771.7336 282.4671
v 734.4828 771.1902 282.4672
f 15427 15428 15429
v 735.6729 772.3520 282.3809
v 735.6067 771.5442 282.3810
v 736.3233 771.3983 282.2670
f 15430 15431 15432
v 736.3233 771.3983 282.2670
v 736.4049 772.3891 282.2668
v 735.6729 772.3520 282.3809
f 15433 15434 15435
v 735.6067 771.5442 282.3810
v 735.3396 770.7760 282.3812
v 735.9978 770.4581 282.2671
f 15436 15437 15438
v 735.9978 770.4581 282.2671
v 736.3233 771.3983 282.2670
v 735.6067 771.5442 282.3810
f 15439 15440 15441
v 735.3396 770.7760 282.3812
v 734.8898 770.0961 282.3813
v 735.4465 769.6256 282.2673
f 15442 15443 15444
v 735.4465 769.6256 282.2673
v 735.9978 770.4581 282.2671
v 735.3396 770.7760 282.3812
f 15445 15446 15447
v 734.8898 770.0961 282.3813
v 734.2834 769.5488 282.3814
v 734.7037 768.9546 282.2675
f 15448 15449 15450
v 734.7037 768.9546 282.2675
v 735.4465 769.6256 282.2673
v 734.8898 770.0961 282.3813
f 15451 15452 15453
v 734.2834 769.5488 282.3814
v 733.5603 769.1666 282.3816
v 733.8185 768.4870 282.2676
f 15454 15455 15456
v 733.8185 768.4870 282.2676
v 734.7037 768.9546 282.2675
v 734.2834 769.5488 282.3814
f 15457 15458 15459
v 733.8185 768.4870 282.2676
v 732.7649 768.9749 282.3817
v 732.8439 768.2526 282.2678
f 15460 15461 15462
v 732.7649 768.9749 282.3817
v 733.8185 768.4870 282.2676
v 733.5603 769.1666 282.3816
f 15463 15464 15465
v 731.9555 771.0950 282.5225
v 732.4144 772.1908 282.5413
v 731.6959 771.2417 282.5225
f 15466 15467 15468
v 731.6959 771.2417 282.5225
v 732.4144 772.1908 282.5413
v 731.4815 771.4473 282.5225
f 15469 15470 15471
v 731.4815 771.4473 282.5225
v 732.4144 772.1908 282.5413
v 731.3262 771.7006 282.5225
f 15472 15473 15474
v 729.6342 768.5182 255.1170
v 727.8130 772.5321 255.1167
v 731.3440 776.6345 255.1158
f 15475 15476 15477
v 731.3262 771.7006 282.5225
v 732.4144 772.1908 282.5413
v 731.2379 771.9839 282.5225
f 15478 15479 15480
v 731.2247 772.2809 282.5225
v 731.2379 771.9839 282.5225
v 732.4144 772.1908 282.5413
f 15481 15482 15483
v 728.0500 773.6565 255.1165
v 731.3440 776.6345 255.1158
v 727.8130 772.5321 255.1167
f 15484 15485 15486
v 731.2855 772.5718 282.5224
v 731.2247 772.2809 282.5225
v 732.4144 772.1908 282.5413
f 15487 15488 15489
v 731.4172 772.8384 282.5224
v 731.2855 772.5718 282.5224
v 732.4144 772.1908 282.5413
f 15490 15491 15492
v 729.3141 775.5630 255.1162
v 731.3440 776.6345 255.1158
v 728.0500 773.6565 255.1165
f 15493 15494 15495
v 731.6128 773.0648 282.5223
v 731.4172 772.8384 282.5224
v 732.4144 772.1908 282.5413
f 15496 15497 15498
v 731.8583 773.2362 282.5223
v 731.6128 773.0648 282.5223
v 732.4144 772.1908 282.5413
f 15499 15500 15501
v 732.1375 773.3414 282.5222
v 731.8583 773.2362 282.5223
v 732.4144 772.1908 282.5413
f 15502 15503 15504
v 732.1375 773.3414 282.5222
v 732.4144 772.1908 282.5413
v 732.4357 773.3757 282.5222
f 15505 15506 15507
v 732.4357 773.3757 282.5222
v 732.4144 772.1908 282.5413
v 732.7315 773.3339 282.5222
f 15508 15509 15510
v 732.7315 773.3339 282.5222
v 732.4144 772.1908 282.5413
v 733.0082 773.2221 282.5221
f 15511 15512 15513
v 734.7056 776.1695 255.1155
v 736.3484 774.5901 255.1155
v 731.3440 776.6345 255.1158
f 15514 15515 15516
v 733.0082 773.2221 282.5221
v 732.4144 772.1908 282.5413
v 733.2467 773.0435 282.5221
f 15517 15518 15519
v 736.3484 774.5901 255.1155
v 736.8226 773.5449 255.1156
v 731.3440 776.6345 255.1158
f 15520 15521 15522
v 733.2467 773.0435 282.5221
v 732.4144 772.1908 282.5413
v 733.4341 772.8130 282.5221
f 15523 15524 15525
v 733.4341 772.8130 282.5221
v 732.4144 772.1908 282.5413
v 733.5564 772.5427 282.5222
f 15526 15527 15528
v 736.4049 772.3891 282.2668
v 736.3233 771.3983 282.2670
v 736.7750 771.3070 282.1359
f 15529 15530 15531
v 736.7750 771.3070 282.1359
v 736.8650 772.4128 282.1358
v 736.4049 772.3891 282.2668
f 15532 15533 15534
v 736.3233 771.3983 282.2670
v 735.9978 770.4581 282.2671
v 736.4102 770.2580 282.1361
f 15535 15536 15537
v 736.4102 770.2580 282.1361
v 736.7750 771.3070 282.1359
v 736.3233 771.3983 282.2670
f 15538 15539 15540
v 736.5486 770.1847 255.1160
v 735.9120 769.2245 255.1162
v 735.0550 768.4497 255.1164
f 15541 15542 15543
v 735.9978 770.4581 282.2671
v 735.4465 769.6256 282.2673
v 735.7957 769.3297 282.1363
f 15544 15545 15546
v 735.7957 769.3297 282.1363
v 736.4102 770.2580 282.1361
v 735.9978 770.4581 282.2671
f 15547 15548 15549
v 735.4465 769.6256 282.2673
v 734.7037 768.9546 282.2675
v 734.9687 768.5808 282.1365
f 15550 15551 15552
v 734.9687 768.5808 282.1365
v 735.7957 769.3297 282.1363
v 735.4465 769.6256 282.2673
f 15553 15554 15555
v 736.6759 773.5033 282.1357
v 736.8650 772.4128 282.1358
v 737.0229 772.4203 281.9948
f 15556 15557 15558
v 737.0229 772.4203 281.9948
v 736.8260 773.5489 281.9947
v 736.6759 773.5033 282.1357
f 15559 15560 15561
v 736.8226 773.5449 255.1156
v 736.8260 773.5489 281.9947
v 737.0229 772.4203 281.9948
f 15562 15563 15564
v 736.8226 773.5449 255.1156
v 737.0195 772.4164 255.1157
v 736.5486 770.1847 255.1160
f 15565 15566 15567
v 736.8650 772.4128 282.1358
v 736.7750 771.3070 282.1359
v 737.0229 772.4203 281.9948
f 15568 15569 15570
v 736.5486 770.1847 255.1160
v 737.0195 772.4164 255.1157
v 736.9245 771.2726 255.1158
f 15571 15572 15573
v 736.9279 771.2766 281.9949
v 737.0229 772.4203 281.9948
v 736.7750 771.3070 282.1359
f 15574 15575 15576
v 737.0195 772.4164 255.1157
v 737.0229 772.4203 281.9948
v 736.9279 771.2766 281.9949
f 15577 15578 15579
v 736.7750 771.3070 282.1359
v 736.5520 770.1886 281.9951
v 736.9279 771.2766 281.9949
f 15580 15581 15582
v 736.9245 771.2726 255.1158
v 736.9279 771.2766 281.9949
v 736.5520 770.1886 281.9951
f 15583 15584 15585
v 735.2011 775.0463 282.2667
v 735.1990 773.8903 282.3808
v 735.8249 774.2716 282.2667
f 15586 15587 15588
v 735.1990 773.8903 282.3808
v 735.2011 775.0463 282.2667
v 734.6897 774.5226 282.3808
f 15589 15590 15591
v 735.1990 773.8903 282.3808
v 735.5330 773.1514 282.3809
v 736.2355 773.3685 282.2667
f 15592 15593 15594
v 736.2355 773.3685 282.2667
v 735.8249 774.2716 282.2667
v 735.1990 773.8903 282.3808
f 15595 15596 15597
v 735.5330 773.1514 282.3809
v 735.6729 772.3520 282.3809
v 736.4049 772.3891 282.2668
f 15598 15599 15600
v 736.4049 772.3891 282.2668
v 736.2355 773.3685 282.2667
v 735.5330 773.1514 282.3809
f 15601 15602 15603
v 736.2355 773.3685 282.2667
v 736.4049 772.3891 282.2668
v 736.8650 772.4128 282.1358
f 15604 15605 15606
v 736.8650 772.4128 282.1358
v 736.6759 773.5033 282.1357
v 736.2355 773.3685 282.2667
f 15607 15608 15609
v 733.6076 772.2505 282.5222
v 734.7187 772.3046 282.4670
v 734.6203 772.8698 282.4670
f 15610 15611 15612
v 734.6203 772.8698 282.4670
v 733.5564 772.5427 282.5222
v 733.6076 772.2505 282.5222
f 15613 15614 15615
v 735.6729 772.3520 282.3809
v 734.6203 772.8698 282.4670
v 734.7187 772.3046 282.4670
f 15616 15617 15618
v 734.6203 772.8698 282.4670
v 735.6729 772.3520 282.3809
v 735.5330 773.1514 282.3809
f 15619 15620 15621
v 733.6076 772.2505 282.5222
v 733.5564 772.5427 282.5222
v 732.4144 772.1908 282.5413
f 15622 15623 15624
v 733.3204 771.4234 282.5223
v 734.1645 770.7101 282.4673
v 734.4828 771.1902 282.4672
f 15625 15626 15627
v 734.4828 771.1902 282.4672
v 733.4860 771.6729 282.5223
v 733.3204 771.4234 282.5223
f 15628 15629 15630
v 733.0979 771.2229 282.5224
v 733.7354 770.3222 282.4674
v 734.1645 770.7101 282.4673
f 15631 15632 15633
v 734.1645 770.7101 282.4673
v 733.3204 771.4234 282.5223
v 733.0979 771.2229 282.5224
f 15634 15635 15636
v 734.1645 770.7101 282.4673
v 734.8898 770.0961 282.3813
v 735.3396 770.7760 282.3812
f 15637 15638 15639
v 735.3396 770.7760 282.3812
v 734.4828 771.1902 282.4672
v 734.1645 770.7101 282.4673
f 15640 15641 15642
v 733.7354 770.3222 282.4674
v 734.2834 769.5488 282.3814
v 734.8898 770.0961 282.3813
f 15643 15644 15645
v 734.8898 770.0961 282.3813
v 734.1645 770.7101 282.4673
v 733.7354 770.3222 282.4674
f 15646 15647 15648
v 733.3204 771.4234 282.5223
v 733.4860 771.6729 282.5223
v 732.4144 772.1908 282.5413
f 15649 15650 15651
v 733.0979 771.2229 282.5224
v 733.3204 771.4234 282.5223
v 732.4144 772.1908 282.5413
f 15652 15653 15654
v 735.0550 768.4497 255.1164
v 731.3440 776.6345 255.1158
v 736.8226 773.5449 255.1156
f 15655 15656 15657
v 733.5828 771.9547 282.5222
v 733.6076 772.2505 282.5222
v 732.4144 772.1908 282.5413
f 15658 15659 15660
v 733.4860 771.6729 282.5223
v 733.5828 771.9547 282.5222
v 732.4144 772.1908 282.5413
f 15661 15662 15663
v 735.0550 768.4497 255.1164
v 736.8226 773.5449 255.1156
v 736.5486 770.1847 255.1160
f 15664 15665 15666
v 733.5828 771.9547 282.5222
v 734.6722 771.7336 282.4671
v 734.7187 772.3046 282.4670
f 15667 15668 15669
v 734.7187 772.3046 282.4670
v 733.6076 772.2505 282.5222
v 733.5828 771.9547 282.5222
f 15670 15671 15672
v 733.5828 771.9547 282.5222
v 734.4828 771.1902 282.4672
v 734.6722 771.7336 282.4671
f 15673 15674 15675
v 734.4828 771.1902 282.4672
v 733.5828 771.9547 282.5222
v 733.4860 771.6729 282.5223
f 15676 15677 15678
v 731.8583 773.2362 282.5223
v 731.3399 774.2106 282.4672
v 730.8670 773.8788 282.4673
f 15679 15680 15681
v 730.8670 773.8788 282.4673
v 731.6128 773.0648 282.5223
v 731.8583 773.2362 282.5223
f 15682 15683 15684
v 731.8804 774.4151 282.4671
v 731.8583 773.2362 282.5223
v 732.1375 773.3414 282.5222
f 15685 15686 15687
v 731.8583 773.2362 282.5223
v 731.8804 774.4151 282.4671
v 731.3399 774.2106 282.4672
f 15688 15689 15690
v 731.8804 774.4151 282.4671
v 732.1375 773.3414 282.5222
v 732.4357 773.3757 282.5222
f 15691 15692 15693
v 732.4357 773.3757 282.5222
v 732.4556 774.4796 282.4670
v 731.8804 774.4151 282.4671
f 15694 15695 15696
v 733.0284 774.4010 282.4670
v 732.4357 773.3757 282.5222
v 732.7315 773.3339 282.5222
f 15697 15698 15699
v 732.4357 773.3757 282.5222
v 733.0284 774.4010 282.4670
v 732.4556 774.4796 282.4670
f 15700 15701 15702
v 733.0082 773.2221 282.5221
v 733.5608 774.1816 282.4670
v 733.0284 774.4010 282.4670
f 15703 15704 15705
v 733.0284 774.4010 282.4670
v 732.7315 773.3339 282.5222
v 733.0082 773.2221 282.5221
f 15706 15707 15708
v 734.0229 773.8394 282.4669
v 733.0082 773.2221 282.5221
v 733.2467 773.0435 282.5221
f 15709 15710 15711
v 733.0082 773.2221 282.5221
v 734.0229 773.8394 282.4669
v 733.5608 774.1816 282.4670
f 15712 15713 15714
v 734.3836 773.3924 282.4670
v 733.2467 773.0435 282.5221
v 733.4341 772.8130 282.5221
f 15715 15716 15717
v 733.2467 773.0435 282.5221
v 734.3836 773.3924 282.4670
v 734.0229 773.8394 282.4669
f 15718 15719 15720
v 734.6203 772.8698 282.4670
v 733.4341 772.8130 282.5221
v 733.5564 772.5427 282.5222
f 15721 15722 15723
v 733.4341 772.8130 282.5221
v 734.6203 772.8698 282.4670
v 734.3836 773.3924 282.4670
f 15724 15725 15726
v 731.3399 774.2106 282.4672
v 730.8951 775.0467 282.3812
v 730.2248 774.5786 282.3813
f 15727 15728 15729
v 730.2248 774.5786 282.3813
v 730.8670 773.8788 282.4673
v 731.3399 774.2106 282.4672
f 15730 15731 15732
v 731.8804 774.4151 282.4671
v 731.6609 775.3357 282.3810
v 730.8951 775.0467 282.3812
f 15733 15734 15735
v 730.8951 775.0467 282.3812
v 731.3399 774.2106 282.4672
v 731.8804 774.4151 282.4671
f 15736 15737 15738
v 732.4731 775.4275 282.3809
v 731.8804 774.4151 282.4671
v 732.4556 774.4796 282.4670
f 15739 15740 15741
v 731.8804 774.4151 282.4671
v 732.4731 775.4275 282.3809
v 731.6609 775.3357 282.3810
f 15742 15743 15744
v 733.2818 775.3153 282.3808
v 732.4556 774.4796 282.4670
v 733.0284 774.4010 282.4670
f 15745 15746 15747
v 732.4556 774.4796 282.4670
v 733.2818 775.3153 282.3808
v 732.4731 775.4275 282.3809
f 15748 15749 15750
v 731.3440 776.6345 255.1158
v 732.4932 776.7644 255.1157
v 734.7056 776.1695 255.1155
f 15751 15752 15753
v 734.0369 775.0063 282.3808
v 733.0284 774.4010 282.4670
v 733.5608 774.1816 282.4670
f 15754 15755 15756
v 733.0284 774.4010 282.4670
v 734.0369 775.0063 282.3808
v 733.2818 775.3153 282.3808
f 15757 15758 15759
v 734.6897 774.5226 282.3808
v 733.5608 774.1816 282.4670
v 734.0229 773.8394 282.4669
f 15760 15761 15762
v 733.5608 774.1816 282.4670
v 734.6897 774.5226 282.3808
v 734.0369 775.0063 282.3808
f 15763 15764 15765
v 735.1990 773.8903 282.3808
v 734.0229 773.8394 282.4669
v 734.3836 773.3924 282.4670
f 15766 15767 15768
v 734.0229 773.8394 282.4669
v 735.1990 773.8903 282.3808
v 734.6897 774.5226 282.3808
f 15769 15770 15771
v 734.6203 772.8698 282.4670
v 735.5330 773.1514 282.3809
v 735.1990 773.8903 282.3808
f 15772 15773 15774
v 735.1990 773.8903 282.3808
v 734.3836 773.3924 282.4670
v 734.6203 772.8698 282.4670
f 15775 15776 15777
v 730.1150 772.3639 282.4676
v 729.1641 772.4344 282.3817
v 729.2010 771.6243 282.3818
f 15778 15779 15780
v 729.2010 771.6243 282.3818
v 730.1414 771.7908 282.4676
v 730.1150 772.3639 282.4676
f 15781 15782 15783
v 729.3312 773.2310 282.3816
v 730.1150 772.3639 282.4676
v 730.2345 772.9256 282.4675
f 15784 15785 15786
v 730.1150 772.3639 282.4676
v 729.3312 773.2310 282.3816
v 729.1641 772.4344 282.3817
f 15787 15788 15789
v 730.4888 773.4408 282.4674
v 729.6922 773.9600 282.3814
v 729.3312 773.2310 282.3816
f 15790 15791 15792
v 729.3312 773.2310 282.3816
v 730.2345 772.9256 282.4675
v 730.4888 773.4408 282.4674
f 15793 15794 15795
v 730.8670 773.8788 282.4673
v 730.2248 774.5786 282.3813
v 729.6922 773.9600 282.3814
f 15796 15797 15798
v 729.6922 773.9600 282.3814
v 730.4888 773.4408 282.4674
v 730.8670 773.8788 282.4673
f 15799 15800 15801
v 729.8640 770.1596 282.3819
v 729.4389 770.8507 282.3818
v 728.7701 770.5485 282.2679
f 15802 15803 15804
v 728.7701 770.5485 282.2679
v 729.2918 769.7031 282.2680
v 729.8640 770.1596 282.3819
f 15805 15806 15807
v 729.4389 770.8507 282.3818
v 729.2010 771.6243 282.3818
v 728.4777 771.4982 282.2679
f 15808 15809 15810
v 728.4777 771.4982 282.2679
v 728.7701 770.5485 282.2679
v 729.4389 770.8507 282.3818
f 15811 15812 15813
v 729.2010 771.6243 282.3818
v 729.1641 772.4344 282.3817
v 728.4333 772.4903 282.2677
f 15814 15815 15816
v 728.4333 772.4903 282.2677
v 728.4777 771.4982 282.2679
v 729.2010 771.6243 282.3818
f 15817 15818 15819
v 729.1641 772.4344 282.3817
v 729.3312 773.2310 282.3816
v 728.6379 773.4638 282.2676
f 15820 15821 15822
v 728.6379 773.4638 282.2676
v 728.4333 772.4903 282.2677
v 729.1641 772.4344 282.3817
f 15823 15824 15825
v 732.7649 768.9749 282.3817
v 731.9469 768.9850 282.3818
v 731.8429 768.2652 282.2679
f 15826 15827 15828
v 731.8429 768.2652 282.2679
v 732.8439 768.2526 282.2678
v 732.7649 768.9749 282.3817
f 15829 15830 15831
v 731.8429 768.2652 282.2679
v 731.1594 769.1971 282.3818
v 730.8776 768.5239 282.2679
f 15832 15833 15834
v 731.1594 769.1971 282.3818
v 731.8429 768.2652 282.2679
v 731.9469 768.9850 282.3818
f 15835 15836 15837
v 730.8776 768.5239 282.2679
v 730.4505 769.5960 282.3819
v 730.0090 769.0142 282.2680
f 15838 15839 15840
v 730.4505 769.5960 282.3819
v 730.8776 768.5239 282.2679
v 731.1594 769.1971 282.3818
f 15841 15842 15843
v 730.0090 769.0142 282.2680
v 729.8640 770.1596 282.3819
v 729.2918 769.7031 282.2680
f 15844 15845 15846
v 729.8640 770.1596 282.3819
v 730.0090 769.0142 282.2680
v 730.4505 769.5960 282.3819
f 15847 15848 15849
v 734.7037 768.9546 282.2675
v 733.8185 768.4870 282.2676
v 733.9794 768.0596 282.1366
f 15850 15851 15852
v 733.9794 768.0596 282.1366
v 734.9687 768.5808 282.1365
v 734.7037 768.9546 282.2675
f 15853 15854 15855
v 733.9794 768.0596 282.1366
v 732.8439 768.2526 282.2678
v 732.8927 767.7975 282.1368
f 15856 15857 15858
v 732.8439 768.2526 282.2678
v 733.9794 768.0596 282.1366
v 733.8185 768.4870 282.2676
f 15859 15860 15861
v 732.8439 768.2526 282.2678
v 731.8429 768.2652 282.2679
v 731.7767 767.8115 282.1369
f 15862 15863 15864
v 731.7767 767.8115 282.1369
v 732.8927 767.7975 282.1368
v 732.8439 768.2526 282.2678
f 15865 15866 15867
v 731.7767 767.8115 282.1369
v 730.8776 768.5239 282.2679
v 730.6995 768.1003 282.1370
f 15868 15869 15870
v 730.8776 768.5239 282.2679
v 731.7767 767.8115 282.1369
v 731.8429 768.2652 282.2679
f 15871 15872 15873
v 729.3312 773.2310 282.3816
v 729.6922 773.9600 282.3814
v 729.0803 774.3576 282.2674
f 15874 15875 15876
v 729.0803 774.3576 282.2674
v 728.6379 773.4638 282.2676
v 729.3312 773.2310 282.3816
f 15877 15878 15879
v 729.6922 773.9600 282.3814
v 730.2248 774.5786 282.3813
v 729.7323 775.1148 282.2673
f 15880 15881 15882
v 729.7323 775.1148 282.2673
v 729.0803 774.3576 282.2674
v 729.6922 773.9600 282.3814
f 15883 15884 15885
v 730.2248 774.5786 282.3813
v 730.8951 775.0467 282.3812
v 730.5528 775.6887 282.2671
f 15886 15887 15888
v 730.5528 775.6887 282.2671
v 729.7323 775.1148 282.2673
v 730.2248 774.5786 282.3813
f 15889 15890 15891
v 730.8951 775.0467 282.3812
v 731.6609 775.3357 282.3810
v 731.4908 776.0421 282.2670
f 15892 15893 15894
v 731.4908 776.0421 282.2670
v 730.5528 775.6887 282.2671
v 730.8951 775.0467 282.3812
f 15895 15896 15897
v 731.4908 776.0421 282.2670
v 732.4731 775.4275 282.3809
v 732.4860 776.1544 282.2668
f 15898 15899 15900
v 732.4731 775.4275 282.3809
v 731.4908 776.0421 282.2670
v 731.6609 775.3357 282.3810
f 15901 15902 15903
v 732.4860 776.1544 282.2668
v 733.2818 775.3153 282.3808
v 733.4777 776.0168 282.2667
f 15904 15905 15906
v 733.2818 775.3153 282.3808
v 732.4860 776.1544 282.2668
v 732.4731 775.4275 282.3809
f 15907 15908 15909
v 733.4777 776.0168 282.2667
v 734.0369 775.0063 282.3808
v 734.4016 775.6393 282.2667
f 15910 15911 15912
v 734.0369 775.0063 282.3808
v 733.4777 776.0168 282.2667
v 733.2818 775.3153 282.3808
f 15913 15914 15915
v 734.4016 775.6393 282.2667
v 734.6897 774.5226 282.3808
v 735.2011 775.0463 282.2667
f 15916 15917 15918
v 734.6897 774.5226 282.3808
v 734.4016 775.6393 282.2667
v 734.0369 775.0063 282.3808
f 15919 15920 15921
v 729.7323 775.1148 282.2673
v 730.5528 775.6887 282.2671
v 730.3389 776.0912 282.1361
f 15922 15923 15924
v 730.3389 776.0912 282.1361
v 729.4232 775.4517 282.1363
v 729.7323 775.1148 282.2673
f 15925 15926 15927
v 730.5528 775.6887 282.2671
v 731.4908 776.0421 282.2670
v 731.3840 776.4864 282.1359
f 15928 15929 15930
v 731.3840 776.4864 282.1359
v 730.3389 776.0912 282.1361
v 730.5528 775.6887 282.2671
f 15931 15932 15933
v 731.3840 776.4864 282.1359
v 732.4860 776.1544 282.2668
v 732.4943 776.6124 282.1358
f 15934 15935 15936
v 732.4860 776.1544 282.2668
v 731.3840 776.4864 282.1359
v 731.4908 776.0421 282.2670
f 15937 15938 15939
v 732.4943 776.6124 282.1358
v 733.4777 776.0168 282.2667
v 733.5998 776.4594 282.1357
f 15940 15941 15942
v 733.4777 776.0168 282.2667
v 732.4943 776.6124 282.1358
v 732.4860 776.1544 282.2668
f 15943 15944 15945
v 733.5998 776.4594 282.1357
v 734.4016 775.6393 282.2667
v 734.6297 776.0377 282.1356
f 15946 15947 15948
v 734.4016 775.6393 282.2667
v 733.5998 776.4594 282.1357
v 733.4777 776.0168 282.2667
f 15949 15950 15951
v 734.6297 776.0377 282.1356
v 735.2011 775.0463 282.2667
v 735.5219 775.3753 282.1356
f 15952 15953 15954
v 735.2011 775.0463 282.2667
v 734.6297 776.0377 282.1356
v 734.4016 775.6393 282.2667
f 15955 15956 15957
v 735.5219 775.3753 282.1356
v 735.8249 774.2716 282.2667
v 736.2186 774.5125 282.1356
f 15958 15959 15960
v 735.8249 774.2716 282.2667
v 735.5219 775.3753 282.1356
v 735.2011 775.0463 282.2667
f 15961 15962 15963
v 736.2186 774.5125 282.1356
v 736.2355 773.3685 282.2667
v 736.6759 773.5033 282.1357
f 15964 15965 15966
v 736.2355 773.3685 282.2667
v 736.2186 774.5125 282.1356
v 735.8249 774.2716 282.2667
f 15967 15968 15969
v 730.6995 768.1003 282.1370
v 730.0090 769.0142 282.2680
v 729.7310 768.6469 282.1371
f 15970 15971 15972
v 730.0090 769.0142 282.2680
v 730.6995 768.1003 282.1370
v 730.8776 768.5239 282.2679
f 15973 15974 15975
v 729.7310 768.6469 282.1371
v 729.2918 769.7031 282.2680
v 728.9310 769.4171 282.1371
f 15976 15977 15978
v 729.2918 769.7031 282.2680
v 729.7310 768.6469 282.1371
v 730.0090 769.0142 282.2680
f 15979 15980 15981
v 728.9310 769.4171 282.1371
v 728.7701 770.5485 282.2679
v 728.3496 770.3597 282.1370
f 15982 15983 15984
v 728.7701 770.5485 282.2679
v 728.9310 769.4171 282.1371
v 729.2918 769.7031 282.2680
f 15985 15986 15987
v 728.7701 770.5485 282.2679
v 728.4777 771.4982 282.2679
v 728.0234 771.4174 282.1369
f 15988 15989 15990
v 728.0234 771.4174 282.1369
v 728.3496 770.3597 282.1370
v 728.7701 770.5485 282.2679
f 15991 15992 15993
v 728.4777 771.4982 282.2679
v 728.4333 772.4903 282.2677
v 727.9734 772.5246 282.1368
f 15994 15995 15996
v 727.9734 772.5246 282.1368
v 728.0234 771.4174 282.1369
v 728.4777 771.4982 282.2679
f 15997 15998 15999
v 728.4333 772.4903 282.2677
v 728.6379 773.4638 282.2676
v 728.2023 773.6109 282.1366
f 16000 16001 16002
v 728.2023 773.6109 282.1366
v 727.9734 772.5246 282.1368
v 728.4333 772.4903 282.2677
f 16003 16004 16005
v 728.6379 773.4638 282.2676
v 729.0803 774.3576 282.2674
v 728.6960 774.6076 282.1365
f 16006 16007 16008
v 728.6960 774.6076 282.1365
v 728.2023 773.6109 282.1366
v 728.6379 773.4638 282.2676
f 16009 16010 16011
v 729.0803 774.3576 282.2674
v 729.7323 775.1148 282.2673
v 729.4232 775.4517 282.1363
f 16012 16013 16014
v 729.4232 775.4517 282.1363
v 728.6960 774.6076 282.1365
v 729.0803 774.3576 282.2674
f 16015 16016 16017
v 736.4102 770.2580 282.1361
v 736.5520 770.1886 281.9951
v 736.7750 771.3070 282.1359
f 16018 16019 16020
v 736.5520 770.1886 281.9951
v 735.7957 769.3297 282.1363
v 735.9154 769.2283 281.9953
f 16021 16022 16023
v 735.7957 769.3297 282.1363
v 736.5520 770.1886 281.9951
v 736.4102 770.2580 282.1361
f 16024 16025 16026
v 736.5486 770.1847 255.1160
v 736.5520 770.1886 281.9951
v 735.9154 769.2283 281.9953
f 16027 16028 16029
v 735.9154 769.2283 281.9953
v 734.9687 768.5808 282.1365
v 735.0584 768.4536 281.9955
f 16030 16031 16032
v 734.9687 768.5808 282.1365
v 735.9154 769.2283 281.9953
v 735.7957 769.3297 282.1363
f 16033 16034 16035
v 735.9120 769.2245 255.1162
v 735.9154 769.2283 281.9953
v 735.0584 768.4536 281.9955
f 16036 16037 16038
v 734.9687 768.5808 282.1365
v 733.9794 768.0596 282.1366
v 734.0359 767.9144 281.9957
f 16039 16040 16041
v 734.0359 767.9144 281.9957
v 735.0584 768.4536 281.9955
v 734.9687 768.5808 282.1365
f 16042 16043 16044
v 735.0550 768.4497 255.1164
v 735.0584 768.4536 281.9955
v 734.0359 767.9144 281.9957
f 16045 16046 16047
v 733.9794 768.0596 282.1366
v 732.8927 767.7975 282.1368
v 732.9102 767.6424 281.9958
f 16048 16049 16050
v 732.9102 767.6424 281.9958
v 734.0359 767.9144 281.9957
v 733.9794 768.0596 282.1366
f 16051 16052 16053
v 734.0325 767.9105 255.1166
v 734.0359 767.9144 281.9957
v 732.9102 767.6424 281.9958
f 16054 16055 16056
v 732.8927 767.7975 282.1368
v 731.7767 767.8115 282.1369
v 731.7533 767.6575 281.9959
f 16057 16058 16059
v 731.7533 767.6575 281.9959
v 732.9102 767.6424 281.9958
v 732.8927 767.7975 282.1368
f 16060 16061 16062
v 732.9068 767.6385 255.1167
v 732.9102 767.6424 281.9958
v 731.7533 767.6575 281.9959
f 16063 16064 16065
v 731.7533 767.6575 281.9959
v 730.6995 768.1003 282.1370
v 730.6390 767.9575 281.9960
f 16066 16067 16068
v 730.6995 768.1003 282.1370
v 731.7533 767.6575 281.9959
v 731.7767 767.8115 282.1369
f 16069 16070 16071
v 731.7498 767.6536 255.1169
v 731.7533 767.6575 281.9959
v 730.6390 767.9575 281.9960
f 16072 16073 16074
v 730.6390 767.9575 281.9960
v 729.7310 768.6469 282.1371
v 729.6376 768.5221 281.9961
f 16075 16076 16077
v 729.7310 768.6469 282.1371
v 730.6390 767.9575 281.9960
v 730.6995 768.1003 282.1370
f 16078 16079 16080
v 730.6357 767.9536 255.1169
v 730.6390 767.9575 281.9960
v 729.6376 768.5221 281.9961
f 16081 16082 16083
v 729.6342 768.5182 255.1170
v 729.6376 768.5221 281.9961
v 728.8077 769.3183 281.9961
f 16084 16085 16086
v 728.8077 769.3183 281.9961
v 728.3496 770.3597 282.1370
v 728.2054 770.2950 281.9960
f 16087 16088 16089
v 728.3496 770.3597 282.1370
v 728.8077 769.3183 281.9961
v 728.9310 769.4171 282.1371
f 16090 16091 16092
v 728.8044 769.3144 255.1170
v 728.8077 769.3183 281.9961
v 728.2054 770.2950 281.9960
f 16093 16094 16095
v 728.2054 770.2950 281.9960
v 728.0234 771.4174 282.1369
v 727.8683 771.3908 281.9959
f 16096 16097 16098
v 728.0234 771.4174 282.1369
v 728.2054 770.2950 281.9960
v 728.3496 770.3597 282.1370
f 16099 16100 16101
v 728.2020 770.2911 255.1169
v 728.2054 770.2950 281.9960
v 727.8683 771.3908 281.9959
f 16102 16103 16104
v 728.0234 771.4174 282.1369
v 727.9734 772.5246 282.1368
v 727.8164 772.5359 281.9958
f 16105 16106 16107
v 727.8164 772.5359 281.9958
v 727.8683 771.3908 281.9959
v 728.0234 771.4174 282.1369
f 16108 16109 16110
v 727.8650 771.3869 255.1168
v 727.8683 771.3908 281.9959
v 727.8164 772.5359 281.9958
f 16111 16112 16113
v 727.9734 772.5246 282.1368
v 728.2023 773.6109 282.1366
v 728.0534 773.6603 281.9956
f 16114 16115 16116
v 728.0534 773.6603 281.9956
v 727.8164 772.5359 281.9958
v 727.9734 772.5246 282.1368
f 16117 16118 16119
v 727.8130 772.5321 255.1167
v 727.8164 772.5359 281.9958
v 728.0534 773.6603 281.9956
f 16120 16121 16122
v 728.2023 773.6109 282.1366
v 728.6960 774.6076 282.1365
v 728.5652 774.6929 281.9955
f 16123 16124 16125
v 728.5652 774.6929 281.9955
v 728.0534 773.6603 281.9956
v 728.2023 773.6109 282.1366
f 16126 16127 16128
v 728.0500 773.6565 255.1165
v 728.0534 773.6603 281.9956
v 728.5652 774.6929 281.9955
f 16129 16130 16131
v 728.6960 774.6076 282.1365
v 729.4232 775.4517 282.1363
v 729.3175 775.5669 281.9953
f 16132 16133 16134
v 729.3175 775.5669 281.9953
v 728.5652 774.6929 281.9955
v 728.6960 774.6076 282.1365
f 16135 16136 16137
v 728.5618 774.6890 255.1164
v 728.5652 774.6929 281.9955
v 729.3175 775.5669 281.9953
f 16138 16139 16140
v 729.4232 775.4517 282.1363
v 730.3389 776.0912 282.1361
v 730.2653 776.2294 281.9951
f 16141 16142 16143
v 730.2653 776.2294 281.9951
v 729.3175 775.5669 281.9953
v 729.4232 775.4517 282.1363
f 16144 16145 16146
v 729.3141 775.5630 255.1162
v 729.3175 775.5669 281.9953
v 730.2653 776.2294 281.9951
f 16147 16148 16149
v 730.2653 776.2294 281.9951
v 731.3840 776.4864 282.1359
v 731.3473 776.6385 281.9949
f 16150 16151 16152
v 731.3840 776.4864 282.1359
v 730.2653 776.2294 281.9951
v 730.3389 776.0912 282.1361
f 16153 16154 16155
v 730.2619 776.2255 255.1160
v 730.2653 776.2294 281.9951
v 731.3473 776.6385 281.9949
f 16156 16157 16158
v 731.3473 776.6385 281.9949
v 732.4943 776.6124 282.1358
v 732.4967 776.7684 281.9948
f 16159 16160 16161
v 732.4943 776.6124 282.1358
v 731.3473 776.6385 281.9949
v 731.3840 776.4864 282.1359
f 16162 16163 16164
v 731.3440 776.6345 255.1158
v 731.3473 776.6385 281.9949
v 732.4932 776.7644 255.1157
f 16165 16166 16167
v 732.4967 776.7684 281.9948
v 733.5998 776.4594 282.1357
v 733.6412 776.6093 281.9946
f 16168 16169 16170
v 733.5998 776.4594 282.1357
v 732.4967 776.7684 281.9948
v 732.4943 776.6124 282.1358
f 16171 16172 16173
v 732.4932 776.7644 255.1157
v 732.4967 776.7684 281.9948
v 733.6378 776.6054 255.1155
f 16174 16175 16176
v 733.5998 776.4594 282.1357
v 734.6297 776.0377 282.1356
v 734.7090 776.1735 281.9946
f 16177 16178 16179
v 734.7090 776.1735 281.9946
v 733.6412 776.6093 281.9946
v 733.5998 776.4594 282.1357
f 16180 16181 16182
v 733.6378 776.6054 255.1155
v 733.6412 776.6093 281.9946
v 734.7090 776.1735 281.9946
f 16183 16184 16185
v 734.7090 776.1735 281.9946
v 735.5219 775.3753 282.1356
v 735.6322 775.4870 281.9946
f 16186 16187 16188
v 735.5219 775.3753 282.1356
v 734.7090 776.1735 281.9946
v 734.6297 776.0377 282.1356
f 16189 16190 16191
v 734.7056 776.1695 255.1155
v 734.7090 776.1735 281.9946
v 735.6322 775.4870 281.9946
f 16192 16193 16194
v 735.6322 775.4870 281.9946
v 736.2186 774.5125 282.1356
v 736.3518 774.5941 281.9946
f 16195 16196 16197
v 736.2186 774.5125 282.1356
v 735.6322 775.4870 281.9946
v 735.5219 775.3753 282.1356
f 16198 16199 16200
v 735.6288 775.4831 255.1155
v 735.6322 775.4870 281.9946
v 736.3518 774.5941 281.9946
f 16201 16202 16203
v 736.3518 774.5941 281.9946
v 736.6759 773.5033 282.1357
v 736.8260 773.5489 281.9947
f 16204 16205 16206
v 736.6759 773.5033 282.1357
v 736.3518 774.5941 281.9946
v 736.2186 774.5125 282.1356
f 16207 16208 16209
v 736.3484 774.5901 255.1155
v 736.3518 774.5941 281.9946
v 736.8260 773.5489 281.9947
f 16210 16211 16212
v 729.7310 768.6469 282.1371
v 728.9310 769.4171 282.1371
v 728.8077 769.3183 281.9961
f 16213 16214 16215
v 728.8077 769.3183 281.9961
v 729.6376 768.5221 281.9961
v 729.7310 768.6469 282.1371
f 16216 16217 16218
v 727.8130 772.5321 255.1167
v 728.2020 770.2911 255.1169
v 727.8650 771.3869 255.1168
f 16219 16220 16221
v 728.0500 773.6565 255.1165
v 728.5618 774.6890 255.1164
v 729.3141 775.5630 255.1162
f 16222 16223 16224
v 732.9068 767.6385 255.1167
v 731.7498 767.6536 255.1169
v 730.6357 767.9536 255.1169
f 16225 16226 16227
v 732.9068 767.6385 255.1167
v 730.6357 767.9536 255.1169
v 729.6342 768.5182 255.1170
f 16228 16229 16230
v 731.3440 776.6345 255.1158
v 729.3141 775.5630 255.1162
v 730.2619 776.2255 255.1160
f 16231 16232 16233
v 734.7056 776.1695 255.1155
v 732.4932 776.7644 255.1157
v 733.6378 776.6054 255.1155
f 16234 16235 16236
v 736.3484 774.5901 255.1155
v 734.7056 776.1695 255.1155
v 735.6288 775.4831 255.1155
f 16237 16238 16239
v 736.8226 773.5449 255.1156
v 737.0229 772.4203 281.9948
v 737.0195 772.4164 255.1157
f 16240 16241 16242
v 737.0195 772.4164 255.1157
v 736.9279 771.2766 281.9949
v 736.9245 771.2726 255.1158
f 16243 16244 16245
v 736.9245 771.2726 255.1158
v 736.5520 770.1886 281.9951
v 736.5486 770.1847 255.1160
f 16246 16247 16248
v 736.5486 770.1847 255.1160
v 735.9154 769.2283 281.9953
v 735.9120 769.2245 255.1162
f 16249 16250 16251
v 735.9120 769.2245 255.1162
v 735.0584 768.4536 281.9955
v 735.0550 768.4497 255.1164
f 16252 16253 16254
v 735.0550 768.4497 255.1164
v 734.0359 767.9144 281.9957
v 734.0325 767.9105 255.1166
f 16255 16256 16257
v 734.0325 767.9105 255.1166
v 732.9102 767.6424 281.9958
v 732.9068 767.6385 255.1167
f 16258 16259 16260
v 732.9068 767.6385 255.1167
v 731.7533 767.6575 281.9959
v 731.7498 767.6536 255.1169
f 16261 16262 16263
v 731.7498 767.6536 255.1169
v 730.6390 767.9575 281.9960
v 730.6357 767.9536 255.1169
f 16264 16265 16266
v 730.6357 767.9536 255.1169
v 729.6376 768.5221 281.9961
v 729.6342 768.5182 255.1170
f 16267 16268 16269
v 729.6342 768.5182 255.1170
v 728.8077 769.3183 281.9961
v 728.8044 769.3144 255.1170
f 16270 16271 16272
v 728.8044 769.3144 255.1170
v 728.2054 770.2950 281.9960
v 728.2020 770.2911 255.1169
f 16273 16274 16275
v 728.2020 770.2911 255.1169
v 727.8683 771.3908 281.9959
v 727.8650 771.3869 255.1168
f 16276 16277 16278
v 727.8650 771.3869 255.1168
v 727.8164 772.5359 281.9958
v 727.8130 772.5321 255.1167
f 16279 16280 16281
v 727.8130 772.5321 255.1167
v 728.0534 773.6603 281.9956
v 728.0500 773.6565 255.1165
f 16282 16283 16284
v 728.0500 773.6565 255.1165
v 728.5652 774.6929 281.9955
v 728.5618 774.6890 255.1164
f 16285 16286 16287
v 728.5618 774.6890 255.1164
v 729.3175 775.5669 281.9953
v 729.3141 775.5630 255.1162
f 16288 16289 16290
v 729.3141 775.5630 255.1162
v 730.2653 776.2294 281.9951
v 730.2619 776.2255 255.1160
f 16291 16292 16293
v 730.2619 776.2255 255.1160
v 731.3473 776.6385 281.9949
v 731.3440 776.6345 255.1158
f 16294 16295 16296
v 731.3473 776.6385 281.9949
v 732.4967 776.7684 281.9948
v 732.4932 776.7644 255.1157
f 16297 16298 16299
v 732.4967 776.7684 281.9948
v 733.6412 776.6093 281.9946
v 733.6378 776.6054 255.1155
f 16300 16301 16302
v 733.6378 776.6054 255.1155
v 734.7090 776.1735 281.9946
v 734.7056 776.1695 255.1155
f 16303 16304 16305
v 734.7056 776.1695 255.1155
v 735.6322 775.4870 281.9946
v 735.6288 775.4831 255.1155
f 16306 16307 16308
v 735.6288 775.4831 255.1155
v 736.3518 774.5941 281.9946
v 736.3484 774.5901 255.1155
f 16309 16310 16311
v 736.3484 774.5901 255.1155
v 736.8260 773.5489 281.9947
v 736.8226 773.5449 255.1156
f 16312 16313 16314

g building_ID_D6385DAA-1360-4976-9532-F687783015F3
v 739.2793 869.3138 255.7630
v 739.3465 869.7687 255.7630
v 740.1001 867.7446 255.7631
f 16315 16316 16317
v 739.5246 870.1942 255.7629
v 739.8036 870.5604 255.7628
v 739.3465 869.7687 255.7630
f 16318 16319 16320
v 740.1643 870.8465 255.7627
v 740.9632 867.4443 255.7631
v 739.8036 870.5604 255.7628
f 16321 16322 16323
v 740.1001 867.7446 255.7631
v 739.3465 869.7687 255.7630
v 739.8036 870.5604 255.7628
f 16324 16325 16326
v 740.1643 870.8465 255.7627
v 742.6249 870.3239 255.7625
v 740.9632 867.4443 255.7631
f 16327 16328 16329
v 739.4879 868.4233 255.7631
v 739.3270 868.8557 255.7631
v 739.7508 868.0456 255.7631
f 16330 16331 16332
v 739.7508 868.0456 255.7631
v 739.3270 868.8557 255.7631
v 739.2793 869.3138 255.7630
f 16333 16334 16335
v 740.5125 867.5395 255.7631
v 740.1001 867.7446 255.7631
v 740.9632 867.4443 255.7631
f 16336 16337 16338
v 740.1001 867.7446 255.7631
v 739.7508 868.0456 255.7631
v 739.2793 869.3138 255.7630
f 16339 16340 16341
v 740.1001 867.7446 255.7631
v 739.8036 870.5604 255.7628
v 740.9632 867.4443 255.7631
f 16342 16343 16344
v 741.0391 871.1111 255.7626
v 740.1643 870.8465 255.7627
v 740.5849 871.0343 255.7626
f 16345 16346 16347
v 741.9335 870.9207 255.7625
v 741.0391 871.1111 255.7626
v 741.4980 871.0728 255.7625
f 16348 16349 16350
v 741.9335 870.9207 255.7625
v 742.6249 870.3239 255.7625
v 740.1643 870.8465 255.7627
f 16351 16352 16353
v 742.8102 868.5634 255.7627
v 740.9632 867.4443 255.7631
v 742.6249 870.3239 255.7625
f 16354 16355 16356
v 742.3169 870.6666 255.7625
v 742.6249 870.3239 255.7625
v 741.9335 870.9207 255.7625
f 16357 16358 16359
v 742.8388 869.9153 255.7625
v 742.9436 869.4670 255.7626
v 742.6249 870.3239 255.7625
f 16360 16361 16362
v 742.2583 867.8348 255.7629
v 741.8636 867.5960 255.7630
v 742.5802 868.1640 255.7628
f 16363 16364 16365
v 740.9632 867.4443 255.7631
v 741.8636 867.5960 255.7630
v 741.4233 867.4632 255.7630
f 16366 16367 16368
v 742.8102 868.5634 255.7627
v 742.9436 869.4670 255.7626
v 742.9344 869.0071 255.7626
f 16369 16370 16371
v 742.5802 868.1640 255.7628
v 741.8636 867.5960 255.7630
v 740.9632 867.4443 255.7631
f 16372 16373 16374
v 742.8102 868.5634 255.7627
v 742.5802 868.1640 255.7628
v 740.9632 867.4443 255.7631
f 16375 16376 16377
v 742.8102 868.5634 255.7627
v 742.6249 870.3239 255.7625
v 742.9436 869.4670 255.7626
f 16378 16379 16380
v 741.0391 871.1111 255.7626
v 741.9335 870.9207 255.7625
v 740.1643 870.8465 255.7627
f 16381 16382 16383
v 739.7537 868.0492 278.3124
v 739.3299 868.8593 278.3124
v 739.4907 868.4270 278.3124
f 16384 16385 16386
v 739.7537 868.0492 278.3124
v 739.2821 869.3174 278.3123
v 739.3299 868.8593 278.3124
f 16387 16388 16389
v 740.9661 867.4479 278.3124
v 740.1029 867.7482 278.3124
v 740.5154 867.5432 278.3124
f 16390 16391 16392
v 740.1029 867.7482 278.3124
v 739.2821 869.3174 278.3123
v 739.7537 868.0492 278.3124
f 16393 16394 16395
v 740.9661 867.4479 278.3124
v 739.8065 870.5640 278.3121
v 740.1029 867.7482 278.3124
f 16396 16397 16398
v 739.5275 870.1978 278.3122
v 739.3494 869.7723 278.3123
v 739.8065 870.5640 278.3121
f 16399 16400 16401
v 740.1029 867.7482 278.3124
v 739.3494 869.7723 278.3123
v 739.2821 869.3174 278.3123
f 16402 16403 16404
v 740.1029 867.7482 278.3124
v 739.8065 870.5640 278.3121
v 739.3494 869.7723 278.3123
f 16405 16406 16407
v 739.8065 870.5640 278.3121
v 740.9661 867.4479 278.3124
v 740.1673 870.8501 278.3120
f 16408 16409 16410
v 740.5877 871.0380 278.3119
v 740.1673 870.8501 278.3120
v 741.0419 871.1148 278.3119
f 16411 16412 16413
v 742.6278 870.3275 278.3118
v 740.1673 870.8501 278.3120
v 740.9661 867.4479 278.3124
f 16414 16415 16416
v 740.9661 867.4479 278.3124
v 741.8665 867.5996 278.3123
v 742.5830 868.1676 278.3121
f 16417 16418 16419
v 742.2611 867.8385 278.3122
v 742.5830 868.1676 278.3121
v 741.8665 867.5996 278.3123
f 16420 16421 16422
v 742.8131 868.5670 278.3120
v 742.6278 870.3275 278.3118
v 740.9661 867.4479 278.3124
f 16423 16424 16425
v 742.8131 868.5670 278.3120
v 740.9661 867.4479 278.3124
v 742.5830 868.1676 278.3121
f 16426 16427 16428
v 742.9373 869.0107 278.3119
v 742.9465 869.4707 278.3119
v 742.8131 868.5670 278.3120
f 16429 16430 16431
v 741.5008 871.0765 278.3118
v 741.0419 871.1148 278.3119
v 741.9364 870.9243 278.3118
f 16432 16433 16434
v 741.0419 871.1148 278.3119
v 740.1673 870.8501 278.3120
v 741.9364 870.9243 278.3118
f 16435 16436 16437
v 742.6278 870.3275 278.3118
v 742.9465 869.4707 278.3119
v 742.8417 869.9190 278.3118
f 16438 16439 16440
v 742.6278 870.3275 278.3118
v 742.3197 870.6703 278.3118
v 741.9364 870.9243 278.3118
f 16441 16442 16443
v 741.9364 870.9243 278.3118
v 740.1673 870.8501 278.3120
v 742.6278 870.3275 278.3118
f 16444 16445 16446
v 742.8131 868.5670 278.3120
v 742.9465 869.4707 278.3119
v 742.6278 870.3275 278.3118
f 16447 16448 16449
v 740.9661 867.4479 278.3124
v 741.4261 867.4668 278.3123
v 741.8665 867.5996 278.3123
f 16450 16451 16452
v 742.3169 870.6666 255.7625
v 742.3197 870.6703 278.3118
v 742.6278 870.3275 278.3118
f 16453 16454 16455
v 741.9335 870.9207 255.7625
v 741.9364 870.9243 278.3118
v 742.3197 870.6703 278.3118
f 16456 16457 16458
v 741.4980 871.0728 255.7625
v 741.5008 871.0765 278.3118
v 741.9364 870.9243 278.3118
f 16459 16460 16461
v 741.0391 871.1111 255.7626
v 741.0419 871.1148 278.3119
v 741.5008 871.0765 278.3118
f 16462 16463 16464
v 740.5849 871.0343 255.7626
v 740.5877 871.0380 278.3119
v 741.0419 871.1148 278.3119
f 16465 16466 16467
v 740.1643 870.8465 255.7627
v 740.1673 870.8501 278.3120
v 740.5877 871.0380 278.3119
f 16468 16469 16470
v 739.8036 870.5604 255.7628
v 739.8065 870.5640 278.3121
v 740.1673 870.8501 278.3120
f 16471 16472 16473
v 739.5246 870.1942 255.7629
v 739.5275 870.1978 278.3122
v 739.8065 870.5640 278.3121
f 16474 16475 16476
v 739.3465 869.7687 255.7630
v 739.3494 869.7723 278.3123
v 739.5275 870.1978 278.3122
f 16477 16478 16479
v 739.2793 869.3138 255.7630
v 739.2821 869.3174 278.3123
v 739.3494 869.7723 278.3123
f 16480 16481 16482
v 739.3270 868.8557 255.7631
v 739.3299 868.8593 278.3124
v 739.2821 869.3174 278.3123
f 16483 16484 16485
v 739.4879 868.4233 255.7631
v 739.4907 868.4270 278.3124
v 739.3299 868.8593 278.3124
f 16486 16487 16488
v 739.7508 868.0456 255.7631
v 739.7537 868.0492 278.3124
v 739.4907 868.4270 278.3124
f 16489 16490 16491
v 740.1001 867.7446 255.7631
v 740.1029 867.7482 278.3124
v 739.7537 868.0492 278.3124
f 16492 16493 16494
v 740.5125 867.5395 255.7631
v 740.5154 867.5432 278.3124
v 740.1029 867.7482 278.3124
f 16495 16496 16497
v 740.9632 867.4443 255.7631
v 740.9661 867.4479 278.3124
v 740.5154 867.5432 278.3124
f 16498 16499 16500
v 741.4233 867.4632 255.7630
v 741.4261 867.4668 278.3123
v 740.9661 867.4479 278.3124
f 16501 16502 16503
v 741.8636 867.5960 255.7630
v 741.8665 867.5996 278.3123
v 741.4261 867.4668 278.3123
f 16504 16505 16506
v 742.2583 867.8348 255.7629
v 742.2611 867.8385 278.3122
v 741.8665 867.5996 278.3123
f 16507 16508 16509
v 742.5802 868.1640 255.7628
v 742.5830 868.1676 278.3121
v 742.2611 867.8385 278.3122
f 16510 16511 16512
v 742.8102 868.5634 255.7627
v 742.8131 868.5670 278.3120
v 742.5830 868.1676 278.3121
f 16513 16514 16515
v 742.9344 869.0071 255.7626
v 742.9373 869.0107 278.3119
v 742.8131 868.5670 278.3120
f 16516 16517 16518
v 742.9436 869.4670 255.7626
v 742.9465 869.4707 278.3119
v 742.9373 869.0107 278.3119
f 16519 16520 16521
v 742.8388 869.9153 255.7625
v 742.8417 869.9190 278.3118
v 742.9465 869.4707 278.3119
f 16522 16523 16524
v 742.6249 870.3239 255.7625
v 742.6278 870.3275 278.3118
v 742.8417 869.9190 278.3118
f 16525 16526 16527
v 742.3169 870.6666 255.7625
v 742.6278 870.3275 278.3118
v 742.6249 870.3239 255.7625
f 16528 16529 16530
v 741.9335 870.9207 255.7625
v 742.3197 870.6703 278.3118
v 742.3169 870.6666 255.7625
f 16531 16532 16533
v 741.4980 871.0728 255.7625
v 741.9364 870.9243 278.3118
v 741.9335 870.9207 255.7625
f 16534 16535 16536
v 741.0391 871.1111 255.7626
v 741.5008 871.0765 278.3118
v 741.4980 871.0728 255.7625
f 16537 16538 16539
v 740.5849 871.0343 255.7626
v 741.0419 871.1148 278.3119
v 741.0391 871.1111 255.7626
f 16540 16541 16542
v 740.1643 870.8465 255.7627
v 740.5877 871.0380 278.3119
v 740.5849 871.0343 255.7626
f 16543 16544 16545
v 739.8036 870.5604 255.7628
v 740.1673 870.8501 278.3120
v 740.1643 870.8465 255.7627
f 16546 16547 16548
v 739.5246 870.1942 255.7629
v 739.8065 870.5640 278.3121
v 739.8036 870.5604 255.7628
f 16549 16550 16551
v 739.3465 869.7687 255.7630
v 739.5275 870.1978 278.3122
v 739.5246 870.1942 255.7629
f 16552 16553 16554
v 739.2793 869.3138 255.7630
v 739.3494 869.7723 278.3123
v 739.3465 869.7687 255.7630
f 16555 16556 16557
v 739.3270 868.8557 255.7631
v 739.2821 869.3174 278.3123
v 739.2793 869.3138 255.7630
f 16558 16559 16560
v 739.4879 868.4233 255.7631
v 739.3299 868.8593 278.3124
v 739.3270 868.8557 255.7631
f 16561 16562 16563
v 739.7508 868.0456 255.7631
v 739.4907 868.4270 278.3124
v 739.4879 868.4233 255.7631
f 16564 16565 16566
v 740.1001 867.7446 255.7631
v 739.7537 868.0492 278.3124
v 739.7508 868.0456 255.7631
f 16567 16568 16569
v 740.5125 867.5395 255.7631
v 740.1029 867.7482 278.3124
v 740.1001 867.7446 255.7631
f 16570 16571 16572
v 740.9632 867.4443 255.7631
v 740.5154 867.5432 278.3124
v 740.5125 867.5395 255.7631
f 16573 16574 16575
v 741.4233 867.4632 255.7630
v 740.9661 867.4479 278.3124
v 740.9632 867.4443 255.7631
f 16576 16577 16578
v 741.8636 867.5960 255.7630
v 741.4261 867.4668 278.3123
v 741.4233 867.4632 255.7630
f 16579 16580 16581
v 742.2583 867.8348 255.7629
v 741.8665 867.5996 278.3123
v 741.8636 867.5960 255.7630
f 16582 16583 16584
v 742.5802 868.1640 255.7628
v 742.2611 867.8385 278.3122
v 742.2583 867.8348 255.7629
f 16585 16586 16587
v 742.8102 868.5634 255.7627
v 742.5830 868.1676 278.3121
v 742.5802 868.1640 255.7628
f 16588 16589 16590
v 742.9344 869.0071 255.7626
v 742.8131 868.5670 278.3120
v 742.8102 868.5634 255.7627
f 16591 16592 16593
v 742.9436 869.4670 255.7626
v 742.9373 869.0107 278.3119
v 742.9344 869.0071 255.7626
f 16594 16595 16596
v 742.8388 869.9153 255.7625
v 742.9465 869.4707 278.3119
v 742.9436 869.4670 255.7626
f 16597 16598 16599
v 742.6249 870.3239 255.7625
v 742.8417 869.9190 278.3118
v 742.8388 869.9153 255.7625
f 16600 16601 16602

g building_ID_EE1AB2F7-B2FB-4132-84FE-FB324E514612
v 735.8367 866.8341 255.8578
v 735.9039 867.2889 255.8577
v 736.6574 865.2650 255.8579
f 16603 16604 16605
v 736.0820 867.7144 255.8576
v 736.3611 868.0807 255.8575
v 735.9039 867.2889 255.8577
f 16606 16607 16608
v 736.7218 868.3667 255.8574
v 737.5207 864.9647 255.8578
v 736.3611 868.0807 255.8575
f 16609 16610 16611
v 736.6574 865.2650 255.8579
v 735.9039 867.2889 255.8577
v 736.3611 868.0807 255.8575
f 16612 16613 16614
v 736.7218 868.3667 255.8574
v 739.1824 867.8441 255.8572
v 737.5207 864.9647 255.8578
f 16615 16616 16617
v 736.0453 865.9436 255.8579
v 735.8845 866.3760 255.8578
v 736.3083 865.5659 255.8579
f 16618 16619 16620
v 736.3083 865.5659 255.8579
v 735.8845 866.3760 255.8578
v 735.8367 866.8341 255.8578
f 16621 16622 16623
v 737.0699 865.0599 255.8579
v 736.6574 865.2650 255.8579
v 737.5207 864.9647 255.8578
f 16624 16625 16626
v 736.6574 865.2650 255.8579
v 736.3083 865.5659 255.8579
v 735.8367 866.8341 255.8578
f 16627 16628 16629
v 736.6574 865.2650 255.8579
v 736.3611 868.0807 255.8575
v 737.5207 864.9647 255.8578
f 16630 16631 16632
v 737.5965 868.6314 255.8573
v 736.7218 868.3667 255.8574
v 737.1423 868.5546 255.8574
f 16633 16634 16635
v 738.4909 868.4410 255.8572
v 737.5965 868.6314 255.8573
v 738.0554 868.5932 255.8573
f 16636 16637 16638
v 738.4909 868.4410 255.8572
v 739.1824 867.8441 255.8572
v 736.7218 868.3667 255.8574
f 16639 16640 16641
v 739.3676 866.0836 255.8575
v 737.5207 864.9647 255.8578
v 739.1824 867.8441 255.8572
f 16642 16643 16644
v 738.8742 868.1870 255.8572
v 739.1824 867.8441 255.8572
v 738.4909 868.4410 255.8572
f 16645 16646 16647
v 739.3962 867.4356 255.8573
v 739.5010 866.9873 255.8573
v 739.1824 867.8441 255.8572
f 16648 16649 16650
v 738.8156 865.3552 255.8576
v 738.4210 865.1162 255.8577
v 739.1375 865.6843 255.8575
f 16651 16652 16653
v 737.5207 864.9647 255.8578
v 738.4210 865.1162 255.8577
v 737.9807 864.9834 255.8578
f 16654 16655 16656
v 739.3676 866.0836 255.8575
v 739.5010 866.9873 255.8573
v 739.4918 866.5273 255.8574
f 16657 16658 16659
v 739.1375 865.6843 255.8575
v 738.4210 865.1162 255.8577
v 737.5207 864.9647 255.8578
f 16660 16661 16662
v 739.3676 866.0836 255.8575
v 739.1375 865.6843 255.8575
v 737.5207 864.9647 255.8578
f 16663 16664 16665
v 739.3676 866.0836 255.8575
v 739.1824 867.8441 255.8572
v 739.5010 866.9873 255.8573
f 16666 16667 16668
v 737.5965 868.6314 255.8573
v 738.4909 868.4410 255.8572
v 736.7218 868.3667 255.8574
f 16669 16670 16671
v 736.3111 865.5695 278.3132
v 735.8873 866.3796 278.3131
v 736.0481 865.9472 278.3132
f 16672 16673 16674
v 736.3111 865.5695 278.3132
v 735.8396 866.8378 278.3131
v 735.8873 866.3796 278.3131
f 16675 16676 16677
v 737.5235 864.9683 278.3131
v 736.6603 865.2686 278.3132
v 737.0728 865.0635 278.3132
f 16678 16679 16680
v 736.6603 865.2686 278.3132
v 735.8396 866.8378 278.3131
v 736.3111 865.5695 278.3132
f 16681 16682 16683
v 737.5235 864.9683 278.3131
v 736.3639 868.0843 278.3128
v 736.6603 865.2686 278.3132
f 16684 16685 16686
v 736.0849 867.7181 278.3129
v 735.9067 867.2925 278.3130
v 736.3639 868.0843 278.3128
f 16687 16688 16689
v 736.6603 865.2686 278.3132
v 735.9067 867.2925 278.3130
v 735.8396 866.8378 278.3131
f 16690 16691 16692
v 736.6603 865.2686 278.3132
v 736.3639 868.0843 278.3128
v 735.9067 867.2925 278.3130
f 16693 16694 16695
v 736.3639 868.0843 278.3128
v 737.5235 864.9683 278.3131
v 736.7246 868.3704 278.3127
f 16696 16697 16698
v 737.1452 868.5582 278.3127
v 736.7246 868.3704 278.3127
v 737.5994 868.6350 278.3126
f 16699 16700 16701
v 739.1852 867.8478 278.3125
v 736.7246 868.3704 278.3127
v 737.5235 864.9683 278.3131
f 16702 16703 16704
v 737.5235 864.9683 278.3131
v 738.4239 865.1198 278.3130
v 739.1404 865.6878 278.3128
f 16705 16706 16707
v 738.8185 865.3588 278.3129
v 739.1404 865.6878 278.3128
v 738.4239 865.1198 278.3130
f 16708 16709 16710
v 739.3705 866.0873 278.3128
v 739.1852 867.8478 278.3125
v 737.5235 864.9683 278.3131
f 16711 16712 16713
v 739.3705 866.0873 278.3128
v 737.5235 864.9683 278.3131
v 739.1404 865.6878 278.3128
f 16714 16715 16716
v 739.4946 866.5309 278.3127
v 739.5039 866.9909 278.3126
v 739.3705 866.0873 278.3128
f 16717 16718 16719
v 738.0582 868.5968 278.3126
v 737.5994 868.6350 278.3126
v 738.4938 868.4446 278.3125
f 16720 16721 16722
v 737.5994 868.6350 278.3126
v 736.7246 868.3704 278.3127
v 738.4938 868.4446 278.3125
f 16723 16724 16725
v 739.1852 867.8478 278.3125
v 739.5039 866.9909 278.3126
v 739.3991 867.4392 278.3126
f 16726 16727 16728
v 739.1852 867.8478 278.3125
v 738.8771 868.1906 278.3125
v 738.4938 868.4446 278.3125
f 16729 16730 16731
v 738.4938 868.4446 278.3125
v 736.7246 868.3704 278.3127
v 739.1852 867.8478 278.3125
f 16732 16733 16734
v 739.3705 866.0873 278.3128
v 739.5039 866.9909 278.3126
v 739.1852 867.8478 278.3125
f 16735 16736 16737
v 737.5235 864.9683 278.3131
v 737.9836 864.9870 278.3131
v 738.4239 865.1198 278.3130
f 16738 16739 16740
v 738.8742 868.1870 255.8572
v 738.8771 868.1906 278.3125
v 739.1852 867.8478 278.3125
f 16741 16742 16743
v 738.4909 868.4410 255.8572
v 738.4938 868.4446 278.3125
v 738.8771 868.1906 278.3125
f 16744 16745 16746
v 738.0554 868.5932 255.8573
v 738.0582 868.5968 278.3126
v 738.4938 868.4446 278.3125
f 16747 16748 16749
v 737.5965 868.6314 255.8573
v 737.5994 868.6350 278.3126
v 738.0582 868.5968 278.3126
f 16750 16751 16752
v 737.1423 868.5546 255.8574
v 737.1452 868.5582 278.3127
v 737.5994 868.6350 278.3126
f 16753 16754 16755
v 736.7218 868.3667 255.8574
v 736.7246 868.3704 278.3127
v 737.1452 868.5582 278.3127
f 16756 16757 16758
v 736.3611 868.0807 255.8575
v 736.3639 868.0843 278.3128
v 736.7246 868.3704 278.3127
f 16759 16760 16761
v 736.0820 867.7144 255.8576
v 736.0849 867.7181 278.3129
v 736.3639 868.0843 278.3128
f 16762 16763 16764
v 735.9039 867.2889 255.8577
v 735.9067 867.2925 278.3130
v 736.0849 867.7181 278.3129
f 16765 16766 16767
v 735.8367 866.8341 255.8578
v 735.8396 866.8378 278.3131
v 735.9067 867.2925 278.3130
f 16768 16769 16770
v 735.8845 866.3760 255.8578
v 735.8873 866.3796 278.3131
v 735.8396 866.8378 278.3131
f 16771 16772 16773
v 736.0453 865.9436 255.8579
v 736.0481 865.9472 278.3132
v 735.8873 866.3796 278.3131
f 16774 16775 16776
v 736.3083 865.5659 255.8579
v 736.3111 865.5695 278.3132
v 736.0481 865.9472 278.3132
f 16777 16778 16779
v 736.6574 865.2650 255.8579
v 736.6603 865.2686 278.3132
v 736.3111 865.5695 278.3132
f 16780 16781 16782
v 737.0699 865.0599 255.8579
v 737.0728 865.0635 278.3132
v 736.6603 865.2686 278.3132
f 16783 16784 16785
v 737.5207 864.9647 255.8578
v 737.5235 864.9683 278.3131
v 737.0728 865.0635 278.3132
f 16786 16787 16788
v 737.9807 864.9834 255.8578
v 737.9836 864.9870 278.3131
v 737.5235 864.9683 278.3131
f 16789 16790 16791
v 738.4210 865.1162 255.8577
v 738.4239 865.1198 278.3130
v 737.9836 864.9870 278.3131
f 16792 16793 16794
v 738.8156 865.3552 255.8576
v 738.8185 865.3588 278.3129
v 738.4239 865.1198 278.3130
f 16795 16796 16797
v 739.1375 865.6843 255.8575
v 739.1404 865.6878 278.3128
v 738.8185 865.3588 278.3129
f 16798 16799 16800
v 739.3676 866.0836 255.8575
v 739.3705 866.0873 278.3128
v 739.1404 865.6878 278.3128
f 16801 16802 16803
v 739.4918 866.5273 255.8574
v 739.4946 866.5309 278.3127
v 739.3705 866.0873 278.3128
f 16804 16805 16806
v 739.5010 866.9873 255.8573
v 739.5039 866.9909 278.3126
v 739.4946 866.5309 278.3127
f 16807 16808 16809
v 739.3962 867.4356 255.8573
v 739.3991 867.4392 278.3126
v 739.5039 866.9909 278.3126
f 16810 16811 16812
v 739.1824 867.8441 255.8572
v 739.1852 867.8478 278.3125
v 739.3991 867.4392 278.3126
f 16813 16814 16815
v 738.8742 868.1870 255.8572
v 739.1852 867.8478 278.3125
v 739.1824 867.8441 255.8572
f 16816 16817 16818
v 738.4909 868.4410 255.8572
v 738.8771 868.1906 278.3125
v 738.8742 868.1870 255.8572
f 16819 16820 16821
v 738.0554 868.5932 255.8573
v 738.4938 868.4446 278.3125
v 738.4909 868.4410 255.8572
f 16822 16823 16824
v 737.5965 868.6314 255.8573
v 738.0582 868.5968 278.3126
v 738.0554 868.5932 255.8573
f 16825 16826 16827
v 737.1423 868.5546 255.8574
v 737.5994 868.6350 278.3126
v 737.5965 868.6314 255.8573
f 16828 16829 16830
v 736.7218 868.3667 255.8574
v 737.1452 868.5582 278.3127
v 737.1423 868.5546 255.8574
f 16831 16832 16833
v 736.3611 868.0807 255.8575
v 736.7246 868.3704 278.3127
v 736.7218 868.3667 255.8574
f 16834 16835 16836
v 736.0820 867.7144 255.8576
v 736.3639 868.0843 278.3128
v 736.3611 868.0807 255.8575
f 16837 16838 16839
v 735.9039 867.2889 255.8577
v 736.0849 867.7181 278.3129
v 736.0820 867.7144 255.8576
f 16840 16841 16842
v 735.8367 866.8341 255.8578
v 735.9067 867.2925 278.3130
v 735.9039 867.2889 255.8577
f 16843 16844 16845
v 735.8845 866.3760 255.8578
v 735.8396 866.8378 278.3131
v 735.8367 866.8341 255.8578
f 16846 16847 16848
v 736.0453 865.9436 255.8579
v 735.8873 866.3796 278.3131
v 735.8845 866.3760 255.8578
f 16849 16850 16851
v 736.3083 865.5659 255.8579
v 736.0481 865.9472 278.3132
v 736.0453 865.9436 255.8579
f 16852 16853 16854
v 736.6574 865.2650 255.8579
v 736.3111 865.5695 278.3132
v 736.3083 865.5659 255.8579
f 16855 16856 16857
v 737.0699 865.0599 255.8579
v 736.6603 865.2686 278.3132
v 736.6574 865.2650 255.8579
f 16858 16859 16860
v 737.5207 864.9647 255.8578
v 737.0728 865.0635 278.3132
v 737.0699 865.0599 255.8579
f 16861 16862 16863
v 737.9807 864.9834 255.8578
v 737.5235 864.9683 278.3131
v 737.5207 864.9647 255.8578
f 16864 16865 16866
v 738.4210 865.1162 255.8577
v 737.9836 864.9870 278.3131
v 737.9807 864.9834 255.8578
f 16867 16868 16869
v 738.8156 865.3552 255.8576
v 738.4239 865.1198 278.3130
v 738.4210 865.1162 255.8577
f 16870 16871 16872
v 739.1375 865.6843 255.8575
v 738.8185 865.3588 278.3129
v 738.8156 865.3552 255.8576
f 16873 16874 16875
v 739.3676 866.0836 255.8575
v 739.1404 865.6878 278.3128
v 739.1375 865.6843 255.8575
f 16876 16877 16878
v 739.4918 866.5273 255.8574
v 739.3705 866.0873 278.3128
v 739.3676 866.0836 255.8575
f 16879 16880 16881
v 739.5010 866.9873 255.8573
v 739.4946 866.5309 278.3127
v 739.4918 866.5273 255.8574
f 16882 16883 16884
v 739.3962 867.4356 255.8573
v 739.5039 866.9909 278.3126
v 739.5010 866.9873 255.8573
f 16885 16886 16887
v 739.1824 867.8441 255.8572
v 739.3991 867.4392 278.3126
v 739.3962 867.4356 255.8573
f 16888 16889 16890

g building_ID_A4139DD8-D777-4220-89A2-77D46D4C3CA2
v 742.1988 866.5561 255.5951
v 752.0069 869.6357 255.5935
v 735.9113 852.8761 255.5976
f 16891 16892 16893
v 735.5514 861.5280 255.5965
v 742.1988 866.5561 255.5951
v 735.9113 852.8761 255.5976
f 16894 16895 16896
v 734.3297 854.5203 255.5976
v 731.1353 858.0779 255.5975
v 735.5514 861.5280 255.5965
f 16897 16898 16899
v 774.4814 816.2064 255.5978
v 752.0069 869.6357 255.5935
v 775.0317 876.7999 255.5898
f 16900 16901 16902
v 774.4814 816.2064 255.5978
v 794.2737 814.9593 255.5955
v 780.5631 810.5762 255.5978
f 16903 16904 16905
v 735.5514 861.5280 255.5965
v 735.9113 852.8761 255.5976
v 734.3297 854.5203 255.5976
f 16906 16907 16908
v 735.9113 852.8761 255.5976
v 752.0069 869.6357 255.5935
v 774.4814 816.2064 255.5978
f 16909 16910 16911
v 774.4814 816.2064 255.5978
v 775.0317 876.7999 255.5898
v 794.2737 814.9593 255.5955
f 16912 16913 16914
v 774.4864 816.2122 293.8166
v 780.5683 810.5820 293.8166
v 794.2789 814.9651 293.8143
f 16915 16916 16917
v 735.9161 852.8822 293.8163
v 774.4864 816.2122 293.8166
v 752.0118 869.6418 293.8123
f 16918 16919 16920
v 735.5563 861.5340 293.8153
v 734.3345 854.5263 293.8163
v 735.9161 852.8822 293.8163
f 16921 16922 16923
v 794.2789 814.9651 293.8143
v 775.0368 876.8060 293.8085
v 774.4864 816.2122 293.8166
f 16924 16925 16926
v 742.2037 866.5622 293.8139
v 735.9161 852.8822 293.8163
v 752.0118 869.6418 293.8123
f 16927 16928 16929
v 734.3345 854.5263 293.8163
v 735.5563 861.5340 293.8153
v 731.1400 858.0839 293.8163
f 16930 16931 16932
v 735.5563 861.5340 293.8153
v 735.9161 852.8822 293.8163
v 742.2037 866.5622 293.8139
f 16933 16934 16935
v 775.0368 876.8060 293.8085
v 752.0118 869.6418 293.8123
v 774.4864 816.2122 293.8166
f 16936 16937 16938
v 742.1988 866.5561 255.5951
v 742.2037 866.5622 293.8139
v 752.0118 869.6418 293.8123
f 16939 16940 16941
v 735.5514 861.5280 255.5965
v 735.5563 861.5340 293.8153
v 742.2037 866.5622 293.8139
f 16942 16943 16944
v 731.1353 858.0779 255.5975
v 731.1400 858.0839 293.8163
v 735.5563 861.5340 293.8153
f 16945 16946 16947
v 734.3297 854.5203 255.5976
v 734.3345 854.5263 293.8163
v 731.1400 858.0839 293.8163
f 16948 16949 16950
v 735.9113 852.8761 255.5976
v 735.9161 852.8822 293.8163
v 734.3345 854.5263 293.8163
f 16951 16952 16953
v 774.4814 816.2064 255.5978
v 774.4864 816.2122 293.8166
v 735.9161 852.8822 293.8163
f 16954 16955 16956
v 780.5631 810.5762 255.5978
v 780.5683 810.5820 293.8166
v 774.4864 816.2122 293.8166
f 16957 16958 16959
v 794.2737 814.9593 255.5955
v 794.2789 814.9651 293.8143
v 780.5683 810.5820 293.8166
f 16960 16961 16962
v 775.0317 876.7999 255.5898
v 775.0368 876.8060 293.8085
v 794.2789 814.9651 293.8143
f 16963 16964 16965
v 752.0069 869.6357 255.5935
v 752.0118 869.6418 293.8123
v 775.0368 876.8060 293.8085
f 16966 16967 16968
v 742.1988 866.5561 255.5951
v 752.0118 869.6418 293.8123
v 752.0069 869.6357 255.5935
f 16969 16970 16971
v 735.5514 861.5280 255.5965
v 742.2037 866.5622 293.8139
v 742.1988 866.5561 255.5951
f 16972 16973 16974
v 731.1353 858.0779 255.5975
v 735.5563 861.5340 293.8153
v 735.5514 861.5280 255.5965
f 16975 16976 16977
v 734.3297 854.5203 255.5976
v 731.1400 858.0839 293.8163
v 731.1353 858.0779 255.5975
f 16978 16979 16980
v 735.9113 852.8761 255.5976
v 734.3345 854.5263 293.8163
v 734.3297 854.5203 255.5976
f 16981 16982 16983
v 774.4814 816.2064 255.5978
v 735.9161 852.8822 293.8163
v 735.9113 852.8761 255.5976
f 16984 16985 16986
v 780.5631 810.5762 255.5978
v 774.4864 816.2122 293.8166
v 774.4814 816.2064 255.5978
f 16987 16988 16989
v 794.2737 814.9593 255.5955
v 780.5683 810.5820 293.8166
v 780.5631 810.5762 255.5978
f 16990 16991 16992
v 775.0317 876.7999 255.5898
v 794.2789 814.9651 293.8143
v 794.2737 814.9593 255.5955
f 16993 16994 16995
v 752.0069 869.6357 255.5935
v 775.0368 876.8060 293.8085
v 775.0317 876.7999 255.5898
f 16996 16997 16998

g building_ID_79DC91A3-2963-43C8-92FF-02830E466D0A
v 833.2721 833.7315 268.2717
v 837.2473 821.1230 268.2728
v 842.1444 836.5276 267.8902
f 16999 17000 17001
v 846.1196 823.9202 267.8913
v 842.1444 836.5276 267.8902
v 837.2473 821.1230 268.2728
f 17002 17003 17004
v 851.0679 869.8992 255.2870
v 868.2724 815.3309 255.2918
v 831.7762 803.8250 255.2982
f 17005 17006 17007
v 831.7762 803.8250 255.2982
v 814.6179 858.4611 255.2933
v 851.0679 869.8992 255.2870
f 17008 17009 17010
v 816.2195 858.0708 267.8908
v 814.6196 858.4630 267.8909
v 819.8453 844.5753 267.8920
f 17011 17012 17013
v 824.1685 830.8609 267.8933
v 819.8453 844.5753 267.8920
v 814.6196 858.4630 267.8909
f 17014 17015 17016
v 833.6220 863.5580 267.8877
v 814.6196 858.4630 267.8909
v 824.7927 860.7738 267.8892
f 17017 17018 17019
v 816.2195 858.0708 267.8908
v 824.7927 860.7738 267.8892
v 814.6196 858.4630 267.8909
f 17020 17021 17022
v 819.8453 844.5753 267.8920
v 820.4168 844.7557 267.8919
v 816.2195 858.0708 267.8908
f 17023 17024 17025
v 851.0697 869.9013 267.8845
v 814.6196 858.4630 267.8909
v 833.6220 863.5580 267.8877
f 17026 17027 17028
v 837.8212 850.2410 267.8889
v 838.2756 850.3838 267.8889
v 833.6220 863.5580 267.8877
f 17029 17030 17031
v 843.9880 837.1107 267.8899
v 839.6647 850.8231 267.8886
v 838.2756 850.3838 267.8889
f 17032 17033 17034
v 838.2756 850.3838 267.8889
v 839.6647 850.8231 267.8886
v 833.6220 863.5580 267.8877
f 17035 17036 17037
v 838.2756 850.3838 267.8889
v 842.5988 836.6714 267.8901
v 843.9880 837.1107 267.8899
f 17038 17039 17040
v 835.9810 864.3018 267.8873
v 833.6220 863.5580 267.8877
v 839.6647 850.8231 267.8886
f 17041 17042 17043
v 839.6647 850.8231 267.8886
v 840.1782 850.9847 267.8885
v 835.9810 864.3018 267.8873
f 17044 17045 17046
v 849.7894 868.6547 267.8849
v 851.0697 869.9013 267.8845
v 842.8336 866.4613 267.8861
f 17047 17048 17049
v 835.9810 864.3018 267.8873
v 842.8336 866.4613 267.8861
v 851.0697 869.9013 267.8845
f 17050 17051 17052
v 849.7894 868.6547 267.8849
v 854.4831 855.4943 267.8860
v 851.0697 869.9013 267.8845
f 17053 17054 17055
v 833.6220 863.5580 267.8877
v 835.9810 864.3018 267.8873
v 851.0697 869.9013 267.8845
f 17056 17057 17058
v 862.2860 829.0168 267.8885
v 858.8063 841.7819 267.8873
v 858.3108 841.6263 267.8874
f 17059 17060 17061
v 851.0697 869.9013 267.8845
v 854.4831 855.4943 267.8860
v 858.8063 841.7819 267.8873
f 17062 17063 17064
v 849.7894 868.6547 267.8849
v 853.9877 855.3376 267.8861
v 854.4831 855.4943 267.8860
f 17065 17066 17067
v 868.2742 815.3329 267.8894
v 851.0697 869.9013 267.8845
v 858.8063 841.7819 267.8873
f 17068 17069 17070
v 844.5024 837.2733 267.8898
v 843.9880 837.1107 267.8899
v 848.4775 824.6648 267.8909
f 17071 17072 17073
v 824.7410 831.0413 267.8932
v 824.1685 830.8609 267.8933
v 828.1437 818.2544 267.8944
f 17074 17075 17076
v 831.7779 803.8268 267.8958
v 828.1437 818.2544 267.8944
v 824.1685 830.8609 267.8933
f 17077 17078 17079
v 846.1196 823.9202 267.8913
v 842.5988 836.6714 267.8901
v 842.1444 836.5276 267.8902
f 17080 17081 17082
v 828.1437 818.2544 267.8944
v 828.7151 818.4349 267.8943
v 824.7410 831.0413 267.8932
f 17083 17084 17085
v 841.7642 807.7141 267.8940
v 832.3974 804.7602 267.8956
v 831.7779 803.8268 267.8958
f 17086 17087 17088
v 841.7642 807.7141 267.8940
v 831.7779 803.8268 267.8958
v 850.8277 810.5708 267.8924
f 17089 17090 17091
v 831.7779 803.8268 267.8958
v 832.3974 804.7602 267.8956
v 828.1437 818.2544 267.8944
f 17092 17093 17094
v 831.7779 803.8268 267.8958
v 824.1685 830.8609 267.8933
v 814.6196 858.4630 267.8909
f 17095 17096 17097
v 846.5739 824.0639 267.8912
v 842.5988 836.6714 267.8901
v 846.1196 823.9202 267.8913
f 17098 17099 17100
v 842.5988 836.6714 267.8901
v 846.5739 824.0639 267.8912
v 847.9621 824.5022 267.8910
f 17101 17102 17103
v 862.2860 829.0168 267.8885
v 862.7814 829.1734 267.8884
v 858.8063 841.7819 267.8873
f 17104 17105 17106
v 847.9621 824.5022 267.8910
v 846.5739 824.0639 267.8912
v 852.2159 811.0101 267.8921
f 17107 17108 17109
v 847.9621 824.5022 267.8910
v 848.4775 824.6648 267.8909
v 843.9880 837.1107 267.8899
f 17110 17111 17112
v 868.2742 815.3329 267.8894
v 852.2159 811.0101 267.8921
v 850.8277 810.5708 267.8924
f 17113 17114 17115
v 846.5739 824.0639 267.8912
v 850.8277 810.5708 267.8924
v 852.2159 811.0101 267.8921
f 17116 17117 17118
v 867.0352 815.6813 267.8896
v 859.5840 813.3323 267.8909
v 868.2742 815.3329 267.8894
f 17119 17120 17121
v 852.2159 811.0101 267.8921
v 868.2742 815.3329 267.8894
v 859.5840 813.3323 267.8909
f 17122 17123 17124
v 862.7814 829.1734 267.8884
v 867.0352 815.6813 267.8896
v 868.2742 815.3329 267.8894
f 17125 17126 17127
v 868.2742 815.3329 267.8894
v 850.8277 810.5708 267.8924
v 831.7779 803.8268 267.8958
f 17128 17129 17130
v 858.8063 841.7819 267.8873
v 862.7814 829.1734 267.8884
v 868.2742 815.3329 267.8894
f 17131 17132 17133
v 843.9880 837.1107 267.8899
v 842.5988 836.6714 267.8901
v 847.9621 824.5022 267.8910
f 17134 17135 17136
v 814.6179 858.4611 255.2933
v 814.6196 858.4630 267.8909
v 851.0697 869.9013 267.8845
f 17137 17138 17139
v 831.7762 803.8250 255.2982
v 831.7779 803.8268 267.8958
v 814.6196 858.4630 267.8909
f 17140 17141 17142
v 868.2724 815.3309 255.2918
v 868.2742 815.3329 267.8894
v 831.7779 803.8268 267.8958
f 17143 17144 17145
v 851.0679 869.8992 255.2870
v 851.0697 869.9013 267.8845
v 868.2742 815.3329 267.8894
f 17146 17147 17148
v 833.3393 833.7525 268.7767
v 838.2757 850.3839 268.2689
v 829.0160 847.4658 268.7755
f 17149 17150 17151
v 838.2757 850.3839 268.2689
v 833.3393 833.7525 268.7767
v 842.5989 836.6715 268.2701
f 17152 17153 17154
v 838.2756 850.3838 267.8889
v 838.2757 850.3839 268.2689
v 842.5989 836.6715 268.2701
f 17155 17156 17157
v 844.5024 837.2733 268.0168
v 848.4776 824.6649 268.0179
v 855.3303 826.8255 268.3957
f 17158 17159 17160
v 855.3303 826.8255 268.3957
v 851.3551 839.4329 268.3946
v 844.5024 837.2733 268.0168
f 17161 17162 17163
v 855.3303 826.8255 268.3957
v 858.3108 841.6263 268.0144
v 851.3551 839.4329 268.3946
f 17164 17165 17166
v 858.3108 841.6263 268.0144
v 855.3303 826.8255 268.3957
v 862.2860 829.0168 268.0155
f 17167 17168 17169
v 848.4775 824.6648 267.8909
v 848.4776 824.6649 268.0179
v 844.5024 837.2733 268.0168
f 17170 17171 17172
v 858.3108 841.6263 267.8874
v 858.3108 841.6263 268.0144
v 862.2860 829.0168 268.0155
f 17173 17174 17175
v 855.3304 826.8256 268.7747
v 852.2160 811.0101 268.3980
v 859.5842 813.3324 268.7758
f 17176 17177 17178
v 852.2160 811.0101 268.3980
v 855.3304 826.8256 268.7747
v 847.9622 824.5023 268.3970
f 17179 17180 17181
v 859.5842 813.3324 268.7758
v 862.7815 829.1735 268.3944
v 855.3304 826.8256 268.7747
f 17182 17183 17184
v 862.7815 829.1735 268.3944
v 859.5842 813.3324 268.7758
v 867.0353 815.6813 268.3955
f 17185 17186 17187
v 852.2159 811.0101 267.8921
v 852.2160 811.0101 268.3980
v 847.9622 824.5023 268.3970
f 17188 17189 17190
v 862.7814 829.1734 267.8884
v 862.7815 829.1735 268.3944
v 867.0353 815.6813 268.3955
f 17191 17192 17193
v 851.3552 839.4330 268.7736
v 847.0320 853.1454 268.7723
v 843.9881 837.1108 268.3959
f 17194 17195 17196
v 851.3552 839.4330 268.7736
v 854.4831 855.4943 268.3920
v 847.0320 853.1454 268.7723
f 17197 17198 17199
v 854.4831 855.4943 268.3920
v 851.3552 839.4330 268.7736
v 858.8063 841.7819 268.3933
f 17200 17201 17202
v 840.1782 850.9847 268.0155
v 842.8337 866.4614 268.3921
v 835.9810 864.3018 268.0143
f 17203 17204 17205
v 842.8337 866.4614 268.3921
v 840.1782 850.9847 268.0155
v 847.0319 853.1453 268.3933
f 17206 17207 17208
v 849.7894 868.6547 268.0119
v 847.0319 853.1453 268.3933
v 853.9877 855.3377 268.0131
f 17209 17210 17211
v 847.0319 853.1453 268.3933
v 849.7894 868.6547 268.0119
v 842.8337 866.4614 268.3921
f 17212 17213 17214
v 843.9880 837.1107 267.8899
v 843.9881 837.1108 268.3959
v 839.6649 850.8232 268.3946
f 17215 17216 17217
v 854.4831 855.4943 267.8860
v 854.4831 855.4943 268.3920
v 858.8063 841.7819 268.3933
f 17218 17219 17220
v 840.1782 850.9847 267.8885
v 840.1782 850.9847 268.0155
v 835.9810 864.3018 268.0143
f 17221 17222 17223
v 849.7894 868.6547 267.8849
v 849.7894 868.6547 268.0119
v 853.9877 855.3377 268.0131
f 17224 17225 17226
v 816.2195 858.0708 267.8908
v 820.4168 844.7557 267.8919
v 828.9910 847.4578 268.2705
f 17227 17228 17229
v 828.9910 847.4578 268.2705
v 824.7927 860.7738 268.2692
v 816.2195 858.0708 267.8908
f 17230 17231 17232
v 824.1686 830.8609 268.2733
v 829.0160 847.4658 268.7755
v 819.8454 844.5753 268.2720
f 17233 17234 17235
v 829.0160 847.4658 268.7755
v 824.1686 830.8609 268.2733
v 833.3393 833.7525 268.7767
f 17236 17237 17238
v 833.2721 833.7315 268.2717
v 828.7151 818.4349 267.8943
v 837.2473 821.1230 268.2728
f 17239 17240 17241
v 828.7151 818.4349 267.8943
v 833.2721 833.7315 268.2717
v 824.7410 831.0413 267.8932
f 17242 17243 17244
v 846.5740 824.0640 268.2712
v 841.7644 807.7142 268.7789
v 850.8278 810.5708 268.2724
f 17245 17246 17247
v 841.7644 807.7142 268.7789
v 846.5740 824.0640 268.2712
v 837.5106 821.2064 268.7778
f 17248 17249 17250
v 832.3975 804.7603 268.2756
v 837.5106 821.2064 268.7778
v 828.1437 818.2544 268.2744
f 17251 17252 17253
v 837.5106 821.2064 268.7778
v 832.3975 804.7603 268.2756
v 841.7644 807.7142 268.7789
f 17254 17255 17256
v 833.6220 863.5580 267.8877
v 828.9910 847.4578 268.2705
v 837.8212 850.2410 267.8889
f 17257 17258 17259
v 833.6220 863.5580 267.8877
v 824.7927 860.7738 268.2692
v 828.9910 847.4578 268.2705
f 17260 17261 17262
v 824.1685 830.8609 267.8933
v 824.1686 830.8609 268.2733
v 819.8454 844.5753 268.2720
f 17263 17264 17265
v 846.5739 824.0639 267.8912
v 846.5740 824.0640 268.2712
v 850.8278 810.5708 268.2724
f 17266 17267 17268
v 832.3974 804.7602 267.8956
v 832.3975 804.7603 268.2756
v 828.1437 818.2544 268.2744
f 17269 17270 17271
v 842.1444 836.5276 267.8902
v 842.5988 836.6714 267.8901
v 842.5989 836.6715 268.2701
f 17272 17273 17274
v 833.3393 833.7525 268.7767
v 842.1444 836.5276 267.8902
v 842.5989 836.6715 268.2701
f 17275 17276 17277
v 842.1444 836.5276 267.8902
v 833.3393 833.7525 268.7767
v 833.2721 833.7315 268.2717
f 17278 17279 17280
v 824.1686 830.8609 268.2733
v 833.2721 833.7315 268.2717
v 833.3393 833.7525 268.7767
f 17281 17282 17283
v 824.1685 830.8609 267.8933
v 824.7410 831.0413 267.8932
v 824.1686 830.8609 268.2733
f 17284 17285 17286
v 833.2721 833.7315 268.2717
v 824.1686 830.8609 268.2733
v 824.7410 831.0413 267.8932
f 17287 17288 17289
v 828.9910 847.4578 268.2705
v 820.4168 844.7557 267.8919
v 819.8454 844.5753 268.2720
f 17290 17291 17292
v 819.8454 844.5753 268.2720
v 820.4168 844.7557 267.8919
v 819.8453 844.5753 267.8920
f 17293 17294 17295
v 828.9910 847.4578 268.2705
v 819.8454 844.5753 268.2720
v 829.0160 847.4658 268.7755
f 17296 17297 17298
v 837.8212 850.2410 267.8889
v 838.2757 850.3839 268.2689
v 838.2756 850.3838 267.8889
f 17299 17300 17301
v 828.9910 847.4578 268.2705
v 829.0160 847.4658 268.7755
v 837.8212 850.2410 267.8889
f 17302 17303 17304
v 837.8212 850.2410 267.8889
v 829.0160 847.4658 268.7755
v 838.2757 850.3839 268.2689
f 17305 17306 17307
v 855.3303 826.8255 268.3957
v 848.4776 824.6649 268.0179
v 855.3304 826.8256 268.7747
f 17308 17309 17310
v 847.9622 824.5023 268.3970
v 855.3304 826.8256 268.7747
v 848.4776 824.6649 268.0179
f 17311 17312 17313
v 848.4775 824.6648 267.8909
v 847.9621 824.5022 267.8910
v 848.4776 824.6649 268.0179
f 17314 17315 17316
v 847.9622 824.5023 268.3970
v 848.4776 824.6649 268.0179
v 847.9621 824.5022 267.8910
f 17317 17318 17319
v 855.3303 826.8255 268.3957
v 862.7815 829.1735 268.3944
v 862.2860 829.0168 268.0155
f 17320 17321 17322
v 862.7814 829.1734 267.8884
v 862.2860 829.0168 267.8885
v 862.2860 829.0168 268.0155
f 17323 17324 17325
v 862.7815 829.1735 268.3944
v 862.7814 829.1734 267.8884
v 862.2860 829.0168 268.0155
f 17326 17327 17328
v 862.7815 829.1735 268.3944
v 855.3303 826.8255 268.3957
v 855.3304 826.8256 268.7747
f 17329 17330 17331
v 859.5840 813.3323 267.8909
v 867.0352 815.6813 267.8896
v 867.0353 815.6813 268.3955
f 17332 17333 17334
v 859.5842 813.3324 268.7758
v 859.5840 813.3323 267.8909
v 867.0353 815.6813 268.3955
f 17335 17336 17337
v 859.5840 813.3323 267.8909
v 859.5842 813.3324 268.7758
v 852.2159 811.0101 267.8921
f 17338 17339 17340
v 852.2160 811.0101 268.3980
v 852.2159 811.0101 267.8921
v 859.5842 813.3324 268.7758
f 17341 17342 17343
v 847.0319 853.1453 268.3933
v 840.1782 850.9847 268.0155
v 847.0320 853.1454 268.7723
f 17344 17345 17346
v 839.6649 850.8232 268.3946
v 847.0320 853.1454 268.7723
v 840.1782 850.9847 268.0155
f 17347 17348 17349
v 840.1782 850.9847 267.8885
v 839.6647 850.8231 267.8886
v 840.1782 850.9847 268.0155
f 17350 17351 17352
v 839.6649 850.8232 268.3946
v 840.1782 850.9847 268.0155
v 839.6647 850.8231 267.8886
f 17353 17354 17355
v 847.0319 853.1453 268.3933
v 854.4831 855.4943 268.3920
v 853.9877 855.3377 268.0131
f 17356 17357 17358
v 854.4831 855.4943 267.8860
v 853.9877 855.3376 267.8861
v 853.9877 855.3377 268.0131
f 17359 17360 17361
v 854.4831 855.4943 268.3920
v 854.4831 855.4943 267.8860
v 853.9877 855.3377 268.0131
f 17362 17363 17364
v 854.4831 855.4943 268.3920
v 847.0319 853.1453 268.3933
v 847.0320 853.1454 268.7723
f 17365 17366 17367
v 858.3108 841.6263 268.0144
v 858.8063 841.7819 268.3933
v 851.3551 839.4329 268.3946
f 17368 17369 17370
v 858.3108 841.6263 267.8874
v 858.8063 841.7819 267.8873
v 858.3108 841.6263 268.0144
f 17371 17372 17373
v 858.8063 841.7819 268.3933
v 858.3108 841.6263 268.0144
v 858.8063 841.7819 267.8873
f 17374 17375 17376
v 851.3552 839.4330 268.7736
v 851.3551 839.4329 268.3946
v 858.8063 841.7819 268.3933
f 17377 17378 17379
v 844.5024 837.2733 268.0168
v 851.3551 839.4329 268.3946
v 843.9881 837.1108 268.3959
f 17380 17381 17382
v 851.3552 839.4330 268.7736
v 843.9881 837.1108 268.3959
v 851.3551 839.4329 268.3946
f 17383 17384 17385
v 844.5024 837.2733 267.8898
v 844.5024 837.2733 268.0168
v 843.9880 837.1107 267.8899
f 17386 17387 17388
v 843.9881 837.1108 268.3959
v 843.9880 837.1107 267.8899
v 844.5024 837.2733 268.0168
f 17389 17390 17391
v 842.8337 866.4614 268.3921
v 842.8336 866.4613 267.8861
v 835.9810 864.3018 267.8873
f 17392 17393 17394
v 835.9810 864.3018 268.0143
v 842.8337 866.4614 268.3921
v 835.9810 864.3018 267.8873
f 17395 17396 17397
v 842.8336 866.4613 267.8861
v 849.7894 868.6547 268.0119
v 849.7894 868.6547 267.8849
f 17398 17399 17400
v 842.8337 866.4614 268.3921
v 849.7894 868.6547 268.0119
v 842.8336 866.4613 267.8861
f 17401 17402 17403
v 824.7927 860.7738 268.2692
v 824.7927 860.7738 267.8892
v 816.2195 858.0708 267.8908
f 17404 17405 17406
v 824.7927 860.7738 267.8892
v 824.7927 860.7738 268.2692
v 833.6220 863.5580 267.8877
f 17407 17408 17409
v 841.7644 807.7142 268.7789
v 841.7642 807.7141 267.8940
v 850.8277 810.5708 267.8924
f 17410 17411 17412
v 850.8278 810.5708 268.2724
v 841.7644 807.7142 268.7789
v 850.8277 810.5708 267.8924
f 17413 17414 17415
v 841.7642 807.7141 267.8940
v 832.3975 804.7603 268.2756
v 832.3974 804.7602 267.8956
f 17416 17417 17418
v 841.7644 807.7142 268.7789
v 832.3975 804.7603 268.2756
v 841.7642 807.7141 267.8940
f 17419 17420 17421
v 828.7151 818.4349 267.8943
v 828.1437 818.2544 268.2744
v 837.2473 821.1230 268.2728
f 17422 17423 17424
v 837.5106 821.2064 268.7778
v 837.2473 821.1230 268.2728
v 828.1437 818.2544 268.2744
f 17425 17426 17427
v 828.1437 818.2544 268.2744
v 828.7151 818.4349 267.8943
v 828.1437 818.2544 267.8944
f 17428 17429 17430
v 846.1196 823.9202 267.8913
v 837.5106 821.2064 268.7778
v 846.5740 824.0640 268.2712
f 17431 17432 17433
v 837.2473 821.1230 268.2728
v 837.5106 821.2064 268.7778
v 846.1196 823.9202 267.8913
f 17434 17435 17436
v 846.5739 824.0639 267.8912
v 846.1196 823.9202 267.8913
v 846.5740 824.0640 268.2712
f 17437 17438 17439
v 814.6179 858.4611 255.2933
v 851.0697 869.9013 267.8845
v 851.0679 869.8992 255.2870
f 17440 17441 17442
v 831.7762 803.8250 255.2982
v 814.6196 858.4630 267.8909
v 814.6179 858.4611 255.2933
f 17443 17444 17445
v 868.2724 815.3309 255.2918
v 831.7779 803.8268 267.8958
v 831.7762 803.8250 255.2982
f 17446 17447 17448
v 851.0679 869.8992 255.2870
v 868.2742 815.3329 267.8894
v 868.2724 815.3309 255.2918
f 17449 17450 17451
v 838.2756 850.3838 267.8889
v 842.5989 836.6715 268.2701
v 842.5988 836.6714 267.8901
f 17452 17453 17454
v 848.4775 824.6648 267.8909
v 844.5024 837.2733 268.0168
v 844.5024 837.2733 267.8898
f 17455 17456 17457
v 858.3108 841.6263 267.8874
v 862.2860 829.0168 268.0155
v 862.2860 829.0168 267.8885
f 17458 17459 17460
v 852.2159 811.0101 267.8921
v 847.9622 824.5023 268.3970
v 847.9621 824.5022 267.8910
f 17461 17462 17463
v 862.7814 829.1734 267.8884
v 867.0353 815.6813 268.3955
v 867.0352 815.6813 267.8896
f 17464 17465 17466
v 847.0320 853.1454 268.7723
v 839.6649 850.8232 268.3946
v 843.9881 837.1108 268.3959
f 17467 17468 17469
v 843.9880 837.1107 267.8899
v 839.6649 850.8232 268.3946
v 839.6647 850.8231 267.8886
f 17470 17471 17472
v 854.4831 855.4943 267.8860
v 858.8063 841.7819 268.3933
v 858.8063 841.7819 267.8873
f 17473 17474 17475
v 840.1782 850.9847 267.8885
v 835.9810 864.3018 268.0143
v 835.9810 864.3018 267.8873
f 17476 17477 17478
v 849.7894 868.6547 267.8849
v 853.9877 855.3377 268.0131
v 853.9877 855.3376 267.8861
f 17479 17480 17481
v 824.1685 830.8609 267.8933
v 819.8454 844.5753 268.2720
v 819.8453 844.5753 267.8920
f 17482 17483 17484
v 846.5739 824.0639 267.8912
v 850.8278 810.5708 268.2724
v 850.8277 810.5708 267.8924
f 17485 17486 17487
v 832.3974 804.7602 267.8956
v 828.1437 818.2544 268.2744
v 828.1437 818.2544 267.8944
f 17488 17489 17490

g building_ID_D33AD17F-81B4-4DDA-A7A1-3594A173DED7
v 893.7513 838.0599 264.8491
v 897.6566 825.4986 264.8501
v 904.1679 827.5240 264.3440
f 17491 17492 17493
v 904.1679 827.5240 264.3440
v 900.2615 840.0853 264.3429
v 893.7513 838.0599 264.8491
f 17494 17495 17496
v 900.2614 840.0852 263.7109
v 900.2615 840.0853 264.3429
v 904.1679 827.5240 264.3440
f 17497 17498 17499
v 887.1188 835.9975 264.4713
v 891.0231 823.4363 264.4724
v 897.6566 825.4986 264.8501
f 17500 17501 17502
v 897.6566 825.4986 264.8501
v 893.7513 838.0599 264.8491
v 887.1188 835.9975 264.4713
f 17503 17504 17505
v 887.1188 835.9975 264.4713
v 884.6119 821.4436 264.8524
v 891.0231 823.4363 264.4724
f 17506 17507 17508
v 884.6119 821.4436 264.8524
v 887.1188 835.9975 264.4713
v 880.7066 834.0038 264.8514
f 17509 17510 17511
v 860.6285 872.8075 254.7464
v 905.1284 827.1700 254.7462
v 877.6380 818.6228 254.7511
f 17512 17513 17514
v 905.1284 827.1700 254.7462
v 860.6285 872.8075 254.7464
v 888.2650 881.4003 254.7414
f 17515 17516 17517
v 868.8375 871.9809 263.7111
v 860.6298 872.8089 263.7121
v 862.9426 870.1487 263.7121
f 17518 17519 17520
v 865.8150 859.4772 263.7131
v 862.9426 870.1487 263.7121
v 860.6298 872.8089 263.7121
f 17521 17522 17523
v 878.2301 863.3368 263.7108
v 878.7447 863.5745 263.7107
v 874.9514 873.8824 263.7100
f 17524 17525 17526
v 860.6298 872.8089 263.7121
v 868.8375 871.9809 263.7111
v 874.9514 873.8824 263.7100
f 17527 17528 17529
v 875.9612 874.1958 263.7098
v 874.9514 873.8824 263.7100
v 878.7447 863.5745 263.7107
f 17530 17531 17532
v 888.2664 881.4017 263.7071
v 860.6298 872.8089 263.7121
v 874.9514 873.8824 263.7100
f 17533 17534 17535
v 878.2301 863.3368 263.7108
v 878.7656 863.5035 263.7108
v 878.7447 863.5745 263.7107
f 17536 17537 17538
v 866.2213 859.6031 263.7130
v 862.9426 870.1487 263.7121
v 865.8150 859.4772 263.7131
f 17539 17540 17541
v 865.8150 859.4772 263.7131
v 860.6298 872.8089 263.7121
v 870.0732 845.7810 263.7143
f 17542 17543 17544
v 888.2664 881.4017 263.7071
v 875.9612 874.1958 263.7098
v 881.8941 876.0408 263.7087
f 17545 17546 17547
v 891.3751 867.5026 263.7085
v 888.2664 881.4017 263.7071
v 887.9311 877.9177 263.7076
f 17548 17549 17550
v 881.8941 876.0408 263.7087
v 887.9311 877.9177 263.7076
v 888.2664 881.4017 263.7071
f 17551 17552 17553
v 887.9311 877.9177 263.7076
v 891.1879 867.4441 263.7085
v 891.3751 867.5026 263.7085
f 17554 17555 17556
v 895.6561 853.7363 263.7097
v 888.2664 881.4017 263.7071
v 891.3751 867.5026 263.7085
f 17557 17558 17559
v 874.9514 873.8824 263.7100
v 875.9612 874.1958 263.7098
v 888.2664 881.4017 263.7071
f 17560 17561 17562
v 878.7447 863.5745 263.7107
v 879.2171 863.7212 263.7107
v 875.9612 874.1958 263.7098
f 17563 17564 17565
v 895.8358 852.4939 263.7099
v 895.6561 853.7363 263.7097
v 889.4921 851.8189 263.7108
f 17566 17567 17568
v 889.4921 851.8189 263.7108
v 883.0257 849.8082 263.7120
v 883.8650 848.7710 263.7120
f 17569 17570 17571
v 900.2614 840.0852 263.7109
v 888.2664 881.4017 263.7071
v 895.6561 853.7363 263.7097
f 17572 17573 17574
v 883.0257 849.8082 263.7120
v 876.3884 847.7451 263.7132
v 883.0019 847.9923 263.7123
f 17575 17576 17577
v 876.3884 847.7451 263.7132
v 870.9921 844.2586 263.7144
v 876.9369 846.1066 263.7133
f 17578 17579 17580
v 874.3503 832.0267 263.7155
v 870.9921 844.2586 263.7144
v 870.0732 845.7810 263.7143
f 17581 17582 17583
v 876.9369 846.1066 263.7133
v 883.0019 847.9923 263.7123
v 876.3884 847.7451 263.7132
f 17584 17585 17586
v 883.8650 848.7710 263.7120
v 883.0257 849.8082 263.7120
v 883.0019 847.9923 263.7123
f 17587 17588 17589
v 878.2565 819.4665 263.7166
v 874.3503 832.0267 263.7155
v 877.6393 818.6241 263.7168
f 17590 17591 17592
v 870.0732 845.7810 263.7143
v 877.6393 818.6241 263.7168
v 874.3503 832.0267 263.7155
f 17593 17594 17595
v 877.6393 818.6241 263.7168
v 884.6118 821.4434 263.7155
v 878.2565 819.4665 263.7166
f 17596 17597 17598
v 884.6118 821.4434 263.7155
v 877.6393 818.6241 263.7168
v 891.0230 823.4362 263.7144
f 17599 17600 17601
v 870.9921 844.2586 263.7144
v 874.3503 832.0267 263.7155
v 874.7566 832.1527 263.7155
f 17602 17603 17604
v 877.6393 818.6241 263.7168
v 870.0732 845.7810 263.7143
v 860.6298 872.8089 263.7121
f 17605 17606 17607
v 883.8650 848.7710 263.7120
v 889.9099 850.6517 263.7109
v 889.4921 851.8189 263.7108
f 17608 17609 17610
v 900.2614 840.0852 263.7109
v 895.8358 852.4939 263.7099
v 899.7451 839.9246 263.7110
f 17611 17612 17613
v 888.2664 881.4017 263.7071
v 900.2614 840.0852 263.7109
v 905.1298 827.1714 263.7119
f 17614 17615 17616
v 889.9099 850.6517 263.7109
v 895.8358 852.4939 263.7099
v 889.4921 851.8189 263.7108
f 17617 17618 17619
v 883.0019 847.9923 263.7123
v 887.7742 836.2017 263.7131
v 883.8650 848.7710 263.7120
f 17620 17621 17622
v 905.1298 827.1714 263.7119
v 904.1677 827.5239 263.7120
v 897.6564 825.4984 263.7132
f 17623 17624 17625
v 891.0230 823.4362 263.7144
v 905.1298 827.1714 263.7119
v 897.6564 825.4984 263.7132
f 17626 17627 17628
v 904.1677 827.5239 263.7120
v 905.1298 827.1714 263.7119
v 900.2614 840.0852 263.7109
f 17629 17630 17631
v 905.1298 827.1714 263.7119
v 891.0230 823.4362 263.7144
v 877.6393 818.6241 263.7168
f 17632 17633 17634
v 887.7742 836.2017 263.7131
v 883.0019 847.9923 263.7123
v 886.7644 835.8874 263.7133
f 17635 17636 17637
v 895.8358 852.4939 263.7099
v 900.2614 840.0852 263.7109
v 895.6561 853.7363 263.7097
f 17638 17639 17640
v 870.0732 845.7810 263.7143
v 870.9921 844.2586 263.7144
v 876.3884 847.7451 263.7132
f 17641 17642 17643
v 877.6380 818.6228 254.7511
v 877.6393 818.6241 263.7168
v 860.6298 872.8089 263.7121
f 17644 17645 17646
v 905.1284 827.1700 254.7462
v 905.1298 827.1714 263.7119
v 877.6393 818.6241 263.7168
f 17647 17648 17649
v 888.2650 881.4003 254.7414
v 888.2664 881.4017 263.7071
v 905.1298 827.1714 263.7119
f 17650 17651 17652
v 860.6285 872.8075 254.7464
v 860.6298 872.8089 263.7121
v 888.2664 881.4017 263.7071
f 17653 17654 17655
v 887.7743 836.2017 263.9651
v 893.8193 838.0806 264.3441
v 883.8650 848.7710 263.9640
f 17656 17657 17658
v 889.9100 850.6519 264.3429
v 883.8650 848.7710 263.9640
v 893.8193 838.0806 264.3441
f 17659 17660 17661
v 887.7742 836.2017 263.7131
v 887.7743 836.2017 263.9651
v 883.8650 848.7710 263.9640
f 17662 17663 17664
v 899.7451 839.9246 263.9630
v 895.8358 852.4939 263.9619
v 889.9100 850.6519 264.3429
f 17665 17666 17667
v 889.9100 850.6519 264.3429
v 893.8193 838.0806 264.3441
v 899.7451 839.9246 263.9630
f 17668 17669 17670
v 895.8358 852.4939 263.7099
v 895.8358 852.4939 263.9619
v 899.7451 839.9246 263.9630
f 17671 17672 17673
v 884.6119 821.4436 264.8524
v 880.7066 834.0038 264.8514
v 874.3504 832.0268 264.4735
f 17674 17675 17676
v 874.3504 832.0268 264.4735
v 878.2567 819.4666 264.4746
v 884.6119 821.4436 264.8524
f 17677 17678 17679
v 874.7567 832.1527 263.9675
v 876.9370 846.1067 264.3453
v 870.9922 844.2586 263.9664
f 17680 17681 17682
v 876.9370 846.1067 264.3453
v 874.7567 832.1527 263.9675
v 880.7006 834.0018 264.3464
f 17683 17684 17685
v 880.7006 834.0018 264.3464
v 883.0020 847.9924 263.9643
v 876.9370 846.1067 264.3453
f 17686 17687 17688
v 886.7645 835.8875 263.9653
v 883.0020 847.9924 263.9643
v 880.7006 834.0018 264.3464
f 17689 17690 17691
v 883.0019 847.9923 263.7123
v 883.0020 847.9924 263.9643
v 886.7645 835.8875 263.9653
f 17692 17693 17694
v 878.2565 819.4665 263.7166
v 878.2567 819.4666 264.4746
v 874.3504 832.0268 264.4735
f 17695 17696 17697
v 874.7566 832.1527 263.7155
v 874.7567 832.1527 263.9675
v 870.9922 844.2586 263.9664
f 17698 17699 17700
v 875.9612 874.1958 263.9618
v 879.2172 863.7213 263.9627
v 885.1521 865.5664 264.4676
f 17701 17702 17703
v 885.1521 865.5664 264.4676
v 881.8942 876.0409 264.4666
v 875.9612 874.1958 263.9618
f 17704 17705 17706
v 891.1879 867.4442 263.9605
v 887.9311 877.9177 263.9595
v 881.8942 876.0409 264.4666
f 17707 17708 17709
v 885.1521 865.5664 264.4676
v 891.1879 867.4442 263.9605
v 881.8942 876.0409 264.4666
f 17710 17711 17712
v 879.2171 863.7212 263.7107
v 879.2172 863.7213 263.9627
v 875.9612 874.1958 263.9618
f 17713 17714 17715
v 887.9311 877.9177 263.7076
v 887.9311 877.9177 263.9595
v 891.1879 867.4442 263.9605
f 17716 17717 17718
v 895.6562 853.7365 264.5947
v 891.3752 867.5027 264.5935
v 885.2112 865.5853 264.8466
f 17719 17720 17721
v 885.2112 865.5853 264.8466
v 889.4922 851.8190 264.8478
v 895.6562 853.7365 264.5947
f 17722 17723 17724
v 885.2112 865.5853 264.8466
v 883.0259 849.8083 264.5970
v 889.4922 851.8190 264.8478
f 17725 17726 17727
v 883.0259 849.8083 264.5970
v 885.2112 865.5853 264.8466
v 878.7448 863.5746 264.5957
f 17728 17729 17730
v 878.7657 863.5036 264.4688
v 876.3885 847.7452 264.9762
v 883.0259 849.8083 264.4700
f 17731 17732 17733
v 876.3885 847.7452 264.9762
v 878.7657 863.5036 264.4688
v 872.1303 861.4405 264.9749
f 17734 17735 17736
v 870.0733 845.7811 264.4723
v 872.1303 861.4405 264.9749
v 865.8151 859.4773 264.4711
f 17737 17738 17739
v 872.1303 861.4405 264.9749
v 870.0733 845.7811 264.4723
v 876.3885 847.7452 264.9762
f 17740 17741 17742
v 866.2213 859.6031 263.9650
v 868.8376 871.9810 264.4690
v 862.9427 870.1487 263.9641
f 17743 17744 17745
v 868.8376 871.9810 264.4690
v 866.2213 859.6031 263.9650
v 872.1162 861.4364 264.4699
f 17746 17747 17748
v 872.1162 861.4364 264.4699
v 878.2301 863.3369 263.9628
v 868.8376 871.9810 264.4690
f 17749 17750 17751
v 874.9515 873.8825 263.9620
v 868.8376 871.9810 264.4690
v 878.2301 863.3369 263.9628
f 17752 17753 17754
v 891.3751 867.5026 263.7085
v 891.3752 867.5027 264.5935
v 895.6562 853.7365 264.5947
f 17755 17756 17757
v 870.0732 845.7810 263.7143
v 870.0733 845.7811 264.4723
v 865.8151 859.4773 264.4711
f 17758 17759 17760
v 878.7657 863.5036 264.4688
v 883.0259 849.8083 264.4700
v 883.0259 849.8083 264.5970
f 17761 17762 17763
v 878.7656 863.5035 263.7108
v 878.7657 863.5036 264.4688
v 878.7447 863.5745 263.7107
f 17764 17765 17766
v 878.7448 863.5746 264.5957
v 878.7447 863.5745 263.7107
v 878.7657 863.5036 264.4688
f 17767 17768 17769
v 866.2213 859.6031 263.7130
v 866.2213 859.6031 263.9650
v 862.9427 870.1487 263.9641
f 17770 17771 17772
v 874.9514 873.8824 263.7100
v 874.9515 873.8825 263.9620
v 878.2301 863.3369 263.9628
f 17773 17774 17775
v 889.9100 850.6519 264.3429
v 889.9099 850.6517 263.7109
v 883.8650 848.7710 263.7120
f 17776 17777 17778
v 883.8650 848.7710 263.9640
v 889.9100 850.6519 264.3429
v 883.8650 848.7710 263.7120
f 17779 17780 17781
v 889.9099 850.6517 263.7109
v 895.8358 852.4939 263.9619
v 895.8358 852.4939 263.7099
f 17782 17783 17784
v 889.9100 850.6519 264.3429
v 895.8358 852.4939 263.9619
v 889.9099 850.6517 263.7109
f 17785 17786 17787
v 876.9369 846.1066 263.7133
v 870.9921 844.2586 263.7144
v 870.9922 844.2586 263.9664
f 17788 17789 17790
v 876.9370 846.1067 264.3453
v 876.9369 846.1066 263.7133
v 870.9922 844.2586 263.9664
f 17791 17792 17793
v 876.9369 846.1066 263.7133
v 876.9370 846.1067 264.3453
v 883.0019 847.9923 263.7123
f 17794 17795 17796
v 883.0020 847.9924 263.9643
v 883.0019 847.9923 263.7123
v 876.9370 846.1067 264.3453
f 17797 17798 17799
v 891.0230 823.4362 263.7144
v 897.6564 825.4984 263.7132
v 897.6566 825.4986 264.8501
f 17800 17801 17802
v 904.1677 827.5239 263.7120
v 904.1679 827.5240 264.3440
v 897.6564 825.4984 263.7132
f 17803 17804 17805
v 897.6566 825.4986 264.8501
v 897.6564 825.4984 263.7132
v 904.1679 827.5240 264.3440
f 17806 17807 17808
v 891.0230 823.4362 263.7144
v 897.6566 825.4986 264.8501
v 891.0231 823.4363 264.4724
f 17809 17810 17811
v 878.2565 819.4665 263.7166
v 884.6119 821.4436 264.8524
v 878.2567 819.4666 264.4746
f 17812 17813 17814
v 891.0231 823.4363 264.4724
v 884.6118 821.4434 263.7155
v 891.0230 823.4362 263.7144
f 17815 17816 17817
v 878.2565 819.4665 263.7166
v 884.6118 821.4434 263.7155
v 884.6119 821.4436 264.8524
f 17818 17819 17820
v 884.6119 821.4436 264.8524
v 884.6118 821.4434 263.7155
v 891.0231 823.4363 264.4724
f 17821 17822 17823
v 881.8942 876.0409 264.4666
v 881.8941 876.0408 263.7087
v 875.9612 874.1958 263.7098
f 17824 17825 17826
v 875.9612 874.1958 263.9618
v 881.8942 876.0409 264.4666
v 875.9612 874.1958 263.7098
f 17827 17828 17829
v 881.8941 876.0408 263.7087
v 887.9311 877.9177 263.9595
v 887.9311 877.9177 263.7076
f 17830 17831 17832
v 881.8942 876.0409 264.4666
v 887.9311 877.9177 263.9595
v 881.8941 876.0408 263.7087
f 17833 17834 17835
v 879.2172 863.7213 263.9627
v 878.7448 863.5746 264.5957
v 885.1521 865.5664 264.4676
f 17836 17837 17838
v 885.2112 865.5853 264.8466
v 885.1521 865.5664 264.4676
v 878.7448 863.5746 264.5957
f 17839 17840 17841
v 879.2171 863.7212 263.7107
v 878.7447 863.5745 263.7107
v 879.2172 863.7213 263.9627
f 17842 17843 17844
v 878.7448 863.5746 264.5957
v 879.2172 863.7213 263.9627
v 878.7447 863.5745 263.7107
f 17845 17846 17847
v 891.1879 867.4442 263.9605
v 885.2112 865.5853 264.8466
v 891.3752 867.5027 264.5935
f 17848 17849 17850
v 885.1521 865.5664 264.4676
v 885.2112 865.5853 264.8466
v 891.1879 867.4442 263.9605
f 17851 17852 17853
v 891.1879 867.4441 263.7085
v 891.1879 867.4442 263.9605
v 891.3751 867.5026 263.7085
f 17854 17855 17856
v 891.3752 867.5027 264.5935
v 891.3751 867.5026 263.7085
v 891.1879 867.4442 263.9605
f 17857 17858 17859
v 872.1162 861.4364 264.4699
v 866.2213 859.6031 263.9650
v 865.8151 859.4773 264.4711
f 17860 17861 17862
v 866.2213 859.6031 263.7130
v 865.8150 859.4772 263.7131
v 866.2213 859.6031 263.9650
f 17863 17864 17865
v 865.8151 859.4773 264.4711
v 866.2213 859.6031 263.9650
v 865.8150 859.4772 263.7131
f 17866 17867 17868
v 872.1303 861.4405 264.9749
v 872.1162 861.4364 264.4699
v 865.8151 859.4773 264.4711
f 17869 17870 17871
v 872.1162 861.4364 264.4699
v 872.1303 861.4405 264.9749
v 878.2301 863.3369 263.9628
f 17872 17873 17874
v 878.2301 863.3369 263.9628
v 872.1303 861.4405 264.9749
v 878.7657 863.5036 264.4688
f 17875 17876 17877
v 878.2301 863.3368 263.7108
v 878.2301 863.3369 263.9628
v 878.7656 863.5035 263.7108
f 17878 17879 17880
v 878.7657 863.5036 264.4688
v 878.7656 863.5035 263.7108
v 878.2301 863.3369 263.9628
f 17881 17882 17883
v 883.0257 849.8082 263.7120
v 889.4921 851.8189 263.7108
v 889.4922 851.8190 264.8478
f 17884 17885 17886
v 895.6561 853.7363 263.7097
v 895.6562 853.7365 264.5947
v 889.4921 851.8189 263.7108
f 17887 17888 17889
v 889.4922 851.8190 264.8478
v 889.4921 851.8189 263.7108
v 895.6562 853.7365 264.5947
f 17890 17891 17892
v 883.0259 849.8083 264.4700
v 889.4922 851.8190 264.8478
v 883.0259 849.8083 264.5970
f 17893 17894 17895
v 870.0732 845.7810 263.7143
v 876.3885 847.7452 264.9762
v 870.0733 845.7811 264.4723
f 17896 17897 17898
v 876.3884 847.7451 263.7132
v 876.3885 847.7452 264.9762
v 870.0732 845.7810 263.7143
f 17899 17900 17901
v 883.0257 849.8082 263.7120
v 883.0259 849.8083 264.4700
v 876.3884 847.7451 263.7132
f 17902 17903 17904
v 889.4922 851.8190 264.8478
v 883.0259 849.8083 264.4700
v 883.0257 849.8082 263.7120
f 17905 17906 17907
v 876.3884 847.7451 263.7132
v 883.0259 849.8083 264.4700
v 876.3885 847.7452 264.9762
f 17908 17909 17910
v 868.8376 871.9810 264.4690
v 868.8375 871.9809 263.7111
v 862.9426 870.1487 263.7121
f 17911 17912 17913
v 862.9427 870.1487 263.9641
v 868.8376 871.9810 264.4690
v 862.9426 870.1487 263.7121
f 17914 17915 17916
v 868.8375 871.9809 263.7111
v 874.9515 873.8825 263.9620
v 874.9514 873.8824 263.7100
f 17917 17918 17919
v 868.8376 871.9810 264.4690
v 874.9515 873.8825 263.9620
v 868.8375 871.9809 263.7111
f 17920 17921 17922
v 874.3504 832.0268 264.4735
v 880.7066 834.0038 264.8514
v 880.7006 834.0018 264.3464
f 17923 17924 17925
v 880.7006 834.0018 264.3464
v 880.7066 834.0038 264.8514
v 886.7645 835.8875 263.9653
f 17926 17927 17928
v 887.1188 835.9975 264.4713
v 886.7645 835.8875 263.9653
v 880.7066 834.0038 264.8514
f 17929 17930 17931
v 874.7567 832.1527 263.9675
v 874.3503 832.0267 263.7155
v 874.3504 832.0268 264.4735
f 17932 17933 17934
v 880.7006 834.0018 264.3464
v 874.7567 832.1527 263.9675
v 874.3504 832.0268 264.4735
f 17935 17936 17937
v 874.3503 832.0267 263.7155
v 874.7567 832.1527 263.9675
v 874.7566 832.1527 263.7155
f 17938 17939 17940
v 887.7743 836.2017 263.9651
v 886.7645 835.8875 263.9653
v 887.1188 835.9975 264.4713
f 17941 17942 17943
v 887.1188 835.9975 264.4713
v 893.8193 838.0806 264.3441
v 887.7743 836.2017 263.9651
f 17944 17945 17946
v 893.8193 838.0806 264.3441
v 893.7513 838.0599 264.8491
v 899.7451 839.9246 263.9630
f 17947 17948 17949
v 900.2615 840.0853 264.3429
v 899.7451 839.9246 263.9630
v 893.7513 838.0599 264.8491
f 17950 17951 17952
v 900.2614 840.0852 263.7109
v 899.7451 839.9246 263.9630
v 900.2615 840.0853 264.3429
f 17953 17954 17955
v 886.7644 835.8874 263.7133
v 886.7645 835.8875 263.9653
v 887.7742 836.2017 263.7131
f 17956 17957 17958
v 887.7743 836.2017 263.9651
v 887.7742 836.2017 263.7131
v 886.7645 835.8875 263.9653
f 17959 17960 17961
v 899.7451 839.9246 263.7110
v 899.7451 839.9246 263.9630
v 900.2614 840.0852 263.7109
f 17962 17963 17964
v 893.7513 838.0599 264.8491
v 893.8193 838.0806 264.3441
v 887.1188 835.9975 264.4713
f 17965 17966 17967
v 900.2614 840.0852 263.7109
v 904.1679 827.5240 264.3440
v 904.1677 827.5239 263.7120
f 17968 17969 17970
v 877.6380 818.6228 254.7511
v 860.6298 872.8089 263.7121
v 860.6285 872.8075 254.7464
f 17971 17972 17973
v 905.1284 827.1700 254.7462
v 877.6393 818.6241 263.7168
v 877.6380 818.6228 254.7511
f 17974 17975 17976
v 888.2650 881.4003 254.7414
v 905.1298 827.1714 263.7119
v 905.1284 827.1700 254.7462
f 17977 17978 17979
v 860.6285 872.8075 254.7464
v 888.2664 881.4017 263.7071
v 888.2650 881.4003 254.7414
f 17980 17981 17982
v 887.7742 836.2017 263.7131
v 883.8650 848.7710 263.9640
v 883.8650 848.7710 263.7120
f 17983 17984 17985
v 895.8358 852.4939 263.7099
v 899.7451 839.9246 263.9630
v 899.7451 839.9246 263.7110
f 17986 17987 17988
v 883.0019 847.9923 263.7123
v 886.7645 835.8875 263.9653
v 886.7644 835.8874 263.7133
f 17989 17990 17991
v 878.2565 819.4665 263.7166
v 874.3504 832.0268 264.4735
v 874.3503 832.0267 263.7155
f 17992 17993 17994
v 874.7566 832.1527 263.7155
v 870.9922 844.2586 263.9664
v 870.9921 844.2586 263.7144
f 17995 17996 17997
v 879.2171 863.7212 263.7107
v 875.9612 874.1958 263.9618
v 875.9612 874.1958 263.7098
f 17998 17999 18000
v 887.9311 877.9177 263.7076
v 891.1879 867.4442 263.9605
v 891.1879 867.4441 263.7085
f 18001 18002 18003
v 891.3751 867.5026 263.7085
v 895.6562 853.7365 264.5947
v 895.6561 853.7363 263.7097
f 18004 18005 18006
v 870.0732 845.7810 263.7143
v 865.8151 859.4773 264.4711
v 865.8150 859.4772 263.7131
f 18007 18008 18009
v 878.7657 863.5036 264.4688
v 883.0259 849.8083 264.5970
v 878.7448 863.5746 264.5957
f 18010 18011 18012
v 866.2213 859.6031 263.7130
v 862.9427 870.1487 263.9641
v 862.9426 870.1487 263.7121
f 18013 18014 18015
v 874.9514 873.8824 263.7100
v 878.2301 863.3369 263.9628
v 878.2301 863.3368 263.7108
f 18016 18017 18018

g building_ID_34ACD45E-4B6D-4E46-8E57-4FD5913E44A6
v 878.1015 918.0070 303.2940
v 871.9958 897.1856 303.2978
v 883.5022 900.7457 303.2957
f 18019 18020 18021
v 871.9958 897.1856 303.2978
v 878.1015 918.0070 303.2940
v 866.6501 914.4628 303.2961
f 18022 18023 18024
v 866.6501 914.4628 303.2961
v 873.6943 916.6421 292.8661
v 866.6486 914.4611 292.8674
f 18025 18026 18027
v 878.1006 918.0037 277.3159
v 873.6943 916.6421 292.8661
v 878.1015 918.0070 303.2940
f 18028 18029 18030
v 866.6501 914.4628 303.2961
v 878.1015 918.0070 303.2940
v 873.6943 916.6421 292.8661
f 18031 18032 18033
v 873.6921 916.6395 277.3167
v 873.6943 916.6421 292.8661
v 878.1006 918.0037 277.3159
f 18034 18035 18036
v 871.8777 897.5495 276.1827
v 871.9917 897.1811 276.1827
v 871.8802 897.5521 292.8691
f 18037 18038 18039
v 871.9958 897.1856 303.2978
v 871.8802 897.5521 292.8691
v 871.9917 897.1811 276.1827
f 18040 18041 18042
v 866.6486 914.4611 292.8674
v 871.8802 897.5521 292.8691
v 866.6501 914.4628 303.2961
f 18043 18044 18045
v 883.4949 900.7377 254.9603
v 883.5022 900.7457 303.2957
v 883.4631 900.7303 276.1807
f 18046 18047 18048
v 871.9958 897.1856 303.2978
v 883.4631 900.7303 276.1807
v 883.5022 900.7457 303.2957
f 18049 18050 18051
v 883.4599 900.7268 254.9604
v 883.4949 900.7377 254.9603
v 883.4631 900.7303 276.1807
f 18052 18053 18054
v 871.9958 897.1856 303.2978
v 871.9917 897.1811 276.1827
v 883.4631 900.7303 276.1807
f 18055 18056 18057
v 825.1489 904.4470 254.9676
v 825.1542 904.4533 292.8744
v 824.9559 905.0869 292.8744
f 18058 18059 18060
v 816.3826 901.7016 254.9691
v 816.3879 901.7078 292.8759
v 825.1542 904.4533 292.8744
f 18061 18062 18063
v 816.1744 902.3651 254.9691
v 816.1797 902.3714 292.8759
v 816.3879 901.7078 292.8759
f 18064 18065 18066
v 806.4645 899.3612 254.9707
v 806.4698 899.3674 292.8775
v 816.1797 902.3714 292.8759
f 18067 18068 18069
v 807.0525 897.4817 254.9709
v 807.0577 897.4879 292.8777
v 806.4698 899.3674 292.8775
f 18070 18071 18072
v 800.7463 895.5076 254.9720
v 800.7515 895.5138 292.8788
v 807.0577 897.4879 292.8777
f 18073 18074 18075
v 806.4307 877.4087 254.9738
v 806.4360 877.4148 292.8806
v 800.7515 895.5138 292.8788
f 18076 18077 18078
v 836.9859 886.9906 254.9685
v 836.9913 886.9968 292.8752
v 806.4360 877.4148 292.8806
f 18079 18080 18081
v 846.0146 889.5454 254.9670
v 847.8481 890.1124 254.9667
v 846.0162 889.5472 266.3266
f 18082 18083 18084
v 847.8535 890.1187 292.8734
v 846.0162 889.5472 266.3266
v 847.8481 890.1124 254.9667
f 18085 18086 18087
v 837.0559 886.7743 266.3282
v 846.0162 889.5472 266.3266
v 837.0597 886.7786 292.8753
f 18088 18089 18090
v 847.8535 890.1187 292.8734
v 837.0597 886.7786 292.8753
v 846.0162 889.5472 266.3266
f 18091 18092 18093
v 847.7668 890.3717 254.9666
v 847.7723 890.3778 292.8733
v 847.8535 890.1187 292.8734
f 18094 18095 18096
v 857.8040 893.5227 254.9649
v 857.8096 893.5289 292.8716
v 847.7668 890.3717 254.9666
f 18097 18098 18099
v 824.9505 905.0805 254.9676
v 824.9559 905.0869 292.8744
v 866.4206 917.9150 277.3175
f 18100 18101 18102
v 872.6990 919.8597 292.8659
v 866.4206 917.9150 277.3175
v 824.9559 905.0869 292.8744
f 18103 18104 18105
v 866.4172 917.9112 254.9602
v 824.9505 905.0805 254.9676
v 866.4206 917.9150 277.3175
f 18106 18107 18108
v 872.6990 919.8597 292.8659
v 872.6966 919.8571 277.3164
v 866.4206 917.9150 277.3175
f 18109 18110 18111
v 866.6486 914.4611 292.8674
v 873.6943 916.6421 292.8661
v 872.6990 919.8597 292.8659
f 18112 18113 18114
v 847.7723 890.3778 292.8733
v 857.8096 893.5289 292.8716
v 866.6486 914.4611 292.8674
f 18115 18116 18117
v 866.6486 914.4611 292.8674
v 872.6990 919.8597 292.8659
v 824.9559 905.0869 292.8744
f 18118 18119 18120
v 857.8096 893.5289 292.8716
v 871.8802 897.5521 292.8691
v 866.6486 914.4611 292.8674
f 18121 18122 18123
v 857.9037 893.2287 292.8716
v 871.8802 897.5521 292.8691
v 857.8096 893.5289 292.8716
f 18124 18125 18126
v 836.9913 886.9968 292.8752
v 837.0597 886.7786 292.8753
v 847.8535 890.1187 292.8734
f 18127 18128 18129
v 847.8535 890.1187 292.8734
v 847.7723 890.3778 292.8733
v 836.9913 886.9968 292.8752
f 18130 18131 18132
v 825.1542 904.4533 292.8744
v 847.7723 890.3778 292.8733
v 866.6486 914.4611 292.8674
f 18133 18134 18135
v 847.7723 890.3778 292.8733
v 825.1542 904.4533 292.8744
v 836.9913 886.9968 292.8752
f 18136 18137 18138
v 806.4698 899.3674 292.8775
v 816.3879 901.7078 292.8759
v 816.1797 902.3714 292.8759
f 18139 18140 18141
v 836.9913 886.9968 292.8752
v 825.1542 904.4533 292.8744
v 807.0577 897.4879 292.8777
f 18142 18143 18144
v 816.3879 901.7078 292.8759
v 807.0577 897.4879 292.8777
v 825.1542 904.4533 292.8744
f 18145 18146 18147
v 806.4360 877.4148 292.8806
v 807.0577 897.4879 292.8777
v 800.7515 895.5138 292.8788
f 18148 18149 18150
v 806.4698 899.3674 292.8775
v 807.0577 897.4879 292.8777
v 816.3879 901.7078 292.8759
f 18151 18152 18153
v 836.9913 886.9968 292.8752
v 807.0577 897.4879 292.8777
v 806.4360 877.4148 292.8806
f 18154 18155 18156
v 824.9559 905.0869 292.8744
v 825.1542 904.4533 292.8744
v 866.6486 914.4611 292.8674
f 18157 18158 18159
v 871.8802 897.5521 292.8691
v 870.1984 897.0300 276.1830
v 871.8777 897.5495 276.1827
f 18160 18161 18162
v 857.8999 893.2243 266.3245
v 870.1984 897.0300 276.1830
v 857.9037 893.2287 292.8716
f 18163 18164 18165
v 871.8802 897.5521 292.8691
v 857.9037 893.2287 292.8716
v 870.1984 897.0300 276.1830
f 18166 18167 18168
v 870.1969 897.0284 266.3223
v 870.1984 897.0300 276.1830
v 857.8999 893.2243 266.3245
f 18169 18170 18171
v 872.6966 919.8571 277.3164
v 872.6990 919.8597 292.8659
v 873.6943 916.6421 292.8661
f 18172 18173 18174
v 866.0386 919.1352 254.9601
v 866.0418 919.1390 277.3174
v 876.6977 922.4774 277.3155
f 18175 18176 18177
v 872.6966 919.8571 277.3164
v 878.1006 918.0037 277.3159
v 876.6977 922.4774 277.3155
f 18178 18179 18180
v 866.0418 919.1390 277.3174
v 872.6966 919.8571 277.3164
v 876.6977 922.4774 277.3155
f 18181 18182 18183
v 873.6921 916.6395 277.3167
v 878.1006 918.0037 277.3159
v 872.6966 919.8571 277.3164
f 18184 18185 18186
v 866.0418 919.1390 277.3174
v 866.4206 917.9150 277.3175
v 872.6966 919.8571 277.3164
f 18187 18188 18189
v 866.4172 917.9112 254.9602
v 866.4206 917.9150 277.3175
v 866.0418 919.1390 277.3174
f 18190 18191 18192
v 847.7535 883.9238 254.9675
v 847.7551 883.9257 266.3271
v 838.8307 881.1246 266.3287
f 18193 18194 18195
v 837.0559 886.7743 266.3282
v 838.8307 881.1246 266.3287
v 847.7551 883.9257 266.3271
f 18196 18197 18198
v 847.7551 883.9257 266.3271
v 846.0162 889.5472 266.3266
v 837.0559 886.7743 266.3282
f 18199 18200 18201
v 846.0146 889.5454 254.9670
v 846.0162 889.5472 266.3266
v 847.7551 883.9257 266.3271
f 18202 18203 18204
v 870.1984 897.0300 276.1830
v 871.9055 891.5094 276.1835
v 871.9917 897.1811 276.1827
f 18205 18206 18207
v 885.0394 895.6331 276.1812
v 871.9917 897.1811 276.1827
v 871.9055 891.5094 276.1835
f 18208 18209 18210
v 871.8777 897.5495 276.1827
v 870.1984 897.0300 276.1830
v 871.9917 897.1811 276.1827
f 18211 18212 18213
v 885.0394 895.6331 276.1812
v 883.4631 900.7303 276.1807
v 871.9917 897.1811 276.1827
f 18214 18215 18216
v 883.4599 900.7268 254.9604
v 883.4631 900.7303 276.1807
v 885.0394 895.6331 276.1812
f 18217 18218 18219
v 871.9041 891.5078 266.3228
v 871.9055 891.5094 276.1835
v 870.1969 897.0284 266.3223
f 18220 18221 18222
v 871.9041 891.5078 266.3228
v 857.8999 893.2243 266.3245
v 859.6480 887.6597 266.3250
f 18223 18224 18225
v 857.8999 893.2243 266.3245
v 871.9041 891.5078 266.3228
v 870.1969 897.0284 266.3223
f 18226 18227 18228
v 876.6977 922.4774 277.3155
v 878.1006 918.0037 277.3159
v 878.0943 917.9989 254.9586
f 18229 18230 18231
v 883.5022 900.7457 303.2957
v 883.4949 900.7377 254.9603
v 878.1006 918.0037 277.3159
f 18232 18233 18234
v 883.4949 900.7377 254.9603
v 878.0943 917.9989 254.9586
v 878.1006 918.0037 277.3159
f 18235 18236 18237
v 878.1015 918.0070 303.2940
v 883.5022 900.7457 303.2957
v 878.1006 918.0037 277.3159
f 18238 18239 18240
v 837.0559 886.7743 266.3282
v 836.9859 886.9906 254.9685
v 838.8307 881.1246 266.3287
f 18241 18242 18243
v 838.8307 881.1246 266.3287
v 836.9859 886.9906 254.9685
v 838.8292 881.1227 254.9691
f 18244 18245 18246
v 837.0559 886.7743 266.3282
v 836.9913 886.9968 292.8752
v 836.9859 886.9906 254.9685
f 18247 18248 18249
v 837.0597 886.7786 292.8753
v 836.9913 886.9968 292.8752
v 837.0559 886.7743 266.3282
f 18250 18251 18252
v 857.8096 893.5289 292.8716
v 857.8999 893.2243 266.3245
v 857.9037 893.2287 292.8716
f 18253 18254 18255
v 857.8999 893.2243 266.3245
v 859.6463 887.6579 254.9654
v 859.6480 887.6597 266.3250
f 18256 18257 18258
v 859.6463 887.6579 254.9654
v 857.8999 893.2243 266.3245
v 857.8983 893.2225 254.9649
f 18259 18260 18261
v 857.8999 893.2243 266.3245
v 857.8096 893.5289 292.8716
v 857.8983 893.2225 254.9649
f 18262 18263 18264
v 857.8096 893.5289 292.8716
v 857.8040 893.5227 254.9649
v 857.8983 893.2225 254.9649
f 18265 18266 18267
v 885.0394 895.6331 276.1812
v 871.9041 891.5078 266.3228
v 885.0362 895.6297 254.9609
f 18268 18269 18270
v 871.9041 891.5078 266.3228
v 885.0394 895.6331 276.1812
v 871.9055 891.5094 276.1835
f 18271 18272 18273
v 859.6463 887.6579 254.9654
v 871.9041 891.5078 266.3228
v 859.6480 887.6597 266.3250
f 18274 18275 18276
v 885.0362 895.6297 254.9609
v 871.9041 891.5078 266.3228
v 859.6463 887.6579 254.9654
f 18277 18278 18279
v 816.3826 901.7016 254.9691
v 807.0525 897.4817 254.9709
v 806.4645 899.3612 254.9707
f 18280 18281 18282
v 806.4307 877.4087 254.9738
v 800.7463 895.5076 254.9720
v 807.0525 897.4817 254.9709
f 18283 18284 18285
v 836.9859 886.9906 254.9685
v 807.0525 897.4817 254.9709
v 816.3826 901.7016 254.9691
f 18286 18287 18288
v 847.7668 890.3717 254.9666
v 825.1489 904.4470 254.9676
v 878.0943 917.9989 254.9586
f 18289 18290 18291
v 806.4645 899.3612 254.9707
v 816.1744 902.3651 254.9691
v 816.3826 901.7016 254.9691
f 18292 18293 18294
v 825.1489 904.4470 254.9676
v 836.9859 886.9906 254.9685
v 816.3826 901.7016 254.9691
f 18295 18296 18297
v 836.9859 886.9906 254.9685
v 806.4307 877.4087 254.9738
v 807.0525 897.4817 254.9709
f 18298 18299 18300
v 836.9859 886.9906 254.9685
v 847.7668 890.3717 254.9666
v 846.0146 889.5454 254.9670
f 18301 18302 18303
v 847.7535 883.9238 254.9675
v 838.8292 881.1227 254.9691
v 836.9859 886.9906 254.9685
f 18304 18305 18306
v 847.8481 890.1124 254.9667
v 846.0146 889.5454 254.9670
v 847.7668 890.3717 254.9666
f 18307 18308 18309
v 846.0146 889.5454 254.9670
v 847.7535 883.9238 254.9675
v 836.9859 886.9906 254.9685
f 18310 18311 18312
v 825.1489 904.4470 254.9676
v 847.7668 890.3717 254.9666
v 836.9859 886.9906 254.9685
f 18313 18314 18315
v 866.4172 917.9112 254.9602
v 825.1489 904.4470 254.9676
v 824.9505 905.0805 254.9676
f 18316 18317 18318
v 878.0943 917.9989 254.9586
v 825.1489 904.4470 254.9676
v 866.4172 917.9112 254.9602
f 18319 18320 18321
v 878.0943 917.9989 254.9586
v 857.8040 893.5227 254.9649
v 847.7668 890.3717 254.9666
f 18322 18323 18324
v 866.4172 917.9112 254.9602
v 876.6943 922.4736 254.9582
v 878.0943 917.9989 254.9586
f 18325 18326 18327
v 876.6943 922.4736 254.9582
v 866.4172 917.9112 254.9602
v 866.0386 919.1352 254.9601
f 18328 18329 18330
v 883.4599 900.7268 254.9604
v 857.8040 893.5227 254.9649
v 878.0943 917.9989 254.9586
f 18331 18332 18333
v 859.6463 887.6579 254.9654
v 857.8983 893.2225 254.9649
v 883.4599 900.7268 254.9604
f 18334 18335 18336
v 857.8040 893.5227 254.9649
v 883.4599 900.7268 254.9604
v 857.8983 893.2225 254.9649
f 18337 18338 18339
v 859.6463 887.6579 254.9654
v 883.4599 900.7268 254.9604
v 885.0362 895.6297 254.9609
f 18340 18341 18342
v 883.4599 900.7268 254.9604
v 878.0943 917.9989 254.9586
v 883.4949 900.7377 254.9603
f 18343 18344 18345
v 871.8802 897.5521 292.8691
v 871.9958 897.1856 303.2978
v 866.6501 914.4628 303.2961
f 18346 18347 18348
v 825.1489 904.4470 254.9676
v 824.9559 905.0869 292.8744
v 824.9505 905.0805 254.9676
f 18349 18350 18351
v 816.3826 901.7016 254.9691
v 825.1542 904.4533 292.8744
v 825.1489 904.4470 254.9676
f 18352 18353 18354
v 816.1744 902.3651 254.9691
v 816.3879 901.7078 292.8759
v 816.3826 901.7016 254.9691
f 18355 18356 18357
v 806.4645 899.3612 254.9707
v 816.1797 902.3714 292.8759
v 816.1744 902.3651 254.9691
f 18358 18359 18360
v 807.0525 897.4817 254.9709
v 806.4698 899.3674 292.8775
v 806.4645 899.3612 254.9707
f 18361 18362 18363
v 800.7463 895.5076 254.9720
v 807.0577 897.4879 292.8777
v 807.0525 897.4817 254.9709
f 18364 18365 18366
v 806.4307 877.4087 254.9738
v 800.7515 895.5138 292.8788
v 800.7463 895.5076 254.9720
f 18367 18368 18369
v 836.9859 886.9906 254.9685
v 806.4360 877.4148 292.8806
v 806.4307 877.4087 254.9738
f 18370 18371 18372
v 847.7668 890.3717 254.9666
v 847.8535 890.1187 292.8734
v 847.8481 890.1124 254.9667
f 18373 18374 18375
v 857.8096 893.5289 292.8716
v 847.7723 890.3778 292.8733
v 847.7668 890.3717 254.9666
f 18376 18377 18378
v 872.6966 919.8571 277.3164
v 873.6943 916.6421 292.8661
v 873.6921 916.6395 277.3167
f 18379 18380 18381
v 866.0386 919.1352 254.9601
v 876.6977 922.4774 277.3155
v 876.6943 922.4736 254.9582
f 18382 18383 18384
v 866.4172 917.9112 254.9602
v 866.0418 919.1390 277.3174
v 866.0386 919.1352 254.9601
f 18385 18386 18387
v 847.7535 883.9238 254.9675
v 838.8307 881.1246 266.3287
v 838.8292 881.1227 254.9691
f 18388 18389 18390
v 846.0146 889.5454 254.9670
v 847.7551 883.9257 266.3271
v 847.7535 883.9238 254.9675
f 18391 18392 18393
v 883.4599 900.7268 254.9604
v 885.0394 895.6331 276.1812
v 885.0362 895.6297 254.9609
f 18394 18395 18396
v 871.9055 891.5094 276.1835
v 870.1984 897.0300 276.1830
v 870.1969 897.0284 266.3223
f 18397 18398 18399
v 876.6977 922.4774 277.3155
v 878.0943 917.9989 254.9586
v 876.6943 922.4736 254.9582
f 18400 18401 18402
