# Grid Center: 2616400, 1263600
# Global Anchor: 7.64977475454284, 47.53283995868075, 0.0

g building_ID_BBE5061B-AE51-4EFA-8B20-9561A1038F01
v 315.0425 -1083.0520 312.0400
v 310.7136 -1086.7554 312.0395
v 311.7184 -1079.7231 312.0407
f 1 2 3
v 311.7184 -1079.7231 312.0407
v 315.0403 -1080.1530 312.0405
v 315.0425 -1083.0520 312.0400
f 4 5 6
v 315.0425 -1083.0520 312.0400
v 315.5415 -1083.0523 312.0399
v 315.0899 -1087.3751 312.0391
f 7 8 9
v 315.0899 -1087.3751 312.0391
v 310.7136 -1086.7554 312.0395
v 315.0425 -1083.0520 312.0400
f 10 11 12
v 315.0736 -1090.4980 312.0386
v 317.3798 -1093.3832 312.0380
v 315.0606 -1093.0830 312.0382
f 13 14 15
v 315.0899 -1087.3751 312.0391
v 315.5415 -1083.0523 312.0399
v 315.2619 -1087.3926 312.0391
f 16 17 18
v 315.2619 -1087.3926 312.0391
v 318.1059 -1087.7602 312.0389
v 315.0736 -1090.4980 312.0386
f 19 20 21
v 318.9166 -1083.0264 312.0398
v 319.2568 -1080.6992 312.0402
v 323.7393 -1081.2753 312.0397
f 22 23 24
v 318.9184 -1083.0653 312.0398
v 318.9166 -1083.0264 312.0398
v 323.7393 -1081.2753 312.0397
f 25 26 27
v 318.1059 -1087.7602 312.0389
v 317.3798 -1093.3832 312.0380
v 315.0736 -1090.4980 312.0386
f 28 29 30
v 318.1059 -1087.7602 312.0389
v 318.9184 -1083.0653 312.0398
v 322.8202 -1088.3708 312.0386
f 31 32 33
v 323.7393 -1081.2753 312.0397
v 322.8202 -1088.3708 312.0386
v 318.9184 -1083.0653 312.0398
f 34 35 36
v 318.9184 -1083.0653 312.0398
v 318.1059 -1087.7602 312.0389
v 315.5415 -1083.0523 312.0399
f 37 38 39
v 315.5415 -1083.0523 312.0399
v 318.1059 -1087.7602 312.0389
v 315.2619 -1087.3926 312.0391
f 40 41 42
v 318.1064 -1087.7615 320.9646
v 315.2625 -1087.3939 320.9648
v 315.0741 -1090.4993 320.9643
f 43 44 45
v 315.5421 -1083.0537 320.9655
v 315.0431 -1083.0533 320.9656
v 315.0905 -1087.3764 320.9648
f 46 47 48
v 317.3804 -1093.3845 320.9637
v 315.0741 -1090.4993 320.9643
v 315.0611 -1093.0843 320.9639
f 49 50 51
v 315.0431 -1083.0533 320.9656
v 311.7190 -1079.7244 320.9663
v 310.7142 -1086.7567 320.9652
f 52 53 54
v 311.7190 -1079.7244 320.9663
v 315.0431 -1083.0533 320.9656
v 315.0409 -1080.1543 320.9661
f 55 56 57
v 315.0431 -1083.0533 320.9656
v 310.7142 -1086.7567 320.9652
v 315.0905 -1087.3764 320.9648
f 58 59 60
v 315.2625 -1087.3939 320.9648
v 315.5421 -1083.0537 320.9655
v 315.0905 -1087.3764 320.9648
f 61 62 63
v 315.2625 -1087.3939 320.9648
v 318.1064 -1087.7615 320.9646
v 315.5421 -1083.0537 320.9655
f 64 65 66
v 323.7398 -1081.2766 320.9654
v 318.9190 -1083.0667 320.9654
v 322.8208 -1088.3721 320.9643
f 67 68 69
v 318.1064 -1087.7615 320.9646
v 322.8208 -1088.3721 320.9643
v 318.9190 -1083.0667 320.9654
f 70 71 72
v 315.5421 -1083.0537 320.9655
v 318.1064 -1087.7615 320.9646
v 318.9190 -1083.0667 320.9654
f 73 74 75
v 318.9171 -1083.0277 320.9654
v 323.7398 -1081.2766 320.9654
v 319.2574 -1080.7005 320.9658
f 76 77 78
v 323.7398 -1081.2766 320.9654
v 318.9171 -1083.0277 320.9654
v 318.9190 -1083.0667 320.9654
f 79 80 81
v 317.3804 -1093.3845 320.9637
v 318.1064 -1087.7615 320.9646
v 315.0741 -1090.4993 320.9643
f 82 83 84
v 310.7136 -1086.7554 312.0395
v 310.7142 -1086.7567 320.9652
v 311.7190 -1079.7244 320.9663
f 85 86 87
v 315.0899 -1087.3751 312.0391
v 315.0905 -1087.3764 320.9648
v 310.7142 -1086.7567 320.9652
f 88 89 90
v 315.2619 -1087.3926 312.0391
v 315.2625 -1087.3939 320.9648
v 315.0905 -1087.3764 320.9648
f 91 92 93
v 315.0736 -1090.4980 312.0386
v 315.0741 -1090.4993 320.9643
v 315.2625 -1087.3939 320.9648
f 94 95 96
v 315.0606 -1093.0830 312.0382
v 315.0611 -1093.0843 320.9639
v 315.0741 -1090.4993 320.9643
f 97 98 99
v 317.3798 -1093.3832 312.0380
v 317.3804 -1093.3845 320.9637
v 315.0611 -1093.0843 320.9639
f 100 101 102
v 318.1059 -1087.7602 312.0389
v 318.1064 -1087.7615 320.9646
v 317.3804 -1093.3845 320.9637
f 103 104 105
v 322.8202 -1088.3708 312.0386
v 322.8208 -1088.3721 320.9643
v 318.1064 -1087.7615 320.9646
f 106 107 108
v 323.7393 -1081.2753 312.0397
v 323.7398 -1081.2766 320.9654
v 322.8208 -1088.3721 320.9643
f 109 110 111
v 319.2568 -1080.6992 312.0402
v 319.2574 -1080.7005 320.9658
v 323.7398 -1081.2766 320.9654
f 112 113 114
v 318.9166 -1083.0264 312.0398
v 318.9171 -1083.0277 320.9654
v 319.2574 -1080.7005 320.9658
f 115 116 117
v 318.9184 -1083.0653 312.0398
v 318.9190 -1083.0667 320.9654
v 318.9171 -1083.0277 320.9654
f 118 119 120
v 315.5415 -1083.0523 312.0399
v 315.5421 -1083.0537 320.9655
v 318.9190 -1083.0667 320.9654
f 121 122 123
v 315.0425 -1083.0520 312.0400
v 315.0431 -1083.0533 320.9656
v 315.5421 -1083.0537 320.9655
f 124 125 126
v 315.0403 -1080.1530 312.0405
v 315.0409 -1080.1543 320.9661
v 315.0431 -1083.0533 320.9656
f 127 128 129
v 311.7184 -1079.7231 312.0407
v 311.7190 -1079.7244 320.9663
v 315.0409 -1080.1543 320.9661
f 130 131 132
v 310.7136 -1086.7554 312.0395
v 311.7190 -1079.7244 320.9663
v 311.7184 -1079.7231 312.0407
f 133 134 135
v 315.0899 -1087.3751 312.0391
v 310.7142 -1086.7567 320.9652
v 310.7136 -1086.7554 312.0395
f 136 137 138
v 315.2619 -1087.3926 312.0391
v 315.0905 -1087.3764 320.9648
v 315.0899 -1087.3751 312.0391
f 139 140 141
v 315.0736 -1090.4980 312.0386
v 315.2625 -1087.3939 320.9648
v 315.2619 -1087.3926 312.0391
f 142 143 144
v 315.0606 -1093.0830 312.0382
v 315.0741 -1090.4993 320.9643
v 315.0736 -1090.4980 312.0386
f 145 146 147
v 317.3798 -1093.3832 312.0380
v 315.0611 -1093.0843 320.9639
v 315.0606 -1093.0830 312.0382
f 148 149 150
v 318.1059 -1087.7602 312.0389
v 317.3804 -1093.3845 320.9637
v 317.3798 -1093.3832 312.0380
f 151 152 153
v 322.8202 -1088.3708 312.0386
v 318.1064 -1087.7615 320.9646
v 318.1059 -1087.7602 312.0389
f 154 155 156
v 323.7393 -1081.2753 312.0397
v 322.8208 -1088.3721 320.9643
v 322.8202 -1088.3708 312.0386
f 157 158 159
v 319.2568 -1080.6992 312.0402
v 323.7398 -1081.2766 320.9654
v 323.7393 -1081.2753 312.0397
f 160 161 162
v 318.9166 -1083.0264 312.0398
v 319.2574 -1080.7005 320.9658
v 319.2568 -1080.6992 312.0402
f 163 164 165
v 318.9184 -1083.0653 312.0398
v 318.9171 -1083.0277 320.9654
v 318.9166 -1083.0264 312.0398
f 166 167 168
v 315.5415 -1083.0523 312.0399
v 318.9190 -1083.0667 320.9654
v 318.9184 -1083.0653 312.0398
f 169 170 171
v 315.0425 -1083.0520 312.0400
v 315.5421 -1083.0537 320.9655
v 315.5415 -1083.0523 312.0399
f 172 173 174
v 315.0403 -1080.1530 312.0405
v 315.0431 -1083.0533 320.9656
v 315.0425 -1083.0520 312.0400
f 175 176 177
v 311.7184 -1079.7231 312.0407
v 315.0409 -1080.1543 320.9661
v 315.0403 -1080.1530 312.0405
f 178 179 180

g building_ID_4C134ED5-4847-4100-B68C-491915B8E0DB
v 322.0854 -1091.2868 312.0381
v 315.0538 -1094.5110 312.0379
v 315.0736 -1090.4840 312.0386
f 181 182 183
v 322.6114 -1100.2272 312.0365
v 314.7682 -1099.2132 312.0371
v 315.0538 -1094.5110 312.0379
f 184 185 186
v 315.0538 -1094.5110 312.0379
v 322.0854 -1091.2868 312.0381
v 322.6114 -1100.2272 312.0365
f 187 188 189
v 322.0854 -1091.2868 312.0381
v 323.7378 -1091.5142 312.0380
v 322.6114 -1100.2272 312.0365
f 190 191 192
v 315.0769 -1090.3810 312.0386
v 322.0854 -1091.2868 312.0381
v 315.0736 -1090.4840 312.0386
f 193 194 195
v 315.0544 -1094.5125 322.1796
v 314.7688 -1099.2147 322.1787
v 322.0861 -1091.2883 322.1798
f 196 197 198
v 322.6121 -1100.2287 322.1781
v 322.0861 -1091.2883 322.1798
v 314.7688 -1099.2147 322.1787
f 199 200 201
v 315.0544 -1094.5125 322.1796
v 322.0861 -1091.2883 322.1798
v 315.0742 -1090.4855 322.1803
f 202 203 204
v 322.0861 -1091.2883 322.1798
v 315.0775 -1090.3826 322.1803
v 315.0742 -1090.4855 322.1803
f 205 206 207
v 323.7384 -1091.5157 322.1797
v 322.0861 -1091.2883 322.1798
v 322.6121 -1100.2287 322.1781
f 208 209 210
v 322.0854 -1091.2868 312.0381
v 322.0861 -1091.2883 322.1798
v 323.7384 -1091.5157 322.1797
f 211 212 213
v 315.0769 -1090.3810 312.0386
v 315.0775 -1090.3826 322.1803
v 322.0861 -1091.2883 322.1798
f 214 215 216
v 315.0736 -1090.4840 312.0386
v 315.0742 -1090.4855 322.1803
v 315.0775 -1090.3826 322.1803
f 217 218 219
v 315.0538 -1094.5110 312.0379
v 315.0544 -1094.5125 322.1796
v 315.0742 -1090.4855 322.1803
f 220 221 222
v 314.7682 -1099.2132 312.0371
v 314.7688 -1099.2147 322.1787
v 315.0544 -1094.5125 322.1796
f 223 224 225
v 322.6114 -1100.2272 312.0365
v 322.6121 -1100.2287 322.1781
v 314.7688 -1099.2147 322.1787
f 226 227 228
v 323.7378 -1091.5142 312.0380
v 323.7384 -1091.5157 322.1797
v 322.6121 -1100.2287 322.1781
f 229 230 231
v 322.0854 -1091.2868 312.0381
v 323.7384 -1091.5157 322.1797
v 323.7378 -1091.5142 312.0380
f 232 233 234
v 315.0769 -1090.3810 312.0386
v 322.0861 -1091.2883 322.1798
v 322.0854 -1091.2868 312.0381
f 235 236 237
v 315.0736 -1090.4840 312.0386
v 315.0775 -1090.3826 322.1803
v 315.0769 -1090.3810 312.0386
f 238 239 240
v 315.0538 -1094.5110 312.0379
v 315.0742 -1090.4855 322.1803
v 315.0736 -1090.4840 312.0386
f 241 242 243
v 314.7682 -1099.2132 312.0371
v 315.0544 -1094.5125 322.1796
v 315.0538 -1094.5110 312.0379
f 244 245 246
v 322.6114 -1100.2272 312.0365
v 314.7688 -1099.2147 322.1787
v 314.7682 -1099.2132 312.0371
f 247 248 249
v 323.7378 -1091.5142 312.0380
v 322.6121 -1100.2287 322.1781
v 322.6114 -1100.2272 312.0365
f 250 251 252

g building_ID_1C7DD712-342D-4A3B-95F8-E14B247F3858
v 313.5310 -1094.5022 314.2980
v 312.4421 -1100.4303 314.2969
v 304.9920 -1098.2403 314.2977
f 253 254 255
v 313.5310 -1094.5022 314.2980
v 304.9920 -1098.2403 314.2977
v 307.7257 -1093.5086 314.2984
f 256 257 258
v 313.2585 -1095.9876 321.9904
v 307.7261 -1093.5098 321.9761
v 307.0058 -1094.7568 322.0010
f 259 260 261
v 307.0058 -1094.7568 322.0010
v 304.9925 -1098.2414 322.0695
v 312.9581 -1097.6238 322.0192
f 262 263 264
v 313.5314 -1094.5033 321.9647
v 307.7261 -1093.5098 321.9761
v 313.2585 -1095.9876 321.9904
f 265 266 267
v 313.2585 -1095.9876 321.9904
v 307.0058 -1094.7568 322.0010
v 312.9581 -1097.6238 322.0192
f 268 269 270
v 312.4425 -1100.4314 322.0687
v 312.9581 -1097.6238 322.0192
v 304.9925 -1098.2414 322.0695
f 271 272 273
v 304.9920 -1098.2403 314.2977
v 304.9925 -1098.2414 322.0695
v 307.0058 -1094.7568 322.0010
f 274 275 276
v 304.9920 -1098.2403 314.2977
v 307.0058 -1094.7568 322.0010
v 307.7257 -1093.5086 314.2984
f 277 278 279
v 307.0058 -1094.7568 322.0010
v 307.7261 -1093.5098 321.9761
v 307.7257 -1093.5086 314.2984
f 280 281 282
v 312.4421 -1100.4303 314.2969
v 312.4425 -1100.4314 322.0687
v 304.9925 -1098.2414 322.0695
f 283 284 285
v 313.5310 -1094.5022 314.2980
v 313.5314 -1094.5033 321.9647
v 313.2585 -1095.9876 321.9904
f 286 287 288
v 313.2585 -1095.9876 321.9904
v 312.9581 -1097.6238 322.0192
v 312.4421 -1100.4303 314.2969
f 289 290 291
v 312.4421 -1100.4303 314.2969
v 313.5310 -1094.5022 314.2980
v 313.2585 -1095.9876 321.9904
f 292 293 294
v 307.7257 -1093.5086 314.2984
v 307.7261 -1093.5098 321.9761
v 313.5310 -1094.5022 314.2980
f 295 296 297
v 312.4421 -1100.4303 314.2969
v 304.9925 -1098.2414 322.0695
v 304.9920 -1098.2403 314.2977
f 298 299 300
v 312.9581 -1097.6238 322.0192
v 312.4425 -1100.4314 322.0687
v 312.4421 -1100.4303 314.2969
f 301 302 303
v 307.7261 -1093.5098 321.9761
v 313.5314 -1094.5033 321.9647
v 313.5310 -1094.5022 314.2980
f 304 305 306

g building_ID_609F7F96-1464-4116-AA8A-84DB764591CA
v 345.1067 -1085.9224 311.4338
v 343.9942 -1092.4325 311.4328
v 342.2421 -1087.9888 311.4336
f 307 308 309
v 336.5467 -1091.1585 311.4334
v 342.2421 -1087.9888 311.4336
v 343.9942 -1092.4325 311.4328
f 310 311 312
v 342.6288 -1085.4989 311.4341
v 345.1067 -1085.9224 311.4338
v 342.2421 -1087.9888 311.4336
f 313 314 315
v 336.5467 -1091.1585 311.4334
v 337.1633 -1087.1982 311.4341
v 342.2421 -1087.9888 311.4336
f 316 317 318
v 341.1953 -1089.2351 319.2753
v 337.1638 -1087.1993 319.2758
v 336.9592 -1088.5108 319.2756
f 319 320 321
v 337.1638 -1087.1993 319.2758
v 341.1953 -1089.2351 319.2753
v 341.4300 -1087.8638 319.2755
f 322 323 324
v 343.9942 -1092.4325 311.4328
v 343.9942 -1092.4325 311.7538
v 336.5467 -1091.1585 311.7544
f 325 326 327
v 343.9942 -1092.4325 311.4328
v 336.5467 -1091.1585 311.7544
v 336.5467 -1091.1585 311.4334
f 328 329 330
v 345.1067 -1085.9224 311.4338
v 345.1067 -1085.9225 311.7548
v 343.9942 -1092.4325 311.7538
f 331 332 333
v 342.6288 -1085.4989 311.4341
v 342.6288 -1085.4989 311.7550
v 345.1067 -1085.9224 311.4338
f 334 335 336
v 340.8339 -1091.3456 322.5967
v 341.9399 -1092.1087 323.0355
v 342.0353 -1091.5508 322.5966
f 337 338 339
v 336.5433 -1091.1862 323.0360
v 340.8339 -1091.3456 322.5967
v 336.9594 -1088.5110 320.9355
f 340 341 342
v 341.1954 -1089.2353 320.9352
v 336.9594 -1088.5110 320.9355
v 340.8339 -1091.3456 322.5967
f 343 344 345
v 341.9399 -1092.1087 323.0355
v 340.8339 -1091.3456 322.5967
v 336.5433 -1091.1862 323.0360
f 346 347 348
v 340.8666 -1098.0562 319.4957
v 341.9399 -1092.1087 323.0355
v 335.6090 -1097.1891 319.4781
f 349 350 351
v 336.5433 -1091.1862 323.0360
v 335.6090 -1097.1891 319.4781
v 341.9399 -1092.1087 323.0355
f 352 353 354
v 340.8666 -1098.0562 319.4957
v 340.9216 -1098.0614 319.4977
v 341.9399 -1092.1087 323.0355
f 355 356 357
v 335.6088 -1097.1886 315.6063
v 340.8692 -1098.0561 311.7530
v 335.6090 -1097.1891 319.4781
f 358 359 360
v 340.8663 -1098.0554 313.6889
v 340.8666 -1098.0562 319.4957
v 335.6090 -1097.1891 319.4781
f 361 362 363
v 335.6088 -1097.1886 315.6063
v 335.6085 -1097.1880 311.7534
v 340.8692 -1098.0561 311.7530
f 364 365 366
v 336.9592 -1088.5108 319.2756
v 336.9594 -1088.5110 320.9355
v 341.1954 -1089.2353 320.9352
f 367 368 369
v 349.0288 -1097.6804 321.3763
v 349.9981 -1092.0163 323.0551
v 342.6694 -1090.7656 323.0557
f 370 371 372
v 342.6694 -1090.7656 323.0557
v 341.7011 -1096.4278 321.3769
v 349.0288 -1097.6804 321.3763
f 373 374 375
v 349.0287 -1097.6802 320.0603
v 349.9981 -1092.0163 323.0551
v 349.0288 -1097.6804 321.3763
f 376 377 378
v 341.7011 -1096.4276 320.0619
v 341.7011 -1096.4278 321.3769
v 342.6694 -1090.7656 323.0557
f 379 380 381
v 349.0287 -1097.6802 320.0603
v 349.0288 -1097.6804 321.3763
v 341.7011 -1096.4276 320.0619
f 382 383 384
v 342.2428 -1087.9904 323.0932
v 341.4302 -1087.8643 323.1013
v 341.2271 -1089.0489 323.8111
f 385 386 387
v 347.6825 -1086.1949 321.5073
v 342.6437 -1085.4113 321.5527
v 342.2428 -1087.9904 323.0932
f 388 389 390
v 351.7173 -1086.2816 321.1561
v 347.7741 -1085.6081 321.1564
v 347.6825 -1086.1949 321.5073
f 391 392 393
v 351.5194 -1090.8095 323.8102
v 342.2428 -1087.9904 323.0932
v 341.2271 -1089.0489 323.8111
f 394 395 396
v 347.6825 -1086.1949 321.5073
v 351.6369 -1086.8005 321.4660
v 351.7173 -1086.2816 321.1561
f 397 398 399
v 351.6369 -1086.8005 321.4660
v 347.6825 -1086.1949 321.5073
v 342.2428 -1087.9904 323.0932
f 400 401 402
v 351.6369 -1086.8005 321.4660
v 351.5194 -1090.8095 323.8102
v 352.1307 -1086.8767 321.4610
f 403 404 405
v 351.6369 -1086.8005 321.4660
v 342.2428 -1087.9904 323.0932
v 351.5194 -1090.8095 323.8102
f 406 407 408
v 342.0948 -1098.1644 311.7529
v 342.4567 -1097.1254 311.7531
v 342.0954 -1098.1655 319.2026
f 409 410 411
v 350.3457 -1098.3482 316.7382
v 350.3459 -1098.3487 319.8331
v 342.4572 -1097.1265 319.7688
f 412 413 414
v 350.3453 -1098.3475 311.7524
v 350.3457 -1098.3482 316.7382
v 342.4572 -1097.1265 319.7688
f 415 416 417
v 342.4572 -1097.1265 319.7688
v 342.4567 -1097.1254 311.7531
v 350.3453 -1098.3475 311.7524
f 418 419 420
v 352.1305 -1086.8762 317.7421
v 351.6363 -1086.7990 311.7543
v 352.1307 -1086.8767 321.4610
f 421 422 423
v 351.6363 -1086.7990 311.7543
v 351.6369 -1086.8005 321.4660
v 352.1307 -1086.8767 321.4610
f 424 425 426
v 352.1301 -1086.8753 311.7543
v 351.6363 -1086.7990 311.7543
v 352.1305 -1086.8762 317.7421
f 427 428 429
v 351.7167 -1086.2802 311.7544
v 351.7173 -1086.2816 321.1561
v 351.6369 -1086.8005 321.4660
f 430 431 432
v 351.7167 -1086.2802 311.7544
v 351.6369 -1086.8005 321.4660
v 351.6363 -1086.7990 311.7543
f 433 434 435
v 351.7167 -1086.2802 311.7544
v 347.7735 -1085.6067 311.7547
v 347.7741 -1085.6081 321.1564
f 436 437 438
v 347.7735 -1085.6067 311.7547
v 347.6825 -1086.1949 321.5073
v 347.7741 -1085.6081 321.1564
f 439 440 441
v 347.6819 -1086.1934 311.7546
v 347.6825 -1086.1949 321.5073
v 347.7735 -1085.6067 311.7547
f 442 443 444
v 349.9981 -1092.0163 323.0551
v 350.3459 -1098.3487 319.8331
v 351.5194 -1090.8095 323.8102
f 445 446 447
v 350.3459 -1098.3487 319.8331
v 349.9981 -1092.0163 323.0551
v 349.0287 -1097.6802 320.0603
f 448 449 450
v 349.0287 -1097.6802 320.0603
v 341.7011 -1096.4276 320.0619
v 342.4572 -1097.1265 319.7688
f 451 452 453
v 342.4572 -1097.1265 319.7688
v 350.3459 -1098.3487 319.8331
v 349.0287 -1097.6802 320.0603
f 454 455 456
v 341.7011 -1096.4276 320.0619
v 342.0954 -1098.1655 319.2026
v 342.4572 -1097.1265 319.7688
f 457 458 459
v 342.6694 -1090.7656 323.0557
v 349.9981 -1092.0163 323.0551
v 351.5194 -1090.8095 323.8102
f 460 461 462
v 342.0353 -1091.5508 322.5966
v 341.7011 -1096.4276 320.0619
v 342.6694 -1090.7656 323.0557
f 463 464 465
v 340.8339 -1091.3456 322.5967
v 342.0353 -1091.5508 322.5966
v 342.6694 -1090.7656 323.0557
f 466 467 468
v 341.2271 -1089.0489 323.8111
v 340.8339 -1091.3456 322.5967
v 342.6694 -1090.7656 323.0557
f 469 470 471
v 341.2271 -1089.0489 323.8111
v 342.6694 -1090.7656 323.0557
v 351.5194 -1090.8095 323.8102
f 472 473 474
v 340.9216 -1098.0614 319.1537
v 341.7011 -1096.4276 320.0619
v 342.0353 -1091.5508 322.5966
f 475 476 477
v 342.0954 -1098.1655 319.2026
v 341.7011 -1096.4276 320.0619
v 340.9216 -1098.0614 319.1537
f 478 479 480
v 342.2421 -1087.9888 311.4336
v 342.2424 -1087.9894 315.5145
v 342.6288 -1085.4989 311.7550
f 481 482 483
v 342.2424 -1087.9894 315.5145
v 342.6431 -1085.4100 311.7550
v 342.6288 -1085.4989 311.7550
f 484 485 486
v 342.6288 -1085.4989 311.4341
v 342.2421 -1087.9888 311.4336
v 342.6288 -1085.4989 311.7550
f 487 488 489
v 342.2424 -1087.9894 315.5145
v 342.2428 -1087.9904 323.0932
v 342.6437 -1085.4113 321.5527
f 490 491 492
v 342.2424 -1087.9894 315.5145
v 337.1633 -1087.1982 311.4341
v 341.4300 -1087.8638 319.2755
f 493 494 495
v 337.1638 -1087.1993 319.2758
v 341.4300 -1087.8638 319.2755
v 337.1633 -1087.1982 311.4341
f 496 497 498
v 341.4300 -1087.8638 319.2755
v 341.4302 -1087.8643 323.1013
v 342.2428 -1087.9904 323.0932
f 499 500 501
v 337.1633 -1087.1982 311.4341
v 342.2424 -1087.9894 315.5145
v 342.2421 -1087.9888 311.4336
f 502 503 504
v 342.0954 -1098.1655 319.2026
v 340.8663 -1098.0554 313.6889
v 342.0948 -1098.1644 311.7529
f 505 506 507
v 340.8663 -1098.0554 313.6889
v 340.9216 -1098.0614 319.1537
v 340.8666 -1098.0562 319.4957
f 508 509 510
v 340.9216 -1098.0614 319.4977
v 340.8666 -1098.0562 319.4957
v 340.9216 -1098.0614 319.1537
f 511 512 513
v 342.0948 -1098.1644 311.7529
v 340.8663 -1098.0554 313.6889
v 340.8692 -1098.0561 311.7530
f 514 515 516
v 340.8663 -1098.0554 313.6889
v 342.0954 -1098.1655 319.2026
v 340.9216 -1098.0614 319.1537
f 517 518 519
v 342.0353 -1091.5508 322.5966
v 341.9399 -1092.1087 323.0355
v 340.9216 -1098.0614 319.1537
f 520 521 522
v 340.9216 -1098.0614 319.4977
v 340.9216 -1098.0614 319.1537
v 341.9399 -1092.1087 323.0355
f 523 524 525
v 335.6085 -1097.1880 311.7534
v 335.6088 -1097.1886 315.6063
v 336.5467 -1091.1585 311.7544
f 526 527 528
v 336.9592 -1088.5108 319.2756
v 335.6088 -1097.1886 315.6063
v 335.6090 -1097.1891 319.4781
f 529 530 531
v 336.9592 -1088.5108 319.2756
v 336.5433 -1091.1862 323.0360
v 336.9594 -1088.5110 320.9355
f 532 533 534
v 335.6088 -1097.1886 315.6063
v 336.9592 -1088.5108 319.2756
v 336.5467 -1091.1585 311.7544
f 535 536 537
v 336.5467 -1091.1585 311.4334
v 336.5467 -1091.1585 311.7544
v 337.1633 -1087.1982 311.4341
f 538 539 540
v 336.9592 -1088.5108 319.2756
v 337.1633 -1087.1982 311.4341
v 336.5467 -1091.1585 311.7544
f 541 542 543
v 336.9592 -1088.5108 319.2756
v 337.1638 -1087.1993 319.2758
v 337.1633 -1087.1982 311.4341
f 544 545 546
v 336.5433 -1091.1862 323.0360
v 336.9592 -1088.5108 319.2756
v 335.6090 -1097.1891 319.4781
f 547 548 549
v 342.4567 -1097.1254 311.7531
v 340.8692 -1098.0561 311.7530
v 336.5467 -1091.1585 311.7544
f 550 551 552
v 340.8692 -1098.0561 311.7530
v 342.4567 -1097.1254 311.7531
v 342.0948 -1098.1644 311.7529
f 553 554 555
v 342.4567 -1097.1254 311.7531
v 343.9942 -1092.4325 311.7538
v 350.3453 -1098.3475 311.7524
f 556 557 558
v 336.5467 -1091.1585 311.7544
v 340.8692 -1098.0561 311.7530
v 335.6085 -1097.1880 311.7534
f 559 560 561
v 342.4567 -1097.1254 311.7531
v 336.5467 -1091.1585 311.7544
v 343.9942 -1092.4325 311.7538
f 562 563 564
v 342.6431 -1085.4100 311.7550
v 345.1067 -1085.9225 311.7548
v 342.6288 -1085.4989 311.7550
f 565 566 567
v 343.9942 -1092.4325 311.7538
v 345.1067 -1085.9225 311.7548
v 347.6819 -1086.1934 311.7546
f 568 569 570
v 342.6431 -1085.4100 311.7550
v 347.6819 -1086.1934 311.7546
v 345.1067 -1085.9225 311.7548
f 571 572 573
v 351.5186 -1090.8076 311.7536
v 343.9942 -1092.4325 311.7538
v 347.6819 -1086.1934 311.7546
f 574 575 576
v 350.3453 -1098.3475 311.7524
v 343.9942 -1092.4325 311.7538
v 351.5186 -1090.8076 311.7536
f 577 578 579
v 351.7167 -1086.2802 311.7544
v 347.6819 -1086.1934 311.7546
v 347.7735 -1085.6067 311.7547
f 580 581 582
v 347.6819 -1086.1934 311.7546
v 351.7167 -1086.2802 311.7544
v 351.6363 -1086.7990 311.7543
f 583 584 585
v 351.6363 -1086.7990 311.7543
v 352.1301 -1086.8753 311.7543
v 351.5186 -1090.8076 311.7536
f 586 587 588
v 347.6819 -1086.1934 311.7546
v 351.6363 -1086.7990 311.7543
v 351.5186 -1090.8076 311.7536
f 589 590 591
v 352.1305 -1086.8762 317.7421
v 352.1307 -1086.8767 321.4610
v 351.5194 -1090.8095 323.8102
f 592 593 594
v 352.1301 -1086.8753 311.7543
v 352.1305 -1086.8762 317.7421
v 351.5186 -1090.8076 311.7536
f 595 596 597
v 352.1305 -1086.8762 317.7421
v 351.5194 -1090.8095 323.8102
v 350.3457 -1098.3482 316.7382
f 598 599 600
v 352.1305 -1086.8762 317.7421
v 350.3457 -1098.3482 316.7382
v 351.5186 -1090.8076 311.7536
f 601 602 603
v 350.3457 -1098.3482 316.7382
v 350.3453 -1098.3475 311.7524
v 351.5186 -1090.8076 311.7536
f 604 605 606
v 350.3459 -1098.3487 319.8331
v 350.3457 -1098.3482 316.7382
v 351.5194 -1090.8095 323.8102
f 607 608 609
v 341.4300 -1087.8638 319.2755
v 341.2271 -1089.0489 323.8111
v 341.4302 -1087.8643 323.1013
f 610 611 612
v 341.1953 -1089.2351 319.2753
v 341.1954 -1089.2353 320.9352
v 341.4300 -1087.8638 319.2755
f 613 614 615
v 341.2271 -1089.0489 323.8111
v 341.4300 -1087.8638 319.2755
v 341.1954 -1089.2353 320.9352
f 616 617 618
v 340.8339 -1091.3456 322.5967
v 341.2271 -1089.0489 323.8111
v 341.1954 -1089.2353 320.9352
f 619 620 621
v 345.1067 -1085.9224 311.4338
v 343.9942 -1092.4325 311.7538
v 343.9942 -1092.4325 311.4328
f 622 623 624
v 342.6288 -1085.4989 311.7550
v 345.1067 -1085.9225 311.7548
v 345.1067 -1085.9224 311.4338
f 625 626 627
v 340.8663 -1098.0554 313.6889
v 335.6090 -1097.1891 319.4781
v 340.8692 -1098.0561 311.7530
f 628 629 630
v 336.9592 -1088.5108 319.2756
v 341.1954 -1089.2353 320.9352
v 341.1953 -1089.2351 319.2753
f 631 632 633
v 349.0288 -1097.6804 321.3763
v 341.7011 -1096.4278 321.3769
v 341.7011 -1096.4276 320.0619
f 634 635 636
v 342.4572 -1097.1265 319.7688
v 342.0954 -1098.1655 319.2026
v 342.4567 -1097.1254 311.7531
f 637 638 639
v 347.7741 -1085.6081 321.1564
v 351.7173 -1086.2816 321.1561
v 351.7167 -1086.2802 311.7544
f 640 641 642
v 342.6431 -1085.4100 311.7550
v 342.6437 -1085.4113 321.5527
v 347.6825 -1086.1949 321.5073
f 643 644 645
v 342.6431 -1085.4100 311.7550
v 347.6825 -1086.1949 321.5073
v 347.6819 -1086.1934 311.7546
f 646 647 648
v 342.2424 -1087.9894 315.5145
v 342.6437 -1085.4113 321.5527
v 342.6431 -1085.4100 311.7550
f 649 650 651
v 341.4300 -1087.8638 319.2755
v 342.2428 -1087.9904 323.0932
v 342.2424 -1087.9894 315.5145
f 652 653 654

g building_ID_5310652E-FB58-42A7-B4CC-32B3422B2E0F
v 360.8231 -1095.2769 320.6581
v 360.6521 -1096.3863 319.5689
v 362.8421 -1096.7321 319.6297
f 655 656 657
v 365.0671 -1092.7688 323.8091
v 362.8421 -1096.7321 319.6297
v 364.2825 -1096.9601 319.6686
f 658 659 660
v 360.8231 -1095.2769 320.6581
v 362.8421 -1096.7321 319.6297
v 365.0671 -1092.7688 323.8091
f 661 662 663
v 360.8102 -1091.9724 323.8095
v 360.2094 -1095.1823 320.6391
v 360.8231 -1095.2769 320.6581
f 664 665 666
v 365.0671 -1092.7688 323.8091
v 360.8102 -1091.9724 323.8095
v 360.8231 -1095.2769 320.6581
f 667 668 669
v 365.0671 -1092.7688 323.8091
v 365.8794 -1088.4184 319.6809
v 364.3071 -1088.1811 319.7331
f 670 671 672
v 364.3071 -1088.1811 319.7331
v 361.9780 -1087.8299 319.8113
v 361.4033 -1091.5569 323.3266
f 673 674 675
v 361.4033 -1091.5569 323.3266
v 360.9055 -1091.4635 323.3266
v 360.8102 -1091.9724 323.8095
f 676 677 678
v 360.8102 -1091.9724 323.8095
v 365.0671 -1092.7688 323.8091
v 361.4033 -1091.5569 323.3266
f 679 680 681
v 364.3071 -1088.1811 319.7331
v 361.4033 -1091.5569 323.3266
v 365.0671 -1092.7688 323.8091
f 682 683 684
v 360.8231 -1095.2769 320.6581
v 360.6515 -1096.3850 310.6352
v 360.6521 -1096.3863 319.5689
f 685 686 687
v 364.2819 -1096.9587 310.6349
v 362.8421 -1096.7321 319.6297
v 360.6521 -1096.3863 319.5689
f 688 689 690
v 360.6515 -1096.3850 310.6352
v 364.2819 -1096.9587 310.6349
v 360.6521 -1096.3863 319.5689
f 691 692 693
v 365.8788 -1088.4171 310.6363
v 361.9776 -1087.8289 312.9296
v 364.3071 -1088.1811 319.7331
f 694 695 696
v 361.9774 -1087.8286 310.6367
v 361.9776 -1087.8289 312.9296
v 365.8788 -1088.4171 310.6363
f 697 698 699
v 365.6784 -1090.0674 310.3981
v 364.1868 -1089.1464 310.3983
v 365.7740 -1089.4427 310.3982
f 700 701 702
v 363.5781 -1092.4028 310.3978
v 364.1868 -1089.1464 310.3983
v 365.6784 -1090.0674 310.3981
f 703 704 705
v 364.8589 -1095.4702 310.3972
v 363.0059 -1095.4582 310.3973
v 363.5781 -1092.4028 310.3978
f 706 707 708
v 363.0059 -1095.4582 310.3973
v 364.8589 -1095.4702 310.3972
v 364.8100 -1095.7951 310.3971
f 709 710 711
v 365.6784 -1090.0674 310.3981
v 369.8916 -1090.7028 310.3977
v 369.3702 -1093.4864 310.3973
f 712 713 714
v 364.8589 -1095.4702 310.3972
v 365.6784 -1090.0674 310.3981
v 369.3702 -1093.4864 310.3973
f 715 716 717
v 368.8873 -1096.0760 310.3969
v 364.8589 -1095.4702 310.3972
v 369.3702 -1093.4864 310.3973
f 718 719 720
v 363.5781 -1092.4028 310.3978
v 365.6784 -1090.0674 310.3981
v 364.8589 -1095.4702 310.3972
f 721 722 723
v 368.8877 -1096.0769 316.8616
v 368.8878 -1096.0773 319.0165
v 367.2375 -1095.8289 318.9936
f 724 725 726
v 368.8874 -1096.0763 312.5518
v 367.2375 -1095.8289 318.9936
v 368.8873 -1096.0760 310.3969
f 727 728 729
v 367.2375 -1095.8289 318.9936
v 364.8589 -1095.4702 310.3972
v 368.8873 -1096.0760 310.3969
f 730 731 732
v 364.8589 -1095.4702 310.3972
v 364.8595 -1095.4715 318.9608
v 364.8100 -1095.7951 310.3971
f 733 734 735
v 365.6784 -1090.0674 310.3981
v 365.7746 -1089.4440 318.8329
v 365.6789 -1090.0688 319.0647
f 736 737 738
v 367.9330 -1090.4087 319.0345
v 365.6784 -1090.0674 310.3981
v 365.6789 -1090.0688 319.0647
f 739 740 741
v 369.8923 -1090.7040 319.0093
v 369.8918 -1090.7030 312.5096
v 365.6784 -1090.0674 310.3981
f 742 743 744
v 367.2375 -1095.8289 318.9936
v 368.8878 -1096.0773 319.0165
v 369.3709 -1093.4878 320.0479
f 745 746 747
v 367.2375 -1095.8289 318.9936
v 365.0821 -1092.6853 320.0483
v 364.8595 -1095.4715 318.9608
f 748 749 750
v 369.3709 -1093.4878 320.0479
v 365.0821 -1092.6853 320.0483
v 367.2375 -1095.8289 318.9936
f 751 752 753
v 364.5108 -1095.7405 318.8318
v 364.8595 -1095.4715 318.9608
v 365.0821 -1092.6853 320.0483
f 754 755 756
v 364.8106 -1095.7963 318.8317
v 364.8595 -1095.4715 318.9608
v 364.5108 -1095.7405 318.8318
f 757 758 759
v 365.6789 -1090.0688 319.0647
v 365.7746 -1089.4440 318.8329
v 365.6907 -1089.4287 318.8329
f 760 761 762
v 365.0821 -1092.6853 320.0483
v 365.6789 -1090.0688 319.0647
v 365.6907 -1089.4287 318.8329
f 763 764 765
v 365.6789 -1090.0688 319.0647
v 365.0821 -1092.6853 320.0483
v 367.9330 -1090.4087 319.0345
f 766 767 768
v 367.9330 -1090.4087 319.0345
v 365.0821 -1092.6853 320.0483
v 369.3709 -1093.4878 320.0479
f 769 770 771
v 369.8923 -1090.7040 319.0093
v 367.9330 -1090.4087 319.0345
v 369.3709 -1093.4878 320.0479
f 772 773 774
v 364.5101 -1095.7393 310.6351
v 364.8100 -1095.7951 310.3971
v 364.8106 -1095.7963 318.8317
f 775 776 777
v 364.5108 -1095.7405 318.8318
v 364.5101 -1095.7393 310.6351
v 364.8106 -1095.7963 318.8317
f 778 779 780
v 363.0059 -1095.4582 310.3973
v 364.8100 -1095.7951 310.3971
v 364.5101 -1095.7393 310.6351
f 781 782 783
v 363.0059 -1095.4582 310.6352
v 363.0059 -1095.4582 310.3973
v 364.5101 -1095.7393 310.6351
f 784 785 786
v 365.7740 -1089.4427 310.3982
v 364.1868 -1089.1464 310.3983
v 365.6901 -1089.4275 310.6362
f 787 788 789
v 364.1869 -1089.1464 310.6363
v 365.6901 -1089.4275 310.6362
v 364.1868 -1089.1464 310.3983
f 790 791 792
v 365.6907 -1089.4287 318.8329
v 365.7746 -1089.4440 318.8329
v 365.7740 -1089.4427 310.3982
f 793 794 795
v 365.7740 -1089.4427 310.3982
v 365.6901 -1089.4275 310.6362
v 365.6907 -1089.4287 318.8329
f 796 797 798
v 356.9382 -1094.2600 310.6359
v 360.2087 -1095.1808 310.6355
v 356.8781 -1094.6659 310.6358
f 799 800 801
v 363.5781 -1092.4028 310.6358
v 363.0059 -1095.4582 310.6352
v 360.8224 -1095.2755 310.6355
f 802 803 804
v 360.8224 -1095.2755 310.6355
v 360.2087 -1095.1808 310.6355
v 363.5781 -1092.4028 310.6358
f 805 806 807
v 364.2819 -1096.9587 310.6349
v 360.6515 -1096.3850 310.6352
v 363.0059 -1095.4582 310.6352
f 808 809 810
v 363.0059 -1095.4582 310.6352
v 364.5101 -1095.7393 310.6351
v 364.2819 -1096.9587 310.6349
f 811 812 813
v 363.0059 -1095.4582 310.6352
v 360.6515 -1096.3850 310.6352
v 360.8224 -1095.2755 310.6355
f 814 815 816
v 360.2087 -1095.1808 310.6355
v 356.9382 -1094.2600 310.6359
v 357.5357 -1090.3377 310.6365
f 817 818 819
v 362.1372 -1086.7930 310.6368
v 361.9774 -1087.8286 310.6367
v 358.1912 -1086.0374 310.6372
f 820 821 822
v 357.5357 -1090.3377 310.6365
v 358.1912 -1086.0374 310.6372
v 361.9774 -1087.8286 310.6367
f 823 824 825
v 364.1869 -1089.1464 310.6363
v 357.5357 -1090.3377 310.6365
v 361.9774 -1087.8286 310.6367
f 826 827 828
v 362.1372 -1086.7930 310.6368
v 358.1912 -1086.0374 310.6372
v 362.1616 -1086.6371 310.6369
f 829 830 831
v 364.1869 -1089.1464 310.6363
v 363.5781 -1092.4028 310.6358
v 357.5357 -1090.3377 310.6365
f 832 833 834
v 365.8788 -1088.4171 310.6363
v 365.6901 -1089.4275 310.6362
v 364.1869 -1089.1464 310.6363
f 835 836 837
v 364.1869 -1089.1464 310.6363
v 361.9774 -1087.8286 310.6367
v 365.8788 -1088.4171 310.6363
f 838 839 840
v 360.2087 -1095.1808 310.6355
v 357.5357 -1090.3377 310.6365
v 363.5781 -1092.4028 310.6358
f 841 842 843
v 365.8794 -1088.4184 319.6809
v 365.0671 -1092.7688 323.8091
v 365.6907 -1089.4287 318.8329
f 844 845 846
v 365.0821 -1092.6853 320.0483
v 365.6907 -1089.4287 318.8329
v 365.0671 -1092.7688 323.8091
f 847 848 849
v 365.0821 -1092.6853 320.0483
v 365.0671 -1092.7688 323.8091
v 364.2825 -1096.9601 319.6686
f 850 851 852
v 365.8794 -1088.4184 319.6809
v 365.6907 -1089.4287 318.8329
v 365.8788 -1088.4171 310.6363
f 853 854 855
v 365.6907 -1089.4287 318.8329
v 365.6901 -1089.4275 310.6362
v 365.8788 -1088.4171 310.6363
f 856 857 858
v 365.0821 -1092.6853 320.0483
v 364.2825 -1096.9601 319.6686
v 364.5108 -1095.7405 318.8318
f 859 860 861
v 364.5108 -1095.7405 318.8318
v 364.2825 -1096.9601 319.6686
v 364.5101 -1095.7393 310.6351
f 862 863 864
v 364.2825 -1096.9601 319.6686
v 364.2819 -1096.9587 310.6349
v 364.5101 -1095.7393 310.6351
f 865 866 867
v 360.5046 -1093.6052 321.1684
v 360.2093 -1095.1821 319.5781
v 360.2094 -1095.1823 320.6391
f 868 869 870
v 360.8102 -1091.9724 323.8095
v 360.5046 -1093.6052 321.1684
v 360.2094 -1095.1823 320.6391
f 871 872 873
v 360.8273 -1091.8813 322.9055
v 360.8102 -1091.9724 323.8095
v 360.9055 -1091.4635 323.3266
f 874 875 876
v 360.5046 -1093.6052 321.1684
v 360.8102 -1091.9724 323.8095
v 360.8273 -1091.8813 322.9055
f 877 878 879
v 360.8224 -1095.2755 310.6355
v 360.8229 -1095.2763 316.9002
v 360.2087 -1095.1808 310.6355
f 880 881 882
v 360.8231 -1095.2769 320.6581
v 360.2093 -1095.1821 319.5781
v 360.8229 -1095.2763 316.9002
f 883 884 885
v 360.8229 -1095.2763 316.9002
v 356.8787 -1094.6672 319.4714
v 360.2087 -1095.1808 310.6355
f 886 887 888
v 356.8787 -1094.6672 319.4714
v 360.8229 -1095.2763 316.9002
v 360.2093 -1095.1821 319.5781
f 889 890 891
v 356.8787 -1094.6672 319.4714
v 356.8781 -1094.6659 310.6358
v 360.2087 -1095.1808 310.6355
f 892 893 894
v 360.2094 -1095.1823 320.6391
v 360.2093 -1095.1821 319.5781
v 360.8231 -1095.2769 320.6581
f 895 896 897
v 361.9781 -1087.8301 320.8893
v 358.1919 -1086.0387 319.9418
v 357.5366 -1090.3396 323.8100
f 898 899 900
v 361.4776 -1091.0752 323.8096
v 361.9781 -1087.8301 320.8893
v 357.5366 -1090.3396 323.8100
f 901 902 903
v 358.1919 -1086.0387 319.9418
v 361.9781 -1087.8301 320.8893
v 362.1623 -1086.6384 319.8165
f 904 905 906
v 358.1912 -1086.0374 310.6372
v 358.1919 -1086.0387 319.9418
v 362.1623 -1086.6384 319.8165
f 907 908 909
v 362.1616 -1086.6371 310.6369
v 358.1912 -1086.0374 310.6372
v 362.1623 -1086.6384 319.8165
f 910 911 912
v 358.1919 -1086.0387 319.9418
v 356.8781 -1094.6659 310.6358
v 356.9388 -1094.2614 319.8785
f 913 914 915
v 356.9388 -1094.2614 319.8785
v 356.8781 -1094.6659 310.6358
v 356.8787 -1094.6672 319.4714
f 916 917 918
v 358.1919 -1086.0387 319.9418
v 356.9388 -1094.2614 319.8785
v 357.5366 -1090.3396 323.8100
f 919 920 921
v 357.5357 -1090.3377 310.6365
v 358.1919 -1086.0387 319.9418
v 358.1912 -1086.0374 310.6372
f 922 923 924
v 358.1919 -1086.0387 319.9418
v 357.5357 -1090.3377 310.6365
v 356.9382 -1094.2600 310.6359
f 925 926 927
v 356.8781 -1094.6659 310.6358
v 358.1919 -1086.0387 319.9418
v 356.9382 -1094.2600 310.6359
f 928 929 930
v 361.4033 -1091.5569 323.3266
v 361.4776 -1091.0752 323.8096
v 360.9055 -1091.4635 323.3266
f 931 932 933
v 357.5366 -1090.3396 323.8100
v 360.9055 -1091.4635 323.3266
v 361.4776 -1091.0752 323.8096
f 934 935 936
v 360.8273 -1091.8813 322.9055
v 360.9055 -1091.4635 323.3266
v 357.5366 -1090.3396 323.8100
f 937 938 939
v 357.5366 -1090.3396 323.8100
v 360.5046 -1093.6052 321.1684
v 360.8273 -1091.8813 322.9055
f 940 941 942
v 356.9388 -1094.2614 319.8785
v 360.5046 -1093.6052 321.1684
v 357.5366 -1090.3396 323.8100
f 943 944 945
v 360.5046 -1093.6052 321.1684
v 356.9388 -1094.2614 319.8785
v 360.2093 -1095.1821 319.5781
f 946 947 948
v 356.8787 -1094.6672 319.4714
v 360.2093 -1095.1821 319.5781
v 356.9388 -1094.2614 319.8785
f 949 950 951
v 361.4033 -1091.5569 323.3266
v 361.9781 -1087.8301 320.8893
v 361.4776 -1091.0752 323.8096
f 952 953 954
v 361.9780 -1087.8299 319.8113
v 361.9781 -1087.8301 320.8893
v 361.4033 -1091.5569 323.3266
f 955 956 957
v 361.9781 -1087.8301 320.8893
v 361.9780 -1087.8299 319.8113
v 362.1623 -1086.6384 319.8165
f 958 959 960
v 361.9776 -1087.8289 312.9296
v 362.1623 -1086.6384 319.8165
v 361.9780 -1087.8299 319.8113
f 961 962 963
v 362.1623 -1086.6384 319.8165
v 361.9776 -1087.8289 312.9296
v 362.1616 -1086.6371 310.6369
f 964 965 966
v 362.1372 -1086.7930 310.6368
v 362.1616 -1086.6371 310.6369
v 361.9776 -1087.8289 312.9296
f 967 968 969
v 361.9776 -1087.8289 312.9296
v 361.9774 -1087.8286 310.6367
v 362.1372 -1086.7930 310.6368
f 970 971 972
v 368.8877 -1096.0769 316.8616
v 369.8918 -1090.7030 312.5096
v 369.8923 -1090.7040 319.0093
f 973 974 975
v 369.8918 -1090.7030 312.5096
v 369.3702 -1093.4864 310.3973
v 369.8916 -1090.7028 310.3977
f 976 977 978
v 368.8877 -1096.0769 316.8616
v 369.8923 -1090.7040 319.0093
v 369.3709 -1093.4878 320.0479
f 979 980 981
v 369.8918 -1090.7030 312.5096
v 368.8877 -1096.0769 316.8616
v 368.8874 -1096.0763 312.5518
f 982 983 984
v 368.8873 -1096.0760 310.3969
v 369.3702 -1093.4864 310.3973
v 368.8874 -1096.0763 312.5518
f 985 986 987
v 368.8874 -1096.0763 312.5518
v 369.3702 -1093.4864 310.3973
v 369.8918 -1090.7030 312.5096
f 988 989 990
v 368.8878 -1096.0773 319.0165
v 368.8877 -1096.0769 316.8616
v 369.3709 -1093.4878 320.0479
f 991 992 993
v 363.5781 -1092.4028 310.6358
v 363.5781 -1092.4028 310.3978
v 363.0059 -1095.4582 310.3973
f 994 995 996
v 363.0059 -1095.4582 310.6352
v 363.5781 -1092.4028 310.6358
v 363.0059 -1095.4582 310.3973
f 997 998 999
v 363.5781 -1092.4028 310.3978
v 364.1869 -1089.1464 310.6363
v 364.1868 -1089.1464 310.3983
f 1000 1001 1002
v 363.5781 -1092.4028 310.6358
v 364.1869 -1089.1464 310.6363
v 363.5781 -1092.4028 310.3978
f 1003 1004 1005
v 360.8229 -1095.2763 316.9002
v 360.6515 -1096.3850 310.6352
v 360.8231 -1095.2769 320.6581
f 1006 1007 1008
v 360.6515 -1096.3850 310.6352
v 360.8229 -1095.2763 316.9002
v 360.8224 -1095.2755 310.6355
f 1009 1010 1011
v 364.2825 -1096.9601 319.6686
v 362.8421 -1096.7321 319.6297
v 364.2819 -1096.9587 310.6349
f 1012 1013 1014
v 361.9776 -1087.8289 312.9296
v 361.9780 -1087.8299 319.8113
v 364.3071 -1088.1811 319.7331
f 1015 1016 1017
v 364.3071 -1088.1811 319.7331
v 365.8794 -1088.4184 319.6809
v 365.8788 -1088.4171 310.6363
f 1018 1019 1020
v 367.2375 -1095.8289 318.9936
v 368.8874 -1096.0763 312.5518
v 368.8877 -1096.0769 316.8616
f 1021 1022 1023
v 367.2375 -1095.8289 318.9936
v 364.8595 -1095.4715 318.9608
v 364.8589 -1095.4702 310.3972
f 1024 1025 1026
v 364.8100 -1095.7951 310.3971
v 364.8595 -1095.4715 318.9608
v 364.8106 -1095.7963 318.8317
f 1027 1028 1029
v 365.6784 -1090.0674 310.3981
v 365.7740 -1089.4427 310.3982
v 365.7746 -1089.4440 318.8329
f 1030 1031 1032
v 369.8923 -1090.7040 319.0093
v 365.6784 -1090.0674 310.3981
v 367.9330 -1090.4087 319.0345
f 1033 1034 1035
v 369.8918 -1090.7030 312.5096
v 369.8916 -1090.7028 310.3977
v 365.6784 -1090.0674 310.3981
f 1036 1037 1038

g building_ID_9FD816B0-BC3B-4C15-82CC-525537710FC5
v 296.3399 -1274.8731 352.9444
v 297.5141 -1271.0423 352.9452
v 298.7740 -1272.1827 352.9448
f 1039 1040 1041
v 299.2894 -1269.0820 352.9455
v 294.8014 -1261.5970 352.9472
v 300.9924 -1267.2006 352.9458
f 1042 1043 1044
v 297.5141 -1271.0423 352.9452
v 294.8014 -1261.5970 352.9472
v 299.2894 -1269.0820 352.9455
f 1045 1046 1047
v 297.5141 -1271.0423 352.9452
v 296.3399 -1274.8731 352.9444
v 288.8829 -1268.1351 352.9462
f 1048 1049 1050
v 294.8014 -1261.5970 352.9472
v 297.5141 -1271.0423 352.9452
v 288.8829 -1268.1351 352.9462
f 1051 1052 1053
v 293.6143 -1267.0915 362.3937
v 294.3672 -1262.2222 360.4038
v 289.0596 -1268.0290 360.4029
f 1054 1055 1056
v 296.0146 -1274.3866 360.4013
v 293.6143 -1267.0915 362.3937
v 289.0596 -1268.0290 360.4029
f 1057 1058 1059
v 293.6143 -1267.0915 362.3937
v 296.0146 -1274.3866 360.4013
v 296.5411 -1269.7654 362.3931
f 1060 1061 1062
v 297.5146 -1271.0438 361.2398
v 299.2898 -1269.0836 361.2491
v 296.5411 -1269.7654 362.3931
f 1063 1064 1065
v 298.3655 -1271.8139 360.4017
v 297.5146 -1271.0438 361.2398
v 296.0146 -1274.3866 360.4013
f 1066 1067 1068
v 296.5411 -1269.7654 362.3931
v 296.0146 -1274.3866 360.4013
v 297.5146 -1271.0438 361.2398
f 1069 1070 1071
v 295.9961 -1274.5635 360.3442
v 298.3655 -1271.8139 360.4017
v 296.0146 -1274.3866 360.4013
f 1072 1073 1074
v 295.9961 -1274.5635 360.3442
v 298.7745 -1272.1839 360.1006
v 298.3655 -1271.8139 360.4017
f 1075 1076 1077
v 296.3403 -1274.8745 360.0902
v 298.7745 -1272.1839 360.1006
v 295.9961 -1274.5635 360.3442
f 1078 1079 1080
v 294.3672 -1262.2222 360.4038
v 299.2898 -1269.0836 361.2491
v 300.4603 -1267.7906 360.4024
f 1081 1082 1083
v 296.5411 -1269.7654 362.3931
v 299.2898 -1269.0836 361.2491
v 293.6143 -1267.0915 362.3937
f 1084 1085 1086
v 294.3672 -1262.2222 360.4038
v 293.6143 -1267.0915 362.3937
v 299.2898 -1269.0836 361.2491
f 1087 1088 1089
v 294.3846 -1262.0592 360.3508
v 300.4603 -1267.7906 360.4024
v 300.9928 -1267.2018 360.0845
f 1090 1091 1092
v 294.3846 -1262.0592 360.3508
v 294.3672 -1262.2222 360.4038
v 300.4603 -1267.7906 360.4024
f 1093 1094 1095
v 294.8018 -1261.5983 360.1019
v 294.3846 -1262.0592 360.3508
v 300.9928 -1267.2018 360.0845
f 1096 1097 1098
v 288.9635 -1268.0476 360.3709
v 294.3672 -1262.2222 360.4038
v 294.3846 -1262.0592 360.3508
f 1099 1100 1101
v 294.3672 -1262.2222 360.4038
v 288.9635 -1268.0476 360.3709
v 289.0596 -1268.0290 360.4029
f 1102 1103 1104
v 295.9961 -1274.5635 360.3442
v 288.9635 -1268.0476 360.3709
v 288.8833 -1268.1365 360.3229
f 1105 1106 1107
v 289.0596 -1268.0290 360.4029
v 288.9635 -1268.0476 360.3709
v 296.0146 -1274.3866 360.4013
f 1108 1109 1110
v 295.9961 -1274.5635 360.3442
v 296.0146 -1274.3866 360.4013
v 288.9635 -1268.0476 360.3709
f 1111 1112 1113
v 296.3403 -1274.8745 360.0902
v 296.3399 -1274.8731 352.9444
v 298.7740 -1272.1827 352.9448
f 1114 1115 1116
v 300.9925 -1267.2009 354.7177
v 294.8014 -1261.5970 352.9472
v 300.9927 -1267.2016 358.2956
f 1117 1118 1119
v 300.9925 -1267.2009 354.7177
v 300.9924 -1267.2006 352.9458
v 294.8014 -1261.5970 352.9472
f 1120 1121 1122
v 297.5146 -1271.0438 361.2398
v 298.3655 -1271.8139 360.4017
v 298.7744 -1272.1837 358.3116
f 1123 1124 1125
v 298.7745 -1272.1839 360.1006
v 298.7744 -1272.1837 358.3116
v 298.3655 -1271.8139 360.4017
f 1126 1127 1128
v 298.7740 -1272.1827 352.9448
v 297.5146 -1271.0438 361.2398
v 298.7744 -1272.1837 358.3116
f 1129 1130 1131
v 297.5146 -1271.0438 361.2398
v 298.7740 -1272.1827 352.9448
v 297.5141 -1271.0423 352.9452
f 1132 1133 1134
v 288.8829 -1268.1351 352.9462
v 296.3399 -1274.8731 352.9444
v 296.3403 -1274.8745 360.0902
f 1135 1136 1137
v 296.3403 -1274.8745 360.0902
v 288.8833 -1268.1365 360.3229
v 288.8829 -1268.1351 352.9462
f 1138 1139 1140
v 295.9961 -1274.5635 360.3442
v 288.8833 -1268.1365 360.3229
v 296.3403 -1274.8745 360.0902
f 1141 1142 1143
v 300.9927 -1267.2016 358.2956
v 297.5141 -1271.0423 352.9452
v 300.9925 -1267.2009 354.7177
f 1144 1145 1146
v 300.9925 -1267.2009 354.7177
v 299.2894 -1269.0820 352.9455
v 300.9924 -1267.2006 352.9458
f 1147 1148 1149
v 300.9927 -1267.2016 358.2956
v 299.2898 -1269.0836 361.2491
v 297.5146 -1271.0438 361.2398
f 1150 1151 1152
v 299.2898 -1269.0836 361.2491
v 300.9927 -1267.2016 358.2956
v 300.4603 -1267.7906 360.4024
f 1153 1154 1155
v 299.2894 -1269.0820 352.9455
v 300.9925 -1267.2009 354.7177
v 297.5141 -1271.0423 352.9452
f 1156 1157 1158
v 297.5141 -1271.0423 352.9452
v 300.9927 -1267.2016 358.2956
v 297.5146 -1271.0438 361.2398
f 1159 1160 1161
v 300.9928 -1267.2018 360.0845
v 300.4603 -1267.7906 360.4024
v 300.9927 -1267.2016 358.2956
f 1162 1163 1164
v 288.8829 -1268.1351 352.9462
v 288.8833 -1268.1365 360.3229
v 288.9635 -1268.0476 360.3709
f 1165 1166 1167
v 294.8018 -1261.5983 360.1019
v 288.8829 -1268.1351 352.9462
v 288.9635 -1268.0476 360.3709
f 1168 1169 1170
v 294.8018 -1261.5983 360.1019
v 294.8014 -1261.5970 352.9472
v 288.8829 -1268.1351 352.9462
f 1171 1172 1173
v 288.9635 -1268.0476 360.3709
v 294.3846 -1262.0592 360.3508
v 294.8018 -1261.5983 360.1019
f 1174 1175 1176
v 298.7744 -1272.1837 358.3116
v 298.7745 -1272.1839 360.1006
v 296.3403 -1274.8745 360.0902
f 1177 1178 1179
v 296.3403 -1274.8745 360.0902
v 298.7740 -1272.1827 352.9448
v 298.7744 -1272.1837 358.3116
f 1180 1181 1182
v 300.9928 -1267.2018 360.0845
v 294.8014 -1261.5970 352.9472
v 294.8018 -1261.5983 360.1019
f 1183 1184 1185
v 294.8014 -1261.5970 352.9472
v 300.9928 -1267.2018 360.0845
v 300.9927 -1267.2016 358.2956
f 1186 1187 1188

g building_ID_7884D125-AF23-4AEB-A012-EB2F1B78DC3F
v 646.1719 -1301.5939 414.5227
v 646.9141 -1306.3860 414.5216
v 644.2751 -1304.8539 414.5222
f 1189 1190 1191
v 646.9141 -1306.3860 414.5216
v 646.1719 -1301.5939 414.5227
v 648.8098 -1303.1280 414.5221
f 1192 1193 1194
v 644.2757 -1304.8548 419.7050
v 646.9147 -1306.3869 419.7814
v 648.8104 -1303.1290 419.7789
f 1195 1196 1197
v 644.2757 -1304.8548 419.7050
v 648.8104 -1303.1290 419.7789
v 646.1725 -1301.5949 419.7035
f 1198 1199 1200
v 646.1719 -1301.5939 414.5227
v 646.1725 -1301.5949 419.7035
v 648.8104 -1303.1290 419.7789
f 1201 1202 1203
v 648.8104 -1303.1290 419.7789
v 648.8098 -1303.1280 414.5221
v 646.1719 -1301.5939 414.5227
f 1204 1205 1206
v 644.2757 -1304.8548 419.7050
v 646.1719 -1301.5939 414.5227
v 644.2751 -1304.8539 414.5222
f 1207 1208 1209
v 644.2757 -1304.8548 419.7050
v 646.1725 -1301.5949 419.7035
v 646.1719 -1301.5939 414.5227
f 1210 1211 1212
v 646.9147 -1306.3869 419.7814
v 644.2757 -1304.8548 419.7050
v 644.2751 -1304.8539 414.5222
f 1213 1214 1215
v 646.9147 -1306.3869 419.7814
v 646.9141 -1306.3860 414.5216
v 648.8104 -1303.1290 419.7789
f 1216 1217 1218
v 646.9141 -1306.3860 414.5216
v 648.8098 -1303.1280 414.5221
v 648.8104 -1303.1290 419.7789
f 1219 1220 1221
v 644.2751 -1304.8539 414.5222
v 646.9141 -1306.3860 414.5216
v 646.9147 -1306.3869 419.7814
f 1222 1223 1224

g building_ID_323772CB-FAB6-42AE-80AA-068B434CEAA0
v 637.1131 -1274.5409 440.2511
v 632.8501 -1274.9456 441.1314
v 635.9042 -1278.6156 440.1774
f 1225 1226 1227
v 635.9023 -1278.6127 423.3610
v 635.9042 -1278.6156 440.1774
v 632.8481 -1274.9425 423.3621
f 1228 1229 1230
v 633.6914 -1272.1957 440.6920
v 632.8501 -1274.9456 441.1314
v 637.1131 -1274.5409 440.2511
f 1231 1232 1233
v 635.6818 -1273.5584 431.2878
v 633.6914 -1272.1957 440.6920
v 635.6827 -1273.5599 439.6875
f 1234 1235 1236
v 637.1131 -1274.5409 440.2511
v 635.6827 -1273.5599 439.6875
v 633.6914 -1272.1957 440.6920
f 1237 1238 1239
v 637.1113 -1274.5378 423.3617
v 633.6895 -1272.1927 423.3626
v 635.6818 -1273.5584 431.2878
f 1240 1241 1242
v 633.6914 -1272.1957 440.6920
v 635.6818 -1273.5584 431.2878
v 633.6895 -1272.1927 423.3626
f 1243 1244 1245
v 637.1130 -1274.5407 439.2031
v 636.1578 -1273.8861 439.5364
v 637.1131 -1274.5409 440.2511
f 1246 1247 1248
v 635.6827 -1273.5599 439.6875
v 637.1131 -1274.5409 440.2511
v 636.1578 -1273.8861 439.5364
f 1249 1250 1251
v 637.1121 -1274.5393 431.2874
v 637.1113 -1274.5378 423.3617
v 635.6818 -1273.5584 431.2878
f 1252 1253 1254
v 630.1314 -1269.9516 431.6281
v 630.1321 -1269.9527 438.2978
v 630.1631 -1269.9205 436.9259
f 1255 1256 1257
v 630.1625 -1269.9197 431.6281
v 630.1314 -1269.9516 431.6281
v 630.1631 -1269.9205 436.9259
f 1258 1259 1260
v 630.6153 -1269.4517 436.4989
v 630.1631 -1269.9205 436.9259
v 630.6155 -1269.4520 438.2978
f 1261 1262 1263
v 630.1321 -1269.9527 438.2978
v 630.6155 -1269.4520 438.2978
v 630.1631 -1269.9205 436.9259
f 1264 1265 1266
v 632.9272 -1272.6501 431.6272
v 632.9280 -1272.6513 438.5789
v 630.5070 -1270.3145 436.8697
f 1267 1268 1269
v 630.1321 -1269.9527 438.2978
v 630.5070 -1270.3145 436.8697
v 632.9280 -1272.6513 438.5789
f 1270 1271 1272
v 630.1314 -1269.9516 431.6281
v 630.2606 -1270.0768 436.9248
v 630.1321 -1269.9527 438.2978
f 1273 1274 1275
v 630.5070 -1270.3145 436.8697
v 630.1321 -1269.9527 438.2978
v 630.2606 -1270.0768 436.9248
f 1276 1277 1278
v 630.2606 -1270.0768 436.9248
v 630.1314 -1269.9516 431.6281
v 630.2600 -1270.0759 431.6280
f 1279 1280 1281
v 630.6155 -1269.4520 438.2978
v 632.9280 -1272.6513 438.5789
v 633.5470 -1272.2810 438.5930
f 1282 1283 1284
v 632.9280 -1272.6513 438.5789
v 630.6155 -1269.4520 438.2978
v 630.1321 -1269.9527 438.2978
f 1285 1286 1287
v 630.6153 -1269.4517 436.4989
v 630.6155 -1269.4520 438.2978
v 630.7758 -1269.6071 436.4659
f 1288 1289 1290
v 631.1140 -1269.9330 436.3908
v 630.7758 -1269.6071 436.4659
v 630.6155 -1269.4520 438.2978
f 1291 1292 1293
v 633.5462 -1272.2797 431.6273
v 631.1140 -1269.9330 436.3908
v 633.5470 -1272.2810 438.5930
f 1294 1295 1296
v 630.6155 -1269.4520 438.2978
v 633.5470 -1272.2810 438.5930
v 631.1140 -1269.9330 436.3908
f 1297 1298 1299
v 631.1140 -1269.9330 436.3908
v 633.5462 -1272.2797 431.6273
v 631.1134 -1269.9321 431.6280
f 1300 1301 1302
v 632.9272 -1272.6501 431.6272
v 630.5064 -1270.3136 431.6279
v 631.1134 -1269.9321 431.6280
f 1303 1304 1305
v 631.1134 -1269.9321 431.6280
v 633.5462 -1272.2797 431.6273
v 632.9272 -1272.6501 431.6272
f 1306 1307 1308
v 637.5882 -1275.2300 439.2350
v 639.4651 -1273.8225 431.2874
v 639.4657 -1273.8236 437.1232
f 1309 1310 1311
v 639.4651 -1273.8225 431.2874
v 637.5882 -1275.2300 439.2350
v 637.5903 -1275.2335 431.2873
f 1312 1313 1314
v 637.1130 -1274.5407 439.2031
v 637.5882 -1275.2300 439.2350
v 639.4657 -1273.8236 437.1232
f 1315 1316 1317
v 639.4657 -1273.8236 437.1232
v 636.1578 -1273.8861 439.5364
v 637.1130 -1274.5407 439.2031
f 1318 1319 1320
v 639.4657 -1273.8236 437.1232
v 635.6827 -1273.5599 439.6875
v 636.1578 -1273.8861 439.5364
f 1321 1322 1323
v 635.6827 -1273.5599 439.6875
v 639.4657 -1273.8236 437.1232
v 637.8959 -1271.8933 437.1237
f 1324 1325 1326
v 635.6818 -1273.5584 431.2878
v 635.6827 -1273.5599 439.6875
v 637.8959 -1271.8933 437.1237
f 1327 1328 1329
v 628.1674 -1277.0831 441.4984
v 633.6914 -1272.1957 440.6920
v 625.5884 -1277.0301 441.0587
f 1330 1331 1332
v 630.1672 -1274.2975 436.0940
v 625.5884 -1277.0301 441.0587
v 630.2413 -1274.2527 436.1240
f 1333 1334 1335
v 630.3205 -1274.2059 436.1460
v 630.2413 -1274.2527 436.1240
v 625.5884 -1277.0301 441.0587
f 1336 1337 1338
v 625.5884 -1277.0301 441.0587
v 630.1672 -1274.2975 436.0940
v 630.0982 -1274.3383 436.0590
f 1339 1340 1341
v 630.0360 -1274.3751 436.0170
v 625.5884 -1277.0301 441.0587
v 630.0982 -1274.3383 436.0590
f 1342 1343 1344
v 630.4868 -1274.1064 436.1690
v 632.9280 -1272.6513 438.5789
v 630.5719 -1274.0556 436.1690
f 1345 1346 1347
v 630.3205 -1274.2059 436.1460
v 633.6914 -1272.1957 440.6920
v 630.4027 -1274.1572 436.1610
f 1348 1349 1350
v 630.4027 -1274.1572 436.1610
v 632.9280 -1272.6513 438.5789
v 630.4868 -1274.1064 436.1690
f 1351 1352 1353
v 630.3205 -1274.2059 436.1460
v 625.5884 -1277.0301 441.0587
v 633.6914 -1272.1957 440.6920
f 1354 1355 1356
v 625.5884 -1277.0301 441.0587
v 629.8587 -1274.4806 435.7460
v 625.5865 -1277.0270 423.3624
f 1357 1358 1359
v 629.8587 -1274.4806 435.7460
v 629.8573 -1274.4785 423.3625
v 625.5865 -1277.0270 423.3624
f 1360 1361 1362
v 629.8747 -1274.4717 435.8060
v 629.8587 -1274.4806 435.7460
v 625.5884 -1277.0301 441.0587
f 1363 1364 1365
v 625.5884 -1277.0301 441.0587
v 630.0360 -1274.3751 436.0170
v 629.9829 -1274.4070 435.9700
f 1366 1367 1368
v 625.5884 -1277.0301 441.0587
v 629.9368 -1274.4348 435.9190
v 629.9008 -1274.4557 435.8650
f 1369 1370 1371
v 625.5884 -1277.0301 441.0587
v 629.9829 -1274.4070 435.9700
v 629.9368 -1274.4348 435.9190
f 1372 1373 1374
v 629.9008 -1274.4557 435.8650
v 629.8747 -1274.4717 435.8060
v 625.5884 -1277.0301 441.0587
f 1375 1376 1377
v 632.9280 -1272.6513 438.5789
v 630.7382 -1273.9570 436.1460
v 630.6560 -1274.0058 436.1610
f 1378 1379 1380
v 632.9280 -1272.6513 438.5789
v 630.8904 -1273.8655 436.0940
v 630.8163 -1273.9103 436.1240
f 1381 1382 1383
v 630.8163 -1273.9103 436.1240
v 630.7382 -1273.9570 436.1460
v 632.9280 -1272.6513 438.5789
f 1384 1385 1386
v 633.5462 -1272.2797 431.6273
v 633.5470 -1272.2810 438.5930
v 633.6914 -1272.1957 440.6920
f 1387 1388 1389
v 632.9280 -1272.6513 438.5789
v 633.6914 -1272.1957 440.6920
v 633.5470 -1272.2810 438.5930
f 1390 1391 1392
v 631.0216 -1273.7877 436.0170
v 630.9595 -1273.8246 436.0590
v 632.9280 -1272.6513 438.5789
f 1393 1394 1395
v 632.9280 -1272.6513 438.5789
v 630.9595 -1273.8246 436.0590
v 630.8904 -1273.8655 436.0940
f 1396 1397 1398
v 632.9280 -1272.6513 438.5789
v 631.0757 -1273.7549 435.9700
v 631.0216 -1273.7877 436.0170
f 1399 1400 1401
v 632.9280 -1272.6513 438.5789
v 630.6560 -1274.0058 436.1610
v 630.5719 -1274.0556 436.1690
f 1402 1403 1404
v 632.9280 -1272.6513 438.5789
v 630.4027 -1274.1572 436.1610
v 633.6914 -1272.1957 440.6920
f 1405 1406 1407
v 632.9280 -1272.6513 438.5789
v 631.1207 -1273.7280 435.9190
v 631.0757 -1273.7549 435.9700
f 1408 1409 1410
v 631.1838 -1273.6911 435.8060
v 631.1568 -1273.7060 435.8640
v 632.9280 -1272.6513 438.5789
f 1411 1412 1413
v 631.1568 -1273.7060 435.8640
v 631.1207 -1273.7280 435.9190
v 632.9280 -1272.6513 438.5789
f 1414 1415 1416
v 631.1989 -1273.6812 435.7460
v 632.9280 -1272.6513 438.5789
v 632.9272 -1272.6501 431.6272
f 1417 1418 1419
v 632.9280 -1272.6513 438.5789
v 631.1989 -1273.6812 435.7460
v 631.1838 -1273.6911 435.8060
f 1420 1421 1422
v 633.6895 -1272.1927 423.3626
v 631.1975 -1273.6790 423.3625
v 632.9272 -1272.6501 431.6272
f 1423 1424 1425
v 633.5462 -1272.2797 431.6273
v 633.6895 -1272.1927 423.3626
v 632.9272 -1272.6501 431.6272
f 1426 1427 1428
v 633.6895 -1272.1927 423.3626
v 633.5462 -1272.2797 431.6273
v 633.6914 -1272.1957 440.6920
f 1429 1430 1431
v 631.1989 -1273.6812 435.7460
v 632.9272 -1272.6501 431.6272
v 631.1975 -1273.6790 423.3625
f 1432 1433 1434
v 632.8501 -1274.9456 441.1314
v 633.6914 -1272.1957 440.6920
v 628.1674 -1277.0831 441.4984
f 1435 1436 1437
v 631.8734 -1275.3901 436.0586
v 632.8501 -1274.9456 441.1314
v 631.8002 -1275.4239 436.0936
f 1438 1439 1440
v 631.7221 -1275.4597 436.1236
v 631.8002 -1275.4239 436.0936
v 632.8501 -1274.9456 441.1314
f 1441 1442 1443
v 631.9394 -1275.3603 436.0166
v 632.8501 -1274.9456 441.1314
v 631.8734 -1275.3901 436.0586
f 1444 1445 1446
v 632.8501 -1274.9456 441.1314
v 631.4608 -1275.5789 436.1686
v 631.5500 -1275.5382 436.1606
f 1447 1448 1449
v 632.8501 -1274.9456 441.1314
v 631.6380 -1275.4974 436.1456
v 631.7221 -1275.4597 436.1236
f 1450 1451 1452
v 632.8501 -1274.9456 441.1314
v 631.5500 -1275.5382 436.1606
v 631.6380 -1275.4974 436.1456
f 1453 1454 1455
v 631.4608 -1275.5789 436.1686
v 632.8501 -1274.9456 441.1314
v 631.3697 -1275.6198 436.1686
f 1456 1457 1458
v 632.8501 -1274.9456 441.1314
v 632.1126 -1275.2817 435.8056
v 632.1286 -1275.2737 435.7456
f 1459 1460 1461
v 632.1286 -1275.2737 435.7456
v 632.1273 -1275.2715 423.3621
v 632.8481 -1274.9425 423.3621
f 1462 1463 1464
v 632.8501 -1274.9456 441.1314
v 632.1286 -1275.2737 435.7456
v 632.8481 -1274.9425 423.3621
f 1465 1466 1467
v 632.8501 -1274.9456 441.1314
v 631.9394 -1275.3603 436.0166
v 631.9975 -1275.3333 435.9696
f 1468 1469 1470
v 632.8501 -1274.9456 441.1314
v 632.0455 -1275.3115 435.9186
v 632.0846 -1275.2936 435.8636
f 1471 1472 1473
v 632.8501 -1274.9456 441.1314
v 631.9975 -1275.3333 435.9696
v 632.0455 -1275.3115 435.9186
f 1474 1475 1476
v 632.0846 -1275.2936 435.8636
v 632.1126 -1275.2817 435.8056
v 632.8501 -1274.9456 441.1314
f 1477 1478 1479
v 631.2806 -1275.6605 436.1606
v 631.3697 -1275.6198 436.1686
v 632.8501 -1274.9456 441.1314
f 1480 1481 1482
v 631.1094 -1275.7391 436.1236
v 631.1925 -1275.7013 436.1456
v 632.8501 -1274.9456 441.1314
f 1483 1484 1485
v 631.2806 -1275.6605 436.1606
v 632.8501 -1274.9456 441.1314
v 631.1925 -1275.7013 436.1456
f 1486 1487 1488
v 631.0303 -1275.7748 436.0936
v 632.8501 -1274.9456 441.1314
v 630.9572 -1275.8086 436.0586
f 1489 1490 1491
v 632.8501 -1274.9456 441.1314
v 631.0303 -1275.7748 436.0936
v 631.1094 -1275.7391 436.1236
f 1492 1493 1494
v 628.1674 -1277.0831 441.4984
v 630.8911 -1275.8385 436.0166
v 630.9572 -1275.8086 436.0586
f 1495 1496 1497
v 630.8911 -1275.8385 436.0166
v 628.1674 -1277.0831 441.4984
v 630.8330 -1275.8653 435.9696
f 1498 1499 1500
v 632.8501 -1274.9456 441.1314
v 628.1674 -1277.0831 441.4984
v 630.9572 -1275.8086 436.0586
f 1501 1502 1503
v 628.1674 -1277.0831 441.4984
v 630.7850 -1275.8872 435.9186
v 630.8330 -1275.8653 435.9696
f 1504 1505 1506
v 630.7469 -1275.9051 435.8646
v 630.7850 -1275.8872 435.9186
v 628.1674 -1277.0831 441.4984
f 1507 1508 1509
v 628.1674 -1277.0831 441.4984
v 630.7018 -1275.9248 435.7456
v 630.7188 -1275.9170 435.8056
f 1510 1511 1512
v 630.7018 -1275.9248 435.7456
v 628.1654 -1277.0799 423.3621
v 630.7004 -1275.9227 423.3621
f 1513 1514 1515
v 628.1654 -1277.0799 423.3621
v 630.7018 -1275.9248 435.7456
v 628.1674 -1277.0831 441.4984
f 1516 1517 1518
v 630.7188 -1275.9170 435.8056
v 630.7469 -1275.9051 435.8646
v 628.1674 -1277.0831 441.4984
f 1519 1520 1521
v 625.5884 -1277.0301 441.0587
v 624.1145 -1278.8121 440.6915
v 628.1674 -1277.0831 441.4984
f 1522 1523 1524
v 628.1654 -1277.0799 423.3621
v 628.1674 -1277.0831 441.4984
v 624.1145 -1278.8121 440.6915
f 1525 1526 1527
v 624.1145 -1278.8121 440.6915
v 625.5884 -1277.0301 441.0587
v 621.8510 -1276.4170 440.8392
f 1528 1529 1530
v 624.1127 -1278.8091 423.3622
v 624.1145 -1278.8121 440.6915
v 621.8490 -1276.4140 423.3629
f 1531 1532 1533
v 639.0087 -1277.2918 439.0044
v 637.1131 -1274.5409 440.2511
v 635.9042 -1278.6156 440.1774
f 1534 1535 1536
v 637.9570 -1280.1951 439.8109
v 639.0087 -1277.2918 439.0044
v 635.9042 -1278.6156 440.1774
f 1537 1538 1539
v 637.9552 -1280.1922 423.3605
v 637.9570 -1280.1951 439.8109
v 635.9023 -1278.6127 423.3610
f 1540 1541 1542
v 639.0087 -1277.2918 439.0044
v 637.9570 -1280.1951 439.8109
v 641.5349 -1277.5996 439.5911
f 1543 1544 1545
v 641.5332 -1277.5968 423.3607
v 641.5349 -1277.5996 439.5911
v 637.9552 -1280.1922 423.3605
f 1546 1547 1548
v 642.5852 -1276.4766 423.3608
v 642.5869 -1276.4794 439.0042
v 641.5332 -1277.5968 423.3607
f 1549 1550 1551
v 639.0069 -1277.2890 423.3610
v 639.0087 -1277.2918 439.0044
v 640.5876 -1276.9370 439.0043
f 1552 1553 1554
v 637.5882 -1275.2300 439.2350
v 637.1130 -1274.5407 439.2031
v 637.1131 -1274.5409 440.2511
f 1555 1556 1557
v 637.5903 -1275.2335 431.2873
v 637.1113 -1274.5378 423.3617
v 637.1121 -1274.5393 431.2874
f 1558 1559 1560
v 637.5903 -1275.2335 431.2873
v 637.5882 -1275.2300 439.2350
v 639.0087 -1277.2918 439.0044
f 1561 1562 1563
v 637.1131 -1274.5409 440.2511
v 639.0087 -1277.2918 439.0044
v 637.5882 -1275.2300 439.2350
f 1564 1565 1566
v 637.1113 -1274.5378 423.3617
v 637.5903 -1275.2335 431.2873
v 639.0069 -1277.2890 423.3610
f 1567 1568 1569
v 639.0087 -1277.2918 439.0044
v 639.0069 -1277.2890 423.3610
v 637.5903 -1275.2335 431.2873
f 1570 1571 1572
v 641.3370 -1272.1822 435.3093
v 639.6649 -1270.3418 435.3099
v 639.4657 -1273.8236 437.1232
f 1573 1574 1575
v 641.3366 -1272.1815 431.2875
v 641.3370 -1272.1822 435.3093
v 639.4651 -1273.8225 431.2874
f 1576 1577 1578
v 637.8959 -1271.8933 437.1237
v 639.4657 -1273.8236 437.1232
v 639.6649 -1270.3418 435.3099
f 1579 1580 1581
v 637.8952 -1271.8924 431.2879
v 637.8959 -1271.8933 437.1237
v 639.6649 -1270.3418 435.3099
f 1582 1583 1584
v 643.2093 -1270.4175 431.2877
v 643.2096 -1270.4181 434.7766
v 641.3366 -1272.1815 431.2875
f 1585 1586 1587
v 641.5045 -1268.6086 434.7771
v 642.0320 -1269.1680 434.4349
v 641.5044 -1268.6085 434.4421
f 1588 1589 1590
v 643.2093 -1270.4175 431.2877
v 642.0320 -1269.1680 434.4349
v 643.2096 -1270.4181 434.7766
f 1591 1592 1593
v 641.5045 -1268.6086 434.7771
v 643.2096 -1270.4181 434.7766
v 642.0320 -1269.1680 434.4349
f 1594 1595 1596
v 642.0316 -1269.1673 431.2880
v 642.0320 -1269.1680 434.4349
v 643.2093 -1270.4175 431.2877
f 1597 1598 1599
v 641.2445 -1268.8522 431.2882
v 639.6644 -1270.3411 431.2880
v 639.6649 -1270.3418 435.3099
f 1600 1601 1602
v 641.5045 -1268.6086 434.7771
v 641.2448 -1268.8528 434.4431
v 639.6649 -1270.3418 435.3099
f 1603 1604 1605
v 641.2448 -1268.8528 434.4431
v 641.2445 -1268.8522 431.2882
v 639.6649 -1270.3418 435.3099
f 1606 1607 1608
v 641.2959 -1268.8049 434.4421
v 641.5045 -1268.6086 434.7771
v 641.5044 -1268.6085 434.4421
f 1609 1610 1611
v 641.2448 -1268.8528 434.4431
v 641.5045 -1268.6086 434.7771
v 641.2959 -1268.8049 434.4421
f 1612 1613 1614
v 645.2706 -1274.2389 435.8525
v 643.7429 -1272.5566 434.2401
v 643.5861 -1275.5626 436.4394
f 1615 1616 1617
v 645.2692 -1274.2367 423.3610
v 645.2706 -1274.2389 435.8525
v 643.5846 -1275.5603 423.3609
f 1618 1619 1620
v 641.8492 -1274.7468 436.2927
v 643.5861 -1275.5626 436.4394
v 643.7429 -1272.5566 434.2401
f 1621 1622 1623
v 641.8478 -1274.7446 423.3612
v 641.8492 -1274.7468 436.2927
v 643.7429 -1272.5566 434.2401
f 1624 1625 1626
v 645.5856 -1273.8316 434.7536
v 643.7429 -1272.5566 434.2401
v 645.2706 -1274.2389 435.8525
f 1627 1628 1629
v 645.5843 -1273.8296 423.3610
v 645.5856 -1273.8316 434.7536
v 645.2692 -1274.2367 423.3610
f 1630 1631 1632
v 643.5861 -1275.5626 436.4394
v 641.8492 -1274.7468 436.2927
v 642.5869 -1276.4794 439.0042
f 1633 1634 1635
v 643.5846 -1275.5603 423.3609
v 643.5861 -1275.5626 436.4394
v 642.5852 -1276.4766 423.3608
f 1636 1637 1638
v 642.5869 -1276.4794 439.0042
v 641.8492 -1274.7468 436.2927
v 640.5876 -1276.9370 439.0043
f 1639 1640 1641
v 640.5859 -1276.9342 423.3609
v 640.5876 -1276.9370 439.0043
v 641.8492 -1274.7468 436.2927
f 1642 1643 1644
v 645.5856 -1273.8316 434.7536
v 648.4268 -1271.8971 434.3867
v 643.7429 -1272.5566 434.2401
f 1645 1646 1647
v 648.4255 -1271.8952 423.3611
v 648.4268 -1271.8971 434.3867
v 645.5843 -1273.8296 423.3610
f 1648 1649 1650
v 648.4268 -1271.8971 434.3867
v 648.7945 -1269.3499 433.9472
v 643.7429 -1272.5566 434.2401
f 1651 1652 1653
v 643.7417 -1272.5546 423.3615
v 643.7429 -1272.5566 434.2401
v 648.7945 -1269.3499 433.9472
f 1654 1655 1656
v 663.5818 -1262.6346 434.3870
v 657.0572 -1267.6742 434.6797
v 665.4772 -1262.5338 435.1928
f 1657 1658 1659
v 665.4758 -1262.5318 423.3612
v 665.4772 -1262.5338 435.1928
v 657.0572 -1267.6742 434.6797
f 1660 1661 1662
v 662.7398 -1261.8704 434.3873
v 657.0572 -1267.6742 434.6797
v 663.5818 -1262.6346 434.3870
f 1663 1664 1665
v 662.7385 -1261.8684 423.3617
v 662.7398 -1261.8704 434.3873
v 663.5818 -1262.6346 434.3870
f 1666 1667 1668
v 657.0572 -1267.6742 434.6797
v 662.7398 -1261.8704 434.3873
v 648.7945 -1269.3499 433.9472
f 1669 1670 1671
v 648.7934 -1269.3482 423.3616
v 648.7945 -1269.3499 433.9472
v 662.7385 -1261.8684 423.3617
f 1672 1673 1674
v 648.7945 -1269.3499 433.9472
v 648.4268 -1271.8971 434.3867
v 657.0572 -1267.6742 434.6797
f 1675 1676 1677
v 657.0559 -1267.6722 423.3611
v 657.0572 -1267.6742 434.6797
v 648.4268 -1271.8971 434.3867
f 1678 1679 1680
v 664.8454 -1261.6670 434.3871
v 665.4772 -1262.5338 435.1928
v 665.6867 -1262.0231 428.0831
f 1681 1682 1683
v 665.4772 -1262.5338 435.1928
v 665.6862 -1262.0223 423.3613
v 665.6867 -1262.0231 428.0831
f 1684 1685 1686
v 665.6862 -1262.0223 423.3613
v 665.4772 -1262.5338 435.1928
v 665.4758 -1262.5318 423.3612
f 1687 1688 1689
v 664.8454 -1261.6670 434.3871
v 663.5818 -1262.6346 434.3870
v 665.4772 -1262.5338 435.1928
f 1690 1691 1692
v 663.5805 -1262.6326 423.3614
v 663.5818 -1262.6346 434.3870
v 664.8454 -1261.6670 434.3871
f 1693 1694 1695
v 666.1067 -1257.8970 427.1310
v 665.7908 -1259.3742 427.3506
v 667.0018 -1258.6616 428.0107
f 1696 1697 1698
v 665.7903 -1259.3735 423.3618
v 665.7908 -1259.3742 427.3506
v 666.1067 -1257.8970 427.1310
f 1699 1700 1701
v 665.7908 -1259.3742 427.3506
v 665.3176 -1260.5460 427.5705
v 667.0018 -1258.6616 428.0107
f 1702 1703 1704
v 665.3171 -1260.5453 423.3617
v 665.3176 -1260.5460 427.5705
v 665.7908 -1259.3742 427.3506
f 1705 1706 1707
v 665.3176 -1260.5460 427.5705
v 665.6867 -1262.0231 428.0831
v 667.0018 -1258.6616 428.0107
f 1708 1709 1710
v 667.0012 -1258.6608 423.3619
v 667.0018 -1258.6616 428.0107
v 665.6862 -1262.0223 423.3613
f 1711 1712 1713
v 665.6867 -1262.0231 428.0831
v 665.3176 -1260.5460 427.5705
v 664.8454 -1261.6670 434.3871
f 1714 1715 1716
v 665.3171 -1260.5453 423.3617
v 664.8442 -1261.6650 423.3615
v 664.8454 -1261.6670 434.3871
f 1717 1718 1719
v 664.8454 -1261.6670 434.3871
v 665.3176 -1260.5460 427.5705
v 665.3171 -1260.5453 423.3617
f 1720 1721 1722
v 667.2108 -1255.6059 426.9113
v 667.0018 -1258.6616 428.0107
v 668.8946 -1254.9444 426.9113
f 1723 1724 1725
v 668.8942 -1254.9438 423.3624
v 668.8946 -1254.9444 426.9113
v 667.0012 -1258.6608 423.3619
f 1726 1727 1728
v 666.1067 -1257.8970 427.1310
v 667.0018 -1258.6616 428.0107
v 667.2108 -1255.6059 426.9113
f 1729 1730 1731
v 666.1062 -1257.8964 423.3621
v 666.1067 -1257.8970 427.1310
v 667.2108 -1255.6059 426.9113
f 1732 1733 1734
v 668.8946 -1254.9444 426.9113
v 669.2630 -1253.6704 426.9115
v 667.6839 -1253.7212 426.9117
f 1735 1736 1737
v 667.6839 -1253.7212 426.9117
v 667.2108 -1255.6059 426.9113
v 668.8946 -1254.9444 426.9113
f 1738 1739 1740
v 669.2626 -1253.6697 423.3626
v 669.2630 -1253.6704 426.9115
v 668.8946 -1254.9444 426.9113
f 1741 1742 1743
v 667.6835 -1253.7205 423.3628
v 667.6839 -1253.7212 426.9117
v 669.2630 -1253.6704 426.9115
f 1744 1745 1746
v 667.2104 -1255.6053 423.3624
v 667.2108 -1255.6059 426.9113
v 667.6839 -1253.7212 426.9117
f 1747 1748 1749
v 636.9342 -1263.7026 431.0556
v 636.9345 -1263.7032 434.5075
v 642.2757 -1268.9186 434.4349
f 1750 1751 1752
v 634.5500 -1266.5168 434.5072
v 633.5080 -1266.4981 434.5073
v 635.2893 -1267.1639 434.6490
f 1753 1754 1755
v 634.5496 -1266.5163 431.0553
v 634.5500 -1266.5168 434.5072
v 635.2889 -1267.1632 431.0551
f 1756 1757 1758
v 636.8947 -1264.6035 431.0554
v 636.8951 -1264.6041 434.5073
v 634.5500 -1266.5168 434.5072
f 1759 1760 1761
v 633.5077 -1266.4975 431.0554
v 633.5080 -1266.4981 434.5073
v 636.9345 -1263.7032 434.5075
f 1762 1763 1764
v 634.1894 -1267.0949 434.6491
v 635.2893 -1267.1639 434.6490
v 633.5080 -1266.4981 434.5073
f 1765 1766 1767
v 634.1891 -1267.0943 431.0552
v 634.1894 -1267.0949 434.6491
v 633.5080 -1266.4981 434.5073
f 1768 1769 1770
v 634.1894 -1267.0949 434.6491
v 631.8703 -1268.6618 435.5020
v 635.2893 -1267.1639 434.6490
f 1771 1772 1773
v 631.8698 -1268.6611 431.0551
v 631.8703 -1268.6618 435.5020
v 634.1894 -1267.0949 434.6491
f 1774 1775 1776
v 632.2388 -1269.2258 435.5019
v 635.2893 -1267.1639 434.6490
v 631.8703 -1268.6618 435.5020
f 1777 1778 1779
v 635.2889 -1267.1632 431.0551
v 635.2893 -1267.1639 434.6490
v 632.2383 -1269.2251 431.0550
f 1780 1781 1782
v 630.6153 -1269.4517 436.4989
v 630.0788 -1269.7873 431.0551
v 630.0794 -1269.7883 436.9249
f 1783 1784 1785
v 631.8698 -1268.6611 431.0551
v 630.6153 -1269.4517 436.4989
v 631.8703 -1268.6618 435.5020
f 1786 1787 1788
v 630.0788 -1269.7873 431.0551
v 630.6153 -1269.4517 436.4989
v 631.8698 -1268.6611 431.0551
f 1789 1790 1791
v 630.2600 -1270.0759 431.6280
v 630.1314 -1269.9516 431.6281
v 630.1625 -1269.9197 431.6281
f 1792 1793 1794
v 642.0316 -1269.1673 431.2880
v 642.2752 -1268.9180 431.0540
v 642.2757 -1268.9186 434.4349
f 1795 1796 1797
v 642.0320 -1269.1680 434.4349
v 642.0316 -1269.1673 431.2880
v 642.2757 -1268.9186 434.4349
f 1798 1799 1800
v 641.8049 -1269.3997 431.0540
v 642.0316 -1269.1673 431.2880
v 641.8050 -1269.3998 431.2880
f 1801 1802 1803
v 642.2752 -1268.9180 431.0540
v 642.0316 -1269.1673 431.2880
v 641.8049 -1269.3997 431.0540
f 1804 1805 1806
v 641.2445 -1268.8522 431.2882
v 641.8049 -1269.3997 431.0540
v 641.8050 -1269.3998 431.2880
f 1807 1808 1809
v 636.8947 -1264.6035 431.0554
v 641.2445 -1268.8522 431.2882
v 636.8951 -1264.6041 434.5073
f 1810 1811 1812
v 641.2448 -1268.8528 434.4431
v 636.8951 -1264.6041 434.5073
v 641.2445 -1268.8522 431.2882
f 1813 1814 1815
v 641.8049 -1269.3997 431.0540
v 641.2445 -1268.8522 431.2882
v 636.8947 -1264.6035 431.0554
f 1816 1817 1818
v 630.4379 -1270.3583 436.9247
v 630.5070 -1270.3145 436.8697
v 630.2606 -1270.0768 436.9248
f 1819 1820 1821
v 630.2600 -1270.0759 431.6280
v 630.4379 -1270.3583 436.9247
v 630.2606 -1270.0768 436.9248
f 1822 1823 1824
v 630.0788 -1269.7873 431.0551
v 630.4372 -1270.3573 431.0549
v 630.2600 -1270.0759 431.6280
f 1825 1826 1827
v 630.4379 -1270.3583 436.9247
v 630.2600 -1270.0759 431.6280
v 630.4372 -1270.3573 431.0549
f 1828 1829 1830
v 630.1625 -1269.9197 431.6281
v 630.1631 -1269.9205 436.9259
v 630.0794 -1269.7883 436.9249
f 1831 1832 1833
v 630.2600 -1270.0759 431.6280
v 630.1625 -1269.9197 431.6281
v 630.0788 -1269.7873 431.0551
f 1834 1835 1836
v 630.0794 -1269.7883 436.9249
v 630.0788 -1269.7873 431.0551
v 630.1625 -1269.9197 431.6281
f 1837 1838 1839
v 632.2383 -1269.2251 431.0550
v 632.2388 -1269.2258 435.5019
v 631.1140 -1269.9330 436.3908
f 1840 1841 1842
v 630.4372 -1270.3573 431.0549
v 632.2383 -1269.2251 431.0550
v 631.1134 -1269.9321 431.6280
f 1843 1844 1845
v 631.1140 -1269.9330 436.3908
v 631.1134 -1269.9321 431.6280
v 632.2383 -1269.2251 431.0550
f 1846 1847 1848
v 630.5064 -1270.3136 431.6279
v 630.5070 -1270.3145 436.8697
v 630.4379 -1270.3583 436.9247
f 1849 1850 1851
v 631.1134 -1269.9321 431.6280
v 630.5064 -1270.3136 431.6279
v 630.4372 -1270.3573 431.0549
f 1852 1853 1854
v 630.4379 -1270.3583 436.9247
v 630.4372 -1270.3573 431.0549
v 630.5064 -1270.3136 431.6279
f 1855 1856 1857
v 621.8510 -1276.4170 440.8392
v 621.6932 -1274.4816 441.0596
v 619.0093 -1278.5045 441.1320
f 1858 1859 1860
v 621.8490 -1276.4140 423.3629
v 621.8510 -1276.4170 440.8392
v 619.0074 -1278.5014 423.3627
f 1861 1862 1863
v 621.8510 -1276.4170 440.8392
v 625.5884 -1277.0301 441.0587
v 621.6932 -1274.4816 441.0596
f 1864 1865 1866
v 621.6912 -1274.4785 423.3633
v 621.6932 -1274.4816 441.0596
v 625.5884 -1277.0301 441.0587
f 1867 1868 1869
v 619.0093 -1278.5045 441.1320
v 621.6932 -1274.4816 441.0596
v 616.6418 -1277.9423 441.7184
f 1870 1871 1872
v 616.6399 -1277.9390 423.3631
v 616.6418 -1277.9423 441.7184
v 621.6932 -1274.4816 441.0596
f 1873 1874 1875
v 616.6418 -1277.9423 441.7184
v 610.9590 -1282.7282 442.1580
v 619.0093 -1278.5045 441.1320
f 1876 1877 1878
v 619.0074 -1278.5014 423.3627
v 619.0093 -1278.5045 441.1320
v 610.9570 -1282.7249 423.3627
f 1879 1880 1881
v 611.4849 -1280.5376 442.1583
v 610.9590 -1282.7282 442.1580
v 616.6418 -1277.9423 441.7184
f 1882 1883 1884
v 611.4829 -1280.5343 423.3630
v 611.4849 -1280.5376 442.1583
v 616.6418 -1277.9423 441.7184
f 1885 1886 1887
v 610.9590 -1282.7282 442.1580
v 611.4849 -1280.5376 442.1583
v 607.0115 -1282.1658 443.1114
f 1888 1889 1890
v 607.0094 -1282.1623 423.3631
v 607.0115 -1282.1658 443.1114
v 611.4849 -1280.5376 442.1583
f 1891 1892 1893
v 607.0115 -1282.1658 443.1114
v 605.2758 -1285.7811 442.3049
v 610.9590 -1282.7282 442.1580
f 1894 1895 1896
v 610.9570 -1282.7249 423.3627
v 610.9590 -1282.7282 442.1580
v 605.2737 -1285.7777 423.3626
f 1897 1898 1899
v 604.5387 -1283.9472 443.1113
v 605.2758 -1285.7811 442.3049
v 607.0115 -1282.1658 443.1114
f 1900 1901 1902
v 604.5366 -1283.9437 423.3630
v 604.5387 -1283.9472 443.1113
v 607.0115 -1282.1658 443.1114
f 1903 1904 1905
v 600.3810 -1284.1990 442.5987
v 593.5912 -1285.1125 440.9861
v 603.8018 -1286.1371 442.3049
f 1906 1907 1908
v 603.7998 -1286.1337 423.3626
v 603.8018 -1286.1371 442.3049
v 593.5912 -1285.1125 440.9861
f 1909 1910 1911
v 596.9072 -1282.9747 442.4522
v 593.5912 -1285.1125 440.9861
v 600.3810 -1284.1990 442.5987
f 1912 1913 1914
v 596.9052 -1282.9713 423.3639
v 596.9072 -1282.9747 442.4522
v 600.3789 -1284.1955 423.3634
f 1915 1916 1917
v 593.5912 -1285.1125 440.9861
v 596.9072 -1282.9747 442.4522
v 592.9764 -1284.2858 440.6933
f 1918 1919 1920
v 593.5893 -1285.1094 423.3638
v 593.5912 -1285.1125 440.9861
v 592.9757 -1284.2845 433.6026
f 1921 1922 1923
v 593.5912 -1285.1125 440.9861
v 592.9764 -1284.2858 440.6933
v 592.9757 -1284.2845 433.6026
f 1924 1925 1926
v 596.4327 -1281.9550 440.8405
v 592.9764 -1284.2858 440.6933
v 596.9072 -1282.9747 442.4522
f 1927 1928 1929
v 596.4327 -1281.9550 440.6935
v 592.9764 -1284.2858 440.6933
v 596.4327 -1281.9550 440.8405
f 1930 1931 1932
v 596.4695 -1282.0331 440.6935
v 596.4327 -1281.9550 440.6935
v 596.4327 -1281.9550 440.8405
f 1933 1934 1935
v 596.4687 -1282.0318 433.6028
v 596.4308 -1281.9519 423.3642
v 596.4320 -1281.9538 433.6028
f 1936 1937 1938
v 596.4687 -1282.0318 433.6028
v 596.4695 -1282.0331 440.6935
v 596.9072 -1282.9747 442.4522
f 1939 1940 1941
v 596.4327 -1281.9550 440.8405
v 596.9072 -1282.9747 442.4522
v 596.4695 -1282.0331 440.6935
f 1942 1943 1944
v 596.4308 -1281.9519 423.3642
v 596.4687 -1282.0318 433.6028
v 596.9052 -1282.9713 423.3639
f 1945 1946 1947
v 596.9072 -1282.9747 442.4522
v 596.9052 -1282.9713 423.3639
v 596.4687 -1282.0318 433.6028
f 1948 1949 1950
v 605.2758 -1285.7811 442.3049
v 604.5387 -1283.9472 443.1113
v 603.8018 -1286.1371 442.3049
f 1951 1952 1953
v 605.2737 -1285.7777 423.3626
v 605.2758 -1285.7811 442.3049
v 603.8018 -1286.1371 442.3049
f 1954 1955 1956
v 603.8018 -1286.1371 442.3049
v 604.5387 -1283.9472 443.1113
v 600.3810 -1284.1990 442.5987
f 1957 1958 1959
v 600.3789 -1284.1955 423.3634
v 600.3810 -1284.1990 442.5987
v 604.5366 -1283.9437 423.3630
f 1960 1961 1962
v 601.6913 -1269.3765 438.3497
v 601.2839 -1268.7354 438.3499
v 596.7625 -1272.6223 438.3494
f 1963 1964 1965
v 595.1197 -1272.8980 438.3495
v 596.7625 -1272.6223 438.3494
v 601.2839 -1268.7354 438.3499
f 1966 1967 1968
v 596.7993 -1272.6794 438.3494
v 601.6913 -1269.3765 438.3497
v 596.7625 -1272.6223 438.3494
f 1969 1970 1971
v 595.1197 -1272.8980 438.3495
v 595.5043 -1273.4330 438.3494
v 596.7625 -1272.6223 438.3494
f 1972 1973 1974
v 601.6909 -1269.3760 435.0388
v 601.6913 -1269.3765 438.3497
v 596.7993 -1272.6794 438.3494
f 1975 1976 1977
v 595.1193 -1272.8973 435.0387
v 595.1197 -1272.8980 438.3495
v 601.2839 -1268.7354 438.3499
f 1978 1979 1980
v 595.5039 -1273.4324 435.0386
v 595.5043 -1273.4330 438.3494
v 595.1197 -1272.8980 438.3495
f 1981 1982 1983
v 592.9757 -1284.2845 433.6026
v 592.9764 -1284.2858 440.6933
v 588.7758 -1277.7724 440.6950
f 1984 1985 1986
v 596.5233 -1275.4949 433.6041
v 596.5240 -1275.4961 440.6948
v 593.1010 -1277.7030 440.6946
f 1987 1988 1989
v 598.5628 -1278.6565 433.6032
v 598.5636 -1278.6577 440.6940
v 596.5240 -1275.4961 440.6948
f 1990 1991 1992
v 595.1398 -1280.8632 433.6031
v 595.1406 -1280.8646 440.6938
v 598.5636 -1278.6577 440.6940
f 1993 1994 1995
v 593.1003 -1277.7018 433.6039
v 593.1010 -1277.7030 440.6946
v 595.1406 -1280.8646 440.6938
f 1996 1997 1998
v 588.7751 -1277.7712 433.6043
v 588.7758 -1277.7724 440.6950
v 595.5043 -1273.4330 438.3494
f 1999 2000 2001
v 596.7627 -1272.6228 440.6954
v 595.5043 -1273.4330 438.3494
v 588.7758 -1277.7724 440.6950
f 2002 2003 2004
v 596.7619 -1272.6216 433.6046
v 588.7751 -1277.7712 433.6043
v 595.5039 -1273.4324 435.0386
f 2005 2006 2007
v 595.5043 -1273.4330 438.3494
v 595.5039 -1273.4324 435.0386
v 588.7751 -1277.7712 433.6043
f 2008 2009 2010
v 595.5043 -1273.4330 438.3494
v 596.7627 -1272.6228 440.6954
v 596.7625 -1272.6223 438.3494
f 2011 2012 2013
v 595.5039 -1273.4324 435.0386
v 596.7621 -1272.6217 435.0386
v 596.7619 -1272.6216 433.6046
f 2014 2015 2016
v 596.7993 -1272.6794 438.3494
v 596.7625 -1272.6223 438.3494
v 596.7627 -1272.6228 440.6954
f 2017 2018 2019
v 596.7990 -1272.6789 435.0386
v 596.7619 -1272.6216 433.6046
v 596.7621 -1272.6217 435.0386
f 2020 2021 2022
v 600.9623 -1279.1361 440.6937
v 600.9616 -1279.1349 433.6029
v 596.7993 -1272.6794 438.3494
f 2023 2024 2025
v 596.7627 -1272.6228 440.6954
v 600.9623 -1279.1361 440.6937
v 596.7993 -1272.6794 438.3494
f 2026 2027 2028
v 596.7619 -1272.6216 433.6046
v 596.7990 -1272.6789 435.0386
v 600.9616 -1279.1349 433.6029
f 2029 2030 2031
v 602.3390 -1268.9909 436.2437
v 602.9952 -1268.6008 437.7097
v 602.3392 -1268.9911 438.0317
f 2032 2033 2034
v 601.6909 -1269.3760 435.0388
v 602.9950 -1268.6004 435.0388
v 602.3390 -1268.9909 436.2437
f 2035 2036 2037
v 602.9952 -1268.6008 437.7097
v 602.3390 -1268.9909 436.2437
v 602.9950 -1268.6004 435.0388
f 2038 2039 2040
v 601.8382 -1269.2886 436.2437
v 601.8385 -1269.2889 438.2777
v 601.6913 -1269.3765 438.3497
f 2041 2042 2043
v 602.3390 -1268.9909 436.2437
v 601.8382 -1269.2886 436.2437
v 601.6909 -1269.3760 435.0388
f 2044 2045 2046
v 601.6913 -1269.3765 438.3497
v 601.6909 -1269.3760 435.0388
v 601.8382 -1269.2886 436.2437
f 2047 2048 2049
v 601.9410 -1268.3974 439.5008
v 608.7531 -1279.5879 439.8179
v 609.2360 -1279.2642 439.8179
f 2050 2051 2052
v 608.7531 -1279.5879 439.8179
v 601.9410 -1268.3974 439.5008
v 601.4581 -1268.7221 439.5008
f 2053 2054 2055
v 609.2356 -1279.2635 436.2410
v 609.2360 -1279.2642 439.8179
v 608.7531 -1279.5879 439.8179
f 2056 2057 2058
v 601.4580 -1268.7218 438.2849
v 601.4581 -1268.7221 439.5008
v 601.9410 -1268.3974 439.5008
f 2059 2060 2061
v 601.9408 -1268.3971 438.0419
v 601.9410 -1268.3974 439.5008
v 602.1241 -1268.6696 438.0358
f 2062 2063 2064
v 602.3392 -1268.9911 438.0317
v 602.1241 -1268.6696 438.0358
v 601.9410 -1268.3974 439.5008
f 2065 2066 2067
v 609.2360 -1279.2642 439.8179
v 609.2356 -1279.2635 436.2410
v 602.3392 -1268.9911 438.0317
f 2068 2069 2070
v 601.9410 -1268.3974 439.5008
v 609.2360 -1279.2642 439.8179
v 602.3392 -1268.9911 438.0317
f 2071 2072 2073
v 608.7527 -1279.5873 436.2410
v 608.7531 -1279.5879 439.8179
v 601.8385 -1269.2889 438.2777
f 2074 2075 2076
v 601.4581 -1268.7221 439.5008
v 601.8385 -1269.2889 438.2777
v 608.7531 -1279.5879 439.8179
f 2077 2078 2079
v 601.4581 -1268.7221 439.5008
v 601.4580 -1268.7218 438.2849
v 601.8385 -1269.2889 438.2777
f 2080 2081 2082
v 608.7527 -1279.5873 436.2410
v 601.8382 -1269.2886 436.2437
v 602.3390 -1268.9909 436.2437
f 2083 2084 2085
v 602.3390 -1268.9909 436.2437
v 609.2356 -1279.2635 436.2410
v 608.7527 -1279.5873 436.2410
f 2086 2087 2088
v 601.2836 -1268.7348 435.0390
v 601.2839 -1268.7354 438.3499
v 602.6010 -1267.9527 437.7099
f 2089 2090 2091
v 608.9022 -1264.9267 437.7809
v 602.6010 -1267.9527 437.7099
v 602.9952 -1268.6008 437.7097
f 2092 2093 2094
v 602.6010 -1267.9527 437.7099
v 608.9022 -1264.9267 437.7809
v 608.5009 -1264.2826 437.7811
f 2095 2096 2097
v 608.9020 -1264.9262 435.0390
v 608.9022 -1264.9267 437.7809
v 602.9952 -1268.6008 437.7097
f 2098 2099 2100
v 608.5007 -1264.2820 435.0392
v 608.5009 -1264.2826 437.7811
v 608.9022 -1264.9267 437.7809
f 2101 2102 2103
v 602.6007 -1267.9523 435.0390
v 602.6010 -1267.9527 437.7099
v 608.5007 -1264.2820 435.0392
f 2104 2105 2106
v 592.9746 -1284.2827 423.3640
v 592.9757 -1284.2845 433.6026
v 596.4320 -1281.9538 433.6028
f 2107 2108 2109
v 600.9623 -1279.1361 440.6937
v 596.7627 -1272.6228 440.6954
v 596.5240 -1275.4961 440.6948
f 2110 2111 2112
v 593.1010 -1277.7030 440.6946
v 596.5240 -1275.4961 440.6948
v 596.7627 -1272.6228 440.6954
f 2113 2114 2115
v 596.4327 -1281.9550 440.6935
v 600.9623 -1279.1361 440.6937
v 598.5636 -1278.6577 440.6940
f 2116 2117 2118
v 596.5240 -1275.4961 440.6948
v 598.5636 -1278.6577 440.6940
v 600.9623 -1279.1361 440.6937
f 2119 2120 2121
v 598.5636 -1278.6577 440.6940
v 595.1406 -1280.8646 440.6938
v 596.4327 -1281.9550 440.6935
f 2122 2123 2124
v 596.4695 -1282.0331 440.6935
v 600.9623 -1279.1361 440.6937
v 596.4327 -1281.9550 440.6935
f 2125 2126 2127
v 592.9764 -1284.2858 440.6933
v 593.1010 -1277.7030 440.6946
v 588.7758 -1277.7724 440.6950
f 2128 2129 2130
v 596.7627 -1272.6228 440.6954
v 588.7758 -1277.7724 440.6950
v 593.1010 -1277.7030 440.6946
f 2131 2132 2133
v 592.9764 -1284.2858 440.6933
v 596.4327 -1281.9550 440.6935
v 595.1406 -1280.8646 440.6938
f 2134 2135 2136
v 593.1010 -1277.7030 440.6946
v 592.9764 -1284.2858 440.6933
v 595.1406 -1280.8646 440.6938
f 2137 2138 2139
v 600.9616 -1279.1349 433.6029
v 600.9623 -1279.1361 440.6937
v 596.4695 -1282.0331 440.6935
f 2140 2141 2142
v 592.9757 -1284.2845 433.6026
v 588.7751 -1277.7712 433.6043
v 593.1003 -1277.7018 433.6039
f 2143 2144 2145
v 596.7619 -1272.6216 433.6046
v 593.1003 -1277.7018 433.6039
v 588.7751 -1277.7712 433.6043
f 2146 2147 2148
v 593.1003 -1277.7018 433.6039
v 595.1398 -1280.8632 433.6031
v 592.9757 -1284.2845 433.6026
f 2149 2150 2151
v 592.9757 -1284.2845 433.6026
v 595.1398 -1280.8632 433.6031
v 596.4320 -1281.9538 433.6028
f 2152 2153 2154
v 600.9616 -1279.1349 433.6029
v 596.5233 -1275.4949 433.6041
v 596.7619 -1272.6216 433.6046
f 2155 2156 2157
v 593.1003 -1277.7018 433.6039
v 596.7619 -1272.6216 433.6046
v 596.5233 -1275.4949 433.6041
f 2158 2159 2160
v 600.9616 -1279.1349 433.6029
v 596.4320 -1281.9538 433.6028
v 598.5628 -1278.6565 433.6032
f 2161 2162 2163
v 598.5628 -1278.6565 433.6032
v 596.4320 -1281.9538 433.6028
v 595.1398 -1280.8632 433.6031
f 2164 2165 2166
v 596.5233 -1275.4949 433.6041
v 600.9616 -1279.1349 433.6029
v 598.5628 -1278.6565 433.6032
f 2167 2168 2169
v 596.4687 -1282.0318 433.6028
v 596.4320 -1281.9538 433.6028
v 600.9616 -1279.1349 433.6029
f 2170 2171 2172
v 640.5876 -1276.9370 439.0043
v 641.5349 -1277.5996 439.5911
v 642.5869 -1276.4794 439.0042
f 2173 2174 2175
v 641.5349 -1277.5996 439.5911
v 640.5876 -1276.9370 439.0043
v 639.0087 -1277.2918 439.0044
f 2176 2177 2178
v 639.6649 -1270.3418 435.3099
v 643.2096 -1270.4181 434.7766
v 641.5045 -1268.6086 434.7771
f 2179 2180 2181
v 643.2096 -1270.4181 434.7766
v 639.6649 -1270.3418 435.3099
v 641.3370 -1272.1822 435.3093
f 2182 2183 2184
v 630.0794 -1269.7883 436.9249
v 630.1631 -1269.9205 436.9259
v 630.6153 -1269.4517 436.4989
f 2185 2186 2187
v 631.8703 -1268.6618 435.5020
v 630.6153 -1269.4517 436.4989
v 630.7758 -1269.6071 436.4659
f 2188 2189 2190
v 630.7758 -1269.6071 436.4659
v 632.2388 -1269.2258 435.5019
v 631.8703 -1268.6618 435.5020
f 2191 2192 2193
v 631.1140 -1269.9330 436.3908
v 632.2388 -1269.2258 435.5019
v 630.7758 -1269.6071 436.4659
f 2194 2195 2196
v 602.3392 -1268.9911 438.0317
v 602.9952 -1268.6008 437.7097
v 602.6010 -1267.9527 437.7099
f 2197 2198 2199
v 602.6010 -1267.9527 437.7099
v 602.1241 -1268.6696 438.0358
v 602.3392 -1268.9911 438.0317
f 2200 2201 2202
v 602.1241 -1268.6696 438.0358
v 602.6010 -1267.9527 437.7099
v 601.9408 -1268.3971 438.0419
f 2203 2204 2205
v 601.4580 -1268.7218 438.2849
v 601.9408 -1268.3971 438.0419
v 601.2839 -1268.7354 438.3499
f 2206 2207 2208
v 602.6010 -1267.9527 437.7099
v 601.2839 -1268.7354 438.3499
v 601.9408 -1268.3971 438.0419
f 2209 2210 2211
v 601.6913 -1269.3765 438.3497
v 601.8385 -1269.2889 438.2777
v 601.4580 -1268.7218 438.2849
f 2212 2213 2214
v 601.2839 -1268.7354 438.3499
v 601.6913 -1269.3765 438.3497
v 601.4580 -1268.7218 438.2849
f 2215 2216 2217
v 602.6007 -1267.9523 435.0390
v 608.9020 -1264.9262 435.0390
v 602.9950 -1268.6004 435.0388
f 2218 2219 2220
v 608.5007 -1264.2820 435.0392
v 608.9020 -1264.9262 435.0390
v 602.6007 -1267.9523 435.0390
f 2221 2222 2223
v 601.6909 -1269.3760 435.0388
v 602.6007 -1267.9523 435.0390
v 602.9950 -1268.6004 435.0388
f 2224 2225 2226
v 601.2836 -1268.7348 435.0390
v 602.6007 -1267.9523 435.0390
v 601.6909 -1269.3760 435.0388
f 2227 2228 2229
v 601.2836 -1268.7348 435.0390
v 601.6909 -1269.3760 435.0388
v 595.1193 -1272.8973 435.0387
f 2230 2231 2232
v 595.1193 -1272.8973 435.0387
v 601.6909 -1269.3760 435.0388
v 596.7621 -1272.6217 435.0386
f 2233 2234 2235
v 595.5039 -1273.4324 435.0386
v 595.1193 -1272.8973 435.0387
v 596.7621 -1272.6217 435.0386
f 2236 2237 2238
v 596.7990 -1272.6789 435.0386
v 596.7621 -1272.6217 435.0386
v 601.6909 -1269.3760 435.0388
f 2239 2240 2241
v 637.8952 -1271.8924 431.2879
v 639.4651 -1273.8225 431.2874
v 637.1121 -1274.5393 431.2874
f 2242 2243 2244
v 637.5903 -1275.2335 431.2873
v 637.1121 -1274.5393 431.2874
v 639.4651 -1273.8225 431.2874
f 2245 2246 2247
v 637.8952 -1271.8924 431.2879
v 641.3366 -1272.1815 431.2875
v 639.4651 -1273.8225 431.2874
f 2248 2249 2250
v 635.6818 -1273.5584 431.2878
v 637.8952 -1271.8924 431.2879
v 637.1121 -1274.5393 431.2874
f 2251 2252 2253
v 641.8050 -1269.3998 431.2880
v 639.6644 -1270.3411 431.2880
v 641.2445 -1268.8522 431.2882
f 2254 2255 2256
v 639.6644 -1270.3411 431.2880
v 641.8050 -1269.3998 431.2880
v 641.3366 -1272.1815 431.2875
f 2257 2258 2259
v 642.0316 -1269.1673 431.2880
v 643.2093 -1270.4175 431.2877
v 641.8050 -1269.3998 431.2880
f 2260 2261 2262
v 641.8050 -1269.3998 431.2880
v 643.2093 -1270.4175 431.2877
v 641.3366 -1272.1815 431.2875
f 2263 2264 2265
v 637.8952 -1271.8924 431.2879
v 639.6644 -1270.3411 431.2880
v 641.3366 -1272.1815 431.2875
f 2266 2267 2268
v 642.2752 -1268.9180 431.0540
v 641.8049 -1269.3997 431.0540
v 636.8947 -1264.6035 431.0554
f 2269 2270 2271
v 636.8947 -1264.6035 431.0554
v 633.5077 -1266.4975 431.0554
v 636.9342 -1263.7026 431.0556
f 2272 2273 2274
v 642.2752 -1268.9180 431.0540
v 636.8947 -1264.6035 431.0554
v 636.9342 -1263.7026 431.0556
f 2275 2276 2277
v 634.5496 -1266.5163 431.0553
v 633.5077 -1266.4975 431.0554
v 636.8947 -1264.6035 431.0554
f 2278 2279 2280
v 634.5496 -1266.5163 431.0553
v 635.2889 -1267.1632 431.0551
v 634.1891 -1267.0943 431.0552
f 2281 2282 2283
v 630.0788 -1269.7873 431.0551
v 632.2383 -1269.2251 431.0550
v 630.4372 -1270.3573 431.0549
f 2284 2285 2286
v 631.8698 -1268.6611 431.0551
v 632.2383 -1269.2251 431.0550
v 630.0788 -1269.7873 431.0551
f 2287 2288 2289
v 632.2383 -1269.2251 431.0550
v 631.8698 -1268.6611 431.0551
v 634.1891 -1267.0943 431.0552
f 2290 2291 2292
v 634.5496 -1266.5163 431.0553
v 634.1891 -1267.0943 431.0552
v 633.5077 -1266.4975 431.0554
f 2293 2294 2295
v 635.2889 -1267.1632 431.0551
v 632.2383 -1269.2251 431.0550
v 634.1891 -1267.0943 431.0552
f 2296 2297 2298
v 636.9345 -1263.7032 434.5075
v 633.5080 -1266.4981 434.5073
v 634.5500 -1266.5168 434.5072
f 2299 2300 2301
v 641.5044 -1268.6085 434.4421
v 636.9345 -1263.7032 434.5075
v 636.8951 -1264.6041 434.5073
f 2302 2303 2304
v 634.5500 -1266.5168 434.5072
v 636.8951 -1264.6041 434.5073
v 636.9345 -1263.7032 434.5075
f 2305 2306 2307
v 636.8951 -1264.6041 434.5073
v 641.2959 -1268.8049 434.4421
v 641.5044 -1268.6085 434.4421
f 2308 2309 2310
v 642.2757 -1268.9186 434.4349
v 641.5044 -1268.6085 434.4421
v 642.0320 -1269.1680 434.4349
f 2311 2312 2313
v 636.9345 -1263.7032 434.5075
v 641.5044 -1268.6085 434.4421
v 642.2757 -1268.9186 434.4349
f 2314 2315 2316
v 641.2448 -1268.8528 434.4431
v 641.2959 -1268.8049 434.4421
v 636.8951 -1264.6041 434.5073
f 2317 2318 2319
v 628.1654 -1277.0799 423.3621
v 629.8573 -1274.4785 423.3625
v 630.7004 -1275.9227 423.3621
f 2320 2321 2322
v 625.5865 -1277.0270 423.3624
v 628.1654 -1277.0799 423.3621
v 624.1127 -1278.8091 423.3622
f 2323 2324 2325
v 621.8490 -1276.4140 423.3629
v 625.5865 -1277.0270 423.3624
v 624.1127 -1278.8091 423.3622
f 2326 2327 2328
v 629.8573 -1274.4785 423.3625
v 628.1654 -1277.0799 423.3621
v 625.5865 -1277.0270 423.3624
f 2329 2330 2331
v 616.6399 -1277.9390 423.3631
v 621.6912 -1274.4785 423.3633
v 621.8490 -1276.4140 423.3629
f 2332 2333 2334
v 625.5865 -1277.0270 423.3624
v 621.8490 -1276.4140 423.3629
v 621.6912 -1274.4785 423.3633
f 2335 2336 2337
v 616.6399 -1277.9390 423.3631
v 619.0074 -1278.5014 423.3627
v 611.4829 -1280.5343 423.3630
f 2338 2339 2340
v 619.0074 -1278.5014 423.3627
v 610.9570 -1282.7249 423.3627
v 611.4829 -1280.5343 423.3630
f 2341 2342 2343
v 621.8490 -1276.4140 423.3629
v 619.0074 -1278.5014 423.3627
v 616.6399 -1277.9390 423.3631
f 2344 2345 2346
v 611.4829 -1280.5343 423.3630
v 610.9570 -1282.7249 423.3627
v 607.0094 -1282.1623 423.3631
f 2347 2348 2349
v 605.2737 -1285.7777 423.3626
v 607.0094 -1282.1623 423.3631
v 610.9570 -1282.7249 423.3627
f 2350 2351 2352
v 603.7998 -1286.1337 423.3626
v 604.5366 -1283.9437 423.3630
v 605.2737 -1285.7777 423.3626
f 2353 2354 2355
v 607.0094 -1282.1623 423.3631
v 605.2737 -1285.7777 423.3626
v 604.5366 -1283.9437 423.3630
f 2356 2357 2358
v 600.3789 -1284.1955 423.3634
v 604.5366 -1283.9437 423.3630
v 603.7998 -1286.1337 423.3626
f 2359 2360 2361
v 592.9746 -1284.2827 423.3640
v 596.9052 -1282.9713 423.3639
v 593.5893 -1285.1094 423.3638
f 2362 2363 2364
v 600.3789 -1284.1955 423.3634
v 593.5893 -1285.1094 423.3638
v 596.9052 -1282.9713 423.3639
f 2365 2366 2367
v 596.4308 -1281.9519 423.3642
v 596.9052 -1282.9713 423.3639
v 592.9746 -1284.2827 423.3640
f 2368 2369 2370
v 593.5893 -1285.1094 423.3638
v 600.3789 -1284.1955 423.3634
v 603.7998 -1286.1337 423.3626
f 2371 2372 2373
v 631.1094 -1275.7391 436.1236
v 630.1672 -1274.2975 436.0940
v 630.2413 -1274.2527 436.1240
f 2374 2375 2376
v 630.1672 -1274.2975 436.0940
v 631.1094 -1275.7391 436.1236
v 631.0303 -1275.7748 436.0936
f 2377 2378 2379
v 631.1094 -1275.7391 436.1236
v 630.2413 -1274.2527 436.1240
v 630.3205 -1274.2059 436.1460
f 2380 2381 2382
v 630.3205 -1274.2059 436.1460
v 631.1925 -1275.7013 436.1456
v 631.1094 -1275.7391 436.1236
f 2383 2384 2385
v 630.4027 -1274.1572 436.1610
v 631.2806 -1275.6605 436.1606
v 631.1925 -1275.7013 436.1456
f 2386 2387 2388
v 631.1925 -1275.7013 436.1456
v 630.3205 -1274.2059 436.1460
v 630.4027 -1274.1572 436.1610
f 2389 2390 2391
v 630.4027 -1274.1572 436.1610
v 630.4868 -1274.1064 436.1690
v 631.2806 -1275.6605 436.1606
f 2392 2393 2394
v 630.5719 -1274.0556 436.1690
v 631.4608 -1275.5789 436.1686
v 631.3697 -1275.6198 436.1686
f 2395 2396 2397
v 631.3697 -1275.6198 436.1686
v 630.4868 -1274.1064 436.1690
v 630.5719 -1274.0556 436.1690
f 2398 2399 2400
v 631.5500 -1275.5382 436.1606
v 630.5719 -1274.0556 436.1690
v 630.6560 -1274.0058 436.1610
f 2401 2402 2403
v 630.5719 -1274.0556 436.1690
v 631.5500 -1275.5382 436.1606
v 631.4608 -1275.5789 436.1686
f 2404 2405 2406
v 630.7382 -1273.9570 436.1460
v 631.6380 -1275.4974 436.1456
v 631.5500 -1275.5382 436.1606
f 2407 2408 2409
v 631.5500 -1275.5382 436.1606
v 630.6560 -1274.0058 436.1610
v 630.7382 -1273.9570 436.1460
f 2410 2411 2412
v 631.6380 -1275.4974 436.1456
v 630.7382 -1273.9570 436.1460
v 630.8163 -1273.9103 436.1240
f 2413 2414 2415
v 630.8163 -1273.9103 436.1240
v 631.7221 -1275.4597 436.1236
v 631.6380 -1275.4974 436.1456
f 2416 2417 2418
v 630.8904 -1273.8655 436.0940
v 631.8002 -1275.4239 436.0936
v 631.7221 -1275.4597 436.1236
f 2419 2420 2421
v 631.7221 -1275.4597 436.1236
v 630.8163 -1273.9103 436.1240
v 630.8904 -1273.8655 436.0940
f 2422 2423 2424
v 630.8904 -1273.8655 436.0940
v 630.9595 -1273.8246 436.0590
v 631.8002 -1275.4239 436.0936
f 2425 2426 2427
v 631.9394 -1275.3603 436.0166
v 631.8734 -1275.3901 436.0586
v 631.0216 -1273.7877 436.0170
f 2428 2429 2430
v 631.0216 -1273.7877 436.0170
v 631.9975 -1275.3333 435.9696
v 631.9394 -1275.3603 436.0166
f 2431 2432 2433
v 631.9975 -1275.3333 435.9696
v 631.0216 -1273.7877 436.0170
v 631.0757 -1273.7549 435.9700
f 2434 2435 2436
v 632.0455 -1275.3115 435.9186
v 631.0757 -1273.7549 435.9700
v 631.1207 -1273.7280 435.9190
f 2437 2438 2439
v 631.0757 -1273.7549 435.9700
v 632.0455 -1275.3115 435.9186
v 631.9975 -1275.3333 435.9696
f 2440 2441 2442
v 631.1207 -1273.7280 435.9190
v 632.0846 -1275.2936 435.8636
v 632.0455 -1275.3115 435.9186
f 2443 2444 2445
v 632.0846 -1275.2936 435.8636
v 631.1207 -1273.7280 435.9190
v 631.1568 -1273.7060 435.8640
f 2446 2447 2448
v 632.1126 -1275.2817 435.8056
v 631.1568 -1273.7060 435.8640
v 631.1838 -1273.6911 435.8060
f 2449 2450 2451
v 631.1568 -1273.7060 435.8640
v 632.1126 -1275.2817 435.8056
v 632.0846 -1275.2936 435.8636
f 2452 2453 2454
v 631.1989 -1273.6812 435.7460
v 632.1286 -1275.2737 435.7456
v 632.1126 -1275.2817 435.8056
f 2455 2456 2457
v 632.1126 -1275.2817 435.8056
v 631.1838 -1273.6911 435.8060
v 631.1989 -1273.6812 435.7460
f 2458 2459 2460
v 631.1975 -1273.6790 423.3625
v 632.1273 -1275.2715 423.3621
v 632.1286 -1275.2737 435.7456
f 2461 2462 2463
v 629.8747 -1274.4717 435.8060
v 630.7188 -1275.9170 435.8056
v 630.7018 -1275.9248 435.7456
f 2464 2465 2466
v 630.7018 -1275.9248 435.7456
v 629.8587 -1274.4806 435.7460
v 629.8747 -1274.4717 435.8060
f 2467 2468 2469
v 630.7004 -1275.9227 423.3621
v 629.8573 -1274.4785 423.3625
v 629.8587 -1274.4806 435.7460
f 2470 2471 2472
v 629.8747 -1274.4717 435.8060
v 629.9008 -1274.4557 435.8650
v 630.7188 -1275.9170 435.8056
f 2473 2474 2475
v 630.7469 -1275.9051 435.8646
v 629.9008 -1274.4557 435.8650
v 629.9368 -1274.4348 435.9190
f 2476 2477 2478
v 629.9368 -1274.4348 435.9190
v 630.7850 -1275.8872 435.9186
v 630.7469 -1275.9051 435.8646
f 2479 2480 2481
v 630.8330 -1275.8653 435.9696
v 629.9368 -1274.4348 435.9190
v 629.9829 -1274.4070 435.9700
f 2482 2483 2484
v 629.9368 -1274.4348 435.9190
v 630.8330 -1275.8653 435.9696
v 630.7850 -1275.8872 435.9186
f 2485 2486 2487
v 630.0360 -1274.3751 436.0170
v 630.8911 -1275.8385 436.0166
v 630.8330 -1275.8653 435.9696
f 2488 2489 2490
v 630.8330 -1275.8653 435.9696
v 629.9829 -1274.4070 435.9700
v 630.0360 -1274.3751 436.0170
f 2491 2492 2493
v 630.0360 -1274.3751 436.0170
v 630.0982 -1274.3383 436.0590
v 630.8911 -1275.8385 436.0166
f 2494 2495 2496
v 630.9572 -1275.8086 436.0586
v 630.0982 -1274.3383 436.0590
v 630.1672 -1274.2975 436.0940
f 2497 2498 2499
v 630.1672 -1274.2975 436.0940
v 631.0303 -1275.7748 436.0936
v 630.9572 -1275.8086 436.0586
f 2500 2501 2502
v 668.8942 -1254.9438 423.3624
v 667.2104 -1255.6053 423.3624
v 669.2626 -1253.6697 423.3626
f 2503 2504 2505
v 667.2104 -1255.6053 423.3624
v 668.8942 -1254.9438 423.3624
v 667.0012 -1258.6608 423.3619
f 2506 2507 2508
v 665.3171 -1260.5453 423.3617
v 665.7903 -1259.3735 423.3618
v 667.0012 -1258.6608 423.3619
f 2509 2510 2511
v 667.0012 -1258.6608 423.3619
v 665.7903 -1259.3735 423.3618
v 666.1062 -1257.8964 423.3621
f 2512 2513 2514
v 664.8442 -1261.6650 423.3615
v 665.6862 -1262.0223 423.3613
v 665.4758 -1262.5318 423.3612
f 2515 2516 2517
v 665.6862 -1262.0223 423.3613
v 664.8442 -1261.6650 423.3615
v 665.3171 -1260.5453 423.3617
f 2518 2519 2520
v 664.8442 -1261.6650 423.3615
v 665.4758 -1262.5318 423.3612
v 663.5805 -1262.6326 423.3614
f 2521 2522 2523
v 667.0012 -1258.6608 423.3619
v 665.6862 -1262.0223 423.3613
v 665.3171 -1260.5453 423.3617
f 2524 2525 2526
v 667.0012 -1258.6608 423.3619
v 666.1062 -1257.8964 423.3621
v 667.2104 -1255.6053 423.3624
f 2527 2528 2529
v 648.7934 -1269.3482 423.3616
v 662.7385 -1261.8684 423.3617
v 657.0559 -1267.6722 423.3611
f 2530 2531 2532
v 669.2626 -1253.6697 423.3626
v 667.2104 -1255.6053 423.3624
v 667.6835 -1253.7205 423.3628
f 2533 2534 2535
v 665.4758 -1262.5318 423.3612
v 657.0559 -1267.6722 423.3611
v 663.5805 -1262.6326 423.3614
f 2536 2537 2538
v 645.5843 -1273.8296 423.3610
v 648.7934 -1269.3482 423.3616
v 648.4255 -1271.8952 423.3611
f 2539 2540 2541
v 657.0559 -1267.6722 423.3611
v 648.4255 -1271.8952 423.3611
v 648.7934 -1269.3482 423.3616
f 2542 2543 2544
v 663.5805 -1262.6326 423.3614
v 657.0559 -1267.6722 423.3611
v 662.7385 -1261.8684 423.3617
f 2545 2546 2547
v 643.7417 -1272.5546 423.3615
v 645.5843 -1273.8296 423.3610
v 645.2692 -1274.2367 423.3610
f 2548 2549 2550
v 643.7417 -1272.5546 423.3615
v 642.5852 -1276.4766 423.3608
v 641.8478 -1274.7446 423.3612
f 2551 2552 2553
v 643.5846 -1275.5603 423.3609
v 643.7417 -1272.5546 423.3615
v 645.2692 -1274.2367 423.3610
f 2554 2555 2556
v 648.7934 -1269.3482 423.3616
v 645.5843 -1273.8296 423.3610
v 643.7417 -1272.5546 423.3615
f 2557 2558 2559
v 642.5852 -1276.4766 423.3608
v 641.5332 -1277.5968 423.3607
v 641.8478 -1274.7446 423.3612
f 2560 2561 2562
v 637.9552 -1280.1922 423.3605
v 640.5859 -1276.9342 423.3609
v 641.5332 -1277.5968 423.3607
f 2563 2564 2565
v 641.5332 -1277.5968 423.3607
v 640.5859 -1276.9342 423.3609
v 641.8478 -1274.7446 423.3612
f 2566 2567 2568
v 643.5846 -1275.5603 423.3609
v 642.5852 -1276.4766 423.3608
v 643.7417 -1272.5546 423.3615
f 2569 2570 2571
v 637.1113 -1274.5378 423.3617
v 632.8481 -1274.9425 423.3621
v 633.6895 -1272.1927 423.3626
f 2572 2573 2574
v 633.6895 -1272.1927 423.3626
v 632.1273 -1275.2715 423.3621
v 631.1975 -1273.6790 423.3625
f 2575 2576 2577
v 635.9023 -1278.6127 423.3610
v 637.1113 -1274.5378 423.3617
v 639.0069 -1277.2890 423.3610
f 2578 2579 2580
v 637.1113 -1274.5378 423.3617
v 635.9023 -1278.6127 423.3610
v 632.8481 -1274.9425 423.3621
f 2581 2582 2583
v 633.6895 -1272.1927 423.3626
v 632.8481 -1274.9425 423.3621
v 632.1273 -1275.2715 423.3621
f 2584 2585 2586
v 637.9552 -1280.1922 423.3605
v 635.9023 -1278.6127 423.3610
v 639.0069 -1277.2890 423.3610
f 2587 2588 2589
v 637.9552 -1280.1922 423.3605
v 639.0069 -1277.2890 423.3610
v 640.5859 -1276.9342 423.3609
f 2590 2591 2592
v 635.9042 -1278.6156 440.1774
v 632.8501 -1274.9456 441.1314
v 632.8481 -1274.9425 423.3621
f 2593 2594 2595
v 632.9272 -1272.6501 431.6272
v 630.5070 -1270.3145 436.8697
v 630.5064 -1270.3136 431.6279
f 2596 2597 2598
v 635.6818 -1273.5584 431.2878
v 637.8959 -1271.8933 437.1237
v 637.8952 -1271.8924 431.2879
f 2599 2600 2601
v 628.1654 -1277.0799 423.3621
v 624.1145 -1278.8121 440.6915
v 624.1127 -1278.8091 423.3622
f 2602 2603 2604
v 624.1145 -1278.8121 440.6915
v 621.8510 -1276.4170 440.8392
v 621.8490 -1276.4140 423.3629
f 2605 2606 2607
v 637.9570 -1280.1951 439.8109
v 635.9042 -1278.6156 440.1774
v 635.9023 -1278.6127 423.3610
f 2608 2609 2610
v 641.5349 -1277.5996 439.5911
v 637.9570 -1280.1951 439.8109
v 637.9552 -1280.1922 423.3605
f 2611 2612 2613
v 642.5869 -1276.4794 439.0042
v 641.5349 -1277.5996 439.5911
v 641.5332 -1277.5968 423.3607
f 2614 2615 2616
v 639.0069 -1277.2890 423.3610
v 640.5876 -1276.9370 439.0043
v 640.5859 -1276.9342 423.3609
f 2617 2618 2619
v 641.3370 -1272.1822 435.3093
v 639.4657 -1273.8236 437.1232
v 639.4651 -1273.8225 431.2874
f 2620 2621 2622
v 637.8952 -1271.8924 431.2879
v 639.6649 -1270.3418 435.3099
v 639.6644 -1270.3411 431.2880
f 2623 2624 2625
v 643.2096 -1270.4181 434.7766
v 641.3370 -1272.1822 435.3093
v 641.3366 -1272.1815 431.2875
f 2626 2627 2628
v 645.2706 -1274.2389 435.8525
v 643.5861 -1275.5626 436.4394
v 643.5846 -1275.5603 423.3609
f 2629 2630 2631
v 641.8478 -1274.7446 423.3612
v 643.7429 -1272.5566 434.2401
v 643.7417 -1272.5546 423.3615
f 2632 2633 2634
v 645.5856 -1273.8316 434.7536
v 645.2706 -1274.2389 435.8525
v 645.2692 -1274.2367 423.3610
f 2635 2636 2637
v 643.5861 -1275.5626 436.4394
v 642.5869 -1276.4794 439.0042
v 642.5852 -1276.4766 423.3608
f 2638 2639 2640
v 640.5859 -1276.9342 423.3609
v 641.8492 -1274.7468 436.2927
v 641.8478 -1274.7446 423.3612
f 2641 2642 2643
v 648.4268 -1271.8971 434.3867
v 645.5856 -1273.8316 434.7536
v 645.5843 -1273.8296 423.3610
f 2644 2645 2646
v 643.7417 -1272.5546 423.3615
v 648.7945 -1269.3499 433.9472
v 648.7934 -1269.3482 423.3616
f 2647 2648 2649
v 665.4758 -1262.5318 423.3612
v 657.0572 -1267.6742 434.6797
v 657.0559 -1267.6722 423.3611
f 2650 2651 2652
v 662.7385 -1261.8684 423.3617
v 663.5818 -1262.6346 434.3870
v 663.5805 -1262.6326 423.3614
f 2653 2654 2655
v 648.7945 -1269.3499 433.9472
v 662.7398 -1261.8704 434.3873
v 662.7385 -1261.8684 423.3617
f 2656 2657 2658
v 657.0559 -1267.6722 423.3611
v 648.4268 -1271.8971 434.3867
v 648.4255 -1271.8952 423.3611
f 2659 2660 2661
v 663.5805 -1262.6326 423.3614
v 664.8454 -1261.6670 434.3871
v 664.8442 -1261.6650 423.3615
f 2662 2663 2664
v 665.7903 -1259.3735 423.3618
v 666.1067 -1257.8970 427.1310
v 666.1062 -1257.8964 423.3621
f 2665 2666 2667
v 665.3171 -1260.5453 423.3617
v 665.7908 -1259.3742 427.3506
v 665.7903 -1259.3735 423.3618
f 2668 2669 2670
v 667.0018 -1258.6616 428.0107
v 665.6867 -1262.0231 428.0831
v 665.6862 -1262.0223 423.3613
f 2671 2672 2673
v 668.8946 -1254.9444 426.9113
v 667.0018 -1258.6616 428.0107
v 667.0012 -1258.6608 423.3619
f 2674 2675 2676
v 666.1062 -1257.8964 423.3621
v 667.2108 -1255.6059 426.9113
v 667.2104 -1255.6053 423.3624
f 2677 2678 2679
v 669.2626 -1253.6697 423.3626
v 668.8946 -1254.9444 426.9113
v 668.8942 -1254.9438 423.3624
f 2680 2681 2682
v 667.6835 -1253.7205 423.3628
v 669.2630 -1253.6704 426.9115
v 669.2626 -1253.6697 423.3626
f 2683 2684 2685
v 667.2104 -1255.6053 423.3624
v 667.6839 -1253.7212 426.9117
v 667.6835 -1253.7205 423.3628
f 2686 2687 2688
v 636.9342 -1263.7026 431.0556
v 642.2757 -1268.9186 434.4349
v 642.2752 -1268.9180 431.0540
f 2689 2690 2691
v 634.5500 -1266.5168 434.5072
v 635.2893 -1267.1639 434.6490
v 635.2889 -1267.1632 431.0551
f 2692 2693 2694
v 636.8947 -1264.6035 431.0554
v 634.5500 -1266.5168 434.5072
v 634.5496 -1266.5163 431.0553
f 2695 2696 2697
v 633.5077 -1266.4975 431.0554
v 636.9345 -1263.7032 434.5075
v 636.9342 -1263.7026 431.0556
f 2698 2699 2700
v 634.1891 -1267.0943 431.0552
v 633.5080 -1266.4981 434.5073
v 633.5077 -1266.4975 431.0554
f 2701 2702 2703
v 631.8698 -1268.6611 431.0551
v 634.1894 -1267.0949 434.6491
v 634.1891 -1267.0943 431.0552
f 2704 2705 2706
v 635.2893 -1267.1639 434.6490
v 632.2388 -1269.2258 435.5019
v 632.2383 -1269.2251 431.0550
f 2707 2708 2709
v 621.8510 -1276.4170 440.8392
v 619.0093 -1278.5045 441.1320
v 619.0074 -1278.5014 423.3627
f 2710 2711 2712
v 621.6912 -1274.4785 423.3633
v 625.5884 -1277.0301 441.0587
v 625.5865 -1277.0270 423.3624
f 2713 2714 2715
v 616.6399 -1277.9390 423.3631
v 621.6932 -1274.4816 441.0596
v 621.6912 -1274.4785 423.3633
f 2716 2717 2718
v 619.0093 -1278.5045 441.1320
v 610.9590 -1282.7282 442.1580
v 610.9570 -1282.7249 423.3627
f 2719 2720 2721
v 611.4829 -1280.5343 423.3630
v 616.6418 -1277.9423 441.7184
v 616.6399 -1277.9390 423.3631
f 2722 2723 2724
v 607.0094 -1282.1623 423.3631
v 611.4849 -1280.5376 442.1583
v 611.4829 -1280.5343 423.3630
f 2725 2726 2727
v 610.9590 -1282.7282 442.1580
v 605.2758 -1285.7811 442.3049
v 605.2737 -1285.7777 423.3626
f 2728 2729 2730
v 604.5366 -1283.9437 423.3630
v 607.0115 -1282.1658 443.1114
v 607.0094 -1282.1623 423.3631
f 2731 2732 2733
v 603.7998 -1286.1337 423.3626
v 593.5912 -1285.1125 440.9861
v 593.5893 -1285.1094 423.3638
f 2734 2735 2736
v 596.9072 -1282.9747 442.4522
v 600.3810 -1284.1990 442.5987
v 600.3789 -1284.1955 423.3634
f 2737 2738 2739
v 593.5893 -1285.1094 423.3638
v 592.9757 -1284.2845 433.6026
v 592.9746 -1284.2827 423.3640
f 2740 2741 2742
v 605.2737 -1285.7777 423.3626
v 603.8018 -1286.1371 442.3049
v 603.7998 -1286.1337 423.3626
f 2743 2744 2745
v 600.3810 -1284.1990 442.5987
v 604.5387 -1283.9472 443.1113
v 604.5366 -1283.9437 423.3630
f 2746 2747 2748
v 601.6909 -1269.3760 435.0388
v 596.7993 -1272.6794 438.3494
v 596.7990 -1272.6789 435.0386
f 2749 2750 2751
v 595.1193 -1272.8973 435.0387
v 601.2839 -1268.7354 438.3499
v 601.2836 -1268.7348 435.0390
f 2752 2753 2754
v 595.5039 -1273.4324 435.0386
v 595.1197 -1272.8980 438.3495
v 595.1193 -1272.8973 435.0387
f 2755 2756 2757
v 592.9757 -1284.2845 433.6026
v 588.7758 -1277.7724 440.6950
v 588.7751 -1277.7712 433.6043
f 2758 2759 2760
v 596.5233 -1275.4949 433.6041
v 593.1010 -1277.7030 440.6946
v 593.1003 -1277.7018 433.6039
f 2761 2762 2763
v 598.5628 -1278.6565 433.6032
v 596.5240 -1275.4961 440.6948
v 596.5233 -1275.4949 433.6041
f 2764 2765 2766
v 595.1398 -1280.8632 433.6031
v 598.5636 -1278.6577 440.6940
v 598.5628 -1278.6565 433.6032
f 2767 2768 2769
v 593.1003 -1277.7018 433.6039
v 595.1406 -1280.8646 440.6938
v 595.1398 -1280.8632 433.6031
f 2770 2771 2772
v 600.9616 -1279.1349 433.6029
v 596.7990 -1272.6789 435.0386
v 596.7993 -1272.6794 438.3494
f 2773 2774 2775
v 609.2356 -1279.2635 436.2410
v 608.7531 -1279.5879 439.8179
v 608.7527 -1279.5873 436.2410
f 2776 2777 2778
v 601.4580 -1268.7218 438.2849
v 601.9410 -1268.3974 439.5008
v 601.9408 -1268.3971 438.0419
f 2779 2780 2781
v 609.2356 -1279.2635 436.2410
v 602.3390 -1268.9909 436.2437
v 602.3392 -1268.9911 438.0317
f 2782 2783 2784
v 608.7527 -1279.5873 436.2410
v 601.8385 -1269.2889 438.2777
v 601.8382 -1269.2886 436.2437
f 2785 2786 2787
v 601.2836 -1268.7348 435.0390
v 602.6010 -1267.9527 437.7099
v 602.6007 -1267.9523 435.0390
f 2788 2789 2790
v 608.9020 -1264.9262 435.0390
v 602.9952 -1268.6008 437.7097
v 602.9950 -1268.6004 435.0388
f 2791 2792 2793
v 608.5007 -1264.2820 435.0392
v 608.9022 -1264.9267 437.7809
v 608.9020 -1264.9262 435.0390
f 2794 2795 2796
v 602.6010 -1267.9527 437.7099
v 608.5009 -1264.2826 437.7811
v 608.5007 -1264.2820 435.0392
f 2797 2798 2799
v 592.9746 -1284.2827 423.3640
v 596.4320 -1281.9538 433.6028
v 596.4308 -1281.9519 423.3642
f 2800 2801 2802
v 600.9616 -1279.1349 433.6029
v 596.4695 -1282.0331 440.6935
v 596.4687 -1282.0318 433.6028
f 2803 2804 2805
v 630.4868 -1274.1064 436.1690
v 631.3697 -1275.6198 436.1686
v 631.2806 -1275.6605 436.1606
f 2806 2807 2808
v 630.9595 -1273.8246 436.0590
v 631.8734 -1275.3901 436.0586
v 631.8002 -1275.4239 436.0936
f 2809 2810 2811
v 631.8734 -1275.3901 436.0586
v 630.9595 -1273.8246 436.0590
v 631.0216 -1273.7877 436.0170
f 2812 2813 2814
v 631.1975 -1273.6790 423.3625
v 632.1286 -1275.2737 435.7456
v 631.1989 -1273.6812 435.7460
f 2815 2816 2817
v 630.7004 -1275.9227 423.3621
v 629.8587 -1274.4806 435.7460
v 630.7018 -1275.9248 435.7456
f 2818 2819 2820
v 629.9008 -1274.4557 435.8650
v 630.7469 -1275.9051 435.8646
v 630.7188 -1275.9170 435.8056
f 2821 2822 2823
v 630.0982 -1274.3383 436.0590
v 630.9572 -1275.8086 436.0586
v 630.8911 -1275.8385 436.0166
f 2824 2825 2826

g building_ID_615BD5D3-2A8A-4370-9E23-13D6E5053091
v 640.5902 -1257.7775 432.0594
v 640.8538 -1256.8151 431.9526
v 640.3125 -1256.9167 432.0596
f 2827 2828 2829
v 640.8538 -1256.8151 431.9526
v 640.5902 -1257.7775 432.0594
v 641.0888 -1257.5448 431.9524
f 2830 2831 2832
v 640.8534 -1256.8145 428.1537
v 640.8538 -1256.8151 431.9526
v 641.0888 -1257.5448 431.9524
f 2833 2834 2835
v 640.5898 -1257.7768 428.1535
v 640.5902 -1257.7775 432.0594
v 640.3125 -1256.9167 432.0596
f 2836 2837 2838
v 641.0721 -1258.5428 432.0592
v 641.0888 -1257.5448 431.9524
v 640.5902 -1257.7775 432.0594
f 2839 2840 2841
v 641.0888 -1257.5448 431.9524
v 641.0721 -1258.5428 432.0592
v 641.4981 -1258.1939 431.9523
f 2842 2843 2844
v 641.0884 -1257.5442 428.1535
v 641.0888 -1257.5448 431.9524
v 641.4981 -1258.1939 431.9523
f 2845 2846 2847
v 641.0717 -1258.5421 428.1533
v 641.0721 -1258.5428 432.0592
v 640.5902 -1257.7775 432.0594
f 2848 2849 2850
v 641.7305 -1259.1646 432.0590
v 641.4981 -1258.1939 431.9523
v 641.0721 -1258.5428 432.0592
f 2851 2852 2853
v 641.4981 -1258.1939 431.9523
v 641.7305 -1259.1646 432.0590
v 642.0557 -1258.7204 431.9521
f 2854 2855 2856
v 641.4977 -1258.1933 428.1534
v 641.4981 -1258.1939 431.9523
v 642.0557 -1258.7204 431.9521
f 2857 2858 2859
v 641.7301 -1259.1639 428.1531
v 641.7305 -1259.1646 432.0590
v 641.0721 -1258.5428 432.0592
f 2860 2861 2862
v 642.7257 -1259.0912 431.9520
v 642.0557 -1258.7204 431.9521
v 641.7305 -1259.1646 432.0590
f 2863 2864 2865
v 641.7305 -1259.1646 432.0590
v 642.5223 -1259.6027 432.0589
v 642.7257 -1259.0912 431.9520
f 2866 2867 2868
v 642.0553 -1258.7198 428.1532
v 642.0557 -1258.7204 431.9521
v 642.7257 -1259.0912 431.9520
f 2869 2870 2871
v 642.5219 -1259.6020 428.1530
v 642.5223 -1259.6027 432.0589
v 641.7305 -1259.1646 432.0590
f 2872 2873 2874
v 643.4682 -1259.2842 431.9518
v 642.7257 -1259.0912 431.9520
v 642.5223 -1259.6027 432.0589
f 2875 2876 2877
v 642.5223 -1259.6027 432.0589
v 643.3977 -1259.8301 432.0587
v 643.4682 -1259.2842 431.9518
f 2878 2879 2880
v 642.7252 -1259.0905 428.1531
v 642.7257 -1259.0912 431.9520
v 643.4682 -1259.2842 431.9518
f 2881 2882 2883
v 643.3973 -1259.8294 428.1528
v 643.3977 -1259.8301 432.0587
v 642.5223 -1259.6027 432.0589
f 2884 2885 2886
v 644.2352 -1259.2862 431.9518
v 643.4682 -1259.2842 431.9518
v 643.3977 -1259.8301 432.0587
f 2887 2888 2889
v 643.3977 -1259.8301 432.0587
v 644.3027 -1259.8334 432.0586
v 644.2352 -1259.2862 431.9518
f 2890 2891 2892
v 643.4678 -1259.2836 428.1529
v 643.4682 -1259.2842 431.9518
v 644.2352 -1259.2862 431.9518
f 2893 2894 2895
v 644.3023 -1259.8328 428.1527
v 644.3027 -1259.8334 432.0586
v 643.3977 -1259.8301 432.0587
f 2896 2897 2898
v 644.9787 -1259.0983 431.9517
v 644.2352 -1259.2862 431.9518
v 644.3027 -1259.8334 432.0586
f 2899 2900 2901
v 644.3027 -1259.8334 432.0586
v 645.1793 -1259.6108 432.0586
v 644.9787 -1259.0983 431.9517
f 2902 2903 2904
v 644.2348 -1259.2856 428.1529
v 644.2352 -1259.2862 431.9518
v 644.9787 -1259.0983 431.9517
f 2905 2906 2907
v 645.1789 -1259.6102 428.1527
v 645.1793 -1259.6108 432.0586
v 644.3027 -1259.8334 432.0586
f 2908 2909 2910
v 645.9735 -1259.1769 432.0586
v 644.9787 -1259.0983 431.9517
v 645.1793 -1259.6108 432.0586
f 2911 2912 2913
v 644.9787 -1259.0983 431.9517
v 645.9735 -1259.1769 432.0586
v 645.6517 -1258.7310 431.9517
f 2914 2915 2916
v 644.9783 -1259.0976 428.1528
v 644.9787 -1259.0983 431.9517
v 645.6517 -1258.7310 431.9517
f 2917 2918 2919
v 645.9731 -1259.1762 428.1527
v 645.9735 -1259.1769 432.0586
v 645.1793 -1259.6108 432.0586
f 2920 2921 2922
v 646.6352 -1258.5597 432.0587
v 645.6517 -1258.7310 431.9517
v 645.9735 -1259.1769 432.0586
f 2923 2924 2925
v 645.6517 -1258.7310 431.9517
v 646.6352 -1258.5597 432.0587
v 646.2121 -1258.2075 431.9518
f 2926 2927 2928
v 645.6513 -1258.7304 428.1528
v 645.6517 -1258.7310 431.9517
v 646.2121 -1258.2075 431.9518
f 2929 2930 2931
v 646.6348 -1258.5591 428.1528
v 646.6352 -1258.5597 432.0587
v 645.9735 -1259.1769 432.0586
f 2932 2933 2934
v 646.6249 -1257.5617 431.9519
v 646.2121 -1258.2075 431.9518
v 646.6352 -1258.5597 432.0587
f 2935 2936 2937
v 646.6352 -1258.5597 432.0587
v 647.1223 -1257.7970 432.0588
v 646.6249 -1257.5617 431.9519
f 2938 2939 2940
v 646.2117 -1258.2069 428.1529
v 646.2121 -1258.2075 431.9518
v 646.6249 -1257.5617 431.9519
f 2941 2942 2943
v 647.1218 -1257.7964 428.1529
v 647.1223 -1257.7970 432.0588
v 646.6352 -1258.5597 432.0587
f 2944 2945 2946
v 647.4045 -1256.9377 432.0589
v 646.6249 -1257.5617 431.9519
v 647.1223 -1257.7970 432.0588
f 2947 2948 2949
v 646.6249 -1257.5617 431.9519
v 647.4045 -1256.9377 432.0589
v 646.8638 -1256.8322 431.9520
f 2950 2951 2952
v 646.6244 -1257.5609 428.1530
v 646.6249 -1257.5617 431.9519
v 646.8638 -1256.8322 431.9520
f 2953 2954 2955
v 647.4041 -1256.9371 428.1530
v 647.4045 -1256.9377 432.0589
v 647.1223 -1257.7970 432.0588
f 2956 2957 2958
v 647.4640 -1256.0349 432.0591
v 646.8638 -1256.8322 431.9520
v 647.4045 -1256.9377 432.0589
f 2959 2960 2961
v 646.8638 -1256.8322 431.9520
v 647.4640 -1256.0349 432.0591
v 646.9139 -1256.0674 431.9521
f 2962 2963 2964
v 646.8634 -1256.8316 428.1531
v 646.8638 -1256.8322 431.9520
v 646.9139 -1256.0674 431.9521
f 2965 2966 2967
v 647.4635 -1256.0342 428.1532
v 647.4640 -1256.0349 432.0591
v 647.4045 -1256.9377 432.0589
f 2968 2969 2970
v 647.2963 -1255.1454 432.0593
v 646.9139 -1256.0674 431.9521
v 647.4640 -1256.0349 432.0591
f 2971 2972 2973
v 646.9139 -1256.0674 431.9521
v 647.2963 -1255.1454 432.0593
v 646.7729 -1255.3140 431.9523
f 2974 2975 2976
v 646.9134 -1256.0667 428.1532
v 646.9139 -1256.0674 431.9521
v 646.7729 -1255.3140 431.9523
f 2977 2978 2979
v 647.2959 -1255.1447 428.1534
v 647.2963 -1255.1454 432.0593
v 647.4640 -1256.0349 432.0591
f 2980 2981 2982
v 646.9135 -1254.3254 432.0595
v 646.7729 -1255.3140 431.9523
v 647.2963 -1255.1454 432.0593
f 2983 2984 2985
v 646.7729 -1255.3140 431.9523
v 646.9135 -1254.3254 432.0595
v 646.4477 -1254.6191 431.9525
f 2986 2987 2988
v 646.7725 -1255.3133 428.1534
v 646.7729 -1255.3140 431.9523
v 646.4477 -1254.6191 431.9525
f 2989 2990 2991
v 646.9131 -1254.3247 428.1536
v 646.9135 -1254.3254 432.0595
v 647.2963 -1255.1454 432.0593
f 2992 2993 2994
v 645.9613 -1254.0268 431.9526
v 646.4477 -1254.6191 431.9525
v 646.9135 -1254.3254 432.0595
f 2995 2996 2997
v 646.9135 -1254.3254 432.0595
v 646.3394 -1253.6269 432.0597
v 645.9613 -1254.0268 431.9526
f 2998 2999 3000
v 646.4473 -1254.6184 428.1536
v 646.4477 -1254.6191 431.9525
v 645.9613 -1254.0268 431.9526
f 3001 3002 3003
v 646.3390 -1253.6261 428.1538
v 646.3394 -1253.6269 432.0597
v 646.9135 -1254.3254 432.0595
f 3004 3005 3006
v 645.6088 -1253.0929 432.0598
v 645.9613 -1254.0268 431.9526
v 646.3394 -1253.6269 432.0597
f 3007 3008 3009
v 645.9613 -1254.0268 431.9526
v 645.6088 -1253.0929 432.0598
v 645.3425 -1253.5741 431.9528
f 3010 3011 3012
v 645.9609 -1254.0261 428.1537
v 645.9613 -1254.0268 431.9526
v 645.3425 -1253.5741 431.9528
f 3013 3014 3015
v 645.6084 -1253.0921 428.1539
v 645.6088 -1253.0929 432.0598
v 646.3394 -1253.6269 432.0597
f 3016 3017 3018
v 644.6303 -1253.2902 431.9529
v 645.3425 -1253.5741 431.9528
v 645.6088 -1253.0929 432.0598
f 3019 3020 3021
v 645.6088 -1253.0929 432.0598
v 644.7687 -1252.7565 432.0600
v 644.6303 -1253.2902 431.9529
f 3022 3023 3024
v 645.3421 -1253.5735 428.1539
v 645.3425 -1253.5741 431.9528
v 644.6303 -1253.2902 431.9529
f 3025 3026 3027
v 644.7683 -1252.7559 428.1541
v 644.7687 -1252.7565 432.0600
v 645.6088 -1253.0929 432.0598
f 3028 3029 3030
v 643.8695 -1253.1912 431.9530
v 644.6303 -1253.2902 431.9529
v 644.7687 -1252.7565 432.0600
f 3031 3032 3033
v 644.7687 -1252.7565 432.0600
v 643.8710 -1252.6412 432.0601
v 643.8695 -1253.1912 431.9530
f 3034 3035 3036
v 644.6298 -1253.2896 428.1540
v 644.6303 -1253.2902 431.9529
v 643.8695 -1253.1912 431.9530
f 3037 3038 3039
v 643.8706 -1252.6406 428.1542
v 643.8710 -1252.6412 432.0601
v 644.7687 -1252.7565 432.0600
f 3040 3041 3042
v 643.1083 -1253.2852 431.9531
v 643.8695 -1253.1912 431.9530
v 643.8710 -1252.6412 432.0601
f 3043 3044 3045
v 643.8710 -1252.6412 432.0601
v 642.9727 -1252.7517 432.0602
v 643.1083 -1253.2852 431.9531
f 3046 3047 3048
v 643.8691 -1253.1905 428.1541
v 643.8695 -1253.1912 431.9530
v 643.1083 -1253.2852 431.9531
f 3049 3050 3051
v 642.9723 -1252.7511 428.1543
v 642.9727 -1252.7517 432.0602
v 643.8710 -1252.6412 432.0601
f 3052 3053 3054
v 642.3945 -1253.5652 431.9531
v 643.1083 -1253.2852 431.9531
v 642.9727 -1252.7517 432.0602
f 3055 3056 3057
v 642.9727 -1252.7517 432.0602
v 642.1308 -1253.0825 432.0602
v 642.3945 -1253.5652 431.9531
f 3058 3059 3060
v 643.1078 -1253.2844 428.1542
v 643.1083 -1253.2852 431.9531
v 642.3945 -1253.5652 431.9531
f 3061 3062 3063
v 642.1304 -1253.0819 428.1543
v 642.1308 -1253.0825 432.0602
v 642.9727 -1252.7517 432.0602
f 3064 3065 3066
v 641.7733 -1254.0146 431.9531
v 642.3945 -1253.5652 431.9531
v 642.1308 -1253.0825 432.0602
f 3067 3068 3069
v 642.1308 -1253.0825 432.0602
v 641.3974 -1253.6126 432.0602
v 641.7733 -1254.0146 431.9531
f 3070 3071 3072
v 642.3941 -1253.5646 428.1542
v 642.3945 -1253.5652 431.9531
v 641.7733 -1254.0146 431.9531
f 3073 3074 3075
v 641.3969 -1253.6119 428.1543
v 641.3974 -1253.6126 432.0602
v 642.1308 -1253.0825 432.0602
f 3076 3077 3078
v 641.2827 -1254.6043 431.9530
v 641.7733 -1254.0146 431.9531
v 641.3974 -1253.6126 432.0602
f 3079 3080 3081
v 641.3974 -1253.6126 432.0602
v 640.8185 -1254.3081 432.0601
v 641.2827 -1254.6043 431.9530
f 3082 3083 3084
v 641.7729 -1254.0139 428.1542
v 641.7733 -1254.0146 431.9531
v 641.2827 -1254.6043 431.9530
f 3085 3086 3087
v 640.8181 -1254.3074 428.1542
v 640.8185 -1254.3081 432.0601
v 641.3974 -1253.6126 432.0602
f 3088 3089 3090
v 640.9538 -1255.2964 431.9529
v 641.2827 -1254.6043 431.9530
v 640.8185 -1254.3081 432.0601
f 3091 3092 3093
v 640.8185 -1254.3081 432.0601
v 640.4313 -1255.1250 432.0600
v 640.9538 -1255.2964 431.9529
f 3094 3095 3096
v 641.2823 -1254.6036 428.1541
v 641.2827 -1254.6043 431.9530
v 640.9538 -1255.2964 431.9529
f 3097 3098 3099
v 640.4309 -1255.1243 428.1541
v 640.4313 -1255.1250 432.0600
v 640.8185 -1254.3081 432.0601
f 3100 3101 3102
v 640.2589 -1256.0135 432.0598
v 640.9538 -1255.2964 431.9529
v 640.4313 -1255.1250 432.0600
f 3103 3104 3105
v 640.9538 -1255.2964 431.9529
v 640.2589 -1256.0135 432.0598
v 640.8079 -1256.0500 431.9527
f 3106 3107 3108
v 640.9534 -1255.2957 428.1540
v 640.9538 -1255.2964 431.9529
v 640.8079 -1256.0500 431.9527
f 3109 3110 3111
v 640.2585 -1256.0129 428.1539
v 640.2589 -1256.0135 432.0598
v 640.4313 -1255.1250 432.0600
f 3112 3113 3114
v 640.3125 -1256.9167 432.0596
v 640.8079 -1256.0500 431.9527
v 640.2589 -1256.0135 432.0598
f 3115 3116 3117
v 640.8079 -1256.0500 431.9527
v 640.3125 -1256.9167 432.0596
v 640.8538 -1256.8151 431.9526
f 3118 3119 3120
v 640.8074 -1256.0494 428.1538
v 640.8079 -1256.0500 431.9527
v 640.8538 -1256.8151 431.9526
f 3121 3122 3123
v 640.3121 -1256.9161 428.1537
v 640.3125 -1256.9167 432.0596
v 640.2589 -1256.0135 432.0598
f 3124 3125 3126
v 641.0884 -1257.5442 428.1535
v 641.0717 -1258.5421 428.1533
v 640.5898 -1257.7768 428.1535
f 3127 3128 3129
v 640.8534 -1256.8145 428.1537
v 641.0884 -1257.5442 428.1535
v 640.5898 -1257.7768 428.1535
f 3130 3131 3132
v 641.4977 -1258.1933 428.1534
v 641.0717 -1258.5421 428.1533
v 641.0884 -1257.5442 428.1535
f 3133 3134 3135
v 642.0553 -1258.7198 428.1532
v 641.7301 -1259.1639 428.1531
v 641.4977 -1258.1933 428.1534
f 3136 3137 3138
v 641.0717 -1258.5421 428.1533
v 641.4977 -1258.1933 428.1534
v 641.7301 -1259.1639 428.1531
f 3139 3140 3141
v 642.7252 -1259.0905 428.1531
v 641.7301 -1259.1639 428.1531
v 642.0553 -1258.7198 428.1532
f 3142 3143 3144
v 640.9534 -1255.2957 428.1540
v 640.2585 -1256.0129 428.1539
v 640.4309 -1255.1243 428.1541
f 3145 3146 3147
v 640.8181 -1254.3074 428.1542
v 640.9534 -1255.2957 428.1540
v 640.4309 -1255.1243 428.1541
f 3148 3149 3150
v 640.8074 -1256.0494 428.1538
v 640.2585 -1256.0129 428.1539
v 640.9534 -1255.2957 428.1540
f 3151 3152 3153
v 640.8534 -1256.8145 428.1537
v 640.3121 -1256.9161 428.1537
v 640.8074 -1256.0494 428.1538
f 3154 3155 3156
v 640.2585 -1256.0129 428.1539
v 640.8074 -1256.0494 428.1538
v 640.3121 -1256.9161 428.1537
f 3157 3158 3159
v 640.5898 -1257.7768 428.1535
v 640.3121 -1256.9161 428.1537
v 640.8534 -1256.8145 428.1537
f 3160 3161 3162
v 643.4678 -1259.2836 428.1529
v 642.5219 -1259.6020 428.1530
v 642.7252 -1259.0905 428.1531
f 3163 3164 3165
v 641.7301 -1259.1639 428.1531
v 642.7252 -1259.0905 428.1531
v 642.5219 -1259.6020 428.1530
f 3166 3167 3168
v 643.3973 -1259.8294 428.1528
v 642.5219 -1259.6020 428.1530
v 643.4678 -1259.2836 428.1529
f 3169 3170 3171
v 644.3023 -1259.8328 428.1527
v 643.3973 -1259.8294 428.1528
v 644.2348 -1259.2856 428.1529
f 3172 3173 3174
v 643.4678 -1259.2836 428.1529
v 644.2348 -1259.2856 428.1529
v 643.3973 -1259.8294 428.1528
f 3175 3176 3177
v 645.1789 -1259.6102 428.1527
v 644.3023 -1259.8328 428.1527
v 644.2348 -1259.2856 428.1529
f 3178 3179 3180
v 644.9783 -1259.0976 428.1528
v 645.9731 -1259.1762 428.1527
v 645.1789 -1259.6102 428.1527
f 3181 3182 3183
v 644.2348 -1259.2856 428.1529
v 644.9783 -1259.0976 428.1528
v 645.1789 -1259.6102 428.1527
f 3184 3185 3186
v 645.6513 -1258.7304 428.1528
v 645.9731 -1259.1762 428.1527
v 644.9783 -1259.0976 428.1528
f 3187 3188 3189
v 646.6348 -1258.5591 428.1528
v 645.9731 -1259.1762 428.1527
v 645.6513 -1258.7304 428.1528
f 3190 3191 3192
v 646.6348 -1258.5591 428.1528
v 646.2117 -1258.2069 428.1529
v 646.6244 -1257.5609 428.1530
f 3193 3194 3195
v 646.6348 -1258.5591 428.1528
v 645.6513 -1258.7304 428.1528
v 646.2117 -1258.2069 428.1529
f 3196 3197 3198
v 647.1218 -1257.7964 428.1529
v 646.6348 -1258.5591 428.1528
v 646.6244 -1257.5609 428.1530
f 3199 3200 3201
v 641.3969 -1253.6119 428.1543
v 641.2823 -1254.6036 428.1541
v 640.8181 -1254.3074 428.1542
f 3202 3203 3204
v 640.9534 -1255.2957 428.1540
v 640.8181 -1254.3074 428.1542
v 641.2823 -1254.6036 428.1541
f 3205 3206 3207
v 641.7729 -1254.0139 428.1542
v 641.2823 -1254.6036 428.1541
v 641.3969 -1253.6119 428.1543
f 3208 3209 3210
v 641.7729 -1254.0139 428.1542
v 641.3969 -1253.6119 428.1543
v 642.3941 -1253.5646 428.1542
f 3211 3212 3213
v 642.1304 -1253.0819 428.1543
v 642.3941 -1253.5646 428.1542
v 641.3969 -1253.6119 428.1543
f 3214 3215 3216
v 642.9723 -1252.7511 428.1543
v 642.3941 -1253.5646 428.1542
v 642.1304 -1253.0819 428.1543
f 3217 3218 3219
v 643.8706 -1252.6406 428.1542
v 643.1078 -1253.2844 428.1542
v 642.9723 -1252.7511 428.1543
f 3220 3221 3222
v 642.3941 -1253.5646 428.1542
v 642.9723 -1252.7511 428.1543
v 643.1078 -1253.2844 428.1542
f 3223 3224 3225
v 643.8691 -1253.1905 428.1541
v 643.1078 -1253.2844 428.1542
v 643.8706 -1252.6406 428.1542
f 3226 3227 3228
v 644.6298 -1253.2896 428.1540
v 643.8691 -1253.1905 428.1541
v 644.7683 -1252.7559 428.1541
f 3229 3230 3231
v 643.8706 -1252.6406 428.1542
v 644.7683 -1252.7559 428.1541
v 643.8691 -1253.1905 428.1541
f 3232 3233 3234
v 645.6084 -1253.0921 428.1539
v 644.6298 -1253.2896 428.1540
v 644.7683 -1252.7559 428.1541
f 3235 3236 3237
v 647.2959 -1255.1447 428.1534
v 647.4635 -1256.0342 428.1532
v 646.9134 -1256.0667 428.1532
f 3238 3239 3240
v 647.4635 -1256.0342 428.1532
v 646.8634 -1256.8316 428.1531
v 646.9134 -1256.0667 428.1532
f 3241 3242 3243
v 646.6244 -1257.5609 428.1530
v 647.4041 -1256.9371 428.1530
v 647.1218 -1257.7964 428.1529
f 3244 3245 3246
v 647.4635 -1256.0342 428.1532
v 647.4041 -1256.9371 428.1530
v 646.8634 -1256.8316 428.1531
f 3247 3248 3249
v 647.2959 -1255.1447 428.1534
v 646.9134 -1256.0667 428.1532
v 646.7725 -1255.3133 428.1534
f 3250 3251 3252
v 646.6244 -1257.5609 428.1530
v 646.8634 -1256.8316 428.1531
v 647.4041 -1256.9371 428.1530
f 3253 3254 3255
v 645.3421 -1253.5735 428.1539
v 646.3390 -1253.6261 428.1538
v 645.9609 -1254.0261 428.1537
f 3256 3257 3258
v 644.6298 -1253.2896 428.1540
v 645.6084 -1253.0921 428.1539
v 645.3421 -1253.5735 428.1539
f 3259 3260 3261
v 645.6084 -1253.0921 428.1539
v 646.3390 -1253.6261 428.1538
v 645.3421 -1253.5735 428.1539
f 3262 3263 3264
v 647.2959 -1255.1447 428.1534
v 646.7725 -1255.3133 428.1534
v 646.9131 -1254.3247 428.1536
f 3265 3266 3267
v 646.4473 -1254.6184 428.1536
v 646.9131 -1254.3247 428.1536
v 646.7725 -1255.3133 428.1534
f 3268 3269 3270
v 645.9609 -1254.0261 428.1537
v 646.9131 -1254.3247 428.1536
v 646.4473 -1254.6184 428.1536
f 3271 3272 3273
v 646.9131 -1254.3247 428.1536
v 645.9609 -1254.0261 428.1537
v 646.3390 -1253.6261 428.1538
f 3274 3275 3276
v 640.8534 -1256.8145 428.1537
v 641.0888 -1257.5448 431.9524
v 641.0884 -1257.5442 428.1535
f 3277 3278 3279
v 640.5898 -1257.7768 428.1535
v 640.3125 -1256.9167 432.0596
v 640.3121 -1256.9161 428.1537
f 3280 3281 3282
v 641.0884 -1257.5442 428.1535
v 641.4981 -1258.1939 431.9523
v 641.4977 -1258.1933 428.1534
f 3283 3284 3285
v 641.0717 -1258.5421 428.1533
v 640.5902 -1257.7775 432.0594
v 640.5898 -1257.7768 428.1535
f 3286 3287 3288
v 641.4977 -1258.1933 428.1534
v 642.0557 -1258.7204 431.9521
v 642.0553 -1258.7198 428.1532
f 3289 3290 3291
v 641.7301 -1259.1639 428.1531
v 641.0721 -1258.5428 432.0592
v 641.0717 -1258.5421 428.1533
f 3292 3293 3294
v 642.0553 -1258.7198 428.1532
v 642.7257 -1259.0912 431.9520
v 642.7252 -1259.0905 428.1531
f 3295 3296 3297
v 642.5219 -1259.6020 428.1530
v 641.7305 -1259.1646 432.0590
v 641.7301 -1259.1639 428.1531
f 3298 3299 3300
v 642.7252 -1259.0905 428.1531
v 643.4682 -1259.2842 431.9518
v 643.4678 -1259.2836 428.1529
f 3301 3302 3303
v 643.3973 -1259.8294 428.1528
v 642.5223 -1259.6027 432.0589
v 642.5219 -1259.6020 428.1530
f 3304 3305 3306
v 643.4678 -1259.2836 428.1529
v 644.2352 -1259.2862 431.9518
v 644.2348 -1259.2856 428.1529
f 3307 3308 3309
v 644.3023 -1259.8328 428.1527
v 643.3977 -1259.8301 432.0587
v 643.3973 -1259.8294 428.1528
f 3310 3311 3312
v 644.2348 -1259.2856 428.1529
v 644.9787 -1259.0983 431.9517
v 644.9783 -1259.0976 428.1528
f 3313 3314 3315
v 645.1789 -1259.6102 428.1527
v 644.3027 -1259.8334 432.0586
v 644.3023 -1259.8328 428.1527
f 3316 3317 3318
v 644.9783 -1259.0976 428.1528
v 645.6517 -1258.7310 431.9517
v 645.6513 -1258.7304 428.1528
f 3319 3320 3321
v 645.9731 -1259.1762 428.1527
v 645.1793 -1259.6108 432.0586
v 645.1789 -1259.6102 428.1527
f 3322 3323 3324
v 645.6513 -1258.7304 428.1528
v 646.2121 -1258.2075 431.9518
v 646.2117 -1258.2069 428.1529
f 3325 3326 3327
v 646.6348 -1258.5591 428.1528
v 645.9735 -1259.1769 432.0586
v 645.9731 -1259.1762 428.1527
f 3328 3329 3330
v 646.2117 -1258.2069 428.1529
v 646.6249 -1257.5617 431.9519
v 646.6244 -1257.5609 428.1530
f 3331 3332 3333
v 647.1218 -1257.7964 428.1529
v 646.6352 -1258.5597 432.0587
v 646.6348 -1258.5591 428.1528
f 3334 3335 3336
v 646.6244 -1257.5609 428.1530
v 646.8638 -1256.8322 431.9520
v 646.8634 -1256.8316 428.1531
f 3337 3338 3339
v 647.4041 -1256.9371 428.1530
v 647.1223 -1257.7970 432.0588
v 647.1218 -1257.7964 428.1529
f 3340 3341 3342
v 646.8634 -1256.8316 428.1531
v 646.9139 -1256.0674 431.9521
v 646.9134 -1256.0667 428.1532
f 3343 3344 3345
v 647.4635 -1256.0342 428.1532
v 647.4045 -1256.9377 432.0589
v 647.4041 -1256.9371 428.1530
f 3346 3347 3348
v 646.9134 -1256.0667 428.1532
v 646.7729 -1255.3140 431.9523
v 646.7725 -1255.3133 428.1534
f 3349 3350 3351
v 647.2959 -1255.1447 428.1534
v 647.4640 -1256.0349 432.0591
v 647.4635 -1256.0342 428.1532
f 3352 3353 3354
v 646.7725 -1255.3133 428.1534
v 646.4477 -1254.6191 431.9525
v 646.4473 -1254.6184 428.1536
f 3355 3356 3357
v 646.9131 -1254.3247 428.1536
v 647.2963 -1255.1454 432.0593
v 647.2959 -1255.1447 428.1534
f 3358 3359 3360
v 646.4473 -1254.6184 428.1536
v 645.9613 -1254.0268 431.9526
v 645.9609 -1254.0261 428.1537
f 3361 3362 3363
v 646.3390 -1253.6261 428.1538
v 646.9135 -1254.3254 432.0595
v 646.9131 -1254.3247 428.1536
f 3364 3365 3366
v 645.9609 -1254.0261 428.1537
v 645.3425 -1253.5741 431.9528
v 645.3421 -1253.5735 428.1539
f 3367 3368 3369
v 645.6084 -1253.0921 428.1539
v 646.3394 -1253.6269 432.0597
v 646.3390 -1253.6261 428.1538
f 3370 3371 3372
v 645.3421 -1253.5735 428.1539
v 644.6303 -1253.2902 431.9529
v 644.6298 -1253.2896 428.1540
f 3373 3374 3375
v 644.7683 -1252.7559 428.1541
v 645.6088 -1253.0929 432.0598
v 645.6084 -1253.0921 428.1539
f 3376 3377 3378
v 644.6298 -1253.2896 428.1540
v 643.8695 -1253.1912 431.9530
v 643.8691 -1253.1905 428.1541
f 3379 3380 3381
v 643.8706 -1252.6406 428.1542
v 644.7687 -1252.7565 432.0600
v 644.7683 -1252.7559 428.1541
f 3382 3383 3384
v 643.8691 -1253.1905 428.1541
v 643.1083 -1253.2852 431.9531
v 643.1078 -1253.2844 428.1542
f 3385 3386 3387
v 642.9723 -1252.7511 428.1543
v 643.8710 -1252.6412 432.0601
v 643.8706 -1252.6406 428.1542
f 3388 3389 3390
v 643.1078 -1253.2844 428.1542
v 642.3945 -1253.5652 431.9531
v 642.3941 -1253.5646 428.1542
f 3391 3392 3393
v 642.1304 -1253.0819 428.1543
v 642.9727 -1252.7517 432.0602
v 642.9723 -1252.7511 428.1543
f 3394 3395 3396
v 642.3941 -1253.5646 428.1542
v 641.7733 -1254.0146 431.9531
v 641.7729 -1254.0139 428.1542
f 3397 3398 3399
v 641.3969 -1253.6119 428.1543
v 642.1308 -1253.0825 432.0602
v 642.1304 -1253.0819 428.1543
f 3400 3401 3402
v 641.7729 -1254.0139 428.1542
v 641.2827 -1254.6043 431.9530
v 641.2823 -1254.6036 428.1541
f 3403 3404 3405
v 640.8181 -1254.3074 428.1542
v 641.3974 -1253.6126 432.0602
v 641.3969 -1253.6119 428.1543
f 3406 3407 3408
v 641.2823 -1254.6036 428.1541
v 640.9538 -1255.2964 431.9529
v 640.9534 -1255.2957 428.1540
f 3409 3410 3411
v 640.4309 -1255.1243 428.1541
v 640.8185 -1254.3081 432.0601
v 640.8181 -1254.3074 428.1542
f 3412 3413 3414
v 640.9534 -1255.2957 428.1540
v 640.8079 -1256.0500 431.9527
v 640.8074 -1256.0494 428.1538
f 3415 3416 3417
v 640.2585 -1256.0129 428.1539
v 640.4313 -1255.1250 432.0600
v 640.4309 -1255.1243 428.1541
f 3418 3419 3420
v 640.8074 -1256.0494 428.1538
v 640.8538 -1256.8151 431.9526
v 640.8534 -1256.8145 428.1537
f 3421 3422 3423
v 640.3121 -1256.9161 428.1537
v 640.2589 -1256.0135 432.0598
v 640.2585 -1256.0129 428.1539
f 3424 3425 3426

g building_ID_63295B65-4498-49A1-B934-AC1B80983AB3
v 647.4526 -1252.1071 433.3489
v 645.1274 -1252.5727 433.1360
v 647.8567 -1252.4671 433.3487
f 3427 3428 3429
v 647.8563 -1252.4664 429.4618
v 647.8567 -1252.4671 433.3487
v 645.1274 -1252.5727 433.1360
f 3430 3431 3432
v 645.5034 -1252.1817 433.1360
v 645.1274 -1252.5727 433.1360
v 647.4526 -1252.1071 433.3489
f 3433 3434 3435
v 645.5030 -1252.1811 429.4621
v 645.5034 -1252.1817 433.1360
v 647.4522 -1252.1063 429.4620
f 3436 3437 3438
v 645.1310 -1251.2098 433.1363
v 645.1274 -1252.5727 433.1360
v 645.5034 -1252.1817 433.1360
f 3439 3440 3441
v 645.5060 -1251.5737 433.1362
v 645.1310 -1251.2098 433.1363
v 645.5034 -1252.1817 433.1360
f 3442 3443 3444
v 646.3021 -1251.1738 433.1362
v 645.5060 -1251.5737 433.1362
v 646.7082 -1251.5369 433.1360
f 3445 3446 3447
v 645.1310 -1251.2098 433.1363
v 645.5060 -1251.5737 433.1362
v 646.3021 -1251.1738 433.1362
f 3448 3449 3450
v 645.5056 -1251.5731 429.4623
v 645.5060 -1251.5737 433.1362
v 645.5034 -1252.1817 433.1360
f 3451 3452 3453
v 646.7077 -1251.5363 429.4621
v 646.7082 -1251.5369 433.1360
v 645.5060 -1251.5737 433.1362
f 3454 3455 3456
v 645.1306 -1251.2091 429.4624
v 645.1310 -1251.2098 433.1363
v 646.3021 -1251.1738 433.1362
f 3457 3458 3459
v 645.1269 -1252.5721 429.4621
v 645.1274 -1252.5727 433.1360
v 645.1310 -1251.2098 433.1363
f 3460 3461 3462
v 647.6278 -1249.4414 433.4914
v 647.2528 -1249.4705 433.4914
v 647.8567 -1252.4671 433.3487
f 3463 3464 3465
v 647.6274 -1249.4407 429.4625
v 647.6278 -1249.4414 433.4914
v 647.8567 -1252.4671 433.3487
f 3466 3467 3468
v 647.2523 -1249.4698 429.4625
v 647.2528 -1249.4705 433.4914
v 647.6278 -1249.4414 433.4914
f 3469 3470 3471
v 647.4526 -1252.1071 433.3489
v 647.8567 -1252.4671 433.3487
v 647.2528 -1249.4705 433.4914
f 3472 3473 3474
v 647.4522 -1252.1063 429.4620
v 647.4526 -1252.1071 433.3489
v 647.2523 -1249.4698 429.4625
f 3475 3476 3477
v 646.3021 -1251.1738 433.1362
v 646.7082 -1251.5369 433.1360
v 646.1745 -1249.5796 433.6334
f 3478 3479 3480
v 646.3017 -1251.1732 429.4623
v 646.3021 -1251.1738 433.1362
v 646.1740 -1249.5789 429.4626
f 3481 3482 3483
v 646.5486 -1249.5486 433.6333
v 646.1745 -1249.5796 433.6334
v 646.7082 -1251.5369 433.1360
f 3484 3485 3486
v 646.5481 -1249.5478 429.4625
v 646.5486 -1249.5486 433.6333
v 646.7082 -1251.5369 433.1360
f 3487 3488 3489
v 646.1740 -1249.5789 429.4626
v 646.1745 -1249.5796 433.6334
v 646.5486 -1249.5486 433.6333
f 3490 3491 3492
v 646.7077 -1251.5363 429.4621
v 646.3017 -1251.1732 429.4623
v 646.5481 -1249.5478 429.4625
f 3493 3494 3495
v 646.5481 -1249.5478 429.4625
v 646.3017 -1251.1732 429.4623
v 646.1740 -1249.5789 429.4626
f 3496 3497 3498
v 645.5056 -1251.5731 429.4623
v 645.1306 -1251.2091 429.4624
v 646.3017 -1251.1732 429.4623
f 3499 3500 3501
v 647.2523 -1249.4698 429.4625
v 647.6274 -1249.4407 429.4625
v 647.4522 -1252.1063 429.4620
f 3502 3503 3504
v 647.6274 -1249.4407 429.4625
v 647.8563 -1252.4664 429.4618
v 647.4522 -1252.1063 429.4620
f 3505 3506 3507
v 647.8563 -1252.4664 429.4618
v 645.5030 -1252.1811 429.4621
v 647.4522 -1252.1063 429.4620
f 3508 3509 3510
v 645.1306 -1251.2091 429.4624
v 645.5030 -1252.1811 429.4621
v 645.1269 -1252.5721 429.4621
f 3511 3512 3513
v 647.8563 -1252.4664 429.4618
v 645.1269 -1252.5721 429.4621
v 645.5030 -1252.1811 429.4621
f 3514 3515 3516
v 645.5056 -1251.5731 429.4623
v 645.5030 -1252.1811 429.4621
v 645.1306 -1251.2091 429.4624
f 3517 3518 3519
v 646.3017 -1251.1732 429.4623
v 646.7077 -1251.5363 429.4621
v 645.5056 -1251.5731 429.4623
f 3520 3521 3522
v 647.8563 -1252.4664 429.4618
v 645.1274 -1252.5727 433.1360
v 645.1269 -1252.5721 429.4621
f 3523 3524 3525
v 645.5034 -1252.1817 433.1360
v 647.4526 -1252.1071 433.3489
v 647.4522 -1252.1063 429.4620
f 3526 3527 3528
v 645.5056 -1251.5731 429.4623
v 645.5034 -1252.1817 433.1360
v 645.5030 -1252.1811 429.4621
f 3529 3530 3531
v 646.7077 -1251.5363 429.4621
v 645.5060 -1251.5737 433.1362
v 645.5056 -1251.5731 429.4623
f 3532 3533 3534
v 645.1306 -1251.2091 429.4624
v 646.3021 -1251.1738 433.1362
v 646.3017 -1251.1732 429.4623
f 3535 3536 3537
v 645.1269 -1252.5721 429.4621
v 645.1310 -1251.2098 433.1363
v 645.1306 -1251.2091 429.4624
f 3538 3539 3540
v 647.6274 -1249.4407 429.4625
v 647.8567 -1252.4671 433.3487
v 647.8563 -1252.4664 429.4618
f 3541 3542 3543
v 647.2523 -1249.4698 429.4625
v 647.6278 -1249.4414 433.4914
v 647.6274 -1249.4407 429.4625
f 3544 3545 3546
v 647.4526 -1252.1071 433.3489
v 647.2528 -1249.4705 433.4914
v 647.2523 -1249.4698 429.4625
f 3547 3548 3549
v 646.3021 -1251.1738 433.1362
v 646.1745 -1249.5796 433.6334
v 646.1740 -1249.5789 429.4626
f 3550 3551 3552
v 646.5481 -1249.5478 429.4625
v 646.7082 -1251.5369 433.1360
v 646.7077 -1251.5363 429.4621
f 3553 3554 3555
v 646.1740 -1249.5789 429.4626
v 646.5486 -1249.5486 433.6333
v 646.5481 -1249.5478 429.4625
f 3556 3557 3558

g building_ID_AD0C070D-2258-4CF0-93E5-0F441A0C933D
v 641.1203 -1239.4646 431.8300
v 641.1207 -1239.4652 435.1469
v 646.1010 -1239.3425 435.1464
f 3559 3560 3561
v 639.1680 -1240.6674 431.8299
v 639.1684 -1240.6679 435.1468
v 641.1207 -1239.4652 435.1469
f 3562 3563 3564
v 644.8250 -1240.6765 431.8294
v 644.8254 -1240.6771 435.1463
v 639.8531 -1240.7998 435.1467
f 3565 3566 3567
v 644.9170 -1245.1839 431.8285
v 644.9174 -1245.1844 435.1454
v 644.8254 -1240.6771 435.1463
f 3568 3569 3570
v 640.1226 -1245.3310 431.8289
v 640.1229 -1245.3316 435.1458
v 644.9174 -1245.1844 435.1454
f 3571 3572 3573
v 646.2447 -1246.4454 431.8281
v 646.2450 -1246.4460 435.1450
v 638.8983 -1246.6733 435.1457
f 3574 3575 3576
v 646.1007 -1239.3419 431.8295
v 646.1010 -1239.3425 435.1464
v 646.2450 -1246.4460 435.1450
f 3577 3578 3579
v 638.8979 -1246.6728 431.8288
v 638.8983 -1246.6733 435.1457
v 638.6524 -1242.5436 435.1465
f 3580 3581 3582
v 639.8527 -1240.7993 431.8298
v 639.8531 -1240.7998 435.1467
v 640.1229 -1245.3316 435.1458
f 3583 3584 3585
v 638.6520 -1242.5431 431.8296
v 638.6524 -1242.5436 435.1465
v 639.0777 -1242.0458 435.1466
f 3586 3587 3588
v 640.1226 -1245.3310 431.8289
v 644.9170 -1245.1839 431.8285
v 638.8979 -1246.6728 431.8288
f 3589 3590 3591
v 646.2447 -1246.4454 431.8281
v 638.8979 -1246.6728 431.8288
v 644.9170 -1245.1839 431.8285
f 3592 3593 3594
v 644.8250 -1240.6765 431.8294
v 646.2447 -1246.4454 431.8281
v 644.9170 -1245.1839 431.8285
f 3595 3596 3597
v 641.1203 -1239.4646 431.8300
v 646.1007 -1239.3419 431.8295
v 644.8250 -1240.6765 431.8294
f 3598 3599 3600
v 646.2447 -1246.4454 431.8281
v 644.8250 -1240.6765 431.8294
v 646.1007 -1239.3419 431.8295
f 3601 3602 3603
v 644.8250 -1240.6765 431.8294
v 639.8527 -1240.7993 431.8298
v 641.1203 -1239.4646 431.8300
f 3604 3605 3606
v 639.0773 -1242.0451 431.8297
v 640.1226 -1245.3310 431.8289
v 638.6520 -1242.5431 431.8296
f 3607 3608 3609
v 640.1226 -1245.3310 431.8289
v 639.0773 -1242.0451 431.8297
v 639.8527 -1240.7993 431.8298
f 3610 3611 3612
v 639.1680 -1240.6674 431.8299
v 639.8527 -1240.7993 431.8298
v 639.1576 -1240.8164 431.8299
f 3613 3614 3615
v 639.0773 -1242.0451 431.8297
v 639.1576 -1240.8164 431.8299
v 639.8527 -1240.7993 431.8298
f 3616 3617 3618
v 641.1203 -1239.4646 431.8300
v 639.8527 -1240.7993 431.8298
v 639.1680 -1240.6674 431.8299
f 3619 3620 3621
v 638.6520 -1242.5431 431.8296
v 640.1226 -1245.3310 431.8289
v 638.8979 -1246.6728 431.8288
f 3622 3623 3624
v 639.0777 -1242.0458 435.1466
v 639.1580 -1240.8169 435.1468
v 639.1576 -1240.8164 431.8299
f 3625 3626 3627
v 639.1680 -1240.6674 431.8299
v 639.1576 -1240.8164 431.8299
v 639.1580 -1240.8169 435.1468
f 3628 3629 3630
v 640.1229 -1245.3316 435.1458
v 639.0777 -1242.0458 435.1466
v 638.6524 -1242.5436 435.1465
f 3631 3632 3633
v 640.1229 -1245.3316 435.1458
v 639.8531 -1240.7998 435.1467
v 639.0777 -1242.0458 435.1466
f 3634 3635 3636
v 639.1684 -1240.6679 435.1468
v 639.1580 -1240.8169 435.1468
v 639.8531 -1240.7998 435.1467
f 3637 3638 3639
v 639.0777 -1242.0458 435.1466
v 639.8531 -1240.7998 435.1467
v 639.1580 -1240.8169 435.1468
f 3640 3641 3642
v 641.1207 -1239.4652 435.1469
v 639.1684 -1240.6679 435.1468
v 639.8531 -1240.7998 435.1467
f 3643 3644 3645
v 638.8983 -1246.6733 435.1457
v 640.1229 -1245.3316 435.1458
v 638.6524 -1242.5436 435.1465
f 3646 3647 3648
v 640.1229 -1245.3316 435.1458
v 638.8983 -1246.6733 435.1457
v 644.9174 -1245.1844 435.1454
f 3649 3650 3651
v 646.2450 -1246.4460 435.1450
v 644.9174 -1245.1844 435.1454
v 638.8983 -1246.6733 435.1457
f 3652 3653 3654
v 644.8254 -1240.6771 435.1463
v 644.9174 -1245.1844 435.1454
v 646.2450 -1246.4460 435.1450
f 3655 3656 3657
v 646.1010 -1239.3425 435.1464
v 641.1207 -1239.4652 435.1469
v 644.8254 -1240.6771 435.1463
f 3658 3659 3660
v 644.8254 -1240.6771 435.1463
v 641.1207 -1239.4652 435.1469
v 639.8531 -1240.7998 435.1467
f 3661 3662 3663
v 646.2450 -1246.4460 435.1450
v 646.1010 -1239.3425 435.1464
v 644.8254 -1240.6771 435.1463
f 3664 3665 3666
v 641.1203 -1239.4646 431.8300
v 646.1010 -1239.3425 435.1464
v 646.1007 -1239.3419 431.8295
f 3667 3668 3669
v 639.1680 -1240.6674 431.8299
v 641.1207 -1239.4652 435.1469
v 641.1203 -1239.4646 431.8300
f 3670 3671 3672
v 644.8250 -1240.6765 431.8294
v 639.8531 -1240.7998 435.1467
v 639.8527 -1240.7993 431.8298
f 3673 3674 3675
v 644.9170 -1245.1839 431.8285
v 644.8254 -1240.6771 435.1463
v 644.8250 -1240.6765 431.8294
f 3676 3677 3678
v 640.1226 -1245.3310 431.8289
v 644.9174 -1245.1844 435.1454
v 644.9170 -1245.1839 431.8285
f 3679 3680 3681
v 646.2447 -1246.4454 431.8281
v 638.8983 -1246.6733 435.1457
v 638.8979 -1246.6728 431.8288
f 3682 3683 3684
v 646.1007 -1239.3419 431.8295
v 646.2450 -1246.4460 435.1450
v 646.2447 -1246.4454 431.8281
f 3685 3686 3687
v 638.8979 -1246.6728 431.8288
v 638.6524 -1242.5436 435.1465
v 638.6520 -1242.5431 431.8296
f 3688 3689 3690
v 639.8527 -1240.7993 431.8298
v 640.1229 -1245.3316 435.1458
v 640.1226 -1245.3310 431.8289
f 3691 3692 3693
v 638.6520 -1242.5431 431.8296
v 639.0777 -1242.0458 435.1466
v 639.0773 -1242.0451 431.8297
f 3694 3695 3696
v 639.0777 -1242.0458 435.1466
v 639.1576 -1240.8164 431.8299
v 639.0773 -1242.0451 431.8297
f 3697 3698 3699
v 639.1680 -1240.6674 431.8299
v 639.1580 -1240.8169 435.1468
v 639.1684 -1240.6679 435.1468
f 3700 3701 3702

g building_ID_76412891-84A8-439E-9537-A90866C6007C
v 650.9343 -1243.0964 428.7474
v 656.4706 -1244.1483 428.7466
v 656.2890 -1244.7408 428.7465
f 3703 3704 3705
v 656.4706 -1244.1483 428.7466
v 650.9343 -1243.0964 428.7474
v 651.1169 -1242.5029 428.7475
f 3706 3707 3708
v 656.4711 -1244.1491 433.3005
v 651.1175 -1242.5038 433.5854
v 650.9349 -1243.0972 433.5853
f 3709 3710 3711
v 650.9349 -1243.0972 433.5853
v 656.2895 -1244.7416 433.3004
v 656.4711 -1244.1491 433.3005
f 3712 3713 3714
v 656.4706 -1244.1483 428.7466
v 656.4711 -1244.1491 433.3005
v 656.2890 -1244.7408 428.7465
f 3715 3716 3717
v 651.1169 -1242.5029 428.7475
v 651.1175 -1242.5038 433.5854
v 656.4711 -1244.1491 433.3005
f 3718 3719 3720
v 650.9343 -1243.0964 428.7474
v 650.9349 -1243.0972 433.5853
v 651.1175 -1242.5038 433.5854
f 3721 3722 3723
v 656.2890 -1244.7408 428.7465
v 656.2895 -1244.7416 433.3004
v 650.9343 -1243.0964 428.7474
f 3724 3725 3726
v 656.4711 -1244.1491 433.3005
v 656.2895 -1244.7416 433.3004
v 656.2890 -1244.7408 428.7465
f 3727 3728 3729
v 651.1169 -1242.5029 428.7475
v 656.4711 -1244.1491 433.3005
v 656.4706 -1244.1483 428.7466
f 3730 3731 3732
v 650.9343 -1243.0964 428.7474
v 651.1175 -1242.5038 433.5854
v 651.1169 -1242.5029 428.7475
f 3733 3734 3735
v 656.2895 -1244.7416 433.3004
v 650.9349 -1243.0972 433.5853
v 650.9343 -1243.0964 428.7474
f 3736 3737 3738

g building_ID_CA0FFC2B-8A20-433D-AB84-F7AA620CB724
v 664.5139 -1242.2760 429.9491
v 665.2639 -1242.6150 429.9490
v 664.6393 -1241.7253 429.6292
f 3739 3740 3741
v 664.5133 -1242.2752 425.5533
v 664.5139 -1242.2760 429.9491
v 664.6393 -1241.7253 429.6292
f 3742 3743 3744
v 665.4359 -1241.8604 429.6291
v 664.6393 -1241.7253 429.6292
v 665.2639 -1242.6150 429.9490
f 3745 3746 3747
v 665.4355 -1241.8597 425.5533
v 665.4359 -1241.8604 429.6291
v 665.2635 -1242.6143 425.5531
f 3748 3749 3750
v 665.2089 -1236.6487 429.6301
v 665.4359 -1241.8604 429.6291
v 666.0342 -1236.5199 429.6301
f 3751 3752 3753
v 665.4359 -1241.8604 429.6291
v 665.2089 -1236.6487 429.6301
v 664.6393 -1241.7253 429.6292
f 3754 3755 3756
v 665.2089 -1236.6487 429.6301
v 666.0342 -1236.5199 429.6301
v 665.6356 -1235.6298 429.6303
f 3757 3758 3759
v 665.2089 -1236.6487 429.6301
v 665.2805 -1235.2789 429.6304
v 664.9614 -1236.0971 429.6303
f 3760 3761 3762
v 665.2805 -1235.2789 429.6304
v 664.7130 -1235.8514 429.6304
v 664.9614 -1236.0971 429.6303
f 3763 3764 3765
v 665.6356 -1235.6298 429.6303
v 665.2805 -1235.2789 429.6304
v 665.2089 -1236.6487 429.6301
f 3766 3767 3768
v 666.0338 -1236.5193 425.5543
v 666.0342 -1236.5199 429.6301
v 665.4359 -1241.8604 429.6291
f 3769 3770 3771
v 665.6352 -1235.6291 425.5545
v 665.6356 -1235.6298 429.6303
v 666.0342 -1236.5199 429.6301
f 3772 3773 3774
v 665.2801 -1235.2783 425.5546
v 665.2805 -1235.2789 429.6304
v 665.6356 -1235.6298 429.6303
f 3775 3776 3777
v 664.7126 -1235.8507 425.5546
v 664.7130 -1235.8514 429.6304
v 665.2805 -1235.2789 429.6304
f 3778 3779 3780
v 664.9609 -1236.0964 425.5545
v 664.9614 -1236.0971 429.6303
v 664.7130 -1235.8514 429.6304
f 3781 3782 3783
v 665.2084 -1236.6480 425.5543
v 665.2089 -1236.6487 429.6301
v 664.9614 -1236.0971 429.6303
f 3784 3785 3786
v 664.6388 -1241.7246 425.5534
v 664.6393 -1241.7253 429.6292
v 665.2089 -1236.6487 429.6301
f 3787 3788 3789
v 664.1212 -1244.1953 425.5529
v 664.1217 -1244.1960 429.9488
v 663.3771 -1245.3493 425.5527
f 3790 3791 3792
v 664.5139 -1242.2760 429.9491
v 663.4559 -1243.7412 429.9490
v 664.1217 -1244.1960 429.9488
f 3793 3794 3795
v 664.1217 -1244.1960 429.9488
v 665.2639 -1242.6150 429.9490
v 664.5139 -1242.2760 429.9491
f 3796 3797 3798
v 665.2635 -1242.6143 425.5531
v 665.2639 -1242.6150 429.9490
v 664.1217 -1244.1960 429.9488
f 3799 3800 3801
v 663.4554 -1243.7405 425.5531
v 663.4559 -1243.7412 429.9490
v 664.5139 -1242.2760 429.9491
f 3802 3803 3804
v 653.3712 -1252.2255 431.4412
v 658.3071 -1252.6447 431.4406
v 657.9114 -1251.8027 431.4408
f 3805 3806 3807
v 661.5796 -1246.5264 431.4415
v 657.9114 -1251.8027 431.4408
v 658.3071 -1252.6447 431.4406
f 3808 3809 3810
v 657.9114 -1251.8027 431.4408
v 653.4394 -1251.4228 431.4414
v 653.3712 -1252.2255 431.4412
f 3811 3812 3813
v 662.7080 -1244.9025 431.4417
v 661.8836 -1246.1643 431.4415
v 663.3778 -1245.3503 431.4415
f 3814 3815 3816
v 661.5796 -1246.5264 431.4415
v 663.3778 -1245.3503 431.4415
v 661.8836 -1246.1643 431.4415
f 3817 3818 3819
v 661.8836 -1246.1643 431.4415
v 662.7080 -1244.9025 431.4417
v 661.8396 -1246.1511 431.4415
f 3820 3821 3822
v 658.3071 -1252.6447 431.4406
v 663.3778 -1245.3503 431.4415
v 661.5796 -1246.5264 431.4415
f 3823 3824 3825
v 653.3705 -1252.2245 425.5524
v 653.3712 -1252.2255 431.4412
v 653.4394 -1251.4228 431.4414
f 3826 3827 3828
v 658.3065 -1252.6438 425.5518
v 658.3071 -1252.6447 431.4406
v 653.3712 -1252.2255 431.4412
f 3829 3830 3831
v 663.3771 -1245.3493 425.5527
v 663.3778 -1245.3503 431.4415
v 658.3071 -1252.6447 431.4406
f 3832 3833 3834
v 661.5790 -1246.5256 426.4767
v 657.9114 -1251.8027 431.4408
v 661.5796 -1246.5264 431.4415
f 3835 3836 3837
v 662.7073 -1244.9015 425.5529
v 657.9107 -1251.8017 425.5520
v 661.5790 -1246.5256 426.4767
f 3838 3839 3840
v 657.9114 -1251.8027 431.4408
v 661.5790 -1246.5256 426.4767
v 657.9107 -1251.8017 425.5520
f 3841 3842 3843
v 661.8391 -1246.1503 426.4767
v 661.8396 -1246.1511 431.4415
v 662.7080 -1244.9025 431.4417
f 3844 3845 3846
v 661.5790 -1246.5256 426.4767
v 661.8391 -1246.1503 426.4767
v 662.7073 -1244.9015 425.5529
f 3847 3848 3849
v 662.7080 -1244.9025 431.4417
v 662.7073 -1244.9015 425.5529
v 661.8391 -1246.1503 426.4767
f 3850 3851 3852
v 653.4387 -1251.4217 425.5526
v 653.4394 -1251.4228 431.4414
v 657.9114 -1251.8027 431.4408
f 3853 3854 3855
v 662.7073 -1244.9015 425.5529
v 662.7080 -1244.9025 431.4417
v 663.4559 -1243.7412 429.9490
f 3856 3857 3858
v 657.6699 -1244.9131 432.3042
v 661.4894 -1246.6333 432.2325
v 661.8836 -1246.1644 432.2285
f 3859 3860 3861
v 661.4894 -1246.6333 432.2325
v 657.6699 -1244.9131 432.3042
v 657.5126 -1245.4366 432.3041
f 3862 3863 3864
v 661.4887 -1246.6323 426.4767
v 661.4894 -1246.6333 432.2325
v 657.5119 -1245.4357 426.4773
f 3865 3866 3867
v 657.5119 -1245.4357 426.4773
v 657.5126 -1245.4366 432.3041
v 657.6699 -1244.9131 432.3042
f 3868 3869 3870
v 661.5790 -1246.5256 426.4767
v 657.5119 -1245.4357 426.4773
v 657.6693 -1244.9121 426.4774
f 3871 3872 3873
v 661.4887 -1246.6323 426.4767
v 657.5119 -1245.4357 426.4773
v 661.5790 -1246.5256 426.4767
f 3874 3875 3876
v 661.8391 -1246.1503 426.4767
v 661.5790 -1246.5256 426.4767
v 657.6693 -1244.9121 426.4774
f 3877 3878 3879
v 661.8836 -1246.1644 432.2285
v 661.5796 -1246.5264 431.4415
v 661.8836 -1246.1643 431.4415
f 3880 3881 3882
v 661.4887 -1246.6323 426.4767
v 661.5796 -1246.5264 431.4415
v 661.4894 -1246.6333 432.2325
f 3883 3884 3885
v 661.8836 -1246.1644 432.2285
v 661.4894 -1246.6333 432.2325
v 661.5796 -1246.5264 431.4415
f 3886 3887 3888
v 661.5790 -1246.5256 426.4767
v 661.5796 -1246.5264 431.4415
v 661.4887 -1246.6323 426.4767
f 3889 3890 3891
v 657.6693 -1244.9121 426.4774
v 657.6699 -1244.9131 432.3042
v 661.8396 -1246.1511 431.4415
f 3892 3893 3894
v 661.8836 -1246.1644 432.2285
v 661.8396 -1246.1511 431.4415
v 657.6699 -1244.9131 432.3042
f 3895 3896 3897
v 661.8836 -1246.1644 432.2285
v 661.8836 -1246.1643 431.4415
v 661.8396 -1246.1511 431.4415
f 3898 3899 3900
v 663.3778 -1245.3503 431.4415
v 664.1217 -1244.1960 429.9488
v 663.4559 -1243.7412 429.9490
f 3901 3902 3903
v 663.4559 -1243.7412 429.9490
v 662.7080 -1244.9025 431.4417
v 663.3778 -1245.3503 431.4415
f 3904 3905 3906
v 666.0338 -1236.5193 425.5543
v 664.9609 -1236.0964 425.5545
v 665.6352 -1235.6291 425.5545
f 3907 3908 3909
v 664.6388 -1241.7246 425.5534
v 665.2084 -1236.6480 425.5543
v 665.4355 -1241.8597 425.5533
f 3910 3911 3912
v 666.0338 -1236.5193 425.5543
v 665.4355 -1241.8597 425.5533
v 665.2084 -1236.6480 425.5543
f 3913 3914 3915
v 665.2084 -1236.6480 425.5543
v 664.9609 -1236.0964 425.5545
v 666.0338 -1236.5193 425.5543
f 3916 3917 3918
v 664.7126 -1235.8507 425.5546
v 665.2801 -1235.2783 425.5546
v 665.6352 -1235.6291 425.5545
f 3919 3920 3921
v 664.9609 -1236.0964 425.5545
v 664.7126 -1235.8507 425.5546
v 665.6352 -1235.6291 425.5545
f 3922 3923 3924
v 665.4355 -1241.8597 425.5533
v 664.5133 -1242.2752 425.5533
v 664.6388 -1241.7246 425.5534
f 3925 3926 3927
v 664.5133 -1242.2752 425.5533
v 665.4355 -1241.8597 425.5533
v 665.2635 -1242.6143 425.5531
f 3928 3929 3930
v 664.5133 -1242.2752 425.5533
v 665.2635 -1242.6143 425.5531
v 663.4554 -1243.7405 425.5531
f 3931 3932 3933
v 664.1212 -1244.1953 425.5529
v 663.4554 -1243.7405 425.5531
v 665.2635 -1242.6143 425.5531
f 3934 3935 3936
v 662.7073 -1244.9015 425.5529
v 663.4554 -1243.7405 425.5531
v 664.1212 -1244.1953 425.5529
f 3937 3938 3939
v 663.3771 -1245.3493 425.5527
v 662.7073 -1244.9015 425.5529
v 664.1212 -1244.1953 425.5529
f 3940 3941 3942
v 657.9107 -1251.8017 425.5520
v 662.7073 -1244.9015 425.5529
v 663.3771 -1245.3493 425.5527
f 3943 3944 3945
v 653.4387 -1251.4217 425.5526
v 657.9107 -1251.8017 425.5520
v 653.3705 -1252.2245 425.5524
f 3946 3947 3948
v 658.3065 -1252.6438 425.5518
v 653.3705 -1252.2245 425.5524
v 657.9107 -1251.8017 425.5520
f 3949 3950 3951
v 657.9107 -1251.8017 425.5520
v 663.3771 -1245.3493 425.5527
v 658.3065 -1252.6438 425.5518
f 3952 3953 3954
v 664.5133 -1242.2752 425.5533
v 664.6393 -1241.7253 429.6292
v 664.6388 -1241.7246 425.5534
f 3955 3956 3957
v 665.4359 -1241.8604 429.6291
v 665.2639 -1242.6150 429.9490
v 665.2635 -1242.6143 425.5531
f 3958 3959 3960
v 666.0338 -1236.5193 425.5543
v 665.4359 -1241.8604 429.6291
v 665.4355 -1241.8597 425.5533
f 3961 3962 3963
v 665.6352 -1235.6291 425.5545
v 666.0342 -1236.5199 429.6301
v 666.0338 -1236.5193 425.5543
f 3964 3965 3966
v 665.2801 -1235.2783 425.5546
v 665.6356 -1235.6298 429.6303
v 665.6352 -1235.6291 425.5545
f 3967 3968 3969
v 664.7126 -1235.8507 425.5546
v 665.2805 -1235.2789 429.6304
v 665.2801 -1235.2783 425.5546
f 3970 3971 3972
v 664.9609 -1236.0964 425.5545
v 664.7130 -1235.8514 429.6304
v 664.7126 -1235.8507 425.5546
f 3973 3974 3975
v 665.2084 -1236.6480 425.5543
v 664.9614 -1236.0971 429.6303
v 664.9609 -1236.0964 425.5545
f 3976 3977 3978
v 664.6388 -1241.7246 425.5534
v 665.2089 -1236.6487 429.6301
v 665.2084 -1236.6480 425.5543
f 3979 3980 3981
v 664.1217 -1244.1960 429.9488
v 663.3778 -1245.3503 431.4415
v 663.3771 -1245.3493 425.5527
f 3982 3983 3984
v 665.2635 -1242.6143 425.5531
v 664.1217 -1244.1960 429.9488
v 664.1212 -1244.1953 425.5529
f 3985 3986 3987
v 663.4554 -1243.7405 425.5531
v 664.5139 -1242.2760 429.9491
v 664.5133 -1242.2752 425.5533
f 3988 3989 3990
v 653.3705 -1252.2245 425.5524
v 653.4394 -1251.4228 431.4414
v 653.4387 -1251.4217 425.5526
f 3991 3992 3993
v 658.3065 -1252.6438 425.5518
v 653.3712 -1252.2255 431.4412
v 653.3705 -1252.2245 425.5524
f 3994 3995 3996
v 663.3771 -1245.3493 425.5527
v 658.3071 -1252.6447 431.4406
v 658.3065 -1252.6438 425.5518
f 3997 3998 3999
v 653.4387 -1251.4217 425.5526
v 657.9114 -1251.8027 431.4408
v 657.9107 -1251.8017 425.5520
f 4000 4001 4002
v 662.7073 -1244.9015 425.5529
v 663.4559 -1243.7412 429.9490
v 663.4554 -1243.7405 425.5531
f 4003 4004 4005
v 661.4894 -1246.6333 432.2325
v 657.5126 -1245.4366 432.3041
v 657.5119 -1245.4357 426.4773
f 4006 4007 4008
v 657.5119 -1245.4357 426.4773
v 657.6699 -1244.9131 432.3042
v 657.6693 -1244.9121 426.4774
f 4009 4010 4011
v 657.6693 -1244.9121 426.4774
v 661.8396 -1246.1511 431.4415
v 661.8391 -1246.1503 426.4767
f 4012 4013 4014

g building_ID_0CF720BF-DF53-41C0-805B-BD52904288B5
v 661.9772 -1229.4711 430.6719
v 662.0769 -1229.9605 430.6718
v 662.9231 -1229.5257 430.6008
f 4015 4016 4017
v 661.9767 -1229.4704 426.0551
v 661.9772 -1229.4711 430.6719
v 662.9231 -1229.5257 430.6008
f 4018 4019 4020
v 662.0769 -1229.9605 430.6718
v 661.9772 -1229.4711 430.6719
v 657.1315 -1232.3974 431.9517
f 4021 4022 4023
v 662.0764 -1229.9597 426.0550
v 662.0769 -1229.9605 430.6718
v 657.1308 -1232.3964 426.0550
f 4024 4025 4026
v 656.9226 -1231.9608 431.9518
v 657.1315 -1232.3974 431.9517
v 661.9772 -1229.4711 430.6719
f 4027 4028 4029
v 656.9220 -1231.9599 426.0551
v 656.9226 -1231.9608 431.9518
v 661.9772 -1229.4711 430.6719
f 4030 4031 4032
v 656.9226 -1231.9608 431.9518
v 653.4484 -1233.5717 432.7339
v 657.1315 -1232.3974 431.9517
f 4033 4034 4035
v 653.4476 -1233.5706 426.0552
v 653.4484 -1233.5717 432.7339
v 656.9226 -1231.9608 431.9518
f 4036 4037 4038
v 653.6504 -1233.9363 432.7338
v 653.7773 -1233.9506 432.7128
v 657.1315 -1232.3974 431.9517
f 4039 4040 4041
v 657.1315 -1232.3974 431.9517
v 653.4484 -1233.5717 432.7339
v 653.6504 -1233.9363 432.7338
f 4042 4043 4044
v 653.7770 -1233.9501 429.6469
v 657.1308 -1232.3964 426.0550
v 657.1315 -1232.3974 431.9517
f 4045 4046 4047
v 653.7773 -1233.9506 432.7128
v 653.7770 -1233.9501 429.6469
v 657.1315 -1232.3974 431.9517
f 4048 4049 4050
v 653.6825 -1233.9932 426.0551
v 653.7770 -1233.9501 429.6469
v 653.6828 -1233.9938 429.6469
f 4051 4052 4053
v 657.1308 -1232.3964 426.0550
v 653.7770 -1233.9501 429.6469
v 653.6825 -1233.9932 426.0551
f 4054 4055 4056
v 652.0207 -1240.8900 432.9236
v 656.5475 -1241.3561 432.9230
v 656.0552 -1240.7449 432.9232
f 4057 4058 4059
v 656.7220 -1234.8495 432.9243
v 656.0552 -1240.7449 432.9232
v 656.5475 -1241.3561 432.9230
f 4060 4061 4062
v 656.0552 -1240.7449 432.9232
v 652.0772 -1240.3351 432.9237
v 652.0207 -1240.8900 432.9236
f 4063 4064 4065
v 653.2135 -1233.8861 432.9248
v 656.7220 -1234.8495 432.9243
v 657.3393 -1234.3582 432.9243
f 4066 4067 4068
v 656.5475 -1241.3561 432.9230
v 657.3393 -1234.3582 432.9243
v 656.7220 -1234.8495 432.9243
f 4069 4070 4071
v 656.7220 -1234.8495 432.9243
v 653.2135 -1233.8861 432.9248
v 653.1501 -1234.4409 432.9247
f 4072 4073 4074
v 656.7216 -1234.8489 429.6464
v 656.7220 -1234.8495 432.9243
v 653.1501 -1234.4409 432.9247
f 4075 4076 4077
v 656.0548 -1240.7442 429.6453
v 656.0552 -1240.7449 432.9232
v 656.7220 -1234.8495 432.9243
f 4078 4079 4080
v 652.0768 -1240.3346 429.6458
v 652.0772 -1240.3351 432.9237
v 656.0552 -1240.7449 432.9232
f 4081 4082 4083
v 652.0204 -1240.8895 429.6457
v 652.0207 -1240.8900 432.9236
v 652.0772 -1240.3351 432.9237
f 4084 4085 4086
v 656.5472 -1241.3556 429.6451
v 656.5475 -1241.3561 432.9230
v 652.0207 -1240.8900 432.9236
f 4087 4088 4089
v 657.3390 -1234.3576 429.6464
v 657.3393 -1234.3582 432.9243
v 656.5475 -1241.3561 432.9230
f 4090 4091 4092
v 653.1619 -1234.3364 429.6468
v 653.1496 -1234.4404 429.6468
v 653.1623 -1234.3369 432.7337
f 4093 4094 4095
v 653.1501 -1234.4409 432.9247
v 653.1623 -1234.3369 432.7337
v 653.1496 -1234.4404 429.6468
f 4096 4097 4098
v 653.2135 -1233.8860 432.7338
v 653.1623 -1234.3369 432.7337
v 653.2135 -1233.8861 432.9248
f 4099 4100 4101
v 656.7216 -1234.8489 429.6464
v 653.1496 -1234.4404 429.6468
v 653.7770 -1233.9501 429.6469
f 4102 4103 4104
v 653.1619 -1234.3364 429.6468
v 653.6828 -1233.9938 429.6469
v 653.1496 -1234.4404 429.6468
f 4105 4106 4107
v 653.7770 -1233.9501 429.6469
v 653.1496 -1234.4404 429.6468
v 653.6828 -1233.9938 429.6469
f 4108 4109 4110
v 656.7216 -1234.8489 429.6464
v 653.7770 -1233.9501 429.6469
v 657.3390 -1234.3576 429.6464
f 4111 4112 4113
v 652.0204 -1240.8895 429.6457
v 656.0548 -1240.7442 429.6453
v 656.5472 -1241.3556 429.6451
f 4114 4115 4116
v 656.7216 -1234.8489 429.6464
v 656.5472 -1241.3556 429.6451
v 656.0548 -1240.7442 429.6453
f 4117 4118 4119
v 652.0204 -1240.8895 429.6457
v 652.0768 -1240.3346 429.6458
v 656.0548 -1240.7442 429.6453
f 4120 4121 4122
v 657.3390 -1234.3576 429.6464
v 656.5472 -1241.3556 429.6451
v 656.7216 -1234.8489 429.6464
f 4123 4124 4125
v 653.2135 -1233.8860 432.7338
v 653.2135 -1233.8861 432.9248
v 653.6504 -1233.9363 432.7338
f 4126 4127 4128
v 653.7773 -1233.9506 432.7128
v 653.6504 -1233.9363 432.7338
v 653.2135 -1233.8861 432.9248
f 4129 4130 4131
v 657.3393 -1234.3582 432.9243
v 657.3390 -1234.3576 429.6464
v 653.7773 -1233.9506 432.7128
f 4132 4133 4134
v 653.2135 -1233.8861 432.9248
v 657.3393 -1234.3582 432.9243
v 653.7773 -1233.9506 432.7128
f 4135 4136 4137
v 650.6629 -1236.0262 426.0550
v 650.6637 -1236.0273 432.7337
v 650.3918 -1235.6286 432.7338
f 4138 4139 4140
v 652.8199 -1234.5599 426.0550
v 652.8207 -1234.5610 432.7337
v 650.6637 -1236.0273 432.7337
f 4141 4142 4143
v 652.5520 -1234.1581 426.0551
v 652.5527 -1234.1593 432.7338
v 653.4484 -1233.5717 432.7339
f 4144 4145 4146
v 650.3910 -1235.6274 426.0551
v 650.3918 -1235.6286 432.7338
v 652.5527 -1234.1593 432.7338
f 4147 4148 4149
v 653.6504 -1233.9363 432.7338
v 653.4484 -1233.5717 432.7339
v 653.2135 -1233.8860 432.7338
f 4150 4151 4152
v 652.5527 -1234.1593 432.7338
v 653.2135 -1233.8860 432.7338
v 653.4484 -1233.5717 432.7339
f 4153 4154 4155
v 653.1623 -1234.3369 432.7337
v 653.2135 -1233.8860 432.7338
v 652.8207 -1234.5610 432.7337
f 4156 4157 4158
v 650.3918 -1235.6286 432.7338
v 650.6637 -1236.0273 432.7337
v 653.2135 -1233.8860 432.7338
f 4159 4160 4161
v 650.6637 -1236.0273 432.7337
v 652.8207 -1234.5610 432.7337
v 653.2135 -1233.8860 432.7338
f 4162 4163 4164
v 652.5527 -1234.1593 432.7338
v 650.3918 -1235.6286 432.7338
v 653.2135 -1233.8860 432.7338
f 4165 4166 4167
v 653.1619 -1234.3364 429.6468
v 653.6825 -1233.9932 426.0551
v 653.6828 -1233.9938 429.6469
f 4168 4169 4170
v 652.8199 -1234.5599 426.0550
v 653.1619 -1234.3364 429.6468
v 652.8207 -1234.5610 432.7337
f 4171 4172 4173
v 653.1623 -1234.3369 432.7337
v 652.8207 -1234.5610 432.7337
v 653.1619 -1234.3364 429.6468
f 4174 4175 4176
v 653.6825 -1233.9932 426.0551
v 653.1619 -1234.3364 429.6468
v 652.8199 -1234.5599 426.0550
f 4177 4178 4179
v 663.3420 -1229.9238 430.4576
v 663.1058 -1230.3652 430.4576
v 664.2344 -1230.1261 430.0315
f 4180 4181 4182
v 663.3415 -1229.9231 426.0548
v 663.3420 -1229.9238 430.4576
v 664.2344 -1230.1261 430.0315
f 4183 4184 4185
v 663.3420 -1229.9238 430.4576
v 662.9231 -1229.5257 430.6008
v 663.1058 -1230.3652 430.4576
f 4186 4187 4188
v 662.9225 -1229.5250 426.0550
v 662.9231 -1229.5257 430.6008
v 663.3420 -1229.9238 430.4576
f 4189 4190 4191
v 662.7188 -1229.9981 430.6007
v 663.1058 -1230.3652 430.4576
v 662.9231 -1229.5257 430.6008
f 4192 4193 4194
v 663.1053 -1230.3644 426.0548
v 663.1058 -1230.3652 430.4576
v 662.7182 -1229.9973 426.0549
f 4195 4196 4197
v 662.7188 -1229.9981 430.6007
v 662.9231 -1229.5257 430.6008
v 662.0769 -1229.9605 430.6718
f 4198 4199 4200
v 662.7182 -1229.9973 426.0549
v 662.7188 -1229.9981 430.6007
v 662.0764 -1229.9597 426.0550
f 4201 4202 4203
v 665.3892 -1230.5271 429.1773
v 665.1901 -1230.9695 429.1773
v 666.8051 -1231.3257 428.6801
f 4204 4205 4206
v 665.3889 -1230.5265 426.0545
v 665.3892 -1230.5271 429.1773
v 666.8051 -1231.3257 428.6801
f 4207 4208 4209
v 665.1901 -1230.9695 429.1773
v 665.3892 -1230.5271 429.1773
v 664.1012 -1230.5908 430.0314
f 4210 4211 4212
v 665.1897 -1230.9690 426.0545
v 665.1901 -1230.9695 429.1773
v 664.1007 -1230.5901 426.0546
f 4213 4214 4215
v 664.2344 -1230.1261 430.0315
v 664.1012 -1230.5908 430.0314
v 665.3892 -1230.5271 429.1773
f 4216 4217 4218
v 664.2339 -1230.1255 426.0547
v 664.2344 -1230.1261 430.0315
v 665.3892 -1230.5271 429.1773
f 4219 4220 4221
v 664.1012 -1230.5908 430.0314
v 664.2344 -1230.1261 430.0315
v 663.1058 -1230.3652 430.4576
f 4222 4223 4224
v 664.1007 -1230.5901 426.0546
v 664.1012 -1230.5908 430.0314
v 663.1053 -1230.3644 426.0548
f 4225 4226 4227
v 666.4651 -1231.6889 428.6801
v 667.4843 -1232.3666 428.5368
v 666.8051 -1231.3257 428.6801
f 4228 4229 4230
v 666.8047 -1231.3253 426.0542
v 666.8051 -1231.3257 428.6801
v 667.4843 -1232.3666 428.5368
f 4231 4232 4233
v 666.4651 -1231.6889 428.6801
v 666.8051 -1231.3257 428.6801
v 665.1901 -1230.9695 429.1773
f 4234 4235 4236
v 666.4648 -1231.6884 426.0542
v 666.4651 -1231.6889 428.6801
v 665.1897 -1230.9690 426.0545
f 4237 4238 4239
v 667.0079 -1232.5193 428.5369
v 667.4843 -1232.3666 428.5368
v 666.4651 -1231.6889 428.6801
f 4240 4241 4242
v 667.0076 -1232.5189 426.0539
v 667.0079 -1232.5193 428.5369
v 666.4648 -1231.6884 426.0542
f 4243 4244 4245
v 667.0079 -1232.5193 428.5369
v 667.0502 -1233.5234 428.5367
v 667.5322 -1233.5027 428.5366
f 4246 4247 4248
v 667.5322 -1233.5027 428.5366
v 667.4843 -1232.3666 428.5368
v 667.0079 -1232.5193 428.5369
f 4249 4250 4251
v 667.0498 -1233.5230 426.0537
v 667.0502 -1233.5234 428.5367
v 667.0079 -1232.5193 428.5369
f 4252 4253 4254
v 667.5320 -1233.5023 426.0536
v 667.5322 -1233.5027 428.5366
v 667.0502 -1233.5234 428.5367
f 4255 4256 4257
v 667.4840 -1232.3662 426.0538
v 667.4843 -1232.3666 428.5368
v 667.5322 -1233.5027 428.5366
f 4258 4259 4260
v 663.3415 -1229.9231 426.0548
v 664.2339 -1230.1255 426.0547
v 663.1053 -1230.3644 426.0548
f 4261 4262 4263
v 665.3889 -1230.5265 426.0545
v 664.1007 -1230.5901 426.0546
v 664.2339 -1230.1255 426.0547
f 4264 4265 4266
v 664.1007 -1230.5901 426.0546
v 665.3889 -1230.5265 426.0545
v 665.1897 -1230.9690 426.0545
f 4267 4268 4269
v 666.8047 -1231.3253 426.0542
v 665.1897 -1230.9690 426.0545
v 665.3889 -1230.5265 426.0545
f 4270 4271 4272
v 656.9220 -1231.9599 426.0551
v 662.0764 -1229.9597 426.0550
v 657.1308 -1232.3964 426.0550
f 4273 4274 4275
v 664.1007 -1230.5901 426.0546
v 663.1053 -1230.3644 426.0548
v 664.2339 -1230.1255 426.0547
f 4276 4277 4278
v 662.0764 -1229.9597 426.0550
v 661.9767 -1229.4704 426.0551
v 662.9225 -1229.5250 426.0550
f 4279 4280 4281
v 662.7182 -1229.9973 426.0549
v 662.0764 -1229.9597 426.0550
v 662.9225 -1229.5250 426.0550
f 4282 4283 4284
v 656.9220 -1231.9599 426.0551
v 661.9767 -1229.4704 426.0551
v 662.0764 -1229.9597 426.0550
f 4285 4286 4287
v 663.3415 -1229.9231 426.0548
v 662.7182 -1229.9973 426.0549
v 662.9225 -1229.5250 426.0550
f 4288 4289 4290
v 662.7182 -1229.9973 426.0549
v 663.3415 -1229.9231 426.0548
v 663.1053 -1230.3644 426.0548
f 4291 4292 4293
v 666.4648 -1231.6884 426.0542
v 665.1897 -1230.9690 426.0545
v 666.8047 -1231.3253 426.0542
f 4294 4295 4296
v 666.8047 -1231.3253 426.0542
v 667.4840 -1232.3662 426.0538
v 666.4648 -1231.6884 426.0542
f 4297 4298 4299
v 667.4840 -1232.3662 426.0538
v 667.0076 -1232.5189 426.0539
v 666.4648 -1231.6884 426.0542
f 4300 4301 4302
v 667.0498 -1233.5230 426.0537
v 667.0076 -1232.5189 426.0539
v 667.5320 -1233.5023 426.0536
f 4303 4304 4305
v 667.4840 -1232.3662 426.0538
v 667.5320 -1233.5023 426.0536
v 667.0076 -1232.5189 426.0539
f 4306 4307 4308
v 652.5520 -1234.1581 426.0551
v 653.4476 -1233.5706 426.0552
v 653.6825 -1233.9932 426.0551
f 4309 4310 4311
v 657.1308 -1232.3964 426.0550
v 653.6825 -1233.9932 426.0551
v 653.4476 -1233.5706 426.0552
f 4312 4313 4314
v 652.8199 -1234.5599 426.0550
v 652.5520 -1234.1581 426.0551
v 653.6825 -1233.9932 426.0551
f 4315 4316 4317
v 650.3910 -1235.6274 426.0551
v 652.8199 -1234.5599 426.0550
v 650.6629 -1236.0262 426.0550
f 4318 4319 4320
v 652.5520 -1234.1581 426.0551
v 652.8199 -1234.5599 426.0550
v 650.3910 -1235.6274 426.0551
f 4321 4322 4323
v 656.9220 -1231.9599 426.0551
v 657.1308 -1232.3964 426.0550
v 653.4476 -1233.5706 426.0552
f 4324 4325 4326
v 661.9767 -1229.4704 426.0551
v 662.9231 -1229.5257 430.6008
v 662.9225 -1229.5250 426.0550
f 4327 4328 4329
v 662.0769 -1229.9605 430.6718
v 657.1315 -1232.3974 431.9517
v 657.1308 -1232.3964 426.0550
f 4330 4331 4332
v 656.9220 -1231.9599 426.0551
v 661.9772 -1229.4711 430.6719
v 661.9767 -1229.4704 426.0551
f 4333 4334 4335
v 653.4476 -1233.5706 426.0552
v 656.9226 -1231.9608 431.9518
v 656.9220 -1231.9599 426.0551
f 4336 4337 4338
v 656.7216 -1234.8489 429.6464
v 653.1501 -1234.4409 432.9247
v 653.1496 -1234.4404 429.6468
f 4339 4340 4341
v 656.0548 -1240.7442 429.6453
v 656.7220 -1234.8495 432.9243
v 656.7216 -1234.8489 429.6464
f 4342 4343 4344
v 652.0768 -1240.3346 429.6458
v 656.0552 -1240.7449 432.9232
v 656.0548 -1240.7442 429.6453
f 4345 4346 4347
v 652.0204 -1240.8895 429.6457
v 652.0772 -1240.3351 432.9237
v 652.0768 -1240.3346 429.6458
f 4348 4349 4350
v 656.5472 -1241.3556 429.6451
v 652.0207 -1240.8900 432.9236
v 652.0204 -1240.8895 429.6457
f 4351 4352 4353
v 657.3390 -1234.3576 429.6464
v 656.5475 -1241.3561 432.9230
v 656.5472 -1241.3556 429.6451
f 4354 4355 4356
v 653.1623 -1234.3369 432.7337
v 653.1501 -1234.4409 432.9247
v 653.2135 -1233.8861 432.9248
f 4357 4358 4359
v 657.3390 -1234.3576 429.6464
v 653.7770 -1233.9501 429.6469
v 653.7773 -1233.9506 432.7128
f 4360 4361 4362
v 650.6629 -1236.0262 426.0550
v 650.3918 -1235.6286 432.7338
v 650.3910 -1235.6274 426.0551
f 4363 4364 4365
v 652.8199 -1234.5599 426.0550
v 650.6637 -1236.0273 432.7337
v 650.6629 -1236.0262 426.0550
f 4366 4367 4368
v 652.5520 -1234.1581 426.0551
v 653.4484 -1233.5717 432.7339
v 653.4476 -1233.5706 426.0552
f 4369 4370 4371
v 650.3910 -1235.6274 426.0551
v 652.5527 -1234.1593 432.7338
v 652.5520 -1234.1581 426.0551
f 4372 4373 4374
v 663.3415 -1229.9231 426.0548
v 664.2344 -1230.1261 430.0315
v 664.2339 -1230.1255 426.0547
f 4375 4376 4377
v 662.9225 -1229.5250 426.0550
v 663.3420 -1229.9238 430.4576
v 663.3415 -1229.9231 426.0548
f 4378 4379 4380
v 663.1058 -1230.3652 430.4576
v 662.7188 -1229.9981 430.6007
v 662.7182 -1229.9973 426.0549
f 4381 4382 4383
v 662.7188 -1229.9981 430.6007
v 662.0769 -1229.9605 430.6718
v 662.0764 -1229.9597 426.0550
f 4384 4385 4386
v 665.3889 -1230.5265 426.0545
v 666.8051 -1231.3257 428.6801
v 666.8047 -1231.3253 426.0542
f 4387 4388 4389
v 665.1901 -1230.9695 429.1773
v 664.1012 -1230.5908 430.0314
v 664.1007 -1230.5901 426.0546
f 4390 4391 4392
v 664.2339 -1230.1255 426.0547
v 665.3892 -1230.5271 429.1773
v 665.3889 -1230.5265 426.0545
f 4393 4394 4395
v 664.1012 -1230.5908 430.0314
v 663.1058 -1230.3652 430.4576
v 663.1053 -1230.3644 426.0548
f 4396 4397 4398
v 666.8047 -1231.3253 426.0542
v 667.4843 -1232.3666 428.5368
v 667.4840 -1232.3662 426.0538
f 4399 4400 4401
v 666.4651 -1231.6889 428.6801
v 665.1901 -1230.9695 429.1773
v 665.1897 -1230.9690 426.0545
f 4402 4403 4404
v 667.0079 -1232.5193 428.5369
v 666.4651 -1231.6889 428.6801
v 666.4648 -1231.6884 426.0542
f 4405 4406 4407
v 667.0498 -1233.5230 426.0537
v 667.0079 -1232.5193 428.5369
v 667.0076 -1232.5189 426.0539
f 4408 4409 4410
v 667.5320 -1233.5023 426.0536
v 667.0502 -1233.5234 428.5367
v 667.0498 -1233.5230 426.0537
f 4411 4412 4413
v 667.4840 -1232.3662 426.0538
v 667.5322 -1233.5027 428.5366
v 667.5320 -1233.5023 426.0536
f 4414 4415 4416

g building_ID_2BF396EB-86FA-48FC-983E-934F0D5161DB
v 688.7498 -1301.1443 399.8608
v 691.3074 -1302.8173 399.8602
v 690.6277 -1303.8274 399.8601
f 4417 4418 4419
v 691.3074 -1302.8173 399.8602
v 688.7498 -1301.1443 399.8608
v 692.1979 -1301.4926 399.8604
f 4420 4421 4422
v 688.7498 -1301.1443 399.8608
v 689.6624 -1299.7888 399.8610
v 692.1979 -1301.4926 399.8604
f 4423 4424 4425
v 688.0701 -1302.1556 399.8607
v 688.7498 -1301.1443 399.8608
v 690.6277 -1303.8274 399.8601
f 4426 4427 4428
v 688.7506 -1301.1456 406.5365
v 690.6282 -1303.8282 404.4499
v 691.3082 -1302.8184 406.5359
f 4429 4430 4431
v 690.6282 -1303.8282 404.4499
v 688.7506 -1301.1456 406.5365
v 688.0707 -1302.1564 404.4505
f 4432 4433 4434
v 688.7506 -1301.1456 406.5365
v 692.1986 -1301.4936 405.0942
v 689.6631 -1299.7898 405.0608
f 4435 4436 4437
v 691.3082 -1302.8184 406.5359
v 692.1986 -1301.4936 405.0942
v 688.7506 -1301.1456 406.5365
f 4438 4439 4440
v 690.6277 -1303.8274 399.8601
v 690.6282 -1303.8282 404.4499
v 688.0707 -1302.1564 404.4505
f 4441 4442 4443
v 689.6624 -1299.7888 399.8610
v 689.6628 -1299.7893 402.4439
v 692.1979 -1301.4926 399.8604
f 4444 4445 4446
v 689.6631 -1299.7898 405.0608
v 692.1986 -1301.4936 405.0942
v 692.1983 -1301.4932 403.1313
f 4447 4448 4449
v 692.1983 -1301.4932 403.1313
v 692.1979 -1301.4926 399.8604
v 689.6631 -1299.7898 405.0608
f 4450 4451 4452
v 688.0707 -1302.1564 404.4505
v 689.6628 -1299.7893 402.4439
v 688.7498 -1301.1443 399.8608
f 4453 4454 4455
v 688.7498 -1301.1443 399.8608
v 689.6628 -1299.7893 402.4439
v 689.6624 -1299.7888 399.8610
f 4456 4457 4458
v 688.0707 -1302.1564 404.4505
v 688.7498 -1301.1443 399.8608
v 688.0701 -1302.1556 399.8607
f 4459 4460 4461
v 689.6631 -1299.7898 405.0608
v 688.0707 -1302.1564 404.4505
v 688.7506 -1301.1456 406.5365
f 4462 4463 4464
v 689.6628 -1299.7893 402.4439
v 688.0707 -1302.1564 404.4505
v 689.6631 -1299.7898 405.0608
f 4465 4466 4467
v 692.1986 -1301.4936 405.0942
v 691.3082 -1302.8184 406.5359
v 690.6282 -1303.8282 404.4499
f 4468 4469 4470
v 690.6282 -1303.8282 404.4499
v 692.1983 -1301.4932 403.1313
v 692.1986 -1301.4936 405.0942
f 4471 4472 4473
v 692.1983 -1301.4932 403.1313
v 690.6277 -1303.8274 399.8601
v 691.3074 -1302.8173 399.8602
f 4474 4475 4476
v 691.3074 -1302.8173 399.8602
v 692.1979 -1301.4926 399.8604
v 692.1983 -1301.4932 403.1313
f 4477 4478 4479
v 690.6282 -1303.8282 404.4499
v 690.6277 -1303.8274 399.8601
v 692.1983 -1301.4932 403.1313
f 4480 4481 4482
v 690.6277 -1303.8274 399.8601
v 688.0707 -1302.1564 404.4505
v 688.0701 -1302.1556 399.8607
f 4483 4484 4485
v 689.6628 -1299.7893 402.4439
v 689.6631 -1299.7898 405.0608
v 692.1979 -1301.4926 399.8604
f 4486 4487 4488

g building_ID_8035360F-57B2-4532-9764-AB50BFE13270
v 313.7819 -954.9501 295.3693
v 323.1355 -962.1209 293.4958
v 330.2516 -957.9893 295.3680
f 4489 4490 4491
v 329.2611 -963.3473 293.4623
v 330.2516 -957.9893 295.3680
v 323.1355 -962.1209 293.4958
f 4492 4493 4494
v 317.4835 -960.9897 293.5262
v 313.7819 -954.9501 295.3693
v 312.7683 -960.0031 293.5666
f 4495 4496 4497
v 323.1355 -962.1209 293.4958
v 313.7819 -954.9501 295.3693
v 317.4835 -960.9897 293.5262
f 4498 4499 4500
v 331.0765 -953.5173 293.5417
v 316.8606 -953.9203 294.7383
v 330.2516 -957.9893 295.3680
f 4501 4502 4503
v 327.9202 -952.8848 293.5230
v 316.8606 -953.9203 294.7383
v 331.0765 -953.5173 293.5417
f 4504 4505 4506
v 320.5046 -951.2580 293.4216
v 323.8634 -952.0719 293.4973
v 323.9009 -951.8840 293.4204
f 4507 4508 4509
v 327.9202 -952.8848 293.5230
v 320.4509 -951.5507 293.5406
v 316.8606 -953.9203 294.7383
f 4510 4511 4512
v 320.5046 -951.2580 293.4216
v 320.4509 -951.5507 293.5406
v 323.8634 -952.0719 293.4973
f 4513 4514 4515
v 313.7819 -954.9501 295.3693
v 316.8606 -953.9203 294.7383
v 314.6210 -950.7672 293.6570
f 4516 4517 4518
v 316.8606 -953.9203 294.7383
v 313.7819 -954.9501 295.3693
v 330.2516 -957.9893 295.3680
f 4519 4520 4521
v 320.4509 -951.5507 293.5406
v 327.9202 -952.8848 293.5230
v 323.8634 -952.0719 293.4973
f 4522 4523 4524
v 312.7680 -960.0028 290.6368
v 317.4830 -960.9886 284.4256
v 317.4835 -960.9897 293.5262
f 4525 4526 4527
v 317.4835 -960.9897 293.5262
v 312.7683 -960.0031 293.5666
v 312.7680 -960.0028 290.6368
f 4528 4529 4530
v 317.4830 -960.9886 284.4256
v 312.7680 -960.0028 290.6368
v 312.7677 -960.0019 284.4260
f 4531 4532 4533
v 323.1355 -962.1209 293.4958
v 329.2606 -963.3462 284.4247
v 329.2611 -963.3473 293.4623
f 4534 4535 4536
v 329.2606 -963.3462 284.4247
v 323.1355 -962.1209 293.4958
v 317.4835 -960.9897 293.5262
f 4537 4538 4539
v 317.4835 -960.9897 293.5262
v 317.4830 -960.9886 284.4256
v 329.2606 -963.3462 284.4247
f 4540 4541 4542
v 323.8628 -952.0708 284.4266
v 323.9003 -951.8829 284.4267
v 323.9009 -951.8840 293.4204
f 4543 4544 4545
v 323.9009 -951.8840 293.4204
v 323.8634 -952.0719 293.4973
v 323.8628 -952.0708 284.4266
f 4546 4547 4548
v 320.5046 -951.2579 292.8426
v 320.5046 -951.2580 293.4216
v 323.5560 -951.8200 292.8424
f 4549 4550 4551
v 323.9009 -951.8840 293.4204
v 323.5560 -951.8200 292.8424
v 320.5046 -951.2580 293.4216
f 4552 4553 4554
v 320.5041 -951.2568 284.4269
v 323.5555 -951.8190 284.4737
v 323.9003 -951.8829 284.4267
f 4555 4556 4557
v 320.5041 -951.2569 284.4739
v 323.5555 -951.8190 284.4737
v 320.5041 -951.2568 284.4269
f 4558 4559 4560
v 323.9009 -951.8840 293.4204
v 323.5555 -951.8190 284.4737
v 323.5560 -951.8200 292.8424
f 4561 4562 4563
v 327.9202 -952.8848 293.5230
v 323.8628 -952.0708 284.4266
v 323.8634 -952.0719 293.4973
f 4564 4565 4566
v 327.9202 -952.8848 293.5230
v 331.0759 -953.5161 284.4261
v 323.8628 -952.0708 284.4266
f 4567 4568 4569
v 323.5555 -951.8190 284.4737
v 321.6284 -945.1709 284.4748
v 324.6707 -945.7800 284.4745
f 4570 4571 4572
v 320.5041 -951.2569 284.4739
v 321.6284 -945.1709 284.4748
v 323.5555 -951.8190 284.4737
f 4573 4574 4575
v 323.5560 -951.8200 292.8424
v 324.6712 -945.7811 292.8432
v 321.6289 -945.1719 292.8435
f 4576 4577 4578
v 323.5560 -951.8200 292.8424
v 321.6289 -945.1719 292.8435
v 320.5046 -951.2579 292.8426
f 4579 4580 4581
v 323.5555 -951.8190 284.4737
v 324.6712 -945.7811 292.8432
v 323.5560 -951.8200 292.8424
f 4582 4583 4584
v 324.6707 -945.7800 284.4745
v 324.6712 -945.7811 292.8432
v 323.5555 -951.8190 284.4737
f 4585 4586 4587
v 315.9315 -944.2337 293.6979
v 318.0589 -947.4336 294.7392
v 321.3451 -945.1143 293.6535
f 4588 4589 4590
v 321.3451 -945.1143 293.6535
v 315.9710 -944.0378 293.6229
v 315.9315 -944.2337 293.6979
f 4591 4592 4593
v 320.4509 -951.5507 293.5406
v 318.0589 -947.4336 294.7392
v 316.8606 -953.9203 294.7383
f 4594 4595 4596
v 318.0589 -947.4336 294.7392
v 320.4509 -951.5507 293.5406
v 321.6289 -945.1710 293.5415
f 4597 4598 4599
v 321.3451 -945.1143 293.6535
v 318.0589 -947.4336 294.7392
v 321.6289 -945.1710 293.5415
f 4600 4601 4602
v 318.0589 -947.4336 294.7392
v 314.6210 -950.7672 293.6570
v 316.8606 -953.9203 294.7383
f 4603 4604 4605
v 314.6210 -950.7672 293.6570
v 318.0589 -947.4336 294.7392
v 315.9315 -944.2337 293.6979
f 4606 4607 4608
v 320.5046 -951.2580 293.4216
v 321.6289 -945.1719 292.8435
v 321.6289 -945.1710 293.5415
f 4609 4610 4611
v 321.6289 -945.1710 293.5415
v 320.4509 -951.5507 293.5406
v 320.5046 -951.2580 293.4216
f 4612 4613 4614
v 321.6289 -945.1719 292.8435
v 320.5046 -951.2580 293.4216
v 320.5046 -951.2579 292.8426
f 4615 4616 4617
v 323.8628 -952.0708 284.4266
v 330.2509 -957.9878 284.4254
v 313.7812 -954.9487 284.4267
f 4618 4619 4620
v 331.0759 -953.5161 284.4261
v 330.2509 -957.9878 284.4254
v 323.8628 -952.0708 284.4266
f 4621 4622 4623
v 320.5041 -951.2568 284.4269
v 323.9003 -951.8829 284.4267
v 323.8628 -952.0708 284.4266
f 4624 4625 4626
v 313.7812 -954.9487 284.4267
v 330.2509 -957.9878 284.4254
v 329.2606 -963.3462 284.4247
f 4627 4628 4629
v 313.7812 -954.9487 284.4267
v 320.5041 -951.2568 284.4269
v 323.8628 -952.0708 284.4266
f 4630 4631 4632
v 320.5041 -951.2568 284.4269
v 313.7812 -954.9487 284.4267
v 314.7359 -950.1933 284.4274
f 4633 4634 4635
v 312.7677 -960.0019 284.4260
v 313.7812 -954.9487 284.4267
v 317.4830 -960.9886 284.4256
f 4636 4637 4638
v 321.3445 -945.1131 284.4278
v 321.6284 -945.1699 284.4278
v 315.9309 -944.2326 284.4282
f 4639 4640 4641
v 320.5041 -951.2568 284.4269
v 315.9309 -944.2326 284.4282
v 321.6284 -945.1699 284.4278
f 4642 4643 4644
v 315.9309 -944.2326 284.4282
v 315.9704 -944.0367 284.4282
v 321.3445 -945.1131 284.4278
f 4645 4646 4647
v 315.9309 -944.2326 284.4282
v 320.5041 -951.2568 284.4269
v 314.7359 -950.1933 284.4274
f 4648 4649 4650
v 317.4830 -960.9886 284.4256
v 313.7812 -954.9487 284.4267
v 329.2606 -963.3462 284.4247
f 4651 4652 4653
v 330.2516 -957.9893 295.3680
v 331.0759 -953.5161 284.4261
v 331.0765 -953.5173 293.5417
f 4654 4655 4656
v 329.2611 -963.3473 293.4623
v 330.2509 -957.9878 284.4254
v 330.2516 -957.9893 295.3680
f 4657 4658 4659
v 329.2606 -963.3462 284.4247
v 330.2509 -957.9878 284.4254
v 329.2611 -963.3473 293.4623
f 4660 4661 4662
v 331.0759 -953.5161 284.4261
v 330.2516 -957.9893 295.3680
v 330.2509 -957.9878 284.4254
f 4663 4664 4665
v 315.9704 -944.0367 284.4282
v 315.9710 -944.0378 293.6229
v 321.6289 -945.1719 292.8435
f 4666 4667 4668
v 315.9710 -944.0378 293.6229
v 321.3451 -945.1143 293.6535
v 321.6289 -945.1719 292.8435
f 4669 4670 4671
v 321.6289 -945.1719 292.8435
v 321.3445 -945.1131 284.4278
v 315.9704 -944.0367 284.4282
f 4672 4673 4674
v 321.3445 -945.1131 284.4278
v 321.6284 -945.1709 284.4748
v 321.6284 -945.1699 284.4278
f 4675 4676 4677
v 321.6289 -945.1719 292.8435
v 321.3451 -945.1143 293.6535
v 321.6289 -945.1710 293.5415
f 4678 4679 4680
v 324.6707 -945.7800 284.4745
v 321.6284 -945.1709 284.4748
v 321.6289 -945.1719 292.8435
f 4681 4682 4683
v 321.3445 -945.1131 284.4278
v 321.6289 -945.1719 292.8435
v 321.6284 -945.1709 284.4748
f 4684 4685 4686
v 321.6289 -945.1719 292.8435
v 324.6712 -945.7811 292.8432
v 324.6707 -945.7800 284.4745
f 4687 4688 4689
v 312.7680 -960.0028 290.6368
v 314.6210 -950.7672 293.6570
v 313.7812 -954.9487 284.4267
f 4690 4691 4692
v 313.7812 -954.9487 284.4267
v 312.7677 -960.0019 284.4260
v 312.7680 -960.0028 290.6368
f 4693 4694 4695
v 313.7819 -954.9501 295.3693
v 312.7680 -960.0028 290.6368
v 312.7683 -960.0031 293.5666
f 4696 4697 4698
v 314.7359 -950.1933 284.4274
v 314.6210 -950.7672 293.6570
v 315.9315 -944.2337 293.6979
f 4699 4700 4701
v 313.7812 -954.9487 284.4267
v 314.6210 -950.7672 293.6570
v 314.7359 -950.1933 284.4274
f 4702 4703 4704
v 315.9710 -944.0378 293.6229
v 315.9309 -944.2326 284.4282
v 314.7359 -950.1933 284.4274
f 4705 4706 4707
v 315.9309 -944.2326 284.4282
v 315.9710 -944.0378 293.6229
v 315.9704 -944.0367 284.4282
f 4708 4709 4710
v 315.9710 -944.0378 293.6229
v 314.7359 -950.1933 284.4274
v 315.9315 -944.2337 293.6979
f 4711 4712 4713
v 313.7819 -954.9501 295.3693
v 314.6210 -950.7672 293.6570
v 312.7680 -960.0028 290.6368
f 4714 4715 4716
v 323.5555 -951.8190 284.4737
v 323.9009 -951.8840 293.4204
v 323.9003 -951.8829 284.4267
f 4717 4718 4719
v 327.9202 -952.8848 293.5230
v 331.0765 -953.5173 293.5417
v 331.0759 -953.5161 284.4261
f 4720 4721 4722
v 320.5041 -951.2568 284.4269
v 321.6284 -945.1709 284.4748
v 320.5041 -951.2569 284.4739
f 4723 4724 4725
v 321.6284 -945.1699 284.4278
v 321.6284 -945.1709 284.4748
v 320.5041 -951.2568 284.4269
f 4726 4727 4728

g building_ID_61BAD314-CA8B-45A3-9FFE-53376CE536CE
v 338.6750 -947.8535 283.9955
v 339.3961 -944.4345 283.9960
v 342.6314 -948.0351 283.9953
f 4729 4730 4731
v 338.6750 -947.8535 283.9955
v 342.6314 -948.0351 283.9953
v 342.5008 -948.6518 283.9952
f 4732 4733 4734
v 339.3961 -944.4345 283.9960
v 340.1112 -941.0464 283.9964
v 342.6314 -948.0351 283.9953
f 4735 4736 4737
v 352.6992 -947.3401 283.9948
v 340.1112 -941.0464 283.9964
v 353.4677 -943.8172 283.9953
f 4738 4739 4740
v 352.6992 -947.3401 283.9948
v 342.6314 -948.0351 283.9953
v 340.1112 -941.0464 283.9964
f 4741 4742 4743
v 352.6992 -947.3401 283.9948
v 352.1121 -950.0275 283.9945
v 342.6314 -948.0351 283.9953
f 4744 4745 4746
v 339.3968 -944.4358 294.6686
v 352.1126 -950.0286 292.8392
v 352.6999 -947.3414 294.6674
f 4747 4748 4749
v 352.1126 -950.0286 292.8392
v 339.3968 -944.4358 294.6686
v 342.6320 -948.0362 292.7890
f 4750 4751 4752
v 342.6320 -948.0362 292.7890
v 339.3968 -944.4358 294.6686
v 338.6755 -947.8545 292.3462
f 4753 4754 4755
v 342.6320 -948.0362 292.7890
v 338.6755 -947.8545 292.3462
v 342.5013 -948.6528 292.3699
f 4756 4757 4758
v 346.8130 -942.4374 292.5836
v 352.6999 -947.3414 294.6674
v 353.4682 -943.8183 292.5400
f 4759 4760 4761
v 346.8130 -942.4374 292.5836
v 340.1117 -941.0474 292.6271
v 339.3968 -944.4358 294.6686
f 4762 4763 4764
v 352.6999 -947.3414 294.6674
v 346.8130 -942.4374 292.5836
v 339.3968 -944.4358 294.6686
f 4765 4766 4767
v 342.5008 -948.6518 283.9952
v 342.5013 -948.6528 292.3699
v 338.6755 -947.8545 292.3462
f 4768 4769 4770
v 342.6314 -948.0351 283.9953
v 342.6320 -948.0362 292.7890
v 342.5008 -948.6518 283.9952
f 4771 4772 4773
v 352.1126 -950.0286 292.8392
v 342.6320 -948.0362 292.7890
v 352.1123 -950.0280 288.4163
f 4774 4775 4776
v 342.6314 -948.0351 283.9953
v 352.1121 -950.0275 283.9945
v 352.1123 -950.0280 288.4163
f 4777 4778 4779
v 352.1123 -950.0280 288.4163
v 342.6320 -948.0362 292.7890
v 342.6314 -948.0351 283.9953
f 4780 4781 4782
v 340.1116 -941.0470 289.3902
v 340.1117 -941.0474 292.6271
v 346.8130 -942.4374 292.5836
f 4783 4784 4785
v 353.4682 -943.8183 292.5400
v 340.1112 -941.0464 283.9964
v 340.1113 -941.0467 286.1543
f 4786 4787 4788
v 346.8130 -942.4374 292.5836
v 353.4682 -943.8183 292.5400
v 340.1113 -941.0467 286.1543
f 4789 4790 4791
v 340.1112 -941.0464 283.9964
v 353.4682 -943.8183 292.5400
v 353.4679 -943.8177 288.2251
f 4792 4793 4794
v 353.4679 -943.8177 288.2251
v 353.4677 -943.8172 283.9953
v 340.1112 -941.0464 283.9964
f 4795 4796 4797
v 353.4679 -943.8177 288.2251
v 353.4682 -943.8183 292.5400
v 352.6999 -947.3414 294.6674
f 4798 4799 4800
v 353.4679 -943.8177 288.2251
v 352.1123 -950.0280 288.4163
v 353.4677 -943.8172 283.9953
f 4801 4802 4803
v 352.6999 -947.3414 294.6674
v 352.1126 -950.0286 292.8392
v 353.4679 -943.8177 288.2251
f 4804 4805 4806
v 352.6992 -947.3401 283.9948
v 353.4677 -943.8172 283.9953
v 352.1123 -950.0280 288.4163
f 4807 4808 4809
v 352.1121 -950.0275 283.9945
v 352.6992 -947.3401 283.9948
v 352.1123 -950.0280 288.4163
f 4810 4811 4812
v 352.1126 -950.0286 292.8392
v 352.1123 -950.0280 288.4163
v 353.4679 -943.8177 288.2251
f 4813 4814 4815
v 338.6754 -947.8543 290.2523
v 339.3961 -944.4345 283.9960
v 338.6750 -947.8535 283.9955
f 4816 4817 4818
v 338.6754 -947.8543 290.2523
v 340.1113 -941.0467 286.1543
v 339.3961 -944.4345 283.9960
f 4819 4820 4821
v 340.1113 -941.0467 286.1543
v 338.6754 -947.8543 290.2523
v 338.6755 -947.8545 292.3462
f 4822 4823 4824
v 340.1116 -941.0470 289.3902
v 339.3968 -944.4358 294.6686
v 340.1117 -941.0474 292.6271
f 4825 4826 4827
v 340.1113 -941.0467 286.1543
v 340.1112 -941.0464 283.9964
v 339.3961 -944.4345 283.9960
f 4828 4829 4830
v 340.1116 -941.0470 289.3902
v 340.1113 -941.0467 286.1543
v 338.6755 -947.8545 292.3462
f 4831 4832 4833
v 340.1116 -941.0470 289.3902
v 338.6755 -947.8545 292.3462
v 339.3968 -944.4358 294.6686
f 4834 4835 4836
v 342.5008 -948.6518 283.9952
v 338.6755 -947.8545 292.3462
v 338.6754 -947.8543 290.2523
f 4837 4838 4839
v 342.5008 -948.6518 283.9952
v 338.6754 -947.8543 290.2523
v 338.6750 -947.8535 283.9955
f 4840 4841 4842
v 342.6320 -948.0362 292.7890
v 342.5013 -948.6528 292.3699
v 342.5008 -948.6518 283.9952
f 4843 4844 4845
v 346.8130 -942.4374 292.5836
v 340.1113 -941.0467 286.1543
v 340.1116 -941.0470 289.3902
f 4846 4847 4848

g building_ID_F8EF9181-487C-4883-8E38-D880B7D05466
v 299.3013 -941.8919 283.0895
v 298.6969 -942.4043 283.0894
v 298.8206 -941.7946 283.0895
f 4849 4850 4851
v 300.2255 -937.3295 283.0901
v 304.4544 -942.9377 283.0891
v 299.3013 -941.8919 283.0895
f 4852 4853 4854
v 304.3287 -943.5573 283.0890
v 298.6969 -942.4043 283.0894
v 299.3013 -941.8919 283.0895
f 4855 4856 4857
v 304.4544 -942.9377 283.0891
v 300.2255 -937.3295 283.0901
v 301.0859 -933.0838 283.0907
f 4858 4859 4860
v 308.6757 -939.0591 283.0894
v 304.4544 -942.9377 283.0891
v 309.5402 -934.7954 283.0900
f 4861 4862 4863
v 304.4544 -942.9377 283.0891
v 304.3287 -943.5573 283.0890
v 299.3013 -941.8919 283.0895
f 4864 4865 4866
v 304.4544 -942.9377 283.0891
v 308.6757 -939.0591 283.0894
v 307.7546 -943.6065 283.0888
f 4867 4868 4869
v 309.5402 -934.7954 283.0900
v 304.4544 -942.9377 283.0891
v 301.0859 -933.0838 283.0907
f 4870 4871 4872
v 305.3151 -933.9413 292.4639
v 308.6765 -939.0607 296.3849
v 309.5408 -934.7965 292.4546
f 4873 4874 4875
v 305.3151 -933.9413 292.4639
v 301.0864 -933.0849 292.4723
v 300.2263 -937.3311 296.3856
f 4876 4877 4878
v 308.6765 -939.0607 296.3849
v 305.3151 -933.9413 292.4639
v 300.2263 -937.3311 296.3856
f 4879 4880 4881
v 307.7551 -943.6077 292.3834
v 308.6765 -939.0607 296.3849
v 304.4549 -942.9388 292.3777
f 4882 4883 4884
v 304.4549 -942.9388 292.3777
v 298.6974 -942.4054 291.8331
v 304.3292 -943.5584 291.8326
f 4885 4886 4887
v 304.4549 -942.9388 292.3777
v 308.6765 -939.0607 296.3849
v 300.2263 -937.3311 296.3856
f 4888 4889 4890
v 304.4549 -942.9388 292.3777
v 300.2263 -937.3311 296.3856
v 299.3018 -941.8931 292.3711
f 4891 4892 4893
v 298.8211 -941.7958 292.3701
v 298.6974 -942.4054 291.8331
v 299.3018 -941.8931 292.3711
f 4894 4895 4896
v 299.3018 -941.8931 292.3711
v 298.6974 -942.4054 291.8331
v 304.4549 -942.9388 292.3777
f 4897 4898 4899
v 301.0861 -933.0843 287.1955
v 301.0864 -933.0849 292.4723
v 305.3151 -933.9413 292.4639
f 4900 4901 4902
v 301.0859 -933.0838 283.0907
v 305.3151 -933.9413 292.4639
v 309.5406 -934.7963 290.1087
f 4903 4904 4905
v 301.0859 -933.0838 283.0907
v 309.5406 -934.7963 290.1087
v 309.5402 -934.7954 283.0900
f 4906 4907 4908
v 298.6974 -942.4054 291.8331
v 298.8211 -941.7958 292.3701
v 298.8206 -941.7946 283.0895
f 4909 4910 4911
v 298.6969 -942.4043 283.0894
v 298.6974 -942.4054 291.8331
v 298.8206 -941.7946 283.0895
f 4912 4913 4914
v 304.3287 -943.5573 283.0890
v 304.3292 -943.5584 291.8326
v 298.6974 -942.4054 291.8331
f 4915 4916 4917
v 298.6969 -942.4043 283.0894
v 304.3287 -943.5573 283.0890
v 298.6974 -942.4054 291.8331
f 4918 4919 4920
v 304.4544 -942.9377 283.0891
v 304.4549 -942.9388 292.3777
v 304.3292 -943.5584 291.8326
f 4921 4922 4923
v 304.4544 -942.9377 283.0891
v 304.3292 -943.5584 291.8326
v 304.3287 -943.5573 283.0890
f 4924 4925 4926
v 304.4544 -942.9377 283.0891
v 307.7551 -943.6077 292.3834
v 304.4549 -942.9388 292.3777
f 4927 4928 4929
v 298.8211 -941.7958 292.3701
v 299.3013 -941.8919 283.0895
v 298.8206 -941.7946 283.0895
f 4930 4931 4932
v 301.0861 -933.0843 287.1955
v 299.3016 -941.8927 288.8903
v 299.3018 -941.8931 292.3711
f 4933 4934 4935
v 299.3016 -941.8927 288.8903
v 300.2255 -937.3295 283.0901
v 299.3013 -941.8919 283.0895
f 4936 4937 4938
v 301.0861 -933.0843 287.1955
v 299.3018 -941.8931 292.3711
v 300.2263 -937.3311 296.3856
f 4939 4940 4941
v 300.2255 -937.3295 283.0901
v 299.3016 -941.8927 288.8903
v 301.0859 -933.0838 283.0907
f 4942 4943 4944
v 301.0859 -933.0838 283.0907
v 299.3016 -941.8927 288.8903
v 301.0861 -933.0843 287.1955
f 4945 4946 4947
v 301.0864 -933.0849 292.4723
v 301.0861 -933.0843 287.1955
v 300.2263 -937.3311 296.3856
f 4948 4949 4950
v 307.7546 -943.6065 283.0888
v 308.6757 -939.0591 283.0894
v 309.5406 -934.7963 290.1087
f 4951 4952 4953
v 308.6757 -939.0591 283.0894
v 309.5402 -934.7954 283.0900
v 309.5406 -934.7963 290.1087
f 4954 4955 4956
v 307.7546 -943.6065 283.0888
v 309.5406 -934.7963 290.1087
v 309.5408 -934.7965 292.4546
f 4957 4958 4959
v 307.7551 -943.6077 292.3834
v 307.7550 -943.6074 290.0595
v 308.6765 -939.0607 296.3849
f 4960 4961 4962
v 309.5408 -934.7965 292.4546
v 307.7550 -943.6074 290.0595
v 307.7546 -943.6065 283.0888
f 4963 4964 4965
v 309.5408 -934.7965 292.4546
v 308.6765 -939.0607 296.3849
v 307.7550 -943.6074 290.0595
f 4966 4967 4968
v 301.0861 -933.0843 287.1955
v 305.3151 -933.9413 292.4639
v 301.0859 -933.0838 283.0907
f 4969 4970 4971
v 305.3151 -933.9413 292.4639
v 309.5408 -934.7965 292.4546
v 309.5406 -934.7963 290.1087
f 4972 4973 4974
v 307.7550 -943.6074 290.0595
v 307.7551 -943.6077 292.3834
v 304.4544 -942.9377 283.0891
f 4975 4976 4977
v 304.4544 -942.9377 283.0891
v 307.7546 -943.6065 283.0888
v 307.7550 -943.6074 290.0595
f 4978 4979 4980
v 299.3016 -941.8927 288.8903
v 298.8211 -941.7958 292.3701
v 299.3018 -941.8931 292.3711
f 4981 4982 4983
v 298.8211 -941.7958 292.3701
v 299.3016 -941.8927 288.8903
v 299.3013 -941.8919 283.0895
f 4984 4985 4986

g building_ID_FFB2C261-F2BF-4389-A5A4-CDA68EC25424
v 300.9244 -900.4316 282.7115
v 302.6508 -895.7973 282.7121
v 301.1191 -900.9031 282.7114
f 4987 4988 4989
v 300.7934 -900.7842 282.7114
v 300.9244 -900.4316 282.7115
v 301.1191 -900.9031 282.7114
f 4990 4991 4992
v 299.4764 -905.2726 282.7108
v 301.1191 -900.9031 282.7114
v 305.4404 -907.4936 282.7102
f 4993 4994 4995
v 301.1191 -900.9031 282.7114
v 302.6508 -895.7973 282.7121
v 307.2290 -902.7804 282.7107
f 4996 4997 4998
v 307.2290 -902.7804 282.7107
v 302.6508 -895.7973 282.7121
v 308.9814 -898.1652 282.7114
f 4999 5000 5001
v 301.1191 -900.9031 282.7114
v 307.2290 -902.7804 282.7107
v 305.4404 -907.4936 282.7102
f 5002 5003 5004
v 300.9250 -900.4328 293.7740
v 301.1197 -900.9044 293.6030
v 307.2296 -902.7818 293.7733
f 5005 5006 5007
v 301.1197 -900.9044 293.6030
v 305.4409 -907.4946 291.4659
v 307.2296 -902.7818 293.7733
f 5008 5009 5010
v 301.1197 -900.9044 293.6030
v 300.9250 -900.4328 293.7740
v 300.7941 -900.7855 293.6020
f 5011 5012 5013
v 301.1197 -900.9044 293.6030
v 299.4769 -905.2736 291.4665
v 305.4409 -907.4946 291.4659
f 5014 5015 5016
v 305.3076 -896.7924 291.5784
v 307.2296 -902.7818 293.7733
v 308.9819 -898.1663 291.5800
f 5017 5018 5019
v 300.9250 -900.4328 293.7740
v 305.3076 -896.7924 291.5784
v 302.6513 -895.7983 291.5767
f 5020 5021 5022
v 307.2296 -902.7818 293.7733
v 305.3076 -896.7924 291.5784
v 300.9250 -900.4328 293.7740
f 5023 5024 5025
v 301.1191 -900.9031 282.7114
v 301.1197 -900.9044 293.6030
v 300.7941 -900.7855 293.6020
f 5026 5027 5028
v 300.7939 -900.7852 290.8791
v 300.7935 -900.7846 285.4333
v 301.1191 -900.9031 282.7114
f 5029 5030 5031
v 301.1191 -900.9031 282.7114
v 300.7935 -900.7846 285.4333
v 300.7934 -900.7842 282.7114
f 5032 5033 5034
v 301.1191 -900.9031 282.7114
v 299.4764 -905.2726 282.7108
v 299.4769 -905.2736 291.4665
f 5035 5036 5037
v 299.4769 -905.2736 291.4665
v 301.1197 -900.9044 293.6030
v 301.1191 -900.9031 282.7114
f 5038 5039 5040
v 305.4409 -907.4946 291.4659
v 299.4769 -905.2736 291.4665
v 305.4408 -907.4944 289.2770
f 5041 5042 5043
v 299.4769 -905.2736 291.4665
v 305.4404 -907.4936 282.7102
v 305.4408 -907.4944 289.2770
f 5044 5045 5046
v 299.4769 -905.2736 291.4665
v 299.4764 -905.2726 282.7108
v 305.4404 -907.4936 282.7102
f 5047 5048 5049
v 302.6512 -895.7980 289.3588
v 305.3076 -896.7924 291.5784
v 308.9819 -898.1663 291.5800
f 5050 5051 5052
v 302.6508 -895.7973 282.7121
v 302.6512 -895.7980 289.3588
v 308.9819 -898.1663 291.5800
f 5053 5054 5055
v 308.9814 -898.1652 282.7114
v 302.6508 -895.7973 282.7121
v 308.9817 -898.1657 287.1462
f 5056 5057 5058
v 308.9819 -898.1663 291.5800
v 308.9817 -898.1657 287.1462
v 302.6508 -895.7973 282.7121
f 5059 5060 5061
v 305.4408 -907.4944 289.2770
v 308.9817 -898.1657 287.1462
v 308.9819 -898.1663 291.5800
f 5062 5063 5064
v 308.9819 -898.1663 291.5800
v 307.2296 -902.7818 293.7733
v 305.4408 -907.4944 289.2770
f 5065 5066 5067
v 305.4408 -907.4944 289.2770
v 305.4404 -907.4936 282.7102
v 308.9817 -898.1657 287.1462
f 5068 5069 5070
v 308.9817 -898.1657 287.1462
v 307.2290 -902.7804 282.7107
v 308.9814 -898.1652 282.7114
f 5071 5072 5073
v 307.2290 -902.7804 282.7107
v 308.9817 -898.1657 287.1462
v 305.4404 -907.4936 282.7102
f 5074 5075 5076
v 305.4409 -907.4946 291.4659
v 305.4408 -907.4944 289.2770
v 307.2296 -902.7818 293.7733
f 5077 5078 5079
v 300.9244 -900.4316 282.7115
v 300.7934 -900.7842 282.7114
v 300.7935 -900.7846 285.4333
f 5080 5081 5082
v 300.7935 -900.7846 285.4333
v 302.6508 -895.7973 282.7121
v 300.9244 -900.4316 282.7115
f 5083 5084 5085
v 302.6512 -895.7980 289.3588
v 300.7935 -900.7846 285.4333
v 300.7939 -900.7852 290.8791
f 5086 5087 5088
v 302.6512 -895.7980 289.3588
v 300.7939 -900.7852 290.8791
v 300.9250 -900.4328 293.7740
f 5089 5090 5091
v 302.6513 -895.7983 291.5767
v 302.6512 -895.7980 289.3588
v 300.9250 -900.4328 293.7740
f 5092 5093 5094
v 302.6512 -895.7980 289.3588
v 302.6508 -895.7973 282.7121
v 300.7935 -900.7846 285.4333
f 5095 5096 5097
v 300.7939 -900.7852 290.8791
v 300.7941 -900.7855 293.6020
v 300.9250 -900.4328 293.7740
f 5098 5099 5100
v 300.7939 -900.7852 290.8791
v 301.1191 -900.9031 282.7114
v 300.7941 -900.7855 293.6020
f 5101 5102 5103
v 302.6513 -895.7983 291.5767
v 305.3076 -896.7924 291.5784
v 302.6512 -895.7980 289.3588
f 5104 5105 5106

g building_ID_D536D24D-E63A-47D0-BB1D-30DD3F19AC23
v 307.2290 -902.7804 282.7107
v 312.7694 -904.8443 282.7102
v 310.9926 -909.6165 282.7096
f 5107 5108 5109
v 312.7694 -904.8443 282.7102
v 307.2290 -902.7804 282.7107
v 314.4837 -900.2439 282.7108
f 5110 5111 5112
v 314.4837 -900.2439 282.7108
v 307.2290 -902.7804 282.7107
v 308.9814 -898.1652 282.7114
f 5113 5114 5115
v 305.4404 -907.4936 282.7102
v 307.2290 -902.7804 282.7107
v 310.9926 -909.6165 282.7096
f 5116 5117 5118
v 308.6576 -908.7243 291.4525
v 307.2296 -902.7818 293.7733
v 305.4409 -907.4946 291.4659
f 5119 5120 5121
v 312.7701 -904.8455 293.7728
v 308.6576 -908.7243 291.4525
v 310.9931 -909.6175 291.4423
f 5122 5123 5124
v 307.2296 -902.7818 293.7733
v 308.6576 -908.7243 291.4525
v 312.7701 -904.8455 293.7728
f 5125 5126 5127
v 312.3754 -899.4483 291.5867
v 308.9819 -898.1663 291.5800
v 307.2296 -902.7818 293.7733
f 5128 5129 5130
v 312.3754 -899.4483 291.5867
v 312.7701 -904.8455 293.7728
v 314.4842 -900.2449 291.5915
f 5131 5132 5133
v 307.2296 -902.7818 293.7733
v 312.7701 -904.8455 293.7728
v 312.3754 -899.4483 291.5867
f 5134 5135 5136
v 310.9926 -909.6165 282.7096
v 310.9929 -909.6170 287.0645
v 308.6576 -908.7243 291.4525
f 5137 5138 5139
v 310.9930 -909.6172 289.2534
v 310.9931 -909.6175 291.4423
v 308.6576 -908.7243 291.4525
f 5140 5141 5142
v 308.6576 -908.7243 291.4525
v 310.9929 -909.6170 287.0645
v 310.9930 -909.6172 289.2534
f 5143 5144 5145
v 308.6576 -908.7243 291.4525
v 305.4409 -907.4946 291.4659
v 305.4404 -907.4936 282.7102
f 5146 5147 5148
v 314.4840 -900.2444 287.1507
v 308.9814 -898.1652 282.7114
v 308.9819 -898.1663 291.5800
f 5149 5150 5151
v 314.4837 -900.2439 282.7108
v 308.9814 -898.1652 282.7114
v 314.4840 -900.2444 287.1507
f 5152 5153 5154
v 314.4840 -900.2444 287.1507
v 312.3754 -899.4483 291.5867
v 314.4841 -900.2447 289.3716
f 5155 5156 5157
v 314.4841 -900.2447 289.3716
v 314.4842 -900.2449 291.5915
v 312.7701 -904.8455 293.7728
f 5158 5159 5160
v 314.4841 -900.2447 289.3716
v 310.9930 -909.6172 289.2534
v 314.4840 -900.2444 287.1507
f 5161 5162 5163
v 314.4840 -900.2444 287.1507
v 312.7694 -904.8443 282.7102
v 314.4837 -900.2439 282.7108
f 5164 5165 5166
v 312.7701 -904.8455 293.7728
v 310.9930 -909.6172 289.2534
v 314.4841 -900.2447 289.3716
f 5167 5168 5169
v 314.4840 -900.2444 287.1507
v 310.9929 -909.6170 287.0645
v 312.7694 -904.8443 282.7102
f 5170 5171 5172
v 310.9929 -909.6170 287.0645
v 314.4840 -900.2444 287.1507
v 310.9930 -909.6172 289.2534
f 5173 5174 5175
v 310.9926 -909.6165 282.7096
v 312.7694 -904.8443 282.7102
v 310.9929 -909.6170 287.0645
f 5176 5177 5178
v 310.9931 -909.6175 291.4423
v 310.9930 -909.6172 289.2534
v 312.7701 -904.8455 293.7728
f 5179 5180 5181
v 305.4409 -907.4946 291.4659
v 307.2290 -902.7804 282.7107
v 305.4404 -907.4936 282.7102
f 5182 5183 5184
v 308.9814 -898.1652 282.7114
v 307.2296 -902.7818 293.7733
v 308.9819 -898.1663 291.5800
f 5185 5186 5187
v 307.2290 -902.7804 282.7107
v 307.2296 -902.7818 293.7733
v 308.9814 -898.1652 282.7114
f 5188 5189 5190
v 305.4409 -907.4946 291.4659
v 307.2296 -902.7818 293.7733
v 307.2290 -902.7804 282.7107
f 5191 5192 5193
v 305.4404 -907.4936 282.7102
v 310.9926 -909.6165 282.7096
v 308.6576 -908.7243 291.4525
f 5194 5195 5196
v 314.4840 -900.2444 287.1507
v 308.9819 -898.1663 291.5800
v 312.3754 -899.4483 291.5867
f 5197 5198 5199
v 312.3754 -899.4483 291.5867
v 314.4842 -900.2449 291.5915
v 314.4841 -900.2447 289.3716
f 5200 5201 5202

g building_ID_B25A65C6-403D-462B-AB31-9EAB6E1D2944
v 352.3567 -887.2897 292.4003
v 352.0355 -888.1439 293.0242
v 359.4835 -889.9837 292.3985
f 5203 5204 5205
v 357.3869 -895.5305 296.4507
v 359.4835 -889.9837 292.3985
v 352.0355 -888.1439 293.0242
f 5206 5207 5208
v 348.4981 -886.8065 293.0246
v 357.3869 -895.5305 296.4507
v 352.0355 -888.1439 293.0242
f 5209 5210 5211
v 341.6766 -883.2620 292.4094
v 348.4981 -886.8065 293.0246
v 348.8203 -885.9532 292.4017
f 5212 5213 5214
v 348.4981 -886.8065 293.0246
v 341.6766 -883.2620 292.4094
v 339.5890 -888.7989 296.4526
f 5215 5216 5217
v 357.3869 -895.5305 296.4507
v 348.4981 -886.8065 293.0246
v 339.5890 -888.7989 296.4526
f 5218 5219 5220
v 347.8204 -893.4878 295.5046
v 339.5890 -888.7989 296.4526
v 337.4184 -894.5536 292.5001
f 5221 5222 5223
v 340.5872 -895.7471 292.5027
v 341.7470 -896.1842 292.5036
v 347.8204 -893.4878 295.5046
f 5224 5225 5226
v 347.8204 -893.4878 295.5046
v 337.4184 -894.5536 292.5001
v 340.5872 -895.7471 292.5027
f 5227 5228 5229
v 347.8204 -893.4878 295.5046
v 350.2673 -899.3900 292.5127
v 351.7978 -899.9661 292.5145
f 5230 5231 5232
v 357.3869 -895.5305 296.4507
v 347.8204 -893.4878 295.5046
v 355.2213 -901.2563 292.5172
f 5233 5234 5235
v 351.7978 -899.9661 292.5145
v 355.2213 -901.2563 292.5172
v 347.8204 -893.4878 295.5046
f 5236 5237 5238
v 339.5890 -888.7989 296.4526
v 347.8204 -893.4878 295.5046
v 357.3869 -895.5305 296.4507
f 5239 5240 5241
v 348.8197 -885.9521 282.7800
v 341.6760 -883.2609 282.7807
v 341.6766 -883.2620 292.4094
f 5242 5243 5244
v 359.4828 -889.9826 282.7788
v 352.3561 -887.2886 282.7796
v 352.3567 -887.2897 292.4003
f 5245 5246 5247
v 359.4835 -889.9837 292.3985
v 359.4832 -889.9833 288.7906
v 352.3567 -887.2897 292.4003
f 5248 5249 5250
v 352.3567 -887.2897 292.4003
v 359.4830 -889.9830 285.1827
v 359.4828 -889.9826 282.7788
f 5251 5252 5253
v 359.4832 -889.9833 288.7906
v 359.4830 -889.9830 285.1827
v 352.3567 -887.2897 292.4003
f 5254 5255 5256
v 352.0348 -888.1427 282.7795
v 352.3567 -887.2897 292.4003
v 352.3561 -887.2886 282.7796
f 5257 5258 5259
v 348.4975 -886.8053 282.7799
v 348.4981 -886.8065 293.0246
v 352.0355 -888.1439 293.0242
f 5260 5261 5262
v 352.0355 -888.1439 293.0242
v 352.0348 -888.1427 282.7795
v 348.4975 -886.8053 282.7799
f 5263 5264 5265
v 348.8197 -885.9521 282.7800
v 348.8203 -885.9532 292.4017
v 348.4981 -886.8065 293.0246
f 5266 5267 5268
v 348.8197 -885.9521 282.7800
v 348.4981 -886.8065 293.0246
v 348.4975 -886.8053 282.7799
f 5269 5270 5271
v 339.3823 -899.5808 282.9266
v 339.3827 -899.5814 289.2454
v 340.8008 -895.8273 289.2458
f 5272 5273 5274
v 339.4102 -899.5908 282.9266
v 339.4106 -899.5915 289.2454
v 339.3827 -899.5814 289.2454
f 5275 5276 5277
v 339.2763 -899.9454 282.9265
v 339.2767 -899.9461 289.2453
v 339.4106 -899.5915 289.2454
f 5278 5279 5280
v 349.6068 -903.8530 282.9254
v 349.6072 -903.8538 289.2442
v 339.2767 -899.9461 289.2453
f 5281 5282 5283
v 341.6065 -896.1297 282.9269
v 341.3124 -896.9069 282.9268
v 340.8003 -895.8266 282.9270
f 5284 5285 5286
v 339.3823 -899.5808 282.9266
v 341.3124 -896.9069 282.9268
v 339.4102 -899.5908 282.9266
f 5287 5288 5289
v 339.4102 -899.5908 282.9266
v 345.8727 -898.6331 282.9264
v 339.2763 -899.9454 282.9265
f 5290 5291 5292
v 339.3823 -899.5808 282.9266
v 340.8003 -895.8266 282.9270
v 341.3124 -896.9069 282.9268
f 5293 5294 5295
v 349.6068 -903.8530 282.9254
v 345.8727 -898.6331 282.9264
v 350.0775 -900.2233 282.9259
f 5296 5297 5298
v 339.2763 -899.9454 282.9265
v 345.8727 -898.6331 282.9264
v 349.6068 -903.8530 282.9254
f 5299 5300 5301
v 351.1667 -899.7273 282.9259
v 350.0775 -900.2233 282.9259
v 350.3776 -899.4312 282.9260
f 5302 5303 5304
v 349.6068 -903.8530 282.9254
v 350.0775 -900.2233 282.9259
v 351.1667 -899.7273 282.9259
f 5305 5306 5307
v 341.3124 -896.9069 282.9268
v 345.8727 -898.6331 282.9264
v 339.4102 -899.5908 282.9266
f 5308 5309 5310
v 350.0779 -900.2241 289.2447
v 351.1672 -899.7280 289.2447
v 350.3780 -899.4319 289.2448
f 5311 5312 5313
v 345.8731 -898.6338 289.2452
v 349.6072 -903.8538 289.2442
v 350.0779 -900.2241 289.2447
f 5314 5315 5316
v 351.1672 -899.7280 289.2447
v 350.0779 -900.2241 289.2447
v 349.6072 -903.8538 289.2442
f 5317 5318 5319
v 339.4106 -899.5915 289.2454
v 349.6072 -903.8538 289.2442
v 345.8731 -898.6338 289.2452
f 5320 5321 5322
v 341.3129 -896.9076 289.2456
v 341.6069 -896.1304 289.2457
v 340.8008 -895.8273 289.2458
f 5323 5324 5325
v 341.3129 -896.9076 289.2456
v 339.4106 -899.5915 289.2454
v 345.8731 -898.6338 289.2452
f 5326 5327 5328
v 339.2767 -899.9461 289.2453
v 349.6072 -903.8538 289.2442
v 339.4106 -899.5915 289.2454
f 5329 5330 5331
v 341.3129 -896.9076 289.2456
v 339.3827 -899.5814 289.2454
v 339.4106 -899.5915 289.2454
f 5332 5333 5334
v 339.3827 -899.5814 289.2454
v 341.3129 -896.9076 289.2456
v 340.8008 -895.8273 289.2458
f 5335 5336 5337
v 351.1667 -899.7273 282.9259
v 351.1672 -899.7280 289.2447
v 349.6072 -903.8538 289.2442
f 5338 5339 5340
v 341.7470 -896.1842 292.5036
v 345.8736 -898.6346 295.5040
v 347.8204 -893.4878 295.5046
f 5341 5342 5343
v 341.6071 -896.1309 292.4086
v 341.3130 -896.9081 292.4085
v 345.8736 -898.6346 295.5040
f 5344 5345 5346
v 341.7470 -896.1842 292.5036
v 341.6071 -896.1309 292.4086
v 345.8736 -898.6346 295.5040
f 5347 5348 5349
v 350.2673 -899.3900 292.5127
v 345.8736 -898.6346 295.5040
v 350.0781 -900.2245 292.4316
f 5350 5351 5352
v 350.2673 -899.3900 292.5127
v 350.0781 -900.2245 292.4316
v 350.3782 -899.4322 292.4317
f 5353 5354 5355
v 350.2673 -899.3900 292.5127
v 347.8204 -893.4878 295.5046
v 345.8736 -898.6346 295.5040
f 5356 5357 5358
v 341.3124 -896.9069 282.9268
v 341.6065 -896.1297 282.9269
v 341.6065 -896.1297 282.7789
f 5359 5360 5361
v 341.6071 -896.1309 292.4086
v 341.3129 -896.9076 289.2456
v 341.3130 -896.9081 292.4085
f 5362 5363 5364
v 341.3129 -896.9076 289.2456
v 341.6071 -896.1309 292.4086
v 341.6069 -896.1304 289.2457
f 5365 5366 5367
v 350.3776 -899.4312 282.7780
v 350.3776 -899.4312 282.9260
v 350.0775 -900.2233 282.9259
f 5368 5369 5370
v 350.3776 -899.4312 282.7780
v 350.0775 -900.2233 282.9259
v 350.0775 -900.2233 282.7779
f 5371 5372 5373
v 350.0779 -900.2241 289.2447
v 350.3780 -899.4319 289.2448
v 350.3782 -899.4322 292.4317
f 5374 5375 5376
v 350.3782 -899.4322 292.4317
v 350.0781 -900.2245 292.4316
v 350.0779 -900.2241 289.2447
f 5377 5378 5379
v 350.3776 -899.4312 282.7780
v 357.3859 -895.5289 282.7782
v 351.7971 -899.9649 282.7778
f 5380 5381 5382
v 355.2206 -901.2551 282.7775
v 351.7971 -899.9649 282.7778
v 357.3859 -895.5289 282.7782
f 5383 5384 5385
v 350.3776 -899.4312 282.7780
v 352.0348 -888.1427 282.7795
v 357.3859 -895.5289 282.7782
f 5386 5387 5388
v 350.3776 -899.4312 282.7780
v 350.0775 -900.2233 282.7779
v 345.8727 -898.6330 282.7784
f 5389 5390 5391
v 345.8727 -898.6330 282.7784
v 352.0348 -888.1427 282.7795
v 350.3776 -899.4312 282.7780
f 5392 5393 5394
v 359.4828 -889.9826 282.7788
v 352.0348 -888.1427 282.7795
v 352.3561 -887.2886 282.7796
f 5395 5396 5397
v 359.4828 -889.9826 282.7788
v 357.3859 -895.5289 282.7782
v 352.0348 -888.1427 282.7795
f 5398 5399 5400
v 352.0348 -888.1427 282.7795
v 345.8727 -898.6330 282.7784
v 341.6065 -896.1297 282.7789
f 5401 5402 5403
v 341.3124 -896.9069 282.7788
v 341.6065 -896.1297 282.7789
v 345.8727 -898.6330 282.7784
f 5404 5405 5406
v 341.6065 -896.1297 282.7789
v 339.5882 -888.7973 282.7801
v 352.0348 -888.1427 282.7795
f 5407 5408 5409
v 348.8197 -885.9521 282.7800
v 348.4975 -886.8053 282.7799
v 339.5882 -888.7973 282.7801
f 5410 5411 5412
v 348.4975 -886.8053 282.7799
v 352.0348 -888.1427 282.7795
v 339.5882 -888.7973 282.7801
f 5413 5414 5415
v 348.8197 -885.9521 282.7800
v 339.5882 -888.7973 282.7801
v 341.6760 -883.2609 282.7807
f 5416 5417 5418
v 339.5882 -888.7973 282.7801
v 341.6065 -896.1297 282.7789
v 337.4178 -894.5525 282.7794
f 5419 5420 5421
v 341.6766 -883.2620 292.4094
v 337.4184 -894.5536 292.5001
v 339.5890 -888.7989 296.4526
f 5422 5423 5424
v 337.4184 -894.5536 292.5001
v 339.5882 -888.7973 282.7801
v 337.4178 -894.5525 282.7794
f 5425 5426 5427
v 341.6760 -883.2609 282.7807
v 339.5882 -888.7973 282.7801
v 341.6766 -883.2620 292.4094
f 5428 5429 5430
v 337.4184 -894.5536 292.5001
v 341.6766 -883.2620 292.4094
v 339.5882 -888.7973 282.7801
f 5431 5432 5433
v 359.4830 -889.9830 285.1827
v 357.3859 -895.5289 282.7782
v 359.4828 -889.9826 282.7788
f 5434 5435 5436
v 355.2213 -901.2563 292.5172
v 359.4830 -889.9830 285.1827
v 359.4832 -889.9833 288.7906
f 5437 5438 5439
v 359.4832 -889.9833 288.7906
v 357.3869 -895.5305 296.4507
v 355.2213 -901.2563 292.5172
f 5440 5441 5442
v 355.2206 -901.2551 282.7775
v 357.3859 -895.5289 282.7782
v 355.2213 -901.2563 292.5172
f 5443 5444 5445
v 355.2213 -901.2563 292.5172
v 357.3859 -895.5289 282.7782
v 359.4830 -889.9830 285.1827
f 5446 5447 5448
v 357.3869 -895.5305 296.4507
v 359.4832 -889.9833 288.7906
v 359.4835 -889.9837 292.3985
f 5449 5450 5451
v 351.7978 -899.9661 292.5145
v 351.1672 -899.7280 289.2447
v 355.2213 -901.2563 292.5172
f 5452 5453 5454
v 351.7978 -899.9661 292.5145
v 350.3782 -899.4322 292.4317
v 350.3780 -899.4319 289.2448
f 5455 5456 5457
v 350.3782 -899.4322 292.4317
v 351.7978 -899.9661 292.5145
v 350.2673 -899.3900 292.5127
f 5458 5459 5460
v 351.7978 -899.9661 292.5145
v 350.3780 -899.4319 289.2448
v 351.1672 -899.7280 289.2447
f 5461 5462 5463
v 351.1672 -899.7280 289.2447
v 351.7971 -899.9649 282.7778
v 355.2206 -901.2551 282.7775
f 5464 5465 5466
v 351.7971 -899.9649 282.7778
v 351.1672 -899.7280 289.2447
v 351.1667 -899.7273 282.9259
f 5467 5468 5469
v 351.1672 -899.7280 289.2447
v 355.2206 -901.2551 282.7775
v 355.2213 -901.2563 292.5172
f 5470 5471 5472
v 350.3776 -899.4312 282.7780
v 351.7971 -899.9649 282.7778
v 351.1667 -899.7273 282.9259
f 5473 5474 5475
v 350.3776 -899.4312 282.9260
v 350.3776 -899.4312 282.7780
v 351.1667 -899.7273 282.9259
f 5476 5477 5478
v 341.6071 -896.1309 292.4086
v 340.8008 -895.8273 289.2458
v 341.6069 -896.1304 289.2457
f 5479 5480 5481
v 340.8008 -895.8273 289.2458
v 341.6071 -896.1309 292.4086
v 340.5872 -895.7471 292.5027
f 5482 5483 5484
v 340.8008 -895.8273 289.2458
v 340.5872 -895.7471 292.5027
v 337.4184 -894.5536 292.5001
f 5485 5486 5487
v 337.4178 -894.5525 282.7794
v 340.8008 -895.8273 289.2458
v 337.4184 -894.5536 292.5001
f 5488 5489 5490
v 341.6065 -896.1297 282.7789
v 341.6065 -896.1297 282.9269
v 340.8003 -895.8266 282.9270
f 5491 5492 5493
v 340.8003 -895.8266 282.9270
v 337.4178 -894.5525 282.7794
v 341.6065 -896.1297 282.7789
f 5494 5495 5496
v 337.4178 -894.5525 282.7794
v 340.8003 -895.8266 282.9270
v 340.8008 -895.8273 289.2458
f 5497 5498 5499
v 340.5872 -895.7471 292.5027
v 341.6071 -896.1309 292.4086
v 341.7470 -896.1842 292.5036
f 5500 5501 5502
v 350.0775 -900.2233 282.9259
v 345.8727 -898.6330 282.7784
v 350.0775 -900.2233 282.7779
f 5503 5504 5505
v 350.0775 -900.2233 282.9259
v 345.8727 -898.6331 282.9264
v 345.8727 -898.6330 282.7784
f 5506 5507 5508
v 345.8727 -898.6331 282.9264
v 341.3124 -896.9069 282.9268
v 341.3124 -896.9069 282.7788
f 5509 5510 5511
v 345.8727 -898.6330 282.7784
v 345.8727 -898.6331 282.9264
v 341.3124 -896.9069 282.7788
f 5512 5513 5514
v 345.8731 -898.6338 289.2452
v 350.0779 -900.2241 289.2447
v 350.0781 -900.2245 292.4316
f 5515 5516 5517
v 345.8731 -898.6338 289.2452
v 350.0781 -900.2245 292.4316
v 345.8736 -898.6346 295.5040
f 5518 5519 5520
v 345.8736 -898.6346 295.5040
v 341.3130 -896.9081 292.4085
v 345.8731 -898.6338 289.2452
f 5521 5522 5523
v 341.3130 -896.9081 292.4085
v 341.3129 -896.9076 289.2456
v 345.8731 -898.6338 289.2452
f 5524 5525 5526
v 341.6766 -883.2620 292.4094
v 348.8203 -885.9532 292.4017
v 348.8197 -885.9521 282.7800
f 5527 5528 5529
v 352.3567 -887.2897 292.4003
v 352.0348 -888.1427 282.7795
v 352.0355 -888.1439 293.0242
f 5530 5531 5532
v 339.3823 -899.5808 282.9266
v 340.8008 -895.8273 289.2458
v 340.8003 -895.8266 282.9270
f 5533 5534 5535
v 339.4102 -899.5908 282.9266
v 339.3827 -899.5814 289.2454
v 339.3823 -899.5808 282.9266
f 5536 5537 5538
v 339.2763 -899.9454 282.9265
v 339.4106 -899.5915 289.2454
v 339.4102 -899.5908 282.9266
f 5539 5540 5541
v 349.6068 -903.8530 282.9254
v 339.2767 -899.9461 289.2453
v 339.2763 -899.9454 282.9265
f 5542 5543 5544
v 351.1667 -899.7273 282.9259
v 349.6072 -903.8538 289.2442
v 349.6068 -903.8530 282.9254
f 5545 5546 5547
v 341.3124 -896.9069 282.7788
v 341.3124 -896.9069 282.9268
v 341.6065 -896.1297 282.7789
f 5548 5549 5550

g building_ID_D60749D9-667A-46C7-B8E9-8617FC0756E7
v 333.8538 -910.9788 283.0902
v 340.2662 -918.2779 283.0889
v 331.7671 -916.4721 283.0896
f 5551 5552 5553
v 339.5572 -919.3960 283.0887
v 331.7671 -916.4721 283.0896
v 339.8262 -918.6557 283.0888
f 5554 5555 5556
v 331.7671 -916.4721 283.0896
v 340.2662 -918.2779 283.0889
v 339.8262 -918.6557 283.0888
f 5557 5558 5559
v 341.7448 -913.9479 283.0894
v 340.2662 -918.2779 283.0889
v 333.8538 -910.9788 283.0902
f 5560 5561 5562
v 345.1400 -913.8310 283.0892
v 350.0760 -915.7032 283.0887
v 341.7448 -913.9479 283.0894
f 5563 5564 5565
v 348.0571 -921.2407 283.0880
v 341.7448 -913.9479 283.0894
v 350.0760 -915.7032 283.0887
f 5566 5567 5568
v 340.2662 -918.2779 283.0889
v 340.0879 -918.7514 283.0888
v 339.8262 -918.6557 283.0888
f 5569 5570 5571
v 348.0571 -921.2407 283.0880
v 340.2662 -918.2779 283.0889
v 341.7448 -913.9479 283.0894
f 5572 5573 5574
v 345.1400 -913.8310 283.0892
v 341.7448 -913.9479 283.0894
v 342.1979 -912.7592 283.0895
f 5575 5576 5577
v 339.8265 -918.6564 288.6736
v 331.7674 -916.4728 288.6744
v 339.5576 -919.3967 288.6735
f 5578 5579 5580
v 340.2666 -918.2786 288.6737
v 341.7451 -913.9486 288.6742
v 333.8542 -910.9795 288.6750
f 5581 5582 5583
v 333.8542 -910.9795 288.6750
v 331.7674 -916.4728 288.6744
v 340.2666 -918.2786 288.6737
f 5584 5585 5586
v 340.2666 -918.2786 288.6737
v 331.7674 -916.4728 288.6744
v 339.8265 -918.6564 288.6736
f 5587 5588 5589
v 348.0575 -921.2414 288.6728
v 350.0764 -915.7039 288.6735
v 341.7451 -913.9486 288.6742
f 5590 5591 5592
v 348.0575 -921.2414 288.6728
v 341.7451 -913.9486 288.6742
v 340.2666 -918.2786 288.6737
f 5593 5594 5595
v 341.7451 -913.9486 288.6742
v 345.1404 -913.8317 288.6740
v 342.1983 -912.7598 288.6743
f 5596 5597 5598
v 345.1404 -913.8317 288.6740
v 341.7451 -913.9486 288.6742
v 350.0764 -915.7039 288.6735
f 5599 5600 5601
v 340.0883 -918.7521 288.6736
v 340.2666 -918.2786 288.6737
v 339.8265 -918.6564 288.6736
f 5602 5603 5604
v 331.7671 -916.4721 283.0896
v 331.7674 -916.4728 288.6744
v 333.8542 -910.9795 288.6750
f 5605 5606 5607
v 339.5572 -919.3960 283.0887
v 339.5576 -919.3967 288.6735
v 331.7674 -916.4728 288.6744
f 5608 5609 5610
v 339.8262 -918.6557 283.0888
v 339.8265 -918.6564 288.6736
v 339.5576 -919.3967 288.6735
f 5611 5612 5613
v 340.0879 -918.7514 283.0888
v 340.0883 -918.7521 288.6736
v 339.8265 -918.6564 288.6736
f 5614 5615 5616
v 340.2662 -918.2779 283.0889
v 340.2666 -918.2786 288.6737
v 340.0883 -918.7521 288.6736
f 5617 5618 5619
v 348.0571 -921.2407 283.0880
v 348.0575 -921.2414 288.6728
v 340.2666 -918.2786 288.6737
f 5620 5621 5622
v 350.0760 -915.7032 283.0887
v 350.0764 -915.7039 288.6735
v 348.0575 -921.2414 288.6728
f 5623 5624 5625
v 345.1400 -913.8310 283.0892
v 345.1404 -913.8317 288.6740
v 350.0764 -915.7039 288.6735
f 5626 5627 5628
v 342.1979 -912.7592 283.0895
v 342.1983 -912.7598 288.6743
v 345.1404 -913.8317 288.6740
f 5629 5630 5631
v 341.7448 -913.9479 283.0894
v 341.7451 -913.9486 288.6742
v 342.1983 -912.7598 288.6743
f 5632 5633 5634
v 333.8538 -910.9788 283.0902
v 333.8542 -910.9795 288.6750
v 341.7451 -913.9486 288.6742
f 5635 5636 5637
v 331.7671 -916.4721 283.0896
v 333.8542 -910.9795 288.6750
v 333.8538 -910.9788 283.0902
f 5638 5639 5640
v 339.5572 -919.3960 283.0887
v 331.7674 -916.4728 288.6744
v 331.7671 -916.4721 283.0896
f 5641 5642 5643
v 339.8262 -918.6557 283.0888
v 339.5576 -919.3967 288.6735
v 339.5572 -919.3960 283.0887
f 5644 5645 5646
v 340.0879 -918.7514 283.0888
v 339.8265 -918.6564 288.6736
v 339.8262 -918.6557 283.0888
f 5647 5648 5649
v 340.2662 -918.2779 283.0889
v 340.0883 -918.7521 288.6736
v 340.0879 -918.7514 283.0888
f 5650 5651 5652
v 348.0571 -921.2407 283.0880
v 340.2666 -918.2786 288.6737
v 340.2662 -918.2779 283.0889
f 5653 5654 5655
v 350.0760 -915.7032 283.0887
v 348.0575 -921.2414 288.6728
v 348.0571 -921.2407 283.0880
f 5656 5657 5658
v 345.1400 -913.8310 283.0892
v 350.0764 -915.7039 288.6735
v 350.0760 -915.7032 283.0887
f 5659 5660 5661
v 342.1979 -912.7592 283.0895
v 345.1404 -913.8317 288.6740
v 345.1400 -913.8310 283.0892
f 5662 5663 5664
v 341.7448 -913.9479 283.0894
v 342.1983 -912.7598 288.6743
v 342.1979 -912.7592 283.0895
f 5665 5666 5667
v 333.8538 -910.9788 283.0902
v 341.7451 -913.9486 288.6742
v 341.7448 -913.9479 283.0894
f 5668 5669 5670

g building_ID_689C039F-E85F-44BE-8ED4-6053AC51A450
v 363.3651 -909.2509 282.7369
v 364.9603 -905.0802 282.7374
v 368.7905 -916.1773 282.7356
f 5671 5672 5673
v 361.7357 -913.5124 282.7364
v 363.3651 -909.2509 282.7369
v 368.7905 -916.1773 282.7356
f 5674 5675 5676
v 374.4467 -913.4765 282.7356
v 368.7905 -916.1773 282.7356
v 364.9603 -905.0802 282.7374
f 5677 5678 5679
v 364.9603 -905.0802 282.7374
v 376.0550 -909.2529 282.7361
v 374.4467 -913.4765 282.7356
f 5680 5681 5682
v 372.3338 -919.0268 282.7350
v 368.2910 -917.4970 282.7354
v 368.7905 -916.1773 282.7356
f 5683 5684 5685
v 372.3338 -919.0268 282.7350
v 368.7905 -916.1773 282.7356
v 374.4467 -913.4765 282.7356
f 5686 5687 5688
v 372.3344 -919.0277 290.1977
v 368.7911 -916.1783 291.0003
v 368.2915 -917.4979 290.1911
f 5689 5690 5691
v 372.3344 -919.0277 290.1977
v 374.4475 -913.4778 293.6032
v 368.7911 -916.1783 291.0003
f 5692 5693 5694
v 368.7911 -916.1783 291.0003
v 374.4475 -913.4778 293.6032
v 363.3658 -909.2521 293.6045
f 5695 5696 5697
v 363.3658 -909.2521 293.6045
v 361.7363 -913.5134 290.9881
v 368.7911 -916.1783 291.0003
f 5698 5699 5700
v 370.5082 -907.1670 290.8495
v 374.4475 -913.4778 293.6032
v 376.0556 -909.2538 290.8318
f 5701 5702 5703
v 370.5082 -907.1670 290.8495
v 364.9608 -905.0812 290.8671
v 363.3658 -909.2521 293.6045
f 5704 5705 5706
v 374.4475 -913.4778 293.6032
v 370.5082 -907.1670 290.8495
v 363.3658 -909.2521 293.6045
f 5707 5708 5709
v 368.7911 -916.1783 291.0003
v 361.7363 -913.5134 290.9881
v 361.7360 -913.5131 287.8142
f 5710 5711 5712
v 368.7905 -916.1773 282.7356
v 368.7911 -916.1783 291.0003
v 361.7357 -913.5124 282.7364
f 5713 5714 5715
v 368.7911 -916.1783 291.0003
v 368.2910 -917.4970 282.7354
v 368.2915 -917.4979 290.1911
f 5716 5717 5718
v 368.2910 -917.4970 282.7354
v 368.7911 -916.1783 291.0003
v 368.7905 -916.1773 282.7356
f 5719 5720 5721
v 372.3338 -919.0268 282.7350
v 372.3344 -919.0277 290.1977
v 368.2915 -917.4979 290.1911
f 5722 5723 5724
v 372.3338 -919.0268 282.7350
v 368.2915 -917.4979 290.1911
v 368.2910 -917.4970 282.7354
f 5725 5726 5727
v 364.9607 -905.0808 287.7452
v 364.9608 -905.0812 290.8671
v 370.5082 -907.1670 290.8495
f 5728 5729 5730
v 364.9603 -905.0802 282.7374
v 364.9607 -905.0808 287.7452
v 376.0556 -909.2538 290.8318
f 5731 5732 5733
v 364.9603 -905.0802 282.7374
v 376.0556 -909.2538 290.8318
v 376.0550 -909.2529 282.7361
f 5734 5735 5736
v 361.7360 -913.5131 287.8142
v 364.9607 -905.0808 287.7452
v 363.3651 -909.2509 282.7369
f 5737 5738 5739
v 361.7360 -913.5131 287.8142
v 363.3651 -909.2509 282.7369
v 361.7357 -913.5124 282.7364
f 5740 5741 5742
v 363.3658 -909.2521 293.6045
v 361.7360 -913.5131 287.8142
v 361.7363 -913.5134 290.9881
f 5743 5744 5745
v 364.9607 -905.0808 287.7452
v 363.3658 -909.2521 293.6045
v 364.9608 -905.0812 290.8671
f 5746 5747 5748
v 364.9603 -905.0802 282.7374
v 363.3651 -909.2509 282.7369
v 364.9607 -905.0808 287.7452
f 5749 5750 5751
v 361.7360 -913.5131 287.8142
v 363.3658 -909.2521 293.6045
v 364.9607 -905.0808 287.7452
f 5752 5753 5754
v 376.0550 -909.2529 282.7361
v 376.0556 -909.2538 290.8318
v 374.4475 -913.4778 293.6032
f 5755 5756 5757
v 374.4467 -913.4765 282.7356
v 376.0550 -909.2529 282.7361
v 374.4475 -913.4778 293.6032
f 5758 5759 5760
v 374.4467 -913.4765 282.7356
v 372.3344 -919.0277 290.1977
v 372.3338 -919.0268 282.7350
f 5761 5762 5763
v 374.4475 -913.4778 293.6032
v 372.3344 -919.0277 290.1977
v 374.4467 -913.4765 282.7356
f 5764 5765 5766
v 361.7360 -913.5131 287.8142
v 361.7357 -913.5124 282.7364
v 368.7911 -916.1783 291.0003
f 5767 5768 5769
v 364.9607 -905.0808 287.7452
v 370.5082 -907.1670 290.8495
v 376.0556 -909.2538 290.8318
f 5770 5771 5772

g building_ID_0CFF7AF7-E350-484C-B9D1-5E0F4A77C984
v 403.2560 -903.5368 282.0623
v 401.5759 -908.7902 282.0617
v 398.9952 -907.9703 282.0619
f 5773 5774 5775
v 398.9952 -907.9703 282.0619
v 400.7182 -902.7290 282.0626
v 403.2560 -903.5368 282.0623
f 5776 5777 5778
v 398.9956 -907.9709 287.2967
v 403.2564 -903.5374 287.1561
v 400.7186 -902.7296 287.1564
f 5779 5780 5781
v 403.2564 -903.5374 287.1561
v 398.9956 -907.9709 287.2967
v 401.5763 -908.7909 287.2965
f 5782 5783 5784
v 400.7182 -902.7290 282.0626
v 400.7186 -902.7296 287.1564
v 403.2564 -903.5374 287.1561
f 5785 5786 5787
v 398.9952 -907.9703 282.0619
v 398.9956 -907.9709 287.2967
v 400.7186 -902.7296 287.1564
f 5788 5789 5790
v 401.5759 -908.7902 282.0617
v 401.5763 -908.7909 287.2965
v 398.9956 -907.9709 287.2967
f 5791 5792 5793
v 403.2560 -903.5368 282.0623
v 403.2564 -903.5374 287.1561
v 401.5759 -908.7902 282.0617
f 5794 5795 5796
v 400.7182 -902.7290 282.0626
v 403.2564 -903.5374 287.1561
v 403.2560 -903.5368 282.0623
f 5797 5798 5799
v 398.9952 -907.9703 282.0619
v 400.7186 -902.7296 287.1564
v 400.7182 -902.7290 282.0626
f 5800 5801 5802
v 401.5759 -908.7902 282.0617
v 398.9956 -907.9709 287.2967
v 398.9952 -907.9703 282.0619
f 5803 5804 5805
v 403.2564 -903.5374 287.1561
v 401.5763 -908.7909 287.2965
v 401.5759 -908.7902 282.0617
f 5806 5807 5808

g building_ID_8F94F934-54CD-4CDD-8DC0-42D776A2E1D1
v 397.9955 -901.8627 282.0629
v 398.9952 -907.9703 282.0619
v 396.2715 -907.1040 282.0622
f 5809 5810 5811
v 398.9952 -907.9703 282.0619
v 397.9955 -901.8627 282.0629
v 400.7182 -902.7290 282.0626
f 5812 5813 5814
v 396.2719 -907.1046 287.2970
v 400.7186 -902.7296 287.1564
v 397.9959 -901.8633 287.1567
f 5815 5816 5817
v 398.9956 -907.9709 287.2967
v 400.7186 -902.7296 287.1564
v 396.2719 -907.1046 287.2970
f 5818 5819 5820
v 397.9959 -901.8633 287.1567
v 397.9955 -901.8627 282.0629
v 396.2715 -907.1040 282.0622
f 5821 5822 5823
v 398.9952 -907.9703 282.0619
v 398.9956 -907.9709 287.2967
v 396.2715 -907.1040 282.0622
f 5824 5825 5826
v 396.2719 -907.1046 287.2970
v 396.2715 -907.1040 282.0622
v 398.9956 -907.9709 287.2967
f 5827 5828 5829
v 400.7182 -902.7290 282.0626
v 400.7186 -902.7296 287.1564
v 398.9952 -907.9703 282.0619
f 5830 5831 5832
v 400.7186 -902.7296 287.1564
v 400.7182 -902.7290 282.0626
v 397.9959 -901.8633 287.1567
f 5833 5834 5835
v 397.9959 -901.8633 287.1567
v 400.7182 -902.7290 282.0626
v 397.9955 -901.8627 282.0629
f 5836 5837 5838
v 396.2715 -907.1040 282.0622
v 396.2719 -907.1046 287.2970
v 397.9959 -901.8633 287.1567
f 5839 5840 5841
v 400.7186 -902.7296 287.1564
v 398.9956 -907.9709 287.2967
v 398.9952 -907.9703 282.0619
f 5842 5843 5844

g building_ID_8B0C789A-CDE0-40C9-BC0B-6756E4FA1CC9
v 403.9231 -911.3354 281.9791
v 402.9931 -904.9950 281.9801
v 405.7167 -905.8963 281.9798
f 5845 5846 5847
v 402.8577 -904.7897 281.9801
v 403.0415 -904.8481 281.9801
v 402.9931 -904.9950 281.9801
f 5848 5849 5850
v 401.5245 -908.9611 281.9796
v 402.8577 -904.7897 281.9801
v 402.9931 -904.9950 281.9801
f 5851 5852 5853
v 402.9931 -904.9950 281.9801
v 403.9231 -911.3354 281.9791
v 401.6723 -909.0095 281.9796
f 5854 5855 5856
v 401.6723 -909.0095 281.9796
v 401.5245 -908.9611 281.9796
v 402.9931 -904.9950 281.9801
f 5857 5858 5859
v 403.9231 -911.3354 281.9791
v 401.2025 -910.4372 281.9794
v 401.6723 -909.0095 281.9796
f 5860 5861 5862
v 403.9235 -911.3361 287.3409
v 401.6727 -909.0101 287.3014
v 401.2029 -910.4378 287.3402
f 5863 5864 5865
v 401.6727 -909.0101 287.3014
v 402.9935 -904.9956 287.1939
v 401.5249 -908.9617 287.3014
f 5866 5867 5868
v 405.7171 -905.8969 287.1946
v 401.6727 -909.0101 287.3014
v 403.9235 -911.3361 287.3409
f 5869 5870 5871
v 402.9935 -904.9956 287.1939
v 401.6727 -909.0101 287.3014
v 405.7171 -905.8969 287.1946
f 5872 5873 5874
v 402.8580 -904.7903 287.1899
v 402.9935 -904.9956 287.1939
v 403.0418 -904.8488 287.1899
f 5875 5876 5877
v 402.9935 -904.9956 287.1939
v 402.8580 -904.7903 287.1899
v 401.5249 -908.9617 287.3014
f 5878 5879 5880
v 405.7171 -905.8969 287.1946
v 402.9931 -904.9950 281.9801
v 402.9935 -904.9956 287.1939
f 5881 5882 5883
v 405.7171 -905.8969 287.1946
v 405.7167 -905.8963 281.9798
v 402.9931 -904.9950 281.9801
f 5884 5885 5886
v 403.0415 -904.8481 281.9801
v 403.0418 -904.8488 287.1899
v 402.9931 -904.9950 281.9801
f 5887 5888 5889
v 403.0418 -904.8488 287.1899
v 402.9935 -904.9956 287.1939
v 402.9931 -904.9950 281.9801
f 5890 5891 5892
v 402.8577 -904.7897 281.9801
v 402.8580 -904.7903 287.1899
v 403.0418 -904.8488 287.1899
f 5893 5894 5895
v 402.8577 -904.7897 281.9801
v 403.0418 -904.8488 287.1899
v 403.0415 -904.8481 281.9801
f 5896 5897 5898
v 402.8580 -904.7903 287.1899
v 401.5245 -908.9611 281.9796
v 401.5249 -908.9617 287.3014
f 5899 5900 5901
v 402.8580 -904.7903 287.1899
v 402.8577 -904.7897 281.9801
v 401.5245 -908.9611 281.9796
f 5902 5903 5904
v 401.6723 -909.0095 281.9796
v 401.6727 -909.0101 287.3014
v 401.5249 -908.9617 287.3014
f 5905 5906 5907
v 401.5245 -908.9611 281.9796
v 401.6723 -909.0095 281.9796
v 401.5249 -908.9617 287.3014
f 5908 5909 5910
v 403.9235 -911.3361 287.3409
v 405.7167 -905.8963 281.9798
v 405.7171 -905.8969 287.1946
f 5911 5912 5913
v 403.9235 -911.3361 287.3409
v 403.9231 -911.3354 281.9791
v 405.7167 -905.8963 281.9798
f 5914 5915 5916
v 403.9231 -911.3354 281.9791
v 403.9235 -911.3361 287.3409
v 401.2029 -910.4378 287.3402
f 5917 5918 5919
v 401.2029 -910.4378 287.3402
v 401.2025 -910.4372 281.9794
v 403.9231 -911.3354 281.9791
f 5920 5921 5922
v 401.6727 -909.0101 287.3014
v 401.2025 -910.4372 281.9794
v 401.2029 -910.4378 287.3402
f 5923 5924 5925
v 401.2025 -910.4372 281.9794
v 401.6727 -909.0101 287.3014
v 401.6723 -909.0095 281.9796
f 5926 5927 5928

g building_ID_9F76BAF4-4F97-48AE-9601-ED6F6BFF7F51
v 420.6405 -909.2393 281.7344
v 423.4880 -910.1769 281.7340
v 419.5446 -912.5674 281.7340
f 5929 5930 5931
v 419.5446 -912.5674 281.7340
v 423.4880 -910.1769 281.7340
v 421.6732 -915.6910 281.7334
f 5932 5933 5934
v 418.8237 -914.7543 281.7337
v 419.5446 -912.5674 281.7340
v 421.6732 -915.6910 281.7334
f 5935 5936 5937
v 418.8237 -914.7543 281.7337
v 416.4564 -911.5490 281.7343
v 419.5446 -912.5674 281.7340
f 5938 5939 5940
v 415.6919 -913.9520 281.7340
v 418.8237 -914.7543 281.7337
v 418.7663 -914.9302 281.7337
f 5941 5942 5943
v 416.4564 -911.5490 281.7343
v 418.8237 -914.7543 281.7337
v 415.6919 -913.9520 281.7340
f 5944 5945 5946
v 419.5451 -912.5679 287.2668
v 418.8242 -914.7550 287.3365
v 421.6737 -915.6917 287.3372
f 5947 5948 5949
v 418.8242 -914.7550 287.3365
v 418.6209 -914.8845 287.3425
v 418.7667 -914.9308 287.3425
f 5950 5951 5952
v 419.3752 -912.5115 287.2668
v 418.6209 -914.8845 287.3425
v 418.8242 -914.7550 287.3365
f 5953 5954 5955
v 423.4884 -910.1776 287.1598
v 419.5451 -912.5679 287.2668
v 421.6737 -915.6917 287.3372
f 5956 5957 5958
v 418.8242 -914.7550 287.3365
v 419.5451 -912.5679 287.2668
v 419.3752 -912.5115 287.2668
f 5959 5960 5961
v 423.4884 -910.1776 287.1598
v 420.6410 -909.2399 287.1592
v 419.5451 -912.5679 287.2668
f 5962 5963 5964
v 420.6405 -909.2393 281.7344
v 423.4884 -910.1776 287.1598
v 423.4880 -910.1769 281.7340
f 5965 5966 5967
v 419.5451 -912.5679 287.2668
v 420.6405 -909.2393 281.7344
v 419.5446 -912.5674 281.7340
f 5968 5969 5970
v 415.6919 -913.9520 281.7340
v 415.6919 -913.9520 281.9390
v 416.4564 -911.5490 281.9393
f 5971 5972 5973
v 418.6209 -914.8845 287.3425
v 418.6204 -914.8838 281.9387
v 418.7667 -914.9308 287.3425
f 5974 5975 5976
v 418.6204 -914.8838 281.9387
v 418.7663 -914.9302 281.7337
v 418.7667 -914.9308 287.3425
f 5977 5978 5979
v 415.6919 -913.9520 281.7340
v 418.7663 -914.9302 281.7337
v 418.6204 -914.8838 281.9387
f 5980 5981 5982
v 415.6919 -913.9520 281.9390
v 415.6919 -913.9520 281.7340
v 418.6204 -914.8838 281.9387
f 5983 5984 5985
v 418.8242 -914.7550 287.3365
v 418.7663 -914.9302 281.7337
v 418.8237 -914.7543 281.7337
f 5986 5987 5988
v 418.7663 -914.9302 281.7337
v 418.8242 -914.7550 287.3365
v 418.7667 -914.9308 287.3425
f 5989 5990 5991
v 418.8237 -914.7543 281.7337
v 421.6732 -915.6910 281.7334
v 421.6737 -915.6917 287.3372
f 5992 5993 5994
v 423.4880 -910.1769 281.7340
v 423.4884 -910.1776 287.1598
v 421.6732 -915.6910 281.7334
f 5995 5996 5997
v 412.4353 -922.3023 290.9446
v 415.9083 -923.4086 290.9442
v 413.0806 -920.3461 291.7539
f 5998 5999 6000
v 418.3995 -915.5817 294.1691
v 413.0806 -920.3461 291.7539
v 415.9083 -923.4086 290.9442
f 6001 6002 6003
v 418.3995 -915.5817 294.1691
v 412.6555 -913.7533 294.1697
v 413.0806 -920.3461 291.7539
f 6004 6005 6006
v 413.0806 -920.3461 291.7539
v 412.6555 -913.7533 294.1697
v 410.7407 -919.5758 291.7631
f 6007 6008 6009
v 419.3755 -912.5120 291.1936
v 413.6806 -910.6357 291.1382
v 412.6555 -913.7533 294.1697
f 6010 6011 6012
v 412.6555 -913.7533 294.1697
v 418.3995 -915.5817 294.1691
v 419.3755 -912.5120 291.1936
f 6013 6014 6015
v 413.0806 -920.3461 291.7539
v 410.7407 -919.5758 291.7631
v 410.7399 -919.5746 281.9385
f 6016 6017 6018
v 413.0806 -920.3461 291.7539
v 410.7399 -919.5746 281.9385
v 413.0798 -920.3450 281.9383
f 6019 6020 6021
v 412.4346 -922.3012 281.9380
v 412.4353 -922.3023 290.9446
v 413.0806 -920.3461 291.7539
f 6022 6023 6024
v 415.9076 -923.4075 281.9376
v 415.9083 -923.4086 290.9442
v 412.4346 -922.3012 281.9380
f 6025 6026 6027
v 412.4353 -922.3023 290.9446
v 412.4346 -922.3012 281.9380
v 415.9083 -923.4086 290.9442
f 6028 6029 6030
v 413.0798 -920.3450 281.9383
v 412.6545 -913.7519 281.9392
v 415.6919 -913.9520 281.9390
f 6031 6032 6033
v 413.6799 -910.6346 281.9396
v 416.4564 -911.5490 281.9393
v 415.6919 -913.9520 281.9390
f 6034 6035 6036
v 412.6545 -913.7519 281.9392
v 413.6799 -910.6346 281.9396
v 415.6919 -913.9520 281.9390
f 6037 6038 6039
v 413.0798 -920.3450 281.9383
v 415.6919 -913.9520 281.9390
v 418.6204 -914.8838 281.9387
f 6040 6041 6042
v 418.6204 -914.8838 281.9387
v 415.9076 -923.4075 281.9376
v 413.0798 -920.3450 281.9383
f 6043 6044 6045
v 412.4346 -922.3012 281.9380
v 413.0798 -920.3450 281.9383
v 415.9076 -923.4075 281.9376
f 6046 6047 6048
v 413.0798 -920.3450 281.9383
v 410.7399 -919.5746 281.9385
v 412.6545 -913.7519 281.9392
f 6049 6050 6051
v 416.4564 -911.5490 281.9393
v 413.6806 -910.6357 291.1382
v 419.3752 -912.5115 287.2668
f 6052 6053 6054
v 419.3755 -912.5120 291.1936
v 419.3752 -912.5115 287.2668
v 413.6806 -910.6357 291.1382
f 6055 6056 6057
v 413.6806 -910.6357 291.1382
v 416.4564 -911.5490 281.9393
v 413.6799 -910.6346 281.9396
f 6058 6059 6060
v 416.4564 -911.5490 281.9393
v 419.5446 -912.5674 281.7340
v 416.4564 -911.5490 281.7343
f 6061 6062 6063
v 419.5451 -912.5679 287.2668
v 416.4564 -911.5490 281.9393
v 419.3752 -912.5115 287.2668
f 6064 6065 6066
v 416.4564 -911.5490 281.9393
v 419.5451 -912.5679 287.2668
v 419.5446 -912.5674 281.7340
f 6067 6068 6069
v 418.6209 -914.8845 287.3425
v 419.3755 -912.5120 291.1936
v 418.3995 -915.5817 294.1691
f 6070 6071 6072
v 419.3755 -912.5120 291.1936
v 418.6209 -914.8845 287.3425
v 419.3752 -912.5115 287.2668
f 6073 6074 6075
v 418.6209 -914.8845 287.3425
v 418.3995 -915.5817 294.1691
v 415.9083 -923.4086 290.9442
f 6076 6077 6078
v 418.6209 -914.8845 287.3425
v 415.9076 -923.4075 281.9376
v 418.6204 -914.8838 281.9387
f 6079 6080 6081
v 415.9076 -923.4075 281.9376
v 418.6209 -914.8845 287.3425
v 415.9083 -923.4086 290.9442
f 6082 6083 6084
v 412.6545 -913.7519 281.9392
v 410.7407 -919.5758 291.7631
v 412.6555 -913.7533 294.1697
f 6085 6086 6087
v 412.6545 -913.7519 281.9392
v 412.6555 -913.7533 294.1697
v 413.6799 -910.6346 281.9396
f 6088 6089 6090
v 413.6806 -910.6357 291.1382
v 413.6799 -910.6346 281.9396
v 412.6555 -913.7533 294.1697
f 6091 6092 6093
v 410.7399 -919.5746 281.9385
v 410.7407 -919.5758 291.7631
v 412.6545 -913.7519 281.9392
f 6094 6095 6096
v 423.4884 -910.1776 287.1598
v 420.6405 -909.2393 281.7344
v 420.6410 -909.2399 287.1592
f 6097 6098 6099
v 419.5451 -912.5679 287.2668
v 420.6410 -909.2399 287.1592
v 420.6405 -909.2393 281.7344
f 6100 6101 6102
v 415.6919 -913.9520 281.7340
v 416.4564 -911.5490 281.9393
v 416.4564 -911.5490 281.7343
f 6103 6104 6105
v 421.6737 -915.6917 287.3372
v 418.8242 -914.7550 287.3365
v 418.8237 -914.7543 281.7337
f 6106 6107 6108
v 423.4884 -910.1776 287.1598
v 421.6737 -915.6917 287.3372
v 421.6732 -915.6910 281.7334
f 6109 6110 6111
v 412.4346 -922.3012 281.9380
v 413.0806 -920.3461 291.7539
v 413.0798 -920.3450 281.9383
f 6112 6113 6114

g building_ID_6DD6F616-ECDF-4563-A478-F679CF5DBA17
v 407.7347 -908.0928 281.9794
v 406.4408 -912.1702 281.9789
v 406.9465 -906.3026 281.9797
f 6115 6116 6117
v 403.9231 -911.3354 281.9791
v 406.9465 -906.3026 281.9797
v 406.4408 -912.1702 281.9789
f 6118 6119 6120
v 408.1765 -906.7089 281.9795
v 407.7347 -908.0928 281.9794
v 406.9465 -906.3026 281.9797
f 6121 6122 6123
v 406.9465 -906.3026 281.9797
v 403.9231 -911.3354 281.9791
v 405.7167 -905.8963 281.9798
f 6124 6125 6126
v 403.9235 -911.3361 287.3409
v 406.9490 -906.3042 287.1945
v 405.7171 -905.8969 287.1946
f 6127 6128 6129
v 408.1769 -906.7095 287.1943
v 406.9490 -906.3042 287.1945
v 407.7351 -908.0933 287.2312
f 6130 6131 6132
v 406.5552 -911.8111 287.3317
v 406.9490 -906.3042 287.1945
v 403.9235 -911.3361 287.3409
f 6133 6134 6135
v 406.5552 -911.8111 287.3317
v 407.7351 -908.0933 287.2312
v 406.9490 -906.3042 287.1945
f 6136 6137 6138
v 403.9235 -911.3361 287.3409
v 406.4412 -912.1708 287.3407
v 406.5552 -911.8111 287.3317
f 6139 6140 6141
v 407.7351 -908.0933 287.2312
v 407.7347 -908.0928 281.9794
v 408.1769 -906.7095 287.1943
f 6142 6143 6144
v 408.1769 -906.7095 287.1943
v 407.7347 -908.0928 281.9794
v 408.1765 -906.7089 281.9795
f 6145 6146 6147
v 408.1769 -906.7095 287.1943
v 408.1765 -906.7089 281.9795
v 406.9490 -906.3042 287.1945
f 6148 6149 6150
v 405.7167 -905.8963 281.9798
v 405.7171 -905.8969 287.1946
v 406.9490 -906.3042 287.1945
f 6151 6152 6153
v 405.7167 -905.8963 281.9798
v 406.9490 -906.3042 287.1945
v 406.9465 -906.3026 281.9797
f 6154 6155 6156
v 403.9231 -911.3354 281.9791
v 403.9235 -911.3361 287.3409
v 405.7171 -905.8969 287.1946
f 6157 6158 6159
v 404.8712 -917.6409 281.9392
v 407.8211 -908.6999 281.9403
v 410.7399 -919.5746 281.9385
f 6160 6161 6162
v 413.6799 -910.6346 281.9396
v 412.6545 -913.7519 281.9392
v 407.8211 -908.6999 281.9403
f 6163 6164 6165
v 407.8211 -908.6999 281.9403
v 412.6545 -913.7519 281.9392
v 410.7399 -919.5746 281.9385
f 6166 6167 6168
v 406.6507 -912.2397 281.9398
v 406.4408 -912.1702 281.9399
v 407.8211 -908.6999 281.9403
f 6169 6170 6171
v 404.8712 -917.6409 281.9392
v 406.6507 -912.2397 281.9398
v 407.8211 -908.6999 281.9403
f 6172 6173 6174
v 407.7377 -908.0938 281.9404
v 407.9935 -908.1754 281.9403
v 407.8211 -908.6999 281.9403
f 6175 6176 6177
v 407.8211 -908.6999 281.9403
v 406.4408 -912.1702 281.9399
v 407.7377 -908.0938 281.9404
f 6178 6179 6180
v 406.4417 -912.1717 294.0224
v 406.6516 -912.2412 294.0213
v 406.5557 -911.8120 294.1704
f 6181 6182 6183
v 406.5557 -911.8120 294.1704
v 406.6516 -912.2412 294.0213
v 412.6555 -913.7533 294.1697
f 6184 6185 6186
v 405.6987 -915.1325 292.8261
v 412.6555 -913.7533 294.1697
v 406.6516 -912.2412 294.0213
f 6187 6188 6189
v 412.6555 -913.7533 294.1697
v 405.6987 -915.1325 292.8261
v 410.7407 -919.5758 291.7631
f 6190 6191 6192
v 407.8123 -918.6110 291.7765
v 405.6987 -915.1325 292.8261
v 404.8719 -917.6421 291.7888
f 6193 6194 6195
v 405.6987 -915.1325 292.8261
v 407.8123 -918.6110 291.7765
v 410.7407 -919.5758 291.7631
f 6196 6197 6198
v 407.8218 -908.7010 291.0770
v 407.7384 -908.0948 290.5671
v 406.5557 -911.8120 294.1704
f 6199 6200 6201
v 410.5614 -909.6053 291.1056
v 407.8218 -908.7010 291.0770
v 406.5557 -911.8120 294.1704
f 6202 6203 6204
v 407.9942 -908.1765 290.5670
v 407.7384 -908.0948 290.5671
v 407.8218 -908.7010 291.0770
f 6205 6206 6207
v 410.5614 -909.6053 291.1056
v 412.6555 -913.7533 294.1697
v 413.6806 -910.6357 291.1382
f 6208 6209 6210
v 410.5614 -909.6053 291.1056
v 406.5557 -911.8120 294.1704
v 412.6555 -913.7533 294.1697
f 6211 6212 6213
v 405.6987 -915.1325 292.8261
v 404.8712 -917.6409 281.9392
v 404.8719 -917.6421 291.7888
f 6214 6215 6216
v 405.6987 -915.1325 292.8261
v 406.6516 -912.2412 294.0213
v 406.6507 -912.2397 281.9398
f 6217 6218 6219
v 405.6987 -915.1325 292.8261
v 406.6507 -912.2397 281.9398
v 404.8712 -917.6409 281.9392
f 6220 6221 6222
v 410.7405 -919.5756 289.3002
v 410.7407 -919.5758 291.7631
v 407.8123 -918.6110 291.7765
f 6223 6224 6225
v 410.7399 -919.5746 281.9385
v 404.8719 -917.6421 291.7888
v 404.8712 -917.6409 281.9392
f 6226 6227 6228
v 407.9940 -908.1761 288.2831
v 407.9942 -908.1765 290.5670
v 407.8211 -908.6999 281.9403
f 6229 6230 6231
v 407.8218 -908.7010 291.0770
v 407.8211 -908.6999 281.9403
v 407.9942 -908.1765 290.5670
f 6232 6233 6234
v 407.7351 -908.0933 287.2312
v 407.7384 -908.0948 290.5671
v 407.9940 -908.1761 288.2831
f 6235 6236 6237
v 407.9935 -908.1754 281.9403
v 407.7377 -908.0938 281.9404
v 407.7347 -908.0928 281.9794
f 6238 6239 6240
v 407.7347 -908.0928 281.9794
v 407.7351 -908.0933 287.2312
v 407.9935 -908.1754 281.9403
f 6241 6242 6243
v 407.7351 -908.0933 287.2312
v 407.9940 -908.1761 288.2831
v 407.9935 -908.1754 281.9403
f 6244 6245 6246
v 410.5614 -909.6053 291.1056
v 407.8211 -908.6999 281.9403
v 407.8218 -908.7010 291.0770
f 6247 6248 6249
v 413.6806 -910.6357 291.1382
v 413.6802 -910.6352 286.5384
v 410.5614 -909.6053 291.1056
f 6250 6251 6252
v 406.6516 -912.2412 294.0213
v 406.4412 -912.1708 287.3407
v 406.6507 -912.2397 281.9398
f 6253 6254 6255
v 406.4408 -912.1702 281.9789
v 406.4412 -912.1708 287.3407
v 403.9235 -911.3361 287.3409
f 6256 6257 6258
v 406.6516 -912.2412 294.0213
v 406.4417 -912.1717 294.0224
v 406.4412 -912.1708 287.3407
f 6259 6260 6261
v 403.9235 -911.3361 287.3409
v 403.9231 -911.3354 281.9791
v 406.4408 -912.1702 281.9789
f 6262 6263 6264
v 406.4408 -912.1702 281.9789
v 406.4408 -912.1702 281.9399
v 406.6507 -912.2397 281.9398
f 6265 6266 6267
v 406.4412 -912.1708 287.3407
v 406.4408 -912.1702 281.9789
v 406.6507 -912.2397 281.9398
f 6268 6269 6270
v 413.6806 -910.6357 291.1382
v 410.7399 -919.5746 281.9385
v 413.6802 -910.6352 286.5384
f 6271 6272 6273
v 413.6802 -910.6352 286.5384
v 412.6545 -913.7519 281.9392
v 413.6799 -910.6346 281.9396
f 6274 6275 6276
v 413.6806 -910.6357 291.1382
v 412.6555 -913.7533 294.1697
v 410.7405 -919.5756 289.3002
f 6277 6278 6279
v 410.7405 -919.5756 289.3002
v 410.7399 -919.5746 281.9385
v 413.6806 -910.6357 291.1382
f 6280 6281 6282
v 410.7399 -919.5746 281.9385
v 412.6545 -913.7519 281.9392
v 413.6802 -910.6352 286.5384
f 6283 6284 6285
v 410.7407 -919.5758 291.7631
v 410.7405 -919.5756 289.3002
v 412.6555 -913.7533 294.1697
f 6286 6287 6288
v 406.4408 -912.1702 281.9399
v 407.7347 -908.0928 281.9794
v 407.7377 -908.0938 281.9404
f 6289 6290 6291
v 406.4408 -912.1702 281.9789
v 407.7347 -908.0928 281.9794
v 406.4408 -912.1702 281.9399
f 6292 6293 6294
v 407.7384 -908.0948 290.5671
v 406.5552 -911.8111 287.3317
v 406.4412 -912.1708 287.3407
f 6295 6296 6297
v 406.4417 -912.1717 294.0224
v 407.7384 -908.0948 290.5671
v 406.4412 -912.1708 287.3407
f 6298 6299 6300
v 406.5552 -911.8111 287.3317
v 407.7384 -908.0948 290.5671
v 407.7351 -908.0933 287.2312
f 6301 6302 6303
v 406.5557 -911.8120 294.1704
v 407.7384 -908.0948 290.5671
v 406.4417 -912.1717 294.0224
f 6304 6305 6306
v 406.9490 -906.3042 287.1945
v 408.1765 -906.7089 281.9795
v 406.9465 -906.3026 281.9797
f 6307 6308 6309
v 403.9231 -911.3354 281.9791
v 405.7171 -905.8969 287.1946
v 405.7167 -905.8963 281.9798
f 6310 6311 6312
v 407.8123 -918.6110 291.7765
v 404.8719 -917.6421 291.7888
v 410.7399 -919.5746 281.9385
f 6313 6314 6315
v 407.8123 -918.6110 291.7765
v 410.7399 -919.5746 281.9385
v 410.7405 -919.5756 289.3002
f 6316 6317 6318
v 407.8211 -908.6999 281.9403
v 407.9935 -908.1754 281.9403
v 407.9940 -908.1761 288.2831
f 6319 6320 6321
v 407.7384 -908.0948 290.5671
v 407.9942 -908.1765 290.5670
v 407.9940 -908.1761 288.2831
f 6322 6323 6324
v 407.8211 -908.6999 281.9403
v 410.5614 -909.6053 291.1056
v 413.6799 -910.6346 281.9396
f 6325 6326 6327
v 413.6802 -910.6352 286.5384
v 413.6799 -910.6346 281.9396
v 410.5614 -909.6053 291.1056
f 6328 6329 6330

g building_ID_0B82BCF5-83DA-43ED-B35B-6D68E5319EA2
v 385.0926 -919.0409 282.1842
v 393.9143 -912.0226 282.1847
v 392.8991 -915.1039 282.1843
f 6331 6332 6333
v 385.0926 -919.0409 282.1842
v 392.8991 -915.1039 282.1843
v 390.9654 -920.9737 282.1836
f 6334 6335 6336
v 387.0162 -913.2212 282.1849
v 388.0516 -910.0899 282.1853
v 393.9143 -912.0226 282.1847
f 6337 6338 6339
v 385.0926 -919.0409 282.1842
v 387.0162 -913.2212 282.1849
v 393.9143 -912.0226 282.1847
f 6340 6341 6342
v 387.9498 -919.9817 291.4005
v 392.9000 -915.1053 293.9808
v 387.0171 -913.2226 293.9815
f 6343 6344 6345
v 385.0933 -919.0420 291.4108
v 387.9498 -919.9817 291.4005
v 387.0171 -913.2226 293.9815
f 6346 6347 6348
v 387.9498 -919.9817 291.4005
v 390.9661 -920.9748 291.3892
v 392.9000 -915.1053 293.9808
f 6349 6350 6351
v 390.9836 -911.0579 291.0907
v 392.9000 -915.1053 293.9808
v 393.9150 -912.0238 291.1144
f 6352 6353 6354
v 392.9000 -915.1053 293.9808
v 390.9836 -911.0579 291.0907
v 387.0171 -913.2226 293.9815
f 6355 6356 6357
v 388.0523 -910.0910 291.0670
v 387.0171 -913.2226 293.9815
v 390.9836 -911.0579 291.0907
f 6358 6359 6360
v 390.9661 -920.9748 291.3892
v 385.0926 -919.0409 282.1842
v 390.9658 -920.9743 287.9294
f 6361 6362 6363
v 385.0931 -919.0416 287.8820
v 385.0926 -919.0409 282.1842
v 387.9498 -919.9817 291.4005
f 6364 6365 6366
v 393.9143 -912.0226 282.1847
v 388.0516 -910.0899 282.1853
v 388.0520 -910.0906 287.6521
f 6367 6368 6369
v 393.9150 -912.0238 291.1144
v 388.0520 -910.0906 287.6521
v 390.9836 -911.0579 291.0907
f 6370 6371 6372
v 393.9147 -912.0231 286.6495
v 393.9143 -912.0226 282.1847
v 388.0520 -910.0906 287.6521
f 6373 6374 6375
v 393.9147 -912.0231 286.6495
v 393.9150 -912.0238 291.1144
v 390.9658 -920.9743 287.9294
f 6376 6377 6378
v 392.8991 -915.1039 282.1843
v 393.9143 -912.0226 282.1847
v 393.9147 -912.0231 286.6495
f 6379 6380 6381
v 392.9000 -915.1053 293.9808
v 390.9658 -920.9743 287.9294
v 393.9150 -912.0238 291.1144
f 6382 6383 6384
v 392.8991 -915.1039 282.1843
v 393.9147 -912.0231 286.6495
v 390.9658 -920.9743 287.9294
f 6385 6386 6387
v 390.9654 -920.9737 282.1836
v 392.8991 -915.1039 282.1843
v 390.9658 -920.9743 287.9294
f 6388 6389 6390
v 390.9661 -920.9748 291.3892
v 390.9658 -920.9743 287.9294
v 392.9000 -915.1053 293.9808
f 6391 6392 6393
v 387.0171 -913.2226 293.9815
v 385.0931 -919.0416 287.8820
v 385.0933 -919.0420 291.4108
f 6394 6395 6396
v 385.0926 -919.0409 282.1842
v 385.0931 -919.0416 287.8820
v 387.0162 -913.2212 282.1849
f 6397 6398 6399
v 388.0520 -910.0906 287.6521
v 387.0171 -913.2226 293.9815
v 388.0523 -910.0910 291.0670
f 6400 6401 6402
v 388.0516 -910.0899 282.1853
v 387.0162 -913.2212 282.1849
v 388.0520 -910.0906 287.6521
f 6403 6404 6405
v 388.0520 -910.0906 287.6521
v 387.0162 -913.2212 282.1849
v 385.0931 -919.0416 287.8820
f 6406 6407 6408
v 387.0171 -913.2226 293.9815
v 388.0520 -910.0906 287.6521
v 385.0931 -919.0416 287.8820
f 6409 6410 6411
v 385.0926 -919.0409 282.1842
v 390.9661 -920.9748 291.3892
v 387.9498 -919.9817 291.4005
f 6412 6413 6414
v 390.9658 -920.9743 287.9294
v 385.0926 -919.0409 282.1842
v 390.9654 -920.9737 282.1836
f 6415 6416 6417
v 387.9498 -919.9817 291.4005
v 385.0933 -919.0420 291.4108
v 385.0931 -919.0416 287.8820
f 6418 6419 6420
v 388.0523 -910.0910 291.0670
v 390.9836 -911.0579 291.0907
v 388.0520 -910.0906 287.6521
f 6421 6422 6423
v 388.0520 -910.0906 287.6521
v 393.9150 -912.0238 291.1144
v 393.9147 -912.0231 286.6495
f 6424 6425 6426

g building_ID_CCB2C2E9-3F46-44A1-960D-DAF13C67B72A
v 392.5056 -923.5258 282.1831
v 393.1155 -921.6824 282.1833
v 396.2562 -924.7258 282.1827
f 6427 6428 6429
v 393.1155 -921.6824 282.1833
v 398.7370 -916.9725 282.1837
v 396.2562 -924.7258 282.1827
f 6430 6431 6432
v 392.8991 -915.1039 282.1843
v 393.1155 -921.6824 282.1833
v 390.9654 -920.9737 282.1836
f 6433 6434 6435
v 398.7370 -916.9725 282.1837
v 393.9143 -912.0226 282.1847
v 399.7102 -913.9332 282.1840
f 6436 6437 6438
v 398.7370 -916.9725 282.1837
v 393.1155 -921.6824 282.1833
v 393.9143 -912.0226 282.1847
f 6439 6440 6441
v 392.8991 -915.1039 282.1843
v 393.9143 -912.0226 282.1847
v 393.1155 -921.6824 282.1833
f 6442 6443 6444
v 396.2569 -924.7268 290.5654
v 397.0345 -922.2980 291.6346
v 393.1162 -921.6835 291.3799
f 6445 6446 6447
v 392.5062 -923.5268 290.5658
v 396.2569 -924.7268 290.5654
v 393.1162 -921.6835 291.3799
f 6448 6449 6450
v 393.1162 -921.6835 291.3799
v 398.7379 -916.9740 293.9802
v 392.9000 -915.1053 293.9808
f 6451 6452 6453
v 397.0345 -922.2980 291.6346
v 398.7379 -916.9740 293.9802
v 393.1162 -921.6835 291.3799
f 6454 6455 6456
v 392.9000 -915.1053 293.9808
v 390.9661 -920.9748 291.3892
v 393.1162 -921.6835 291.3799
f 6457 6458 6459
v 393.9150 -912.0238 291.1144
v 392.9000 -915.1053 293.9808
v 397.1152 -913.0783 291.1400
f 6460 6461 6462
v 397.1152 -913.0783 291.1400
v 398.7379 -916.9740 293.9802
v 399.7109 -913.9342 291.1606
f 6463 6464 6465
v 392.9000 -915.1053 293.9808
v 398.7379 -916.9740 293.9802
v 397.1152 -913.0783 291.1400
f 6466 6467 6468
v 390.9654 -920.9737 282.1836
v 393.1155 -921.6824 282.1833
v 393.1162 -921.6835 291.3799
f 6469 6470 6471
v 390.9661 -920.9748 291.3892
v 390.9657 -920.9743 286.7864
v 393.1162 -921.6835 291.3799
f 6472 6473 6474
v 393.1155 -921.6824 282.1833
v 392.5056 -923.5258 282.1831
v 392.5062 -923.5268 290.5658
f 6475 6476 6477
v 392.5062 -923.5268 290.5658
v 393.1162 -921.6835 291.3799
v 393.1155 -921.6824 282.1833
f 6478 6479 6480
v 396.2562 -924.7258 282.1827
v 396.2569 -924.7268 290.5654
v 392.5056 -923.5258 282.1831
f 6481 6482 6483
v 392.5062 -923.5268 290.5658
v 392.5056 -923.5258 282.1831
v 396.2569 -924.7268 290.5654
f 6484 6485 6486
v 393.9150 -912.0238 291.1144
v 397.1152 -913.0783 291.1400
v 393.9147 -912.0233 287.7485
f 6487 6488 6489
v 393.9143 -912.0226 282.1847
v 393.9147 -912.0233 287.7485
v 397.1152 -913.0783 291.1400
f 6490 6491 6492
v 397.1152 -913.0783 291.1400
v 399.7102 -913.9332 282.1840
v 393.9143 -912.0226 282.1847
f 6493 6494 6495
v 399.7105 -913.9337 286.6718
v 399.7102 -913.9332 282.1840
v 397.1152 -913.0783 291.1400
f 6496 6497 6498
v 393.9147 -912.0233 287.7485
v 390.9657 -920.9743 286.7864
v 390.9661 -920.9748 291.3892
f 6499 6500 6501
v 390.9654 -920.9737 282.1836
v 390.9657 -920.9743 286.7864
v 392.8991 -915.1039 282.1843
f 6502 6503 6504
v 393.9147 -912.0233 287.7485
v 392.9000 -915.1053 293.9808
v 393.9150 -912.0238 291.1144
f 6505 6506 6507
v 393.9143 -912.0226 282.1847
v 392.8991 -915.1039 282.1843
v 393.9147 -912.0233 287.7485
f 6508 6509 6510
v 393.9147 -912.0233 287.7485
v 392.8991 -915.1039 282.1843
v 390.9657 -920.9743 286.7864
f 6511 6512 6513
v 392.9000 -915.1053 293.9808
v 393.9147 -912.0233 287.7485
v 390.9661 -920.9748 291.3892
f 6514 6515 6516
v 397.0345 -922.2980 291.6346
v 398.7370 -916.9725 282.1837
v 399.7105 -913.9337 286.6718
f 6517 6518 6519
v 399.7105 -913.9337 286.6718
v 398.7370 -916.9725 282.1837
v 399.7102 -913.9332 282.1840
f 6520 6521 6522
v 397.0345 -922.2980 291.6346
v 399.7105 -913.9337 286.6718
v 399.7107 -913.9340 288.9167
f 6523 6524 6525
v 399.7107 -913.9340 288.9167
v 398.7379 -916.9740 293.9802
v 397.0345 -922.2980 291.6346
f 6526 6527 6528
v 398.7370 -916.9725 282.1837
v 397.0345 -922.2980 291.6346
v 396.2562 -924.7258 282.1827
f 6529 6530 6531
v 397.0345 -922.2980 291.6346
v 396.2569 -924.7268 290.5654
v 396.2562 -924.7258 282.1827
f 6532 6533 6534
v 398.7379 -916.9740 293.9802
v 399.7107 -913.9340 288.9167
v 399.7109 -913.9342 291.1606
f 6535 6536 6537
v 393.1162 -921.6835 291.3799
v 390.9657 -920.9743 286.7864
v 390.9654 -920.9737 282.1836
f 6538 6539 6540
v 397.1152 -913.0783 291.1400
v 399.7109 -913.9342 291.1606
v 399.7107 -913.9340 288.9167
f 6541 6542 6543
v 397.1152 -913.0783 291.1400
v 399.7107 -913.9340 288.9167
v 399.7105 -913.9337 286.6718
f 6544 6545 6546

g building_ID_40902F13-E9D6-4DEF-BC88-ECBAAB753247
v 371.8444 -957.6352 283.6502
v 365.1444 -950.1934 283.6517
v 373.5568 -949.6500 283.6513
f 6547 6548 6549
v 361.1377 -954.1966 283.6513
v 371.8444 -957.6352 283.6502
v 360.9207 -955.3100 283.6512
f 6550 6551 6552
v 365.1444 -950.1934 283.6517
v 371.8444 -957.6352 283.6502
v 361.7025 -951.3031 283.6517
f 6553 6554 6555
v 361.1377 -954.1966 283.6513
v 361.7025 -951.3031 283.6517
v 371.8444 -957.6352 283.6502
f 6556 6557 6558
v 361.7740 -951.1073 283.6518
v 365.1444 -950.1934 283.6517
v 361.7025 -951.3031 283.6517
f 6559 6560 6561
v 373.5568 -949.6500 283.6513
v 365.4644 -948.7023 283.6519
v 365.6194 -947.9817 283.6520
f 6562 6563 6564
v 361.7740 -951.1073 283.6518
v 362.3231 -949.5978 283.6520
v 365.1444 -950.1934 283.6517
f 6565 6566 6567
v 373.5568 -949.6500 283.6513
v 365.1444 -950.1934 283.6517
v 365.4644 -948.7023 283.6519
f 6568 6569 6570
v 369.5906 -948.8173 291.9144
v 373.3802 -950.4765 292.2009
v 373.5574 -949.6510 291.8950
f 6571 6572 6573
v 369.5906 -948.8173 291.9144
v 365.6199 -947.9827 291.9347
v 365.4650 -948.7033 292.2016
f 6574 6575 6576
v 373.3802 -950.4765 292.2009
v 369.5906 -948.8173 291.9144
v 365.4650 -948.7033 292.2016
f 6577 6578 6579
v 362.3237 -949.5991 293.5156
v 361.7748 -951.1087 294.8564
v 365.1451 -950.1946 293.4853
f 6580 6581 6582
v 372.7191 -953.5611 294.8554
v 365.1451 -950.1946 293.4853
v 361.7748 -951.1087 294.8564
f 6583 6584 6585
v 373.3802 -950.4765 292.2009
v 365.4650 -948.7033 292.2016
v 365.1451 -950.1946 293.4853
f 6586 6587 6588
v 372.7191 -953.5611 294.8554
v 373.3802 -950.4765 292.2009
v 365.1451 -950.1946 293.4853
f 6589 6590 6591
v 361.7032 -951.3045 294.6823
v 372.0576 -956.6449 292.2000
v 372.7191 -953.5611 294.8554
f 6592 6593 6594
v 361.1383 -954.1976 292.2010
v 372.0576 -956.6449 292.2000
v 361.7032 -951.3045 294.6823
f 6595 6596 6597
v 361.7748 -951.1087 294.8564
v 361.7032 -951.3045 294.6823
v 372.7191 -953.5611 294.8554
f 6598 6599 6600
v 371.8450 -957.6363 291.8329
v 361.1383 -954.1976 292.2010
v 360.9213 -955.3110 291.7899
f 6601 6602 6603
v 361.1383 -954.1976 292.2010
v 371.8450 -957.6363 291.8329
v 372.0576 -956.6449 292.2000
f 6604 6605 6606
v 365.6196 -947.9821 287.2759
v 365.6199 -947.9827 291.9347
v 369.5906 -948.8173 291.9144
f 6607 6608 6609
v 373.5568 -949.6500 283.6513
v 365.6194 -947.9817 283.6520
v 369.5906 -948.8173 291.9144
f 6610 6611 6612
v 365.1451 -950.1946 293.4853
v 365.1448 -950.1940 288.5535
v 362.3232 -949.5981 286.1179
f 6613 6614 6615
v 362.3231 -949.5978 283.6520
v 362.3232 -949.5981 286.1179
v 365.1448 -950.1940 288.5535
f 6616 6617 6618
v 360.9210 -955.3105 287.6990
v 360.9209 -955.3103 285.6531
v 371.8444 -957.6352 283.6502
f 6619 6620 6621
v 360.9209 -955.3103 285.6531
v 360.9207 -955.3100 283.6512
v 371.8444 -957.6352 283.6502
f 6622 6623 6624
v 365.1448 -950.1940 288.5535
v 365.4650 -948.7033 292.2016
v 365.6199 -947.9827 291.9347
f 6625 6626 6627
v 365.4650 -948.7033 292.2016
v 365.1448 -950.1940 288.5535
v 365.1451 -950.1946 293.4853
f 6628 6629 6630
v 365.1448 -950.1940 288.5535
v 365.6196 -947.9821 287.2759
v 365.1444 -950.1934 283.6517
f 6631 6632 6633
v 365.6196 -947.9821 287.2759
v 365.1448 -950.1940 288.5535
v 365.6199 -947.9827 291.9347
f 6634 6635 6636
v 365.1444 -950.1934 283.6517
v 365.6196 -947.9821 287.2759
v 365.4644 -948.7023 283.6519
f 6637 6638 6639
v 365.6194 -947.9817 283.6520
v 365.4644 -948.7023 283.6519
v 365.6196 -947.9821 287.2759
f 6640 6641 6642
v 361.7032 -951.3045 294.6823
v 361.7748 -951.1087 294.8564
v 362.3237 -949.5991 293.5156
f 6643 6644 6645
v 362.3232 -949.5981 286.1179
v 361.7032 -951.3045 294.6823
v 362.3237 -949.5991 293.5156
f 6646 6647 6648
v 361.7025 -951.3031 283.6517
v 362.3232 -949.5981 286.1179
v 361.7740 -951.1073 283.6518
f 6649 6650 6651
v 362.3231 -949.5978 283.6520
v 361.7740 -951.1073 283.6518
v 362.3232 -949.5981 286.1179
f 6652 6653 6654
v 361.7032 -951.3045 294.6823
v 362.3232 -949.5981 286.1179
v 361.7025 -951.3031 283.6517
f 6655 6656 6657
v 361.7025 -951.3031 283.6517
v 361.1377 -954.1966 283.6513
v 360.9209 -955.3103 285.6531
f 6658 6659 6660
v 360.9209 -955.3103 285.6531
v 361.1377 -954.1966 283.6513
v 360.9207 -955.3100 283.6512
f 6661 6662 6663
v 361.7025 -951.3031 283.6517
v 360.9209 -955.3103 285.6531
v 360.9210 -955.3105 287.6990
f 6664 6665 6666
v 361.7025 -951.3031 283.6517
v 360.9210 -955.3105 287.6990
v 361.1383 -954.1976 292.2010
f 6667 6668 6669
v 360.9213 -955.3110 291.7899
v 361.1383 -954.1976 292.2010
v 360.9210 -955.3105 287.6990
f 6670 6671 6672
v 361.7032 -951.3045 294.6823
v 361.7025 -951.3031 283.6517
v 361.1383 -954.1976 292.2010
f 6673 6674 6675
v 373.5572 -949.6506 289.8241
v 373.5574 -949.6510 291.8950
v 373.3802 -950.4765 292.2009
f 6676 6677 6678
v 372.0576 -956.6449 292.2000
v 373.5570 -949.6503 286.7182
v 373.5572 -949.6506 289.8241
f 6679 6680 6681
v 373.5572 -949.6506 289.8241
v 373.3802 -950.4765 292.2009
v 372.0576 -956.6449 292.2000
f 6682 6683 6684
v 371.8444 -957.6352 283.6502
v 373.5568 -949.6500 283.6513
v 373.5570 -949.6503 286.7182
f 6685 6686 6687
v 373.3802 -950.4765 292.2009
v 372.7191 -953.5611 294.8554
v 372.0576 -956.6449 292.2000
f 6688 6689 6690
v 371.8450 -957.6363 291.8329
v 371.8444 -957.6352 283.6502
v 373.5570 -949.6503 286.7182
f 6691 6692 6693
v 372.0576 -956.6449 292.2000
v 371.8450 -957.6363 291.8329
v 373.5570 -949.6503 286.7182
f 6694 6695 6696
v 365.6196 -947.9821 287.2759
v 369.5906 -948.8173 291.9144
v 365.6194 -947.9817 283.6520
f 6697 6698 6699
v 369.5906 -948.8173 291.9144
v 373.5574 -949.6510 291.8950
v 373.5572 -949.6506 289.8241
f 6700 6701 6702
v 369.5906 -948.8173 291.9144
v 373.5572 -949.6506 289.8241
v 373.5570 -949.6503 286.7182
f 6703 6704 6705
v 373.5570 -949.6503 286.7182
v 373.5568 -949.6500 283.6513
v 369.5906 -948.8173 291.9144
f 6706 6707 6708
v 365.1451 -950.1946 293.4853
v 362.3232 -949.5981 286.1179
v 362.3237 -949.5991 293.5156
f 6709 6710 6711
v 362.3231 -949.5978 283.6520
v 365.1448 -950.1940 288.5535
v 365.1444 -950.1934 283.6517
f 6712 6713 6714
v 360.9213 -955.3110 291.7899
v 371.8444 -957.6352 283.6502
v 371.8450 -957.6363 291.8329
f 6715 6716 6717
v 371.8444 -957.6352 283.6502
v 360.9213 -955.3110 291.7899
v 360.9210 -955.3105 287.6990
f 6718 6719 6720

g building_ID_2FFC00AC-0941-4D85-AABF-E31677E07B7E
v 388.1453 -957.6460 283.8392
v 388.6375 -955.3173 283.8396
v 392.9675 -954.9429 283.8393
f 6721 6722 6723
v 388.8968 -954.0880 283.8397
v 392.9675 -954.9429 283.8393
v 388.6375 -955.3173 283.8396
f 6724 6725 6726
v 397.3655 -962.3476 283.8379
v 389.3173 -962.1210 283.8384
v 388.1453 -957.6460 283.8392
f 6727 6728 6729
v 389.3173 -962.1210 283.8384
v 386.2720 -961.4809 283.8388
v 387.1308 -957.4332 283.8393
f 6730 6731 6732
v 389.8555 -962.7635 283.8383
v 389.2109 -962.6278 283.8383
v 389.3173 -962.1210 283.8384
f 6733 6734 6735
v 387.1308 -957.4332 283.8393
v 388.1453 -957.6460 283.8392
v 389.3173 -962.1210 283.8384
f 6736 6737 6738
v 389.8555 -962.7635 283.8383
v 389.3173 -962.1210 283.8384
v 397.3655 -962.3476 283.8379
f 6739 6740 6741
v 388.1453 -957.6460 283.8392
v 392.9675 -954.9429 283.8393
v 397.3655 -962.3476 283.8379
f 6742 6743 6744
v 397.3655 -962.3476 283.8379
v 392.9675 -954.9429 283.8393
v 403.4028 -955.1449 283.8386
f 6745 6746 6747
v 397.3655 -962.3476 283.8379
v 389.6428 -963.7689 283.8381
v 389.8555 -962.7635 283.8383
f 6748 6749 6750
v 403.4028 -955.1449 283.8386
v 401.6901 -963.2582 283.8374
v 397.3655 -962.3476 283.8379
f 6751 6752 6753
v 389.6428 -963.7689 283.8381
v 397.3655 -962.3476 283.8379
v 396.7498 -965.2650 283.8375
f 6754 6755 6756
v 403.4028 -955.1449 283.8386
v 392.9675 -954.9429 283.8393
v 393.3685 -953.0420 283.8396
f 6757 6758 6759
v 402.7636 -958.1787 295.8017
v 403.4035 -955.1460 292.6513
v 392.9682 -954.9442 294.5559
f 6760 6761 6762
v 403.4035 -955.1460 292.6513
v 393.3692 -953.0432 292.5812
v 392.9682 -954.9442 294.5559
f 6763 6764 6765
v 388.6384 -955.3188 295.8031
v 392.9682 -954.9442 294.5559
v 388.8975 -954.0893 294.5253
f 6766 6767 6768
v 402.7636 -958.1787 295.8017
v 392.9682 -954.9442 294.5559
v 388.6384 -955.3188 295.8031
f 6769 6770 6771
v 397.3663 -962.3489 293.5256
v 401.6908 -963.2594 293.5091
v 402.7636 -958.1787 295.8017
f 6772 6773 6774
v 389.8562 -962.7646 292.6880
v 397.3663 -962.3489 293.5256
v 389.3179 -962.1222 292.9191
f 6775 6776 6777
v 388.1460 -957.6474 294.7528
v 397.3663 -962.3489 293.5256
v 402.7636 -958.1787 295.8017
f 6778 6779 6780
v 389.8562 -962.7646 292.6880
v 389.6434 -963.7700 292.2348
v 396.7504 -965.2660 292.2092
f 6781 6782 6783
v 396.7504 -965.2660 292.2092
v 397.3663 -962.3489 293.5256
v 389.8562 -962.7646 292.6880
f 6784 6785 6786
v 397.3663 -962.3489 293.5256
v 388.1460 -957.6474 294.7528
v 389.3179 -962.1222 292.9191
f 6787 6788 6789
v 386.2727 -961.4821 292.9294
v 389.3179 -962.1222 292.9191
v 387.1316 -957.4346 294.7559
f 6790 6791 6792
v 387.1316 -957.4346 294.7559
v 389.3179 -962.1222 292.9191
v 388.1460 -957.6474 294.7528
f 6793 6794 6795
v 389.3179 -962.1222 292.9191
v 389.2115 -962.6289 292.6900
v 389.8562 -962.7646 292.6880
f 6796 6797 6798
v 388.1460 -957.6474 294.7528
v 402.7636 -958.1787 295.8017
v 388.6384 -955.3188 295.8031
f 6799 6800 6801
v 403.4035 -955.1460 292.6513
v 403.4028 -955.1449 283.8386
v 393.3692 -953.0432 292.5812
f 6802 6803 6804
v 392.9675 -954.9429 283.8393
v 393.3692 -953.0432 292.5812
v 393.3685 -953.0420 283.8396
f 6805 6806 6807
v 388.8973 -954.0889 290.5064
v 388.8975 -954.0893 294.5253
v 392.9682 -954.9442 294.5559
f 6808 6809 6810
v 392.9682 -954.9442 294.5559
v 388.8968 -954.0880 283.8397
v 388.8973 -954.0889 290.5064
f 6811 6812 6813
v 392.9675 -954.9429 283.8393
v 388.8968 -954.0880 283.8397
v 392.9682 -954.9442 294.5559
f 6814 6815 6816
v 389.8562 -962.7646 292.6880
v 389.2109 -962.6278 283.8383
v 389.8555 -962.7635 283.8383
f 6817 6818 6819
v 389.8555 -962.7635 283.8383
v 389.6434 -963.7700 292.2348
v 389.8562 -962.7646 292.6880
f 6820 6821 6822
v 389.6428 -963.7689 283.8381
v 389.6434 -963.7700 292.2348
v 389.8555 -962.7635 283.8383
f 6823 6824 6825
v 396.7498 -965.2650 283.8375
v 396.7504 -965.2660 292.2092
v 389.6428 -963.7689 283.8381
f 6826 6827 6828
v 396.7504 -965.2660 292.2092
v 389.6434 -963.7700 292.2348
v 389.6428 -963.7689 283.8381
f 6829 6830 6831
v 396.7504 -965.2660 292.2092
v 397.3655 -962.3476 283.8379
v 397.3663 -962.3489 293.5256
f 6832 6833 6834
v 397.3655 -962.3476 283.8379
v 396.7504 -965.2660 292.2092
v 396.7498 -965.2650 283.8375
f 6835 6836 6837
v 401.6901 -963.2582 283.8374
v 401.6908 -963.2594 293.5091
v 397.3655 -962.3476 283.8379
f 6838 6839 6840
v 387.1308 -957.4332 283.8393
v 387.1316 -957.4346 294.7559
v 388.1460 -957.6474 294.7528
f 6841 6842 6843
v 387.1308 -957.4332 283.8393
v 388.1460 -957.6474 294.7528
v 388.1455 -957.6465 287.9300
f 6844 6845 6846
v 387.1308 -957.4332 283.8393
v 388.1455 -957.6465 287.9300
v 388.1453 -957.6460 283.8392
f 6847 6848 6849
v 387.1308 -957.4332 283.8393
v 386.2720 -961.4809 283.8388
v 386.2727 -961.4821 292.9294
f 6850 6851 6852
v 389.3173 -962.1210 283.8384
v 389.3179 -962.1222 292.9191
v 386.2727 -961.4821 292.9294
f 6853 6854 6855
v 386.2720 -961.4809 283.8388
v 389.3173 -962.1210 283.8384
v 386.2727 -961.4821 292.9294
f 6856 6857 6858
v 389.2115 -962.6289 292.6900
v 389.3179 -962.1222 292.9191
v 389.3173 -962.1210 283.8384
f 6859 6860 6861
v 389.2109 -962.6278 283.8383
v 389.2115 -962.6289 292.6900
v 389.3173 -962.1210 283.8384
f 6862 6863 6864
v 388.1460 -957.6474 294.7528
v 388.6384 -955.3188 295.8031
v 388.8975 -954.0893 294.5253
f 6865 6866 6867
v 388.1460 -957.6474 294.7528
v 388.8973 -954.0889 290.5064
v 388.1455 -957.6465 287.9300
f 6868 6869 6870
v 388.8973 -954.0889 290.5064
v 388.1460 -957.6474 294.7528
v 388.8975 -954.0893 294.5253
f 6871 6872 6873
v 388.8968 -954.0880 283.8397
v 388.6375 -955.3173 283.8396
v 388.8973 -954.0889 290.5064
f 6874 6875 6876
v 388.1453 -957.6460 283.8392
v 388.1455 -957.6465 287.9300
v 388.6375 -955.3173 283.8396
f 6877 6878 6879
v 388.8973 -954.0889 290.5064
v 388.6375 -955.3173 283.8396
v 388.1455 -957.6465 287.9300
f 6880 6881 6882
v 402.7636 -958.1787 295.8017
v 401.6908 -963.2594 293.5091
v 403.4035 -955.1460 292.6513
f 6883 6884 6885
v 401.6908 -963.2594 293.5091
v 401.6901 -963.2582 283.8374
v 403.4028 -955.1449 283.8386
f 6886 6887 6888
v 403.4035 -955.1460 292.6513
v 401.6908 -963.2594 293.5091
v 403.4028 -955.1449 283.8386
f 6889 6890 6891
v 393.3685 -953.0420 283.8396
v 393.3692 -953.0432 292.5812
v 403.4028 -955.1449 283.8386
f 6892 6893 6894
v 393.3692 -953.0432 292.5812
v 392.9675 -954.9429 283.8393
v 392.9682 -954.9442 294.5559
f 6895 6896 6897
v 389.8562 -962.7646 292.6880
v 389.2115 -962.6289 292.6900
v 389.2109 -962.6278 283.8383
f 6898 6899 6900
v 401.6908 -963.2594 293.5091
v 397.3663 -962.3489 293.5256
v 397.3655 -962.3476 283.8379
f 6901 6902 6903
v 386.2727 -961.4821 292.9294
v 387.1316 -957.4346 294.7559
v 387.1308 -957.4332 283.8393
f 6904 6905 6906

g building_ID_F7888AE0-EF31-4075-8BFE-3F4952039DC5
v 409.1179 -981.7286 288.7670
v 415.6247 -981.3881 288.7666
v 409.3980 -987.2704 288.7661
f 6907 6908 6909
v 415.6247 -981.3881 288.7666
v 415.9060 -986.8617 288.7657
v 409.3980 -987.2704 288.7661
f 6910 6911 6912
v 416.1646 -991.9064 288.7649
v 409.6487 -992.2349 288.7653
v 415.9060 -986.8617 288.7657
f 6913 6914 6915
v 415.9060 -986.8617 288.7657
v 409.6487 -992.2349 288.7653
v 409.3980 -987.2704 288.7661
f 6916 6917 6918
v 412.3880 -981.5586 297.8465
v 409.1185 -981.7298 297.8217
v 409.3990 -987.2721 301.9116
f 6919 6920 6921
v 409.3990 -987.2721 301.9116
v 415.9070 -986.8634 301.9112
v 412.3880 -981.5586 297.8465
f 6922 6923 6924
v 412.3880 -981.5586 297.8465
v 415.9070 -986.8634 301.9112
v 415.6255 -981.3892 297.8713
f 6925 6926 6927
v 409.1183 -981.7293 294.4068
v 409.1185 -981.7298 297.8217
v 415.6247 -981.3881 288.7666
f 6928 6929 6930
v 409.1179 -981.7286 288.7670
v 409.1183 -981.7293 294.4068
v 415.6247 -981.3881 288.7666
f 6931 6932 6933
v 415.9070 -986.8634 301.9112
v 413.1289 -992.0604 298.1068
v 416.1652 -991.9077 298.0766
f 6934 6935 6936
v 409.6494 -992.2361 298.1400
v 413.1289 -992.0604 298.1068
v 409.3990 -987.2721 301.9116
f 6937 6938 6939
v 415.9070 -986.8634 301.9112
v 409.3990 -987.2721 301.9116
v 413.1289 -992.0604 298.1068
f 6940 6941 6942
v 409.6487 -992.2349 288.7653
v 416.1646 -991.9064 288.7649
v 416.1652 -991.9077 298.0766
f 6943 6944 6945
v 413.1289 -992.0604 298.1068
v 409.6487 -992.2349 288.7653
v 416.1652 -991.9077 298.0766
f 6946 6947 6948
v 409.6487 -992.2349 288.7653
v 413.1289 -992.0604 298.1068
v 409.6494 -992.2361 298.1400
f 6949 6950 6951
v 409.1183 -981.7293 294.4068
v 409.3980 -987.2704 288.7661
v 409.6487 -992.2349 288.7653
f 6952 6953 6954
v 409.3980 -987.2704 288.7661
v 409.1183 -981.7293 294.4068
v 409.1179 -981.7286 288.7670
f 6955 6956 6957
v 409.6494 -992.2361 298.1400
v 409.1185 -981.7298 297.8217
v 409.6487 -992.2349 288.7653
f 6958 6959 6960
v 409.6487 -992.2349 288.7653
v 409.1185 -981.7298 297.8217
v 409.1183 -981.7293 294.4068
f 6961 6962 6963
v 409.1185 -981.7298 297.8217
v 409.6494 -992.2361 298.1400
v 409.3990 -987.2721 301.9116
f 6964 6965 6966
v 415.6252 -981.3889 295.5954
v 415.6255 -981.3892 297.8713
v 415.9070 -986.8634 301.9112
f 6967 6968 6969
v 415.6252 -981.3889 295.5954
v 415.9060 -986.8617 288.7657
v 415.6247 -981.3881 288.7666
f 6970 6971 6972
v 416.1652 -991.9077 298.0766
v 415.6252 -981.3889 295.5954
v 415.9070 -986.8634 301.9112
f 6973 6974 6975
v 415.9060 -986.8617 288.7657
v 416.1652 -991.9077 298.0766
v 416.1646 -991.9064 288.7649
f 6976 6977 6978
v 416.1652 -991.9077 298.0766
v 415.9060 -986.8617 288.7657
v 415.6252 -981.3889 295.5954
f 6979 6980 6981
v 409.1185 -981.7298 297.8217
v 412.3880 -981.5586 297.8465
v 415.6247 -981.3881 288.7666
f 6982 6983 6984
v 415.6252 -981.3889 295.5954
v 415.6247 -981.3881 288.7666
v 412.3880 -981.5586 297.8465
f 6985 6986 6987
v 412.3880 -981.5586 297.8465
v 415.6255 -981.3892 297.8713
v 415.6252 -981.3889 295.5954
f 6988 6989 6990

g building_ID_E0E163D1-F043-4FDE-AAE9-86D0B98657E2
v 402.9162 -982.0330 289.3893
v 396.6646 -987.4863 289.3889
v 396.4033 -982.3666 289.3897
f 6991 6992 6993
v 403.1663 -987.1847 289.3885
v 396.9401 -992.8790 289.3880
v 396.6646 -987.4863 289.3889
f 6994 6995 6996
v 403.1663 -987.1847 289.3885
v 403.4120 -992.5363 289.3876
v 396.9401 -992.8790 289.3880
f 6997 6998 6999
v 402.9162 -982.0330 289.3893
v 403.1663 -987.1847 289.3885
v 396.6646 -987.4863 289.3889
f 7000 7001 7002
v 396.6656 -987.4880 302.6704
v 399.9982 -992.7183 298.6504
v 403.1673 -987.1864 302.6700
f 7003 7004 7005
v 399.9982 -992.7183 298.6504
v 403.4127 -992.5375 298.6672
v 403.1673 -987.1864 302.6700
f 7006 7007 7008
v 396.9408 -992.8802 298.6356
v 399.9982 -992.7183 298.6504
v 396.6656 -987.4880 302.6704
f 7009 7010 7011
v 399.7865 -982.1949 298.7472
v 403.1673 -987.1864 302.6700
v 402.9168 -982.0343 298.7360
f 7012 7013 7014
v 396.6656 -987.4880 302.6704
v 399.7865 -982.1949 298.7472
v 396.4040 -982.3678 298.7604
f 7015 7016 7017
v 403.1673 -987.1864 302.6700
v 399.7865 -982.1949 298.7472
v 396.6656 -987.4880 302.6704
f 7018 7019 7020
v 403.4120 -992.5363 289.3876
v 403.4124 -992.5369 294.0274
v 399.9982 -992.7183 298.6504
f 7021 7022 7023
v 403.4120 -992.5363 289.3876
v 399.9982 -992.7183 298.6504
v 396.9408 -992.8802 298.6356
f 7024 7025 7026
v 402.9165 -982.0336 294.0501
v 399.7865 -982.1949 298.7472
v 402.9167 -982.0340 296.3930
f 7027 7028 7029
v 402.9162 -982.0330 289.3893
v 396.4033 -982.3666 289.3897
v 396.4036 -982.3670 292.9036
f 7030 7031 7032
v 396.4036 -982.3670 292.9036
v 399.7865 -982.1949 298.7472
v 402.9162 -982.0330 289.3893
f 7033 7034 7035
v 402.9165 -982.0336 294.0501
v 402.9162 -982.0330 289.3893
v 399.7865 -982.1949 298.7472
f 7036 7037 7038
v 402.9167 -982.0340 296.3930
v 402.9168 -982.0343 298.7360
v 403.1673 -987.1864 302.6700
f 7039 7040 7041
v 403.4125 -992.5372 296.3473
v 402.9165 -982.0336 294.0501
v 402.9167 -982.0340 296.3930
f 7042 7043 7044
v 402.9165 -982.0336 294.0501
v 403.1663 -987.1847 289.3885
v 402.9162 -982.0330 289.3893
f 7045 7046 7047
v 402.9167 -982.0340 296.3930
v 403.1673 -987.1864 302.6700
v 403.4125 -992.5372 296.3473
f 7048 7049 7050
v 402.9165 -982.0336 294.0501
v 403.4125 -992.5372 296.3473
v 403.4124 -992.5369 294.0274
f 7051 7052 7053
v 403.1663 -987.1847 289.3885
v 402.9165 -982.0336 294.0501
v 403.4124 -992.5369 294.0274
f 7054 7055 7056
v 403.4124 -992.5369 294.0274
v 403.4120 -992.5363 289.3876
v 403.1663 -987.1847 289.3885
f 7057 7058 7059
v 403.4127 -992.5375 298.6672
v 403.4125 -992.5372 296.3473
v 403.1673 -987.1864 302.6700
f 7060 7061 7062
v 396.6646 -987.4863 289.3889
v 396.9401 -992.8790 289.3880
v 396.9408 -992.8802 298.6356
f 7063 7064 7065
v 396.6646 -987.4863 289.3889
v 396.9408 -992.8802 298.6356
v 396.4036 -982.3670 292.9036
f 7066 7067 7068
v 396.4036 -982.3670 292.9036
v 396.6656 -987.4880 302.6704
v 396.4040 -982.3678 298.7604
f 7069 7070 7071
v 396.4036 -982.3670 292.9036
v 396.4033 -982.3666 289.3897
v 396.6646 -987.4863 289.3889
f 7072 7073 7074
v 396.4036 -982.3670 292.9036
v 396.9408 -992.8802 298.6356
v 396.6656 -987.4880 302.6704
f 7075 7076 7077
v 403.4125 -992.5372 296.3473
v 403.4127 -992.5375 298.6672
v 399.9982 -992.7183 298.6504
f 7078 7079 7080
v 399.9982 -992.7183 298.6504
v 403.4124 -992.5369 294.0274
v 403.4125 -992.5372 296.3473
f 7081 7082 7083
v 403.4120 -992.5363 289.3876
v 396.9408 -992.8802 298.6356
v 396.9401 -992.8790 289.3880
f 7084 7085 7086
v 399.7865 -982.1949 298.7472
v 396.4036 -982.3670 292.9036
v 396.4040 -982.3678 298.7604
f 7087 7088 7089
v 399.7865 -982.1949 298.7472
v 402.9168 -982.0343 298.7360
v 402.9167 -982.0340 296.3930
f 7090 7091 7092

g building_ID_67BDDF23-CB67-4A22-B110-BD0984C05263
v 390.1728 -987.7879 289.3892
v 389.9115 -982.6991 289.3900
v 396.4033 -982.3666 289.3897
f 7093 7094 7095
v 390.4533 -993.2285 289.3883
v 390.1728 -987.7879 289.3892
v 396.4033 -982.3666 289.3897
f 7096 7097 7098
v 396.4033 -982.3666 289.3897
v 396.6646 -987.4863 289.3889
v 390.4533 -993.2285 289.3883
f 7099 7100 7101
v 396.6646 -987.4863 289.3889
v 396.9401 -992.8790 289.3880
v 390.4533 -993.2285 289.3883
f 7102 7103 7104
v 396.9408 -992.8802 298.6356
v 396.6656 -987.4880 302.6704
v 393.7334 -993.0525 298.6178
f 7105 7106 7107
v 390.1738 -987.7896 302.6707
v 393.7334 -993.0525 298.6178
v 396.6656 -987.4880 302.6704
f 7108 7109 7110
v 390.4539 -993.2298 298.5999
v 393.7334 -993.0525 298.6178
v 390.1738 -987.7896 302.6707
f 7111 7112 7113
v 393.9537 -982.4933 298.7695
v 396.6656 -987.4880 302.6704
v 396.4040 -982.3678 298.7604
f 7114 7115 7116
v 389.9122 -982.7004 298.7837
v 390.1738 -987.7896 302.6707
v 393.9537 -982.4933 298.7695
f 7117 7118 7119
v 396.6656 -987.4880 302.6704
v 393.9537 -982.4933 298.7695
v 390.1738 -987.7896 302.6707
f 7120 7121 7122
v 390.4533 -993.2285 289.3883
v 393.7334 -993.0525 298.6178
v 390.4536 -993.2291 293.9761
f 7123 7124 7125
v 396.9401 -992.8790 289.3880
v 396.9405 -992.8796 294.0118
v 393.7334 -993.0525 298.6178
f 7126 7127 7128
v 390.4533 -993.2285 289.3883
v 396.9401 -992.8790 289.3880
v 393.7334 -993.0525 298.6178
f 7129 7130 7131
v 390.4536 -993.2291 293.9761
v 393.7334 -993.0525 298.6178
v 390.4538 -993.2295 296.2880
f 7132 7133 7134
v 396.4033 -982.3666 289.3897
v 389.9115 -982.6991 289.3900
v 393.9537 -982.4933 298.7695
f 7135 7136 7137
v 389.9118 -982.6998 294.0868
v 393.9537 -982.4933 298.7695
v 389.9115 -982.6991 289.3900
f 7138 7139 7140
v 396.4036 -982.3670 292.8896
v 396.4033 -982.3666 289.3897
v 393.9537 -982.4933 298.7695
f 7141 7142 7143
v 396.9408 -992.8802 298.6356
v 396.4036 -982.3670 292.8896
v 396.4040 -982.3678 298.7604
f 7144 7145 7146
v 396.4036 -982.3670 292.8896
v 396.6646 -987.4863 289.3889
v 396.4033 -982.3666 289.3897
f 7147 7148 7149
v 396.4040 -982.3678 298.7604
v 396.6656 -987.4880 302.6704
v 396.9408 -992.8802 298.6356
f 7150 7151 7152
v 396.4036 -982.3670 292.8896
v 396.9408 -992.8802 298.6356
v 396.9405 -992.8796 294.0118
f 7153 7154 7155
v 396.6646 -987.4863 289.3889
v 396.4036 -982.3670 292.8896
v 396.9405 -992.8796 294.0118
f 7156 7157 7158
v 396.9405 -992.8796 294.0118
v 396.9401 -992.8790 289.3880
v 396.6646 -987.4863 289.3889
f 7159 7160 7161
v 390.4536 -993.2291 293.9761
v 389.9118 -982.6998 294.0868
v 390.1728 -987.7879 289.3892
f 7162 7163 7164
v 390.4536 -993.2291 293.9761
v 390.4538 -993.2295 296.2880
v 389.9118 -982.6998 294.0868
f 7165 7166 7167
v 390.4536 -993.2291 293.9761
v 390.1728 -987.7879 289.3892
v 390.4533 -993.2285 289.3883
f 7168 7169 7170
v 390.1738 -987.7896 302.6707
v 390.4538 -993.2295 296.2880
v 390.4539 -993.2298 298.5999
f 7171 7172 7173
v 389.9120 -982.7001 296.4357
v 390.1738 -987.7896 302.6707
v 389.9122 -982.7004 298.7837
f 7174 7175 7176
v 390.4538 -993.2295 296.2880
v 389.9120 -982.7001 296.4357
v 389.9118 -982.6998 294.0868
f 7177 7178 7179
v 389.9118 -982.6998 294.0868
v 389.9115 -982.6991 289.3900
v 390.1728 -987.7879 289.3892
f 7180 7181 7182
v 390.4538 -993.2295 296.2880
v 390.1738 -987.7896 302.6707
v 389.9120 -982.7001 296.4357
f 7183 7184 7185
v 393.7334 -993.0525 298.6178
v 396.9405 -992.8796 294.0118
v 396.9408 -992.8802 298.6356
f 7186 7187 7188
v 393.7334 -993.0525 298.6178
v 390.4539 -993.2298 298.5999
v 390.4538 -993.2295 296.2880
f 7189 7190 7191
v 389.9120 -982.7001 296.4357
v 389.9122 -982.7004 298.7837
v 393.9537 -982.4933 298.7695
f 7192 7193 7194
v 393.9537 -982.4933 298.7695
v 389.9118 -982.6998 294.0868
v 389.9120 -982.7001 296.4357
f 7195 7196 7197
v 393.9537 -982.4933 298.7695
v 396.4040 -982.3678 298.7604
v 396.4036 -982.3670 292.8896
f 7198 7199 7200

g building_ID_7EDB6BF3-0861-41BF-B1A0-9AD75D0EB026
v 299.1685 -968.7498 287.8242
v 294.0134 -967.7091 287.8246
v 294.9286 -963.1636 287.8253
f 7201 7202 7203
v 294.0134 -967.7091 287.8246
v 293.4516 -968.0125 287.8246
v 293.5327 -967.6108 287.8247
f 7204 7205 7206
v 299.0692 -969.2396 287.8242
v 293.4516 -968.0125 287.8246
v 294.0134 -967.7091 287.8246
f 7207 7208 7209
v 304.2404 -960.5875 287.8252
v 294.9286 -963.1636 287.8253
v 295.7930 -958.8659 287.8259
f 7210 7211 7212
v 294.9286 -963.1636 287.8253
v 303.3426 -965.0041 287.8246
v 299.1685 -968.7498 287.8242
f 7213 7214 7215
v 299.1685 -968.7498 287.8242
v 299.0692 -969.2396 287.8242
v 294.0134 -967.7091 287.8246
f 7216 7217 7218
v 303.3426 -965.0041 287.8246
v 302.4447 -969.4157 287.8240
v 299.1685 -968.7498 287.8242
f 7219 7220 7221
v 303.3426 -965.0041 287.8246
v 294.9286 -963.1636 287.8253
v 304.2404 -960.5875 287.8252
f 7222 7223 7224
v 300.0182 -959.7284 297.1062
v 303.3434 -965.0057 300.8041
v 304.2409 -960.5887 297.0548
f 7225 7226 7227
v 300.0182 -959.7284 297.1062
v 295.7936 -958.8671 297.1575
v 294.9293 -963.1652 300.8048
f 7228 7229 7230
v 303.3434 -965.0057 300.8041
v 300.0182 -959.7284 297.1062
v 294.9293 -963.1652 300.8048
f 7231 7232 7233
v 299.1685 -968.7498 287.8242
v 299.1691 -968.7510 296.7028
v 299.0698 -969.2407 296.2528
f 7234 7235 7236
v 295.7935 -958.8668 294.8246
v 295.7936 -958.8671 297.1575
v 300.0182 -959.7284 297.1062
f 7237 7238 7239
v 295.7933 -958.8665 292.4917
v 295.7935 -958.8668 294.8246
v 300.0182 -959.7284 297.1062
f 7240 7241 7242
v 300.0182 -959.7284 297.1062
v 295.7930 -958.8659 287.8259
v 295.7932 -958.8663 290.1588
f 7243 7244 7245
v 295.7930 -958.8659 287.8259
v 300.0182 -959.7284 297.1062
v 304.2404 -960.5875 287.8252
f 7246 7247 7248
v 293.4521 -968.0137 296.2532
v 299.0692 -969.2396 287.8242
v 299.0698 -969.2407 296.2528
f 7249 7250 7251
v 293.4516 -968.0125 287.8246
v 299.0692 -969.2396 287.8242
v 293.4521 -968.0137 296.2532
f 7252 7253 7254
v 293.5327 -967.6108 287.8247
v 293.4516 -968.0125 287.8246
v 293.4521 -968.0137 296.2532
f 7255 7256 7257
v 293.4521 -968.0137 296.2532
v 293.5332 -967.6119 296.6223
v 293.5327 -967.6108 287.8247
f 7258 7259 7260
v 299.1685 -968.7498 287.8242
v 302.4447 -969.4157 287.8240
v 302.4453 -969.4168 296.7466
f 7261 7262 7263
v 299.1691 -968.7510 296.7028
v 299.1685 -968.7498 287.8242
v 302.4453 -969.4168 296.7466
f 7264 7265 7266
v 295.7935 -958.8668 294.8246
v 294.0139 -967.7102 296.6282
v 294.9293 -963.1652 300.8048
f 7267 7268 7269
v 294.0139 -967.7102 296.6282
v 294.9286 -963.1636 287.8253
v 294.0134 -967.7091 287.8246
f 7270 7271 7272
v 295.7936 -958.8671 297.1575
v 295.7935 -958.8668 294.8246
v 294.9293 -963.1652 300.8048
f 7273 7274 7275
v 295.7933 -958.8665 292.4917
v 295.7932 -958.8663 290.1588
v 294.0139 -967.7102 296.6282
f 7276 7277 7278
v 295.7930 -958.8659 287.8259
v 294.9286 -963.1636 287.8253
v 295.7932 -958.8663 290.1588
f 7279 7280 7281
v 295.7932 -958.8663 290.1588
v 294.9286 -963.1636 287.8253
v 294.0139 -967.7102 296.6282
f 7282 7283 7284
v 295.7935 -958.8668 294.8246
v 295.7933 -958.8665 292.4917
v 294.0139 -967.7102 296.6282
f 7285 7286 7287
v 303.3426 -965.0041 287.8246
v 304.2404 -960.5875 287.8252
v 304.2407 -960.5881 292.3890
f 7288 7289 7290
v 303.3426 -965.0041 287.8246
v 304.2407 -960.5881 292.3890
v 302.4453 -969.4168 296.7466
f 7291 7292 7293
v 302.4453 -969.4168 296.7466
v 304.2409 -960.5887 297.0548
v 303.3434 -965.0057 300.8041
f 7294 7295 7296
v 303.3426 -965.0041 287.8246
v 302.4453 -969.4168 296.7466
v 302.4447 -969.4157 287.8240
f 7297 7298 7299
v 304.2409 -960.5887 297.0548
v 302.4453 -969.4168 296.7466
v 304.2407 -960.5881 292.3890
f 7300 7301 7302
v 293.5327 -967.6108 287.8247
v 294.0139 -967.7102 296.6282
v 294.0134 -967.7091 287.8246
f 7303 7304 7305
v 293.5332 -967.6119 296.6223
v 294.0139 -967.7102 296.6282
v 293.5327 -967.6108 287.8247
f 7306 7307 7308
v 294.0139 -967.7102 296.6282
v 293.5332 -967.6119 296.6223
v 293.4521 -968.0137 296.2532
f 7309 7310 7311
v 299.1691 -968.7510 296.7028
v 294.9293 -963.1652 300.8048
v 294.0139 -967.7102 296.6282
f 7312 7313 7314
v 294.0139 -967.7102 296.6282
v 293.4521 -968.0137 296.2532
v 299.0698 -969.2407 296.2528
f 7315 7316 7317
v 294.0139 -967.7102 296.6282
v 299.0698 -969.2407 296.2528
v 299.1691 -968.7510 296.7028
f 7318 7319 7320
v 303.3434 -965.0057 300.8041
v 294.9293 -963.1652 300.8048
v 299.1691 -968.7510 296.7028
f 7321 7322 7323
v 303.3434 -965.0057 300.8041
v 299.1691 -968.7510 296.7028
v 302.4453 -969.4168 296.7466
f 7324 7325 7326
v 299.1685 -968.7498 287.8242
v 299.0698 -969.2407 296.2528
v 299.0692 -969.2396 287.8242
f 7327 7328 7329
v 300.0182 -959.7284 297.1062
v 295.7932 -958.8663 290.1588
v 295.7933 -958.8665 292.4917
f 7330 7331 7332
v 300.0182 -959.7284 297.1062
v 304.2409 -960.5887 297.0548
v 304.2407 -960.5881 292.3890
f 7333 7334 7335
v 304.2407 -960.5881 292.3890
v 304.2404 -960.5875 287.8252
v 300.0182 -959.7284 297.1062
f 7336 7337 7338

g building_ID_0891CD5E-60B3-43C7-8E7E-13FD90183C20
v 334.1000 -972.9285 288.0978
v 344.9420 -975.1636 288.0969
v 333.3513 -976.5725 288.0973
f 7339 7340 7341
v 344.9420 -975.1636 288.0969
v 334.7201 -969.9152 288.0982
v 345.5671 -972.1353 288.0973
f 7342 7343 7344
v 344.9420 -975.1636 288.0969
v 344.1912 -978.8065 288.0963
v 333.3513 -976.5725 288.0973
f 7345 7346 7347
v 334.7201 -969.9152 288.0982
v 344.9420 -975.1636 288.0969
v 334.1000 -972.9285 288.0978
f 7348 7349 7350
v 344.9426 -975.1649 297.8935
v 345.5677 -972.1364 296.9130
v 334.7207 -969.9163 296.9189
f 7351 7352 7353
v 344.9426 -975.1649 297.8935
v 334.7207 -969.9163 296.9189
v 334.1007 -972.9297 297.8945
f 7354 7355 7356
v 333.3519 -976.5736 296.6300
v 344.1918 -978.8076 296.6290
v 344.9426 -975.1649 297.8935
f 7357 7358 7359
v 344.9426 -975.1649 297.8935
v 334.1007 -972.9297 297.8945
v 333.3519 -976.5736 296.6300
f 7360 7361 7362
v 345.5675 -972.1361 294.7081
v 345.5673 -972.1355 290.2972
v 334.7201 -969.9152 288.0982
f 7363 7364 7365
v 345.5675 -972.1361 294.7081
v 334.7207 -969.9163 296.9189
v 345.5677 -972.1364 296.9130
f 7366 7367 7368
v 345.5671 -972.1353 288.0973
v 334.7201 -969.9152 288.0982
v 345.5673 -972.1355 290.2972
f 7369 7370 7371
v 344.1912 -978.8065 288.0963
v 344.1918 -978.8076 296.6290
v 333.3519 -976.5736 296.6300
f 7372 7373 7374
v 334.7204 -969.9157 292.5081
v 334.1000 -972.9285 288.0978
v 333.3519 -976.5736 296.6300
f 7375 7376 7377
v 333.3519 -976.5736 296.6300
v 334.1000 -972.9285 288.0978
v 333.3513 -976.5725 288.0973
f 7378 7379 7380
v 334.7204 -969.9157 292.5081
v 333.3519 -976.5736 296.6300
v 334.1007 -972.9297 297.8945
f 7381 7382 7383
v 334.1000 -972.9285 288.0978
v 334.7204 -969.9157 292.5081
v 334.7201 -969.9152 288.0982
f 7384 7385 7386
v 334.7207 -969.9163 296.9189
v 334.7204 -969.9157 292.5081
v 334.1007 -972.9297 297.8945
f 7387 7388 7389
v 344.1918 -978.8076 296.6290
v 345.5673 -972.1355 290.2972
v 345.5675 -972.1361 294.7081
f 7390 7391 7392
v 345.5673 -972.1355 290.2972
v 344.9420 -975.1636 288.0969
v 345.5671 -972.1353 288.0973
f 7393 7394 7395
v 345.5675 -972.1361 294.7081
v 344.9426 -975.1649 297.8935
v 344.1918 -978.8076 296.6290
f 7396 7397 7398
v 344.1912 -978.8065 288.0963
v 344.9420 -975.1636 288.0969
v 344.1918 -978.8076 296.6290
f 7399 7400 7401
v 344.1918 -978.8076 296.6290
v 344.9420 -975.1636 288.0969
v 345.5673 -972.1355 290.2972
f 7402 7403 7404
v 344.9426 -975.1649 297.8935
v 345.5675 -972.1361 294.7081
v 345.5677 -972.1364 296.9130
f 7405 7406 7407
v 334.7204 -969.9157 292.5081
v 334.7207 -969.9163 296.9189
v 345.5675 -972.1361 294.7081
f 7408 7409 7410
v 345.5675 -972.1361 294.7081
v 334.7201 -969.9152 288.0982
v 334.7204 -969.9157 292.5081
f 7411 7412 7413
v 344.1912 -978.8065 288.0963
v 333.3519 -976.5736 296.6300
v 333.3513 -976.5725 288.0973
f 7414 7415 7416

g building_ID_E90BB828-43EF-4FEA-B07E-B5E10309B6F0
v 339.4587 -1008.2805 295.0127
v 344.9007 -1006.0462 295.0128
v 351.6206 -1013.4920 295.0112
f 7417 7418 7419
v 351.6206 -1013.4920 295.0112
v 344.9007 -1006.0462 295.0128
v 353.1960 -1008.8603 295.0119
f 7420 7421 7422
v 340.3581 -1002.9250 295.0135
v 345.3815 -1004.6294 295.0130
v 345.1597 -1005.2839 295.0129
f 7423 7424 7425
v 349.9334 -1018.4515 295.0105
v 338.8993 -1009.9020 295.0125
v 351.6206 -1013.4920 295.0112
f 7426 7427 7428
v 337.7765 -1013.2100 295.0120
v 338.8993 -1009.9020 295.0125
v 349.9334 -1018.4515 295.0105
f 7429 7430 7431
v 338.8993 -1009.9020 295.0125
v 339.1039 -1009.3106 295.0125
v 351.6206 -1013.4920 295.0112
f 7432 7433 7434
v 339.1039 -1009.3106 295.0125
v 339.4587 -1008.2805 295.0127
v 351.6206 -1013.4920 295.0112
f 7435 7436 7437
v 349.9334 -1018.4515 295.0105
v 337.4308 -1014.2310 295.0119
v 337.7765 -1013.2100 295.0120
f 7438 7439 7440
v 337.7765 -1013.2100 295.0120
v 337.0092 -1012.9509 295.0121
v 338.1161 -1009.6379 295.0125
f 7441 7442 7443
v 338.8993 -1009.9020 295.0125
v 337.7765 -1013.2100 295.0120
v 338.1161 -1009.6379 295.0125
f 7444 7445 7446
v 344.9007 -1006.0462 295.0128
v 340.3581 -1002.9250 295.0135
v 345.1597 -1005.2839 295.0129
f 7447 7448 7449
v 340.1313 -1003.6053 295.0134
v 340.3581 -1002.9250 295.0135
v 344.9007 -1006.0462 295.0128
f 7450 7451 7452
v 340.1313 -1003.6053 295.0134
v 339.4587 -1008.2805 295.0127
v 338.6625 -1008.0034 295.0128
f 7453 7454 7455
v 339.4587 -1008.2805 295.0127
v 340.1313 -1003.6053 295.0134
v 344.9007 -1006.0462 295.0128
f 7456 7457 7458
v 337.7772 -1013.2114 305.1846
v 338.9002 -1009.9037 307.8420
v 337.0099 -1012.9522 305.1867
f 7459 7460 7461
v 338.9002 -1009.9037 307.8420
v 338.1169 -1009.6396 307.8440
v 337.0099 -1012.9522 305.1867
f 7462 7463 7464
v 337.7772 -1013.2114 305.1846
v 337.4314 -1014.2323 304.3645
v 349.9340 -1018.4527 304.3311
f 7465 7466 7467
v 339.1048 -1009.3124 308.3180
v 338.9002 -1009.9037 307.8420
v 351.6216 -1013.4939 308.3167
f 7468 7469 7470
v 349.9340 -1018.4527 304.3311
v 338.9002 -1009.9037 307.8420
v 337.7772 -1013.2114 305.1846
f 7471 7472 7473
v 349.9340 -1018.4527 304.3311
v 351.6216 -1013.4939 308.3167
v 338.9002 -1009.9037 307.8420
f 7474 7475 7476
v 351.6216 -1013.4939 308.3167
v 339.4595 -1008.2822 307.4362
v 339.1048 -1009.3124 308.3180
f 7477 7478 7479
v 338.6633 -1008.0050 307.4273
v 344.9012 -1006.0473 304.3244
v 340.1318 -1003.6065 303.6731
f 7480 7481 7482
v 344.9012 -1006.0473 304.3244
v 338.6633 -1008.0050 307.4273
v 339.4595 -1008.2822 307.4362
f 7483 7484 7485
v 353.1967 -1008.8616 304.3565
v 351.1226 -1008.1580 304.3477
v 351.6216 -1013.4939 308.3167
f 7486 7487 7488
v 339.4595 -1008.2822 307.4362
v 351.1226 -1008.1580 304.3477
v 344.9012 -1006.0473 304.3244
f 7489 7490 7491
v 340.1318 -1003.6065 303.6731
v 344.9012 -1006.0473 304.3244
v 345.1602 -1005.2850 303.6726
f 7492 7493 7494
v 339.4595 -1008.2822 307.4362
v 351.6216 -1013.4939 308.3167
v 351.1226 -1008.1580 304.3477
f 7495 7496 7497
v 342.8683 -1003.7778 303.3529
v 345.1602 -1005.2850 303.6726
v 345.3820 -1004.6305 303.3577
f 7498 7499 7500
v 345.1602 -1005.2850 303.6726
v 342.8683 -1003.7778 303.3529
v 340.1318 -1003.6065 303.6731
f 7501 7502 7503
v 340.3586 -1002.9261 303.3472
v 340.1318 -1003.6065 303.6731
v 342.8683 -1003.7778 303.3529
f 7504 7505 7506
v 337.7772 -1013.2114 305.1846
v 337.0092 -1012.9509 295.0121
v 337.7765 -1013.2100 295.0120
f 7507 7508 7509
v 337.4308 -1014.2310 295.0119
v 337.7772 -1013.2114 305.1846
v 337.7765 -1013.2100 295.0120
f 7510 7511 7512
v 349.9340 -1018.4527 304.3311
v 337.4314 -1014.2323 304.3645
v 337.4308 -1014.2310 295.0119
f 7513 7514 7515
v 349.9340 -1018.4527 304.3311
v 337.4308 -1014.2310 295.0119
v 349.9334 -1018.4515 295.0105
f 7516 7517 7518
v 338.1161 -1009.6379 295.0125
v 338.1169 -1009.6396 307.8440
v 338.9002 -1009.9037 307.8420
f 7519 7520 7521
v 338.1161 -1009.6379 295.0125
v 338.9002 -1009.9037 307.8420
v 338.8993 -1009.9020 295.0125
f 7522 7523 7524
v 337.0092 -1012.9509 295.0121
v 337.0099 -1012.9522 305.1867
v 338.1169 -1009.6396 307.8440
f 7525 7526 7527
v 339.4589 -1008.2809 298.1186
v 339.4595 -1008.2822 307.4362
v 338.6633 -1008.0050 307.4273
f 7528 7529 7530
v 339.4589 -1008.2809 298.1186
v 338.6633 -1008.0050 307.4273
v 338.6629 -1008.0042 301.2156
f 7531 7532 7533
v 339.4589 -1008.2809 298.1186
v 338.6627 -1008.0038 298.1097
v 338.6625 -1008.0034 295.0128
f 7534 7535 7536
v 339.4587 -1008.2805 295.0127
v 339.4589 -1008.2809 298.1186
v 338.6625 -1008.0034 295.0128
f 7537 7538 7539
v 344.9012 -1006.0473 304.3244
v 351.1226 -1008.1580 304.3477
v 344.9011 -1006.0470 301.9885
f 7540 7541 7542
v 353.1964 -1008.8610 299.6837
v 353.1960 -1008.8603 295.0119
v 351.1226 -1008.1580 304.3477
f 7543 7544 7545
v 344.9007 -1006.0462 295.0128
v 351.1226 -1008.1580 304.3477
v 353.1960 -1008.8603 295.0119
f 7546 7547 7548
v 340.3586 -1002.9261 303.3472
v 342.8683 -1003.7778 303.3529
v 340.3585 -1002.9257 301.2613
f 7549 7550 7551
v 340.3581 -1002.9250 295.0135
v 340.3584 -1002.9255 299.1743
v 342.8683 -1003.7778 303.3529
f 7552 7553 7554
v 345.3820 -1004.6305 303.3577
v 345.3816 -1004.6297 297.0989
v 342.8683 -1003.7778 303.3529
f 7555 7556 7557
v 345.3815 -1004.6294 295.0130
v 340.3581 -1002.9250 295.0135
v 345.3816 -1004.6297 297.0989
f 7558 7559 7560
v 342.8683 -1003.7778 303.3529
v 345.3816 -1004.6297 297.0989
v 340.3581 -1002.9250 295.0135
f 7561 7562 7563
v 353.1967 -1008.8616 304.3565
v 351.6216 -1013.4939 308.3167
v 353.1964 -1008.8610 299.6837
f 7564 7565 7566
v 349.9340 -1018.4527 304.3311
v 353.1960 -1008.8603 295.0119
v 353.1964 -1008.8610 299.6837
f 7567 7568 7569
v 349.9340 -1018.4527 304.3311
v 353.1964 -1008.8610 299.6837
v 351.6216 -1013.4939 308.3167
f 7570 7571 7572
v 349.9334 -1018.4515 295.0105
v 351.6206 -1013.4920 295.0112
v 349.9340 -1018.4527 304.3311
f 7573 7574 7575
v 349.9340 -1018.4527 304.3311
v 351.6206 -1013.4920 295.0112
v 353.1960 -1008.8603 295.0119
f 7576 7577 7578
v 339.4595 -1008.2822 307.4362
v 339.4589 -1008.2809 298.1186
v 338.8993 -1009.9020 295.0125
f 7579 7580 7581
v 338.8993 -1009.9020 295.0125
v 339.4589 -1008.2809 298.1186
v 339.1039 -1009.3106 295.0125
f 7582 7583 7584
v 339.4587 -1008.2805 295.0127
v 339.1039 -1009.3106 295.0125
v 339.4589 -1008.2809 298.1186
f 7585 7586 7587
v 339.4595 -1008.2822 307.4362
v 338.9002 -1009.9037 307.8420
v 339.1048 -1009.3124 308.3180
f 7588 7589 7590
v 338.9002 -1009.9037 307.8420
v 339.4595 -1008.2822 307.4362
v 338.8993 -1009.9020 295.0125
f 7591 7592 7593
v 344.9007 -1006.0462 295.0128
v 345.3816 -1004.6297 297.0989
v 345.3820 -1004.6305 303.3577
f 7594 7595 7596
v 345.3816 -1004.6297 297.0989
v 345.1597 -1005.2839 295.0129
v 345.3815 -1004.6294 295.0130
f 7597 7598 7599
v 345.3816 -1004.6297 297.0989
v 344.9007 -1006.0462 295.0128
v 345.1597 -1005.2839 295.0129
f 7600 7601 7602
v 344.9011 -1006.0470 301.9885
v 345.1602 -1005.2850 303.6726
v 344.9012 -1006.0473 304.3244
f 7603 7604 7605
v 344.9011 -1006.0470 301.9885
v 345.3820 -1004.6305 303.3577
v 345.1602 -1005.2850 303.6726
f 7606 7607 7608
v 344.9007 -1006.0462 295.0128
v 345.3820 -1004.6305 303.3577
v 344.9011 -1006.0470 301.9885
f 7609 7610 7611
v 338.6629 -1008.0042 301.2156
v 338.6633 -1008.0050 307.4273
v 340.1318 -1003.6065 303.6731
f 7612 7613 7614
v 340.3584 -1002.9255 299.1743
v 338.6627 -1008.0038 298.1097
v 338.6629 -1008.0042 301.2156
f 7615 7616 7617
v 340.3585 -1002.9257 301.2613
v 338.6629 -1008.0042 301.2156
v 340.1318 -1003.6065 303.6731
f 7618 7619 7620
v 340.3584 -1002.9255 299.1743
v 340.1313 -1003.6053 295.0134
v 338.6627 -1008.0038 298.1097
f 7621 7622 7623
v 340.3585 -1002.9257 301.2613
v 340.3584 -1002.9255 299.1743
v 338.6629 -1008.0042 301.2156
f 7624 7625 7626
v 338.6627 -1008.0038 298.1097
v 340.1313 -1003.6053 295.0134
v 338.6625 -1008.0034 295.0128
f 7627 7628 7629
v 340.3581 -1002.9250 295.0135
v 340.1313 -1003.6053 295.0134
v 340.3584 -1002.9255 299.1743
f 7630 7631 7632
v 340.3586 -1002.9261 303.3472
v 340.3585 -1002.9257 301.2613
v 340.1318 -1003.6065 303.6731
f 7633 7634 7635
v 337.0092 -1012.9509 295.0121
v 337.7772 -1013.2114 305.1846
v 337.0099 -1012.9522 305.1867
f 7636 7637 7638
v 337.4308 -1014.2310 295.0119
v 337.4314 -1014.2323 304.3645
v 337.7772 -1013.2114 305.1846
f 7639 7640 7641
v 337.0092 -1012.9509 295.0121
v 338.1169 -1009.6396 307.8440
v 338.1161 -1009.6379 295.0125
f 7642 7643 7644
v 339.4589 -1008.2809 298.1186
v 338.6629 -1008.0042 301.2156
v 338.6627 -1008.0038 298.1097
f 7645 7646 7647
v 351.1226 -1008.1580 304.3477
v 344.9007 -1006.0462 295.0128
v 344.9011 -1006.0470 301.9885
f 7648 7649 7650
v 351.1226 -1008.1580 304.3477
v 353.1967 -1008.8616 304.3565
v 353.1964 -1008.8610 299.6837
f 7651 7652 7653
v 342.8683 -1003.7778 303.3529
v 340.3584 -1002.9255 299.1743
v 340.3585 -1002.9257 301.2613
f 7654 7655 7656

g building_ID_5795B87B-2C0C-44B2-ABBE-ABE7EEB09621
v 360.2611 -1021.1634 296.5364
v 356.7643 -1019.9800 296.5368
v 358.4638 -1014.9416 296.5375
f 7657 7658 7659
v 360.1331 -1009.9921 296.5382
v 360.2611 -1021.1634 296.5364
v 358.4638 -1014.9416 296.5375
f 7660 7661 7662
v 360.2611 -1021.1634 296.5364
v 360.1331 -1009.9921 296.5382
v 364.6216 -1017.2201 296.5368
f 7663 7664 7665
v 366.0722 -1012.9260 296.5374
v 364.6216 -1017.2201 296.5368
v 360.1331 -1009.9921 296.5382
f 7666 7667 7668
v 360.1331 -1009.9921 296.5382
v 366.3534 -1012.0917 296.5375
v 366.0722 -1012.9260 296.5374
f 7669 7670 7671
v 364.6216 -1017.2201 296.5368
v 363.8858 -1019.4001 296.5365
v 360.2611 -1021.1634 296.5364
f 7672 7673 7674
v 360.2611 -1021.1634 296.5364
v 363.8858 -1019.4001 296.5365
v 362.9816 -1022.0837 296.5361
f 7675 7676 7677
v 366.0728 -1012.9273 306.4710
v 363.2439 -1011.0427 305.9215
v 364.6225 -1017.2218 309.6423
f 7678 7679 7680
v 363.2439 -1011.0427 305.9215
v 366.0728 -1012.9273 306.4710
v 366.3540 -1012.0930 305.8552
f 7681 7682 7683
v 363.2439 -1011.0427 305.9215
v 360.1337 -1009.9934 305.9879
v 358.4647 -1014.9433 309.6430
f 7684 7685 7686
v 364.6225 -1017.2218 309.6423
v 363.2439 -1011.0427 305.9215
v 358.4647 -1014.9433 309.6430
f 7687 7688 7689
v 363.8563 -1019.4916 307.9021
v 358.4647 -1014.9433 309.6430
v 359.8741 -1021.0336 305.8471
f 7690 7691 7692
v 356.7650 -1019.9812 305.7805
v 359.8741 -1021.0336 305.8471
v 358.4647 -1014.9433 309.6430
f 7693 7694 7695
v 363.7807 -1019.7163 307.7300
v 359.8741 -1021.0336 305.8471
v 362.9823 -1022.0850 305.9137
f 7696 7697 7698
v 363.8563 -1019.4916 307.9021
v 364.6225 -1017.2218 309.6423
v 358.4647 -1014.9433 309.6430
f 7699 7700 7701
v 363.7807 -1019.7163 307.7300
v 363.8563 -1019.4916 307.9021
v 359.8741 -1021.0336 305.8471
f 7702 7703 7704
v 360.1331 -1009.9921 296.5382
v 360.1334 -1009.9928 301.2630
v 363.2439 -1011.0427 305.9215
f 7705 7706 7707
v 360.1331 -1009.9921 296.5382
v 363.2439 -1011.0427 305.9215
v 366.3534 -1012.0917 296.5375
f 7708 7709 7710
v 360.2611 -1021.1634 296.5364
v 362.9816 -1022.0837 296.5361
v 359.8741 -1021.0336 305.8471
f 7711 7712 7713
v 356.7647 -1019.9808 302.2636
v 356.7643 -1019.9800 296.5368
v 359.8741 -1021.0336 305.8471
f 7714 7715 7716
v 360.2611 -1021.1634 296.5364
v 359.8741 -1021.0336 305.8471
v 356.7643 -1019.9800 296.5368
f 7717 7718 7719
v 363.8556 -1019.4901 296.9315
v 366.6846 -1020.4297 305.0699
v 365.2699 -1019.9599 305.0340
f 7720 7721 7722
v 363.8556 -1019.4901 296.9315
v 366.6841 -1020.4286 296.9312
v 366.6843 -1020.4290 299.9831
f 7723 7724 7725
v 371.7300 -1014.8552 296.9318
v 371.7306 -1014.8563 305.0645
v 368.8876 -1013.8966 296.9321
f 7726 7727 7728
v 371.8399 -1014.5275 296.9318
v 371.8404 -1014.5286 304.8305
v 371.7300 -1014.8552 296.9318
f 7729 7730 7731
v 371.8404 -1014.5286 304.8305
v 371.8399 -1014.5275 296.9318
v 371.7785 -1014.5055 304.8305
f 7732 7733 7734
v 371.7785 -1014.5055 304.8305
v 371.8399 -1014.5275 296.9318
v 371.7779 -1014.5043 296.9318
f 7735 7736 7737
v 371.7779 -1014.5043 296.9318
v 371.8399 -1014.5275 296.9318
v 371.6802 -1014.7951 296.9318
f 7738 7739 7740
v 371.7300 -1014.8552 296.9318
v 371.6802 -1014.7951 296.9318
v 371.8399 -1014.5275 296.9318
f 7741 7742 7743
v 371.6802 -1014.7951 296.9318
v 371.7300 -1014.8552 296.9318
v 368.8876 -1013.8966 296.9321
f 7744 7745 7746
v 364.6217 -1017.2202 296.9318
v 366.6841 -1020.4286 296.9312
v 363.8556 -1019.4901 296.9315
f 7747 7748 7749
v 364.6217 -1017.2202 296.9318
v 366.0722 -1012.9260 296.9324
v 367.7728 -1017.2006 296.9316
f 7750 7751 7752
v 368.8977 -1013.8676 296.9321
v 368.8876 -1013.8966 296.9321
v 366.0722 -1012.9260 296.9324
f 7753 7754 7755
v 366.0722 -1012.9260 296.9324
v 368.8876 -1013.8966 296.9321
v 367.7728 -1017.2006 296.9316
f 7756 7757 7758
v 371.6802 -1014.7951 296.9318
v 368.8876 -1013.8966 296.9321
v 368.8977 -1013.8676 296.9321
f 7759 7760 7761
v 366.6841 -1020.4286 296.9312
v 364.6217 -1017.2202 296.9318
v 367.7728 -1017.2006 296.9316
f 7762 7763 7764
v 367.7734 -1017.2021 307.4852
v 365.2699 -1019.9599 305.0340
v 366.6846 -1020.4297 305.0699
f 7765 7766 7767
v 365.2699 -1019.9599 305.0340
v 367.7734 -1017.2021 307.4852
v 364.9783 -1016.1685 307.4855
f 7768 7769 7770
v 365.2699 -1019.9599 305.0340
v 364.6224 -1017.2215 306.6974
v 363.8562 -1019.4911 304.9992
f 7771 7772 7773
v 364.9783 -1016.1685 307.4855
v 364.6224 -1017.2215 306.6974
v 365.2699 -1019.9599 305.0340
f 7774 7775 7776
v 364.9783 -1016.1685 307.4855
v 368.8881 -1013.8977 305.1238
v 366.0728 -1012.9271 305.1691
f 7777 7778 7779
v 367.7734 -1017.2021 307.4852
v 368.8881 -1013.8977 305.1238
v 364.9783 -1016.1685 307.4855
f 7780 7781 7782
v 366.0728 -1012.9271 305.1691
v 368.8881 -1013.8977 305.1238
v 368.8982 -1013.8687 305.1028
f 7783 7784 7785
v 368.8982 -1013.8687 305.1028
v 368.8881 -1013.8977 305.1238
v 371.6807 -1014.7961 305.0385
f 7786 7787 7788
v 371.7306 -1014.8563 305.0645
v 371.6807 -1014.7961 305.0385
v 368.8881 -1013.8977 305.1238
f 7789 7790 7791
v 371.7306 -1014.8563 305.0645
v 371.8404 -1014.5286 304.8305
v 371.6807 -1014.7961 305.0385
f 7792 7793 7794
v 371.7785 -1014.5055 304.8305
v 371.6807 -1014.7961 305.0385
v 371.8404 -1014.5286 304.8305
f 7795 7796 7797
v 356.7647 -1019.9808 302.2636
v 356.7650 -1019.9812 305.7805
v 358.4647 -1014.9433 309.6430
f 7798 7799 7800
v 356.7647 -1019.9808 302.2636
v 358.4638 -1014.9416 296.5375
v 356.7643 -1019.9800 296.5368
f 7801 7802 7803
v 356.7647 -1019.9808 302.2636
v 358.4647 -1014.9433 309.6430
v 360.1337 -1009.9934 305.9879
f 7804 7805 7806
v 356.7647 -1019.9808 302.2636
v 360.1337 -1009.9934 305.9879
v 360.1334 -1009.9928 301.2630
f 7807 7808 7809
v 358.4638 -1014.9416 296.5375
v 356.7647 -1019.9808 302.2636
v 360.1334 -1009.9928 301.2630
f 7810 7811 7812
v 360.1334 -1009.9928 301.2630
v 360.1331 -1009.9921 296.5382
v 358.4638 -1014.9416 296.5375
f 7813 7814 7815
v 366.6845 -1020.4295 303.0350
v 368.8881 -1013.8977 305.1238
v 367.7734 -1017.2021 307.4852
f 7816 7817 7818
v 368.8881 -1013.8977 305.1238
v 367.7728 -1017.2006 296.9316
v 368.8876 -1013.8966 296.9321
f 7819 7820 7821
v 366.6846 -1020.4297 305.0699
v 366.6845 -1020.4295 303.0350
v 367.7734 -1017.2021 307.4852
f 7822 7823 7824
v 368.8881 -1013.8977 305.1238
v 366.6843 -1020.4290 299.9831
v 367.7728 -1017.2006 296.9316
f 7825 7826 7827
v 366.6841 -1020.4286 296.9312
v 367.7728 -1017.2006 296.9316
v 366.6843 -1020.4290 299.9831
f 7828 7829 7830
v 366.6845 -1020.4295 303.0350
v 366.6843 -1020.4290 299.9831
v 368.8881 -1013.8977 305.1238
f 7831 7832 7833
v 366.0722 -1012.9260 296.9324
v 366.0728 -1012.9271 305.1691
v 368.8982 -1013.8687 305.1028
f 7834 7835 7836
v 368.8982 -1013.8687 305.1028
v 368.8977 -1013.8676 296.9321
v 366.0722 -1012.9260 296.9324
f 7837 7838 7839
v 368.8977 -1013.8676 296.9321
v 368.8982 -1013.8687 305.1028
v 371.6802 -1014.7951 296.9318
f 7840 7841 7842
v 371.6802 -1014.7951 296.9318
v 368.8982 -1013.8687 305.1028
v 371.6807 -1014.7961 305.0385
f 7843 7844 7845
v 366.3540 -1012.0930 305.8552
v 366.0728 -1012.9273 306.4710
v 366.0728 -1012.9271 305.1691
f 7846 7847 7848
v 364.6225 -1017.2218 309.6423
v 364.9783 -1016.1685 307.4855
v 366.0728 -1012.9273 306.4710
f 7849 7850 7851
v 364.6224 -1017.2215 306.6974
v 363.8563 -1019.4916 307.9021
v 363.7807 -1019.7163 307.7300
f 7852 7853 7854
v 366.0728 -1012.9271 305.1691
v 366.0728 -1012.9273 306.4710
v 364.9783 -1016.1685 307.4855
f 7855 7856 7857
v 364.6224 -1017.2215 306.6974
v 364.9783 -1016.1685 307.4855
v 364.6225 -1017.2218 309.6423
f 7858 7859 7860
v 363.8563 -1019.4916 307.9021
v 364.6224 -1017.2215 306.6974
v 364.6225 -1017.2218 309.6423
f 7861 7862 7863
v 366.3540 -1012.0930 305.8552
v 366.0728 -1012.9271 305.1691
v 366.3534 -1012.0917 296.5375
f 7864 7865 7866
v 366.0722 -1012.9260 296.9324
v 366.0722 -1012.9260 296.5374
v 366.3534 -1012.0917 296.5375
f 7867 7868 7869
v 366.3534 -1012.0917 296.5375
v 366.0728 -1012.9271 305.1691
v 366.0722 -1012.9260 296.9324
f 7870 7871 7872
v 366.0722 -1012.9260 296.5374
v 366.0722 -1012.9260 296.9324
v 364.6217 -1017.2202 296.9318
f 7873 7874 7875
v 363.7807 -1019.7163 307.7300
v 363.8562 -1019.4911 304.9992
v 364.6224 -1017.2215 306.6974
f 7876 7877 7878
v 363.7807 -1019.7163 307.7300
v 362.9823 -1022.0850 305.9137
v 363.8562 -1019.4911 304.9992
f 7879 7880 7881
v 363.8562 -1019.4911 304.9992
v 362.9816 -1022.0837 296.5361
v 363.8556 -1019.4901 296.9315
f 7882 7883 7884
v 362.9823 -1022.0850 305.9137
v 362.9816 -1022.0837 296.5361
v 363.8562 -1019.4911 304.9992
f 7885 7886 7887
v 363.8556 -1019.4901 296.9315
v 364.6216 -1017.2201 296.5368
v 364.6217 -1017.2202 296.9318
f 7888 7889 7890
v 366.0722 -1012.9260 296.5374
v 364.6217 -1017.2202 296.9318
v 364.6216 -1017.2201 296.5368
f 7891 7892 7893
v 363.8858 -1019.4001 296.5365
v 363.8556 -1019.4901 296.9315
v 362.9816 -1022.0837 296.5361
f 7894 7895 7896
v 364.6216 -1017.2201 296.5368
v 363.8556 -1019.4901 296.9315
v 363.8858 -1019.4001 296.5365
f 7897 7898 7899
v 363.2439 -1011.0427 305.9215
v 360.1334 -1009.9928 301.2630
v 360.1337 -1009.9934 305.9879
f 7900 7901 7902
v 363.2439 -1011.0427 305.9215
v 366.3540 -1012.0930 305.8552
v 366.3534 -1012.0917 296.5375
f 7903 7904 7905
v 359.8741 -1021.0336 305.8471
v 362.9816 -1022.0837 296.5361
v 362.9823 -1022.0850 305.9137
f 7906 7907 7908
v 359.8741 -1021.0336 305.8471
v 356.7650 -1019.9812 305.7805
v 356.7647 -1019.9808 302.2636
f 7909 7910 7911
v 366.6845 -1020.4295 303.0350
v 366.6846 -1020.4297 305.0699
v 363.8556 -1019.4901 296.9315
f 7912 7913 7914
v 363.8556 -1019.4901 296.9315
v 366.6843 -1020.4290 299.9831
v 366.6845 -1020.4295 303.0350
f 7915 7916 7917
v 363.8562 -1019.4911 304.9992
v 363.8556 -1019.4901 296.9315
v 365.2699 -1019.9599 305.0340
f 7918 7919 7920
v 371.7306 -1014.8563 305.0645
v 368.8881 -1013.8977 305.1238
v 368.8876 -1013.8966 296.9321
f 7921 7922 7923
v 371.8404 -1014.5286 304.8305
v 371.7306 -1014.8563 305.0645
v 371.7300 -1014.8552 296.9318
f 7924 7925 7926
v 371.6802 -1014.7951 296.9318
v 371.6807 -1014.7961 305.0385
v 371.7779 -1014.5043 296.9318
f 7927 7928 7929
v 371.7779 -1014.5043 296.9318
v 371.6807 -1014.7961 305.0385
v 371.7785 -1014.5055 304.8305
f 7930 7931 7932

g building_ID_44D0F826-2DDC-40CD-B0C8-148D89994FF6
v 368.6088 -1023.9319 297.8194
v 371.5832 -1022.6009 297.8194
v 374.8310 -1026.0286 297.8187
f 7933 7934 7935
v 376.4611 -1021.1700 297.8194
v 374.8310 -1026.0286 297.8187
v 371.5832 -1022.6009 297.8194
f 7936 7937 7938
v 372.8816 -1019.0904 297.8199
v 376.4611 -1021.1700 297.8194
v 371.5832 -1022.6009 297.8194
f 7939 7940 7941
v 374.2415 -1015.4150 297.8205
v 378.1858 -1016.0266 297.8201
v 372.8816 -1019.0904 297.8199
f 7942 7943 7944
v 378.1858 -1016.0266 297.8201
v 376.4611 -1021.1700 297.8194
v 372.8816 -1019.0904 297.8199
f 7945 7946 7947
v 371.9705 -1013.9319 297.8209
v 378.1858 -1016.0266 297.8201
v 371.8399 -1014.5276 297.8208
f 7948 7949 7950
v 378.1858 -1016.0266 297.8201
v 374.2415 -1015.4150 297.8205
v 371.8399 -1014.5276 297.8208
f 7951 7952 7953
v 371.8399 -1014.5276 297.8208
v 371.6671 -1014.8341 297.8208
v 371.9705 -1013.9319 297.8209
f 7954 7955 7956
v 371.8399 -1014.5276 297.8208
v 371.7301 -1014.8554 297.8208
v 371.6671 -1014.8341 297.8208
f 7957 7958 7959
v 368.6088 -1023.9319 297.8194
v 369.3365 -1021.7698 297.8197
v 371.5832 -1022.6009 297.8194
f 7960 7961 7962
v 369.4764 -1021.3568 309.1323
v 368.6094 -1023.9332 307.0361
v 371.7206 -1024.9815 307.1097
f 7963 7964 7965
v 369.4764 -1021.3568 309.1323
v 371.7206 -1024.9815 307.1097
v 370.3041 -1018.8943 311.1357
f 7966 7967 7968
v 371.7206 -1024.9815 307.1097
v 374.8317 -1026.0299 307.1834
v 376.4621 -1021.1718 311.1349
f 7969 7970 7971
v 370.3041 -1018.8943 311.1357
v 371.7206 -1024.9815 307.1097
v 376.4621 -1021.1718 311.1349
f 7972 7973 7974
v 371.6808 -1014.7965 307.5834
v 370.3041 -1018.8943 311.1357
v 376.4621 -1021.1718 311.1349
f 7975 7976 7977
v 371.9712 -1013.9332 306.8355
v 371.6808 -1014.7965 307.5834
v 376.4621 -1021.1718 311.1349
f 7978 7979 7980
v 376.4621 -1021.1718 311.1349
v 378.1865 -1016.0278 306.6768
v 371.9712 -1013.9332 306.8355
f 7981 7982 7983
v 368.6088 -1023.9319 297.8194
v 374.8310 -1026.0286 297.8187
v 371.7206 -1024.9815 307.1097
f 7984 7985 7986
v 374.8315 -1026.0295 304.8425
v 374.8317 -1026.0299 307.1834
v 371.7206 -1024.9815 307.1097
f 7987 7988 7989
v 374.8310 -1026.0286 297.8187
v 374.8314 -1026.0292 302.5016
v 371.7206 -1024.9815 307.1097
f 7990 7991 7992
v 371.9705 -1013.9319 297.8209
v 371.9712 -1013.9332 306.8355
v 378.1858 -1016.0266 297.8201
f 7993 7994 7995
v 378.1862 -1016.0272 302.1690
v 378.1858 -1016.0266 297.8201
v 371.9712 -1013.9332 306.8355
f 7996 7997 7998
v 371.7300 -1014.8552 296.9318
v 374.2414 -1015.4150 296.9315
v 372.8816 -1019.0902 296.9310
f 7999 8000 8001
v 374.2414 -1015.4150 296.9315
v 371.7300 -1014.8552 296.9318
v 371.8399 -1014.5275 296.9318
f 8002 8003 8004
v 371.7300 -1014.8552 296.9318
v 367.7728 -1017.2006 296.9316
v 368.8876 -1013.8966 296.9321
f 8005 8006 8007
v 367.7728 -1017.2006 296.9316
v 371.7300 -1014.8552 296.9318
v 372.8816 -1019.0902 296.9310
f 8008 8009 8010
v 369.3365 -1021.7697 296.9308
v 369.4755 -1021.3551 296.9308
v 371.5832 -1022.6008 296.9305
f 8011 8012 8013
v 372.8816 -1019.0902 296.9310
v 369.4755 -1021.3551 296.9308
v 367.7728 -1017.2006 296.9316
f 8014 8015 8016
v 369.4755 -1021.3551 296.9308
v 366.6841 -1020.4286 296.9312
v 367.7728 -1017.2006 296.9316
f 8017 8018 8019
v 371.5832 -1022.6008 296.9305
v 369.4755 -1021.3551 296.9308
v 372.8816 -1019.0902 296.9310
f 8020 8021 8022
v 369.4755 -1021.3551 296.9308
v 366.6845 -1020.4294 302.2770
v 366.6841 -1020.4286 296.9312
f 8023 8024 8025
v 367.7734 -1017.2021 307.4852
v 369.4762 -1021.3563 305.1405
v 370.5297 -1018.2214 307.4849
f 8026 8027 8028
v 366.6846 -1020.4297 305.0699
v 369.4762 -1021.3563 305.1405
v 367.7734 -1017.2021 307.4852
f 8029 8030 8031
v 371.6676 -1014.8352 305.0655
v 368.8881 -1013.8977 305.1238
v 367.7734 -1017.2021 307.4852
f 8032 8033 8034
v 367.7734 -1017.2021 307.4852
v 370.5297 -1018.2214 307.4849
v 371.6676 -1014.8352 305.0655
f 8035 8036 8037
v 371.5832 -1022.6008 296.9305
v 371.5832 -1022.6009 297.8194
v 369.3365 -1021.7697 296.9308
f 8038 8039 8040
v 371.8399 -1014.5275 296.9318
v 371.8399 -1014.5276 297.8208
v 374.2415 -1015.4150 297.8205
f 8041 8042 8043
v 371.7300 -1014.8552 296.9318
v 371.7301 -1014.8554 297.8208
v 371.8399 -1014.5276 297.8208
f 8044 8045 8046
v 371.6671 -1014.8341 297.8208
v 368.8876 -1013.8966 296.9321
v 368.8881 -1013.8977 305.1238
f 8047 8048 8049
v 371.6676 -1014.8352 305.0655
v 371.6671 -1014.8341 297.8208
v 368.8881 -1013.8977 305.1238
f 8050 8051 8052
v 371.7300 -1014.8552 296.9318
v 371.6671 -1014.8341 297.8208
v 371.7301 -1014.8554 297.8208
f 8053 8054 8055
v 368.8876 -1013.8966 296.9321
v 371.6671 -1014.8341 297.8208
v 371.7300 -1014.8552 296.9318
f 8056 8057 8058
v 374.8314 -1026.0292 302.5016
v 378.1862 -1016.0272 302.1690
v 378.1865 -1016.0278 306.6768
f 8059 8060 8061
v 378.1862 -1016.0272 302.1690
v 376.4611 -1021.1700 297.8194
v 378.1858 -1016.0266 297.8201
f 8062 8063 8064
v 374.8315 -1026.0295 304.8425
v 378.1865 -1016.0278 306.6768
v 376.4621 -1021.1718 311.1349
f 8065 8066 8067
v 378.1862 -1016.0272 302.1690
v 374.8314 -1026.0292 302.5016
v 376.4611 -1021.1700 297.8194
f 8068 8069 8070
v 374.8315 -1026.0295 304.8425
v 374.8314 -1026.0292 302.5016
v 378.1865 -1016.0278 306.6768
f 8071 8072 8073
v 374.8314 -1026.0292 302.5016
v 374.8310 -1026.0286 297.8187
v 376.4611 -1021.1700 297.8194
f 8074 8075 8076
v 374.8317 -1026.0299 307.1834
v 374.8315 -1026.0295 304.8425
v 376.4621 -1021.1718 311.1349
f 8077 8078 8079
v 366.6845 -1020.4294 302.2770
v 367.7728 -1017.2006 296.9316
v 366.6841 -1020.4286 296.9312
f 8080 8081 8082
v 367.7728 -1017.2006 296.9316
v 366.6845 -1020.4294 302.2770
v 368.8881 -1013.8977 305.1238
f 8083 8084 8085
v 366.6845 -1020.4294 302.2770
v 366.6846 -1020.4297 305.0699
v 367.7734 -1017.2021 307.4852
f 8086 8087 8088
v 367.7728 -1017.2006 296.9316
v 368.8881 -1013.8977 305.1238
v 368.8876 -1013.8966 296.9321
f 8089 8090 8091
v 367.7734 -1017.2021 307.4852
v 368.8881 -1013.8977 305.1238
v 366.6845 -1020.4294 302.2770
f 8092 8093 8094
v 374.2414 -1015.4150 296.9315
v 374.2415 -1015.4150 297.8205
v 372.8816 -1019.0904 297.8199
f 8095 8096 8097
v 372.8816 -1019.0902 296.9310
v 374.2414 -1015.4150 296.9315
v 372.8816 -1019.0904 297.8199
f 8098 8099 8100
v 371.5832 -1022.6008 296.9305
v 372.8816 -1019.0902 296.9310
v 371.5832 -1022.6009 297.8194
f 8101 8102 8103
v 372.8816 -1019.0904 297.8199
v 371.5832 -1022.6009 297.8194
v 372.8816 -1019.0902 296.9310
f 8104 8105 8106
v 370.3041 -1018.8943 311.1357
v 369.4762 -1021.3563 305.1405
v 369.4764 -1021.3568 309.1323
f 8107 8108 8109
v 368.6094 -1023.9332 307.0361
v 369.4764 -1021.3568 309.1323
v 369.4762 -1021.3563 305.1405
f 8110 8111 8112
v 370.3041 -1018.8943 311.1357
v 370.5297 -1018.2214 307.4849
v 369.4762 -1021.3563 305.1405
f 8113 8114 8115
v 370.3041 -1018.8943 311.1357
v 371.6808 -1014.7965 307.5834
v 370.5297 -1018.2214 307.4849
f 8116 8117 8118
v 371.6808 -1014.7965 307.5834
v 371.6676 -1014.8352 305.0655
v 370.5297 -1018.2214 307.4849
f 8119 8120 8121
v 369.4762 -1021.3563 305.1405
v 368.6088 -1023.9319 297.8194
v 368.6094 -1023.9332 307.0361
f 8122 8123 8124
v 371.9712 -1013.9332 306.8355
v 371.6671 -1014.8341 297.8208
v 371.6676 -1014.8352 305.0655
f 8125 8126 8127
v 371.9712 -1013.9332 306.8355
v 371.9705 -1013.9319 297.8209
v 371.6671 -1014.8341 297.8208
f 8128 8129 8130
v 369.3365 -1021.7697 296.9308
v 369.3365 -1021.7698 297.8197
v 369.4755 -1021.3551 296.9308
f 8131 8132 8133
v 369.4762 -1021.3563 305.1405
v 369.4755 -1021.3551 296.9308
v 369.3365 -1021.7698 297.8197
f 8134 8135 8136
v 368.6088 -1023.9319 297.8194
v 369.4762 -1021.3563 305.1405
v 369.3365 -1021.7698 297.8197
f 8137 8138 8139
v 371.9712 -1013.9332 306.8355
v 371.6676 -1014.8352 305.0655
v 371.6808 -1014.7965 307.5834
f 8140 8141 8142
v 371.7206 -1024.9815 307.1097
v 374.8314 -1026.0292 302.5016
v 374.8315 -1026.0295 304.8425
f 8143 8144 8145
v 368.6094 -1023.9332 307.0361
v 368.6088 -1023.9319 297.8194
v 371.7206 -1024.9815 307.1097
f 8146 8147 8148
v 378.1862 -1016.0272 302.1690
v 371.9712 -1013.9332 306.8355
v 378.1865 -1016.0278 306.6768
f 8149 8150 8151
v 369.4762 -1021.3563 305.1405
v 366.6846 -1020.4297 305.0699
v 369.4755 -1021.3551 296.9308
f 8152 8153 8154
v 366.6845 -1020.4294 302.2770
v 369.4755 -1021.3551 296.9308
v 366.6846 -1020.4297 305.0699
f 8155 8156 8157
v 371.5832 -1022.6009 297.8194
v 369.3365 -1021.7698 297.8197
v 369.3365 -1021.7697 296.9308
f 8158 8159 8160
v 371.8399 -1014.5275 296.9318
v 374.2415 -1015.4150 297.8205
v 374.2414 -1015.4150 296.9315
f 8161 8162 8163
v 371.7300 -1014.8552 296.9318
v 371.8399 -1014.5276 297.8208
v 371.8399 -1014.5275 296.9318
f 8164 8165 8166

g building_ID_EDB8ACEF-CBFF-4EA2-89A9-B284633B9EA3
v 382.7468 -998.7161 291.5229
v 383.0758 -998.6900 291.5228
v 383.3025 -1001.8076 291.5223
f 8167 8168 8169
v 382.7468 -998.7161 291.5229
v 383.3025 -1001.8076 291.5223
v 374.3046 -1002.5294 291.5228
f 8170 8171 8172
v 382.5592 -996.3326 291.5232
v 382.7468 -998.7161 291.5229
v 374.3046 -1002.5294 291.5228
f 8173 8174 8175
v 376.9763 -991.4448 291.5243
v 382.1384 -990.9926 291.5241
v 382.5592 -996.3326 291.5232
f 8176 8177 8178
v 382.5592 -996.3326 291.5232
v 377.0545 -992.5009 291.5242
v 376.9763 -991.4448 291.5243
f 8179 8180 8181
v 373.9584 -998.1536 291.5235
v 377.0545 -992.5009 291.5242
v 382.5592 -996.3326 291.5232
f 8182 8183 8184
v 373.9584 -998.1536 291.5235
v 382.5592 -996.3326 291.5232
v 374.3046 -1002.5294 291.5228
f 8185 8186 8187
v 372.8704 -997.0357 291.5237
v 372.5406 -992.8438 291.5244
v 377.0545 -992.5009 291.5242
f 8188 8189 8190
v 372.8704 -997.0357 291.5237
v 373.9584 -998.1536 291.5235
v 372.9651 -998.2329 291.5235
f 8191 8192 8193
v 373.9584 -998.1536 291.5235
v 372.8704 -997.0357 291.5237
v 377.0545 -992.5009 291.5242
f 8194 8195 8196
v 377.0551 -992.5021 300.4289
v 372.5412 -992.8450 300.4421
v 372.8713 -997.0373 304.0043
f 8197 8198 8199
v 372.8713 -997.0373 304.0043
v 382.5601 -996.3343 304.0037
v 377.0551 -992.5021 300.4289
f 8200 8201 8202
v 377.0551 -992.5021 300.4289
v 382.5601 -996.3343 304.0037
v 382.1391 -990.9936 299.4648
f 8203 8204 8205
v 377.0551 -992.5021 300.4289
v 382.1391 -990.9936 299.4648
v 376.9769 -991.4458 299.5310
f 8206 8207 8208
v 373.9592 -998.1551 303.1431
v 372.8713 -997.0373 304.0043
v 372.9660 -998.2344 303.1381
f 8209 8210 8211
v 382.5601 -996.3343 304.0037
v 372.8713 -997.0373 304.0043
v 373.9592 -998.1551 303.1431
f 8212 8213 8214
v 373.9592 -998.1551 303.1431
v 374.3052 -1002.5306 299.9765
v 378.8041 -1002.1697 300.0012
f 8215 8216 8217
v 382.5601 -996.3343 304.0037
v 373.9592 -998.1551 303.1431
v 378.8041 -1002.1697 300.0012
f 8218 8219 8220
v 378.8041 -1002.1697 300.0012
v 383.3031 -1001.8087 300.0260
v 382.7475 -998.7176 302.2795
f 8221 8222 8223
v 382.7475 -998.7176 302.2795
v 382.5601 -996.3343 304.0037
v 378.8041 -1002.1697 300.0012
f 8224 8225 8226
v 382.7475 -998.7176 302.2795
v 383.3031 -1001.8087 300.0260
v 383.0766 -998.6914 302.2804
f 8227 8228 8229
v 376.9769 -991.4458 299.5310
v 376.9763 -991.4448 291.5243
v 377.0545 -992.5009 291.5242
f 8230 8231 8232
v 372.5409 -992.8444 295.9833
v 372.5412 -992.8450 300.4421
v 377.0551 -992.5021 300.4289
f 8233 8234 8235
v 372.5406 -992.8438 291.5244
v 372.5409 -992.8444 295.9833
v 377.0545 -992.5009 291.5242
f 8236 8237 8238
v 372.5409 -992.8444 295.9833
v 377.0551 -992.5021 300.4289
v 377.0545 -992.5009 291.5242
f 8239 8240 8241
v 376.9763 -991.4448 291.5243
v 376.9769 -991.4458 299.5310
v 382.1391 -990.9936 299.4648
f 8242 8243 8244
v 373.9584 -998.1536 291.5235
v 374.3046 -1002.5294 291.5228
v 374.3052 -1002.5306 299.9765
f 8245 8246 8247
v 383.3025 -1001.8076 291.5223
v 378.8041 -1002.1697 300.0012
v 374.3046 -1002.5294 291.5228
f 8248 8249 8250
v 383.0758 -998.6900 291.5228
v 383.0766 -998.6914 302.2804
v 383.3025 -1001.8076 291.5223
f 8251 8252 8253
v 382.7468 -998.7161 291.5229
v 382.7471 -998.7168 296.9007
v 383.0758 -998.6900 291.5228
f 8254 8255 8256
v 372.9654 -998.2333 294.4234
v 373.9584 -998.1536 291.5235
v 372.9658 -998.2341 300.2332
f 8257 8258 8259
v 372.9658 -998.2341 300.2332
v 373.9592 -998.1551 303.1431
v 372.9660 -998.2344 303.1381
f 8260 8261 8262
v 373.9584 -998.1536 291.5235
v 372.9654 -998.2333 294.4234
v 372.9651 -998.2329 291.5235
f 8263 8264 8265
v 372.8713 -997.0373 304.0043
v 372.9658 -998.2341 300.2332
v 372.9660 -998.2344 303.1381
f 8266 8267 8268
v 372.5412 -992.8450 300.4421
v 372.9658 -998.2341 300.2332
v 372.8713 -997.0373 304.0043
f 8269 8270 8271
v 372.9658 -998.2341 300.2332
v 372.5412 -992.8450 300.4421
v 372.9654 -998.2333 294.4234
f 8272 8273 8274
v 372.5409 -992.8444 295.9833
v 372.9654 -998.2333 294.4234
v 372.5412 -992.8450 300.4421
f 8275 8276 8277
v 372.9654 -998.2333 294.4234
v 372.5409 -992.8444 295.9833
v 372.8704 -997.0357 291.5237
f 8278 8279 8280
v 372.8704 -997.0357 291.5237
v 372.9651 -998.2329 291.5235
v 372.9654 -998.2333 294.4234
f 8281 8282 8283
v 372.5409 -992.8444 295.9833
v 372.5406 -992.8438 291.5244
v 372.8704 -997.0357 291.5237
f 8284 8285 8286
v 382.1391 -990.9936 299.4648
v 382.7475 -998.7176 302.2795
v 382.1384 -990.9926 291.5241
f 8287 8288 8289
v 382.7471 -998.7168 296.9007
v 382.5592 -996.3326 291.5232
v 382.1384 -990.9926 291.5241
f 8290 8291 8292
v 382.1391 -990.9936 299.4648
v 382.5601 -996.3343 304.0037
v 382.7475 -998.7176 302.2795
f 8293 8294 8295
v 382.5592 -996.3326 291.5232
v 382.7471 -998.7168 296.9007
v 382.7468 -998.7161 291.5229
f 8296 8297 8298
v 382.7471 -998.7168 296.9007
v 382.1384 -990.9926 291.5241
v 382.7475 -998.7176 302.2795
f 8299 8300 8301
v 376.9769 -991.4458 299.5310
v 377.0545 -992.5009 291.5242
v 377.0551 -992.5021 300.4289
f 8302 8303 8304
v 382.1391 -990.9936 299.4648
v 382.1384 -990.9926 291.5241
v 376.9763 -991.4448 291.5243
f 8305 8306 8307
v 374.3052 -1002.5306 299.9765
v 373.9592 -998.1551 303.1431
v 373.9584 -998.1536 291.5235
f 8308 8309 8310
v 383.3025 -1001.8076 291.5223
v 383.3031 -1001.8087 300.0260
v 378.8041 -1002.1697 300.0012
f 8311 8312 8313
v 378.8041 -1002.1697 300.0012
v 374.3052 -1002.5306 299.9765
v 374.3046 -1002.5294 291.5228
f 8314 8315 8316
v 383.0766 -998.6914 302.2804
v 383.3031 -1001.8087 300.0260
v 383.3025 -1001.8076 291.5223
f 8317 8318 8319
v 383.0758 -998.6900 291.5228
v 382.7471 -998.7168 296.9007
v 382.7475 -998.7176 302.2795
f 8320 8321 8322
v 382.7475 -998.7176 302.2795
v 383.0766 -998.6914 302.2804
v 383.0758 -998.6900 291.5228
f 8323 8324 8325
v 372.9658 -998.2341 300.2332
v 373.9584 -998.1536 291.5235
v 373.9592 -998.1551 303.1431
f 8326 8327 8328

g building_ID_A2940D47-D4EB-42FA-AB24-C3425588A6FF
v 397.9809 -1025.0031 301.6183
v 397.2428 -1027.6482 301.6180
v 397.1189 -1027.6078 301.6180
f 8329 8330 8331
v 399.5985 -1025.5425 301.6182
v 396.2990 -1030.5686 301.6176
v 397.2428 -1027.6482 301.6180
f 8332 8333 8334
v 398.8037 -1031.4163 301.6173
v 396.2990 -1030.5686 301.6176
v 399.5985 -1025.5425 301.6182
f 8335 8336 8337
v 399.5985 -1025.5425 301.6182
v 399.7586 -1028.4609 301.6177
v 398.8037 -1031.4163 301.6173
f 8338 8339 8340
v 400.5936 -1025.8752 301.6180
v 399.7586 -1028.4609 301.6177
v 399.5985 -1025.5425 301.6182
f 8341 8342 8343
v 397.9809 -1025.0031 301.6183
v 399.5985 -1025.5425 301.6182
v 397.2428 -1027.6482 301.6180
f 8344 8345 8346
v 400.5941 -1025.8760 308.0447
v 397.9814 -1025.0040 308.0180
v 397.1197 -1027.6091 310.8436
f 8347 8348 8349
v 399.7594 -1028.4621 310.8433
v 400.5941 -1025.8760 308.0447
v 397.1197 -1027.6091 310.8436
f 8350 8351 8352
v 399.5985 -1025.5425 301.6182
v 397.9814 -1025.0040 308.0180
v 400.5938 -1025.8756 304.8309
f 8353 8354 8355
v 400.5938 -1025.8756 304.8309
v 400.5936 -1025.8752 301.6180
v 399.5985 -1025.5425 301.6182
f 8356 8357 8358
v 397.9809 -1025.0031 301.6183
v 397.9814 -1025.0040 308.0180
v 399.5985 -1025.5425 301.6182
f 8359 8360 8361
v 397.1188 -1027.6075 299.1351
v 397.2427 -1027.6478 299.1351
v 396.1610 -1030.5219 299.1347
f 8362 8363 8364
v 396.2988 -1030.5682 299.1347
v 396.1610 -1030.5219 299.1347
v 397.2427 -1027.6478 299.1351
f 8365 8366 8367
v 396.1610 -1030.5219 299.1347
v 395.7114 -1031.8557 299.1345
v 387.2790 -1029.0291 299.1355
f 8368 8369 8370
v 396.1610 -1030.5219 299.1347
v 387.2790 -1029.0291 299.1355
v 397.1188 -1027.6075 299.1351
f 8371 8372 8373
v 389.0472 -1023.7459 299.1362
v 398.0281 -1024.8599 299.1355
v 397.1188 -1027.6075 299.1351
f 8374 8375 8376
v 399.2178 -1021.2502 299.1360
v 394.5285 -1020.2696 299.1364
v 394.7008 -1019.7450 299.1365
f 8377 8378 8379
v 394.5285 -1020.2696 299.1364
v 399.2178 -1021.2502 299.1360
v 398.0281 -1024.8599 299.1355
f 8380 8381 8382
v 389.0472 -1023.7459 299.1362
v 394.5285 -1020.2696 299.1364
v 398.0281 -1024.8599 299.1355
f 8383 8384 8385
v 387.2790 -1029.0291 299.1355
v 389.0472 -1023.7459 299.1362
v 397.1188 -1027.6075 299.1351
f 8386 8387 8388
v 387.7835 -1023.2584 299.1364
v 389.0472 -1023.7459 299.1362
v 387.7643 -1023.3175 299.1363
f 8389 8390 8391
v 387.9579 -1022.7360 299.1364
v 389.0472 -1023.7459 299.1362
v 387.7835 -1023.2584 299.1364
f 8392 8393 8394
v 388.6586 -1020.6138 299.1367
v 394.5285 -1020.2696 299.1364
v 389.0472 -1023.7459 299.1362
f 8395 8396 8397
v 388.6586 -1020.6138 299.1367
v 389.0472 -1023.7459 299.1362
v 387.9579 -1022.7360 299.1364
f 8398 8399 8400
v 388.6586 -1020.6138 299.1367
v 387.5103 -1022.5878 299.1365
v 388.2120 -1020.4646 299.1368
f 8401 8402 8403
v 394.5285 -1020.2696 299.1364
v 388.6586 -1020.6138 299.1367
v 389.3421 -1018.5467 299.1370
f 8404 8405 8406
v 387.9579 -1022.7360 299.1364
v 387.5103 -1022.5878 299.1365
v 388.6586 -1020.6138 299.1367
f 8407 8408 8409
v 397.5180 -1026.4063 311.9617
v 387.9588 -1022.7376 311.4849
v 387.7844 -1023.2603 311.9629
f 8410 8411 8412
v 388.6594 -1020.6153 309.5453
v 387.5112 -1022.5894 311.4820
v 387.9588 -1022.7376 311.4849
f 8413 8414 8415
v 388.6594 -1020.6153 309.5453
v 388.2128 -1020.4661 309.5414
v 387.5112 -1022.5894 311.4820
f 8416 8417 8418
v 387.9588 -1022.7376 311.4849
v 398.0472 -1024.8075 310.5000
v 388.6594 -1020.6153 309.5453
f 8419 8420 8421
v 389.3427 -1018.5478 307.6557
v 388.6594 -1020.6153 309.5453
v 394.5291 -1020.2708 307.6931
f 8422 8423 8424
v 394.5291 -1020.2708 307.6931
v 388.6594 -1020.6153 309.5453
v 398.0472 -1024.8075 310.5000
f 8425 8426 8427
v 399.2184 -1021.2513 307.2507
v 394.5291 -1020.2708 307.6931
v 398.0472 -1024.8075 310.5000
f 8428 8429 8430
v 398.0472 -1024.8075 310.5000
v 387.9588 -1022.7376 311.4849
v 397.5180 -1026.4063 311.9617
f 8431 8432 8433
v 394.7015 -1019.7461 307.2142
v 394.5291 -1020.2708 307.6931
v 399.2184 -1021.2513 307.2507
f 8434 8435 8436
v 399.2181 -1021.2507 303.1938
v 394.7008 -1019.7450 299.1365
v 394.7015 -1019.7461 307.2142
f 8437 8438 8439
v 394.7015 -1019.7461 307.2142
v 399.2184 -1021.2513 307.2507
v 399.2181 -1021.2507 303.1938
f 8440 8441 8442
v 399.2181 -1021.2507 303.1938
v 399.2178 -1021.2502 299.1360
v 394.7008 -1019.7450 299.1365
f 8443 8444 8445
v 394.7008 -1019.7450 299.1365
v 394.5285 -1020.2696 299.1364
v 394.7015 -1019.7461 307.2142
f 8446 8447 8448
v 394.5291 -1020.2708 307.6931
v 394.7015 -1019.7461 307.2142
v 394.5285 -1020.2696 299.1364
f 8449 8450 8451
v 389.3421 -1018.5467 299.1370
v 388.6586 -1020.6138 299.1367
v 388.6594 -1020.6153 309.5453
f 8452 8453 8454
v 388.2120 -1020.4646 299.1368
v 388.6594 -1020.6153 309.5453
v 388.6586 -1020.6138 299.1367
f 8455 8456 8457
v 387.5103 -1022.5878 299.1365
v 387.5112 -1022.5894 311.4820
v 388.2128 -1020.4661 309.5414
f 8458 8459 8460
v 387.5103 -1022.5878 299.1365
v 388.2128 -1020.4661 309.5414
v 388.2120 -1020.4646 299.1368
f 8461 8462 8463
v 387.9579 -1022.7360 299.1364
v 387.9581 -1022.7363 302.2233
v 387.5112 -1022.5894 311.4820
f 8464 8465 8466
v 387.9581 -1022.7363 302.2233
v 387.9588 -1022.7376 311.4849
v 387.5112 -1022.5894 311.4820
f 8467 8468 8469
v 387.9579 -1022.7360 299.1364
v 387.5112 -1022.5894 311.4820
v 387.5103 -1022.5878 299.1365
f 8470 8471 8472
v 389.0481 -1023.7476 311.8957
v 387.7653 -1023.3192 311.9068
v 387.7643 -1023.3175 299.1363
f 8473 8474 8475
v 389.0472 -1023.7459 299.1362
v 389.0481 -1023.7476 311.8957
v 387.7643 -1023.3175 299.1363
f 8476 8477 8478
v 387.7223 -1027.7096 308.2072
v 387.2790 -1029.0291 299.1355
v 387.2796 -1029.0302 306.9782
f 8479 8480 8481
v 387.7223 -1027.7096 308.2072
v 388.1639 -1026.3888 309.4374
v 387.2790 -1029.0291 299.1355
f 8482 8483 8484
v 387.2790 -1029.0291 299.1355
v 388.1639 -1026.3888 309.4374
v 389.0472 -1023.7459 299.1362
f 8485 8486 8487
v 389.0481 -1023.7476 311.8957
v 389.0472 -1023.7459 299.1362
v 388.1639 -1026.3888 309.4374
f 8488 8489 8490
v 387.2790 -1029.0291 299.1355
v 395.7114 -1031.8557 299.1345
v 395.7119 -1031.8567 306.8922
f 8491 8492 8493
v 396.1615 -1030.5229 305.8154
v 396.1616 -1030.5231 308.1353
v 396.0497 -1030.8568 307.8242
f 8494 8495 8496
v 396.0497 -1030.8568 307.8242
v 396.1610 -1030.5219 299.1347
v 396.1615 -1030.5229 305.8154
f 8497 8498 8499
v 396.1610 -1030.5219 299.1347
v 395.7119 -1031.8567 306.8922
v 395.7114 -1031.8557 299.1345
f 8500 8501 8502
v 396.2988 -1030.5682 299.1347
v 397.2427 -1027.6478 299.1351
v 397.2428 -1027.6482 301.6180
f 8503 8504 8505
v 396.2990 -1030.5686 301.6176
v 396.2988 -1030.5682 299.1347
v 397.2428 -1027.6482 301.6180
f 8506 8507 8508
v 397.1189 -1027.6078 301.6180
v 397.2428 -1027.6482 301.6180
v 397.1188 -1027.6075 299.1351
f 8509 8510 8511
v 397.1188 -1027.6075 299.1351
v 397.2428 -1027.6482 301.6180
v 397.2427 -1027.6478 299.1351
f 8512 8513 8514
v 400.5941 -1025.8760 308.0447
v 398.8042 -1031.4172 308.1010
v 400.5938 -1025.8756 304.8309
f 8515 8516 8517
v 399.7594 -1028.4621 310.8433
v 398.8042 -1031.4172 308.1010
v 400.5941 -1025.8760 308.0447
f 8518 8519 8520
v 399.7586 -1028.4609 301.6177
v 398.8042 -1031.4172 308.1010
v 398.8037 -1031.4163 301.6173
f 8521 8522 8523
v 399.7586 -1028.4609 301.6177
v 400.5936 -1025.8752 301.6180
v 400.5938 -1025.8756 304.8309
f 8524 8525 8526
v 398.8042 -1031.4172 308.1010
v 399.7586 -1028.4609 301.6177
v 400.5938 -1025.8756 304.8309
f 8527 8528 8529
v 387.9588 -1022.7376 311.4849
v 387.7653 -1023.3192 311.9068
v 387.7844 -1023.2603 311.9629
f 8530 8531 8532
v 387.9581 -1022.7363 302.2233
v 387.7653 -1023.3192 311.9068
v 387.9588 -1022.7376 311.4849
f 8533 8534 8535
v 387.7643 -1023.3175 299.1363
v 387.7653 -1023.3192 311.9068
v 387.9581 -1022.7363 302.2233
f 8536 8537 8538
v 387.9581 -1022.7363 302.2233
v 387.7835 -1023.2584 299.1364
v 387.7643 -1023.3175 299.1363
f 8539 8540 8541
v 387.9581 -1022.7363 302.2233
v 387.9579 -1022.7360 299.1364
v 387.7835 -1023.2584 299.1364
f 8542 8543 8544
v 398.8042 -1031.4172 308.1010
v 396.1615 -1030.5229 305.8154
v 398.8037 -1031.4163 301.6173
f 8545 8546 8547
v 398.8037 -1031.4163 301.6173
v 396.1615 -1030.5229 305.8154
v 396.2990 -1030.5686 301.6176
f 8548 8549 8550
v 396.2990 -1030.5686 301.6176
v 396.1610 -1030.5219 299.1347
v 396.2988 -1030.5682 299.1347
f 8551 8552 8553
v 396.2995 -1030.5695 308.1333
v 396.1615 -1030.5229 305.8154
v 398.8042 -1031.4172 308.1010
f 8554 8555 8556
v 396.2990 -1030.5686 301.6176
v 396.1615 -1030.5229 305.8154
v 396.1610 -1030.5219 299.1347
f 8557 8558 8559
v 396.1616 -1030.5231 308.1353
v 396.1615 -1030.5229 305.8154
v 396.2995 -1030.5695 308.1333
f 8560 8561 8562
v 396.2995 -1030.5695 308.1333
v 399.7594 -1028.4621 310.8433
v 397.1197 -1027.6091 310.8436
f 8563 8564 8565
v 396.1616 -1030.5231 308.1353
v 396.2995 -1030.5695 308.1333
v 397.1197 -1027.6091 310.8436
f 8566 8567 8568
v 398.8042 -1031.4172 308.1010
v 399.7594 -1028.4621 310.8433
v 396.2995 -1030.5695 308.1333
f 8569 8570 8571
v 397.1197 -1027.6091 310.8436
v 388.1639 -1026.3888 309.4374
v 396.1616 -1030.5231 308.1353
f 8572 8573 8574
v 396.1616 -1030.5231 308.1353
v 387.7223 -1027.7096 308.2072
v 396.0497 -1030.8568 307.8242
f 8575 8576 8577
v 396.0497 -1030.8568 307.8242
v 387.2796 -1029.0302 306.9782
v 395.7119 -1031.8567 306.8922
f 8578 8579 8580
v 389.0481 -1023.7476 311.8957
v 397.1197 -1027.6091 310.8436
v 397.5180 -1026.4063 311.9617
f 8581 8582 8583
v 387.7653 -1023.3192 311.9068
v 389.0481 -1023.7476 311.8957
v 387.7844 -1023.2603 311.9629
f 8584 8585 8586
v 387.7844 -1023.2603 311.9629
v 389.0481 -1023.7476 311.8957
v 397.5180 -1026.4063 311.9617
f 8587 8588 8589
v 387.7223 -1027.7096 308.2072
v 396.1616 -1030.5231 308.1353
v 388.1639 -1026.3888 309.4374
f 8590 8591 8592
v 396.0497 -1030.8568 307.8242
v 387.7223 -1027.7096 308.2072
v 387.2796 -1029.0302 306.9782
f 8593 8594 8595
v 389.0481 -1023.7476 311.8957
v 388.1639 -1026.3888 309.4374
v 397.1197 -1027.6091 310.8436
f 8596 8597 8598
v 398.0281 -1024.8599 299.1355
v 399.2178 -1021.2502 299.1360
v 399.2181 -1021.2507 303.1938
f 8599 8600 8601
v 398.0281 -1024.8599 299.1355
v 397.9809 -1025.0031 301.6183
v 397.1189 -1027.6078 301.6180
f 8602 8603 8604
v 398.0281 -1024.8599 299.1355
v 397.1189 -1027.6078 301.6180
v 397.1188 -1027.6075 299.1351
f 8605 8606 8607
v 397.9809 -1025.0031 301.6183
v 398.0281 -1024.8599 299.1355
v 399.2181 -1021.2507 303.1938
f 8608 8609 8610
v 399.2184 -1021.2513 307.2507
v 397.9809 -1025.0031 301.6183
v 399.2181 -1021.2507 303.1938
f 8611 8612 8613
v 398.0472 -1024.8075 310.5000
v 397.1197 -1027.6091 310.8436
v 397.9814 -1025.0040 308.0180
f 8614 8615 8616
v 398.0472 -1024.8075 310.5000
v 397.5180 -1026.4063 311.9617
v 397.1197 -1027.6091 310.8436
f 8617 8618 8619
v 397.9814 -1025.0040 308.0180
v 397.9809 -1025.0031 301.6183
v 399.2184 -1021.2513 307.2507
f 8620 8621 8622
v 397.9814 -1025.0040 308.0180
v 399.2184 -1021.2513 307.2507
v 398.0472 -1024.8075 310.5000
f 8623 8624 8625
v 397.9814 -1025.0040 308.0180
v 400.5941 -1025.8760 308.0447
v 400.5938 -1025.8756 304.8309
f 8626 8627 8628
v 394.5285 -1020.2696 299.1364
v 389.3421 -1018.5467 299.1370
v 389.3427 -1018.5478 307.6557
f 8629 8630 8631
v 394.5291 -1020.2708 307.6931
v 394.5285 -1020.2696 299.1364
v 389.3427 -1018.5478 307.6557
f 8632 8633 8634
v 389.3427 -1018.5478 307.6557
v 389.3421 -1018.5467 299.1370
v 388.6594 -1020.6153 309.5453
f 8635 8636 8637
v 388.2120 -1020.4646 299.1368
v 388.2128 -1020.4661 309.5414
v 388.6594 -1020.6153 309.5453
f 8638 8639 8640
v 395.7119 -1031.8567 306.8922
v 387.2796 -1029.0302 306.9782
v 387.2790 -1029.0291 299.1355
f 8641 8642 8643
v 396.0497 -1030.8568 307.8242
v 395.7119 -1031.8567 306.8922
v 396.1610 -1030.5219 299.1347
f 8644 8645 8646

g building_ID_8ABDC4FA-5A92-4CB0-8BB4-69EA8308BA53
v 370.8721 -1054.5185 303.1171
v 364.4257 -1050.5733 303.1181
v 365.4857 -1045.7141 303.1188
f 8647 8648 8649
v 364.4257 -1050.5733 303.1181
v 364.6804 -1051.8429 303.1179
v 364.1746 -1051.7275 303.1179
f 8650 8651 8652
v 370.8721 -1054.5185 303.1171
v 364.3788 -1053.1511 303.1177
v 364.6804 -1051.8429 303.1179
f 8653 8654 8655
v 370.8721 -1054.5185 303.1171
v 364.6804 -1051.8429 303.1179
v 364.4257 -1050.5733 303.1181
f 8656 8657 8658
v 377.4254 -1048.0621 303.1177
v 376.3107 -1053.1641 303.1170
v 374.0709 -1047.5061 303.1180
f 8659 8660 8661
v 375.4127 -1057.2857 303.1163
v 370.5085 -1056.2545 303.1168
v 370.8721 -1054.5185 303.1171
f 8662 8663 8664
v 370.8721 -1054.5185 303.1171
v 376.3107 -1053.1641 303.1170
v 375.4127 -1057.2857 303.1163
f 8665 8666 8667
v 376.3107 -1053.1641 303.1170
v 370.8721 -1054.5185 303.1171
v 374.0709 -1047.5061 303.1180
f 8668 8669 8670
v 365.4857 -1045.7141 303.1188
v 374.0709 -1047.5061 303.1180
v 370.8721 -1054.5185 303.1171
f 8671 8672 8673
v 375.4133 -1057.2870 312.4779
v 376.3115 -1053.1658 314.7936
v 370.8728 -1054.5199 313.4317
f 8674 8675 8676
v 364.6811 -1051.8445 314.1435
v 370.8728 -1054.5199 313.4317
v 376.3115 -1053.1658 314.7936
f 8677 8678 8679
v 370.5091 -1056.2558 312.4584
v 375.4133 -1057.2870 312.4779
v 370.8728 -1054.5199 313.4317
f 8680 8681 8682
v 364.6811 -1051.8445 314.1435
v 364.4265 -1050.5749 314.7947
v 364.1754 -1051.7291 314.1465
f 8683 8684 8685
v 364.6811 -1051.8445 314.1435
v 364.3795 -1053.1526 313.4063
v 370.8728 -1054.5199 313.4317
f 8686 8687 8688
v 364.4265 -1050.5749 314.7947
v 364.6811 -1051.8445 314.1435
v 376.3115 -1053.1658 314.7936
f 8689 8690 8691
v 364.4265 -1050.5749 314.7947
v 374.0714 -1047.5072 310.9347
v 365.4863 -1045.7152 310.9945
f 8692 8693 8694
v 374.0714 -1047.5072 310.9347
v 364.4265 -1050.5749 314.7947
v 376.3115 -1053.1658 314.7936
f 8695 8696 8697
v 377.4259 -1048.0632 310.8034
v 374.0714 -1047.5072 310.9347
v 376.3115 -1053.1658 314.7936
f 8698 8699 8700
v 364.3788 -1053.1511 303.1177
v 364.3795 -1053.1526 313.4063
v 364.6804 -1051.8429 303.1179
f 8701 8702 8703
v 364.3795 -1053.1526 313.4063
v 364.3788 -1053.1511 303.1177
v 370.8721 -1054.5185 303.1171
f 8704 8705 8706
v 370.5091 -1056.2558 312.4584
v 370.8728 -1054.5199 313.4317
v 370.5085 -1056.2545 303.1168
f 8707 8708 8709
v 370.5085 -1056.2545 303.1168
v 370.8728 -1054.5199 313.4317
v 370.8721 -1054.5185 303.1171
f 8710 8711 8712
v 375.4132 -1057.2866 310.1370
v 375.4133 -1057.2870 312.4779
v 370.5091 -1056.2558 312.4584
f 8713 8714 8715
v 375.4127 -1057.2857 303.1163
v 375.4130 -1057.2863 307.7971
v 370.5085 -1056.2545 303.1168
f 8716 8717 8718
v 364.6804 -1051.8429 303.1179
v 364.1750 -1051.7283 308.6327
v 364.1746 -1051.7275 303.1179
f 8719 8720 8721
v 374.0709 -1047.5061 303.1180
v 365.4857 -1045.7141 303.1188
v 374.0714 -1047.5072 310.9347
f 8722 8723 8724
v 377.4254 -1048.0621 303.1177
v 374.0709 -1047.5061 303.1180
v 374.0714 -1047.5072 310.9347
f 8725 8726 8727
v 377.4257 -1048.0626 306.8956
v 377.4254 -1048.0621 303.1177
v 374.0714 -1047.5072 310.9347
f 8728 8729 8730
v 375.4130 -1057.2863 307.7971
v 377.4257 -1048.0626 306.8956
v 377.4259 -1048.0632 310.8034
f 8731 8732 8733
v 377.4257 -1048.0626 306.8956
v 376.3107 -1053.1641 303.1170
v 377.4254 -1048.0621 303.1177
f 8734 8735 8736
v 375.4132 -1057.2866 310.1370
v 377.4259 -1048.0632 310.8034
v 376.3115 -1053.1658 314.7936
f 8737 8738 8739
v 377.4259 -1048.0632 310.8034
v 375.4132 -1057.2866 310.1370
v 375.4130 -1057.2863 307.7971
f 8740 8741 8742
v 376.3107 -1053.1641 303.1170
v 377.4257 -1048.0626 306.8956
v 375.4130 -1057.2863 307.7971
f 8743 8744 8745
v 375.4130 -1057.2863 307.7971
v 375.4127 -1057.2857 303.1163
v 376.3107 -1053.1641 303.1170
f 8746 8747 8748
v 375.4133 -1057.2870 312.4779
v 375.4132 -1057.2866 310.1370
v 376.3115 -1053.1658 314.7936
f 8749 8750 8751
v 364.1754 -1051.7291 314.1465
v 365.4857 -1045.7141 303.1188
v 364.1750 -1051.7283 308.6327
f 8752 8753 8754
v 365.4857 -1045.7141 303.1188
v 364.4257 -1050.5733 303.1181
v 364.1750 -1051.7283 308.6327
f 8755 8756 8757
v 364.4257 -1050.5733 303.1181
v 364.1746 -1051.7275 303.1179
v 364.1750 -1051.7283 308.6327
f 8758 8759 8760
v 365.4860 -1045.7147 307.0567
v 364.4265 -1050.5749 314.7947
v 365.4863 -1045.7152 310.9945
f 8761 8762 8763
v 365.4860 -1045.7147 307.0567
v 365.4857 -1045.7141 303.1188
v 364.1754 -1051.7291 314.1465
f 8764 8765 8766
v 365.4860 -1045.7147 307.0567
v 364.1754 -1051.7291 314.1465
v 364.4265 -1050.5749 314.7947
f 8767 8768 8769
v 364.3795 -1053.1526 313.4063
v 364.6811 -1051.8445 314.1435
v 364.6804 -1051.8429 303.1179
f 8770 8771 8772
v 370.8728 -1054.5199 313.4317
v 364.3795 -1053.1526 313.4063
v 370.8721 -1054.5185 303.1171
f 8773 8774 8775
v 375.4132 -1057.2866 310.1370
v 370.5091 -1056.2558 312.4584
v 375.4130 -1057.2863 307.7971
f 8776 8777 8778
v 375.4130 -1057.2863 307.7971
v 370.5091 -1056.2558 312.4584
v 370.5085 -1056.2545 303.1168
f 8779 8780 8781
v 364.6804 -1051.8429 303.1179
v 364.1754 -1051.7291 314.1465
v 364.1750 -1051.7283 308.6327
f 8782 8783 8784
v 364.1754 -1051.7291 314.1465
v 364.6804 -1051.8429 303.1179
v 364.6811 -1051.8445 314.1435
f 8785 8786 8787
v 374.0714 -1047.5072 310.9347
v 365.4860 -1045.7147 307.0567
v 365.4863 -1045.7152 310.9945
f 8788 8789 8790
v 365.4860 -1045.7147 307.0567
v 374.0714 -1047.5072 310.9347
v 365.4857 -1045.7141 303.1188
f 8791 8792 8793
v 374.0714 -1047.5072 310.9347
v 377.4259 -1048.0632 310.8034
v 377.4257 -1048.0626 306.8956
f 8794 8795 8796

g building_ID_36621C85-AB63-4E02-B856-59D2E4F853AE
v 397.8278 -1054.2710 304.8254
v 387.5339 -1048.9924 304.8269
v 398.3444 -1050.6554 304.8259
f 8797 8798 8799
v 397.1469 -1059.0322 304.8246
v 390.0997 -1058.0253 304.8252
v 390.2350 -1057.1487 304.8254
f 8800 8801 8802
v 390.2350 -1057.1487 304.8254
v 397.8278 -1054.2710 304.8254
v 397.1469 -1059.0322 304.8246
f 8803 8804 8805
v 397.8278 -1054.2710 304.8254
v 390.2350 -1057.1487 304.8254
v 387.5339 -1048.9924 304.8269
f 8806 8807 8808
v 386.3667 -1056.5533 304.8257
v 387.5339 -1048.9924 304.8269
v 390.2350 -1057.1487 304.8254
f 8809 8810 8811
v 390.2357 -1057.1498 313.0931
v 397.1476 -1059.0332 312.3573
v 397.8285 -1054.2727 316.3410
f 8812 8813 8814
v 386.9598 -1052.7185 316.3419
v 390.2357 -1057.1498 313.0931
v 397.8285 -1054.2727 316.3410
f 8815 8816 8817
v 390.1003 -1058.0263 312.3579
v 397.1476 -1059.0332 312.3573
v 390.2357 -1057.1498 313.0931
f 8818 8819 8820
v 390.2357 -1057.1498 313.0931
v 386.9598 -1052.7185 316.3419
v 386.3673 -1056.5545 313.1274
f 8821 8822 8823
v 392.9503 -1049.8271 313.1241
v 397.8285 -1054.2727 316.3410
v 398.3451 -1050.6566 313.1736
f 8824 8825 8826
v 397.8285 -1054.2727 316.3410
v 392.9503 -1049.8271 313.1241
v 386.9598 -1052.7185 316.3419
f 8827 8828 8829
v 387.5346 -1048.9936 313.0736
v 386.9598 -1052.7185 316.3419
v 392.9503 -1049.8271 313.1241
f 8830 8831 8832
v 386.3667 -1056.5533 304.8257
v 390.2350 -1057.1487 304.8254
v 390.2357 -1057.1498 313.0931
f 8833 8834 8835
v 386.3673 -1056.5545 313.1274
v 386.3667 -1056.5533 304.8257
v 390.2357 -1057.1498 313.0931
f 8836 8837 8838
v 390.1003 -1058.0263 312.3579
v 390.2357 -1057.1498 313.0931
v 390.2350 -1057.1487 304.8254
f 8839 8840 8841
v 390.0997 -1058.0253 304.8252
v 390.1003 -1058.0263 312.3579
v 390.2350 -1057.1487 304.8254
f 8842 8843 8844
v 397.1469 -1059.0322 304.8246
v 397.1476 -1059.0332 312.3573
v 390.0997 -1058.0253 304.8252
f 8845 8846 8847
v 390.1003 -1058.0263 312.3579
v 390.0997 -1058.0253 304.8252
v 397.1476 -1059.0332 312.3573
f 8848 8849 8850
v 387.5339 -1048.9924 304.8269
v 387.5346 -1048.9936 313.0736
v 392.9503 -1049.8271 313.1241
f 8851 8852 8853
v 398.3447 -1050.6560 308.9998
v 398.3444 -1050.6554 304.8259
v 392.9503 -1049.8271 313.1241
f 8854 8855 8856
v 387.5339 -1048.9924 304.8269
v 392.9503 -1049.8271 313.1241
v 398.3444 -1050.6554 304.8259
f 8857 8858 8859
v 398.3451 -1050.6566 313.1736
v 397.1469 -1059.0322 304.8246
v 398.3447 -1050.6560 308.9998
f 8860 8861 8862
v 397.8285 -1054.2727 316.3410
v 397.1476 -1059.0332 312.3573
v 398.3451 -1050.6566 313.1736
f 8863 8864 8865
v 397.1469 -1059.0322 304.8246
v 397.8278 -1054.2710 304.8254
v 398.3447 -1050.6560 308.9998
f 8866 8867 8868
v 397.8278 -1054.2710 304.8254
v 398.3444 -1050.6554 304.8259
v 398.3447 -1050.6560 308.9998
f 8869 8870 8871
v 397.1476 -1059.0332 312.3573
v 397.1469 -1059.0322 304.8246
v 398.3451 -1050.6566 313.1736
f 8872 8873 8874
v 386.3673 -1056.5545 313.1274
v 387.5346 -1048.9936 313.0736
v 386.3667 -1056.5533 304.8257
f 8875 8876 8877
v 386.3673 -1056.5545 313.1274
v 386.9598 -1052.7185 316.3419
v 387.5346 -1048.9936 313.0736
f 8878 8879 8880
v 386.3667 -1056.5533 304.8257
v 387.5346 -1048.9936 313.0736
v 387.5339 -1048.9924 304.8269
f 8881 8882 8883
v 392.9503 -1049.8271 313.1241
v 398.3451 -1050.6566 313.1736
v 398.3447 -1050.6560 308.9998
f 8884 8885 8886

g building_ID_D464250D-E040-4C17-96A1-FCA871A9D347
v 376.0471 -1081.5180 309.0389
v 376.5573 -1078.1215 309.0395
v 382.0170 -1078.9361 309.0390
f 8887 8888 8889
v 375.8608 -1082.7566 309.0387
v 374.5230 -1087.1570 309.0381
v 375.2200 -1082.6599 309.0388
f 8890 8891 8892
v 375.8608 -1082.7566 309.0387
v 376.0471 -1081.5180 309.0389
v 382.0170 -1078.9361 309.0390
f 8893 8894 8895
v 375.8608 -1082.7566 309.0387
v 380.5747 -1088.0061 309.0376
v 374.5230 -1087.1570 309.0381
f 8896 8897 8898
v 380.5614 -1088.0921 309.0375
v 374.5230 -1087.1570 309.0381
v 380.5747 -1088.0061 309.0376
f 8899 8900 8901
v 385.5532 -1082.9915 309.0381
v 375.8608 -1082.7566 309.0387
v 382.0170 -1078.9361 309.0390
f 8902 8903 8904
v 382.0170 -1078.9361 309.0390
v 386.0874 -1079.5440 309.0387
v 385.5532 -1082.9915 309.0381
f 8905 8906 8907
v 375.8608 -1082.7566 309.0387
v 385.5532 -1082.9915 309.0381
v 380.5747 -1088.0061 309.0376
f 8908 8909 8910
v 385.5532 -1082.9915 309.0381
v 384.6800 -1088.6362 309.0372
v 380.5747 -1088.0061 309.0376
f 8911 8912 8913
v 381.3129 -1078.8324 317.5278
v 385.5538 -1082.9929 318.7218
v 386.0880 -1079.5453 317.5174
f 8914 8915 8916
v 376.0478 -1081.5195 318.7226
v 381.3129 -1078.8324 317.5278
v 376.5578 -1078.1227 317.5372
f 8917 8918 8919
v 385.5538 -1082.9929 318.7218
v 381.3129 -1078.8324 317.5278
v 376.0478 -1081.5195 318.7226
f 8920 8921 8922
v 375.2206 -1082.6609 316.3345
v 374.8065 -1085.3319 317.2511
v 375.2207 -1082.6612 318.2555
f 8923 8924 8925
v 380.5614 -1088.0921 309.0375
v 380.5615 -1088.0922 309.4705
v 374.5230 -1087.1570 309.4711
f 8926 8927 8928
v 381.3129 -1078.8324 317.5278
v 382.0170 -1078.9361 309.0390
v 376.5573 -1078.1215 309.0395
f 8929 8930 8931
v 381.3129 -1078.8324 317.5278
v 386.0878 -1079.5449 315.3925
v 382.0170 -1078.9361 309.0390
f 8932 8933 8934
v 382.0170 -1078.9361 309.0390
v 386.0878 -1079.5449 315.3925
v 386.0877 -1079.5446 313.2686
f 8935 8936 8937
v 386.0877 -1079.5446 313.2686
v 386.0874 -1079.5440 309.0387
v 382.0170 -1078.9361 309.0390
f 8938 8939 8940
v 371.9425 -1087.8568 314.0489
v 378.1188 -1088.7547 309.4706
v 371.9427 -1087.8570 316.1598
f 8941 8942 8943
v 373.4871 -1088.0822 316.1647
v 378.1188 -1088.7547 309.4706
v 378.1192 -1088.7556 316.1813
f 8944 8945 8946
v 371.9422 -1087.8561 309.4711
v 378.1188 -1088.7547 309.4706
v 371.9425 -1087.8568 314.0489
f 8947 8948 8949
v 378.1192 -1088.7556 316.1813
v 377.9027 -1090.2560 309.4703
v 377.9032 -1090.2570 315.6171
f 8950 8951 8952
v 378.1188 -1088.7547 309.4706
v 377.9027 -1090.2560 309.4703
v 378.1192 -1088.7556 316.1813
f 8953 8954 8955
v 380.1898 -1090.5882 309.4701
v 380.1902 -1090.5891 315.6259
v 377.9032 -1090.2570 315.6171
f 8956 8957 8958
v 377.9032 -1090.2570 315.6171
v 377.9027 -1090.2560 309.4703
v 380.1898 -1090.5882 309.4701
f 8959 8960 8961
v 375.2201 -1082.6599 309.4718
v 374.5230 -1087.1570 309.0381
v 374.5230 -1087.1570 309.4711
f 8962 8963 8964
v 374.5230 -1087.1570 309.0381
v 375.2201 -1082.6599 309.4718
v 375.2200 -1082.6599 309.0388
f 8965 8966 8967
v 384.6804 -1088.6370 314.7080
v 384.6806 -1088.6373 316.5979
v 383.0072 -1088.3807 316.5970
f 8968 8969 8970
v 384.6800 -1088.6362 309.0372
v 384.6803 -1088.6367 312.8171
v 383.0072 -1088.3807 316.5970
f 8971 8972 8973
v 378.1188 -1088.7547 309.4706
v 380.1898 -1090.5882 309.4701
v 377.9027 -1090.2560 309.4703
f 8974 8975 8976
v 378.1188 -1088.7547 309.4706
v 380.5615 -1088.0922 309.4705
v 380.1898 -1090.5882 309.4701
f 8977 8978 8979
v 374.5230 -1087.1570 309.4711
v 378.1188 -1088.7547 309.4706
v 371.9422 -1087.8561 309.4711
f 8980 8981 8982
v 372.3980 -1084.9573 309.4716
v 375.2201 -1082.6599 309.4718
v 374.5230 -1087.1570 309.4711
f 8983 8984 8985
v 372.8171 -1082.2965 309.4720
v 375.2201 -1082.6599 309.4718
v 372.3980 -1084.9573 309.4716
f 8986 8987 8988
v 372.3980 -1084.9573 309.4716
v 374.5230 -1087.1570 309.4711
v 371.9422 -1087.8561 309.4711
f 8989 8990 8991
v 378.1188 -1088.7547 309.4706
v 374.5230 -1087.1570 309.4711
v 380.5615 -1088.0922 309.4705
f 8992 8993 8994
v 374.8065 -1085.3319 317.2511
v 372.8175 -1082.2975 316.3378
v 372.3985 -1084.9584 317.2503
f 8995 8996 8997
v 372.8175 -1082.2975 316.3378
v 374.8065 -1085.3319 317.2511
v 375.2206 -1082.6609 316.3345
f 8998 8999 9000
v 383.0072 -1088.3807 316.5970
v 384.6806 -1088.6373 316.5979
v 385.5538 -1082.9929 318.7218
f 9001 9002 9003
v 380.5752 -1088.0073 316.5953
v 383.0072 -1088.3807 316.5970
v 385.5538 -1082.9929 318.7218
f 9004 9005 9006
v 377.9032 -1090.2570 315.6171
v 380.1902 -1090.5891 315.6259
v 378.1192 -1088.7556 316.1813
f 9007 9008 9009
v 378.1192 -1088.7556 316.1813
v 380.1902 -1090.5891 315.6259
v 380.5752 -1088.0073 316.5953
f 9010 9011 9012
v 375.8614 -1082.7579 318.2564
v 380.5752 -1088.0073 316.5953
v 385.5538 -1082.9929 318.7218
f 9013 9014 9015
v 380.5752 -1088.0073 316.5953
v 375.8614 -1082.7579 318.2564
v 374.8065 -1085.3319 317.2511
f 9016 9017 9018
v 376.0478 -1081.5195 318.7226
v 375.8614 -1082.7579 318.2564
v 385.5538 -1082.9929 318.7218
f 9019 9020 9021
v 378.1192 -1088.7556 316.1813
v 380.5752 -1088.0073 316.5953
v 374.8065 -1085.3319 317.2511
f 9022 9023 9024
v 375.8614 -1082.7579 318.2564
v 375.2207 -1082.6612 318.2555
v 374.8065 -1085.3319 317.2511
f 9025 9026 9027
v 372.3985 -1084.9584 317.2503
v 373.4871 -1088.0822 316.1647
v 374.8065 -1085.3319 317.2511
f 9028 9029 9030
v 372.3985 -1084.9584 317.2503
v 371.9427 -1087.8570 316.1598
v 373.4871 -1088.0822 316.1647
f 9031 9032 9033
v 373.4871 -1088.0822 316.1647
v 378.1192 -1088.7556 316.1813
v 374.8065 -1085.3319 317.2511
f 9034 9035 9036
v 375.2201 -1082.6599 309.4718
v 372.8175 -1082.2975 316.3378
v 375.2206 -1082.6609 316.3345
f 9037 9038 9039
v 372.8175 -1082.2975 316.3378
v 375.2201 -1082.6599 309.4718
v 372.8171 -1082.2965 309.4720
f 9040 9041 9042
v 375.8608 -1082.7566 309.0387
v 375.2200 -1082.6599 309.0388
v 375.2201 -1082.6599 309.4718
f 9043 9044 9045
v 375.2201 -1082.6599 309.4718
v 375.2206 -1082.6609 316.3345
v 375.8608 -1082.7566 309.0387
f 9046 9047 9048
v 375.8613 -1082.7577 316.3334
v 375.2207 -1082.6612 318.2555
v 375.8614 -1082.7579 318.2564
f 9049 9050 9051
v 375.8613 -1082.7577 316.3334
v 375.8608 -1082.7566 309.0387
v 375.2206 -1082.6609 316.3345
f 9052 9053 9054
v 375.8613 -1082.7577 316.3334
v 375.2206 -1082.6609 316.3345
v 375.2207 -1082.6612 318.2555
f 9055 9056 9057
v 386.0878 -1079.5449 315.3925
v 386.0880 -1079.5453 317.5174
v 385.5538 -1082.9929 318.7218
f 9058 9059 9060
v 384.6803 -1088.6367 312.8171
v 386.0877 -1079.5446 313.2686
v 386.0878 -1079.5449 315.3925
f 9061 9062 9063
v 385.5532 -1082.9915 309.0381
v 386.0874 -1079.5440 309.0387
v 386.0877 -1079.5446 313.2686
f 9064 9065 9066
v 386.0878 -1079.5449 315.3925
v 385.5538 -1082.9929 318.7218
v 384.6804 -1088.6370 314.7080
f 9067 9068 9069
v 386.0877 -1079.5446 313.2686
v 384.6803 -1088.6367 312.8171
v 385.5532 -1082.9915 309.0381
f 9070 9071 9072
v 384.6804 -1088.6370 314.7080
v 384.6803 -1088.6367 312.8171
v 386.0878 -1079.5449 315.3925
f 9073 9074 9075
v 384.6803 -1088.6367 312.8171
v 384.6800 -1088.6362 309.0372
v 385.5532 -1082.9915 309.0381
f 9076 9077 9078
v 384.6806 -1088.6373 316.5979
v 384.6804 -1088.6370 314.7080
v 385.5538 -1082.9929 318.7218
f 9079 9080 9081
v 376.5573 -1078.1215 309.0395
v 376.0471 -1081.5180 309.0389
v 375.8613 -1082.7577 316.3334
f 9082 9083 9084
v 375.8613 -1082.7577 316.3334
v 376.0471 -1081.5180 309.0389
v 375.8608 -1082.7566 309.0387
f 9085 9086 9087
v 376.0478 -1081.5195 318.7226
v 375.8613 -1082.7577 316.3334
v 375.8614 -1082.7579 318.2564
f 9088 9089 9090
v 376.5576 -1078.1223 314.3503
v 376.0478 -1081.5195 318.7226
v 376.5578 -1078.1227 317.5372
f 9091 9092 9093
v 376.5573 -1078.1215 309.0395
v 375.8613 -1082.7577 316.3334
v 376.5576 -1078.1223 314.3503
f 9094 9095 9096
v 375.8613 -1082.7577 316.3334
v 376.0478 -1081.5195 318.7226
v 376.5576 -1078.1223 314.3503
f 9097 9098 9099
v 371.9425 -1087.8568 314.0489
v 372.3980 -1084.9573 309.4716
v 371.9422 -1087.8561 309.4711
f 9100 9101 9102
v 372.3985 -1084.9584 317.2503
v 372.8175 -1082.2975 316.3378
v 371.9425 -1087.8568 314.0489
f 9103 9104 9105
v 372.8171 -1082.2965 309.4720
v 372.3980 -1084.9573 309.4716
v 372.8175 -1082.2975 316.3378
f 9106 9107 9108
v 372.8175 -1082.2975 316.3378
v 372.3980 -1084.9573 309.4716
v 371.9425 -1087.8568 314.0489
f 9109 9110 9111
v 371.9427 -1087.8570 316.1598
v 372.3985 -1084.9584 317.2503
v 371.9425 -1087.8568 314.0489
f 9112 9113 9114
v 380.1902 -1090.5891 315.6259
v 380.5749 -1088.0066 311.8705
v 380.5751 -1088.0070 314.7054
f 9115 9116 9117
v 380.5615 -1088.0922 309.4705
v 380.5749 -1088.0066 311.8705
v 380.1898 -1090.5882 309.4701
f 9118 9119 9120
v 380.5747 -1088.0061 309.0376
v 380.5749 -1088.0066 311.8705
v 380.5615 -1088.0922 309.4705
f 9121 9122 9123
v 380.5752 -1088.0073 316.5953
v 380.1902 -1090.5891 315.6259
v 380.5751 -1088.0070 314.7054
f 9124 9125 9126
v 380.5749 -1088.0066 311.8705
v 380.1902 -1090.5891 315.6259
v 380.1898 -1090.5882 309.4701
f 9127 9128 9129
v 380.5614 -1088.0921 309.0375
v 380.5747 -1088.0061 309.0376
v 380.5615 -1088.0922 309.4705
f 9130 9131 9132
v 380.5614 -1088.0921 309.0375
v 374.5230 -1087.1570 309.4711
v 374.5230 -1087.1570 309.0381
f 9133 9134 9135
v 376.5576 -1078.1223 314.3503
v 376.5578 -1078.1227 317.5372
v 381.3129 -1078.8324 317.5278
f 9136 9137 9138
v 381.3129 -1078.8324 317.5278
v 376.5573 -1078.1215 309.0395
v 376.5576 -1078.1223 314.3503
f 9139 9140 9141
v 386.0880 -1079.5453 317.5174
v 386.0878 -1079.5449 315.3925
v 381.3129 -1078.8324 317.5278
f 9142 9143 9144
v 378.1188 -1088.7547 309.4706
v 373.4871 -1088.0822 316.1647
v 371.9427 -1087.8570 316.1598
f 9145 9146 9147
v 384.6804 -1088.6370 314.7080
v 383.0072 -1088.3807 316.5970
v 384.6803 -1088.6367 312.8171
f 9148 9149 9150
v 384.6800 -1088.6362 309.0372
v 383.0072 -1088.3807 316.5970
v 380.5747 -1088.0061 309.0376
f 9151 9152 9153
v 383.0072 -1088.3807 316.5970
v 380.5752 -1088.0073 316.5953
v 380.5751 -1088.0070 314.7054
f 9154 9155 9156
v 383.0072 -1088.3807 316.5970
v 380.5751 -1088.0070 314.7054
v 380.5749 -1088.0066 311.8705
f 9157 9158 9159
v 380.5749 -1088.0066 311.8705
v 380.5747 -1088.0061 309.0376
v 383.0072 -1088.3807 316.5970
f 9160 9161 9162

g building_ID_0BCEB440-B726-4568-B4DA-8160CD94D862
v 325.6336 -1059.3869 307.8125
v 325.7363 -1058.7512 307.8126
v 329.3687 -1059.3599 307.8123
f 9163 9164 9165
v 329.3687 -1059.3599 307.8123
v 328.5606 -1064.6237 307.8115
v 325.6336 -1059.3869 307.8125
f 9166 9167 9168
v 325.6336 -1059.3869 307.8125
v 321.5659 -1067.8870 307.8113
v 318.4832 -1062.9206 307.8123
f 9169 9170 9171
v 317.8715 -1062.8301 307.8123
v 318.6255 -1058.3241 307.8130
v 318.4832 -1062.9206 307.8123
f 9172 9173 9174
v 325.6336 -1059.3869 307.8125
v 318.4832 -1062.9206 307.8123
v 318.6255 -1058.3241 307.8130
f 9175 9176 9177
v 321.5659 -1067.8870 307.8113
v 325.6336 -1059.3869 307.8125
v 328.5606 -1064.6237 307.8115
f 9178 9179 9180
v 327.5286 -1071.3418 307.8104
v 321.1822 -1070.3739 307.8109
v 321.5659 -1067.8870 307.8113
f 9181 9182 9183
v 327.5286 -1071.3418 307.8104
v 321.5659 -1067.8870 307.8113
v 328.5606 -1064.6237 307.8115
f 9184 9185 9186
v 321.5659 -1067.8870 307.8113
v 317.8104 -1067.3129 307.8116
v 318.4832 -1062.9206 307.8123
f 9187 9188 9189
v 317.8104 -1067.3129 307.8116
v 317.8110 -1067.3141 316.7113
v 318.4818 -1062.9373 318.9219
f 9190 9191 9192
v 318.4818 -1062.9373 318.9219
v 318.4832 -1062.9206 307.8123
v 317.8104 -1067.3129 307.8116
f 9193 9194 9195
v 329.3692 -1059.3610 315.4941
v 325.7363 -1058.7512 307.8126
v 325.7368 -1058.7523 315.4944
f 9196 9197 9198
v 329.3692 -1059.3610 315.4941
v 329.3687 -1059.3599 307.8123
v 325.7363 -1058.7512 307.8126
f 9199 9200 9201
v 325.7368 -1058.7523 315.4944
v 325.7363 -1058.7512 307.8126
v 325.6336 -1059.3869 307.8125
f 9202 9203 9204
v 317.8715 -1062.8301 307.8123
v 318.4829 -1062.9223 318.9119
v 317.8722 -1062.8317 318.9219
f 9205 9206 9207
v 318.4832 -1062.9206 307.8123
v 318.4829 -1062.9223 318.9119
v 317.8715 -1062.8301 307.8123
f 9208 9209 9210
v 318.6255 -1058.3241 307.8130
v 317.8715 -1062.8301 307.8123
v 317.8722 -1062.8317 318.9219
f 9211 9212 9213
v 318.6260 -1058.3252 315.9807
v 318.6255 -1058.3241 307.8130
v 317.8722 -1062.8317 318.9219
f 9214 9215 9216
v 325.9198 -1071.0977 315.5162
v 327.5286 -1071.3418 307.8104
v 327.5291 -1071.3430 315.5281
f 9217 9218 9219
v 327.5286 -1071.3418 307.8104
v 325.9198 -1071.0977 315.5162
v 321.1822 -1070.3739 307.8109
f 9220 9221 9222
v 321.1827 -1070.3749 315.4816
v 321.1822 -1070.3739 307.8109
v 325.9198 -1071.0977 315.5162
f 9223 9224 9225
v 328.5606 -1064.6237 307.8115
v 329.3687 -1059.3599 307.8123
v 329.3692 -1059.3610 315.4941
f 9226 9227 9228
v 328.5613 -1064.6253 318.9211
v 328.5606 -1064.6237 307.8115
v 329.3692 -1059.3610 315.4941
f 9229 9230 9231
v 327.5286 -1071.3418 307.8104
v 328.5606 -1064.6237 307.8115
v 327.5291 -1071.3430 315.5281
f 9232 9233 9234
v 328.5613 -1064.6253 318.9211
v 327.5291 -1071.3430 315.5281
v 328.5606 -1064.6237 307.8115
f 9235 9236 9237
v 317.8104 -1067.3129 307.8116
v 321.5659 -1067.8870 307.8113
v 321.5664 -1067.8882 316.7380
f 9238 9239 9240
v 321.5664 -1067.8882 316.7380
v 317.8110 -1067.3141 316.7113
v 317.8104 -1067.3129 307.8116
f 9241 9242 9243
v 321.1822 -1070.3739 307.8109
v 321.1827 -1070.3749 315.4816
v 321.5659 -1067.8870 307.8113
f 9244 9245 9246
v 321.5664 -1067.8882 316.7380
v 321.5659 -1067.8870 307.8113
v 321.1827 -1070.3749 315.4816
f 9247 9248 9249
v 325.6336 -1059.3869 307.8125
v 318.6255 -1058.3241 307.8130
v 318.6260 -1058.3252 315.9807
f 9250 9251 9252
v 324.8424 -1059.2679 315.9163
v 325.6336 -1059.3869 307.8125
v 318.6260 -1058.3252 315.9807
f 9253 9254 9255
v 324.8424 -1059.2679 315.9163
v 325.6341 -1059.3880 315.9092
v 325.6336 -1059.3869 307.8125
f 9256 9257 9258
v 328.5613 -1064.6253 318.9211
v 318.4818 -1062.9373 318.9219
v 321.5664 -1067.8882 316.7380
f 9259 9260 9261
v 327.5291 -1071.3430 315.5281
v 328.5613 -1064.6253 318.9211
v 325.9198 -1071.0977 315.5162
f 9262 9263 9264
v 321.5664 -1067.8882 316.7380
v 325.9198 -1071.0977 315.5162
v 328.5613 -1064.6253 318.9211
f 9265 9266 9267
v 317.8110 -1067.3141 316.7113
v 321.5664 -1067.8882 316.7380
v 318.4818 -1062.9373 318.9219
f 9268 9269 9270
v 325.9198 -1071.0977 315.5162
v 321.5664 -1067.8882 316.7380
v 321.1827 -1070.3749 315.4816
f 9271 9272 9273
v 325.6341 -1059.3880 315.9092
v 324.8424 -1059.2679 315.9163
v 318.4818 -1062.9373 318.9219
f 9274 9275 9276
v 318.6260 -1058.3252 315.9807
v 318.4829 -1062.9223 318.9119
v 324.8424 -1059.2679 315.9163
f 9277 9278 9279
v 329.3692 -1059.3610 315.4941
v 325.7368 -1058.7523 315.4944
v 325.6341 -1059.3880 315.9092
f 9280 9281 9282
v 317.8722 -1062.8317 318.9219
v 318.4829 -1062.9223 318.9119
v 318.6260 -1058.3252 315.9807
f 9283 9284 9285
v 329.3692 -1059.3610 315.4941
v 325.6341 -1059.3880 315.9092
v 328.5613 -1064.6253 318.9211
f 9286 9287 9288
v 324.8424 -1059.2679 315.9163
v 318.4829 -1062.9223 318.9119
v 318.4818 -1062.9373 318.9219
f 9289 9290 9291
v 318.4818 -1062.9373 318.9219
v 328.5613 -1064.6253 318.9211
v 325.6341 -1059.3880 315.9092
f 9292 9293 9294
v 325.6336 -1059.3869 307.8125
v 325.6341 -1059.3880 315.9092
v 325.7368 -1058.7523 315.4944
f 9295 9296 9297
v 318.4818 -1062.9373 318.9219
v 318.4829 -1062.9223 318.9119
v 318.4832 -1062.9206 307.8123
f 9298 9299 9300

g building_ID_156C0B6C-8F68-438D-9129-15BE8B3C4707
v 290.5263 -1072.6989 309.8110
v 291.4501 -1076.4925 309.8103
v 290.0346 -1076.2996 309.8104
f 9301 9302 9303
v 291.4501 -1076.4925 309.8103
v 290.5263 -1072.6989 309.8110
v 299.0778 -1073.9499 309.8104
f 9304 9305 9306
v 291.4501 -1076.4925 309.8103
v 295.2151 -1084.2935 309.8087
v 290.3851 -1083.5825 309.8091
f 9307 9308 9309
v 298.6289 -1076.9127 309.8099
v 297.7860 -1082.4724 309.8089
v 291.4501 -1076.4925 309.8103
f 9310 9311 9312
v 295.2151 -1084.2935 309.8087
v 291.4501 -1076.4925 309.8103
v 297.7860 -1082.4724 309.8089
f 9313 9314 9315
v 295.2151 -1084.2935 309.8087
v 297.8868 -1085.8956 309.8083
v 295.0370 -1085.4770 309.8085
f 9316 9317 9318
v 297.8868 -1085.8956 309.8083
v 295.2151 -1084.2935 309.8087
v 297.7860 -1082.4724 309.8089
f 9319 9320 9321
v 297.8868 -1085.8956 309.8083
v 297.7860 -1082.4724 309.8089
v 298.3428 -1082.5489 309.8089
f 9322 9323 9324
v 299.0778 -1073.9499 309.8104
v 298.6289 -1076.9127 309.8099
v 291.4501 -1076.4925 309.8103
f 9325 9326 9327
v 297.8868 -1085.8956 309.8083
v 298.3428 -1082.5489 309.8089
v 298.3429 -1082.5490 310.5169
f 9328 9329 9330
v 297.8869 -1085.8957 310.5163
v 297.8868 -1085.8956 309.8083
v 298.3429 -1082.5490 310.5169
f 9331 9332 9333
v 298.3428 -1082.5489 309.8089
v 297.7860 -1082.4724 309.8089
v 298.3429 -1082.5490 310.5169
f 9334 9335 9336
v 297.7861 -1082.4725 310.5169
v 298.3429 -1082.5490 310.5169
v 297.7860 -1082.4724 309.8089
f 9337 9338 9339
v 290.5263 -1072.6989 309.8110
v 290.0346 -1076.2996 309.8104
v 290.0346 -1076.2997 309.9724
f 9340 9341 9342
v 290.5263 -1072.6990 309.9730
v 290.5263 -1072.6989 309.8110
v 290.0346 -1076.2997 309.9724
f 9343 9344 9345
v 290.0346 -1076.2996 309.8104
v 291.4501 -1076.4925 309.8103
v 291.4501 -1076.4925 309.9723
f 9346 9347 9348
v 290.0346 -1076.2997 309.9724
v 290.0346 -1076.2996 309.8104
v 291.4501 -1076.4925 309.9723
f 9349 9350 9351
v 301.6046 -1079.2627 310.5173
v 299.3637 -1078.9352 313.0643
v 298.3454 -1078.7862 318.6882
f 9352 9353 9354
v 298.3449 -1078.7850 310.5175
v 298.3452 -1078.7856 314.5934
v 299.3637 -1078.9352 313.0643
f 9355 9356 9357
v 298.3449 -1078.7850 310.5175
v 299.3637 -1078.9352 313.0643
v 299.7714 -1078.9939 310.5174
f 9358 9359 9360
v 299.9748 -1079.0246 318.6971
v 301.6051 -1079.2639 318.7060
v 301.6050 -1079.2635 315.9811
f 9361 9362 9363
v 301.6046 -1079.2627 310.5173
v 299.9748 -1079.0246 318.6971
v 301.6050 -1079.2635 315.9811
f 9364 9365 9366
v 299.7714 -1078.9939 310.5174
v 299.3637 -1078.9352 313.0643
v 301.6046 -1079.2627 310.5173
f 9367 9368 9369
v 297.7861 -1082.4725 310.5169
v 298.3449 -1078.7850 310.5175
v 298.3429 -1082.5490 310.5169
f 9370 9371 9372
v 297.8869 -1085.8957 310.5163
v 299.7714 -1078.9939 310.5174
v 300.5558 -1086.2879 310.5161
f 9373 9374 9375
v 299.7714 -1078.9939 310.5174
v 297.8869 -1085.8957 310.5163
v 298.3429 -1082.5490 310.5169
f 9376 9377 9378
v 301.0589 -1082.9202 310.5167
v 300.5558 -1086.2879 310.5161
v 299.7714 -1078.9939 310.5174
f 9379 9380 9381
v 301.6046 -1079.2627 310.5173
v 301.0589 -1082.9202 310.5167
v 299.7714 -1078.9939 310.5174
f 9382 9383 9384
v 298.3429 -1082.5490 310.5169
v 298.3449 -1078.7850 310.5175
v 299.7714 -1078.9939 310.5174
f 9385 9386 9387
v 298.1805 -1079.8748 319.3040
v 299.9748 -1079.0246 318.6971
v 298.3454 -1078.7862 318.6882
f 9388 9389 9390
v 301.0594 -1082.9218 320.7773
v 301.6051 -1079.2639 318.7060
v 299.9748 -1079.0246 318.6971
f 9391 9392 9393
v 298.3434 -1082.5505 320.7765
v 298.1805 -1079.8748 319.3040
v 297.7866 -1082.4740 320.7775
f 9394 9395 9396
v 301.0594 -1082.9218 320.7773
v 299.9748 -1079.0246 318.6971
v 298.3434 -1082.5505 320.7765
f 9397 9398 9399
v 298.3434 -1082.5505 320.7765
v 299.9748 -1079.0246 318.6971
v 298.1805 -1079.8748 319.3040
f 9400 9401 9402
v 290.9486 -1079.8354 318.7794
v 287.4801 -1079.3181 318.8066
v 287.4799 -1079.3177 316.5977
f 9403 9404 9405
v 287.4798 -1079.3175 314.3898
v 287.4797 -1079.3171 312.1809
v 290.9486 -1079.8354 318.7794
f 9406 9407 9408
v 287.4795 -1079.3168 309.9720
v 290.9481 -1079.8341 309.9718
v 290.9486 -1079.8354 318.7794
f 9409 9410 9411
v 290.9486 -1079.8354 318.7794
v 287.4797 -1079.3171 312.1809
v 287.4795 -1079.3168 309.9720
f 9412 9413 9414
v 290.5263 -1072.6990 309.9730
v 287.9744 -1076.0181 309.9725
v 288.5171 -1072.4057 309.9731
f 9415 9416 9417
v 290.9481 -1079.8341 309.9718
v 287.4795 -1079.3168 309.9720
v 290.0346 -1076.2997 309.9724
f 9418 9419 9420
v 287.9744 -1076.0181 309.9725
v 290.0346 -1076.2997 309.9724
v 287.4795 -1079.3168 309.9720
f 9421 9422 9423
v 290.0346 -1076.2997 309.9724
v 287.9744 -1076.0181 309.9725
v 290.5263 -1072.6990 309.9730
f 9424 9425 9426
v 290.0346 -1076.2997 309.9724
v 291.4501 -1076.4925 309.9723
v 290.9481 -1079.8341 309.9718
f 9427 9428 9429
v 290.0352 -1076.3013 320.9300
v 287.4801 -1079.3181 318.8066
v 290.9486 -1079.8354 318.7794
f 9430 9431 9432
v 290.0352 -1076.3013 320.9300
v 291.0882 -1078.9049 319.3785
v 291.4508 -1076.4940 320.9289
f 9433 9434 9435
v 287.9750 -1076.0198 320.9301
v 287.4801 -1079.3181 318.8066
v 290.0352 -1076.3013 320.9300
f 9436 9437 9438
v 291.0882 -1078.9049 319.3785
v 290.0352 -1076.3013 320.9300
v 290.9486 -1079.8354 318.7794
f 9439 9440 9441
v 297.7866 -1082.4740 320.7775
v 290.9498 -1079.8258 321.8283
v 295.2157 -1084.2949 319.4454
f 9442 9443 9444
v 290.3856 -1083.5840 319.4767
v 295.2157 -1084.2949 319.4454
v 290.9498 -1079.8258 321.8283
f 9445 9446 9447
v 298.1807 -1079.8753 322.4039
v 291.0884 -1078.9053 322.4044
v 290.9498 -1079.8258 321.8283
f 9448 9449 9450
v 297.8874 -1085.8969 318.6870
v 295.2157 -1084.2949 319.4454
v 295.0375 -1085.4783 318.7052
f 9451 9452 9453
v 300.5563 -1086.2892 318.6698
v 295.2157 -1084.2949 319.4454
v 297.8874 -1085.8969 318.6870
f 9454 9455 9456
v 290.9498 -1079.8258 321.8283
v 297.7866 -1082.4740 320.7775
v 298.1807 -1079.8753 322.4039
f 9457 9458 9459
v 298.3434 -1082.5505 320.7765
v 297.7866 -1082.4740 320.7775
v 295.2157 -1084.2949 319.4454
f 9460 9461 9462
v 295.2157 -1084.2949 319.4454
v 301.0594 -1082.9218 320.7773
v 298.3434 -1082.5505 320.7765
f 9463 9464 9465
v 301.0594 -1082.9218 320.7773
v 295.2157 -1084.2949 319.4454
v 300.5563 -1086.2892 318.6698
f 9466 9467 9468
v 297.8869 -1085.8957 310.5163
v 300.5558 -1086.2879 310.5161
v 300.5563 -1086.2892 318.6698
f 9469 9470 9471
v 295.0370 -1085.4770 309.8085
v 297.8868 -1085.8956 309.8083
v 297.8869 -1085.8957 310.5163
f 9472 9473 9474
v 297.8869 -1085.8957 310.5163
v 300.5563 -1086.2892 318.6698
v 297.8874 -1085.8969 318.6870
f 9475 9476 9477
v 297.8874 -1085.8969 318.6870
v 295.0375 -1085.4783 318.7052
v 295.0370 -1085.4770 309.8085
f 9478 9479 9480
v 297.8874 -1085.8969 318.6870
v 295.0370 -1085.4770 309.8085
v 297.8869 -1085.8957 310.5163
f 9481 9482 9483
v 290.5267 -1072.7002 318.7316
v 290.5263 -1072.6990 309.9730
v 288.5171 -1072.4057 309.9731
f 9484 9485 9486
v 299.0778 -1073.9499 309.8104
v 290.5263 -1072.6989 309.8110
v 290.5263 -1072.6990 309.9730
f 9487 9488 9489
v 290.5267 -1072.7002 318.7316
v 288.5171 -1072.4057 309.9731
v 288.5176 -1072.4069 318.7197
f 9490 9491 9492
v 293.0208 -1073.0650 318.7454
v 299.0778 -1073.9499 309.8104
v 290.5263 -1072.6990 309.9730
f 9493 9494 9495
v 299.0784 -1073.9512 318.7810
v 299.0778 -1073.9499 309.8104
v 293.0208 -1073.0650 318.7454
f 9496 9497 9498
v 290.5267 -1072.7002 318.7316
v 293.0208 -1073.0650 318.7454
v 290.5263 -1072.6990 309.9730
f 9499 9500 9501
v 301.6046 -1079.2627 310.5173
v 301.6050 -1079.2635 315.9811
v 301.0589 -1082.9202 310.5167
f 9502 9503 9504
v 301.6050 -1079.2635 315.9811
v 301.0594 -1082.9218 320.7773
v 300.5563 -1086.2892 318.6698
f 9505 9506 9507
v 300.5558 -1086.2879 310.5161
v 301.0589 -1082.9202 310.5167
v 300.5563 -1086.2892 318.6698
f 9508 9509 9510
v 300.5563 -1086.2892 318.6698
v 301.0589 -1082.9202 310.5167
v 301.6050 -1079.2635 315.9811
f 9511 9512 9513
v 301.0594 -1082.9218 320.7773
v 301.6050 -1079.2635 315.9811
v 301.6051 -1079.2639 318.7060
f 9514 9515 9516
v 288.5176 -1072.4069 318.7197
v 287.9744 -1076.0181 309.9725
v 287.4797 -1079.3171 312.1809
f 9517 9518 9519
v 287.4797 -1079.3171 312.1809
v 287.9744 -1076.0181 309.9725
v 287.4795 -1079.3168 309.9720
f 9520 9521 9522
v 288.5176 -1072.4069 318.7197
v 287.4797 -1079.3171 312.1809
v 287.4798 -1079.3175 314.3898
f 9523 9524 9525
v 287.4799 -1079.3177 316.5977
v 287.4801 -1079.3181 318.8066
v 287.9750 -1076.0198 320.9301
f 9526 9527 9528
v 287.9744 -1076.0181 309.9725
v 288.5176 -1072.4069 318.7197
v 288.5171 -1072.4057 309.9731
f 9529 9530 9531
v 287.9750 -1076.0198 320.9301
v 288.5176 -1072.4069 318.7197
v 287.4799 -1079.3177 316.5977
f 9532 9533 9534
v 287.4799 -1079.3177 316.5977
v 288.5176 -1072.4069 318.7197
v 287.4798 -1079.3175 314.3898
f 9535 9536 9537
v 298.6235 -1076.9512 320.6155
v 299.0784 -1073.9512 318.7810
v 293.0208 -1073.0650 318.7454
f 9538 9539 9540
v 298.3456 -1078.7867 321.7381
v 298.6235 -1076.9512 320.6155
v 291.4508 -1076.4940 320.9289
f 9541 9542 9543
v 291.0884 -1078.9053 322.4044
v 298.1807 -1079.8753 322.4039
v 298.3456 -1078.7867 321.7381
f 9544 9545 9546
v 293.0208 -1073.0650 318.7454
v 291.4508 -1076.4940 320.9289
v 298.6235 -1076.9512 320.6155
f 9547 9548 9549
v 290.5267 -1072.7002 318.7316
v 290.0352 -1076.3013 320.9300
v 291.4508 -1076.4940 320.9289
f 9550 9551 9552
v 293.0208 -1073.0650 318.7454
v 290.5267 -1072.7002 318.7316
v 291.4508 -1076.4940 320.9289
f 9553 9554 9555
v 288.5176 -1072.4069 318.7197
v 287.9750 -1076.0198 320.9301
v 290.5267 -1072.7002 318.7316
f 9556 9557 9558
v 290.5267 -1072.7002 318.7316
v 287.9750 -1076.0198 320.9301
v 290.0352 -1076.3013 320.9300
f 9559 9560 9561
v 298.3456 -1078.7867 321.7381
v 291.4508 -1076.4940 320.9289
v 291.0884 -1078.9053 322.4044
f 9562 9563 9564
v 290.9486 -1079.8354 318.7794
v 291.0884 -1078.9053 322.4044
v 291.0882 -1078.9049 319.3785
f 9565 9566 9567
v 291.4508 -1076.4940 320.9289
v 291.0882 -1078.9049 319.3785
v 291.0884 -1078.9053 322.4044
f 9568 9569 9570
v 290.9498 -1079.8258 321.8283
v 291.0884 -1078.9053 322.4044
v 290.9486 -1079.8354 318.7794
f 9571 9572 9573
v 290.3856 -1083.5840 319.4767
v 290.9498 -1079.8258 321.8283
v 290.9486 -1079.8354 318.7794
f 9574 9575 9576
v 290.9481 -1079.8341 309.9718
v 290.3851 -1083.5825 309.8091
v 290.3856 -1083.5840 319.4767
f 9577 9578 9579
v 290.9486 -1079.8354 318.7794
v 290.9481 -1079.8341 309.9718
v 290.3856 -1083.5840 319.4767
f 9580 9581 9582
v 291.4501 -1076.4925 309.8103
v 290.3851 -1083.5825 309.8091
v 290.9481 -1079.8341 309.9718
f 9583 9584 9585
v 290.9481 -1079.8341 309.9718
v 291.4501 -1076.4925 309.9723
v 291.4501 -1076.4925 309.8103
f 9586 9587 9588
v 298.3456 -1078.7867 321.7381
v 298.3454 -1078.7862 318.6882
v 298.6235 -1076.9512 320.6155
f 9589 9590 9591
v 298.1805 -1079.8748 319.3040
v 298.1807 -1079.8753 322.4039
v 297.7866 -1082.4740 320.7775
f 9592 9593 9594
v 298.3456 -1078.7867 321.7381
v 298.1807 -1079.8753 322.4039
v 298.1805 -1079.8748 319.3040
f 9595 9596 9597
v 298.1805 -1079.8748 319.3040
v 298.3454 -1078.7862 318.6882
v 298.3456 -1078.7867 321.7381
f 9598 9599 9600
v 298.6235 -1076.9512 320.6155
v 298.3454 -1078.7862 318.6882
v 299.0784 -1073.9512 318.7810
f 9601 9602 9603
v 299.0778 -1073.9499 309.8104
v 299.0784 -1073.9512 318.7810
v 298.3452 -1078.7856 314.5934
f 9604 9605 9606
v 298.3454 -1078.7862 318.6882
v 298.3452 -1078.7856 314.5934
v 299.0784 -1073.9512 318.7810
f 9607 9608 9609
v 298.6289 -1076.9127 309.8099
v 299.0778 -1073.9499 309.8104
v 298.3452 -1078.7856 314.5934
f 9610 9611 9612
v 298.3452 -1078.7856 314.5934
v 298.3449 -1078.7850 310.5175
v 298.6289 -1076.9127 309.8099
f 9613 9614 9615
v 297.7860 -1082.4724 309.8089
v 298.6289 -1076.9127 309.8099
v 298.3449 -1078.7850 310.5175
f 9616 9617 9618
v 297.7861 -1082.4725 310.5169
v 297.7860 -1082.4724 309.8089
v 298.3449 -1078.7850 310.5175
f 9619 9620 9621
v 295.2151 -1084.2935 309.8087
v 295.2157 -1084.2949 319.4454
v 290.3856 -1083.5840 319.4767
f 9622 9623 9624
v 295.2151 -1084.2935 309.8087
v 290.3856 -1083.5840 319.4767
v 290.3851 -1083.5825 309.8091
f 9625 9626 9627
v 301.6046 -1079.2627 310.5173
v 298.3454 -1078.7862 318.6882
v 299.9748 -1079.0246 318.6971
f 9628 9629 9630
v 299.3637 -1078.9352 313.0643
v 298.3452 -1078.7856 314.5934
v 298.3454 -1078.7862 318.6882
f 9631 9632 9633
v 295.2157 -1084.2949 319.4454
v 295.0370 -1085.4770 309.8085
v 295.0375 -1085.4783 318.7052
f 9634 9635 9636
v 295.0370 -1085.4770 309.8085
v 295.2157 -1084.2949 319.4454
v 295.2151 -1084.2935 309.8087
f 9637 9638 9639
v 290.9486 -1079.8354 318.7794
v 287.4799 -1079.3177 316.5977
v 287.4798 -1079.3175 314.3898
f 9640 9641 9642

g building_ID_4E90C5C6-2FD5-4FEC-82E7-4D7C396F5193
v 302.9664 -1046.7385 303.0400
v 303.1036 -1045.8929 303.0402
v 302.9814 -1046.7406 303.0400
f 9643 9644 9645
v 302.9669 -1046.7397 311.5146
v 302.9819 -1046.7418 311.5146
v 303.1042 -1045.8942 312.3368
f 9646 9647 9648
v 302.9819 -1046.7418 311.5146
v 303.1036 -1045.8929 303.0402
v 303.1042 -1045.8942 312.3368
f 9649 9650 9651
v 303.1036 -1045.8929 303.0402
v 302.9819 -1046.7418 311.5146
v 302.9814 -1046.7406 303.0400
f 9652 9653 9654
v 303.1036 -1045.8929 303.0402
v 306.0761 -1046.3231 312.3725
v 303.1042 -1045.8942 312.3368
f 9655 9656 9657
v 302.9669 -1046.7397 311.5146
v 302.9664 -1046.7385 303.0400
v 302.9819 -1046.7418 311.5146
f 9658 9659 9660
v 302.9819 -1046.7418 311.5146
v 302.9664 -1046.7385 303.0400
v 302.9814 -1046.7406 303.0400
f 9661 9662 9663
v 296.0335 -1044.0889 302.9378
v 303.0996 -1045.8919 302.9372
v 302.6805 -1048.5597 302.9367
f 9664 9665 9666
v 296.0335 -1044.0889 302.9378
v 296.2760 -1042.4186 302.9380
v 303.2024 -1045.2331 302.9373
f 9667 9668 9669
v 296.0335 -1044.0889 302.9378
v 302.6805 -1048.5597 302.9367
v 295.5333 -1047.5266 302.9372
f 9670 9671 9672
v 303.9532 -1040.4602 302.9380
v 296.2760 -1042.4186 302.9380
v 296.7130 -1039.4137 302.9385
f 9673 9674 9675
v 296.0335 -1044.0889 302.9378
v 303.2024 -1045.2331 302.9373
v 303.0996 -1045.8919 302.9372
f 9676 9677 9678
v 303.9532 -1040.4602 302.9380
v 303.2024 -1045.2331 302.9373
v 296.2760 -1042.4186 302.9380
f 9679 9680 9681
v 303.1004 -1045.8936 315.4147
v 299.7093 -1048.1312 313.3165
v 302.6811 -1048.5612 313.3443
f 9682 9683 9684
v 296.0342 -1044.0907 315.9403
v 303.1004 -1045.8936 315.4147
v 303.2062 -1045.2160 315.9398
f 9685 9686 9687
v 303.1004 -1045.8936 315.4147
v 296.0342 -1044.0907 315.9403
v 299.7093 -1048.1312 313.3165
f 9688 9689 9690
v 296.0342 -1044.0907 315.9403
v 295.5339 -1047.5280 313.2768
v 299.7093 -1048.1312 313.3165
f 9691 9692 9693
v 295.5338 -1047.5276 310.4179
v 299.7093 -1048.1312 313.3165
v 295.5339 -1047.5280 313.2768
f 9694 9695 9696
v 295.5338 -1047.5276 310.4179
v 295.5335 -1047.5269 305.4711
v 302.6811 -1048.5612 313.3443
f 9697 9698 9699
v 295.5333 -1047.5266 302.9372
v 302.6805 -1048.5597 302.9367
v 302.6811 -1048.5612 313.3443
f 9700 9701 9702
v 295.5335 -1047.5269 305.4711
v 295.5333 -1047.5266 302.9372
v 302.6811 -1048.5612 313.3443
f 9703 9704 9705
v 303.1993 -1045.2592 303.0403
v 306.0755 -1046.3218 303.0399
v 303.1036 -1045.8929 303.0402
f 9706 9707 9708
v 306.4377 -1044.0158 303.0403
v 303.1993 -1045.2592 303.0403
v 303.9532 -1040.4602 303.0410
f 9709 9710 9711
v 303.1993 -1045.2592 303.0403
v 306.4377 -1044.0158 303.0403
v 306.0755 -1046.3218 303.0399
f 9712 9713 9714
v 306.9280 -1040.8902 303.0408
v 306.4377 -1044.0158 303.0403
v 303.9532 -1040.4602 303.0410
f 9715 9716 9717
v 306.0761 -1046.3231 312.3725
v 306.4383 -1044.0175 314.6128
v 303.2061 -1045.2155 312.9959
f 9718 9719 9720
v 303.2061 -1045.2155 312.9959
v 303.1042 -1045.8942 312.3368
v 306.0761 -1046.3231 312.3725
f 9721 9722 9723
v 303.4686 -1043.5505 314.6130
v 303.2061 -1045.2155 312.9959
v 306.4383 -1044.0175 314.6128
f 9724 9725 9726
v 296.7136 -1039.4150 312.0491
v 296.2767 -1042.4203 314.6135
v 299.8012 -1042.9747 314.6133
f 9727 9728 9729
v 299.8012 -1042.9747 314.6133
v 300.2792 -1039.9306 312.0109
v 296.7136 -1039.4150 312.0491
f 9730 9731 9732
v 300.2792 -1039.9306 312.0109
v 299.8012 -1042.9747 314.6133
v 303.4686 -1043.5505 314.6130
f 9733 9734 9735
v 303.9537 -1040.4614 311.9726
v 303.4686 -1043.5505 314.6130
v 306.4383 -1044.0175 314.6128
f 9736 9737 9738
v 306.4383 -1044.0175 314.6128
v 306.9285 -1040.8915 311.9404
v 303.9537 -1040.4614 311.9726
f 9739 9740 9741
v 300.2792 -1039.9306 312.0109
v 303.4686 -1043.5505 314.6130
v 303.9537 -1040.4614 311.9726
f 9742 9743 9744
v 306.9285 -1040.8915 311.9404
v 306.4383 -1044.0175 314.6128
v 306.0761 -1046.3231 312.3725
f 9745 9746 9747
v 306.9280 -1040.8902 303.0408
v 306.9285 -1040.8915 311.9404
v 306.0761 -1046.3231 312.3725
f 9748 9749 9750
v 306.9280 -1040.8902 303.0408
v 306.0757 -1046.3223 306.5397
v 306.4377 -1044.0158 303.0403
f 9751 9752 9753
v 306.0755 -1046.3218 303.0399
v 306.4377 -1044.0158 303.0403
v 306.0757 -1046.3223 306.5397
f 9754 9755 9756
v 306.0761 -1046.3231 312.3725
v 306.0757 -1046.3223 306.5397
v 306.9280 -1040.8902 303.0408
f 9757 9758 9759
v 300.2792 -1039.9306 312.0109
v 303.9532 -1040.4602 303.0410
v 296.7130 -1039.4137 302.9385
f 9760 9761 9762
v 296.7136 -1039.4150 312.0491
v 300.2792 -1039.9306 312.0109
v 296.7130 -1039.4137 302.9385
f 9763 9764 9765
v 303.9532 -1040.4602 303.0410
v 300.2792 -1039.9306 312.0109
v 303.9537 -1040.4614 311.9726
f 9766 9767 9768
v 303.9532 -1040.4602 303.0410
v 306.9285 -1040.8915 311.9404
v 306.9280 -1040.8902 303.0408
f 9769 9770 9771
v 296.7130 -1039.4137 302.9385
v 303.9532 -1040.4602 303.0410
v 303.9532 -1040.4602 302.9380
f 9772 9773 9774
v 303.9537 -1040.4614 311.9726
v 306.9285 -1040.8915 311.9404
v 303.9532 -1040.4602 303.0410
f 9775 9776 9777
v 299.8012 -1042.9747 314.6133
v 296.2767 -1042.4203 314.6135
v 296.0342 -1044.0907 315.9403
f 9778 9779 9780
v 303.4686 -1043.5505 314.6130
v 299.8012 -1042.9747 314.6133
v 303.2062 -1045.2160 315.9398
f 9781 9782 9783
v 296.0342 -1044.0907 315.9403
v 303.2062 -1045.2160 315.9398
v 299.8012 -1042.9747 314.6133
f 9784 9785 9786
v 295.5338 -1047.5276 310.4179
v 296.0342 -1044.0907 315.9403
v 296.2767 -1042.4203 314.6135
f 9787 9788 9789
v 296.0342 -1044.0907 315.9403
v 295.5338 -1047.5276 310.4179
v 295.5339 -1047.5280 313.2768
f 9790 9791 9792
v 295.5338 -1047.5276 310.4179
v 296.2767 -1042.4203 314.6135
v 296.7136 -1039.4150 312.0491
f 9793 9794 9795
v 296.2760 -1042.4186 302.9380
v 296.7136 -1039.4150 312.0491
v 296.7130 -1039.4137 302.9385
f 9796 9797 9798
v 296.0335 -1044.0889 302.9378
v 296.7136 -1039.4150 312.0491
v 296.2760 -1042.4186 302.9380
f 9799 9800 9801
v 295.5333 -1047.5266 302.9372
v 295.5335 -1047.5269 305.4711
v 296.0335 -1044.0889 302.9378
f 9802 9803 9804
v 296.7136 -1039.4150 312.0491
v 296.0335 -1044.0889 302.9378
v 295.5335 -1047.5269 305.4711
f 9805 9806 9807
v 295.5338 -1047.5276 310.4179
v 296.7136 -1039.4150 312.0491
v 295.5335 -1047.5269 305.4711
f 9808 9809 9810
v 303.1004 -1045.8936 315.4147
v 303.4686 -1043.5505 314.6130
v 303.2062 -1045.2160 315.9398
f 9811 9812 9813
v 302.6811 -1048.5612 313.3443
v 303.1042 -1045.8942 312.3368
v 303.1004 -1045.8936 315.4147
f 9814 9815 9816
v 303.4686 -1043.5505 314.6130
v 303.1004 -1045.8936 315.4147
v 303.2061 -1045.2155 312.9959
f 9817 9818 9819
v 303.1004 -1045.8936 315.4147
v 303.1042 -1045.8942 312.3368
v 303.2061 -1045.2155 312.9959
f 9820 9821 9822
v 303.1993 -1045.2592 303.0403
v 303.9532 -1040.4602 302.9380
v 303.9532 -1040.4602 303.0410
f 9823 9824 9825
v 302.9669 -1046.7397 311.5146
v 303.1042 -1045.8942 312.3368
v 302.6811 -1048.5612 313.3443
f 9826 9827 9828
v 302.6805 -1048.5597 302.9367
v 302.9664 -1046.7385 303.0400
v 302.6811 -1048.5612 313.3443
f 9829 9830 9831
v 303.0996 -1045.8919 302.9372
v 303.1036 -1045.8929 303.0402
v 302.9664 -1046.7385 303.0400
f 9832 9833 9834
v 302.6805 -1048.5597 302.9367
v 303.0996 -1045.8919 302.9372
v 302.9664 -1046.7385 303.0400
f 9835 9836 9837
v 303.9532 -1040.4602 302.9380
v 303.1993 -1045.2592 303.0403
v 303.2024 -1045.2331 302.9373
f 9838 9839 9840
v 303.1993 -1045.2592 303.0403
v 303.1036 -1045.8929 303.0402
v 303.2024 -1045.2331 302.9373
f 9841 9842 9843
v 303.0996 -1045.8919 302.9372
v 303.2024 -1045.2331 302.9373
v 303.1036 -1045.8929 303.0402
f 9844 9845 9846
v 302.6811 -1048.5612 313.3443
v 302.9664 -1046.7385 303.0400
v 302.9669 -1046.7397 311.5146
f 9847 9848 9849
v 303.1036 -1045.8929 303.0402
v 306.0757 -1046.3223 306.5397
v 306.0761 -1046.3231 312.3725
f 9850 9851 9852
v 306.0757 -1046.3223 306.5397
v 303.1036 -1045.8929 303.0402
v 306.0755 -1046.3218 303.0399
f 9853 9854 9855
v 302.6811 -1048.5612 313.3443
v 299.7093 -1048.1312 313.3165
v 295.5338 -1047.5276 310.4179
f 9856 9857 9858

g building_ID_0108262F-FBF3-4F29-9C7C-2E166620F56A
v 355.0915 -1041.3121 301.4562
v 352.1631 -1051.9301 301.4546
v 348.2889 -1050.8617 301.4550
f 9859 9860 9861
v 348.0417 -1039.3632 301.4569
v 348.2889 -1050.8617 301.4550
v 344.9734 -1049.9469 301.4554
f 9862 9863 9864
v 348.1337 -1039.0284 301.4570
v 348.0417 -1039.3632 301.4569
v 347.9748 -1038.9859 301.4570
f 9865 9866 9867
v 344.9734 -1049.9469 301.4554
v 347.9748 -1038.9859 301.4570
v 348.0417 -1039.3632 301.4569
f 9868 9869 9870
v 348.0417 -1039.3632 301.4569
v 355.0915 -1041.3121 301.4562
v 348.2889 -1050.8617 301.4550
f 9871 9872 9873
v 348.2898 -1050.8635 314.3055
v 348.0424 -1039.3646 311.4055
v 344.9740 -1049.9482 311.2110
f 9874 9875 9876
v 347.9755 -1038.9873 311.2606
v 348.0424 -1039.3646 311.4055
v 348.1343 -1039.0298 311.4086
f 9877 9878 9879
v 348.2898 -1050.8635 314.3055
v 351.1513 -1040.2242 314.3071
v 348.0424 -1039.3646 311.4055
f 9880 9881 9882
v 344.9740 -1049.9482 311.2110
v 348.0424 -1039.3646 311.4055
v 347.9755 -1038.9873 311.2606
f 9883 9884 9885
v 348.1337 -1039.0284 301.4570
v 348.1343 -1039.0298 311.4086
v 348.0417 -1039.3632 301.4569
f 9886 9887 9888
v 347.9748 -1038.9859 301.4570
v 347.9755 -1038.9873 311.2606
v 348.1343 -1039.0298 311.4086
f 9889 9890 9891
v 347.9748 -1038.9859 301.4570
v 348.1343 -1039.0298 311.4086
v 348.1337 -1039.0284 301.4570
f 9892 9893 9894
v 344.9734 -1049.9469 301.4554
v 344.9740 -1049.9482 311.2110
v 347.9748 -1038.9859 301.4570
f 9895 9896 9897
v 351.1513 -1040.2242 314.3071
v 348.2898 -1050.8635 314.3055
v 355.0921 -1041.3134 310.7738
f 9898 9899 9900
v 352.1636 -1051.9314 310.8342
v 355.0921 -1041.3134 310.7738
v 348.2898 -1050.8635 314.3055
f 9901 9902 9903
v 344.9740 -1049.9482 311.2110
v 348.2889 -1050.8617 301.4550
v 352.1631 -1051.9301 301.4546
f 9904 9905 9906
v 344.9740 -1049.9482 311.2110
v 344.9734 -1049.9469 301.4554
v 348.2889 -1050.8617 301.4550
f 9907 9908 9909
v 344.9740 -1049.9482 311.2110
v 352.1636 -1051.9314 310.8342
v 348.2898 -1050.8635 314.3055
f 9910 9911 9912
v 352.1631 -1051.9301 301.4546
v 352.1636 -1051.9314 310.8342
v 344.9740 -1049.9482 311.2110
f 9913 9914 9915
v 352.1636 -1051.9314 310.8342
v 352.1631 -1051.9301 301.4546
v 355.0915 -1041.3121 301.4562
f 9916 9917 9918
v 355.0921 -1041.3134 310.7738
v 352.1636 -1051.9314 310.8342
v 355.0915 -1041.3121 301.4562
f 9919 9920 9921
v 355.0921 -1041.3134 310.7738
v 348.0424 -1039.3646 311.4055
v 351.1513 -1040.2242 314.3071
f 9922 9923 9924
v 348.0417 -1039.3632 301.4569
v 348.0424 -1039.3646 311.4055
v 355.0915 -1041.3121 301.4562
f 9925 9926 9927
v 355.0921 -1041.3134 310.7738
v 355.0915 -1041.3121 301.4562
v 348.0424 -1039.3646 311.4055
f 9928 9929 9930
v 348.0417 -1039.3632 301.4569
v 348.1343 -1039.0298 311.4086
v 348.0424 -1039.3646 311.4055
f 9931 9932 9933
v 344.9740 -1049.9482 311.2110
v 347.9755 -1038.9873 311.2606
v 347.9748 -1038.9859 301.4570
f 9934 9935 9936

g building_ID_56F09CD9-223D-41C4-B781-49CAF34BF806
v 347.4362 -1038.8415 301.4571
v 344.5154 -1036.8997 301.4575
v 347.7180 -1037.7953 301.4572
f 9937 9938 9939
v 344.9150 -1048.2217 301.4557
v 340.9901 -1035.9133 301.4579
v 347.4362 -1038.8415 301.4571
f 9940 9941 9942
v 340.9901 -1035.9133 301.4579
v 344.5154 -1036.8997 301.4575
v 347.4362 -1038.8415 301.4571
f 9943 9944 9945
v 344.9150 -1048.2217 301.4557
v 347.4362 -1038.8415 301.4571
v 347.9748 -1038.9859 301.4570
f 9946 9947 9948
v 345.1993 -1048.4955 301.4556
v 344.8665 -1048.4036 301.4556
v 344.9150 -1048.2217 301.4557
f 9949 9950 9951
v 344.8135 -1049.9034 301.4554
v 345.1993 -1048.4955 301.4556
v 344.9734 -1049.9469 301.4554
f 9952 9953 9954
v 347.9748 -1038.9859 301.4570
v 344.9734 -1049.9469 301.4554
v 345.1993 -1048.4955 301.4556
f 9955 9956 9957
v 338.1000 -1046.3905 301.4563
v 340.9901 -1035.9133 301.4579
v 341.7034 -1047.3581 301.4560
f 9958 9959 9960
v 341.7034 -1047.3581 301.4560
v 340.9901 -1035.9133 301.4579
v 344.9150 -1048.2217 301.4557
f 9961 9962 9963
v 345.1993 -1048.4955 301.4556
v 344.9150 -1048.2217 301.4557
v 347.9748 -1038.9859 301.4570
f 9964 9965 9966
v 347.4368 -1038.8428 310.7598
v 347.7186 -1037.7966 310.7599
v 344.5162 -1036.9014 313.6631
f 9967 9968 9969
v 344.9157 -1048.2230 310.7583
v 347.4368 -1038.8428 310.7598
v 341.7042 -1047.3599 313.6615
f 9970 9971 9972
v 344.5162 -1036.9014 313.6631
v 341.7042 -1047.3599 313.6615
v 347.4368 -1038.8428 310.7598
f 9973 9974 9975
v 344.9740 -1049.9482 311.2110
v 345.1999 -1048.4969 311.0692
v 344.8142 -1049.9048 311.0620
f 9976 9977 9978
v 344.9740 -1049.9482 311.2110
v 347.9755 -1038.9873 311.2606
v 345.1999 -1048.4969 311.0692
f 9979 9980 9981
v 347.9755 -1038.9873 311.2606
v 347.4368 -1038.8428 310.7598
v 345.1999 -1048.4969 311.0692
f 9982 9983 9984
v 344.9157 -1048.2230 310.7583
v 344.8672 -1048.4049 310.7582
v 345.1999 -1048.4969 311.0692
f 9985 9986 9987
v 345.1999 -1048.4969 311.0692
v 347.4368 -1038.8428 310.7598
v 344.9157 -1048.2230 310.7583
f 9988 9989 9990
v 344.5162 -1036.9014 313.6631
v 340.9907 -1035.9146 310.9966
v 339.5951 -1040.9749 310.9707
f 9991 9992 9993
v 344.5162 -1036.9014 313.6631
v 339.5951 -1040.9749 310.9707
v 341.7042 -1047.3599 313.6615
f 9994 9995 9996
v 338.1006 -1046.3918 310.9429
v 341.7042 -1047.3599 313.6615
v 339.5951 -1040.9749 310.9707
f 9997 9998 9999
v 347.7180 -1037.7953 301.4572
v 347.7186 -1037.7966 310.7599
v 347.4368 -1038.8428 310.7598
f 10000 10001 10002
v 345.1993 -1048.4955 301.4556
v 344.8135 -1049.9034 301.4554
v 344.8142 -1049.9048 311.0620
f 10003 10004 10005
v 344.8142 -1049.9048 311.0620
v 345.1999 -1048.4969 311.0692
v 345.1993 -1048.4955 301.4556
f 10006 10007 10008
v 347.9748 -1038.9859 301.4570
v 347.9755 -1038.9873 311.2606
v 344.9740 -1049.9482 311.2110
f 10009 10010 10011
v 347.4362 -1038.8415 301.4571
v 347.4368 -1038.8428 310.7598
v 347.9748 -1038.9859 301.4570
f 10012 10013 10014
v 344.8665 -1048.4036 301.4556
v 344.8672 -1048.4049 310.7582
v 344.9150 -1048.2217 301.4557
f 10015 10016 10017
v 344.9157 -1048.2230 310.7583
v 344.9150 -1048.2217 301.4557
v 344.8672 -1048.4049 310.7582
f 10018 10019 10020
v 344.8665 -1048.4036 301.4556
v 345.1999 -1048.4969 311.0692
v 344.8672 -1048.4049 310.7582
f 10021 10022 10023
v 345.1993 -1048.4955 301.4556
v 345.1999 -1048.4969 311.0692
v 344.8665 -1048.4036 301.4556
f 10024 10025 10026
v 339.5951 -1040.9749 310.9707
v 340.9903 -1035.9139 306.2117
v 338.1006 -1046.3918 310.9429
f 10027 10028 10029
v 338.1000 -1046.3905 301.4563
v 338.1003 -1046.3912 306.1741
v 340.9901 -1035.9133 301.4579
f 10030 10031 10032
v 347.7186 -1037.7966 310.7599
v 340.9903 -1035.9139 306.2117
v 340.9907 -1035.9146 310.9966
f 10033 10034 10035
v 344.5162 -1036.9014 313.6631
v 347.7186 -1037.7966 310.7599
v 340.9907 -1035.9146 310.9966
f 10036 10037 10038
v 344.5154 -1036.8997 301.4575
v 347.7186 -1037.7966 310.7599
v 347.7180 -1037.7953 301.4572
f 10039 10040 10041
v 344.5154 -1036.8997 301.4575
v 340.9901 -1035.9133 301.4579
v 340.9903 -1035.9139 306.2117
f 10042 10043 10044
v 347.7186 -1037.7966 310.7599
v 344.5154 -1036.8997 301.4575
v 340.9903 -1035.9139 306.2117
f 10045 10046 10047
v 341.7034 -1047.3581 301.4560
v 344.9150 -1048.2217 301.4557
v 344.9157 -1048.2230 310.7583
f 10048 10049 10050
v 341.7034 -1047.3581 301.4560
v 338.1003 -1046.3912 306.1741
v 338.1000 -1046.3905 301.4563
f 10051 10052 10053
v 338.1003 -1046.3912 306.1741
v 341.7034 -1047.3581 301.4560
v 344.9157 -1048.2230 310.7583
f 10054 10055 10056
v 338.1006 -1046.3918 310.9429
v 338.1003 -1046.3912 306.1741
v 344.9157 -1048.2230 310.7583
f 10057 10058 10059
v 338.1006 -1046.3918 310.9429
v 344.9157 -1048.2230 310.7583
v 341.7042 -1047.3599 313.6615
f 10060 10061 10062
v 347.7180 -1037.7953 301.4572
v 347.4368 -1038.8428 310.7598
v 347.4362 -1038.8415 301.4571
f 10063 10064 10065
v 344.8135 -1049.9034 301.4554
v 344.9734 -1049.9469 301.4554
v 344.8142 -1049.9048 311.0620
f 10066 10067 10068
v 344.9740 -1049.9482 311.2110
v 344.8142 -1049.9048 311.0620
v 344.9734 -1049.9469 301.4554
f 10069 10070 10071
v 347.9748 -1038.9859 301.4570
v 344.9740 -1049.9482 311.2110
v 344.9734 -1049.9469 301.4554
f 10072 10073 10074
v 347.4368 -1038.8428 310.7598
v 347.9755 -1038.9873 311.2606
v 347.9748 -1038.9859 301.4570
f 10075 10076 10077
v 340.9901 -1035.9133 301.4579
v 338.1006 -1046.3918 310.9429
v 340.9903 -1035.9139 306.2117
f 10078 10079 10080
v 338.1003 -1046.3912 306.1741
v 338.1006 -1046.3918 310.9429
v 340.9901 -1035.9133 301.4579
f 10081 10082 10083
v 339.5951 -1040.9749 310.9707
v 340.9907 -1035.9146 310.9966
v 340.9903 -1035.9139 306.2117
f 10084 10085 10086

g building_ID_0BC3617D-4780-4E64-B39A-528F3F9F8A85
v 321.4381 -1040.7999 301.9551
v 319.5076 -1042.1188 301.9550
v 317.1627 -1038.3755 301.9557
f 10087 10088 10089
v 317.1627 -1038.3755 301.9557
v 318.1242 -1031.8181 301.9567
v 321.4381 -1040.7999 301.9551
f 10090 10091 10092
v 319.5076 -1042.1188 301.9550
v 316.6747 -1041.7032 301.9552
v 316.8081 -1040.7915 301.9553
f 10093 10094 10095
v 317.1627 -1038.3755 301.9557
v 319.5076 -1042.1188 301.9550
v 316.8081 -1040.7915 301.9553
f 10096 10097 10098
v 321.3383 -1041.4847 301.9550
v 321.2079 -1042.3683 301.9548
v 319.5076 -1042.1188 301.9550
f 10099 10100 10101
v 328.3483 -1034.7495 301.9557
v 318.1242 -1031.8181 301.9567
v 328.5601 -1033.3361 301.9559
f 10102 10103 10104
v 318.1242 -1031.8181 301.9567
v 328.3483 -1034.7495 301.9557
v 327.9634 -1037.3394 301.9553
f 10105 10106 10107
v 325.1027 -1041.3387 301.9548
v 318.1242 -1031.8181 301.9567
v 327.9634 -1037.3394 301.9553
f 10108 10109 10110
v 319.5076 -1042.1188 301.9550
v 321.4381 -1040.7999 301.9551
v 321.3383 -1041.4847 301.9550
f 10111 10112 10113
v 325.1027 -1041.3387 301.9548
v 321.4381 -1040.7999 301.9551
v 318.1242 -1031.8181 301.9567
f 10114 10115 10116
v 327.5764 -1039.9294 301.9549
v 327.3168 -1041.6637 301.9547
v 325.1027 -1041.3387 301.9548
f 10117 10118 10119
v 327.9634 -1037.3394 301.9553
v 327.5764 -1039.9294 301.9549
v 325.1027 -1041.3387 301.9548
f 10120 10121 10122
v 317.1632 -1038.3768 311.4044
v 327.5770 -1039.9307 311.4035
v 327.9641 -1037.3411 313.6159
f 10123 10124 10125
v 327.9641 -1037.3411 313.6159
v 317.5433 -1035.7861 313.6167
v 317.1632 -1038.3768 311.4044
f 10126 10127 10128
v 317.5433 -1035.7861 313.6167
v 327.9641 -1037.3411 313.6159
v 328.3489 -1034.7508 311.4043
f 10129 10130 10131
v 328.3489 -1034.7508 311.4043
v 317.9231 -1033.1949 311.4052
v 317.5433 -1035.7861 313.6167
f 10132 10133 10134
v 328.3489 -1034.7508 311.4043
v 328.5606 -1033.3373 310.6276
v 324.0924 -1032.6873 310.6380
f 10135 10136 10137
v 317.9231 -1033.1949 311.4052
v 324.0924 -1032.6873 310.6380
v 318.1248 -1031.8193 310.6504
f 10138 10139 10140
v 328.3489 -1034.7508 311.4043
v 324.0924 -1032.6873 310.6380
v 317.9231 -1033.1949 311.4052
f 10141 10142 10143
v 321.2084 -1042.3694 309.8965
v 316.8087 -1040.7927 310.0760
v 316.6752 -1041.7043 309.8949
f 10144 10145 10146
v 316.8087 -1040.7927 310.0760
v 321.2084 -1042.3694 309.8965
v 321.3408 -1041.4698 310.0757
f 10147 10148 10149
v 327.3172 -1041.6645 308.3265
v 327.3173 -1041.6649 310.4504
v 325.2231 -1041.3572 310.4485
f 10150 10151 10152
v 327.3170 -1041.6643 306.2025
v 327.3172 -1041.6645 308.3265
v 325.2231 -1041.3572 310.4485
f 10153 10154 10155
v 327.3168 -1041.6637 301.9547
v 327.3169 -1041.6639 304.0786
v 325.1027 -1041.3387 301.9548
f 10156 10157 10158
v 327.3170 -1041.6643 306.2025
v 325.1027 -1041.3387 301.9548
v 327.3169 -1041.6639 304.0786
f 10159 10160 10161
v 324.0103 -1041.1784 305.6678
v 322.9081 -1041.0170 310.4457
v 321.4386 -1040.8012 310.4438
f 10162 10163 10164
v 325.1027 -1041.3387 301.9548
v 324.0103 -1041.1784 305.6678
v 321.4381 -1040.7999 301.9551
f 10165 10166 10167
v 328.5605 -1033.3369 308.4547
v 318.1242 -1031.8181 301.9567
v 324.0924 -1032.6873 310.6380
f 10168 10169 10170
v 328.5605 -1033.3369 308.4547
v 324.0924 -1032.6873 310.6380
v 328.5606 -1033.3373 310.6276
f 10171 10172 10173
v 318.1242 -1031.8181 301.9567
v 328.5602 -1033.3363 304.1078
v 328.5601 -1033.3361 301.9559
f 10174 10175 10176
v 328.5603 -1033.3367 306.2807
v 328.5602 -1033.3363 304.1078
v 318.1242 -1031.8181 301.9567
f 10177 10178 10179
v 319.5076 -1042.1188 301.9550
v 321.2079 -1042.3683 301.9548
v 321.2081 -1042.3687 304.9327
f 10180 10181 10182
v 319.5076 -1042.1188 301.9550
v 321.2081 -1042.3687 304.9327
v 321.2084 -1042.3694 309.8965
f 10183 10184 10185
v 321.2084 -1042.3694 309.8965
v 316.6752 -1041.7043 309.8949
v 316.6750 -1041.7039 306.9170
f 10186 10187 10188
v 316.6750 -1041.7039 306.9170
v 316.6747 -1041.7032 301.9552
v 321.2084 -1042.3694 309.8965
f 10189 10190 10191
v 316.6747 -1041.7032 301.9552
v 319.5076 -1042.1188 301.9550
v 321.2084 -1042.3694 309.8965
f 10192 10193 10194
v 325.2231 -1041.3572 310.4485
v 327.3173 -1041.6649 310.4504
v 327.5770 -1039.9307 311.4035
f 10195 10196 10197
v 327.5770 -1039.9307 311.4035
v 322.9081 -1041.0170 310.4457
v 325.2231 -1041.3572 310.4485
f 10198 10199 10200
v 322.9081 -1041.0170 310.4457
v 327.5770 -1039.9307 311.4035
v 317.1632 -1038.3768 311.4044
f 10201 10202 10203
v 316.8087 -1040.7927 310.0760
v 321.3408 -1041.4698 310.0757
v 321.4386 -1040.8012 310.4438
f 10204 10205 10206
v 317.1632 -1038.3768 311.4044
v 316.8087 -1040.7927 310.0760
v 321.4386 -1040.8012 310.4438
f 10207 10208 10209
v 317.1632 -1038.3768 311.4044
v 321.4386 -1040.8012 310.4438
v 322.9081 -1041.0170 310.4457
f 10210 10211 10212
v 316.8087 -1040.7927 310.0760
v 316.6750 -1041.7039 306.9170
v 316.6752 -1041.7043 309.8949
f 10213 10214 10215
v 317.1627 -1038.3755 301.9557
v 316.6750 -1041.7039 306.9170
v 316.8087 -1040.7927 310.0760
f 10216 10217 10218
v 317.1632 -1038.3768 311.4044
v 317.1627 -1038.3755 301.9557
v 316.8087 -1040.7927 310.0760
f 10219 10220 10221
v 316.8081 -1040.7915 301.9553
v 316.6750 -1041.7039 306.9170
v 317.1627 -1038.3755 301.9557
f 10222 10223 10224
v 316.6747 -1041.7032 301.9552
v 316.6750 -1041.7039 306.9170
v 316.8081 -1040.7915 301.9553
f 10225 10226 10227
v 317.1627 -1038.3755 301.9557
v 317.1632 -1038.3768 311.4044
v 318.1242 -1031.8181 301.9567
f 10228 10229 10230
v 317.9231 -1033.1949 311.4052
v 318.1242 -1031.8181 301.9567
v 317.5433 -1035.7861 313.6167
f 10231 10232 10233
v 318.1242 -1031.8181 301.9567
v 317.9231 -1033.1949 311.4052
v 318.1248 -1031.8193 310.6504
f 10234 10235 10236
v 317.1632 -1038.3768 311.4044
v 317.5433 -1035.7861 313.6167
v 318.1242 -1031.8181 301.9567
f 10237 10238 10239
v 321.3408 -1041.4698 310.0757
v 321.4385 -1040.8008 308.3199
v 321.4386 -1040.8012 310.4438
f 10240 10241 10242
v 321.2084 -1042.3694 309.8965
v 321.4381 -1040.7999 301.9551
v 321.4385 -1040.8008 308.3199
f 10243 10244 10245
v 321.4385 -1040.8008 308.3199
v 321.3408 -1041.4698 310.0757
v 321.2084 -1042.3694 309.8965
f 10246 10247 10248
v 321.2084 -1042.3694 309.8965
v 321.2081 -1042.3687 304.9327
v 321.4381 -1040.7999 301.9551
f 10249 10250 10251
v 321.3383 -1041.4847 301.9550
v 321.2081 -1042.3687 304.9327
v 321.2079 -1042.3683 301.9548
f 10252 10253 10254
v 321.3383 -1041.4847 301.9550
v 321.4381 -1040.7999 301.9551
v 321.2081 -1042.3687 304.9327
f 10255 10256 10257
v 328.5605 -1033.3369 308.4547
v 328.5606 -1033.3373 310.6276
v 328.3489 -1034.7508 311.4043
f 10258 10259 10260
v 328.5605 -1033.3369 308.4547
v 328.3489 -1034.7508 311.4043
v 327.5770 -1039.9307 311.4035
f 10261 10262 10263
v 328.5603 -1033.3367 306.2807
v 328.5605 -1033.3369 308.4547
v 327.3172 -1041.6645 308.3265
f 10264 10265 10266
v 327.9634 -1037.3394 301.9553
v 328.3483 -1034.7495 301.9557
v 328.5602 -1033.3363 304.1078
f 10267 10268 10269
v 328.5602 -1033.3363 304.1078
v 328.3483 -1034.7495 301.9557
v 328.5601 -1033.3361 301.9559
f 10270 10271 10272
v 328.5603 -1033.3367 306.2807
v 327.9634 -1037.3394 301.9553
v 328.5602 -1033.3363 304.1078
f 10273 10274 10275
v 327.9641 -1037.3411 313.6159
v 327.5770 -1039.9307 311.4035
v 328.3489 -1034.7508 311.4043
f 10276 10277 10278
v 327.3172 -1041.6645 308.3265
v 327.5770 -1039.9307 311.4035
v 327.3173 -1041.6649 310.4504
f 10279 10280 10281
v 327.3172 -1041.6645 308.3265
v 327.3170 -1041.6643 306.2025
v 328.5603 -1033.3367 306.2807
f 10282 10283 10284
v 327.9634 -1037.3394 301.9553
v 328.5603 -1033.3367 306.2807
v 327.3170 -1041.6643 306.2025
f 10285 10286 10287
v 327.3169 -1041.6639 304.0786
v 327.5764 -1039.9294 301.9549
v 327.9634 -1037.3394 301.9553
f 10288 10289 10290
v 327.5764 -1039.9294 301.9549
v 327.3169 -1041.6639 304.0786
v 327.3168 -1041.6637 301.9547
f 10291 10292 10293
v 327.3169 -1041.6639 304.0786
v 327.9634 -1037.3394 301.9553
v 327.3170 -1041.6643 306.2025
f 10294 10295 10296
v 327.5770 -1039.9307 311.4035
v 327.3172 -1041.6645 308.3265
v 328.5605 -1033.3369 308.4547
f 10297 10298 10299
v 327.3170 -1041.6643 306.2025
v 325.2231 -1041.3572 310.4485
v 324.0103 -1041.1784 305.6678
f 10300 10301 10302
v 325.1027 -1041.3387 301.9548
v 327.3170 -1041.6643 306.2025
v 324.0103 -1041.1784 305.6678
f 10303 10304 10305
v 322.9081 -1041.0170 310.4457
v 324.0103 -1041.1784 305.6678
v 325.2231 -1041.3572 310.4485
f 10306 10307 10308
v 324.0103 -1041.1784 305.6678
v 321.4386 -1040.8012 310.4438
v 321.4385 -1040.8008 308.3199
f 10309 10310 10311
v 324.0103 -1041.1784 305.6678
v 321.4385 -1040.8008 308.3199
v 321.4381 -1040.7999 301.9551
f 10312 10313 10314
v 318.1248 -1031.8193 310.6504
v 324.0924 -1032.6873 310.6380
v 318.1242 -1031.8181 301.9567
f 10315 10316 10317
v 328.5603 -1033.3367 306.2807
v 318.1242 -1031.8181 301.9567
v 328.5605 -1033.3369 308.4547
f 10318 10319 10320

g building_ID_8184A643-B92B-4532-BDEC-8B8FDC58DE8D
v 305.3328 -1022.5693 297.6390
v 301.8800 -1024.3850 297.6389
v 298.6102 -1021.6852 297.6395
f 10321 10322 10323
v 301.8016 -1024.9258 297.6388
v 298.2448 -1024.4582 297.6391
v 301.8800 -1024.3850 297.6389
f 10324 10325 10326
v 298.6102 -1021.6852 297.6395
v 301.8800 -1024.3850 297.6389
v 298.2448 -1024.4582 297.6391
f 10327 10328 10329
v 305.7503 -1019.3914 297.6395
v 298.6102 -1021.6852 297.6395
v 299.0400 -1018.4145 297.6400
f 10330 10331 10332
v 305.3328 -1022.5693 297.6390
v 305.0327 -1024.8445 297.6387
v 301.8800 -1024.3850 297.6389
f 10333 10334 10335
v 305.7503 -1019.3914 297.6395
v 305.3328 -1022.5693 297.6390
v 298.6102 -1021.6852 297.6395
f 10336 10337 10338
v 303.7508 -1024.6592 306.7635
v 305.3335 -1022.5709 309.1916
v 302.0257 -1022.1360 309.1919
f 10339 10340 10341
v 301.8805 -1024.3863 306.7916
v 303.7508 -1024.6592 306.7635
v 301.8388 -1023.5543 307.6656
f 10342 10343 10344
v 305.3335 -1022.5709 309.1916
v 303.7508 -1024.6592 306.7635
v 305.0332 -1024.8457 306.7434
f 10345 10346 10347
v 301.8805 -1024.3863 306.7916
v 301.8388 -1023.5543 307.6656
v 301.6611 -1024.9086 306.2085
f 10348 10349 10350
v 302.0257 -1022.1360 309.1919
v 301.8388 -1023.5543 307.6656
v 303.7508 -1024.6592 306.7635
f 10351 10352 10353
v 301.6611 -1024.9086 306.2085
v 301.8020 -1024.9270 306.2085
v 301.8805 -1024.3863 306.7916
f 10354 10355 10356
v 301.8800 -1024.3850 297.6389
v 301.8805 -1024.3863 306.7916
v 301.8020 -1024.9270 306.2085
f 10357 10358 10359
v 301.8020 -1024.9270 306.2085
v 301.8016 -1024.9258 297.6388
v 301.8800 -1024.3850 297.6389
f 10360 10361 10362
v 301.8800 -1024.3850 297.6389
v 305.0330 -1024.8451 302.1665
v 305.0332 -1024.8457 306.7434
f 10363 10364 10365
v 303.7508 -1024.6592 306.7635
v 301.8805 -1024.3863 306.7916
v 301.8800 -1024.3850 297.6389
f 10366 10367 10368
v 301.6611 -1024.9086 306.2085
v 301.8016 -1024.9258 297.6388
v 301.8020 -1024.9270 306.2085
f 10369 10370 10371
v 301.6611 -1024.9086 306.2085
v 301.6606 -1024.9074 297.8728
v 301.8016 -1024.9258 297.6388
f 10372 10373 10374
v 298.2448 -1024.4582 297.6391
v 301.8016 -1024.9258 297.6388
v 301.6606 -1024.9074 297.8728
f 10375 10376 10377
v 298.1687 -1026.5735 307.9683
v 301.3805 -1027.0400 307.9391
v 301.8390 -1023.5546 310.3015
f 10378 10379 10380
v 298.1687 -1026.5735 307.9683
v 294.8055 -1022.6278 310.3020
v 294.3132 -1026.0142 308.0036
f 10381 10382 10383
v 301.8390 -1023.5546 310.3015
v 294.8055 -1022.6278 310.3020
v 298.1687 -1026.5735 307.9683
f 10384 10385 10386
v 298.1687 -1026.5735 307.9683
v 294.3127 -1026.0128 297.8730
v 301.3805 -1027.0400 307.9391
f 10387 10388 10389
v 301.3799 -1027.0386 297.8725
v 298.2448 -1024.4583 297.8731
v 301.6606 -1024.9074 297.8728
f 10390 10391 10392
v 294.8048 -1022.6261 297.8735
v 298.6102 -1021.6853 297.8735
v 298.2448 -1024.4583 297.8731
f 10393 10394 10395
v 298.2448 -1024.4583 297.8731
v 301.3799 -1027.0386 297.8725
v 294.3127 -1026.0128 297.8730
f 10396 10397 10398
v 298.2448 -1024.4583 297.8731
v 294.3127 -1026.0128 297.8730
v 294.8048 -1022.6261 297.8735
f 10399 10400 10401
v 299.0400 -1018.4145 297.8740
v 298.6102 -1021.6853 297.8735
v 295.4914 -1017.8980 297.8742
f 10402 10403 10404
v 295.4914 -1017.8980 297.8742
v 298.6102 -1021.6853 297.8735
v 294.8048 -1022.6261 297.8735
f 10405 10406 10407
v 305.7509 -1019.3927 306.7042
v 305.3335 -1022.5709 309.1916
v 305.0332 -1024.8457 306.7434
f 10408 10409 10410
v 305.7503 -1019.3914 297.6395
v 305.7509 -1019.3927 306.7042
v 305.0332 -1024.8457 306.7434
f 10411 10412 10413
v 305.3328 -1022.5693 297.6390
v 305.0330 -1024.8451 302.1665
v 305.0327 -1024.8445 297.6387
f 10414 10415 10416
v 305.0330 -1024.8451 302.1665
v 305.3328 -1022.5693 297.6390
v 305.7503 -1019.3914 297.6395
f 10417 10418 10419
v 305.0332 -1024.8457 306.7434
v 305.0330 -1024.8451 302.1665
v 305.7503 -1019.3914 297.6395
f 10420 10421 10422
v 298.6102 -1021.6853 297.8735
v 298.6102 -1021.6852 297.6395
v 298.2448 -1024.4582 297.6391
f 10423 10424 10425
v 298.2448 -1024.4583 297.8731
v 298.6102 -1021.6853 297.8735
v 298.2448 -1024.4582 297.6391
f 10426 10427 10428
v 298.6102 -1021.6852 297.6395
v 299.0400 -1018.4145 297.8740
v 299.0400 -1018.4145 297.6400
f 10429 10430 10431
v 298.6102 -1021.6853 297.8735
v 299.0400 -1018.4145 297.8740
v 298.6102 -1021.6852 297.6395
f 10432 10433 10434
v 295.4920 -1017.8992 306.5939
v 294.8048 -1022.6261 297.8735
v 294.3127 -1026.0128 297.8730
f 10435 10436 10437
v 294.8048 -1022.6261 297.8735
v 295.4920 -1017.8992 306.5939
v 295.4914 -1017.8980 297.8742
f 10438 10439 10440
v 294.8055 -1022.6278 310.3020
v 295.4920 -1017.8992 306.5939
v 294.3132 -1026.0142 308.0036
f 10441 10442 10443
v 294.3132 -1026.0142 308.0036
v 295.4920 -1017.8992 306.5939
v 294.3127 -1026.0128 297.8730
f 10444 10445 10446
v 302.0257 -1022.1360 309.1919
v 305.7509 -1019.3927 306.7042
v 299.1965 -1018.4381 306.6337
f 10447 10448 10449
v 305.7509 -1019.3927 306.7042
v 302.0257 -1022.1360 309.1919
v 305.3335 -1022.5709 309.1916
f 10450 10451 10452
v 302.0257 -1022.1360 309.1919
v 295.4920 -1017.8992 306.5939
v 294.8055 -1022.6278 310.3020
f 10453 10454 10455
v 294.8055 -1022.6278 310.3020
v 301.8390 -1023.5546 310.3015
v 302.0257 -1022.1360 309.1919
f 10456 10457 10458
v 295.4920 -1017.8992 306.5939
v 302.0257 -1022.1360 309.1919
v 299.1965 -1018.4381 306.6337
f 10459 10460 10461
v 299.0400 -1018.4145 297.8740
v 295.4914 -1017.8980 297.8742
v 295.4920 -1017.8992 306.5939
f 10462 10463 10464
v 305.7503 -1019.3914 297.6395
v 299.0400 -1018.4145 297.6400
v 299.0400 -1018.4145 297.8740
f 10465 10466 10467
v 299.0400 -1018.4145 297.8740
v 295.4920 -1017.8992 306.5939
v 299.1965 -1018.4381 306.6337
f 10468 10469 10470
v 305.7503 -1019.3914 297.6395
v 299.1965 -1018.4381 306.6337
v 305.7509 -1019.3927 306.7042
f 10471 10472 10473
v 305.7503 -1019.3914 297.6395
v 299.0400 -1018.4145 297.8740
v 299.1965 -1018.4381 306.6337
f 10474 10475 10476
v 301.8388 -1023.5543 307.6656
v 302.0257 -1022.1360 309.1919
v 301.8390 -1023.5546 310.3015
f 10477 10478 10479
v 301.8388 -1023.5543 307.6656
v 301.3805 -1027.0400 307.9391
v 301.6611 -1024.9086 306.2085
f 10480 10481 10482
v 301.3805 -1027.0400 307.9391
v 301.8388 -1023.5543 307.6656
v 301.8390 -1023.5546 310.3015
f 10483 10484 10485
v 301.3805 -1027.0400 307.9391
v 301.3799 -1027.0386 297.8725
v 301.6611 -1024.9086 306.2085
f 10486 10487 10488
v 301.3799 -1027.0386 297.8725
v 301.6606 -1024.9074 297.8728
v 301.6611 -1024.9086 306.2085
f 10489 10490 10491
v 305.0327 -1024.8445 297.6387
v 305.0330 -1024.8451 302.1665
v 301.8800 -1024.3850 297.6389
f 10492 10493 10494
v 305.0332 -1024.8457 306.7434
v 303.7508 -1024.6592 306.7635
v 301.8800 -1024.3850 297.6389
f 10495 10496 10497
v 298.2448 -1024.4582 297.6391
v 301.6606 -1024.9074 297.8728
v 298.2448 -1024.4583 297.8731
f 10498 10499 10500
v 294.3127 -1026.0128 297.8730
v 301.3799 -1027.0386 297.8725
v 301.3805 -1027.0400 307.9391
f 10501 10502 10503
v 298.1687 -1026.5735 307.9683
v 294.3132 -1026.0142 308.0036
v 294.3127 -1026.0128 297.8730
f 10504 10505 10506

g building_ID_7315819B-93EB-4591-AFA7-1E70A841C0CA
v 698.0499 -944.2574 281.7197
v 715.6878 -938.2887 281.7186
v 709.4507 -950.2979 281.7175
f 10507 10508 10509
v 696.3680 -943.5169 281.7200
v 698.0499 -944.2574 281.7197
v 709.4507 -950.2979 281.7175
f 10510 10511 10512
v 704.2159 -932.3180 281.7208
v 715.6878 -938.2887 281.7186
v 698.0499 -944.2574 281.7197
f 10513 10514 10515
v 696.3680 -943.5169 281.7200
v 696.4253 -943.4071 281.7200
v 698.0499 -944.2574 281.7197
f 10516 10517 10518
v 696.3705 -943.5195 302.8262
v 698.0525 -944.2600 302.8259
v 696.4278 -943.4096 302.8262
f 10519 10520 10521
v 715.6904 -938.2913 302.8248
v 698.0525 -944.2600 302.8259
v 709.4532 -950.3005 302.8237
f 10522 10523 10524
v 696.3705 -943.5195 302.8262
v 709.4532 -950.3005 302.8237
v 698.0525 -944.2600 302.8259
f 10525 10526 10527
v 704.2184 -932.3206 302.8270
v 698.0525 -944.2600 302.8259
v 715.6904 -938.2913 302.8248
f 10528 10529 10530
v 698.0499 -944.2574 281.7197
v 698.0525 -944.2600 302.8259
v 704.2184 -932.3206 302.8270
f 10531 10532 10533
v 696.4253 -943.4071 281.7200
v 696.4278 -943.4096 302.8262
v 698.0525 -944.2600 302.8259
f 10534 10535 10536
v 696.3680 -943.5169 281.7200
v 696.3705 -943.5195 302.8262
v 696.4278 -943.4096 302.8262
f 10537 10538 10539
v 709.4507 -950.2979 281.7175
v 709.4532 -950.3005 302.8237
v 696.3705 -943.5195 302.8262
f 10540 10541 10542
v 715.6878 -938.2887 281.7186
v 715.6904 -938.2913 302.8248
v 709.4532 -950.3005 302.8237
f 10543 10544 10545
v 704.2159 -932.3180 281.7208
v 704.2184 -932.3206 302.8270
v 715.6904 -938.2913 302.8248
f 10546 10547 10548
v 698.0499 -944.2574 281.7197
v 704.2184 -932.3206 302.8270
v 704.2159 -932.3180 281.7208
f 10549 10550 10551
v 696.4253 -943.4071 281.7200
v 698.0525 -944.2600 302.8259
v 698.0499 -944.2574 281.7197
f 10552 10553 10554
v 696.3680 -943.5169 281.7200
v 696.4278 -943.4096 302.8262
v 696.4253 -943.4071 281.7200
f 10555 10556 10557
v 709.4507 -950.2979 281.7175
v 696.3705 -943.5195 302.8262
v 696.3680 -943.5169 281.7200
f 10558 10559 10560
v 715.6878 -938.2887 281.7186
v 709.4532 -950.3005 302.8237
v 709.4507 -950.2979 281.7175
f 10561 10562 10563
v 704.2159 -932.3180 281.7208
v 715.6904 -938.2913 302.8248
v 715.6878 -938.2887 281.7186
f 10564 10565 10566

g building_ID_D2CE7C39-7AB9-4303-9452-B7E3039B6AD7
v 696.3066 -943.6358 281.7200
v 696.3680 -943.5169 281.7200
v 707.7790 -949.4314 281.7179
f 10567 10568 10569
v 707.7207 -949.5453 281.7178
v 696.3066 -943.6358 281.7200
v 707.7790 -949.4314 281.7179
f 10570 10571 10572
v 689.8868 -955.5445 281.7189
v 696.3066 -943.6358 281.7200
v 701.4775 -961.5675 281.7167
f 10573 10574 10575
v 707.7207 -949.5453 281.7178
v 701.4775 -961.5675 281.7167
v 696.3066 -943.6358 281.7200
f 10576 10577 10578
v 696.3066 -943.6358 281.7200
v 689.8868 -955.5445 281.7189
v 696.1579 -943.5583 281.7200
f 10579 10580 10581
v 689.8887 -955.5464 297.3273
v 696.3086 -943.6377 297.3284
v 696.1597 -943.5603 297.3284
f 10582 10583 10584
v 707.7226 -949.5473 297.3262
v 696.3086 -943.6377 297.3284
v 701.4795 -961.5694 297.3251
f 10585 10586 10587
v 689.8887 -955.5464 297.3273
v 701.4795 -961.5694 297.3251
v 696.3086 -943.6377 297.3284
f 10588 10589 10590
v 696.3086 -943.6377 297.3284
v 707.7226 -949.5473 297.3262
v 707.7809 -949.4334 297.3263
f 10591 10592 10593
v 696.3698 -943.5188 297.3284
v 696.3086 -943.6377 297.3284
v 707.7809 -949.4334 297.3263
f 10594 10595 10596
v 689.8868 -955.5445 281.7189
v 689.8887 -955.5464 297.3273
v 696.1597 -943.5603 297.3284
f 10597 10598 10599
v 701.4775 -961.5675 281.7167
v 701.4795 -961.5694 297.3251
v 689.8887 -955.5464 297.3273
f 10600 10601 10602
v 696.3680 -943.5169 281.7200
v 696.3698 -943.5188 297.3284
v 707.7809 -949.4334 297.3263
f 10603 10604 10605
v 696.3066 -943.6358 281.7200
v 696.3086 -943.6377 297.3284
v 696.3698 -943.5188 297.3284
f 10606 10607 10608
v 696.1579 -943.5583 281.7200
v 696.1597 -943.5603 297.3284
v 696.3086 -943.6377 297.3284
f 10609 10610 10611
v 707.7809 -949.4334 297.3263
v 707.7226 -949.5473 297.3262
v 707.7207 -949.5453 281.7178
f 10612 10613 10614
v 701.4775 -961.5675 281.7167
v 707.7207 -949.5453 281.7178
v 707.7226 -949.5473 297.3262
f 10615 10616 10617
v 689.8868 -955.5445 281.7189
v 696.1597 -943.5603 297.3284
v 696.1579 -943.5583 281.7200
f 10618 10619 10620
v 701.4775 -961.5675 281.7167
v 689.8887 -955.5464 297.3273
v 689.8868 -955.5445 281.7189
f 10621 10622 10623
v 696.3680 -943.5169 281.7200
v 707.7809 -949.4334 297.3263
v 707.7790 -949.4314 281.7179
f 10624 10625 10626
v 696.3066 -943.6358 281.7200
v 696.3698 -943.5188 297.3284
v 696.3680 -943.5169 281.7200
f 10627 10628 10629
v 696.1579 -943.5583 281.7200
v 696.3086 -943.6377 297.3284
v 696.3066 -943.6358 281.7200
f 10630 10631 10632
v 707.7809 -949.4334 297.3263
v 707.7207 -949.5453 281.7178
v 707.7790 -949.4314 281.7179
f 10633 10634 10635
v 701.4775 -961.5675 281.7167
v 707.7226 -949.5473 297.3262
v 701.4795 -961.5694 297.3251
f 10636 10637 10638

g building_ID_9A0B1D57-6993-4240-999D-73F6A1155093
v 644.0675 -974.5085 282.1538
v 634.8829 -974.3539 282.1547
v 635.6917 -971.8111 282.1551
f 10639 10640 10641
v 644.0675 -974.5085 282.1538
v 634.0177 -977.0716 282.1544
v 634.8829 -974.3539 282.1547
f 10642 10643 10644
v 634.0177 -977.0716 282.1544
v 644.0675 -974.5085 282.1538
v 642.3264 -979.7438 282.1532
f 10645 10646 10647
v 638.1789 -978.4106 289.7305
v 634.8840 -974.3550 290.9314
v 634.0185 -977.0725 289.7121
f 10648 10649 10650
v 634.8840 -974.3550 290.9314
v 638.1789 -978.4106 289.7305
v 642.9776 -977.7917 290.6281
f 10651 10652 10653
v 634.8840 -974.3550 290.9314
v 642.9776 -977.7917 290.6281
v 643.1994 -977.1213 290.9302
f 10654 10655 10656
v 642.3273 -979.7447 289.7479
v 642.9776 -977.7917 290.6281
v 638.1789 -978.4106 289.7305
f 10657 10658 10659
v 643.1994 -977.1213 290.9302
v 644.0683 -974.5095 289.9345
v 634.8840 -974.3550 290.9314
f 10660 10661 10662
v 634.8840 -974.3550 290.9314
v 644.0683 -974.5095 289.9345
v 635.6927 -971.8121 289.9668
f 10663 10664 10665
v 643.1883 -977.1562 290.5452
v 642.9776 -977.7917 290.6281
v 643.1982 -977.1240 289.4272
f 10666 10667 10668
v 643.1882 -977.1571 289.4362
v 643.1982 -977.1240 289.4272
v 642.9776 -977.7917 290.6281
f 10669 10670 10671
v 644.0675 -974.5085 282.1538
v 642.3779 -979.5909 282.1752
v 642.3264 -979.7438 282.1532
f 10672 10673 10674
v 642.9776 -977.7917 290.6281
v 642.7829 -978.3739 289.1040
v 643.1882 -977.1571 289.4362
f 10675 10676 10677
v 642.3264 -979.7438 282.1532
v 642.3786 -979.5918 288.7719
v 642.3273 -979.7447 289.7479
f 10678 10679 10680
v 642.9776 -977.7917 290.6281
v 642.3273 -979.7447 289.7479
v 642.3786 -979.5918 288.7719
f 10681 10682 10683
v 642.3786 -979.5918 288.7719
v 642.3264 -979.7438 282.1532
v 642.3779 -979.5909 282.1752
f 10684 10685 10686
v 642.7829 -978.3739 289.1040
v 642.9776 -977.7917 290.6281
v 642.3786 -979.5918 288.7719
f 10687 10688 10689
v 642.3264 -979.7438 282.1532
v 642.3273 -979.7447 289.7479
v 638.1789 -978.4106 289.7305
f 10690 10691 10692
v 638.1789 -978.4106 289.7305
v 634.0177 -977.0716 282.1544
v 642.3264 -979.7438 282.1532
f 10693 10694 10695
v 634.0183 -977.0723 287.8142
v 634.0181 -977.0720 285.9152
v 638.1789 -978.4106 289.7305
f 10696 10697 10698
v 634.0181 -977.0720 285.9152
v 634.0177 -977.0716 282.1544
v 638.1789 -978.4106 289.7305
f 10699 10700 10701
v 635.6924 -971.8118 288.0139
v 635.6927 -971.8121 289.9668
v 644.0683 -974.5095 289.9345
f 10702 10703 10704
v 635.6917 -971.8111 282.1551
v 635.6920 -971.8114 284.1080
v 644.0675 -974.5085 282.1538
f 10705 10706 10707
v 644.0675 -974.5085 282.1538
v 635.6920 -971.8114 284.1080
v 644.0683 -974.5095 289.9345
f 10708 10709 10710
v 643.9977 -974.7201 288.7725
v 644.0683 -974.5095 289.9345
v 643.1982 -977.1240 289.4272
f 10711 10712 10713
v 644.0675 -974.5085 282.1538
v 643.9977 -974.7201 288.7725
v 643.9969 -974.7193 282.1758
f 10714 10715 10716
v 643.9977 -974.7201 288.7725
v 644.0675 -974.5085 282.1538
v 644.0683 -974.5095 289.9345
f 10717 10718 10719
v 643.9969 -974.7193 282.1758
v 642.3779 -979.5909 282.1752
v 644.0675 -974.5085 282.1538
f 10720 10721 10722
v 643.1994 -977.1213 290.9302
v 643.1982 -977.1240 289.4272
v 644.0683 -974.5095 289.9345
f 10723 10724 10725
v 642.8761 -979.7571 288.7718
v 642.8754 -979.7563 282.1751
v 643.0163 -979.3355 288.8869
f 10726 10727 10728
v 643.0156 -979.3347 282.1752
v 646.0967 -980.3629 282.1747
v 646.0975 -980.3637 288.8854
f 10729 10730 10731
v 644.3795 -975.2393 282.1757
v 644.4975 -974.8856 282.1757
v 644.4982 -974.8865 288.7724
f 10732 10733 10734
v 645.1555 -975.4983 288.8692
v 644.3795 -975.2393 282.1757
v 644.3802 -975.2402 288.8684
f 10735 10736 10737
v 647.4624 -976.2675 288.8689
v 647.4621 -976.2671 285.5220
v 645.1555 -975.4983 288.8692
f 10738 10739 10740
v 644.3795 -975.2393 282.1757
v 645.1555 -975.4983 288.8692
v 647.4617 -976.2665 282.1752
f 10741 10742 10743
v 647.4621 -976.2671 285.5220
v 647.4617 -976.2665 282.1752
v 645.1555 -975.4983 288.8692
f 10744 10745 10746
v 643.9969 -974.7193 282.1758
v 644.4975 -974.8856 282.1757
v 644.3795 -975.2393 282.1757
f 10747 10748 10749
v 644.3795 -975.2393 282.1757
v 642.3779 -979.5909 282.1752
v 643.9969 -974.7193 282.1758
f 10750 10751 10752
v 642.8754 -979.7563 282.1751
v 642.3779 -979.5909 282.1752
v 643.0156 -979.3347 282.1752
f 10753 10754 10755
v 643.0156 -979.3347 282.1752
v 644.3795 -975.2393 282.1757
v 647.4617 -976.2665 282.1752
f 10756 10757 10758
v 647.4617 -976.2665 282.1752
v 646.0967 -980.3629 282.1747
v 643.0156 -979.3347 282.1752
f 10759 10760 10761
v 644.3795 -975.2393 282.1757
v 643.0156 -979.3347 282.1752
v 642.3779 -979.5909 282.1752
f 10762 10763 10764
v 643.0163 -979.3355 288.8869
v 646.0975 -980.3637 288.8854
v 642.7829 -978.3739 289.1040
f 10765 10766 10767
v 646.0975 -980.3637 288.8854
v 646.7689 -978.3487 289.4356
v 642.7829 -978.3739 289.1040
f 10768 10769 10770
v 643.1882 -977.1571 289.4362
v 642.7829 -978.3739 289.1040
v 646.7689 -978.3487 289.4356
f 10771 10772 10773
v 642.3786 -979.5918 288.7719
v 643.0163 -979.3355 288.8869
v 642.7829 -978.3739 289.1040
f 10774 10775 10776
v 642.8761 -979.7571 288.7718
v 643.0163 -979.3355 288.8869
v 642.3786 -979.5918 288.7719
f 10777 10778 10779
v 645.1555 -975.4983 288.8692
v 644.3802 -975.2402 288.8684
v 643.1982 -977.1240 289.4272
f 10780 10781 10782
v 644.4982 -974.8865 288.7724
v 643.9977 -974.7201 288.7725
v 644.3802 -975.2402 288.8684
f 10783 10784 10785
v 643.1982 -977.1240 289.4272
v 644.3802 -975.2402 288.8684
v 643.9977 -974.7201 288.7725
f 10786 10787 10788
v 645.1555 -975.4983 288.8692
v 643.1982 -977.1240 289.4272
v 643.1882 -977.1571 289.4362
f 10789 10790 10791
v 647.4624 -976.2675 288.8689
v 645.1555 -975.4983 288.8692
v 646.7689 -978.3487 289.4356
f 10792 10793 10794
v 645.1555 -975.4983 288.8692
v 643.1882 -977.1571 289.4362
v 646.7689 -978.3487 289.4356
f 10795 10796 10797
v 642.8754 -979.7563 282.1751
v 642.8761 -979.7571 288.7718
v 642.3779 -979.5909 282.1752
f 10798 10799 10800
v 643.9969 -974.7193 282.1758
v 643.9977 -974.7201 288.7725
v 644.4975 -974.8856 282.1757
f 10801 10802 10803
v 644.4975 -974.8856 282.1757
v 643.9977 -974.7201 288.7725
v 644.4982 -974.8865 288.7724
f 10804 10805 10806
v 634.0183 -977.0723 287.8142
v 635.6920 -971.8114 284.1080
v 634.0181 -977.0720 285.9152
f 10807 10808 10809
v 635.6920 -971.8114 284.1080
v 634.8829 -974.3539 282.1547
v 634.0181 -977.0720 285.9152
f 10810 10811 10812
v 634.0181 -977.0720 285.9152
v 634.8829 -974.3539 282.1547
v 634.0177 -977.0716 282.1544
f 10813 10814 10815
v 634.8840 -974.3550 290.9314
v 634.0183 -977.0723 287.8142
v 634.0185 -977.0725 289.7121
f 10816 10817 10818
v 635.6924 -971.8118 288.0139
v 634.8840 -974.3550 290.9314
v 635.6927 -971.8121 289.9668
f 10819 10820 10821
v 634.0183 -977.0723 287.8142
v 635.6924 -971.8118 288.0139
v 635.6920 -971.8114 284.1080
f 10822 10823 10824
v 634.8829 -974.3539 282.1547
v 635.6920 -971.8114 284.1080
v 635.6917 -971.8111 282.1551
f 10825 10826 10827
v 634.0183 -977.0723 287.8142
v 634.8840 -974.3550 290.9314
v 635.6924 -971.8118 288.0139
f 10828 10829 10830
v 646.7689 -978.3487 289.4356
v 647.4621 -976.2671 285.5220
v 647.4624 -976.2675 288.8689
f 10831 10832 10833
v 647.4617 -976.2665 282.1752
v 647.4621 -976.2671 285.5220
v 646.0967 -980.3629 282.1747
f 10834 10835 10836
v 647.4621 -976.2671 285.5220
v 646.0975 -980.3637 288.8854
v 646.0967 -980.3629 282.1747
f 10837 10838 10839
v 646.0975 -980.3637 288.8854
v 647.4621 -976.2671 285.5220
v 646.7689 -978.3487 289.4356
f 10840 10841 10842
v 643.1994 -977.1213 290.9302
v 642.9776 -977.7917 290.6281
v 643.1883 -977.1562 290.5452
f 10843 10844 10845
v 643.1994 -977.1213 290.9302
v 643.1883 -977.1562 290.5452
v 643.1982 -977.1240 289.4272
f 10846 10847 10848
v 634.0183 -977.0723 287.8142
v 638.1789 -978.4106 289.7305
v 634.0185 -977.0725 289.7121
f 10849 10850 10851
v 635.6924 -971.8118 288.0139
v 644.0683 -974.5095 289.9345
v 635.6920 -971.8114 284.1080
f 10852 10853 10854
v 642.8754 -979.7563 282.1751
v 643.0156 -979.3347 282.1752
v 643.0163 -979.3355 288.8869
f 10855 10856 10857
v 646.0975 -980.3637 288.8854
v 643.0163 -979.3355 288.8869
v 643.0156 -979.3347 282.1752
f 10858 10859 10860
v 644.4982 -974.8865 288.7724
v 644.3802 -975.2402 288.8684
v 644.3795 -975.2393 282.1757
f 10861 10862 10863
v 642.8761 -979.7571 288.7718
v 642.3786 -979.5918 288.7719
v 642.3779 -979.5909 282.1752
f 10864 10865 10866

g building_ID_1BECE60D-EAEC-4F40-B2AA-94C18AAEAC6D
v 559.4776 -967.3059 283.0319
v 559.3280 -959.3507 283.0331
v 561.8067 -960.1673 283.0327
f 10867 10868 10869
v 559.3280 -959.3507 283.0331
v 559.4776 -967.3059 283.0319
v 557.4496 -965.1035 283.0324
f 10870 10871 10872
v 556.8520 -966.4349 283.0322
v 557.3037 -965.0562 283.0324
v 557.4496 -965.1035 283.0324
f 10873 10874 10875
v 557.4496 -965.1035 283.0324
v 559.4776 -967.3059 283.0319
v 556.8520 -966.4349 283.0322
f 10876 10877 10878
v 559.4782 -967.3067 288.7207
v 561.0393 -962.5233 291.6872
v 558.1445 -966.8642 288.7249
f 10879 10880 10881
v 557.4502 -965.1044 289.5842
v 558.1445 -966.8642 288.7249
v 561.0393 -962.5233 291.6872
f 10882 10883 10884
v 558.1445 -966.8642 288.7249
v 557.4502 -965.1044 289.5842
v 556.8526 -966.4357 288.7290
f 10885 10886 10887
v 557.3043 -965.0571 289.5842
v 556.8526 -966.4357 288.7290
v 557.4502 -965.1044 289.5842
f 10888 10889 10890
v 558.5575 -961.7127 291.6875
v 557.4502 -965.1044 289.5842
v 561.0393 -962.5233 291.6872
f 10891 10892 10893
v 561.8074 -960.1680 289.1055
v 559.3286 -959.3514 289.0989
v 558.5575 -961.7127 291.6875
f 10894 10895 10896
v 558.5575 -961.7127 291.6875
v 561.0393 -962.5233 291.6872
v 561.8074 -960.1680 289.1055
f 10897 10898 10899
v 556.8520 -966.4349 283.0322
v 559.4776 -967.3059 283.0319
v 556.8526 -966.4357 288.7290
f 10900 10901 10902
v 557.4882 -964.4936 282.7825
v 551.6804 -962.5821 282.7834
v 553.7080 -956.3846 282.7841
f 10903 10904 10905
v 557.4882 -964.4936 282.7825
v 557.4496 -965.1035 282.7824
v 557.3037 -965.0561 282.7824
f 10906 10907 10908
v 557.4496 -965.1035 282.7824
v 557.4882 -964.4936 282.7825
v 559.3280 -959.3507 282.7832
f 10909 10910 10911
v 557.4882 -964.4936 282.7825
v 559.1911 -959.3053 282.7832
v 559.3280 -959.3507 282.7832
f 10912 10913 10914
v 557.4882 -964.4936 282.7825
v 554.7495 -953.1994 282.7845
v 559.1911 -959.3053 282.7832
f 10915 10916 10917
v 560.5634 -955.1070 282.7837
v 559.1911 -959.3053 282.7832
v 554.7495 -953.1994 282.7845
f 10918 10919 10920
v 553.7080 -956.3846 282.7841
v 554.7495 -953.1994 282.7845
v 557.4882 -964.4936 282.7825
f 10921 10922 10923
v 553.1329 -963.0611 291.4248
v 559.1922 -959.3067 294.1787
v 553.7091 -956.3861 294.7226
f 10924 10925 10926
v 553.7091 -956.3861 294.7226
v 559.1922 -959.3067 294.1787
v 559.5260 -958.2857 294.7218
f 10927 10928 10929
v 559.1922 -959.3067 294.1787
v 557.4890 -964.4947 291.4182
v 559.3291 -959.3520 294.1787
f 10930 10931 10932
v 551.6812 -962.5832 291.4270
v 553.1329 -963.0611 291.4248
v 553.7091 -956.3861 294.7226
f 10933 10934 10935
v 559.1922 -959.3067 294.1787
v 554.9593 -963.6620 291.4215
v 557.4890 -964.4947 291.4182
f 10936 10937 10938
v 557.4504 -965.1046 291.1191
v 557.4890 -964.4947 291.4182
v 557.3045 -965.0572 291.1191
f 10939 10940 10941
v 559.3291 -959.3520 294.1787
v 557.4890 -964.4947 291.4182
v 557.4504 -965.1046 291.1191
f 10942 10943 10944
v 554.9593 -963.6620 291.4215
v 559.1922 -959.3067 294.1787
v 553.1329 -963.0611 291.4248
f 10945 10946 10947
v 557.3311 -954.0474 291.5118
v 553.7091 -956.3861 294.7226
v 559.5260 -958.2857 294.7218
f 10948 10949 10950
v 559.5260 -958.2857 294.7218
v 560.5642 -955.1081 291.5163
v 557.3311 -954.0474 291.5118
f 10951 10952 10953
v 553.7091 -956.3861 294.7226
v 557.3311 -954.0474 291.5118
v 554.7504 -953.2005 291.5081
f 10954 10955 10956
v 554.7502 -953.2003 289.3252
v 554.7504 -953.2005 291.5081
v 557.3311 -954.0474 291.5118
f 10957 10958 10959
v 557.3311 -954.0474 291.5118
v 560.5634 -955.1070 282.7837
v 554.7495 -953.1994 282.7845
f 10960 10961 10962
v 553.1329 -963.0611 291.4248
v 557.4882 -964.4936 282.7825
v 554.9593 -963.6620 291.4215
f 10963 10964 10965
v 557.4882 -964.4936 282.7825
v 553.1329 -963.0611 291.4248
v 551.6810 -962.5829 289.2661
f 10966 10967 10968
v 551.6808 -962.5827 287.1052
v 551.6804 -962.5821 282.7834
v 557.4882 -964.4936 282.7825
f 10969 10970 10971
v 557.4502 -965.1044 289.5842
v 557.4504 -965.1046 291.1191
v 557.3045 -965.0572 291.1191
f 10972 10973 10974
v 557.4496 -965.1035 282.7824
v 557.4496 -965.1035 283.0324
v 557.3037 -965.0562 283.0324
f 10975 10976 10977
v 558.5575 -961.7127 291.6875
v 559.3286 -959.3514 289.0989
v 559.3291 -959.3520 294.1787
f 10978 10979 10980
v 557.4502 -965.1044 289.5842
v 558.5575 -961.7127 291.6875
v 557.4504 -965.1046 291.1191
f 10981 10982 10983
v 559.3291 -959.3520 294.1787
v 557.4504 -965.1046 291.1191
v 558.5575 -961.7127 291.6875
f 10984 10985 10986
v 557.4496 -965.1035 282.7824
v 559.3280 -959.3507 282.7832
v 559.3280 -959.3507 283.0331
f 10987 10988 10989
v 559.3280 -959.3507 283.0331
v 557.4496 -965.1035 283.0324
v 557.4496 -965.1035 282.7824
f 10990 10991 10992
v 559.4776 -967.3059 283.0319
v 561.8067 -960.1673 283.0327
v 561.8074 -960.1680 289.1055
f 10993 10994 10995
v 559.4782 -967.3067 288.7207
v 561.8074 -960.1680 289.1055
v 561.0393 -962.5233 291.6872
f 10996 10997 10998
v 561.8074 -960.1680 289.1055
v 559.4782 -967.3067 288.7207
v 559.4776 -967.3059 283.0319
f 10999 11000 11001
v 559.1922 -959.3067 294.1787
v 559.3280 -959.3507 283.0331
v 559.1911 -959.3053 282.7832
f 11002 11003 11004
v 559.1911 -959.3053 282.7832
v 559.3280 -959.3507 283.0331
v 559.3280 -959.3507 282.7832
f 11005 11006 11007
v 559.1922 -959.3067 294.1787
v 559.3286 -959.3514 289.0989
v 559.3280 -959.3507 283.0331
f 11008 11009 11010
v 559.3280 -959.3507 283.0331
v 559.3286 -959.3514 289.0989
v 561.8067 -960.1673 283.0327
f 11011 11012 11013
v 561.8074 -960.1680 289.1055
v 561.8067 -960.1673 283.0327
v 559.3286 -959.3514 289.0989
f 11014 11015 11016
v 559.3291 -959.3520 294.1787
v 559.3286 -959.3514 289.0989
v 559.1922 -959.3067 294.1787
f 11017 11018 11019
v 560.5642 -955.1081 291.5163
v 559.5260 -958.2857 294.7218
v 559.1922 -959.3067 294.1787
f 11020 11021 11022
v 560.5642 -955.1081 291.5163
v 559.1922 -959.3067 294.1787
v 560.5634 -955.1070 282.7837
f 11023 11024 11025
v 560.5634 -955.1070 282.7837
v 559.1922 -959.3067 294.1787
v 559.1911 -959.3053 282.7832
f 11026 11027 11028
v 554.7499 -953.1999 287.1423
v 551.6808 -962.5827 287.1052
v 551.6810 -962.5829 289.2661
f 11029 11030 11031
v 551.6804 -962.5821 282.7834
v 551.6808 -962.5827 287.1052
v 553.7080 -956.3846 282.7841
f 11032 11033 11034
v 551.6812 -962.5832 291.4270
v 553.7091 -956.3861 294.7226
v 551.6810 -962.5829 289.2661
f 11035 11036 11037
v 554.7502 -953.2003 289.3252
v 553.7091 -956.3861 294.7226
v 554.7504 -953.2005 291.5081
f 11038 11039 11040
v 554.7502 -953.2003 289.3252
v 554.7499 -953.1999 287.1423
v 551.6810 -962.5829 289.2661
f 11041 11042 11043
v 554.7495 -953.1994 282.7845
v 553.7080 -956.3846 282.7841
v 554.7499 -953.1999 287.1423
f 11044 11045 11046
v 554.7499 -953.1999 287.1423
v 553.7080 -956.3846 282.7841
v 551.6808 -962.5827 287.1052
f 11047 11048 11049
v 553.7091 -956.3861 294.7226
v 554.7502 -953.2003 289.3252
v 551.6810 -962.5829 289.2661
f 11050 11051 11052
v 557.3037 -965.0562 283.0324
v 556.8520 -966.4349 283.0322
v 556.8526 -966.4357 288.7290
f 11053 11054 11055
v 557.4882 -964.4936 282.7825
v 557.3037 -965.0561 282.7824
v 557.3037 -965.0562 283.0324
f 11056 11057 11058
v 557.4882 -964.4936 282.7825
v 557.3037 -965.0562 283.0324
v 556.8526 -966.4357 288.7290
f 11059 11060 11061
v 557.3045 -965.0572 291.1191
v 557.4890 -964.4947 291.4182
v 557.3043 -965.0571 289.5842
f 11062 11063 11064
v 557.3043 -965.0571 289.5842
v 557.4882 -964.4936 282.7825
v 556.8526 -966.4357 288.7290
f 11065 11066 11067
v 557.4882 -964.4936 282.7825
v 557.3043 -965.0571 289.5842
v 557.4890 -964.4947 291.4182
f 11068 11069 11070
v 559.4782 -967.3067 288.7207
v 558.1445 -966.8642 288.7249
v 559.4776 -967.3059 283.0319
f 11071 11072 11073
v 556.8526 -966.4357 288.7290
v 559.4776 -967.3059 283.0319
v 558.1445 -966.8642 288.7249
f 11074 11075 11076
v 557.3311 -954.0474 291.5118
v 554.7499 -953.1999 287.1423
v 554.7502 -953.2003 289.3252
f 11077 11078 11079
v 554.7499 -953.1999 287.1423
v 557.3311 -954.0474 291.5118
v 554.7495 -953.1994 282.7845
f 11080 11081 11082
v 557.3311 -954.0474 291.5118
v 560.5642 -955.1081 291.5163
v 560.5634 -955.1070 282.7837
f 11083 11084 11085
v 557.4890 -964.4947 291.4182
v 554.9593 -963.6620 291.4215
v 557.4882 -964.4936 282.7825
f 11086 11087 11088
v 553.1329 -963.0611 291.4248
v 551.6812 -962.5832 291.4270
v 551.6810 -962.5829 289.2661
f 11089 11090 11091
v 557.4882 -964.4936 282.7825
v 551.6810 -962.5829 289.2661
v 551.6808 -962.5827 287.1052
f 11092 11093 11094
v 557.4502 -965.1044 289.5842
v 557.3045 -965.0572 291.1191
v 557.3043 -965.0571 289.5842
f 11095 11096 11097
v 557.4496 -965.1035 282.7824
v 557.3037 -965.0562 283.0324
v 557.3037 -965.0561 282.7824
f 11098 11099 11100

g building_ID_31B87D2F-C571-4534-843A-FAAA0A2DFAE9
v 529.0750 -1023.1504 301.1850
v 528.9365 -1024.0700 301.1719
v 530.9275 -1023.4298 303.2417
f 11101 11102 11103
v 530.5113 -1026.4486 303.2413
v 530.9275 -1023.4298 303.2417
v 528.9365 -1024.0700 301.1719
f 11104 11105 11106
v 532.9776 -1024.0269 300.5976
v 533.0203 -1023.7439 300.5936
v 530.9275 -1023.4298 303.2417
f 11107 11108 11109
v 530.9275 -1023.4298 303.2417
v 531.5630 -1025.4162 302.1145
v 532.9776 -1024.0269 300.5976
f 11110 11111 11112
v 530.9275 -1023.4298 303.2417
v 530.5113 -1026.4486 303.2413
v 531.5630 -1025.4162 302.1145
f 11113 11114 11115
v 533.1508 -1024.7722 292.5677
v 534.8291 -1025.0256 292.5676
v 534.1011 -1029.8857 292.5668
f 11116 11117 11118
v 526.3676 -1027.8470 292.5678
v 534.1011 -1029.8857 292.5668
v 533.5492 -1033.5662 292.5663
f 11119 11120 11121
v 532.8709 -1024.7304 292.5678
v 534.1011 -1029.8857 292.5668
v 526.3676 -1027.8470 292.5678
f 11122 11123 11124
v 532.8709 -1024.7304 292.5678
v 533.1508 -1024.7722 292.5677
v 534.1011 -1029.8857 292.5668
f 11125 11126 11127
v 530.9264 -1023.4283 292.5681
v 532.8709 -1024.7304 292.5678
v 528.9256 -1024.1379 292.5682
f 11128 11129 11130
v 529.0742 -1023.1492 292.5683
v 530.9264 -1023.4283 292.5681
v 528.9256 -1024.1379 292.5682
f 11131 11132 11133
v 533.0196 -1023.7428 292.5679
v 532.8709 -1024.7304 292.5678
v 530.9264 -1023.4283 292.5681
f 11134 11135 11136
v 532.8709 -1024.7304 292.5678
v 526.3676 -1027.8470 292.5678
v 528.9256 -1024.1379 292.5682
f 11137 11138 11139
v 526.1018 -1029.6262 292.5675
v 533.5492 -1033.5662 292.5663
v 525.6885 -1032.3841 292.5671
f 11140 11141 11142
v 533.5492 -1033.5662 292.5663
v 526.1018 -1029.6262 292.5675
v 526.3676 -1027.8470 292.5678
f 11143 11144 11145
v 525.6841 -1029.5631 292.5676
v 526.3676 -1027.8470 292.5678
v 526.1018 -1029.6262 292.5675
f 11146 11147 11148
v 528.0959 -1024.0127 292.5683
v 528.9256 -1024.1379 292.5682
v 526.3676 -1027.8470 292.5678
f 11149 11150 11151
v 528.0959 -1024.0127 292.5683
v 526.3676 -1027.8470 292.5678
v 526.9673 -1023.8437 292.5684
f 11152 11153 11154
v 525.9298 -1027.7809 292.5678
v 526.3676 -1027.8470 292.5678
v 525.6841 -1029.5631 292.5676
f 11155 11156 11157
v 533.5501 -1033.5675 301.7590
v 526.1030 -1029.6280 305.0990
v 525.6894 -1032.3854 301.8748
f 11158 11159 11160
v 525.7985 -1028.7453 306.0622
v 525.6852 -1029.5649 305.1051
v 526.1030 -1029.6280 305.0990
f 11161 11162 11163
v 525.7985 -1028.7453 306.0622
v 526.1030 -1029.6280 305.0990
v 534.1024 -1029.8875 306.0613
f 11164 11165 11166
v 526.1030 -1029.6280 305.0990
v 533.5501 -1033.5675 301.7590
v 534.1024 -1029.8875 306.0613
f 11167 11168 11169
v 526.3676 -1027.8470 292.5678
v 525.9298 -1027.7809 292.5678
v 525.9310 -1027.7826 305.1233
f 11170 11171 11172
v 526.1030 -1029.6280 305.0990
v 525.6841 -1029.5631 292.5676
v 526.1018 -1029.6262 292.5675
f 11173 11174 11175
v 525.6885 -1032.3841 292.5671
v 525.6894 -1032.3854 301.8748
v 526.1018 -1029.6262 292.5675
f 11176 11177 11178
v 525.6894 -1032.3854 301.8748
v 526.1030 -1029.6280 305.0990
v 526.1018 -1029.6262 292.5675
f 11179 11180 11181
v 533.5492 -1033.5662 292.5663
v 533.5498 -1033.5670 298.2691
v 525.6885 -1032.3841 292.5671
f 11182 11183 11184
v 525.6885 -1032.3841 292.5671
v 533.5501 -1033.5675 301.7590
v 525.6894 -1032.3854 301.8748
f 11185 11186 11187
v 528.2223 -1024.0326 297.1661
v 526.9673 -1023.8437 292.5684
v 526.9682 -1023.8448 301.2161
f 11188 11189 11190
v 528.2223 -1024.0326 297.1661
v 528.9264 -1024.1391 301.2399
v 528.9256 -1024.1379 292.5682
f 11191 11192 11193
v 528.9256 -1024.1379 292.5682
v 528.0959 -1024.0127 292.5683
v 528.2223 -1024.0326 297.1661
f 11194 11195 11196
v 528.9365 -1024.0700 301.1719
v 529.0750 -1023.1504 301.1850
v 528.9256 -1024.1379 292.5682
f 11197 11198 11199
v 529.0750 -1023.1504 301.1850
v 529.0742 -1023.1492 292.5683
v 528.9256 -1024.1379 292.5682
f 11200 11201 11202
v 528.9264 -1024.1391 301.2399
v 528.9365 -1024.0700 301.1719
v 528.9256 -1024.1379 292.5682
f 11203 11204 11205
v 532.9776 -1024.0269 300.5976
v 533.0196 -1023.7428 292.5679
v 533.0203 -1023.7439 300.5936
f 11206 11207 11208
v 532.9776 -1024.0269 300.5976
v 532.8718 -1024.7316 301.2865
v 532.8709 -1024.7304 292.5678
f 11209 11210 11211
v 533.0196 -1023.7428 292.5679
v 532.9776 -1024.0269 300.5976
v 532.8709 -1024.7304 292.5678
f 11212 11213 11214
v 534.1011 -1029.8857 292.5668
v 534.8291 -1025.0256 292.5676
v 534.8300 -1025.0268 301.3103
f 11215 11216 11217
v 534.8300 -1025.0268 301.3103
v 533.5492 -1033.5662 292.5663
v 534.1011 -1029.8857 292.5668
f 11218 11219 11220
v 533.5492 -1033.5662 292.5663
v 534.8300 -1025.0268 301.3103
v 533.5498 -1033.5670 298.2691
f 11221 11222 11223
v 533.5498 -1033.5670 298.2691
v 534.1024 -1029.8875 306.0613
v 533.5501 -1033.5675 301.7590
f 11224 11225 11226
v 534.1024 -1029.8875 306.0613
v 533.5498 -1033.5670 298.2691
v 534.8300 -1025.0268 301.3103
f 11227 11228 11229
v 526.9682 -1023.8448 301.2161
v 526.3676 -1027.8470 292.5678
v 526.3688 -1027.8487 305.1293
f 11230 11231 11232
v 526.9673 -1023.8437 292.5684
v 526.3676 -1027.8470 292.5678
v 526.9682 -1023.8448 301.2161
f 11233 11234 11235
v 525.6852 -1029.5649 305.1051
v 525.7985 -1028.7453 306.0622
v 525.9310 -1027.7826 305.1233
f 11236 11237 11238
v 525.6841 -1029.5631 292.5676
v 525.6852 -1029.5649 305.1051
v 525.9298 -1027.7809 292.5678
f 11239 11240 11241
v 525.9310 -1027.7826 305.1233
v 525.9298 -1027.7809 292.5678
v 525.6852 -1029.5649 305.1051
f 11242 11243 11244
v 530.9264 -1023.4283 292.5681
v 529.0742 -1023.1492 292.5683
v 529.0750 -1023.1504 301.1850
f 11245 11246 11247
v 529.0750 -1023.1504 301.1850
v 533.0196 -1023.7428 292.5679
v 530.9264 -1023.4283 292.5681
f 11248 11249 11250
v 533.0196 -1023.7428 292.5679
v 529.0750 -1023.1504 301.1850
v 533.0203 -1023.7439 300.5936
f 11251 11252 11253
v 533.0203 -1023.7439 300.5936
v 529.0750 -1023.1504 301.1850
v 530.9275 -1023.4298 303.2417
f 11254 11255 11256
v 526.3688 -1027.8487 305.1293
v 525.9310 -1027.7826 305.1233
v 525.7985 -1028.7453 306.0622
f 11257 11258 11259
v 526.3688 -1027.8487 305.1293
v 525.7985 -1028.7453 306.0622
v 534.1024 -1029.8875 306.0613
f 11260 11261 11262
v 530.5113 -1026.4486 303.2413
v 526.9682 -1023.8448 301.2161
v 526.3688 -1027.8487 305.1293
f 11263 11264 11265
v 526.9682 -1023.8448 301.2161
v 530.5113 -1026.4486 303.2413
v 528.9264 -1024.1391 301.2399
f 11266 11267 11268
v 531.5630 -1025.4162 302.1145
v 534.1024 -1029.8875 306.0613
v 534.8300 -1025.0268 301.3103
f 11269 11270 11271
v 532.8718 -1024.7316 301.2865
v 531.5630 -1025.4162 302.1145
v 534.8300 -1025.0268 301.3103
f 11272 11273 11274
v 530.5113 -1026.4486 303.2413
v 534.1024 -1029.8875 306.0613
v 531.5630 -1025.4162 302.1145
f 11275 11276 11277
v 534.1024 -1029.8875 306.0613
v 530.5113 -1026.4486 303.2413
v 526.3688 -1027.8487 305.1293
f 11278 11279 11280
v 528.9264 -1024.1391 301.2399
v 530.5113 -1026.4486 303.2413
v 528.9365 -1024.0700 301.1719
f 11281 11282 11283
v 532.9776 -1024.0269 300.5976
v 531.5630 -1025.4162 302.1145
v 532.8718 -1024.7316 301.2865
f 11284 11285 11286
v 533.1508 -1024.7722 292.5677
v 532.8709 -1024.7304 292.5678
v 532.8718 -1024.7316 301.2865
f 11287 11288 11289
v 534.8291 -1025.0256 292.5676
v 532.8718 -1024.7316 301.2865
v 534.8300 -1025.0268 301.3103
f 11290 11291 11292
v 532.8718 -1024.7316 301.2865
v 534.8291 -1025.0256 292.5676
v 533.1508 -1024.7722 292.5677
f 11293 11294 11295
v 525.9310 -1027.7826 305.1233
v 526.3688 -1027.8487 305.1293
v 526.3676 -1027.8470 292.5678
f 11296 11297 11298
v 526.1030 -1029.6280 305.0990
v 525.6852 -1029.5649 305.1051
v 525.6841 -1029.5631 292.5676
f 11299 11300 11301
v 533.5498 -1033.5670 298.2691
v 533.5501 -1033.5675 301.7590
v 525.6885 -1032.3841 292.5671
f 11302 11303 11304
v 528.0959 -1024.0127 292.5683
v 526.9673 -1023.8437 292.5684
v 528.2223 -1024.0326 297.1661
f 11305 11306 11307
v 526.9682 -1023.8448 301.2161
v 528.9264 -1024.1391 301.2399
v 528.2223 -1024.0326 297.1661
f 11308 11309 11310

g building_ID_0676DF68-4957-4A52-B082-D035A994016B
v 511.7941 -1022.0602 301.6276
v 511.6454 -1023.0488 301.6375
v 511.8711 -1023.9295 302.0813
f 11311 11312 11313
v 511.8711 -1023.9295 302.0813
v 511.6454 -1023.0488 301.6375
v 511.5025 -1023.0274 301.4585
f 11314 11315 11316
v 513.6216 -1022.3354 303.9063
v 511.8711 -1023.9295 302.0813
v 513.0652 -1025.8529 303.9058
f 11317 11318 11319
v 511.8711 -1023.9295 302.0813
v 513.6216 -1022.3354 303.9063
v 511.7941 -1022.0602 301.6276
f 11320 11321 11322
v 508.2314 -1028.4502 305.5097
v 508.8241 -1028.5388 305.5136
v 508.3850 -1027.4777 306.3948
f 11323 11324 11325
v 516.8114 -1028.8093 306.3939
v 508.3850 -1027.4777 306.3948
v 508.8241 -1028.5388 305.5136
f 11326 11327 11328
v 516.8114 -1028.8093 306.3939
v 508.8241 -1028.5388 305.5136
v 508.4115 -1031.2963 303.0063
f 11329 11330 11331
v 508.4115 -1031.2963 303.0063
v 516.2632 -1032.4763 303.0595
v 516.8114 -1028.8093 306.3939
f 11332 11333 11334
v 508.5109 -1026.6711 292.5554
v 508.5121 -1026.6729 305.5269
v 509.0899 -1026.7594 305.5219
f 11335 11336 11337
v 508.5109 -1026.6711 292.5554
v 509.0889 -1026.7581 295.7933
v 509.0887 -1026.7577 292.5554
f 11338 11339 11340
v 508.2302 -1028.4483 292.5552
v 508.8229 -1028.5370 292.5551
v 508.8241 -1028.5388 305.5136
f 11341 11342 11343
v 508.8241 -1028.5388 305.5136
v 508.4105 -1031.2948 292.5547
v 508.4115 -1031.2963 303.0063
f 11344 11345 11346
v 508.8229 -1028.5370 292.5551
v 508.4105 -1031.2948 292.5547
v 508.8241 -1028.5388 305.5136
f 11347 11348 11349
v 516.2630 -1032.4760 300.4336
v 516.2632 -1032.4763 303.0595
v 508.4115 -1031.2963 303.0063
f 11350 11351 11352
v 516.2623 -1032.4749 292.5539
v 508.4115 -1031.2963 303.0063
v 508.4105 -1031.2948 292.5547
f 11353 11354 11355
v 517.5398 -1023.9353 299.2040
v 517.5396 -1023.9350 296.9841
v 515.5910 -1023.6401 292.5554
f 11356 11357 11358
v 515.5910 -1023.6401 292.5554
v 517.5394 -1023.9347 294.7651
v 517.5392 -1023.9344 292.5552
f 11359 11360 11361
v 511.6448 -1023.0479 294.8907
v 511.6454 -1023.0488 301.6375
v 511.7941 -1022.0602 301.6276
f 11362 11363 11364
v 511.7932 -1022.0589 292.5559
v 511.6446 -1023.0476 292.5558
v 511.7941 -1022.0602 301.6276
f 11365 11366 11367
v 508.5121 -1026.6729 305.5269
v 508.3850 -1027.4777 306.3948
v 509.0899 -1026.7594 305.5219
f 11368 11369 11370
v 513.0652 -1025.8529 303.9058
v 509.0899 -1026.7594 305.5219
v 516.8114 -1028.8093 306.3939
f 11371 11372 11373
v 508.3850 -1027.4777 306.3948
v 516.8114 -1028.8093 306.3939
v 509.0899 -1026.7594 305.5219
f 11374 11375 11376
v 517.4097 -1024.8053 302.0807
v 513.0652 -1025.8529 303.9058
v 516.8114 -1028.8093 306.3939
f 11377 11378 11379
v 509.5661 -1023.5653 302.0816
v 513.0652 -1025.8529 303.9058
v 511.8711 -1023.9295 302.0813
f 11380 11381 11382
v 513.0652 -1025.8529 303.9058
v 517.4097 -1024.8053 302.0807
v 514.8458 -1024.4004 302.0810
f 11383 11384 11385
v 513.0652 -1025.8529 303.9058
v 509.5661 -1023.5653 302.0816
v 509.0899 -1026.7594 305.5219
f 11386 11387 11388
v 515.6091 -1023.5244 301.3461
v 514.8458 -1024.4004 302.0810
v 515.5918 -1023.6413 301.4341
f 11389 11390 11391
v 515.5918 -1023.6413 301.4341
v 514.8458 -1024.4004 302.0810
v 517.4097 -1024.8053 302.0807
f 11392 11393 11394
v 515.5918 -1023.6413 301.4341
v 517.4097 -1024.8053 302.0807
v 517.5400 -1023.9356 301.4239
f 11395 11396 11397
v 511.5025 -1023.0274 301.4585
v 509.6873 -1022.7546 301.4697
v 509.5661 -1023.5653 302.0816
f 11398 11399 11400
v 509.5661 -1023.5653 302.0816
v 511.8711 -1023.9295 302.0813
v 511.5025 -1023.0274 301.4585
f 11401 11402 11403
v 513.6216 -1022.3354 303.9063
v 513.0652 -1025.8529 303.9058
v 514.8458 -1024.4004 302.0810
f 11404 11405 11406
v 515.7405 -1022.6537 301.3542
v 513.6216 -1022.3354 303.9063
v 514.8458 -1024.4004 302.0810
f 11407 11408 11409
v 514.8458 -1024.4004 302.0810
v 515.6091 -1023.5244 301.3461
v 515.7405 -1022.6537 301.3542
f 11410 11411 11412
v 511.7941 -1022.0602 301.6276
v 513.6216 -1022.3354 303.9063
v 515.7405 -1022.6537 301.3542
f 11413 11414 11415
v 511.7941 -1022.0602 301.6276
v 515.7405 -1022.6537 301.3542
v 515.7396 -1022.6525 292.5555
f 11416 11417 11418
v 515.7396 -1022.6525 292.5555
v 511.7932 -1022.0589 292.5559
v 511.7941 -1022.0602 301.6276
f 11419 11420 11421
v 515.7396 -1022.6525 292.5555
v 515.7405 -1022.6537 301.3542
v 515.5910 -1023.6401 292.5554
f 11422 11423 11424
v 515.6091 -1023.5244 301.3461
v 515.5910 -1023.6401 292.5554
v 515.7405 -1022.6537 301.3542
f 11425 11426 11427
v 515.5918 -1023.6413 301.4341
v 515.5910 -1023.6401 292.5554
v 515.6091 -1023.5244 301.3461
f 11428 11429 11430
v 510.9369 -1022.9417 292.5558
v 509.6864 -1022.7534 292.5560
v 511.6448 -1023.0479 294.8907
f 11431 11432 11433
v 511.6448 -1023.0479 294.8907
v 511.6446 -1023.0476 292.5558
v 510.9369 -1022.9417 292.5558
f 11434 11435 11436
v 511.5025 -1023.0274 301.4585
v 511.6448 -1023.0479 294.8907
v 509.6873 -1022.7546 301.4697
f 11437 11438 11439
v 511.6454 -1023.0488 301.6375
v 511.6448 -1023.0479 294.8907
v 511.5025 -1023.0274 301.4585
f 11440 11441 11442
v 509.6864 -1022.7534 292.5560
v 509.6873 -1022.7546 301.4697
v 511.6448 -1023.0479 294.8907
f 11443 11444 11445
v 508.5121 -1026.6729 305.5269
v 508.2314 -1028.4502 305.5097
v 508.3850 -1027.4777 306.3948
f 11446 11447 11448
v 508.2314 -1028.4502 305.5097
v 508.5121 -1026.6729 305.5269
v 508.2302 -1028.4483 292.5552
f 11449 11450 11451
v 508.5121 -1026.6729 305.5269
v 508.5109 -1026.6711 292.5554
v 508.2302 -1028.4483 292.5552
f 11452 11453 11454
v 509.0895 -1026.7590 302.2791
v 509.0899 -1026.7594 305.5219
v 509.5661 -1023.5653 302.0816
f 11455 11456 11457
v 509.6873 -1022.7546 301.4697
v 509.0895 -1026.7590 302.2791
v 509.5661 -1023.5653 302.0816
f 11458 11459 11460
v 509.0895 -1026.7590 302.2791
v 509.6864 -1022.7534 292.5560
v 509.0889 -1026.7581 295.7933
f 11461 11462 11463
v 509.0887 -1026.7577 292.5554
v 509.0889 -1026.7581 295.7933
v 509.5652 -1023.5640 292.5559
f 11464 11465 11466
v 509.6864 -1022.7534 292.5560
v 509.5652 -1023.5640 292.5559
v 509.0889 -1026.7581 295.7933
f 11467 11468 11469
v 509.6873 -1022.7546 301.4697
v 509.6864 -1022.7534 292.5560
v 509.0895 -1026.7590 302.2791
f 11470 11471 11472
v 516.2632 -1032.4763 303.0595
v 517.4097 -1024.8053 302.0807
v 516.8114 -1028.8093 306.3939
f 11473 11474 11475
v 516.2630 -1032.4760 300.4336
v 517.5398 -1023.9353 299.2040
v 517.4097 -1024.8053 302.0807
f 11476 11477 11478
v 517.5398 -1023.9353 299.2040
v 517.5400 -1023.9356 301.4239
v 517.4097 -1024.8053 302.0807
f 11479 11480 11481
v 516.2628 -1032.4756 297.8067
v 517.5396 -1023.9350 296.9841
v 517.5398 -1023.9353 299.2040
f 11482 11483 11484
v 517.5394 -1023.9347 294.7651
v 517.5396 -1023.9350 296.9841
v 516.8101 -1028.8074 292.5544
f 11485 11486 11487
v 517.4097 -1024.8053 302.0807
v 516.2632 -1032.4763 303.0595
v 516.2630 -1032.4760 300.4336
f 11488 11489 11490
v 516.2628 -1032.4756 297.8067
v 516.8101 -1028.8074 292.5544
v 517.5396 -1023.9350 296.9841
f 11491 11492 11493
v 516.2628 -1032.4756 297.8067
v 516.2623 -1032.4749 292.5539
v 516.8101 -1028.8074 292.5544
f 11494 11495 11496
v 517.5394 -1023.9347 294.7651
v 516.8101 -1028.8074 292.5544
v 517.5392 -1023.9344 292.5552
f 11497 11498 11499
v 516.2628 -1032.4756 297.8067
v 517.5398 -1023.9353 299.2040
v 516.2630 -1032.4760 300.4336
f 11500 11501 11502
v 515.5910 -1023.6401 292.5554
v 511.7932 -1022.0589 292.5559
v 515.7396 -1022.6525 292.5555
f 11503 11504 11505
v 515.5910 -1023.6401 292.5554
v 509.0887 -1026.7577 292.5554
v 511.6446 -1023.0476 292.5558
f 11506 11507 11508
v 509.5652 -1023.5640 292.5559
v 510.9369 -1022.9417 292.5558
v 511.6446 -1023.0476 292.5558
f 11509 11510 11511
v 510.9369 -1022.9417 292.5558
v 509.5652 -1023.5640 292.5559
v 509.6864 -1022.7534 292.5560
f 11512 11513 11514
v 509.0887 -1026.7577 292.5554
v 509.5652 -1023.5640 292.5559
v 511.6446 -1023.0476 292.5558
f 11515 11516 11517
v 511.6446 -1023.0476 292.5558
v 511.7932 -1022.0589 292.5559
v 515.5910 -1023.6401 292.5554
f 11518 11519 11520
v 509.0887 -1026.7577 292.5554
v 515.5910 -1023.6401 292.5554
v 516.8101 -1028.8074 292.5544
f 11521 11522 11523
v 516.8101 -1028.8074 292.5544
v 516.2623 -1032.4749 292.5539
v 509.0887 -1026.7577 292.5554
f 11524 11525 11526
v 508.4105 -1031.2948 292.5547
v 508.8229 -1028.5370 292.5551
v 516.2623 -1032.4749 292.5539
f 11527 11528 11529
v 508.5109 -1026.6711 292.5554
v 509.0887 -1026.7577 292.5554
v 508.2302 -1028.4483 292.5552
f 11530 11531 11532
v 508.8229 -1028.5370 292.5551
v 508.2302 -1028.4483 292.5552
v 509.0887 -1026.7577 292.5554
f 11533 11534 11535
v 508.8229 -1028.5370 292.5551
v 509.0887 -1026.7577 292.5554
v 516.2623 -1032.4749 292.5539
f 11536 11537 11538
v 516.8101 -1028.8074 292.5544
v 515.5910 -1023.6401 292.5554
v 517.5392 -1023.9344 292.5552
f 11539 11540 11541
v 508.5109 -1026.6711 292.5554
v 509.0899 -1026.7594 305.5219
v 509.0895 -1026.7590 302.2791
f 11542 11543 11544
v 508.5109 -1026.6711 292.5554
v 509.0895 -1026.7590 302.2791
v 509.0889 -1026.7581 295.7933
f 11545 11546 11547
v 508.2302 -1028.4483 292.5552
v 508.8241 -1028.5388 305.5136
v 508.2314 -1028.4502 305.5097
f 11548 11549 11550
v 516.2623 -1032.4749 292.5539
v 516.2628 -1032.4756 297.8067
v 508.4115 -1031.2963 303.0063
f 11551 11552 11553
v 516.2630 -1032.4760 300.4336
v 508.4115 -1031.2963 303.0063
v 516.2628 -1032.4756 297.8067
f 11554 11555 11556
v 515.5910 -1023.6401 292.5554
v 515.5918 -1023.6413 301.4341
v 517.5400 -1023.9356 301.4239
f 11557 11558 11559
v 517.5398 -1023.9353 299.2040
v 515.5910 -1023.6401 292.5554
v 517.5400 -1023.9356 301.4239
f 11560 11561 11562
v 515.5910 -1023.6401 292.5554
v 517.5396 -1023.9350 296.9841
v 517.5394 -1023.9347 294.7651
f 11563 11564 11565
v 511.6448 -1023.0479 294.8907
v 511.7941 -1022.0602 301.6276
v 511.6446 -1023.0476 292.5558
f 11566 11567 11568

g building_ID_0223B481-8F1D-4189-BD97-3803A41CA432
v 424.5262 -1066.6309 314.7392
v 425.9439 -1070.1660 316.8374
v 427.1177 -1068.6858 314.7387
f 11569 11570 11571
v 425.9439 -1070.1660 316.8374
v 424.5262 -1066.6309 314.7392
v 423.3514 -1068.1110 316.8379
f 11572 11573 11574
v 422.1783 -1069.5895 314.7389
v 424.7718 -1071.6455 314.7383
v 425.9439 -1070.1660 316.8374
f 11575 11576 11577
v 425.9439 -1070.1660 316.8374
v 423.3514 -1068.1110 316.8379
v 422.1783 -1069.5895 314.7389
f 11578 11579 11580
v 424.3654 -1072.1574 314.3993
v 422.1783 -1069.5895 314.7389
v 421.8425 -1070.2406 314.3658
f 11581 11582 11583
v 422.1783 -1069.5895 314.7389
v 424.3654 -1072.1574 314.3993
v 424.7718 -1071.6455 314.7383
f 11584 11585 11586
v 421.1169 -1071.1957 313.7437
v 421.8425 -1070.2406 314.3658
v 420.9872 -1071.0923 313.7437
f 11587 11588 11589
v 422.1783 -1069.5895 314.7389
v 420.9872 -1071.0923 313.7437
v 421.8425 -1070.2406 314.3658
f 11590 11591 11592
v 421.8420 -1070.2397 307.5411
v 421.8425 -1070.2406 314.3658
v 421.1169 -1071.1957 313.7437
f 11593 11594 11595
v 421.8420 -1070.2397 307.5411
v 424.3654 -1072.1574 314.3993
v 421.8425 -1070.2406 314.3658
f 11596 11597 11598
v 424.3650 -1072.1566 309.2555
v 424.3651 -1072.1569 310.9704
v 421.8420 -1070.2397 307.5411
f 11599 11600 11601
v 424.3650 -1072.1566 309.2555
v 421.8420 -1070.2397 307.5411
v 424.3648 -1072.1564 307.5406
f 11602 11603 11604
v 420.9872 -1071.0923 313.7437
v 421.1165 -1071.1947 307.5410
v 421.1169 -1071.1957 313.7437
f 11605 11606 11607
v 420.9872 -1071.0923 313.7437
v 420.9867 -1071.0913 307.5410
v 421.1165 -1071.1947 307.5410
f 11608 11609 11610
v 414.7465 -1069.5136 314.4294
v 410.4487 -1065.3432 314.7403
v 410.0202 -1065.9050 314.3733
f 11611 11612 11613
v 419.7190 -1072.6929 314.7385
v 414.7465 -1069.5136 314.4294
v 419.4140 -1073.0772 314.4845
f 11614 11615 11616
v 410.4487 -1065.3432 314.7403
v 414.7465 -1069.5136 314.4294
v 419.7190 -1072.6929 314.7385
f 11617 11618 11619
v 410.4487 -1065.3432 314.7403
v 419.7190 -1072.6929 314.7385
v 422.1225 -1069.6612 319.5517
f 11620 11621 11622
v 422.1225 -1069.6612 319.5517
v 412.7943 -1062.2662 319.5535
v 410.4487 -1065.3432 314.7403
f 11623 11624 11625
v 422.1225 -1069.6612 319.5517
v 424.5262 -1066.6309 314.7392
v 420.5167 -1063.4512 314.7400
f 11626 11627 11628
v 413.5288 -1061.3019 318.0457
v 422.1225 -1069.6612 319.5517
v 420.5167 -1063.4512 314.7400
f 11629 11630 11631
v 413.1825 -1061.0400 318.0588
v 413.5288 -1061.3019 318.0457
v 414.8389 -1058.9500 314.7411
f 11632 11633 11634
v 420.5167 -1063.4512 314.7400
v 414.8389 -1058.9500 314.7411
v 413.5288 -1061.3019 318.0457
f 11635 11636 11637
v 422.1225 -1069.6612 319.5517
v 413.5288 -1061.3019 318.0457
v 412.7943 -1062.2662 319.5535
f 11638 11639 11640
v 410.0197 -1065.9040 307.5426
v 419.4134 -1073.0761 307.5408
v 419.4136 -1073.0764 309.2767
f 11641 11642 11643
v 410.0202 -1065.9050 314.3733
v 410.0197 -1065.9040 307.5426
v 419.4136 -1073.0764 309.2767
f 11644 11645 11646
v 413.5280 -1061.3004 307.5291
v 414.9998 -1063.6284 307.5286
v 412.9760 -1062.0240 307.5290
f 11647 11648 11649
v 417.6878 -1060.2365 307.5290
v 414.9998 -1063.6284 307.5286
v 413.5280 -1061.3004 307.5291
f 11650 11651 11652
v 413.5280 -1061.3004 307.5291
v 412.1908 -1060.2879 307.5294
v 414.8983 -1056.7311 307.5298
f 11653 11654 11655
v 417.1010 -1059.7901 307.5291
v 414.8983 -1056.7311 307.5298
v 417.7724 -1058.9049 307.5292
f 11656 11657 11658
v 417.1010 -1059.7901 307.5291
v 417.6878 -1060.2365 307.5290
v 413.5280 -1061.3004 307.5291
f 11659 11660 11661
v 414.8983 -1056.7311 307.5298
v 417.1010 -1059.7901 307.5291
v 413.5280 -1061.3004 307.5291
f 11662 11663 11664
v 413.1822 -1061.0394 313.9529
v 414.9321 -1058.8321 313.9851
v 412.1911 -1060.2887 313.5342
f 11665 11666 11667
v 414.6458 -1057.0643 313.5525
v 412.1911 -1060.2887 313.5342
v 414.9321 -1058.8321 313.9851
f 11668 11669 11670
v 414.6458 -1057.0643 313.5525
v 414.9321 -1058.8321 313.9851
v 415.9606 -1057.5348 313.3914
f 11671 11672 11673
v 415.9606 -1057.5348 313.3914
v 414.8987 -1056.7319 313.4036
v 414.6458 -1057.0643 313.5525
f 11674 11675 11676
v 424.7718 -1071.6455 314.7383
v 427.1177 -1068.6858 314.7387
v 425.9439 -1070.1660 316.8374
f 11677 11678 11679
v 424.3652 -1072.1571 312.6844
v 427.1171 -1068.6848 307.5410
v 427.1177 -1068.6858 314.7387
f 11680 11681 11682
v 427.7483 -1067.8886 307.5411
v 427.7488 -1067.8895 314.2118
v 427.1171 -1068.6848 307.5410
f 11683 11684 11685
v 427.1177 -1068.6858 314.7387
v 427.1171 -1068.6848 307.5410
v 427.7488 -1067.8895 314.2118
f 11686 11687 11688
v 424.3652 -1072.1571 312.6844
v 427.1177 -1068.6858 314.7387
v 424.7718 -1071.6455 314.7383
f 11689 11690 11691
v 427.1171 -1068.6848 307.5410
v 424.3652 -1072.1571 312.6844
v 424.3651 -1072.1569 310.9704
f 11692 11693 11694
v 425.9432 -1070.1647 307.5408
v 427.1171 -1068.6848 307.5410
v 424.3651 -1072.1569 310.9704
f 11695 11696 11697
v 424.7712 -1071.6445 307.5406
v 425.9432 -1070.1647 307.5408
v 424.3650 -1072.1566 309.2555
f 11698 11699 11700
v 424.3651 -1072.1569 310.9704
v 424.3650 -1072.1566 309.2555
v 425.9432 -1070.1647 307.5408
f 11701 11702 11703
v 424.3650 -1072.1566 309.2555
v 424.3648 -1072.1564 307.5406
v 424.7712 -1071.6445 307.5406
f 11704 11705 11706
v 424.3654 -1072.1574 314.3993
v 424.3652 -1072.1571 312.6844
v 424.7718 -1071.6455 314.7383
f 11707 11708 11709
v 410.0197 -1065.9040 307.5426
v 420.9867 -1071.0913 307.5410
v 419.7184 -1072.6919 307.5408
f 11710 11711 11712
v 421.8420 -1070.2397 307.5411
v 414.9998 -1063.6284 307.5426
v 425.9432 -1070.1647 307.5408
f 11713 11714 11715
v 420.9867 -1071.0913 307.5410
v 421.8420 -1070.2397 307.5411
v 421.1165 -1071.1947 307.5410
f 11716 11717 11718
v 410.0197 -1065.9040 307.5426
v 419.7184 -1072.6919 307.5408
v 419.4134 -1073.0761 307.5408
f 11719 11720 11721
v 424.7712 -1071.6445 307.5406
v 424.3648 -1072.1564 307.5406
v 421.8420 -1070.2397 307.5411
f 11722 11723 11724
v 427.1171 -1068.6848 307.5410
v 417.6878 -1060.2365 307.5430
v 427.7483 -1067.8886 307.5411
f 11725 11726 11727
v 424.7712 -1071.6445 307.5406
v 421.8420 -1070.2397 307.5411
v 425.9432 -1070.1647 307.5408
f 11728 11729 11730
v 414.9998 -1063.6284 307.5426
v 427.1171 -1068.6848 307.5410
v 425.9432 -1070.1647 307.5408
f 11731 11732 11733
v 414.9998 -1063.6284 307.5426
v 421.8420 -1070.2397 307.5411
v 420.9867 -1071.0913 307.5410
f 11734 11735 11736
v 420.9867 -1071.0913 307.5410
v 410.0197 -1065.9040 307.5426
v 410.4482 -1065.3422 307.5426
f 11737 11738 11739
v 410.4482 -1065.3422 307.5426
v 414.9998 -1063.6284 307.5426
v 420.9867 -1071.0913 307.5410
f 11740 11741 11742
v 414.9998 -1063.6284 307.5426
v 417.6878 -1060.2365 307.5430
v 427.1171 -1068.6848 307.5410
f 11743 11744 11745
v 410.4482 -1065.3422 307.5426
v 412.9760 -1062.0240 307.5430
v 414.9998 -1063.6284 307.5426
f 11746 11747 11748
v 413.1822 -1061.0394 313.9529
v 413.5280 -1061.3004 307.5291
v 413.5288 -1061.3019 318.0457
f 11749 11750 11751
v 413.5288 -1061.3019 318.0457
v 413.1825 -1061.0400 318.0588
v 413.1822 -1061.0394 313.9529
f 11752 11753 11754
v 413.1822 -1061.0394 313.9529
v 412.1911 -1060.2887 313.5342
v 412.1908 -1060.2879 307.5294
f 11755 11756 11757
v 413.5280 -1061.3004 307.5291
v 413.1822 -1061.0394 313.9529
v 412.1908 -1060.2879 307.5294
f 11758 11759 11760
v 414.9321 -1058.8321 313.9851
v 413.1822 -1061.0394 313.9529
v 413.1825 -1061.0400 318.0588
f 11761 11762 11763
v 414.8389 -1058.9500 314.7411
v 414.9321 -1058.8321 313.9851
v 413.1825 -1061.0400 318.0588
f 11764 11765 11766
v 414.8389 -1058.9500 314.7411
v 415.9606 -1057.5348 313.3914
v 414.9321 -1058.8321 313.9851
f 11767 11768 11769
v 415.9606 -1057.5349 313.8044
v 415.9606 -1057.5348 313.3914
v 414.8389 -1058.9500 314.7411
f 11770 11771 11772
v 417.7729 -1058.9057 313.7780
v 415.9606 -1057.5348 313.3914
v 415.9606 -1057.5349 313.8044
f 11773 11774 11775
v 415.9606 -1057.5348 313.3914
v 414.8983 -1056.7311 307.5298
v 414.8987 -1056.7319 313.4036
f 11776 11777 11778
v 414.8983 -1056.7311 307.5298
v 415.9606 -1057.5348 313.3914
v 417.7729 -1058.9057 313.7780
f 11779 11780 11781
v 414.8983 -1056.7311 307.5298
v 417.7729 -1058.9057 313.7780
v 417.7724 -1058.9049 307.5292
f 11782 11783 11784
v 417.1016 -1059.7910 314.3538
v 414.8389 -1058.9500 314.7411
v 420.5167 -1063.4512 314.7400
f 11785 11786 11787
v 417.7729 -1058.9057 313.7780
v 415.9606 -1057.5349 313.8044
v 417.1016 -1059.7910 314.3538
f 11788 11789 11790
v 414.8389 -1058.9500 314.7411
v 417.1016 -1059.7910 314.3538
v 415.9606 -1057.5349 313.8044
f 11791 11792 11793
v 427.7488 -1067.8895 314.2118
v 424.5262 -1066.6309 314.7392
v 427.1177 -1068.6858 314.7387
f 11794 11795 11796
v 424.5262 -1066.6309 314.7392
v 427.7488 -1067.8895 314.2118
v 417.1016 -1059.7910 314.3538
f 11797 11798 11799
v 420.5167 -1063.4512 314.7400
v 424.5262 -1066.6309 314.7392
v 417.1016 -1059.7910 314.3538
f 11800 11801 11802
v 420.9867 -1071.0913 307.5410
v 420.9872 -1071.0923 313.7437
v 419.4136 -1073.0764 309.2767
f 11803 11804 11805
v 419.4136 -1073.0764 309.2767
v 419.7184 -1072.6919 307.5408
v 420.9867 -1071.0913 307.5410
f 11806 11807 11808
v 419.7184 -1072.6919 307.5408
v 419.4136 -1073.0764 309.2767
v 419.4134 -1073.0761 307.5408
f 11809 11810 11811
v 423.3514 -1068.1110 316.8379
v 422.1225 -1069.6612 319.5517
v 422.1783 -1069.5895 314.7389
f 11812 11813 11814
v 424.5262 -1066.6309 314.7392
v 422.1225 -1069.6612 319.5517
v 423.3514 -1068.1110 316.8379
f 11815 11816 11817
v 419.7190 -1072.6929 314.7385
v 422.1783 -1069.5895 314.7389
v 422.1225 -1069.6612 319.5517
f 11818 11819 11820
v 419.4136 -1073.0764 309.2767
v 420.9872 -1071.0923 313.7437
v 419.4138 -1073.0769 312.7486
f 11821 11822 11823
v 419.7190 -1072.6929 314.7385
v 419.4138 -1073.0769 312.7486
v 420.9872 -1071.0923 313.7437
f 11824 11825 11826
v 419.4138 -1073.0769 312.7486
v 419.7190 -1072.6929 314.7385
v 419.4140 -1073.0772 314.4845
f 11827 11828 11829
v 419.7190 -1072.6929 314.7385
v 420.9872 -1071.0923 313.7437
v 422.1783 -1069.5895 314.7389
f 11830 11831 11832
v 410.0197 -1065.9040 307.5426
v 410.0202 -1065.9050 314.3733
v 410.4482 -1065.3422 307.5426
f 11833 11834 11835
v 410.4487 -1065.3432 314.7403
v 410.4482 -1065.3422 307.5426
v 410.0202 -1065.9050 314.3733
f 11836 11837 11838
v 410.4482 -1065.3422 307.5426
v 410.4487 -1065.3432 314.7403
v 412.9760 -1062.0240 307.5430
f 11839 11840 11841
v 412.9760 -1062.0240 307.5430
v 410.4487 -1065.3432 314.7403
v 413.5288 -1061.3019 318.0457
f 11842 11843 11844
v 412.7943 -1062.2662 319.5535
v 413.5288 -1061.3019 318.0457
v 410.4487 -1065.3432 314.7403
f 11845 11846 11847
v 413.5280 -1061.3004 307.5291
v 412.9760 -1062.0240 307.5290
v 412.9760 -1062.0240 307.5430
f 11848 11849 11850
v 413.5280 -1061.3004 307.5291
v 412.9760 -1062.0240 307.5430
v 413.5288 -1061.3019 318.0457
f 11851 11852 11853
v 414.8983 -1056.7311 307.5298
v 412.1908 -1060.2879 307.5294
v 412.1911 -1060.2887 313.5342
f 11854 11855 11856
v 414.6458 -1057.0643 313.5525
v 414.8983 -1056.7311 307.5298
v 412.1911 -1060.2887 313.5342
f 11857 11858 11859
v 414.6458 -1057.0643 313.5525
v 414.8987 -1056.7319 313.4036
v 414.8983 -1056.7311 307.5298
f 11860 11861 11862
v 417.1010 -1059.7901 307.5291
v 417.1016 -1059.7910 314.3538
v 417.6878 -1060.2365 307.5430
f 11863 11864 11865
v 417.6878 -1060.2365 307.5430
v 417.6878 -1060.2365 307.5290
v 417.1010 -1059.7901 307.5291
f 11866 11867 11868
v 427.7488 -1067.8895 314.2118
v 417.6878 -1060.2365 307.5430
v 417.1016 -1059.7910 314.3538
f 11869 11870 11871
v 427.7488 -1067.8895 314.2118
v 427.7483 -1067.8886 307.5411
v 417.6878 -1060.2365 307.5430
f 11872 11873 11874
v 417.1010 -1059.7901 307.5291
v 417.7724 -1058.9049 307.5292
v 417.7729 -1058.9057 313.7780
f 11875 11876 11877
v 417.1010 -1059.7901 307.5291
v 417.7729 -1058.9057 313.7780
v 417.1016 -1059.7910 314.3538
f 11878 11879 11880
v 412.9760 -1062.0240 307.5290
v 414.9998 -1063.6284 307.5286
v 414.9998 -1063.6284 307.5426
f 11881 11882 11883
v 414.9998 -1063.6284 307.5426
v 417.6878 -1060.2365 307.5290
v 417.6878 -1060.2365 307.5430
f 11884 11885 11886
v 417.6878 -1060.2365 307.5290
v 414.9998 -1063.6284 307.5426
v 414.9998 -1063.6284 307.5286
f 11887 11888 11889
v 421.1165 -1071.1947 307.5410
v 421.8420 -1070.2397 307.5411
v 421.1169 -1071.1957 313.7437
f 11890 11891 11892
v 424.3652 -1072.1571 312.6844
v 424.3654 -1072.1574 314.3993
v 421.8420 -1070.2397 307.5411
f 11893 11894 11895
v 421.8420 -1070.2397 307.5411
v 424.3651 -1072.1569 310.9704
v 424.3652 -1072.1571 312.6844
f 11896 11897 11898
v 419.4138 -1073.0769 312.7486
v 419.4140 -1073.0772 314.4845
v 414.7465 -1069.5136 314.4294
f 11899 11900 11901
v 414.7465 -1069.5136 314.4294
v 410.0202 -1065.9050 314.3733
v 419.4136 -1073.0764 309.2767
f 11902 11903 11904
v 414.7465 -1069.5136 314.4294
v 419.4136 -1073.0764 309.2767
v 419.4138 -1073.0769 312.7486
f 11905 11906 11907
v 412.9760 -1062.0240 307.5290
v 414.9998 -1063.6284 307.5426
v 412.9760 -1062.0240 307.5430
f 11908 11909 11910

g building_ID_8B388E9D-0D7C-4BF7-8EDE-B4DE831D13A1
v 443.0266 -1047.8752 304.6005
v 443.6098 -1058.6166 304.5986
v 440.8263 -1051.7363 304.6000
f 11911 11912 11913
v 443.6098 -1058.6166 304.5986
v 438.5536 -1055.7241 304.5995
v 438.9625 -1055.0072 304.5996
f 11914 11915 11916
v 440.8263 -1051.7363 304.6000
v 443.6098 -1058.6166 304.5986
v 438.9625 -1055.0072 304.5996
f 11917 11918 11919
v 453.2093 -1054.3184 304.5987
v 443.0266 -1047.8752 304.6005
v 453.4855 -1053.8282 304.5987
f 11920 11921 11922
v 443.0266 -1047.8752 304.6005
v 453.2093 -1054.3184 304.5987
v 451.3415 -1057.5854 304.5983
f 11923 11924 11925
v 449.4728 -1060.8543 304.5979
v 448.9915 -1061.6951 304.5978
v 443.6098 -1058.6166 304.5986
f 11926 11927 11928
v 451.3415 -1057.5854 304.5983
v 449.4728 -1060.8543 304.5979
v 443.6098 -1058.6166 304.5986
f 11929 11930 11931
v 443.0266 -1047.8752 304.6005
v 451.3415 -1057.5854 304.5983
v 443.6098 -1058.6166 304.5986
f 11932 11933 11934
v 440.8273 -1051.7381 317.7615
v 449.4734 -1060.8556 313.2795
v 451.3426 -1057.5873 317.7598
f 11935 11936 11937
v 449.4734 -1060.8556 313.2795
v 440.8273 -1051.7381 317.7615
v 438.9632 -1055.0084 313.2813
f 11938 11939 11940
v 438.9632 -1055.0084 313.2813
v 438.5542 -1055.7252 312.5052
v 448.9921 -1061.6961 312.3685
f 11941 11942 11943
v 438.9632 -1055.0084 313.2813
v 448.9921 -1061.6961 312.3685
v 449.4734 -1060.8556 313.2795
f 11944 11945 11946
v 442.6897 -1048.4685 313.2821
v 451.3426 -1057.5873 317.7598
v 453.2099 -1054.3196 313.2804
f 11947 11948 11949
v 451.3426 -1057.5873 317.7598
v 442.6897 -1048.4685 313.2821
v 440.8273 -1051.7381 317.7615
f 11950 11951 11952
v 443.0270 -1047.8759 309.5843
v 443.0272 -1047.8763 312.6412
v 453.4859 -1053.8287 308.6755
f 11953 11954 11955
v 453.4859 -1053.8287 308.6755
v 443.0272 -1047.8763 312.6412
v 453.4860 -1053.8290 310.7134
f 11956 11957 11958
v 443.0266 -1047.8752 304.6005
v 453.4859 -1053.8287 308.6755
v 453.4858 -1053.8284 306.6366
f 11959 11960 11961
v 453.4858 -1053.8284 306.6366
v 453.4855 -1053.8282 304.5987
v 443.0266 -1047.8752 304.6005
f 11962 11963 11964
v 448.9920 -1061.6959 310.3916
v 448.9921 -1061.6961 312.3685
v 438.5537 -1055.7244 306.5754
f 11965 11966 11967
v 438.5537 -1055.7244 306.5754
v 443.6098 -1058.6166 304.5986
v 448.9915 -1061.6951 304.5978
f 11968 11969 11970
v 448.9915 -1061.6951 304.5978
v 448.9918 -1061.6956 308.4156
v 438.5537 -1055.7244 306.5754
f 11971 11972 11973
v 443.6098 -1058.6166 304.5986
v 438.5537 -1055.7244 306.5754
v 438.5536 -1055.7241 304.5995
f 11974 11975 11976
v 443.0272 -1047.8763 312.6412
v 453.2099 -1054.3196 313.2804
v 453.4863 -1053.8293 312.7514
f 11977 11978 11979
v 453.2099 -1054.3196 313.2804
v 443.0272 -1047.8763 312.6412
v 442.6897 -1048.4685 313.2821
f 11980 11981 11982
v 453.2099 -1054.3196 313.2804
v 451.3426 -1057.5873 317.7598
v 449.4734 -1060.8556 313.2795
f 11983 11984 11985
v 453.4860 -1053.8290 310.7134
v 453.2099 -1054.3196 313.2804
v 449.4734 -1060.8556 313.2795
f 11986 11987 11988
v 453.2099 -1054.3196 313.2804
v 453.4860 -1053.8290 310.7134
v 453.4863 -1053.8293 312.7514
f 11989 11990 11991
v 453.4859 -1053.8287 308.6755
v 451.3415 -1057.5854 304.5983
v 453.4858 -1053.8284 306.6366
f 11992 11993 11994
v 448.9920 -1061.6959 310.3916
v 453.4859 -1053.8287 308.6755
v 453.4860 -1053.8290 310.7134
f 11995 11996 11997
v 449.4734 -1060.8556 313.2795
v 448.9920 -1061.6959 310.3916
v 453.4860 -1053.8290 310.7134
f 11998 11999 12000
v 448.9920 -1061.6959 310.3916
v 448.9918 -1061.6956 308.4156
v 453.4859 -1053.8287 308.6755
f 12001 12002 12003
v 451.3415 -1057.5854 304.5983
v 453.4859 -1053.8287 308.6755
v 448.9918 -1061.6956 308.4156
f 12004 12005 12006
v 448.9915 -1061.6951 304.5978
v 449.4728 -1060.8543 304.5979
v 448.9918 -1061.6956 308.4156
f 12007 12008 12009
v 453.4855 -1053.8282 304.5987
v 453.4858 -1053.8284 306.6366
v 453.2093 -1054.3184 304.5987
f 12010 12011 12012
v 448.9918 -1061.6956 308.4156
v 449.4728 -1060.8543 304.5979
v 451.3415 -1057.5854 304.5983
f 12013 12014 12015
v 453.4858 -1053.8284 306.6366
v 451.3415 -1057.5854 304.5983
v 453.2093 -1054.3184 304.5987
f 12016 12017 12018
v 448.9920 -1061.6959 310.3916
v 449.4734 -1060.8556 313.2795
v 448.9921 -1061.6961 312.3685
f 12019 12020 12021
v 442.6897 -1048.4685 313.2821
v 438.5541 -1055.7249 310.5283
v 438.9632 -1055.0084 313.2813
f 12022 12023 12024
v 438.5541 -1055.7249 310.5283
v 438.5542 -1055.7252 312.5052
v 438.9632 -1055.0084 313.2813
f 12025 12026 12027
v 438.5541 -1055.7249 310.5283
v 442.6897 -1048.4685 313.2821
v 438.5537 -1055.7244 306.5754
f 12028 12029 12030
v 438.5537 -1055.7244 306.5754
v 438.9625 -1055.0072 304.5996
v 438.5536 -1055.7241 304.5995
f 12031 12032 12033
v 442.6897 -1048.4685 313.2821
v 438.9632 -1055.0084 313.2813
v 440.8273 -1051.7381 317.7615
f 12034 12035 12036
v 443.0270 -1047.8759 309.5843
v 442.6897 -1048.4685 313.2821
v 443.0272 -1047.8763 312.6412
f 12037 12038 12039
v 438.9625 -1055.0072 304.5996
v 442.6897 -1048.4685 313.2821
v 443.0270 -1047.8759 309.5843
f 12040 12041 12042
v 440.8263 -1051.7363 304.6000
v 438.9625 -1055.0072 304.5996
v 443.0270 -1047.8759 309.5843
f 12043 12044 12045
v 443.0270 -1047.8759 309.5843
v 443.0266 -1047.8752 304.6005
v 440.8263 -1051.7363 304.6000
f 12046 12047 12048
v 438.5537 -1055.7244 306.5754
v 442.6897 -1048.4685 313.2821
v 438.9625 -1055.0072 304.5996
f 12049 12050 12051
v 443.0270 -1047.8759 309.5843
v 453.4859 -1053.8287 308.6755
v 443.0266 -1047.8752 304.6005
f 12052 12053 12054
v 443.0272 -1047.8763 312.6412
v 453.4863 -1053.8293 312.7514
v 453.4860 -1053.8290 310.7134
f 12055 12056 12057
v 448.9918 -1061.6956 308.4156
v 448.9920 -1061.6959 310.3916
v 438.5537 -1055.7244 306.5754
f 12058 12059 12060
v 438.5541 -1055.7249 310.5283
v 438.5537 -1055.7244 306.5754
v 448.9921 -1061.6961 312.3685
f 12061 12062 12063
v 448.9921 -1061.6961 312.3685
v 438.5542 -1055.7252 312.5052
v 438.5541 -1055.7249 310.5283
f 12064 12065 12066

g building_ID_C38D7B87-C249-413C-9731-4CF86775B72F
v 435.6872 -1046.5615 304.5952
v 439.7742 -1046.9044 304.5948
v 439.4186 -1054.2055 304.5937
f 12067 12068 12069
v 439.7742 -1046.9044 304.5948
v 442.4378 -1048.9076 304.5943
v 439.4186 -1054.2055 304.5937
f 12070 12071 12072
v 433.3772 -1049.5282 304.5949
v 435.6872 -1046.5615 304.5952
v 436.0835 -1051.6446 304.5943
f 12073 12074 12075
v 439.7742 -1046.9044 304.5948
v 435.6872 -1046.5615 304.5952
v 437.0649 -1044.7912 304.5954
f 12076 12077 12078
v 436.0835 -1051.6446 304.5943
v 435.6872 -1046.5615 304.5952
v 439.4186 -1054.2055 304.5937
f 12079 12080 12081
v 439.7748 -1046.9055 311.6835
v 437.0655 -1044.7921 311.7161
v 435.6878 -1046.5626 312.4549
f 12082 12083 12084
v 439.7748 -1046.9055 311.6835
v 435.6878 -1046.5626 312.4549
v 441.1856 -1051.1073 312.4538
f 12085 12086 12087
v 442.4384 -1048.9085 311.6330
v 439.7748 -1046.9055 311.6835
v 441.1856 -1051.1073 312.4538
f 12088 12089 12090
v 436.0841 -1051.6455 311.3670
v 435.6878 -1046.5626 312.4549
v 433.3777 -1049.5292 311.3396
f 12091 12092 12093
v 436.0841 -1051.6455 311.3670
v 439.4192 -1054.2064 311.4114
v 441.1856 -1051.1073 312.4538
f 12094 12095 12096
v 435.6878 -1046.5626 312.4549
v 436.0841 -1051.6455 311.3670
v 441.1856 -1051.1073 312.4538
f 12097 12098 12099
v 439.7742 -1046.9044 304.5948
v 439.7748 -1046.9055 311.6835
v 442.4384 -1048.9085 311.6330
f 12100 12101 12102
v 442.4378 -1048.9076 304.5943
v 439.7742 -1046.9044 304.5948
v 442.4384 -1048.9085 311.6330
f 12103 12104 12105
v 437.0653 -1044.7918 309.1702
v 437.0655 -1044.7921 311.7161
v 439.7748 -1046.9055 311.6835
f 12106 12107 12108
v 439.7742 -1046.9044 304.5948
v 437.0649 -1044.7912 304.5954
v 439.7748 -1046.9055 311.6835
f 12109 12110 12111
v 436.0835 -1051.6446 304.5943
v 436.0841 -1051.6455 311.3670
v 433.3777 -1049.5292 311.3396
f 12112 12113 12114
v 433.3776 -1049.5289 308.9187
v 433.3772 -1049.5282 304.5949
v 436.0835 -1051.6446 304.5943
f 12115 12116 12117
v 433.3776 -1049.5289 308.9187
v 433.3777 -1049.5292 311.3396
v 435.6878 -1046.5626 312.4549
f 12118 12119 12120
v 433.3772 -1049.5282 304.5949
v 433.3776 -1049.5289 308.9187
v 435.6872 -1046.5615 304.5952
f 12121 12122 12123
v 433.3776 -1049.5289 308.9187
v 435.6878 -1046.5626 312.4549
v 437.0653 -1044.7918 309.1702
f 12124 12125 12126
v 433.3776 -1049.5289 308.9187
v 437.0653 -1044.7918 309.1702
v 435.6872 -1046.5615 304.5952
f 12127 12128 12129
v 437.0649 -1044.7912 304.5954
v 435.6872 -1046.5615 304.5952
v 437.0653 -1044.7918 309.1702
f 12130 12131 12132
v 437.0655 -1044.7921 311.7161
v 437.0653 -1044.7918 309.1702
v 435.6878 -1046.5626 312.4549
f 12133 12134 12135
v 442.4384 -1048.9085 311.6330
v 439.4192 -1054.2064 311.4114
v 442.4378 -1048.9076 304.5943
f 12136 12137 12138
v 442.4378 -1048.9076 304.5943
v 439.4192 -1054.2064 311.4114
v 439.4186 -1054.2055 304.5937
f 12139 12140 12141
v 441.1856 -1051.1073 312.4538
v 439.4192 -1054.2064 311.4114
v 442.4384 -1048.9085 311.6330
f 12142 12143 12144
v 437.0653 -1044.7918 309.1702
v 439.7748 -1046.9055 311.6835
v 437.0649 -1044.7912 304.5954
f 12145 12146 12147
v 436.0835 -1051.6446 304.5943
v 433.3777 -1049.5292 311.3396
v 433.3776 -1049.5289 308.9187
f 12148 12149 12150
v 439.4186 -1054.2055 304.5937
v 439.4192 -1054.2064 311.4114
v 436.0841 -1051.6455 311.3670
f 12151 12152 12153
v 439.4186 -1054.2055 304.5937
v 436.0841 -1051.6455 311.3670
v 436.0835 -1051.6446 304.5943
f 12154 12155 12156

g building_ID_04DB5242-5F25-4A68-87BF-6E34E32938B8
v 475.6655 -1027.0264 295.1369
v 484.2040 -1023.4334 295.1368
v 483.7469 -1026.4782 295.1363
f 12157 12158 12159
v 475.6655 -1027.0264 295.1369
v 483.7469 -1026.4782 295.1363
v 482.8376 -1032.5246 295.1354
f 12160 12161 12162
v 475.6655 -1027.0264 295.1369
v 482.8376 -1032.5246 295.1354
v 474.7180 -1031.3079 295.1362
f 12163 12164 12165
v 475.2876 -1026.9704 295.1369
v 475.6655 -1027.0264 295.1369
v 474.7180 -1031.3079 295.1362
f 12166 12167 12168
v 475.6655 -1027.0264 295.1369
v 475.9017 -1025.4471 295.1371
v 484.2040 -1023.4334 295.1368
f 12169 12170 12171
v 484.2040 -1023.4334 295.1368
v 475.9017 -1025.4471 295.1371
v 476.3772 -1022.2594 295.1376
f 12172 12173 12174
v 480.2573 -1022.8419 303.1929
v 483.7479 -1026.4797 306.5629
v 484.2047 -1023.4345 303.2705
f 12175 12176 12177
v 475.9027 -1025.4487 306.5636
v 480.2573 -1022.8419 303.1929
v 476.3779 -1022.2605 303.1163
f 12178 12179 12180
v 483.7479 -1026.4797 306.5629
v 480.2573 -1022.8419 303.1929
v 475.9027 -1025.4487 306.5636
f 12181 12182 12183
v 475.2885 -1026.9719 305.9315
v 474.7188 -1031.3092 304.1909
v 475.6664 -1027.0279 305.9285
f 12184 12185 12186
v 475.6664 -1027.0279 305.9285
v 482.8385 -1032.5259 304.1311
v 483.7479 -1026.4797 306.5629
f 12187 12188 12189
v 474.7188 -1031.3092 304.1909
v 482.8385 -1032.5259 304.1311
v 475.6664 -1027.0279 305.9285
f 12190 12191 12192
v 475.9027 -1025.4487 306.5636
v 475.6664 -1027.0279 305.9285
v 483.7479 -1026.4797 306.5629
f 12193 12194 12195
v 476.3772 -1022.2594 295.1376
v 476.3779 -1022.2605 303.1163
v 480.2573 -1022.8419 303.1929
f 12196 12197 12198
v 476.3772 -1022.2594 295.1376
v 480.2573 -1022.8419 303.1929
v 484.2040 -1023.4334 295.1368
f 12199 12200 12201
v 480.2573 -1022.8419 303.1929
v 484.2047 -1023.4345 303.2705
v 484.2045 -1023.4341 301.2365
f 12202 12203 12204
v 484.2044 -1023.4339 299.2036
v 484.2040 -1023.4334 295.1368
v 480.2573 -1022.8419 303.1929
f 12205 12206 12207
v 475.6655 -1027.0264 295.1369
v 475.2876 -1026.9704 295.1369
v 475.2885 -1026.9719 305.9315
f 12208 12209 12210
v 475.6664 -1027.0279 305.9285
v 475.6657 -1027.0268 297.8328
v 475.2885 -1026.9719 305.9315
f 12211 12212 12213
v 475.2885 -1026.9719 305.9315
v 475.6657 -1027.0268 297.8328
v 475.6655 -1027.0264 295.1369
f 12214 12215 12216
v 474.7180 -1031.3079 295.1362
v 474.7188 -1031.3092 304.1909
v 475.2885 -1026.9719 305.9315
f 12217 12218 12219
v 474.7180 -1031.3079 295.1362
v 475.2885 -1026.9719 305.9315
v 475.2876 -1026.9704 295.1369
f 12220 12221 12222
v 482.8385 -1032.5259 304.1311
v 474.7180 -1031.3079 295.1362
v 482.8382 -1032.5255 301.8672
f 12223 12224 12225
v 482.8376 -1032.5246 295.1354
v 482.8381 -1032.5253 299.6043
v 474.7180 -1031.3079 295.1362
f 12226 12227 12228
v 482.8385 -1032.5259 304.1311
v 474.7188 -1031.3092 304.1909
v 474.7180 -1031.3079 295.1362
f 12229 12230 12231
v 475.6664 -1027.0279 305.9285
v 475.9027 -1025.4487 306.5636
v 476.3779 -1022.2605 303.1163
f 12232 12233 12234
v 475.6664 -1027.0279 305.9285
v 476.3779 -1022.2605 303.1163
v 475.6657 -1027.0268 297.8328
f 12235 12236 12237
v 476.3779 -1022.2605 303.1163
v 476.3772 -1022.2594 295.1376
v 475.6657 -1027.0268 297.8328
f 12238 12239 12240
v 475.6655 -1027.0264 295.1369
v 475.6657 -1027.0268 297.8328
v 475.9017 -1025.4471 295.1371
f 12241 12242 12243
v 476.3772 -1022.2594 295.1376
v 475.9017 -1025.4471 295.1371
v 475.6657 -1027.0268 297.8328
f 12244 12245 12246
v 482.8381 -1032.5253 299.6043
v 483.7469 -1026.4782 295.1363
v 484.2044 -1023.4339 299.2036
f 12247 12248 12249
v 484.2044 -1023.4339 299.2036
v 483.7469 -1026.4782 295.1363
v 484.2040 -1023.4334 295.1368
f 12250 12251 12252
v 482.8381 -1032.5253 299.6043
v 484.2044 -1023.4339 299.2036
v 484.2045 -1023.4341 301.2365
f 12253 12254 12255
v 482.8382 -1032.5255 301.8672
v 484.2045 -1023.4341 301.2365
v 483.7479 -1026.4797 306.5629
f 12256 12257 12258
v 482.8385 -1032.5259 304.1311
v 482.8382 -1032.5255 301.8672
v 483.7479 -1026.4797 306.5629
f 12259 12260 12261
v 483.7469 -1026.4782 295.1363
v 482.8381 -1032.5253 299.6043
v 482.8376 -1032.5246 295.1354
f 12262 12263 12264
v 482.8381 -1032.5253 299.6043
v 484.2045 -1023.4341 301.2365
v 482.8382 -1032.5255 301.8672
f 12265 12266 12267
v 484.2045 -1023.4341 301.2365
v 484.2047 -1023.4345 303.2705
v 483.7479 -1026.4797 306.5629
f 12268 12269 12270
v 480.2573 -1022.8419 303.1929
v 484.2045 -1023.4341 301.2365
v 484.2044 -1023.4339 299.2036
f 12271 12272 12273
v 474.7180 -1031.3079 295.1362
v 482.8381 -1032.5253 299.6043
v 482.8382 -1032.5255 301.8672
f 12274 12275 12276

g building_ID_630B12B8-2AF7-49C7-A633-DD34602B1B80
v 414.2590 -1033.5399 302.3688
v 413.9998 -1033.2321 302.3689
v 416.4752 -1028.2428 302.3695
f 12277 12278 12279
v 414.2590 -1033.5399 302.3688
v 413.9254 -1033.3809 302.3689
v 413.9998 -1033.2321 302.3689
f 12280 12281 12282
v 425.8206 -1031.4468 302.3684
v 416.4752 -1028.2428 302.3695
v 416.9990 -1027.1902 302.3697
f 12283 12284 12285
v 414.2590 -1033.5399 302.3688
v 416.4752 -1028.2428 302.3695
v 425.8206 -1031.4468 302.3684
f 12286 12287 12288
v 412.0495 -1038.1878 302.3682
v 414.2590 -1033.5399 302.3688
v 420.2671 -1042.0789 302.3670
f 12289 12290 12291
v 420.2671 -1042.0789 302.3670
v 414.2590 -1033.5399 302.3688
v 425.2505 -1032.5973 302.3683
f 12292 12293 12294
v 428.7699 -1035.0477 302.3676
v 426.5740 -1039.4738 302.3671
v 426.4868 -1033.9656 302.3680
f 12295 12296 12297
v 425.2505 -1032.5973 302.3683
v 426.7764 -1033.3544 302.3680
v 426.4868 -1033.9656 302.3680
f 12298 12299 12300
v 426.4868 -1033.9656 302.3680
v 426.5740 -1039.4738 302.3671
v 425.2505 -1032.5973 302.3683
f 12301 12302 12303
v 419.9241 -1042.8010 302.3670
v 426.5740 -1039.4738 302.3671
v 423.9770 -1044.7068 302.3664
f 12304 12305 12306
v 426.5740 -1039.4738 302.3671
v 419.9241 -1042.8010 302.3670
v 420.2671 -1042.0789 302.3670
f 12307 12308 12309
v 420.2671 -1042.0789 302.3670
v 425.2505 -1032.5973 302.3683
v 426.5740 -1039.4738 302.3671
f 12310 12311 12312
v 425.8206 -1031.4468 302.3684
v 425.2505 -1032.5973 302.3683
v 414.2590 -1033.5399 302.3688
f 12313 12314 12315
v 416.9996 -1027.1913 310.2434
v 416.4759 -1028.2439 310.8622
v 421.5407 -1029.3825 310.2137
f 12316 12317 12318
v 416.4759 -1028.2439 310.8622
v 425.2511 -1032.5985 310.8610
v 421.5407 -1029.3825 310.2137
f 12319 12320 12321
v 425.2511 -1032.5985 310.8610
v 425.8212 -1031.4479 310.1851
v 421.5407 -1029.3825 310.2137
f 12322 12323 12324
v 416.9992 -1027.1905 304.3377
v 416.9993 -1027.1908 306.3066
v 425.8212 -1031.4479 310.1851
f 12325 12326 12327
v 416.9995 -1027.1910 308.2745
v 416.9996 -1027.1913 310.2434
v 421.5407 -1029.3825 310.2137
f 12328 12329 12330
v 416.9993 -1027.1908 306.3066
v 416.9995 -1027.1910 308.2745
v 421.5407 -1029.3825 310.2137
f 12331 12332 12333
v 416.9990 -1027.1902 302.3697
v 416.9992 -1027.1905 304.3377
v 425.8206 -1031.4468 302.3684
f 12334 12335 12336
v 416.9992 -1027.1905 304.3377
v 425.8212 -1031.4479 310.1851
v 425.8206 -1031.4468 302.3684
f 12337 12338 12339
v 425.2511 -1032.5985 310.8610
v 425.8206 -1031.4468 302.3684
v 425.8212 -1031.4479 310.1851
f 12340 12341 12342
v 425.2511 -1032.5985 310.8610
v 425.2505 -1032.5973 302.3683
v 425.8206 -1031.4468 302.3684
f 12343 12344 12345
v 412.0495 -1038.1878 302.3682
v 412.0503 -1038.1890 311.1839
v 414.2590 -1033.5399 302.3688
f 12346 12347 12348
v 412.0503 -1038.1890 311.1839
v 414.2600 -1033.5416 314.9924
v 414.2590 -1033.5399 302.3688
f 12349 12350 12351
v 420.2671 -1042.0789 302.3670
v 420.2678 -1042.0801 311.3067
v 412.0503 -1038.1890 311.1839
f 12352 12353 12354
v 412.0503 -1038.1890 311.1839
v 412.0495 -1038.1878 302.3682
v 420.2671 -1042.0789 302.3670
f 12355 12356 12357
v 419.9241 -1042.8010 302.3670
v 419.9248 -1042.8021 310.7157
v 420.2678 -1042.0801 311.3067
f 12358 12359 12360
v 419.9241 -1042.8010 302.3670
v 420.2678 -1042.0801 311.3067
v 420.2671 -1042.0789 302.3670
f 12361 12362 12363
v 423.9770 -1044.7068 302.3664
v 422.8401 -1044.1729 310.7652
v 419.9241 -1042.8010 302.3670
f 12364 12365 12366
v 422.8401 -1044.1729 310.7652
v 419.9248 -1042.8021 310.7157
v 419.9241 -1042.8010 302.3670
f 12367 12368 12369
v 413.9264 -1033.3827 314.9885
v 413.9259 -1033.3818 308.6767
v 414.2600 -1033.5416 314.9924
f 12370 12371 12372
v 414.2590 -1033.5399 302.3688
v 414.2600 -1033.5416 314.9924
v 413.9259 -1033.3818 308.6767
f 12373 12374 12375
v 413.9257 -1033.3814 305.5208
v 414.2590 -1033.5399 302.3688
v 413.9259 -1033.3818 308.6767
f 12376 12377 12378
v 414.2590 -1033.5399 302.3688
v 413.9257 -1033.3814 305.5208
v 413.9254 -1033.3809 302.3689
f 12379 12380 12381
v 426.4875 -1033.9669 311.3767
v 426.4868 -1033.9656 302.3680
v 426.7771 -1033.3556 310.8607
f 12382 12383 12384
v 425.2505 -1032.5973 302.3683
v 425.2511 -1032.5985 310.8610
v 426.7764 -1033.3544 302.3680
f 12385 12386 12387
v 426.7771 -1033.3556 310.8607
v 426.7764 -1033.3544 302.3680
v 425.2511 -1032.5985 310.8610
f 12388 12389 12390
v 424.4341 -1044.3101 303.0434
v 424.6081 -1043.9446 303.0435
v 424.6088 -1043.9458 311.4982
f 12391 12392 12393
v 426.2067 -1044.7011 311.5229
v 424.6088 -1043.9458 311.4982
v 427.8110 -1045.4582 303.0430
f 12394 12395 12396
v 424.6088 -1043.9458 311.4982
v 424.6081 -1043.9446 303.0435
v 427.8110 -1045.4582 303.0430
f 12397 12398 12399
v 428.1853 -1036.4042 303.0444
v 428.1859 -1036.4053 310.7971
v 427.7931 -1037.2312 303.0443
f 12400 12401 12402
v 428.1859 -1036.4053 310.7971
v 427.7938 -1037.2323 311.6190
v 427.7931 -1037.2312 303.0443
f 12403 12404 12405
v 429.3478 -1037.9685 311.5908
v 427.7931 -1037.2312 303.0443
v 427.7938 -1037.2323 311.6190
f 12406 12407 12408
v 427.7931 -1037.2312 303.0443
v 429.3478 -1037.9685 311.5908
v 431.1145 -1038.8053 311.5586
f 12409 12410 12411
v 431.1142 -1038.8047 307.2707
v 431.1140 -1038.8043 305.1278
v 427.7931 -1037.2312 303.0443
f 12412 12413 12414
v 427.7931 -1037.2312 303.0443
v 431.1140 -1038.8043 305.1278
v 431.1138 -1038.8041 303.0439
f 12415 12416 12417
v 424.6081 -1043.9446 303.0435
v 424.4341 -1044.3101 303.0434
v 424.2254 -1044.2066 303.0434
f 12418 12419 12420
v 424.6081 -1043.9446 303.0435
v 424.2254 -1044.2066 303.0434
v 426.5741 -1039.4739 303.0441
f 12421 12422 12423
v 427.7931 -1037.2312 303.0443
v 429.6238 -1041.8040 303.0435
v 427.8110 -1045.4582 303.0430
f 12424 12425 12426
v 426.5741 -1039.4739 303.0441
v 427.8110 -1045.4582 303.0430
v 424.6081 -1043.9446 303.0435
f 12427 12428 12429
v 428.1144 -1036.3690 303.0445
v 427.7931 -1037.2312 303.0443
v 426.5741 -1039.4739 303.0441
f 12430 12431 12432
v 427.7931 -1037.2312 303.0443
v 428.1144 -1036.3690 303.0445
v 428.1853 -1036.4042 303.0444
f 12433 12434 12435
v 431.1138 -1038.8041 303.0439
v 429.6238 -1041.8040 303.0435
v 427.7931 -1037.2312 303.0443
f 12436 12437 12438
v 427.7931 -1037.2312 303.0443
v 427.8110 -1045.4582 303.0430
v 426.5741 -1039.4739 303.0441
f 12439 12440 12441
v 427.7938 -1037.2323 311.6190
v 428.1150 -1036.3702 310.7972
v 426.5749 -1039.4754 313.9117
f 12442 12443 12444
v 426.2503 -1040.1306 314.5686
v 429.6247 -1041.8057 314.5680
v 426.5749 -1039.4754 313.9117
f 12445 12446 12447
v 427.7938 -1037.2323 311.6190
v 428.1859 -1036.4053 310.7971
v 428.1150 -1036.3702 310.7972
f 12448 12449 12450
v 427.7938 -1037.2323 311.6190
v 426.5749 -1039.4754 313.9117
v 429.3478 -1037.9685 311.5908
f 12451 12452 12453
v 429.3478 -1037.9685 311.5908
v 426.5749 -1039.4754 313.9117
v 429.6247 -1041.8057 314.5680
f 12454 12455 12456
v 431.1145 -1038.8053 311.5586
v 429.3478 -1037.9685 311.5908
v 429.6247 -1041.8057 314.5680
f 12457 12458 12459
v 424.2260 -1044.2077 311.1981
v 424.4341 -1044.3101 303.0434
v 424.4347 -1044.3112 311.1981
f 12460 12461 12462
v 424.2260 -1044.2077 311.1981
v 424.2254 -1044.2066 303.0434
v 424.4341 -1044.3101 303.0434
f 12463 12464 12465
v 428.1144 -1036.3690 303.0445
v 428.1150 -1036.3702 310.7972
v 428.1853 -1036.4042 303.0444
f 12466 12467 12468
v 428.1859 -1036.4053 310.7971
v 428.1853 -1036.4042 303.0444
v 428.1150 -1036.3702 310.7972
f 12469 12470 12471
v 420.2678 -1042.0801 311.3067
v 414.2600 -1033.5416 314.9924
v 412.0503 -1038.1890 311.1839
f 12472 12473 12474
v 420.2678 -1042.0801 311.3067
v 419.9248 -1042.8021 310.7157
v 422.8401 -1044.1729 310.7652
f 12475 12476 12477
v 426.2503 -1040.1306 314.5686
v 414.2600 -1033.5416 314.9924
v 420.2678 -1042.0801 311.3067
f 12478 12479 12480
v 414.0008 -1033.2339 315.1115
v 413.9264 -1033.3827 314.9885
v 414.2600 -1033.5416 314.9924
f 12481 12482 12483
v 426.5750 -1039.4755 315.1096
v 414.0008 -1033.2339 315.1115
v 414.2600 -1033.5416 314.9924
f 12484 12485 12486
v 424.6088 -1043.9458 311.4982
v 420.2678 -1042.0801 311.3067
v 422.8401 -1044.1729 310.7652
f 12487 12488 12489
v 422.8401 -1044.1729 310.7652
v 423.9777 -1044.7080 310.7851
v 424.2260 -1044.2077 311.1981
f 12490 12491 12492
v 424.2260 -1044.2077 311.1981
v 424.6088 -1043.9458 311.4982
v 422.8401 -1044.1729 310.7652
f 12493 12494 12495
v 424.6088 -1043.9458 311.4982
v 424.2260 -1044.2077 311.1981
v 424.4347 -1044.3112 311.1981
f 12496 12497 12498
v 424.6088 -1043.9458 311.4982
v 426.2503 -1040.1306 314.5686
v 420.2678 -1042.0801 311.3067
f 12499 12500 12501
v 426.2503 -1040.1306 314.5686
v 426.5750 -1039.4755 315.1096
v 414.2600 -1033.5416 314.9924
f 12502 12503 12504
v 426.2067 -1044.7011 311.5229
v 426.2503 -1040.1306 314.5686
v 424.6088 -1043.9458 311.4982
f 12505 12506 12507
v 426.2503 -1040.1306 314.5686
v 426.2067 -1044.7011 311.5229
v 429.6247 -1041.8057 314.5680
f 12508 12509 12510
v 426.2067 -1044.7011 311.5229
v 427.8117 -1045.4594 311.5477
v 429.6247 -1041.8057 314.5680
f 12511 12512 12513
v 426.4875 -1033.9669 311.3767
v 426.7771 -1033.3556 310.8607
v 425.2511 -1032.5985 310.8610
f 12514 12515 12516
v 414.0008 -1033.2339 315.1115
v 425.2511 -1032.5985 310.8610
v 416.4759 -1028.2439 310.8622
f 12517 12518 12519
v 414.0008 -1033.2339 315.1115
v 426.4875 -1033.9669 311.3767
v 425.2511 -1032.5985 310.8610
f 12520 12521 12522
v 426.5750 -1039.4755 315.1096
v 426.4875 -1033.9669 311.3767
v 414.0008 -1033.2339 315.1115
f 12523 12524 12525
v 426.4875 -1033.9669 311.3767
v 426.5750 -1039.4755 315.1096
v 428.7706 -1035.0490 311.3413
f 12526 12527 12528
v 416.9992 -1027.1905 304.3377
v 416.4752 -1028.2428 302.3695
v 413.9259 -1033.3818 308.6767
f 12529 12530 12531
v 416.4752 -1028.2428 302.3695
v 413.9257 -1033.3814 305.5208
v 413.9259 -1033.3818 308.6767
f 12532 12533 12534
v 413.9257 -1033.3814 305.5208
v 413.9998 -1033.2321 302.3689
v 413.9254 -1033.3809 302.3689
f 12535 12536 12537
v 413.9257 -1033.3814 305.5208
v 416.4752 -1028.2428 302.3695
v 413.9998 -1033.2321 302.3689
f 12538 12539 12540
v 416.9990 -1027.1902 302.3697
v 416.4752 -1028.2428 302.3695
v 416.9992 -1027.1905 304.3377
f 12541 12542 12543
v 414.0008 -1033.2339 315.1115
v 416.9993 -1027.1908 306.3066
v 413.9264 -1033.3827 314.9885
f 12544 12545 12546
v 416.4759 -1028.2439 310.8622
v 416.9995 -1027.1910 308.2745
v 414.0008 -1033.2339 315.1115
f 12547 12548 12549
v 416.9993 -1027.1908 306.3066
v 416.9992 -1027.1905 304.3377
v 413.9259 -1033.3818 308.6767
f 12550 12551 12552
v 414.0008 -1033.2339 315.1115
v 416.9995 -1027.1910 308.2745
v 416.9993 -1027.1908 306.3066
f 12553 12554 12555
v 416.9995 -1027.1910 308.2745
v 416.4759 -1028.2439 310.8622
v 416.9996 -1027.1913 310.2434
f 12556 12557 12558
v 413.9264 -1033.3827 314.9885
v 416.9993 -1027.1908 306.3066
v 413.9259 -1033.3818 308.6767
f 12559 12560 12561
v 426.4875 -1033.9669 311.3767
v 428.7699 -1035.0477 302.3676
v 426.4868 -1033.9656 302.3680
f 12562 12563 12564
v 428.7706 -1035.0490 311.3413
v 428.7699 -1035.0477 302.3676
v 426.4875 -1033.9669 311.3767
f 12565 12566 12567
v 431.1142 -1038.8047 307.2707
v 431.1145 -1038.8053 311.5586
v 429.6247 -1041.8057 314.5680
f 12568 12569 12570
v 431.1140 -1038.8043 305.1278
v 431.1142 -1038.8047 307.2707
v 427.8117 -1045.4594 311.5477
f 12571 12572 12573
v 429.6238 -1041.8040 303.0435
v 431.1138 -1038.8041 303.0439
v 431.1140 -1038.8043 305.1278
f 12574 12575 12576
v 429.6247 -1041.8057 314.5680
v 427.8117 -1045.4594 311.5477
v 431.1142 -1038.8047 307.2707
f 12577 12578 12579
v 429.6238 -1041.8040 303.0435
v 427.8116 -1045.4590 309.4217
v 427.8110 -1045.4582 303.0430
f 12580 12581 12582
v 431.1140 -1038.8043 305.1278
v 427.8116 -1045.4590 309.4217
v 429.6238 -1041.8040 303.0435
f 12583 12584 12585
v 427.8117 -1045.4594 311.5477
v 427.8116 -1045.4590 309.4217
v 431.1140 -1038.8043 305.1278
f 12586 12587 12588
v 428.7706 -1035.0490 311.3413
v 426.5750 -1039.4755 315.1096
v 426.5749 -1039.4754 313.9117
f 12589 12590 12591
v 426.2503 -1040.1306 314.5686
v 426.5749 -1039.4754 313.9117
v 426.5750 -1039.4755 315.1096
f 12592 12593 12594
v 428.1144 -1036.3690 303.0445
v 428.7706 -1035.0490 311.3413
v 428.1150 -1036.3702 310.7972
f 12595 12596 12597
v 426.5749 -1039.4754 313.9117
v 428.1150 -1036.3702 310.7972
v 428.7706 -1035.0490 311.3413
f 12598 12599 12600
v 426.5740 -1039.4738 302.3671
v 428.7699 -1035.0477 302.3676
v 428.1144 -1036.3690 303.0445
f 12601 12602 12603
v 428.7706 -1035.0490 311.3413
v 428.1144 -1036.3690 303.0445
v 428.7699 -1035.0477 302.3676
f 12604 12605 12606
v 424.2260 -1044.2077 311.1981
v 423.9777 -1044.7080 310.7851
v 423.9770 -1044.7068 302.3664
f 12607 12608 12609
v 423.9770 -1044.7068 302.3664
v 424.2254 -1044.2066 303.0434
v 424.2260 -1044.2077 311.1981
f 12610 12611 12612
v 428.1144 -1036.3690 303.0445
v 426.5741 -1039.4739 303.0441
v 426.5740 -1039.4738 302.3671
f 12613 12614 12615
v 424.2254 -1044.2066 303.0434
v 426.5740 -1039.4738 302.3671
v 426.5741 -1039.4739 303.0441
f 12616 12617 12618
v 426.5740 -1039.4738 302.3671
v 424.2254 -1044.2066 303.0434
v 423.9770 -1044.7068 302.3664
f 12619 12620 12621
v 416.9993 -1027.1908 306.3066
v 421.5407 -1029.3825 310.2137
v 425.8212 -1031.4479 310.1851
f 12622 12623 12624
v 422.8401 -1044.1729 310.7652
v 423.9770 -1044.7068 302.3664
v 423.9777 -1044.7080 310.7851
f 12625 12626 12627
v 426.7764 -1033.3544 302.3680
v 426.7771 -1033.3556 310.8607
v 426.4868 -1033.9656 302.3680
f 12628 12629 12630
v 424.4341 -1044.3101 303.0434
v 424.6088 -1043.9458 311.4982
v 424.4347 -1044.3112 311.1981
f 12631 12632 12633
v 427.8116 -1045.4590 309.4217
v 427.8117 -1045.4594 311.5477
v 426.2067 -1044.7011 311.5229
f 12634 12635 12636
v 426.2067 -1044.7011 311.5229
v 427.8110 -1045.4582 303.0430
v 427.8116 -1045.4590 309.4217
f 12637 12638 12639
v 431.1142 -1038.8047 307.2707
v 427.7931 -1037.2312 303.0443
v 431.1145 -1038.8053 311.5586
f 12640 12641 12642

g building_ID_71A7FB40-2DC2-42C5-B9FC-36ECDF9D61DB
v 453.3015 -995.2412 290.9198
v 455.2250 -1001.3843 290.9187
v 452.8370 -998.3919 290.9193
f 12643 12644 12645
v 452.8370 -998.3919 290.9193
v 455.2250 -1001.3843 290.9187
v 452.4571 -1000.9659 290.9189
f 12646 12647 12648
v 455.2250 -1001.3843 290.9187
v 453.3015 -995.2412 290.9198
v 462.8137 -999.9676 290.9184
f 12649 12650 12651
v 462.8137 -999.9676 290.9184
v 453.3015 -995.2412 290.9198
v 463.2954 -996.7410 290.9188
f 12652 12653 12654
v 462.8137 -999.9676 290.9184
v 461.8514 -1006.4210 290.9174
v 455.2250 -1001.3843 290.9187
f 12655 12656 12657
v 461.8514 -1006.4210 290.9174
v 454.6364 -1005.3407 290.9181
v 455.2250 -1001.3843 290.9187
f 12658 12659 12660
v 452.4580 -1000.9673 301.6655
v 455.2259 -1001.3857 301.6733
v 452.8380 -998.3935 302.8068
f 12661 12662 12663
v 462.8147 -999.9693 302.8059
v 452.8380 -998.3935 302.8068
v 455.2259 -1001.3857 301.6733
f 12664 12665 12666
v 455.2259 -1001.3857 301.6733
v 454.6371 -1005.3419 299.9187
v 461.8522 -1006.4222 299.9430
f 12667 12668 12669
v 462.8147 -999.9693 302.8059
v 455.2259 -1001.3857 301.6733
v 461.8522 -1006.4222 299.9430
f 12670 12671 12672
v 458.2971 -995.9917 299.5340
v 462.8147 -999.9693 302.8059
v 463.2961 -996.7421 299.4945
f 12673 12674 12675
v 452.8380 -998.3935 302.8068
v 458.2971 -995.9917 299.5340
v 453.3021 -995.2423 299.5745
f 12676 12677 12678
v 462.8147 -999.9693 302.8059
v 458.2971 -995.9917 299.5340
v 452.8380 -998.3935 302.8068
f 12679 12680 12681
v 452.4580 -1000.9673 301.6655
v 452.4578 -1000.9669 298.9766
v 455.2259 -1001.3857 301.6733
f 12682 12683 12684
v 452.4578 -1000.9669 298.9766
v 452.4575 -1000.9664 294.9437
v 455.2250 -1001.3843 290.9187
f 12685 12686 12687
v 455.2250 -1001.3843 290.9187
v 452.4575 -1000.9664 294.9437
v 452.4571 -1000.9659 290.9189
f 12688 12689 12690
v 455.2250 -1001.3843 290.9187
v 454.6364 -1005.3407 290.9181
v 454.6371 -1005.3419 299.9187
f 12691 12692 12693
v 455.2250 -1001.3843 290.9187
v 454.6371 -1005.3419 299.9187
v 455.2259 -1001.3857 301.6733
f 12694 12695 12696
v 461.8518 -1006.4216 295.4302
v 461.8520 -1006.4219 297.6871
v 454.6371 -1005.3419 299.9187
f 12697 12698 12699
v 461.8514 -1006.4210 290.9174
v 454.6371 -1005.3419 299.9187
v 454.6364 -1005.3407 290.9181
f 12700 12701 12702
v 453.3017 -995.2417 294.1657
v 463.2961 -996.7421 299.4945
v 453.3015 -995.2412 290.9198
f 12703 12704 12705
v 453.3015 -995.2412 290.9198
v 463.2961 -996.7421 299.4945
v 463.2959 -996.7418 297.3305
f 12706 12707 12708
v 463.2957 -996.7415 295.1676
v 463.2954 -996.7410 290.9188
v 453.3015 -995.2412 290.9198
f 12709 12710 12711
v 452.4578 -1000.9669 298.9766
v 453.3017 -995.2417 294.1657
v 452.4575 -1000.9664 294.9437
f 12712 12713 12714
v 453.3017 -995.2417 294.1657
v 452.8370 -998.3919 290.9193
v 452.4575 -1000.9664 294.9437
f 12715 12716 12717
v 452.8370 -998.3919 290.9193
v 452.4571 -1000.9659 290.9189
v 452.4575 -1000.9664 294.9437
f 12718 12719 12720
v 452.8380 -998.3935 302.8068
v 452.4578 -1000.9669 298.9766
v 452.4580 -1000.9673 301.6655
f 12721 12722 12723
v 453.3020 -995.2421 297.4105
v 452.8380 -998.3935 302.8068
v 453.3021 -995.2423 299.5745
f 12724 12725 12726
v 452.4578 -1000.9669 298.9766
v 453.3020 -995.2421 297.4105
v 453.3017 -995.2417 294.1657
f 12727 12728 12729
v 452.8370 -998.3919 290.9193
v 453.3017 -995.2417 294.1657
v 453.3015 -995.2412 290.9198
f 12730 12731 12732
v 452.4578 -1000.9669 298.9766
v 452.8380 -998.3935 302.8068
v 453.3020 -995.2421 297.4105
f 12733 12734 12735
v 463.2959 -996.7418 297.3305
v 463.2961 -996.7421 299.4945
v 462.8147 -999.9693 302.8059
f 12736 12737 12738
v 461.8518 -1006.4216 295.4302
v 463.2957 -996.7415 295.1676
v 463.2959 -996.7418 297.3305
f 12739 12740 12741
v 463.2954 -996.7410 290.9188
v 463.2957 -996.7415 295.1676
v 462.8137 -999.9676 290.9184
f 12742 12743 12744
v 463.2959 -996.7418 297.3305
v 462.8147 -999.9693 302.8059
v 461.8520 -1006.4219 297.6871
f 12745 12746 12747
v 463.2959 -996.7418 297.3305
v 461.8520 -1006.4219 297.6871
v 461.8518 -1006.4216 295.4302
f 12748 12749 12750
v 462.8137 -999.9676 290.9184
v 463.2957 -996.7415 295.1676
v 461.8518 -1006.4216 295.4302
f 12751 12752 12753
v 461.8518 -1006.4216 295.4302
v 461.8514 -1006.4210 290.9174
v 462.8137 -999.9676 290.9184
f 12754 12755 12756
v 461.8522 -1006.4222 299.9430
v 461.8520 -1006.4219 297.6871
v 462.8147 -999.9693 302.8059
f 12757 12758 12759
v 452.4578 -1000.9669 298.9766
v 455.2250 -1001.3843 290.9187
v 455.2259 -1001.3857 301.6733
f 12760 12761 12762
v 461.8520 -1006.4219 297.6871
v 461.8522 -1006.4222 299.9430
v 454.6371 -1005.3419 299.9187
f 12763 12764 12765
v 454.6371 -1005.3419 299.9187
v 461.8514 -1006.4210 290.9174
v 461.8518 -1006.4216 295.4302
f 12766 12767 12768
v 453.3020 -995.2421 297.4105
v 453.3021 -995.2423 299.5745
v 458.2971 -995.9917 299.5340
f 12769 12770 12771
v 458.2971 -995.9917 299.5340
v 453.3017 -995.2417 294.1657
v 453.3020 -995.2421 297.4105
f 12772 12773 12774
v 453.3017 -995.2417 294.1657
v 458.2971 -995.9917 299.5340
v 463.2961 -996.7421 299.4945
f 12775 12776 12777
v 453.3015 -995.2412 290.9198
v 463.2959 -996.7418 297.3305
v 463.2957 -996.7415 295.1676
f 12778 12779 12780

g building_ID_C0A0FB42-5338-4A1E-97B0-20E91EB11588
v 458.7044 -1014.7580 294.5401
v 460.0999 -1021.6377 294.5389
v 458.2615 -1017.7238 294.5397
f 12781 12782 12783
v 458.2615 -1017.7238 294.5397
v 460.0999 -1021.6377 294.5389
v 457.7309 -1021.2803 294.5391
f 12784 12785 12786
v 460.0999 -1021.6377 294.5389
v 458.7044 -1014.7580 294.5401
v 468.6556 -1019.1647 294.5387
f 12787 12788 12789
v 458.7044 -1014.7580 294.5401
v 469.0792 -1016.3088 294.5391
v 468.6556 -1019.1647 294.5387
f 12790 12791 12792
v 468.6556 -1019.1647 294.5387
v 459.6030 -1024.9953 294.5384
v 460.0999 -1021.6377 294.5389
f 12793 12794 12795
v 468.6556 -1019.1647 294.5387
v 467.6147 -1026.1848 294.5376
v 459.6030 -1024.9953 294.5384
f 12796 12797 12798
v 463.8980 -1015.5350 302.7073
v 468.6564 -1019.1661 305.5703
v 469.0799 -1016.3099 302.7608
f 12799 12800 12801
v 458.2624 -1017.7253 305.5713
v 463.8980 -1015.5350 302.7073
v 458.7051 -1014.7591 302.6528
f 12802 12803 12804
v 468.6564 -1019.1661 305.5703
v 463.8980 -1015.5350 302.7073
v 458.2624 -1017.7253 305.5713
f 12805 12806 12807
v 460.1008 -1021.6390 304.2715
v 458.2624 -1017.7253 305.5713
v 457.7317 -1021.2816 304.2817
f 12808 12809 12810
v 458.2624 -1017.7253 305.5713
v 460.1008 -1021.6390 304.2715
v 468.6564 -1019.1661 305.5703
f 12811 12812 12813
v 467.6155 -1026.1860 303.0263
v 468.6564 -1019.1661 305.5703
v 460.1008 -1021.6390 304.2715
f 12814 12815 12816
v 459.6037 -1024.9965 303.0551
v 467.6155 -1026.1860 303.0263
v 460.1008 -1021.6390 304.2715
f 12817 12818 12819
v 458.7048 -1014.7587 299.5699
v 458.7051 -1014.7591 302.6528
v 469.0792 -1016.3088 294.5391
f 12820 12821 12822
v 469.0792 -1016.3088 294.5391
v 463.8980 -1015.5350 302.7073
v 469.0794 -1016.3092 297.6220
f 12823 12824 12825
v 459.6037 -1024.9965 303.0551
v 460.1008 -1021.6390 304.2715
v 459.6030 -1024.9953 294.5384
f 12826 12827 12828
v 459.6030 -1024.9953 294.5384
v 467.6147 -1026.1848 294.5376
v 467.6155 -1026.1860 303.0263
f 12829 12830 12831
v 460.1008 -1021.6390 304.2715
v 457.7317 -1021.2816 304.2817
v 457.7315 -1021.2814 301.8458
f 12832 12833 12834
v 457.7309 -1021.2803 294.5391
v 460.1008 -1021.6390 304.2715
v 457.7314 -1021.2810 299.4109
f 12835 12836 12837
v 460.0999 -1021.6377 294.5389
v 460.1008 -1021.6390 304.2715
v 457.7309 -1021.2803 294.5391
f 12838 12839 12840
v 468.6556 -1019.1647 294.5387
v 469.0792 -1016.3088 294.5391
v 469.0794 -1016.3092 297.6220
f 12841 12842 12843
v 469.0794 -1016.3092 297.6220
v 467.6155 -1026.1860 303.0263
v 468.6556 -1019.1647 294.5387
f 12844 12845 12846
v 467.6155 -1026.1860 303.0263
v 469.0794 -1016.3092 297.6220
v 469.0799 -1016.3099 302.7608
f 12847 12848 12849
v 469.0799 -1016.3099 302.7608
v 468.6564 -1019.1661 305.5703
v 467.6155 -1026.1860 303.0263
f 12850 12851 12852
v 468.6556 -1019.1647 294.5387
v 467.6155 -1026.1860 303.0263
v 467.6147 -1026.1848 294.5376
f 12853 12854 12855
v 457.7315 -1021.2814 301.8458
v 457.7317 -1021.2816 304.2817
v 458.2624 -1017.7253 305.5713
f 12856 12857 12858
v 457.7315 -1021.2814 301.8458
v 458.7048 -1014.7587 299.5699
v 457.7314 -1021.2810 299.4109
f 12859 12860 12861
v 457.7314 -1021.2810 299.4109
v 458.2615 -1017.7238 294.5397
v 457.7309 -1021.2803 294.5391
f 12862 12863 12864
v 458.2624 -1017.7253 305.5713
v 458.7051 -1014.7591 302.6528
v 457.7315 -1021.2814 301.8458
f 12865 12866 12867
v 458.7048 -1014.7587 299.5699
v 458.2615 -1017.7238 294.5397
v 457.7314 -1021.2810 299.4109
f 12868 12869 12870
v 458.7044 -1014.7580 294.5401
v 458.2615 -1017.7238 294.5397
v 458.7048 -1014.7587 299.5699
f 12871 12872 12873
v 458.7051 -1014.7591 302.6528
v 458.7048 -1014.7587 299.5699
v 457.7315 -1021.2814 301.8458
f 12874 12875 12876
v 458.7051 -1014.7591 302.6528
v 463.8980 -1015.5350 302.7073
v 469.0792 -1016.3088 294.5391
f 12877 12878 12879
v 458.7048 -1014.7587 299.5699
v 469.0792 -1016.3088 294.5391
v 458.7044 -1014.7580 294.5401
f 12880 12881 12882
v 463.8980 -1015.5350 302.7073
v 469.0799 -1016.3099 302.7608
v 469.0794 -1016.3092 297.6220
f 12883 12884 12885
v 459.6030 -1024.9953 294.5384
v 460.1008 -1021.6390 304.2715
v 460.0999 -1021.6377 294.5389
f 12886 12887 12888
v 459.6037 -1024.9965 303.0551
v 459.6030 -1024.9953 294.5384
v 467.6155 -1026.1860 303.0263
f 12889 12890 12891
v 460.1008 -1021.6390 304.2715
v 457.7315 -1021.2814 301.8458
v 457.7314 -1021.2810 299.4109
f 12892 12893 12894

g building_ID_391CE2B9-1DFA-4996-94B4-A63667ADB7D0
v 492.0735 -1016.0372 292.2215
v 492.5409 -1012.9093 292.2220
v 500.3507 -1014.0734 292.2212
f 12895 12896 12897
v 497.9098 -1018.9137 292.2206
v 491.1816 -1022.0027 292.2206
v 492.0735 -1016.0372 292.2215
f 12898 12899 12900
v 491.1816 -1022.0027 292.2206
v 497.9098 -1018.9137 292.2206
v 497.3110 -1022.9211 292.2200
f 12901 12902 12903
v 500.3507 -1014.0734 292.2212
v 497.9098 -1018.9137 292.2206
v 492.0735 -1016.0372 292.2215
f 12904 12905 12906
v 499.8915 -1017.1490 292.2207
v 497.9098 -1018.9137 292.2206
v 500.3507 -1014.0734 292.2212
f 12907 12908 12909
v 499.8915 -1017.1490 292.2207
v 499.5891 -1019.1692 292.2204
v 497.9098 -1018.9137 292.2206
f 12910 12911 12912
v 492.5417 -1012.9106 300.9916
v 499.8926 -1017.1507 304.0752
v 500.3515 -1014.0745 301.0418
f 12913 12914 12915
v 499.8926 -1017.1507 304.0752
v 492.5417 -1012.9106 300.9916
v 492.0746 -1016.0387 304.0760
f 12916 12917 12918
v 492.0746 -1016.0387 304.0760
v 499.6206 -1018.9678 303.2450
v 499.8926 -1017.1507 304.0752
f 12919 12920 12921
v 499.6206 -1018.9678 303.2450
v 492.0746 -1016.0387 304.0760
v 491.8026 -1017.8568 303.2459
f 12922 12923 12924
v 491.1824 -1022.0040 301.8762
v 497.9108 -1018.9153 303.1832
v 491.8026 -1017.8568 303.2459
f 12925 12926 12927
v 497.9108 -1018.9153 303.1832
v 491.1824 -1022.0040 301.8762
v 497.3119 -1022.9225 301.8606
f 12928 12929 12930
v 497.9108 -1018.9153 303.1832
v 499.5901 -1019.1707 303.1780
v 499.6206 -1018.9678 303.2450
f 12931 12932 12933
v 491.8026 -1017.8568 303.2459
v 497.9108 -1018.9153 303.1832
v 499.6206 -1018.9678 303.2450
f 12934 12935 12936
v 492.5409 -1012.9093 292.2220
v 492.5413 -1012.9100 296.5808
v 497.6053 -1013.6646 297.0273
f 12937 12938 12939
v 492.5409 -1012.9093 292.2220
v 497.6053 -1013.6646 297.0273
v 500.3507 -1014.0734 292.2212
f 12940 12941 12942
v 500.3515 -1014.0745 301.0418
v 500.3509 -1014.0736 294.4261
v 497.6053 -1013.6646 297.0273
f 12943 12944 12945
v 497.6053 -1013.6646 297.0273
v 500.3509 -1014.0736 294.4261
v 500.3507 -1014.0734 292.2212
f 12946 12947 12948
v 497.9108 -1018.9153 303.1832
v 497.3119 -1022.9225 301.8606
v 497.3110 -1022.9211 292.2200
f 12949 12950 12951
v 497.9098 -1018.9137 292.2206
v 497.9108 -1018.9153 303.1832
v 497.3110 -1022.9211 292.2200
f 12952 12953 12954
v 497.9098 -1018.9137 292.2206
v 499.5891 -1019.1692 292.2204
v 499.5898 -1019.1704 300.4181
f 12955 12956 12957
v 499.5898 -1019.1704 300.4181
v 499.5901 -1019.1707 303.1780
v 497.9098 -1018.9137 292.2206
f 12958 12959 12960
v 491.1816 -1022.0027 292.2206
v 497.3110 -1022.9211 292.2200
v 497.3119 -1022.9225 301.8606
f 12961 12962 12963
v 491.1816 -1022.0027 292.2206
v 497.3119 -1022.9225 301.8606
v 491.1824 -1022.0040 301.8762
f 12964 12965 12966
v 499.8926 -1017.1507 304.0752
v 500.3509 -1014.0736 294.4261
v 500.3515 -1014.0745 301.0418
f 12967 12968 12969
v 500.3509 -1014.0736 294.4261
v 499.5898 -1019.1704 300.4181
v 500.3507 -1014.0734 292.2212
f 12970 12971 12972
v 499.6206 -1018.9678 303.2450
v 500.3509 -1014.0736 294.4261
v 499.8926 -1017.1507 304.0752
f 12973 12974 12975
v 499.5898 -1019.1704 300.4181
v 499.6206 -1018.9678 303.2450
v 499.5901 -1019.1707 303.1780
f 12976 12977 12978
v 500.3507 -1014.0734 292.2212
v 499.5898 -1019.1704 300.4181
v 499.8915 -1017.1490 292.2207
f 12979 12980 12981
v 499.5891 -1019.1692 292.2204
v 499.8915 -1017.1490 292.2207
v 499.5898 -1019.1704 300.4181
f 12982 12983 12984
v 499.6206 -1018.9678 303.2450
v 499.5898 -1019.1704 300.4181
v 500.3509 -1014.0736 294.4261
f 12985 12986 12987
v 491.1816 -1022.0027 292.2206
v 491.1824 -1022.0040 301.8762
v 491.8026 -1017.8568 303.2459
f 12988 12989 12990
v 492.0746 -1016.0387 304.0760
v 492.5413 -1012.9100 296.5808
v 491.8026 -1017.8568 303.2459
f 12991 12992 12993
v 492.5413 -1012.9100 296.5808
v 492.5409 -1012.9093 292.2220
v 492.0735 -1016.0372 292.2215
f 12994 12995 12996
v 491.8026 -1017.8568 303.2459
v 492.5413 -1012.9100 296.5808
v 492.0735 -1016.0372 292.2215
f 12997 12998 12999
v 492.5413 -1012.9100 296.5808
v 492.0746 -1016.0387 304.0760
v 492.5417 -1012.9106 300.9916
f 13000 13001 13002
v 491.1816 -1022.0027 292.2206
v 491.8026 -1017.8568 303.2459
v 492.0735 -1016.0372 292.2215
f 13003 13004 13005
v 492.5417 -1012.9106 300.9916
v 500.3515 -1014.0745 301.0418
v 497.6053 -1013.6646 297.0273
f 13006 13007 13008
v 497.6053 -1013.6646 297.0273
v 492.5413 -1012.9100 296.5808
v 492.5417 -1012.9106 300.9916
f 13009 13010 13011
v 499.5901 -1019.1707 303.1780
v 497.9108 -1018.9153 303.1832
v 497.9098 -1018.9137 292.2206
f 13012 13013 13014

g building_ID_595C6DF3-B31F-486A-B9BD-8A2491B43845
v 514.4678 -1008.2867 288.4061
v 514.4938 -1008.2907 288.4061
v 514.5135 -1008.3688 288.4061
f 13015 13016 13017
v 514.4413 -1008.4696 288.4061
v 514.5135 -1008.3688 288.4061
v 514.3659 -1009.3564 288.4059
f 13018 13019 13020
v 509.9801 -1007.8017 288.4065
v 514.4413 -1008.4696 288.4061
v 509.8508 -1008.6813 288.4064
f 13021 13022 13023
v 514.3659 -1009.3564 288.4059
v 509.8508 -1008.6813 288.4064
v 514.4413 -1008.4696 288.4061
f 13024 13025 13026
v 514.5135 -1008.3688 288.4061
v 514.4413 -1008.4696 288.4061
v 514.4678 -1008.2867 288.4061
f 13027 13028 13029
v 514.5143 -1008.3699 295.9418
v 514.4420 -1008.4706 295.9418
v 514.3666 -1009.3574 295.9416
f 13030 13031 13032
v 514.4685 -1008.2877 295.9418
v 514.5143 -1008.3699 295.9418
v 514.4944 -1008.2918 295.9418
f 13033 13034 13035
v 514.3666 -1009.3574 295.9416
v 514.4420 -1008.4706 295.9418
v 509.8514 -1008.6824 295.9421
f 13036 13037 13038
v 509.9808 -1007.8027 295.9422
v 509.8514 -1008.6824 295.9421
v 514.4420 -1008.4706 295.9418
f 13039 13040 13041
v 514.5143 -1008.3699 295.9418
v 514.4685 -1008.2877 295.9418
v 514.4420 -1008.4706 295.9418
f 13042 13043 13044
v 509.8508 -1008.6813 288.4064
v 509.8514 -1008.6824 295.9421
v 509.9808 -1007.8027 295.9422
f 13045 13046 13047
v 514.3659 -1009.3564 288.4059
v 514.3666 -1009.3574 295.9416
v 509.8514 -1008.6824 295.9421
f 13048 13049 13050
v 514.5135 -1008.3688 288.4061
v 514.5143 -1008.3699 295.9418
v 514.3666 -1009.3574 295.9416
f 13051 13052 13053
v 514.4938 -1008.2907 288.4061
v 514.4944 -1008.2918 295.9418
v 514.5143 -1008.3699 295.9418
f 13054 13055 13056
v 514.4413 -1008.4696 288.4061
v 514.4420 -1008.4706 295.9418
v 514.4685 -1008.2877 295.9418
f 13057 13058 13059
v 509.9801 -1007.8017 288.4065
v 509.9808 -1007.8027 295.9422
v 514.4420 -1008.4706 295.9418
f 13060 13061 13062
v 514.4938 -1008.2907 288.4061
v 514.4678 -1008.2867 288.4061
v 514.4685 -1008.2877 295.9418
f 13063 13064 13065
v 509.8508 -1008.6813 288.4064
v 509.9808 -1007.8027 295.9422
v 509.9801 -1007.8017 288.4065
f 13066 13067 13068
v 514.3659 -1009.3564 288.4059
v 509.8514 -1008.6824 295.9421
v 509.8508 -1008.6813 288.4064
f 13069 13070 13071
v 514.5135 -1008.3688 288.4061
v 514.3666 -1009.3574 295.9416
v 514.3659 -1009.3564 288.4059
f 13072 13073 13074
v 514.4938 -1008.2907 288.4061
v 514.5143 -1008.3699 295.9418
v 514.5135 -1008.3688 288.4061
f 13075 13076 13077
v 514.4413 -1008.4696 288.4061
v 514.4685 -1008.2877 295.9418
v 514.4678 -1008.2867 288.4061
f 13078 13079 13080
v 509.9801 -1007.8017 288.4065
v 514.4420 -1008.4706 295.9418
v 514.4413 -1008.4696 288.4061
f 13081 13082 13083
v 514.4938 -1008.2907 288.4061
v 514.4685 -1008.2877 295.9418
v 514.4944 -1008.2918 295.9418
f 13084 13085 13086

g building_ID_A1D26B4C-C94D-489B-AD26-7A3325C0EC56
v 509.4769 -1011.2383 288.4060
v 513.8911 -1009.2851 288.4060
v 513.5222 -1011.8441 288.4056
f 13087 13088 13089
v 509.4769 -1011.2383 288.4060
v 509.8508 -1008.6813 288.4064
v 513.8911 -1009.2851 288.4060
f 13090 13091 13092
v 513.8918 -1009.2861 295.9417
v 509.8514 -1008.6824 295.9421
v 509.4776 -1011.2392 295.9417
f 13093 13094 13095
v 513.5229 -1011.8452 295.9413
v 513.8918 -1009.2861 295.9417
v 509.4776 -1011.2392 295.9417
f 13096 13097 13098
v 509.4769 -1011.2383 288.4060
v 509.4776 -1011.2392 295.9417
v 509.8514 -1008.6824 295.9421
f 13099 13100 13101
v 514.3119 -1009.3482 288.2049
v 514.4861 -1008.1657 288.2051
v 514.7565 -1008.3784 288.2051
f 13102 13103 13104
v 514.7820 -1008.2105 288.2051
v 514.7565 -1008.3784 288.2051
v 514.4861 -1008.1657 288.2051
f 13105 13106 13107
v 529.1355 -1010.5449 288.2035
v 514.3119 -1009.3482 288.2049
v 514.7565 -1008.3784 288.2051
f 13108 13109 13110
v 513.9380 -1011.9062 288.2046
v 514.3119 -1009.3482 288.2049
v 529.1355 -1010.5449 288.2035
f 13111 13112 13113
v 529.1355 -1010.5449 288.2035
v 519.3035 -1016.2045 288.2034
v 513.9380 -1011.9062 288.2046
f 13114 13115 13116
v 513.5222 -1011.8441 288.2046
v 513.8911 -1009.2851 288.2050
v 514.3119 -1009.3482 288.2049
f 13117 13118 13119
v 513.9380 -1011.9062 288.2046
v 519.3035 -1016.2045 288.2034
v 513.4318 -1015.3588 288.2041
f 13120 13121 13122
v 513.4318 -1015.3588 288.2041
v 519.1771 -1017.0772 288.2033
v 513.3034 -1016.2315 288.2039
f 13123 13124 13125
v 513.5222 -1011.8441 288.2046
v 514.3119 -1009.3482 288.2049
v 513.9380 -1011.9062 288.2046
f 13126 13127 13128
v 529.1355 -1010.5449 288.2035
v 529.1620 -1010.3670 288.2036
v 529.4489 -1010.4108 288.2035
f 13129 13130 13131
v 528.3809 -1017.5109 288.2025
v 529.1355 -1010.5449 288.2035
v 529.4489 -1010.4108 288.2035
f 13132 13133 13134
v 519.3035 -1016.2045 288.2034
v 529.1355 -1010.5449 288.2035
v 519.7923 -1016.2688 288.2034
f 13135 13136 13137
v 513.4318 -1015.3588 288.2041
v 519.3035 -1016.2045 288.2034
v 519.1771 -1017.0772 288.2033
f 13138 13139 13140
v 529.1355 -1010.5449 288.2035
v 522.3693 -1016.6458 288.2031
v 519.7923 -1016.2688 288.2034
f 13141 13142 13143
v 529.1355 -1010.5449 288.2035
v 528.3809 -1017.5109 288.2025
v 522.3693 -1016.6458 288.2031
f 13144 13145 13146
v 529.1628 -1010.3681 296.3973
v 529.1364 -1010.5461 296.5002
v 529.4497 -1010.4119 296.3982
f 13147 13148 13149
v 529.0233 -1013.2480 298.0407
v 529.4497 -1010.4119 296.3982
v 529.1364 -1010.5461 296.5002
f 13150 13151 13152
v 529.0233 -1013.2480 298.0407
v 514.7573 -1008.3795 296.4478
v 514.3127 -1009.3494 297.0336
f 13153 13154 13155
v 529.0233 -1013.2480 298.0407
v 529.1364 -1010.5461 296.5002
v 514.7573 -1008.3795 296.4478
f 13156 13157 13158
v 514.7827 -1008.2116 296.3498
v 514.4868 -1008.1668 296.3488
v 514.7573 -1008.3795 296.4478
f 13159 13160 13161
v 514.3127 -1009.3494 297.0336
v 514.7573 -1008.3795 296.4478
v 514.4868 -1008.1668 296.3488
f 13162 13163 13164
v 514.3127 -1009.3494 297.0336
v 513.6403 -1011.0327 298.0423
v 529.0233 -1013.2480 298.0407
f 13165 13166 13167
v 513.8919 -1009.2863 297.0317
v 513.6403 -1011.0327 298.0423
v 514.3127 -1009.3494 297.0336
f 13168 13169 13170
v 519.3042 -1016.2057 296.2721
v 513.4325 -1015.3600 296.2728
v 513.3042 -1016.2326 296.2726
f 13171 13172 13173
v 513.3042 -1016.2326 296.2726
v 519.1779 -1017.0783 296.2720
v 519.3042 -1016.2057 296.2721
f 13174 13175 13176
v 529.4497 -1010.4119 296.3982
v 529.1620 -1010.3670 288.2036
v 529.1628 -1010.3681 296.3973
f 13177 13178 13179
v 529.1355 -1010.5449 288.2035
v 529.1364 -1010.5461 296.5002
v 529.1620 -1010.3670 288.2036
f 13180 13181 13182
v 529.1620 -1010.3670 288.2036
v 529.1364 -1010.5461 296.5002
v 529.1628 -1010.3681 296.3973
f 13183 13184 13185
v 514.4868 -1008.1668 296.3488
v 514.7827 -1008.2116 296.3498
v 514.7820 -1008.2105 288.2051
f 13186 13187 13188
v 514.4868 -1008.1668 296.3488
v 514.3119 -1009.3482 288.2049
v 514.3123 -1009.3487 292.0678
f 13189 13190 13191
v 514.3119 -1009.3482 288.2049
v 514.4868 -1008.1668 296.3488
v 514.4861 -1008.1657 288.2051
f 13192 13193 13194
v 519.7923 -1016.2688 288.2034
v 519.7931 -1016.2699 296.2721
v 519.3042 -1016.2057 296.2721
f 13195 13196 13197
v 519.1771 -1017.0772 288.2033
v 519.1779 -1017.0783 296.2720
v 513.3042 -1016.2326 296.2726
f 13198 13199 13200
v 519.3035 -1016.2045 288.2034
v 519.3042 -1016.2057 296.2721
v 519.1779 -1017.0783 296.2720
f 13201 13202 13203
v 514.7565 -1008.3784 288.2051
v 514.7573 -1008.3795 296.4478
v 529.1355 -1010.5449 288.2035
f 13204 13205 13206
v 514.7573 -1008.3795 296.4478
v 529.1364 -1010.5461 296.5002
v 529.1355 -1010.5449 288.2035
f 13207 13208 13209
v 514.7820 -1008.2105 288.2051
v 514.7827 -1008.2116 296.3498
v 514.7573 -1008.3795 296.4478
f 13210 13211 13212
v 514.3123 -1009.3487 292.0678
v 509.8508 -1008.6813 288.4064
v 509.8514 -1008.6824 295.9421
f 13213 13214 13215
v 509.8508 -1008.6813 288.4064
v 514.3123 -1009.3487 292.0678
v 513.8911 -1009.2851 288.4060
f 13216 13217 13218
v 514.3119 -1009.3482 288.2049
v 513.8911 -1009.2851 288.2050
v 513.8911 -1009.2851 288.4060
f 13219 13220 13221
v 513.8918 -1009.2861 295.9417
v 514.3123 -1009.3487 292.0678
v 509.8514 -1008.6824 295.9421
f 13222 13223 13224
v 513.8918 -1009.2861 295.9417
v 514.3127 -1009.3494 297.0336
v 514.3123 -1009.3487 292.0678
f 13225 13226 13227
v 513.8911 -1009.2851 288.4060
v 514.3123 -1009.3487 292.0678
v 514.3119 -1009.3482 288.2049
f 13228 13229 13230
v 513.8919 -1009.2863 297.0317
v 514.3127 -1009.3494 297.0336
v 513.8918 -1009.2861 295.9417
f 13231 13232 13233
v 528.3809 -1017.5109 288.2025
v 529.4489 -1010.4108 288.2035
v 529.4497 -1010.4119 296.3982
f 13234 13235 13236
v 528.3809 -1017.5109 288.2025
v 529.4497 -1010.4119 296.3982
v 528.3817 -1017.5120 296.2712
f 13237 13238 13239
v 529.0233 -1013.2480 298.0407
v 528.3817 -1017.5120 296.2712
v 529.4497 -1010.4119 296.3982
f 13240 13241 13242
v 513.9389 -1011.9075 297.7043
v 513.5222 -1011.8441 288.4056
v 513.9380 -1011.9062 288.2046
f 13243 13244 13245
v 513.9380 -1011.9062 288.2046
v 513.5222 -1011.8441 288.4056
v 513.5222 -1011.8441 288.2046
f 13246 13247 13248
v 513.9389 -1011.9075 297.7043
v 513.5231 -1011.8454 297.7053
v 513.5229 -1011.8452 295.9413
f 13249 13250 13251
v 513.5222 -1011.8441 288.4056
v 513.5229 -1011.8452 295.9413
v 509.4769 -1011.2383 288.4060
f 13252 13253 13254
v 509.4776 -1011.2392 295.9417
v 509.4769 -1011.2383 288.4060
v 513.5229 -1011.8452 295.9413
f 13255 13256 13257
v 513.9389 -1011.9075 297.7043
v 513.5229 -1011.8452 295.9413
v 513.5222 -1011.8441 288.4056
f 13258 13259 13260
v 513.4325 -1015.3600 296.2728
v 513.4318 -1015.3588 288.2041
v 513.3034 -1016.2315 288.2039
f 13261 13262 13263
v 513.4318 -1015.3588 288.2041
v 513.4325 -1015.3600 296.2728
v 513.9389 -1011.9075 297.7043
f 13264 13265 13266
v 528.3817 -1017.5120 296.2712
v 522.3700 -1016.6468 296.2718
v 522.3693 -1016.6458 288.2031
f 13267 13268 13269
v 519.7923 -1016.2688 288.2034
v 522.3693 -1016.6458 288.2031
v 522.3700 -1016.6468 296.2718
f 13270 13271 13272
v 513.8911 -1009.2851 288.4060
v 513.5222 -1011.8441 288.2046
v 513.5222 -1011.8441 288.4056
f 13273 13274 13275
v 513.5222 -1011.8441 288.2046
v 513.8911 -1009.2851 288.4060
v 513.8911 -1009.2851 288.2050
f 13276 13277 13278
v 513.8918 -1009.2861 295.9417
v 513.5229 -1011.8452 295.9413
v 513.5231 -1011.8454 297.7053
f 13279 13280 13281
v 513.6403 -1011.0327 298.0423
v 513.8918 -1009.2861 295.9417
v 513.5231 -1011.8454 297.7053
f 13282 13283 13284
v 513.6403 -1011.0327 298.0423
v 513.8919 -1009.2863 297.0317
v 513.8918 -1009.2861 295.9417
f 13285 13286 13287
v 522.3700 -1016.6468 296.2718
v 528.3817 -1017.5120 296.2712
v 529.0233 -1013.2480 298.0407
f 13288 13289 13290
v 522.3700 -1016.6468 296.2718
v 513.6403 -1011.0327 298.0423
v 519.7931 -1016.2699 296.2721
f 13291 13292 13293
v 513.6403 -1011.0327 298.0423
v 522.3700 -1016.6468 296.2718
v 529.0233 -1013.2480 298.0407
f 13294 13295 13296
v 519.3042 -1016.2057 296.2721
v 519.7931 -1016.2699 296.2721
v 513.9389 -1011.9075 297.7043
f 13297 13298 13299
v 513.6403 -1011.0327 298.0423
v 513.9389 -1011.9075 297.7043
v 519.7931 -1016.2699 296.2721
f 13300 13301 13302
v 519.3042 -1016.2057 296.2721
v 513.9389 -1011.9075 297.7043
v 513.4325 -1015.3600 296.2728
f 13303 13304 13305
v 513.6403 -1011.0327 298.0423
v 513.5231 -1011.8454 297.7053
v 513.9389 -1011.9075 297.7043
f 13306 13307 13308
v 509.4769 -1011.2383 288.4060
v 509.8514 -1008.6824 295.9421
v 509.8508 -1008.6813 288.4064
f 13309 13310 13311
v 529.4497 -1010.4119 296.3982
v 529.4489 -1010.4108 288.2035
v 529.1620 -1010.3670 288.2036
f 13312 13313 13314
v 514.7820 -1008.2105 288.2051
v 514.4861 -1008.1657 288.2051
v 514.4868 -1008.1668 296.3488
f 13315 13316 13317
v 514.3123 -1009.3487 292.0678
v 514.3127 -1009.3494 297.0336
v 514.4868 -1008.1668 296.3488
f 13318 13319 13320
v 519.7923 -1016.2688 288.2034
v 519.3042 -1016.2057 296.2721
v 519.3035 -1016.2045 288.2034
f 13321 13322 13323
v 519.1771 -1017.0772 288.2033
v 513.3042 -1016.2326 296.2726
v 513.3034 -1016.2315 288.2039
f 13324 13325 13326
v 519.3035 -1016.2045 288.2034
v 519.1779 -1017.0783 296.2720
v 519.1771 -1017.0772 288.2033
f 13327 13328 13329
v 514.7820 -1008.2105 288.2051
v 514.7573 -1008.3795 296.4478
v 514.7565 -1008.3784 288.2051
f 13330 13331 13332
v 513.4325 -1015.3600 296.2728
v 513.3034 -1016.2315 288.2039
v 513.3042 -1016.2326 296.2726
f 13333 13334 13335
v 513.4318 -1015.3588 288.2041
v 513.9389 -1011.9075 297.7043
v 513.9380 -1011.9062 288.2046
f 13336 13337 13338
v 528.3817 -1017.5120 296.2712
v 522.3693 -1016.6458 288.2031
v 528.3809 -1017.5109 288.2025
f 13339 13340 13341
v 519.7923 -1016.2688 288.2034
v 522.3700 -1016.6468 296.2718
v 519.7931 -1016.2699 296.2721
f 13342 13343 13344

g building_ID_5B5B49DA-B888-45F5-922B-1FF006DFF192
v 481.3615 -988.3160 287.9509
v 480.5075 -991.6808 287.9504
v 480.9687 -988.6180 287.9509
f 13345 13346 13347
v 483.6385 -989.0711 287.9506
v 481.3615 -988.3160 287.9509
v 483.7067 -988.6124 287.9507
f 13348 13349 13350
v 480.5075 -991.6808 287.9504
v 481.3615 -988.3160 287.9509
v 483.6385 -989.0711 287.9506
f 13351 13352 13353
v 481.1012 -991.7694 287.9504
v 480.5075 -991.6808 287.9504
v 483.6385 -989.0711 287.9506
f 13354 13355 13356
v 486.7574 -999.5425 287.9487
v 480.0852 -998.5396 287.9494
v 481.1012 -991.7694 287.9504
f 13357 13358 13359
v 487.3377 -995.6850 287.9493
v 486.7574 -999.5425 287.9487
v 481.1012 -991.7694 287.9504
f 13360 13361 13362
v 490.5047 -990.0996 287.9499
v 487.3377 -995.6850 287.9493
v 483.6385 -989.0711 287.9506
f 13363 13364 13365
v 490.5047 -990.0996 287.9499
v 489.6177 -996.0331 287.9491
v 487.3377 -995.6850 287.9493
f 13366 13367 13368
v 483.6385 -989.0711 287.9506
v 487.3377 -995.6850 287.9493
v 481.1012 -991.7694 287.9504
f 13369 13370 13371
v 480.7680 -989.9597 297.7093
v 480.5085 -991.6822 299.3970
v 481.1023 -991.7708 299.4110
f 13372 13373 13374
v 483.7074 -988.6134 296.0584
v 481.3622 -988.3172 296.0586
v 480.9694 -988.6191 296.3966
f 13375 13376 13377
v 480.7680 -989.9597 297.7093
v 483.6393 -989.0723 296.5083
v 480.9694 -988.6191 296.3966
f 13378 13379 13380
v 481.0565 -992.0747 299.7078
v 490.0414 -993.2079 299.7070
v 481.1023 -991.7708 299.4110
f 13381 13382 13383
v 480.7680 -989.9597 297.7093
v 490.5055 -990.1007 296.6635
v 483.6393 -989.0723 296.5083
f 13384 13385 13386
v 490.5055 -990.1007 296.6635
v 480.7680 -989.9597 297.7093
v 490.0414 -993.2079 299.7070
f 13387 13388 13389
v 483.7074 -988.6134 296.0584
v 480.9694 -988.6191 296.3966
v 483.6393 -989.0723 296.5083
f 13390 13391 13392
v 490.0414 -993.2079 299.7070
v 480.7680 -989.9597 297.7093
v 481.1023 -991.7708 299.4110
f 13393 13394 13395
v 480.0859 -998.5408 297.5350
v 487.3387 -995.6864 298.7779
v 481.0565 -992.0747 299.7078
f 13396 13397 13398
v 486.7582 -999.5437 297.4813
v 487.3387 -995.6864 298.7779
v 480.0859 -998.5408 297.5350
f 13399 13400 13401
v 489.6187 -996.0346 298.7577
v 490.0414 -993.2079 299.7070
v 487.3387 -995.6864 298.7779
f 13402 13403 13404
v 481.0565 -992.0747 299.7078
v 487.3387 -995.6864 298.7779
v 490.0414 -993.2079 299.7070
f 13405 13406 13407
v 481.3615 -988.3160 287.9509
v 480.9687 -988.6180 287.9509
v 480.9694 -988.6191 296.3966
f 13408 13409 13410
v 480.5085 -991.6822 299.3970
v 480.7680 -989.9597 297.7093
v 480.9687 -988.6180 287.9509
f 13411 13412 13413
v 480.7680 -989.9597 297.7093
v 480.9694 -988.6191 296.3966
v 480.9687 -988.6180 287.9509
f 13414 13415 13416
v 480.5075 -991.6808 287.9504
v 480.5085 -991.6822 299.3970
v 480.9687 -988.6180 287.9509
f 13417 13418 13419
v 481.1015 -991.7697 290.8153
v 481.1023 -991.7708 299.4110
v 480.5085 -991.6822 299.3970
f 13420 13421 13422
v 480.5075 -991.6808 287.9504
v 481.1012 -991.7694 287.9504
v 480.5085 -991.6822 299.3970
f 13423 13424 13425
v 483.6393 -989.0723 296.5083
v 490.5047 -990.0996 287.9499
v 483.6385 -989.0711 287.9506
f 13426 13427 13428
v 483.7067 -988.6124 287.9507
v 483.7074 -988.6134 296.0584
v 483.6393 -989.0723 296.5083
f 13429 13430 13431
v 483.7067 -988.6124 287.9507
v 483.6393 -989.0723 296.5083
v 483.6385 -989.0711 287.9506
f 13432 13433 13434
v 481.3615 -988.3160 287.9509
v 481.3622 -988.3172 296.0586
v 483.7067 -988.6124 287.9507
f 13435 13436 13437
v 486.7582 -999.5437 297.4813
v 480.0859 -998.5408 297.5350
v 480.0856 -998.5402 292.7422
f 13438 13439 13440
v 480.0856 -998.5402 292.7422
v 486.7574 -999.5425 287.9487
v 486.7582 -999.5437 297.4813
f 13441 13442 13443
v 480.0856 -998.5402 292.7422
v 480.0852 -998.5396 287.9494
v 486.7574 -999.5425 287.9487
f 13444 13445 13446
v 486.7582 -999.5437 297.4813
v 487.3377 -995.6850 287.9493
v 487.3387 -995.6864 298.7779
f 13447 13448 13449
v 487.3377 -995.6850 287.9493
v 486.7582 -999.5437 297.4813
v 486.7574 -999.5425 287.9487
f 13450 13451 13452
v 481.1023 -991.7708 299.4110
v 480.0856 -998.5402 292.7422
v 481.0565 -992.0747 299.7078
f 13453 13454 13455
v 480.0859 -998.5408 297.5350
v 481.0565 -992.0747 299.7078
v 480.0856 -998.5402 292.7422
f 13456 13457 13458
v 481.1023 -991.7708 299.4110
v 480.0852 -998.5396 287.9494
v 480.0856 -998.5402 292.7422
f 13459 13460 13461
v 481.1015 -991.7697 290.8153
v 480.0852 -998.5396 287.9494
v 481.1023 -991.7708 299.4110
f 13462 13463 13464
v 481.1015 -991.7697 290.8153
v 481.1012 -991.7694 287.9504
v 480.0852 -998.5396 287.9494
f 13465 13466 13467
v 490.0414 -993.2079 299.7070
v 490.5047 -990.0996 287.9499
v 490.5055 -990.1007 296.6635
f 13468 13469 13470
v 489.6187 -996.0346 298.7577
v 490.5047 -990.0996 287.9499
v 490.0414 -993.2079 299.7070
f 13471 13472 13473
v 490.5047 -990.0996 287.9499
v 489.6187 -996.0346 298.7577
v 489.6177 -996.0331 287.9491
f 13474 13475 13476
v 481.3622 -988.3172 296.0586
v 481.3615 -988.3160 287.9509
v 480.9694 -988.6191 296.3966
f 13477 13478 13479
v 481.1015 -991.7697 290.8153
v 480.5085 -991.6822 299.3970
v 481.1012 -991.7694 287.9504
f 13480 13481 13482
v 490.5047 -990.0996 287.9499
v 483.6393 -989.0723 296.5083
v 490.5055 -990.1007 296.6635
f 13483 13484 13485
v 481.3622 -988.3172 296.0586
v 483.7074 -988.6134 296.0584
v 483.7067 -988.6124 287.9507
f 13486 13487 13488
v 489.6187 -996.0346 298.7577
v 487.3387 -995.6864 298.7779
v 489.6177 -996.0331 287.9491
f 13489 13490 13491
v 489.6177 -996.0331 287.9491
v 487.3387 -995.6864 298.7779
v 487.3377 -995.6850 287.9493
f 13492 13493 13494

g building_ID_C7269571-F00D-4EBC-8B1F-EDC66689362F
v 503.9986 -982.8482 283.5381
v 507.0706 -977.2625 283.5387
v 508.9128 -983.4934 283.5376
f 13495 13496 13497
v 507.0706 -977.2625 283.5387
v 509.6805 -977.6535 283.5385
v 508.9128 -983.4934 283.5376
f 13498 13499 13500
v 507.0879 -977.1455 283.5387
v 507.0706 -977.2625 283.5387
v 504.7857 -976.8434 283.5390
f 13501 13502 13503
v 503.9986 -982.8482 283.5381
v 504.7857 -976.8434 283.5390
v 507.0706 -977.2625 283.5387
f 13504 13505 13506
v 507.0883 -977.1462 288.6566
v 506.4215 -977.0584 288.7596
v 507.0710 -977.2632 288.6566
f 13507 13508 13509
v 506.1429 -979.1787 288.7593
v 507.0710 -977.2632 288.6566
v 506.4215 -977.0584 288.7596
f 13510 13511 13512
v 505.6335 -983.0632 288.7587
v 508.9132 -983.4940 288.2515
v 506.1429 -979.1787 288.7593
f 13513 13514 13515
v 509.6809 -977.6541 288.2524
v 507.0710 -977.2632 288.6566
v 506.1429 -979.1787 288.7593
f 13516 13517 13518
v 506.1429 -979.1787 288.7593
v 508.9132 -983.4940 288.2515
v 509.6809 -977.6541 288.2524
f 13519 13520 13521
v 509.6809 -977.6541 288.2524
v 509.6805 -977.6535 283.5385
v 507.0710 -977.2632 288.6566
f 13522 13523 13524
v 509.6805 -977.6535 283.5385
v 507.0706 -977.2625 283.5387
v 507.0710 -977.2632 288.6566
f 13525 13526 13527
v 507.0879 -977.1455 283.5387
v 507.0883 -977.1462 288.6566
v 507.0706 -977.2625 283.5387
f 13528 13529 13530
v 507.0883 -977.1462 288.6566
v 506.4211 -977.0578 283.6288
v 506.4215 -977.0584 288.7596
f 13531 13532 13533
v 506.4211 -977.0578 283.6288
v 504.7857 -976.8434 283.5390
v 504.7857 -976.8434 283.6290
f 13534 13535 13536
v 504.7857 -976.8434 283.5390
v 506.4211 -977.0578 283.6288
v 507.0879 -977.1455 283.5387
f 13537 13538 13539
v 506.4211 -977.0578 283.6288
v 507.0883 -977.1462 288.6566
v 507.0879 -977.1455 283.5387
f 13540 13541 13542
v 503.9986 -982.8482 283.5381
v 503.9986 -982.8482 283.6281
v 504.7857 -976.8434 283.6290
f 13543 13544 13545
v 508.9128 -983.4934 283.5376
v 508.9132 -983.4940 288.2515
v 505.6330 -983.0626 283.6279
f 13546 13547 13548
v 503.9986 -982.8482 283.5381
v 505.6330 -983.0626 283.6279
v 503.9986 -982.8482 283.6281
f 13549 13550 13551
v 508.9128 -983.4934 283.5376
v 505.6330 -983.0626 283.6279
v 503.9986 -982.8482 283.5381
f 13552 13553 13554
v 508.9132 -983.4940 288.2515
v 508.9128 -983.4934 283.5376
v 509.6809 -977.6541 288.2524
f 13555 13556 13557
v 509.6809 -977.6541 288.2524
v 508.9128 -983.4934 283.5376
v 509.6805 -977.6535 283.5385
f 13558 13559 13560
v 497.8454 -974.6659 291.8865
v 497.3417 -978.0251 295.8390
v 501.7467 -975.6474 292.4271
f 13561 13562 13563
v 502.9382 -975.8256 292.4520
v 501.7467 -975.6474 292.4271
v 497.3417 -978.0251 295.8390
f 13564 13565 13566
v 501.7467 -975.6474 292.4271
v 501.8149 -975.1885 291.8872
v 497.8454 -974.6659 291.8865
f 13567 13568 13569
v 506.1435 -979.1796 295.8381
v 506.5138 -976.3602 292.5276
v 502.9382 -975.8256 292.4520
f 13570 13571 13572
v 497.3417 -978.0251 295.8390
v 506.1435 -979.1796 295.8381
v 502.9382 -975.8256 292.4520
f 13573 13574 13575
v 497.3417 -978.0251 295.8390
v 497.2683 -978.5128 295.3499
v 499.2475 -978.8080 295.3147
f 13576 13577 13578
v 505.6041 -983.2896 291.7296
v 499.2475 -978.8080 295.3147
v 498.7280 -982.2632 291.8523
f 13579 13580 13581
v 497.3417 -978.0251 295.8390
v 499.2475 -978.8080 295.3147
v 506.1435 -979.1796 295.8381
f 13582 13583 13584
v 506.1435 -979.1796 295.8381
v 499.2475 -978.8080 295.3147
v 505.6041 -983.2896 291.7296
f 13585 13586 13587
v 497.9453 -973.9951 283.6299
v 497.9454 -973.9951 283.6879
v 501.9150 -974.5168 283.6876
f 13588 13589 13590
v 501.7464 -975.6469 289.0902
v 501.7467 -975.6474 292.4271
v 502.9382 -975.8256 292.4520
f 13591 13592 13593
v 501.7459 -975.6462 283.6294
v 502.9382 -975.8256 292.4520
v 506.5129 -976.3591 283.6289
f 13594 13595 13596
v 497.2675 -978.5116 286.5592
v 497.2673 -978.5112 283.6293
v 499.2475 -978.8080 295.3147
f 13597 13598 13599
v 497.2681 -978.5123 292.4200
v 497.2675 -978.5116 286.5592
v 499.2475 -978.8080 295.3147
f 13600 13601 13602
v 498.7272 -982.2621 283.6286
v 498.7280 -982.2632 291.8523
v 499.2475 -978.8080 295.3147
f 13603 13604 13605
v 498.7272 -982.2621 283.6286
v 499.2475 -978.8080 295.3147
v 499.2465 -978.8066 283.6291
f 13606 13607 13608
v 505.6034 -983.2885 283.6279
v 498.7280 -982.2632 291.8523
v 498.7272 -982.2621 283.6286
f 13609 13610 13611
v 498.7272 -982.2621 283.6286
v 505.6330 -983.0626 283.6279
v 505.6034 -983.2885 283.6279
f 13612 13613 13614
v 504.7857 -976.8434 283.6290
v 503.9986 -982.8482 283.6281
v 498.7272 -982.2621 283.6286
f 13615 13616 13617
v 505.6330 -983.0626 283.6279
v 498.7272 -982.2621 283.6286
v 503.9986 -982.8482 283.6281
f 13618 13619 13620
v 501.7459 -975.6462 283.6294
v 506.5129 -976.3591 283.6289
v 504.7857 -976.8434 283.6290
f 13621 13622 13623
v 506.4211 -977.0578 283.6288
v 504.7857 -976.8434 283.6290
v 506.5129 -976.3591 283.6289
f 13624 13625 13626
v 499.2465 -978.8066 283.6291
v 504.7857 -976.8434 283.6290
v 498.7272 -982.2621 283.6286
f 13627 13628 13629
v 497.9453 -973.9951 283.6299
v 501.9150 -974.5168 283.6296
v 501.7459 -975.6462 283.6294
f 13630 13631 13632
v 501.7459 -975.6462 283.6294
v 497.2673 -978.5112 283.6293
v 497.9453 -973.9951 283.6299
f 13633 13634 13635
v 499.2465 -978.8066 283.6291
v 497.2673 -978.5112 283.6293
v 501.7459 -975.6462 283.6294
f 13636 13637 13638
v 501.7459 -975.6462 283.6294
v 504.7857 -976.8434 283.6290
v 499.2465 -978.8066 283.6291
f 13639 13640 13641
v 502.0419 -973.6690 290.9575
v 502.0412 -973.6681 283.6877
v 498.0829 -973.0775 283.6881
f 13642 13643 13644
v 498.0829 -973.0775 283.6881
v 501.9150 -974.5168 283.6876
v 497.9454 -973.9951 283.6879
f 13645 13646 13647
v 498.0829 -973.0775 283.6881
v 502.0412 -973.6681 283.6877
v 501.9150 -974.5168 283.6876
f 13648 13649 13650
v 502.0419 -973.6690 290.9575
v 498.0835 -973.0783 290.9149
v 501.8149 -975.1885 291.8872
f 13651 13652 13653
v 497.8454 -974.6659 291.8865
v 501.8149 -975.1885 291.8872
v 498.0835 -973.0783 290.9149
f 13654 13655 13656
v 502.0412 -973.6681 283.6877
v 502.0419 -973.6690 290.9575
v 501.7464 -975.6469 289.0902
f 13657 13658 13659
v 501.7464 -975.6469 289.0902
v 501.9150 -974.5168 283.6876
v 502.0412 -973.6681 283.6877
f 13660 13661 13662
v 501.7459 -975.6462 283.6294
v 501.9150 -974.5168 283.6296
v 501.9150 -974.5168 283.6876
f 13663 13664 13665
v 501.9150 -974.5168 283.6876
v 501.7464 -975.6469 289.0902
v 501.7459 -975.6462 283.6294
f 13666 13667 13668
v 501.7464 -975.6469 289.0902
v 501.8149 -975.1885 291.8872
v 501.7467 -975.6474 292.4271
f 13669 13670 13671
v 501.8149 -975.1885 291.8872
v 501.7464 -975.6469 289.0902
v 502.0419 -973.6690 290.9575
f 13672 13673 13674
v 506.5138 -976.3602 292.5276
v 506.4215 -977.0584 288.7596
v 506.5129 -976.3591 283.6289
f 13675 13676 13677
v 506.4211 -977.0578 283.6288
v 506.5129 -976.3591 283.6289
v 506.4215 -977.0584 288.7596
f 13678 13679 13680
v 505.6330 -983.0626 283.6279
v 505.6041 -983.2896 291.7296
v 505.6034 -983.2885 283.6279
f 13681 13682 13683
v 506.4215 -977.0584 288.7596
v 506.5138 -976.3602 292.5276
v 506.1429 -979.1787 288.7593
f 13684 13685 13686
v 506.1435 -979.1796 295.8381
v 506.1429 -979.1787 288.7593
v 506.5138 -976.3602 292.5276
f 13687 13688 13689
v 505.6041 -983.2896 291.7296
v 506.1429 -979.1787 288.7593
v 506.1435 -979.1796 295.8381
f 13690 13691 13692
v 505.6041 -983.2896 291.7296
v 505.6330 -983.0626 283.6279
v 505.6335 -983.0632 288.7587
f 13693 13694 13695
v 506.1429 -979.1787 288.7593
v 505.6041 -983.2896 291.7296
v 505.6335 -983.0632 288.7587
f 13696 13697 13698
v 497.8454 -974.6659 291.8865
v 497.2683 -978.5128 295.3499
v 497.3417 -978.0251 295.8390
f 13699 13700 13701
v 497.2681 -978.5123 292.4200
v 497.2683 -978.5128 295.3499
v 497.8454 -974.6659 291.8865
f 13702 13703 13704
v 498.0835 -973.0783 290.9149
v 497.2675 -978.5116 286.5592
v 497.2681 -978.5123 292.4200
f 13705 13706 13707
v 497.2681 -978.5123 292.4200
v 497.8454 -974.6659 291.8865
v 498.0835 -973.0783 290.9149
f 13708 13709 13710
v 498.0835 -973.0783 290.9149
v 498.0829 -973.0775 283.6881
v 497.2675 -978.5116 286.5592
f 13711 13712 13713
v 497.2673 -978.5112 283.6293
v 497.2675 -978.5116 286.5592
v 497.9453 -973.9951 283.6299
f 13714 13715 13716
v 497.9453 -973.9951 283.6299
v 497.2675 -978.5116 286.5592
v 497.9454 -973.9951 283.6879
f 13717 13718 13719
v 497.9454 -973.9951 283.6879
v 497.2675 -978.5116 286.5592
v 498.0829 -973.0775 283.6881
f 13720 13721 13722
v 507.0883 -977.1462 288.6566
v 507.0710 -977.2632 288.6566
v 507.0706 -977.2625 283.5387
f 13723 13724 13725
v 503.9986 -982.8482 283.5381
v 504.7857 -976.8434 283.6290
v 504.7857 -976.8434 283.5390
f 13726 13727 13728
v 508.9132 -983.4940 288.2515
v 505.6335 -983.0632 288.7587
v 505.6330 -983.0626 283.6279
f 13729 13730 13731
v 497.9453 -973.9951 283.6299
v 501.9150 -974.5168 283.6876
v 501.9150 -974.5168 283.6296
f 13732 13733 13734
v 501.7464 -975.6469 289.0902
v 502.9382 -975.8256 292.4520
v 501.7459 -975.6462 283.6294
f 13735 13736 13737
v 506.5129 -976.3591 283.6289
v 502.9382 -975.8256 292.4520
v 506.5138 -976.3602 292.5276
f 13738 13739 13740
v 499.2465 -978.8066 283.6291
v 499.2475 -978.8080 295.3147
v 497.2673 -978.5112 283.6293
f 13741 13742 13743
v 497.2681 -978.5123 292.4200
v 499.2475 -978.8080 295.3147
v 497.2683 -978.5128 295.3499
f 13744 13745 13746
v 505.6041 -983.2896 291.7296
v 498.7280 -982.2632 291.8523
v 505.6034 -983.2885 283.6279
f 13747 13748 13749
v 502.0419 -973.6690 290.9575
v 498.0829 -973.0775 283.6881
v 498.0835 -973.0783 290.9149
f 13750 13751 13752

g building_ID_701261EB-6B96-4D71-AA07-1B5D3D1C32CB
v 523.6796 -979.7528 282.2771
v 516.5837 -987.9298 282.2764
v 517.9259 -978.8985 282.2777
f 13753 13754 13755
v 522.2034 -988.7658 282.2758
v 516.5837 -987.9298 282.2764
v 522.9323 -984.3148 282.2765
f 13756 13757 13758
v 523.6796 -979.7528 282.2771
v 522.9323 -984.3148 282.2765
v 516.5837 -987.9298 282.2764
f 13759 13760 13761
v 522.2043 -988.7670 291.5514
v 522.9336 -984.3164 295.2670
v 519.9882 -988.4370 291.5247
f 13762 13763 13764
v 517.2601 -983.3883 295.2676
v 519.9882 -988.4370 291.5247
v 522.9336 -984.3164 295.2670
f 13765 13766 13767
v 517.2601 -983.3883 295.2676
v 516.5846 -987.9310 291.4840
v 519.9882 -988.4370 291.5247
f 13768 13769 13770
v 522.9336 -984.3164 295.2670
v 523.6805 -979.7541 291.5967
v 520.8146 -979.3284 291.6310
f 13771 13772 13773
v 517.9268 -978.8997 291.6653
v 517.2601 -983.3883 295.2676
v 520.8146 -979.3284 291.6310
f 13774 13775 13776
v 522.9336 -984.3164 295.2670
v 520.8146 -979.3284 291.6310
v 517.2601 -983.3883 295.2676
f 13777 13778 13779
v 516.5837 -987.9298 282.2764
v 522.2034 -988.7658 282.2758
v 516.5846 -987.9310 291.4840
f 13780 13781 13782
v 520.8146 -979.3284 291.6310
v 523.6796 -979.7528 282.2771
v 517.9259 -978.8985 282.2777
f 13783 13784 13785
v 523.6805 -979.7541 291.5967
v 523.6796 -979.7528 282.2771
v 520.8146 -979.3284 291.6310
f 13786 13787 13788
v 523.6805 -979.7541 291.5967
v 522.2043 -988.7670 291.5514
v 523.6796 -979.7528 282.2771
f 13789 13790 13791
v 522.9336 -984.3164 295.2670
v 522.2043 -988.7670 291.5514
v 523.6805 -979.7541 291.5967
f 13792 13793 13794
v 522.9323 -984.3148 282.2765
v 523.6796 -979.7528 282.2771
v 522.2043 -988.7670 291.5514
f 13795 13796 13797
v 522.2043 -988.7670 291.5514
v 522.2034 -988.7658 282.2758
v 522.9323 -984.3148 282.2765
f 13798 13799 13800
v 516.5837 -987.9298 282.2764
v 516.5846 -987.9310 291.4840
v 517.9268 -978.8997 291.6653
f 13801 13802 13803
v 517.9259 -978.8985 282.2777
v 516.5837 -987.9298 282.2764
v 517.9268 -978.8997 291.6653
f 13804 13805 13806
v 517.2601 -983.3883 295.2676
v 517.9268 -978.8997 291.6653
v 516.5846 -987.9310 291.4840
f 13807 13808 13809
v 522.2034 -988.7658 282.2758
v 519.9882 -988.4370 291.5247
v 516.5846 -987.9310 291.4840
f 13810 13811 13812
v 519.9882 -988.4370 291.5247
v 522.2034 -988.7658 282.2758
v 522.2043 -988.7670 291.5514
f 13813 13814 13815
v 520.8146 -979.3284 291.6310
v 517.9259 -978.8985 282.2777
v 517.9268 -978.8997 291.6653
f 13816 13817 13818

g building_ID_50DC1305-0145-4C6E-8EB9-D4C61278B883
v 533.8600 -991.5290 282.7683
v 534.3245 -987.2293 282.7690
v 534.1091 -994.0917 282.7679
f 13819 13820 13821
v 533.6920 -991.5046 282.7684
v 534.3245 -987.2293 282.7690
v 533.8600 -991.5290 282.7683
f 13822 13823 13824
v 533.5881 -993.3683 282.7681
v 533.8600 -991.5290 282.7683
v 534.1091 -994.0917 282.7679
f 13825 13826 13827
v 540.5800 -983.2752 282.7691
v 534.3245 -987.2293 282.7690
v 535.0292 -982.4593 282.7696
f 13828 13829 13830
v 534.1091 -994.0917 282.7679
v 540.5800 -983.2752 282.7691
v 539.9654 -987.9674 282.7684
f 13831 13832 13833
v 538.4963 -994.7415 282.7674
v 534.1091 -994.0917 282.7679
v 539.9654 -987.9674 282.7684
f 13834 13835 13836
v 539.1256 -994.2652 282.7675
v 538.4963 -994.7415 282.7674
v 539.2610 -993.3586 282.7676
f 13837 13838 13839
v 538.4963 -994.7415 282.7674
v 539.9654 -987.9674 282.7684
v 539.2610 -993.3586 282.7676
f 13840 13841 13842
v 534.3245 -987.2293 282.7690
v 540.5800 -983.2752 282.7691
v 534.1091 -994.0917 282.7679
f 13843 13844 13845
v 537.8059 -982.8689 291.5480
v 535.0301 -982.4604 291.5153
v 534.3257 -987.2310 295.0756
f 13846 13847 13848
v 540.5809 -983.2763 291.5808
v 537.8059 -982.8689 291.5480
v 539.9666 -987.9691 295.0750
f 13849 13850 13851
v 534.3257 -987.2310 295.0756
v 539.9666 -987.9691 295.0750
v 537.8059 -982.8689 291.5480
f 13852 13853 13854
v 533.6978 -992.6317 290.9029
v 539.2618 -993.3596 290.9023
v 533.8608 -991.5302 291.7570
f 13855 13856 13857
v 539.9666 -987.9691 295.0750
v 533.8608 -991.5302 291.7570
v 539.2618 -993.3596 290.9023
f 13858 13859 13860
v 539.9666 -987.9691 295.0750
v 534.3257 -987.2310 295.0756
v 533.8608 -991.5302 291.7570
f 13861 13862 13863
v 533.6929 -991.5058 291.7591
v 533.8608 -991.5302 291.7570
v 534.3257 -987.2310 295.0756
f 13864 13865 13866
v 533.5888 -993.3693 290.5408
v 539.1263 -994.2662 290.4572
v 539.2618 -993.3596 290.9023
f 13867 13868 13869
v 538.4970 -994.7424 290.1891
v 539.1263 -994.2662 290.4572
v 533.5888 -993.3693 290.5408
f 13870 13871 13872
v 538.4970 -994.7424 290.1891
v 533.5888 -993.3693 290.5408
v 534.1098 -994.0927 290.2256
f 13873 13874 13875
v 533.6978 -992.6317 290.9029
v 533.5888 -993.3693 290.5408
v 539.2618 -993.3596 290.9023
f 13876 13877 13878
v 535.0301 -982.4604 291.5153
v 540.5804 -983.2758 287.1750
v 535.0292 -982.4593 282.7696
f 13879 13880 13881
v 540.5800 -983.2752 282.7691
v 535.0292 -982.4593 282.7696
v 540.5804 -983.2758 287.1750
f 13882 13883 13884
v 540.5809 -983.2763 291.5808
v 540.5807 -983.2760 289.3779
v 537.8059 -982.8689 291.5480
f 13885 13886 13887
v 533.8600 -991.5290 282.7683
v 533.6929 -991.5058 291.7591
v 533.6925 -991.5052 287.2643
f 13888 13889 13890
v 533.6925 -991.5052 287.2643
v 533.6922 -991.5050 285.0163
v 533.8600 -991.5290 282.7683
f 13891 13892 13893
v 538.4963 -994.7415 282.7674
v 538.4970 -994.7424 290.1891
v 534.1091 -994.0917 282.7679
f 13894 13895 13896
v 534.1098 -994.0927 290.2256
v 534.1091 -994.0917 282.7679
v 538.4970 -994.7424 290.1891
f 13897 13898 13899
v 539.1263 -994.2662 290.4572
v 538.4970 -994.7424 290.1891
v 538.4963 -994.7415 282.7674
f 13900 13901 13902
v 539.1256 -994.2652 282.7675
v 539.1263 -994.2662 290.4572
v 538.4963 -994.7415 282.7674
f 13903 13904 13905
v 539.2610 -993.3586 282.7676
v 539.2618 -993.3596 290.9023
v 539.1256 -994.2652 282.7675
f 13906 13907 13908
v 539.1263 -994.2662 290.4572
v 539.1256 -994.2652 282.7675
v 539.2618 -993.3596 290.9023
f 13909 13910 13911
v 534.1091 -994.0917 282.7679
v 534.1098 -994.0927 290.2256
v 533.5888 -993.3693 290.5408
f 13912 13913 13914
v 534.3257 -987.2310 295.0756
v 533.6925 -991.5052 287.2643
v 533.6929 -991.5058 291.7591
f 13915 13916 13917
v 533.6925 -991.5052 287.2643
v 535.0301 -982.4604 291.5153
v 533.6922 -991.5050 285.0163
f 13918 13919 13920
v 535.0301 -982.4604 291.5153
v 533.6925 -991.5052 287.2643
v 534.3257 -987.2310 295.0756
f 13921 13922 13923
v 535.0292 -982.4593 282.7696
v 534.3245 -987.2293 282.7690
v 535.0301 -982.4604 291.5153
f 13924 13925 13926
v 533.6922 -991.5050 285.0163
v 534.3245 -987.2293 282.7690
v 533.6920 -991.5046 282.7684
f 13927 13928 13929
v 535.0301 -982.4604 291.5153
v 534.3245 -987.2293 282.7690
v 533.6922 -991.5050 285.0163
f 13930 13931 13932
v 539.9654 -987.9674 282.7684
v 540.5800 -983.2752 282.7691
v 540.5804 -983.2758 287.1750
f 13933 13934 13935
v 539.9654 -987.9674 282.7684
v 540.5804 -983.2758 287.1750
v 539.2618 -993.3596 290.9023
f 13936 13937 13938
v 540.5807 -983.2760 289.3779
v 540.5809 -983.2763 291.5808
v 539.9666 -987.9691 295.0750
f 13939 13940 13941
v 539.9654 -987.9674 282.7684
v 539.2618 -993.3596 290.9023
v 539.2610 -993.3586 282.7676
f 13942 13943 13944
v 539.9666 -987.9691 295.0750
v 539.2618 -993.3596 290.9023
v 540.5807 -983.2760 289.3779
f 13945 13946 13947
v 540.5807 -983.2760 289.3779
v 539.2618 -993.3596 290.9023
v 540.5804 -983.2758 287.1750
f 13948 13949 13950
v 533.5881 -993.3683 282.7681
v 533.5888 -993.3693 290.5408
v 533.6978 -992.6317 290.9029
f 13951 13952 13953
v 533.5881 -993.3683 282.7681
v 533.8608 -991.5302 291.7570
v 533.8600 -991.5290 282.7683
f 13954 13955 13956
v 533.6978 -992.6317 290.9029
v 533.8608 -991.5302 291.7570
v 533.5881 -993.3683 282.7681
f 13957 13958 13959
v 540.5804 -983.2758 287.1750
v 535.0301 -982.4604 291.5153
v 540.5807 -983.2760 289.3779
f 13960 13961 13962
v 535.0301 -982.4604 291.5153
v 537.8059 -982.8689 291.5480
v 540.5807 -983.2760 289.3779
f 13963 13964 13965
v 533.6929 -991.5058 291.7591
v 533.8600 -991.5290 282.7683
v 533.8608 -991.5302 291.7570
f 13966 13967 13968
v 533.6922 -991.5050 285.0163
v 533.6920 -991.5046 282.7684
v 533.8600 -991.5290 282.7683
f 13969 13970 13971
v 533.5881 -993.3683 282.7681
v 534.1091 -994.0917 282.7679
v 533.5888 -993.3693 290.5408
f 13972 13973 13974

g building_ID_ED3B627D-8A2F-4889-909A-C3F1D3797EFE
v 464.6443 -976.7609 284.0581
v 467.3349 -969.8141 284.0590
v 472.7169 -973.8905 284.0580
f 13975 13976 13977
v 472.7169 -973.8905 284.0580
v 471.9128 -979.1684 284.0571
v 464.6443 -976.7609 284.0581
f 13978 13979 13980
v 467.3349 -969.8141 284.0590
v 464.6443 -976.7609 284.0581
v 466.1524 -969.6430 284.0591
f 13981 13982 13983
v 468.2460 -969.7665 284.0589
v 473.2340 -970.4950 284.0585
v 472.7169 -973.8905 284.0580
f 13984 13985 13986
v 467.4612 -968.9495 284.0591
v 468.2460 -969.7665 284.0589
v 467.3349 -969.8141 284.0590
f 13987 13988 13989
v 468.2460 -969.7665 284.0589
v 467.4612 -968.9495 284.0591
v 468.3469 -969.0788 284.0590
f 13990 13991 13992
v 468.2460 -969.7665 284.0589
v 472.7169 -973.8905 284.0580
v 467.3349 -969.8141 284.0590
f 13993 13994 13995
v 466.1524 -969.6430 284.0591
v 458.8877 -975.8994 284.0587
v 460.2692 -966.7252 284.0600
f 13996 13997 13998
v 466.1524 -969.6430 284.0591
v 464.6443 -976.7609 284.0581
v 458.8877 -975.8994 284.0587
f 13999 14000 14001
v 464.4509 -978.0483 284.0579
v 464.6443 -976.7609 284.0581
v 471.9128 -979.1684 284.0571
f 14002 14003 14004
v 466.1524 -969.6430 284.0591
v 460.2692 -966.7252 284.0600
v 466.4406 -967.6747 284.0594
f 14005 14006 14007
v 466.1531 -969.6440 292.7147
v 460.2699 -966.7262 291.9487
v 459.4942 -971.8784 293.9468
f 14008 14009 14010
v 467.3356 -969.8153 292.7116
v 466.1531 -969.6440 292.7147
v 472.7178 -973.8918 293.9456
f 14011 14012 14013
v 459.4942 -971.8784 293.9468
v 472.7178 -973.8918 293.9456
v 466.1531 -969.6440 292.7147
f 14014 14015 14016
v 460.2699 -966.7262 291.9487
v 466.1531 -969.6440 292.7147
v 466.4413 -967.6758 291.9521
f 14017 14018 14019
v 470.4859 -970.0947 292.6353
v 468.2467 -969.7677 292.6405
v 467.3356 -969.8153 292.7116
f 14020 14021 14022
v 470.4859 -970.0947 292.6353
v 467.3356 -969.8153 292.7116
v 472.7178 -973.8918 293.9456
f 14023 14024 14025
v 473.2347 -970.4960 292.6281
v 470.4859 -970.0947 292.6353
v 472.7178 -973.8918 293.9456
f 14026 14027 14028
v 468.3476 -969.0799 292.3747
v 467.4620 -968.9505 292.3768
v 468.2467 -969.7677 292.6405
f 14029 14030 14031
v 468.2467 -969.7677 292.6405
v 467.4620 -968.9505 292.3768
v 467.3356 -969.8153 292.7116
f 14032 14033 14034
v 459.4942 -971.8784 293.9468
v 458.8884 -975.9005 292.3654
v 464.6450 -976.7619 292.3707
f 14035 14036 14037
v 472.7178 -973.8918 293.9456
v 459.4942 -971.8784 293.9468
v 464.6450 -976.7619 292.3707
f 14038 14039 14040
v 464.6450 -976.7619 292.3707
v 470.0182 -978.8853 291.8681
v 472.7178 -973.8918 293.9456
f 14041 14042 14043
v 464.4515 -978.0494 291.8636
v 470.0182 -978.8853 291.8681
v 464.6450 -976.7619 292.3707
f 14044 14045 14046
v 470.0182 -978.8853 291.8681
v 471.9135 -979.1693 291.8689
v 472.7178 -973.8918 293.9456
f 14047 14048 14049
v 468.2460 -969.7665 284.0589
v 470.4859 -970.0947 292.6353
v 473.2347 -970.4960 292.6281
f 14050 14051 14052
v 470.4859 -970.0947 292.6353
v 468.2460 -969.7665 284.0589
v 468.2467 -969.7677 292.6405
f 14053 14054 14055
v 473.2347 -970.4960 292.6281
v 473.2343 -970.4953 287.2643
v 468.2460 -969.7665 284.0589
f 14056 14057 14058
v 468.2467 -969.7677 292.6405
v 468.3469 -969.0788 284.0590
v 468.3476 -969.0799 292.3747
f 14059 14060 14061
v 468.2467 -969.7677 292.6405
v 468.2460 -969.7665 284.0589
v 468.3469 -969.0788 284.0590
f 14062 14063 14064
v 468.3476 -969.0799 292.3747
v 468.3469 -969.0788 284.0590
v 467.4620 -968.9505 292.3768
f 14065 14066 14067
v 467.4620 -968.9505 292.3768
v 467.3349 -969.8141 284.0590
v 467.3356 -969.8153 292.7116
f 14068 14069 14070
v 467.4612 -968.9495 284.0591
v 467.3349 -969.8141 284.0590
v 467.4620 -968.9505 292.3768
f 14071 14072 14073
v 467.3349 -969.8141 284.0590
v 466.1524 -969.6430 284.0591
v 466.1531 -969.6440 292.7147
f 14074 14075 14076
v 466.1531 -969.6440 292.7147
v 467.3356 -969.8153 292.7116
v 467.3349 -969.8141 284.0590
f 14077 14078 14079
v 466.4406 -967.6747 284.0594
v 466.4413 -967.6758 291.9521
v 466.1531 -969.6440 292.7147
f 14080 14081 14082
v 466.4406 -967.6747 284.0594
v 466.1531 -969.6440 292.7147
v 466.1524 -969.6430 284.0591
f 14083 14084 14085
v 460.2699 -966.7262 291.9487
v 466.4406 -967.6747 284.0594
v 460.2692 -966.7252 284.0600
f 14086 14087 14088
v 464.6443 -976.7609 284.0581
v 464.4509 -978.0483 284.0579
v 464.6450 -976.7619 292.3707
f 14089 14090 14091
v 471.9131 -979.1687 286.9860
v 471.9135 -979.1693 291.8689
v 470.0182 -978.8853 291.8681
f 14092 14093 14094
v 464.4515 -978.0494 291.8636
v 471.9128 -979.1684 284.0571
v 471.9131 -979.1687 286.9860
f 14095 14096 14097
v 464.4515 -978.0494 291.8636
v 464.4509 -978.0483 284.0579
v 471.9128 -979.1684 284.0571
f 14098 14099 14100
v 458.8877 -975.8994 284.0587
v 464.6443 -976.7609 284.0581
v 464.6450 -976.7619 292.3707
f 14101 14102 14103
v 460.2692 -966.7252 284.0600
v 459.4942 -971.8784 293.9468
v 460.2699 -966.7262 291.9487
f 14104 14105 14106
v 460.2692 -966.7252 284.0600
v 458.8877 -975.8994 284.0587
v 458.8884 -975.9005 292.3654
f 14107 14108 14109
v 460.2692 -966.7252 284.0600
v 458.8884 -975.9005 292.3654
v 459.4942 -971.8784 293.9468
f 14110 14111 14112
v 473.2347 -970.4960 292.6281
v 471.9135 -979.1693 291.8689
v 473.2343 -970.4953 287.2643
f 14113 14114 14115
v 471.9131 -979.1687 286.9860
v 472.7169 -973.8905 284.0580
v 473.2343 -970.4953 287.2643
f 14116 14117 14118
v 472.7169 -973.8905 284.0580
v 473.2340 -970.4950 284.0585
v 473.2343 -970.4953 287.2643
f 14119 14120 14121
v 473.2343 -970.4953 287.2643
v 471.9135 -979.1693 291.8689
v 471.9131 -979.1687 286.9860
f 14122 14123 14124
v 472.7169 -973.8905 284.0580
v 471.9131 -979.1687 286.9860
v 471.9128 -979.1684 284.0571
f 14125 14126 14127
v 473.2347 -970.4960 292.6281
v 472.7178 -973.8918 293.9456
v 471.9135 -979.1693 291.8689
f 14128 14129 14130
v 473.2343 -970.4953 287.2643
v 473.2340 -970.4950 284.0585
v 468.2460 -969.7665 284.0589
f 14131 14132 14133
v 467.4612 -968.9495 284.0591
v 467.4620 -968.9505 292.3768
v 468.3469 -969.0788 284.0590
f 14134 14135 14136
v 460.2699 -966.7262 291.9487
v 466.4413 -967.6758 291.9521
v 466.4406 -967.6747 284.0594
f 14137 14138 14139
v 464.4509 -978.0483 284.0579
v 464.4515 -978.0494 291.8636
v 464.6450 -976.7619 292.3707
f 14140 14141 14142
v 471.9131 -979.1687 286.9860
v 470.0182 -978.8853 291.8681
v 464.4515 -978.0494 291.8636
f 14143 14144 14145
v 464.6450 -976.7619 292.3707
v 458.8884 -975.9005 292.3654
v 458.8877 -975.8994 284.0587
f 14146 14147 14148

g building_ID_413681E6-A77E-4980-90EB-398A222C8EE8
v 435.1209 -985.7331 287.9386
v 441.4937 -985.4022 287.9382
v 441.7667 -990.6289 287.9374
f 14149 14150 14151
v 441.4937 -985.4022 287.9382
v 435.1209 -985.7331 287.9386
v 441.2190 -980.0895 287.9391
f 14152 14153 14154
v 441.2190 -980.0895 287.9391
v 435.1209 -985.7331 287.9386
v 434.8461 -980.4124 287.9395
f 14155 14156 14157
v 435.3909 -990.9498 287.9378
v 435.1209 -985.7331 287.9386
v 441.7667 -990.6289 287.9374
f 14158 14159 14160
v 441.4948 -985.4040 301.1507
v 438.5790 -990.7906 297.1403
v 441.7674 -990.6301 297.1351
f 14161 14162 14163
v 435.3916 -990.9510 297.1445
v 438.5790 -990.7906 297.1403
v 435.1219 -985.7348 301.1511
f 14164 14165 14166
v 441.4948 -985.4040 301.1507
v 435.1219 -985.7348 301.1511
v 438.5790 -990.7906 297.1403
f 14167 14168 14169
v 438.1483 -980.2465 297.4110
v 434.8469 -980.4137 297.4082
v 435.1219 -985.7348 301.1511
f 14170 14171 14172
v 435.1219 -985.7348 301.1511
v 441.4948 -985.4040 301.1507
v 438.1483 -980.2465 297.4110
f 14173 14174 14175
v 438.1483 -980.2465 297.4110
v 441.4948 -985.4040 301.1507
v 441.2197 -980.0908 297.4128
f 14176 14177 14178
v 441.7674 -990.6301 297.1351
v 438.5790 -990.7906 297.1403
v 441.7672 -990.6299 294.8332
f 14179 14180 14181
v 438.5790 -990.7906 297.1403
v 435.3916 -990.9510 297.1445
v 435.3914 -990.9508 294.8426
f 14182 14183 14184
v 435.3913 -990.9504 292.5416
v 435.3909 -990.9498 287.9378
v 438.5790 -990.7906 297.1403
f 14185 14186 14187
v 435.3909 -990.9498 287.9378
v 441.7667 -990.6289 287.9374
v 438.5790 -990.7906 297.1403
f 14188 14189 14190
v 434.8467 -980.4134 295.0393
v 434.8469 -980.4137 297.4082
v 441.2195 -980.0905 295.0449
f 14191 14192 14193
v 434.8461 -980.4124 287.9395
v 434.8465 -980.4131 292.6714
v 441.2195 -980.0905 295.0449
f 14194 14195 14196
v 434.8461 -980.4124 287.9395
v 441.2195 -980.0905 295.0449
v 441.2190 -980.0895 287.9391
f 14197 14198 14199
v 441.7667 -990.6289 287.9374
v 441.2195 -980.0905 295.0449
v 441.2197 -980.0908 297.4128
f 14200 14201 14202
v 441.4937 -985.4022 287.9382
v 441.2190 -980.0895 287.9391
v 441.2195 -980.0905 295.0449
f 14203 14204 14205
v 441.2197 -980.0908 297.4128
v 441.4948 -985.4040 301.1507
v 441.7672 -990.6299 294.8332
f 14206 14207 14208
v 441.7667 -990.6289 287.9374
v 441.2197 -980.0908 297.4128
v 441.7672 -990.6299 294.8332
f 14209 14210 14211
v 441.4937 -985.4022 287.9382
v 441.2195 -980.0905 295.0449
v 441.7667 -990.6289 287.9374
f 14212 14213 14214
v 441.7674 -990.6301 297.1351
v 441.7672 -990.6299 294.8332
v 441.4948 -985.4040 301.1507
f 14215 14216 14217
v 434.8465 -980.4131 292.6714
v 435.1209 -985.7331 287.9386
v 435.3913 -990.9504 292.5416
f 14218 14219 14220
v 435.3913 -990.9504 292.5416
v 435.1209 -985.7331 287.9386
v 435.3909 -990.9498 287.9378
f 14221 14222 14223
v 434.8465 -980.4131 292.6714
v 435.3913 -990.9504 292.5416
v 435.3914 -990.9508 294.8426
f 14224 14225 14226
v 434.8467 -980.4134 295.0393
v 435.3914 -990.9508 294.8426
v 435.1219 -985.7348 301.1511
f 14227 14228 14229
v 434.8469 -980.4137 297.4082
v 434.8467 -980.4134 295.0393
v 435.1219 -985.7348 301.1511
f 14230 14231 14232
v 434.8465 -980.4131 292.6714
v 434.8461 -980.4124 287.9395
v 435.1209 -985.7331 287.9386
f 14233 14234 14235
v 434.8467 -980.4134 295.0393
v 434.8465 -980.4131 292.6714
v 435.3914 -990.9508 294.8426
f 14236 14237 14238
v 435.3914 -990.9508 294.8426
v 435.3916 -990.9510 297.1445
v 435.1219 -985.7348 301.1511
f 14239 14240 14241
v 438.5790 -990.7906 297.1403
v 441.7667 -990.6289 287.9374
v 441.7672 -990.6299 294.8332
f 14242 14243 14244
v 438.5790 -990.7906 297.1403
v 435.3914 -990.9508 294.8426
v 435.3913 -990.9504 292.5416
f 14245 14246 14247
v 434.8469 -980.4137 297.4082
v 438.1483 -980.2465 297.4110
v 441.2195 -980.0905 295.0449
f 14248 14249 14250
v 441.2195 -980.0905 295.0449
v 434.8465 -980.4131 292.6714
v 434.8467 -980.4134 295.0393
f 14251 14252 14253
v 438.1483 -980.2465 297.4110
v 441.2197 -980.0908 297.4128
v 441.2195 -980.0905 295.0449
f 14254 14255 14256

g building_ID_47EE0B7F-98F5-4A1F-8643-6C65FEF57612
v 435.1209 -985.7331 287.9386
v 435.3909 -990.9498 287.9378
v 428.8811 -991.2674 287.9382
f 14257 14258 14259
v 428.6130 -986.0717 287.9390
v 435.1209 -985.7331 287.9386
v 428.8811 -991.2674 287.9382
f 14260 14261 14262
v 435.1209 -985.7331 287.9386
v 428.6130 -986.0717 287.9390
v 434.8461 -980.4124 287.9395
f 14263 14264 14265
v 434.8461 -980.4124 287.9395
v 428.6130 -986.0717 287.9390
v 428.3373 -980.7410 287.9399
f 14266 14267 14268
v 428.6140 -986.0734 301.1515
v 435.3916 -990.9510 297.1445
v 435.1219 -985.7348 301.1511
f 14269 14270 14271
v 428.6140 -986.0734 301.1515
v 428.8818 -991.2686 297.1609
v 435.3916 -990.9510 297.1445
f 14272 14273 14274
v 428.3380 -980.7423 297.4016
v 428.6140 -986.0734 301.1515
v 431.3514 -980.5903 297.4044
f 14275 14276 14277
v 434.8469 -980.4137 297.4082
v 431.3514 -980.5903 297.4044
v 435.1219 -985.7348 301.1511
f 14278 14279 14280
v 428.6140 -986.0734 301.1515
v 435.1219 -985.7348 301.1511
v 431.3514 -980.5903 297.4044
f 14281 14282 14283
v 435.3916 -990.9510 297.1445
v 428.8818 -991.2686 297.1609
v 428.8816 -991.2683 294.8550
f 14284 14285 14286
v 435.3909 -990.9498 287.9378
v 435.3916 -990.9510 297.1445
v 428.8811 -991.2674 287.9382
f 14287 14288 14289
v 434.8461 -980.4124 287.9395
v 428.3373 -980.7410 287.9399
v 428.3379 -980.7419 295.0307
f 14290 14291 14292
v 428.3379 -980.7419 295.0307
v 434.8469 -980.4137 297.4082
v 434.8465 -980.4131 292.6744
f 14293 14294 14295
v 434.8463 -980.4128 290.3064
v 434.8461 -980.4124 287.9395
v 428.3379 -980.7419 295.0307
f 14296 14297 14298
v 434.8465 -980.4131 292.6744
v 434.8463 -980.4128 290.3064
v 428.3379 -980.7419 295.0307
f 14299 14300 14301
v 435.1219 -985.7348 301.1511
v 434.8465 -980.4131 292.6744
v 434.8469 -980.4137 297.4082
f 14302 14303 14304
v 434.8465 -980.4131 292.6744
v 435.3916 -990.9510 297.1445
v 434.8463 -980.4128 290.3064
f 14305 14306 14307
v 435.3916 -990.9510 297.1445
v 434.8465 -980.4131 292.6744
v 435.1219 -985.7348 301.1511
f 14308 14309 14310
v 435.1209 -985.7331 287.9386
v 434.8461 -980.4124 287.9395
v 434.8463 -980.4128 290.3064
f 14311 14312 14313
v 435.3916 -990.9510 297.1445
v 435.3909 -990.9498 287.9378
v 435.1209 -985.7331 287.9386
f 14314 14315 14316
v 435.3916 -990.9510 297.1445
v 435.1209 -985.7331 287.9386
v 434.8463 -980.4128 290.3064
f 14317 14318 14319
v 428.3379 -980.7419 295.0307
v 428.6130 -986.0717 287.9390
v 428.8811 -991.2674 287.9382
f 14320 14321 14322
v 428.3380 -980.7423 297.4016
v 428.8811 -991.2674 287.9382
v 428.8816 -991.2683 294.8550
f 14323 14324 14325
v 428.8816 -991.2683 294.8550
v 428.6140 -986.0734 301.1515
v 428.3380 -980.7423 297.4016
f 14326 14327 14328
v 428.8811 -991.2674 287.9382
v 428.3380 -980.7423 297.4016
v 428.3379 -980.7419 295.0307
f 14329 14330 14331
v 428.3379 -980.7419 295.0307
v 428.3373 -980.7410 287.9399
v 428.6130 -986.0717 287.9390
f 14332 14333 14334
v 428.8818 -991.2686 297.1609
v 428.6140 -986.0734 301.1515
v 428.8816 -991.2683 294.8550
f 14335 14336 14337
v 435.3916 -990.9510 297.1445
v 428.8816 -991.2683 294.8550
v 428.8811 -991.2674 287.9382
f 14338 14339 14340
v 428.3380 -980.7423 297.4016
v 431.3514 -980.5903 297.4044
v 428.3379 -980.7419 295.0307
f 14341 14342 14343
v 434.8469 -980.4137 297.4082
v 428.3379 -980.7419 295.0307
v 431.3514 -980.5903 297.4044
f 14344 14345 14346

g building_ID_3EEEF5EF-A715-47C2-8487-01811F2EB245
v 415.9060 -986.8617 288.7657
v 422.2280 -986.4647 288.7654
v 422.5523 -991.6136 288.7646
f 14347 14348 14349
v 422.2280 -986.4647 288.7654
v 415.9060 -986.8617 288.7657
v 421.8885 -981.0688 288.7662
f 14350 14351 14352
v 421.8885 -981.0688 288.7662
v 415.9060 -986.8617 288.7657
v 415.6247 -981.3881 288.7666
f 14353 14354 14355
v 416.1646 -991.9064 288.7649
v 415.9060 -986.8617 288.7657
v 422.5523 -991.6136 288.7646
f 14356 14357 14358
v 422.5529 -991.6148 297.9952
v 422.2291 -986.4664 301.9109
v 419.6146 -991.7499 298.0323
f 14359 14360 14361
v 416.1652 -991.9077 298.0766
v 419.6146 -991.7499 298.0323
v 415.9070 -986.8634 301.9112
f 14362 14363 14364
v 422.2291 -986.4664 301.9109
v 415.9070 -986.8634 301.9112
v 419.6146 -991.7499 298.0323
f 14365 14366 14367
v 415.6255 -981.3892 297.8713
v 415.9070 -986.8634 301.9112
v 419.2679 -981.2040 297.9031
f 14368 14369 14370
v 415.9070 -986.8634 301.9112
v 422.2291 -986.4664 301.9109
v 419.2679 -981.2040 297.9031
f 14371 14372 14373
v 419.2679 -981.2040 297.9031
v 422.2291 -986.4664 301.9109
v 421.8893 -981.0700 297.9259
f 14374 14375 14376
v 419.6146 -991.7499 298.0323
v 416.1652 -991.9077 298.0766
v 416.1646 -991.9064 288.7649
f 14377 14378 14379
v 422.5523 -991.6136 288.7646
v 419.6146 -991.7499 298.0323
v 416.1646 -991.9064 288.7649
f 14380 14381 14382
v 421.8885 -981.0688 288.7662
v 415.6247 -981.3881 288.7666
v 419.2679 -981.2040 297.9031
f 14383 14384 14385
v 421.8890 -981.0696 294.4910
v 421.8885 -981.0688 288.7662
v 419.2679 -981.2040 297.9031
f 14386 14387 14388
v 421.8890 -981.0696 294.4910
v 421.8893 -981.0700 297.9259
v 422.2291 -986.4664 301.9109
f 14389 14390 14391
v 422.2280 -986.4647 288.7654
v 421.8885 -981.0688 288.7662
v 421.8890 -981.0696 294.4910
f 14392 14393 14394
v 422.2291 -986.4664 301.9109
v 422.5529 -991.6148 297.9952
v 421.8890 -981.0696 294.4910
f 14395 14396 14397
v 421.8890 -981.0696 294.4910
v 422.5526 -991.6142 293.3394
v 422.2280 -986.4647 288.7654
f 14398 14399 14400
v 422.5526 -991.6142 293.3394
v 421.8890 -981.0696 294.4910
v 422.5529 -991.6148 297.9952
f 14401 14402 14403
v 422.5526 -991.6142 293.3394
v 422.5523 -991.6136 288.7646
v 422.2280 -986.4647 288.7654
f 14404 14405 14406
v 415.9060 -986.8617 288.7657
v 416.1646 -991.9064 288.7649
v 416.1652 -991.9077 298.0766
f 14407 14408 14409
v 415.9070 -986.8634 301.9112
v 415.6251 -981.3886 293.2914
v 416.1652 -991.9077 298.0766
f 14410 14411 14412
v 415.6247 -981.3881 288.7666
v 416.1652 -991.9077 298.0766
v 415.6251 -981.3886 293.2914
f 14413 14414 14415
v 415.6255 -981.3892 297.8713
v 415.6251 -981.3886 293.2914
v 415.9070 -986.8634 301.9112
f 14416 14417 14418
v 415.9060 -986.8617 288.7657
v 416.1652 -991.9077 298.0766
v 415.6247 -981.3881 288.7666
f 14419 14420 14421
v 419.6146 -991.7499 298.0323
v 422.5526 -991.6142 293.3394
v 422.5529 -991.6148 297.9952
f 14422 14423 14424
v 422.5526 -991.6142 293.3394
v 419.6146 -991.7499 298.0323
v 422.5523 -991.6136 288.7646
f 14425 14426 14427
v 419.2679 -981.2040 297.9031
v 415.6251 -981.3886 293.2914
v 415.6255 -981.3892 297.8713
f 14428 14429 14430
v 415.6251 -981.3886 293.2914
v 419.2679 -981.2040 297.9031
v 415.6247 -981.3881 288.7666
f 14431 14432 14433
v 419.2679 -981.2040 297.9031
v 421.8893 -981.0700 297.9259
v 421.8890 -981.0696 294.4910
f 14434 14435 14436

g building_ID_3A9C4EC6-A02C-45D6-9F24-0F05AE45AC9A
v 476.6623 -937.4983 282.7232
v 476.9860 -936.5021 282.7234
v 483.8634 -935.2106 282.7230
f 14437 14438 14439
v 476.9860 -936.5021 282.7234
v 478.0245 -933.3120 282.7238
v 483.8634 -935.2106 282.7230
f 14440 14441 14442
v 482.8218 -938.4078 282.7226
v 476.6623 -937.4983 282.7232
v 483.8634 -935.2106 282.7230
f 14443 14444 14445
v 476.6623 -937.4983 282.7232
v 480.8103 -944.5844 282.7218
v 474.9734 -942.6897 282.7226
f 14446 14447 14448
v 476.6623 -937.4983 282.7232
v 482.8218 -938.4078 282.7226
v 480.8103 -944.5844 282.7218
f 14449 14450 14451
v 475.9380 -937.2624 282.7233
v 474.9734 -942.6897 282.7226
v 474.0455 -943.0592 282.7226
f 14452 14453 14454
v 474.9734 -942.6897 282.7226
v 474.7758 -943.2972 282.7225
v 474.0455 -943.0592 282.7226
f 14455 14456 14457
v 476.6623 -937.4983 282.7232
v 474.9734 -942.6897 282.7226
v 475.9380 -937.2624 282.7233
f 14458 14459 14460
v 474.0461 -943.0602 290.9392
v 474.7765 -943.2982 290.9391
v 474.9741 -942.6907 291.2782
f 14461 14462 14463
v 475.9390 -937.2637 294.1758
v 474.0461 -943.0602 290.9392
v 474.9741 -942.6907 291.2782
f 14464 14465 14466
v 482.8228 -938.4092 294.7311
v 478.2862 -943.7656 291.2808
v 480.8111 -944.5854 291.2825
f 14467 14468 14469
v 478.2862 -943.7656 291.2808
v 476.6633 -937.4997 294.1757
v 474.9741 -942.6907 291.2782
f 14470 14471 14472
v 475.9390 -937.2637 294.1758
v 474.9741 -942.6907 291.2782
v 476.6633 -937.4997 294.1757
f 14473 14474 14475
v 482.8228 -938.4092 294.7311
v 476.6633 -937.4997 294.1757
v 478.2862 -943.7656 291.2808
f 14476 14477 14478
v 476.6633 -937.4997 294.1757
v 482.8228 -938.4092 294.7311
v 476.9871 -936.5037 294.7319
f 14479 14480 14481
v 482.3335 -934.7136 291.6358
v 482.8228 -938.4092 294.7311
v 483.8641 -935.2116 291.6336
f 14482 14483 14484
v 478.0253 -933.3131 291.6414
v 482.8228 -938.4092 294.7311
v 482.3335 -934.7136 291.6358
f 14485 14486 14487
v 482.8228 -938.4092 294.7311
v 478.0253 -933.3131 291.6414
v 476.9871 -936.5037 294.7319
f 14488 14489 14490
v 475.9380 -937.2624 283.0972
v 474.0455 -943.0592 282.7226
v 474.0455 -943.0593 283.0965
f 14491 14492 14493
v 474.0455 -943.0592 282.7226
v 475.9380 -937.2624 283.0972
v 475.9380 -937.2624 282.7233
f 14494 14495 14496
v 478.2862 -943.7656 291.2808
v 480.8103 -944.5844 282.7218
v 480.8106 -944.5847 285.9317
f 14497 14498 14499
v 480.8103 -944.5844 282.7218
v 478.2862 -943.7656 291.2808
v 474.9734 -942.6897 282.7226
f 14500 14501 14502
v 478.0245 -933.3120 282.7238
v 478.0251 -933.3127 289.4115
v 483.8634 -935.2106 282.7230
f 14503 14504 14505
v 482.3335 -934.7136 291.6358
v 483.8634 -935.2106 282.7230
v 478.0251 -933.3127 289.4115
f 14506 14507 14508
v 482.3335 -934.7136 291.6358
v 483.8636 -935.2111 286.0598
v 483.8634 -935.2106 282.7230
f 14509 14510 14511
v 471.4596 -943.8828 286.6085
v 472.3190 -944.1623 288.4303
v 471.4597 -943.8829 288.4294
f 14512 14513 14514
v 474.1359 -944.7515 283.0963
v 472.3190 -944.1623 288.4303
v 471.4596 -943.8828 286.6085
f 14515 14516 14517
v 471.4593 -943.8824 283.0966
v 474.1359 -944.7515 283.0963
v 471.4596 -943.8828 286.6085
f 14518 14519 14520
v 474.6259 -943.2478 283.0964
v 474.6265 -943.2486 289.1412
v 474.1364 -944.7522 288.4311
f 14521 14522 14523
v 475.1582 -939.6552 290.7507
v 474.0460 -943.0600 289.1413
v 474.0461 -943.0602 290.9392
f 14524 14525 14526
v 475.9385 -937.2630 288.6030
v 475.1582 -939.6552 290.7507
v 475.9390 -937.2637 294.1758
f 14527 14528 14529
v 474.0461 -943.0602 290.9392
v 475.9390 -937.2637 294.1758
v 475.1582 -939.6552 290.7507
f 14530 14531 14532
v 474.6265 -943.2486 289.1412
v 474.7758 -943.2972 282.7225
v 474.7765 -943.2982 290.9391
f 14533 14534 14535
v 474.0460 -943.0600 289.1413
v 474.6265 -943.2486 289.1412
v 474.0461 -943.0602 290.9392
f 14536 14537 14538
v 474.7765 -943.2982 290.9391
v 474.0461 -943.0602 290.9392
v 474.6265 -943.2486 289.1412
f 14539 14540 14541
v 474.6259 -943.2478 283.0964
v 474.0455 -943.0593 283.0965
v 474.0455 -943.0592 282.7226
f 14542 14543 14544
v 474.7758 -943.2972 282.7225
v 474.6265 -943.2486 289.1412
v 474.6259 -943.2478 283.0964
f 14545 14546 14547
v 474.7765 -943.2982 290.9391
v 474.9734 -942.6897 282.7226
v 474.9741 -942.6907 291.2782
f 14548 14549 14550
v 474.9734 -942.6897 282.7226
v 474.7765 -943.2982 290.9391
v 474.7758 -943.2972 282.7225
f 14551 14552 14553
v 473.0604 -938.9697 283.0972
v 474.1359 -944.7515 283.0963
v 471.4593 -943.8824 283.0966
f 14554 14555 14556
v 475.9380 -937.2624 283.0972
v 473.0604 -938.9697 283.0972
v 473.8398 -936.5798 283.0975
f 14557 14558 14559
v 473.0604 -938.9697 283.0972
v 475.9380 -937.2624 283.0972
v 474.0455 -943.0593 283.0965
f 14560 14561 14562
v 474.1359 -944.7515 283.0963
v 474.0455 -943.0593 283.0965
v 474.6259 -943.2478 283.0964
f 14563 14564 14565
v 474.1359 -944.7515 283.0963
v 473.0604 -938.9697 283.0972
v 474.0455 -943.0593 283.0965
f 14566 14567 14568
v 474.6265 -943.2486 289.1412
v 474.0460 -943.0600 289.1413
v 474.1364 -944.7522 288.4311
f 14569 14570 14571
v 474.0460 -943.0600 289.1413
v 475.1582 -939.6552 290.7507
v 473.0611 -938.9706 290.7510
f 14572 14573 14574
v 474.1364 -944.7522 288.4311
v 474.0460 -943.0600 289.1413
v 472.3190 -944.1623 288.4303
f 14575 14576 14577
v 472.3190 -944.1623 288.4303
v 474.0460 -943.0600 289.1413
v 473.0611 -938.9706 290.7510
f 14578 14579 14580
v 473.0611 -938.9706 290.7510
v 471.4597 -943.8829 288.4294
v 472.3190 -944.1623 288.4303
f 14581 14582 14583
v 475.9385 -937.2630 288.6030
v 473.8403 -936.5804 288.6053
v 473.0611 -938.9706 290.7510
f 14584 14585 14586
v 473.0611 -938.9706 290.7510
v 475.1582 -939.6552 290.7507
v 475.9385 -937.2630 288.6030
f 14587 14588 14589
v 475.9380 -937.2624 283.0972
v 473.8403 -936.5804 288.6053
v 475.9385 -937.2630 288.6030
f 14590 14591 14592
v 473.8403 -936.5804 288.6053
v 475.9380 -937.2624 283.0972
v 473.8398 -936.5798 283.0975
f 14593 14594 14595
v 476.6623 -937.4983 282.7232
v 475.9380 -937.2624 282.7233
v 475.9380 -937.2624 283.0972
f 14596 14597 14598
v 475.9380 -937.2624 283.0972
v 475.9385 -937.2630 288.6030
v 476.6623 -937.4983 282.7232
f 14599 14600 14601
v 476.6628 -937.4990 288.6029
v 475.9390 -937.2637 294.1758
v 476.6633 -937.4997 294.1757
f 14602 14603 14604
v 476.6628 -937.4990 288.6029
v 476.6623 -937.4983 282.7232
v 475.9385 -937.2630 288.6030
f 14605 14606 14607
v 476.6628 -937.4990 288.6029
v 475.9385 -937.2630 288.6030
v 475.9390 -937.2637 294.1758
f 14608 14609 14610
v 483.8640 -935.2114 289.4037
v 483.8641 -935.2116 291.6336
v 482.8228 -938.4092 294.7311
f 14611 14612 14613
v 480.8106 -944.5847 285.9317
v 483.8636 -935.2111 286.0598
v 483.8640 -935.2114 289.4037
f 14614 14615 14616
v 483.8636 -935.2111 286.0598
v 482.8218 -938.4078 282.7226
v 483.8634 -935.2106 282.7230
f 14617 14618 14619
v 483.8640 -935.2114 289.4037
v 482.8228 -938.4092 294.7311
v 480.8111 -944.5854 291.2825
f 14620 14621 14622
v 483.8636 -935.2111 286.0598
v 480.8106 -944.5847 285.9317
v 482.8218 -938.4078 282.7226
f 14623 14624 14625
v 480.8111 -944.5854 291.2825
v 480.8106 -944.5847 285.9317
v 483.8640 -935.2114 289.4037
f 14626 14627 14628
v 480.8103 -944.5844 282.7218
v 482.8218 -938.4078 282.7226
v 480.8106 -944.5847 285.9317
f 14629 14630 14631
v 476.9860 -936.5021 282.7234
v 476.6623 -937.4983 282.7232
v 476.6628 -937.4990 288.6029
f 14632 14633 14634
v 476.6628 -937.4990 288.6029
v 478.0245 -933.3120 282.7238
v 476.9860 -936.5021 282.7234
f 14635 14636 14637
v 478.0245 -933.3120 282.7238
v 476.6628 -937.4990 288.6029
v 478.0251 -933.3127 289.4115
f 14638 14639 14640
v 476.9871 -936.5037 294.7319
v 478.0251 -933.3127 289.4115
v 476.6633 -937.4997 294.1757
f 14641 14642 14643
v 478.0253 -933.3131 291.6414
v 478.0251 -933.3127 289.4115
v 476.9871 -936.5037 294.7319
f 14644 14645 14646
v 476.6633 -937.4997 294.1757
v 478.0251 -933.3127 289.4115
v 476.6628 -937.4990 288.6029
f 14647 14648 14649
v 471.4596 -943.8828 286.6085
v 473.0604 -938.9697 283.0972
v 471.4593 -943.8824 283.0966
f 14650 14651 14652
v 471.4596 -943.8828 286.6085
v 473.0611 -938.9706 290.7510
v 473.8403 -936.5804 288.6053
f 14653 14654 14655
v 473.8398 -936.5798 283.0975
v 473.0604 -938.9697 283.0972
v 473.8403 -936.5804 288.6053
f 14656 14657 14658
v 473.8403 -936.5804 288.6053
v 473.0604 -938.9697 283.0972
v 471.4596 -943.8828 286.6085
f 14659 14660 14661
v 473.0611 -938.9706 290.7510
v 471.4596 -943.8828 286.6085
v 471.4597 -943.8829 288.4294
f 14662 14663 14664
v 478.2862 -943.7656 291.2808
v 480.8106 -944.5847 285.9317
v 480.8111 -944.5854 291.2825
f 14665 14666 14667
v 478.2862 -943.7656 291.2808
v 474.9741 -942.6907 291.2782
v 474.9734 -942.6897 282.7226
f 14668 14669 14670
v 482.3335 -934.7136 291.6358
v 478.0251 -933.3127 289.4115
v 478.0253 -933.3131 291.6414
f 14671 14672 14673
v 482.3335 -934.7136 291.6358
v 483.8641 -935.2116 291.6336
v 483.8640 -935.2114 289.4037
f 14674 14675 14676
v 482.3335 -934.7136 291.6358
v 483.8640 -935.2114 289.4037
v 483.8636 -935.2111 286.0598
f 14677 14678 14679
v 472.3190 -944.1623 288.4303
v 474.1359 -944.7515 283.0963
v 474.1364 -944.7522 288.4311
f 14680 14681 14682
v 474.6259 -943.2478 283.0964
v 474.1364 -944.7522 288.4311
v 474.1359 -944.7515 283.0963
f 14683 14684 14685
v 474.6259 -943.2478 283.0964
v 474.0455 -943.0592 282.7226
v 474.7758 -943.2972 282.7225
f 14686 14687 14688

g building_ID_C816E027-49A5-4DE9-913C-FE70EE48A653
v 471.1113 -935.6924 283.0979
v 473.8398 -936.5798 283.0975
v 473.0604 -938.9697 283.0972
f 14689 14690 14691
v 473.0604 -938.9697 283.0972
v 469.2197 -941.4834 283.0971
v 471.1113 -935.6924 283.0979
f 14692 14693 14694
v 468.5838 -942.9466 283.0969
v 469.0769 -941.4369 283.0971
v 469.2197 -941.4834 283.0971
f 14695 14696 14697
v 469.2197 -941.4834 283.0971
v 473.0604 -938.9697 283.0972
v 471.4593 -943.8824 283.0966
f 14698 14699 14700
v 469.2197 -941.4834 283.0971
v 471.4593 -943.8824 283.0966
v 468.5838 -942.9466 283.0969
f 14701 14702 14703
v 468.5843 -942.9473 288.4287
v 470.3327 -943.5160 288.4295
v 469.2203 -941.4840 289.1429
f 14704 14705 14706
v 470.3327 -943.5160 288.4295
v 473.0611 -938.9706 290.7510
v 469.2203 -941.4840 289.1429
f 14707 14708 14709
v 469.2203 -941.4840 289.1429
v 469.0774 -941.4377 289.1429
v 468.5843 -942.9473 288.4287
f 14710 14711 14712
v 473.0611 -938.9706 290.7510
v 470.3325 -938.0803 290.7513
v 469.2203 -941.4840 289.1429
f 14713 14714 14715
v 473.0611 -938.9706 290.7510
v 470.3327 -943.5160 288.4295
v 471.4597 -943.8829 288.4294
f 14716 14717 14718
v 473.0611 -938.9706 290.7510
v 471.1117 -935.6931 288.6086
v 470.3325 -938.0803 290.7513
f 14719 14720 14721
v 471.1117 -935.6931 288.6086
v 473.0611 -938.9706 290.7510
v 473.8403 -936.5804 288.6053
f 14722 14723 14724
v 471.4596 -943.8828 287.0965
v 471.4597 -943.8829 288.4294
v 470.3327 -943.5160 288.4295
f 14725 14726 14727
v 469.2725 -940.8364 282.7603
v 466.5416 -929.5762 282.7621
v 470.9653 -935.6450 282.7609
f 14728 14729 14730
v 469.2725 -940.8364 282.7603
v 469.2197 -941.4833 282.7602
v 469.0768 -941.4369 282.7602
f 14731 14732 14733
v 471.1112 -935.6924 282.7609
v 469.2197 -941.4833 282.7602
v 469.2725 -940.8364 282.7603
f 14734 14735 14736
v 470.9653 -935.6450 282.7609
v 471.1112 -935.6924 282.7609
v 469.2725 -940.8364 282.7603
f 14737 14738 14739
v 465.5042 -932.7554 282.7618
v 469.2725 -940.8364 282.7603
v 463.4835 -938.9520 282.7610
f 14740 14741 14742
v 471.2920 -934.6449 282.7611
v 466.5416 -929.5762 282.7621
v 472.3285 -931.4648 282.7614
f 14743 14744 14745
v 470.9653 -935.6450 282.7609
v 466.5416 -929.5762 282.7621
v 471.2920 -934.6449 282.7611
f 14746 14747 14748
v 466.5416 -929.5762 282.7621
v 469.2725 -940.8364 282.7603
v 465.5042 -932.7554 282.7618
f 14749 14750 14751
v 469.0202 -930.3859 291.2325
v 465.5051 -932.7568 294.7333
v 471.2931 -934.6464 294.7326
f 14752 14753 14754
v 471.2931 -934.6464 294.7326
v 472.3292 -931.4658 291.2321
v 469.0202 -930.3859 291.2325
f 14755 14756 14757
v 465.5051 -932.7568 294.7333
v 469.0202 -930.3859 291.2325
v 466.5423 -929.5773 291.2328
f 14758 14759 14760
v 465.5051 -932.7568 294.7333
v 466.3828 -939.8968 291.7922
v 470.9663 -935.6464 294.2574
f 14761 14762 14763
v 465.5051 -932.7568 294.7333
v 470.9663 -935.6464 294.2574
v 471.2931 -934.6464 294.7326
f 14764 14765 14766
v 469.2732 -940.8375 291.7929
v 471.1122 -935.6938 294.2574
v 470.9663 -935.6464 294.2574
f 14767 14768 14769
v 471.1122 -935.6938 294.2574
v 469.2732 -940.8375 291.7929
v 469.2204 -941.4844 291.5078
f 14770 14771 14772
v 466.3828 -939.8968 291.7922
v 465.5051 -932.7568 294.7333
v 463.4843 -938.9531 291.7916
f 14773 14774 14775
v 470.9663 -935.6464 294.2574
v 466.3828 -939.8968 291.7922
v 469.2732 -940.8375 291.7929
f 14776 14777 14778
v 469.2732 -940.8375 291.7929
v 469.0776 -941.4380 291.5078
v 469.2204 -941.4844 291.5078
f 14779 14780 14781
v 472.3292 -931.4658 291.2321
v 466.5420 -929.5767 286.9959
v 466.5422 -929.5770 289.1048
f 14782 14783 14784
v 466.5422 -929.5770 289.1048
v 469.0202 -930.3859 291.2325
v 472.3292 -931.4658 291.2321
f 14785 14786 14787
v 469.2729 -940.8371 287.8411
v 466.3828 -939.8968 291.7922
v 469.2725 -940.8364 282.7603
f 14788 14789 14790
v 463.4839 -938.9525 287.2758
v 466.3828 -939.8968 291.7922
v 463.4841 -938.9527 289.5337
f 14791 14792 14793
v 469.2725 -940.8364 282.7603
v 466.3828 -939.8968 291.7922
v 463.4835 -938.9520 282.7610
f 14794 14795 14796
v 463.4839 -938.9525 287.2758
v 463.4835 -938.9520 282.7610
v 466.3828 -939.8968 291.7922
f 14797 14798 14799
v 469.2203 -941.4840 289.1429
v 469.2204 -941.4844 291.5078
v 469.0776 -941.4380 291.5078
f 14800 14801 14802
v 469.2197 -941.4833 282.7602
v 469.2197 -941.4834 283.0971
v 469.0768 -941.4369 282.7602
f 14803 14804 14805
v 470.3325 -938.0803 290.7513
v 471.1117 -935.6931 288.6086
v 471.1122 -935.6938 294.2574
f 14806 14807 14808
v 469.2203 -941.4840 289.1429
v 470.3325 -938.0803 290.7513
v 469.2204 -941.4844 291.5078
f 14809 14810 14811
v 471.1122 -935.6938 294.2574
v 469.2204 -941.4844 291.5078
v 470.3325 -938.0803 290.7513
f 14812 14813 14814
v 469.2197 -941.4833 282.7602
v 471.1112 -935.6924 282.7609
v 471.1113 -935.6924 283.0979
f 14815 14816 14817
v 471.1113 -935.6924 283.0979
v 469.2197 -941.4834 283.0971
v 469.2197 -941.4833 282.7602
f 14818 14819 14820
v 471.4593 -943.8824 283.0966
v 473.0604 -938.9697 283.0972
v 473.8403 -936.5804 288.6053
f 14821 14822 14823
v 473.8403 -936.5804 288.6053
v 473.0604 -938.9697 283.0972
v 473.8398 -936.5798 283.0975
f 14824 14825 14826
v 471.4596 -943.8828 287.0965
v 473.8403 -936.5804 288.6053
v 473.0611 -938.9706 290.7510
f 14827 14828 14829
v 471.4596 -943.8828 287.0965
v 471.4593 -943.8824 283.0966
v 473.8403 -936.5804 288.6053
f 14830 14831 14832
v 471.4597 -943.8829 288.4294
v 471.4596 -943.8828 287.0965
v 473.0611 -938.9706 290.7510
f 14833 14834 14835
v 470.9659 -935.6458 288.6086
v 470.9663 -935.6464 294.2574
v 471.1122 -935.6938 294.2574
f 14836 14837 14838
v 471.1113 -935.6924 283.0979
v 470.9653 -935.6450 282.7609
v 470.9659 -935.6458 288.6086
f 14839 14840 14841
v 471.1122 -935.6938 294.2574
v 471.1117 -935.6931 288.6086
v 470.9659 -935.6458 288.6086
f 14842 14843 14844
v 471.1113 -935.6924 283.0979
v 471.1117 -935.6931 288.6086
v 473.8403 -936.5804 288.6053
f 14845 14846 14847
v 473.8403 -936.5804 288.6053
v 473.8398 -936.5798 283.0975
v 471.1113 -935.6924 283.0979
f 14848 14849 14850
v 471.1113 -935.6924 283.0979
v 471.1112 -935.6924 282.7609
v 470.9653 -935.6450 282.7609
f 14851 14852 14853
v 471.1117 -935.6931 288.6086
v 471.1113 -935.6924 283.0979
v 470.9659 -935.6458 288.6086
f 14854 14855 14856
v 471.2920 -934.6449 282.7611
v 472.3285 -931.4648 282.7614
v 470.9659 -935.6458 288.6086
f 14857 14858 14859
v 470.9659 -935.6458 288.6086
v 470.9653 -935.6450 282.7609
v 471.2920 -934.6449 282.7611
f 14860 14861 14862
v 470.9663 -935.6464 294.2574
v 472.3292 -931.4658 291.2321
v 471.2931 -934.6464 294.7326
f 14863 14864 14865
v 472.3292 -931.4658 291.2321
v 470.9659 -935.6458 288.6086
v 472.3285 -931.4648 282.7614
f 14866 14867 14868
v 470.9663 -935.6464 294.2574
v 470.9659 -935.6458 288.6086
v 472.3292 -931.4658 291.2321
f 14869 14870 14871
v 463.4841 -938.9527 289.5337
v 463.4843 -938.9531 291.7916
v 465.5051 -932.7568 294.7333
f 14872 14873 14874
v 463.4841 -938.9527 289.5337
v 466.5422 -929.5770 289.1048
v 463.4839 -938.9525 287.2758
f 14875 14876 14877
v 465.5051 -932.7568 294.7333
v 466.5422 -929.5770 289.1048
v 463.4841 -938.9527 289.5337
f 14878 14879 14880
v 463.4839 -938.9525 287.2758
v 466.5420 -929.5767 286.9959
v 465.5042 -932.7554 282.7618
f 14881 14882 14883
v 466.5420 -929.5767 286.9959
v 463.4839 -938.9525 287.2758
v 466.5422 -929.5770 289.1048
f 14884 14885 14886
v 463.4839 -938.9525 287.2758
v 465.5042 -932.7554 282.7618
v 463.4835 -938.9520 282.7610
f 14887 14888 14889
v 466.5416 -929.5762 282.7621
v 465.5042 -932.7554 282.7618
v 466.5420 -929.5767 286.9959
f 14890 14891 14892
v 466.5423 -929.5773 291.2328
v 466.5422 -929.5770 289.1048
v 465.5051 -932.7568 294.7333
f 14893 14894 14895
v 468.5838 -942.9466 283.0969
v 469.2729 -940.8371 287.8411
v 469.0769 -941.4369 283.0971
f 14896 14897 14898
v 469.0768 -941.4369 282.7602
v 469.0769 -941.4369 283.0971
v 469.2725 -940.8364 282.7603
f 14899 14900 14901
v 469.0769 -941.4369 283.0971
v 469.2729 -940.8371 287.8411
v 469.2725 -940.8364 282.7603
f 14902 14903 14904
v 469.2729 -940.8371 287.8411
v 468.5838 -942.9466 283.0969
v 468.5843 -942.9473 288.4287
f 14905 14906 14907
v 469.2732 -940.8375 291.7929
v 469.2729 -940.8371 287.8411
v 469.0776 -941.4380 291.5078
f 14908 14909 14910
v 469.0774 -941.4377 289.1429
v 469.0776 -941.4380 291.5078
v 469.2729 -940.8371 287.8411
f 14911 14912 14913
v 469.0774 -941.4377 289.1429
v 469.2729 -940.8371 287.8411
v 468.5843 -942.9473 288.4287
f 14914 14915 14916
v 470.3327 -943.5160 288.4295
v 471.4593 -943.8824 283.0966
v 471.4596 -943.8828 287.0965
f 14917 14918 14919
v 470.3327 -943.5160 288.4295
v 468.5843 -942.9473 288.4287
v 468.5838 -942.9466 283.0969
f 14920 14921 14922
v 468.5838 -942.9466 283.0969
v 471.4593 -943.8824 283.0966
v 470.3327 -943.5160 288.4295
f 14923 14924 14925
v 466.5416 -929.5762 282.7621
v 466.5420 -929.5767 286.9959
v 472.3292 -931.4658 291.2321
f 14926 14927 14928
v 466.5423 -929.5773 291.2328
v 469.0202 -930.3859 291.2325
v 466.5422 -929.5770 289.1048
f 14929 14930 14931
v 466.5416 -929.5762 282.7621
v 472.3292 -931.4658 291.2321
v 472.3285 -931.4648 282.7614
f 14932 14933 14934
v 469.2729 -940.8371 287.8411
v 469.2732 -940.8375 291.7929
v 466.3828 -939.8968 291.7922
f 14935 14936 14937
v 466.3828 -939.8968 291.7922
v 463.4843 -938.9531 291.7916
v 463.4841 -938.9527 289.5337
f 14938 14939 14940
v 469.2203 -941.4840 289.1429
v 469.0776 -941.4380 291.5078
v 469.0774 -941.4377 289.1429
f 14941 14942 14943
v 469.2197 -941.4834 283.0971
v 469.0769 -941.4369 283.0971
v 469.0768 -941.4369 282.7602
f 14944 14945 14946

g building_ID_F6588E97-654F-45D0-A006-EB0A98FA7F3C
v 454.2147 -937.8282 282.9928
v 454.0796 -938.2258 282.9928
v 453.9657 -938.1874 282.9928
f 14947 14948 14949
v 456.7933 -936.0850 282.9929
v 455.9961 -938.4329 282.9926
v 454.2147 -937.8282 282.9928
f 14950 14951 14952
v 454.2147 -937.8282 282.9928
v 453.9657 -938.1874 282.9928
v 456.4362 -930.9121 282.9937
f 14953 14954 14955
v 456.4362 -930.9121 282.9937
v 456.7933 -936.0850 282.9929
v 454.2147 -937.8282 282.9928
f 14956 14957 14958
v 458.6712 -931.6401 282.9934
v 457.1780 -936.2161 282.9929
v 456.7933 -936.0850 282.9929
f 14959 14960 14961
v 456.4362 -930.9121 282.9937
v 458.6712 -931.6401 282.9934
v 456.7933 -936.0850 282.9929
f 14962 14963 14964
v 456.7939 -936.0859 289.7166
v 455.6325 -933.2819 290.7531
v 454.2151 -937.8288 288.6136
f 14965 14966 14967
v 454.2151 -937.8288 288.6136
v 455.6325 -933.2819 290.7531
v 453.9662 -938.1881 288.4256
f 14968 14969 14970
v 457.1785 -936.2170 289.7146
v 457.8955 -934.0200 290.7528
v 456.7939 -936.0859 289.7166
f 14971 14972 14973
v 455.6325 -933.2819 290.7531
v 456.7939 -936.0859 289.7166
v 457.8955 -934.0200 290.7528
f 14974 14975 14976
v 454.2151 -937.8288 288.6136
v 455.9965 -938.4336 288.6034
v 456.7939 -936.0859 289.7166
f 14977 14978 14979
v 454.0800 -938.2265 288.4256
v 454.2151 -937.8288 288.6136
v 453.9662 -938.1881 288.4256
f 14980 14981 14982
v 455.9965 -938.4336 288.6034
v 454.2147 -937.8282 282.9928
v 455.9961 -938.4329 282.9926
f 14983 14984 14985
v 455.9961 -938.4329 282.9926
v 456.7933 -936.0850 282.9929
v 455.9965 -938.4336 288.6034
f 14986 14987 14988
v 453.9662 -938.1881 288.4256
v 454.0796 -938.2258 282.9928
v 454.0800 -938.2265 288.4256
f 14989 14990 14991
v 454.0796 -938.2258 282.9928
v 453.9662 -938.1881 288.4256
v 453.9657 -938.1874 282.9928
f 14992 14993 14994
v 459.6733 -930.8528 282.7625
v 460.7108 -927.6716 282.7628
v 466.5416 -929.5762 282.7621
f 14995 14996 14997
v 459.3446 -931.8600 282.7623
v 459.6733 -930.8528 282.7625
v 466.5416 -929.5762 282.7621
f 14998 14999 15000
v 466.5416 -929.5762 282.7621
v 465.5042 -932.7554 282.7618
v 460.9308 -938.1212 282.7613
f 15001 15002 15003
v 466.5416 -929.5762 282.7621
v 460.9308 -938.1212 282.7613
v 459.3446 -931.8600 282.7623
f 15004 15005 15006
v 458.6712 -931.6401 282.7624
v 459.3446 -931.8600 282.7623
v 457.1780 -936.2161 282.7619
f 15007 15008 15009
v 457.8544 -936.4458 282.7618
v 457.1780 -936.2161 282.7619
v 459.3446 -931.8600 282.7623
f 15010 15011 15012
v 460.9308 -938.1212 282.7613
v 457.6487 -937.0524 282.7617
v 457.8544 -936.4458 282.7618
f 15013 15014 15015
v 457.8544 -936.4458 282.7618
v 459.3446 -931.8600 282.7623
v 460.9308 -938.1212 282.7613
f 15016 15017 15018
v 463.4835 -938.9520 282.7610
v 460.9308 -938.1212 282.7613
v 465.5042 -932.7554 282.7618
f 15019 15020 15021
v 463.5500 -928.6002 291.2332
v 465.5051 -932.7568 294.7333
v 466.5423 -929.5773 291.2328
f 15022 15023 15024
v 459.6743 -930.8542 294.7340
v 463.5500 -928.6002 291.2332
v 460.7115 -927.6726 291.2325
f 15025 15026 15027
v 465.5051 -932.7568 294.7333
v 463.5500 -928.6002 291.2332
v 459.6743 -930.8542 294.7340
f 15028 15029 15030
v 457.6494 -937.0535 291.7903
v 462.0256 -938.4782 291.7908
v 457.8551 -936.4470 292.0794
f 15031 15032 15033
v 465.5051 -932.7568 294.7333
v 462.0256 -938.4782 291.7908
v 463.4843 -938.9531 291.7916
f 15034 15035 15036
v 459.3455 -931.8613 294.2559
v 462.0256 -938.4782 291.7908
v 465.5051 -932.7568 294.7333
f 15037 15038 15039
v 457.8551 -936.4470 292.0794
v 462.0256 -938.4782 291.7908
v 459.3455 -931.8613 294.2559
f 15040 15041 15042
v 458.6722 -931.6415 294.2560
v 457.1787 -936.2172 292.0825
v 459.3455 -931.8613 294.2559
f 15043 15044 15045
v 457.8551 -936.4470 292.0794
v 459.3455 -931.8613 294.2559
v 457.1787 -936.2172 292.0825
f 15046 15047 15048
v 459.6743 -930.8542 294.7340
v 459.3455 -931.8613 294.2559
v 465.5051 -932.7568 294.7333
f 15049 15050 15051
v 466.5420 -929.5767 286.9989
v 463.5500 -928.6002 291.2332
v 466.5422 -929.5770 289.1138
f 15052 15053 15054
v 463.5500 -928.6002 291.2332
v 466.5416 -929.5762 282.7621
v 460.7108 -927.6716 282.7628
f 15055 15056 15057
v 466.5416 -929.5762 282.7621
v 463.5500 -928.6002 291.2332
v 466.5420 -929.5767 286.9989
f 15058 15059 15060
v 457.6487 -937.0524 282.7617
v 463.4839 -938.9525 287.2768
v 462.0256 -938.4782 291.7908
f 15061 15062 15063
v 463.4841 -938.9527 289.5337
v 463.4843 -938.9531 291.7916
v 462.0256 -938.4782 291.7908
f 15064 15065 15066
v 460.9308 -938.1212 282.7613
v 463.4835 -938.9520 282.7610
v 463.4839 -938.9525 287.2768
f 15067 15068 15069
v 457.6487 -937.0524 282.7617
v 460.9308 -938.1212 282.7613
v 463.4839 -938.9525 287.2768
f 15070 15071 15072
v 462.0256 -938.4782 291.7908
v 457.6494 -937.0535 291.7903
v 457.6487 -937.0524 282.7617
f 15073 15074 15075
v 457.8551 -936.4470 292.0794
v 457.8546 -936.4463 286.2556
v 457.6494 -937.0535 291.7903
f 15076 15077 15078
v 457.8544 -936.4458 282.7618
v 457.6494 -937.0535 291.7903
v 457.8546 -936.4463 286.2556
f 15079 15080 15081
v 457.6487 -937.0524 282.7617
v 457.6494 -937.0535 291.7903
v 457.8544 -936.4458 282.7618
f 15082 15083 15084
v 458.6712 -931.6401 282.9934
v 457.1780 -936.2161 282.7619
v 457.1780 -936.2161 282.9929
f 15085 15086 15087
v 457.1780 -936.2161 282.7619
v 458.6712 -931.6401 282.9934
v 458.6712 -931.6401 282.7624
f 15088 15089 15090
v 457.1785 -936.2170 289.7146
v 457.1787 -936.2172 292.0825
v 457.8955 -934.0200 290.7528
f 15091 15092 15093
v 458.6722 -931.6415 294.2560
v 457.8955 -934.0200 290.7528
v 457.1787 -936.2172 292.0825
f 15094 15095 15096
v 457.8955 -934.0200 290.7528
v 458.6722 -931.6415 294.2560
v 458.6717 -931.6408 288.6172
f 15097 15098 15099
v 458.6717 -931.6408 288.6172
v 455.6325 -933.2819 290.7531
v 457.8955 -934.0200 290.7528
f 15100 15101 15102
v 456.4367 -930.9128 288.6185
v 455.6325 -933.2819 290.7531
v 458.6717 -931.6408 288.6172
f 15103 15104 15105
v 453.9662 -938.1881 288.4256
v 455.6325 -933.2819 290.7531
v 453.9657 -938.1874 282.9928
f 15106 15107 15108
v 456.4362 -930.9121 282.9937
v 453.9657 -938.1874 282.9928
v 456.4367 -930.9128 288.6185
f 15109 15110 15111
v 455.6325 -933.2819 290.7531
v 456.4367 -930.9128 288.6185
v 453.9657 -938.1874 282.9928
f 15112 15113 15114
v 459.3455 -931.8613 294.2559
v 459.6743 -930.8542 294.7340
v 460.7115 -927.6726 291.2325
f 15115 15116 15117
v 459.3455 -931.8613 294.2559
v 460.7115 -927.6726 291.2325
v 459.3451 -931.8606 288.6161
f 15118 15119 15120
v 460.7112 -927.6721 286.9966
v 459.3451 -931.8606 288.6161
v 460.7115 -927.6726 291.2325
f 15121 15122 15123
v 459.6733 -930.8528 282.7625
v 460.7112 -927.6721 286.9966
v 460.7108 -927.6716 282.7628
f 15124 15125 15126
v 459.6733 -930.8528 282.7625
v 459.3446 -931.8600 282.7623
v 459.3451 -931.8606 288.6161
f 15127 15128 15129
v 460.7112 -927.6721 286.9966
v 459.6733 -930.8528 282.7625
v 459.3451 -931.8606 288.6161
f 15130 15131 15132
v 466.5420 -929.5767 286.9989
v 463.4839 -938.9525 287.2768
v 465.5042 -932.7554 282.7618
f 15133 15134 15135
v 466.5420 -929.5767 286.9989
v 466.5422 -929.5770 289.1138
v 463.4839 -938.9525 287.2768
f 15136 15137 15138
v 465.5042 -932.7554 282.7618
v 466.5416 -929.5762 282.7621
v 466.5420 -929.5767 286.9989
f 15139 15140 15141
v 465.5051 -932.7568 294.7333
v 466.5422 -929.5770 289.1138
v 466.5423 -929.5773 291.2328
f 15142 15143 15144
v 463.4841 -938.9527 289.5337
v 465.5051 -932.7568 294.7333
v 463.4843 -938.9531 291.7916
f 15145 15146 15147
v 466.5422 -929.5770 289.1138
v 463.4841 -938.9527 289.5337
v 463.4839 -938.9525 287.2768
f 15148 15149 15150
v 465.5042 -932.7554 282.7618
v 463.4839 -938.9525 287.2768
v 463.4835 -938.9520 282.7610
f 15151 15152 15153
v 466.5422 -929.5770 289.1138
v 465.5051 -932.7568 294.7333
v 463.4841 -938.9527 289.5337
f 15154 15155 15156
v 457.8546 -936.4463 286.2556
v 457.8551 -936.4470 292.0794
v 457.1785 -936.2170 289.7146
f 15157 15158 15159
v 457.1780 -936.2161 282.9929
v 457.8544 -936.4458 282.7618
v 457.8546 -936.4463 286.2556
f 15160 15161 15162
v 457.8544 -936.4458 282.7618
v 457.1780 -936.2161 282.9929
v 457.1780 -936.2161 282.7619
f 15163 15164 15165
v 456.7933 -936.0850 282.9929
v 457.1780 -936.2161 282.9929
v 457.8546 -936.4463 286.2556
f 15166 15167 15168
v 457.8551 -936.4470 292.0794
v 457.1787 -936.2172 292.0825
v 457.1785 -936.2170 289.7146
f 15169 15170 15171
v 456.7939 -936.0859 289.7166
v 456.7933 -936.0850 282.9929
v 457.8546 -936.4463 286.2556
f 15172 15173 15174
v 457.8546 -936.4463 286.2556
v 457.1785 -936.2170 289.7146
v 456.7939 -936.0859 289.7166
f 15175 15176 15177
v 459.3451 -931.8606 288.6161
v 458.6712 -931.6401 282.9934
v 458.6717 -931.6408 288.6172
f 15178 15179 15180
v 456.4367 -930.9128 288.6185
v 458.6717 -931.6408 288.6172
v 456.4362 -930.9121 282.9937
f 15181 15182 15183
v 458.6712 -931.6401 282.9934
v 456.4362 -930.9121 282.9937
v 458.6717 -931.6408 288.6172
f 15184 15185 15186
v 459.3455 -931.8613 294.2559
v 458.6717 -931.6408 288.6172
v 458.6722 -931.6415 294.2560
f 15187 15188 15189
v 459.3451 -931.8606 288.6161
v 459.3446 -931.8600 282.7623
v 458.6712 -931.6401 282.9934
f 15190 15191 15192
v 459.3446 -931.8600 282.7623
v 458.6712 -931.6401 282.7624
v 458.6712 -931.6401 282.9934
f 15193 15194 15195
v 459.3455 -931.8613 294.2559
v 459.3451 -931.8606 288.6161
v 458.6717 -931.6408 288.6172
f 15196 15197 15198
v 455.9965 -938.4336 288.6034
v 454.2151 -937.8288 288.6136
v 454.2147 -937.8282 282.9928
f 15199 15200 15201
v 456.7939 -936.0859 289.7166
v 455.9965 -938.4336 288.6034
v 456.7933 -936.0850 282.9929
f 15202 15203 15204
v 454.2147 -937.8282 282.9928
v 454.2151 -937.8288 288.6136
v 454.0796 -938.2258 282.9928
f 15205 15206 15207
v 454.0800 -938.2265 288.4256
v 454.0796 -938.2258 282.9928
v 454.2151 -937.8288 288.6136
f 15208 15209 15210
v 463.5500 -928.6002 291.2332
v 460.7112 -927.6721 286.9966
v 460.7115 -927.6726 291.2325
f 15211 15212 15213
v 460.7112 -927.6721 286.9966
v 463.5500 -928.6002 291.2332
v 460.7108 -927.6716 282.7628
f 15214 15215 15216
v 463.5500 -928.6002 291.2332
v 466.5423 -929.5773 291.2328
v 466.5422 -929.5770 289.1138
f 15217 15218 15219
v 462.0256 -938.4782 291.7908
v 463.4839 -938.9525 287.2768
v 463.4841 -938.9527 289.5337
f 15220 15221 15222

g building_ID_23A0BC70-5284-4DA0-9BE7-E804346AED55
v 425.6156 -913.3015 281.7335
v 424.5186 -916.6276 281.7331
v 421.6732 -915.6910 281.7334
f 15223 15224 15225
v 426.4486 -917.3738 281.7328
v 424.4793 -916.7475 281.7330
v 424.5186 -916.6276 281.7331
f 15226 15227 15228
v 426.4486 -917.3738 281.7328
v 424.5186 -916.6276 281.7331
v 427.5439 -913.9347 281.7332
f 15229 15230 15231
v 425.6156 -913.3015 281.7335
v 427.5439 -913.9347 281.7332
v 424.5186 -916.6276 281.7331
f 15232 15233 15234
v 425.6156 -913.3015 281.7335
v 421.6732 -915.6910 281.7334
v 423.4880 -910.1769 281.7340
f 15235 15236 15237
v 425.6156 -913.3015 281.7335
v 423.4880 -910.1769 281.7340
v 425.6450 -912.7586 281.7335
f 15238 15239 15240
v 425.6156 -913.3015 281.7335
v 425.6450 -912.7586 281.7335
v 425.7799 -912.8021 281.7335
f 15241 15242 15243
v 425.6450 -912.7586 281.7335
v 423.4880 -910.1769 281.7340
v 426.1986 -911.0692 281.7337
f 15244 15245 15246
v 423.4884 -910.1776 287.1598
v 421.6737 -915.6917 287.3372
v 424.8442 -910.6242 287.1597
f 15247 15248 15249
v 424.8442 -910.6242 287.1597
v 425.6455 -912.7593 287.2143
v 426.1990 -911.0698 287.1605
f 15250 15251 15252
v 421.6737 -915.6917 287.3372
v 425.6455 -912.7593 287.2143
v 424.8442 -910.6242 287.1597
f 15253 15254 15255
v 425.6455 -912.7593 287.2143
v 421.6737 -915.6917 287.3372
v 424.4726 -916.4432 287.3329
f 15256 15257 15258
v 424.4232 -916.5970 287.3379
v 424.4726 -916.4432 287.3329
v 421.6737 -915.6917 287.3372
f 15259 15260 15261
v 426.1986 -911.0692 281.7337
v 426.1990 -911.0698 287.1605
v 425.6455 -912.7593 287.2143
f 15262 15263 15264
v 425.6455 -912.7593 287.2143
v 425.6450 -912.7586 281.7335
v 426.1986 -911.0692 281.7337
f 15265 15266 15267
v 426.1990 -911.0698 287.1605
v 423.4880 -910.1769 281.7340
v 424.8442 -910.6242 287.1597
f 15268 15269 15270
v 421.6732 -915.6910 281.7334
v 421.6737 -915.6917 287.3372
v 423.4884 -910.1776 287.1598
f 15271 15272 15273
v 426.4486 -917.3738 281.7328
v 426.4487 -917.3738 282.0548
v 424.4793 -916.7475 281.7330
f 15274 15275 15276
v 427.5439 -913.9347 281.7332
v 427.5439 -913.9347 282.0552
v 426.4486 -917.3738 281.7328
f 15277 15278 15279
v 424.5196 -916.6291 294.0956
v 424.4731 -916.4440 294.1686
v 424.4237 -916.5978 294.0956
f 15280 15281 15282
v 426.1753 -923.3901 291.4146
v 424.5196 -916.6291 294.0956
v 422.6714 -922.2377 291.4310
f 15283 15284 15285
v 430.4580 -918.3490 294.1679
v 424.5196 -916.6291 294.0956
v 426.1753 -923.3901 291.4146
f 15286 15287 15288
v 430.4580 -918.3490 294.1679
v 424.4731 -916.4440 294.1686
v 424.5196 -916.6291 294.0956
f 15289 15290 15291
v 428.5422 -924.1685 291.4033
v 430.4580 -918.3490 294.1679
v 426.1753 -923.3901 291.4146
f 15292 15293 15294
v 425.9470 -923.8814 291.1715
v 426.1753 -923.3901 291.4146
v 422.6714 -922.2377 291.4310
f 15295 15296 15297
v 422.3437 -923.2088 290.9688
v 422.0162 -924.1808 290.5057
v 425.4991 -925.2892 290.5053
f 15298 15299 15300
v 425.4991 -925.2892 290.5053
v 425.9470 -923.8814 291.1715
v 422.3437 -923.2088 290.9688
f 15301 15302 15303
v 425.9470 -923.8814 291.1715
v 426.0069 -923.9007 291.1715
v 426.1753 -923.3901 291.4146
f 15304 15305 15306
v 422.3437 -923.2088 290.9688
v 425.9470 -923.8814 291.1715
v 422.6714 -922.2377 291.4310
f 15307 15308 15309
v 425.6458 -912.7598 290.5652
v 424.4731 -916.4440 294.1686
v 425.6163 -913.3026 291.0561
f 15310 15311 15312
v 430.4580 -918.3490 294.1679
v 425.6163 -913.3026 291.0561
v 424.4731 -916.4440 294.1686
f 15313 15314 15315
v 425.7807 -912.8031 290.5652
v 425.6458 -912.7598 290.5652
v 425.6163 -913.3026 291.0561
f 15316 15317 15318
v 430.4580 -918.3490 294.1679
v 431.4841 -915.2304 291.1084
v 425.6163 -913.3026 291.0561
f 15319 15320 15321
v 422.6707 -922.2366 282.0544
v 422.3437 -923.2088 290.9688
v 422.6714 -922.2377 291.4310
f 15322 15323 15324
v 425.4985 -925.2882 282.0536
v 425.4991 -925.2892 290.5053
v 422.0155 -924.1798 282.0540
f 15325 15326 15327
v 425.9463 -923.8803 282.0538
v 425.9470 -923.8814 291.1715
v 425.4991 -925.2892 290.5053
f 15328 15329 15330
v 425.9470 -923.8814 291.1715
v 426.0062 -923.8996 282.0538
v 426.0069 -923.9007 291.1715
f 15331 15332 15333
v 425.9470 -923.8814 291.1715
v 425.9463 -923.8803 282.0538
v 426.0062 -923.8996 282.0538
f 15334 15335 15336
v 426.0069 -923.9007 291.1715
v 426.0062 -923.8996 282.0538
v 426.1746 -923.3890 282.0539
f 15337 15338 15339
v 428.5415 -924.1673 282.0536
v 426.1753 -923.3901 291.4146
v 426.1746 -923.3890 282.0539
f 15340 15341 15342
v 426.1746 -923.3890 282.0539
v 425.9463 -923.8803 282.0538
v 426.4487 -917.3738 282.0548
f 15343 15344 15345
v 422.6707 -922.2366 282.0544
v 424.4794 -916.7475 282.0550
v 426.4487 -917.3738 282.0548
f 15346 15347 15348
v 422.6707 -922.2366 282.0544
v 425.4985 -925.2882 282.0536
v 422.0155 -924.1798 282.0540
f 15349 15350 15351
v 425.9463 -923.8803 282.0538
v 422.6707 -922.2366 282.0544
v 426.4487 -917.3738 282.0548
f 15352 15353 15354
v 425.9463 -923.8803 282.0538
v 425.4985 -925.2882 282.0536
v 422.6707 -922.2366 282.0544
f 15355 15356 15357
v 431.4834 -915.2293 282.0548
v 426.4487 -917.3738 282.0548
v 427.5439 -913.9347 282.0552
f 15358 15359 15360
v 426.1746 -923.3890 282.0539
v 426.4487 -917.3738 282.0548
v 431.4834 -915.2293 282.0548
f 15361 15362 15363
v 428.5415 -924.1673 282.0536
v 426.1746 -923.3890 282.0539
v 431.4834 -915.2293 282.0548
f 15364 15365 15366
v 426.1746 -923.3890 282.0539
v 426.0062 -923.8996 282.0538
v 425.9463 -923.8803 282.0538
f 15367 15368 15369
v 431.4841 -915.2304 291.1084
v 425.6156 -913.3015 281.7335
v 425.6163 -913.3026 291.0561
f 15370 15371 15372
v 431.4834 -915.2293 282.0548
v 427.5439 -913.9347 282.0552
v 431.4841 -915.2304 291.1084
f 15373 15374 15375
v 425.6156 -913.3015 281.7335
v 431.4841 -915.2304 291.1084
v 427.5439 -913.9347 282.0552
f 15376 15377 15378
v 425.6156 -913.3015 281.7335
v 427.5439 -913.9347 282.0552
v 427.5439 -913.9347 281.7332
f 15379 15380 15381
v 425.7807 -912.8031 290.5652
v 425.6156 -913.3015 281.7335
v 425.7799 -912.8021 281.7335
f 15382 15383 15384
v 425.7807 -912.8031 290.5652
v 425.6163 -913.3026 291.0561
v 425.6156 -913.3015 281.7335
f 15385 15386 15387
v 425.6455 -912.7593 287.2143
v 425.6458 -912.7598 290.5652
v 425.7807 -912.8031 290.5652
f 15388 15389 15390
v 425.6450 -912.7586 281.7335
v 425.6455 -912.7593 287.2143
v 425.7807 -912.8031 290.5652
f 15391 15392 15393
v 424.4794 -916.7475 282.0550
v 422.6707 -922.2366 282.0544
v 422.6714 -922.2377 291.4310
f 15394 15395 15396
v 422.6714 -922.2377 291.4310
v 424.5189 -916.6279 284.6970
v 424.4794 -916.7475 282.0550
f 15397 15398 15399
v 424.4794 -916.7475 282.0550
v 424.5189 -916.6279 284.6970
v 424.4793 -916.7475 281.7330
f 15400 15401 15402
v 424.5186 -916.6276 281.7331
v 424.4793 -916.7475 281.7330
v 424.5189 -916.6279 284.6970
f 15403 15404 15405
v 424.5196 -916.6291 294.0956
v 424.5189 -916.6279 284.6970
v 422.6714 -922.2377 291.4310
f 15406 15407 15408
v 428.5415 -924.1673 282.0536
v 431.4834 -915.2293 282.0548
v 431.4841 -915.2304 291.1084
f 15409 15410 15411
v 428.5422 -924.1685 291.4033
v 431.4841 -915.2304 291.1084
v 430.4580 -918.3490 294.1679
f 15412 15413 15414
v 428.5422 -924.1685 291.4033
v 428.5415 -924.1673 282.0536
v 431.4841 -915.2304 291.1084
f 15415 15416 15417
v 424.4232 -916.5970 287.3379
v 424.5189 -916.6279 284.6970
v 424.5196 -916.6291 294.0956
f 15418 15419 15420
v 421.6732 -915.6910 281.7334
v 424.5186 -916.6276 281.7331
v 424.5189 -916.6279 284.6970
f 15421 15422 15423
v 424.5196 -916.6291 294.0956
v 424.4237 -916.5978 294.0956
v 424.4232 -916.5970 287.3379
f 15424 15425 15426
v 424.4232 -916.5970 287.3379
v 421.6737 -915.6917 287.3372
v 421.6732 -915.6910 281.7334
f 15427 15428 15429
v 424.5189 -916.6279 284.6970
v 424.4232 -916.5970 287.3379
v 421.6732 -915.6910 281.7334
f 15430 15431 15432
v 424.4726 -916.4432 287.3329
v 424.4232 -916.5970 287.3379
v 424.4237 -916.5978 294.0956
f 15433 15434 15435
v 425.6458 -912.7598 290.5652
v 424.4726 -916.4432 287.3329
v 424.4237 -916.5978 294.0956
f 15436 15437 15438
v 424.4726 -916.4432 287.3329
v 425.6458 -912.7598 290.5652
v 425.6455 -912.7593 287.2143
f 15439 15440 15441
v 424.4731 -916.4440 294.1686
v 425.6458 -912.7598 290.5652
v 424.4237 -916.5978 294.0956
f 15442 15443 15444
v 423.4880 -910.1769 281.7340
v 423.4884 -910.1776 287.1598
v 424.8442 -910.6242 287.1597
f 15445 15446 15447
v 423.4880 -910.1769 281.7340
v 426.1990 -911.0698 287.1605
v 426.1986 -911.0692 281.7337
f 15448 15449 15450
v 421.6732 -915.6910 281.7334
v 423.4884 -910.1776 287.1598
v 423.4880 -910.1769 281.7340
f 15451 15452 15453
v 426.4487 -917.3738 282.0548
v 424.4794 -916.7475 282.0550
v 424.4793 -916.7475 281.7330
f 15454 15455 15456
v 427.5439 -913.9347 282.0552
v 426.4487 -917.3738 282.0548
v 426.4486 -917.3738 281.7328
f 15457 15458 15459
v 422.6707 -922.2366 282.0544
v 422.0162 -924.1808 290.5057
v 422.3437 -923.2088 290.9688
f 15460 15461 15462
v 422.6707 -922.2366 282.0544
v 422.0155 -924.1798 282.0540
v 422.0162 -924.1808 290.5057
f 15463 15464 15465
v 425.4991 -925.2892 290.5053
v 422.0162 -924.1808 290.5057
v 422.0155 -924.1798 282.0540
f 15466 15467 15468
v 425.9463 -923.8803 282.0538
v 425.4991 -925.2892 290.5053
v 425.4985 -925.2882 282.0536
f 15469 15470 15471
v 426.1753 -923.3901 291.4146
v 426.0069 -923.9007 291.1715
v 426.1746 -923.3890 282.0539
f 15472 15473 15474
v 426.1753 -923.3901 291.4146
v 428.5415 -924.1673 282.0536
v 428.5422 -924.1685 291.4033
f 15475 15476 15477
v 425.6450 -912.7586 281.7335
v 425.7807 -912.8031 290.5652
v 425.7799 -912.8021 281.7335
f 15478 15479 15480

g building_ID_2CD5F5E6-211B-487F-8116-219B73973679
v 436.2770 -920.1991 282.0536
v 431.4834 -915.2293 282.0548
v 437.2553 -917.1277 282.0540
f 15481 15482 15483
v 434.4043 -926.0950 282.0529
v 428.5415 -924.1673 282.0536
v 431.4834 -915.2293 282.0548
f 15484 15485 15486
v 431.4834 -915.2293 282.0548
v 436.2770 -920.1991 282.0536
v 434.4043 -926.0950 282.0529
f 15487 15488 15489
v 434.4050 -926.0961 291.3756
v 436.2780 -920.2006 294.1672
v 431.9332 -925.2835 291.3869
f 15490 15491 15492
v 428.5422 -924.1685 291.4033
v 431.9332 -925.2835 291.3869
v 430.4580 -918.3490 294.1679
f 15493 15494 15495
v 436.2780 -920.2006 294.1672
v 430.4580 -918.3490 294.1679
v 431.9332 -925.2835 291.3869
f 15496 15497 15498
v 434.9999 -916.3868 291.1420
v 431.4841 -915.2304 291.1084
v 430.4580 -918.3490 294.1679
f 15499 15500 15501
v 434.9999 -916.3868 291.1420
v 436.2780 -920.2006 294.1672
v 437.2560 -917.1288 291.1627
f 15502 15503 15504
v 430.4580 -918.3490 294.1679
v 436.2780 -920.2006 294.1672
v 434.9999 -916.3868 291.1420
f 15505 15506 15507
v 431.9332 -925.2835 291.3869
v 434.4043 -926.0950 282.0529
v 434.4046 -926.0955 286.7008
f 15508 15509 15510
v 434.4048 -926.0959 289.0377
v 434.4050 -926.0961 291.3756
v 431.9332 -925.2835 291.3869
f 15511 15512 15513
v 431.9332 -925.2835 291.3869
v 434.4046 -926.0955 286.7008
v 434.4048 -926.0959 289.0377
f 15514 15515 15516
v 428.5422 -924.1685 291.4033
v 434.4043 -926.0950 282.0529
v 431.9332 -925.2835 291.3869
f 15517 15518 15519
v 431.4841 -915.2304 291.1084
v 437.2553 -917.1277 282.0540
v 431.4834 -915.2293 282.0548
f 15520 15521 15522
v 437.2558 -917.1286 288.8858
v 437.2560 -917.1288 291.1627
v 436.2780 -920.2006 294.1672
f 15523 15524 15525
v 437.2558 -917.1286 288.8858
v 434.4046 -926.0955 286.7008
v 437.2556 -917.1283 286.6079
f 15526 15527 15528
v 437.2556 -917.1283 286.6079
v 436.2770 -920.1991 282.0536
v 437.2553 -917.1277 282.0540
f 15529 15530 15531
v 436.2780 -920.2006 294.1672
v 434.4048 -926.0959 289.0377
v 437.2558 -917.1286 288.8858
f 15532 15533 15534
v 437.2556 -917.1283 286.6079
v 434.4046 -926.0955 286.7008
v 436.2770 -920.1991 282.0536
f 15535 15536 15537
v 434.4046 -926.0955 286.7008
v 437.2558 -917.1286 288.8858
v 434.4048 -926.0959 289.0377
f 15538 15539 15540
v 434.4043 -926.0950 282.0529
v 436.2770 -920.1991 282.0536
v 434.4046 -926.0955 286.7008
f 15541 15542 15543
v 434.4050 -926.0961 291.3756
v 434.4048 -926.0959 289.0377
v 436.2780 -920.2006 294.1672
f 15544 15545 15546
v 431.4834 -915.2293 282.0548
v 428.5415 -924.1673 282.0536
v 428.5422 -924.1685 291.4033
f 15547 15548 15549
v 431.4834 -915.2293 282.0548
v 430.4580 -918.3490 294.1679
v 431.4841 -915.2304 291.1084
f 15550 15551 15552
v 430.4580 -918.3490 294.1679
v 431.4834 -915.2293 282.0548
v 428.5422 -924.1685 291.4033
f 15553 15554 15555
v 434.4043 -926.0950 282.0529
v 428.5422 -924.1685 291.4033
v 428.5415 -924.1673 282.0536
f 15556 15557 15558
v 437.2556 -917.1283 286.6079
v 431.4841 -915.2304 291.1084
v 434.9999 -916.3868 291.1420
f 15559 15560 15561
v 434.9999 -916.3868 291.1420
v 437.2560 -917.1288 291.1627
v 437.2558 -917.1286 288.8858
f 15562 15563 15564
v 434.9999 -916.3868 291.1420
v 437.2558 -917.1286 288.8858
v 437.2556 -917.1283 286.6079
f 15565 15566 15567
v 437.2553 -917.1277 282.0540
v 431.4841 -915.2304 291.1084
v 437.2556 -917.1283 286.6079
f 15568 15569 15570

g building_ID_B0C99F63-234A-4586-AF24-2B4B8A857D94
v 494.8891 -938.2532 282.8716
v 492.9926 -944.0640 282.8709
v 491.9799 -939.8703 282.8716
f 15571 15572 15573
v 492.9926 -944.0640 282.8709
v 491.1026 -942.1869 282.8714
v 491.2165 -942.2243 282.8713
f 15574 15575 15576
v 492.9926 -944.0640 282.8709
v 491.2165 -942.2243 282.8713
v 491.9799 -939.8703 282.8716
f 15577 15578 15579
v 494.8891 -938.2532 282.8716
v 491.9799 -939.8703 282.8716
v 492.7331 -937.5453 282.8719
f 15580 15581 15582
v 493.1924 -944.1275 282.8709
v 492.6500 -945.7881 282.8707
v 492.9926 -944.0640 282.8709
f 15583 15584 15585
v 491.1026 -942.1869 282.8714
v 492.9926 -944.0640 282.8709
v 492.6500 -945.7881 282.8707
f 15586 15587 15588
v 491.1026 -942.1869 282.8714
v 492.6500 -945.7881 282.8707
v 490.1921 -944.9935 282.8710
f 15589 15590 15591
v 491.2171 -942.2252 289.6861
v 494.1327 -940.5741 290.9381
v 491.9806 -939.8713 290.9383
f 15592 15593 15594
v 491.2171 -942.2252 289.6861
v 492.9931 -944.0648 289.0797
v 494.1327 -940.5741 290.9381
f 15595 15596 15597
v 492.6504 -945.7888 288.1955
v 491.2171 -942.2252 289.6861
v 491.1033 -942.1878 289.6862
f 15598 15599 15600
v 492.6504 -945.7888 288.1955
v 491.1033 -942.1878 289.6862
v 490.1926 -944.9941 288.1918
f 15601 15602 15603
v 492.6504 -945.7888 288.1955
v 493.1930 -944.1283 289.0797
v 492.9931 -944.0648 289.0797
f 15604 15605 15606
v 492.9931 -944.0648 289.0797
v 491.2171 -942.2252 289.6861
v 492.6504 -945.7888 288.1955
f 15607 15608 15609
v 494.8896 -938.2539 288.5664
v 492.7335 -937.5460 288.5637
v 491.9806 -939.8713 290.9383
f 15610 15611 15612
v 491.9806 -939.8713 290.9383
v 494.1327 -940.5741 290.9381
v 494.8896 -938.2539 288.5664
f 15613 15614 15615
v 491.2171 -942.2252 289.6861
v 491.1026 -942.1869 282.8714
v 491.1033 -942.1878 289.6862
f 15616 15617 15618
v 491.2165 -942.2243 282.8713
v 491.1026 -942.1869 282.8714
v 491.2169 -942.2248 287.3532
f 15619 15620 15621
v 491.1026 -942.1869 282.8714
v 490.1926 -944.9941 288.1918
v 491.1033 -942.1878 289.6862
f 15622 15623 15624
v 490.1926 -944.9941 288.1918
v 492.6500 -945.7881 282.8707
v 492.6504 -945.7888 288.1955
f 15625 15626 15627
v 490.1926 -944.9941 288.1918
v 490.1921 -944.9935 282.8710
v 492.6500 -945.7881 282.8707
f 15628 15629 15630
v 493.1924 -944.1275 282.8709
v 493.1930 -944.1283 289.0797
v 492.6500 -945.7881 282.8707
f 15631 15632 15633
v 493.1930 -944.1283 289.0797
v 492.6504 -945.7888 288.1955
v 492.6500 -945.7881 282.8707
f 15634 15635 15636
v 495.5396 -938.4669 282.6666
v 495.8551 -937.5008 282.6667
v 502.7236 -936.1842 282.6663
f 15637 15638 15639
v 495.8551 -937.5008 282.6667
v 496.9058 -934.2805 282.6672
v 502.7236 -936.1842 282.6663
f 15640 15641 15642
v 501.6730 -939.3993 282.6659
v 495.5396 -938.4669 282.6666
v 502.7236 -936.1842 282.6663
f 15643 15644 15645
v 495.5396 -938.4669 282.6666
v 499.6625 -945.5529 282.6652
v 493.8426 -943.6533 282.6659
f 15646 15647 15648
v 495.5396 -938.4669 282.6666
v 501.6730 -939.3993 282.6659
v 499.6625 -945.5529 282.6652
f 15649 15650 15651
v 494.8891 -938.2531 282.6666
v 493.8426 -943.6533 282.6659
v 492.9925 -944.0640 282.6659
f 15652 15653 15654
v 493.8426 -943.6533 282.6659
v 493.6390 -944.2747 282.6658
v 492.9925 -944.0640 282.6659
f 15655 15656 15657
v 495.5396 -938.4669 282.6666
v 493.8426 -943.6533 282.6659
v 494.8891 -938.2531 282.6666
f 15658 15659 15660
v 499.8150 -935.2334 291.4834
v 501.6741 -939.4008 294.7295
v 502.7244 -936.1853 291.4850
f 15661 15662 15663
v 501.6741 -939.4008 294.7295
v 499.8150 -935.2334 291.4834
v 495.8562 -937.5022 294.7303
f 15664 15665 15666
v 496.9065 -934.2817 291.4828
v 495.8562 -937.5022 294.7303
v 499.8150 -935.2334 291.4834
f 15667 15668 15669
v 495.5405 -938.4683 294.2162
v 493.8435 -943.6544 291.4586
v 496.6830 -944.5810 291.4583
f 15670 15671 15672
v 492.9933 -944.0650 291.1276
v 493.6398 -944.2758 291.1275
v 493.8435 -943.6544 291.4586
f 15673 15674 15675
v 492.9933 -944.0650 291.1276
v 493.8435 -943.6544 291.4586
v 494.8901 -938.2545 294.2172
f 15676 15677 15678
v 496.6830 -944.5810 291.4583
v 499.6633 -945.5539 291.4579
v 501.6741 -939.4008 294.7295
f 15679 15680 15681
v 493.8435 -943.6544 291.4586
v 495.5405 -938.4683 294.2162
v 494.8901 -938.2545 294.2172
f 15682 15683 15684
v 495.5405 -938.4683 294.2162
v 496.6830 -944.5810 291.4583
v 501.6741 -939.4008 294.7295
f 15685 15686 15687
v 495.5405 -938.4683 294.2162
v 501.6741 -939.4008 294.7295
v 495.8562 -937.5022 294.7303
f 15688 15689 15690
v 496.9063 -934.2812 288.1749
v 496.9065 -934.2817 291.4828
v 499.8150 -935.2334 291.4834
f 15691 15692 15693
v 499.8150 -935.2334 291.4834
v 502.7236 -936.1842 282.6663
v 496.9058 -934.2805 282.6672
f 15694 15695 15696
v 499.8150 -935.2334 291.4834
v 502.7244 -936.1853 291.4850
v 502.7239 -936.1846 286.5242
f 15697 15698 15699
v 493.1924 -944.1275 282.8709
v 493.6390 -944.2747 282.6658
v 493.6398 -944.2758 291.1275
f 15700 15701 15702
v 492.9931 -944.0648 289.0797
v 493.1930 -944.1283 289.0797
v 492.9933 -944.0650 291.1276
f 15703 15704 15705
v 493.6398 -944.2758 291.1275
v 492.9933 -944.0650 291.1276
v 493.1930 -944.1283 289.0797
f 15706 15707 15708
v 492.9925 -944.0640 282.6659
v 493.1924 -944.1275 282.8709
v 492.9926 -944.0640 282.8709
f 15709 15710 15711
v 493.6390 -944.2747 282.6658
v 493.1924 -944.1275 282.8709
v 492.9925 -944.0640 282.6659
f 15712 15713 15714
v 493.6398 -944.2758 291.1275
v 493.1930 -944.1283 289.0797
v 493.1924 -944.1275 282.8709
f 15715 15716 15717
v 499.6633 -945.5539 291.4579
v 496.6830 -944.5810 291.4583
v 499.6628 -945.5532 285.9621
f 15718 15719 15720
v 499.6628 -945.5532 285.9621
v 496.6830 -944.5810 291.4583
v 499.6625 -945.5529 282.6652
f 15721 15722 15723
v 499.6625 -945.5529 282.6652
v 496.6830 -944.5810 291.4583
v 493.8426 -943.6533 282.6659
f 15724 15725 15726
v 496.6830 -944.5810 291.4583
v 493.8435 -943.6544 291.4586
v 493.8426 -943.6533 282.6659
f 15727 15728 15729
v 494.8891 -938.2532 282.8716
v 492.9925 -944.0640 282.6659
v 492.9926 -944.0640 282.8709
f 15730 15731 15732
v 492.9925 -944.0640 282.6659
v 494.8891 -938.2532 282.8716
v 494.8891 -938.2531 282.6666
f 15733 15734 15735
v 494.1327 -940.5741 290.9381
v 492.9931 -944.0648 289.0797
v 492.9933 -944.0650 291.1276
f 15736 15737 15738
v 494.8896 -938.2539 288.5664
v 494.1327 -940.5741 290.9381
v 494.8901 -938.2545 294.2172
f 15739 15740 15741
v 492.9933 -944.0650 291.1276
v 494.8901 -938.2545 294.2172
v 494.1327 -940.5741 290.9381
f 15742 15743 15744
v 493.8426 -943.6533 282.6659
v 493.6398 -944.2758 291.1275
v 493.6390 -944.2747 282.6658
f 15745 15746 15747
v 491.9799 -939.8703 282.8716
v 491.2165 -942.2243 282.8713
v 491.2169 -942.2248 287.3532
f 15748 15749 15750
v 491.9799 -939.8703 282.8716
v 491.2169 -942.2248 287.3532
v 492.7335 -937.5460 288.5637
f 15751 15752 15753
v 491.2169 -942.2248 287.3532
v 491.2171 -942.2252 289.6861
v 491.9806 -939.8713 290.9383
f 15754 15755 15756
v 491.9799 -939.8703 282.8716
v 492.7335 -937.5460 288.5637
v 492.7331 -937.5453 282.8719
f 15757 15758 15759
v 491.9806 -939.8713 290.9383
v 492.7335 -937.5460 288.5637
v 491.2169 -942.2248 287.3532
f 15760 15761 15762
v 495.5405 -938.4683 294.2162
v 495.8562 -937.5022 294.7303
v 496.9065 -934.2817 291.4828
f 15763 15764 15765
v 495.5405 -938.4683 294.2162
v 496.9065 -934.2817 291.4828
v 495.5400 -938.4675 288.5684
f 15766 15767 15768
v 496.9063 -934.2812 288.1749
v 495.5400 -938.4675 288.5684
v 496.9065 -934.2817 291.4828
f 15769 15770 15771
v 495.8551 -937.5008 282.6667
v 496.9063 -934.2812 288.1749
v 496.9058 -934.2805 282.6672
f 15772 15773 15774
v 495.8551 -937.5008 282.6667
v 495.5396 -938.4669 282.6666
v 495.5400 -938.4675 288.5684
f 15775 15776 15777
v 496.9063 -934.2812 288.1749
v 495.8551 -937.5008 282.6667
v 495.5400 -938.4675 288.5684
f 15778 15779 15780
v 502.7239 -936.1846 286.5242
v 499.6628 -945.5532 285.9621
v 501.6730 -939.3993 282.6659
f 15781 15782 15783
v 501.6730 -939.3993 282.6659
v 502.7236 -936.1842 282.6663
v 502.7239 -936.1846 286.5242
f 15784 15785 15786
v 501.6741 -939.4008 294.7295
v 502.7239 -936.1846 286.5242
v 502.7244 -936.1853 291.4850
f 15787 15788 15789
v 502.7239 -936.1846 286.5242
v 499.6633 -945.5539 291.4579
v 499.6628 -945.5532 285.9621
f 15790 15791 15792
v 499.6628 -945.5532 285.9621
v 499.6625 -945.5529 282.6652
v 501.6730 -939.3993 282.6659
f 15793 15794 15795
v 502.7239 -936.1846 286.5242
v 501.6741 -939.4008 294.7295
v 499.6633 -945.5539 291.4579
f 15796 15797 15798
v 495.5405 -938.4683 294.2162
v 494.8896 -938.2539 288.5664
v 494.8901 -938.2545 294.2172
f 15799 15800 15801
v 492.7335 -937.5460 288.5637
v 494.8896 -938.2539 288.5664
v 492.7331 -937.5453 282.8719
f 15802 15803 15804
v 494.8891 -938.2532 282.8716
v 492.7331 -937.5453 282.8719
v 494.8896 -938.2539 288.5664
f 15805 15806 15807
v 494.8891 -938.2532 282.8716
v 494.8896 -938.2539 288.5664
v 495.5400 -938.4675 288.5684
f 15808 15809 15810
v 495.5400 -938.4675 288.5684
v 495.5396 -938.4669 282.6666
v 494.8891 -938.2532 282.8716
f 15811 15812 15813
v 495.5396 -938.4669 282.6666
v 494.8891 -938.2531 282.6666
v 494.8891 -938.2532 282.8716
f 15814 15815 15816
v 495.5405 -938.4683 294.2162
v 495.5400 -938.4675 288.5684
v 494.8896 -938.2539 288.5664
f 15817 15818 15819
v 491.2169 -942.2248 287.3532
v 491.1026 -942.1869 282.8714
v 491.2171 -942.2252 289.6861
f 15820 15821 15822
v 491.1026 -942.1869 282.8714
v 490.1921 -944.9935 282.8710
v 490.1926 -944.9941 288.1918
f 15823 15824 15825
v 496.9063 -934.2812 288.1749
v 499.8150 -935.2334 291.4834
v 496.9058 -934.2805 282.6672
f 15826 15827 15828
v 502.7239 -936.1846 286.5242
v 502.7236 -936.1842 282.6663
v 499.8150 -935.2334 291.4834
f 15829 15830 15831
v 493.8435 -943.6544 291.4586
v 493.6398 -944.2758 291.1275
v 493.8426 -943.6533 282.6659
f 15832 15833 15834

g building_ID_21605436-20BA-4851-A7D5-4E382B0D3197
v 507.5939 -942.4021 283.0460
v 510.0437 -943.2118 283.0457
v 509.2825 -945.5326 283.0454
f 15835 15836 15837
v 509.2825 -945.5326 283.0454
v 505.6974 -948.2111 283.0453
v 507.5939 -942.4021 283.0460
f 15838 15839 15840
v 504.7393 -949.7334 283.0452
v 505.2817 -948.0749 283.0454
v 505.6974 -948.2111 283.0453
f 15841 15842 15843
v 505.6974 -948.2111 283.0453
v 509.2825 -945.5326 283.0454
v 504.7393 -949.7334 283.0452
f 15844 15845 15846
v 509.2825 -945.5326 283.0454
v 507.5947 -950.6761 283.0448
v 504.7393 -949.7334 283.0452
f 15847 15848 15849
v 507.5952 -950.6768 288.1706
v 505.6979 -948.2117 289.0061
v 504.7397 -949.7341 288.1750
f 15850 15851 15852
v 506.8333 -944.7341 290.7474
v 505.6979 -948.2117 289.0061
v 509.2832 -945.5337 290.7471
f 15853 15854 15855
v 504.7397 -949.7341 288.1750
v 505.6979 -948.2117 289.0061
v 505.2823 -948.0757 289.0062
f 15856 15857 15858
v 509.2832 -945.5337 290.7471
v 505.6979 -948.2117 289.0061
v 507.5952 -950.6768 288.1706
f 15859 15860 15861
v 510.0442 -943.2123 288.3605
v 507.5944 -942.4028 288.3508
v 506.8333 -944.7341 290.7474
f 15862 15863 15864
v 506.8333 -944.7341 290.7474
v 509.2832 -945.5337 290.7471
v 510.0442 -943.2123 288.3605
f 15865 15866 15867
v 507.5947 -950.6761 283.0448
v 507.5950 -950.6764 285.6057
v 504.7393 -949.7334 283.0452
f 15868 15869 15870
v 504.7397 -949.7341 288.1750
v 504.7393 -949.7334 283.0452
v 507.5952 -950.6768 288.1706
f 15871 15872 15873
v 505.4844 -947.4534 282.6645
v 499.6625 -945.5529 282.6652
v 501.6730 -939.3993 282.6659
f 15874 15875 15876
v 505.4844 -947.4534 282.6645
v 505.6973 -948.2110 282.6643
v 505.2807 -948.0749 282.6644
f 15877 15878 15879
v 505.6973 -948.2110 282.6643
v 505.4844 -947.4534 282.6645
v 507.5939 -942.4022 282.6650
f 15880 15881 15882
v 505.4844 -947.4534 282.6645
v 507.1812 -942.2660 282.6651
v 507.5939 -942.4022 282.6650
f 15883 15884 15885
v 505.4844 -947.4534 282.6645
v 502.7236 -936.1842 282.6663
v 507.1812 -942.2660 282.6651
f 15886 15887 15888
v 507.1812 -942.2660 282.6651
v 502.7236 -936.1842 282.6663
v 508.5454 -938.0887 282.6656
f 15889 15890 15891
v 501.6730 -939.3993 282.6659
v 502.7236 -936.1842 282.6663
v 505.4844 -947.4534 282.6645
f 15892 15893 15894
v 507.4979 -941.3013 294.7288
v 508.5462 -938.0898 291.4883
v 502.7244 -936.1853 291.4850
f 15895 15896 15897
v 507.4979 -941.3013 294.7288
v 502.7244 -936.1853 291.4850
v 501.6741 -939.4008 294.7295
f 15898 15899 15900
v 505.4852 -947.4545 291.4572
v 507.1823 -942.2675 294.2157
v 501.9962 -946.3151 291.4576
f 15901 15902 15903
v 501.6741 -939.4008 294.7295
v 501.9962 -946.3151 291.4576
v 507.1823 -942.2675 294.2157
f 15904 15905 15906
v 501.6741 -939.4008 294.7295
v 507.1823 -942.2675 294.2157
v 507.4979 -941.3013 294.7288
f 15907 15908 15909
v 505.4852 -947.4545 291.4572
v 507.5949 -942.4035 294.2146
v 507.1823 -942.2675 294.2157
f 15910 15911 15912
v 507.5949 -942.4035 294.2146
v 505.4852 -947.4545 291.4572
v 505.6981 -948.2121 291.1260
f 15913 15914 15915
v 505.4852 -947.4545 291.4572
v 505.2815 -948.0759 291.1261
v 505.6981 -948.2121 291.1260
f 15916 15917 15918
v 501.9962 -946.3151 291.4576
v 501.6741 -939.4008 294.7295
v 499.6633 -945.5539 291.4579
f 15919 15920 15921
v 505.4850 -947.4543 289.2583
v 505.4852 -947.4545 291.4572
v 501.9962 -946.3151 291.4576
f 15922 15923 15924
v 505.4844 -947.4534 282.6645
v 501.9962 -946.3151 291.4576
v 499.6625 -945.5529 282.6652
f 15925 15926 15927
v 499.6633 -945.5539 291.4579
v 499.6625 -945.5529 282.6652
v 501.9962 -946.3151 291.4576
f 15928 15929 15930
v 505.6973 -948.2110 282.6643
v 505.6974 -948.2111 283.0453
v 505.2817 -948.0749 283.0454
f 15931 15932 15933
v 505.6979 -948.2117 289.0061
v 505.6981 -948.2121 291.1260
v 505.2823 -948.0757 289.0062
f 15934 15935 15936
v 505.6973 -948.2110 282.6643
v 507.5939 -942.4022 282.6650
v 507.5939 -942.4021 283.0460
f 15937 15938 15939
v 507.5939 -942.4021 283.0460
v 505.6974 -948.2111 283.0453
v 505.6973 -948.2110 282.6643
f 15940 15941 15942
v 506.8333 -944.7341 290.7474
v 507.5944 -942.4028 288.3508
v 507.5949 -942.4035 294.2146
f 15943 15944 15945
v 505.6979 -948.2117 289.0061
v 506.8333 -944.7341 290.7474
v 505.6981 -948.2121 291.1260
f 15946 15947 15948
v 507.5949 -942.4035 294.2146
v 505.6981 -948.2121 291.1260
v 506.8333 -944.7341 290.7474
f 15949 15950 15951
v 507.5950 -950.6764 285.6057
v 509.2825 -945.5326 283.0454
v 510.0442 -943.2123 288.3605
f 15952 15953 15954
v 510.0442 -943.2123 288.3605
v 509.2825 -945.5326 283.0454
v 510.0437 -943.2118 283.0457
f 15955 15956 15957
v 507.5952 -950.6768 288.1706
v 510.0442 -943.2123 288.3605
v 509.2832 -945.5337 290.7471
f 15958 15959 15960
v 510.0442 -943.2123 288.3605
v 507.5952 -950.6768 288.1706
v 507.5950 -950.6764 285.6057
f 15961 15962 15963
v 509.2825 -945.5326 283.0454
v 507.5950 -950.6764 285.6057
v 507.5947 -950.6761 283.0448
f 15964 15965 15966
v 507.1823 -942.2675 294.2157
v 507.5939 -942.4021 283.0460
v 507.1812 -942.2660 282.6651
f 15967 15968 15969
v 507.1812 -942.2660 282.6651
v 507.5939 -942.4021 283.0460
v 507.5939 -942.4022 282.6650
f 15970 15971 15972
v 510.0437 -943.2118 283.0457
v 507.5939 -942.4021 283.0460
v 507.5944 -942.4028 288.3508
f 15973 15974 15975
v 507.5944 -942.4028 288.3508
v 507.5939 -942.4021 283.0460
v 507.1823 -942.2675 294.2157
f 15976 15977 15978
v 510.0442 -943.2123 288.3605
v 510.0437 -943.2118 283.0457
v 507.5944 -942.4028 288.3508
f 15979 15980 15981
v 507.5949 -942.4035 294.2146
v 507.5944 -942.4028 288.3508
v 507.1823 -942.2675 294.2157
f 15982 15983 15984
v 507.1812 -942.2660 282.6651
v 508.5454 -938.0887 282.6656
v 507.1823 -942.2675 294.2157
f 15985 15986 15987
v 507.1823 -942.2675 294.2157
v 508.5462 -938.0898 291.4883
v 507.4979 -941.3013 294.7288
f 15988 15989 15990
v 508.5454 -938.0887 282.6656
v 508.5462 -938.0898 291.4883
v 507.1823 -942.2675 294.2157
f 15991 15992 15993
v 499.6633 -945.5539 291.4579
v 501.6741 -939.4008 294.7295
v 502.7244 -936.1853 291.4850
f 15994 15995 15996
v 502.7244 -936.1853 291.4850
v 502.7236 -936.1842 282.6663
v 499.6633 -945.5539 291.4579
f 15997 15998 15999
v 499.6633 -945.5539 291.4579
v 501.6730 -939.3993 282.6659
v 499.6625 -945.5529 282.6652
f 16000 16001 16002
v 501.6730 -939.3993 282.6659
v 499.6633 -945.5539 291.4579
v 502.7236 -936.1842 282.6663
f 16003 16004 16005
v 504.7397 -949.7341 288.1750
v 505.2817 -948.0749 283.0454
v 504.7393 -949.7334 283.0452
f 16006 16007 16008
v 505.4844 -947.4534 282.6645
v 505.2807 -948.0749 282.6644
v 505.2817 -948.0749 283.0454
f 16009 16010 16011
v 505.2817 -948.0749 283.0454
v 504.7397 -949.7341 288.1750
v 505.4844 -947.4534 282.6645
f 16012 16013 16014
v 505.4852 -947.4545 291.4572
v 505.4850 -947.4543 289.2583
v 505.2815 -948.0759 291.1261
f 16015 16016 16017
v 505.4844 -947.4534 282.6645
v 505.2823 -948.0757 289.0062
v 505.4850 -947.4543 289.2583
f 16018 16019 16020
v 505.2815 -948.0759 291.1261
v 505.4850 -947.4543 289.2583
v 505.2823 -948.0757 289.0062
f 16021 16022 16023
v 505.4844 -947.4534 282.6645
v 504.7397 -949.7341 288.1750
v 505.2823 -948.0757 289.0062
f 16024 16025 16026
v 504.7393 -949.7334 283.0452
v 507.5950 -950.6764 285.6057
v 507.5952 -950.6768 288.1706
f 16027 16028 16029
v 508.5454 -938.0887 282.6656
v 502.7236 -936.1842 282.6663
v 502.7244 -936.1853 291.4850
f 16030 16031 16032
v 502.7244 -936.1853 291.4850
v 508.5462 -938.0898 291.4883
v 508.5454 -938.0887 282.6656
f 16033 16034 16035
v 505.4850 -947.4543 289.2583
v 501.9962 -946.3151 291.4576
v 505.4844 -947.4534 282.6645
f 16036 16037 16038
v 505.6973 -948.2110 282.6643
v 505.2817 -948.0749 283.0454
v 505.2807 -948.0749 282.6644
f 16039 16040 16041
v 505.6981 -948.2121 291.1260
v 505.2815 -948.0759 291.1261
v 505.2823 -948.0757 289.0062
f 16042 16043 16044

g building_ID_81E9D28A-E7E7-4CB7-90EB-087C2636E930
v 488.3041 -941.2804 283.0557
v 488.3560 -940.9236 283.0558
v 488.4140 -940.9428 283.0557
f 16045 16046 16047
v 486.5522 -946.4507 283.0551
v 488.3041 -941.2804 283.0557
v 486.6142 -946.4709 283.0551
f 16048 16049 16050
v 488.3041 -941.2804 283.0557
v 491.1027 -942.1869 283.0554
v 486.6142 -946.4709 283.0551
f 16051 16052 16053
v 488.3560 -940.9236 283.0558
v 488.3041 -941.2804 283.0557
v 486.5522 -946.4507 283.0551
f 16054 16055 16056
v 488.6777 -949.6644 283.0544
v 486.6142 -946.4709 283.0551
v 491.1027 -942.1869 283.0554
f 16057 16058 16059
v 485.8721 -948.7529 283.0548
v 486.6142 -946.4709 283.0551
v 488.6777 -949.6644 283.0544
f 16060 16061 16062
v 490.3199 -944.6038 290.7488
v 485.8725 -948.7536 288.3576
v 488.6781 -949.6651 288.3582
f 16063 16064 16065
v 486.6148 -946.4717 289.4349
v 485.8725 -948.7536 288.3576
v 490.3199 -944.6038 290.7488
f 16066 16067 16068
v 487.4604 -943.6712 290.7491
v 486.5528 -946.4516 289.4349
v 486.6148 -946.4717 289.4349
f 16069 16070 16071
v 490.3199 -944.6038 290.7488
v 487.4604 -943.6712 290.7491
v 486.6148 -946.4717 289.4349
f 16072 16073 16074
v 488.3046 -941.2812 288.5865
v 488.4145 -940.9434 288.2835
v 488.3565 -940.9243 288.2836
f 16075 16076 16077
v 487.4604 -943.6712 290.7491
v 488.3046 -941.2812 288.5865
v 488.3565 -940.9243 288.2836
f 16078 16079 16080
v 488.3046 -941.2812 288.5865
v 487.4604 -943.6712 290.7491
v 490.3199 -944.6038 290.7488
f 16081 16082 16083
v 491.1031 -942.1876 288.5812
v 488.3046 -941.2812 288.5865
v 490.3199 -944.6038 290.7488
f 16084 16085 16086
v 486.6142 -946.4709 283.0551
v 485.8721 -948.7529 283.0548
v 485.8725 -948.7536 288.3576
f 16087 16088 16089
v 485.8725 -948.7536 288.3576
v 486.6144 -946.4713 285.8460
v 486.6142 -946.4709 283.0551
f 16090 16091 16092
v 485.8721 -948.7529 283.0548
v 488.6777 -949.6644 283.0544
v 485.8725 -948.7536 288.3576
f 16093 16094 16095
v 488.6777 -949.6644 283.0544
v 488.6781 -949.6651 288.3582
v 485.8725 -948.7536 288.3576
f 16096 16097 16098
v 488.3041 -941.2804 283.0557
v 488.4140 -940.9428 283.0557
v 488.4145 -940.9434 288.2835
f 16099 16100 16101
v 488.3041 -941.2804 283.0557
v 488.4145 -940.9434 288.2835
v 488.3046 -941.2812 288.5865
f 16102 16103 16104
v 488.3560 -940.9236 283.0558
v 488.3565 -940.9243 288.2836
v 488.4140 -940.9428 283.0557
f 16105 16106 16107
v 488.3041 -941.2804 283.0557
v 488.3046 -941.2812 288.5865
v 491.1031 -942.1876 288.5812
f 16108 16109 16110
v 491.1031 -942.1876 288.5812
v 491.1027 -942.1869 283.0554
v 488.3041 -941.2804 283.0557
f 16111 16112 16113
v 486.5522 -946.4507 282.7211
v 480.8103 -944.5844 282.7218
v 482.8218 -938.4078 282.7226
f 16114 16115 16116
v 482.8218 -938.4078 282.7226
v 488.5658 -940.2831 282.7218
v 486.5522 -946.4507 282.7211
f 16117 16118 16119
v 488.5658 -940.2831 282.7218
v 482.8218 -938.4078 282.7226
v 489.6103 -937.0800 282.7222
f 16120 16121 16122
v 483.8634 -935.2106 282.7230
v 489.6103 -937.0800 282.7222
v 482.8218 -938.4078 282.7226
f 16123 16124 16125
v 486.5530 -946.4517 291.2858
v 488.5668 -940.2846 294.7304
v 482.8228 -938.4092 294.7311
f 16126 16127 16128
v 482.8228 -938.4092 294.7311
v 480.8111 -944.5854 291.2825
v 486.5530 -946.4517 291.2858
f 16129 16130 16131
v 486.7356 -936.1454 291.6313
v 488.5668 -940.2846 294.7304
v 489.6111 -937.0811 291.6279
f 16132 16133 16134
v 482.8228 -938.4092 294.7311
v 486.7356 -936.1454 291.6313
v 483.8641 -935.2116 291.6336
f 16135 16136 16137
v 488.5668 -940.2846 294.7304
v 486.7356 -936.1454 291.6313
v 482.8228 -938.4092 294.7311
f 16138 16139 16140
v 486.7356 -936.1454 291.6313
v 489.6103 -937.0800 282.7222
v 483.8634 -935.2106 282.7230
f 16141 16142 16143
v 489.6103 -937.0800 282.7222
v 486.7356 -936.1454 291.6313
v 489.6109 -937.0808 289.4000
f 16144 16145 16146
v 486.7356 -936.1454 291.6313
v 489.6111 -937.0811 291.6279
v 489.6109 -937.0808 289.4000
f 16147 16148 16149
v 488.6777 -949.6644 283.0544
v 491.1031 -942.1876 288.5812
v 490.3199 -944.6038 290.7488
f 16150 16151 16152
v 491.1027 -942.1869 283.0554
v 491.1031 -942.1876 288.5812
v 488.6777 -949.6644 283.0544
f 16153 16154 16155
v 488.6781 -949.6651 288.3582
v 488.6777 -949.6644 283.0544
v 490.3199 -944.6038 290.7488
f 16156 16157 16158
v 482.8218 -938.4078 282.7226
v 480.8103 -944.5844 282.7218
v 480.8111 -944.5854 291.2825
f 16159 16160 16161
v 483.8639 -935.2113 288.2918
v 482.8218 -938.4078 282.7226
v 480.8111 -944.5854 291.2825
f 16162 16163 16164
v 483.8639 -935.2113 288.2918
v 482.8228 -938.4092 294.7311
v 483.8641 -935.2116 291.6336
f 16165 16166 16167
v 483.8639 -935.2113 288.2918
v 483.8634 -935.2106 282.7230
v 482.8218 -938.4078 282.7226
f 16168 16169 16170
v 482.8228 -938.4092 294.7311
v 483.8639 -935.2113 288.2918
v 480.8111 -944.5854 291.2825
f 16171 16172 16173
v 489.6109 -937.0808 289.4000
v 488.3565 -940.9243 288.2836
v 489.6103 -937.0800 282.7222
f 16174 16175 16176
v 488.3565 -940.9243 288.2836
v 488.5658 -940.2831 282.7218
v 489.6103 -937.0800 282.7222
f 16177 16178 16179
v 486.5522 -946.4507 282.7211
v 488.5658 -940.2831 282.7218
v 488.3560 -940.9236 283.0558
f 16180 16181 16182
v 488.5658 -940.2831 282.7218
v 488.3565 -940.9243 288.2836
v 488.3560 -940.9236 283.0558
f 16183 16184 16185
v 488.5668 -940.2846 294.7304
v 489.6109 -937.0808 289.4000
v 489.6111 -937.0811 291.6279
f 16186 16187 16188
v 488.3565 -940.9243 288.2836
v 489.6109 -937.0808 289.4000
v 487.4604 -943.6712 290.7491
f 16189 16190 16191
v 488.5668 -940.2846 294.7304
v 487.4604 -943.6712 290.7491
v 489.6109 -937.0808 289.4000
f 16192 16193 16194
v 486.5530 -946.4517 291.2858
v 487.4604 -943.6712 290.7491
v 488.5668 -940.2846 294.7304
f 16195 16196 16197
v 486.5522 -946.4507 282.7211
v 488.3560 -940.9236 283.0558
v 486.5522 -946.4507 283.0551
f 16198 16199 16200
v 486.5528 -946.4516 289.4349
v 487.4604 -943.6712 290.7491
v 486.5530 -946.4517 291.2858
f 16201 16202 16203
v 486.5528 -946.4516 289.4349
v 486.6144 -946.4713 285.8460
v 486.6148 -946.4717 289.4349
f 16204 16205 16206
v 486.6142 -946.4709 283.0551
v 486.6144 -946.4713 285.8460
v 486.5522 -946.4507 283.0551
f 16207 16208 16209
v 486.5528 -946.4516 289.4349
v 486.5530 -946.4517 291.2858
v 480.8111 -944.5854 291.2825
f 16210 16211 16212
v 486.6144 -946.4713 285.8460
v 480.8111 -944.5854 291.2825
v 480.8103 -944.5844 282.7218
f 16213 16214 16215
v 486.5522 -946.4507 282.7211
v 486.5522 -946.4507 283.0551
v 480.8103 -944.5844 282.7218
f 16216 16217 16218
v 480.8103 -944.5844 282.7218
v 486.5522 -946.4507 283.0551
v 486.6144 -946.4713 285.8460
f 16219 16220 16221
v 486.6144 -946.4713 285.8460
v 486.5528 -946.4516 289.4349
v 480.8111 -944.5854 291.2825
f 16222 16223 16224
v 486.6144 -946.4713 285.8460
v 485.8725 -948.7536 288.3576
v 486.6148 -946.4717 289.4349
f 16225 16226 16227
v 488.3565 -940.9243 288.2836
v 488.4145 -940.9434 288.2835
v 488.4140 -940.9428 283.0557
f 16228 16229 16230
v 483.8639 -935.2113 288.2918
v 483.8641 -935.2116 291.6336
v 486.7356 -936.1454 291.6313
f 16231 16232 16233
v 486.7356 -936.1454 291.6313
v 483.8634 -935.2106 282.7230
v 483.8639 -935.2113 288.2918
f 16234 16235 16236

g building_ID_45C74890-CF26-495E-BF21-825234D60E55
v 510.3053 -949.7154 283.0447
v 510.3363 -951.5724 283.0445
v 507.5947 -950.6761 283.0448
f 16237 16238 16239
v 512.1958 -943.9215 283.0454
v 509.2825 -945.5326 283.0454
v 510.0437 -943.2118 283.0457
f 16240 16241 16242
v 509.2825 -945.5326 283.0454
v 512.1958 -943.9215 283.0454
v 510.3053 -949.7154 283.0447
f 16243 16244 16245
v 510.3363 -951.5724 283.0445
v 510.3053 -949.7154 283.0447
v 510.8818 -949.9029 283.0447
f 16246 16247 16248
v 507.5947 -950.6761 283.0448
v 509.2825 -945.5326 283.0454
v 510.3053 -949.7154 283.0447
f 16249 16250 16251
v 510.3058 -949.7161 289.0055
v 511.4413 -946.2384 290.7469
v 509.2832 -945.5337 290.7471
f 16252 16253 16254
v 510.3368 -951.5730 288.1693
v 510.8824 -949.9037 289.0055
v 510.3058 -949.7161 289.0055
f 16255 16256 16257
v 510.3058 -949.7161 289.0055
v 509.2832 -945.5337 290.7471
v 507.5952 -950.6768 288.1706
f 16258 16259 16260
v 510.3058 -949.7161 289.0055
v 508.2896 -950.9035 288.1705
v 510.3368 -951.5730 288.1693
f 16261 16262 16263
v 510.3058 -949.7161 289.0055
v 507.5952 -950.6768 288.1706
v 508.2896 -950.9035 288.1705
f 16264 16265 16266
v 512.1963 -943.9222 288.3662
v 510.0442 -943.2123 288.3605
v 509.2832 -945.5337 290.7471
f 16267 16268 16269
v 509.2832 -945.5337 290.7471
v 511.4413 -946.2384 290.7469
v 512.1963 -943.9222 288.3662
f 16270 16271 16272
v 507.5947 -950.6761 283.0448
v 510.3363 -951.5724 283.0445
v 510.3368 -951.5730 288.1693
f 16273 16274 16275
v 507.5947 -950.6761 283.0448
v 508.2896 -950.9035 288.1705
v 507.5951 -950.6765 286.3897
f 16276 16277 16278
v 510.8818 -949.9029 283.0447
v 510.8824 -949.9037 289.0055
v 510.3368 -951.5730 288.1693
f 16279 16280 16281
v 514.2504 -939.9640 282.7619
v 520.0662 -941.8666 282.7611
v 519.0206 -945.0628 282.7607
f 16282 16283 16284
v 514.2504 -939.9640 282.7619
v 519.0206 -945.0628 282.7607
v 517.0021 -951.2343 282.7600
f 16285 16286 16287
v 514.2504 -939.9640 282.7619
v 517.0021 -951.2343 282.7600
v 512.8822 -944.1473 282.7614
f 16288 16289 16290
v 512.1958 -943.9215 282.7614
v 511.1843 -949.3336 282.7607
v 510.3052 -949.7153 282.7607
f 16291 16292 16293
v 517.0021 -951.2343 282.7600
v 511.1843 -949.3336 282.7607
v 512.8822 -944.1473 282.7614
f 16294 16295 16296
v 511.1843 -949.3336 282.7607
v 510.9856 -949.9372 282.7606
v 510.3052 -949.7153 282.7607
f 16297 16298 16299
v 512.8822 -944.1473 282.7614
v 511.1843 -949.3336 282.7607
v 512.1958 -943.9215 282.7614
f 16300 16301 16302
v 519.0218 -945.0642 294.7273
v 520.0670 -941.8677 291.5028
v 517.9099 -941.1618 291.5011
f 16303 16304 16305
v 519.0218 -945.0642 294.7273
v 517.9099 -941.1618 291.5011
v 513.2048 -943.1656 294.7281
f 16306 16307 16308
v 514.2511 -939.9650 291.4996
v 513.2048 -943.1656 294.7281
v 517.9099 -941.1618 291.5011
f 16309 16310 16311
v 512.8832 -944.1487 294.2050
v 511.1851 -949.3347 291.4464
v 514.2884 -950.3491 291.4460
f 16312 16313 16314
v 510.3060 -949.7163 291.1254
v 510.9865 -949.9382 291.1253
v 511.1851 -949.3347 291.4464
f 16315 16316 16317
v 510.3060 -949.7163 291.1254
v 511.1851 -949.3347 291.4464
v 512.1968 -943.9228 294.2060
f 16318 16319 16320
v 519.0218 -945.0642 294.7273
v 514.2884 -950.3491 291.4460
v 517.0029 -951.2354 291.4447
f 16321 16322 16323
v 511.1851 -949.3347 291.4464
v 512.8832 -944.1487 294.2050
v 512.1968 -943.9228 294.2060
f 16324 16325 16326
v 513.2048 -943.1656 294.7281
v 512.8832 -944.1487 294.2050
v 514.2884 -950.3491 291.4460
f 16327 16328 16329
v 513.2048 -943.1656 294.7281
v 514.2884 -950.3491 291.4460
v 519.0218 -945.0642 294.7273
f 16330 16331 16332
v 514.2504 -939.9640 282.7619
v 514.2511 -939.9650 291.4996
v 517.9099 -941.1618 291.5011
f 16333 16334 16335
v 520.0665 -941.8670 286.0390
v 514.2504 -939.9640 282.7619
v 520.0670 -941.8677 291.5028
f 16336 16337 16338
v 514.2504 -939.9640 282.7619
v 520.0665 -941.8670 286.0390
v 520.0662 -941.8666 282.7611
f 16339 16340 16341
v 510.9856 -949.9372 282.7606
v 510.9865 -949.9382 291.1253
v 510.8824 -949.9037 289.0055
f 16342 16343 16344
v 510.3058 -949.7161 289.0055
v 510.8824 -949.9037 289.0055
v 510.3060 -949.7163 291.1254
f 16345 16346 16347
v 510.9865 -949.9382 291.1253
v 510.3060 -949.7163 291.1254
v 510.8824 -949.9037 289.0055
f 16348 16349 16350
v 510.8818 -949.9029 283.0447
v 510.3053 -949.7154 283.0447
v 510.3052 -949.7153 282.7607
f 16351 16352 16353
v 510.9856 -949.9372 282.7606
v 510.8824 -949.9037 289.0055
v 510.8818 -949.9029 283.0447
f 16354 16355 16356
v 510.9865 -949.9382 291.1253
v 511.1843 -949.3336 282.7607
v 511.1851 -949.3347 291.4464
f 16357 16358 16359
v 510.9865 -949.9382 291.1253
v 510.9856 -949.9372 282.7606
v 511.1843 -949.3336 282.7607
f 16360 16361 16362
v 517.0027 -951.2349 288.1878
v 517.0029 -951.2354 291.4447
v 514.2884 -950.3491 291.4460
f 16363 16364 16365
v 517.0021 -951.2343 282.7600
v 517.0027 -951.2349 288.1878
v 514.2884 -950.3491 291.4460
f 16366 16367 16368
v 517.0021 -951.2343 282.7600
v 511.1851 -949.3347 291.4464
v 511.1843 -949.3336 282.7607
f 16369 16370 16371
v 511.4413 -946.2384 290.7469
v 510.3058 -949.7161 289.0055
v 510.3060 -949.7163 291.1254
f 16372 16373 16374
v 512.1963 -943.9222 288.3662
v 511.4413 -946.2384 290.7469
v 512.1968 -943.9228 294.2060
f 16375 16376 16377
v 510.3060 -949.7163 291.1254
v 512.1968 -943.9228 294.2060
v 511.4413 -946.2384 290.7469
f 16378 16379 16380
v 512.1958 -943.9215 283.0454
v 510.3052 -949.7153 282.7607
v 510.3053 -949.7154 283.0447
f 16381 16382 16383
v 510.3052 -949.7153 282.7607
v 512.1958 -943.9215 283.0454
v 512.1958 -943.9215 282.7614
f 16384 16385 16386
v 509.2825 -945.5326 283.0454
v 507.5947 -950.6761 283.0448
v 507.5951 -950.6765 286.3897
f 16387 16388 16389
v 507.5951 -950.6765 286.3897
v 509.2832 -945.5337 290.7471
v 510.0442 -943.2123 288.3605
f 16390 16391 16392
v 510.0437 -943.2118 283.0457
v 509.2825 -945.5326 283.0454
v 510.0442 -943.2123 288.3605
f 16393 16394 16395
v 510.0442 -943.2123 288.3605
v 509.2825 -945.5326 283.0454
v 507.5951 -950.6765 286.3897
f 16396 16397 16398
v 509.2832 -945.5337 290.7471
v 507.5951 -950.6765 286.3897
v 507.5952 -950.6768 288.1706
f 16399 16400 16401
v 512.8832 -944.1487 294.2050
v 513.2048 -943.1656 294.7281
v 514.2511 -939.9650 291.4996
f 16402 16403 16404
v 512.8822 -944.1473 282.7614
v 512.8832 -944.1487 294.2050
v 514.2504 -939.9640 282.7619
f 16405 16406 16407
v 514.2511 -939.9650 291.4996
v 514.2504 -939.9640 282.7619
v 512.8832 -944.1487 294.2050
f 16408 16409 16410
v 519.0206 -945.0628 282.7607
v 520.0662 -941.8666 282.7611
v 520.0665 -941.8670 286.0390
f 16411 16412 16413
v 520.0665 -941.8670 286.0390
v 517.0027 -951.2349 288.1878
v 519.0206 -945.0628 282.7607
f 16414 16415 16416
v 517.0029 -951.2354 291.4447
v 520.0665 -941.8670 286.0390
v 520.0670 -941.8677 291.5028
f 16417 16418 16419
v 520.0670 -941.8677 291.5028
v 519.0218 -945.0642 294.7273
v 517.0029 -951.2354 291.4447
f 16420 16421 16422
v 520.0665 -941.8670 286.0390
v 517.0029 -951.2354 291.4447
v 517.0027 -951.2349 288.1878
f 16423 16424 16425
v 519.0206 -945.0628 282.7607
v 517.0027 -951.2349 288.1878
v 517.0021 -951.2343 282.7600
f 16426 16427 16428
v 512.1958 -943.9215 283.0454
v 510.0442 -943.2123 288.3605
v 512.1963 -943.9222 288.3662
f 16429 16430 16431
v 510.0442 -943.2123 288.3605
v 512.1958 -943.9215 283.0454
v 510.0437 -943.2118 283.0457
f 16432 16433 16434
v 512.8822 -944.1473 282.7614
v 512.1958 -943.9215 282.7614
v 512.1958 -943.9215 283.0454
f 16435 16436 16437
v 512.1958 -943.9215 283.0454
v 512.1963 -943.9222 288.3662
v 512.8822 -944.1473 282.7614
f 16438 16439 16440
v 512.8822 -944.1473 282.7614
v 512.1968 -943.9228 294.2060
v 512.8832 -944.1487 294.2050
f 16441 16442 16443
v 512.8822 -944.1473 282.7614
v 512.1963 -943.9222 288.3662
v 512.1968 -943.9228 294.2060
f 16444 16445 16446
v 507.5947 -950.6761 283.0448
v 510.3368 -951.5730 288.1693
v 508.2896 -950.9035 288.1705
f 16447 16448 16449
v 508.2896 -950.9035 288.1705
v 507.5952 -950.6768 288.1706
v 507.5951 -950.6765 286.3897
f 16450 16451 16452
v 510.8818 -949.9029 283.0447
v 510.3368 -951.5730 288.1693
v 510.3363 -951.5724 283.0445
f 16453 16454 16455
v 520.0670 -941.8677 291.5028
v 514.2504 -939.9640 282.7619
v 517.9099 -941.1618 291.5011
f 16456 16457 16458
v 510.8818 -949.9029 283.0447
v 510.3052 -949.7153 282.7607
v 510.9856 -949.9372 282.7606
f 16459 16460 16461
v 511.1851 -949.3347 291.4464
v 517.0021 -951.2343 282.7600
v 514.2884 -950.3491 291.4460
f 16462 16463 16464

g building_ID_0AA42040-BC74-4FE8-90B3-1F1FE971AE06
v 527.3693 -948.8731 283.0215
v 522.7013 -953.7615 283.0211
v 524.5918 -947.9707 283.0218
f 16465 16466 16467
v 522.7013 -953.7615 283.0211
v 527.3693 -948.8731 283.0215
v 522.0529 -955.4088 283.0209
f 16468 16469 16470
v 522.6024 -953.7293 283.0211
v 522.7013 -953.7615 283.0211
v 522.0529 -955.4088 283.0209
f 16471 16472 16473
v 524.9224 -956.3425 283.0206
v 522.0529 -955.4088 283.0209
v 527.3693 -948.8731 283.0215
f 16474 16475 16476
v 526.5665 -951.3269 290.7449
v 524.5923 -947.9714 288.3536
v 523.7930 -950.4215 290.7452
f 16477 16478 16479
v 524.5923 -947.9714 288.3536
v 526.5665 -951.3269 290.7449
v 527.3699 -948.8737 288.3493
f 16480 16481 16482
v 522.0534 -955.4095 288.1647
v 524.9224 -956.3425 283.0206
v 524.9229 -956.3431 288.1654
f 16483 16484 16485
v 523.6890 -943.0493 282.7606
v 524.4959 -947.9394 282.7598
v 517.0021 -951.2343 282.7600
f 16486 16487 16488
v 517.0021 -951.2343 282.7600
v 524.4959 -947.9394 282.7598
v 522.7990 -953.1287 282.7592
f 16489 16490 16491
v 522.7990 -953.1287 282.7592
v 522.7013 -953.7615 282.7591
v 522.6023 -953.7293 282.7591
f 16492 16493 16494
v 524.5918 -947.9707 282.7598
v 522.7013 -953.7615 282.7591
v 522.7990 -953.1287 282.7592
f 16495 16496 16497
v 524.4959 -947.9394 282.7598
v 524.5918 -947.9707 282.7598
v 522.7990 -953.1287 282.7592
f 16498 16499 16500
v 519.0206 -945.0628 282.7607
v 520.0662 -941.8666 282.7611
v 523.6890 -943.0493 282.7606
f 16501 16502 16503
v 523.6890 -943.0493 282.7606
v 524.8186 -946.9543 282.7600
v 524.4959 -947.9394 282.7598
f 16504 16505 16506
v 524.8186 -946.9543 282.7600
v 523.6890 -943.0493 282.7606
v 525.8631 -943.7590 282.7604
f 16507 16508 16509
v 519.0206 -945.0628 282.7607
v 523.6890 -943.0493 282.7606
v 517.0021 -951.2343 282.7600
f 16510 16511 16512
v 524.8196 -946.9557 294.7266
v 522.5538 -942.6793 291.5025
v 519.0218 -945.0642 294.7273
f 16513 16514 16515
v 522.5538 -942.6793 291.5025
v 520.0670 -941.8677 291.5028
v 519.0218 -945.0642 294.7273
f 16516 16517 16518
v 525.8639 -943.7602 291.5021
v 522.5538 -942.6793 291.5025
v 524.8196 -946.9557 294.7266
f 16519 16520 16521
v 524.8196 -946.9557 294.7266
v 519.0218 -945.0642 294.7273
v 524.4969 -947.9408 294.2024
f 16522 16523 16524
v 522.7998 -953.1299 291.4429
v 524.5929 -947.9720 294.2024
v 524.4969 -947.9408 294.2024
f 16525 16526 16527
v 522.7021 -953.7625 291.1238
v 524.5929 -947.9720 294.2024
v 522.7998 -953.1299 291.4429
f 16528 16529 16530
v 519.5607 -952.0712 291.4443
v 524.4969 -947.9408 294.2024
v 519.0218 -945.0642 294.7273
f 16531 16532 16533
v 519.0218 -945.0642 294.7273
v 517.0029 -951.2354 291.4447
v 519.5607 -952.0712 291.4443
f 16534 16535 16536
v 522.7998 -953.1299 291.4429
v 522.6032 -953.7303 291.1238
v 522.7021 -953.7625 291.1238
f 16537 16538 16539
v 524.4969 -947.9408 294.2024
v 519.5607 -952.0712 291.4443
v 522.7998 -953.1299 291.4429
f 16540 16541 16542
v 523.6890 -943.0493 282.7606
v 520.0662 -941.8666 282.7611
v 522.5538 -942.6793 291.5025
f 16543 16544 16545
v 522.5538 -942.6793 291.5025
v 525.8639 -943.7602 291.5021
v 525.8635 -943.7596 287.1312
f 16546 16547 16548
v 525.8631 -943.7590 282.7604
v 523.6890 -943.0493 282.7606
v 522.5538 -942.6793 291.5025
f 16549 16550 16551
v 525.8635 -943.7596 287.1312
v 525.8631 -943.7590 282.7604
v 522.5538 -942.6793 291.5025
f 16552 16553 16554
v 517.0021 -951.2343 282.7600
v 522.7998 -953.1299 291.4429
v 519.5607 -952.0712 291.4443
f 16555 16556 16557
v 517.0021 -951.2343 282.7600
v 519.5607 -952.0712 291.4443
v 517.0029 -951.2354 291.4447
f 16558 16559 16560
v 522.7990 -953.1287 282.7592
v 522.7998 -953.1299 291.4429
v 517.0021 -951.2343 282.7600
f 16561 16562 16563
v 522.7013 -953.7615 282.7591
v 522.7013 -953.7615 283.0211
v 522.6024 -953.7293 283.0211
f 16564 16565 16566
v 522.7019 -953.7623 289.0289
v 522.7021 -953.7625 291.1238
v 522.6029 -953.7300 289.0289
f 16567 16568 16569
v 522.7013 -953.7615 282.7591
v 524.5918 -947.9707 282.7598
v 524.5918 -947.9707 283.0218
f 16570 16571 16572
v 524.5918 -947.9707 283.0218
v 522.7013 -953.7615 283.0211
v 522.7013 -953.7615 282.7591
f 16573 16574 16575
v 524.5923 -947.9714 288.3536
v 524.5929 -947.9720 294.2024
v 523.7930 -950.4215 290.7452
f 16576 16577 16578
v 522.7021 -953.7625 291.1238
v 523.7930 -950.4215 290.7452
v 524.5929 -947.9720 294.2024
f 16579 16580 16581
v 523.7930 -950.4215 290.7452
v 522.7021 -953.7625 291.1238
v 522.7019 -953.7623 289.0289
f 16582 16583 16584
v 524.9229 -956.3431 288.1654
v 522.7019 -953.7623 289.0289
v 522.0534 -955.4095 288.1647
f 16585 16586 16587
v 522.7019 -953.7623 289.0289
v 526.5665 -951.3269 290.7449
v 523.7930 -950.4215 290.7452
f 16588 16589 16590
v 522.0534 -955.4095 288.1647
v 522.7019 -953.7623 289.0289
v 522.6029 -953.7300 289.0289
f 16591 16592 16593
v 526.5665 -951.3269 290.7449
v 522.7019 -953.7623 289.0289
v 524.9229 -956.3431 288.1654
f 16594 16595 16596
v 524.4964 -947.9400 288.3546
v 524.4969 -947.9408 294.2024
v 524.5929 -947.9720 294.2024
f 16597 16598 16599
v 524.4964 -947.9400 288.3546
v 524.5923 -947.9714 288.3536
v 524.4959 -947.9394 282.7598
f 16600 16601 16602
v 524.5929 -947.9720 294.2024
v 524.5923 -947.9714 288.3536
v 524.4964 -947.9400 288.3546
f 16603 16604 16605
v 524.5918 -947.9707 283.0218
v 524.5923 -947.9714 288.3536
v 527.3699 -948.8737 288.3493
f 16606 16607 16608
v 527.3699 -948.8737 288.3493
v 527.3693 -948.8731 283.0215
v 524.5918 -947.9707 283.0218
f 16609 16610 16611
v 524.5918 -947.9707 283.0218
v 524.5918 -947.9707 282.7598
v 524.4959 -947.9394 282.7598
f 16612 16613 16614
v 524.5923 -947.9714 288.3536
v 524.5918 -947.9707 283.0218
v 524.4959 -947.9394 282.7598
f 16615 16616 16617
v 526.5665 -951.3269 290.7449
v 527.3693 -948.8731 283.0215
v 527.3699 -948.8737 288.3493
f 16618 16619 16620
v 524.9229 -956.3431 288.1654
v 524.9224 -956.3425 283.0206
v 527.3693 -948.8731 283.0215
f 16621 16622 16623
v 524.9229 -956.3431 288.1654
v 527.3693 -948.8731 283.0215
v 526.5665 -951.3269 290.7449
f 16624 16625 16626
v 524.8186 -946.9543 282.7600
v 525.8631 -943.7590 282.7604
v 525.8635 -943.7596 287.1312
f 16627 16628 16629
v 524.4959 -947.9394 282.7598
v 524.8186 -946.9543 282.7600
v 525.8635 -943.7596 287.1312
f 16630 16631 16632
v 524.8196 -946.9557 294.7266
v 524.4964 -947.9400 288.3546
v 525.8639 -943.7602 291.5021
f 16633 16634 16635
v 524.4969 -947.9408 294.2024
v 524.4964 -947.9400 288.3546
v 524.8196 -946.9557 294.7266
f 16636 16637 16638
v 524.4959 -947.9394 282.7598
v 525.8635 -943.7596 287.1312
v 524.4964 -947.9400 288.3546
f 16639 16640 16641
v 525.8639 -943.7602 291.5021
v 524.4964 -947.9400 288.3546
v 525.8635 -943.7596 287.1312
f 16642 16643 16644
v 517.0029 -951.2354 291.4447
v 519.0218 -945.0642 294.7273
v 520.0670 -941.8677 291.5028
f 16645 16646 16647
v 520.0662 -941.8666 282.7611
v 517.0029 -951.2354 291.4447
v 520.0670 -941.8677 291.5028
f 16648 16649 16650
v 517.0029 -951.2354 291.4447
v 519.0206 -945.0628 282.7607
v 517.0021 -951.2343 282.7600
f 16651 16652 16653
v 519.0206 -945.0628 282.7607
v 517.0029 -951.2354 291.4447
v 520.0662 -941.8666 282.7611
f 16654 16655 16656
v 522.0534 -955.4095 288.1647
v 522.6024 -953.7293 283.0211
v 522.0529 -955.4088 283.0209
f 16657 16658 16659
v 522.7990 -953.1287 282.7592
v 522.6023 -953.7293 282.7591
v 522.6024 -953.7293 283.0211
f 16660 16661 16662
v 522.6024 -953.7293 283.0211
v 522.0534 -955.4095 288.1647
v 522.7990 -953.1287 282.7592
f 16663 16664 16665
v 522.7990 -953.1287 282.7592
v 522.6029 -953.7300 289.0289
v 522.7998 -953.1299 291.4429
f 16666 16667 16668
v 522.6032 -953.7303 291.1238
v 522.7998 -953.1299 291.4429
v 522.6029 -953.7300 289.0289
f 16669 16670 16671
v 522.7990 -953.1287 282.7592
v 522.0534 -955.4095 288.1647
v 522.6029 -953.7300 289.0289
f 16672 16673 16674
v 522.0534 -955.4095 288.1647
v 522.0529 -955.4088 283.0209
v 524.9224 -956.3425 283.0206
f 16675 16676 16677
v 522.5538 -942.6793 291.5025
v 520.0662 -941.8666 282.7611
v 520.0670 -941.8677 291.5028
f 16678 16679 16680
v 522.7013 -953.7615 282.7591
v 522.6024 -953.7293 283.0211
v 522.6023 -953.7293 282.7591
f 16681 16682 16683
v 522.7021 -953.7625 291.1238
v 522.6032 -953.7303 291.1238
v 522.6029 -953.7300 289.0289
f 16684 16685 16686

g building_ID_FC24749F-AC16-436F-AC91-EAD87240E3F8
v 527.4182 -957.1542 283.0202
v 524.9224 -956.3425 283.0206
v 527.5330 -955.3385 283.0205
f 16687 16688 16689
v 527.9147 -955.4636 283.0204
v 527.4182 -957.1542 283.0202
v 527.5330 -955.3385 283.0205
f 16690 16691 16692
v 529.4266 -949.5407 283.0212
v 524.9224 -956.3425 283.0206
v 527.3693 -948.8731 283.0215
f 16693 16694 16695
v 524.9224 -956.3425 283.0206
v 529.4266 -949.5407 283.0212
v 527.5330 -955.3385 283.0205
f 16696 16697 16698
v 528.6247 -951.9984 290.7446
v 527.3699 -948.8737 288.3493
v 526.5665 -951.3269 290.7449
f 16699 16700 16701
v 527.3699 -948.8737 288.3493
v 528.6247 -951.9984 290.7446
v 529.4271 -949.5412 288.3460
f 16702 16703 16704
v 527.9147 -955.4636 283.0204
v 527.9152 -955.4642 289.0272
v 527.4186 -957.1548 288.1670
f 16705 16706 16707
v 527.4182 -957.1542 283.0202
v 527.4186 -957.1548 288.1670
v 524.9229 -956.3431 288.1654
f 16708 16709 16710
v 530.2128 -949.7957 282.7111
v 537.4119 -947.5110 282.7108
v 536.3643 -950.7231 282.7104
f 16711 16712 16713
v 530.5314 -948.8206 282.7112
v 531.5821 -945.6094 282.7116
v 537.4119 -947.5110 282.7108
f 16714 16715 16716
v 530.5314 -948.8206 282.7112
v 537.4119 -947.5110 282.7108
v 530.2128 -949.7957 282.7111
f 16717 16718 16719
v 530.2128 -949.7957 282.7111
v 536.3643 -950.7231 282.7104
v 531.3045 -955.8965 282.7101
f 16720 16721 16722
v 531.3045 -955.8965 282.7101
v 528.5179 -954.9881 282.7105
v 530.2128 -949.7957 282.7111
f 16723 16724 16725
v 531.3045 -955.8965 282.7101
v 534.1532 -957.4992 282.7096
v 531.1059 -956.5050 282.7100
f 16726 16727 16728
v 527.5330 -955.3385 282.7105
v 529.4265 -949.5406 282.7112
v 528.5179 -954.9881 282.7105
f 16729 16730 16731
v 528.5179 -954.9881 282.7105
v 529.4265 -949.5406 282.7112
v 530.2128 -949.7957 282.7111
f 16732 16733 16734
v 528.5179 -954.9881 282.7105
v 528.3193 -955.5956 282.7104
v 527.5330 -955.3385 282.7105
f 16735 16736 16737
v 534.1532 -957.4992 282.7096
v 531.3045 -955.8965 282.7101
v 536.3643 -950.7231 282.7104
f 16738 16739 16740
v 531.1066 -956.5061 291.1227
v 534.1539 -957.5002 291.1223
v 531.3053 -955.8977 291.4458
f 16741 16742 16743
v 527.5338 -955.3395 291.1232
v 528.3201 -955.5966 291.1231
v 528.5188 -954.9892 291.4462
f 16744 16745 16746
v 530.2139 -949.7971 294.2067
v 528.5188 -954.9892 291.4462
v 531.3053 -955.8977 291.4458
f 16747 16748 16749
v 531.3053 -955.8977 291.4458
v 534.1539 -957.5002 291.1223
v 536.3655 -950.7247 294.7249
f 16750 16751 16752
v 531.3053 -955.8977 291.4458
v 536.3655 -950.7247 294.7249
v 530.2139 -949.7971 294.2067
f 16753 16754 16755
v 528.5188 -954.9892 291.4462
v 530.2139 -949.7971 294.2067
v 529.4276 -949.5420 294.2068
f 16756 16757 16758
v 530.2139 -949.7971 294.2067
v 536.3655 -950.7247 294.7249
v 530.5326 -948.8220 294.7258
f 16759 16760 16761
v 527.5338 -955.3395 291.1232
v 528.5188 -954.9892 291.4462
v 529.4276 -949.5420 294.2068
f 16762 16763 16764
v 531.1059 -956.5050 282.7100
v 531.3053 -955.8977 291.4458
v 531.3045 -955.8965 282.7101
f 16765 16766 16767
v 534.1532 -957.4992 282.7096
v 534.1539 -957.5002 291.1223
v 531.1066 -956.5061 291.1227
f 16768 16769 16770
v 534.1532 -957.4992 282.7096
v 531.1066 -956.5061 291.1227
v 531.1059 -956.5050 282.7100
f 16771 16772 16773
v 537.4119 -947.5110 282.7108
v 531.5821 -945.6094 282.7116
v 531.5825 -945.6100 287.0984
f 16774 16775 16776
v 531.5825 -945.6100 287.0984
v 537.4127 -947.5120 291.4845
v 537.4125 -947.5118 289.2906
f 16777 16778 16779
v 528.3193 -955.5956 282.7104
v 528.5179 -954.9881 282.7105
v 528.5188 -954.9892 291.4462
f 16780 16781 16782
v 531.3045 -955.8965 282.7101
v 531.3053 -955.8977 291.4458
v 528.5188 -954.9892 291.4462
f 16783 16784 16785
v 531.3045 -955.8965 282.7101
v 528.5188 -954.9892 291.4462
v 528.5179 -954.9881 282.7105
f 16786 16787 16788
v 529.4266 -949.5407 283.0212
v 527.5330 -955.3385 282.7105
v 527.5330 -955.3385 283.0205
f 16789 16790 16791
v 527.5330 -955.3385 282.7105
v 529.4266 -949.5407 283.0212
v 529.4265 -949.5406 282.7112
f 16792 16793 16794
v 528.6247 -951.9984 290.7446
v 527.5336 -955.3392 289.0273
v 527.5338 -955.3395 291.1232
f 16795 16796 16797
v 529.4271 -949.5412 288.3460
v 528.6247 -951.9984 290.7446
v 529.4276 -949.5420 294.2068
f 16798 16799 16800
v 527.5338 -955.3395 291.1232
v 529.4276 -949.5420 294.2068
v 528.6247 -951.9984 290.7446
f 16801 16802 16803
v 527.5338 -955.3395 291.1232
v 527.9152 -955.4642 289.0272
v 528.3201 -955.5966 291.1231
f 16804 16805 16806
v 528.3201 -955.5966 291.1231
v 527.9147 -955.4636 283.0204
v 528.3193 -955.5956 282.7104
f 16807 16808 16809
v 527.9152 -955.4642 289.0272
v 527.9147 -955.4636 283.0204
v 528.3201 -955.5966 291.1231
f 16810 16811 16812
v 527.5336 -955.3392 289.0273
v 527.9152 -955.4642 289.0272
v 527.5338 -955.3395 291.1232
f 16813 16814 16815
v 527.5330 -955.3385 282.7105
v 527.9147 -955.4636 283.0204
v 527.5330 -955.3385 283.0205
f 16816 16817 16818
v 528.3193 -955.5956 282.7104
v 527.9147 -955.4636 283.0204
v 527.5330 -955.3385 282.7105
f 16819 16820 16821
v 527.5336 -955.3392 289.0273
v 528.6247 -951.9984 290.7446
v 526.5665 -951.3269 290.7449
f 16822 16823 16824
v 526.5665 -951.3269 290.7449
v 524.9229 -956.3431 288.1654
v 527.5336 -955.3392 289.0273
f 16825 16826 16827
v 527.5336 -955.3392 289.0273
v 527.4186 -957.1548 288.1670
v 527.9152 -955.4642 289.0272
f 16828 16829 16830
v 524.9229 -956.3431 288.1654
v 527.4186 -957.1548 288.1670
v 527.5336 -955.3392 289.0273
f 16831 16832 16833
v 527.3699 -948.8737 288.3493
v 524.9224 -956.3425 283.0206
v 524.9229 -956.3431 288.1654
f 16834 16835 16836
v 527.3693 -948.8731 283.0215
v 524.9224 -956.3425 283.0206
v 527.3699 -948.8737 288.3493
f 16837 16838 16839
v 526.5665 -951.3269 290.7449
v 527.3699 -948.8737 288.3493
v 524.9229 -956.3431 288.1654
f 16840 16841 16842
v 531.5829 -945.6105 291.4853
v 536.3655 -950.7247 294.7249
v 537.4127 -947.5120 291.4845
f 16843 16844 16845
v 531.5829 -945.6105 291.4853
v 530.5326 -948.8220 294.7258
v 536.3655 -950.7247 294.7249
f 16846 16847 16848
v 536.3643 -950.7231 282.7104
v 537.4119 -947.5110 282.7108
v 537.4125 -947.5118 289.2906
f 16849 16850 16851
v 534.1532 -957.4992 282.7096
v 537.4127 -947.5120 291.4845
v 536.3655 -950.7247 294.7249
f 16852 16853 16854
v 537.4125 -947.5118 289.2906
v 537.4127 -947.5120 291.4845
v 534.1532 -957.4992 282.7096
f 16855 16856 16857
v 534.1539 -957.5002 291.1223
v 534.1532 -957.4992 282.7096
v 536.3655 -950.7247 294.7249
f 16858 16859 16860
v 536.3643 -950.7231 282.7104
v 537.4125 -947.5118 289.2906
v 534.1532 -957.4992 282.7096
f 16861 16862 16863
v 530.2134 -949.7964 288.3449
v 530.5326 -948.8220 294.7258
v 531.5829 -945.6105 291.4853
f 16864 16865 16866
v 530.2139 -949.7971 294.2067
v 530.5326 -948.8220 294.7258
v 530.2134 -949.7964 288.3449
f 16867 16868 16869
v 531.5825 -945.6100 287.0984
v 530.2134 -949.7964 288.3449
v 531.5829 -945.6105 291.4853
f 16870 16871 16872
v 530.5314 -948.8206 282.7112
v 531.5825 -945.6100 287.0984
v 531.5821 -945.6094 282.7116
f 16873 16874 16875
v 531.5825 -945.6100 287.0984
v 530.5314 -948.8206 282.7112
v 530.2128 -949.7957 282.7111
f 16876 16877 16878
v 530.2134 -949.7964 288.3449
v 531.5825 -945.6100 287.0984
v 530.2128 -949.7957 282.7111
f 16879 16880 16881
v 530.2134 -949.7964 288.3449
v 529.4266 -949.5407 283.0212
v 529.4271 -949.5412 288.3460
f 16882 16883 16884
v 527.3699 -948.8737 288.3493
v 529.4271 -949.5412 288.3460
v 527.3693 -948.8731 283.0215
f 16885 16886 16887
v 529.4266 -949.5407 283.0212
v 527.3693 -948.8731 283.0215
v 529.4271 -949.5412 288.3460
f 16888 16889 16890
v 530.2139 -949.7971 294.2067
v 529.4271 -949.5412 288.3460
v 529.4276 -949.5420 294.2068
f 16891 16892 16893
v 530.2134 -949.7964 288.3449
v 530.2128 -949.7957 282.7111
v 529.4266 -949.5407 283.0212
f 16894 16895 16896
v 530.2128 -949.7957 282.7111
v 529.4265 -949.5406 282.7112
v 529.4266 -949.5407 283.0212
f 16897 16898 16899
v 530.2139 -949.7971 294.2067
v 530.2134 -949.7964 288.3449
v 529.4271 -949.5412 288.3460
f 16900 16901 16902
v 527.9147 -955.4636 283.0204
v 527.4186 -957.1548 288.1670
v 527.4182 -957.1542 283.0202
f 16903 16904 16905
v 527.4182 -957.1542 283.0202
v 524.9229 -956.3431 288.1654
v 524.9224 -956.3425 283.0206
f 16906 16907 16908
v 531.1066 -956.5061 291.1227
v 531.3053 -955.8977 291.4458
v 531.1059 -956.5050 282.7100
f 16909 16910 16911
v 531.5825 -945.6100 287.0984
v 531.5829 -945.6105 291.4853
v 537.4127 -947.5120 291.4845
f 16912 16913 16914
v 531.5825 -945.6100 287.0984
v 537.4125 -947.5118 289.2906
v 537.4119 -947.5110 282.7108
f 16915 16916 16917
v 528.3201 -955.5966 291.1231
v 528.3193 -955.5956 282.7104
v 528.5188 -954.9892 291.4462
f 16918 16919 16920

g building_ID_2308D4A5-C59D-4F8A-BEE7-23508633CFAC
v 542.0025 -953.6373 283.0675
v 544.7271 -954.5336 283.0672
v 543.9245 -956.9935 283.0669
f 16921 16922 16923
v 543.9245 -956.9935 283.0669
v 540.1070 -959.4431 283.0668
v 542.0025 -953.6373 283.0675
f 16924 16925 16926
v 539.4196 -961.0703 283.0666
v 539.9651 -959.3968 283.0668
v 540.1070 -959.4431 283.0668
f 16927 16928 16929
v 540.1070 -959.4431 283.0668
v 543.9245 -956.9935 283.0669
v 542.2850 -962.0160 283.0663
f 16930 16931 16932
v 540.1070 -959.4431 283.0668
v 542.2850 -962.0160 283.0663
v 539.4196 -961.0703 283.0666
f 16933 16934 16935
v 540.8308 -961.5367 288.1642
v 542.2855 -962.0167 288.1611
v 543.9252 -956.9944 290.7426
f 16936 16937 16938
v 540.1075 -959.4439 289.0265
v 543.9252 -956.9944 290.7426
v 541.1986 -956.1040 290.7429
f 16939 16940 16941
v 539.9656 -959.3976 289.0265
v 539.4201 -961.0709 288.1664
v 540.1075 -959.4439 289.0265
f 16942 16943 16944
v 540.1075 -959.4439 289.0265
v 539.4201 -961.0709 288.1664
v 540.8308 -961.5367 288.1642
f 16945 16946 16947
v 543.9252 -956.9944 290.7426
v 540.1075 -959.4439 289.0265
v 540.8308 -961.5367 288.1642
f 16948 16949 16950
v 544.7276 -954.5343 288.3410
v 542.0030 -953.6379 288.3353
v 541.1986 -956.1040 290.7429
f 16951 16952 16953
v 541.1986 -956.1040 290.7429
v 543.9252 -956.9944 290.7426
v 544.7276 -954.5343 288.3410
f 16954 16955 16956
v 542.2855 -962.0167 288.1611
v 540.8308 -961.5367 288.1642
v 542.2853 -962.0164 286.2481
f 16957 16958 16959
v 542.2850 -962.0160 283.0663
v 542.2853 -962.0164 286.2481
v 540.8308 -961.5367 288.1642
f 16960 16961 16962
v 539.4201 -961.0709 288.1664
v 539.4196 -961.0703 283.0666
v 540.8308 -961.5367 288.1642
f 16963 16964 16965
v 540.1637 -958.7863 282.7089
v 540.1069 -959.4431 282.7088
v 539.9650 -959.3967 282.7088
f 16966 16967 16968
v 540.1069 -959.4431 282.7088
v 540.1637 -958.7863 282.7089
v 542.0024 -953.6372 282.7095
f 16969 16970 16971
v 540.1637 -958.7863 282.7089
v 541.8586 -953.5899 282.7096
v 542.0024 -953.6372 282.7095
f 16972 16973 16974
v 536.3643 -950.7231 282.7104
v 540.1637 -958.7863 282.7089
v 534.3518 -956.8897 282.7097
f 16975 16976 16977
v 540.1637 -958.7863 282.7089
v 537.4119 -947.5110 282.7108
v 541.8586 -953.5899 282.7096
f 16978 16979 16980
v 542.1752 -952.6197 282.7097
v 541.8586 -953.5899 282.7096
v 537.4119 -947.5110 282.7108
f 16981 16982 16983
v 542.1752 -952.6197 282.7097
v 537.4119 -947.5110 282.7108
v 543.2217 -949.4086 282.7101
f 16984 16985 16986
v 536.3643 -950.7231 282.7104
v 537.4119 -947.5110 282.7108
v 540.1637 -958.7863 282.7089
f 16987 16988 16989
v 542.1763 -952.6212 294.7242
v 539.8256 -948.3006 291.4842
v 536.3655 -950.7247 294.7249
f 16990 16991 16992
v 539.8256 -948.3006 291.4842
v 537.4127 -947.5120 291.4845
v 536.3655 -950.7247 294.7249
f 16993 16994 16995
v 543.2226 -949.4097 291.4838
v 539.8256 -948.3006 291.4842
v 542.1763 -952.6212 294.7242
f 16996 16997 16998
v 541.8596 -953.5912 294.2092
v 542.1763 -952.6212 294.7242
v 536.3655 -950.7247 294.7249
f 16999 17000 17001
v 542.0036 -953.6387 294.2081
v 541.8596 -953.5912 294.2092
v 540.1645 -958.7874 291.4456
f 17002 17003 17004
v 540.1077 -959.4441 291.1215
v 542.0036 -953.6387 294.2081
v 540.1645 -958.7874 291.4456
f 17005 17006 17007
v 534.3526 -956.8908 291.4464
v 541.8596 -953.5912 294.2092
v 536.3655 -950.7247 294.7249
f 17008 17009 17010
v 540.1645 -958.7874 291.4456
v 539.9658 -959.3978 291.1215
v 540.1077 -959.4441 291.1215
f 17011 17012 17013
v 541.8596 -953.5912 294.2092
v 534.3526 -956.8908 291.4464
v 540.1645 -958.7874 291.4456
f 17014 17015 17016
v 537.4125 -947.5118 289.2906
v 537.4127 -947.5120 291.4845
v 539.8256 -948.3006 291.4842
f 17017 17018 17019
v 543.2220 -949.4088 284.9040
v 543.2217 -949.4086 282.7101
v 537.4119 -947.5110 282.7108
f 17020 17021 17022
v 543.2226 -949.4097 291.4838
v 543.2220 -949.4088 284.9040
v 539.8256 -948.3006 291.4842
f 17023 17024 17025
v 540.1637 -958.7863 282.7089
v 534.3526 -956.8908 291.4464
v 534.3522 -956.8902 287.0775
f 17026 17027 17028
v 534.3526 -956.8908 291.4464
v 540.1637 -958.7863 282.7089
v 540.1640 -958.7868 286.5317
f 17029 17030 17031
v 534.3522 -956.8902 287.0775
v 534.3518 -956.8897 282.7097
v 540.1637 -958.7863 282.7089
f 17032 17033 17034
v 540.1075 -959.4439 289.0265
v 540.1077 -959.4441 291.1215
v 539.9656 -959.3976 289.0265
f 17035 17036 17037
v 540.1069 -959.4431 282.7088
v 540.1070 -959.4431 283.0668
v 539.9650 -959.3967 282.7088
f 17038 17039 17040
v 541.1986 -956.1040 290.7429
v 542.0030 -953.6379 288.3353
v 542.0036 -953.6387 294.2081
f 17041 17042 17043
v 540.1075 -959.4439 289.0265
v 541.1986 -956.1040 290.7429
v 540.1077 -959.4441 291.1215
f 17044 17045 17046
v 542.0036 -953.6387 294.2081
v 540.1077 -959.4441 291.1215
v 541.1986 -956.1040 290.7429
f 17047 17048 17049
v 540.1069 -959.4431 282.7088
v 542.0024 -953.6372 282.7095
v 542.0025 -953.6373 283.0675
f 17050 17051 17052
v 542.0025 -953.6373 283.0675
v 540.1070 -959.4431 283.0668
v 540.1069 -959.4431 282.7088
f 17053 17054 17055
v 542.2850 -962.0160 283.0663
v 543.9245 -956.9935 283.0669
v 544.7276 -954.5343 288.3410
f 17056 17057 17058
v 544.7276 -954.5343 288.3410
v 543.9245 -956.9935 283.0669
v 544.7271 -954.5336 283.0672
f 17059 17060 17061
v 542.2853 -962.0164 286.2481
v 544.7276 -954.5343 288.3410
v 543.9252 -956.9944 290.7426
f 17062 17063 17064
v 543.9252 -956.9944 290.7426
v 542.2855 -962.0167 288.1611
v 542.2853 -962.0164 286.2481
f 17065 17066 17067
v 544.7276 -954.5343 288.3410
v 542.2853 -962.0164 286.2481
v 542.2850 -962.0160 283.0663
f 17068 17069 17070
v 541.8591 -953.5906 288.3344
v 542.0025 -953.6373 283.0675
v 541.8586 -953.5899 282.7096
f 17071 17072 17073
v 541.8586 -953.5899 282.7096
v 542.0025 -953.6373 283.0675
v 542.0024 -953.6372 282.7095
f 17074 17075 17076
v 542.0030 -953.6379 288.3353
v 541.8591 -953.5906 288.3344
v 541.8596 -953.5912 294.2092
f 17077 17078 17079
v 544.7271 -954.5336 283.0672
v 542.0025 -953.6373 283.0675
v 542.0030 -953.6379 288.3353
f 17080 17081 17082
v 542.0030 -953.6379 288.3353
v 542.0025 -953.6373 283.0675
v 541.8591 -953.5906 288.3344
f 17083 17084 17085
v 544.7276 -954.5343 288.3410
v 544.7271 -954.5336 283.0672
v 542.0030 -953.6379 288.3353
f 17086 17087 17088
v 542.0036 -953.6387 294.2081
v 542.0030 -953.6379 288.3353
v 541.8596 -953.5912 294.2092
f 17089 17090 17091
v 541.8591 -953.5906 288.3344
v 542.1752 -952.6197 282.7097
v 543.2220 -949.4088 284.9040
f 17092 17093 17094
v 543.2220 -949.4088 284.9040
v 542.1752 -952.6197 282.7097
v 543.2217 -949.4086 282.7101
f 17095 17096 17097
v 543.2226 -949.4097 291.4838
v 541.8591 -953.5906 288.3344
v 543.2220 -949.4088 284.9040
f 17098 17099 17100
v 541.8596 -953.5912 294.2092
v 543.2226 -949.4097 291.4838
v 542.1763 -952.6212 294.7242
f 17101 17102 17103
v 541.8591 -953.5906 288.3344
v 543.2226 -949.4097 291.4838
v 541.8596 -953.5912 294.2092
f 17104 17105 17106
v 541.8586 -953.5899 282.7096
v 542.1752 -952.6197 282.7097
v 541.8591 -953.5906 288.3344
f 17107 17108 17109
v 534.3526 -956.8908 291.4464
v 536.3655 -950.7247 294.7249
v 534.3522 -956.8902 287.0775
f 17110 17111 17112
v 537.4127 -947.5120 291.4845
v 534.3518 -956.8897 282.7097
v 534.3522 -956.8902 287.0775
f 17113 17114 17115
v 537.4127 -947.5120 291.4845
v 534.3522 -956.8902 287.0775
v 536.3655 -950.7247 294.7249
f 17116 17117 17118
v 536.3643 -950.7231 282.7104
v 537.4125 -947.5118 289.2906
v 537.4119 -947.5110 282.7108
f 17119 17120 17121
v 534.3518 -956.8897 282.7097
v 537.4125 -947.5118 289.2906
v 536.3643 -950.7231 282.7104
f 17122 17123 17124
v 537.4127 -947.5120 291.4845
v 537.4125 -947.5118 289.2906
v 534.3518 -956.8897 282.7097
f 17125 17126 17127
v 539.4196 -961.0703 283.0666
v 540.1640 -958.7868 286.5317
v 539.9651 -959.3968 283.0668
f 17128 17129 17130
v 539.4196 -961.0703 283.0666
v 539.4201 -961.0709 288.1664
v 540.1640 -958.7868 286.5317
f 17131 17132 17133
v 539.9650 -959.3967 282.7088
v 539.9651 -959.3968 283.0668
v 540.1637 -958.7863 282.7089
f 17134 17135 17136
v 539.9651 -959.3968 283.0668
v 540.1640 -958.7868 286.5317
v 540.1637 -958.7863 282.7089
f 17137 17138 17139
v 539.9658 -959.3978 291.1215
v 540.1640 -958.7868 286.5317
v 539.9656 -959.3976 289.0265
f 17140 17141 17142
v 540.1645 -958.7874 291.4456
v 540.1640 -958.7868 286.5317
v 539.9658 -959.3978 291.1215
f 17143 17144 17145
v 539.9656 -959.3976 289.0265
v 540.1640 -958.7868 286.5317
v 539.4201 -961.0709 288.1664
f 17146 17147 17148
v 539.4196 -961.0703 283.0666
v 542.2850 -962.0160 283.0663
v 540.8308 -961.5367 288.1642
f 17149 17150 17151
v 539.8256 -948.3006 291.4842
v 537.4119 -947.5110 282.7108
v 537.4125 -947.5118 289.2906
f 17152 17153 17154
v 543.2220 -949.4088 284.9040
v 537.4119 -947.5110 282.7108
v 539.8256 -948.3006 291.4842
f 17155 17156 17157
v 540.1640 -958.7868 286.5317
v 540.1645 -958.7874 291.4456
v 534.3526 -956.8908 291.4464
f 17158 17159 17160
v 540.1077 -959.4441 291.1215
v 539.9658 -959.3978 291.1215
v 539.9656 -959.3976 289.0265
f 17161 17162 17163
v 540.1070 -959.4431 283.0668
v 539.9651 -959.3968 283.0668
v 539.9650 -959.3967 282.7088
f 17164 17165 17166

g building_ID_9249DB93-BCDA-4836-9514-79C092367C06
v 544.9866 -961.0352 283.0662
v 544.8837 -962.8719 283.0659
v 542.2850 -962.0160 283.0663
f 17167 17168 17169
v 546.8781 -955.2423 283.0669
v 543.9245 -956.9935 283.0669
v 544.7271 -954.5336 283.0672
f 17170 17171 17172
v 543.9245 -956.9935 283.0669
v 546.8781 -955.2423 283.0669
v 544.9866 -961.0352 283.0662
f 17173 17174 17175
v 544.8837 -962.8719 283.0659
v 544.9866 -961.0352 283.0662
v 545.4362 -961.1814 283.0661
f 17176 17177 17178
v 542.2850 -962.0160 283.0663
v 543.9245 -956.9935 283.0669
v 544.9866 -961.0352 283.0662
f 17179 17180 17181
v 546.0773 -957.6971 290.7423
v 543.9252 -956.9944 290.7426
v 544.9872 -961.0360 289.0269
f 17182 17183 17184
v 542.2855 -962.0167 288.1611
v 544.9872 -961.0360 289.0269
v 543.9252 -956.9944 290.7426
f 17185 17186 17187
v 545.4368 -961.1822 289.0268
v 544.9872 -961.0360 289.0269
v 544.8842 -962.8725 288.1577
f 17188 17189 17190
v 544.9872 -961.0360 289.0269
v 543.8990 -962.5480 288.1588
v 544.8842 -962.8725 288.1577
f 17191 17192 17193
v 544.9872 -961.0360 289.0269
v 542.2855 -962.0167 288.1611
v 543.8990 -962.5480 288.1588
f 17194 17195 17196
v 546.8786 -955.2430 288.3457
v 544.7276 -954.5343 288.3410
v 543.9252 -956.9944 290.7426
f 17197 17198 17199
v 543.9252 -956.9944 290.7426
v 546.0773 -957.6971 290.7423
v 546.8786 -955.2430 288.3457
f 17200 17201 17202
v 544.8837 -962.8719 283.0659
v 542.2852 -962.0162 284.9772
v 542.2850 -962.0160 283.0663
f 17203 17204 17205
v 545.4362 -961.1814 283.0661
v 545.4368 -961.1822 289.0268
v 544.8837 -962.8719 283.0659
f 17206 17207 17208
v 545.4368 -961.1822 289.0268
v 544.8842 -962.8725 288.1577
v 544.8837 -962.8719 283.0659
f 17209 17210 17211
v 547.5685 -955.4692 282.7848
v 547.8911 -954.4860 282.7849
v 554.7495 -953.1994 282.7845
f 17212 17213 17214
v 547.8911 -954.4860 282.7849
v 548.9367 -951.2939 282.7853
v 554.7495 -953.1994 282.7845
f 17215 17216 17217
v 553.7080 -956.3846 282.7841
v 547.5685 -955.4692 282.7848
v 554.7495 -953.1994 282.7845
f 17218 17219 17220
v 553.7080 -956.3846 282.7841
v 551.6804 -962.5821 282.7834
v 547.5685 -955.4692 282.7848
f 17221 17222 17223
v 546.8781 -955.2423 282.7849
v 545.8686 -960.6656 282.7842
v 544.9866 -961.0352 282.7842
f 17224 17225 17226
v 551.6804 -962.5821 282.7834
v 545.8686 -960.6656 282.7842
v 547.5685 -955.4692 282.7848
f 17227 17228 17229
v 545.8686 -960.6656 282.7842
v 545.6740 -961.2600 282.7841
v 544.9866 -961.0352 282.7842
f 17230 17231 17232
v 547.5685 -955.4692 282.7848
v 545.8686 -960.6656 282.7842
v 546.8781 -955.2423 282.7849
f 17233 17234 17235
v 553.7091 -956.3861 294.7226
v 549.3273 -961.8069 291.4313
v 551.6812 -962.5832 291.4270
f 17236 17237 17238
v 544.9874 -961.0362 291.1209
v 545.6748 -961.2611 291.1208
v 545.8694 -960.6667 291.4368
f 17239 17240 17241
v 547.5696 -955.4705 294.2003
v 545.8694 -960.6667 291.4368
v 549.3273 -961.8069 291.4313
f 17242 17243 17244
v 553.7091 -956.3861 294.7226
v 547.5696 -955.4705 294.2003
v 549.3273 -961.8069 291.4313
f 17245 17246 17247
v 546.8792 -955.2438 294.2014
v 545.8694 -960.6667 291.4368
v 547.5696 -955.4705 294.2003
f 17248 17249 17250
v 547.5696 -955.4705 294.2003
v 553.7091 -956.3861 294.7226
v 547.8923 -954.4875 294.7234
f 17251 17252 17253
v 544.9874 -961.0362 291.1209
v 545.8694 -960.6667 291.4368
v 546.8792 -955.2438 294.2014
f 17254 17255 17256
v 551.8379 -952.2457 291.5056
v 553.7091 -956.3861 294.7226
v 554.7504 -953.2005 291.5081
f 17257 17258 17259
v 547.8923 -954.4875 294.7234
v 551.8379 -952.2457 291.5056
v 548.9375 -951.2950 291.5020
f 17260 17261 17262
v 553.7091 -956.3861 294.7226
v 551.8379 -952.2457 291.5056
v 547.8923 -954.4875 294.7234
f 17263 17264 17265
v 551.6812 -962.5832 291.4270
v 545.8686 -960.6656 282.7842
v 551.6810 -962.5829 289.2641
f 17266 17267 17268
v 551.6804 -962.5821 282.7834
v 551.6808 -962.5827 287.1002
v 545.8686 -960.6656 282.7842
f 17269 17270 17271
v 549.3273 -961.8069 291.4313
v 545.8694 -960.6667 291.4368
v 545.8686 -960.6656 282.7842
f 17272 17273 17274
v 548.9367 -951.2939 282.7853
v 548.9375 -951.2950 291.5020
v 551.8379 -952.2457 291.5056
f 17275 17276 17277
v 551.8379 -952.2457 291.5056
v 554.7504 -953.2005 291.5081
v 554.7502 -953.2003 289.3272
f 17278 17279 17280
v 548.9367 -951.2939 282.7853
v 551.8379 -952.2457 291.5056
v 554.7499 -953.1999 287.1463
f 17281 17282 17283
v 554.7499 -953.1999 287.1463
v 554.7495 -953.1994 282.7845
v 548.9367 -951.2939 282.7853
f 17284 17285 17286
v 546.0773 -957.6971 290.7423
v 544.9872 -961.0360 289.0269
v 544.9874 -961.0362 291.1209
f 17287 17288 17289
v 546.8786 -955.2430 288.3457
v 546.0773 -957.6971 290.7423
v 546.8792 -955.2438 294.2014
f 17290 17291 17292
v 544.9874 -961.0362 291.1209
v 546.8792 -955.2438 294.2014
v 546.0773 -957.6971 290.7423
f 17293 17294 17295
v 546.8781 -955.2423 283.0669
v 544.9866 -961.0352 282.7842
v 544.9866 -961.0352 283.0662
f 17296 17297 17298
v 544.9866 -961.0352 282.7842
v 546.8781 -955.2423 283.0669
v 546.8781 -955.2423 282.7849
f 17299 17300 17301
v 545.6740 -961.2600 282.7841
v 545.6748 -961.2611 291.1208
v 545.4368 -961.1822 289.0268
f 17302 17303 17304
v 544.9872 -961.0360 289.0269
v 545.4368 -961.1822 289.0268
v 544.9874 -961.0362 291.1209
f 17305 17306 17307
v 545.6748 -961.2611 291.1208
v 544.9874 -961.0362 291.1209
v 545.4368 -961.1822 289.0268
f 17308 17309 17310
v 544.9866 -961.0352 282.7842
v 545.4362 -961.1814 283.0661
v 544.9866 -961.0352 283.0662
f 17311 17312 17313
v 545.6740 -961.2600 282.7841
v 545.4362 -961.1814 283.0661
v 544.9866 -961.0352 282.7842
f 17314 17315 17316
v 545.6740 -961.2600 282.7841
v 545.4368 -961.1822 289.0268
v 545.4362 -961.1814 283.0661
f 17317 17318 17319
v 545.6748 -961.2611 291.1208
v 545.8686 -960.6656 282.7842
v 545.8694 -960.6667 291.4368
f 17320 17321 17322
v 545.6748 -961.2611 291.1208
v 545.6740 -961.2600 282.7841
v 545.8686 -960.6656 282.7842
f 17323 17324 17325
v 544.7276 -954.5343 288.3410
v 542.2852 -962.0162 284.9772
v 542.2855 -962.0167 288.1611
f 17326 17327 17328
v 543.9245 -956.9935 283.0669
v 542.2850 -962.0160 283.0663
v 542.2852 -962.0162 284.9772
f 17329 17330 17331
v 542.2855 -962.0167 288.1611
v 543.9252 -956.9944 290.7426
v 544.7276 -954.5343 288.3410
f 17332 17333 17334
v 544.7271 -954.5336 283.0672
v 543.9245 -956.9935 283.0669
v 544.7276 -954.5343 288.3410
f 17335 17336 17337
v 544.7276 -954.5343 288.3410
v 543.9245 -956.9935 283.0669
v 542.2852 -962.0162 284.9772
f 17338 17339 17340
v 554.7502 -953.2003 289.3272
v 554.7504 -953.2005 291.5081
v 553.7091 -956.3861 294.7226
f 17341 17342 17343
v 554.7502 -953.2003 289.3272
v 551.6808 -962.5827 287.1002
v 554.7499 -953.1999 287.1463
f 17344 17345 17346
v 554.7499 -953.1999 287.1463
v 553.7080 -956.3846 282.7841
v 554.7495 -953.1994 282.7845
f 17347 17348 17349
v 553.7091 -956.3861 294.7226
v 551.6810 -962.5829 289.2641
v 554.7502 -953.2003 289.3272
f 17350 17351 17352
v 554.7502 -953.2003 289.3272
v 551.6810 -962.5829 289.2641
v 551.6808 -962.5827 287.1002
f 17353 17354 17355
v 553.7080 -956.3846 282.7841
v 554.7499 -953.1999 287.1463
v 551.6808 -962.5827 287.1002
f 17356 17357 17358
v 551.6804 -962.5821 282.7834
v 553.7080 -956.3846 282.7841
v 551.6808 -962.5827 287.1002
f 17359 17360 17361
v 551.6810 -962.5829 289.2641
v 553.7091 -956.3861 294.7226
v 551.6812 -962.5832 291.4270
f 17362 17363 17364
v 547.8911 -954.4860 282.7849
v 547.5685 -955.4692 282.7848
v 547.5691 -955.4699 288.3476
f 17365 17366 17367
v 548.9367 -951.2939 282.7853
v 547.8911 -954.4860 282.7849
v 547.5691 -955.4699 288.3476
f 17368 17369 17370
v 548.9375 -951.2950 291.5020
v 547.5696 -955.4705 294.2003
v 547.8923 -954.4875 294.7234
f 17371 17372 17373
v 548.9375 -951.2950 291.5020
v 548.9367 -951.2939 282.7853
v 547.5696 -955.4705 294.2003
f 17374 17375 17376
v 547.5696 -955.4705 294.2003
v 548.9367 -951.2939 282.7853
v 547.5691 -955.4699 288.3476
f 17377 17378 17379
v 546.8781 -955.2423 283.0669
v 544.7276 -954.5343 288.3410
v 546.8786 -955.2430 288.3457
f 17380 17381 17382
v 544.7276 -954.5343 288.3410
v 546.8781 -955.2423 283.0669
v 544.7271 -954.5336 283.0672
f 17383 17384 17385
v 546.8781 -955.2423 283.0669
v 547.5685 -955.4692 282.7848
v 546.8781 -955.2423 282.7849
f 17386 17387 17388
v 547.5685 -955.4692 282.7848
v 546.8781 -955.2423 283.0669
v 546.8786 -955.2430 288.3457
f 17389 17390 17391
v 547.5691 -955.4699 288.3476
v 546.8792 -955.2438 294.2014
v 547.5696 -955.4705 294.2003
f 17392 17393 17394
v 547.5691 -955.4699 288.3476
v 547.5685 -955.4692 282.7848
v 546.8786 -955.2430 288.3457
f 17395 17396 17397
v 547.5691 -955.4699 288.3476
v 546.8786 -955.2430 288.3457
v 546.8792 -955.2438 294.2014
f 17398 17399 17400
v 544.8837 -962.8719 283.0659
v 544.8842 -962.8725 288.1577
v 543.8990 -962.5480 288.1588
f 17401 17402 17403
v 543.8990 -962.5480 288.1588
v 542.2855 -962.0167 288.1611
v 544.8837 -962.8719 283.0659
f 17404 17405 17406
v 544.8837 -962.8719 283.0659
v 542.2855 -962.0167 288.1611
v 542.2852 -962.0162 284.9772
f 17407 17408 17409
v 545.8686 -960.6656 282.7842
v 551.6812 -962.5832 291.4270
v 549.3273 -961.8069 291.4313
f 17410 17411 17412
v 545.8686 -960.6656 282.7842
v 551.6808 -962.5827 287.1002
v 551.6810 -962.5829 289.2641
f 17413 17414 17415
v 551.8379 -952.2457 291.5056
v 554.7502 -953.2003 289.3272
v 554.7499 -953.1999 287.1463
f 17416 17417 17418

g building_ID_93E22CBE-FC5C-4CAA-9B31-8996E5777387
v 651.9388 -930.3109 281.7247
v 656.7989 -920.9241 281.7256
v 655.0834 -931.9303 281.7242
f 17419 17420 17421
v 667.8705 -926.6278 281.7236
v 655.0834 -931.9303 281.7242
v 656.7989 -920.9241 281.7256
f 17422 17423 17424
v 655.2101 -932.0337 281.7241
v 655.0684 -931.9604 281.7242
v 655.0834 -931.9303 281.7242
f 17425 17426 17427
v 667.8705 -926.6278 281.7236
v 668.0064 -938.5889 281.7217
v 662.5081 -935.7563 281.7227
f 17428 17429 17430
v 655.2101 -932.0337 281.7241
v 667.8705 -926.6278 281.7236
v 662.5081 -935.7563 281.7227
f 17431 17432 17433
v 672.8375 -929.2140 281.7226
v 668.0064 -938.5889 281.7217
v 667.8705 -926.6278 281.7236
f 17434 17435 17436
v 655.2101 -932.0337 281.7241
v 662.5081 -935.7563 281.7227
v 661.9663 -936.8067 281.7226
f 17437 17438 17439
v 654.6804 -933.0502 281.7240
v 655.2101 -932.0337 281.7241
v 661.9663 -936.8067 281.7226
f 17440 17441 17442
v 655.0834 -931.9303 281.7242
v 667.8705 -926.6278 281.7236
v 655.2101 -932.0337 281.7241
f 17443 17444 17445
v 668.0087 -938.5913 301.0600
v 672.8398 -929.2163 301.0609
v 667.8727 -926.6300 301.0618
f 17446 17447 17448
v 667.8727 -926.6300 301.0618
v 662.5103 -935.7586 301.0610
v 668.0087 -938.5913 301.0600
f 17449 17450 17451
v 655.2123 -932.0361 301.0623
v 661.9685 -936.8091 301.0609
v 662.5103 -935.7586 301.0610
f 17452 17453 17454
v 662.5103 -935.7586 301.0610
v 667.8727 -926.6300 301.0618
v 655.2123 -932.0361 301.0623
f 17455 17456 17457
v 651.9410 -930.3133 301.0629
v 655.0856 -931.9327 301.0624
v 656.8011 -920.9264 301.0639
f 17458 17459 17460
v 667.8727 -926.6300 301.0618
v 655.0856 -931.9327 301.0624
v 655.2123 -932.0361 301.0623
f 17461 17462 17463
v 655.0856 -931.9327 301.0624
v 655.0706 -931.9627 301.0624
v 655.2123 -932.0361 301.0623
f 17464 17465 17466
v 661.9685 -936.8091 301.0609
v 655.2123 -932.0361 301.0623
v 654.6826 -933.0526 301.0622
f 17467 17468 17469
v 656.8011 -920.9264 301.0639
v 655.0856 -931.9327 301.0624
v 667.8727 -926.6300 301.0618
f 17470 17471 17472
v 667.8705 -926.6278 281.7236
v 667.8727 -926.6300 301.0618
v 672.8398 -929.2163 301.0609
f 17473 17474 17475
v 656.7989 -920.9241 281.7256
v 656.8011 -920.9264 301.0639
v 667.8727 -926.6300 301.0618
f 17476 17477 17478
v 651.9388 -930.3109 281.7247
v 651.9410 -930.3133 301.0629
v 656.8011 -920.9264 301.0639
f 17479 17480 17481
v 655.0834 -931.9303 281.7242
v 655.0856 -931.9327 301.0624
v 651.9410 -930.3133 301.0629
f 17482 17483 17484
v 655.0684 -931.9604 281.7242
v 655.0706 -931.9627 301.0624
v 655.0856 -931.9327 301.0624
f 17485 17486 17487
v 655.2101 -932.0337 281.7241
v 655.2123 -932.0361 301.0623
v 655.0706 -931.9627 301.0624
f 17488 17489 17490
v 654.6804 -933.0502 281.7240
v 654.6826 -933.0526 301.0622
v 655.2123 -932.0361 301.0623
f 17491 17492 17493
v 661.9663 -936.8067 281.7226
v 661.9685 -936.8091 301.0609
v 654.6826 -933.0526 301.0622
f 17494 17495 17496
v 662.5081 -935.7563 281.7227
v 662.5103 -935.7586 301.0610
v 661.9685 -936.8091 301.0609
f 17497 17498 17499
v 668.0064 -938.5889 281.7217
v 668.0087 -938.5913 301.0600
v 662.5103 -935.7586 301.0610
f 17500 17501 17502
v 672.8375 -929.2140 281.7226
v 672.8398 -929.2163 301.0609
v 668.0087 -938.5913 301.0600
f 17503 17504 17505
v 667.8705 -926.6278 281.7236
v 672.8398 -929.2163 301.0609
v 672.8375 -929.2140 281.7226
f 17506 17507 17508
v 656.7989 -920.9241 281.7256
v 667.8727 -926.6300 301.0618
v 667.8705 -926.6278 281.7236
f 17509 17510 17511
v 651.9388 -930.3109 281.7247
v 656.8011 -920.9264 301.0639
v 656.7989 -920.9241 281.7256
f 17512 17513 17514
v 655.0834 -931.9303 281.7242
v 651.9410 -930.3133 301.0629
v 651.9388 -930.3109 281.7247
f 17515 17516 17517
v 655.0684 -931.9604 281.7242
v 655.0856 -931.9327 301.0624
v 655.0834 -931.9303 281.7242
f 17518 17519 17520
v 655.2101 -932.0337 281.7241
v 655.0706 -931.9627 301.0624
v 655.0684 -931.9604 281.7242
f 17521 17522 17523
v 654.6804 -933.0502 281.7240
v 655.2123 -932.0361 301.0623
v 655.2101 -932.0337 281.7241
f 17524 17525 17526
v 661.9663 -936.8067 281.7226
v 654.6826 -933.0526 301.0622
v 654.6804 -933.0502 281.7240
f 17527 17528 17529
v 662.5081 -935.7563 281.7227
v 661.9685 -936.8091 301.0609
v 661.9663 -936.8067 281.7226
f 17530 17531 17532
v 668.0064 -938.5889 281.7217
v 662.5103 -935.7586 301.0610
v 662.5081 -935.7563 281.7227
f 17533 17534 17535
v 672.8375 -929.2140 281.7226
v 668.0087 -938.5913 301.0600
v 668.0064 -938.5889 281.7217
f 17536 17537 17538

g building_ID_DF058498-91D0-437B-992C-4DC5CC0B37A7
v 625.0232 -916.0930 281.7295
v 618.1482 -913.4926 281.7305
v 626.0920 -915.0139 281.7295
f 17539 17540 17541
v 623.2675 -903.6474 281.7314
v 626.0920 -915.0139 281.7295
v 618.1482 -913.4926 281.7305
f 17542 17543 17544
v 626.0920 -915.0139 281.7295
v 637.6939 -912.4170 281.7287
v 629.7818 -916.9337 281.7289
f 17545 17546 17547
v 637.6939 -912.4170 281.7287
v 626.0920 -915.0139 281.7295
v 623.2675 -903.6474 281.7314
f 17548 17549 17550
v 624.0812 -916.7984 281.7295
v 624.1828 -916.6017 281.7295
v 624.5346 -917.0336 281.7294
f 17551 17552 17553
v 625.0232 -916.0930 281.7295
v 624.5346 -917.0336 281.7294
v 624.1828 -916.6017 281.7295
f 17554 17555 17556
v 624.1828 -916.6017 281.7295
v 618.1482 -913.4926 281.7305
v 625.0232 -916.0930 281.7295
f 17557 17558 17559
v 637.6939 -912.4170 281.7287
v 637.8417 -912.4934 281.7287
v 629.7818 -916.9337 281.7289
f 17560 17561 17562
v 638.2377 -911.3605 281.7288
v 637.6939 -912.4170 281.7287
v 623.2675 -903.6474 281.7314
f 17563 17564 17565
v 629.5118 -918.4279 281.7287
v 629.7818 -916.9337 281.7289
v 633.2642 -921.2800 281.7279
f 17566 17567 17568
v 633.2642 -921.2800 281.7279
v 629.7818 -916.9337 281.7289
v 637.8417 -912.4934 281.7287
f 17569 17570 17571
v 629.3469 -919.5366 281.7285
v 629.0233 -919.3686 281.7286
v 629.4585 -919.3199 281.7286
f 17572 17573 17574
v 629.5118 -918.4279 281.7287
v 629.4585 -919.3199 281.7286
v 629.0233 -919.3686 281.7286
f 17575 17576 17577
v 633.2642 -921.2800 281.7279
v 629.4585 -919.3199 281.7286
v 629.5118 -918.4279 281.7287
f 17578 17579 17580
v 637.8435 -912.4953 298.0341
v 629.7837 -916.9357 298.0343
v 633.2660 -921.2820 298.0333
f 17581 17582 17583
v 637.6957 -912.4189 298.0341
v 629.7837 -916.9357 298.0343
v 637.8435 -912.4953 298.0341
f 17584 17585 17586
v 638.2395 -911.3623 298.0342
v 623.2693 -903.6493 298.0368
v 637.6957 -912.4189 298.0341
f 17587 17588 17589
v 629.7837 -916.9357 298.0343
v 629.5137 -918.4300 298.0341
v 633.2660 -921.2820 298.0333
f 17590 17591 17592
v 629.3486 -919.5385 298.0339
v 629.4602 -919.3218 298.0340
v 629.0252 -919.3706 298.0340
f 17593 17594 17595
v 629.5137 -918.4300 298.0341
v 629.0252 -919.3706 298.0340
v 629.4602 -919.3218 298.0340
f 17596 17597 17598
v 629.4602 -919.3218 298.0340
v 633.2660 -921.2820 298.0333
v 629.5137 -918.4300 298.0341
f 17599 17600 17601
v 626.0939 -915.0158 298.0349
v 629.7837 -916.9357 298.0343
v 637.6957 -912.4189 298.0341
f 17602 17603 17604
v 623.2693 -903.6493 298.0368
v 618.1499 -913.4945 298.0359
v 626.0939 -915.0158 298.0349
f 17605 17606 17607
v 625.0249 -916.0950 298.0349
v 626.0939 -915.0158 298.0349
v 618.1499 -913.4945 298.0359
f 17608 17609 17610
v 626.0939 -915.0158 298.0349
v 637.6957 -912.4189 298.0341
v 623.2693 -903.6493 298.0368
f 17611 17612 17613
v 624.0831 -916.8004 298.0349
v 624.5364 -917.0357 298.0348
v 624.1846 -916.6036 298.0349
f 17614 17615 17616
v 625.0249 -916.0950 298.0349
v 624.1846 -916.6036 298.0349
v 624.5364 -917.0357 298.0348
f 17617 17618 17619
v 618.1499 -913.4945 298.0359
v 624.1846 -916.6036 298.0349
v 625.0249 -916.0950 298.0349
f 17620 17621 17622
v 624.5346 -917.0336 281.7294
v 624.5364 -917.0357 298.0348
v 624.0831 -916.8004 298.0349
f 17623 17624 17625
v 625.0232 -916.0930 281.7295
v 625.0249 -916.0950 298.0349
v 624.5364 -917.0357 298.0348
f 17626 17627 17628
v 626.0920 -915.0139 281.7295
v 626.0939 -915.0158 298.0349
v 625.0249 -916.0950 298.0349
f 17629 17630 17631
v 629.7818 -916.9337 281.7289
v 629.7837 -916.9357 298.0343
v 626.0939 -915.0158 298.0349
f 17632 17633 17634
v 629.5118 -918.4279 281.7287
v 629.5137 -918.4300 298.0341
v 629.7837 -916.9357 298.0343
f 17635 17636 17637
v 629.0233 -919.3686 281.7286
v 629.0252 -919.3706 298.0340
v 629.5137 -918.4300 298.0341
f 17638 17639 17640
v 629.3469 -919.5366 281.7285
v 629.3486 -919.5385 298.0339
v 629.0252 -919.3706 298.0340
f 17641 17642 17643
v 629.4585 -919.3199 281.7286
v 629.4602 -919.3218 298.0340
v 629.3486 -919.5385 298.0339
f 17644 17645 17646
v 633.2642 -921.2800 281.7279
v 633.2660 -921.2820 298.0333
v 629.4602 -919.3218 298.0340
f 17647 17648 17649
v 637.8417 -912.4934 281.7287
v 637.8435 -912.4953 298.0341
v 633.2660 -921.2820 298.0333
f 17650 17651 17652
v 637.6939 -912.4170 281.7287
v 637.6957 -912.4189 298.0341
v 637.8435 -912.4953 298.0341
f 17653 17654 17655
v 638.2377 -911.3605 281.7288
v 638.2395 -911.3623 298.0342
v 637.6957 -912.4189 298.0341
f 17656 17657 17658
v 623.2675 -903.6474 281.7314
v 623.2693 -903.6493 298.0368
v 638.2395 -911.3623 298.0342
f 17659 17660 17661
v 618.1482 -913.4926 281.7305
v 618.1499 -913.4945 298.0359
v 623.2693 -903.6493 298.0368
f 17662 17663 17664
v 624.1828 -916.6017 281.7295
v 624.1846 -916.6036 298.0349
v 618.1499 -913.4945 298.0359
f 17665 17666 17667
v 624.0812 -916.7984 281.7295
v 624.0831 -916.8004 298.0349
v 624.1846 -916.6036 298.0349
f 17668 17669 17670
v 624.5346 -917.0336 281.7294
v 624.0831 -916.8004 298.0349
v 624.0812 -916.7984 281.7295
f 17671 17672 17673
v 625.0232 -916.0930 281.7295
v 624.5364 -917.0357 298.0348
v 624.5346 -917.0336 281.7294
f 17674 17675 17676
v 626.0920 -915.0139 281.7295
v 625.0249 -916.0950 298.0349
v 625.0232 -916.0930 281.7295
f 17677 17678 17679
v 629.7818 -916.9337 281.7289
v 626.0939 -915.0158 298.0349
v 626.0920 -915.0139 281.7295
f 17680 17681 17682
v 629.5118 -918.4279 281.7287
v 629.7837 -916.9357 298.0343
v 629.7818 -916.9337 281.7289
f 17683 17684 17685
v 629.0233 -919.3686 281.7286
v 629.5137 -918.4300 298.0341
v 629.5118 -918.4279 281.7287
f 17686 17687 17688
v 629.3469 -919.5366 281.7285
v 629.0252 -919.3706 298.0340
v 629.0233 -919.3686 281.7286
f 17689 17690 17691
v 629.4585 -919.3199 281.7286
v 629.3486 -919.5385 298.0339
v 629.3469 -919.5366 281.7285
f 17692 17693 17694
v 633.2642 -921.2800 281.7279
v 629.4602 -919.3218 298.0340
v 629.4585 -919.3199 281.7286
f 17695 17696 17697
v 637.8417 -912.4934 281.7287
v 633.2660 -921.2820 298.0333
v 633.2642 -921.2800 281.7279
f 17698 17699 17700
v 637.6939 -912.4170 281.7287
v 637.8435 -912.4953 298.0341
v 637.8417 -912.4934 281.7287
f 17701 17702 17703
v 638.2377 -911.3605 281.7288
v 637.6957 -912.4189 298.0341
v 637.6939 -912.4170 281.7287
f 17704 17705 17706
v 623.2675 -903.6474 281.7314
v 638.2395 -911.3623 298.0342
v 638.2377 -911.3605 281.7288
f 17707 17708 17709
v 618.1482 -913.4926 281.7305
v 623.2693 -903.6493 298.0368
v 623.2675 -903.6474 281.7314
f 17710 17711 17712
v 624.1828 -916.6017 281.7295
v 618.1499 -913.4945 298.0359
v 618.1482 -913.4926 281.7305
f 17713 17714 17715
v 624.0812 -916.7984 281.7295
v 624.1846 -916.6036 298.0349
v 624.1828 -916.6017 281.7295
f 17716 17717 17718

g building_ID_299327AB-4CD8-48B5-9D9E-7A59998DF275
v 637.9595 -912.5457 281.7287
v 632.9506 -921.8682 281.7279
v 637.8397 -912.4924 281.7287
f 17719 17720 17721
v 632.9506 -921.8682 281.7279
v 637.9595 -912.5457 281.7287
v 640.7536 -913.9932 281.7282
f 17722 17723 17724
v 656.1170 -921.9943 281.7255
v 645.7638 -928.4705 281.7256
v 640.7536 -913.9932 281.7282
f 17725 17726 17727
v 640.7536 -913.9932 281.7282
v 645.7638 -928.4705 281.7256
v 638.4639 -924.7100 281.7269
f 17728 17729 17730
v 638.4639 -924.7100 281.7269
v 645.7638 -928.4705 281.7256
v 638.4248 -924.7758 281.7269
f 17731 17732 17733
v 645.1677 -929.6289 281.7255
v 637.8799 -925.8353 281.7268
v 638.4248 -924.7758 281.7269
f 17734 17735 17736
v 638.4639 -924.7100 281.7269
v 632.9506 -921.8682 281.7279
v 640.7536 -913.9932 281.7282
f 17737 17738 17739
v 645.1677 -929.6289 281.7255
v 638.4248 -924.7758 281.7269
v 645.7638 -928.4705 281.7256
f 17740 17741 17742
v 656.1170 -921.9943 281.7255
v 651.9398 -930.3109 281.7247
v 645.7638 -928.4705 281.7256
f 17743 17744 17745
v 656.2581 -921.9806 281.7255
v 656.1170 -921.9943 281.7255
v 656.1522 -921.9264 281.7255
f 17746 17747 17748
v 656.1170 -921.9943 281.7255
v 656.2581 -921.9806 281.7255
v 651.9398 -930.3109 281.7247
f 17749 17750 17751
v 651.4199 -931.3846 281.7246
v 645.7638 -928.4705 281.7256
v 651.9398 -930.3109 281.7247
f 17752 17753 17754
v 651.4199 -931.3846 281.7246
v 651.9398 -930.3109 281.7247
v 651.9668 -930.3240 281.7247
f 17755 17756 17757
v 651.9423 -930.3137 303.7179
v 656.2606 -921.9832 303.7187
v 656.1196 -921.9969 303.7187
f 17758 17759 17760
v 656.2606 -921.9832 303.7187
v 656.1547 -921.9290 303.7187
v 656.1196 -921.9969 303.7187
f 17761 17762 17763
v 656.1196 -921.9969 303.7187
v 645.7662 -928.4731 303.7188
v 651.9423 -930.3137 303.7179
f 17764 17765 17766
v 651.9692 -930.3267 303.7179
v 651.9423 -930.3137 303.7179
v 651.4224 -931.3873 303.7177
f 17767 17768 17769
v 651.9423 -930.3137 303.7179
v 645.7662 -928.4731 303.7188
v 651.4224 -931.3873 303.7177
f 17770 17771 17772
v 632.9531 -921.8708 303.7211
v 640.7561 -913.9958 303.7214
v 637.9620 -912.5483 303.7219
f 17773 17774 17775
v 637.9620 -912.5483 303.7219
v 637.8421 -912.4950 303.7219
v 632.9531 -921.8708 303.7211
f 17776 17777 17778
v 638.4664 -924.7126 303.7201
v 640.7561 -913.9958 303.7214
v 632.9531 -921.8708 303.7211
f 17779 17780 17781
v 638.4272 -924.7784 303.7201
v 645.7662 -928.4731 303.7188
v 638.4664 -924.7126 303.7201
f 17782 17783 17784
v 640.7561 -913.9958 303.7214
v 638.4664 -924.7126 303.7201
v 645.7662 -928.4731 303.7188
f 17785 17786 17787
v 638.4272 -924.7784 303.7201
v 637.8824 -925.8380 303.7200
v 645.1701 -929.6315 303.7187
f 17788 17789 17790
v 645.7662 -928.4731 303.7188
v 638.4272 -924.7784 303.7201
v 645.1701 -929.6315 303.7187
f 17791 17792 17793
v 656.1196 -921.9969 303.7187
v 640.7561 -913.9958 303.7214
v 645.7662 -928.4731 303.7188
f 17794 17795 17796
v 632.9506 -921.8682 281.7279
v 632.9531 -921.8708 303.7211
v 637.8397 -912.4924 281.7287
f 17797 17798 17799
v 638.4639 -924.7100 281.7269
v 638.4664 -924.7126 303.7201
v 632.9506 -921.8682 281.7279
f 17800 17801 17802
v 638.4248 -924.7758 281.7269
v 638.4272 -924.7784 303.7201
v 638.4664 -924.7126 303.7201
f 17803 17804 17805
v 637.8799 -925.8353 281.7268
v 637.8824 -925.8380 303.7200
v 638.4272 -924.7784 303.7201
f 17806 17807 17808
v 645.1677 -929.6289 281.7255
v 645.1701 -929.6315 303.7187
v 637.8824 -925.8380 303.7200
f 17809 17810 17811
v 645.7638 -928.4705 281.7256
v 645.7662 -928.4731 303.7188
v 645.1701 -929.6315 303.7187
f 17812 17813 17814
v 651.9668 -930.3240 281.7247
v 651.9692 -930.3267 303.7179
v 651.4224 -931.3873 303.7177
f 17815 17816 17817
v 651.9398 -930.3109 281.7247
v 651.9423 -930.3137 303.7179
v 651.9692 -930.3267 303.7179
f 17818 17819 17820
v 656.2581 -921.9806 281.7255
v 656.2606 -921.9832 303.7187
v 651.9423 -930.3137 303.7179
f 17821 17822 17823
v 656.1522 -921.9264 281.7255
v 656.1547 -921.9290 303.7187
v 656.2606 -921.9832 303.7187
f 17824 17825 17826
v 656.1170 -921.9943 281.7255
v 656.1196 -921.9969 303.7187
v 656.1547 -921.9290 303.7187
f 17827 17828 17829
v 637.8397 -912.4924 281.7287
v 637.8421 -912.4950 303.7219
v 637.9620 -912.5483 303.7219
f 17830 17831 17832
v 645.7662 -928.4731 303.7188
v 645.7638 -928.4705 281.7256
v 651.4199 -931.3846 281.7246
f 17833 17834 17835
v 637.9620 -912.5483 303.7219
v 640.7561 -913.9958 303.7214
v 640.7536 -913.9932 281.7282
f 17836 17837 17838
v 656.1170 -921.9943 281.7255
v 640.7536 -913.9932 281.7282
v 640.7561 -913.9958 303.7214
f 17839 17840 17841
v 632.9531 -921.8708 303.7211
v 637.8421 -912.4950 303.7219
v 637.8397 -912.4924 281.7287
f 17842 17843 17844
v 638.4664 -924.7126 303.7201
v 632.9531 -921.8708 303.7211
v 632.9506 -921.8682 281.7279
f 17845 17846 17847
v 638.4248 -924.7758 281.7269
v 638.4664 -924.7126 303.7201
v 638.4639 -924.7100 281.7269
f 17848 17849 17850
v 637.8799 -925.8353 281.7268
v 638.4272 -924.7784 303.7201
v 638.4248 -924.7758 281.7269
f 17851 17852 17853
v 645.1677 -929.6289 281.7255
v 637.8824 -925.8380 303.7200
v 637.8799 -925.8353 281.7268
f 17854 17855 17856
v 645.7638 -928.4705 281.7256
v 645.1701 -929.6315 303.7187
v 645.1677 -929.6289 281.7255
f 17857 17858 17859
v 651.9668 -930.3240 281.7247
v 651.4224 -931.3873 303.7177
v 651.4199 -931.3846 281.7246
f 17860 17861 17862
v 651.9398 -930.3109 281.7247
v 651.9692 -930.3267 303.7179
v 651.9668 -930.3240 281.7247
f 17863 17864 17865
v 656.2581 -921.9806 281.7255
v 651.9423 -930.3137 303.7179
v 651.9398 -930.3109 281.7247
f 17866 17867 17868
v 656.1522 -921.9264 281.7255
v 656.2606 -921.9832 303.7187
v 656.2581 -921.9806 281.7255
f 17869 17870 17871
v 656.1170 -921.9943 281.7255
v 656.1547 -921.9290 303.7187
v 656.1522 -921.9264 281.7255
f 17872 17873 17874
v 637.8397 -912.4924 281.7287
v 637.9620 -912.5483 303.7219
v 637.9595 -912.5457 281.7287
f 17875 17876 17877
v 645.7662 -928.4731 303.7188
v 651.4199 -931.3846 281.7246
v 651.4224 -931.3873 303.7177
f 17878 17879 17880
v 637.9620 -912.5483 303.7219
v 640.7536 -913.9932 281.7282
v 637.9595 -912.5457 281.7287
f 17881 17882 17883
v 656.1170 -921.9943 281.7255
v 640.7561 -913.9958 303.7214
v 656.1196 -921.9969 303.7187
f 17884 17885 17886

g building_ID_077488E1-BADF-46F6-90A6-7A0051EC948E
v 608.6295 -905.9302 281.7325
v 607.5617 -907.0092 281.7324
v 600.5187 -904.4094 281.7335
f 17887 17888 17889
v 605.6021 -894.5462 281.7345
v 608.6295 -905.9302 281.7325
v 600.5187 -904.4094 281.7335
f 17890 17891 17892
v 606.9767 -907.7367 281.7324
v 600.5187 -904.4094 281.7335
v 607.5617 -907.0092 281.7324
f 17893 17894 17895
v 606.9104 -907.8655 281.7324
v 606.9767 -907.7367 281.7324
v 607.0722 -907.9499 281.7324
f 17896 17897 17898
v 607.5617 -907.0092 281.7324
v 607.0722 -907.9499 281.7324
v 606.9767 -907.7367 281.7324
f 17899 17900 17901
v 612.3204 -907.8500 281.7319
v 608.6295 -905.9302 281.7325
v 623.2675 -903.6474 281.7314
f 17902 17903 17904
v 605.6021 -894.5462 281.7345
v 623.2675 -903.6474 281.7314
v 608.6295 -905.9302 281.7325
f 17905 17906 17907
v 618.1482 -913.4926 281.7305
v 612.3204 -907.8500 281.7319
v 623.2675 -903.6474 281.7314
f 17908 17909 17910
v 618.1482 -913.4926 281.7305
v 611.6382 -910.1391 281.7316
v 612.0514 -909.3453 281.7317
f 17911 17912 17913
v 612.3204 -907.8500 281.7319
v 618.1482 -913.4926 281.7305
v 612.0514 -909.3453 281.7317
f 17914 17915 17916
v 612.3221 -907.8520 298.0373
v 623.2693 -903.6493 298.0368
v 608.6313 -905.9320 298.0379
f 17917 17918 17919
v 605.6038 -894.5480 298.0399
v 608.6313 -905.9320 298.0379
v 623.2693 -903.6493 298.0368
f 17920 17921 17922
v 618.1499 -913.4945 298.0359
v 623.2693 -903.6493 298.0368
v 612.3221 -907.8520 298.0373
f 17923 17924 17925
v 611.6400 -910.1411 298.0370
v 618.1499 -913.4945 298.0359
v 612.0531 -909.3472 298.0371
f 17926 17927 17928
v 612.3221 -907.8520 298.0373
v 612.0531 -909.3472 298.0371
v 618.1499 -913.4945 298.0359
f 17929 17930 17931
v 607.5634 -907.0112 298.0378
v 608.6313 -905.9320 298.0379
v 600.5204 -904.4113 298.0389
f 17932 17933 17934
v 605.6038 -894.5480 298.0399
v 600.5204 -904.4113 298.0389
v 608.6313 -905.9320 298.0379
f 17935 17936 17937
v 606.9785 -907.7387 298.0378
v 607.5634 -907.0112 298.0378
v 600.5204 -904.4113 298.0389
f 17938 17939 17940
v 606.9121 -907.8674 298.0378
v 607.0739 -907.9519 298.0378
v 606.9785 -907.7387 298.0378
f 17941 17942 17943
v 607.5634 -907.0112 298.0378
v 606.9785 -907.7387 298.0378
v 607.0739 -907.9519 298.0378
f 17944 17945 17946
v 607.0722 -907.9499 281.7324
v 607.0739 -907.9519 298.0378
v 606.9121 -907.8674 298.0378
f 17947 17948 17949
v 607.5617 -907.0092 281.7324
v 607.5634 -907.0112 298.0378
v 607.0739 -907.9519 298.0378
f 17950 17951 17952
v 608.6295 -905.9302 281.7325
v 608.6313 -905.9320 298.0379
v 607.5634 -907.0112 298.0378
f 17953 17954 17955
v 612.3204 -907.8500 281.7319
v 612.3221 -907.8520 298.0373
v 608.6313 -905.9320 298.0379
f 17956 17957 17958
v 612.0514 -909.3453 281.7317
v 612.0531 -909.3472 298.0371
v 612.3204 -907.8500 281.7319
f 17959 17960 17961
v 611.6382 -910.1391 281.7316
v 611.6400 -910.1411 298.0370
v 612.0531 -909.3472 298.0371
f 17962 17963 17964
v 618.1482 -913.4926 281.7305
v 618.1499 -913.4945 298.0359
v 611.6400 -910.1411 298.0370
f 17965 17966 17967
v 623.2675 -903.6474 281.7314
v 623.2693 -903.6493 298.0368
v 618.1499 -913.4945 298.0359
f 17968 17969 17970
v 605.6021 -894.5462 281.7345
v 605.6038 -894.5480 298.0399
v 623.2693 -903.6493 298.0368
f 17971 17972 17973
v 600.5187 -904.4094 281.7335
v 600.5204 -904.4113 298.0389
v 605.6038 -894.5480 298.0399
f 17974 17975 17976
v 606.9767 -907.7367 281.7324
v 606.9785 -907.7387 298.0378
v 600.5204 -904.4113 298.0389
f 17977 17978 17979
v 606.9104 -907.8655 281.7324
v 606.9121 -907.8674 298.0378
v 606.9785 -907.7387 298.0378
f 17980 17981 17982
v 607.0722 -907.9499 281.7324
v 606.9121 -907.8674 298.0378
v 606.9104 -907.8655 281.7324
f 17983 17984 17985
v 607.5617 -907.0092 281.7324
v 607.0739 -907.9519 298.0378
v 607.0722 -907.9499 281.7324
f 17986 17987 17988
v 608.6295 -905.9302 281.7325
v 607.5634 -907.0112 298.0378
v 607.5617 -907.0092 281.7324
f 17989 17990 17991
v 612.3204 -907.8500 281.7319
v 608.6313 -905.9320 298.0379
v 608.6295 -905.9302 281.7325
f 17992 17993 17994
v 612.0531 -909.3472 298.0371
v 612.3221 -907.8520 298.0373
v 612.3204 -907.8500 281.7319
f 17995 17996 17997
v 611.6382 -910.1391 281.7316
v 612.0531 -909.3472 298.0371
v 612.0514 -909.3453 281.7317
f 17998 17999 18000
v 618.1482 -913.4926 281.7305
v 611.6400 -910.1411 298.0370
v 611.6382 -910.1391 281.7316
f 18001 18002 18003
v 623.2675 -903.6474 281.7314
v 618.1499 -913.4945 298.0359
v 618.1482 -913.4926 281.7305
f 18004 18005 18006
v 605.6021 -894.5462 281.7345
v 623.2693 -903.6493 298.0368
v 623.2675 -903.6474 281.7314
f 18007 18008 18009
v 600.5187 -904.4094 281.7335
v 605.6038 -894.5480 298.0399
v 605.6021 -894.5462 281.7345
f 18010 18011 18012
v 606.9767 -907.7367 281.7324
v 600.5204 -904.4113 298.0389
v 600.5187 -904.4094 281.7335
f 18013 18014 18015
v 606.9104 -907.8655 281.7324
v 606.9785 -907.7387 298.0378
v 606.9767 -907.7367 281.7324
f 18016 18017 18018
