# Grid Center: 2616400, 1266200
# Global Anchor: 7.64977475454284, 47.53283995868075, 0.0

g building_ID_8DB19635-94C0-4805-8D5E-EBD6B8B14F98
v 342.6163 1299.1324 276.6095
v 343.2864 1299.8947 276.6094
v 342.6882 1300.5621 276.2703
f 1 2 3
v 342.6882 1300.5621 276.2703
v 341.8676 1299.6313 276.2705
v 342.6163 1299.1324 276.6095
f 4 5 6
v 343.2864 1299.8947 276.6094
v 344.1239 1300.4684 276.6092
v 343.7130 1301.2664 276.2701
f 7 8 9
v 343.7130 1301.2664 276.2701
v 342.6882 1300.5621 276.2703
v 343.2864 1299.8947 276.6094
f 10 11 12
v 343.7130 1301.2664 276.2701
v 345.0758 1300.8198 276.6091
v 344.8782 1301.6952 276.2699
f 13 14 15
v 345.0758 1300.8198 276.6091
v 343.7130 1301.2664 276.2701
v 344.1239 1300.4684 276.6092
f 16 17 18
v 344.8782 1301.6952 276.2699
v 346.0821 1300.9251 276.6090
v 346.1125 1301.8259 276.2698
f 19 20 21
v 346.0821 1300.9251 276.6090
v 344.8782 1301.6952 276.2699
v 345.0758 1300.8198 276.6091
f 22 23 24
v 346.1125 1301.8259 276.2698
v 347.0807 1300.7795 276.6090
v 347.3340 1301.6477 276.2698
f 25 26 27
v 347.0807 1300.7795 276.6090
v 346.1125 1301.8259 276.2698
v 346.0821 1300.9251 276.6090
f 28 29 30
v 347.3340 1301.6477 276.2698
v 348.0086 1300.3909 276.6090
v 348.4707 1301.1716 276.2698
f 31 32 33
v 348.0086 1300.3909 276.6090
v 347.3340 1301.6477 276.2698
v 347.0807 1300.7795 276.6090
f 34 35 36
v 348.4707 1301.1716 276.2698
v 348.8070 1299.7848 276.6091
v 349.4487 1300.4290 276.2699
f 37 38 39
v 348.8070 1299.7848 276.6091
v 348.4707 1301.1716 276.2698
v 348.0086 1300.3909 276.6090
f 40 41 42
v 349.4487 1300.4290 276.2699
v 349.4248 1298.9982 276.6092
v 350.2061 1299.4660 276.2701
f 43 44 45
v 349.4248 1298.9982 276.6092
v 349.4487 1300.4290 276.2699
v 348.8070 1299.7848 276.6091
f 46 47 48
v 343.4543 1301.7670 275.8760
v 344.8782 1301.6952 276.2699
v 344.7546 1302.2465 275.8758
f 49 50 51
v 344.8782 1301.6952 276.2699
v 343.4543 1301.7670 275.8760
v 343.7130 1301.2664 276.2701
f 52 53 54
v 344.7546 1302.2465 275.8758
v 346.1125 1301.8259 276.2698
v 346.1300 1302.3918 275.8757
f 55 56 57
v 346.1125 1301.8259 276.2698
v 344.7546 1302.2465 275.8758
v 344.8782 1301.6952 276.2699
f 58 59 60
v 346.1300 1302.3918 275.8757
v 347.3340 1301.6477 276.2698
v 347.4944 1302.1922 275.8757
f 61 62 63
v 347.3340 1301.6477 276.2698
v 346.1300 1302.3918 275.8757
v 346.1125 1301.8259 276.2698
f 64 65 66
v 347.4944 1302.1922 275.8757
v 348.4707 1301.1716 276.2698
v 348.7620 1301.6628 275.8757
f 67 68 69
v 348.4707 1301.1716 276.2698
v 347.4944 1302.1922 275.8757
v 347.3340 1301.6477 276.2698
f 70 71 72
v 348.7620 1301.6628 275.8757
v 349.4487 1300.4290 276.2699
v 349.8517 1300.8329 275.8758
f 73 74 75
v 349.4487 1300.4290 276.2699
v 348.7620 1301.6628 275.8757
v 348.4707 1301.1716 276.2698
f 76 77 78
v 349.8517 1300.8329 275.8758
v 350.2061 1299.4660 276.2701
v 350.6968 1299.7596 275.8760
f 79 80 81
v 350.2061 1299.4660 276.2701
v 349.8517 1300.8329 275.8758
v 349.4487 1300.4290 276.2699
f 82 83 84
v 350.2061 1299.4660 276.2701
v 350.6971 1298.3428 276.2703
v 351.2445 1298.5071 275.8762
f 85 86 87
v 351.2445 1298.5071 275.8762
v 350.6968 1299.7596 275.8760
v 350.2061 1299.4660 276.2701
f 88 89 90
v 350.6968 1299.7596 275.8760
v 351.2445 1298.5071 275.8762
v 351.4306 1298.5626 275.4542
f 91 92 93
v 351.4306 1298.5626 275.4542
v 350.8641 1299.8591 275.4540
v 350.6968 1299.7596 275.8760
f 94 95 96
v 350.8626 1299.8538 252.4498
v 350.8641 1299.8591 275.4540
v 351.4306 1298.5626 275.4542
f 97 98 99
v 341.5912 1293.5151 275.8777
v 340.8894 1294.6890 275.8775
v 340.7121 1294.6104 275.4556
f 100 101 102
v 340.7121 1294.6104 275.4556
v 341.4389 1293.3954 275.4558
v 341.5912 1293.5151 275.8777
f 103 104 105
v 341.4374 1293.3901 252.4516
v 341.4389 1293.3954 275.4558
v 340.7121 1294.6104 275.4556
f 106 107 108
v 340.7107 1294.6051 252.4514
v 340.7121 1294.6104 275.4556
v 340.3138 1295.9684 275.4553
f 109 110 111
v 340.5069 1296.0009 275.8773
v 340.4656 1297.3721 275.8770
v 340.2716 1297.3874 275.4550
f 112 113 114
v 340.2716 1297.3874 275.4550
v 340.3138 1295.9684 275.4553
v 340.5069 1296.0009 275.8773
f 115 116 117
v 340.3123 1295.9631 252.4511
v 340.3138 1295.9684 275.4553
v 340.2716 1297.3874 275.4550
f 118 119 120
v 340.4656 1297.3721 275.8770
v 340.7682 1298.7142 275.8767
v 340.5854 1298.7766 275.4547
f 121 122 123
v 340.5854 1298.7766 275.4547
v 340.2716 1297.3874 275.4550
v 340.4656 1297.3721 275.8770
f 124 125 126
v 340.2701 1297.3822 252.4508
v 340.2716 1297.3874 275.4550
v 340.5854 1298.7766 275.4547
f 127 128 129
v 340.7682 1298.7142 275.8767
v 341.3965 1299.9435 275.8764
v 341.2367 1300.0498 275.4544
f 130 131 132
v 341.2367 1300.0498 275.4544
v 340.5854 1298.7766 275.4547
v 340.7682 1298.7142 275.8767
f 133 134 135
v 340.5838 1298.7714 252.4505
v 340.5854 1298.7766 275.4547
v 341.2367 1300.0498 275.4544
f 136 137 138
v 341.3965 1299.9435 275.8764
v 342.3113 1300.9831 275.8762
v 342.1826 1301.1263 275.4542
f 139 140 141
v 342.1826 1301.1263 275.4542
v 341.2367 1300.0498 275.4544
v 341.3965 1299.9435 275.8764
f 142 143 144
v 341.2353 1300.0446 252.4502
v 341.2367 1300.0498 275.4544
v 342.1826 1301.1263 275.4542
f 145 146 147
v 342.1826 1301.1263 275.4542
v 343.4543 1301.7670 275.8760
v 343.3667 1301.9381 275.4539
f 148 149 150
v 343.4543 1301.7670 275.8760
v 342.1826 1301.1263 275.4542
v 342.3113 1300.9831 275.8762
f 151 152 153
v 342.1811 1301.1210 252.4500
v 342.1826 1301.1263 275.4542
v 343.3667 1301.9381 275.4539
f 154 155 156
v 343.3667 1301.9381 275.4539
v 344.7546 1302.2465 275.8758
v 344.7131 1302.4346 275.4538
f 157 158 159
v 344.7546 1302.2465 275.8758
v 343.3667 1301.9381 275.4539
v 343.4543 1301.7670 275.8760
f 160 161 162
v 343.3653 1301.9329 252.4497
v 343.3667 1301.9381 275.4539
v 344.7131 1302.4346 275.4538
f 163 164 165
v 344.7131 1302.4346 275.4538
v 346.1300 1302.3918 275.8757
v 346.1364 1302.5847 275.4537
f 166 167 168
v 346.1300 1302.3918 275.8757
v 344.7131 1302.4346 275.4538
v 344.7546 1302.2465 275.8758
f 169 170 171
v 344.7116 1302.4293 252.4496
v 344.7131 1302.4346 275.4538
v 346.1364 1302.5847 275.4537
f 172 173 174
v 346.1364 1302.5847 275.4537
v 347.4944 1302.1922 275.8757
v 347.5489 1302.3779 275.4536
f 175 176 177
v 347.4944 1302.1922 275.8757
v 346.1364 1302.5847 275.4537
v 346.1300 1302.3918 275.8757
f 178 179 180
v 346.1350 1302.5795 252.4495
v 346.1364 1302.5847 275.4537
v 347.5489 1302.3779 275.4536
f 181 182 183
v 347.5489 1302.3779 275.4536
v 348.7620 1301.6628 275.8757
v 348.8614 1301.8294 275.4537
f 184 185 186
v 348.7620 1301.6628 275.8757
v 347.5489 1302.3779 275.4536
v 347.4944 1302.1922 275.8757
f 187 188 189
v 347.5474 1302.3726 252.4494
v 347.5489 1302.3779 275.4536
v 348.8614 1301.8294 275.4537
f 190 191 192
v 348.8599 1301.8241 252.4495
v 348.8614 1301.8294 275.4537
v 349.9901 1300.9714 275.4538
f 193 194 195
v 349.9886 1300.9662 252.4496
v 349.9901 1300.9714 275.4538
v 350.8641 1299.8591 275.4540
f 196 197 198
v 342.5676 1292.5565 275.8779
v 342.0422 1293.8680 276.2717
v 341.5912 1293.5151 275.8777
f 199 200 201
v 342.0422 1293.8680 276.2717
v 342.5676 1292.5565 275.8779
v 342.9179 1293.0087 276.2718
f 202 203 204
v 342.0422 1293.8680 276.2717
v 341.4140 1294.9197 276.2715
v 340.8894 1294.6890 275.8775
f 205 206 207
v 340.8894 1294.6890 275.8775
v 341.5912 1293.5151 275.8777
v 342.0422 1293.8680 276.2717
f 208 209 210
v 341.4140 1294.9197 276.2715
v 341.0692 1296.0966 276.2713
v 340.5069 1296.0009 275.8773
f 211 212 213
v 340.5069 1296.0009 275.8773
v 340.8894 1294.6890 275.8775
v 341.4140 1294.9197 276.2715
f 214 215 216
v 341.0692 1296.0966 276.2713
v 341.0325 1297.3256 276.2710
v 340.4656 1297.3721 275.8770
f 217 218 219
v 340.4656 1297.3721 275.8770
v 340.5069 1296.0009 275.8773
v 341.0692 1296.0966 276.2713
f 220 221 222
v 341.0325 1297.3256 276.2710
v 341.3037 1298.5289 276.2707
v 340.7682 1298.7142 275.8767
f 223 224 225
v 340.7682 1298.7142 275.8767
v 340.4656 1297.3721 275.8770
v 341.0325 1297.3256 276.2710
f 226 227 228
v 341.3037 1298.5289 276.2707
v 341.8676 1299.6313 276.2705
v 341.3965 1299.9435 275.8764
f 229 230 231
v 341.3965 1299.9435 275.8764
v 340.7682 1298.7142 275.8767
v 341.3037 1298.5289 276.2707
f 232 233 234
v 341.8676 1299.6313 276.2705
v 342.6882 1300.5621 276.2703
v 342.3113 1300.9831 275.8762
f 235 236 237
v 342.3113 1300.9831 275.8762
v 341.3965 1299.9435 275.8764
v 341.8676 1299.6313 276.2705
f 238 239 240
v 342.6882 1300.5621 276.2703
v 343.7130 1301.2664 276.2701
v 343.4543 1301.7670 275.8760
f 241 242 243
v 343.4543 1301.7670 275.8760
v 342.3113 1300.9831 275.8762
v 342.6882 1300.5621 276.2703
f 244 245 246
v 349.1508 1292.2697 275.4556
v 347.8106 1291.7924 275.8778
v 347.8760 1291.6112 275.4558
f 247 248 249
v 347.8106 1291.7924 275.8778
v 349.1508 1292.2697 275.4556
v 349.0422 1292.4291 275.8776
f 250 251 252
v 349.1492 1292.2645 252.4514
v 349.1508 1292.2697 275.4556
v 347.8760 1291.6112 275.4558
f 253 254 255
v 347.8760 1291.6112 275.4558
v 346.4617 1291.4771 275.8779
v 346.4802 1291.2849 275.4559
f 256 257 258
v 346.4617 1291.4771 275.8779
v 347.8760 1291.6112 275.4558
v 347.8106 1291.7924 275.8778
f 259 260 261
v 347.8745 1291.6060 252.4516
v 347.8760 1291.6112 275.4558
v 346.4802 1291.2849 275.4559
f 262 263 264
v 346.4617 1291.4771 275.8779
v 345.0808 1291.5048 275.8780
v 345.0502 1291.3137 275.4560
f 265 266 267
v 345.0502 1291.3137 275.4560
v 346.4802 1291.2849 275.4559
v 346.4617 1291.4771 275.8779
f 268 269 270
v 346.4786 1291.2797 252.4517
v 346.4802 1291.2849 275.4559
v 345.0502 1291.3137 275.4560
f 271 272 273
v 345.0502 1291.3137 275.4560
v 343.7558 1291.8723 275.8780
v 343.6773 1291.6935 275.4560
f 274 275 276
v 343.7558 1291.8723 275.8780
v 345.0502 1291.3137 275.4560
v 345.0808 1291.5048 275.8780
f 277 278 279
v 345.0488 1291.3085 252.4518
v 345.0502 1291.3137 275.4560
v 343.6773 1291.6935 275.4560
f 280 281 282
v 343.6758 1291.6882 252.4518
v 343.6773 1291.6935 275.4560
v 342.4482 1292.4027 275.4559
f 283 284 285
v 342.4467 1292.3975 252.4517
v 342.4482 1292.4027 275.4559
v 341.4389 1293.3954 275.4558
f 286 287 288
v 351.2445 1298.5071 275.8762
v 351.4588 1297.1536 275.8765
v 351.6518 1297.1620 275.4545
f 289 290 291
v 351.6518 1297.1620 275.4545
v 351.4306 1298.5626 275.4542
v 351.2445 1298.5071 275.8762
f 292 293 294
v 351.4291 1298.5573 252.4500
v 351.4306 1298.5626 275.4542
v 351.6518 1297.1620 275.4545
f 295 296 297
v 351.6503 1297.1567 252.4503
v 351.6518 1297.1620 275.4545
v 351.5160 1295.7473 275.4548
f 298 299 300
v 351.3262 1295.7870 275.8768
v 350.8567 1294.4923 275.8770
v 351.0295 1294.4047 275.4551
f 301 302 303
v 351.0295 1294.4047 275.4551
v 351.5160 1295.7473 275.4548
v 351.3262 1295.7870 275.8768
f 304 305 306
v 351.5146 1295.7421 252.4506
v 351.5160 1295.7473 275.4548
v 351.0295 1294.4047 275.4551
f 307 308 309
v 351.0279 1294.3995 252.4509
v 351.0295 1294.4047 275.4551
v 350.2243 1293.2219 275.4553
f 310 311 312
v 350.2228 1293.2166 252.4511
v 350.2243 1293.2219 275.4553
v 349.1508 1292.2697 275.4556
f 313 314 315
v 349.8264 1298.0821 276.6094
v 349.9818 1297.0917 276.6096
v 350.8888 1297.1302 276.2705
f 316 317 318
v 350.8888 1297.1302 276.2705
v 350.6971 1298.3428 276.2703
v 349.8264 1298.0821 276.6094
f 319 320 321
v 350.6971 1298.3428 276.2703
v 350.8888 1297.1302 276.2705
v 351.4588 1297.1536 275.8765
f 322 323 324
v 351.4588 1297.1536 275.8765
v 351.2445 1298.5071 275.8762
v 350.6971 1298.3428 276.2703
f 325 326 327
v 350.8888 1297.1302 276.2705
v 350.7705 1295.9046 276.2708
v 351.3262 1295.7870 275.8768
f 328 329 330
v 351.3262 1295.7870 275.8768
v 351.4588 1297.1536 275.8765
v 350.8888 1297.1302 276.2705
f 331 332 333
v 350.7705 1295.9046 276.2708
v 350.3494 1294.7417 276.2710
v 350.8567 1294.4923 275.8770
f 334 335 336
v 350.8567 1294.4923 275.8770
v 351.3262 1295.7870 275.8768
v 350.7705 1295.9046 276.2708
f 337 338 339
v 347.3695 1297.3448 277.0317
v 348.8016 1297.0410 276.8686
v 348.6905 1297.7412 276.8685
f 340 341 342
v 348.8016 1297.0410 276.8686
v 347.3695 1297.3448 277.0317
v 347.4255 1296.9827 277.0317
f 343 344 345
v 348.8016 1297.0410 276.8686
v 349.9818 1297.0917 276.6096
v 349.8264 1298.0821 276.6094
f 346 347 348
v 349.8264 1298.0821 276.6094
v 348.6905 1297.7412 276.8685
v 348.8016 1297.0410 276.8686
f 349 350 351
v 347.3695 1297.3448 277.0317
v 348.6905 1297.7412 276.8685
v 348.4073 1298.3900 276.8684
f 352 353 354
v 348.4073 1298.3900 276.8684
v 347.2224 1297.6803 277.0316
v 347.3695 1297.3448 277.0317
f 355 356 357
v 347.3906 1296.6168 277.0318
v 348.7338 1296.3342 276.8688
v 348.8016 1297.0410 276.8686
f 358 359 360
v 348.8016 1297.0410 276.8686
v 347.4255 1296.9827 277.0317
v 347.3906 1296.6168 277.0318
f 361 362 363
v 347.2646 1296.2691 277.0319
v 348.4909 1295.6638 276.8689
v 348.7338 1296.3342 276.8688
f 364 365 366
v 348.7338 1296.3342 276.8688
v 347.3906 1296.6168 277.0318
v 347.2646 1296.2691 277.0319
f 367 368 369
v 347.0568 1295.9626 277.0320
v 348.0884 1295.0708 276.8691
v 348.4909 1295.6638 276.8689
f 370 371 372
v 348.4909 1295.6638 276.8689
v 347.2646 1296.2691 277.0319
v 347.0568 1295.9626 277.0320
f 373 374 375
v 346.7781 1295.7165 277.0320
v 347.5501 1294.5944 276.8692
v 348.0884 1295.0708 276.8691
f 376 377 378
v 348.0884 1295.0708 276.8691
v 347.0568 1295.9626 277.0320
v 346.7781 1295.7165 277.0320
f 379 380 381
v 347.5501 1294.5944 276.8692
v 346.7781 1295.7165 277.0320
v 346.4497 1295.5463 277.0321
f 382 383 384
v 346.4497 1295.5463 277.0321
v 346.9132 1294.2650 276.8693
v 347.5501 1294.5944 276.8692
f 385 386 387
v 346.2158 1294.1030 276.8694
v 346.4497 1295.5463 277.0321
v 346.0875 1295.4612 277.0321
f 388 389 390
v 346.4497 1295.5463 277.0321
v 346.2158 1294.1030 276.8694
v 346.9132 1294.2650 276.8693
f 391 392 393
v 346.2158 1294.1030 276.8694
v 345.7175 1295.4682 277.0321
v 345.5009 1294.1168 276.8694
f 394 395 396
v 345.7175 1295.4682 277.0321
v 346.2158 1294.1030 276.8694
v 346.0875 1295.4612 277.0321
f 397 398 399
v 344.8134 1294.3067 276.8694
v 345.7175 1295.4682 277.0321
v 345.3617 1295.5673 277.0321
f 400 401 402
v 345.7175 1295.4682 277.0321
v 344.8134 1294.3067 276.8694
v 345.5009 1294.1168 276.8694
f 403 404 405
v 344.1993 1294.6613 276.8694
v 345.3617 1295.5673 277.0321
v 345.0433 1295.7510 277.0321
f 406 407 408
v 345.3617 1295.5673 277.0321
v 344.1993 1294.6613 276.8694
v 344.8134 1294.3067 276.8694
f 409 410 411
v 343.6947 1295.1576 276.8693
v 345.0433 1295.7510 277.0321
v 344.7829 1296.0088 277.0321
f 412 413 414
v 345.0433 1295.7510 277.0321
v 343.6947 1295.1576 276.8693
v 344.1993 1294.6613 276.8694
f 415 416 417
v 344.5938 1296.3223 277.0320
v 343.3313 1295.7646 276.8692
v 343.6947 1295.1576 276.8693
f 418 419 420
v 343.6947 1295.1576 276.8693
v 344.7829 1296.0088 277.0321
v 344.5938 1296.3223 277.0320
f 421 422 423
v 344.4907 1296.6745 277.0319
v 343.1331 1296.4441 276.8691
v 343.3313 1295.7646 276.8692
f 424 425 426
v 343.3313 1295.7646 276.8692
v 344.5938 1296.3223 277.0320
v 344.4907 1296.6745 277.0319
f 427 428 429
v 344.4807 1297.0415 277.0319
v 343.1110 1297.1542 276.8689
v 343.1331 1296.4441 276.8691
f 430 431 432
v 343.1331 1296.4441 276.8691
v 344.4907 1296.6745 277.0319
v 344.4807 1297.0415 277.0319
f 433 434 435
v 344.4807 1297.0415 277.0319
v 343.2679 1297.8488 276.8688
v 343.1110 1297.1542 276.8689
f 436 437 438
v 343.2679 1297.8488 276.8688
v 344.4807 1297.0415 277.0319
v 344.5617 1297.4003 277.0318
f 439 440 441
v 344.7306 1297.7299 277.0317
v 343.5936 1298.4849 276.8686
v 343.2679 1297.8488 276.8688
f 442 443 444
v 343.2679 1297.8488 276.8688
v 344.5617 1297.4003 277.0318
v 344.7306 1297.7299 277.0317
f 445 446 447
v 344.9763 1298.0092 277.0317
v 344.0661 1299.0226 276.8685
v 343.5936 1298.4849 276.8686
f 448 449 450
v 343.5936 1298.4849 276.8686
v 344.7306 1297.7299 277.0317
v 344.9763 1298.0092 277.0317
f 451 452 453
v 345.2819 1298.2184 277.0316
v 344.6581 1299.4290 276.8684
v 344.0661 1299.0226 276.8685
f 454 455 456
v 344.0661 1299.0226 276.8685
v 344.9763 1298.0092 277.0317
v 345.2819 1298.2184 277.0316
f 457 458 459
v 344.6581 1299.4290 276.8684
v 345.2819 1298.2184 277.0316
v 345.6302 1298.3475 277.0315
f 460 461 462
v 345.6302 1298.3475 277.0315
v 345.3318 1299.6772 276.8683
v 344.6581 1299.4290 276.8684
f 463 464 465
v 345.3318 1299.6772 276.8683
v 345.6302 1298.3475 277.0315
v 345.9983 1298.3864 277.0315
f 466 467 468
v 345.9983 1298.3864 277.0315
v 346.0429 1299.7523 276.8682
v 345.3318 1299.6772 276.8683
f 469 470 471
v 346.7507 1299.6494 276.8682
v 345.9983 1298.3864 277.0315
v 346.3642 1298.3325 277.0315
f 472 473 474
v 345.9983 1298.3864 277.0315
v 346.7507 1299.6494 276.8682
v 346.0429 1299.7523 276.8682
f 475 476 477
v 347.4059 1299.3747 276.8682
v 346.3642 1298.3325 277.0315
v 346.7038 1298.1906 277.0315
f 478 479 480
v 346.3642 1298.3325 277.0315
v 347.4059 1299.3747 276.8682
v 346.7507 1299.6494 276.8682
f 481 482 483
v 347.9698 1298.9461 276.8683
v 346.7038 1298.1906 277.0315
v 346.9961 1297.9688 277.0316
f 484 485 486
v 346.7038 1298.1906 277.0315
v 347.9698 1298.9461 276.8683
v 347.4059 1299.3747 276.8682
f 487 488 489
v 348.4073 1298.3900 276.8684
v 346.9961 1297.9688 277.0316
v 347.2224 1297.6803 277.0316
f 490 491 492
v 346.9961 1297.9688 277.0316
v 348.4073 1298.3900 276.8684
v 347.9698 1298.9461 276.8683
f 493 494 495
v 343.4728 1293.7253 276.6106
v 344.1993 1294.6613 276.8694
v 343.6947 1295.1576 276.8693
f 496 497 498
v 343.6947 1295.1576 276.8693
v 342.7597 1294.4271 276.6105
v 343.4728 1293.7253 276.6106
f 499 500 501
v 343.6947 1295.1576 276.8693
v 342.2460 1295.2865 276.6104
v 342.7597 1294.4271 276.6105
f 502 503 504
v 342.2460 1295.2865 276.6104
v 343.6947 1295.1576 276.8693
v 343.3313 1295.7646 276.8692
f 505 506 507
v 343.3313 1295.7646 276.8692
v 341.9646 1296.2472 276.6102
v 342.2460 1295.2865 276.6104
f 508 509 510
v 341.9646 1296.2472 276.6102
v 343.3313 1295.7646 276.8692
v 343.1331 1296.4441 276.8691
f 511 512 513
v 343.1331 1296.4441 276.8691
v 341.9353 1297.2513 276.6100
v 341.9646 1296.2472 276.6102
f 514 515 516
v 341.9353 1297.2513 276.6100
v 343.1331 1296.4441 276.8691
v 343.1110 1297.1542 276.8689
f 517 518 519
v 343.2679 1297.8488 276.8688
v 342.1569 1298.2337 276.6098
v 341.9353 1297.2513 276.6100
f 520 521 522
v 341.9353 1297.2513 276.6100
v 343.1110 1297.1542 276.8689
v 343.2679 1297.8488 276.8688
f 523 524 525
v 343.5936 1298.4849 276.8686
v 342.6163 1299.1324 276.6095
v 342.1569 1298.2337 276.6098
f 526 527 528
v 342.1569 1298.2337 276.6098
v 343.2679 1297.8488 276.8688
v 343.5936 1298.4849 276.8686
f 529 530 531
v 344.0661 1299.0226 276.8685
v 343.2864 1299.8947 276.6094
v 342.6163 1299.1324 276.6095
f 532 533 534
v 342.6163 1299.1324 276.6095
v 343.5936 1298.4849 276.8686
v 344.0661 1299.0226 276.8685
f 535 536 537
v 344.0661 1299.0226 276.8685
v 344.1239 1300.4684 276.6092
v 343.2864 1299.8947 276.6094
f 538 539 540
v 344.1239 1300.4684 276.6092
v 344.0661 1299.0226 276.8685
v 344.6581 1299.4290 276.8684
f 541 542 543
v 345.0758 1300.8198 276.6091
v 344.6581 1299.4290 276.8684
v 345.3318 1299.6772 276.8683
f 544 545 546
v 344.6581 1299.4290 276.8684
v 345.0758 1300.8198 276.6091
v 344.1239 1300.4684 276.6092
f 547 548 549
v 345.0758 1300.8198 276.6091
v 345.3318 1299.6772 276.8683
v 346.0429 1299.7523 276.8682
f 550 551 552
v 346.0429 1299.7523 276.8682
v 346.0821 1300.9251 276.6090
v 345.0758 1300.8198 276.6091
f 553 554 555
v 347.0807 1300.7795 276.6090
v 346.0429 1299.7523 276.8682
v 346.7507 1299.6494 276.8682
f 556 557 558
v 346.0429 1299.7523 276.8682
v 347.0807 1300.7795 276.6090
v 346.0821 1300.9251 276.6090
f 559 560 561
v 348.0086 1300.3909 276.6090
v 346.7507 1299.6494 276.8682
v 347.4059 1299.3747 276.8682
f 562 563 564
v 346.7507 1299.6494 276.8682
v 348.0086 1300.3909 276.6090
v 347.0807 1300.7795 276.6090
f 565 566 567
v 348.8070 1299.7848 276.6091
v 347.4059 1299.3747 276.8682
v 347.9698 1298.9461 276.8683
f 568 569 570
v 347.4059 1299.3747 276.8682
v 348.8070 1299.7848 276.6091
v 348.0086 1300.3909 276.6090
f 571 572 573
v 348.8070 1299.7848 276.6091
v 347.9698 1298.9461 276.8683
v 348.4073 1298.3900 276.8684
f 574 575 576
v 348.4073 1298.3900 276.8684
v 349.4248 1298.9982 276.6092
v 348.8070 1299.7848 276.6091
f 577 578 579
v 349.8264 1298.0821 276.6094
v 348.4073 1298.3900 276.8684
v 348.6905 1297.7412 276.8685
f 580 581 582
v 348.4073 1298.3900 276.8684
v 349.8264 1298.0821 276.6094
v 349.4248 1298.9982 276.6092
f 583 584 585
v 349.4248 1298.9982 276.6092
v 349.8264 1298.0821 276.6094
v 350.6971 1298.3428 276.2703
f 586 587 588
v 350.6971 1298.3428 276.2703
v 350.2061 1299.4660 276.2701
v 349.4248 1298.9982 276.6092
f 589 590 591
v 348.4909 1295.6638 276.8689
v 349.5415 1295.1419 276.6100
v 349.8861 1296.0910 276.6098
f 592 593 594
v 349.8861 1296.0910 276.6098
v 348.7338 1296.3342 276.8688
v 348.4909 1295.6638 276.8689
f 595 596 597
v 348.0884 1295.0708 276.8691
v 348.9723 1294.3044 276.6102
v 349.5415 1295.1419 276.6100
f 598 599 600
v 349.5415 1295.1419 276.6100
v 348.4909 1295.6638 276.8689
v 348.0884 1295.0708 276.8691
f 601 602 603
v 347.5501 1294.5944 276.8692
v 348.2125 1293.6325 276.6104
v 348.9723 1294.3044 276.6102
f 604 605 606
v 348.9723 1294.3044 276.6102
v 348.0884 1295.0708 276.8691
v 347.5501 1294.5944 276.8692
f 607 608 609
v 347.3112 1293.1669 276.6105
v 347.5501 1294.5944 276.8692
v 346.9132 1294.2650 276.8693
f 610 611 612
v 347.5501 1294.5944 276.8692
v 347.3112 1293.1669 276.6105
v 348.2125 1293.6325 276.6104
f 613 614 615
v 346.3247 1292.9356 276.6106
v 346.9132 1294.2650 276.8693
v 346.2158 1294.1030 276.8694
f 616 617 618
v 346.9132 1294.2650 276.8693
v 346.3247 1292.9356 276.6106
v 347.3112 1293.1669 276.6105
f 619 620 621
v 346.2158 1294.1030 276.8694
v 345.5009 1294.1168 276.8694
v 345.3138 1292.9553 276.6107
f 622 623 624
v 345.3138 1292.9553 276.6107
v 346.3247 1292.9356 276.6106
v 346.2158 1294.1030 276.8694
f 625 626 627
v 344.3435 1293.2249 276.6107
v 345.5009 1294.1168 276.8694
v 344.8134 1294.3067 276.8694
f 628 629 630
v 345.5009 1294.1168 276.8694
v 344.3435 1293.2249 276.6107
v 345.3138 1292.9553 276.6107
f 631 632 633
v 343.4728 1293.7253 276.6106
v 344.8134 1294.3067 276.8694
v 344.1993 1294.6613 276.8694
f 634 635 636
v 344.8134 1294.3067 276.8694
v 343.4728 1293.7253 276.6106
v 344.3435 1293.2249 276.6107
f 637 638 639
v 348.7338 1296.3342 276.8688
v 349.8861 1296.0910 276.6098
v 349.9818 1297.0917 276.6096
f 640 641 642
v 349.9818 1297.0917 276.6096
v 348.8016 1297.0410 276.8686
v 348.7338 1296.3342 276.8688
f 643 644 645
v 349.9818 1297.0917 276.6096
v 349.8861 1296.0910 276.6098
v 350.7705 1295.9046 276.2708
f 646 647 648
v 350.7705 1295.9046 276.2708
v 350.8888 1297.1302 276.2705
v 349.9818 1297.0917 276.6096
f 649 650 651
v 349.8861 1296.0910 276.6098
v 349.5415 1295.1419 276.6100
v 350.3494 1294.7417 276.2710
f 652 653 654
v 350.3494 1294.7417 276.2710
v 350.7705 1295.9046 276.2708
v 349.8861 1296.0910 276.6098
f 655 656 657
v 349.5415 1295.1419 276.6100
v 348.9723 1294.3044 276.6102
v 349.6517 1293.7176 276.2713
f 658 659 660
v 349.6517 1293.7176 276.2713
v 350.3494 1294.7417 276.2710
v 349.5415 1295.1419 276.6100
f 661 662 663
v 348.9723 1294.3044 276.6102
v 348.2125 1293.6325 276.6104
v 348.7225 1292.8941 276.2715
f 664 665 666
v 348.7225 1292.8941 276.2715
v 349.6517 1293.7176 276.2713
v 348.9723 1294.3044 276.6102
f 667 668 669
v 348.2125 1293.6325 276.6104
v 347.3112 1293.1669 276.6105
v 347.6180 1292.3221 276.2717
f 670 671 672
v 347.6180 1292.3221 276.2717
v 348.7225 1292.8941 276.2715
v 348.2125 1293.6325 276.6104
f 673 674 675
v 347.6180 1292.3221 276.2717
v 346.3247 1292.9356 276.6106
v 346.4083 1292.0403 276.2718
f 676 677 678
v 346.3247 1292.9356 276.6106
v 347.6180 1292.3221 276.2717
v 347.3112 1293.1669 276.6105
f 679 680 681
v 346.4083 1292.0403 276.2718
v 345.3138 1292.9553 276.6107
v 345.1714 1292.0646 276.2718
f 682 683 684
v 345.3138 1292.9553 276.6107
v 346.4083 1292.0403 276.2718
v 346.3247 1292.9356 276.6106
f 685 686 687
v 345.1714 1292.0646 276.2718
v 344.3435 1293.2249 276.6107
v 343.9822 1292.3938 276.2718
f 688 689 690
v 344.3435 1293.2249 276.6107
v 345.1714 1292.0646 276.2718
v 345.3138 1292.9553 276.6107
f 691 692 693
v 343.9822 1292.3938 276.2718
v 343.4728 1293.7253 276.6106
v 342.9179 1293.0087 276.2718
f 694 695 696
v 343.4728 1293.7253 276.6106
v 343.9822 1292.3938 276.2718
v 344.3435 1293.2249 276.6107
f 697 698 699
v 342.9179 1293.0087 276.2718
v 342.7597 1294.4271 276.6105
v 342.0422 1293.8680 276.2717
f 700 701 702
v 342.7597 1294.4271 276.6105
v 342.9179 1293.0087 276.2718
v 343.4728 1293.7253 276.6106
f 703 704 705
v 342.0422 1293.8680 276.2717
v 342.2460 1295.2865 276.6104
v 341.4140 1294.9197 276.2715
f 706 707 708
v 342.2460 1295.2865 276.6104
v 342.0422 1293.8680 276.2717
v 342.7597 1294.4271 276.6105
f 709 710 711
v 342.2460 1295.2865 276.6104
v 341.9646 1296.2472 276.6102
v 341.0692 1296.0966 276.2713
f 712 713 714
v 341.0692 1296.0966 276.2713
v 341.4140 1294.9197 276.2715
v 342.2460 1295.2865 276.6104
f 715 716 717
v 341.9646 1296.2472 276.6102
v 341.9353 1297.2513 276.6100
v 341.0325 1297.3256 276.2710
f 718 719 720
v 341.0325 1297.3256 276.2710
v 341.0692 1296.0966 276.2713
v 341.9646 1296.2472 276.6102
f 721 722 723
v 341.9353 1297.2513 276.6100
v 342.1569 1298.2337 276.6098
v 341.3037 1298.5289 276.2707
f 724 725 726
v 341.3037 1298.5289 276.2707
v 341.0325 1297.3256 276.2710
v 341.9353 1297.2513 276.6100
f 727 728 729
v 342.1569 1298.2337 276.6098
v 342.6163 1299.1324 276.6095
v 341.8676 1299.6313 276.2705
f 730 731 732
v 341.8676 1299.6313 276.2705
v 341.3037 1298.5289 276.2707
v 342.1569 1298.2337 276.6098
f 733 734 735
v 349.6517 1293.7176 276.2713
v 348.7225 1292.8941 276.2715
v 349.0422 1292.4291 275.8776
f 736 737 738
v 349.0422 1292.4291 275.8776
v 350.0797 1293.3474 275.8773
v 349.6517 1293.7176 276.2713
f 739 740 741
v 349.0422 1292.4291 275.8776
v 347.6180 1292.3221 276.2717
v 347.8106 1291.7924 275.8778
f 742 743 744
v 347.6180 1292.3221 276.2717
v 349.0422 1292.4291 275.8776
v 348.7225 1292.8941 276.2715
f 745 746 747
v 347.8106 1291.7924 275.8778
v 346.4083 1292.0403 276.2718
v 346.4617 1291.4771 275.8779
f 748 749 750
v 346.4083 1292.0403 276.2718
v 347.8106 1291.7924 275.8778
v 347.6180 1292.3221 276.2717
f 751 752 753
v 346.4083 1292.0403 276.2718
v 345.1714 1292.0646 276.2718
v 345.0808 1291.5048 275.8780
f 754 755 756
v 345.0808 1291.5048 275.8780
v 346.4617 1291.4771 275.8779
v 346.4083 1292.0403 276.2718
f 757 758 759
v 345.0808 1291.5048 275.8780
v 343.9822 1292.3938 276.2718
v 343.7558 1291.8723 275.8780
f 760 761 762
v 343.9822 1292.3938 276.2718
v 345.0808 1291.5048 275.8780
v 345.1714 1292.0646 276.2718
f 763 764 765
v 343.7558 1291.8723 275.8780
v 342.9179 1293.0087 276.2718
v 342.5676 1292.5565 275.8779
f 766 767 768
v 342.9179 1293.0087 276.2718
v 343.7558 1291.8723 275.8780
v 343.9822 1292.3938 276.2718
f 769 770 771
v 340.3138 1295.9684 275.4553
v 340.7121 1294.6104 275.4556
v 340.8894 1294.6890 275.8775
f 772 773 774
v 340.8894 1294.6890 275.8775
v 340.5069 1296.0009 275.8773
v 340.3138 1295.9684 275.4553
f 775 776 777
v 348.7620 1301.6628 275.8757
v 349.8517 1300.8329 275.8758
v 349.9901 1300.9714 275.4538
f 778 779 780
v 349.9901 1300.9714 275.4538
v 348.8614 1301.8294 275.4537
v 348.7620 1301.6628 275.8757
f 781 782 783
v 350.8641 1299.8591 275.4540
v 349.9901 1300.9714 275.4538
v 349.8517 1300.8329 275.8758
f 784 785 786
v 349.8517 1300.8329 275.8758
v 350.6968 1299.7596 275.8760
v 350.8641 1299.8591 275.4540
f 787 788 789
v 342.5676 1292.5565 275.8779
v 343.6773 1291.6935 275.4560
v 343.7558 1291.8723 275.8780
f 790 791 792
v 343.6773 1291.6935 275.4560
v 342.5676 1292.5565 275.8779
v 342.4482 1292.4027 275.4559
f 793 794 795
v 341.5912 1293.5151 275.8777
v 342.4482 1292.4027 275.4559
v 342.5676 1292.5565 275.8779
f 796 797 798
v 342.4482 1292.4027 275.4559
v 341.5912 1293.5151 275.8777
v 341.4389 1293.3954 275.4558
f 799 800 801
v 351.3262 1295.7870 275.8768
v 351.6518 1297.1620 275.4545
v 351.4588 1297.1536 275.8765
f 802 803 804
v 351.6518 1297.1620 275.4545
v 351.3262 1295.7870 275.8768
v 351.5160 1295.7473 275.4548
f 805 806 807
v 350.0797 1293.3474 275.8773
v 351.0295 1294.4047 275.4551
v 350.8567 1294.4923 275.8770
f 808 809 810
v 351.0295 1294.4047 275.4551
v 350.0797 1293.3474 275.8773
v 350.2243 1293.2219 275.4553
f 811 812 813
v 350.2243 1293.2219 275.4553
v 349.0422 1292.4291 275.8776
v 349.1508 1292.2697 275.4556
f 814 815 816
v 349.0422 1292.4291 275.8776
v 350.2243 1293.2219 275.4553
v 350.0797 1293.3474 275.8773
f 817 818 819
v 344.7829 1296.0088 277.0321
v 345.0433 1295.7510 277.0321
v 345.9504 1296.9207 277.0868
f 820 821 822
v 345.9504 1296.9207 277.0868
v 344.5938 1296.3223 277.0320
v 344.7829 1296.0088 277.0321
f 823 824 825
v 345.9504 1296.9207 277.0868
v 344.4907 1296.6745 277.0319
v 344.5938 1296.3223 277.0320
f 826 827 828
v 344.4907 1296.6745 277.0319
v 345.9504 1296.9207 277.0868
v 344.4807 1297.0415 277.0319
f 829 830 831
v 345.9504 1296.9207 277.0868
v 344.5617 1297.4003 277.0318
v 344.4807 1297.0415 277.0319
f 832 833 834
v 344.5617 1297.4003 277.0318
v 345.9504 1296.9207 277.0868
v 344.7306 1297.7299 277.0317
f 835 836 837
v 345.9504 1296.9207 277.0868
v 344.9763 1298.0092 277.0317
v 344.7306 1297.7299 277.0317
f 838 839 840
v 344.9763 1298.0092 277.0317
v 345.9504 1296.9207 277.0868
v 345.2819 1298.2184 277.0316
f 841 842 843
v 345.6302 1298.3475 277.0315
v 345.2819 1298.2184 277.0316
v 345.9504 1296.9207 277.0868
f 844 845 846
v 345.9504 1296.9207 277.0868
v 345.9983 1298.3864 277.0315
v 345.6302 1298.3475 277.0315
f 847 848 849
v 346.3642 1298.3325 277.0315
v 345.9983 1298.3864 277.0315
v 345.9504 1296.9207 277.0868
f 850 851 852
v 345.9504 1296.9207 277.0868
v 346.7038 1298.1906 277.0315
v 346.3642 1298.3325 277.0315
f 853 854 855
v 346.9961 1297.9688 277.0316
v 346.7038 1298.1906 277.0315
v 345.9504 1296.9207 277.0868
f 856 857 858
v 345.9504 1296.9207 277.0868
v 347.2224 1297.6803 277.0316
v 346.9961 1297.9688 277.0316
f 859 860 861
v 345.9504 1296.9207 277.0868
v 347.3695 1297.3448 277.0317
v 347.2224 1297.6803 277.0316
f 862 863 864
v 347.3906 1296.6168 277.0318
v 347.4255 1296.9827 277.0317
v 345.9504 1296.9207 277.0868
f 865 866 867
v 347.3695 1297.3448 277.0317
v 345.9504 1296.9207 277.0868
v 347.4255 1296.9827 277.0317
f 868 869 870
v 345.9504 1296.9207 277.0868
v 347.2646 1296.2691 277.0319
v 347.3906 1296.6168 277.0318
f 871 872 873
v 347.2646 1296.2691 277.0319
v 345.9504 1296.9207 277.0868
v 347.0568 1295.9626 277.0320
f 874 875 876
v 345.9504 1296.9207 277.0868
v 346.7781 1295.7165 277.0320
v 347.0568 1295.9626 277.0320
f 877 878 879
v 346.7781 1295.7165 277.0320
v 345.9504 1296.9207 277.0868
v 346.4497 1295.5463 277.0321
f 880 881 882
v 346.0875 1295.4612 277.0321
v 346.4497 1295.5463 277.0321
v 345.9504 1296.9207 277.0868
f 883 884 885
v 345.9504 1296.9207 277.0868
v 345.7175 1295.4682 277.0321
v 346.0875 1295.4612 277.0321
f 886 887 888
v 345.3617 1295.5673 277.0321
v 345.7175 1295.4682 277.0321
v 345.9504 1296.9207 277.0868
f 889 890 891
v 345.9504 1296.9207 277.0868
v 345.0433 1295.7510 277.0321
v 345.3617 1295.5673 277.0321
f 892 893 894
v 350.3494 1294.7417 276.2710
v 349.6517 1293.7176 276.2713
v 350.0797 1293.3474 275.8773
f 895 896 897
v 350.0797 1293.3474 275.8773
v 350.8567 1294.4923 275.8770
v 350.3494 1294.7417 276.2710
f 898 899 900
v 349.9886 1300.9662 252.4496
v 350.8626 1299.8538 252.4498
v 348.8599 1301.8241 252.4495
f 901 902 903
v 351.4291 1298.5573 252.4500
v 351.6503 1297.1567 252.4503
v 350.8626 1299.8538 252.4498
f 904 905 906
v 351.5146 1295.7421 252.4506
v 347.5474 1302.3726 252.4494
v 351.6503 1297.1567 252.4503
f 907 908 909
v 348.8599 1301.8241 252.4495
v 350.8626 1299.8538 252.4498
v 351.6503 1297.1567 252.4503
f 910 911 912
v 351.0279 1294.3995 252.4509
v 347.5474 1302.3726 252.4494
v 351.5146 1295.7421 252.4506
f 913 914 915
v 348.8599 1301.8241 252.4495
v 351.6503 1297.1567 252.4503
v 347.5474 1302.3726 252.4494
f 916 917 918
v 347.5474 1302.3726 252.4494
v 351.0279 1294.3995 252.4509
v 346.1350 1302.5795 252.4495
f 919 920 921
v 351.0279 1294.3995 252.4509
v 344.7116 1302.4293 252.4496
v 346.1350 1302.5795 252.4495
f 922 923 924
v 343.3653 1301.9329 252.4497
v 344.7116 1302.4293 252.4496
v 350.2228 1293.2166 252.4511
f 925 926 927
v 342.1811 1301.1210 252.4500
v 343.3653 1301.9329 252.4497
v 347.8745 1291.6060 252.4516
f 928 929 930
v 351.0279 1294.3995 252.4509
v 350.2228 1293.2166 252.4511
v 344.7116 1302.4293 252.4496
f 931 932 933
v 347.8745 1291.6060 252.4516
v 343.3653 1301.9329 252.4497
v 349.1492 1292.2645 252.4514
f 934 935 936
v 347.8745 1291.6060 252.4516
v 341.2353 1300.0446 252.4502
v 342.1811 1301.1210 252.4500
f 937 938 939
v 345.0488 1291.3085 252.4518
v 341.2353 1300.0446 252.4502
v 346.4786 1291.2797 252.4517
f 940 941 942
v 341.2353 1300.0446 252.4502
v 347.8745 1291.6060 252.4516
v 346.4786 1291.2797 252.4517
f 943 944 945
v 343.6758 1291.6882 252.4518
v 340.2701 1297.3822 252.4508
v 345.0488 1291.3085 252.4518
f 946 947 948
v 340.5838 1298.7714 252.4505
v 345.0488 1291.3085 252.4518
v 340.2701 1297.3822 252.4508
f 949 950 951
v 345.0488 1291.3085 252.4518
v 340.5838 1298.7714 252.4505
v 341.2353 1300.0446 252.4502
f 952 953 954
v 340.7107 1294.6051 252.4514
v 342.4467 1292.3975 252.4517
v 341.4374 1293.3901 252.4516
f 955 956 957
v 340.7107 1294.6051 252.4514
v 340.3123 1295.9631 252.4511
v 340.2701 1297.3822 252.4508
f 958 959 960
v 342.4467 1292.3975 252.4517
v 340.7107 1294.6051 252.4514
v 340.2701 1297.3822 252.4508
f 961 962 963
v 343.6758 1291.6882 252.4518
v 342.4467 1292.3975 252.4517
v 340.2701 1297.3822 252.4508
f 964 965 966
v 350.2228 1293.2166 252.4511
v 349.1492 1292.2645 252.4514
v 343.3653 1301.9329 252.4497
f 967 968 969
v 350.8626 1299.8538 252.4498
v 351.4306 1298.5626 275.4542
v 351.4291 1298.5573 252.4500
f 970 971 972
v 341.4374 1293.3901 252.4516
v 340.7121 1294.6104 275.4556
v 340.7107 1294.6051 252.4514
f 973 974 975
v 340.7107 1294.6051 252.4514
v 340.3138 1295.9684 275.4553
v 340.3123 1295.9631 252.4511
f 976 977 978
v 340.3123 1295.9631 252.4511
v 340.2716 1297.3874 275.4550
v 340.2701 1297.3822 252.4508
f 979 980 981
v 340.2701 1297.3822 252.4508
v 340.5854 1298.7766 275.4547
v 340.5838 1298.7714 252.4505
f 982 983 984
v 340.5838 1298.7714 252.4505
v 341.2367 1300.0498 275.4544
v 341.2353 1300.0446 252.4502
f 985 986 987
v 341.2353 1300.0446 252.4502
v 342.1826 1301.1263 275.4542
v 342.1811 1301.1210 252.4500
f 988 989 990
v 342.1811 1301.1210 252.4500
v 343.3667 1301.9381 275.4539
v 343.3653 1301.9329 252.4497
f 991 992 993
v 343.3653 1301.9329 252.4497
v 344.7131 1302.4346 275.4538
v 344.7116 1302.4293 252.4496
f 994 995 996
v 344.7116 1302.4293 252.4496
v 346.1364 1302.5847 275.4537
v 346.1350 1302.5795 252.4495
f 997 998 999
v 346.1350 1302.5795 252.4495
v 347.5489 1302.3779 275.4536
v 347.5474 1302.3726 252.4494
f 1000 1001 1002
v 347.5474 1302.3726 252.4494
v 348.8614 1301.8294 275.4537
v 348.8599 1301.8241 252.4495
f 1003 1004 1005
v 348.8599 1301.8241 252.4495
v 349.9901 1300.9714 275.4538
v 349.9886 1300.9662 252.4496
f 1006 1007 1008
v 349.9886 1300.9662 252.4496
v 350.8641 1299.8591 275.4540
v 350.8626 1299.8538 252.4498
f 1009 1010 1011
v 349.1492 1292.2645 252.4514
v 347.8760 1291.6112 275.4558
v 347.8745 1291.6060 252.4516
f 1012 1013 1014
v 347.8745 1291.6060 252.4516
v 346.4802 1291.2849 275.4559
v 346.4786 1291.2797 252.4517
f 1015 1016 1017
v 346.4786 1291.2797 252.4517
v 345.0502 1291.3137 275.4560
v 345.0488 1291.3085 252.4518
f 1018 1019 1020
v 345.0488 1291.3085 252.4518
v 343.6773 1291.6935 275.4560
v 343.6758 1291.6882 252.4518
f 1021 1022 1023
v 343.6758 1291.6882 252.4518
v 342.4482 1292.4027 275.4559
v 342.4467 1292.3975 252.4517
f 1024 1025 1026
v 342.4467 1292.3975 252.4517
v 341.4389 1293.3954 275.4558
v 341.4374 1293.3901 252.4516
f 1027 1028 1029
v 351.4291 1298.5573 252.4500
v 351.6518 1297.1620 275.4545
v 351.6503 1297.1567 252.4503
f 1030 1031 1032
v 351.6503 1297.1567 252.4503
v 351.5160 1295.7473 275.4548
v 351.5146 1295.7421 252.4506
f 1033 1034 1035
v 351.5146 1295.7421 252.4506
v 351.0295 1294.4047 275.4551
v 351.0279 1294.3995 252.4509
f 1036 1037 1038
v 351.0279 1294.3995 252.4509
v 350.2243 1293.2219 275.4553
v 350.2228 1293.2166 252.4511
f 1039 1040 1041
v 350.2228 1293.2166 252.4511
v 349.1508 1292.2697 275.4556
v 349.1492 1292.2645 252.4514
f 1042 1043 1044

g building_ID_0492025D-E982-40E4-B8B0-8BC4AC470859
v 622.3303 1296.9919 263.7561
v 621.7121 1297.3114 263.6231
v 621.5046 1296.7490 263.6232
f 1045 1046 1047
v 621.5046 1296.7490 263.6232
v 622.1842 1296.5943 263.7562
v 622.3303 1296.9919 263.7561
f 1048 1049 1050
v 622.1832 1296.5921 254.3845
v 622.1842 1296.5943 263.7562
v 621.5046 1296.7490 263.6232
f 1051 1052 1053
v 622.3292 1296.9898 254.3844
v 622.3303 1296.9919 263.7561
v 622.1842 1296.5943 263.7562
f 1054 1055 1056
v 622.0525 1297.8056 263.6229
v 622.3303 1296.9919 263.7561
v 622.5712 1297.3411 263.7560
f 1057 1058 1059
v 622.3303 1296.9919 263.7561
v 622.0525 1297.8056 263.6229
v 621.7121 1297.3114 263.6231
f 1060 1061 1062
v 622.5701 1297.3390 254.3843
v 622.5712 1297.3411 263.7560
v 622.3303 1296.9919 263.7561
f 1063 1064 1065
v 622.8909 1297.6204 263.7559
v 622.5045 1298.1994 263.6228
v 622.0525 1297.8056 263.6229
f 1066 1067 1068
v 622.0525 1297.8056 263.6229
v 622.5712 1297.3411 263.7560
v 622.8909 1297.6204 263.7559
f 1069 1070 1071
v 622.8899 1297.6182 254.3842
v 622.8909 1297.6204 263.7559
v 622.5712 1297.3411 263.7560
f 1072 1073 1074
v 623.0392 1298.4699 263.6227
v 622.8909 1297.6204 263.7559
v 623.2684 1297.8103 263.7558
f 1075 1076 1077
v 622.8909 1297.6204 263.7559
v 623.0392 1298.4699 263.6227
v 622.5045 1298.1994 263.6228
f 1078 1079 1080
v 623.2674 1297.8082 254.3841
v 623.2684 1297.8103 263.7558
v 622.8909 1297.6204 263.7559
f 1081 1082 1083
v 623.6235 1298.5983 263.6226
v 623.2684 1297.8103 263.7558
v 623.6827 1297.9012 263.7557
f 1084 1085 1086
v 623.2684 1297.8103 263.7558
v 623.6235 1298.5983 263.6226
v 623.0392 1298.4699 263.6227
f 1087 1088 1089
v 623.6816 1297.8991 254.3840
v 623.6827 1297.9012 263.7557
v 623.2684 1297.8103 263.7558
f 1090 1091 1092
v 624.2195 1298.5777 263.6226
v 623.6827 1297.9012 263.7557
v 624.1036 1297.8871 263.7557
f 1093 1094 1095
v 623.6827 1297.9012 263.7557
v 624.2195 1298.5777 263.6226
v 623.6235 1298.5983 263.6226
f 1096 1097 1098
v 624.1026 1297.8850 254.3840
v 624.1036 1297.8871 263.7557
v 623.6827 1297.9012 263.7557
f 1099 1100 1101
v 624.1036 1297.8871 263.7557
v 624.7920 1298.4072 263.6225
v 624.2195 1298.5777 263.6226
f 1102 1103 1104
v 624.7920 1298.4072 263.6225
v 624.1036 1297.8871 263.7557
v 624.5083 1297.7670 263.7557
f 1105 1106 1107
v 624.5073 1297.7648 254.3840
v 624.5083 1297.7670 263.7557
v 624.1036 1297.8871 263.7557
f 1108 1109 1110
v 625.3031 1298.1008 263.6225
v 624.5083 1297.7670 263.7557
v 624.8707 1297.5500 263.7557
f 1111 1112 1113
v 624.5083 1297.7670 263.7557
v 625.3031 1298.1008 263.6225
v 624.7920 1298.4072 263.6225
f 1114 1115 1116
v 624.8697 1297.5478 254.3840
v 624.8707 1297.5500 263.7557
v 624.5083 1297.7670 263.7557
f 1117 1118 1119
v 625.1659 1297.2502 263.7557
v 625.7220 1297.6757 263.6226
v 625.3031 1298.1008 263.6225
f 1120 1121 1122
v 625.3031 1298.1008 263.6225
v 624.8707 1297.5500 263.7557
v 625.1659 1297.2502 263.7557
f 1123 1124 1125
v 625.1649 1297.2481 254.3840
v 625.1659 1297.2502 263.7557
v 624.8707 1297.5500 263.7557
f 1126 1127 1128
v 625.3779 1296.8847 263.7558
v 626.0206 1297.1599 263.6227
v 625.7220 1297.6757 263.6226
f 1129 1130 1131
v 625.7220 1297.6757 263.6226
v 625.1659 1297.2502 263.7557
v 625.3779 1296.8847 263.7558
f 1132 1133 1134
v 625.3769 1296.8826 254.3841
v 625.3779 1296.8847 263.7558
v 625.1659 1297.2502 263.7557
f 1135 1136 1137
v 625.3779 1296.8847 263.7558
v 626.1821 1296.5845 263.6228
v 626.0206 1297.1599 263.6227
f 1138 1139 1140
v 626.1821 1296.5845 263.6228
v 625.3779 1296.8847 263.7558
v 625.4918 1296.4784 263.7559
f 1141 1142 1143
v 625.4908 1296.4763 254.3842
v 625.4918 1296.4784 263.7559
v 625.3779 1296.8847 263.7558
f 1144 1145 1146
v 625.5007 1296.0544 263.7559
v 626.1955 1295.9865 263.6229
v 626.1821 1296.5845 263.6228
f 1147 1148 1149
v 626.1821 1296.5845 263.6228
v 625.4918 1296.4784 263.7559
v 625.5007 1296.0544 263.7559
f 1150 1151 1152
v 625.4997 1296.0522 254.3842
v 625.5007 1296.0544 263.7559
v 625.4918 1296.4784 263.7559
f 1153 1154 1155
v 625.5007 1296.0544 263.7559
v 626.0589 1295.4028 263.6230
v 626.1955 1295.9865 263.6229
f 1156 1157 1158
v 626.0589 1295.4028 263.6230
v 625.5007 1296.0544 263.7559
v 625.4046 1295.6416 263.7560
f 1159 1160 1161
v 625.4035 1295.6395 254.3843
v 625.4046 1295.6416 263.7560
v 625.5007 1296.0544 263.7559
f 1162 1163 1164
v 625.7835 1294.8696 263.6232
v 625.4046 1295.6416 263.7560
v 625.2096 1295.2651 263.7561
f 1165 1166 1167
v 625.4046 1295.6416 263.7560
v 625.7835 1294.8696 263.6232
v 626.0589 1295.4028 263.6230
f 1168 1169 1170
v 625.2086 1295.2630 254.3844
v 625.2096 1295.2651 263.7561
v 625.4046 1295.6416 263.7560
f 1171 1172 1173
v 624.9278 1294.9479 263.7562
v 625.3833 1294.4217 263.6233
v 625.7835 1294.8696 263.6232
f 1174 1175 1176
v 625.7835 1294.8696 263.6232
v 625.2096 1295.2651 263.7561
v 624.9278 1294.9479 263.7562
f 1177 1178 1179
v 624.9267 1294.9458 254.3845
v 624.9278 1294.9479 263.7562
v 625.2086 1295.2630 254.3844
f 1180 1181 1182
v 626.2226 1294.5664 263.4492
v 625.3833 1294.4217 263.6233
v 625.7332 1294.0187 263.4493
f 1183 1184 1185
v 625.3833 1294.4217 263.6233
v 626.2226 1294.5664 263.4492
v 625.7835 1294.8696 263.6232
f 1186 1187 1188
v 621.5305 1295.5610 263.6234
v 621.4420 1296.1522 263.6233
v 620.9070 1296.1376 263.4494
f 1189 1190 1191
v 620.9070 1296.1376 263.4494
v 621.0150 1295.4133 263.4495
v 621.5305 1295.5610 263.6234
f 1192 1193 1194
v 621.0140 1295.4112 254.3848
v 621.0150 1295.4133 263.4495
v 620.9070 1296.1376 263.4494
f 1195 1196 1197
v 621.5294 1295.5589 254.3847
v 621.5305 1295.5610 263.6234
v 621.0150 1295.4133 263.4495
f 1198 1199 1200
v 621.4410 1296.1501 254.3846
v 621.4420 1296.1522 263.6233
v 621.5305 1295.5610 263.6234
f 1201 1202 1203
v 621.4420 1296.1522 263.6233
v 621.5046 1296.7490 263.6232
v 620.9829 1296.8674 263.4492
f 1204 1205 1206
v 620.9829 1296.8674 263.4492
v 620.9070 1296.1376 263.4494
v 621.4420 1296.1522 263.6233
f 1207 1208 1209
v 620.9060 1296.1356 254.3847
v 620.9070 1296.1376 263.4494
v 620.9829 1296.8674 263.4492
f 1210 1211 1212
v 621.5036 1296.7469 254.3845
v 621.5046 1296.7490 263.6232
v 621.4420 1296.1522 263.6233
f 1213 1214 1215
v 621.5046 1296.7490 263.6232
v 621.7121 1297.3114 263.6231
v 621.2368 1297.5567 263.4491
f 1216 1217 1218
v 621.2368 1297.5567 263.4491
v 620.9829 1296.8674 263.4492
v 621.5046 1296.7490 263.6232
f 1219 1220 1221
v 620.9820 1296.8653 254.3845
v 620.9829 1296.8674 263.4492
v 621.2368 1297.5567 263.4491
f 1222 1223 1224
v 621.7121 1297.3114 263.6231
v 622.0525 1297.8056 263.6229
v 621.6544 1298.1615 263.4489
f 1225 1226 1227
v 621.6544 1298.1615 263.4489
v 621.2368 1297.5567 263.4491
v 621.7121 1297.3114 263.6231
f 1228 1229 1230
v 621.2357 1297.5547 254.3844
v 621.2368 1297.5567 263.4491
v 621.6544 1298.1615 263.4489
f 1231 1232 1233
v 621.6544 1298.1615 263.4489
v 622.5045 1298.1994 263.6228
v 622.2077 1298.6440 263.4487
f 1234 1235 1236
v 622.5045 1298.1994 263.6228
v 621.6544 1298.1615 263.4489
v 622.0525 1297.8056 263.6229
f 1237 1238 1239
v 621.6533 1298.1595 254.3842
v 621.6544 1298.1615 263.4489
v 622.2077 1298.6440 263.4487
f 1240 1241 1242
v 622.2077 1298.6440 263.4487
v 623.0392 1298.4699 263.6227
v 622.8615 1298.9753 263.4486
f 1243 1244 1245
v 623.0392 1298.4699 263.6227
v 622.2077 1298.6440 263.4487
v 622.5045 1298.1994 263.6228
f 1246 1247 1248
v 622.2067 1298.6420 254.3840
v 622.2077 1298.6440 263.4487
v 622.8615 1298.9753 263.4486
f 1249 1250 1251
v 622.8615 1298.9753 263.4486
v 623.6235 1298.5983 263.6226
v 623.5769 1299.1334 263.4485
f 1252 1253 1254
v 623.6235 1298.5983 263.6226
v 622.8615 1298.9753 263.4486
v 623.0392 1298.4699 263.6227
f 1255 1256 1257
v 622.8606 1298.9733 254.3839
v 622.8615 1298.9753 263.4486
v 623.5769 1299.1334 263.4485
f 1258 1259 1260
v 623.5769 1299.1334 263.4485
v 624.2195 1298.5777 263.6226
v 624.3088 1299.1075 263.4484
f 1261 1262 1263
v 624.2195 1298.5777 263.6226
v 623.5769 1299.1334 263.4485
v 623.6235 1298.5983 263.6226
f 1264 1265 1266
v 623.5760 1299.1313 254.3838
v 623.5769 1299.1334 263.4485
v 624.3088 1299.1075 263.4484
f 1267 1268 1269
v 624.3088 1299.1075 263.4484
v 624.7920 1298.4072 263.6225
v 625.0093 1298.8996 263.4484
f 1270 1271 1272
v 624.7920 1298.4072 263.6225
v 624.3088 1299.1075 263.4484
v 624.2195 1298.5777 263.6226
f 1273 1274 1275
v 624.3079 1299.1054 254.3837
v 624.3088 1299.1075 263.4484
v 625.0093 1298.8996 263.4484
f 1276 1277 1278
v 625.0093 1298.8996 263.4484
v 625.3031 1298.1008 263.6225
v 625.6353 1298.5239 263.4484
f 1279 1280 1281
v 625.3031 1298.1008 263.6225
v 625.0093 1298.8996 263.4484
v 624.7920 1298.4072 263.6225
f 1282 1283 1284
v 625.0083 1298.8975 254.3837
v 625.0093 1298.8996 263.4484
v 625.6353 1298.5239 263.4484
f 1285 1286 1287
v 625.3031 1298.1008 263.6225
v 625.7220 1297.6757 263.6226
v 626.1479 1298.0036 263.4485
f 1288 1289 1290
v 626.1479 1298.0036 263.4485
v 625.6353 1298.5239 263.4484
v 625.3031 1298.1008 263.6225
f 1291 1292 1293
v 625.6343 1298.5218 254.3837
v 625.6353 1298.5239 263.4484
v 626.1479 1298.0036 263.4485
f 1294 1295 1296
v 625.7220 1297.6757 263.6226
v 626.0206 1297.1599 263.6227
v 626.5142 1297.3715 263.4486
f 1297 1298 1299
v 626.5142 1297.3715 263.4486
v 626.1479 1298.0036 263.4485
v 625.7220 1297.6757 263.6226
f 1300 1301 1302
v 626.1468 1298.0015 254.3838
v 626.1479 1298.0036 263.4485
v 626.5142 1297.3715 263.4486
f 1303 1304 1305
v 626.0206 1297.1599 263.6227
v 626.1821 1296.5845 263.6228
v 626.7123 1296.6671 263.4487
f 1306 1307 1308
v 626.7123 1296.6671 263.4487
v 626.5142 1297.3715 263.4486
v 626.0206 1297.1599 263.6227
f 1309 1310 1311
v 626.5132 1297.3695 254.3839
v 626.5142 1297.3715 263.4486
v 626.7123 1296.6671 263.4487
f 1312 1313 1314
v 626.7123 1296.6671 263.4487
v 626.1955 1295.9865 263.6229
v 626.7273 1295.9330 263.4489
f 1315 1316 1317
v 626.1955 1295.9865 263.6229
v 626.7123 1296.6671 263.4487
v 626.1821 1296.5845 263.6228
f 1318 1319 1320
v 626.7113 1296.6650 254.3840
v 626.7123 1296.6671 263.4487
v 626.7273 1295.9330 263.4489
f 1321 1322 1323
v 626.1955 1295.9865 263.6229
v 626.0589 1295.4028 263.6230
v 626.5614 1295.2184 263.4490
f 1324 1325 1326
v 626.5614 1295.2184 263.4490
v 626.7273 1295.9330 263.4489
v 626.1955 1295.9865 263.6229
f 1327 1328 1329
v 626.7263 1295.9310 254.3842
v 626.7273 1295.9330 263.4489
v 626.5614 1295.2184 263.4490
f 1330 1331 1332
v 626.0589 1295.4028 263.6230
v 625.7835 1294.8696 263.6232
v 626.2226 1294.5664 263.4492
f 1333 1334 1335
v 626.2226 1294.5664 263.4492
v 626.5614 1295.2184 263.4490
v 626.0589 1295.4028 263.6230
f 1336 1337 1338
v 626.5604 1295.2165 254.3843
v 626.5614 1295.2184 263.4490
v 626.2226 1294.5664 263.4492
f 1339 1340 1341
v 626.4991 1294.3756 263.2462
v 625.7332 1294.0187 263.4493
v 625.9545 1293.7641 263.2464
f 1342 1343 1344
v 625.7332 1294.0187 263.4493
v 626.4991 1294.3756 263.2462
v 626.2226 1294.5664 263.4492
f 1345 1346 1347
v 626.2217 1294.5643 254.3845
v 626.2226 1294.5664 263.4492
v 626.4991 1294.3756 263.2462
f 1348 1349 1350
v 626.5939 1294.3113 263.0293
v 625.9545 1293.7641 263.2464
v 626.0292 1293.6778 263.0294
f 1351 1352 1353
v 625.9545 1293.7641 263.2464
v 626.5939 1294.3113 263.0293
v 626.4991 1294.3756 263.2462
f 1354 1355 1356
v 626.5930 1294.3093 254.3845
v 626.5939 1294.3113 263.0293
v 626.0292 1293.6778 263.0294
f 1357 1358 1359
v 626.0292 1293.6778 263.0294
v 625.2753 1293.3069 263.2465
v 625.3260 1293.2047 263.0295
f 1360 1361 1362
v 625.2753 1293.3069 263.2465
v 626.0292 1293.6778 263.0294
v 625.9545 1293.7641 263.2464
f 1363 1364 1365
v 626.0283 1293.6758 254.3847
v 626.0292 1293.6778 263.0294
v 625.3260 1293.2047 263.0295
f 1366 1367 1368
v 625.2743 1293.3049 254.3848
v 625.2753 1293.3069 263.2465
v 625.9545 1293.7641 263.2464
f 1369 1370 1371
v 625.3260 1293.2047 263.0295
v 624.5046 1293.0330 263.2467
v 624.5282 1292.9209 263.0298
f 1372 1373 1374
v 624.5046 1293.0330 263.2467
v 625.3260 1293.2047 263.0295
v 625.2753 1293.3069 263.2465
f 1375 1376 1377
v 625.3250 1293.2027 254.3848
v 625.3260 1293.2047 263.0295
v 624.5282 1292.9209 263.0298
f 1378 1379 1380
v 624.5036 1293.0310 254.3850
v 624.5046 1293.0330 263.2467
v 625.2753 1293.3069 263.2465
f 1381 1382 1383
v 624.5282 1292.9209 263.0298
v 623.6924 1292.9591 263.2468
v 623.6870 1292.8441 263.0299
f 1384 1385 1386
v 623.6924 1292.9591 263.2468
v 624.5282 1292.9209 263.0298
v 624.5046 1293.0330 263.2467
f 1387 1388 1389
v 624.5273 1292.9189 254.3850
v 624.5282 1292.9209 263.0298
v 623.6870 1292.8441 263.0299
f 1390 1391 1392
v 623.6914 1292.9572 254.3851
v 623.6924 1292.9591 263.2468
v 624.5046 1293.0330 263.2467
f 1393 1394 1395
v 623.6861 1292.8421 254.3851
v 623.6870 1292.8441 263.0299
v 622.8534 1292.9783 263.0299
f 1396 1397 1398
v 622.8868 1293.0883 254.3851
v 622.8877 1293.0903 263.2468
v 623.6924 1292.9591 263.2468
f 1399 1400 1401
v 622.1396 1293.4153 254.3851
v 622.1406 1293.4173 263.2468
v 622.8877 1293.0903 263.2468
f 1402 1403 1404
v 622.8525 1292.9763 254.3851
v 622.8534 1292.9783 263.0299
v 622.0813 1293.3185 263.0299
f 1405 1406 1407
v 622.0813 1293.3185 263.0299
v 621.5010 1293.9210 263.2468
v 621.4198 1293.8402 263.0299
f 1408 1409 1410
v 621.5010 1293.9210 263.2468
v 622.0813 1293.3185 263.0299
v 622.1406 1293.4173 263.2468
f 1411 1412 1413
v 622.0804 1293.3165 254.3851
v 622.0813 1293.3185 263.0299
v 621.4198 1293.8402 263.0299
f 1414 1415 1416
v 621.5000 1293.9189 254.3851
v 621.5010 1293.9210 263.2468
v 622.1406 1293.4173 263.2468
f 1417 1418 1419
v 621.5010 1293.9210 263.2468
v 621.0078 1294.5683 263.2467
v 620.9075 1294.5106 263.0298
f 1420 1421 1422
v 620.9075 1294.5106 263.0298
v 621.4198 1293.8402 263.0299
v 621.5010 1293.9210 263.2468
f 1423 1424 1425
v 621.4188 1293.8382 254.3851
v 621.4198 1293.8402 263.0299
v 620.9075 1294.5106 263.0298
f 1426 1427 1428
v 621.0067 1294.5663 254.3850
v 621.0078 1294.5683 263.2467
v 621.5010 1293.9210 263.2468
f 1429 1430 1431
v 621.0078 1294.5683 263.2467
v 620.6907 1295.3211 263.2466
v 620.5797 1295.2884 263.0297
f 1432 1433 1434
v 620.5797 1295.2884 263.0297
v 620.9075 1294.5106 263.0298
v 621.0078 1294.5683 263.2467
f 1435 1436 1437
v 620.9066 1294.5086 254.3850
v 620.9075 1294.5106 263.0298
v 620.5797 1295.2884 263.0297
f 1438 1439 1440
v 620.6898 1295.3191 254.3849
v 620.6907 1295.3211 263.2466
v 621.0078 1294.5683 263.2467
f 1441 1442 1443
v 620.6907 1295.3211 263.2466
v 620.5709 1296.1285 263.2464
v 620.4559 1296.1247 263.0295
f 1444 1445 1446
v 620.4559 1296.1247 263.0295
v 620.5797 1295.2884 263.0297
v 620.6907 1295.3211 263.2466
f 1447 1448 1449
v 620.5787 1295.2864 254.3849
v 620.5797 1295.2884 263.0297
v 620.4559 1296.1247 263.0295
f 1450 1451 1452
v 620.5699 1296.1264 254.3847
v 620.5709 1296.1285 263.2464
v 620.6907 1295.3211 263.2466
f 1453 1454 1455
v 620.5709 1296.1285 263.2464
v 620.6551 1296.9422 263.2463
v 620.5431 1296.9684 263.0293
f 1456 1457 1458
v 620.5431 1296.9684 263.0293
v 620.4559 1296.1247 263.0295
v 620.5709 1296.1285 263.2464
f 1459 1460 1461
v 620.4549 1296.1227 254.3847
v 620.4559 1296.1247 263.0295
v 620.5431 1296.9684 263.0293
f 1462 1463 1464
v 620.6541 1296.9402 254.3845
v 620.6551 1296.9422 263.2463
v 620.5709 1296.1285 263.2464
f 1465 1466 1467
v 620.5422 1296.9665 254.3845
v 620.5431 1296.9684 263.0293
v 620.8373 1297.7637 263.0292
f 1468 1469 1470
v 620.9371 1297.7094 254.3844
v 620.9382 1297.7114 263.2462
v 620.6541 1296.9402 254.3845
f 1471 1472 1473
v 621.4030 1298.3841 254.3842
v 621.4039 1298.3862 263.2460
v 620.9371 1297.7094 254.3844
f 1474 1475 1476
v 620.8363 1297.7617 254.3844
v 620.8373 1297.7637 263.0292
v 621.3182 1298.4624 263.0290
f 1477 1478 1479
v 621.3182 1298.4624 263.0290
v 622.0204 1298.9245 263.2458
v 621.9566 1299.0196 263.0288
f 1480 1481 1482
v 622.0204 1298.9245 263.2458
v 621.3182 1298.4624 263.0290
v 621.4039 1298.3862 263.2460
f 1483 1484 1485
v 621.3172 1298.4604 254.3842
v 621.3182 1298.4624 263.0290
v 621.9566 1299.0196 263.0288
f 1486 1487 1488
v 622.0194 1298.9225 254.3840
v 622.0204 1298.9245 263.2458
v 621.4039 1298.3862 263.2460
f 1489 1490 1491
v 621.9557 1299.0176 254.3840
v 621.9566 1299.0196 263.0288
v 622.7126 1299.4016 263.0286
f 1492 1493 1494
v 622.7504 1299.2906 254.3839
v 622.7513 1299.2926 263.2457
v 622.0204 1298.9245 263.2458
f 1495 1496 1497
v 622.7126 1299.4016 263.0286
v 623.5498 1299.4685 263.2455
v 623.5401 1299.5834 263.0285
f 1498 1499 1500
v 623.5498 1299.4685 263.2455
v 622.7126 1299.4016 263.0286
v 622.7513 1299.2926 263.2457
f 1501 1502 1503
v 622.7117 1299.3996 254.3838
v 622.7126 1299.4016 263.0286
v 623.5401 1299.5834 263.0285
f 1504 1505 1506
v 623.5488 1299.4664 254.3837
v 623.5498 1299.4685 263.2455
v 622.7513 1299.2926 263.2457
f 1507 1508 1509
v 623.5401 1299.5834 263.0285
v 624.3647 1299.4392 263.2455
v 624.3830 1299.5531 263.0284
f 1510 1511 1512
v 624.3647 1299.4392 263.2455
v 623.5401 1299.5834 263.0285
v 623.5498 1299.4685 263.2455
f 1513 1514 1515
v 623.5392 1299.5814 254.3837
v 623.5401 1299.5834 263.0285
v 624.3830 1299.5531 263.0284
f 1516 1517 1518
v 624.3638 1299.4372 254.3837
v 624.3647 1299.4392 263.2455
v 623.5498 1299.4685 263.2455
f 1519 1520 1521
v 624.3647 1299.4392 263.2455
v 625.1461 1299.2091 263.2453
v 625.1924 1299.3149 263.0284
f 1522 1523 1524
v 625.1924 1299.3149 263.0284
v 624.3830 1299.5531 263.0284
v 624.3647 1299.4392 263.2455
f 1525 1526 1527
v 624.3820 1299.5511 254.3836
v 624.3830 1299.5531 263.0284
v 625.1924 1299.3149 263.0284
f 1528 1529 1530
v 625.1452 1299.2071 254.3836
v 625.1461 1299.2091 263.2453
v 624.3647 1299.4392 263.2455
f 1531 1532 1533
v 625.1924 1299.3149 263.0284
v 625.8439 1298.7903 263.2454
v 625.9152 1298.8801 263.0284
f 1534 1535 1536
v 625.8439 1298.7903 263.2454
v 625.1924 1299.3149 263.0284
v 625.1461 1299.2091 263.2453
f 1537 1538 1539
v 625.1914 1299.3130 254.3836
v 625.1924 1299.3149 263.0284
v 625.9152 1298.8801 263.0284
f 1540 1541 1542
v 625.8430 1298.7882 254.3837
v 625.8439 1298.7903 263.2454
v 625.1461 1299.2091 263.2453
f 1543 1544 1545
v 625.9142 1298.8781 254.3836
v 625.9152 1298.8801 263.0284
v 626.5076 1298.2805 263.0285
f 1546 1547 1548
v 626.4154 1298.2068 254.3837
v 626.4164 1298.2088 263.2454
v 625.8439 1298.7903 263.2454
f 1549 1550 1551
v 626.4164 1298.2088 263.2454
v 626.8245 1297.5047 263.2455
v 626.9306 1297.5494 263.0286
f 1552 1553 1554
v 626.9306 1297.5494 263.0286
v 626.5076 1298.2805 263.0285
v 626.4164 1298.2088 263.2454
f 1555 1556 1557
v 626.5066 1298.2785 254.3837
v 626.5076 1298.2805 263.0285
v 626.9306 1297.5494 263.0286
f 1558 1559 1560
v 626.8235 1297.5027 254.3838
v 626.8245 1297.5047 263.2455
v 626.4164 1298.2088 263.2454
f 1561 1562 1563
v 626.8245 1297.5047 263.2455
v 627.0444 1296.7171 263.2457
v 627.1584 1296.7357 263.0287
f 1564 1565 1566
v 627.1584 1296.7357 263.0287
v 626.9306 1297.5494 263.0286
v 626.8245 1297.5047 263.2455
f 1567 1568 1569
v 626.9297 1297.5474 254.3838
v 626.9306 1297.5494 263.0286
v 627.1584 1296.7357 263.0287
f 1570 1571 1572
v 627.0434 1296.7151 254.3840
v 627.0444 1296.7171 263.2457
v 626.8245 1297.5047 263.2455
f 1573 1574 1575
v 627.0444 1296.7171 263.2457
v 627.0622 1295.9011 263.2458
v 627.1771 1295.8897 263.0289
f 1576 1577 1578
v 627.1771 1295.8897 263.0289
v 627.1584 1296.7357 263.0287
v 627.0444 1296.7171 263.2457
f 1579 1580 1581
v 627.1574 1296.7338 254.3839
v 627.1584 1296.7357 263.0287
v 627.1771 1295.8897 263.0289
f 1582 1583 1584
v 627.0612 1295.8991 254.3841
v 627.0622 1295.9011 263.2458
v 627.0444 1296.7171 263.2457
f 1585 1586 1587
v 627.0622 1295.9011 263.2458
v 626.8761 1295.1025 263.2460
v 626.9849 1295.0643 263.0291
f 1588 1589 1590
v 626.9849 1295.0643 263.0291
v 627.1771 1295.8897 263.0289
v 627.0622 1295.9011 263.2458
f 1591 1592 1593
v 627.1762 1295.8877 254.3841
v 627.1771 1295.8897 263.0289
v 626.9849 1295.0643 263.0291
f 1594 1595 1596
v 626.8751 1295.1005 254.3843
v 626.8761 1295.1025 263.2460
v 627.0622 1295.9011 263.2458
f 1597 1598 1599
v 626.8761 1295.1025 263.2460
v 626.4991 1294.3756 263.2462
v 626.5939 1294.3113 263.0293
f 1600 1601 1602
v 626.5939 1294.3113 263.0293
v 626.9849 1295.0643 263.0291
v 626.8761 1295.1025 263.2460
f 1603 1604 1605
v 626.9840 1295.0623 254.3843
v 626.9849 1295.0643 263.0291
v 626.5939 1294.3113 263.0293
f 1606 1607 1608
v 626.4981 1294.3735 254.3845
v 626.4991 1294.3756 263.2462
v 626.8761 1295.1025 263.2460
f 1609 1610 1611
v 625.3823 1294.4196 254.3846
v 625.9545 1293.7641 263.2464
v 624.9267 1294.9458 254.3845
f 1612 1613 1614
v 625.9545 1293.7641 263.2464
v 625.3823 1294.4196 254.3846
v 625.9535 1293.7621 254.3847
f 1615 1616 1617
v 624.9267 1294.9458 254.3845
v 625.7332 1294.0187 263.4493
v 625.3833 1294.4217 263.6233
f 1618 1619 1620
v 625.3833 1294.4217 263.6233
v 624.9278 1294.9479 263.7562
v 624.9267 1294.9458 254.3845
f 1621 1622 1623
v 625.7332 1294.0187 263.4493
v 624.9267 1294.9458 254.3845
v 625.9545 1293.7641 263.2464
f 1624 1625 1626
v 622.8534 1292.9783 263.0299
v 623.6870 1292.8441 263.0299
v 623.6924 1292.9591 263.2468
f 1627 1628 1629
v 623.6924 1292.9591 263.2468
v 622.8877 1293.0903 263.2468
v 622.8534 1292.9783 263.0299
f 1630 1631 1632
v 622.8877 1293.0903 263.2468
v 622.1406 1293.4173 263.2468
v 622.0813 1293.3185 263.0299
f 1633 1634 1635
v 622.0813 1293.3185 263.0299
v 622.8534 1292.9783 263.0299
v 622.8877 1293.0903 263.2468
f 1636 1637 1638
v 620.9382 1297.7114 263.2462
v 620.5431 1296.9684 263.0293
v 620.6551 1296.9422 263.2463
f 1639 1640 1641
v 620.5431 1296.9684 263.0293
v 620.9382 1297.7114 263.2462
v 620.8373 1297.7637 263.0292
f 1642 1643 1644
v 620.9382 1297.7114 263.2462
v 621.4039 1298.3862 263.2460
v 621.3182 1298.4624 263.0290
f 1645 1646 1647
v 621.3182 1298.4624 263.0290
v 620.8373 1297.7637 263.0292
v 620.9382 1297.7114 263.2462
f 1648 1649 1650
v 622.7126 1299.4016 263.0286
v 621.9566 1299.0196 263.0288
v 622.0204 1298.9245 263.2458
f 1651 1652 1653
v 622.0204 1298.9245 263.2458
v 622.7513 1299.2926 263.2457
v 622.7126 1299.4016 263.0286
f 1654 1655 1656
v 626.4164 1298.2088 263.2454
v 625.9152 1298.8801 263.0284
v 625.8439 1298.7903 263.2454
f 1657 1658 1659
v 625.9152 1298.8801 263.0284
v 626.4164 1298.2088 263.2454
v 626.5076 1298.2805 263.0285
f 1660 1661 1662
v 621.3172 1298.4604 254.3842
v 621.9557 1299.0176 254.3840
v 622.0194 1298.9225 254.3840
f 1663 1664 1665
v 622.7504 1299.2906 254.3839
v 622.0194 1298.9225 254.3840
v 621.9557 1299.0176 254.3840
f 1666 1667 1668
v 623.5488 1299.4664 254.3837
v 622.7504 1299.2906 254.3839
v 622.7117 1299.3996 254.3838
f 1669 1670 1671
v 622.7117 1299.3996 254.3838
v 622.7504 1299.2906 254.3839
v 621.9557 1299.0176 254.3840
f 1672 1673 1674
v 620.9371 1297.7094 254.3844
v 620.8363 1297.7617 254.3844
v 621.3172 1298.4604 254.3842
f 1675 1676 1677
v 621.4030 1298.3841 254.3842
v 620.9371 1297.7094 254.3844
v 621.3172 1298.4604 254.3842
f 1678 1679 1680
v 620.5422 1296.9665 254.3845
v 620.8363 1297.7617 254.3844
v 620.9371 1297.7094 254.3844
f 1681 1682 1683
v 622.0194 1298.9225 254.3840
v 621.4030 1298.3841 254.3842
v 621.3172 1298.4604 254.3842
f 1684 1685 1686
v 622.2067 1298.6420 254.3840
v 622.8899 1297.6182 254.3842
v 621.6533 1298.1595 254.3842
f 1687 1688 1689
v 623.2674 1297.8082 254.3841
v 622.2067 1298.6420 254.3840
v 622.8606 1298.9733 254.3839
f 1690 1691 1692
v 624.3638 1299.4372 254.3837
v 623.5488 1299.4664 254.3837
v 623.5392 1299.5814 254.3837
f 1693 1694 1695
v 625.1914 1299.3130 254.3836
v 624.3638 1299.4372 254.3837
v 624.3820 1299.5511 254.3836
f 1696 1697 1698
v 624.5073 1297.7648 254.3840
v 624.1026 1297.8850 254.3840
v 624.3079 1299.1054 254.3837
f 1699 1700 1701
v 624.3820 1299.5511 254.3836
v 624.3638 1299.4372 254.3837
v 623.5392 1299.5814 254.3837
f 1702 1703 1704
v 621.6533 1298.1595 254.3842
v 622.8899 1297.6182 254.3842
v 622.5701 1297.3390 254.3843
f 1705 1706 1707
v 623.5760 1299.1313 254.3838
v 623.6816 1297.8991 254.3840
v 622.8606 1298.9733 254.3839
f 1708 1709 1710
v 622.8899 1297.6182 254.3842
v 622.2067 1298.6420 254.3840
v 623.2674 1297.8082 254.3841
f 1711 1712 1713
v 623.6816 1297.8991 254.3840
v 623.2674 1297.8082 254.3841
v 622.8606 1298.9733 254.3839
f 1714 1715 1716
v 623.5760 1299.1313 254.3838
v 624.1026 1297.8850 254.3840
v 623.6816 1297.8991 254.3840
f 1717 1718 1719
v 624.1026 1297.8850 254.3840
v 623.5760 1299.1313 254.3838
v 624.3079 1299.1054 254.3837
f 1720 1721 1722
v 623.5392 1299.5814 254.3837
v 623.5488 1299.4664 254.3837
v 622.7117 1299.3996 254.3838
f 1723 1724 1725
v 622.5701 1297.3390 254.3843
v 622.3292 1296.9898 254.3844
v 621.6533 1298.1595 254.3842
f 1726 1727 1728
v 620.5699 1296.1264 254.3847
v 620.5422 1296.9665 254.3845
v 620.6541 1296.9402 254.3845
f 1729 1730 1731
v 620.6541 1296.9402 254.3845
v 620.5422 1296.9665 254.3845
v 620.9371 1297.7094 254.3844
f 1732 1733 1734
v 621.5036 1296.7469 254.3845
v 620.9820 1296.8653 254.3845
v 621.2357 1297.5547 254.3844
f 1735 1736 1737
v 622.3292 1296.9898 254.3844
v 621.5036 1296.7469 254.3845
v 621.2357 1297.5547 254.3844
f 1738 1739 1740
v 621.4410 1296.1501 254.3846
v 620.9060 1296.1356 254.3847
v 620.9820 1296.8653 254.3845
f 1741 1742 1743
v 620.6898 1295.3191 254.3849
v 620.5787 1295.2864 254.3849
v 620.4549 1296.1227 254.3847
f 1744 1745 1746
v 620.5422 1296.9665 254.3845
v 620.5699 1296.1264 254.3847
v 620.4549 1296.1227 254.3847
f 1747 1748 1749
v 620.5699 1296.1264 254.3847
v 620.6898 1295.3191 254.3849
v 620.4549 1296.1227 254.3847
f 1750 1751 1752
v 620.9060 1296.1356 254.3847
v 621.5294 1295.5589 254.3847
v 621.0140 1295.4112 254.3848
f 1753 1754 1755
v 621.0067 1294.5663 254.3850
v 620.5787 1295.2864 254.3849
v 620.6898 1295.3191 254.3849
f 1756 1757 1758
v 621.5036 1296.7469 254.3845
v 621.4410 1296.1501 254.3846
v 620.9820 1296.8653 254.3845
f 1759 1760 1761
v 620.9066 1294.5086 254.3850
v 620.5787 1295.2864 254.3849
v 621.0067 1294.5663 254.3850
f 1762 1763 1764
v 622.1832 1296.5921 254.3845
v 621.5036 1296.7469 254.3845
v 622.3292 1296.9898 254.3844
f 1765 1766 1767
v 621.4188 1293.8382 254.3851
v 620.9066 1294.5086 254.3850
v 621.5000 1293.9189 254.3851
f 1768 1769 1770
v 621.5000 1293.9189 254.3851
v 620.9066 1294.5086 254.3850
v 621.0067 1294.5663 254.3850
f 1771 1772 1773
v 622.1396 1293.4153 254.3851
v 621.4188 1293.8382 254.3851
v 621.5000 1293.9189 254.3851
f 1774 1775 1776
v 622.8525 1292.9763 254.3851
v 622.0804 1293.3165 254.3851
v 622.1396 1293.4153 254.3851
f 1777 1778 1779
v 621.4188 1293.8382 254.3851
v 622.1396 1293.4153 254.3851
v 622.0804 1293.3165 254.3851
f 1780 1781 1782
v 622.1396 1293.4153 254.3851
v 622.8868 1293.0883 254.3851
v 622.8525 1292.9763 254.3851
f 1783 1784 1785
v 621.4410 1296.1501 254.3846
v 621.5294 1295.5589 254.3847
v 620.9060 1296.1356 254.3847
f 1786 1787 1788
v 622.3292 1296.9898 254.3844
v 621.2357 1297.5547 254.3844
v 621.6533 1298.1595 254.3842
f 1789 1790 1791
v 625.8430 1298.7882 254.3837
v 625.1914 1299.3130 254.3836
v 625.9142 1298.8781 254.3836
f 1792 1793 1794
v 625.1452 1299.2071 254.3836
v 625.1914 1299.3130 254.3836
v 625.8430 1298.7882 254.3837
f 1795 1796 1797
v 625.0083 1298.8975 254.3837
v 624.5073 1297.7648 254.3840
v 624.3079 1299.1054 254.3837
f 1798 1799 1800
v 624.8697 1297.5478 254.3840
v 624.5073 1297.7648 254.3840
v 625.0083 1298.8975 254.3837
f 1801 1802 1803
v 624.8697 1297.5478 254.3840
v 626.1468 1298.0015 254.3838
v 625.1649 1297.2481 254.3840
f 1804 1805 1806
v 625.6343 1298.5218 254.3837
v 626.1468 1298.0015 254.3838
v 624.8697 1297.5478 254.3840
f 1807 1808 1809
v 626.7113 1296.6650 254.3840
v 625.4908 1296.4763 254.3842
v 625.3769 1296.8826 254.3841
f 1810 1811 1812
v 625.3769 1296.8826 254.3841
v 625.1649 1297.2481 254.3840
v 626.5132 1297.3695 254.3839
f 1813 1814 1815
v 624.8697 1297.5478 254.3840
v 625.0083 1298.8975 254.3837
v 625.6343 1298.5218 254.3837
f 1816 1817 1818
v 626.5066 1298.2785 254.3837
v 625.8430 1298.7882 254.3837
v 625.9142 1298.8781 254.3836
f 1819 1820 1821
v 625.1452 1299.2071 254.3836
v 624.3638 1299.4372 254.3837
v 625.1914 1299.3130 254.3836
f 1822 1823 1824
v 626.4154 1298.2068 254.3837
v 626.9297 1297.5474 254.3838
v 626.8235 1297.5027 254.3838
f 1825 1826 1827
v 627.1574 1296.7338 254.3839
v 626.8235 1297.5027 254.3838
v 626.9297 1297.5474 254.3838
f 1828 1829 1830
v 626.5066 1298.2785 254.3837
v 626.9297 1297.5474 254.3838
v 626.4154 1298.2068 254.3837
f 1831 1832 1833
v 626.4154 1298.2068 254.3837
v 625.8430 1298.7882 254.3837
v 626.5066 1298.2785 254.3837
f 1834 1835 1836
v 626.5132 1297.3695 254.3839
v 626.7113 1296.6650 254.3840
v 625.3769 1296.8826 254.3841
f 1837 1838 1839
v 627.0434 1296.7151 254.3840
v 627.1762 1295.8877 254.3841
v 627.0612 1295.8991 254.3841
f 1840 1841 1842
v 626.9840 1295.0623 254.3843
v 627.0612 1295.8991 254.3841
v 627.1762 1295.8877 254.3841
f 1843 1844 1845
v 627.1574 1296.7338 254.3839
v 627.1762 1295.8877 254.3841
v 627.0434 1296.7151 254.3840
f 1846 1847 1848
v 627.0434 1296.7151 254.3840
v 626.8235 1297.5027 254.3838
v 627.1574 1296.7338 254.3839
f 1849 1850 1851
v 626.7263 1295.9310 254.3842
v 625.4908 1296.4763 254.3842
v 626.7113 1296.6650 254.3840
f 1852 1853 1854
v 626.1468 1298.0015 254.3838
v 626.5132 1297.3695 254.3839
v 625.1649 1297.2481 254.3840
f 1855 1856 1857
v 625.3823 1294.4196 254.3846
v 624.9267 1294.9458 254.3845
v 625.2086 1295.2630 254.3844
f 1858 1859 1860
v 626.2217 1294.5643 254.3845
v 625.2086 1295.2630 254.3844
v 625.4035 1295.6395 254.3843
f 1861 1862 1863
v 625.4997 1296.0522 254.3842
v 626.5604 1295.2165 254.3843
v 625.4035 1295.6395 254.3843
f 1864 1865 1866
v 625.3823 1294.4196 254.3846
v 625.2086 1295.2630 254.3844
v 626.2217 1294.5643 254.3845
f 1867 1868 1869
v 623.6861 1292.8421 254.3851
v 622.8868 1293.0883 254.3851
v 623.6914 1292.9572 254.3851
f 1870 1871 1872
v 624.5273 1292.9189 254.3850
v 623.6861 1292.8421 254.3851
v 623.6914 1292.9572 254.3851
f 1873 1874 1875
v 622.8525 1292.9763 254.3851
v 622.8868 1293.0883 254.3851
v 623.6861 1292.8421 254.3851
f 1876 1877 1878
v 625.3250 1293.2027 254.3848
v 624.5273 1292.9189 254.3850
v 624.5036 1293.0310 254.3850
f 1879 1880 1881
v 625.2743 1293.3049 254.3848
v 625.3250 1293.2027 254.3848
v 624.5036 1293.0310 254.3850
f 1882 1883 1884
v 623.6914 1292.9572 254.3851
v 624.5036 1293.0310 254.3850
v 624.5273 1292.9189 254.3850
f 1885 1886 1887
v 626.2217 1294.5643 254.3845
v 625.4035 1295.6395 254.3843
v 626.5604 1295.2165 254.3843
f 1888 1889 1890
v 625.3823 1294.4196 254.3846
v 626.2217 1294.5643 254.3845
v 625.9535 1293.7621 254.3847
f 1891 1892 1893
v 626.8751 1295.1005 254.3843
v 627.0612 1295.8991 254.3841
v 626.9840 1295.0623 254.3843
f 1894 1895 1896
v 626.9840 1295.0623 254.3843
v 626.5930 1294.3093 254.3845
v 626.8751 1295.1005 254.3843
f 1897 1898 1899
v 625.2743 1293.3049 254.3848
v 625.9535 1293.7621 254.3847
v 626.0283 1293.6758 254.3847
f 1900 1901 1902
v 625.3250 1293.2027 254.3848
v 625.2743 1293.3049 254.3848
v 626.0283 1293.6758 254.3847
f 1903 1904 1905
v 626.5930 1294.3093 254.3845
v 626.0283 1293.6758 254.3847
v 626.4981 1294.3735 254.3845
f 1906 1907 1908
v 625.9535 1293.7621 254.3847
v 626.4981 1294.3735 254.3845
v 626.0283 1293.6758 254.3847
f 1909 1910 1911
v 626.8751 1295.1005 254.3843
v 626.5930 1294.3093 254.3845
v 626.4981 1294.3735 254.3845
f 1912 1913 1914
v 626.4981 1294.3735 254.3845
v 625.9535 1293.7621 254.3847
v 626.2217 1294.5643 254.3845
f 1915 1916 1917
v 626.5604 1295.2165 254.3843
v 625.4997 1296.0522 254.3842
v 626.7263 1295.9310 254.3842
f 1918 1919 1920
v 626.7263 1295.9310 254.3842
v 625.4997 1296.0522 254.3842
v 625.4908 1296.4763 254.3842
f 1921 1922 1923
v 622.1832 1296.5921 254.3845
v 621.5046 1296.7490 263.6232
v 621.5036 1296.7469 254.3845
f 1924 1925 1926
v 622.3292 1296.9898 254.3844
v 622.1842 1296.5943 263.7562
v 622.1832 1296.5921 254.3845
f 1927 1928 1929
v 622.5701 1297.3390 254.3843
v 622.3303 1296.9919 263.7561
v 622.3292 1296.9898 254.3844
f 1930 1931 1932
v 622.8899 1297.6182 254.3842
v 622.5712 1297.3411 263.7560
v 622.5701 1297.3390 254.3843
f 1933 1934 1935
v 623.2674 1297.8082 254.3841
v 622.8909 1297.6204 263.7559
v 622.8899 1297.6182 254.3842
f 1936 1937 1938
v 623.6816 1297.8991 254.3840
v 623.2684 1297.8103 263.7558
v 623.2674 1297.8082 254.3841
f 1939 1940 1941
v 624.1026 1297.8850 254.3840
v 623.6827 1297.9012 263.7557
v 623.6816 1297.8991 254.3840
f 1942 1943 1944
v 624.5073 1297.7648 254.3840
v 624.1036 1297.8871 263.7557
v 624.1026 1297.8850 254.3840
f 1945 1946 1947
v 624.8697 1297.5478 254.3840
v 624.5083 1297.7670 263.7557
v 624.5073 1297.7648 254.3840
f 1948 1949 1950
v 625.1649 1297.2481 254.3840
v 624.8707 1297.5500 263.7557
v 624.8697 1297.5478 254.3840
f 1951 1952 1953
v 625.3769 1296.8826 254.3841
v 625.1659 1297.2502 263.7557
v 625.1649 1297.2481 254.3840
f 1954 1955 1956
v 625.4908 1296.4763 254.3842
v 625.3779 1296.8847 263.7558
v 625.3769 1296.8826 254.3841
f 1957 1958 1959
v 625.4997 1296.0522 254.3842
v 625.4918 1296.4784 263.7559
v 625.4908 1296.4763 254.3842
f 1960 1961 1962
v 625.4035 1295.6395 254.3843
v 625.5007 1296.0544 263.7559
v 625.4997 1296.0522 254.3842
f 1963 1964 1965
v 625.2086 1295.2630 254.3844
v 625.4046 1295.6416 263.7560
v 625.4035 1295.6395 254.3843
f 1966 1967 1968
v 624.9278 1294.9479 263.7562
v 625.2096 1295.2651 263.7561
v 625.2086 1295.2630 254.3844
f 1969 1970 1971
v 621.0140 1295.4112 254.3848
v 620.9070 1296.1376 263.4494
v 620.9060 1296.1356 254.3847
f 1972 1973 1974
v 621.5294 1295.5589 254.3847
v 621.0150 1295.4133 263.4495
v 621.0140 1295.4112 254.3848
f 1975 1976 1977
v 621.4410 1296.1501 254.3846
v 621.5305 1295.5610 263.6234
v 621.5294 1295.5589 254.3847
f 1978 1979 1980
v 620.9060 1296.1356 254.3847
v 620.9829 1296.8674 263.4492
v 620.9820 1296.8653 254.3845
f 1981 1982 1983
v 621.5036 1296.7469 254.3845
v 621.4420 1296.1522 263.6233
v 621.4410 1296.1501 254.3846
f 1984 1985 1986
v 620.9820 1296.8653 254.3845
v 621.2368 1297.5567 263.4491
v 621.2357 1297.5547 254.3844
f 1987 1988 1989
v 621.2357 1297.5547 254.3844
v 621.6544 1298.1615 263.4489
v 621.6533 1298.1595 254.3842
f 1990 1991 1992
v 621.6533 1298.1595 254.3842
v 622.2077 1298.6440 263.4487
v 622.2067 1298.6420 254.3840
f 1993 1994 1995
v 622.2067 1298.6420 254.3840
v 622.8615 1298.9753 263.4486
v 622.8606 1298.9733 254.3839
f 1996 1997 1998
v 622.8606 1298.9733 254.3839
v 623.5769 1299.1334 263.4485
v 623.5760 1299.1313 254.3838
f 1999 2000 2001
v 623.5760 1299.1313 254.3838
v 624.3088 1299.1075 263.4484
v 624.3079 1299.1054 254.3837
f 2002 2003 2004
v 624.3079 1299.1054 254.3837
v 625.0093 1298.8996 263.4484
v 625.0083 1298.8975 254.3837
f 2005 2006 2007
v 625.0083 1298.8975 254.3837
v 625.6353 1298.5239 263.4484
v 625.6343 1298.5218 254.3837
f 2008 2009 2010
v 625.6343 1298.5218 254.3837
v 626.1479 1298.0036 263.4485
v 626.1468 1298.0015 254.3838
f 2011 2012 2013
v 626.1468 1298.0015 254.3838
v 626.5142 1297.3715 263.4486
v 626.5132 1297.3695 254.3839
f 2014 2015 2016
v 626.5132 1297.3695 254.3839
v 626.7123 1296.6671 263.4487
v 626.7113 1296.6650 254.3840
f 2017 2018 2019
v 626.7113 1296.6650 254.3840
v 626.7273 1295.9330 263.4489
v 626.7263 1295.9310 254.3842
f 2020 2021 2022
v 626.7263 1295.9310 254.3842
v 626.5614 1295.2184 263.4490
v 626.5604 1295.2165 254.3843
f 2023 2024 2025
v 626.5604 1295.2165 254.3843
v 626.2226 1294.5664 263.4492
v 626.2217 1294.5643 254.3845
f 2026 2027 2028
v 626.2217 1294.5643 254.3845
v 626.4991 1294.3756 263.2462
v 626.4981 1294.3735 254.3845
f 2029 2030 2031
v 626.5930 1294.3093 254.3845
v 626.0292 1293.6778 263.0294
v 626.0283 1293.6758 254.3847
f 2032 2033 2034
v 626.0283 1293.6758 254.3847
v 625.3260 1293.2047 263.0295
v 625.3250 1293.2027 254.3848
f 2035 2036 2037
v 625.2743 1293.3049 254.3848
v 625.9545 1293.7641 263.2464
v 625.9535 1293.7621 254.3847
f 2038 2039 2040
v 625.3250 1293.2027 254.3848
v 624.5282 1292.9209 263.0298
v 624.5273 1292.9189 254.3850
f 2041 2042 2043
v 624.5036 1293.0310 254.3850
v 625.2753 1293.3069 263.2465
v 625.2743 1293.3049 254.3848
f 2044 2045 2046
v 624.5273 1292.9189 254.3850
v 623.6870 1292.8441 263.0299
v 623.6861 1292.8421 254.3851
f 2047 2048 2049
v 623.6914 1292.9572 254.3851
v 624.5046 1293.0330 263.2467
v 624.5036 1293.0310 254.3850
f 2050 2051 2052
v 623.6861 1292.8421 254.3851
v 622.8534 1292.9783 263.0299
v 622.8525 1292.9763 254.3851
f 2053 2054 2055
v 622.8868 1293.0883 254.3851
v 623.6924 1292.9591 263.2468
v 623.6914 1292.9572 254.3851
f 2056 2057 2058
v 622.1396 1293.4153 254.3851
v 622.8877 1293.0903 263.2468
v 622.8868 1293.0883 254.3851
f 2059 2060 2061
v 622.8525 1292.9763 254.3851
v 622.0813 1293.3185 263.0299
v 622.0804 1293.3165 254.3851
f 2062 2063 2064
v 622.0804 1293.3165 254.3851
v 621.4198 1293.8402 263.0299
v 621.4188 1293.8382 254.3851
f 2065 2066 2067
v 621.5000 1293.9189 254.3851
v 622.1406 1293.4173 263.2468
v 622.1396 1293.4153 254.3851
f 2068 2069 2070
v 621.4188 1293.8382 254.3851
v 620.9075 1294.5106 263.0298
v 620.9066 1294.5086 254.3850
f 2071 2072 2073
v 621.0067 1294.5663 254.3850
v 621.5010 1293.9210 263.2468
v 621.5000 1293.9189 254.3851
f 2074 2075 2076
v 620.9066 1294.5086 254.3850
v 620.5797 1295.2884 263.0297
v 620.5787 1295.2864 254.3849
f 2077 2078 2079
v 620.6898 1295.3191 254.3849
v 621.0078 1294.5683 263.2467
v 621.0067 1294.5663 254.3850
f 2080 2081 2082
v 620.5787 1295.2864 254.3849
v 620.4559 1296.1247 263.0295
v 620.4549 1296.1227 254.3847
f 2083 2084 2085
v 620.5699 1296.1264 254.3847
v 620.6907 1295.3211 263.2466
v 620.6898 1295.3191 254.3849
f 2086 2087 2088
v 620.4549 1296.1227 254.3847
v 620.5431 1296.9684 263.0293
v 620.5422 1296.9665 254.3845
f 2089 2090 2091
v 620.6541 1296.9402 254.3845
v 620.5709 1296.1285 263.2464
v 620.5699 1296.1264 254.3847
f 2092 2093 2094
v 620.5422 1296.9665 254.3845
v 620.8373 1297.7637 263.0292
v 620.8363 1297.7617 254.3844
f 2095 2096 2097
v 620.9382 1297.7114 263.2462
v 620.6551 1296.9422 263.2463
v 620.6541 1296.9402 254.3845
f 2098 2099 2100
v 621.4039 1298.3862 263.2460
v 620.9382 1297.7114 263.2462
v 620.9371 1297.7094 254.3844
f 2101 2102 2103
v 620.8363 1297.7617 254.3844
v 621.3182 1298.4624 263.0290
v 621.3172 1298.4604 254.3842
f 2104 2105 2106
v 621.3172 1298.4604 254.3842
v 621.9566 1299.0196 263.0288
v 621.9557 1299.0176 254.3840
f 2107 2108 2109
v 622.0194 1298.9225 254.3840
v 621.4039 1298.3862 263.2460
v 621.4030 1298.3841 254.3842
f 2110 2111 2112
v 621.9557 1299.0176 254.3840
v 622.7126 1299.4016 263.0286
v 622.7117 1299.3996 254.3838
f 2113 2114 2115
v 622.7504 1299.2906 254.3839
v 622.0204 1298.9245 263.2458
v 622.0194 1298.9225 254.3840
f 2116 2117 2118
v 622.7117 1299.3996 254.3838
v 623.5401 1299.5834 263.0285
v 623.5392 1299.5814 254.3837
f 2119 2120 2121
v 623.5488 1299.4664 254.3837
v 622.7513 1299.2926 263.2457
v 622.7504 1299.2906 254.3839
f 2122 2123 2124
v 623.5392 1299.5814 254.3837
v 624.3830 1299.5531 263.0284
v 624.3820 1299.5511 254.3836
f 2125 2126 2127
v 624.3638 1299.4372 254.3837
v 623.5498 1299.4685 263.2455
v 623.5488 1299.4664 254.3837
f 2128 2129 2130
v 624.3820 1299.5511 254.3836
v 625.1924 1299.3149 263.0284
v 625.1914 1299.3130 254.3836
f 2131 2132 2133
v 625.1452 1299.2071 254.3836
v 624.3647 1299.4392 263.2455
v 624.3638 1299.4372 254.3837
f 2134 2135 2136
v 625.1914 1299.3130 254.3836
v 625.9152 1298.8801 263.0284
v 625.9142 1298.8781 254.3836
f 2137 2138 2139
v 625.8430 1298.7882 254.3837
v 625.1461 1299.2091 263.2453
v 625.1452 1299.2071 254.3836
f 2140 2141 2142
v 625.9142 1298.8781 254.3836
v 626.5076 1298.2805 263.0285
v 626.5066 1298.2785 254.3837
f 2143 2144 2145
v 626.4154 1298.2068 254.3837
v 625.8439 1298.7903 263.2454
v 625.8430 1298.7882 254.3837
f 2146 2147 2148
v 626.5066 1298.2785 254.3837
v 626.9306 1297.5494 263.0286
v 626.9297 1297.5474 254.3838
f 2149 2150 2151
v 626.8235 1297.5027 254.3838
v 626.4164 1298.2088 263.2454
v 626.4154 1298.2068 254.3837
f 2152 2153 2154
v 626.9297 1297.5474 254.3838
v 627.1584 1296.7357 263.0287
v 627.1574 1296.7338 254.3839
f 2155 2156 2157
v 627.0434 1296.7151 254.3840
v 626.8245 1297.5047 263.2455
v 626.8235 1297.5027 254.3838
f 2158 2159 2160
v 627.1574 1296.7338 254.3839
v 627.1771 1295.8897 263.0289
v 627.1762 1295.8877 254.3841
f 2161 2162 2163
v 627.0612 1295.8991 254.3841
v 627.0444 1296.7171 263.2457
v 627.0434 1296.7151 254.3840
f 2164 2165 2166
v 627.1762 1295.8877 254.3841
v 626.9849 1295.0643 263.0291
v 626.9840 1295.0623 254.3843
f 2167 2168 2169
v 626.8751 1295.1005 254.3843
v 627.0622 1295.9011 263.2458
v 627.0612 1295.8991 254.3841
f 2170 2171 2172
v 626.9840 1295.0623 254.3843
v 626.5939 1294.3113 263.0293
v 626.5930 1294.3093 254.3845
f 2173 2174 2175
v 626.4981 1294.3735 254.3845
v 626.8761 1295.1025 263.2460
v 626.8751 1295.1005 254.3843
f 2176 2177 2178

g building_ID_34FE1F26-452F-4A44-B068-2FD9A80AF918
v 625.7332 1294.0187 263.4493
v 624.8864 1294.0871 263.6234
v 625.1251 1293.6074 263.4495
f 2179 2180 2181
v 624.8864 1294.0871 263.6234
v 625.7332 1294.0187 263.4493
v 625.3833 1294.4217 263.6233
f 2182 2183 2184
v 625.1251 1293.6074 263.4495
v 624.3219 1293.8865 263.6235
v 624.4345 1293.3622 263.4496
f 2185 2186 2187
v 624.3219 1293.8865 263.6235
v 625.1251 1293.6074 263.4495
v 624.8864 1294.0871 263.6234
f 2188 2189 2190
v 624.4345 1293.3622 263.4496
v 623.7267 1293.8331 263.6236
v 623.7053 1293.2961 263.4497
f 2191 2192 2193
v 623.7267 1293.8331 263.6236
v 624.4345 1293.3622 263.4496
v 624.3219 1293.8865 263.6235
f 2194 2195 2196
v 623.7053 1293.2961 263.4497
v 623.1380 1293.9277 263.6236
v 622.9846 1293.4130 263.4497
f 2197 2198 2199
v 623.1380 1293.9277 263.6236
v 623.7053 1293.2961 263.4497
v 623.7267 1293.8331 263.6236
f 2200 2201 2202
v 622.9846 1293.4130 263.4497
v 622.5927 1294.1682 263.6236
v 622.3154 1293.7068 263.4497
f 2203 2204 2205
v 622.5927 1294.1682 263.6236
v 622.9846 1293.4130 263.4497
v 623.1380 1293.9277 263.6236
f 2206 2207 2208
v 622.5927 1294.1682 263.6236
v 622.1236 1294.5374 263.6236
v 621.7416 1294.1584 263.4497
f 2209 2210 2211
v 621.7416 1294.1584 263.4497
v 622.3154 1293.7068 263.4497
v 622.5927 1294.1682 263.6236
f 2212 2213 2214
v 622.1236 1294.5374 263.6236
v 621.7629 1295.0103 263.6235
v 621.2982 1294.7395 263.4496
f 2215 2216 2217
v 621.2982 1294.7395 263.4496
v 621.7416 1294.1584 263.4497
v 622.1236 1294.5374 263.6236
f 2218 2219 2220
v 621.7629 1295.0103 263.6235
v 621.5305 1295.5610 263.6234
v 621.0150 1295.4133 263.4495
f 2221 2222 2223
v 621.0150 1295.4133 263.4495
v 621.2982 1294.7395 263.4496
v 621.7629 1295.0103 263.6235
f 2224 2225 2226
v 621.0140 1295.4112 254.3848
v 621.0150 1295.4133 263.4495
v 621.5294 1295.5589 254.3847
f 2227 2228 2229
v 624.2141 1295.4388 263.8402
v 624.5751 1294.7119 263.7563
v 624.9278 1294.9479 263.7562
f 2230 2231 2232
v 624.9278 1294.9479 263.7562
v 624.3954 1295.5624 263.8402
v 624.2141 1295.4388 263.8402
f 2233 2234 2235
v 624.5751 1294.7119 263.7563
v 624.2141 1295.4388 263.8402
v 624.0069 1295.3654 263.8402
f 2236 2237 2238
v 624.0069 1295.3654 263.8402
v 624.1768 1294.5699 263.7564
v 624.5751 1294.7119 263.7563
f 2239 2240 2241
v 625.3833 1294.4217 263.6233
v 624.9278 1294.9479 263.7562
v 624.5751 1294.7119 263.7563
f 2242 2243 2244
v 624.5751 1294.7119 263.7563
v 624.8864 1294.0871 263.6234
v 625.3833 1294.4217 263.6233
f 2245 2246 2247
v 624.8864 1294.0871 263.6234
v 624.5751 1294.7119 263.7563
v 624.1768 1294.5699 263.7564
f 2248 2249 2250
v 624.1768 1294.5699 263.7564
v 624.3219 1293.8865 263.6235
v 624.8864 1294.0871 263.6234
f 2251 2252 2253
v 625.9545 1293.7641 263.2464
v 625.1251 1293.6074 263.4495
v 625.2753 1293.3069 263.2465
f 2254 2255 2256
v 625.1251 1293.6074 263.4495
v 625.9545 1293.7641 263.2464
v 625.7332 1294.0187 263.4493
f 2257 2258 2259
v 625.9535 1293.7621 254.3847
v 625.9545 1293.7641 263.2464
v 625.2753 1293.3069 263.2465
f 2260 2261 2262
v 625.2753 1293.3069 263.2465
v 624.4345 1293.3622 263.4496
v 624.5046 1293.0330 263.2467
f 2263 2264 2265
v 624.4345 1293.3622 263.4496
v 625.2753 1293.3069 263.2465
v 625.1251 1293.6074 263.4495
f 2266 2267 2268
v 625.2743 1293.3049 254.3848
v 625.2753 1293.3069 263.2465
v 624.5046 1293.0330 263.2467
f 2269 2270 2271
v 624.5046 1293.0330 263.2467
v 623.7053 1293.2961 263.4497
v 623.6924 1292.9591 263.2468
f 2272 2273 2274
v 623.7053 1293.2961 263.4497
v 624.5046 1293.0330 263.2467
v 624.4345 1293.3622 263.4496
f 2275 2276 2277
v 624.5036 1293.0310 254.3850
v 624.5046 1293.0330 263.2467
v 623.6924 1292.9591 263.2468
f 2278 2279 2280
v 623.6924 1292.9591 263.2468
v 622.9846 1293.4130 263.4497
v 622.8877 1293.0903 263.2468
f 2281 2282 2283
v 622.9846 1293.4130 263.4497
v 623.6924 1292.9591 263.2468
v 623.7053 1293.2961 263.4497
f 2284 2285 2286
v 623.6914 1292.9572 254.3851
v 623.6924 1292.9591 263.2468
v 622.8877 1293.0903 263.2468
f 2287 2288 2289
v 622.8877 1293.0903 263.2468
v 622.3154 1293.7068 263.4497
v 622.1406 1293.4173 263.2468
f 2290 2291 2292
v 622.3154 1293.7068 263.4497
v 622.8877 1293.0903 263.2468
v 622.9846 1293.4130 263.4497
f 2293 2294 2295
v 622.8868 1293.0883 254.3851
v 622.8877 1293.0903 263.2468
v 622.1406 1293.4173 263.2468
f 2296 2297 2298
v 622.1406 1293.4173 263.2468
v 621.7416 1294.1584 263.4497
v 621.5010 1293.9210 263.2468
f 2299 2300 2301
v 621.7416 1294.1584 263.4497
v 622.1406 1293.4173 263.2468
v 622.3154 1293.7068 263.4497
f 2302 2303 2304
v 622.1396 1293.4153 254.3851
v 622.1406 1293.4173 263.2468
v 621.5010 1293.9210 263.2468
f 2305 2306 2307
v 621.5010 1293.9210 263.2468
v 621.2982 1294.7395 263.4496
v 621.0078 1294.5683 263.2467
f 2308 2309 2310
v 621.2982 1294.7395 263.4496
v 621.5010 1293.9210 263.2468
v 621.7416 1294.1584 263.4497
f 2311 2312 2313
v 621.5000 1293.9189 254.3851
v 621.5010 1293.9210 263.2468
v 621.0078 1294.5683 263.2467
f 2314 2315 2316
v 621.2982 1294.7395 263.4496
v 621.0150 1295.4133 263.4495
v 620.6907 1295.3211 263.2466
f 2317 2318 2319
v 620.6907 1295.3211 263.2466
v 621.0078 1294.5683 263.2467
v 621.2982 1294.7395 263.4496
f 2320 2321 2322
v 621.0067 1294.5663 254.3850
v 621.0078 1294.5683 263.2467
v 620.6907 1295.3211 263.2466
f 2323 2324 2325
v 621.0150 1295.4133 263.4495
v 620.9070 1296.1376 263.4494
v 620.5709 1296.1285 263.2464
f 2326 2327 2328
v 620.5709 1296.1285 263.2464
v 620.6907 1295.3211 263.2466
v 621.0150 1295.4133 263.4495
f 2329 2330 2331
v 620.6898 1295.3191 254.3849
v 620.6907 1295.3211 263.2466
v 620.5699 1296.1264 254.3847
f 2332 2333 2334
v 620.9060 1296.1356 254.3847
v 620.9070 1296.1376 263.4494
v 621.0150 1295.4133 263.4495
f 2335 2336 2337
v 620.9070 1296.1376 263.4494
v 620.9829 1296.8674 263.4492
v 620.6551 1296.9422 263.2463
f 2338 2339 2340
v 620.6551 1296.9422 263.2463
v 620.5709 1296.1285 263.2464
v 620.9070 1296.1376 263.4494
f 2341 2342 2343
v 620.5699 1296.1264 254.3847
v 620.5709 1296.1285 263.2464
v 620.6541 1296.9402 254.3845
f 2344 2345 2346
v 620.9820 1296.8653 254.3845
v 620.9829 1296.8674 263.4492
v 620.9070 1296.1376 263.4494
f 2347 2348 2349
v 620.9829 1296.8674 263.4492
v 621.2368 1297.5567 263.4491
v 620.9382 1297.7114 263.2462
f 2350 2351 2352
v 620.9382 1297.7114 263.2462
v 620.6551 1296.9422 263.2463
v 620.9829 1296.8674 263.4492
f 2353 2354 2355
v 620.6541 1296.9402 254.3845
v 620.6551 1296.9422 263.2463
v 620.9382 1297.7114 263.2462
f 2356 2357 2358
v 621.2357 1297.5547 254.3844
v 621.2368 1297.5567 263.4491
v 620.9829 1296.8674 263.4492
f 2359 2360 2361
v 620.9382 1297.7114 263.2462
v 621.6544 1298.1615 263.4489
v 621.4039 1298.3862 263.2460
f 2362 2363 2364
v 621.6544 1298.1615 263.4489
v 620.9382 1297.7114 263.2462
v 621.2368 1297.5567 263.4491
f 2365 2366 2367
v 620.9371 1297.7094 254.3844
v 620.9382 1297.7114 263.2462
v 621.4039 1298.3862 263.2460
f 2368 2369 2370
v 621.6533 1298.1595 254.3842
v 621.6544 1298.1615 263.4489
v 621.2368 1297.5567 263.4491
f 2371 2372 2373
v 621.4039 1298.3862 263.2460
v 622.2077 1298.6440 263.4487
v 622.0204 1298.9245 263.2458
f 2374 2375 2376
v 622.2077 1298.6440 263.4487
v 621.4039 1298.3862 263.2460
v 621.6544 1298.1615 263.4489
f 2377 2378 2379
v 621.4030 1298.3841 254.3842
v 621.4039 1298.3862 263.2460
v 622.0204 1298.9245 263.2458
f 2380 2381 2382
v 622.2067 1298.6420 254.3840
v 622.2077 1298.6440 263.4487
v 621.6544 1298.1615 263.4489
f 2383 2384 2385
v 622.0204 1298.9245 263.2458
v 622.8615 1298.9753 263.4486
v 622.7513 1299.2926 263.2457
f 2386 2387 2388
v 622.8615 1298.9753 263.4486
v 622.0204 1298.9245 263.2458
v 622.2077 1298.6440 263.4487
f 2389 2390 2391
v 622.0194 1298.9225 254.3840
v 622.0204 1298.9245 263.2458
v 622.7513 1299.2926 263.2457
f 2392 2393 2394
v 622.8606 1298.9733 254.3839
v 622.8615 1298.9753 263.4486
v 622.2077 1298.6440 263.4487
f 2395 2396 2397
v 622.7513 1299.2926 263.2457
v 623.5769 1299.1334 263.4485
v 623.5498 1299.4685 263.2455
f 2398 2399 2400
v 623.5769 1299.1334 263.4485
v 622.7513 1299.2926 263.2457
v 622.8615 1298.9753 263.4486
f 2401 2402 2403
v 622.7504 1299.2906 254.3839
v 622.7513 1299.2926 263.2457
v 623.5498 1299.4685 263.2455
f 2404 2405 2406
v 623.5760 1299.1313 254.3838
v 623.5769 1299.1334 263.4485
v 622.8606 1298.9733 254.3839
f 2407 2408 2409
v 623.5498 1299.4685 263.2455
v 624.3088 1299.1075 263.4484
v 624.3647 1299.4392 263.2455
f 2410 2411 2412
v 624.3088 1299.1075 263.4484
v 623.5498 1299.4685 263.2455
v 623.5769 1299.1334 263.4485
f 2413 2414 2415
v 623.5488 1299.4664 254.3837
v 623.5498 1299.4685 263.2455
v 624.3647 1299.4392 263.2455
f 2416 2417 2418
v 624.3079 1299.1054 254.3837
v 624.3088 1299.1075 263.4484
v 623.5760 1299.1313 254.3838
f 2419 2420 2421
v 624.3647 1299.4392 263.2455
v 625.0093 1298.8996 263.4484
v 625.1461 1299.2091 263.2453
f 2422 2423 2424
v 625.0093 1298.8996 263.4484
v 624.3647 1299.4392 263.2455
v 624.3088 1299.1075 263.4484
f 2425 2426 2427
v 624.3638 1299.4372 254.3837
v 624.3647 1299.4392 263.2455
v 625.1461 1299.2091 263.2453
f 2428 2429 2430
v 625.0083 1298.8975 254.3837
v 625.0093 1298.8996 263.4484
v 624.3088 1299.1075 263.4484
f 2431 2432 2433
v 625.0093 1298.8996 263.4484
v 625.6353 1298.5239 263.4484
v 625.8439 1298.7903 263.2454
f 2434 2435 2436
v 625.8439 1298.7903 263.2454
v 625.1461 1299.2091 263.2453
v 625.0093 1298.8996 263.4484
f 2437 2438 2439
v 625.1452 1299.2071 254.3836
v 625.1461 1299.2091 263.2453
v 625.8439 1298.7903 263.2454
f 2440 2441 2442
v 625.6343 1298.5218 254.3837
v 625.6353 1298.5239 263.4484
v 625.0093 1298.8996 263.4484
f 2443 2444 2445
v 625.6353 1298.5239 263.4484
v 626.1479 1298.0036 263.4485
v 626.4164 1298.2088 263.2454
f 2446 2447 2448
v 626.4164 1298.2088 263.2454
v 625.8439 1298.7903 263.2454
v 625.6353 1298.5239 263.4484
f 2449 2450 2451
v 625.8430 1298.7882 254.3837
v 625.8439 1298.7903 263.2454
v 626.4164 1298.2088 263.2454
f 2452 2453 2454
v 626.1468 1298.0015 254.3838
v 626.1479 1298.0036 263.4485
v 625.6353 1298.5239 263.4484
f 2455 2456 2457
v 626.1479 1298.0036 263.4485
v 626.5142 1297.3715 263.4486
v 626.8245 1297.5047 263.2455
f 2458 2459 2460
v 626.8245 1297.5047 263.2455
v 626.4164 1298.2088 263.2454
v 626.1479 1298.0036 263.4485
f 2461 2462 2463
v 626.4154 1298.2068 254.3837
v 626.4164 1298.2088 263.2454
v 626.8245 1297.5047 263.2455
f 2464 2465 2466
v 626.5132 1297.3695 254.3839
v 626.5142 1297.3715 263.4486
v 626.1479 1298.0036 263.4485
f 2467 2468 2469
v 626.5142 1297.3715 263.4486
v 626.7123 1296.6671 263.4487
v 627.0444 1296.7171 263.2457
f 2470 2471 2472
v 627.0444 1296.7171 263.2457
v 626.8245 1297.5047 263.2455
v 626.5142 1297.3715 263.4486
f 2473 2474 2475
v 626.8235 1297.5027 254.3838
v 626.8245 1297.5047 263.2455
v 627.0444 1296.7171 263.2457
f 2476 2477 2478
v 626.7113 1296.6650 254.3840
v 626.7123 1296.6671 263.4487
v 626.5142 1297.3715 263.4486
f 2479 2480 2481
v 626.7123 1296.6671 263.4487
v 626.7273 1295.9330 263.4489
v 627.0622 1295.9011 263.2458
f 2482 2483 2484
v 627.0622 1295.9011 263.2458
v 627.0444 1296.7171 263.2457
v 626.7123 1296.6671 263.4487
f 2485 2486 2487
v 627.0434 1296.7151 254.3840
v 627.0444 1296.7171 263.2457
v 627.0622 1295.9011 263.2458
f 2488 2489 2490
v 626.7263 1295.9310 254.3842
v 626.7273 1295.9330 263.4489
v 626.7123 1296.6671 263.4487
f 2491 2492 2493
v 626.7273 1295.9330 263.4489
v 626.5614 1295.2184 263.4490
v 626.8761 1295.1025 263.2460
f 2494 2495 2496
v 626.8761 1295.1025 263.2460
v 627.0622 1295.9011 263.2458
v 626.7273 1295.9330 263.4489
f 2497 2498 2499
v 627.0612 1295.8991 254.3841
v 627.0622 1295.9011 263.2458
v 626.8761 1295.1025 263.2460
f 2500 2501 2502
v 626.5604 1295.2165 254.3843
v 626.5614 1295.2184 263.4490
v 626.7273 1295.9330 263.4489
f 2503 2504 2505
v 626.5614 1295.2184 263.4490
v 626.2226 1294.5664 263.4492
v 626.4991 1294.3756 263.2462
f 2506 2507 2508
v 626.4991 1294.3756 263.2462
v 626.8761 1295.1025 263.2460
v 626.5614 1295.2184 263.4490
f 2509 2510 2511
v 626.8751 1295.1005 254.3843
v 626.8761 1295.1025 263.2460
v 626.4991 1294.3756 263.2462
f 2512 2513 2514
v 626.2217 1294.5643 254.3845
v 626.2226 1294.5664 263.4492
v 626.5614 1295.2184 263.4490
f 2515 2516 2517
v 626.4981 1294.3735 254.3845
v 626.4991 1294.3756 263.2462
v 626.2217 1294.5643 254.3845
f 2518 2519 2520
v 625.2096 1295.2651 263.7561
v 624.5419 1295.7259 263.8401
v 624.3954 1295.5624 263.8402
f 2521 2522 2523
v 624.3954 1295.5624 263.8402
v 624.9278 1294.9479 263.7562
v 625.2096 1295.2651 263.7561
f 2524 2525 2526
v 625.2086 1295.2630 254.3844
v 625.2096 1295.2651 263.7561
v 624.9278 1294.9479 263.7562
f 2527 2528 2529
v 624.1036 1297.8871 263.7557
v 623.9695 1297.0825 263.8399
v 624.1793 1297.0199 263.8399
f 2530 2531 2532
v 624.1793 1297.0199 263.8399
v 624.5083 1297.7670 263.7557
v 624.1036 1297.8871 263.7557
f 2533 2534 2535
v 624.1026 1297.8850 254.3840
v 624.1036 1297.8871 263.7557
v 624.5083 1297.7670 263.7557
f 2536 2537 2538
v 624.8707 1297.5500 263.7557
v 624.1793 1297.0199 263.8399
v 624.3660 1296.9084 263.8399
f 2539 2540 2541
v 624.1793 1297.0199 263.8399
v 624.8707 1297.5500 263.7557
v 624.5083 1297.7670 263.7557
f 2542 2543 2544
v 624.5073 1297.7648 254.3840
v 624.5083 1297.7670 263.7557
v 624.8707 1297.5500 263.7557
f 2545 2546 2547
v 624.5196 1296.7530 263.8399
v 625.1659 1297.2502 263.7557
v 624.8707 1297.5500 263.7557
f 2548 2549 2550
v 624.8707 1297.5500 263.7557
v 624.3660 1296.9084 263.8399
v 624.5196 1296.7530 263.8399
f 2551 2552 2553
v 624.8697 1297.5478 254.3840
v 624.8707 1297.5500 263.7557
v 625.1659 1297.2502 263.7557
f 2554 2555 2556
v 624.6291 1296.5637 263.8399
v 625.3779 1296.8847 263.7558
v 625.1659 1297.2502 263.7557
f 2557 2558 2559
v 625.1659 1297.2502 263.7557
v 624.5196 1296.7530 263.8399
v 624.6291 1296.5637 263.8399
f 2560 2561 2562
v 625.1649 1297.2481 254.3840
v 625.1659 1297.2502 263.7557
v 625.3779 1296.8847 263.7558
f 2563 2564 2565
v 624.6875 1296.3526 263.8400
v 625.4918 1296.4784 263.7559
v 625.3779 1296.8847 263.7558
f 2566 2567 2568
v 625.3779 1296.8847 263.7558
v 624.6291 1296.5637 263.8399
v 624.6875 1296.3526 263.8400
f 2569 2570 2571
v 625.3769 1296.8826 254.3841
v 625.3779 1296.8847 263.7558
v 625.4918 1296.4784 263.7559
f 2572 2573 2574
v 624.6919 1296.1336 263.8400
v 625.5007 1296.0544 263.7559
v 625.4918 1296.4784 263.7559
f 2575 2576 2577
v 625.4918 1296.4784 263.7559
v 624.6875 1296.3526 263.8400
v 624.6919 1296.1336 263.8400
f 2578 2579 2580
v 625.4908 1296.4763 254.3842
v 625.4918 1296.4784 263.7559
v 625.5007 1296.0544 263.7559
f 2581 2582 2583
v 624.6423 1295.9206 263.8401
v 625.4046 1295.6416 263.7560
v 625.5007 1296.0544 263.7559
f 2584 2585 2586
v 625.5007 1296.0544 263.7559
v 624.6919 1296.1336 263.8400
v 624.6423 1295.9206 263.8401
f 2587 2588 2589
v 625.4997 1296.0522 254.3842
v 625.5007 1296.0544 263.7559
v 625.4035 1295.6395 254.3843
f 2590 2591 2592
v 624.5419 1295.7259 263.8401
v 625.2096 1295.2651 263.7561
v 625.4046 1295.6416 263.7560
f 2593 2594 2595
v 625.4046 1295.6416 263.7560
v 624.6423 1295.9206 263.8401
v 624.5419 1295.7259 263.8401
f 2596 2597 2598
v 625.4035 1295.6395 254.3843
v 625.4046 1295.6416 263.7560
v 625.2086 1295.2630 254.3844
f 2599 2600 2601
v 622.9531 1296.1952 263.8402
v 622.1411 1296.1724 263.7563
v 622.2020 1295.7543 263.7563
f 2602 2603 2604
v 622.2020 1295.7543 263.7563
v 622.9856 1295.9782 263.8402
v 622.9531 1296.1952 263.8402
f 2605 2606 2607
v 622.9531 1296.1952 263.8402
v 622.1842 1296.5943 263.7562
v 622.1411 1296.1724 263.7563
f 2608 2609 2610
v 622.1842 1296.5943 263.7562
v 622.9531 1296.1952 263.8402
v 622.9747 1296.4131 263.8401
f 2611 2612 2613
v 622.3303 1296.9919 263.7561
v 622.9747 1296.4131 263.8401
v 623.0523 1296.6199 263.8401
f 2614 2615 2616
v 622.9747 1296.4131 263.8401
v 622.3303 1296.9919 263.7561
v 622.1842 1296.5943 263.7562
f 2617 2618 2619
v 622.1832 1296.5921 254.3845
v 622.1842 1296.5943 263.7562
v 622.3303 1296.9919 263.7561
f 2620 2621 2622
v 623.1757 1296.8006 263.8400
v 622.5712 1297.3411 263.7560
v 622.3303 1296.9919 263.7561
f 2623 2624 2625
v 622.3303 1296.9919 263.7561
v 623.0523 1296.6199 263.8401
v 623.1757 1296.8006 263.8400
f 2626 2627 2628
v 622.3292 1296.9898 254.3844
v 622.3303 1296.9919 263.7561
v 622.5712 1297.3411 263.7560
f 2629 2630 2631
v 622.8909 1297.6204 263.7559
v 623.1757 1296.8006 263.8400
v 623.3411 1296.9442 263.8400
f 2632 2633 2634
v 623.1757 1296.8006 263.8400
v 622.8909 1297.6204 263.7559
v 622.5712 1297.3411 263.7560
f 2635 2636 2637
v 622.5701 1297.3390 254.3843
v 622.5712 1297.3411 263.7560
v 622.8909 1297.6204 263.7559
f 2638 2639 2640
v 623.5364 1297.0436 263.8399
v 623.2684 1297.8103 263.7558
v 622.8909 1297.6204 263.7559
f 2641 2642 2643
v 622.8909 1297.6204 263.7559
v 623.3411 1296.9442 263.8400
v 623.5364 1297.0436 263.8399
f 2644 2645 2646
v 622.8899 1297.6182 254.3842
v 622.8909 1297.6204 263.7559
v 623.2684 1297.8103 263.7558
f 2647 2648 2649
v 623.2684 1297.8103 263.7558
v 623.5364 1297.0436 263.8399
v 623.7505 1297.0900 263.8399
f 2650 2651 2652
v 623.7505 1297.0900 263.8399
v 623.6827 1297.9012 263.7557
v 623.2684 1297.8103 263.7558
f 2653 2654 2655
v 623.2674 1297.8082 254.3841
v 623.2684 1297.8103 263.7558
v 623.6827 1297.9012 263.7557
f 2656 2657 2658
v 624.1036 1297.8871 263.7557
v 623.7505 1297.0900 263.8399
v 623.9695 1297.0825 263.8399
f 2659 2660 2661
v 623.7505 1297.0900 263.8399
v 624.1036 1297.8871 263.7557
v 623.6827 1297.9012 263.7557
f 2662 2663 2664
v 623.6816 1297.8991 254.3840
v 623.6827 1297.9012 263.7557
v 624.1036 1297.8871 263.7557
f 2665 2666 2667
v 623.3388 1294.5992 263.7565
v 623.5739 1295.3806 263.8403
v 623.3742 1295.4691 263.8403
f 2668 2669 2670
v 623.3742 1295.4691 263.8403
v 622.9533 1294.7682 263.7565
v 623.3388 1294.5992 263.7565
f 2671 2672 2673
v 623.2015 1295.6045 263.8403
v 622.6230 1295.0291 263.7564
v 622.9533 1294.7682 263.7565
f 2674 2675 2676
v 622.9533 1294.7682 263.7565
v 623.3742 1295.4691 263.8403
v 623.2015 1295.6045 263.8403
f 2677 2678 2679
v 623.0700 1295.7769 263.8402
v 622.3659 1295.3648 263.7564
v 622.6230 1295.0291 263.7564
f 2680 2681 2682
v 622.6230 1295.0291 263.7564
v 623.2015 1295.6045 263.8403
v 623.0700 1295.7769 263.8402
f 2683 2684 2685
v 622.9856 1295.9782 263.8402
v 622.2020 1295.7543 263.7563
v 622.3659 1295.3648 263.7564
f 2686 2687 2688
v 622.3659 1295.3648 263.7564
v 623.0700 1295.7769 263.8402
v 622.9856 1295.9782 263.8402
f 2689 2690 2691
v 623.7566 1294.5310 263.7564
v 624.0069 1295.3654 263.8402
v 623.7898 1295.3459 263.8403
f 2692 2693 2694
v 624.0069 1295.3654 263.8402
v 623.7566 1294.5310 263.7564
v 624.1768 1294.5699 263.7564
f 2695 2696 2697
v 623.3388 1294.5992 263.7565
v 623.7898 1295.3459 263.8403
v 623.5739 1295.3806 263.8403
f 2698 2699 2700
v 623.7898 1295.3459 263.8403
v 623.3388 1294.5992 263.7565
v 623.7566 1294.5310 263.7564
f 2701 2702 2703
v 623.7566 1294.5310 263.7564
v 623.7267 1293.8331 263.6236
v 624.3219 1293.8865 263.6235
f 2704 2705 2706
v 624.3219 1293.8865 263.6235
v 624.1768 1294.5699 263.7564
v 623.7566 1294.5310 263.7564
f 2707 2708 2709
v 623.7267 1293.8331 263.6236
v 623.7566 1294.5310 263.7564
v 623.3388 1294.5992 263.7565
f 2710 2711 2712
v 623.3388 1294.5992 263.7565
v 623.1380 1293.9277 263.6236
v 623.7267 1293.8331 263.6236
f 2713 2714 2715
v 622.9533 1294.7682 263.7565
v 622.5927 1294.1682 263.6236
v 623.1380 1293.9277 263.6236
f 2716 2717 2718
v 623.1380 1293.9277 263.6236
v 623.3388 1294.5992 263.7565
v 622.9533 1294.7682 263.7565
f 2719 2720 2721
v 622.1236 1294.5374 263.6236
v 622.9533 1294.7682 263.7565
v 622.6230 1295.0291 263.7564
f 2722 2723 2724
v 622.9533 1294.7682 263.7565
v 622.1236 1294.5374 263.6236
v 622.5927 1294.1682 263.6236
f 2725 2726 2727
v 622.6230 1295.0291 263.7564
v 621.7629 1295.0103 263.6235
v 622.1236 1294.5374 263.6236
f 2728 2729 2730
v 621.7629 1295.0103 263.6235
v 622.6230 1295.0291 263.7564
v 622.3659 1295.3648 263.7564
f 2731 2732 2733
v 622.2020 1295.7543 263.7563
v 621.5305 1295.5610 263.6234
v 621.7629 1295.0103 263.6235
f 2734 2735 2736
v 621.7629 1295.0103 263.6235
v 622.3659 1295.3648 263.7564
v 622.2020 1295.7543 263.7563
f 2737 2738 2739
v 621.4420 1296.1522 263.6233
v 622.2020 1295.7543 263.7563
v 622.1411 1296.1724 263.7563
f 2740 2741 2742
v 622.2020 1295.7543 263.7563
v 621.4420 1296.1522 263.6233
v 621.5305 1295.5610 263.6234
f 2743 2744 2745
v 621.5294 1295.5589 254.3847
v 621.5305 1295.5610 263.6234
v 621.4420 1296.1522 263.6233
f 2746 2747 2748
v 622.1842 1296.5943 263.7562
v 621.5046 1296.7490 263.6232
v 621.4420 1296.1522 263.6233
f 2749 2750 2751
v 621.4420 1296.1522 263.6233
v 622.1411 1296.1724 263.7563
v 622.1842 1296.5943 263.7562
f 2752 2753 2754
v 621.4410 1296.1501 254.3846
v 621.4420 1296.1522 263.6233
v 621.5046 1296.7490 263.6232
f 2755 2756 2757
v 621.5036 1296.7469 254.3845
v 621.5046 1296.7490 263.6232
v 622.1832 1296.5921 254.3845
f 2758 2759 2760
v 624.9267 1294.9458 254.3845
v 625.3833 1294.4217 263.6233
v 625.7332 1294.0187 263.4493
f 2761 2762 2763
v 625.3833 1294.4217 263.6233
v 624.9267 1294.9458 254.3845
v 624.9278 1294.9479 263.7562
f 2764 2765 2766
v 625.9545 1293.7641 263.2464
v 624.9267 1294.9458 254.3845
v 625.7332 1294.0187 263.4493
f 2767 2768 2769
v 625.3823 1294.4196 254.3846
v 624.9267 1294.9458 254.3845
v 625.9545 1293.7641 263.2464
f 2770 2771 2772
v 625.9535 1293.7621 254.3847
v 625.3823 1294.4196 254.3846
v 625.9545 1293.7641 263.2464
f 2773 2774 2775
v 623.8242 1296.2199 263.8681
v 624.6875 1296.3526 263.8400
v 624.6291 1296.5637 263.8399
f 2776 2777 2778
v 624.6875 1296.3526 263.8400
v 623.8242 1296.2199 263.8681
v 624.6919 1296.1336 263.8400
f 2779 2780 2781
v 623.8242 1296.2199 263.8681
v 624.6423 1295.9206 263.8401
v 624.6919 1296.1336 263.8400
f 2782 2783 2784
v 624.6423 1295.9206 263.8401
v 623.8242 1296.2199 263.8681
v 624.5419 1295.7259 263.8401
f 2785 2786 2787
v 623.8242 1296.2199 263.8681
v 624.3954 1295.5624 263.8402
v 624.5419 1295.7259 263.8401
f 2788 2789 2790
v 624.0069 1295.3654 263.8402
v 624.2141 1295.4388 263.8402
v 623.8242 1296.2199 263.8681
f 2791 2792 2793
v 624.3954 1295.5624 263.8402
v 623.8242 1296.2199 263.8681
v 624.2141 1295.4388 263.8402
f 2794 2795 2796
v 623.8242 1296.2199 263.8681
v 622.9747 1296.4131 263.8401
v 622.9531 1296.1952 263.8402
f 2797 2798 2799
v 622.9747 1296.4131 263.8401
v 623.8242 1296.2199 263.8681
v 623.0523 1296.6199 263.8401
f 2800 2801 2802
v 623.1757 1296.8006 263.8400
v 623.0523 1296.6199 263.8401
v 623.8242 1296.2199 263.8681
f 2803 2804 2805
v 623.8242 1296.2199 263.8681
v 623.3411 1296.9442 263.8400
v 623.1757 1296.8006 263.8400
f 2806 2807 2808
v 623.5364 1297.0436 263.8399
v 623.3411 1296.9442 263.8400
v 623.8242 1296.2199 263.8681
f 2809 2810 2811
v 623.8242 1296.2199 263.8681
v 623.7505 1297.0900 263.8399
v 623.5364 1297.0436 263.8399
f 2812 2813 2814
v 623.9695 1297.0825 263.8399
v 623.7505 1297.0900 263.8399
v 623.8242 1296.2199 263.8681
f 2815 2816 2817
v 623.8242 1296.2199 263.8681
v 624.1793 1297.0199 263.8399
v 623.9695 1297.0825 263.8399
f 2818 2819 2820
v 624.5196 1296.7530 263.8399
v 623.8242 1296.2199 263.8681
v 624.6291 1296.5637 263.8399
f 2821 2822 2823
v 624.1793 1297.0199 263.8399
v 623.8242 1296.2199 263.8681
v 624.3660 1296.9084 263.8399
f 2824 2825 2826
v 624.5196 1296.7530 263.8399
v 624.3660 1296.9084 263.8399
v 623.8242 1296.2199 263.8681
f 2827 2828 2829
v 623.8242 1296.2199 263.8681
v 623.0700 1295.7769 263.8402
v 623.2015 1295.6045 263.8403
f 2830 2831 2832
v 622.9531 1296.1952 263.8402
v 622.9856 1295.9782 263.8402
v 623.8242 1296.2199 263.8681
f 2833 2834 2835
v 623.0700 1295.7769 263.8402
v 623.8242 1296.2199 263.8681
v 622.9856 1295.9782 263.8402
f 2836 2837 2838
v 623.8242 1296.2199 263.8681
v 623.3742 1295.4691 263.8403
v 623.5739 1295.3806 263.8403
f 2839 2840 2841
v 623.3742 1295.4691 263.8403
v 623.8242 1296.2199 263.8681
v 623.2015 1295.6045 263.8403
f 2842 2843 2844
v 623.7898 1295.3459 263.8403
v 624.0069 1295.3654 263.8402
v 623.8242 1296.2199 263.8681
f 2845 2846 2847
v 623.8242 1296.2199 263.8681
v 623.5739 1295.3806 263.8403
v 623.7898 1295.3459 263.8403
f 2848 2849 2850
v 622.1396 1293.4153 254.3851
v 624.9267 1294.9458 254.3845
v 622.8868 1293.0883 254.3851
f 2851 2852 2853
v 622.1396 1293.4153 254.3851
v 621.5294 1295.5589 254.3847
v 624.9267 1294.9458 254.3845
f 2854 2855 2856
v 624.9267 1294.9458 254.3845
v 624.5036 1293.0310 254.3850
v 623.6914 1292.9572 254.3851
f 2857 2858 2859
v 624.9267 1294.9458 254.3845
v 625.3823 1294.4196 254.3846
v 624.5036 1293.0310 254.3850
f 2860 2861 2862
v 625.2743 1293.3049 254.3848
v 624.5036 1293.0310 254.3850
v 625.3823 1294.4196 254.3846
f 2863 2864 2865
v 624.9267 1294.9458 254.3845
v 623.6914 1292.9572 254.3851
v 622.8868 1293.0883 254.3851
f 2866 2867 2868
v 621.5294 1295.5589 254.3847
v 622.1396 1293.4153 254.3851
v 621.5000 1293.9189 254.3851
f 2869 2870 2871
v 620.6898 1295.3191 254.3849
v 621.0140 1295.4112 254.3848
v 621.0067 1294.5663 254.3850
f 2872 2873 2874
v 621.0140 1295.4112 254.3848
v 620.6898 1295.3191 254.3849
v 620.5699 1296.1264 254.3847
f 2875 2876 2877
v 620.5699 1296.1264 254.3847
v 620.9060 1296.1356 254.3847
v 621.0140 1295.4112 254.3848
f 2878 2879 2880
v 621.0067 1294.5663 254.3850
v 621.0140 1295.4112 254.3848
v 621.5294 1295.5589 254.3847
f 2881 2882 2883
v 621.5294 1295.5589 254.3847
v 621.4410 1296.1501 254.3846
v 622.1832 1296.5921 254.3845
f 2884 2885 2886
v 621.4410 1296.1501 254.3846
v 621.5036 1296.7469 254.3845
v 622.1832 1296.5921 254.3845
f 2887 2888 2889
v 621.5294 1295.5589 254.3847
v 622.1832 1296.5921 254.3845
v 624.9267 1294.9458 254.3845
f 2890 2891 2892
v 620.6541 1296.9402 254.3845
v 620.9060 1296.1356 254.3847
v 620.5699 1296.1264 254.3847
f 2893 2894 2895
v 621.0067 1294.5663 254.3850
v 621.5294 1295.5589 254.3847
v 621.5000 1293.9189 254.3851
f 2896 2897 2898
v 625.2086 1295.2630 254.3844
v 624.9267 1294.9458 254.3845
v 622.1832 1296.5921 254.3845
f 2899 2900 2901
v 625.3823 1294.4196 254.3846
v 625.9535 1293.7621 254.3847
v 625.2743 1293.3049 254.3848
f 2902 2903 2904
v 626.5604 1295.2165 254.3843
v 626.4981 1294.3735 254.3845
v 626.2217 1294.5643 254.3845
f 2905 2906 2907
v 626.7263 1295.9310 254.3842
v 626.8751 1295.1005 254.3843
v 626.5604 1295.2165 254.3843
f 2908 2909 2910
v 626.4981 1294.3735 254.3845
v 626.5604 1295.2165 254.3843
v 626.8751 1295.1005 254.3843
f 2911 2912 2913
v 622.8899 1297.6182 254.3842
v 625.4997 1296.0522 254.3842
v 625.4035 1295.6395 254.3843
f 2914 2915 2916
v 625.4908 1296.4763 254.3842
v 623.6816 1297.8991 254.3840
v 625.3769 1296.8826 254.3841
f 2917 2918 2919
v 622.5701 1297.3390 254.3843
v 625.4035 1295.6395 254.3843
v 625.2086 1295.2630 254.3844
f 2920 2921 2922
v 626.7113 1296.6650 254.3840
v 627.0612 1295.8991 254.3841
v 626.7263 1295.9310 254.3842
f 2923 2924 2925
v 626.7263 1295.9310 254.3842
v 627.0612 1295.8991 254.3841
v 626.8751 1295.1005 254.3843
f 2926 2927 2928
v 627.0612 1295.8991 254.3841
v 626.7113 1296.6650 254.3840
v 627.0434 1296.7151 254.3840
f 2929 2930 2931
v 626.7113 1296.6650 254.3840
v 626.5132 1297.3695 254.3839
v 627.0434 1296.7151 254.3840
f 2932 2933 2934
v 625.4908 1296.4763 254.3842
v 625.4997 1296.0522 254.3842
v 623.6816 1297.8991 254.3840
f 2935 2936 2937
v 625.2086 1295.2630 254.3844
v 622.1832 1296.5921 254.3845
v 622.3292 1296.9898 254.3844
f 2938 2939 2940
v 622.3292 1296.9898 254.3844
v 622.5701 1297.3390 254.3843
v 625.2086 1295.2630 254.3844
f 2941 2942 2943
v 620.9060 1296.1356 254.3847
v 620.6541 1296.9402 254.3845
v 620.9820 1296.8653 254.3845
f 2944 2945 2946
v 625.4997 1296.0522 254.3842
v 622.8899 1297.6182 254.3842
v 623.2674 1297.8082 254.3841
f 2947 2948 2949
v 625.4997 1296.0522 254.3842
v 623.2674 1297.8082 254.3841
v 623.6816 1297.8991 254.3840
f 2950 2951 2952
v 622.5701 1297.3390 254.3843
v 622.8899 1297.6182 254.3842
v 625.4035 1295.6395 254.3843
f 2953 2954 2955
v 620.9820 1296.8653 254.3845
v 620.6541 1296.9402 254.3845
v 620.9371 1297.7094 254.3844
f 2956 2957 2958
v 624.5073 1297.7648 254.3840
v 625.3769 1296.8826 254.3841
v 623.6816 1297.8991 254.3840
f 2959 2960 2961
v 621.6533 1298.1595 254.3842
v 621.2357 1297.5547 254.3844
v 620.9371 1297.7094 254.3844
f 2962 2963 2964
v 620.9820 1296.8653 254.3845
v 620.9371 1297.7094 254.3844
v 621.2357 1297.5547 254.3844
f 2965 2966 2967
v 622.2067 1298.6420 254.3840
v 621.6533 1298.1595 254.3842
v 621.4030 1298.3841 254.3842
f 2968 2969 2970
v 620.9371 1297.7094 254.3844
v 621.4030 1298.3841 254.3842
v 621.6533 1298.1595 254.3842
f 2971 2972 2973
v 622.0194 1298.9225 254.3840
v 622.8606 1298.9733 254.3839
v 622.2067 1298.6420 254.3840
f 2974 2975 2976
v 622.8606 1298.9733 254.3839
v 622.0194 1298.9225 254.3840
v 622.7504 1299.2906 254.3839
f 2977 2978 2979
v 622.0194 1298.9225 254.3840
v 622.2067 1298.6420 254.3840
v 621.4030 1298.3841 254.3842
f 2980 2981 2982
v 622.7504 1299.2906 254.3839
v 623.5760 1299.1313 254.3838
v 622.8606 1298.9733 254.3839
f 2983 2984 2985
v 624.5073 1297.7648 254.3840
v 624.8697 1297.5478 254.3840
v 625.1649 1297.2481 254.3840
f 2986 2987 2988
v 624.5073 1297.7648 254.3840
v 625.1649 1297.2481 254.3840
v 625.3769 1296.8826 254.3841
f 2989 2990 2991
v 624.5073 1297.7648 254.3840
v 623.6816 1297.8991 254.3840
v 624.1026 1297.8850 254.3840
f 2992 2993 2994
v 627.0434 1296.7151 254.3840
v 626.5132 1297.3695 254.3839
v 626.8235 1297.5027 254.3838
f 2995 2996 2997
v 626.1468 1298.0015 254.3838
v 626.8235 1297.5027 254.3838
v 626.5132 1297.3695 254.3839
f 2998 2999 3000
v 626.8235 1297.5027 254.3838
v 626.1468 1298.0015 254.3838
v 626.4154 1298.2068 254.3837
f 3001 3002 3003
v 626.1468 1298.0015 254.3838
v 625.6343 1298.5218 254.3837
v 626.4154 1298.2068 254.3837
f 3004 3005 3006
v 623.5488 1299.4664 254.3837
v 624.3079 1299.1054 254.3837
v 623.5760 1299.1313 254.3838
f 3007 3008 3009
v 624.3079 1299.1054 254.3837
v 623.5488 1299.4664 254.3837
v 624.3638 1299.4372 254.3837
f 3010 3011 3012
v 623.5488 1299.4664 254.3837
v 623.5760 1299.1313 254.3838
v 622.7504 1299.2906 254.3839
f 3013 3014 3015
v 625.0083 1298.8975 254.3837
v 624.3079 1299.1054 254.3837
v 624.3638 1299.4372 254.3837
f 3016 3017 3018
v 626.4154 1298.2068 254.3837
v 625.6343 1298.5218 254.3837
v 625.8430 1298.7882 254.3837
f 3019 3020 3021
v 625.0083 1298.8975 254.3837
v 625.8430 1298.7882 254.3837
v 625.6343 1298.5218 254.3837
f 3022 3023 3024
v 625.8430 1298.7882 254.3837
v 625.0083 1298.8975 254.3837
v 625.1452 1299.2071 254.3836
f 3025 3026 3027
v 624.3638 1299.4372 254.3837
v 625.1452 1299.2071 254.3836
v 625.0083 1298.8975 254.3837
f 3028 3029 3030
v 621.0150 1295.4133 263.4495
v 621.5305 1295.5610 263.6234
v 621.5294 1295.5589 254.3847
f 3031 3032 3033
v 625.9535 1293.7621 254.3847
v 625.2753 1293.3069 263.2465
v 625.2743 1293.3049 254.3848
f 3034 3035 3036
v 625.2743 1293.3049 254.3848
v 624.5046 1293.0330 263.2467
v 624.5036 1293.0310 254.3850
f 3037 3038 3039
v 624.5036 1293.0310 254.3850
v 623.6924 1292.9591 263.2468
v 623.6914 1292.9572 254.3851
f 3040 3041 3042
v 623.6914 1292.9572 254.3851
v 622.8877 1293.0903 263.2468
v 622.8868 1293.0883 254.3851
f 3043 3044 3045
v 622.8868 1293.0883 254.3851
v 622.1406 1293.4173 263.2468
v 622.1396 1293.4153 254.3851
f 3046 3047 3048
v 622.1396 1293.4153 254.3851
v 621.5010 1293.9210 263.2468
v 621.5000 1293.9189 254.3851
f 3049 3050 3051
v 621.5000 1293.9189 254.3851
v 621.0078 1294.5683 263.2467
v 621.0067 1294.5663 254.3850
f 3052 3053 3054
v 621.0067 1294.5663 254.3850
v 620.6907 1295.3211 263.2466
v 620.6898 1295.3191 254.3849
f 3055 3056 3057
v 620.6907 1295.3211 263.2466
v 620.5709 1296.1285 263.2464
v 620.5699 1296.1264 254.3847
f 3058 3059 3060
v 620.9060 1296.1356 254.3847
v 621.0150 1295.4133 263.4495
v 621.0140 1295.4112 254.3848
f 3061 3062 3063
v 620.5709 1296.1285 263.2464
v 620.6551 1296.9422 263.2463
v 620.6541 1296.9402 254.3845
f 3064 3065 3066
v 620.9820 1296.8653 254.3845
v 620.9070 1296.1376 263.4494
v 620.9060 1296.1356 254.3847
f 3067 3068 3069
v 620.6541 1296.9402 254.3845
v 620.9382 1297.7114 263.2462
v 620.9371 1297.7094 254.3844
f 3070 3071 3072
v 621.2357 1297.5547 254.3844
v 620.9829 1296.8674 263.4492
v 620.9820 1296.8653 254.3845
f 3073 3074 3075
v 620.9371 1297.7094 254.3844
v 621.4039 1298.3862 263.2460
v 621.4030 1298.3841 254.3842
f 3076 3077 3078
v 621.6533 1298.1595 254.3842
v 621.2368 1297.5567 263.4491
v 621.2357 1297.5547 254.3844
f 3079 3080 3081
v 621.4030 1298.3841 254.3842
v 622.0204 1298.9245 263.2458
v 622.0194 1298.9225 254.3840
f 3082 3083 3084
v 622.2067 1298.6420 254.3840
v 621.6544 1298.1615 263.4489
v 621.6533 1298.1595 254.3842
f 3085 3086 3087
v 622.0194 1298.9225 254.3840
v 622.7513 1299.2926 263.2457
v 622.7504 1299.2906 254.3839
f 3088 3089 3090
v 622.8606 1298.9733 254.3839
v 622.2077 1298.6440 263.4487
v 622.2067 1298.6420 254.3840
f 3091 3092 3093
v 622.7504 1299.2906 254.3839
v 623.5498 1299.4685 263.2455
v 623.5488 1299.4664 254.3837
f 3094 3095 3096
v 623.5769 1299.1334 263.4485
v 622.8615 1298.9753 263.4486
v 622.8606 1298.9733 254.3839
f 3097 3098 3099
v 623.5488 1299.4664 254.3837
v 624.3647 1299.4392 263.2455
v 624.3638 1299.4372 254.3837
f 3100 3101 3102
v 624.3088 1299.1075 263.4484
v 623.5769 1299.1334 263.4485
v 623.5760 1299.1313 254.3838
f 3103 3104 3105
v 624.3638 1299.4372 254.3837
v 625.1461 1299.2091 263.2453
v 625.1452 1299.2071 254.3836
f 3106 3107 3108
v 625.0083 1298.8975 254.3837
v 624.3088 1299.1075 263.4484
v 624.3079 1299.1054 254.3837
f 3109 3110 3111
v 625.1452 1299.2071 254.3836
v 625.8439 1298.7903 263.2454
v 625.8430 1298.7882 254.3837
f 3112 3113 3114
v 625.6343 1298.5218 254.3837
v 625.0093 1298.8996 263.4484
v 625.0083 1298.8975 254.3837
f 3115 3116 3117
v 625.8430 1298.7882 254.3837
v 626.4164 1298.2088 263.2454
v 626.4154 1298.2068 254.3837
f 3118 3119 3120
v 626.1468 1298.0015 254.3838
v 625.6353 1298.5239 263.4484
v 625.6343 1298.5218 254.3837
f 3121 3122 3123
v 626.4154 1298.2068 254.3837
v 626.8245 1297.5047 263.2455
v 626.8235 1297.5027 254.3838
f 3124 3125 3126
v 626.5132 1297.3695 254.3839
v 626.1479 1298.0036 263.4485
v 626.1468 1298.0015 254.3838
f 3127 3128 3129
v 626.8235 1297.5027 254.3838
v 627.0444 1296.7171 263.2457
v 627.0434 1296.7151 254.3840
f 3130 3131 3132
v 626.7113 1296.6650 254.3840
v 626.5142 1297.3715 263.4486
v 626.5132 1297.3695 254.3839
f 3133 3134 3135
v 627.0434 1296.7151 254.3840
v 627.0622 1295.9011 263.2458
v 627.0612 1295.8991 254.3841
f 3136 3137 3138
v 626.7263 1295.9310 254.3842
v 626.7123 1296.6671 263.4487
v 626.7113 1296.6650 254.3840
f 3139 3140 3141
v 627.0612 1295.8991 254.3841
v 626.8761 1295.1025 263.2460
v 626.8751 1295.1005 254.3843
f 3142 3143 3144
v 626.5604 1295.2165 254.3843
v 626.7273 1295.9330 263.4489
v 626.7263 1295.9310 254.3842
f 3145 3146 3147
v 626.8751 1295.1005 254.3843
v 626.4991 1294.3756 263.2462
v 626.4981 1294.3735 254.3845
f 3148 3149 3150
v 626.2217 1294.5643 254.3845
v 626.5614 1295.2184 263.4490
v 626.5604 1295.2165 254.3843
f 3151 3152 3153
v 626.4991 1294.3756 263.2462
v 626.2226 1294.5664 263.4492
v 626.2217 1294.5643 254.3845
f 3154 3155 3156
v 625.2086 1295.2630 254.3844
v 624.9278 1294.9479 263.7562
v 624.9267 1294.9458 254.3845
f 3157 3158 3159
v 624.1026 1297.8850 254.3840
v 624.5083 1297.7670 263.7557
v 624.5073 1297.7648 254.3840
f 3160 3161 3162
v 624.5073 1297.7648 254.3840
v 624.8707 1297.5500 263.7557
v 624.8697 1297.5478 254.3840
f 3163 3164 3165
v 624.8697 1297.5478 254.3840
v 625.1659 1297.2502 263.7557
v 625.1649 1297.2481 254.3840
f 3166 3167 3168
v 625.1649 1297.2481 254.3840
v 625.3779 1296.8847 263.7558
v 625.3769 1296.8826 254.3841
f 3169 3170 3171
v 625.3769 1296.8826 254.3841
v 625.4918 1296.4784 263.7559
v 625.4908 1296.4763 254.3842
f 3172 3173 3174
v 625.4908 1296.4763 254.3842
v 625.5007 1296.0544 263.7559
v 625.4997 1296.0522 254.3842
f 3175 3176 3177
v 625.5007 1296.0544 263.7559
v 625.4046 1295.6416 263.7560
v 625.4035 1295.6395 254.3843
f 3178 3179 3180
v 625.4046 1295.6416 263.7560
v 625.2096 1295.2651 263.7561
v 625.2086 1295.2630 254.3844
f 3181 3182 3183
v 622.1832 1296.5921 254.3845
v 622.3303 1296.9919 263.7561
v 622.3292 1296.9898 254.3844
f 3184 3185 3186
v 622.3292 1296.9898 254.3844
v 622.5712 1297.3411 263.7560
v 622.5701 1297.3390 254.3843
f 3187 3188 3189
v 622.5701 1297.3390 254.3843
v 622.8909 1297.6204 263.7559
v 622.8899 1297.6182 254.3842
f 3190 3191 3192
v 622.8899 1297.6182 254.3842
v 623.2684 1297.8103 263.7558
v 623.2674 1297.8082 254.3841
f 3193 3194 3195
v 623.2674 1297.8082 254.3841
v 623.6827 1297.9012 263.7557
v 623.6816 1297.8991 254.3840
f 3196 3197 3198
v 623.6816 1297.8991 254.3840
v 624.1036 1297.8871 263.7557
v 624.1026 1297.8850 254.3840
f 3199 3200 3201
v 621.5294 1295.5589 254.3847
v 621.4420 1296.1522 263.6233
v 621.4410 1296.1501 254.3846
f 3202 3203 3204
v 621.4410 1296.1501 254.3846
v 621.5046 1296.7490 263.6232
v 621.5036 1296.7469 254.3845
f 3205 3206 3207
v 621.5046 1296.7490 263.6232
v 622.1842 1296.5943 263.7562
v 622.1832 1296.5921 254.3845
f 3208 3209 3210

g building_ID_DB6A16AE-3358-436E-A5D4-C583BF161C31
v 673.5818 1298.8948 274.0392
v 673.6142 1296.8198 274.2326
v 674.0947 1297.0235 274.2325
f 3211 3212 3213
v 673.6142 1296.8198 274.2326
v 673.5818 1298.8948 274.0392
v 672.6537 1298.5013 274.0394
f 3214 3215 3216
v 674.5761 1299.0442 274.0390
v 674.0947 1297.0235 274.2325
v 674.6099 1297.1011 274.2324
f 3217 3218 3219
v 674.0947 1297.0235 274.2325
v 674.5761 1299.0442 274.0390
v 673.5818 1298.8948 274.0392
f 3220 3221 3222
v 672.5716 1295.1006 274.2331
v 670.8115 1296.1742 274.0400
v 670.6408 1295.1778 274.0402
f 3223 3224 3225
v 670.8115 1296.1742 274.0400
v 672.5716 1295.1006 274.2331
v 672.6610 1295.6153 274.2329
f 3226 3227 3228
v 672.8743 1296.0938 274.2328
v 671.2239 1297.0981 274.0398
v 670.8115 1296.1742 274.0400
f 3229 3230 3231
v 670.8115 1296.1742 274.0400
v 672.6610 1295.6153 274.2329
v 672.8743 1296.0938 274.2328
f 3232 3233 3234
v 671.8510 1297.8895 274.0396
v 672.8743 1296.0938 274.2328
v 673.1993 1296.5039 274.2327
f 3235 3236 3237
v 672.8743 1296.0938 274.2328
v 671.8510 1297.8895 274.0396
v 671.2239 1297.0981 274.0398
f 3238 3239 3240
v 672.6537 1298.5013 274.0394
v 673.1993 1296.5039 274.2327
v 673.6142 1296.8198 274.2326
f 3241 3242 3243
v 673.1993 1296.5039 274.2327
v 672.6537 1298.5013 274.0394
v 671.8510 1297.8895 274.0396
f 3244 3245 3246
v 675.6143 1296.8664 274.2324
v 677.3383 1298.0148 274.0390
v 676.5159 1298.5900 274.0389
f 3247 3248 3249
v 677.3383 1298.0148 274.0390
v 675.6143 1296.8664 274.2324
v 676.0395 1296.5684 274.2324
f 3250 3251 3252
v 676.0395 1296.5684 274.2324
v 677.9923 1297.2510 274.0390
v 677.3383 1298.0148 274.0390
f 3253 3254 3255
v 677.9923 1297.2510 274.0390
v 676.0395 1296.5684 274.2324
v 676.3784 1296.1723 274.2324
f 3256 3257 3258
v 676.6072 1295.7058 274.2325
v 678.4368 1296.3469 274.0392
v 677.9923 1297.2510 274.0390
f 3259 3260 3261
v 677.9923 1297.2510 274.0390
v 676.3784 1296.1723 274.2324
v 676.6072 1295.7058 274.2325
f 3262 3263 3264
v 676.7138 1295.1945 274.2326
v 678.6412 1295.3604 274.0394
v 678.4368 1296.3469 274.0392
f 3265 3266 3267
v 678.4368 1296.3469 274.0392
v 676.6072 1295.7058 274.2325
v 676.7138 1295.1945 274.2326
f 3268 3269 3270
v 675.5748 1298.9394 274.0390
v 674.6099 1297.1011 274.2324
v 675.1268 1297.0478 274.2324
f 3271 3272 3273
v 674.6099 1297.1011 274.2324
v 675.5748 1298.9394 274.0390
v 674.5761 1299.0442 274.0390
f 3274 3275 3276
v 676.5159 1298.5900 274.0389
v 675.1268 1297.0478 274.2324
v 675.6143 1296.8664 274.2324
f 3277 3278 3279
v 675.1268 1297.0478 274.2324
v 676.5159 1298.5900 274.0389
v 675.5748 1298.9394 274.0390
f 3280 3281 3282
v 676.7138 1295.1945 274.2326
v 678.5965 1294.3514 274.0396
v 678.6412 1295.3604 274.0394
f 3283 3284 3285
v 678.5965 1294.3514 274.0396
v 676.7138 1295.1945 274.2326
v 676.6904 1294.6716 274.2327
f 3286 3287 3288
v 676.5380 1294.1710 274.2328
v 678.3019 1293.3842 274.0398
v 678.5965 1294.3514 274.0396
f 3289 3290 3291
v 678.5965 1294.3514 274.0396
v 676.6904 1294.6716 274.2327
v 676.5380 1294.1710 274.2328
f 3292 3293 3294
v 677.7776 1292.5187 274.0400
v 676.5380 1294.1710 274.2328
v 676.2668 1293.7248 274.2329
f 3295 3296 3297
v 676.5380 1294.1710 274.2328
v 677.7776 1292.5187 274.0400
v 678.3019 1293.3842 274.0398
f 3298 3299 3300
v 679.0758 1291.4852 273.7341
v 678.3019 1293.3842 274.0398
v 677.7776 1292.5187 274.0400
f 3301 3302 3303
v 678.3019 1293.3842 274.0398
v 679.0758 1291.4852 273.7341
v 679.8170 1292.7081 273.7338
f 3304 3305 3306
v 677.0567 1291.8126 274.0403
v 676.2668 1293.7248 274.2329
v 675.8939 1293.3577 274.2331
f 3307 3308 3309
v 676.2668 1293.7248 274.2329
v 677.0567 1291.8126 274.0403
v 677.7776 1292.5187 274.0400
f 3310 3311 3312
v 676.1853 1291.3060 274.0404
v 675.8939 1293.3577 274.2331
v 675.4431 1293.0949 274.2332
f 3313 3314 3315
v 675.8939 1293.3577 274.2331
v 676.1853 1291.3060 274.0404
v 677.0567 1291.8126 274.0403
f 3316 3317 3318
v 678.0571 1290.4848 273.7344
v 677.7776 1292.5187 274.0400
v 677.0567 1291.8126 274.0403
f 3319 3320 3321
v 677.7776 1292.5187 274.0400
v 678.0571 1290.4848 273.7344
v 679.0758 1291.4852 273.7341
f 3322 3323 3324
v 678.0571 1290.4848 273.7344
v 677.0567 1291.8126 274.0403
v 676.1853 1291.3060 274.0404
f 3325 3326 3327
v 676.1853 1291.3060 274.0404
v 676.8222 1289.7682 273.7347
v 678.0571 1290.4848 273.7344
f 3328 3329 3330
v 680.0716 1290.6913 273.3362
v 678.0571 1290.4848 273.7344
v 678.8233 1289.4657 273.3365
f 3331 3332 3333
v 678.0571 1290.4848 273.7344
v 680.0716 1290.6913 273.3362
v 679.0758 1291.4852 273.7341
f 3334 3335 3336
v 678.8233 1289.4657 273.3365
v 676.8222 1289.7682 273.7347
v 677.3119 1288.5888 273.3369
f 3337 3338 3339
v 676.8222 1289.7682 273.7347
v 678.8233 1289.4657 273.3365
v 678.0571 1290.4848 273.7344
f 3340 3341 3342
v 675.9601 1300.5654 273.7326
v 674.5761 1299.0442 274.0390
v 675.5748 1298.9394 274.0390
f 3343 3344 3345
v 674.5761 1299.0442 274.0390
v 675.9601 1300.5654 273.7326
v 674.5466 1300.7121 273.7327
f 3346 3347 3348
v 676.5159 1298.5900 274.0389
v 677.2898 1300.0698 273.7325
v 675.9601 1300.5654 273.7326
f 3349 3350 3351
v 675.9601 1300.5654 273.7326
v 675.5748 1298.9394 274.0390
v 676.5159 1298.5900 274.0389
f 3352 3353 3354
v 676.5159 1298.5900 274.0389
v 678.4546 1299.2567 273.7326
v 677.2898 1300.0698 273.7325
f 3355 3356 3357
v 678.4546 1299.2567 273.7326
v 676.5159 1298.5900 274.0389
v 677.3383 1298.0148 274.0390
f 3358 3359 3360
v 677.9923 1297.2510 274.0390
v 679.3787 1298.1772 273.7327
v 678.4546 1299.2567 273.7326
f 3361 3362 3363
v 678.4546 1299.2567 273.7326
v 677.3383 1298.0148 274.0390
v 677.9923 1297.2510 274.0390
f 3364 3365 3366
v 677.9923 1297.2510 274.0390
v 680.0062 1296.8996 273.7329
v 679.3787 1298.1772 273.7327
f 3367 3368 3369
v 680.0062 1296.8996 273.7329
v 677.9923 1297.2510 274.0390
v 678.4368 1296.3469 274.0392
f 3370 3371 3372
v 678.6412 1295.3604 274.0394
v 680.2965 1295.5018 273.7332
v 680.0062 1296.8996 273.7329
f 3373 3374 3375
v 680.0062 1296.8996 273.7329
v 678.4368 1296.3469 274.0392
v 678.6412 1295.3604 274.0394
f 3376 3377 3378
v 678.5965 1294.3514 274.0396
v 680.2317 1294.0759 273.7335
v 680.2965 1295.5018 273.7332
f 3379 3380 3381
v 680.2965 1295.5018 273.7332
v 678.6412 1295.3604 274.0394
v 678.5965 1294.3514 274.0396
f 3382 3383 3384
v 679.8170 1292.7081 273.7338
v 678.5965 1294.3514 274.0396
v 678.3019 1293.3842 274.0398
f 3385 3386 3387
v 678.5965 1294.3514 274.0396
v 679.8170 1292.7081 273.7338
v 680.2317 1294.0759 273.7335
f 3388 3389 3390
v 668.9810 1295.2451 273.7344
v 669.2238 1296.6544 273.7341
v 668.0057 1297.0217 273.3361
f 3391 3392 3393
v 668.0057 1297.0217 273.3361
v 667.7091 1295.2975 273.3365
v 668.9810 1295.2451 273.7344
f 3394 3395 3396
v 669.2238 1296.6544 273.7341
v 669.8072 1297.9589 273.7338
v 668.7190 1298.6207 273.3357
f 3397 3398 3399
v 668.7190 1298.6207 273.3357
v 668.0057 1297.0217 273.3361
v 669.2238 1296.6544 273.7341
f 3400 3401 3402
v 668.7190 1298.6207 273.3357
v 670.6942 1299.0804 273.7334
v 669.8047 1299.9938 273.3354
f 3403 3404 3405
v 670.6942 1299.0804 273.7334
v 668.7190 1298.6207 273.3357
v 669.8072 1297.9589 273.7338
f 3406 3407 3408
v 669.8047 1299.9938 273.3354
v 671.8286 1299.9444 273.7332
v 671.1955 1301.0530 273.3350
f 3409 3410 3411
v 671.8286 1299.9444 273.7332
v 669.8047 1299.9938 273.3354
v 670.6942 1299.0804 273.7334
f 3412 3413 3414
v 671.1955 1301.0530 273.3350
v 673.1410 1300.5009 273.7329
v 672.8023 1301.7337 273.3347
f 3415 3416 3417
v 673.1410 1300.5009 273.7329
v 671.1955 1301.0530 273.3350
v 671.8286 1299.9444 273.7332
f 3418 3419 3420
v 672.8023 1301.7337 273.3347
v 674.5466 1300.7121 273.7327
v 674.5249 1301.9921 273.3344
f 3421 3422 3423
v 674.5466 1300.7121 273.7327
v 672.8023 1301.7337 273.3347
v 673.1410 1300.5009 273.7329
f 3424 3425 3426
v 674.5249 1301.9921 273.3344
v 675.9601 1300.5654 273.7326
v 676.2565 1301.8114 273.3343
f 3427 3428 3429
v 675.9601 1300.5654 273.7326
v 674.5249 1301.9921 273.3344
v 674.5466 1300.7121 273.7327
f 3430 3431 3432
v 676.2565 1301.8114 273.3343
v 677.2898 1300.0698 273.7325
v 677.8858 1301.2051 273.3343
f 3433 3434 3435
v 677.2898 1300.0698 273.7325
v 676.2565 1301.8114 273.3343
v 675.9601 1300.5654 273.7326
f 3436 3437 3438
v 677.2898 1300.0698 273.7325
v 678.4546 1299.2567 273.7326
v 679.3101 1300.2092 273.3343
f 3439 3440 3441
v 679.3101 1300.2092 273.3343
v 677.8858 1301.2051 273.3343
v 677.2898 1300.0698 273.7325
f 3442 3443 3444
v 678.4546 1299.2567 273.7326
v 679.3787 1298.1772 273.7327
v 680.4435 1298.8882 273.3345
f 3445 3446 3447
v 680.4435 1298.8882 273.3345
v 679.3101 1300.2092 273.3343
v 678.4546 1299.2567 273.7326
f 3448 3449 3450
v 679.3787 1298.1772 273.7327
v 680.0062 1296.8996 273.7329
v 681.2114 1297.3223 273.3347
f 3451 3452 3453
v 681.2114 1297.3223 273.3347
v 680.4435 1298.8882 273.3345
v 679.3787 1298.1772 273.7327
f 3454 3455 3456
v 680.0062 1296.8996 273.7329
v 680.2965 1295.5018 273.7332
v 681.5667 1295.6123 273.3350
f 3457 3458 3459
v 681.5667 1295.6123 273.3350
v 681.2114 1297.3223 273.3347
v 680.0062 1296.8996 273.7329
f 3460 3461 3462
v 680.2965 1295.5018 273.7332
v 680.2317 1294.0759 273.7335
v 681.4871 1293.8635 273.3354
f 3463 3464 3465
v 681.4871 1293.8635 273.3354
v 681.5667 1295.6123 273.3350
v 680.2965 1295.5018 273.7332
f 3466 3467 3468
v 680.2317 1294.0759 273.7335
v 679.8170 1292.7081 273.7338
v 680.9776 1292.1889 273.3358
f 3469 3470 3471
v 680.9776 1292.1889 273.3358
v 681.4871 1293.8635 273.3354
v 680.2317 1294.0759 273.7335
f 3472 3473 3474
v 680.9776 1292.1889 273.3358
v 679.0758 1291.4852 273.7341
v 680.0716 1290.6913 273.3362
f 3475 3476 3477
v 679.0758 1291.4852 273.7341
v 680.9776 1292.1889 273.3358
v 679.8170 1292.7081 273.7338
f 3478 3479 3480
v 681.7096 1291.8629 272.8707
v 680.0716 1290.6913 273.3362
v 680.6972 1290.1926 272.8712
f 3481 3482 3483
v 680.0716 1290.6913 273.3362
v 681.7096 1291.8629 272.8707
v 680.9776 1292.1889 273.3358
f 3484 3485 3486
v 680.6972 1290.1926 272.8712
v 678.8233 1289.4657 273.3365
v 679.3045 1288.8243 272.8716
f 3487 3488 3489
v 678.8233 1289.4657 273.3365
v 680.6972 1290.1926 272.8712
v 680.0716 1290.6913 273.3362
f 3490 3491 3492
v 679.3045 1288.8243 272.8716
v 677.3119 1288.5888 273.3369
v 677.6199 1287.8469 272.8720
f 3493 3494 3495
v 677.3119 1288.5888 273.3369
v 679.3045 1288.8243 272.8716
v 678.8233 1289.4657 273.3365
f 3496 3497 3498
v 677.6199 1287.8469 272.8720
v 675.6347 1288.1163 273.3372
v 675.7486 1287.3189 272.8723
f 3499 3500 3501
v 675.6347 1288.1163 273.3372
v 677.6199 1287.8469 272.8720
v 677.3119 1288.5888 273.3369
f 3502 3503 3504
v 675.7486 1287.3189 272.8723
v 673.8947 1288.0760 273.3373
v 673.8075 1287.2741 272.8725
f 3505 3506 3507
v 673.8947 1288.0760 273.3373
v 675.7486 1287.3189 272.8723
v 675.6347 1288.1163 273.3372
f 3508 3509 3510
v 673.8075 1287.2741 272.8725
v 672.2008 1288.4725 273.3374
v 671.9186 1287.7172 272.8726
f 3511 3512 3513
v 672.2008 1288.4725 273.3374
v 673.8075 1287.2741 272.8725
v 673.8947 1288.0760 273.3373
f 3514 3515 3516
v 672.2008 1288.4725 273.3374
v 670.6609 1289.2806 273.3374
v 670.2021 1288.6177 272.8726
f 3517 3518 3519
v 670.2021 1288.6177 272.8726
v 671.9186 1287.7172 272.8726
v 672.2008 1288.4725 273.3374
f 3520 3521 3522
v 670.6609 1289.2806 273.3374
v 669.3721 1290.4480 273.3373
v 668.7646 1289.9206 272.8725
f 3523 3524 3525
v 668.7646 1289.9206 272.8725
v 670.2021 1288.6177 272.8726
v 670.6609 1289.2806 273.3374
f 3526 3527 3528
v 669.3721 1290.4480 273.3373
v 668.4150 1291.9026 273.3371
v 667.6950 1291.5444 272.8723
f 3529 3530 3531
v 667.6950 1291.5444 272.8723
v 668.7646 1289.9206 272.8725
v 669.3721 1290.4480 273.3373
f 3532 3533 3534
v 668.4150 1291.9026 273.3371
v 667.8474 1293.5541 273.3369
v 667.0640 1293.3851 272.8720
f 3535 3536 3537
v 667.0640 1293.3851 272.8720
v 667.6950 1291.5444 272.8723
v 668.4150 1291.9026 273.3371
f 3538 3539 3540
v 667.8474 1293.5541 273.3369
v 667.7091 1295.2975 273.3365
v 666.9091 1295.3295 272.8716
f 3541 3542 3543
v 666.9091 1295.3295 272.8716
v 667.0640 1293.3851 272.8720
v 667.8474 1293.5541 273.3369
f 3544 3545 3546
v 667.7091 1295.2975 273.3365
v 668.0057 1297.0217 273.3361
v 667.2393 1297.2535 272.8712
f 3547 3548 3549
v 667.2393 1297.2535 272.8712
v 666.9091 1295.3295 272.8716
v 667.7091 1295.2975 273.3365
f 3550 3551 3552
v 667.2393 1297.2535 272.8712
v 668.7190 1298.6207 273.3357
v 668.0351 1299.0364 272.8707
f 3553 3554 3555
v 668.7190 1298.6207 273.3357
v 667.2393 1297.2535 272.8712
v 668.0057 1297.0217 273.3361
f 3556 3557 3558
v 668.0351 1299.0364 272.8707
v 669.8047 1299.9938 273.3354
v 669.2461 1300.5681 272.8703
f 3559 3560 3561
v 669.8047 1299.9938 273.3354
v 668.0351 1299.0364 272.8707
v 668.7190 1298.6207 273.3357
f 3562 3563 3564
v 669.2461 1300.5681 272.8703
v 671.1955 1301.0530 273.3350
v 670.7973 1301.7500 272.8699
f 3565 3566 3567
v 671.1955 1301.0530 273.3350
v 669.2461 1300.5681 272.8703
v 669.8047 1299.9938 273.3354
f 3568 3569 3570
v 670.7973 1301.7500 272.8699
v 672.8023 1301.7337 273.3347
v 672.5903 1302.5091 272.8695
f 3571 3572 3573
v 672.8023 1301.7337 273.3347
v 670.7973 1301.7500 272.8699
v 671.1955 1301.0530 273.3350
f 3574 3575 3576
v 672.5903 1302.5091 272.8695
v 674.5249 1301.9921 273.3344
v 674.5110 1302.7960 272.8693
f 3577 3578 3579
v 674.5249 1301.9921 273.3344
v 672.5903 1302.5091 272.8695
v 672.8023 1301.7337 273.3347
f 3580 3581 3582
v 674.5249 1301.9921 273.3344
v 676.2565 1301.8114 273.3343
v 676.4414 1302.5959 272.8691
f 3583 3584 3585
v 676.4414 1302.5959 272.8691
v 674.5110 1302.7960 272.8693
v 674.5249 1301.9921 273.3344
f 3586 3587 3588
v 676.4414 1302.5959 272.8691
v 677.8858 1301.2051 273.3343
v 678.2586 1301.9189 272.8691
f 3589 3590 3591
v 677.8858 1301.2051 273.3343
v 676.4414 1302.5959 272.8691
v 676.2565 1301.8114 273.3343
f 3592 3593 3594
v 680.4435 1298.8882 273.3345
v 681.2114 1297.3223 273.3347
v 681.9679 1297.5871 272.8696
f 3595 3596 3597
v 681.9679 1297.5871 272.8696
v 681.1116 1299.3333 272.8693
v 680.4435 1298.8882 273.3345
f 3598 3599 3600
v 681.2114 1297.3223 273.3347
v 681.5667 1295.6123 273.3350
v 682.3658 1295.6801 272.8699
f 3601 3602 3603
v 682.3658 1295.6801 272.8699
v 681.9679 1297.5871 272.8696
v 681.2114 1297.3223 273.3347
f 3604 3605 3606
v 681.5667 1295.6123 273.3350
v 681.4871 1293.8635 273.3354
v 682.2766 1293.7313 272.8703
f 3607 3608 3609
v 682.2766 1293.7313 272.8703
v 682.3658 1295.6801 272.8699
v 681.5667 1295.6123 273.3350
f 3610 3611 3612
v 681.4871 1293.8635 273.3354
v 680.9776 1292.1889 273.3358
v 681.7096 1291.8629 272.8707
f 3613 3614 3615
v 681.7096 1291.8629 272.8707
v 682.2766 1293.7313 272.8703
v 681.4871 1293.8635 273.3354
f 3616 3617 3618
v 677.3119 1288.5888 273.3369
v 675.4532 1289.3819 273.7349
v 675.6347 1288.1163 273.3372
f 3619 3620 3621
v 675.4532 1289.3819 273.7349
v 677.3119 1288.5888 273.3369
v 676.8222 1289.7682 273.7347
f 3622 3623 3624
v 675.6347 1288.1163 273.3372
v 674.0311 1289.3487 273.7351
v 673.8947 1288.0760 273.3373
f 3625 3626 3627
v 674.0311 1289.3487 273.7351
v 675.6347 1288.1163 273.3372
v 675.4532 1289.3819 273.7349
f 3628 3629 3630
v 673.8947 1288.0760 273.3373
v 672.6500 1289.6724 273.7352
v 672.2008 1288.4725 273.3374
f 3631 3632 3633
v 672.6500 1289.6724 273.7352
v 673.8947 1288.0760 273.3373
v 674.0311 1289.3487 273.7351
f 3634 3635 3636
v 672.6500 1289.6724 273.7352
v 671.3928 1290.3327 273.7352
v 670.6609 1289.2806 273.3374
f 3637 3638 3639
v 670.6609 1289.2806 273.3374
v 672.2008 1288.4725 273.3374
v 672.6500 1289.6724 273.7352
f 3640 3641 3642
v 671.3928 1290.3327 273.7352
v 670.3393 1291.2866 273.7351
v 669.3721 1290.4480 273.3373
f 3643 3644 3645
v 669.3721 1290.4480 273.3373
v 670.6609 1289.2806 273.3374
v 671.3928 1290.3327 273.7352
f 3646 3647 3648
v 670.3393 1291.2866 273.7351
v 669.5575 1292.4746 273.7349
v 668.4150 1291.9026 273.3371
f 3649 3650 3651
v 668.4150 1291.9026 273.3371
v 669.3721 1290.4480 273.3373
v 670.3393 1291.2866 273.7351
f 3652 3653 3654
v 669.5575 1292.4746 273.7349
v 669.0951 1293.8218 273.7347
v 667.8474 1293.5541 273.3369
f 3655 3656 3657
v 667.8474 1293.5541 273.3369
v 668.4150 1291.9026 273.3371
v 669.5575 1292.4746 273.7349
f 3658 3659 3660
v 669.0951 1293.8218 273.7347
v 668.9810 1295.2451 273.7344
v 667.7091 1295.2975 273.3365
f 3661 3662 3663
v 667.7091 1295.2975 273.3365
v 667.8474 1293.5541 273.3369
v 669.0951 1293.8218 273.7347
f 3664 3665 3666
v 675.2156 1291.0326 274.0406
v 675.4431 1293.0949 274.2332
v 674.9408 1292.9543 274.2332
f 3667 3668 3669
v 675.4431 1293.0949 274.2332
v 675.2156 1291.0326 274.0406
v 676.1853 1291.3060 274.0404
f 3670 3671 3672
v 674.2106 1291.0102 274.0407
v 674.9408 1292.9543 274.2332
v 674.4208 1292.9417 274.2333
f 3673 3674 3675
v 674.9408 1292.9543 274.2332
v 674.2106 1291.0102 274.0407
v 675.2156 1291.0326 274.0406
f 3676 3677 3678
v 676.8222 1289.7682 273.7347
v 676.1853 1291.3060 274.0404
v 675.2156 1291.0326 274.0406
f 3679 3680 3681
v 675.2156 1291.0326 274.0406
v 675.4532 1289.3819 273.7349
v 676.8222 1289.7682 273.7347
f 3682 3683 3684
v 674.0311 1289.3487 273.7351
v 675.2156 1291.0326 274.0406
v 674.2106 1291.0102 274.0407
f 3685 3686 3687
v 675.2156 1291.0326 274.0406
v 674.0311 1289.3487 273.7351
v 675.4532 1289.3819 273.7349
f 3688 3689 3690
v 674.2106 1291.0102 274.0407
v 674.4208 1292.9417 274.2333
v 673.9151 1293.0611 274.2333
f 3691 3692 3693
v 673.9151 1293.0611 274.2333
v 673.2342 1291.2388 274.0408
v 674.2106 1291.0102 274.0407
f 3694 3695 3696
v 673.4547 1293.3023 274.2333
v 672.3455 1291.7053 274.0408
v 673.2342 1291.2388 274.0408
f 3697 3698 3699
v 673.2342 1291.2388 274.0408
v 673.9151 1293.0611 274.2333
v 673.4547 1293.3023 274.2333
f 3700 3701 3702
v 674.0311 1289.3487 273.7351
v 674.2106 1291.0102 274.0407
v 673.2342 1291.2388 274.0408
f 3703 3704 3705
v 673.2342 1291.2388 274.0408
v 672.6500 1289.6724 273.7352
v 674.0311 1289.3487 273.7351
f 3706 3707 3708
v 672.3455 1291.7053 274.0408
v 671.3928 1290.3327 273.7352
v 672.6500 1289.6724 273.7352
f 3709 3710 3711
v 672.6500 1289.6724 273.7352
v 673.2342 1291.2388 274.0408
v 672.3455 1291.7053 274.0408
f 3712 3713 3714
v 671.6013 1292.3792 274.0407
v 670.3393 1291.2866 273.7351
v 671.3928 1290.3327 273.7352
f 3715 3716 3717
v 671.3928 1290.3327 273.7352
v 672.3455 1291.7053 274.0408
v 671.6013 1292.3792 274.0407
f 3718 3719 3720
v 671.0485 1293.2197 274.0406
v 669.5575 1292.4746 273.7349
v 670.3393 1291.2866 273.7351
f 3721 3722 3723
v 670.3393 1291.2866 273.7351
v 671.6013 1292.3792 274.0407
v 671.0485 1293.2197 274.0406
f 3724 3725 3726
v 670.7211 1294.1715 274.0404
v 669.0951 1293.8218 273.7347
v 669.5575 1292.4746 273.7349
f 3727 3728 3729
v 669.5575 1292.4746 273.7349
v 671.0485 1293.2197 274.0406
v 670.7211 1294.1715 274.0404
f 3730 3731 3732
v 670.6408 1295.1778 274.0402
v 668.9810 1295.2451 273.7344
v 669.0951 1293.8218 273.7347
f 3733 3734 3735
v 669.0951 1293.8218 273.7347
v 670.7211 1294.1715 274.0404
v 670.6408 1295.1778 274.0402
f 3736 3737 3738
v 670.8115 1296.1742 274.0400
v 669.2238 1296.6544 273.7341
v 668.9810 1295.2451 273.7344
f 3739 3740 3741
v 668.9810 1295.2451 273.7344
v 670.6408 1295.1778 274.0402
v 670.8115 1296.1742 274.0400
f 3742 3743 3744
v 671.2239 1297.0981 274.0398
v 669.8072 1297.9589 273.7338
v 669.2238 1296.6544 273.7341
f 3745 3746 3747
v 669.2238 1296.6544 273.7341
v 670.8115 1296.1742 274.0400
v 671.2239 1297.0981 274.0398
f 3748 3749 3750
v 670.6942 1299.0804 273.7334
v 671.2239 1297.0981 274.0398
v 671.8510 1297.8895 274.0396
f 3751 3752 3753
v 671.2239 1297.0981 274.0398
v 670.6942 1299.0804 273.7334
v 669.8072 1297.9589 273.7338
f 3754 3755 3756
v 671.8286 1299.9444 273.7332
v 671.8510 1297.8895 274.0396
v 672.6537 1298.5013 274.0394
f 3757 3758 3759
v 671.8510 1297.8895 274.0396
v 671.8286 1299.9444 273.7332
v 670.6942 1299.0804 273.7334
f 3760 3761 3762
v 673.1410 1300.5009 273.7329
v 672.6537 1298.5013 274.0394
v 673.5818 1298.8948 274.0392
f 3763 3764 3765
v 672.6537 1298.5013 274.0394
v 673.1410 1300.5009 273.7329
v 671.8286 1299.9444 273.7332
f 3766 3767 3768
v 673.1410 1300.5009 273.7329
v 673.5818 1298.8948 274.0392
v 674.5761 1299.0442 274.0390
f 3769 3770 3771
v 674.5761 1299.0442 274.0390
v 674.5466 1300.7121 273.7327
v 673.1410 1300.5009 273.7329
f 3772 3773 3774
v 673.0697 1293.6513 274.2333
v 671.6013 1292.3792 274.0407
v 672.3455 1291.7053 274.0408
f 3775 3776 3777
v 672.3455 1291.7053 274.0408
v 673.4547 1293.3023 274.2333
v 673.0697 1293.6513 274.2333
f 3778 3779 3780
v 672.7829 1294.0861 274.2332
v 671.0485 1293.2197 274.0406
v 671.6013 1292.3792 274.0407
f 3781 3782 3783
v 671.6013 1292.3792 274.0407
v 673.0697 1293.6513 274.2333
v 672.7829 1294.0861 274.2332
f 3784 3785 3786
v 672.6142 1294.5795 274.2332
v 670.7211 1294.1715 274.0404
v 671.0485 1293.2197 274.0406
f 3787 3788 3789
v 671.0485 1293.2197 274.0406
v 672.7829 1294.0861 274.2332
v 672.6142 1294.5795 274.2332
f 3790 3791 3792
v 672.5716 1295.1006 274.2331
v 670.6408 1295.1778 274.0402
v 670.7211 1294.1715 274.0404
f 3793 3794 3795
v 670.7211 1294.1715 274.0404
v 672.6142 1294.5795 274.2332
v 672.5716 1295.1006 274.2331
f 3796 3797 3798
v 673.6142 1296.8198 274.2326
v 673.1993 1296.5039 274.2327
v 674.6454 1295.0160 274.2979
f 3799 3800 3801
v 674.6454 1295.0160 274.2979
v 674.0947 1297.0235 274.2325
v 673.6142 1296.8198 274.2326
f 3802 3803 3804
v 674.6099 1297.1011 274.2324
v 674.0947 1297.0235 274.2325
v 674.6454 1295.0160 274.2979
f 3805 3806 3807
v 674.6454 1295.0160 274.2979
v 675.1268 1297.0478 274.2324
v 674.6099 1297.1011 274.2324
f 3808 3809 3810
v 676.0395 1296.5684 274.2324
v 674.6454 1295.0160 274.2979
v 676.3784 1296.1723 274.2324
f 3811 3812 3813
v 674.6454 1295.0160 274.2979
v 675.6143 1296.8664 274.2324
v 675.1268 1297.0478 274.2324
f 3814 3815 3816
v 676.0395 1296.5684 274.2324
v 675.6143 1296.8664 274.2324
v 674.6454 1295.0160 274.2979
f 3817 3818 3819
v 676.2668 1293.7248 274.2329
v 676.5380 1294.1710 274.2328
v 674.6454 1295.0160 274.2979
f 3820 3821 3822
v 674.6454 1295.0160 274.2979
v 675.8939 1293.3577 274.2331
v 676.2668 1293.7248 274.2329
f 3823 3824 3825
v 674.6454 1295.0160 274.2979
v 676.6072 1295.7058 274.2325
v 676.3784 1296.1723 274.2324
f 3826 3827 3828
v 676.6072 1295.7058 274.2325
v 674.6454 1295.0160 274.2979
v 676.7138 1295.1945 274.2326
f 3829 3830 3831
v 674.6454 1295.0160 274.2979
v 676.6904 1294.6716 274.2327
v 676.7138 1295.1945 274.2326
f 3832 3833 3834
v 676.6904 1294.6716 274.2327
v 674.6454 1295.0160 274.2979
v 676.5380 1294.1710 274.2328
f 3835 3836 3837
v 675.4431 1293.0949 274.2332
v 675.8939 1293.3577 274.2331
v 674.6454 1295.0160 274.2979
f 3838 3839 3840
v 674.6454 1295.0160 274.2979
v 674.9408 1292.9543 274.2332
v 675.4431 1293.0949 274.2332
f 3841 3842 3843
v 674.4208 1292.9417 274.2333
v 674.9408 1292.9543 274.2332
v 674.6454 1295.0160 274.2979
f 3844 3845 3846
v 674.6454 1295.0160 274.2979
v 673.9151 1293.0611 274.2333
v 674.4208 1292.9417 274.2333
f 3847 3848 3849
v 674.6454 1295.0160 274.2979
v 673.4547 1293.3023 274.2333
v 673.9151 1293.0611 274.2333
f 3850 3851 3852
v 673.4547 1293.3023 274.2333
v 674.6454 1295.0160 274.2979
v 673.0697 1293.6513 274.2333
f 3853 3854 3855
v 674.6454 1295.0160 274.2979
v 672.7829 1294.0861 274.2332
v 673.0697 1293.6513 274.2333
f 3856 3857 3858
v 672.7829 1294.0861 274.2332
v 674.6454 1295.0160 274.2979
v 672.6142 1294.5795 274.2332
f 3859 3860 3861
v 674.6454 1295.0160 274.2979
v 672.5716 1295.1006 274.2331
v 672.6142 1294.5795 274.2332
f 3862 3863 3864
v 672.5716 1295.1006 274.2331
v 674.6454 1295.0160 274.2979
v 672.6610 1295.6153 274.2329
f 3865 3866 3867
v 672.8743 1296.0938 274.2328
v 672.6610 1295.6153 274.2329
v 674.6454 1295.0160 274.2979
f 3868 3869 3870
v 674.6454 1295.0160 274.2979
v 673.1993 1296.5039 274.2327
v 672.8743 1296.0938 274.2328
f 3871 3872 3873
v 668.7625 1289.9163 254.3831
v 670.0433 1288.3880 254.3833
v 668.5540 1289.7370 254.3832
f 3874 3875 3876
v 668.7625 1289.9163 254.3831
v 675.7464 1287.3147 254.3829
v 670.0433 1288.3880 254.3833
f 3877 3878 3879
v 666.9754 1297.3270 254.3818
v 677.6178 1287.8427 254.3826
v 667.4475 1291.4169 254.3829
f 3880 3881 3882
v 675.7464 1287.3147 254.3829
v 668.7625 1289.9163 254.3831
v 667.4475 1291.4169 254.3829
f 3883 3884 3885
v 673.7756 1286.9981 254.3832
v 670.0433 1288.3880 254.3833
v 675.7464 1287.3147 254.3829
f 3886 3887 3888
v 675.7464 1287.3147 254.3829
v 667.4475 1291.4169 254.3829
v 677.6178 1287.8427 254.3826
f 3889 3890 3891
v 666.9754 1297.3270 254.3818
v 679.9982 1289.5042 254.3820
v 677.6178 1287.8427 254.3826
f 3892 3893 3894
v 682.3637 1295.6759 254.3805
v 669.2440 1300.5639 254.3809
v 670.6598 1301.9821 254.3805
f 3895 3896 3897
v 682.3637 1295.6759 254.3805
v 670.6598 1301.9821 254.3805
v 682.2250 1297.6752 254.3801
f 3898 3899 3900
v 669.2440 1300.5639 254.3809
v 682.3637 1295.6759 254.3805
v 682.5433 1293.6814 254.3809
f 3901 3902 3903
v 678.3831 1302.1573 254.3796
v 682.2250 1297.6752 254.3801
v 674.5046 1303.0667 254.3798
f 3904 3905 3906
v 681.9551 1291.7470 254.3813
v 681.9573 1291.7511 272.3737
v 680.9107 1290.0219 272.3742
f 3907 3908 3909
v 680.9107 1290.0219 272.3742
v 679.3045 1288.8243 272.8716
v 679.4689 1288.6068 272.3746
f 3910 3911 3912
v 679.3045 1288.8243 272.8716
v 680.9107 1290.0219 272.3742
v 680.6972 1290.1926 272.8712
f 3913 3914 3915
v 680.9085 1290.0178 254.3818
v 680.9107 1290.0219 272.3742
v 679.4689 1288.6068 272.3746
f 3916 3917 3918
v 679.4667 1288.6027 254.3822
v 679.4689 1288.6068 272.3746
v 677.7252 1287.5934 272.3750
f 3919 3920 3921
v 677.7252 1287.5934 272.3750
v 675.7486 1287.3189 272.8723
v 675.7868 1287.0477 272.3754
f 3922 3923 3924
v 675.7486 1287.3189 272.8723
v 677.7252 1287.5934 272.3750
v 677.6199 1287.8469 272.8720
f 3925 3926 3927
v 677.7231 1287.5895 254.3826
v 677.7252 1287.5934 272.3750
v 675.7868 1287.0477 272.3754
f 3928 3929 3930
v 675.7868 1287.0477 272.3754
v 673.8075 1287.2741 272.8725
v 673.7776 1287.0020 272.3756
f 3931 3932 3933
v 673.8075 1287.2741 272.8725
v 675.7868 1287.0477 272.3754
v 675.7486 1287.3189 272.8723
f 3934 3935 3936
v 675.7847 1287.0437 254.3830
v 675.7868 1287.0477 272.3754
v 673.7776 1287.0020 272.3756
f 3937 3938 3939
v 673.7756 1286.9981 254.3832
v 673.7776 1287.0020 272.3756
v 671.8229 1287.4593 272.3757
f 3940 3941 3942
v 671.9186 1287.7172 272.8726
v 670.2021 1288.6177 272.8726
v 670.0455 1288.3921 272.3757
f 3943 3944 3945
v 670.0455 1288.3921 272.3757
v 671.8229 1287.4593 272.3757
v 671.9186 1287.7172 272.8726
f 3946 3947 3948
v 671.8208 1287.4553 254.3833
v 671.8229 1287.4593 272.3757
v 670.0455 1288.3921 272.3757
f 3949 3950 3951
v 670.2021 1288.6177 272.8726
v 668.7646 1289.9206 272.8725
v 668.5561 1289.7411 272.3756
f 3952 3953 3954
v 668.5561 1289.7411 272.3756
v 670.0455 1288.3921 272.3757
v 670.2021 1288.6177 272.8726
f 3955 3956 3957
v 670.0433 1288.3880 254.3833
v 670.0455 1288.3921 272.3757
v 668.5561 1289.7411 272.3756
f 3958 3959 3960
v 668.7646 1289.9206 272.8725
v 667.6950 1291.5444 272.8723
v 667.4496 1291.4210 272.3753
f 3961 3962 3963
v 667.4496 1291.4210 272.3753
v 668.5561 1289.7411 272.3756
v 668.7646 1289.9206 272.8725
f 3964 3965 3966
v 668.5540 1289.7370 254.3832
v 668.5561 1289.7411 272.3756
v 667.4496 1291.4210 272.3753
f 3967 3968 3969
v 667.6950 1291.5444 272.8723
v 667.0640 1293.3851 272.8720
v 666.7957 1293.3277 272.3750
f 3970 3971 3972
v 666.7957 1293.3277 272.3750
v 667.4496 1291.4210 272.3753
v 667.6950 1291.5444 272.8723
f 3973 3974 3975
v 667.4475 1291.4169 254.3829
v 667.4496 1291.4210 272.3753
v 666.7957 1293.3277 272.3750
f 3976 3977 3978
v 667.0640 1293.3851 272.8720
v 666.9091 1295.3295 272.8716
v 666.6351 1295.3401 272.3746
f 3979 3980 3981
v 666.6351 1295.3401 272.3746
v 666.7957 1293.3277 272.3750
v 667.0640 1293.3851 272.8720
f 3982 3983 3984
v 666.7936 1293.3236 254.3826
v 666.7957 1293.3277 272.3750
v 666.6351 1295.3401 272.3746
f 3985 3986 3987
v 666.9091 1295.3295 272.8716
v 667.2393 1297.2535 272.8712
v 666.9775 1297.3311 272.3742
f 3988 3989 3990
v 666.9775 1297.3311 272.3742
v 666.6351 1295.3401 272.3746
v 666.9091 1295.3295 272.8716
f 3991 3992 3993
v 666.6330 1295.3360 254.3822
v 666.6351 1295.3401 272.3746
v 666.9775 1297.3311 272.3742
f 3994 3995 3996
v 666.9775 1297.3311 272.3742
v 668.0351 1299.0364 272.8707
v 667.8024 1299.1779 272.3737
f 3997 3998 3999
v 668.0351 1299.0364 272.8707
v 666.9775 1297.3311 272.3742
v 667.2393 1297.2535 272.8712
f 4000 4001 4002
v 666.9754 1297.3270 254.3818
v 666.9775 1297.3311 272.3742
v 667.8024 1299.1779 272.3737
f 4003 4004 4005
v 667.8024 1299.1779 272.3737
v 669.2461 1300.5681 272.8703
v 669.0566 1300.7636 272.3733
f 4006 4007 4008
v 669.2461 1300.5681 272.8703
v 667.8024 1299.1779 272.3737
v 668.0351 1299.0364 272.8707
f 4009 4010 4011
v 667.8003 1299.1738 254.3813
v 667.8024 1299.1779 272.3737
v 669.0566 1300.7636 272.3733
f 4012 4013 4014
v 669.0566 1300.7636 272.3733
v 670.7973 1301.7500 272.8699
v 670.6618 1301.9862 272.3729
f 4015 4016 4017
v 670.7973 1301.7500 272.8699
v 669.0566 1300.7636 272.3733
v 669.2461 1300.5681 272.8703
f 4018 4019 4020
v 669.0545 1300.7594 254.3809
v 669.0566 1300.7636 272.3733
v 670.6618 1301.9862 272.3729
f 4021 4022 4023
v 670.6618 1301.9862 272.3729
v 672.5903 1302.5091 272.8695
v 672.5169 1302.7722 272.3725
f 4024 4025 4026
v 672.5903 1302.5091 272.8695
v 670.6618 1301.9862 272.3729
v 670.7973 1301.7500 272.8699
f 4027 4028 4029
v 670.6598 1301.9821 254.3805
v 670.6618 1301.9862 272.3729
v 672.5169 1302.7722 272.3725
f 4030 4031 4032
v 672.5148 1302.7681 254.3801
v 672.5169 1302.7722 272.3725
v 674.5067 1303.0709 272.3722
f 4033 4034 4035
v 674.5067 1303.0709 272.3722
v 676.4414 1302.5959 272.8691
v 676.5051 1302.8635 272.3721
f 4036 4037 4038
v 676.4414 1302.5959 272.8691
v 674.5067 1303.0709 272.3722
v 674.5110 1302.7960 272.8693
f 4039 4040 4041
v 674.5046 1303.0667 254.3798
v 674.5067 1303.0709 272.3722
v 676.5051 1302.8635 272.3721
f 4042 4043 4044
v 676.5030 1302.8594 254.3797
v 676.5051 1302.8635 272.3721
v 678.3852 1302.1615 272.3720
f 4045 4046 4047
v 678.3831 1302.1573 254.3796
v 678.3852 1302.1615 272.3720
v 680.0321 1301.0121 272.3721
f 4048 4049 4050
v 679.8487 1300.8077 272.8691
v 681.1116 1299.3333 272.8693
v 681.3400 1299.4867 272.3722
f 4051 4052 4053
v 681.3400 1299.4867 272.3722
v 680.0321 1301.0121 272.3721
v 679.8487 1300.8077 272.8691
f 4054 4055 4056
v 680.0300 1301.0080 254.3797
v 680.0321 1301.0121 272.3721
v 681.3400 1299.4867 272.3722
f 4057 4058 4059
v 681.1116 1299.3333 272.8693
v 681.9679 1297.5871 272.8696
v 682.2272 1297.6793 272.3725
f 4060 4061 4062
v 682.2272 1297.6793 272.3725
v 681.3400 1299.4867 272.3722
v 681.1116 1299.3333 272.8693
f 4063 4064 4065
v 681.3379 1299.4826 254.3798
v 681.3400 1299.4867 272.3722
v 682.2272 1297.6793 272.3725
f 4066 4067 4068
v 682.2250 1297.6752 254.3801
v 682.2272 1297.6793 272.3725
v 682.6368 1295.7042 272.3729
f 4069 4070 4071
v 682.3658 1295.6801 272.8699
v 682.2766 1293.7313 272.8703
v 682.5455 1293.6854 272.3733
f 4072 4073 4074
v 682.5455 1293.6854 272.3733
v 682.6368 1295.7042 272.3729
v 682.3658 1295.6801 272.8699
f 4075 4076 4077
v 682.6347 1295.7002 254.3805
v 682.6368 1295.7042 272.3729
v 682.5455 1293.6854 272.3733
f 4078 4079 4080
v 682.5455 1293.6854 272.3733
v 681.7096 1291.8629 272.8707
v 681.9573 1291.7511 272.3737
f 4081 4082 4083
v 681.7096 1291.8629 272.8707
v 682.5455 1293.6854 272.3733
v 682.2766 1293.7313 272.8703
f 4084 4085 4086
v 682.5433 1293.6814 254.3809
v 682.5455 1293.6854 272.3733
v 681.9573 1291.7511 272.3737
f 4087 4088 4089
v 681.7096 1291.8629 272.8707
v 680.6972 1290.1926 272.8712
v 680.9107 1290.0219 272.3742
f 4090 4091 4092
v 680.9107 1290.0219 272.3742
v 681.9573 1291.7511 272.3737
v 681.7096 1291.8629 272.8707
f 4093 4094 4095
v 677.6199 1287.8469 272.8720
v 679.4689 1288.6068 272.3746
v 679.3045 1288.8243 272.8716
f 4096 4097 4098
v 679.4689 1288.6068 272.3746
v 677.6199 1287.8469 272.8720
v 677.7252 1287.5934 272.3750
f 4099 4100 4101
v 671.8229 1287.4593 272.3757
v 673.7776 1287.0020 272.3756
v 673.8075 1287.2741 272.8725
f 4102 4103 4104
v 673.8075 1287.2741 272.8725
v 671.9186 1287.7172 272.8726
v 671.8229 1287.4593 272.3757
f 4105 4106 4107
v 674.5067 1303.0709 272.3722
v 672.5169 1302.7722 272.3725
v 672.5903 1302.5091 272.8695
f 4108 4109 4110
v 672.5903 1302.5091 272.8695
v 674.5110 1302.7960 272.8693
v 674.5067 1303.0709 272.3722
f 4111 4112 4113
v 678.2586 1301.9189 272.8691
v 676.5051 1302.8635 272.3721
v 676.4414 1302.5959 272.8691
f 4114 4115 4116
v 676.5051 1302.8635 272.3721
v 678.2586 1301.9189 272.8691
v 678.3852 1302.1615 272.3720
f 4117 4118 4119
v 678.2586 1301.9189 272.8691
v 679.8487 1300.8077 272.8691
v 680.0321 1301.0121 272.3721
f 4120 4121 4122
v 680.0321 1301.0121 272.3721
v 678.3852 1302.1615 272.3720
v 678.2586 1301.9189 272.8691
f 4123 4124 4125
v 682.6368 1295.7042 272.3729
v 682.2272 1297.6793 272.3725
v 681.9679 1297.5871 272.8696
f 4126 4127 4128
v 681.9679 1297.5871 272.8696
v 682.3658 1295.6801 272.8699
v 682.6368 1295.7042 272.3729
f 4129 4130 4131
v 681.3379 1299.4826 254.3798
v 678.3831 1302.1573 254.3796
v 680.0300 1301.0080 254.3797
f 4132 4133 4134
v 674.5046 1303.0667 254.3798
v 676.5030 1302.8594 254.3797
v 678.3831 1302.1573 254.3796
f 4135 4136 4137
v 682.5433 1293.6814 254.3809
v 682.3637 1295.6759 254.3805
v 682.6347 1295.7002 254.3805
f 4138 4139 4140
v 682.3637 1295.6759 254.3805
v 682.2250 1297.6752 254.3801
v 682.6347 1295.7002 254.3805
f 4141 4142 4143
v 678.3831 1302.1573 254.3796
v 681.3379 1299.4826 254.3798
v 682.2250 1297.6752 254.3801
f 4144 4145 4146
v 682.2250 1297.6752 254.3801
v 672.5148 1302.7681 254.3801
v 674.5046 1303.0667 254.3798
f 4147 4148 4149
v 672.5148 1302.7681 254.3801
v 682.2250 1297.6752 254.3801
v 670.6598 1301.9821 254.3805
f 4150 4151 4152
v 669.2440 1300.5639 254.3809
v 667.8003 1299.1738 254.3813
v 669.0545 1300.7594 254.3809
f 4153 4154 4155
v 670.6598 1301.9821 254.3805
v 669.2440 1300.5639 254.3809
v 669.0545 1300.7594 254.3809
f 4156 4157 4158
v 682.5433 1293.6814 254.3809
v 667.8003 1299.1738 254.3813
v 669.2440 1300.5639 254.3809
f 4159 4160 4161
v 682.5433 1293.6814 254.3809
v 666.9754 1297.3270 254.3818
v 667.8003 1299.1738 254.3813
f 4162 4163 4164
v 681.9551 1291.7470 254.3813
v 666.9754 1297.3270 254.3818
v 682.5433 1293.6814 254.3809
f 4165 4166 4167
v 666.9754 1297.3270 254.3818
v 681.9551 1291.7470 254.3813
v 679.9982 1289.5042 254.3820
f 4168 4169 4170
v 680.9085 1290.0178 254.3818
v 679.9982 1289.5042 254.3820
v 681.9551 1291.7470 254.3813
f 4171 4172 4173
v 679.4667 1288.6027 254.3822
v 677.6178 1287.8427 254.3826
v 679.9982 1289.5042 254.3820
f 4174 4175 4176
v 680.9085 1290.0178 254.3818
v 679.4667 1288.6027 254.3822
v 679.9982 1289.5042 254.3820
f 4177 4178 4179
v 677.7231 1287.5895 254.3826
v 677.6178 1287.8427 254.3826
v 679.4667 1288.6027 254.3822
f 4180 4181 4182
v 677.6178 1287.8427 254.3826
v 677.7231 1287.5895 254.3826
v 675.7464 1287.3147 254.3829
f 4183 4184 4185
v 675.7847 1287.0437 254.3830
v 675.7464 1287.3147 254.3829
v 677.7231 1287.5895 254.3826
f 4186 4187 4188
v 673.7756 1286.9981 254.3832
v 675.7464 1287.3147 254.3829
v 675.7847 1287.0437 254.3830
f 4189 4190 4191
v 668.5540 1289.7370 254.3832
v 667.4475 1291.4169 254.3829
v 668.7625 1289.9163 254.3831
f 4192 4193 4194
v 666.7936 1293.3236 254.3826
v 666.6330 1295.3360 254.3822
v 666.9754 1297.3270 254.3818
f 4195 4196 4197
v 667.4475 1291.4169 254.3829
v 666.7936 1293.3236 254.3826
v 666.9754 1297.3270 254.3818
f 4198 4199 4200
v 671.8208 1287.4553 254.3833
v 670.0433 1288.3880 254.3833
v 673.7756 1286.9981 254.3832
f 4201 4202 4203
v 677.8858 1301.2051 273.3343
v 679.3101 1300.2092 273.3343
v 679.8487 1300.8077 272.8691
f 4204 4205 4206
v 679.8487 1300.8077 272.8691
v 678.2586 1301.9189 272.8691
v 677.8858 1301.2051 273.3343
f 4207 4208 4209
v 679.3101 1300.2092 273.3343
v 680.4435 1298.8882 273.3345
v 681.1116 1299.3333 272.8693
f 4210 4211 4212
v 681.1116 1299.3333 272.8693
v 679.8487 1300.8077 272.8691
v 679.3101 1300.2092 273.3343
f 4213 4214 4215
v 681.9551 1291.7470 254.3813
v 680.9107 1290.0219 272.3742
v 680.9085 1290.0178 254.3818
f 4216 4217 4218
v 680.9085 1290.0178 254.3818
v 679.4689 1288.6068 272.3746
v 679.4667 1288.6027 254.3822
f 4219 4220 4221
v 679.4667 1288.6027 254.3822
v 677.7252 1287.5934 272.3750
v 677.7231 1287.5895 254.3826
f 4222 4223 4224
v 677.7231 1287.5895 254.3826
v 675.7868 1287.0477 272.3754
v 675.7847 1287.0437 254.3830
f 4225 4226 4227
v 675.7847 1287.0437 254.3830
v 673.7776 1287.0020 272.3756
v 673.7756 1286.9981 254.3832
f 4228 4229 4230
v 673.7756 1286.9981 254.3832
v 671.8229 1287.4593 272.3757
v 671.8208 1287.4553 254.3833
f 4231 4232 4233
v 671.8208 1287.4553 254.3833
v 670.0455 1288.3921 272.3757
v 670.0433 1288.3880 254.3833
f 4234 4235 4236
v 670.0433 1288.3880 254.3833
v 668.5561 1289.7411 272.3756
v 668.5540 1289.7370 254.3832
f 4237 4238 4239
v 668.5540 1289.7370 254.3832
v 667.4496 1291.4210 272.3753
v 667.4475 1291.4169 254.3829
f 4240 4241 4242
v 667.4475 1291.4169 254.3829
v 666.7957 1293.3277 272.3750
v 666.7936 1293.3236 254.3826
f 4243 4244 4245
v 666.7936 1293.3236 254.3826
v 666.6351 1295.3401 272.3746
v 666.6330 1295.3360 254.3822
f 4246 4247 4248
v 666.6330 1295.3360 254.3822
v 666.9775 1297.3311 272.3742
v 666.9754 1297.3270 254.3818
f 4249 4250 4251
v 666.9754 1297.3270 254.3818
v 667.8024 1299.1779 272.3737
v 667.8003 1299.1738 254.3813
f 4252 4253 4254
v 667.8003 1299.1738 254.3813
v 669.0566 1300.7636 272.3733
v 669.0545 1300.7594 254.3809
f 4255 4256 4257
v 669.0545 1300.7594 254.3809
v 670.6618 1301.9862 272.3729
v 670.6598 1301.9821 254.3805
f 4258 4259 4260
v 670.6598 1301.9821 254.3805
v 672.5169 1302.7722 272.3725
v 672.5148 1302.7681 254.3801
f 4261 4262 4263
v 672.5148 1302.7681 254.3801
v 674.5067 1303.0709 272.3722
v 674.5046 1303.0667 254.3798
f 4264 4265 4266
v 674.5046 1303.0667 254.3798
v 676.5051 1302.8635 272.3721
v 676.5030 1302.8594 254.3797
f 4267 4268 4269
v 676.5030 1302.8594 254.3797
v 678.3852 1302.1615 272.3720
v 678.3831 1302.1573 254.3796
f 4270 4271 4272
v 678.3831 1302.1573 254.3796
v 680.0321 1301.0121 272.3721
v 680.0300 1301.0080 254.3797
f 4273 4274 4275
v 680.0300 1301.0080 254.3797
v 681.3400 1299.4867 272.3722
v 681.3379 1299.4826 254.3798
f 4276 4277 4278
v 681.3379 1299.4826 254.3798
v 682.2272 1297.6793 272.3725
v 682.2250 1297.6752 254.3801
f 4279 4280 4281
v 682.2250 1297.6752 254.3801
v 682.6368 1295.7042 272.3729
v 682.6347 1295.7002 254.3805
f 4282 4283 4284
v 682.6347 1295.7002 254.3805
v 682.5455 1293.6854 272.3733
v 682.5433 1293.6814 254.3809
f 4285 4286 4287
v 682.5433 1293.6814 254.3809
v 681.9573 1291.7511 272.3737
v 681.9551 1291.7470 254.3813
f 4288 4289 4290

g building_ID_9FB3CC79-3F32-4451-B2C1-EE10E7C0455B
v 531.8781 1301.6550 262.7604
v 531.9486 1301.8488 262.7603
v 534.7368 1301.2053 262.7602
f 4291 4292 4293
v 534.5973 1300.6267 262.7604
v 519.2176 1275.2803 262.7668
v 534.7368 1301.2053 262.7602
f 4294 4295 4296
v 531.8781 1301.6550 262.7604
v 534.7368 1301.2053 262.7602
v 516.7367 1276.8079 262.7667
f 4297 4298 4299
v 519.2176 1275.2803 262.7668
v 516.7367 1276.8079 262.7667
v 534.7368 1301.2053 262.7602
f 4300 4301 4302
v 531.9486 1301.8488 262.7603
v 531.8781 1301.6550 262.7604
v 531.9376 1301.8518 262.7603
f 4303 4304 4305
v 531.8784 1301.6557 266.0443
v 519.2179 1275.2810 265.5727
v 534.5976 1300.6275 266.0753
f 4306 4307 4308
v 516.7371 1276.8086 265.5726
v 519.2179 1275.2810 265.5727
v 531.8784 1301.6557 266.0443
f 4309 4310 4311
v 531.9380 1301.8526 266.0472
v 531.8784 1301.6557 266.0443
v 531.9490 1301.8495 266.0462
f 4312 4313 4314
v 534.5973 1300.6267 262.7604
v 534.5976 1300.6275 266.0753
v 519.2179 1275.2810 265.5727
f 4315 4316 4317
v 516.7367 1276.8079 262.7667
v 516.7371 1276.8086 265.5726
v 531.8781 1301.6550 262.7604
f 4318 4319 4320
v 519.2176 1275.2803 262.7668
v 519.2179 1275.2810 265.5727
v 516.7371 1276.8086 265.5726
f 4321 4322 4323
v 531.8781 1301.6550 262.7604
v 531.8784 1301.6557 266.0443
v 531.9376 1301.8518 262.7603
f 4324 4325 4326
v 531.9490 1301.8495 266.0462
v 531.9376 1301.8518 262.7603
v 531.9380 1301.8526 266.0472
f 4327 4328 4329
v 531.9490 1301.8495 266.0462
v 531.9486 1301.8488 262.7603
v 531.9376 1301.8518 262.7603
f 4330 4331 4332
v 534.7360 1301.2033 253.8955
v 534.7368 1301.2053 262.7602
v 531.9486 1301.8488 262.7603
f 4333 4334 4335
v 533.9241 1310.1092 266.1704
v 531.9490 1301.8495 266.0462
v 534.8794 1309.8885 266.1403
f 4336 4337 4338
v 533.9241 1310.1092 266.1704
v 531.9486 1301.8488 262.7603
v 531.9490 1301.8495 266.0462
f 4339 4340 4341
v 531.9478 1301.8468 253.8956
v 531.9486 1301.8488 262.7603
v 533.9229 1310.1063 253.8938
f 4342 4343 4344
v 534.8783 1309.8858 253.8937
v 534.7360 1301.2033 253.8955
v 531.9478 1301.8468 253.8956
f 4345 4346 4347
v 534.7360 1301.2033 253.8955
v 534.8783 1309.8858 253.8937
v 536.7261 1309.4598 253.8937
f 4348 4349 4350
v 531.9478 1301.8468 253.8956
v 533.9229 1310.1063 253.8938
v 534.8783 1309.8858 253.8937
f 4351 4352 4353
v 531.9490 1301.8495 266.0462
v 534.7372 1301.2061 266.0811
v 536.7273 1309.4626 266.1633
f 4354 4355 4356
v 534.8794 1309.8885 266.1403
v 531.9490 1301.8495 266.0462
v 536.7273 1309.4626 266.1633
f 4357 4358 4359
v 534.7372 1301.2061 266.0811
v 531.8784 1301.6557 266.0443
v 534.5976 1300.6275 266.0753
f 4360 4361 4362
v 531.9490 1301.8495 266.0462
v 531.8784 1301.6557 266.0443
v 534.7372 1301.2061 266.0811
f 4363 4364 4365
v 534.7368 1301.2053 262.7602
v 536.7261 1309.4598 253.8937
v 536.7273 1309.4626 266.1633
f 4366 4367 4368
v 534.7372 1301.2061 266.0811
v 534.7368 1301.2053 262.7602
v 536.7273 1309.4626 266.1633
f 4369 4370 4371
v 534.7368 1301.2053 262.7602
v 534.5976 1300.6275 266.0753
v 534.5973 1300.6267 262.7604
f 4372 4373 4374
v 536.7261 1309.4598 253.8937
v 534.7368 1301.2053 262.7602
v 534.7360 1301.2033 253.8955
f 4375 4376 4377
v 534.7372 1301.2061 266.0811
v 534.5976 1300.6275 266.0753
v 534.7368 1301.2053 262.7602
f 4378 4379 4380
v 534.8783 1309.8858 253.8937
v 533.9229 1310.1063 253.8938
v 533.9241 1310.1092 266.1704
f 4381 4382 4383
v 534.8794 1309.8885 266.1403
v 534.8783 1309.8858 253.8937
v 533.9241 1310.1092 266.1704
f 4384 4385 4386
v 536.7261 1309.4598 253.8937
v 534.8794 1309.8885 266.1403
v 536.7273 1309.4626 266.1633
f 4387 4388 4389
v 534.8783 1309.8858 253.8937
v 534.8794 1309.8885 266.1403
v 536.7261 1309.4598 253.8937
f 4390 4391 4392
v 534.5973 1300.6267 262.7604
v 519.2179 1275.2810 265.5727
v 519.2176 1275.2803 262.7668
f 4393 4394 4395
v 516.7371 1276.8086 265.5726
v 531.8784 1301.6557 266.0443
v 531.8781 1301.6550 262.7604
f 4396 4397 4398
v 519.2176 1275.2803 262.7668
v 516.7371 1276.8086 265.5726
v 516.7367 1276.8079 262.7667
f 4399 4400 4401
v 531.8784 1301.6557 266.0443
v 531.9380 1301.8526 266.0472
v 531.9376 1301.8518 262.7603
f 4402 4403 4404
v 534.7360 1301.2033 253.8955
v 531.9486 1301.8488 262.7603
v 531.9478 1301.8468 253.8956
f 4405 4406 4407
v 531.9486 1301.8488 262.7603
v 533.9241 1310.1092 266.1704
v 533.9229 1310.1063 253.8938
f 4408 4409 4410
