# Grid Center: 2617000, 1264400
# Global Anchor: 7.64977475454284, 47.53283995868075, 0.0

g building_ID_0A87129A-70B6-4D02-973E-A29E2332CC17
v 1077.1851 -370.7730 278.1838
v 1096.2498 -371.5851 278.1805
v 1095.3258 -375.3045 278.1805
f 1 2 3
v 1096.2498 -371.5851 278.1805
v 1077.1851 -370.7730 278.1838
v 1078.1191 -367.0425 278.1839
f 4 5 6
v 1096.2510 -371.5853 285.0842
v 1078.1203 -367.0428 285.0877
v 1077.1864 -370.7733 285.0876
f 7 8 9
v 1077.1864 -370.7733 285.0876
v 1095.3270 -375.3047 285.0842
v 1096.2510 -371.5853 285.0842
f 10 11 12
v 1078.1191 -367.0425 278.1839
v 1078.1203 -367.0428 285.0877
v 1096.2510 -371.5853 285.0842
f 13 14 15
v 1077.1851 -370.7730 278.1838
v 1077.1864 -370.7733 285.0876
v 1078.1203 -367.0428 285.0877
f 16 17 18
v 1095.3258 -375.3045 278.1805
v 1095.3270 -375.3047 285.0842
v 1077.1864 -370.7733 285.0876
f 19 20 21
v 1096.2498 -371.5851 278.1805
v 1096.2510 -371.5853 285.0842
v 1095.3270 -375.3047 285.0842
f 22 23 24
v 1078.1191 -367.0425 278.1839
v 1096.2510 -371.5853 285.0842
v 1096.2498 -371.5851 278.1805
f 25 26 27
v 1077.1851 -370.7730 278.1838
v 1078.1203 -367.0428 285.0877
v 1078.1191 -367.0425 278.1839
f 28 29 30
v 1095.3258 -375.3045 278.1805
v 1077.1864 -370.7733 285.0876
v 1077.1851 -370.7730 278.1838
f 31 32 33
v 1096.2498 -371.5851 278.1805
v 1095.3270 -375.3047 285.0842
v 1095.3258 -375.3045 278.1805
f 34 35 36

g building_ID_AF834BD2-3590-449D-86F6-3D3039008874
v 1228.8307 -117.2051 277.9694
v 1240.3839 -124.1910 277.9670
v 1240.7164 -123.6409 277.9669
f 37 38 39
v 1240.7164 -123.6409 277.9669
v 1229.1713 -116.6431 277.9693
v 1228.8307 -117.2051 277.9694
f 40 41 42
v 1229.1688 -116.6431 265.8247
v 1229.1713 -116.6431 277.9693
v 1240.7164 -123.6409 277.9669
f 43 44 45
v 1240.7138 -123.6410 265.8223
v 1240.7164 -123.6409 277.9669
v 1240.3839 -124.1910 277.9670
f 46 47 48
v 1240.9660 -124.5426 278.2229
v 1228.8308 -117.2051 278.2254
v 1230.8504 -131.5014 278.2247
f 49 50 51
v 1223.0814 -126.6936 278.2263
v 1219.2135 -124.4423 278.2271
v 1230.8504 -131.5014 278.2247
f 52 53 54
v 1219.2135 -124.4423 278.2271
v 1223.0814 -126.6936 278.2263
v 1219.2547 -124.3734 278.2271
f 55 56 57
v 1230.8504 -131.5014 278.2247
v 1228.8308 -117.2051 278.2254
v 1223.0814 -126.6936 278.2263
f 58 59 60
v 1240.9660 -124.5426 278.2229
v 1230.8504 -131.5014 278.2247
v 1233.1227 -132.8804 278.2242
f 61 62 63
v 1235.1383 -134.1589 278.2238
v 1234.9327 -133.9773 278.2239
v 1234.9077 -134.0193 278.2239
f 64 65 66
v 1235.2086 -134.0440 278.2238
v 1234.9327 -133.9773 278.2239
v 1235.1383 -134.1589 278.2238
f 67 68 69
v 1240.9660 -124.5426 278.2229
v 1233.4382 -133.0713 278.2242
v 1235.2086 -134.0440 278.2238
f 70 71 72
v 1234.9327 -133.9773 278.2239
v 1235.2086 -134.0440 278.2238
v 1233.4382 -133.0713 278.2242
f 73 74 75
v 1233.1227 -132.8804 278.2242
v 1233.4382 -133.0713 278.2242
v 1240.9660 -124.5426 278.2229
f 76 77 78
v 1219.2522 -124.3735 265.8265
v 1219.2547 -124.3734 278.2271
v 1223.0814 -126.6936 278.2263
f 79 80 81
v 1219.2110 -124.4423 265.8265
v 1219.2135 -124.4423 278.2271
v 1219.2547 -124.3734 278.2271
f 82 83 84
v 1234.9051 -134.0192 265.8233
v 1234.9077 -134.0193 278.2239
v 1234.9327 -133.9773 278.2239
f 85 86 87
v 1235.1357 -134.1588 265.8232
v 1235.1383 -134.1589 278.2238
v 1234.9077 -134.0193 278.2239
f 88 89 90
v 1228.8308 -117.2051 278.2254
v 1240.3839 -124.1910 277.9670
v 1228.8307 -117.2051 277.9694
f 91 92 93
v 1240.9634 -124.5426 265.8223
v 1240.3839 -124.1910 277.9670
v 1240.9660 -124.5426 278.2229
f 94 95 96
v 1228.8308 -117.2051 278.2254
v 1240.9660 -124.5426 278.2229
v 1240.3839 -124.1910 277.9670
f 97 98 99
v 1240.3814 -124.1910 265.8224
v 1240.3839 -124.1910 277.9670
v 1240.9634 -124.5426 265.8223
f 100 101 102
v 1235.2060 -134.0441 265.8232
v 1240.9634 -124.5426 265.8223
v 1240.9660 -124.5426 278.2229
f 103 104 105
v 1235.2086 -134.0440 278.2238
v 1235.1383 -134.1589 278.2238
v 1235.1357 -134.1588 265.8232
f 106 107 108
v 1234.9303 -133.9773 265.8233
v 1235.1357 -134.1588 265.8232
v 1234.9051 -134.0192 265.8233
f 109 110 111
v 1235.2060 -134.0441 265.8232
v 1234.9303 -133.9773 265.8233
v 1233.4356 -133.0713 265.8236
f 112 113 114
v 1235.2060 -134.0441 265.8232
v 1235.1357 -134.1588 265.8232
v 1234.9303 -133.9773 265.8233
f 115 116 117
v 1240.3814 -124.1910 265.8224
v 1240.9634 -124.5426 265.8223
v 1235.2060 -134.0441 265.8232
f 118 119 120
v 1240.3814 -124.1910 265.8224
v 1228.7248 -117.3749 265.8248
v 1240.7138 -123.6410 265.8223
f 121 122 123
v 1233.1202 -132.8805 265.8236
v 1240.3814 -124.1910 265.8224
v 1235.2060 -134.0441 265.8232
f 124 125 126
v 1233.4356 -133.0713 265.8236
v 1233.1202 -132.8805 265.8236
v 1235.2060 -134.0441 265.8232
f 127 128 129
v 1228.7248 -117.3749 265.8248
v 1240.3814 -124.1910 265.8224
v 1230.8479 -131.5014 265.8241
f 130 131 132
v 1219.2522 -124.3735 265.8265
v 1223.0789 -126.6937 265.8257
v 1219.2110 -124.4423 265.8265
f 133 134 135
v 1230.8479 -131.5014 265.8241
v 1219.2110 -124.4423 265.8265
v 1223.0789 -126.6937 265.8257
f 136 137 138
v 1223.0789 -126.6937 265.8257
v 1228.7248 -117.3749 265.8248
v 1230.8479 -131.5014 265.8241
f 139 140 141
v 1228.7248 -117.3749 265.8248
v 1229.1688 -116.6431 265.8247
v 1240.7138 -123.6410 265.8223
f 142 143 144
v 1240.3814 -124.1910 265.8224
v 1233.1202 -132.8805 265.8236
v 1230.8479 -131.5014 265.8241
f 145 146 147
v 1228.8307 -117.2051 277.9694
v 1228.7248 -117.3749 265.8248
v 1223.0814 -126.6936 278.2263
f 148 149 150
v 1223.0814 -126.6936 278.2263
v 1228.7248 -117.3749 265.8248
v 1223.0789 -126.6937 265.8257
f 151 152 153
v 1228.8307 -117.2051 277.9694
v 1223.0814 -126.6936 278.2263
v 1228.8308 -117.2051 278.2254
f 154 155 156
v 1228.8307 -117.2051 277.9694
v 1229.1713 -116.6431 277.9693
v 1229.1688 -116.6431 265.8247
f 157 158 159
v 1234.9327 -133.9773 278.2239
v 1233.4382 -133.0713 278.2242
v 1233.4356 -133.0713 265.8236
f 160 161 162
v 1233.4382 -133.0713 278.2242
v 1233.1227 -132.8804 278.2242
v 1233.1202 -132.8805 265.8236
f 163 164 165
v 1230.8504 -131.5014 278.2247
v 1219.2135 -124.4423 278.2271
v 1219.2110 -124.4423 265.8265
f 166 167 168
v 1230.8479 -131.5014 265.8241
v 1233.1202 -132.8805 265.8236
v 1233.1227 -132.8804 278.2242
f 169 170 171
v 1229.1688 -116.6431 265.8247
v 1240.7164 -123.6409 277.9669
v 1240.7138 -123.6410 265.8223
f 172 173 174
v 1240.7138 -123.6410 265.8223
v 1240.3839 -124.1910 277.9670
v 1240.3814 -124.1910 265.8224
f 175 176 177
v 1219.2522 -124.3735 265.8265
v 1223.0814 -126.6936 278.2263
v 1223.0789 -126.6937 265.8257
f 178 179 180
v 1219.2110 -124.4423 265.8265
v 1219.2547 -124.3734 278.2271
v 1219.2522 -124.3735 265.8265
f 181 182 183
v 1234.9051 -134.0192 265.8233
v 1234.9327 -133.9773 278.2239
v 1234.9303 -133.9773 265.8233
f 184 185 186
v 1235.1357 -134.1588 265.8232
v 1234.9077 -134.0193 278.2239
v 1234.9051 -134.0192 265.8233
f 187 188 189
v 1235.2060 -134.0441 265.8232
v 1240.9660 -124.5426 278.2229
v 1235.2086 -134.0440 278.2238
f 190 191 192
v 1235.2086 -134.0440 278.2238
v 1235.1357 -134.1588 265.8232
v 1235.2060 -134.0441 265.8232
f 193 194 195
v 1228.8307 -117.2051 277.9694
v 1229.1688 -116.6431 265.8247
v 1228.7248 -117.3749 265.8248
f 196 197 198
v 1234.9327 -133.9773 278.2239
v 1233.4356 -133.0713 265.8236
v 1234.9303 -133.9773 265.8233
f 199 200 201
v 1233.4382 -133.0713 278.2242
v 1233.1202 -132.8805 265.8236
v 1233.4356 -133.0713 265.8236
f 202 203 204
v 1230.8504 -131.5014 278.2247
v 1219.2110 -124.4423 265.8265
v 1230.8479 -131.5014 265.8241
f 205 206 207
v 1230.8479 -131.5014 265.8241
v 1233.1227 -132.8804 278.2242
v 1230.8504 -131.5014 278.2247
f 208 209 210

g building_ID_FBADA6DB-EE95-459E-82B1-E4990F68E77C
v 1292.6962 -109.5113 280.8037
v 1281.3163 -98.3279 280.8063
v 1286.9722 -111.0169 280.8048
f 211 212 213
v 1268.2760 -120.1407 280.8085
v 1286.9722 -111.0169 280.8048
v 1281.3163 -98.3279 280.8063
f 214 215 216
v 1295.8301 -111.3847 280.8030
v 1297.7588 -108.1598 280.8027
v 1292.6962 -109.5113 280.8037
f 217 218 219
v 1281.3163 -98.3279 280.8063
v 1292.6962 -109.5113 280.8037
v 1297.7588 -108.1598 280.8027
f 220 221 222
v 1290.5255 -113.1415 280.8041
v 1292.6962 -109.5113 280.8037
v 1286.9722 -111.0169 280.8048
f 223 224 225
v 1281.4737 -128.0320 280.8056
v 1282.0823 -119.1967 280.8057
v 1268.2760 -120.1407 280.8085
f 226 227 228
v 1282.0823 -119.1967 280.8057
v 1281.4737 -128.0320 280.8056
v 1285.5248 -121.2559 280.8049
f 229 230 231
v 1268.2760 -120.1407 280.8085
v 1282.0823 -119.1967 280.8057
v 1286.9722 -111.0169 280.8048
f 232 233 234
v 1281.3155 -98.3280 277.0144
v 1281.3163 -98.3279 280.8063
v 1297.7588 -108.1598 280.8027
f 235 236 237
v 1268.2752 -120.1408 277.0166
v 1268.2760 -120.1407 280.8085
v 1281.3163 -98.3279 280.8063
f 238 239 240
v 1277.8058 -125.8403 277.0146
v 1281.4729 -128.0321 277.0138
v 1281.4737 -128.0320 280.8056
f 241 242 243
v 1277.8032 -125.8393 264.6790
v 1281.4703 -128.0321 264.6782
v 1281.4729 -128.0321 277.0138
f 244 245 246
v 1277.8058 -125.8403 277.0146
v 1268.2760 -120.1407 280.8085
v 1268.2752 -120.1408 277.0166
f 247 248 249
v 1281.4737 -128.0320 280.8056
v 1268.2760 -120.1407 280.8085
v 1277.8058 -125.8403 277.0146
f 250 251 252
v 1282.0790 -119.1969 264.6783
v 1282.0823 -119.1967 280.8057
v 1285.5248 -121.2559 280.8049
f 253 254 255
v 1295.8267 -111.3848 264.6756
v 1295.8301 -111.3847 280.8030
v 1292.6962 -109.5113 280.8037
f 256 257 258
v 1276.6111 -87.0507 264.6800
v 1276.6137 -87.0505 277.0155
v 1295.4334 -98.3038 277.0115
f 259 260 261
v 1257.7940 -118.1788 264.6831
v 1257.7966 -118.1787 277.0187
v 1276.6137 -87.0505 277.0155
f 262 263 264
v 1275.8565 -129.0980 264.6793
v 1275.8591 -129.0980 277.0149
v 1257.7966 -118.1787 277.0187
f 265 266 267
v 1277.8032 -125.8393 264.6790
v 1277.8058 -125.8403 277.0146
v 1275.8565 -129.0980 264.6793
f 268 269 270
v 1285.5214 -121.2561 264.6775
v 1285.5248 -121.2559 280.8049
v 1281.4729 -128.0321 277.0138
f 271 272 273
v 1286.9688 -111.0171 264.6774
v 1286.9722 -111.0169 280.8048
v 1282.0823 -119.1967 280.8057
f 274 275 276
v 1290.5221 -113.1415 264.6767
v 1290.5255 -113.1415 280.8041
v 1286.9722 -111.0169 280.8048
f 277 278 279
v 1292.6927 -109.5114 264.6763
v 1292.6962 -109.5113 280.8037
v 1290.5221 -113.1415 264.6767
f 280 281 282
v 1295.4334 -98.3038 277.0115
v 1276.6137 -87.0505 277.0155
v 1279.2413 -94.3155 277.0149
f 283 284 285
v 1275.7469 -92.2261 277.0156
v 1279.2413 -94.3155 277.0149
v 1276.6137 -87.0505 277.0155
f 286 287 288
v 1275.7469 -92.2261 277.0156
v 1276.6137 -87.0505 277.0155
v 1272.9163 -96.9625 277.0161
f 289 290 291
v 1281.3155 -98.3280 277.0144
v 1279.2413 -94.3155 277.0149
v 1276.4106 -99.0519 277.0153
f 292 293 294
v 1297.7579 -108.1599 277.0109
v 1301.4655 -101.9619 277.0102
v 1295.4334 -98.3038 277.0115
f 295 296 297
v 1295.4334 -98.3038 277.0115
v 1281.3155 -98.3280 277.0144
v 1297.7579 -108.1599 277.0109
f 298 299 300
v 1281.3155 -98.3280 277.0144
v 1295.4334 -98.3038 277.0115
v 1279.2413 -94.3155 277.0149
f 301 302 303
v 1268.7815 -111.8082 277.0167
v 1281.3155 -98.3280 277.0144
v 1276.4106 -99.0519 277.0153
f 304 305 306
v 1265.2882 -109.7199 277.0174
v 1268.7815 -111.8082 277.0167
v 1272.9163 -96.9625 277.0161
f 307 308 309
v 1265.2882 -109.7199 277.0174
v 1272.9163 -96.9625 277.0161
v 1276.6137 -87.0505 277.0155
f 310 311 312
v 1265.8133 -116.7742 277.0172
v 1262.3199 -114.6849 277.0179
v 1257.7966 -118.1787 277.0187
f 313 314 315
v 1265.2882 -109.7199 277.0174
v 1257.7966 -118.1787 277.0187
v 1262.3199 -114.6849 277.0179
f 316 317 318
v 1265.2882 -109.7199 277.0174
v 1276.6137 -87.0505 277.0155
v 1257.7966 -118.1787 277.0187
f 319 320 321
v 1268.2752 -120.1408 277.0166
v 1268.7815 -111.8082 277.0167
v 1265.8133 -116.7742 277.0172
f 322 323 324
v 1277.8058 -125.8403 277.0146
v 1268.2752 -120.1408 277.0166
v 1275.8591 -129.0980 277.0149
f 325 326 327
v 1257.7966 -118.1787 277.0187
v 1275.8591 -129.0980 277.0149
v 1268.2752 -120.1408 277.0166
f 328 329 330
v 1268.2752 -120.1408 277.0166
v 1265.8133 -116.7742 277.0172
v 1257.7966 -118.1787 277.0187
f 331 332 333
v 1268.2752 -120.1408 277.0166
v 1281.3155 -98.3280 277.0144
v 1268.7815 -111.8082 277.0167
f 334 335 336
v 1272.9163 -96.9625 277.0161
v 1268.7815 -111.8082 277.0167
v 1276.4106 -99.0519 277.0153
f 337 338 339
v 1268.7821 -111.8082 280.0506
v 1262.3205 -114.6849 280.0518
v 1265.8139 -116.7742 280.0511
f 340 341 342
v 1262.3205 -114.6849 280.0518
v 1268.7821 -111.8082 280.0506
v 1265.2888 -109.7199 280.0513
f 343 344 345
v 1262.3199 -114.6849 277.0179
v 1262.3205 -114.6849 280.0518
v 1265.2888 -109.7199 280.0513
f 346 347 348
v 1265.8133 -116.7742 277.0172
v 1265.8139 -116.7742 280.0511
v 1262.3205 -114.6849 280.0518
f 349 350 351
v 1268.7815 -111.8082 277.0167
v 1268.7821 -111.8082 280.0506
v 1265.8139 -116.7742 280.0511
f 352 353 354
v 1265.2882 -109.7199 277.0174
v 1265.2888 -109.7199 280.0513
v 1268.7821 -111.8082 280.0506
f 355 356 357
v 1275.7475 -92.2261 280.0495
v 1272.9169 -96.9625 280.0500
v 1279.2419 -94.3154 280.0488
f 358 359 360
v 1272.9163 -96.9625 277.0161
v 1272.9169 -96.9625 280.0500
v 1275.7475 -92.2261 280.0495
f 361 362 363
v 1276.4106 -99.0519 277.0153
v 1276.4112 -99.0518 280.0492
v 1272.9169 -96.9625 280.0500
f 364 365 366
v 1279.2413 -94.3155 277.0149
v 1279.2419 -94.3154 280.0488
v 1276.4112 -99.0518 280.0492
f 367 368 369
v 1275.7469 -92.2261 277.0156
v 1275.7475 -92.2261 280.0495
v 1279.2419 -94.3154 280.0488
f 370 371 372
v 1301.4914 -107.4159 279.6651
v 1305.6767 -109.9171 279.6642
v 1308.0653 -105.9635 279.6637
f 373 374 375
v 1308.0653 -105.9635 279.6637
v 1303.8791 -103.4244 279.6646
v 1301.4914 -107.4159 279.6651
f 376 377 378
v 1301.4904 -107.4160 274.9242
v 1301.4914 -107.4159 279.6651
v 1303.8781 -103.4244 274.9237
f 379 380 381
v 1303.9981 -108.9167 264.6740
v 1305.6734 -109.9172 264.6737
v 1304.0004 -108.9166 274.9236
f 382 383 384
v 1305.6767 -109.9171 279.6642
v 1304.0004 -108.9166 274.9236
v 1305.6734 -109.9172 264.6737
f 385 386 387
v 1301.4904 -107.4160 274.9242
v 1304.0004 -108.9166 274.9236
v 1301.4914 -107.4159 279.6651
f 388 389 390
v 1305.6767 -109.9171 279.6642
v 1301.4914 -107.4159 279.6651
v 1304.0004 -108.9166 274.9236
f 391 392 393
v 1308.0620 -105.9637 264.6732
v 1308.0653 -105.9635 279.6637
v 1305.6767 -109.9171 279.6642
f 394 395 396
v 1303.9981 -108.9167 264.6740
v 1304.0004 -108.9166 274.9236
v 1303.9110 -109.0664 274.9236
f 397 398 399
v 1303.9110 -109.0664 274.9236
v 1298.9800 -106.1172 274.9247
v 1303.9088 -109.0665 264.6740
f 400 401 402
v 1301.4904 -107.4160 274.9242
v 1303.9110 -109.0664 274.9236
v 1304.0004 -108.9166 274.9236
f 403 404 405
v 1298.9800 -106.1172 274.9247
v 1301.4904 -107.4160 274.9242
v 1301.4650 -101.9620 274.9243
f 406 407 408
v 1303.8781 -103.4244 274.9237
v 1301.4650 -101.9620 274.9243
v 1301.4904 -107.4160 274.9242
f 409 410 411
v 1303.9110 -109.0664 274.9236
v 1301.4904 -107.4160 274.9242
v 1298.9800 -106.1172 274.9247
f 412 413 414
v 1298.9800 -106.1172 274.9247
v 1301.4650 -101.9620 274.9243
v 1301.4655 -101.9619 277.0102
f 415 416 417
v 1298.9767 -106.1172 264.6751
v 1298.9800 -106.1172 274.9247
v 1297.7553 -108.1600 264.6753
f 418 419 420
v 1297.7579 -108.1599 277.0109
v 1297.7553 -108.1600 264.6753
v 1298.9800 -106.1172 274.9247
f 421 422 423
v 1297.7588 -108.1598 280.8027
v 1295.8301 -111.3847 280.8030
v 1297.7579 -108.1599 277.0109
f 424 425 426
v 1257.7940 -118.1788 264.6831
v 1276.6111 -87.0507 264.6800
v 1286.9688 -111.0171 264.6774
f 427 428 429
v 1292.6927 -109.5114 264.6763
v 1286.9688 -111.0171 264.6774
v 1276.6111 -87.0507 264.6800
f 430 431 432
v 1286.9688 -111.0171 264.6774
v 1292.6927 -109.5114 264.6763
v 1290.5221 -113.1415 264.6767
f 433 434 435
v 1297.7553 -108.1600 264.6753
v 1292.6927 -109.5114 264.6763
v 1295.4307 -98.3039 264.6759
f 436 437 438
v 1295.4307 -98.3039 264.6759
v 1292.6927 -109.5114 264.6763
v 1276.6111 -87.0507 264.6800
f 439 440 441
v 1275.8565 -129.0980 264.6793
v 1257.7940 -118.1788 264.6831
v 1277.8032 -125.8393 264.6790
f 442 443 444
v 1282.0790 -119.1969 264.6783
v 1277.8032 -125.8393 264.6790
v 1257.7940 -118.1788 264.6831
f 445 446 447
v 1281.4703 -128.0321 264.6782
v 1282.0790 -119.1969 264.6783
v 1285.5214 -121.2561 264.6775
f 448 449 450
v 1277.8032 -125.8393 264.6790
v 1282.0790 -119.1969 264.6783
v 1281.4703 -128.0321 264.6782
f 451 452 453
v 1282.0790 -119.1969 264.6783
v 1257.7940 -118.1788 264.6831
v 1286.9688 -111.0171 264.6774
f 454 455 456
v 1298.9767 -106.1172 264.6751
v 1295.4307 -98.3039 264.6759
v 1301.4629 -101.9620 264.6746
f 457 458 459
v 1298.9767 -106.1172 264.6751
v 1301.4629 -101.9620 264.6746
v 1303.8759 -103.4245 264.6741
f 460 461 462
v 1308.0620 -105.9637 264.6732
v 1303.9981 -108.9167 264.6740
v 1303.8759 -103.4245 264.6741
f 463 464 465
v 1297.7553 -108.1600 264.6753
v 1295.8267 -111.3848 264.6756
v 1292.6927 -109.5114 264.6763
f 466 467 468
v 1298.9767 -106.1172 264.6751
v 1297.7553 -108.1600 264.6753
v 1295.4307 -98.3039 264.6759
f 469 470 471
v 1308.0620 -105.9637 264.6732
v 1305.6734 -109.9172 264.6737
v 1303.9981 -108.9167 264.6740
f 472 473 474
v 1298.9767 -106.1172 264.6751
v 1303.9981 -108.9167 264.6740
v 1303.9088 -109.0665 264.6740
f 475 476 477
v 1303.9981 -108.9167 264.6740
v 1298.9767 -106.1172 264.6751
v 1303.8759 -103.4245 264.6741
f 478 479 480
v 1301.4650 -101.9620 274.9243
v 1295.4334 -98.3038 277.0115
v 1301.4655 -101.9619 277.0102
f 481 482 483
v 1295.4307 -98.3039 264.6759
v 1295.4334 -98.3038 277.0115
v 1301.4650 -101.9620 274.9243
f 484 485 486
v 1301.4650 -101.9620 274.9243
v 1301.4629 -101.9620 264.6746
v 1295.4307 -98.3039 264.6759
f 487 488 489
v 1303.8759 -103.4245 264.6741
v 1301.4629 -101.9620 264.6746
v 1301.4650 -101.9620 274.9243
f 490 491 492
v 1308.0653 -105.9635 279.6637
v 1303.8781 -103.4244 274.9237
v 1303.8791 -103.4244 279.6646
f 493 494 495
v 1308.0620 -105.9637 264.6732
v 1303.8781 -103.4244 274.9237
v 1308.0653 -105.9635 279.6637
f 496 497 498
v 1303.8781 -103.4244 274.9237
v 1308.0620 -105.9637 264.6732
v 1303.8759 -103.4245 264.6741
f 499 500 501
v 1281.3155 -98.3280 277.0144
v 1297.7588 -108.1598 280.8027
v 1297.7579 -108.1599 277.0109
f 502 503 504
v 1268.2752 -120.1408 277.0166
v 1281.3163 -98.3279 280.8063
v 1281.3155 -98.3280 277.0144
f 505 506 507
v 1277.8032 -125.8393 264.6790
v 1281.4729 -128.0321 277.0138
v 1277.8058 -125.8403 277.0146
f 508 509 510
v 1282.0790 -119.1969 264.6783
v 1285.5248 -121.2559 280.8049
v 1285.5214 -121.2561 264.6775
f 511 512 513
v 1295.8267 -111.3848 264.6756
v 1292.6962 -109.5113 280.8037
v 1292.6927 -109.5114 264.6763
f 514 515 516
v 1276.6111 -87.0507 264.6800
v 1295.4334 -98.3038 277.0115
v 1295.4307 -98.3039 264.6759
f 517 518 519
v 1257.7940 -118.1788 264.6831
v 1276.6137 -87.0505 277.0155
v 1276.6111 -87.0507 264.6800
f 520 521 522
v 1275.8565 -129.0980 264.6793
v 1257.7966 -118.1787 277.0187
v 1257.7940 -118.1788 264.6831
f 523 524 525
v 1277.8058 -125.8403 277.0146
v 1275.8591 -129.0980 277.0149
v 1275.8565 -129.0980 264.6793
f 526 527 528
v 1285.5248 -121.2559 280.8049
v 1281.4737 -128.0320 280.8056
v 1281.4729 -128.0321 277.0138
f 529 530 531
v 1285.5214 -121.2561 264.6775
v 1281.4729 -128.0321 277.0138
v 1281.4703 -128.0321 264.6782
f 532 533 534
v 1286.9688 -111.0171 264.6774
v 1282.0823 -119.1967 280.8057
v 1282.0790 -119.1969 264.6783
f 535 536 537
v 1290.5221 -113.1415 264.6767
v 1286.9722 -111.0169 280.8048
v 1286.9688 -111.0171 264.6774
f 538 539 540
v 1292.6962 -109.5113 280.8037
v 1290.5255 -113.1415 280.8041
v 1290.5221 -113.1415 264.6767
f 541 542 543
v 1262.3199 -114.6849 277.0179
v 1265.2888 -109.7199 280.0513
v 1265.2882 -109.7199 277.0174
f 544 545 546
v 1265.8133 -116.7742 277.0172
v 1262.3205 -114.6849 280.0518
v 1262.3199 -114.6849 277.0179
f 547 548 549
v 1268.7815 -111.8082 277.0167
v 1265.8139 -116.7742 280.0511
v 1265.8133 -116.7742 277.0172
f 550 551 552
v 1265.2882 -109.7199 277.0174
v 1268.7821 -111.8082 280.0506
v 1268.7815 -111.8082 277.0167
f 553 554 555
v 1272.9169 -96.9625 280.0500
v 1276.4112 -99.0518 280.0492
v 1279.2419 -94.3154 280.0488
f 556 557 558
v 1272.9163 -96.9625 277.0161
v 1275.7475 -92.2261 280.0495
v 1275.7469 -92.2261 277.0156
f 559 560 561
v 1276.4106 -99.0519 277.0153
v 1272.9169 -96.9625 280.0500
v 1272.9163 -96.9625 277.0161
f 562 563 564
v 1279.2413 -94.3155 277.0149
v 1276.4112 -99.0518 280.0492
v 1276.4106 -99.0519 277.0153
f 565 566 567
v 1275.7469 -92.2261 277.0156
v 1279.2419 -94.3154 280.0488
v 1279.2413 -94.3155 277.0149
f 568 569 570
v 1301.4914 -107.4159 279.6651
v 1303.8791 -103.4244 279.6646
v 1303.8781 -103.4244 274.9237
f 571 572 573
v 1308.0620 -105.9637 264.6732
v 1305.6767 -109.9171 279.6642
v 1305.6734 -109.9172 264.6737
f 574 575 576
v 1303.9981 -108.9167 264.6740
v 1303.9110 -109.0664 274.9236
v 1303.9088 -109.0665 264.6740
f 577 578 579
v 1298.9800 -106.1172 274.9247
v 1298.9767 -106.1172 264.6751
v 1303.9088 -109.0665 264.6740
f 580 581 582
v 1298.9800 -106.1172 274.9247
v 1301.4655 -101.9619 277.0102
v 1297.7579 -108.1599 277.0109
f 583 584 585
v 1295.8301 -111.3847 280.8030
v 1295.8267 -111.3848 264.6756
v 1297.7579 -108.1599 277.0109
f 586 587 588
v 1297.7579 -108.1599 277.0109
v 1295.8267 -111.3848 264.6756
v 1297.7553 -108.1600 264.6753
f 589 590 591
v 1303.8759 -103.4245 264.6741
v 1301.4650 -101.9620 274.9243
v 1303.8781 -103.4244 274.9237
f 592 593 594

g building_ID_68CC1AD9-65C7-4200-B495-F2A07D2FC83E
v 1183.3287 -130.6460 280.3986
v 1199.5995 -132.1506 280.3955
v 1187.0390 -124.5300 280.3981
f 595 596 597
v 1211.3331 -125.5392 280.3934
v 1199.5995 -132.1506 280.3955
v 1201.5429 -141.6808 280.3950
f 598 599 600
v 1183.3287 -130.6460 280.3986
v 1201.5429 -141.6808 280.3950
v 1199.5995 -132.1506 280.3955
f 601 602 603
v 1205.6863 -122.1140 280.3946
v 1199.5995 -132.1506 280.3955
v 1211.3331 -125.5392 280.3934
f 604 605 606
v 1211.3331 -125.5392 280.3934
v 1210.9649 -126.1462 277.3596
v 1211.3324 -125.5391 277.3595
f 607 608 609
v 1210.9649 -126.1462 277.3596
v 1211.3331 -125.5392 280.3934
v 1201.5414 -141.6808 277.5171
f 610 611 612
v 1201.5429 -141.6808 280.3950
v 1201.5414 -141.6808 277.5171
v 1211.3331 -125.5392 280.3934
f 613 614 615
v 1210.9648 -126.1462 276.9786
v 1210.9649 -126.1462 277.3596
v 1201.5414 -141.6808 277.5171
f 616 617 618
v 1205.6856 -122.1141 276.9588
v 1205.6863 -122.1140 280.3946
v 1207.4887 -123.2079 276.9584
f 619 620 621
v 1211.3331 -125.5392 280.3934
v 1207.4887 -123.2079 276.9584
v 1205.6863 -122.1140 280.3946
f 622 623 624
v 1211.3324 -125.5391 277.3595
v 1211.3095 -125.5251 277.3596
v 1211.3331 -125.5392 280.3934
f 625 626 627
v 1207.4887 -123.2079 276.9584
v 1211.3331 -125.5392 280.3934
v 1211.3095 -125.5251 277.3596
f 628 629 630
v 1207.4887 -123.2079 276.9584
v 1211.3095 -125.5251 277.3596
v 1211.3095 -125.5251 276.9576
f 631 632 633
v 1205.6856 -122.1141 276.9588
v 1199.5989 -132.1507 277.3066
v 1199.5995 -132.1506 280.3955
f 634 635 636
v 1199.5995 -132.1506 280.3955
v 1205.6863 -122.1140 280.3946
v 1205.6856 -122.1141 276.9588
f 637 638 639
v 1192.4766 -127.8297 277.3082
v 1187.0385 -124.5301 277.3092
v 1187.0390 -124.5300 280.3981
f 640 641 642
v 1199.5989 -132.1507 277.3066
v 1192.4766 -127.8297 277.3082
v 1199.5995 -132.1506 280.3955
f 643 644 645
v 1187.0390 -124.5300 280.3981
v 1199.5995 -132.1506 280.3955
v 1192.4766 -127.8297 277.3082
f 646 647 648
v 1213.9549 -121.1633 265.8115
v 1213.9570 -121.1633 276.8062
v 1213.9147 -121.2292 265.8115
f 649 650 651
v 1195.7656 -110.1377 265.8153
v 1195.7678 -110.1376 276.8099
v 1213.9570 -121.1633 276.8062
f 652 653 654
v 1219.2546 -124.3734 277.9711
v 1216.2230 -122.7423 277.9717
v 1219.1652 -124.5212 277.9711
f 655 656 657
v 1216.2230 -122.7423 277.9717
v 1219.2546 -124.3734 277.9711
v 1216.3144 -122.5916 277.9717
f 658 659 660
v 1216.3119 -122.5917 265.8271
v 1216.3144 -122.5916 277.9717
v 1219.2546 -124.3734 277.9711
f 661 662 663
v 1216.2708 -122.6585 265.8271
v 1219.2522 -124.3735 265.8265
v 1219.2110 -124.4423 265.8265
f 664 665 666
v 1219.2522 -124.3735 265.8265
v 1216.2708 -122.6585 265.8271
v 1216.3119 -122.5917 265.8271
f 667 668 669
v 1216.2229 -122.7423 277.3587
v 1216.2230 -122.7423 277.9717
v 1216.2731 -122.6585 277.3587
f 670 671 672
v 1216.3144 -122.5916 277.9717
v 1216.2731 -122.6585 277.3587
v 1216.2230 -122.7423 277.9717
f 673 674 675
v 1216.3119 -122.5917 265.8271
v 1216.2731 -122.6585 277.3587
v 1216.3144 -122.5916 277.9717
f 676 677 678
v 1216.2731 -122.6585 277.3587
v 1216.3119 -122.5917 265.8271
v 1216.2708 -122.6585 265.8271
f 679 680 681
v 1219.1651 -124.5211 277.3581
v 1219.1652 -124.5212 277.9711
v 1216.2230 -122.7423 277.9717
f 682 683 684
v 1219.2110 -124.4423 265.8265
v 1219.2522 -124.3735 265.8265
v 1219.2132 -124.4423 276.8071
f 685 686 687
v 1219.2546 -124.3734 277.9711
v 1219.2132 -124.4423 276.8071
v 1219.2522 -124.3735 265.8265
f 688 689 690
v 1219.1651 -124.5211 277.3581
v 1219.2133 -124.4423 277.3581
v 1219.1652 -124.5212 277.9711
f 691 692 693
v 1219.2546 -124.3734 277.9711
v 1219.1652 -124.5212 277.9711
v 1219.2133 -124.4423 277.3581
f 694 695 696
v 1219.2546 -124.3734 277.9711
v 1219.2133 -124.4423 277.3581
v 1219.2132 -124.4423 276.8071
f 697 698 699
v 1218.4596 -151.9300 281.7194
v 1234.9335 -133.9773 281.7167
v 1230.8512 -131.5014 281.7175
f 700 701 702
v 1234.9335 -133.9773 281.7167
v 1218.4596 -151.9300 281.7194
v 1222.5439 -154.4039 281.7186
f 703 704 705
v 1234.9303 -133.9773 265.8073
v 1234.9335 -133.9773 281.7167
v 1222.5439 -154.4039 281.7186
f 706 707 708
v 1218.4587 -151.9300 277.5116
v 1218.4596 -151.9300 281.7194
v 1227.8762 -136.4033 277.3562
f 709 710 711
v 1230.8512 -131.5014 281.7175
v 1227.8762 -136.4033 277.3562
v 1218.4596 -151.9300 281.7194
f 712 713 714
v 1227.8761 -136.4033 276.9742
v 1218.4587 -151.9300 277.5116
v 1227.8762 -136.4033 277.3562
f 715 716 717
v 1230.8512 -131.5014 281.7175
v 1230.8502 -131.5014 277.3557
v 1227.8762 -136.4033 277.3562
f 718 719 720
v 1211.3095 -125.5251 276.9576
v 1211.3095 -125.5251 277.3596
v 1213.9170 -121.2291 277.3591
f 721 722 723
v 1211.3324 -125.5391 277.3595
v 1216.2229 -122.7423 277.3587
v 1213.9170 -121.2291 277.3591
f 724 725 726
v 1211.3095 -125.5251 277.3596
v 1211.3324 -125.5391 277.3595
v 1213.9170 -121.2291 277.3591
f 727 728 729
v 1216.2229 -122.7423 277.3587
v 1216.2731 -122.6585 277.3587
v 1213.9170 -121.2291 277.3591
f 730 731 732
v 1227.8762 -136.4033 277.3562
v 1211.3324 -125.5391 277.3595
v 1210.9649 -126.1462 277.3596
f 733 734 735
v 1216.2229 -122.7423 277.3587
v 1211.3324 -125.5391 277.3595
v 1219.1651 -124.5211 277.3581
f 736 737 738
v 1227.8762 -136.4033 277.3562
v 1219.1651 -124.5211 277.3581
v 1211.3324 -125.5391 277.3595
f 739 740 741
v 1230.8502 -131.5014 277.3557
v 1219.2133 -124.4423 277.3581
v 1219.1651 -124.5211 277.3581
f 742 743 744
v 1227.8762 -136.4033 277.3562
v 1230.8502 -131.5014 277.3557
v 1219.1651 -124.5211 277.3581
f 745 746 747
v 1215.0021 -128.5950 276.9768
v 1227.8761 -136.4033 276.9742
v 1227.8762 -136.4033 277.3562
f 748 749 750
v 1210.9648 -126.1462 276.9786
v 1215.0021 -128.5950 276.9768
v 1210.9649 -126.1462 277.3596
f 751 752 753
v 1227.8762 -136.4033 277.3562
v 1210.9649 -126.1462 277.3596
v 1215.0021 -128.5950 276.9768
f 754 755 756
v 1227.8761 -136.4033 276.9742
v 1215.0021 -128.5950 276.9768
v 1218.4368 -151.9159 277.5116
f 757 758 759
v 1210.9648 -126.1462 276.9786
v 1201.5414 -141.6808 277.5171
v 1215.0021 -128.5950 276.9768
f 760 761 762
v 1227.8761 -136.4033 276.9742
v 1218.4368 -151.9159 277.5116
v 1218.4587 -151.9300 277.5116
f 763 764 765
v 1215.0021 -128.5950 276.9768
v 1201.5414 -141.6808 277.5171
v 1218.4368 -151.9159 277.5116
f 766 767 768
v 1187.0385 -124.5301 277.3092
v 1183.3281 -130.6461 277.5207
v 1183.3287 -130.6460 280.3986
f 769 770 771
v 1183.3281 -130.6461 277.5207
v 1187.0362 -124.5302 265.8166
v 1183.3258 -130.6462 265.8172
f 772 773 774
v 1187.0390 -124.5300 280.3981
v 1187.0385 -124.5301 277.3092
v 1183.3287 -130.6460 280.3986
f 775 776 777
v 1195.7656 -110.1377 265.8153
v 1187.0385 -124.5301 277.3092
v 1195.7678 -110.1376 276.8099
f 778 779 780
v 1187.0385 -124.5301 277.3092
v 1195.7656 -110.1377 265.8153
v 1187.0362 -124.5302 265.8166
f 781 782 783
v 1183.3281 -130.6461 277.5207
v 1187.0385 -124.5301 277.3092
v 1187.0362 -124.5302 265.8166
f 784 785 786
v 1187.0362 -124.5302 265.8166
v 1201.5400 -141.6808 265.8135
v 1183.3258 -130.6462 265.8172
f 787 788 789
v 1234.9303 -133.9773 265.8073
v 1222.5407 -154.4039 265.8092
v 1221.5942 -153.8303 265.8094
f 790 791 792
v 1233.4356 -133.0713 265.8076
v 1221.5942 -153.8303 265.8094
v 1218.4344 -151.9159 265.8100
f 793 794 795
v 1201.5400 -141.6808 265.8135
v 1213.9147 -121.2292 265.8115
v 1218.4344 -151.9159 265.8100
f 796 797 798
v 1213.9147 -121.2292 265.8115
v 1187.0362 -124.5302 265.8166
v 1195.7656 -110.1377 265.8153
f 799 800 801
v 1213.9549 -121.1633 265.8115
v 1213.9147 -121.2292 265.8115
v 1195.7656 -110.1377 265.8153
f 802 803 804
v 1218.4344 -151.9159 265.8100
v 1213.9147 -121.2292 265.8115
v 1230.8479 -131.5014 265.8081
f 805 806 807
v 1230.8479 -131.5014 265.8081
v 1233.4356 -133.0713 265.8076
v 1218.4344 -151.9159 265.8100
f 808 809 810
v 1233.4356 -133.0713 265.8076
v 1234.9303 -133.9773 265.8073
v 1221.5942 -153.8303 265.8094
f 811 812 813
v 1201.5400 -141.6808 265.8135
v 1187.0362 -124.5302 265.8166
v 1213.9147 -121.2292 265.8115
f 814 815 816
v 1207.4887 -123.2079 276.9584
v 1213.9570 -121.1633 276.8062
v 1205.6856 -122.1141 276.9588
f 817 818 819
v 1195.7678 -110.1376 276.8099
v 1205.6856 -122.1141 276.9588
v 1213.9570 -121.1633 276.8062
f 820 821 822
v 1211.3095 -125.5251 276.9576
v 1213.9169 -121.2291 276.8082
v 1207.4887 -123.2079 276.9584
f 823 824 825
v 1213.9570 -121.1633 276.8062
v 1207.4887 -123.2079 276.9584
v 1213.9169 -121.2291 276.8082
f 826 827 828
v 1192.4766 -127.8297 277.3082
v 1195.7678 -110.1376 276.8099
v 1187.0385 -124.5301 277.3092
f 829 830 831
v 1199.5989 -132.1507 277.3066
v 1205.6856 -122.1141 276.9588
v 1192.4766 -127.8297 277.3082
f 832 833 834
v 1195.7678 -110.1376 276.8099
v 1192.4766 -127.8297 277.3082
v 1205.6856 -122.1141 276.9588
f 835 836 837
v 1213.9147 -121.2292 265.8115
v 1213.9169 -121.2291 276.8082
v 1216.2708 -122.6585 265.8271
f 838 839 840
v 1216.2731 -122.6585 277.3587
v 1216.2708 -122.6585 265.8271
v 1213.9169 -121.2291 276.8082
f 841 842 843
v 1219.2110 -124.4423 265.8265
v 1213.9147 -121.2292 265.8115
v 1216.2708 -122.6585 265.8271
f 844 845 846
v 1230.8502 -131.5014 277.3557
v 1230.8479 -131.5014 265.8081
v 1219.2132 -124.4423 276.8071
f 847 848 849
v 1230.8502 -131.5014 277.3557
v 1230.8512 -131.5014 281.7175
v 1234.9335 -133.9773 281.7167
f 850 851 852
v 1234.9303 -133.9773 265.8073
v 1230.8502 -131.5014 277.3557
v 1234.9335 -133.9773 281.7167
f 853 854 855
v 1213.9147 -121.2292 265.8115
v 1219.2110 -124.4423 265.8265
v 1230.8479 -131.5014 265.8081
f 856 857 858
v 1219.2110 -124.4423 265.8265
v 1219.2132 -124.4423 276.8071
v 1230.8479 -131.5014 265.8081
f 859 860 861
v 1233.4356 -133.0713 265.8076
v 1230.8479 -131.5014 265.8081
v 1230.8502 -131.5014 277.3557
f 862 863 864
v 1233.4356 -133.0713 265.8076
v 1230.8502 -131.5014 277.3557
v 1234.9303 -133.9773 265.8073
f 865 866 867
v 1219.2133 -124.4423 277.3581
v 1230.8502 -131.5014 277.3557
v 1219.2132 -124.4423 276.8071
f 868 869 870
v 1218.4587 -151.9300 277.5116
v 1222.5439 -154.4039 281.7186
v 1218.4596 -151.9300 281.7194
f 871 872 873
v 1222.5407 -154.4039 265.8092
v 1222.5439 -154.4039 281.7186
v 1218.4587 -151.9300 277.5116
f 874 875 876
v 1218.4587 -151.9300 277.5116
v 1221.5942 -153.8303 265.8094
v 1222.5407 -154.4039 265.8092
f 877 878 879
v 1218.4344 -151.9159 265.8100
v 1221.5942 -153.8303 265.8094
v 1218.4587 -151.9300 277.5116
f 880 881 882
v 1183.3287 -130.6460 280.3986
v 1201.5414 -141.6808 277.5171
v 1201.5429 -141.6808 280.3950
f 883 884 885
v 1201.5414 -141.6808 277.5171
v 1183.3287 -130.6460 280.3986
v 1183.3281 -130.6461 277.5207
f 886 887 888
v 1183.3258 -130.6462 265.8172
v 1201.5414 -141.6808 277.5171
v 1183.3281 -130.6461 277.5207
f 889 890 891
v 1218.4587 -151.9300 277.5116
v 1218.4368 -151.9159 277.5116
v 1218.4344 -151.9159 265.8100
f 892 893 894
v 1201.5400 -141.6808 265.8135
v 1218.4344 -151.9159 265.8100
v 1218.4368 -151.9159 277.5116
f 895 896 897
v 1201.5414 -141.6808 277.5171
v 1201.5400 -141.6808 265.8135
v 1218.4368 -151.9159 277.5116
f 898 899 900
v 1201.5400 -141.6808 265.8135
v 1201.5414 -141.6808 277.5171
v 1183.3258 -130.6462 265.8172
f 901 902 903
v 1213.9570 -121.1633 276.8062
v 1213.9169 -121.2291 276.8082
v 1213.9147 -121.2292 265.8115
f 904 905 906
v 1195.7656 -110.1377 265.8153
v 1213.9570 -121.1633 276.8062
v 1213.9549 -121.1633 265.8115
f 907 908 909
v 1216.3119 -122.5917 265.8271
v 1219.2546 -124.3734 277.9711
v 1219.2522 -124.3735 265.8265
f 910 911 912
v 1219.1651 -124.5211 277.3581
v 1216.2230 -122.7423 277.9717
v 1216.2229 -122.7423 277.3587
f 913 914 915
v 1234.9303 -133.9773 265.8073
v 1222.5439 -154.4039 281.7186
v 1222.5407 -154.4039 265.8092
f 916 917 918
v 1211.3095 -125.5251 276.9576
v 1213.9170 -121.2291 277.3591
v 1213.9169 -121.2291 276.8082
f 919 920 921
v 1213.9169 -121.2291 276.8082
v 1213.9170 -121.2291 277.3591
v 1216.2731 -122.6585 277.3587
f 922 923 924

g building_ID_F39E8F0B-7785-47BE-905B-0C682F5D7914
v 1215.4550 -189.4024 265.7975
v 1225.0582 -173.5713 265.7962
v 1230.3306 -198.4261 265.7944
f 925 926 927
v 1239.9289 -182.5910 265.7930
v 1230.3306 -198.4261 265.7944
v 1225.0582 -173.5713 265.7962
f 928 929 930
v 1215.4567 -189.4024 274.1443
v 1239.9306 -182.5912 274.1397
v 1225.0600 -173.5713 274.1429
f 931 932 933
v 1239.9306 -182.5912 274.1397
v 1215.4567 -189.4024 274.1443
v 1230.3323 -198.4262 274.1411
f 934 935 936
v 1225.0582 -173.5713 265.7962
v 1225.0600 -173.5713 274.1429
v 1239.9306 -182.5912 274.1397
f 937 938 939
v 1225.0600 -173.5713 274.1429
v 1215.4550 -189.4024 265.7975
v 1215.4567 -189.4024 274.1443
f 940 941 942
v 1215.4550 -189.4024 265.7975
v 1225.0600 -173.5713 274.1429
v 1225.0582 -173.5713 265.7962
f 943 944 945
v 1230.3306 -198.4261 265.7944
v 1230.3323 -198.4262 274.1411
v 1215.4567 -189.4024 274.1443
f 946 947 948
v 1239.9306 -182.5912 274.1397
v 1230.3306 -198.4261 265.7944
v 1239.9289 -182.5910 265.7930
f 949 950 951
v 1230.3323 -198.4262 274.1411
v 1230.3306 -198.4261 265.7944
v 1239.9306 -182.5912 274.1397
f 952 953 954
v 1225.0582 -173.5713 265.7962
v 1239.9306 -182.5912 274.1397
v 1239.9289 -182.5910 265.7930
f 955 956 957
v 1230.3306 -198.4261 265.7944
v 1215.4567 -189.4024 274.1443
v 1215.4550 -189.4024 265.7975
f 958 959 960

g building_ID_338E6C01-6D5B-4325-A17A-7BC5EAC35256
v 1174.0017 -268.4503 265.4194
v 1169.0217 -276.6948 265.4200
v 1162.1499 -272.5445 265.4214
f 961 962 963
v 1213.7564 -245.2202 265.4129
v 1203.2740 -286.1295 265.4131
v 1174.0017 -268.4503 265.4194
f 964 965 966
v 1174.0017 -268.4503 265.4194
v 1162.1499 -272.5445 265.4214
v 1188.0343 -229.6864 265.4183
f 967 968 969
v 1174.0017 -268.4503 265.4194
v 1188.0343 -229.6864 265.4183
v 1213.7564 -245.2202 265.4129
f 970 971 972
v 1213.7564 -245.2202 265.4129
v 1214.9878 -243.1814 265.4128
v 1225.4108 -249.4752 265.4105
f 973 974 975
v 1203.2740 -286.1295 265.4131
v 1213.7564 -245.2202 265.4129
v 1225.4108 -249.4752 265.4105
f 976 977 978
v 1174.0033 -268.4504 273.4611
v 1213.7580 -245.2202 273.4546
v 1188.0359 -229.6865 273.4601
f 979 980 981
v 1213.7580 -245.2202 273.4546
v 1225.4125 -249.4755 273.4522
v 1214.9895 -243.1816 273.4545
f 982 983 984
v 1225.4125 -249.4755 273.4522
v 1213.7580 -245.2202 273.4546
v 1203.2755 -286.1296 273.4549
f 985 986 987
v 1174.0033 -268.4504 273.4611
v 1162.1514 -272.5447 273.4631
v 1169.0232 -276.6950 273.4617
f 988 989 990
v 1213.7580 -245.2202 273.4546
v 1174.0033 -268.4504 273.4611
v 1203.2755 -286.1296 273.4549
f 991 992 993
v 1188.0359 -229.6865 273.4601
v 1162.1514 -272.5447 273.4631
v 1174.0033 -268.4504 273.4611
f 994 995 996
v 1169.0217 -276.6948 265.4200
v 1169.0232 -276.6950 273.4617
v 1162.1514 -272.5447 273.4631
f 997 998 999
v 1174.0017 -268.4503 265.4194
v 1174.0033 -268.4504 273.4611
v 1169.0232 -276.6950 273.4617
f 1000 1001 1002
v 1203.2740 -286.1295 265.4131
v 1203.2755 -286.1296 273.4549
v 1174.0033 -268.4504 273.4611
f 1003 1004 1005
v 1225.4108 -249.4752 265.4105
v 1225.4125 -249.4755 273.4522
v 1203.2755 -286.1296 273.4549
f 1006 1007 1008
v 1214.9878 -243.1814 265.4128
v 1214.9895 -243.1816 273.4545
v 1225.4125 -249.4755 273.4522
f 1009 1010 1011
v 1213.7564 -245.2202 265.4129
v 1213.7580 -245.2202 273.4546
v 1214.9895 -243.1816 273.4545
f 1012 1013 1014
v 1188.0343 -229.6864 265.4183
v 1188.0359 -229.6865 273.4601
v 1213.7580 -245.2202 273.4546
f 1015 1016 1017
v 1162.1499 -272.5445 265.4214
v 1162.1514 -272.5447 273.4631
v 1188.0359 -229.6865 273.4601
f 1018 1019 1020
v 1169.0217 -276.6948 265.4200
v 1162.1514 -272.5447 273.4631
v 1162.1499 -272.5445 265.4214
f 1021 1022 1023
v 1174.0017 -268.4503 265.4194
v 1169.0232 -276.6950 273.4617
v 1169.0217 -276.6948 265.4200
f 1024 1025 1026
v 1203.2740 -286.1295 265.4131
v 1174.0033 -268.4504 273.4611
v 1174.0017 -268.4503 265.4194
f 1027 1028 1029
v 1225.4108 -249.4752 265.4105
v 1203.2755 -286.1296 273.4549
v 1203.2740 -286.1295 265.4131
f 1030 1031 1032
v 1214.9878 -243.1814 265.4128
v 1225.4125 -249.4755 273.4522
v 1225.4108 -249.4752 265.4105
f 1033 1034 1035
v 1213.7564 -245.2202 265.4129
v 1214.9895 -243.1816 273.4545
v 1214.9878 -243.1814 265.4128
f 1036 1037 1038
v 1188.0343 -229.6864 265.4183
v 1213.7580 -245.2202 273.4546
v 1213.7564 -245.2202 265.4129
f 1039 1040 1041
v 1162.1499 -272.5445 265.4214
v 1188.0359 -229.6865 273.4601
v 1188.0343 -229.6864 265.4183
f 1042 1043 1044

g building_ID_01F61A01-C124-4C7B-B940-3AE8BD85CB6C
v 1277.8654 -262.8046 265.2786
v 1284.9253 -266.9175 265.2770
v 1284.8470 -267.0463 265.2770
f 1045 1046 1047
v 1277.8654 -262.8046 265.2786
v 1289.8280 -259.5627 265.2763
v 1284.9253 -266.9175 265.2770
f 1048 1049 1050
v 1285.2318 -267.1043 265.2770
v 1284.9253 -266.9175 265.2770
v 1289.8280 -259.5627 265.2763
f 1051 1052 1053
v 1278.0884 -262.4392 265.2786
v 1294.2111 -252.3836 265.2757
v 1289.8280 -259.5627 265.2763
f 1054 1055 1056
v 1289.8280 -259.5627 265.2763
v 1277.8654 -262.8046 265.2786
v 1278.0884 -262.4392 265.2786
f 1057 1058 1059
v 1267.8733 -236.3922 265.2816
v 1278.0884 -262.4392 265.2786
v 1259.0486 -250.8694 265.2828
f 1060 1061 1062
v 1278.0884 -262.4392 265.2786
v 1267.8733 -236.3922 265.2816
v 1294.2111 -252.3836 265.2757
f 1063 1064 1065
v 1284.9285 -266.9177 280.2585
v 1285.2350 -267.1046 280.2585
v 1289.8320 -259.5631 284.2826
f 1066 1067 1068
v 1283.1050 -265.9859 280.1889
v 1284.9285 -266.9177 280.2585
v 1289.8320 -259.5631 284.2826
f 1069 1070 1071
v 1283.1050 -265.9859 280.1889
v 1284.8501 -267.0466 280.1895
v 1284.9285 -266.9177 280.2585
f 1072 1073 1074
v 1277.8686 -262.8049 280.1851
v 1283.1050 -265.9859 280.1889
v 1289.8320 -259.5631 284.2826
f 1075 1076 1077
v 1278.0916 -262.4395 280.3811
v 1277.8686 -262.8049 280.1851
v 1289.8320 -259.5631 284.2826
f 1078 1079 1080
v 1278.0916 -262.4395 280.3811
v 1289.8320 -259.5631 284.2826
v 1258.3859 -250.4648 280.3705
f 1081 1082 1083
v 1255.3816 -238.5639 284.2904
v 1258.3859 -250.4648 280.3705
v 1289.8320 -259.5631 284.2826
f 1084 1085 1086
v 1267.1407 -235.9455 280.4733
v 1267.2170 -235.8196 280.4053
v 1255.3816 -238.5639 284.2904
f 1087 1088 1089
v 1294.2143 -252.3838 280.4422
v 1267.1407 -235.9455 280.4733
v 1289.8320 -259.5631 284.2826
f 1090 1091 1092
v 1255.3816 -238.5639 284.2904
v 1289.8320 -259.5631 284.2826
v 1267.1407 -235.9455 280.4733
f 1093 1094 1095
v 1277.8686 -262.8049 280.1851
v 1278.0884 -262.4392 265.2786
v 1277.8654 -262.8046 265.2786
f 1096 1097 1098
v 1278.0884 -262.4392 265.2786
v 1277.8686 -262.8049 280.1851
v 1278.0916 -262.4395 280.3811
f 1099 1100 1101
v 1284.8470 -267.0463 265.2770
v 1284.8501 -267.0466 280.1895
v 1283.1050 -265.9859 280.1889
f 1102 1103 1104
v 1277.8686 -262.8049 280.1851
v 1277.8654 -262.8046 265.2786
v 1284.8470 -267.0463 265.2770
f 1105 1106 1107
v 1284.9253 -266.9175 265.2770
v 1284.9285 -266.9177 280.2585
v 1284.8470 -267.0463 265.2770
f 1108 1109 1110
v 1284.8501 -267.0466 280.1895
v 1284.8470 -267.0463 265.2770
v 1284.9285 -266.9177 280.2585
f 1111 1112 1113
v 1285.2318 -267.1043 265.2770
v 1285.2350 -267.1046 280.2585
v 1284.9285 -266.9177 280.2585
f 1114 1115 1116
v 1267.1374 -235.9453 264.8999
v 1267.8732 -236.3922 264.8997
v 1259.0485 -250.8694 264.9008
f 1117 1118 1119
v 1250.8969 -245.9156 264.9027
v 1267.1374 -235.9453 264.8999
v 1259.0485 -250.8694 264.9008
f 1120 1121 1122
v 1268.4318 -217.1490 264.9003
v 1267.1374 -235.9453 264.8999
v 1258.0924 -217.7253 264.9023
f 1123 1124 1125
v 1243.6588 -241.5173 264.9043
v 1267.1374 -235.9453 264.8999
v 1250.8969 -245.9156 264.9027
f 1126 1127 1128
v 1267.1374 -235.9453 264.8999
v 1243.6588 -241.5173 264.9043
v 1258.0924 -217.7253 264.9023
f 1129 1130 1131
v 1258.8323 -211.0243 264.9024
v 1264.4780 -214.4634 264.9012
v 1255.6733 -216.2568 264.9029
f 1132 1133 1134
v 1258.0924 -217.7253 264.9023
v 1264.4780 -214.4634 264.9012
v 1264.3514 -214.6721 264.9012
f 1135 1136 1137
v 1268.4318 -217.1490 264.9003
v 1270.5553 -218.4376 264.8998
v 1267.1374 -235.9453 264.8999
f 1138 1139 1140
v 1264.3514 -214.6721 264.9012
v 1268.4318 -217.1490 264.9003
v 1258.0924 -217.7253 264.9023
f 1141 1142 1143
v 1270.5553 -218.4376 264.8998
v 1270.6768 -218.2379 264.8998
v 1275.9451 -221.4470 264.8987
f 1144 1145 1146
v 1275.9451 -221.4470 264.8987
v 1267.1374 -235.9453 264.8999
v 1270.5553 -218.4376 264.8998
f 1147 1148 1149
v 1258.0924 -217.7253 264.9023
v 1255.6733 -216.2568 264.9029
v 1264.4780 -214.4634 264.9012
f 1150 1151 1152
v 1247.2709 -235.5692 280.4122
v 1243.6620 -241.5175 280.4197
v 1250.9009 -245.9159 284.2910
f 1153 1154 1155
v 1255.3816 -238.5639 284.2904
v 1247.2709 -235.5692 280.4122
v 1250.9009 -245.9159 284.2910
f 1156 1157 1158
v 1268.4359 -217.1491 284.2886
v 1258.0956 -217.7254 280.3907
v 1254.4756 -223.6936 280.3982
f 1159 1160 1161
v 1247.2709 -235.5692 280.4122
v 1255.3816 -238.5639 284.2904
v 1254.4756 -223.6936 280.3982
f 1162 1163 1164
v 1268.4359 -217.1491 284.2886
v 1254.4756 -223.6936 280.3982
v 1255.3816 -238.5639 284.2904
f 1165 1166 1167
v 1264.3551 -214.6723 282.1066
v 1264.4816 -214.4635 282.1066
v 1258.0956 -217.7254 280.3907
f 1168 1169 1170
v 1258.8353 -211.0244 279.0849
v 1255.6763 -216.2570 279.0974
v 1264.4816 -214.4635 282.1066
f 1171 1172 1173
v 1258.0956 -217.7254 280.3907
v 1264.4816 -214.4635 282.1066
v 1255.6763 -216.2570 279.0974
f 1174 1175 1176
v 1268.4359 -217.1491 284.2886
v 1264.3551 -214.6723 282.1066
v 1258.0956 -217.7254 280.3907
f 1177 1178 1179
v 1264.4816 -214.4635 282.1066
v 1258.8323 -211.0243 264.9024
v 1258.8353 -211.0244 279.0849
f 1180 1181 1182
v 1255.6763 -216.2570 279.0974
v 1258.8353 -211.0244 279.0849
v 1258.8323 -211.0243 264.9024
f 1183 1184 1185
v 1255.6733 -216.2568 264.9029
v 1255.6763 -216.2570 279.0974
v 1258.8323 -211.0243 264.9024
f 1186 1187 1188
v 1255.6733 -216.2568 264.9029
v 1258.0924 -217.7253 264.9023
v 1255.6763 -216.2570 279.0974
f 1189 1190 1191
v 1243.6602 -241.5174 271.6920
v 1243.6620 -241.5175 280.4197
v 1247.2709 -235.5692 280.4122
f 1192 1193 1194
v 1258.0956 -217.7254 280.3907
v 1243.6588 -241.5173 264.9043
v 1243.6602 -241.5174 271.6920
f 1195 1196 1197
v 1243.6588 -241.5173 264.9043
v 1258.0956 -217.7254 280.3907
v 1258.0924 -217.7253 264.9023
f 1198 1199 1200
v 1264.3551 -214.6723 282.1066
v 1264.4780 -214.4634 264.9012
v 1264.4816 -214.4635 282.1066
f 1201 1202 1203
v 1264.3551 -214.6723 282.1066
v 1264.3528 -214.6721 271.3530
v 1264.4780 -214.4634 264.9012
f 1204 1205 1206
v 1264.4780 -214.4634 264.9012
v 1264.3528 -214.6721 271.3530
v 1264.3514 -214.6721 264.9012
f 1207 1208 1209
v 1271.9993 -219.0417 282.4859
v 1270.6768 -218.2379 264.8998
v 1270.6807 -218.2381 283.1771
f 1210 1211 1212
v 1275.9485 -221.4472 280.4161
v 1275.9451 -221.4470 264.8987
v 1270.6768 -218.2379 264.8998
f 1213 1214 1215
v 1270.5582 -218.4378 278.6073
v 1270.5592 -218.4378 283.1771
v 1270.6768 -218.2379 264.8998
f 1216 1217 1218
v 1271.9993 -219.0417 282.4859
v 1267.2170 -235.8196 280.4053
v 1275.9485 -221.4472 280.4161
f 1219 1220 1221
v 1255.3816 -238.5639 284.2904
v 1270.5592 -218.4378 283.1771
v 1268.4359 -217.1491 284.2886
f 1222 1223 1224
v 1270.5592 -218.4378 283.1771
v 1255.3816 -238.5639 284.2904
v 1271.9993 -219.0417 282.4859
f 1225 1226 1227
v 1267.2170 -235.8196 280.4053
v 1271.9993 -219.0417 282.4859
v 1255.3816 -238.5639 284.2904
f 1228 1229 1230
v 1270.5592 -218.4378 283.1771
v 1271.9993 -219.0417 282.4859
v 1270.6807 -218.2381 283.1771
f 1231 1232 1233
v 1258.3859 -250.4648 280.3705
v 1255.3816 -238.5639 284.2904
v 1250.9009 -245.9159 284.2910
f 1234 1235 1236
v 1267.8732 -236.3922 264.8997
v 1267.8733 -236.3922 265.2816
v 1259.0486 -250.8694 265.2828
f 1237 1238 1239
v 1289.8280 -259.5627 265.2763
v 1294.2111 -252.3836 265.2757
v 1294.2143 -252.3838 280.4422
f 1240 1241 1242
v 1289.8320 -259.5631 284.2826
v 1285.2350 -267.1046 280.2585
v 1294.2143 -252.3838 280.4422
f 1243 1244 1245
v 1289.8280 -259.5627 265.2763
v 1294.2143 -252.3838 280.4422
v 1285.2318 -267.1043 265.2770
f 1246 1247 1248
v 1285.2350 -267.1046 280.2585
v 1285.2318 -267.1043 265.2770
v 1294.2143 -252.3838 280.4422
f 1249 1250 1251
v 1275.9485 -221.4472 280.4161
v 1267.1374 -235.9453 264.8999
v 1275.9451 -221.4470 264.8987
f 1252 1253 1254
v 1267.1407 -235.9455 280.4733
v 1267.1374 -235.9453 264.8999
v 1267.2170 -235.8196 280.4053
f 1255 1256 1257
v 1267.2170 -235.8196 280.4053
v 1267.1374 -235.9453 264.8999
v 1275.9485 -221.4472 280.4161
f 1258 1259 1260
v 1270.5572 -218.4377 274.0385
v 1268.4318 -217.1490 264.9003
v 1264.3528 -214.6721 271.3530
f 1261 1262 1263
v 1268.4318 -217.1490 264.9003
v 1264.3514 -214.6721 264.9012
v 1264.3528 -214.6721 271.3530
f 1264 1265 1266
v 1270.5572 -218.4377 274.0385
v 1264.3528 -214.6721 271.3530
v 1264.3551 -214.6723 282.1066
f 1267 1268 1269
v 1268.4359 -217.1491 284.2886
v 1270.5582 -218.4378 278.6073
v 1264.3551 -214.6723 282.1066
f 1270 1271 1272
v 1270.5592 -218.4378 283.1771
v 1270.5582 -218.4378 278.6073
v 1268.4359 -217.1491 284.2886
f 1273 1274 1275
v 1268.4318 -217.1490 264.9003
v 1270.5572 -218.4377 274.0385
v 1270.5553 -218.4376 264.8998
f 1276 1277 1278
v 1270.5572 -218.4377 274.0385
v 1264.3551 -214.6723 282.1066
v 1270.5582 -218.4378 278.6073
f 1279 1280 1281
v 1267.1374 -235.9453 264.8999
v 1267.1407 -235.9455 280.4733
v 1267.8733 -236.3922 265.2816
f 1282 1283 1284
v 1267.1407 -235.9455 280.4733
v 1294.2111 -252.3836 265.2757
v 1267.8733 -236.3922 265.2816
f 1285 1286 1287
v 1267.1374 -235.9453 264.8999
v 1267.8733 -236.3922 265.2816
v 1267.8732 -236.3922 264.8997
f 1288 1289 1290
v 1294.2143 -252.3838 280.4422
v 1294.2111 -252.3836 265.2757
v 1267.1407 -235.9455 280.4733
f 1291 1292 1293
v 1258.3859 -250.4648 280.3705
v 1259.0486 -250.8694 265.2828
v 1278.0916 -262.4395 280.3811
f 1294 1295 1296
v 1250.8969 -245.9156 264.9027
v 1259.0485 -250.8694 264.9008
v 1259.0486 -250.8694 265.2828
f 1297 1298 1299
v 1259.0486 -250.8694 265.2828
v 1278.0884 -262.4392 265.2786
v 1278.0916 -262.4395 280.3811
f 1300 1301 1302
v 1243.6620 -241.5175 280.4197
v 1258.3859 -250.4648 280.3705
v 1250.9009 -245.9159 284.2910
f 1303 1304 1305
v 1258.3859 -250.4648 280.3705
v 1243.6620 -241.5175 280.4197
v 1243.6602 -241.5174 271.6920
f 1306 1307 1308
v 1243.6602 -241.5174 271.6920
v 1250.8969 -245.9156 264.9027
v 1259.0486 -250.8694 265.2828
f 1309 1310 1311
v 1250.8969 -245.9156 264.9027
v 1243.6602 -241.5174 271.6920
v 1243.6588 -241.5173 264.9043
f 1312 1313 1314
v 1258.3859 -250.4648 280.3705
v 1243.6602 -241.5174 271.6920
v 1259.0486 -250.8694 265.2828
f 1315 1316 1317
v 1284.8470 -267.0463 265.2770
v 1283.1050 -265.9859 280.1889
v 1277.8686 -262.8049 280.1851
f 1318 1319 1320
v 1285.2318 -267.1043 265.2770
v 1284.9285 -266.9177 280.2585
v 1284.9253 -266.9175 265.2770
f 1321 1322 1323
v 1264.4780 -214.4634 264.9012
v 1258.8323 -211.0243 264.9024
v 1264.4816 -214.4635 282.1066
f 1324 1325 1326
v 1258.0956 -217.7254 280.3907
v 1255.6763 -216.2570 279.0974
v 1258.0924 -217.7253 264.9023
f 1327 1328 1329
v 1243.6602 -241.5174 271.6920
v 1247.2709 -235.5692 280.4122
v 1254.4756 -223.6936 280.3982
f 1330 1331 1332
v 1243.6602 -241.5174 271.6920
v 1254.4756 -223.6936 280.3982
v 1258.0956 -217.7254 280.3907
f 1333 1334 1335
v 1270.6768 -218.2379 264.8998
v 1271.9993 -219.0417 282.4859
v 1275.9485 -221.4472 280.4161
f 1336 1337 1338
v 1270.5592 -218.4378 283.1771
v 1270.6807 -218.2381 283.1771
v 1270.6768 -218.2379 264.8998
f 1339 1340 1341
v 1270.6768 -218.2379 264.8998
v 1270.5572 -218.4377 274.0385
v 1270.5582 -218.4378 278.6073
f 1342 1343 1344
v 1270.5572 -218.4377 274.0385
v 1270.6768 -218.2379 264.8998
v 1270.5553 -218.4376 264.8998
f 1345 1346 1347
v 1267.8732 -236.3922 264.8997
v 1259.0486 -250.8694 265.2828
v 1259.0485 -250.8694 264.9008
f 1348 1349 1350

g building_ID_EF3F350D-A760-42C5-A2CF-EBFF0312BDBB
v 1122.7635 -224.1051 304.4050
v 1127.1304 -226.7557 304.4042
v 1129.1718 -213.5483 304.4044
f 1351 1352 1353
v 1138.3920 -208.2010 304.4028
v 1129.1718 -213.5483 304.4044
v 1127.1304 -226.7557 304.4042
f 1354 1355 1356
v 1127.7666 -204.2506 304.4049
v 1126.5556 -203.5164 304.4051
v 1122.8091 -209.6873 304.4056
f 1357 1358 1359
v 1127.7666 -204.2506 304.4049
v 1122.8091 -209.6873 304.4056
v 1129.1718 -213.5483 304.4044
f 1360 1361 1362
v 1129.7223 -201.0288 304.4047
v 1127.7666 -204.2506 304.4049
v 1134.6631 -205.9370 304.4036
f 1363 1364 1365
v 1134.6631 -205.9370 304.4036
v 1127.7666 -204.2506 304.4049
v 1129.1718 -213.5483 304.4044
f 1366 1367 1368
v 1135.5108 -204.5413 304.4035
v 1129.7223 -201.0288 304.4047
v 1134.6631 -205.9370 304.4036
f 1369 1370 1371
v 1138.3920 -208.2010 304.4028
v 1134.6631 -205.9370 304.4036
v 1129.1718 -213.5483 304.4044
f 1372 1373 1374
v 1134.6625 -205.9370 301.5597
v 1134.6631 -205.9370 304.4036
v 1138.3920 -208.2010 304.4028
f 1375 1376 1377
v 1135.5102 -204.5413 301.5596
v 1135.5108 -204.5413 304.4035
v 1134.6631 -205.9370 304.4036
f 1378 1379 1380
v 1129.7217 -201.0289 301.5608
v 1129.7223 -201.0288 304.4047
v 1135.5108 -204.5413 304.4035
f 1381 1382 1383
v 1127.7661 -204.2505 301.5610
v 1127.7666 -204.2506 304.4049
v 1129.7223 -201.0288 304.4047
f 1384 1385 1386
v 1126.5551 -203.5163 301.5612
v 1126.5556 -203.5164 304.4051
v 1127.7666 -204.2506 304.4049
f 1387 1388 1389
v 1122.8086 -209.6873 301.5617
v 1122.8091 -209.6873 304.4056
v 1126.5556 -203.5164 304.4051
f 1390 1391 1392
v 1129.1712 -213.5482 301.5605
v 1129.1718 -213.5483 304.4044
v 1122.8091 -209.6873 304.4056
f 1393 1394 1395
v 1122.7630 -224.1050 301.5611
v 1122.7635 -224.1051 304.4050
v 1129.1718 -213.5483 304.4044
f 1396 1397 1398
v 1127.1299 -226.7557 301.5603
v 1127.1304 -226.7557 304.4042
v 1122.7635 -224.1051 304.4050
f 1399 1400 1401
v 1138.3914 -208.2010 301.5589
v 1138.3920 -208.2010 304.4028
v 1127.1304 -226.7557 304.4042
f 1402 1403 1404
v 1121.6588 -211.9739 265.7910
v 1121.6930 -211.9059 265.7910
v 1133.6891 -201.6872 265.7892
f 1405 1406 1407
v 1133.7374 -201.6073 265.7892
v 1133.6891 -201.6872 265.7892
v 1119.3280 -192.8618 265.7920
f 1408 1409 1410
v 1121.6930 -211.9059 265.7910
v 1119.3280 -192.8618 265.7920
v 1133.6891 -201.6872 265.7892
f 1411 1412 1413
v 1111.4997 -205.7197 265.7930
v 1119.3280 -192.8618 265.7920
v 1121.6930 -211.9059 265.7910
f 1414 1415 1416
v 1121.6588 -211.9739 265.7910
v 1133.6891 -201.6872 265.7892
v 1143.7129 -207.7170 265.7873
f 1417 1418 1419
v 1121.6588 -211.9739 265.7910
v 1143.7129 -207.7170 265.7873
v 1117.7024 -218.4791 265.7915
f 1420 1421 1422
v 1121.8155 -243.7958 265.7899
v 1117.7024 -218.4791 265.7915
v 1143.7129 -207.7170 265.7873
f 1423 1424 1425
v 1121.8155 -243.7958 265.7899
v 1107.5809 -235.1548 265.7927
v 1117.7024 -218.4791 265.7915
f 1426 1427 1428
v 1122.7630 -224.1050 301.5611
v 1121.8222 -243.7964 301.5606
v 1127.1299 -226.7557 301.5603
f 1429 1430 1431
v 1143.7197 -207.7172 301.5580
v 1127.1299 -226.7557 301.5603
v 1121.8222 -243.7964 301.5606
f 1432 1433 1434
v 1121.6654 -211.9742 301.5618
v 1122.7630 -224.1050 301.5611
v 1129.1712 -213.5482 301.5605
f 1435 1436 1437
v 1121.6996 -211.9062 301.5618
v 1121.6654 -211.9742 301.5618
v 1129.1712 -213.5482 301.5605
f 1438 1439 1440
v 1107.5874 -235.1552 301.5634
v 1121.8222 -243.7964 301.5606
v 1122.7630 -224.1050 301.5611
f 1441 1442 1443
v 1121.6654 -211.9742 301.5618
v 1117.7091 -218.4796 301.5623
v 1122.7630 -224.1050 301.5611
f 1444 1445 1446
v 1117.7091 -218.4796 301.5623
v 1107.5874 -235.1552 301.5634
v 1122.7630 -224.1050 301.5611
f 1447 1448 1449
v 1122.8086 -209.6873 301.5617
v 1111.5063 -205.7200 301.5638
v 1121.6996 -211.9062 301.5618
f 1450 1451 1452
v 1129.1712 -213.5482 301.5605
v 1122.8086 -209.6873 301.5617
v 1121.6996 -211.9062 301.5618
f 1453 1454 1455
v 1126.5551 -203.5163 301.5612
v 1111.5063 -205.7200 301.5638
v 1122.8086 -209.6873 301.5617
f 1456 1457 1458
v 1135.5102 -204.5413 301.5596
v 1134.6625 -205.9370 301.5597
v 1138.3914 -208.2010 301.5589
f 1459 1460 1461
v 1133.6959 -201.6874 301.5600
v 1135.5102 -204.5413 301.5596
v 1143.7197 -207.7172 301.5580
f 1462 1463 1464
v 1138.3914 -208.2010 301.5589
v 1143.7197 -207.7172 301.5580
v 1135.5102 -204.5413 301.5596
f 1465 1466 1467
v 1135.5102 -204.5413 301.5596
v 1133.6959 -201.6874 301.5600
v 1129.7217 -201.0289 301.5608
f 1468 1469 1470
v 1143.7197 -207.7172 301.5580
v 1138.3914 -208.2010 301.5589
v 1127.1299 -226.7557 301.5603
f 1471 1472 1473
v 1129.7217 -201.0289 301.5608
v 1126.5551 -203.5163 301.5612
v 1127.7661 -204.2505 301.5610
f 1474 1475 1476
v 1119.3347 -192.8621 301.5628
v 1129.7217 -201.0289 301.5608
v 1133.7441 -201.6076 301.5600
f 1477 1478 1479
v 1126.5551 -203.5163 301.5612
v 1129.7217 -201.0289 301.5608
v 1119.3347 -192.8621 301.5628
f 1480 1481 1482
v 1129.7217 -201.0289 301.5608
v 1133.6959 -201.6874 301.5600
v 1133.7441 -201.6076 301.5600
f 1483 1484 1485
v 1111.5063 -205.7200 301.5638
v 1126.5551 -203.5163 301.5612
v 1119.3347 -192.8621 301.5628
f 1486 1487 1488
v 1133.6891 -201.6872 265.7892
v 1133.6959 -201.6874 301.5600
v 1143.7197 -207.7172 301.5580
f 1489 1490 1491
v 1133.7374 -201.6073 265.7892
v 1133.7441 -201.6076 301.5600
v 1133.6959 -201.6874 301.5600
f 1492 1493 1494
v 1119.3280 -192.8618 265.7920
v 1119.3347 -192.8621 301.5628
v 1133.7441 -201.6076 301.5600
f 1495 1496 1497
v 1111.4997 -205.7197 265.7930
v 1111.5063 -205.7200 301.5638
v 1119.3347 -192.8621 301.5628
f 1498 1499 1500
v 1121.6930 -211.9059 265.7910
v 1121.6996 -211.9062 301.5618
v 1111.5063 -205.7200 301.5638
f 1501 1502 1503
v 1121.6588 -211.9739 265.7910
v 1121.6654 -211.9742 301.5618
v 1121.6996 -211.9062 301.5618
f 1504 1505 1506
v 1121.8155 -243.7958 265.7899
v 1121.8222 -243.7964 301.5606
v 1107.5874 -235.1552 301.5634
f 1507 1508 1509
v 1143.7129 -207.7170 265.7873
v 1143.7197 -207.7172 301.5580
v 1121.8222 -243.7964 301.5606
f 1510 1511 1512
v 1117.7024 -218.4791 265.7915
v 1107.5809 -235.1548 265.7927
v 1107.5874 -235.1552 301.5634
f 1513 1514 1515
v 1117.7091 -218.4796 301.5623
v 1121.6654 -211.9742 301.5618
v 1121.6588 -211.9739 265.7910
f 1516 1517 1518
v 1134.6625 -205.9370 301.5597
v 1138.3920 -208.2010 304.4028
v 1138.3914 -208.2010 301.5589
f 1519 1520 1521
v 1135.5102 -204.5413 301.5596
v 1134.6631 -205.9370 304.4036
v 1134.6625 -205.9370 301.5597
f 1522 1523 1524
v 1129.7217 -201.0289 301.5608
v 1135.5108 -204.5413 304.4035
v 1135.5102 -204.5413 301.5596
f 1525 1526 1527
v 1127.7661 -204.2505 301.5610
v 1129.7223 -201.0288 304.4047
v 1129.7217 -201.0289 301.5608
f 1528 1529 1530
v 1126.5551 -203.5163 301.5612
v 1127.7666 -204.2506 304.4049
v 1127.7661 -204.2505 301.5610
f 1531 1532 1533
v 1122.8086 -209.6873 301.5617
v 1126.5556 -203.5164 304.4051
v 1126.5551 -203.5163 301.5612
f 1534 1535 1536
v 1129.1712 -213.5482 301.5605
v 1122.8091 -209.6873 304.4056
v 1122.8086 -209.6873 301.5617
f 1537 1538 1539
v 1122.7630 -224.1050 301.5611
v 1129.1718 -213.5483 304.4044
v 1129.1712 -213.5482 301.5605
f 1540 1541 1542
v 1127.1299 -226.7557 301.5603
v 1122.7635 -224.1051 304.4050
v 1122.7630 -224.1050 301.5611
f 1543 1544 1545
v 1138.3914 -208.2010 301.5589
v 1127.1304 -226.7557 304.4042
v 1127.1299 -226.7557 301.5603
f 1546 1547 1548
v 1133.6891 -201.6872 265.7892
v 1143.7197 -207.7172 301.5580
v 1143.7129 -207.7170 265.7873
f 1549 1550 1551
v 1133.7374 -201.6073 265.7892
v 1133.6959 -201.6874 301.5600
v 1133.6891 -201.6872 265.7892
f 1552 1553 1554
v 1119.3280 -192.8618 265.7920
v 1133.7441 -201.6076 301.5600
v 1133.7374 -201.6073 265.7892
f 1555 1556 1557
v 1111.4997 -205.7197 265.7930
v 1119.3347 -192.8621 301.5628
v 1119.3280 -192.8618 265.7920
f 1558 1559 1560
v 1121.6930 -211.9059 265.7910
v 1111.5063 -205.7200 301.5638
v 1111.4997 -205.7197 265.7930
f 1561 1562 1563
v 1121.6588 -211.9739 265.7910
v 1121.6996 -211.9062 301.5618
v 1121.6930 -211.9059 265.7910
f 1564 1565 1566
v 1121.8155 -243.7958 265.7899
v 1107.5874 -235.1552 301.5634
v 1107.5809 -235.1548 265.7927
f 1567 1568 1569
v 1143.7129 -207.7170 265.7873
v 1121.8222 -243.7964 301.5606
v 1121.8155 -243.7958 265.7899
f 1570 1571 1572
v 1117.7024 -218.4791 265.7915
v 1107.5874 -235.1552 301.5634
v 1117.7091 -218.4796 301.5623
f 1573 1574 1575
v 1117.7091 -218.4796 301.5623
v 1121.6588 -211.9739 265.7910
v 1117.7024 -218.4791 265.7915
f 1576 1577 1578

g building_ID_56DE50F5-2F82-4166-9D7E-3D576179A814
v 1078.9308 -225.1183 275.0206
v 1100.1723 -198.8425 277.1049
v 1096.3043 -196.4951 275.0186
f 1579 1580 1581
v 1100.1723 -198.8425 277.1049
v 1078.9308 -225.1183 275.0206
v 1082.7998 -227.4667 277.1068
f 1582 1583 1584
v 1104.1288 -201.2441 277.1040
v 1082.7995 -227.4666 275.0199
v 1086.7564 -229.8682 277.1060
f 1585 1586 1587
v 1082.7995 -227.4666 275.0199
v 1104.1288 -201.2441 277.1040
v 1100.1719 -198.8425 275.0179
f 1588 1589 1590
v 1104.1285 -201.2441 275.0171
v 1104.1288 -201.2441 277.1040
v 1086.7560 -229.8681 275.0191
f 1591 1592 1593
v 1100.1719 -198.8425 275.0179
v 1100.1723 -198.8425 277.1049
v 1082.7998 -227.4667 277.1068
f 1594 1595 1596
v 1090.6932 -193.2731 276.2937
v 1088.8810 -192.1734 275.4930
v 1071.6937 -220.7259 275.5410
f 1597 1598 1599
v 1071.5357 -220.7495 275.4950
v 1071.6937 -220.7259 275.5410
v 1088.8810 -192.1734 275.4930
f 1600 1601 1602
v 1092.6157 -194.2553 277.1063
v 1090.7746 -193.1384 276.2937
v 1090.6932 -193.2731 276.2937
f 1603 1604 1605
v 1090.6932 -193.2731 276.2937
v 1075.2432 -222.8804 277.1083
v 1092.6157 -194.2553 277.1063
f 1606 1607 1608
v 1075.2432 -222.8804 277.1083
v 1090.6932 -193.2731 276.2937
v 1071.6937 -220.7259 275.5410
f 1609 1610 1611
v 1071.6937 -220.7259 275.5410
v 1071.5357 -220.7495 275.4950
v 1071.6405 -220.8128 275.5410
f 1612 1613 1614
v 1071.6387 -220.8127 265.7994
v 1071.6937 -220.7259 275.5410
v 1071.6405 -220.8128 275.5410
f 1615 1616 1617
v 1071.6920 -220.7259 265.7994
v 1071.6929 -220.7259 270.6702
v 1071.6387 -220.8127 265.7994
f 1618 1619 1620
v 1071.6387 -220.8127 265.7994
v 1071.6405 -220.8128 275.5410
v 1071.5339 -220.7494 265.7994
f 1621 1622 1623
v 1071.5357 -220.7495 275.4950
v 1071.5339 -220.7494 265.7994
v 1071.6405 -220.8128 275.5410
f 1624 1625 1626
v 1092.6153 -194.2553 274.8294
v 1092.6157 -194.2553 277.1063
v 1075.2438 -222.8804 274.8313
f 1627 1628 1629
v 1096.3043 -196.4951 275.0186
v 1096.3046 -196.4952 277.1056
v 1078.9312 -225.1182 277.1076
f 1630 1631 1632
v 1087.9412 -230.6582 265.7962
v 1087.9429 -230.6583 275.0189
v 1087.9740 -230.6074 275.0189
f 1633 1634 1635
v 1089.3529 -231.5150 265.7959
v 1089.3545 -231.5151 275.0186
v 1087.9429 -230.6583 275.0189
f 1636 1637 1638
v 1106.7443 -202.8870 265.7940
v 1106.7460 -202.8871 275.0166
v 1089.3545 -231.5151 275.0186
f 1639 1640 1641
v 1108.9966 -204.2590 265.7935
v 1108.9983 -204.2591 275.0162
v 1106.7460 -202.8871 275.0166
f 1642 1643 1644
v 1109.0227 -204.2161 265.7935
v 1109.0245 -204.2161 275.0162
v 1108.9983 -204.2591 275.0162
f 1645 1646 1647
v 1114.4429 -187.6950 297.7720
v 1099.5612 -178.6691 297.7749
v 1098.7647 -179.9811 297.7750
f 1648 1649 1650
v 1109.6354 -202.8199 297.7723
v 1091.5609 -191.8507 297.7758
v 1090.7785 -193.1386 297.7759
f 1651 1652 1653
v 1118.0002 -192.0525 297.7712
v 1109.6354 -202.8199 297.7723
v 1110.1908 -204.9215 297.7722
f 1654 1655 1656
v 1090.7785 -193.1386 297.7759
v 1110.1908 -204.9215 297.7722
v 1109.6354 -202.8199 297.7723
f 1657 1658 1659
v 1118.9765 -190.4471 297.7711
v 1116.8381 -190.9514 297.7714
v 1118.0002 -192.0525 297.7712
f 1660 1661 1662
v 1109.6354 -202.8199 297.7723
v 1118.0002 -192.0525 297.7712
v 1116.8381 -190.9514 297.7714
f 1663 1664 1665
v 1114.4429 -187.6950 297.7720
v 1116.8381 -190.9514 297.7714
v 1118.9765 -190.4471 297.7711
f 1666 1667 1668
v 1098.7647 -179.9811 297.7750
v 1116.8381 -190.9514 297.7714
v 1114.4429 -187.6950 297.7720
f 1669 1670 1671
v 1118.9705 -190.4469 265.7922
v 1118.9765 -190.4471 297.7711
v 1118.0002 -192.0525 297.7712
f 1672 1673 1674
v 1119.3347 -192.8621 301.5628
v 1110.1915 -204.9215 301.5641
v 1111.5063 -205.7200 301.5638
f 1675 1676 1677
v 1110.1915 -204.9215 301.5641
v 1119.3347 -192.8621 301.5628
v 1118.0009 -192.0525 301.5631
f 1678 1679 1680
v 1119.3280 -192.8618 265.7920
v 1119.3347 -192.8621 301.5628
v 1111.5056 -205.7200 297.7719
f 1681 1682 1683
v 1118.0002 -192.0525 297.7712
v 1118.0009 -192.0525 301.5631
v 1119.3347 -192.8621 301.5628
f 1684 1685 1686
v 1117.9942 -192.0523 265.7923
v 1118.0002 -192.0525 297.7712
v 1119.3347 -192.8621 301.5628
f 1687 1688 1689
v 1110.1908 -204.9215 297.7722
v 1110.1915 -204.9215 301.5641
v 1118.0002 -192.0525 297.7712
f 1690 1691 1692
v 1109.0245 -204.2161 275.0162
v 1104.1285 -201.2441 275.0171
v 1106.7460 -202.8871 275.0166
f 1693 1694 1695
v 1087.9740 -230.6074 275.0189
v 1106.7460 -202.8871 275.0166
v 1104.1285 -201.2441 275.0171
f 1696 1697 1698
v 1106.7460 -202.8871 275.0166
v 1108.9983 -204.2591 275.0162
v 1109.0245 -204.2161 275.0162
f 1699 1700 1701
v 1106.7460 -202.8871 275.0166
v 1087.9740 -230.6074 275.0189
v 1089.3545 -231.5151 275.0186
f 1702 1703 1704
v 1087.9429 -230.6583 275.0189
v 1089.3545 -231.5151 275.0186
v 1087.9740 -230.6074 275.0189
f 1705 1706 1707
v 1104.1285 -201.2441 275.0171
v 1086.7560 -229.8681 275.0191
v 1087.9740 -230.6074 275.0189
f 1708 1709 1710
v 1116.8386 -190.9514 300.2363
v 1098.7651 -179.9810 300.2399
v 1091.5614 -191.8506 300.2408
f 1711 1712 1713
v 1091.5614 -191.8506 300.2408
v 1109.6359 -202.8200 300.2372
v 1116.8386 -190.9514 300.2363
f 1714 1715 1716
v 1070.7987 -221.9614 265.7995
v 1070.8036 -221.9617 293.4155
v 1058.1136 -214.2088 293.4179
f 1717 1718 1719
v 1086.7109 -190.8536 293.4138
v 1094.6026 -177.8518 293.4129
v 1084.0788 -171.4648 293.4148
f 1720 1721 1722
v 1058.1136 -214.2088 293.4179
v 1086.7109 -190.8536 293.4138
v 1084.0788 -171.4648 293.4148
f 1723 1724 1725
v 1088.8843 -192.1735 293.4134
v 1086.7109 -190.8536 293.4138
v 1070.8036 -221.9617 293.4155
f 1726 1727 1728
v 1058.1136 -214.2088 293.4179
v 1070.8036 -221.9617 293.4155
v 1086.7109 -190.8536 293.4138
f 1729 1730 1731
v 1084.0751 -171.4647 272.9356
v 1084.0788 -171.4648 293.4148
v 1086.0526 -172.6640 277.1081
f 1732 1733 1734
v 1090.3318 -175.2614 278.0543
v 1086.0526 -172.6640 277.1081
v 1084.0788 -171.4648 293.4148
f 1735 1736 1737
v 1086.0519 -172.6640 272.9353
v 1084.0751 -171.4647 272.9356
v 1086.0526 -172.6640 277.1081
f 1738 1739 1740
v 1094.5996 -177.8518 277.1065
v 1090.3318 -175.2614 278.0543
v 1094.6026 -177.8518 293.4129
f 1741 1742 1743
v 1094.6026 -177.8518 293.4129
v 1090.3318 -175.2614 278.0543
v 1084.0788 -171.4648 293.4148
f 1744 1745 1746
v 1095.8138 -176.3931 300.6185
v 1086.7122 -190.8536 300.6196
v 1090.6976 -193.2733 300.6188
f 1747 1748 1749
v 1086.7122 -190.8536 300.6196
v 1095.8138 -176.3931 300.6185
v 1095.5782 -176.2465 300.6185
f 1750 1751 1752
v 1090.6976 -193.2733 300.6188
v 1099.5617 -178.6682 300.6178
v 1095.8138 -176.3931 300.6185
f 1753 1754 1755
v 1095.5739 -176.2464 277.1063
v 1095.5782 -176.2465 300.6185
v 1095.8138 -176.3931 300.6185
f 1756 1757 1758
v 1095.5719 -176.2465 265.7967
v 1095.5739 -176.2464 277.1063
v 1095.8074 -176.3931 265.7967
f 1759 1760 1761
v 1090.9008 -160.2261 265.7980
v 1090.9021 -160.2261 272.9348
v 1092.8749 -161.4234 272.9344
f 1762 1763 1764
v 1086.7109 -190.8536 293.4138
v 1086.7122 -190.8536 300.6196
v 1094.6026 -177.8518 293.4129
f 1765 1766 1767
v 1095.5782 -176.2465 300.6185
v 1094.6026 -177.8518 293.4129
v 1086.7122 -190.8536 300.6196
f 1768 1769 1770
v 1094.5996 -177.8518 277.1065
v 1094.6026 -177.8518 293.4129
v 1095.5739 -176.2464 277.1063
f 1771 1772 1773
v 1095.5782 -176.2465 300.6185
v 1095.5739 -176.2464 277.1063
v 1094.6026 -177.8518 293.4129
f 1774 1775 1776
v 1090.9021 -160.2261 272.9348
v 1084.0751 -171.4647 272.9356
v 1086.0519 -172.6640 272.9353
f 1777 1778 1779
v 1086.0519 -172.6640 272.9353
v 1092.8749 -161.4234 272.9344
v 1090.9021 -160.2261 272.9348
f 1780 1781 1782
v 1095.5739 -176.2464 277.1063
v 1090.3318 -175.2614 278.0543
v 1094.5996 -177.8518 277.1065
f 1783 1784 1785
v 1098.9266 -161.0996 278.0532
v 1095.5739 -176.2464 277.1063
v 1103.1964 -163.6880 277.1054
f 1786 1787 1788
v 1090.3318 -175.2614 278.0543
v 1095.5739 -176.2464 277.1063
v 1098.9266 -161.0996 278.0532
f 1789 1790 1791
v 1094.6464 -158.5052 277.1070
v 1086.0526 -172.6640 277.1081
v 1090.3318 -175.2614 278.0543
f 1792 1793 1794
v 1090.3318 -175.2614 278.0543
v 1098.9266 -161.0996 278.0532
v 1094.6464 -158.5052 277.1070
f 1795 1796 1797
v 1103.1944 -163.6880 265.7958
v 1103.1964 -163.6880 277.1054
v 1095.5739 -176.2464 277.1063
f 1798 1799 1800
v 1092.8749 -161.4234 272.9344
v 1086.0519 -172.6640 272.9353
v 1086.0526 -172.6640 277.1081
f 1801 1802 1803
v 1092.8736 -161.4233 265.7976
v 1092.8749 -161.4234 272.9344
v 1094.6444 -158.5052 265.7974
f 1804 1805 1806
v 1094.6464 -158.5052 277.1070
v 1094.6444 -158.5052 265.7974
v 1092.8749 -161.4234 272.9344
f 1807 1808 1809
v 1116.8381 -190.9514 297.7714
v 1116.8386 -190.9514 300.2363
v 1109.6359 -202.8200 300.2372
f 1810 1811 1812
v 1098.7647 -179.9811 297.7750
v 1098.7651 -179.9810 300.2399
v 1116.8386 -190.9514 300.2363
f 1813 1814 1815
v 1109.6354 -202.8199 297.7723
v 1109.6359 -202.8200 300.2372
v 1091.5614 -191.8506 300.2408
f 1816 1817 1818
v 1088.8843 -192.1735 293.4134
v 1071.5357 -220.7495 275.4950
v 1088.8810 -192.1734 275.4930
f 1819 1820 1821
v 1070.7987 -221.9614 265.7995
v 1071.5357 -220.7495 275.4950
v 1070.8036 -221.9617 293.4155
f 1822 1823 1824
v 1088.8843 -192.1735 293.4134
v 1070.8036 -221.9617 293.4155
v 1071.5357 -220.7495 275.4950
f 1825 1826 1827
v 1071.5339 -220.7494 265.7994
v 1071.5357 -220.7495 275.4950
v 1070.7987 -221.9614 265.7995
f 1828 1829 1830
v 1090.6932 -193.2731 276.2937
v 1090.6976 -193.2733 300.6188
v 1088.8843 -192.1735 293.4134
f 1831 1832 1833
v 1086.7122 -190.8536 300.6196
v 1088.8843 -192.1735 293.4134
v 1090.6976 -193.2733 300.6188
f 1834 1835 1836
v 1088.8810 -192.1734 275.4930
v 1090.6932 -193.2731 276.2937
v 1088.8843 -192.1735 293.4134
f 1837 1838 1839
v 1086.7122 -190.8536 300.6196
v 1086.7109 -190.8536 293.4138
v 1088.8843 -192.1735 293.4134
f 1840 1841 1842
v 1099.5612 -178.6691 297.7749
v 1099.5617 -178.6682 300.6178
v 1098.7651 -179.9810 300.2399
f 1843 1844 1845
v 1091.5614 -191.8506 300.2408
v 1098.7651 -179.9810 300.2399
v 1099.5617 -178.6682 300.6178
f 1846 1847 1848
v 1090.6932 -193.2731 276.2937
v 1090.7785 -193.1386 297.7759
v 1090.6976 -193.2733 300.6188
f 1849 1850 1851
v 1091.5614 -191.8506 300.2408
v 1090.7785 -193.1386 297.7759
v 1091.5609 -191.8507 297.7758
f 1852 1853 1854
v 1090.6932 -193.2731 276.2937
v 1090.7746 -193.1384 276.2937
v 1090.7785 -193.1386 297.7759
f 1855 1856 1857
v 1090.6976 -193.2733 300.6188
v 1090.7785 -193.1386 297.7759
v 1091.5614 -191.8506 300.2408
f 1858 1859 1860
v 1075.2438 -222.8804 274.8313
v 1096.3046 -196.4952 277.1056
v 1095.5728 -196.0512 276.6538
f 1861 1862 1863
v 1096.3046 -196.4952 277.1056
v 1075.2438 -222.8804 274.8313
v 1078.9312 -225.1182 277.1076
f 1864 1865 1866
v 1092.6153 -194.2553 274.8294
v 1075.2438 -222.8804 274.8313
v 1095.5728 -196.0512 276.6538
f 1867 1868 1869
v 1110.1908 -204.9215 297.7722
v 1111.5056 -205.7200 297.7719
v 1110.1915 -204.9215 301.5641
f 1870 1871 1872
v 1110.1908 -204.9215 297.7722
v 1104.1288 -201.2441 277.1040
v 1109.0245 -204.2161 275.0162
f 1873 1874 1875
v 1109.0245 -204.2161 275.0162
v 1111.5056 -205.7200 297.7719
v 1110.1908 -204.9215 297.7722
f 1876 1877 1878
v 1111.4997 -205.7197 265.7930
v 1109.0245 -204.2161 275.0162
v 1109.0227 -204.2161 265.7935
f 1879 1880 1881
v 1109.0245 -204.2161 275.0162
v 1104.1288 -201.2441 277.1040
v 1104.1285 -201.2441 275.0171
f 1882 1883 1884
v 1109.0245 -204.2161 275.0162
v 1111.4997 -205.7197 265.7930
v 1111.5056 -205.7200 297.7719
f 1885 1886 1887
v 1100.1719 -198.8425 275.0179
v 1104.1288 -201.2441 277.1040
v 1100.1723 -198.8425 277.1049
f 1888 1889 1890
v 1100.1723 -198.8425 277.1049
v 1104.1288 -201.2441 277.1040
v 1110.1908 -204.9215 297.7722
f 1891 1892 1893
v 1092.6157 -194.2553 277.1063
v 1096.3046 -196.4952 277.1056
v 1090.7785 -193.1386 297.7759
f 1894 1895 1896
v 1100.1723 -198.8425 277.1049
v 1090.7785 -193.1386 297.7759
v 1096.3046 -196.4952 277.1056
f 1897 1898 1899
v 1090.7746 -193.1384 276.2937
v 1092.6157 -194.2553 277.1063
v 1090.7785 -193.1386 297.7759
f 1900 1901 1902
v 1095.5728 -196.0512 276.6538
v 1096.3046 -196.4952 277.1056
v 1092.6157 -194.2553 277.1063
f 1903 1904 1905
v 1100.1723 -198.8425 277.1049
v 1110.1908 -204.9215 297.7722
v 1090.7785 -193.1386 297.7759
f 1906 1907 1908
v 1096.3043 -196.4951 275.0186
v 1100.1723 -198.8425 277.1049
v 1096.3046 -196.4952 277.1056
f 1909 1910 1911
v 1095.5728 -196.0512 276.6538
v 1092.6157 -194.2553 277.1063
v 1092.6153 -194.2553 274.8294
f 1912 1913 1914
v 1086.7560 -229.8681 275.0191
v 1086.7564 -229.8682 277.1060
v 1082.7995 -227.4666 275.0199
f 1915 1916 1917
v 1087.9740 -230.6074 275.0189
v 1086.7560 -229.8681 275.0191
v 1087.9723 -230.6073 265.7962
f 1918 1919 1920
v 1078.9291 -225.1182 265.7980
v 1084.4800 -228.4880 265.7969
v 1082.7995 -227.4666 275.0199
f 1921 1922 1923
v 1086.7560 -229.8681 275.0191
v 1082.7995 -227.4666 275.0199
v 1084.4800 -228.4880 265.7969
f 1924 1925 1926
v 1082.7998 -227.4667 277.1068
v 1078.9308 -225.1183 275.0206
v 1082.7995 -227.4666 275.0199
f 1927 1928 1929
v 1071.6937 -220.7259 275.5410
v 1075.2438 -222.8804 274.8313
v 1075.2432 -222.8804 277.1083
f 1930 1931 1932
v 1078.9312 -225.1182 277.1076
v 1075.2438 -222.8804 274.8313
v 1078.9308 -225.1183 275.0206
f 1933 1934 1935
v 1071.6929 -220.7259 270.6702
v 1078.9308 -225.1183 275.0206
v 1075.2438 -222.8804 274.8313
f 1936 1937 1938
v 1071.6929 -220.7259 270.6702
v 1075.2422 -222.8803 265.7987
v 1078.9291 -225.1182 265.7980
f 1939 1940 1941
v 1078.9308 -225.1183 275.0206
v 1071.6929 -220.7259 270.6702
v 1078.9291 -225.1182 265.7980
f 1942 1943 1944
v 1075.2422 -222.8803 265.7987
v 1071.6929 -220.7259 270.6702
v 1071.6920 -220.7259 265.7994
f 1945 1946 1947
v 1071.6929 -220.7259 270.6702
v 1075.2438 -222.8804 274.8313
v 1071.6937 -220.7259 275.5410
f 1948 1949 1950
v 1084.0751 -171.4647 272.9356
v 1081.2866 -176.0521 265.7992
v 1058.1136 -214.2088 293.4179
f 1951 1952 1953
v 1058.1136 -214.2088 293.4179
v 1081.2866 -176.0521 265.7992
v 1058.1086 -214.2085 265.8019
f 1954 1955 1956
v 1084.0751 -171.4647 272.9356
v 1058.1136 -214.2088 293.4179
v 1084.0788 -171.4648 293.4148
f 1957 1958 1959
v 1084.0751 -171.4647 272.9356
v 1090.9021 -160.2261 272.9348
v 1090.9008 -160.2261 265.7980
f 1960 1961 1962
v 1081.2866 -176.0521 265.7992
v 1084.0751 -171.4647 272.9356
v 1084.0738 -171.4647 265.7988
f 1963 1964 1965
v 1103.1944 -163.6880 265.7958
v 1094.6444 -158.5052 265.7974
v 1094.6464 -158.5052 277.1070
f 1966 1967 1968
v 1098.9266 -161.0996 278.0532
v 1103.1944 -163.6880 265.7958
v 1094.6464 -158.5052 277.1070
f 1969 1970 1971
v 1098.9266 -161.0996 278.0532
v 1103.1964 -163.6880 277.1054
v 1103.1944 -163.6880 265.7958
f 1972 1973 1974
v 1095.8138 -176.3931 300.6185
v 1099.5612 -178.6691 297.7749
v 1095.8074 -176.3931 265.7967
f 1975 1976 1977
v 1095.8074 -176.3931 265.7967
v 1099.5612 -178.6691 297.7749
v 1098.0029 -177.7269 265.7963
f 1978 1979 1980
v 1098.0029 -177.7269 265.7963
v 1099.5612 -178.6691 297.7749
v 1114.4359 -187.6948 265.7932
f 1981 1982 1983
v 1099.5617 -178.6682 300.6178
v 1099.5612 -178.6691 297.7749
v 1095.8138 -176.3931 300.6185
f 1984 1985 1986
v 1099.5612 -178.6691 297.7749
v 1114.4429 -187.6950 297.7720
v 1114.4359 -187.6948 265.7932
f 1987 1988 1989
v 1118.9705 -190.4469 265.7922
v 1114.4359 -187.6948 265.7932
v 1114.4429 -187.6950 297.7720
f 1990 1991 1992
v 1117.9942 -192.0523 265.7923
v 1114.4359 -187.6948 265.7932
v 1118.9705 -190.4469 265.7922
f 1993 1994 1995
v 1114.4359 -187.6948 265.7932
v 1117.9942 -192.0523 265.7923
v 1106.7443 -202.8870 265.7940
f 1996 1997 1998
v 1111.4997 -205.7197 265.7930
v 1109.0227 -204.2161 265.7935
v 1117.9942 -192.0523 265.7923
f 1999 2000 2001
v 1095.8074 -176.3931 265.7967
v 1071.5339 -220.7494 265.7994
v 1095.5719 -176.2465 265.7967
f 2002 2003 2004
v 1114.4359 -187.6948 265.7932
v 1071.6920 -220.7259 265.7994
v 1098.0029 -177.7269 265.7963
f 2005 2006 2007
v 1111.4997 -205.7197 265.7930
v 1117.9942 -192.0523 265.7923
v 1119.3280 -192.8618 265.7920
f 2008 2009 2010
v 1095.8074 -176.3931 265.7967
v 1098.0029 -177.7269 265.7963
v 1071.6920 -220.7259 265.7994
f 2011 2012 2013
v 1084.0738 -171.4647 265.7988
v 1092.8736 -161.4233 265.7976
v 1103.1944 -163.6880 265.7958
f 2014 2015 2016
v 1103.1944 -163.6880 265.7958
v 1092.8736 -161.4233 265.7976
v 1094.6444 -158.5052 265.7974
f 2017 2018 2019
v 1090.9008 -160.2261 265.7980
v 1092.8736 -161.4233 265.7976
v 1084.0738 -171.4647 265.7988
f 2020 2021 2022
v 1081.2866 -176.0521 265.7992
v 1103.1944 -163.6880 265.7958
v 1095.5719 -176.2465 265.7967
f 2023 2024 2025
v 1081.2866 -176.0521 265.7992
v 1084.0738 -171.4647 265.7988
v 1103.1944 -163.6880 265.7958
f 2026 2027 2028
v 1071.5339 -220.7494 265.7994
v 1081.2866 -176.0521 265.7992
v 1095.5719 -176.2465 265.7967
f 2029 2030 2031
v 1106.7443 -202.8870 265.7940
v 1117.9942 -192.0523 265.7923
v 1109.0227 -204.2161 265.7935
f 2032 2033 2034
v 1108.9966 -204.2590 265.7935
v 1106.7443 -202.8870 265.7940
v 1109.0227 -204.2161 265.7935
f 2035 2036 2037
v 1087.9412 -230.6582 265.7962
v 1087.9723 -230.6073 265.7962
v 1089.3529 -231.5150 265.7959
f 2038 2039 2040
v 1106.7443 -202.8870 265.7940
v 1089.3529 -231.5150 265.7959
v 1087.9723 -230.6073 265.7962
f 2041 2042 2043
v 1106.7443 -202.8870 265.7940
v 1087.9723 -230.6073 265.7962
v 1084.4800 -228.4880 265.7969
f 2044 2045 2046
v 1106.7443 -202.8870 265.7940
v 1084.4800 -228.4880 265.7969
v 1078.9291 -225.1182 265.7980
f 2047 2048 2049
v 1078.9291 -225.1182 265.7980
v 1075.2422 -222.8803 265.7987
v 1114.4359 -187.6948 265.7932
f 2050 2051 2052
v 1071.5339 -220.7494 265.7994
v 1071.6920 -220.7259 265.7994
v 1071.6387 -220.8127 265.7994
f 2053 2054 2055
v 1058.1086 -214.2085 265.8019
v 1071.5339 -220.7494 265.7994
v 1070.7987 -221.9614 265.7995
f 2056 2057 2058
v 1071.5339 -220.7494 265.7994
v 1058.1086 -214.2085 265.8019
v 1081.2866 -176.0521 265.7992
f 2059 2060 2061
v 1071.5339 -220.7494 265.7994
v 1095.8074 -176.3931 265.7967
v 1071.6920 -220.7259 265.7994
f 2062 2063 2064
v 1075.2422 -222.8803 265.7987
v 1071.6920 -220.7259 265.7994
v 1114.4359 -187.6948 265.7932
f 2065 2066 2067
v 1114.4359 -187.6948 265.7932
v 1106.7443 -202.8870 265.7940
v 1078.9291 -225.1182 265.7980
f 2068 2069 2070
v 1104.1288 -201.2441 277.1040
v 1086.7564 -229.8682 277.1060
v 1086.7560 -229.8681 275.0191
f 2071 2072 2073
v 1100.1719 -198.8425 275.0179
v 1082.7998 -227.4667 277.1068
v 1082.7995 -227.4666 275.0199
f 2074 2075 2076
v 1071.6387 -220.8127 265.7994
v 1071.6929 -220.7259 270.6702
v 1071.6937 -220.7259 275.5410
f 2077 2078 2079
v 1092.6157 -194.2553 277.1063
v 1075.2432 -222.8804 277.1083
v 1075.2438 -222.8804 274.8313
f 2080 2081 2082
v 1096.3043 -196.4951 275.0186
v 1078.9312 -225.1182 277.1076
v 1078.9308 -225.1183 275.0206
f 2083 2084 2085
v 1087.9412 -230.6582 265.7962
v 1087.9740 -230.6074 275.0189
v 1087.9723 -230.6073 265.7962
f 2086 2087 2088
v 1089.3529 -231.5150 265.7959
v 1087.9429 -230.6583 275.0189
v 1087.9412 -230.6582 265.7962
f 2089 2090 2091
v 1106.7443 -202.8870 265.7940
v 1089.3545 -231.5151 275.0186
v 1089.3529 -231.5150 265.7959
f 2092 2093 2094
v 1108.9966 -204.2590 265.7935
v 1106.7460 -202.8871 275.0166
v 1106.7443 -202.8870 265.7940
f 2095 2096 2097
v 1109.0227 -204.2161 265.7935
v 1108.9983 -204.2591 275.0162
v 1108.9966 -204.2590 265.7935
f 2098 2099 2100
v 1118.9705 -190.4469 265.7922
v 1118.0002 -192.0525 297.7712
v 1117.9942 -192.0523 265.7923
f 2101 2102 2103
v 1119.3347 -192.8621 301.5628
v 1111.5063 -205.7200 301.5638
v 1111.5056 -205.7200 297.7719
f 2104 2105 2106
v 1119.3280 -192.8618 265.7920
v 1111.5056 -205.7200 297.7719
v 1111.4997 -205.7197 265.7930
f 2107 2108 2109
v 1117.9942 -192.0523 265.7923
v 1119.3347 -192.8621 301.5628
v 1119.3280 -192.8618 265.7920
f 2110 2111 2112
v 1110.1915 -204.9215 301.5641
v 1118.0009 -192.0525 301.5631
v 1118.0002 -192.0525 297.7712
f 2113 2114 2115
v 1070.7987 -221.9614 265.7995
v 1058.1136 -214.2088 293.4179
v 1058.1086 -214.2085 265.8019
f 2116 2117 2118
v 1095.5739 -176.2464 277.1063
v 1095.8138 -176.3931 300.6185
v 1095.8074 -176.3931 265.7967
f 2119 2120 2121
v 1090.9008 -160.2261 265.7980
v 1092.8749 -161.4234 272.9344
v 1092.8736 -161.4233 265.7976
f 2122 2123 2124
v 1103.1944 -163.6880 265.7958
v 1095.5739 -176.2464 277.1063
v 1095.5719 -176.2465 265.7967
f 2125 2126 2127
v 1092.8749 -161.4234 272.9344
v 1086.0526 -172.6640 277.1081
v 1094.6464 -158.5052 277.1070
f 2128 2129 2130
v 1116.8381 -190.9514 297.7714
v 1109.6359 -202.8200 300.2372
v 1109.6354 -202.8199 297.7723
f 2131 2132 2133
v 1098.7647 -179.9811 297.7750
v 1116.8386 -190.9514 300.2363
v 1116.8381 -190.9514 297.7714
f 2134 2135 2136
v 1109.6354 -202.8199 297.7723
v 1091.5614 -191.8506 300.2408
v 1091.5609 -191.8507 297.7758
f 2137 2138 2139
v 1099.5612 -178.6691 297.7749
v 1098.7651 -179.9810 300.2399
v 1098.7647 -179.9811 297.7750
f 2140 2141 2142
v 1091.5614 -191.8506 300.2408
v 1099.5617 -178.6682 300.6178
v 1090.6976 -193.2733 300.6188
f 2143 2144 2145
v 1111.5056 -205.7200 297.7719
v 1111.5063 -205.7200 301.5638
v 1110.1915 -204.9215 301.5641
f 2146 2147 2148
v 1086.7560 -229.8681 275.0191
v 1084.4800 -228.4880 265.7969
v 1087.9723 -230.6073 265.7962
f 2149 2150 2151
v 1078.9291 -225.1182 265.7980
v 1082.7995 -227.4666 275.0199
v 1078.9308 -225.1183 275.0206
f 2152 2153 2154
v 1084.0751 -171.4647 272.9356
v 1090.9008 -160.2261 265.7980
v 1084.0738 -171.4647 265.7988
f 2155 2156 2157
v 1118.9705 -190.4469 265.7922
v 1114.4429 -187.6950 297.7720
v 1118.9765 -190.4471 297.7711
f 2158 2159 2160

g building_ID_3A1EB629-5E09-490E-B113-9B4327DFC108
v 1143.7142 -227.5809 279.2061
v 1169.0451 -242.7986 279.2009
v 1177.7117 -228.3729 279.1999
f 2161 2162 2163
v 1177.7117 -228.3729 279.1999
v 1152.4441 -213.0494 279.2050
v 1143.7142 -227.5809 279.2061
f 2164 2165 2166
v 1152.4415 -213.0493 265.8135
v 1152.4441 -213.0494 279.2050
v 1177.7117 -228.3729 279.1999
f 2167 2168 2169
v 1169.0441 -242.7985 273.7010
v 1169.0451 -242.7986 279.2009
v 1143.7142 -227.5809 279.2061
f 2170 2171 2172
v 1157.8293 -247.4854 271.4810
v 1157.8297 -247.4853 273.6560
v 1146.7616 -240.8348 273.5762
f 2173 2174 2175
v 1164.0007 -251.1938 273.7016
v 1169.0441 -242.7985 273.7010
v 1157.8297 -247.4853 273.6560
f 2176 2177 2178
v 1146.7616 -240.8348 273.5762
v 1157.8297 -247.4853 273.6560
v 1169.0441 -242.7985 273.7010
f 2179 2180 2181
v 1138.6707 -235.9762 273.5169
v 1146.7616 -240.8348 273.5762
v 1143.7131 -227.5808 273.5163
f 2182 2183 2184
v 1169.0441 -242.7985 273.7010
v 1143.7131 -227.5808 273.5163
v 1146.7616 -240.8348 273.5762
f 2185 2186 2187
v 1157.8297 -247.4853 274.0829
v 1149.8412 -260.7849 274.0838
v 1156.0151 -264.5273 274.0825
f 2188 2189 2190
v 1156.0151 -264.5273 274.0825
v 1164.0846 -251.2441 274.0816
v 1157.8297 -247.4853 274.0829
f 2191 2192 2193
v 1164.0830 -251.2440 265.8099
v 1164.0846 -251.2441 274.0816
v 1156.0151 -264.5273 274.0825
f 2194 2195 2196
v 1149.8409 -260.7848 272.2029
v 1149.8412 -260.7849 274.0838
v 1153.9794 -253.8949 272.9444
f 2197 2198 2199
v 1157.8297 -247.4853 274.0829
v 1153.9794 -253.8949 272.9444
v 1149.8412 -260.7849 274.0838
f 2200 2201 2202
v 1153.9794 -253.8949 272.9444
v 1157.8297 -247.4853 274.0829
v 1157.8297 -247.4853 273.6560
f 2203 2204 2205
v 1153.9794 -253.8949 272.9444
v 1157.8297 -247.4853 273.6560
v 1157.8293 -247.4854 271.4810
f 2206 2207 2208
v 1157.8297 -247.4853 273.6560
v 1157.8297 -247.4853 274.0829
v 1164.0007 -251.1938 273.7016
f 2209 2210 2211
v 1164.0846 -251.2441 274.0816
v 1164.0007 -251.1938 273.7016
v 1157.8297 -247.4853 274.0829
f 2212 2213 2214
v 1163.9991 -251.1937 265.8099
v 1164.0007 -251.1938 273.7016
v 1164.0830 -251.2440 265.8099
f 2215 2216 2217
v 1164.0846 -251.2441 274.0816
v 1164.0830 -251.2440 265.8099
v 1164.0007 -251.1938 273.7016
f 2218 2219 2220
v 1135.2459 -241.2400 279.8971
v 1146.7626 -240.8349 278.8250
v 1138.5082 -235.8779 279.8927
f 2221 2222 2223
v 1146.7626 -240.8349 278.8250
v 1135.2459 -241.2400 279.8971
v 1138.7992 -254.0904 278.8260
f 2224 2225 2226
v 1130.4910 -249.0542 279.9036
v 1138.7992 -254.0904 278.8260
v 1135.2459 -241.2400 279.8971
f 2227 2228 2229
v 1130.4896 -249.0541 272.8598
v 1130.4910 -249.0542 279.9036
v 1135.2459 -241.2400 279.8971
f 2230 2231 2232
v 1130.4883 -249.0540 265.8161
v 1130.4889 -249.0540 269.3379
v 1134.6847 -242.1573 265.8157
f 2233 2234 2235
v 1138.5082 -235.8779 279.8927
v 1134.6847 -242.1573 265.8157
v 1130.4889 -249.0540 269.3379
f 2236 2237 2238
v 1138.5082 -235.8779 279.8927
v 1138.5055 -235.8777 265.8152
v 1134.6847 -242.1573 265.8157
f 2239 2240 2241
v 1142.9104 -247.2444 272.9467
v 1146.7616 -240.8348 273.5762
v 1146.7626 -240.8349 278.8250
f 2242 2243 2244
v 1138.7979 -254.0903 272.2112
v 1142.9104 -247.2444 272.9467
v 1138.7992 -254.0904 278.8260
f 2245 2246 2247
v 1146.7616 -240.8348 273.5762
v 1142.9104 -247.2444 272.9467
v 1146.7612 -240.8347 271.4833
f 2248 2249 2250
v 1138.7992 -254.0904 278.8260
v 1142.9104 -247.2444 272.9467
v 1146.7626 -240.8349 278.8250
f 2251 2252 2253
v 1146.7612 -240.8347 271.4833
v 1153.9794 -253.8949 272.9444
v 1157.8293 -247.4854 271.4810
f 2254 2255 2256
v 1142.9104 -247.2444 272.9467
v 1153.9794 -253.8949 272.9444
v 1146.7612 -240.8347 271.4833
f 2257 2258 2259
v 1138.7979 -254.0903 272.2112
v 1149.8409 -260.7848 272.2029
v 1153.9794 -253.8949 272.9444
f 2260 2261 2262
v 1153.9794 -253.8949 272.9444
v 1142.9104 -247.2444 272.9467
v 1138.7979 -254.0903 272.2112
f 2263 2264 2265
v 1138.5082 -235.8779 279.8927
v 1146.7616 -240.8348 273.5762
v 1138.6707 -235.9762 273.5169
f 2266 2267 2268
v 1138.5055 -235.8777 265.8152
v 1138.5082 -235.8779 279.8927
v 1138.6692 -235.9760 265.8152
f 2269 2270 2271
v 1138.5082 -235.8779 279.8927
v 1138.6707 -235.9762 273.5169
v 1138.6692 -235.9760 265.8152
f 2272 2273 2274
v 1177.7117 -228.3729 279.1999
v 1169.0441 -242.7985 273.7010
v 1177.7091 -228.3728 265.8083
f 2275 2276 2277
v 1177.7091 -228.3728 265.8083
v 1169.0441 -242.7985 273.7010
v 1170.9440 -239.6345 265.8091
f 2278 2279 2280
v 1169.0441 -242.7985 273.7010
v 1177.7117 -228.3729 279.1999
v 1169.0451 -242.7986 279.2009
f 2281 2282 2283
v 1169.0441 -242.7985 273.7010
v 1164.0007 -251.1938 273.7016
v 1163.9991 -251.1937 265.8099
f 2284 2285 2286
v 1138.6707 -235.9762 273.5169
v 1143.7131 -227.5808 273.5163
v 1143.7117 -227.5808 265.8146
f 2287 2288 2289
v 1147.5136 -221.2520 265.8141
v 1143.7131 -227.5808 273.5163
v 1152.4441 -213.0494 279.2050
f 2290 2291 2292
v 1143.7142 -227.5809 279.2061
v 1152.4441 -213.0494 279.2050
v 1143.7131 -227.5808 273.5163
f 2293 2294 2295
v 1152.4441 -213.0494 279.2050
v 1152.4415 -213.0493 265.8135
v 1147.5136 -221.2520 265.8141
f 2296 2297 2298
v 1143.7117 -227.5808 265.8146
v 1143.7131 -227.5808 273.5163
v 1147.5136 -221.2520 265.8141
f 2299 2300 2301
v 1149.8409 -260.7848 272.2029
v 1156.0151 -264.5273 274.0825
v 1149.8412 -260.7849 274.0838
f 2302 2303 2304
v 1149.8409 -260.7848 272.2029
v 1138.7979 -254.0903 272.2112
v 1149.8396 -260.7846 265.8121
f 2305 2306 2307
v 1156.0135 -264.5272 265.8108
v 1156.0151 -264.5273 274.0825
v 1149.8409 -260.7848 272.2029
f 2308 2309 2310
v 1152.9036 -262.6418 265.8115
v 1156.0135 -264.5272 265.8108
v 1149.8409 -260.7848 272.2029
f 2311 2312 2313
v 1149.8396 -260.7846 265.8121
v 1138.7979 -254.0903 272.2112
v 1138.7967 -254.0902 265.8144
f 2314 2315 2316
v 1152.9036 -262.6418 265.8115
v 1149.8409 -260.7848 272.2029
v 1149.8396 -260.7846 265.8121
f 2317 2318 2319
v 1130.4910 -249.0542 279.9036
v 1138.7979 -254.0903 272.2112
v 1138.7992 -254.0904 278.8260
f 2320 2321 2322
v 1130.4896 -249.0541 272.8598
v 1138.7979 -254.0903 272.2112
v 1130.4910 -249.0542 279.9036
f 2323 2324 2325
v 1130.4889 -249.0540 269.3379
v 1130.4883 -249.0540 265.8161
v 1135.8705 -252.3163 265.8150
f 2326 2327 2328
v 1130.4889 -249.0540 269.3379
v 1135.8705 -252.3163 265.8150
v 1138.7967 -254.0902 265.8144
f 2329 2330 2331
v 1130.4889 -249.0540 269.3379
v 1138.7979 -254.0903 272.2112
v 1130.4896 -249.0541 272.8598
f 2332 2333 2334
v 1138.7979 -254.0903 272.2112
v 1130.4889 -249.0540 269.3379
v 1138.7967 -254.0902 265.8144
f 2335 2336 2337
v 1170.9440 -239.6345 265.8091
v 1147.5136 -221.2520 265.8141
v 1152.4415 -213.0493 265.8135
f 2338 2339 2340
v 1138.6692 -235.9760 265.8152
v 1134.6847 -242.1573 265.8157
v 1138.5055 -235.8777 265.8152
f 2341 2342 2343
v 1134.6847 -242.1573 265.8157
v 1135.8705 -252.3163 265.8150
v 1130.4883 -249.0540 265.8161
f 2344 2345 2346
v 1177.7091 -228.3728 265.8083
v 1170.9440 -239.6345 265.8091
v 1152.4415 -213.0493 265.8135
f 2347 2348 2349
v 1143.7117 -227.5808 265.8146
v 1147.5136 -221.2520 265.8141
v 1170.9440 -239.6345 265.8091
f 2350 2351 2352
v 1156.0135 -264.5272 265.8108
v 1163.9991 -251.1937 265.8099
v 1164.0830 -251.2440 265.8099
f 2353 2354 2355
v 1143.7117 -227.5808 265.8146
v 1170.9440 -239.6345 265.8091
v 1163.9991 -251.1937 265.8099
f 2356 2357 2358
v 1138.6692 -235.9760 265.8152
v 1143.7117 -227.5808 265.8146
v 1163.9991 -251.1937 265.8099
f 2359 2360 2361
v 1134.6847 -242.1573 265.8157
v 1138.7967 -254.0902 265.8144
v 1135.8705 -252.3163 265.8150
f 2362 2363 2364
v 1134.6847 -242.1573 265.8157
v 1163.9991 -251.1937 265.8099
v 1138.7967 -254.0902 265.8144
f 2365 2366 2367
v 1163.9991 -251.1937 265.8099
v 1134.6847 -242.1573 265.8157
v 1138.6692 -235.9760 265.8152
f 2368 2369 2370
v 1149.8396 -260.7846 265.8121
v 1138.7967 -254.0902 265.8144
v 1163.9991 -251.1937 265.8099
f 2371 2372 2373
v 1152.9036 -262.6418 265.8115
v 1149.8396 -260.7846 265.8121
v 1163.9991 -251.1937 265.8099
f 2374 2375 2376
v 1152.9036 -262.6418 265.8115
v 1163.9991 -251.1937 265.8099
v 1156.0135 -264.5272 265.8108
f 2377 2378 2379
v 1152.4415 -213.0493 265.8135
v 1177.7117 -228.3729 279.1999
v 1177.7091 -228.3728 265.8083
f 2380 2381 2382
v 1169.0441 -242.7985 273.7010
v 1143.7142 -227.5809 279.2061
v 1143.7131 -227.5808 273.5163
f 2383 2384 2385
v 1157.8293 -247.4854 271.4810
v 1146.7616 -240.8348 273.5762
v 1146.7612 -240.8347 271.4833
f 2386 2387 2388
v 1164.0830 -251.2440 265.8099
v 1156.0151 -264.5273 274.0825
v 1156.0135 -264.5272 265.8108
f 2389 2390 2391
v 1130.4896 -249.0541 272.8598
v 1135.2459 -241.2400 279.8971
v 1138.5082 -235.8779 279.8927
f 2392 2393 2394
v 1138.5082 -235.8779 279.8927
v 1130.4889 -249.0540 269.3379
v 1130.4896 -249.0541 272.8598
f 2395 2396 2397
v 1138.5082 -235.8779 279.8927
v 1146.7626 -240.8349 278.8250
v 1146.7616 -240.8348 273.5762
f 2398 2399 2400
v 1169.0441 -242.7985 273.7010
v 1163.9991 -251.1937 265.8099
v 1170.9440 -239.6345 265.8091
f 2401 2402 2403
v 1138.6707 -235.9762 273.5169
v 1143.7117 -227.5808 265.8146
v 1138.6692 -235.9760 265.8152
f 2404 2405 2406

g building_ID_6E6BF921-C1C1-4283-9787-28AD7061F27E
v 1134.4314 -270.2973 265.8905
v 1156.8212 -283.6961 265.8859
v 1139.1205 -278.7987 265.8893
f 2407 2408 2409
v 1134.4314 -270.2973 265.8905
v 1139.1205 -278.7987 265.8893
v 1131.9223 -274.4265 265.8907
f 2410 2411 2412
v 1154.6744 -276.5404 265.8866
v 1134.4314 -270.2973 265.8905
v 1137.0479 -265.9923 265.8902
f 2413 2414 2415
v 1154.6744 -276.5404 265.8866
v 1159.3886 -279.4041 265.8856
v 1156.8212 -283.6961 265.8859
f 2416 2417 2418
v 1154.3120 -287.8893 265.8861
v 1139.1205 -278.7987 265.8893
v 1156.8212 -283.6961 265.8859
f 2419 2420 2421
v 1154.6744 -276.5404 265.8866
v 1156.8212 -283.6961 265.8859
v 1134.4314 -270.2973 265.8905
f 2422 2423 2424
v 1131.9236 -274.4266 272.5045
v 1139.1218 -278.7988 272.5121
v 1134.4324 -270.2974 271.7543
f 2425 2426 2427
v 1156.8223 -283.6963 271.7497
v 1134.4324 -270.2974 271.7543
v 1139.1218 -278.7988 272.5121
f 2428 2429 2430
v 1156.8223 -283.6963 271.7497
v 1139.1218 -278.7988 272.5121
v 1154.3132 -287.8895 272.5088
f 2431 2432 2433
v 1156.8631 -277.8694 272.5059
v 1154.6756 -276.5406 272.5094
v 1156.8223 -283.6963 271.7497
f 2434 2435 2436
v 1134.4324 -270.2974 271.7543
v 1156.8223 -283.6963 271.7497
v 1154.6756 -276.5406 272.5094
f 2437 2438 2439
v 1134.4324 -270.2974 271.7543
v 1154.6756 -276.5406 272.5094
v 1137.0491 -265.9925 272.5130
f 2440 2441 2442
v 1156.8223 -283.6963 271.7497
v 1159.3899 -279.4041 272.5034
v 1156.8631 -277.8694 272.5059
f 2443 2444 2445
v 1131.9236 -274.4266 272.5045
v 1131.9223 -274.4265 265.8907
v 1139.1218 -278.7988 272.5121
f 2446 2447 2448
v 1131.9223 -274.4265 265.8907
v 1139.1205 -278.7987 265.8893
v 1139.1218 -278.7988 272.5121
f 2449 2450 2451
v 1154.3120 -287.8893 265.8861
v 1154.3132 -287.8895 272.5088
v 1139.1218 -278.7988 272.5121
f 2452 2453 2454
v 1154.3120 -287.8893 265.8861
v 1139.1218 -278.7988 272.5121
v 1139.1205 -278.7987 265.8893
f 2455 2456 2457
v 1159.3890 -279.4040 267.5365
v 1156.8631 -277.8694 272.5059
v 1159.3899 -279.4041 272.5034
f 2458 2459 2460
v 1159.3890 -279.4040 267.5365
v 1159.3886 -279.4041 265.8856
v 1156.8631 -277.8694 272.5059
f 2461 2462 2463
v 1154.6744 -276.5404 265.8866
v 1156.8631 -277.8694 272.5059
v 1159.3886 -279.4041 265.8856
f 2464 2465 2466
v 1137.0479 -265.9923 265.8902
v 1137.0491 -265.9925 272.5130
v 1154.6756 -276.5406 272.5094
f 2467 2468 2469
v 1137.0479 -265.9923 265.8902
v 1154.6756 -276.5406 272.5094
v 1154.6744 -276.5404 265.8866
f 2470 2471 2472
v 1156.8223 -283.6963 271.7497
v 1159.3890 -279.4040 267.5365
v 1159.3899 -279.4041 272.5034
f 2473 2474 2475
v 1156.8212 -283.6961 265.8859
v 1159.3886 -279.4041 265.8856
v 1159.3890 -279.4040 267.5365
f 2476 2477 2478
v 1156.8223 -283.6963 271.7497
v 1154.3132 -287.8895 272.5088
v 1159.3890 -279.4040 267.5365
f 2479 2480 2481
v 1154.3120 -287.8893 265.8861
v 1156.8212 -283.6961 265.8859
v 1154.3132 -287.8895 272.5088
f 2482 2483 2484
v 1154.3132 -287.8895 272.5088
v 1156.8212 -283.6961 265.8859
v 1159.3890 -279.4040 267.5365
f 2485 2486 2487
v 1134.4324 -270.2974 271.7543
v 1131.9223 -274.4265 265.8907
v 1131.9236 -274.4266 272.5045
f 2488 2489 2490
v 1137.0479 -265.9923 265.8902
v 1134.4324 -270.2974 271.7543
v 1137.0491 -265.9925 272.5130
f 2491 2492 2493
v 1137.0479 -265.9923 265.8902
v 1134.4314 -270.2973 265.8905
v 1134.4324 -270.2974 271.7543
f 2494 2495 2496
v 1134.4324 -270.2974 271.7543
v 1134.4314 -270.2973 265.8905
v 1131.9223 -274.4265 265.8907
f 2497 2498 2499
v 1154.6756 -276.5406 272.5094
v 1156.8631 -277.8694 272.5059
v 1154.6744 -276.5404 265.8866
f 2500 2501 2502

g building_ID_06C3A2FB-41C8-4190-8726-E2E74C398DBB
v 1002.9970 -122.5201 265.8254
v 1014.7307 -107.2578 265.8238
v 1023.9677 -119.5413 265.8220
f 2503 2504 2505
v 1027.2898 -122.1012 265.8215
v 1023.9677 -119.5413 265.8220
v 1014.7307 -107.2578 265.8238
f 2506 2507 2508
v 1020.2866 -131.1883 265.8224
v 1002.9970 -122.5201 265.8254
v 1016.9645 -128.6284 265.8230
f 2509 2510 2511
v 1023.9677 -119.5413 265.8220
v 1016.9645 -128.6284 265.8230
v 1002.9970 -122.5201 265.8254
f 2512 2513 2514
v 1057.1918 -164.1487 265.8155
v 1027.2898 -122.1012 265.8215
v 1068.8812 -148.9863 265.8141
f 2515 2516 2517
v 1014.7307 -107.2578 265.8238
v 1068.8812 -148.9863 265.8141
v 1027.2898 -122.1012 265.8215
f 2518 2519 2520
v 1002.9970 -122.5201 265.8254
v 1020.2866 -131.1883 265.8224
v 1057.1918 -164.1487 265.8155
f 2521 2522 2523
v 1027.2898 -122.1012 265.8215
v 1057.1918 -164.1487 265.8155
v 1020.2866 -131.1883 265.8224
f 2524 2525 2526
v 1054.1828 -142.8249 287.9908
v 1068.8852 -148.9863 287.9883
v 1051.0654 -140.4236 287.9914
f 2527 2528 2529
v 1014.7346 -107.2576 287.9980
v 1051.0654 -140.4236 287.9914
v 1068.8852 -148.9863 287.9883
f 2530 2531 2532
v 1057.1957 -164.1487 287.9898
v 1068.8852 -148.9863 287.9883
v 1054.1828 -142.8249 287.9908
f 2533 2534 2535
v 1044.0620 -149.5108 287.9924
v 1057.1957 -164.1487 287.9898
v 1047.1796 -151.9130 287.9918
f 2536 2537 2538
v 1054.1828 -142.8249 287.9908
v 1047.1796 -151.9130 287.9918
v 1057.1957 -164.1487 287.9898
f 2539 2540 2541
v 1003.0008 -122.5200 287.9996
v 1057.1957 -164.1487 287.9898
v 1044.0620 -149.5108 287.9924
f 2542 2543 2544
v 1044.0620 -149.5108 287.9924
v 1051.0654 -140.4236 287.9914
v 1020.2904 -131.1882 287.9966
f 2545 2546 2547
v 1023.9715 -119.5412 287.9963
v 1027.2937 -122.1011 287.9958
v 1014.7346 -107.2576 287.9980
f 2548 2549 2550
v 1051.0654 -140.4236 287.9914
v 1014.7346 -107.2576 287.9980
v 1027.2937 -122.1011 287.9958
f 2551 2552 2553
v 1003.0008 -122.5200 287.9996
v 1023.9715 -119.5412 287.9963
v 1014.7346 -107.2576 287.9980
f 2554 2555 2556
v 1003.0008 -122.5200 287.9996
v 1020.2904 -131.1882 287.9966
v 1016.9683 -128.6283 287.9973
f 2557 2558 2559
v 1023.9715 -119.5412 287.9963
v 1003.0008 -122.5200 287.9996
v 1016.9683 -128.6283 287.9973
f 2560 2561 2562
v 1044.0620 -149.5108 287.9924
v 1020.2904 -131.1882 287.9966
v 1003.0008 -122.5200 287.9996
f 2563 2564 2565
v 1051.0654 -140.4236 287.9914
v 1027.2937 -122.1011 287.9958
v 1020.2904 -131.1882 287.9966
f 2566 2567 2568
v 1014.7307 -107.2578 265.8238
v 1014.7346 -107.2576 287.9980
v 1068.8852 -148.9863 287.9883
f 2569 2570 2571
v 1002.9970 -122.5201 265.8254
v 1003.0008 -122.5200 287.9996
v 1014.7346 -107.2576 287.9980
f 2572 2573 2574
v 1057.1918 -164.1487 265.8155
v 1057.1957 -164.1487 287.9898
v 1003.0008 -122.5200 287.9996
f 2575 2576 2577
v 1068.8812 -148.9863 265.8141
v 1068.8852 -148.9863 287.9883
v 1057.1957 -164.1487 287.9898
f 2578 2579 2580
v 1051.0657 -140.4235 290.2673
v 1044.0625 -149.5107 290.2683
v 1047.1800 -151.9131 290.2677
f 2581 2582 2583
v 1047.1800 -151.9131 290.2677
v 1054.1833 -142.8249 290.2667
v 1051.0657 -140.4235 290.2673
f 2584 2585 2586
v 1051.0654 -140.4236 287.9914
v 1051.0657 -140.4235 290.2673
v 1054.1833 -142.8249 290.2667
f 2587 2588 2589
v 1044.0620 -149.5108 287.9924
v 1044.0625 -149.5107 290.2683
v 1051.0657 -140.4235 290.2673
f 2590 2591 2592
v 1047.1796 -151.9130 287.9918
v 1047.1800 -151.9131 290.2677
v 1044.0625 -149.5107 290.2683
f 2593 2594 2595
v 1054.1828 -142.8249 287.9908
v 1054.1833 -142.8249 290.2667
v 1047.1800 -151.9131 290.2677
f 2596 2597 2598
v 1020.2866 -131.1883 265.7954
v 1023.9677 -119.5413 265.7950
v 1027.2898 -122.1012 265.7945
f 2599 2600 2601
v 1023.9677 -119.5413 265.7950
v 1020.2866 -131.1883 265.7954
v 1016.9645 -128.6284 265.7960
f 2602 2603 2604
v 1016.9687 -128.6284 290.2732
v 1027.2940 -122.1010 290.2717
v 1023.9720 -119.5412 290.2722
f 2605 2606 2607
v 1027.2940 -122.1010 290.2717
v 1016.9687 -128.6284 290.2732
v 1020.2908 -131.1882 290.2726
f 2608 2609 2610
v 1023.9715 -119.5412 287.9963
v 1023.9720 -119.5412 290.2722
v 1027.2940 -122.1010 290.2717
f 2611 2612 2613
v 1023.9677 -119.5413 265.7950
v 1023.9677 -119.5413 265.8220
v 1027.2898 -122.1012 265.8215
f 2614 2615 2616
v 1016.9683 -128.6283 287.9973
v 1016.9687 -128.6284 290.2732
v 1023.9720 -119.5412 290.2722
f 2617 2618 2619
v 1016.9645 -128.6284 265.7960
v 1016.9645 -128.6284 265.8230
v 1023.9677 -119.5413 265.8220
f 2620 2621 2622
v 1020.2866 -131.1883 265.7954
v 1020.2866 -131.1883 265.8224
v 1016.9645 -128.6284 265.8230
f 2623 2624 2625
v 1020.2904 -131.1882 287.9966
v 1020.2908 -131.1882 290.2726
v 1016.9687 -128.6284 290.2732
f 2626 2627 2628
v 1027.2937 -122.1011 287.9958
v 1027.2940 -122.1010 290.2717
v 1020.2908 -131.1882 290.2726
f 2629 2630 2631
v 1027.2898 -122.1012 265.7945
v 1027.2898 -122.1012 265.8215
v 1020.2866 -131.1883 265.8224
f 2632 2633 2634
v 1014.7307 -107.2578 265.8238
v 1068.8852 -148.9863 287.9883
v 1068.8812 -148.9863 265.8141
f 2635 2636 2637
v 1002.9970 -122.5201 265.8254
v 1014.7346 -107.2576 287.9980
v 1014.7307 -107.2578 265.8238
f 2638 2639 2640
v 1057.1918 -164.1487 265.8155
v 1003.0008 -122.5200 287.9996
v 1002.9970 -122.5201 265.8254
f 2641 2642 2643
v 1068.8812 -148.9863 265.8141
v 1057.1957 -164.1487 287.9898
v 1057.1918 -164.1487 265.8155
f 2644 2645 2646
v 1051.0654 -140.4236 287.9914
v 1054.1833 -142.8249 290.2667
v 1054.1828 -142.8249 287.9908
f 2647 2648 2649
v 1044.0620 -149.5108 287.9924
v 1051.0657 -140.4235 290.2673
v 1051.0654 -140.4236 287.9914
f 2650 2651 2652
v 1047.1796 -151.9130 287.9918
v 1044.0625 -149.5107 290.2683
v 1044.0620 -149.5108 287.9924
f 2653 2654 2655
v 1054.1828 -142.8249 287.9908
v 1047.1800 -151.9131 290.2677
v 1047.1796 -151.9130 287.9918
f 2656 2657 2658
v 1023.9715 -119.5412 287.9963
v 1027.2940 -122.1010 290.2717
v 1027.2937 -122.1011 287.9958
f 2659 2660 2661
v 1023.9677 -119.5413 265.7950
v 1027.2898 -122.1012 265.8215
v 1027.2898 -122.1012 265.7945
f 2662 2663 2664
v 1016.9683 -128.6283 287.9973
v 1023.9720 -119.5412 290.2722
v 1023.9715 -119.5412 287.9963
f 2665 2666 2667
v 1016.9645 -128.6284 265.7960
v 1023.9677 -119.5413 265.8220
v 1023.9677 -119.5413 265.7950
f 2668 2669 2670
v 1020.2866 -131.1883 265.7954
v 1016.9645 -128.6284 265.8230
v 1016.9645 -128.6284 265.7960
f 2671 2672 2673
v 1020.2904 -131.1882 287.9966
v 1016.9687 -128.6284 290.2732
v 1016.9683 -128.6283 287.9973
f 2674 2675 2676
v 1027.2937 -122.1011 287.9958
v 1020.2908 -131.1882 290.2726
v 1020.2904 -131.1882 287.9966
f 2677 2678 2679
v 1027.2898 -122.1012 265.7945
v 1020.2866 -131.1883 265.8224
v 1020.2866 -131.1883 265.7954
f 2680 2681 2682

g building_ID_835F365A-215C-41F7-B026-79D681DE4A8A
v 1038.2349 -181.8158 278.0378
v 997.4801 -136.0141 278.0455
v 990.5662 -144.9564 278.0464
f 2683 2684 2685
v 997.4801 -136.0141 278.0455
v 1038.2349 -181.8158 278.0378
v 1045.1487 -172.8734 278.0369
f 2686 2687 2688
v 997.4797 -136.0141 276.0546
v 997.4801 -136.0141 278.0455
v 1045.1487 -172.8734 278.0369
f 2689 2690 2691
v 990.5658 -144.9565 276.0555
v 990.5662 -144.9564 278.0464
v 997.4801 -136.0141 278.0455
f 2692 2693 2694
v 1038.2345 -181.8157 276.0469
v 1038.2349 -181.8158 278.0378
v 990.5662 -144.9564 278.0464
f 2695 2696 2697
v 1045.1484 -172.8734 276.0460
v 1045.1487 -172.8734 278.0369
v 1038.2349 -181.8158 278.0378
f 2698 2699 2700
v 1013.3988 -165.0874 265.6827
v 986.2859 -144.3070 265.6876
v 995.6856 -132.0314 265.6864
f 2701 2702 2703
v 1015.6740 -167.2465 265.6823
v 1013.3988 -165.0874 265.6827
v 1022.8941 -172.7697 265.6810
f 2704 2705 2706
v 1013.3988 -165.0874 265.6827
v 1049.9013 -173.6781 265.6765
v 1022.8941 -172.7697 265.6810
f 2707 2708 2709
v 1015.1864 -167.8831 265.6823
v 1015.6740 -167.2465 265.6823
v 1022.8941 -172.7697 265.6810
f 2710 2711 2712
v 1049.9013 -173.6781 265.6765
v 1013.3988 -165.0874 265.6827
v 995.6856 -132.0314 265.6864
f 2713 2714 2715
v 1015.6740 -167.2465 265.6823
v 1013.4436 -165.5375 265.6827
v 1013.3988 -165.0874 265.6827
f 2716 2717 2718
v 1012.9640 -166.1642 265.6827
v 1012.7194 -165.9746 265.6828
v 1013.4436 -165.5375 265.6827
f 2719 2720 2721
v 1013.3988 -165.0874 265.6827
v 1013.4436 -165.5375 265.6827
v 1012.7194 -165.9746 265.6828
f 2722 2723 2724
v 1015.1864 -167.8831 265.6823
v 1022.8941 -172.7697 265.6810
v 1022.3773 -173.4444 265.6811
f 2725 2726 2727
v 1025.1861 -174.6189 265.6806
v 1039.7372 -186.8677 265.6778
v 1024.7044 -175.2435 265.6806
f 2728 2729 2730
v 1021.7181 -179.1185 265.6810
v 1024.7044 -175.2435 265.6806
v 1036.7718 -190.7147 265.6781
f 2731 2732 2733
v 1049.9013 -173.6781 265.6765
v 1039.7372 -186.8677 265.6778
v 1025.1861 -174.6189 265.6806
f 2734 2735 2736
v 1039.7372 -186.8677 265.6778
v 1036.7718 -190.7147 265.6781
v 1024.7044 -175.2435 265.6806
f 2737 2738 2739
v 1049.9013 -173.6781 265.6765
v 1025.1861 -174.6189 265.6806
v 1022.8941 -172.7697 265.6810
f 2740 2741 2742
v 1036.7737 -190.7148 276.5238
v 1024.7063 -175.2436 276.0492
v 1021.7200 -179.1185 276.5306
f 2743 2744 2745
v 1024.7063 -175.2436 276.0492
v 1036.7737 -190.7148 276.5238
v 1039.7389 -186.8678 276.0465
f 2746 2747 2748
v 1039.7389 -186.8678 276.0465
v 1049.9032 -173.6782 276.0452
v 1038.2345 -181.8157 276.0469
f 2749 2750 2751
v 1045.1484 -172.8734 276.0460
v 1038.2345 -181.8157 276.0469
v 1049.9032 -173.6782 276.0452
f 2752 2753 2754
v 1022.8959 -172.7698 276.0496
v 1038.2345 -181.8157 276.0469
v 1013.4006 -165.0874 276.0513
f 2755 2756 2757
v 1022.8959 -172.7698 276.0496
v 1015.6758 -167.2465 276.0509
v 1022.3791 -173.4443 276.0497
f 2758 2759 2760
v 1045.1484 -172.8734 276.0460
v 1049.9032 -173.6782 276.0452
v 995.6873 -132.0314 276.0550
f 2761 2762 2763
v 1025.1879 -174.6188 276.0492
v 1038.2345 -181.8157 276.0469
v 1022.8959 -172.7698 276.0496
f 2764 2765 2766
v 1025.1879 -174.6188 276.0492
v 1024.7063 -175.2436 276.0492
v 1039.7389 -186.8678 276.0465
f 2767 2768 2769
v 1015.6758 -167.2465 276.0509
v 1015.1881 -167.8832 276.0509
v 1022.3791 -173.4443 276.0497
f 2770 2771 2772
v 1025.1879 -174.6188 276.0492
v 1039.7389 -186.8678 276.0465
v 1038.2345 -181.8157 276.0469
f 2773 2774 2775
v 1013.4006 -165.0874 276.0513
v 990.5658 -144.9565 276.0555
v 986.2876 -144.3070 276.0562
f 2776 2777 2778
v 990.5658 -144.9565 276.0555
v 1013.4006 -165.0874 276.0513
v 1038.2345 -181.8157 276.0469
f 2779 2780 2781
v 990.5658 -144.9565 276.0555
v 997.4797 -136.0141 276.0546
v 995.6873 -132.0314 276.0550
f 2782 2783 2784
v 1022.8959 -172.7698 276.0496
v 1013.4006 -165.0874 276.0513
v 1015.6758 -167.2465 276.0509
f 2785 2786 2787
v 986.2876 -144.3070 276.0562
v 990.5658 -144.9565 276.0555
v 995.6873 -132.0314 276.0550
f 2788 2789 2790
v 1013.4454 -165.5375 276.0513
v 1013.4006 -165.0874 276.0513
v 1012.7212 -165.9746 276.0514
f 2791 2792 2793
v 1013.4006 -165.0874 276.0513
v 1013.4454 -165.5375 276.0513
v 1015.6758 -167.2465 276.0509
f 2794 2795 2796
v 1012.9657 -166.1643 276.0513
v 1013.4454 -165.5375 276.0513
v 1012.7212 -165.9746 276.0514
f 2797 2798 2799
v 995.6873 -132.0314 276.0550
v 997.4797 -136.0141 276.0546
v 1045.1484 -172.8734 276.0460
f 2800 2801 2802
v 1036.7718 -190.7147 265.6781
v 1036.7737 -190.7148 276.5238
v 1021.7200 -179.1185 276.5306
f 2803 2804 2805
v 1021.7200 -179.1185 276.5306
v 1021.7181 -179.1185 265.6810
v 1036.7718 -190.7147 265.6781
f 2806 2807 2808
v 1015.1864 -167.8831 265.6823
v 1015.1881 -167.8832 276.0509
v 1015.6758 -167.2465 276.0509
f 2809 2810 2811
v 1022.3773 -173.4444 265.6811
v 1022.3791 -173.4443 276.0497
v 1015.1881 -167.8832 276.0509
f 2812 2813 2814
v 1022.8941 -172.7697 265.6810
v 1022.8959 -172.7698 276.0496
v 1022.3791 -173.4443 276.0497
f 2815 2816 2817
v 1025.1861 -174.6189 265.6806
v 1025.1879 -174.6188 276.0492
v 1022.8959 -172.7698 276.0496
f 2818 2819 2820
v 995.6856 -132.0314 265.6864
v 995.6873 -132.0314 276.0550
v 1049.9032 -173.6782 276.0452
f 2821 2822 2823
v 986.2859 -144.3070 265.6876
v 986.2876 -144.3070 276.0562
v 995.6873 -132.0314 276.0550
f 2824 2825 2826
v 1013.3988 -165.0874 265.6827
v 1013.4006 -165.0874 276.0513
v 986.2876 -144.3070 276.0562
f 2827 2828 2829
v 1012.7194 -165.9746 265.6828
v 1012.7212 -165.9746 276.0514
v 1013.4006 -165.0874 276.0513
f 2830 2831 2832
v 1012.9640 -166.1642 265.6827
v 1012.9657 -166.1643 276.0513
v 1012.7212 -165.9746 276.0514
f 2833 2834 2835
v 1013.4436 -165.5375 265.6827
v 1013.4454 -165.5375 276.0513
v 1012.9657 -166.1643 276.0513
f 2836 2837 2838
v 1015.6740 -167.2465 265.6823
v 1015.6758 -167.2465 276.0509
v 1013.4454 -165.5375 276.0513
f 2839 2840 2841
v 1024.7044 -175.2435 265.6806
v 1024.7063 -175.2436 276.0492
v 1025.1879 -174.6188 276.0492
f 2842 2843 2844
v 1024.7063 -175.2436 276.0492
v 1024.7044 -175.2435 265.6806
v 1021.7181 -179.1185 265.6810
f 2845 2846 2847
v 1025.1879 -174.6188 276.0492
v 1025.1861 -174.6189 265.6806
v 1024.7044 -175.2435 265.6806
f 2848 2849 2850
v 1021.7200 -179.1185 276.5306
v 1024.7063 -175.2436 276.0492
v 1021.7181 -179.1185 265.6810
f 2851 2852 2853
v 1039.7372 -186.8677 265.6778
v 1049.9032 -173.6782 276.0452
v 1039.7389 -186.8678 276.0465
f 2854 2855 2856
v 1049.9032 -173.6782 276.0452
v 1039.7372 -186.8677 265.6778
v 1049.9013 -173.6781 265.6765
f 2857 2858 2859
v 1039.7372 -186.8677 265.6778
v 1039.7389 -186.8678 276.0465
v 1036.7737 -190.7148 276.5238
f 2860 2861 2862
v 1039.7372 -186.8677 265.6778
v 1036.7737 -190.7148 276.5238
v 1036.7718 -190.7147 265.6781
f 2863 2864 2865
v 997.4797 -136.0141 276.0546
v 1045.1487 -172.8734 278.0369
v 1045.1484 -172.8734 276.0460
f 2866 2867 2868
v 990.5658 -144.9565 276.0555
v 997.4801 -136.0141 278.0455
v 997.4797 -136.0141 276.0546
f 2869 2870 2871
v 1038.2345 -181.8157 276.0469
v 990.5662 -144.9564 278.0464
v 990.5658 -144.9565 276.0555
f 2872 2873 2874
v 1045.1484 -172.8734 276.0460
v 1038.2349 -181.8158 278.0378
v 1038.2345 -181.8157 276.0469
f 2875 2876 2877
v 1015.1864 -167.8831 265.6823
v 1015.6758 -167.2465 276.0509
v 1015.6740 -167.2465 265.6823
f 2878 2879 2880
v 1022.3773 -173.4444 265.6811
v 1015.1881 -167.8832 276.0509
v 1015.1864 -167.8831 265.6823
f 2881 2882 2883
v 1022.8941 -172.7697 265.6810
v 1022.3791 -173.4443 276.0497
v 1022.3773 -173.4444 265.6811
f 2884 2885 2886
v 1025.1861 -174.6189 265.6806
v 1022.8959 -172.7698 276.0496
v 1022.8941 -172.7697 265.6810
f 2887 2888 2889
v 995.6856 -132.0314 265.6864
v 1049.9032 -173.6782 276.0452
v 1049.9013 -173.6781 265.6765
f 2890 2891 2892
v 986.2859 -144.3070 265.6876
v 995.6873 -132.0314 276.0550
v 995.6856 -132.0314 265.6864
f 2893 2894 2895
v 1013.3988 -165.0874 265.6827
v 986.2876 -144.3070 276.0562
v 986.2859 -144.3070 265.6876
f 2896 2897 2898
v 1012.7194 -165.9746 265.6828
v 1013.4006 -165.0874 276.0513
v 1013.3988 -165.0874 265.6827
f 2899 2900 2901
v 1012.9640 -166.1642 265.6827
v 1012.7212 -165.9746 276.0514
v 1012.7194 -165.9746 265.6828
f 2902 2903 2904
v 1013.4436 -165.5375 265.6827
v 1012.9657 -166.1643 276.0513
v 1012.9640 -166.1642 265.6827
f 2905 2906 2907
v 1015.6740 -167.2465 265.6823
v 1013.4454 -165.5375 276.0513
v 1013.4436 -165.5375 265.6827
f 2908 2909 2910

g building_ID_368D32FA-CAFB-4CB4-841F-3421A044CC78
v 989.4593 -179.9821 265.7581
v 1013.3306 -180.1330 265.7543
v 1004.5786 -191.7144 265.7554
f 2911 2912 2913
v 1013.3306 -180.1330 265.7543
v 989.4593 -179.9821 265.7581
v 998.3469 -168.5150 265.7570
f 2914 2915 2916
v 993.6856 -174.5315 276.6231
v 1014.5062 -190.2630 276.6194
v 1018.8983 -184.4500 274.1090
f 2917 2918 2919
v 1018.8983 -184.4500 274.1090
v 998.3482 -168.5150 274.0007
v 993.6856 -174.5315 276.6231
f 2920 2921 2922
v 1014.3698 -190.4437 276.5504
v 993.6856 -174.5315 276.6231
v 989.4607 -179.9821 274.5188
f 2923 2924 2925
v 1014.5062 -190.2630 276.6194
v 993.6856 -174.5315 276.6231
v 1014.3698 -190.4437 276.5504
f 2926 2927 2928
v 1010.1454 -196.0333 274.4119
v 1014.3698 -190.4437 276.5504
v 989.4607 -179.9821 274.5188
f 2929 2930 2931
v 1031.4826 -194.2085 265.7299
v 1027.0760 -200.0435 265.7304
v 1013.3306 -180.1330 265.7333
f 2932 2933 2934
v 1022.7276 -205.7968 265.7309
v 1004.5786 -191.7144 265.7344
v 1027.0760 -200.0435 265.7304
f 2935 2936 2937
v 1027.0760 -200.0435 265.7304
v 1004.5786 -191.7144 265.7344
v 1013.3306 -180.1330 265.7333
f 2938 2939 2940
v 1010.1452 -196.0334 273.2440
v 1022.7289 -205.7969 273.1847
v 1027.0776 -200.0436 275.1941
f 2941 2942 2943
v 1027.0776 -200.0436 275.1941
v 1014.3705 -190.4427 275.1964
v 1010.1452 -196.0334 273.2440
f 2944 2945 2946
v 1031.4838 -194.2085 273.0787
v 1018.8981 -184.4499 273.0230
v 1014.5060 -190.2631 275.1314
f 2947 2948 2949
v 1014.5060 -190.2631 275.1314
v 1027.0776 -200.0436 275.1941
v 1031.4838 -194.2085 273.0787
f 2950 2951 2952
v 1014.3705 -190.4427 275.1964
v 1027.0776 -200.0436 275.1941
v 1014.5060 -190.2631 275.1314
f 2953 2954 2955
v 1018.8981 -184.4499 273.0230
v 1013.3306 -180.1330 265.7543
v 998.3469 -168.5150 265.7570
f 2956 2957 2958
v 1031.4826 -194.2085 265.7299
v 1013.3306 -180.1330 265.7333
v 1013.3306 -180.1330 265.7543
f 2959 2960 2961
v 1018.8981 -184.4499 273.0230
v 998.3469 -168.5150 265.7570
v 998.3482 -168.5150 274.0007
f 2962 2963 2964
v 998.3482 -168.5150 274.0007
v 1018.8983 -184.4500 274.1090
v 1018.8981 -184.4499 273.0230
f 2965 2966 2967
v 1018.8981 -184.4499 273.0230
v 1031.4838 -194.2085 273.0787
v 1031.4826 -194.2085 265.7299
f 2968 2969 2970
v 1013.3306 -180.1330 265.7543
v 1018.8981 -184.4499 273.0230
v 1031.4826 -194.2085 265.7299
f 2971 2972 2973
v 993.6856 -174.5315 276.6231
v 989.4593 -179.9821 265.7581
v 989.4607 -179.9821 274.5188
f 2974 2975 2976
v 998.3469 -168.5150 265.7570
v 989.4593 -179.9821 265.7581
v 998.3482 -168.5150 274.0007
f 2977 2978 2979
v 993.6856 -174.5315 276.6231
v 998.3482 -168.5150 274.0007
v 989.4593 -179.9821 265.7581
f 2980 2981 2982
v 1014.5062 -190.2630 276.6194
v 1014.5060 -190.2631 275.1314
v 1018.8983 -184.4500 274.1090
f 2983 2984 2985
v 1018.8983 -184.4500 274.1090
v 1014.5060 -190.2631 275.1314
v 1018.8981 -184.4499 273.0230
f 2986 2987 2988
v 1014.3705 -190.4427 275.1964
v 1014.5062 -190.2630 276.6194
v 1014.3698 -190.4437 276.5504
f 2989 2990 2991
v 1014.3705 -190.4427 275.1964
v 1010.1454 -196.0333 274.4119
v 1010.1452 -196.0334 273.2440
f 2992 2993 2994
v 1014.5062 -190.2630 276.6194
v 1014.3705 -190.4427 275.1964
v 1014.5060 -190.2631 275.1314
f 2995 2996 2997
v 1014.3698 -190.4437 276.5504
v 1010.1454 -196.0333 274.4119
v 1014.3705 -190.4427 275.1964
f 2998 2999 3000
v 989.4607 -179.9821 274.5188
v 1010.1452 -196.0334 273.2440
v 1010.1454 -196.0333 274.4119
f 3001 3002 3003
v 1010.1452 -196.0334 273.2440
v 1022.7276 -205.7968 265.7309
v 1022.7289 -205.7969 273.1847
f 3004 3005 3006
v 1022.7276 -205.7968 265.7309
v 1010.1452 -196.0334 273.2440
v 1004.5786 -191.7144 265.7554
f 3007 3008 3009
v 1004.5786 -191.7144 265.7554
v 1010.1452 -196.0334 273.2440
v 989.4593 -179.9821 265.7581
f 3010 3011 3012
v 989.4607 -179.9821 274.5188
v 989.4593 -179.9821 265.7581
v 1010.1452 -196.0334 273.2440
f 3013 3014 3015
v 1022.7276 -205.7968 265.7309
v 1004.5786 -191.7144 265.7554
v 1004.5786 -191.7144 265.7344
f 3016 3017 3018
v 1027.0760 -200.0435 265.7304
v 1031.4826 -194.2085 265.7299
v 1031.4838 -194.2085 273.0787
f 3019 3020 3021
v 1027.0776 -200.0436 275.1941
v 1022.7289 -205.7969 273.1847
v 1031.4838 -194.2085 273.0787
f 3022 3023 3024
v 1027.0760 -200.0435 265.7304
v 1031.4838 -194.2085 273.0787
v 1022.7276 -205.7968 265.7309
f 3025 3026 3027
v 1022.7289 -205.7969 273.1847
v 1022.7276 -205.7968 265.7309
v 1031.4838 -194.2085 273.0787
f 3028 3029 3030
v 1004.5786 -191.7144 265.7554
v 1013.3306 -180.1330 265.7543
v 1004.5786 -191.7144 265.7344
f 3031 3032 3033
v 1004.5786 -191.7144 265.7344
v 1013.3306 -180.1330 265.7543
v 1013.3306 -180.1330 265.7333
f 3034 3035 3036

g building_ID_579771F3-6760-4730-9FE4-E79943675FFF
v 1155.2162 -170.5693 265.8303
v 1185.2165 -188.6234 265.8243
v 1177.3566 -201.6832 265.8253
f 3037 3038 3039
v 1177.3566 -201.6832 265.8253
v 1147.3374 -183.6171 265.8314
v 1155.2162 -170.5693 265.8303
f 3040 3041 3042
v 1177.3592 -201.6833 279.4608
v 1155.2189 -170.5693 279.4659
v 1147.3400 -183.6171 279.4669
f 3043 3044 3045
v 1155.2189 -170.5693 279.4659
v 1177.3592 -201.6833 279.4608
v 1185.2192 -188.6235 279.4598
f 3046 3047 3048
v 1147.3374 -183.6171 265.8314
v 1147.3400 -183.6171 279.4669
v 1155.2189 -170.5693 279.4659
f 3049 3050 3051
v 1177.3566 -201.6832 265.8253
v 1177.3592 -201.6833 279.4608
v 1147.3400 -183.6171 279.4669
f 3052 3053 3054
v 1185.2165 -188.6234 265.8243
v 1185.2192 -188.6235 279.4598
v 1177.3592 -201.6833 279.4608
f 3055 3056 3057
v 1155.2162 -170.5693 265.8303
v 1155.2189 -170.5693 279.4659
v 1185.2192 -188.6235 279.4598
f 3058 3059 3060
v 1147.3374 -183.6171 265.8314
v 1155.2189 -170.5693 279.4659
v 1155.2162 -170.5693 265.8303
f 3061 3062 3063
v 1177.3566 -201.6832 265.8253
v 1147.3400 -183.6171 279.4669
v 1147.3374 -183.6171 265.8314
f 3064 3065 3066
v 1185.2165 -188.6234 265.8243
v 1177.3592 -201.6833 279.4608
v 1177.3566 -201.6832 265.8253
f 3067 3068 3069
v 1155.2162 -170.5693 265.8303
v 1185.2192 -188.6235 279.4598
v 1185.2165 -188.6234 265.8243
f 3070 3071 3072

g building_ID_022633F2-AB22-46EF-9259-1A1A4F2EBFCB
v 1162.4766 -158.2539 278.3269
v 1168.8630 -153.2271 278.3259
v 1166.3818 -151.8134 278.3263
f 3073 3074 3075
v 1171.2342 -154.6514 278.3254
v 1168.8630 -153.2271 278.3259
v 1167.5388 -161.1375 278.3259
f 3076 3077 3078
v 1162.4766 -158.2539 278.3269
v 1167.5388 -161.1375 278.3259
v 1168.8630 -153.2271 278.3259
f 3079 3080 3081
v 1168.8606 -153.2270 265.9363
v 1168.8630 -153.2271 278.3259
v 1171.2342 -154.6514 278.3254
f 3082 3083 3084
v 1166.3794 -151.8135 265.9367
v 1166.3818 -151.8134 278.3263
v 1168.8630 -153.2271 278.3259
f 3085 3086 3087
v 1162.4742 -158.2539 265.9373
v 1162.4766 -158.2539 278.3269
v 1166.3818 -151.8134 278.3263
f 3088 3089 3090
v 1167.5383 -161.1374 276.0500
v 1167.5388 -161.1375 278.3259
v 1162.6349 -158.3443 276.0510
f 3091 3092 3093
v 1162.4766 -158.2539 278.3269
v 1162.6349 -158.3443 276.0510
v 1167.5388 -161.1375 278.3259
f 3094 3095 3096
v 1162.6329 -158.3443 265.9373
v 1162.6349 -158.3443 276.0510
v 1162.4742 -158.2539 265.9373
f 3097 3098 3099
v 1162.4766 -158.2539 278.3269
v 1162.4742 -158.2539 265.9373
v 1162.6349 -158.3443 276.0510
f 3100 3101 3102
v 1171.2317 -154.6514 265.9358
v 1171.2342 -154.6514 278.3254
v 1169.6241 -157.4761 276.0497
f 3103 3104 3105
v 1167.5388 -161.1375 278.3259
v 1169.6241 -157.4761 276.0497
v 1171.2342 -154.6514 278.3254
f 3106 3107 3108
v 1169.6222 -157.4761 265.9360
v 1171.2317 -154.6514 265.9358
v 1169.6241 -157.4761 276.0497
f 3109 3110 3111
v 1167.5388 -161.1375 278.3259
v 1167.5383 -161.1374 276.0500
v 1169.6241 -157.4761 276.0497
f 3112 3113 3114
v 1169.9395 -157.7298 265.9359
v 1169.9414 -157.7299 276.0496
v 1174.5169 -160.5042 276.0487
f 3115 3116 3117
v 1169.9646 -157.6879 265.9359
v 1169.9666 -157.6880 276.0496
v 1169.9414 -157.7299 276.0496
f 3118 3119 3120
v 1169.2172 -169.7928 265.9358
v 1169.2191 -169.7928 276.0495
v 1159.3357 -163.6754 276.0514
f 3121 3122 3123
v 1172.4229 -171.7353 265.9351
v 1172.4249 -171.7354 276.0488
v 1169.2191 -169.7928 276.0495
f 3124 3125 3126
v 1178.0291 -162.6786 265.9343
v 1178.0311 -162.6785 276.0480
v 1172.4249 -171.7354 276.0488
f 3127 3128 3129
v 1174.5150 -160.5041 265.9350
v 1174.5169 -160.5042 276.0487
v 1178.0311 -162.6785 276.0480
f 3130 3131 3132
v 1167.5383 -161.1374 276.0500
v 1162.6349 -158.3443 276.0510
v 1159.3357 -163.6754 276.0514
f 3133 3134 3135
v 1169.9414 -157.7299 276.0496
v 1169.9666 -157.6880 276.0496
v 1169.6241 -157.4761 276.0497
f 3136 3137 3138
v 1167.5383 -161.1374 276.0500
v 1169.9414 -157.7299 276.0496
v 1169.6241 -157.4761 276.0497
f 3139 3140 3141
v 1167.5383 -161.1374 276.0500
v 1159.3357 -163.6754 276.0514
v 1169.2191 -169.7928 276.0495
f 3142 3143 3144
v 1172.4249 -171.7354 276.0488
v 1178.0311 -162.6785 276.0480
v 1167.5383 -161.1374 276.0500
f 3145 3146 3147
v 1167.5383 -161.1374 276.0500
v 1174.5169 -160.5042 276.0487
v 1169.9414 -157.7299 276.0496
f 3148 3149 3150
v 1174.5169 -160.5042 276.0487
v 1167.5383 -161.1374 276.0500
v 1178.0311 -162.6785 276.0480
f 3151 3152 3153
v 1172.4249 -171.7354 276.0488
v 1167.5383 -161.1374 276.0500
v 1169.2191 -169.7928 276.0495
f 3154 3155 3156
v 1169.6222 -157.4761 265.9360
v 1169.6241 -157.4761 276.0497
v 1169.9666 -157.6880 276.0496
f 3157 3158 3159
v 1159.3337 -163.6754 265.9377
v 1159.3357 -163.6754 276.0514
v 1162.6349 -158.3443 276.0510
f 3160 3161 3162
v 1162.6329 -158.3443 265.9373
v 1169.9395 -157.7298 265.9359
v 1169.2172 -169.7928 265.9358
f 3163 3164 3165
v 1169.2172 -169.7928 265.9358
v 1159.3337 -163.6754 265.9377
v 1162.6329 -158.3443 265.9373
f 3166 3167 3168
v 1172.4229 -171.7353 265.9351
v 1169.2172 -169.7928 265.9358
v 1178.0291 -162.6786 265.9343
f 3169 3170 3171
v 1169.2172 -169.7928 265.9358
v 1174.5150 -160.5041 265.9350
v 1178.0291 -162.6786 265.9343
f 3172 3173 3174
v 1166.3794 -151.8135 265.9367
v 1162.6329 -158.3443 265.9373
v 1162.4742 -158.2539 265.9373
f 3175 3176 3177
v 1168.8606 -153.2270 265.9363
v 1169.6222 -157.4761 265.9360
v 1166.3794 -151.8135 265.9367
f 3178 3179 3180
v 1171.2317 -154.6514 265.9358
v 1169.6222 -157.4761 265.9360
v 1168.8606 -153.2270 265.9363
f 3181 3182 3183
v 1169.2172 -169.7928 265.9358
v 1169.9395 -157.7298 265.9359
v 1174.5150 -160.5041 265.9350
f 3184 3185 3186
v 1169.9395 -157.7298 265.9359
v 1169.6222 -157.4761 265.9360
v 1169.9646 -157.6879 265.9359
f 3187 3188 3189
v 1169.6222 -157.4761 265.9360
v 1169.9395 -157.7298 265.9359
v 1162.6329 -158.3443 265.9373
f 3190 3191 3192
v 1162.6329 -158.3443 265.9373
v 1166.3794 -151.8135 265.9367
v 1169.6222 -157.4761 265.9360
f 3193 3194 3195
v 1168.8606 -153.2270 265.9363
v 1171.2342 -154.6514 278.3254
v 1171.2317 -154.6514 265.9358
f 3196 3197 3198
v 1166.3794 -151.8135 265.9367
v 1168.8630 -153.2271 278.3259
v 1168.8606 -153.2270 265.9363
f 3199 3200 3201
v 1162.4742 -158.2539 265.9373
v 1166.3818 -151.8134 278.3263
v 1166.3794 -151.8135 265.9367
f 3202 3203 3204
v 1169.9395 -157.7298 265.9359
v 1174.5169 -160.5042 276.0487
v 1174.5150 -160.5041 265.9350
f 3205 3206 3207
v 1169.9646 -157.6879 265.9359
v 1169.9414 -157.7299 276.0496
v 1169.9395 -157.7298 265.9359
f 3208 3209 3210
v 1169.2172 -169.7928 265.9358
v 1159.3357 -163.6754 276.0514
v 1159.3337 -163.6754 265.9377
f 3211 3212 3213
v 1172.4229 -171.7353 265.9351
v 1169.2191 -169.7928 276.0495
v 1169.2172 -169.7928 265.9358
f 3214 3215 3216
v 1178.0291 -162.6786 265.9343
v 1172.4249 -171.7354 276.0488
v 1172.4229 -171.7353 265.9351
f 3217 3218 3219
v 1174.5150 -160.5041 265.9350
v 1178.0311 -162.6785 276.0480
v 1178.0291 -162.6786 265.9343
f 3220 3221 3222
v 1169.6222 -157.4761 265.9360
v 1169.9666 -157.6880 276.0496
v 1169.9646 -157.6879 265.9359
f 3223 3224 3225
v 1159.3337 -163.6754 265.9377
v 1162.6349 -158.3443 276.0510
v 1162.6329 -158.3443 265.9373
f 3226 3227 3228

g building_ID_14323175-3698-494F-A83E-16E965CFED1A
v 1128.8724 -119.1344 265.9043
v 1138.3808 -122.3018 265.9025
v 1129.0439 -119.3328 265.9042
f 3229 3230 3231
v 1129.1632 -119.5672 265.9042
v 1129.0439 -119.3328 265.9042
v 1138.3808 -122.3018 265.9025
f 3232 3233 3234
v 1126.9226 -115.3592 265.9047
v 1138.3808 -122.3018 265.9025
v 1128.8724 -119.1344 265.9043
f 3235 3236 3237
v 1138.3808 -122.3018 265.9025
v 1129.1382 -120.3371 265.9042
v 1129.2108 -120.0853 265.9042
f 3238 3239 3240
v 1138.3808 -122.3018 265.9025
v 1129.2206 -119.8234 265.9042
v 1129.1632 -119.5672 265.9042
f 3241 3242 3243
v 1138.3808 -122.3018 265.9025
v 1129.2108 -120.0853 265.9042
v 1129.2206 -119.8234 265.9042
f 3244 3245 3246
v 1129.1382 -120.3371 265.9042
v 1138.3808 -122.3018 265.9025
v 1129.0036 -120.5627 265.9042
f 3247 3248 3249
v 1128.4081 -118.8971 265.9044
v 1126.9226 -115.3592 265.9047
v 1128.6548 -118.9868 265.9043
f 3250 3251 3252
v 1128.8724 -119.1344 265.9043
v 1128.6548 -118.9868 265.9043
v 1126.9226 -115.3592 265.9047
f 3253 3254 3255
v 1128.1471 -118.8715 265.9044
v 1126.9226 -115.3592 265.9047
v 1128.4081 -118.8971 265.9044
f 3256 3257 3258
v 1126.9226 -115.3592 265.9047
v 1128.1471 -118.8715 265.9044
v 1127.8880 -118.9118 265.9045
f 3259 3260 3261
v 1126.9226 -115.3592 265.9047
v 1127.6468 -119.0161 265.9045
v 1127.4383 -119.1756 265.9045
f 3262 3263 3264
v 1126.9226 -115.3592 265.9047
v 1127.8880 -118.9118 265.9045
v 1127.6468 -119.0161 265.9045
f 3265 3266 3267
v 1127.2768 -119.3831 265.9045
v 1126.9226 -115.3592 265.9047
v 1127.4383 -119.1756 265.9045
f 3268 3269 3270
v 1128.8171 -120.7482 265.9043
v 1129.0036 -120.5627 265.9042
v 1138.3808 -122.3018 265.9025
f 3271 3272 3273
v 1128.5917 -120.8816 265.9043
v 1128.8171 -120.7482 265.9043
v 1138.3808 -122.3018 265.9025
f 3274 3275 3276
v 1128.0765 -120.9612 265.9044
v 1128.3386 -120.9530 265.9043
v 1127.4968 -140.2644 265.9041
f 3277 3278 3279
v 1138.3808 -122.3018 265.9025
v 1128.3386 -120.9530 265.9043
v 1128.5917 -120.8816 265.9043
f 3280 3281 3282
v 1127.4968 -140.2644 265.9041
v 1127.8197 -120.9036 265.9044
v 1128.0765 -120.9612 265.9044
f 3283 3284 3285
v 1127.8197 -120.9036 265.9044
v 1127.4968 -140.2644 265.9041
v 1116.0656 -133.3379 265.9062
f 3286 3287 3288
v 1127.4968 -140.2644 265.9041
v 1128.3386 -120.9530 265.9043
v 1138.3808 -122.3018 265.9025
f 3289 3290 3291
v 1116.0656 -133.3379 265.9062
v 1127.1305 -119.8837 265.9046
v 1127.1548 -120.1448 265.9046
f 3292 3293 3294
v 1127.1721 -119.6238 265.9046
v 1127.1305 -119.8837 265.9046
v 1126.9226 -115.3592 265.9047
f 3295 3296 3297
v 1127.1305 -119.8837 265.9046
v 1116.0656 -133.3379 265.9062
v 1126.9226 -115.3592 265.9047
f 3298 3299 3300
v 1116.0656 -133.3379 265.9062
v 1127.3895 -120.6094 265.9045
v 1127.5870 -120.7839 265.9045
f 3301 3302 3303
v 1127.1548 -120.1448 265.9046
v 1127.2431 -120.3920 265.9045
v 1116.0656 -133.3379 265.9062
f 3304 3305 3306
v 1127.3895 -120.6094 265.9045
v 1116.0656 -133.3379 265.9062
v 1127.2431 -120.3920 265.9045
f 3307 3308 3309
v 1116.0656 -133.3379 265.9062
v 1127.5870 -120.7839 265.9045
v 1127.8197 -120.9036 265.9044
f 3310 3311 3312
v 1127.2768 -119.3831 265.9045
v 1127.1721 -119.6238 265.9046
v 1126.9226 -115.3592 265.9047
f 3313 3314 3315
v 1128.6585 -118.9867 285.4866
v 1126.9263 -115.3590 285.4871
v 1128.4117 -118.8970 285.4867
f 3316 3317 3318
v 1128.1508 -118.8713 285.4867
v 1128.4117 -118.8970 285.4867
v 1126.9263 -115.3590 285.4871
f 3319 3320 3321
v 1128.8761 -119.1343 285.4866
v 1126.9263 -115.3590 285.4871
v 1128.6585 -118.9867 285.4866
f 3322 3323 3324
v 1126.9263 -115.3590 285.4871
v 1127.4421 -119.1754 285.4868
v 1127.6505 -119.0160 285.4868
f 3325 3326 3327
v 1126.9263 -115.3590 285.4871
v 1127.8917 -118.9116 285.4867
v 1128.1508 -118.8713 285.4867
f 3328 3329 3330
v 1126.9263 -115.3590 285.4871
v 1127.6505 -119.0160 285.4868
v 1127.8917 -118.9116 285.4867
f 3331 3332 3333
v 1127.4421 -119.1754 285.4868
v 1126.9263 -115.3590 285.4871
v 1127.2805 -119.3830 285.4868
f 3334 3335 3336
v 1138.3845 -122.3017 285.4848
v 1126.9263 -115.3590 285.4871
v 1129.0476 -119.3328 285.4865
f 3337 3338 3339
v 1128.8761 -119.1343 285.4866
v 1129.0476 -119.3328 285.4865
v 1126.9263 -115.3590 285.4871
f 3340 3341 3342
v 1129.1670 -119.5670 285.4865
v 1138.3845 -122.3017 285.4848
v 1129.0476 -119.3328 285.4865
f 3343 3344 3345
v 1138.3845 -122.3017 285.4848
v 1129.1670 -119.5670 285.4865
v 1129.2243 -119.8232 285.4865
f 3346 3347 3348
v 1138.3845 -122.3017 285.4848
v 1129.2145 -120.0851 285.4865
v 1129.1419 -120.3370 285.4865
f 3349 3350 3351
v 1138.3845 -122.3017 285.4848
v 1129.2243 -119.8232 285.4865
v 1129.2145 -120.0851 285.4865
f 3352 3353 3354
v 1129.0073 -120.5626 285.4865
v 1138.3845 -122.3017 285.4848
v 1129.1419 -120.3370 285.4865
f 3355 3356 3357
v 1127.1758 -119.6238 285.4869
v 1127.2805 -119.3830 285.4868
v 1126.9263 -115.3590 285.4871
f 3358 3359 3360
v 1127.1341 -119.8836 285.4869
v 1127.1758 -119.6238 285.4869
v 1126.9263 -115.3590 285.4871
f 3361 3362 3363
v 1127.2467 -120.3919 285.4868
v 1127.1584 -120.1447 285.4869
v 1116.0692 -133.3378 285.4885
f 3364 3365 3366
v 1127.1341 -119.8836 285.4869
v 1116.0692 -133.3378 285.4885
v 1127.1584 -120.1447 285.4869
f 3367 3368 3369
v 1116.0692 -133.3378 285.4885
v 1127.3932 -120.6093 285.4868
v 1127.2467 -120.3919 285.4868
f 3370 3371 3372
v 1127.3932 -120.6093 285.4868
v 1116.0692 -133.3378 285.4885
v 1127.5907 -120.7838 285.4868
f 3373 3374 3375
v 1126.9263 -115.3590 285.4871
v 1116.0692 -133.3378 285.4885
v 1127.1341 -119.8836 285.4869
f 3376 3377 3378
v 1127.5005 -140.2644 285.4864
v 1128.5954 -120.8816 285.4866
v 1128.3423 -120.9529 285.4866
f 3379 3380 3381
v 1138.3845 -122.3017 285.4848
v 1128.8208 -120.7481 285.4866
v 1127.5005 -140.2644 285.4864
f 3382 3383 3384
v 1128.8208 -120.7481 285.4866
v 1128.5954 -120.8816 285.4866
v 1127.5005 -140.2644 285.4864
f 3385 3386 3387
v 1127.8234 -120.9034 285.4867
v 1127.5907 -120.7838 285.4868
v 1116.0692 -133.3378 285.4885
f 3388 3389 3390
v 1128.3423 -120.9529 285.4866
v 1128.0802 -120.9612 285.4867
v 1127.5005 -140.2644 285.4864
f 3391 3392 3393
v 1116.0692 -133.3378 285.4885
v 1128.0802 -120.9612 285.4867
v 1127.8234 -120.9034 285.4867
f 3394 3395 3396
v 1116.0692 -133.3378 285.4885
v 1127.5005 -140.2644 285.4864
v 1128.0802 -120.9612 285.4867
f 3397 3398 3399
v 1129.0073 -120.5626 285.4865
v 1128.8208 -120.7481 285.4866
v 1138.3845 -122.3017 285.4848
f 3400 3401 3402
v 1116.0656 -133.3379 265.9062
v 1116.0692 -133.3378 285.4885
v 1126.9263 -115.3590 285.4871
f 3403 3404 3405
v 1127.4968 -140.2644 265.9041
v 1127.5005 -140.2644 285.4864
v 1116.0692 -133.3378 285.4885
f 3406 3407 3408
v 1138.3808 -122.3018 265.9025
v 1138.3845 -122.3017 285.4848
v 1127.5005 -140.2644 285.4864
f 3409 3410 3411
v 1126.9226 -115.3592 265.9047
v 1126.9263 -115.3590 285.4871
v 1138.3845 -122.3017 285.4848
f 3412 3413 3414
v 1128.3386 -120.9530 265.8773
v 1128.8171 -120.7482 265.8773
v 1128.5917 -120.8816 265.8773
f 3415 3416 3417
v 1128.3386 -120.9530 265.8773
v 1129.2108 -120.0853 265.8772
v 1128.8171 -120.7482 265.8773
f 3418 3419 3420
v 1127.5870 -120.7839 265.8775
v 1128.0765 -120.9612 265.8774
v 1127.8197 -120.9036 265.8774
f 3421 3422 3423
v 1128.3386 -120.9530 265.8773
v 1128.0765 -120.9612 265.8774
v 1127.5870 -120.7839 265.8775
f 3424 3425 3426
v 1128.3386 -120.9530 265.8773
v 1127.1548 -120.1448 265.8776
v 1129.0439 -119.3328 265.8772
f 3427 3428 3429
v 1129.1382 -120.3371 265.8772
v 1129.0036 -120.5627 265.8772
v 1129.2108 -120.0853 265.8772
f 3430 3431 3432
v 1129.2108 -120.0853 265.8772
v 1129.0036 -120.5627 265.8772
v 1128.8171 -120.7482 265.8773
f 3433 3434 3435
v 1129.2206 -119.8234 265.8772
v 1129.2108 -120.0853 265.8772
v 1129.1632 -119.5672 265.8772
f 3436 3437 3438
v 1129.0439 -119.3328 265.8772
v 1129.1632 -119.5672 265.8772
v 1129.2108 -120.0853 265.8772
f 3439 3440 3441
v 1129.2108 -120.0853 265.8772
v 1128.3386 -120.9530 265.8773
v 1129.0439 -119.3328 265.8772
f 3442 3443 3444
v 1127.2431 -120.3920 265.8775
v 1128.3386 -120.9530 265.8773
v 1127.5870 -120.7839 265.8775
f 3445 3446 3447
v 1128.3386 -120.9530 265.8773
v 1127.2431 -120.3920 265.8775
v 1127.1548 -120.1448 265.8776
f 3448 3449 3450
v 1127.1548 -120.1448 265.8776
v 1127.6468 -119.0161 265.8775
v 1129.0439 -119.3328 265.8772
f 3451 3452 3453
v 1127.1721 -119.6238 265.8776
v 1127.6468 -119.0161 265.8775
v 1127.1305 -119.8837 265.8776
f 3454 3455 3456
v 1127.1548 -120.1448 265.8776
v 1127.1305 -119.8837 265.8776
v 1127.6468 -119.0161 265.8775
f 3457 3458 3459
v 1127.6468 -119.0161 265.8775
v 1127.1721 -119.6238 265.8776
v 1127.2767 -119.3831 265.8775
f 3460 3461 3462
v 1128.6548 -118.9868 265.8773
v 1129.0439 -119.3328 265.8772
v 1128.4081 -118.8971 265.8774
f 3463 3464 3465
v 1128.6548 -118.9868 265.8773
v 1128.8724 -119.1344 265.8773
v 1129.0439 -119.3328 265.8772
f 3466 3467 3468
v 1128.4081 -118.8971 265.8774
v 1127.6468 -119.0161 265.8775
v 1128.1471 -118.8715 265.8774
f 3469 3470 3471
v 1127.6468 -119.0161 265.8775
v 1127.8880 -118.9118 265.8775
v 1128.1471 -118.8715 265.8774
f 3472 3473 3474
v 1127.6468 -119.0161 265.8775
v 1128.4081 -118.8971 265.8774
v 1129.0439 -119.3328 265.8772
f 3475 3476 3477
v 1127.6468 -119.0161 265.8775
v 1127.2767 -119.3831 265.8775
v 1127.4383 -119.1756 265.8775
f 3478 3479 3480
v 1127.2431 -120.3920 265.8775
v 1127.5870 -120.7839 265.8775
v 1127.3895 -120.6094 265.8775
f 3481 3482 3483
v 1127.2886 -119.3827 328.8083
v 1127.1840 -119.6235 328.8084
v 1127.6586 -119.0157 328.8083
f 3484 3485 3486
v 1127.1840 -119.6235 328.8084
v 1127.1423 -119.8833 328.8084
v 1127.6586 -119.0157 328.8083
f 3487 3488 3489
v 1127.1666 -120.1444 328.8084
v 1129.0558 -119.3325 328.8080
v 1127.6586 -119.0157 328.8083
f 3490 3491 3492
v 1127.1666 -120.1444 328.8084
v 1127.6586 -119.0157 328.8083
v 1127.1423 -119.8833 328.8084
f 3493 3494 3495
v 1128.3504 -120.9526 328.8081
v 1127.1666 -120.1444 328.8084
v 1127.2549 -120.3916 328.8083
f 3496 3497 3498
v 1127.8999 -118.9114 328.8082
v 1127.6586 -119.0157 328.8083
v 1128.1590 -118.8711 328.8082
f 3499 3500 3501
v 1127.2886 -119.3827 328.8083
v 1127.6586 -119.0157 328.8083
v 1127.4502 -119.1752 328.8083
f 3502 3503 3504
v 1128.1590 -118.8711 328.8082
v 1127.6586 -119.0157 328.8083
v 1128.4199 -118.8968 328.8082
f 3505 3506 3507
v 1129.0558 -119.3325 328.8080
v 1128.6667 -118.9864 328.8081
v 1128.4199 -118.8968 328.8082
f 3508 3509 3510
v 1129.0558 -119.3325 328.8080
v 1128.4199 -118.8968 328.8082
v 1127.6586 -119.0157 328.8083
f 3511 3512 3513
v 1127.5989 -120.7836 328.8083
v 1127.2549 -120.3916 328.8083
v 1127.4013 -120.6091 328.8083
f 3514 3515 3516
v 1128.0884 -120.9609 328.8082
v 1127.5989 -120.7836 328.8083
v 1127.8315 -120.9032 328.8082
f 3517 3518 3519
v 1128.3504 -120.9526 328.8081
v 1127.5989 -120.7836 328.8083
v 1128.0884 -120.9609 328.8082
f 3520 3521 3522
v 1128.8289 -120.7479 328.8081
v 1128.3504 -120.9526 328.8081
v 1128.6036 -120.8813 328.8081
f 3523 3524 3525
v 1127.1666 -120.1444 328.8084
v 1128.3504 -120.9526 328.8081
v 1129.0558 -119.3325 328.8080
f 3526 3527 3528
v 1128.8289 -120.7479 328.8081
v 1129.2227 -120.0849 328.8080
v 1128.3504 -120.9526 328.8081
f 3529 3530 3531
v 1129.1751 -119.5668 328.8080
v 1129.0558 -119.3325 328.8080
v 1129.2227 -120.0849 328.8080
f 3532 3533 3534
v 1129.0558 -119.3325 328.8080
v 1128.8843 -119.1340 328.8081
v 1128.6667 -118.9864 328.8081
f 3535 3536 3537
v 1129.2227 -120.0849 328.8080
v 1129.0154 -120.5624 328.8080
v 1129.1500 -120.3368 328.8080
f 3538 3539 3540
v 1129.2227 -120.0849 328.8080
v 1129.2325 -119.8230 328.8080
v 1129.1751 -119.5668 328.8080
f 3541 3542 3543
v 1129.2227 -120.0849 328.8080
v 1129.0558 -119.3325 328.8080
v 1128.3504 -120.9526 328.8081
f 3544 3545 3546
v 1128.8289 -120.7479 328.8081
v 1129.0154 -120.5624 328.8080
v 1129.2227 -120.0849 328.8080
f 3547 3548 3549
v 1128.3504 -120.9526 328.8081
v 1127.2549 -120.3916 328.8083
v 1127.5989 -120.7836 328.8083
f 3550 3551 3552
v 1129.2145 -120.0851 285.4865
v 1129.2227 -120.0849 328.8080
v 1129.1500 -120.3368 328.8080
f 3553 3554 3555
v 1129.2108 -120.0853 265.8772
v 1129.2108 -120.0853 265.9042
v 1129.1382 -120.3371 265.9042
f 3556 3557 3558
v 1129.2243 -119.8232 285.4865
v 1129.2325 -119.8230 328.8080
v 1129.2227 -120.0849 328.8080
f 3559 3560 3561
v 1129.2206 -119.8234 265.8772
v 1129.2206 -119.8234 265.9042
v 1129.2108 -120.0853 265.9042
f 3562 3563 3564
v 1129.1670 -119.5670 285.4865
v 1129.1751 -119.5668 328.8080
v 1129.2325 -119.8230 328.8080
f 3565 3566 3567
v 1129.1632 -119.5672 265.8772
v 1129.1632 -119.5672 265.9042
v 1129.2206 -119.8234 265.9042
f 3568 3569 3570
v 1129.0476 -119.3328 285.4865
v 1129.0558 -119.3325 328.8080
v 1129.1751 -119.5668 328.8080
f 3571 3572 3573
v 1129.0439 -119.3328 265.8772
v 1129.0439 -119.3328 265.9042
v 1129.1632 -119.5672 265.9042
f 3574 3575 3576
v 1128.8761 -119.1343 285.4866
v 1128.8843 -119.1340 328.8081
v 1129.0558 -119.3325 328.8080
f 3577 3578 3579
v 1128.8724 -119.1344 265.8773
v 1128.8724 -119.1344 265.9043
v 1129.0439 -119.3328 265.9042
f 3580 3581 3582
v 1128.6548 -118.9868 265.8773
v 1128.6548 -118.9868 265.9043
v 1128.8724 -119.1344 265.9043
f 3583 3584 3585
v 1128.6585 -118.9867 285.4866
v 1128.6667 -118.9864 328.8081
v 1128.8843 -119.1340 328.8081
f 3586 3587 3588
v 1128.4081 -118.8971 265.8774
v 1128.4081 -118.8971 265.9044
v 1128.6548 -118.9868 265.9043
f 3589 3590 3591
v 1128.4117 -118.8970 285.4867
v 1128.4199 -118.8968 328.8082
v 1128.6667 -118.9864 328.8081
f 3592 3593 3594
v 1128.1508 -118.8713 285.4867
v 1128.1590 -118.8711 328.8082
v 1128.4199 -118.8968 328.8082
f 3595 3596 3597
v 1128.1471 -118.8715 265.8774
v 1128.1471 -118.8715 265.9044
v 1128.4081 -118.8971 265.9044
f 3598 3599 3600
v 1127.8880 -118.9118 265.8775
v 1127.8880 -118.9118 265.9045
v 1128.1471 -118.8715 265.9044
f 3601 3602 3603
v 1127.8917 -118.9116 285.4867
v 1127.8999 -118.9114 328.8082
v 1128.1590 -118.8711 328.8082
f 3604 3605 3606
v 1127.6468 -119.0161 265.8775
v 1127.6468 -119.0161 265.9045
v 1127.8880 -118.9118 265.9045
f 3607 3608 3609
v 1127.6505 -119.0160 285.4868
v 1127.6586 -119.0157 328.8083
v 1127.8999 -118.9114 328.8082
f 3610 3611 3612
v 1127.4383 -119.1756 265.8775
v 1127.4383 -119.1756 265.9045
v 1127.6468 -119.0161 265.9045
f 3613 3614 3615
v 1127.4421 -119.1754 285.4868
v 1127.4502 -119.1752 328.8083
v 1127.6586 -119.0157 328.8083
f 3616 3617 3618
v 1127.2767 -119.3831 265.8775
v 1127.2768 -119.3831 265.9045
v 1127.4383 -119.1756 265.9045
f 3619 3620 3621
v 1127.2805 -119.3830 285.4868
v 1127.2886 -119.3827 328.8083
v 1127.4502 -119.1752 328.8083
f 3622 3623 3624
v 1127.1721 -119.6238 265.8776
v 1127.1721 -119.6238 265.9046
v 1127.2768 -119.3831 265.9045
f 3625 3626 3627
v 1127.1758 -119.6238 285.4869
v 1127.1840 -119.6235 328.8084
v 1127.2886 -119.3827 328.8083
f 3628 3629 3630
v 1127.1305 -119.8837 265.8776
v 1127.1305 -119.8837 265.9046
v 1127.1721 -119.6238 265.9046
f 3631 3632 3633
v 1127.1341 -119.8836 285.4869
v 1127.1423 -119.8833 328.8084
v 1127.1840 -119.6235 328.8084
f 3634 3635 3636
v 1127.1548 -120.1448 265.8776
v 1127.1548 -120.1448 265.9046
v 1127.1305 -119.8837 265.9046
f 3637 3638 3639
v 1127.1584 -120.1447 285.4869
v 1127.1666 -120.1444 328.8084
v 1127.1423 -119.8833 328.8084
f 3640 3641 3642
v 1127.2467 -120.3919 285.4868
v 1127.2549 -120.3916 328.8083
v 1127.1666 -120.1444 328.8084
f 3643 3644 3645
v 1127.2431 -120.3920 265.8775
v 1127.2431 -120.3920 265.9045
v 1127.1548 -120.1448 265.9046
f 3646 3647 3648
v 1127.3932 -120.6093 285.4868
v 1127.4013 -120.6091 328.8083
v 1127.2549 -120.3916 328.8083
f 3649 3650 3651
v 1127.3895 -120.6094 265.8775
v 1127.3895 -120.6094 265.9045
v 1127.2431 -120.3920 265.9045
f 3652 3653 3654
v 1127.5907 -120.7838 285.4868
v 1127.5989 -120.7836 328.8083
v 1127.4013 -120.6091 328.8083
f 3655 3656 3657
v 1127.5870 -120.7839 265.8775
v 1127.5870 -120.7839 265.9045
v 1127.3895 -120.6094 265.9045
f 3658 3659 3660
v 1127.8234 -120.9034 285.4867
v 1127.8315 -120.9032 328.8082
v 1127.5989 -120.7836 328.8083
f 3661 3662 3663
v 1127.8197 -120.9036 265.8774
v 1127.8197 -120.9036 265.9044
v 1127.5870 -120.7839 265.9045
f 3664 3665 3666
v 1128.0802 -120.9612 285.4867
v 1128.0884 -120.9609 328.8082
v 1127.8315 -120.9032 328.8082
f 3667 3668 3669
v 1128.0765 -120.9612 265.8774
v 1128.0765 -120.9612 265.9044
v 1127.8197 -120.9036 265.9044
f 3670 3671 3672
v 1128.3423 -120.9529 285.4866
v 1128.3504 -120.9526 328.8081
v 1128.0884 -120.9609 328.8082
f 3673 3674 3675
v 1128.3386 -120.9530 265.8773
v 1128.3386 -120.9530 265.9043
v 1128.0765 -120.9612 265.9044
f 3676 3677 3678
v 1128.5954 -120.8816 285.4866
v 1128.6036 -120.8813 328.8081
v 1128.3504 -120.9526 328.8081
f 3679 3680 3681
v 1128.5917 -120.8816 265.8773
v 1128.5917 -120.8816 265.9043
v 1128.3386 -120.9530 265.9043
f 3682 3683 3684
v 1128.8208 -120.7481 285.4866
v 1128.8289 -120.7479 328.8081
v 1128.6036 -120.8813 328.8081
f 3685 3686 3687
v 1128.8171 -120.7482 265.8773
v 1128.8171 -120.7482 265.9043
v 1128.5917 -120.8816 265.9043
f 3688 3689 3690
v 1129.0073 -120.5626 285.4865
v 1129.0154 -120.5624 328.8080
v 1128.8289 -120.7479 328.8081
f 3691 3692 3693
v 1129.0036 -120.5627 265.8772
v 1129.0036 -120.5627 265.9042
v 1128.8171 -120.7482 265.9043
f 3694 3695 3696
v 1129.1419 -120.3370 285.4865
v 1129.1500 -120.3368 328.8080
v 1129.0154 -120.5624 328.8080
f 3697 3698 3699
v 1129.1382 -120.3371 265.8772
v 1129.1382 -120.3371 265.9042
v 1129.0036 -120.5627 265.9042
f 3700 3701 3702
v 1116.0656 -133.3379 265.9062
v 1126.9263 -115.3590 285.4871
v 1126.9226 -115.3592 265.9047
f 3703 3704 3705
v 1127.4968 -140.2644 265.9041
v 1116.0692 -133.3378 285.4885
v 1116.0656 -133.3379 265.9062
f 3706 3707 3708
v 1138.3808 -122.3018 265.9025
v 1127.5005 -140.2644 285.4864
v 1127.4968 -140.2644 265.9041
f 3709 3710 3711
v 1126.9226 -115.3592 265.9047
v 1138.3845 -122.3017 285.4848
v 1138.3808 -122.3018 265.9025
f 3712 3713 3714
v 1129.2145 -120.0851 285.4865
v 1129.1500 -120.3368 328.8080
v 1129.1419 -120.3370 285.4865
f 3715 3716 3717
v 1129.2108 -120.0853 265.8772
v 1129.1382 -120.3371 265.9042
v 1129.1382 -120.3371 265.8772
f 3718 3719 3720
v 1129.2243 -119.8232 285.4865
v 1129.2227 -120.0849 328.8080
v 1129.2145 -120.0851 285.4865
f 3721 3722 3723
v 1129.2206 -119.8234 265.8772
v 1129.2108 -120.0853 265.9042
v 1129.2108 -120.0853 265.8772
f 3724 3725 3726
v 1129.1670 -119.5670 285.4865
v 1129.2325 -119.8230 328.8080
v 1129.2243 -119.8232 285.4865
f 3727 3728 3729
v 1129.1632 -119.5672 265.8772
v 1129.2206 -119.8234 265.9042
v 1129.2206 -119.8234 265.8772
f 3730 3731 3732
v 1129.0476 -119.3328 285.4865
v 1129.1751 -119.5668 328.8080
v 1129.1670 -119.5670 285.4865
f 3733 3734 3735
v 1129.0439 -119.3328 265.8772
v 1129.1632 -119.5672 265.9042
v 1129.1632 -119.5672 265.8772
f 3736 3737 3738
v 1128.8761 -119.1343 285.4866
v 1129.0558 -119.3325 328.8080
v 1129.0476 -119.3328 285.4865
f 3739 3740 3741
v 1128.8724 -119.1344 265.8773
v 1129.0439 -119.3328 265.9042
v 1129.0439 -119.3328 265.8772
f 3742 3743 3744
v 1128.6548 -118.9868 265.8773
v 1128.8724 -119.1344 265.9043
v 1128.8724 -119.1344 265.8773
f 3745 3746 3747
v 1128.6585 -118.9867 285.4866
v 1128.8843 -119.1340 328.8081
v 1128.8761 -119.1343 285.4866
f 3748 3749 3750
v 1128.4081 -118.8971 265.8774
v 1128.6548 -118.9868 265.9043
v 1128.6548 -118.9868 265.8773
f 3751 3752 3753
v 1128.4117 -118.8970 285.4867
v 1128.6667 -118.9864 328.8081
v 1128.6585 -118.9867 285.4866
f 3754 3755 3756
v 1128.1508 -118.8713 285.4867
v 1128.4199 -118.8968 328.8082
v 1128.4117 -118.8970 285.4867
f 3757 3758 3759
v 1128.1471 -118.8715 265.8774
v 1128.4081 -118.8971 265.9044
v 1128.4081 -118.8971 265.8774
f 3760 3761 3762
v 1127.8880 -118.9118 265.8775
v 1128.1471 -118.8715 265.9044
v 1128.1471 -118.8715 265.8774
f 3763 3764 3765
v 1127.8917 -118.9116 285.4867
v 1128.1590 -118.8711 328.8082
v 1128.1508 -118.8713 285.4867
f 3766 3767 3768
v 1127.6468 -119.0161 265.8775
v 1127.8880 -118.9118 265.9045
v 1127.8880 -118.9118 265.8775
f 3769 3770 3771
v 1127.6505 -119.0160 285.4868
v 1127.8999 -118.9114 328.8082
v 1127.8917 -118.9116 285.4867
f 3772 3773 3774
v 1127.4383 -119.1756 265.8775
v 1127.6468 -119.0161 265.9045
v 1127.6468 -119.0161 265.8775
f 3775 3776 3777
v 1127.4421 -119.1754 285.4868
v 1127.6586 -119.0157 328.8083
v 1127.6505 -119.0160 285.4868
f 3778 3779 3780
v 1127.2767 -119.3831 265.8775
v 1127.4383 -119.1756 265.9045
v 1127.4383 -119.1756 265.8775
f 3781 3782 3783
v 1127.2805 -119.3830 285.4868
v 1127.4502 -119.1752 328.8083
v 1127.4421 -119.1754 285.4868
f 3784 3785 3786
v 1127.1721 -119.6238 265.8776
v 1127.2768 -119.3831 265.9045
v 1127.2767 -119.3831 265.8775
f 3787 3788 3789
v 1127.1758 -119.6238 285.4869
v 1127.2886 -119.3827 328.8083
v 1127.2805 -119.3830 285.4868
f 3790 3791 3792
v 1127.1305 -119.8837 265.8776
v 1127.1721 -119.6238 265.9046
v 1127.1721 -119.6238 265.8776
f 3793 3794 3795
v 1127.1341 -119.8836 285.4869
v 1127.1840 -119.6235 328.8084
v 1127.1758 -119.6238 285.4869
f 3796 3797 3798
v 1127.1548 -120.1448 265.8776
v 1127.1305 -119.8837 265.9046
v 1127.1305 -119.8837 265.8776
f 3799 3800 3801
v 1127.1584 -120.1447 285.4869
v 1127.1423 -119.8833 328.8084
v 1127.1341 -119.8836 285.4869
f 3802 3803 3804
v 1127.2467 -120.3919 285.4868
v 1127.1666 -120.1444 328.8084
v 1127.1584 -120.1447 285.4869
f 3805 3806 3807
v 1127.2431 -120.3920 265.8775
v 1127.1548 -120.1448 265.9046
v 1127.1548 -120.1448 265.8776
f 3808 3809 3810
v 1127.3932 -120.6093 285.4868
v 1127.2549 -120.3916 328.8083
v 1127.2467 -120.3919 285.4868
f 3811 3812 3813
v 1127.3895 -120.6094 265.8775
v 1127.2431 -120.3920 265.9045
v 1127.2431 -120.3920 265.8775
f 3814 3815 3816
v 1127.5907 -120.7838 285.4868
v 1127.4013 -120.6091 328.8083
v 1127.3932 -120.6093 285.4868
f 3817 3818 3819
v 1127.5870 -120.7839 265.8775
v 1127.3895 -120.6094 265.9045
v 1127.3895 -120.6094 265.8775
f 3820 3821 3822
v 1127.8234 -120.9034 285.4867
v 1127.5989 -120.7836 328.8083
v 1127.5907 -120.7838 285.4868
f 3823 3824 3825
v 1127.8197 -120.9036 265.8774
v 1127.5870 -120.7839 265.9045
v 1127.5870 -120.7839 265.8775
f 3826 3827 3828
v 1128.0802 -120.9612 285.4867
v 1127.8315 -120.9032 328.8082
v 1127.8234 -120.9034 285.4867
f 3829 3830 3831
v 1128.0765 -120.9612 265.8774
v 1127.8197 -120.9036 265.9044
v 1127.8197 -120.9036 265.8774
f 3832 3833 3834
v 1128.3423 -120.9529 285.4866
v 1128.0884 -120.9609 328.8082
v 1128.0802 -120.9612 285.4867
f 3835 3836 3837
v 1128.3386 -120.9530 265.8773
v 1128.0765 -120.9612 265.9044
v 1128.0765 -120.9612 265.8774
f 3838 3839 3840
v 1128.5954 -120.8816 285.4866
v 1128.3504 -120.9526 328.8081
v 1128.3423 -120.9529 285.4866
f 3841 3842 3843
v 1128.5917 -120.8816 265.8773
v 1128.3386 -120.9530 265.9043
v 1128.3386 -120.9530 265.8773
f 3844 3845 3846
v 1128.8208 -120.7481 285.4866
v 1128.6036 -120.8813 328.8081
v 1128.5954 -120.8816 285.4866
f 3847 3848 3849
v 1128.8171 -120.7482 265.8773
v 1128.5917 -120.8816 265.9043
v 1128.5917 -120.8816 265.8773
f 3850 3851 3852
v 1129.0073 -120.5626 285.4865
v 1128.8289 -120.7479 328.8081
v 1128.8208 -120.7481 285.4866
f 3853 3854 3855
v 1129.0036 -120.5627 265.8772
v 1128.8171 -120.7482 265.9043
v 1128.8171 -120.7482 265.8773
f 3856 3857 3858
v 1129.1419 -120.3370 285.4865
v 1129.0154 -120.5624 328.8080
v 1129.0073 -120.5626 285.4865
f 3859 3860 3861
v 1129.1382 -120.3371 265.8772
v 1129.0036 -120.5627 265.9042
v 1129.0036 -120.5627 265.8772
f 3862 3863 3864

g building_ID_B737007F-1F16-4B52-BE93-026A6073D461
v 1042.7932 -96.5548 294.8214
v 1047.4593 -90.5114 294.8207
v 1042.3569 -86.5717 294.8216
f 3865 3866 3867
v 1042.3569 -86.5717 294.8216
v 1037.6907 -92.6171 294.8223
v 1042.7932 -96.5548 294.8214
f 3868 3869 3870
v 1042.3565 -86.5717 292.1647
v 1042.3569 -86.5717 294.8216
v 1047.4588 -90.5113 292.1638
f 3871 3872 3873
v 1040.1087 -89.4847 292.2620
v 1037.6903 -92.6172 292.1584
v 1037.6907 -92.6171 294.8223
f 3874 3875 3876
v 1042.3565 -86.5717 292.1647
v 1040.1087 -89.4847 292.2620
v 1042.3569 -86.5717 294.8216
f 3877 3878 3879
v 1037.6907 -92.6171 294.8223
v 1042.3569 -86.5717 294.8216
v 1040.1087 -89.4847 292.2620
f 3880 3881 3882
v 1042.7927 -96.5548 292.1575
v 1042.7932 -96.5548 294.8214
v 1037.6907 -92.6171 294.8223
f 3883 3884 3885
v 1045.2111 -93.4233 292.2611
v 1047.4588 -90.5113 292.1638
v 1047.4593 -90.5114 294.8207
f 3886 3887 3888
v 1042.7927 -96.5548 292.1575
v 1045.2111 -93.4233 292.2611
v 1042.7932 -96.5548 294.8214
f 3889 3890 3891
v 1047.4593 -90.5114 294.8207
v 1042.7932 -96.5548 294.8214
v 1045.2111 -93.4233 292.2611
f 3892 3893 3894
v 1083.6340 -128.0851 265.8330
v 1081.0655 -133.1252 265.8334
v 1061.3685 -117.9296 265.8370
f 3895 3896 3897
v 1081.0655 -133.1252 265.8334
v 1083.6340 -128.0851 265.8330
v 1086.8647 -125.5798 265.8325
f 3898 3899 3900
v 1071.5542 -118.7598 265.8352
v 1027.0808 -91.5220 265.8431
v 1076.2183 -112.7155 265.8346
f 3901 3902 3903
v 1083.6340 -128.0851 265.8330
v 1061.3685 -117.9296 265.8370
v 1071.5542 -118.7598 265.8352
f 3904 3905 3906
v 1074.3896 -103.6756 265.8350
v 1092.7933 -117.8647 265.8317
v 1088.3002 -122.0406 265.8324
f 3907 3908 3909
v 1086.8647 -125.5798 265.8325
v 1088.3002 -122.0406 265.8324
v 1092.7933 -117.8647 265.8317
f 3910 3911 3912
v 1074.3896 -103.6756 265.8350
v 1088.3002 -122.0406 265.8324
v 1076.2183 -112.7155 265.8346
f 3913 3914 3915
v 1088.3002 -122.0406 265.8324
v 1086.8647 -125.5798 265.8325
v 1083.6340 -128.0851 265.8330
f 3916 3917 3918
v 1061.3685 -117.9296 265.8370
v 1027.0808 -91.5220 265.8431
v 1071.5542 -118.7598 265.8352
f 3919 3920 3921
v 1027.0808 -91.5220 265.8431
v 1057.2362 -90.4598 265.8381
v 1074.3896 -103.6756 265.8350
f 3922 3923 3924
v 1027.0808 -91.5220 265.8431
v 1074.3896 -103.6756 265.8350
v 1076.2183 -112.7155 265.8346
f 3925 3926 3927
v 1027.0808 -91.5220 265.8431
v 1032.9180 -83.9378 265.8423
v 1057.2362 -90.4598 265.8381
f 3928 3929 3930
v 1072.8426 -101.0895 265.8353
v 1057.2362 -90.4598 265.8381
v 1060.1619 -91.3007 265.8376
f 3931 3932 3933
v 1074.3896 -103.6756 265.8350
v 1057.2362 -90.4598 265.8381
v 1072.8426 -101.0895 265.8353
f 3934 3935 3936
v 1057.2362 -90.4598 265.8381
v 1032.9180 -83.9378 265.8423
v 1038.8165 -76.2727 265.8414
f 3937 3938 3939
v 1038.8165 -76.2727 265.8414
v 1038.8188 -76.2725 278.9249
v 1057.2362 -90.4598 265.8381
f 3940 3941 3942
v 1038.8188 -76.2725 278.9249
v 1038.8210 -76.2724 292.0075
v 1057.2409 -90.4596 292.0042
f 3943 3944 3945
v 1057.2362 -90.4598 265.8381
v 1038.8188 -76.2725 278.9249
v 1057.2409 -90.4596 292.0042
f 3946 3947 3948
v 1092.7957 -117.8646 278.9142
v 1074.3896 -103.6756 265.8350
v 1074.3943 -103.6754 292.0001
f 3949 3950 3951
v 1092.7957 -117.8646 278.9142
v 1074.3943 -103.6754 292.0001
v 1092.7981 -117.8646 291.9968
f 3952 3953 3954
v 1074.3896 -103.6756 265.8350
v 1092.7957 -117.8646 278.9142
v 1092.7933 -117.8647 265.8317
f 3955 3956 3957
v 1072.8426 -101.0895 265.8353
v 1072.8472 -101.0893 291.9714
v 1074.3896 -103.6756 265.8350
f 3958 3959 3960
v 1060.1619 -91.3007 265.8376
v 1060.1665 -91.3004 291.9737
v 1072.8426 -101.0895 265.8353
f 3961 3962 3963
v 1057.2362 -90.4598 265.8381
v 1057.2409 -90.4596 292.0042
v 1060.1665 -91.3004 291.9737
f 3964 3965 3966
v 1061.3685 -117.9296 265.8370
v 1061.3732 -117.9294 292.0081
v 1027.0808 -91.5220 265.8431
f 3967 3968 3969
v 1027.0830 -91.5219 278.9276
v 1027.0808 -91.5220 265.8431
v 1061.3732 -117.9294 292.0081
f 3970 3971 3972
v 1081.0704 -133.1251 292.0054
v 1061.3685 -117.9296 265.8370
v 1081.0679 -133.1251 278.9189
f 3973 3974 3975
v 1081.0679 -133.1251 278.9189
v 1061.3685 -117.9296 265.8370
v 1081.0655 -133.1252 265.8334
f 3976 3977 3978
v 1061.3732 -117.9294 292.0081
v 1061.3685 -117.9296 265.8370
v 1081.0704 -133.1251 292.0054
f 3979 3980 3981
v 1042.3565 -86.5717 292.1647
v 1032.9226 -83.9375 292.2634
v 1040.1087 -89.4847 292.2620
f 3982 3983 3984
v 1032.9226 -83.9375 292.2634
v 1042.3565 -86.5717 292.1647
v 1038.8210 -76.2724 292.0075
f 3985 3986 3987
v 1058.0259 -98.6686 292.1619
v 1045.2111 -93.4233 292.2611
v 1055.7791 -101.5806 292.2593
f 3988 3989 3990
v 1047.4588 -90.5113 292.1638
v 1038.8210 -76.2724 292.0075
v 1042.3565 -86.5717 292.1647
f 3991 3992 3993
v 1045.2111 -93.4233 292.2611
v 1058.0259 -98.6686 292.1619
v 1047.4588 -90.5113 292.1638
f 3994 3995 3996
v 1058.0259 -98.6686 292.1619
v 1057.2409 -90.4596 292.0042
v 1047.4588 -90.5113 292.1638
f 3997 3998 3999
v 1047.4588 -90.5113 292.1638
v 1057.2409 -90.4596 292.0042
v 1038.8210 -76.2724 292.0075
f 4000 4001 4002
v 1074.3943 -103.6754 292.0001
v 1060.1665 -91.3004 291.9737
v 1057.2409 -90.4596 292.0042
f 4003 4004 4005
v 1063.4626 -102.8641 292.1610
v 1057.2409 -90.4596 292.0042
v 1058.0259 -98.6686 292.1619
f 4006 4007 4008
v 1063.4626 -102.8641 292.1610
v 1061.2138 -105.7761 292.2583
v 1076.2231 -112.7153 292.1587
f 4009 4010 4011
v 1073.9763 -115.6272 292.2560
v 1076.2231 -112.7153 292.1587
v 1061.2138 -105.7761 292.2583
f 4012 4013 4014
v 1076.2231 -112.7153 292.1587
v 1074.3943 -103.6754 292.0001
v 1063.4626 -102.8641 292.1610
f 4015 4016 4017
v 1088.3050 -122.0406 292.1564
v 1086.0572 -124.9525 292.2537
v 1086.8696 -125.5797 292.2535
f 4018 4019 4020
v 1088.3050 -122.0406 292.1564
v 1086.8696 -125.5797 292.2535
v 1092.7981 -117.8646 291.9968
f 4021 4022 4023
v 1088.3050 -122.0406 292.1564
v 1074.3943 -103.6754 292.0001
v 1076.2231 -112.7153 292.1587
f 4024 4025 4026
v 1074.3943 -103.6754 292.0001
v 1072.8472 -101.0893 291.9714
v 1060.1665 -91.3004 291.9737
f 4027 4028 4029
v 1074.3943 -103.6754 292.0001
v 1088.3050 -122.0406 292.1564
v 1092.7981 -117.8646 291.9968
f 4030 4031 4032
v 1063.4626 -102.8641 292.1610
v 1074.3943 -103.6754 292.0001
v 1057.2409 -90.4596 292.0042
f 4033 4034 4035
v 1027.0853 -91.5218 292.0132
v 1053.3618 -104.7140 292.1556
v 1042.7927 -96.5548 292.1575
f 4036 4037 4038
v 1040.1087 -89.4847 292.2620
v 1032.9226 -83.9375 292.2634
v 1037.6903 -92.6172 292.1584
f 4039 4040 4041
v 1027.0853 -91.5218 292.0132
v 1037.6903 -92.6172 292.1584
v 1032.9226 -83.9375 292.2634
f 4042 4043 4044
v 1045.2111 -93.4233 292.2611
v 1042.7927 -96.5548 292.1575
v 1055.7791 -101.5806 292.2593
f 4045 4046 4047
v 1053.3618 -104.7140 292.1556
v 1055.7791 -101.5806 292.2593
v 1042.7927 -96.5548 292.1575
f 4048 4049 4050
v 1042.7927 -96.5548 292.1575
v 1037.6903 -92.6172 292.1584
v 1027.0853 -91.5218 292.0132
f 4051 4052 4053
v 1058.7954 -108.9085 292.1547
v 1053.3618 -104.7140 292.1556
v 1027.0853 -91.5218 292.0132
f 4054 4055 4056
v 1081.0704 -133.1251 292.0054
v 1071.5589 -118.7596 292.1523
v 1061.3732 -117.9294 292.0081
f 4057 4058 4059
v 1086.8696 -125.5797 292.2535
v 1083.6388 -128.0850 292.1500
v 1081.0704 -133.1251 292.0054
f 4060 4061 4062
v 1071.5589 -118.7596 292.1523
v 1081.0704 -133.1251 292.0054
v 1083.6388 -128.0850 292.1500
f 4063 4064 4065
v 1073.9763 -115.6272 292.2560
v 1061.2138 -105.7761 292.2583
v 1071.5589 -118.7596 292.1523
f 4066 4067 4068
v 1058.7954 -108.9085 292.1547
v 1071.5589 -118.7596 292.1523
v 1061.2138 -105.7761 292.2583
f 4069 4070 4071
v 1086.8696 -125.5797 292.2535
v 1086.0572 -124.9525 292.2537
v 1083.6388 -128.0850 292.1500
f 4072 4073 4074
v 1071.5589 -118.7596 292.1523
v 1058.7954 -108.9085 292.1547
v 1061.3732 -117.9294 292.0081
f 4075 4076 4077
v 1027.0853 -91.5218 292.0132
v 1061.3732 -117.9294 292.0081
v 1058.7954 -108.9085 292.1547
f 4078 4079 4080
v 1058.0263 -98.6686 294.8188
v 1053.3622 -104.7140 294.8195
v 1058.7959 -108.9086 294.8186
f 4081 4082 4083
v 1058.7959 -108.9086 294.8186
v 1063.4631 -102.8641 294.8179
v 1058.0263 -98.6686 294.8188
f 4084 4085 4086
v 1058.0259 -98.6686 292.1619
v 1058.0263 -98.6686 294.8188
v 1063.4631 -102.8641 294.8179
f 4087 4088 4089
v 1055.7791 -101.5806 292.2593
v 1053.3618 -104.7140 292.1556
v 1053.3622 -104.7140 294.8195
f 4090 4091 4092
v 1058.0259 -98.6686 292.1619
v 1055.7791 -101.5806 292.2593
v 1058.0263 -98.6686 294.8188
f 4093 4094 4095
v 1053.3622 -104.7140 294.8195
v 1058.0263 -98.6686 294.8188
v 1055.7791 -101.5806 292.2593
f 4096 4097 4098
v 1058.7954 -108.9085 292.1547
v 1058.7959 -108.9086 294.8186
v 1053.3618 -104.7140 292.1556
f 4099 4100 4101
v 1061.2138 -105.7761 292.2583
v 1063.4626 -102.8641 292.1610
v 1063.4631 -102.8641 294.8179
f 4102 4103 4104
v 1058.7954 -108.9085 292.1547
v 1061.2138 -105.7761 292.2583
v 1058.7959 -108.9086 294.8186
f 4105 4106 4107
v 1063.4631 -102.8641 294.8179
v 1058.7959 -108.9086 294.8186
v 1061.2138 -105.7761 292.2583
f 4108 4109 4110
v 1088.3002 -122.0406 265.8184
v 1071.5542 -118.7598 265.8212
v 1076.2183 -112.7155 265.8206
f 4111 4112 4113
v 1071.5542 -118.7598 265.8212
v 1088.3002 -122.0406 265.8184
v 1083.6340 -128.0851 265.8190
f 4114 4115 4116
v 1071.5594 -118.7597 294.8162
v 1083.6393 -128.0850 294.8139
v 1088.3055 -122.0405 294.8134
f 4117 4118 4119
v 1088.3055 -122.0405 294.8134
v 1076.2236 -112.7152 294.8156
v 1071.5594 -118.7597 294.8162
f 4120 4121 4122
v 1076.2183 -112.7155 265.8206
v 1076.2183 -112.7155 265.8346
v 1088.3002 -122.0406 265.8324
f 4123 4124 4125
v 1076.2231 -112.7153 292.1587
v 1076.2236 -112.7152 294.8156
v 1088.3055 -122.0405 294.8134
f 4126 4127 4128
v 1071.5542 -118.7598 265.8212
v 1071.5542 -118.7598 265.8352
v 1076.2183 -112.7155 265.8346
f 4129 4130 4131
v 1073.9763 -115.6272 292.2560
v 1071.5589 -118.7596 292.1523
v 1071.5594 -118.7597 294.8162
f 4132 4133 4134
v 1076.2231 -112.7153 292.1587
v 1073.9763 -115.6272 292.2560
v 1076.2236 -112.7152 294.8156
f 4135 4136 4137
v 1071.5594 -118.7597 294.8162
v 1076.2236 -112.7152 294.8156
v 1073.9763 -115.6272 292.2560
f 4138 4139 4140
v 1083.6340 -128.0851 265.8190
v 1083.6340 -128.0851 265.8330
v 1071.5542 -118.7598 265.8352
f 4141 4142 4143
v 1083.6388 -128.0850 292.1500
v 1083.6393 -128.0850 294.8139
v 1071.5589 -118.7596 292.1523
f 4144 4145 4146
v 1086.0572 -124.9525 292.2537
v 1088.3050 -122.0406 292.1564
v 1088.3055 -122.0405 294.8134
f 4147 4148 4149
v 1083.6388 -128.0850 292.1500
v 1086.0572 -124.9525 292.2537
v 1083.6393 -128.0850 294.8139
f 4150 4151 4152
v 1088.3055 -122.0405 294.8134
v 1083.6393 -128.0850 294.8139
v 1086.0572 -124.9525 292.2537
f 4153 4154 4155
v 1088.3002 -122.0406 265.8184
v 1088.3002 -122.0406 265.8324
v 1083.6340 -128.0851 265.8330
f 4156 4157 4158
v 1027.0830 -91.5219 278.9276
v 1027.0853 -91.5218 292.0132
v 1032.9226 -83.9375 292.2634
f 4159 4160 4161
v 1027.0830 -91.5219 278.9276
v 1032.9180 -83.9378 265.8423
v 1027.0808 -91.5220 265.8431
f 4162 4163 4164
v 1032.9226 -83.9375 292.2634
v 1038.8188 -76.2725 278.9249
v 1027.0830 -91.5219 278.9276
f 4165 4166 4167
v 1032.9180 -83.9378 265.8423
v 1027.0830 -91.5219 278.9276
v 1038.8188 -76.2725 278.9249
f 4168 4169 4170
v 1038.8188 -76.2725 278.9249
v 1038.8165 -76.2727 265.8414
v 1032.9180 -83.9378 265.8423
f 4171 4172 4173
v 1038.8210 -76.2724 292.0075
v 1038.8188 -76.2725 278.9249
v 1032.9226 -83.9375 292.2634
f 4174 4175 4176
v 1092.7957 -117.8646 278.9142
v 1081.0679 -133.1251 278.9189
v 1086.8647 -125.5798 265.8325
f 4177 4178 4179
v 1086.8647 -125.5798 265.8325
v 1092.7933 -117.8647 265.8317
v 1092.7957 -117.8646 278.9142
f 4180 4181 4182
v 1086.8696 -125.5797 292.2535
v 1092.7957 -117.8646 278.9142
v 1092.7981 -117.8646 291.9968
f 4183 4184 4185
v 1081.0679 -133.1251 278.9189
v 1086.8696 -125.5797 292.2535
v 1081.0704 -133.1251 292.0054
f 4186 4187 4188
v 1081.0679 -133.1251 278.9189
v 1081.0655 -133.1252 265.8334
v 1086.8647 -125.5798 265.8325
f 4189 4190 4191
v 1081.0679 -133.1251 278.9189
v 1092.7957 -117.8646 278.9142
v 1086.8696 -125.5797 292.2535
f 4192 4193 4194
v 1042.3569 -86.5717 294.8216
v 1047.4593 -90.5114 294.8207
v 1047.4588 -90.5113 292.1638
f 4195 4196 4197
v 1042.7927 -96.5548 292.1575
v 1037.6907 -92.6171 294.8223
v 1037.6903 -92.6172 292.1584
f 4198 4199 4200
v 1072.8472 -101.0893 291.9714
v 1074.3943 -103.6754 292.0001
v 1074.3896 -103.6756 265.8350
f 4201 4202 4203
v 1060.1665 -91.3004 291.9737
v 1072.8472 -101.0893 291.9714
v 1072.8426 -101.0895 265.8353
f 4204 4205 4206
v 1057.2362 -90.4598 265.8381
v 1060.1665 -91.3004 291.9737
v 1060.1619 -91.3007 265.8376
f 4207 4208 4209
v 1061.3732 -117.9294 292.0081
v 1027.0853 -91.5218 292.0132
v 1027.0830 -91.5219 278.9276
f 4210 4211 4212
v 1058.0259 -98.6686 292.1619
v 1063.4631 -102.8641 294.8179
v 1063.4626 -102.8641 292.1610
f 4213 4214 4215
v 1058.7959 -108.9086 294.8186
v 1053.3622 -104.7140 294.8195
v 1053.3618 -104.7140 292.1556
f 4216 4217 4218
v 1076.2183 -112.7155 265.8206
v 1088.3002 -122.0406 265.8324
v 1088.3002 -122.0406 265.8184
f 4219 4220 4221
v 1076.2231 -112.7153 292.1587
v 1088.3055 -122.0405 294.8134
v 1088.3050 -122.0406 292.1564
f 4222 4223 4224
v 1071.5542 -118.7598 265.8212
v 1076.2183 -112.7155 265.8346
v 1076.2183 -112.7155 265.8206
f 4225 4226 4227
v 1083.6340 -128.0851 265.8190
v 1071.5542 -118.7598 265.8352
v 1071.5542 -118.7598 265.8212
f 4228 4229 4230
v 1083.6393 -128.0850 294.8139
v 1071.5594 -118.7597 294.8162
v 1071.5589 -118.7596 292.1523
f 4231 4232 4233
v 1088.3002 -122.0406 265.8184
v 1083.6340 -128.0851 265.8330
v 1083.6340 -128.0851 265.8190
f 4234 4235 4236

g building_ID_DEE278B4-DEAD-4B96-A7E4-81D3C53F89C7
v 1164.8454 -75.3891 287.7078
v 1161.1320 -80.3731 287.7084
v 1161.6502 -80.6854 287.7083
f 4237 4238 4239
v 1164.8454 -75.3891 287.7078
v 1173.5382 -80.6334 287.7061
v 1164.4909 -74.8291 287.7079
f 4240 4241 4242
v 1161.1320 -80.3731 287.7084
v 1164.8454 -75.3891 287.7078
v 1164.4909 -74.8291 287.7079
f 4243 4244 4245
v 1180.1067 -85.6799 287.7049
v 1177.3896 -90.1806 287.7053
v 1182.6201 -93.3356 287.7042
f 4246 4247 4248
v 1185.9549 -87.8065 287.7036
v 1173.5382 -80.6334 287.7061
v 1180.1067 -85.6799 287.7049
f 4249 4250 4251
v 1180.1067 -85.6799 287.7049
v 1173.5382 -80.6334 287.7061
v 1173.0581 -81.4280 287.7062
f 4252 4253 4254
v 1182.6201 -93.3356 287.7042
v 1185.9549 -87.8065 287.7036
v 1180.1067 -85.6799 287.7049
f 4255 4256 4257
v 1164.4909 -74.8291 287.7079
v 1173.5382 -80.6334 287.7061
v 1185.9549 -87.8065 287.7036
f 4258 4259 4260
v 1164.4866 -74.8294 265.8227
v 1164.4909 -74.8291 287.7079
v 1185.9549 -87.8065 287.7036
f 4261 4262 4263
v 1152.8296 -79.7718 292.1347
v 1141.3631 -98.6779 292.1365
v 1158.9667 -83.4752 292.1336
f 4264 4265 4266
v 1159.1793 -83.5987 292.1335
v 1158.9667 -83.4752 292.1336
v 1141.3631 -98.6779 292.1365
f 4267 4268 4269
v 1161.6511 -80.6854 292.1331
v 1161.1329 -80.3730 292.1332
v 1159.1793 -83.5987 292.1335
f 4270 4271 4272
v 1173.0590 -81.4279 292.1310
v 1164.8462 -75.3890 292.1326
v 1161.6511 -80.6854 292.1331
f 4273 4274 4275
v 1161.6511 -80.6854 292.1331
v 1159.1793 -83.5987 292.1335
v 1173.0590 -81.4279 292.1310
f 4276 4277 4278
v 1159.1793 -83.5987 292.1335
v 1141.3631 -98.6779 292.1365
v 1169.2118 -115.4754 292.1312
f 4279 4280 4281
v 1182.6210 -93.3355 292.1291
v 1169.2118 -115.4754 292.1312
v 1169.2517 -115.4994 292.1312
f 4282 4283 4284
v 1177.3905 -90.1805 292.1301
v 1169.2118 -115.4754 292.1312
v 1182.6210 -93.3355 292.1291
f 4285 4286 4287
v 1164.8462 -75.3890 292.1326
v 1173.0590 -81.4279 292.1310
v 1173.5391 -80.6333 292.1309
f 4288 4289 4290
v 1173.0590 -81.4279 292.1310
v 1177.3905 -90.1805 292.1301
v 1180.1075 -85.6798 292.1297
f 4291 4292 4293
v 1177.3905 -90.1805 292.1301
v 1173.0590 -81.4279 292.1310
v 1169.2118 -115.4754 292.1312
f 4294 4295 4296
v 1159.1793 -83.5987 292.1335
v 1169.2118 -115.4754 292.1312
v 1173.0590 -81.4279 292.1310
f 4297 4298 4299
v 1158.9678 -83.4713 287.7088
v 1158.9667 -83.4752 292.1336
v 1159.1785 -83.5988 287.7087
f 4300 4301 4302
v 1158.9635 -83.4714 265.8236
v 1158.9678 -83.4713 287.7088
v 1159.1785 -83.5988 287.7087
f 4303 4304 4305
v 1152.8245 -79.7721 265.8247
v 1152.8296 -79.7718 292.1347
v 1158.9678 -83.4713 287.7088
f 4306 4307 4308
v 1152.8296 -79.7718 292.1347
v 1158.9667 -83.4752 292.1336
v 1158.9678 -83.4713 287.7088
f 4309 4310 4311
v 1169.2466 -115.4996 265.8211
v 1169.2517 -115.4994 292.1312
v 1169.2118 -115.4754 292.1312
f 4312 4313 4314
v 1177.3896 -90.1806 287.7053
v 1177.3905 -90.1805 292.1301
v 1182.6210 -93.3355 292.1291
f 4315 4316 4317
v 1180.1067 -85.6799 287.7049
v 1180.1075 -85.6798 292.1297
v 1177.3905 -90.1805 292.1301
f 4318 4319 4320
v 1173.0581 -81.4280 287.7062
v 1173.0590 -81.4279 292.1310
v 1180.1075 -85.6798 292.1297
f 4321 4322 4323
v 1173.5382 -80.6334 287.7061
v 1173.5391 -80.6333 292.1309
v 1173.0590 -81.4279 292.1310
f 4324 4325 4326
v 1164.8454 -75.3891 287.7078
v 1164.8462 -75.3890 292.1326
v 1173.5391 -80.6333 292.1309
f 4327 4328 4329
v 1161.6502 -80.6854 287.7083
v 1161.6511 -80.6854 292.1331
v 1164.8462 -75.3890 292.1326
f 4330 4331 4332
v 1161.1320 -80.3731 287.7084
v 1161.1329 -80.3730 292.1332
v 1161.6511 -80.6854 292.1331
f 4333 4334 4335
v 1166.3688 -120.1886 294.9125
v 1141.3636 -98.6779 294.9174
v 1138.5090 -103.3842 294.9178
f 4336 4337 4338
v 1141.3636 -98.6779 294.9174
v 1166.3688 -120.1886 294.9125
v 1169.2123 -115.4753 294.9121
f 4339 4340 4341
v 1166.3631 -120.1888 265.8215
v 1166.3688 -120.1886 294.9125
v 1138.5090 -103.3842 294.9178
f 4342 4343 4344
v 1166.3688 -120.1886 294.9125
v 1169.2118 -115.4754 292.1312
v 1169.2123 -115.4753 294.9121
f 4345 4346 4347
v 1167.6187 -118.1072 265.8213
v 1169.2067 -115.4755 265.8211
v 1169.2118 -115.4754 292.1312
f 4348 4349 4350
v 1166.3631 -120.1888 265.8215
v 1167.6187 -118.1072 265.8213
v 1166.3688 -120.1886 294.9125
f 4351 4352 4353
v 1169.2118 -115.4754 292.1312
v 1166.3688 -120.1886 294.9125
v 1167.6187 -118.1072 265.8213
f 4354 4355 4356
v 1141.3631 -98.6779 292.1365
v 1141.3636 -98.6779 294.9174
v 1169.2118 -115.4754 292.1312
f 4357 4358 4359
v 1161.1320 -80.3731 287.7084
v 1164.4866 -74.8294 265.8227
v 1159.1785 -83.5988 287.7087
f 4360 4361 4362
v 1159.1785 -83.5988 287.7087
v 1164.4866 -74.8294 265.8227
v 1159.1742 -83.5990 265.8235
f 4363 4364 4365
v 1161.1320 -80.3731 287.7084
v 1159.1785 -83.5988 287.7087
v 1159.1793 -83.5987 292.1335
f 4366 4367 4368
v 1159.1793 -83.5987 292.1335
v 1161.1329 -80.3730 292.1332
v 1161.1320 -80.3731 287.7084
f 4369 4370 4371
v 1161.1320 -80.3731 287.7084
v 1164.4909 -74.8291 287.7079
v 1164.4866 -74.8294 265.8227
f 4372 4373 4374
v 1182.6201 -93.3356 287.7042
v 1180.6210 -96.6433 265.8193
v 1185.9506 -87.8067 265.8184
f 4375 4376 4377
v 1182.6201 -93.3356 287.7042
v 1169.2517 -115.4994 292.1312
v 1180.6210 -96.6433 265.8193
f 4378 4379 4380
v 1169.2517 -115.4994 292.1312
v 1169.2466 -115.4996 265.8211
v 1180.6210 -96.6433 265.8193
f 4381 4382 4383
v 1182.6210 -93.3355 292.1291
v 1169.2517 -115.4994 292.1312
v 1182.6201 -93.3356 287.7042
f 4384 4385 4386
v 1141.3631 -98.6779 292.1365
v 1139.7661 -101.3029 265.8266
v 1138.5034 -103.3844 265.8268
f 4387 4388 4389
v 1138.5090 -103.3842 294.9178
v 1141.3631 -98.6779 292.1365
v 1138.5034 -103.3844 265.8268
f 4390 4391 4392
v 1138.5090 -103.3842 294.9178
v 1141.3636 -98.6779 294.9174
v 1141.3631 -98.6779 292.1365
f 4393 4394 4395
v 1141.3631 -98.6779 292.1365
v 1152.8296 -79.7718 292.1347
v 1152.8245 -79.7721 265.8247
f 4396 4397 4398
v 1139.7661 -101.3029 265.8266
v 1167.6187 -118.1072 265.8213
v 1166.3631 -120.1888 265.8215
f 4399 4400 4401
v 1180.6210 -96.6433 265.8193
v 1169.2067 -115.4755 265.8211
v 1159.1742 -83.5990 265.8235
f 4402 4403 4404
v 1185.9506 -87.8067 265.8184
v 1180.6210 -96.6433 265.8193
v 1164.4866 -74.8294 265.8227
f 4405 4406 4407
v 1169.2067 -115.4755 265.8211
v 1180.6210 -96.6433 265.8193
v 1169.2466 -115.4996 265.8211
f 4408 4409 4410
v 1169.2067 -115.4755 265.8211
v 1167.6187 -118.1072 265.8213
v 1139.7661 -101.3029 265.8266
f 4411 4412 4413
v 1159.1742 -83.5990 265.8235
v 1169.2067 -115.4755 265.8211
v 1139.7661 -101.3029 265.8266
f 4414 4415 4416
v 1158.9635 -83.4714 265.8236
v 1139.7661 -101.3029 265.8266
v 1152.8245 -79.7721 265.8247
f 4417 4418 4419
v 1139.7661 -101.3029 265.8266
v 1158.9635 -83.4714 265.8236
v 1159.1742 -83.5990 265.8235
f 4420 4421 4422
v 1159.1742 -83.5990 265.8235
v 1164.4866 -74.8294 265.8227
v 1180.6210 -96.6433 265.8193
f 4423 4424 4425
v 1138.5034 -103.3844 265.8268
v 1139.7661 -101.3029 265.8266
v 1166.3631 -120.1888 265.8215
f 4426 4427 4428
v 1164.4866 -74.8294 265.8227
v 1185.9549 -87.8065 287.7036
v 1185.9506 -87.8067 265.8184
f 4429 4430 4431
v 1158.9667 -83.4752 292.1336
v 1159.1793 -83.5987 292.1335
v 1159.1785 -83.5988 287.7087
f 4432 4433 4434
v 1158.9635 -83.4714 265.8236
v 1159.1785 -83.5988 287.7087
v 1159.1742 -83.5990 265.8235
f 4435 4436 4437
v 1152.8245 -79.7721 265.8247
v 1158.9678 -83.4713 287.7088
v 1158.9635 -83.4714 265.8236
f 4438 4439 4440
v 1169.2466 -115.4996 265.8211
v 1169.2118 -115.4754 292.1312
v 1169.2067 -115.4755 265.8211
f 4441 4442 4443
v 1177.3896 -90.1806 287.7053
v 1182.6210 -93.3355 292.1291
v 1182.6201 -93.3356 287.7042
f 4444 4445 4446
v 1180.1067 -85.6799 287.7049
v 1177.3905 -90.1805 292.1301
v 1177.3896 -90.1806 287.7053
f 4447 4448 4449
v 1173.0581 -81.4280 287.7062
v 1180.1075 -85.6798 292.1297
v 1180.1067 -85.6799 287.7049
f 4450 4451 4452
v 1173.5382 -80.6334 287.7061
v 1173.0590 -81.4279 292.1310
v 1173.0581 -81.4280 287.7062
f 4453 4454 4455
v 1164.8454 -75.3891 287.7078
v 1173.5391 -80.6333 292.1309
v 1173.5382 -80.6334 287.7061
f 4456 4457 4458
v 1161.6502 -80.6854 287.7083
v 1164.8462 -75.3890 292.1326
v 1164.8454 -75.3891 287.7078
f 4459 4460 4461
v 1161.1320 -80.3731 287.7084
v 1161.6511 -80.6854 292.1331
v 1161.6502 -80.6854 287.7083
f 4462 4463 4464
v 1166.3631 -120.1888 265.8215
v 1138.5090 -103.3842 294.9178
v 1138.5034 -103.3844 265.8268
f 4465 4466 4467
v 1141.3636 -98.6779 294.9174
v 1169.2123 -115.4753 294.9121
v 1169.2118 -115.4754 292.1312
f 4468 4469 4470
v 1182.6201 -93.3356 287.7042
v 1185.9506 -87.8067 265.8184
v 1185.9549 -87.8065 287.7036
f 4471 4472 4473
v 1141.3631 -98.6779 292.1365
v 1152.8245 -79.7721 265.8247
v 1139.7661 -101.3029 265.8266
f 4474 4475 4476

g building_ID_B597014F-87C1-46E0-95B2-14ACC075E9A0
v 1055.8789 -64.1571 295.1977
v 1066.1028 -72.0085 295.1959
v 1071.6942 -64.7286 295.1950
f 4477 4478 4479
v 1071.6942 -64.7286 295.1950
v 1061.4684 -56.8772 295.1969
v 1055.8789 -64.1571 295.1977
f 4480 4481 4482
v 1061.4680 -56.8772 293.1109
v 1061.4684 -56.8772 295.1969
v 1071.6942 -64.7286 295.1950
f 4483 4484 4485
v 1055.8785 -64.1571 293.1117
v 1055.8789 -64.1571 295.1977
v 1061.4684 -56.8772 295.1969
f 4486 4487 4488
v 1066.1024 -72.0085 293.1100
v 1066.1028 -72.0085 295.1959
v 1055.8789 -64.1571 295.1977
f 4489 4490 4491
v 1071.6939 -64.7285 293.1091
v 1071.6942 -64.7286 295.1950
v 1066.1028 -72.0085 295.1959
f 4492 4493 4494
v 1113.5359 -90.6466 265.7665
v 1047.8186 -64.2280 265.7781
v 1059.3472 -49.0351 265.7763
f 4495 4496 4497
v 1047.8186 -64.2280 265.7781
v 1113.5359 -90.6466 265.7665
v 1101.9205 -105.7723 265.7683
f 4498 4499 4500
v 1109.9987 -94.1428 293.1021
v 1113.5410 -90.6464 293.1015
v 1095.9917 -83.3864 293.1048
f 4501 4502 4503
v 1071.6939 -64.7285 293.1091
v 1095.9917 -83.3864 293.1048
v 1113.5410 -90.6464 293.1015
f 4504 4505 4506
v 1104.4082 -101.4218 293.1030
v 1113.5410 -90.6464 293.1015
v 1109.9987 -94.1428 293.1021
f 4507 4508 4509
v 1090.4021 -90.6674 293.1056
v 1101.9256 -105.7721 293.1033
v 1104.4082 -101.4218 293.1030
f 4510 4511 4512
v 1113.5410 -90.6464 293.1015
v 1104.4082 -101.4218 293.1030
v 1101.9256 -105.7721 293.1033
f 4513 4514 4515
v 1066.1024 -72.0085 293.1100
v 1101.9256 -105.7721 293.1033
v 1090.4021 -90.6674 293.1056
f 4516 4517 4518
v 1090.4021 -90.6674 293.1056
v 1095.9917 -83.3864 293.1048
v 1071.6939 -64.7285 293.1091
f 4519 4520 4521
v 1061.4680 -56.8772 293.1109
v 1071.6939 -64.7285 293.1091
v 1059.3520 -49.0346 293.1113
f 4522 4523 4524
v 1113.5410 -90.6464 293.1015
v 1059.3520 -49.0346 293.1113
v 1071.6939 -64.7285 293.1091
f 4525 4526 4527
v 1055.8785 -64.1571 293.1117
v 1061.4680 -56.8772 293.1109
v 1059.3520 -49.0346 293.1113
f 4528 4529 4530
v 1047.8234 -64.2276 293.1131
v 1066.1024 -72.0085 293.1100
v 1055.8785 -64.1571 293.1117
f 4531 4532 4533
v 1059.3520 -49.0346 293.1113
v 1047.8234 -64.2276 293.1131
v 1055.8785 -64.1571 293.1117
f 4534 4535 4536
v 1101.9256 -105.7721 293.1033
v 1066.1024 -72.0085 293.1100
v 1047.8234 -64.2276 293.1131
f 4537 4538 4539
v 1090.4021 -90.6674 293.1056
v 1071.6939 -64.7285 293.1091
v 1066.1024 -72.0085 293.1100
f 4540 4541 4542
v 1047.8186 -64.2280 265.7781
v 1047.8234 -64.2276 293.1131
v 1059.3520 -49.0346 293.1113
f 4543 4544 4545
v 1101.9205 -105.7723 265.7683
v 1101.9256 -105.7721 293.1033
v 1047.8234 -64.2276 293.1131
f 4546 4547 4548
v 1113.5359 -90.6466 265.7665
v 1113.5410 -90.6464 293.1015
v 1101.9256 -105.7721 293.1033
f 4549 4550 4551
v 1059.3472 -49.0351 265.7763
v 1059.3520 -49.0346 293.1113
v 1113.5410 -90.6464 293.1015
f 4552 4553 4554
v 1095.9920 -83.3865 295.1907
v 1104.4086 -101.4219 295.1890
v 1109.9991 -94.1429 295.1881
f 4555 4556 4557
v 1104.4086 -101.4219 295.1890
v 1095.9920 -83.3865 295.1907
v 1090.4026 -90.6674 295.1915
f 4558 4559 4560
v 1095.9917 -83.3864 293.1048
v 1095.9920 -83.3865 295.1907
v 1109.9991 -94.1429 295.1881
f 4561 4562 4563
v 1090.4021 -90.6674 293.1056
v 1090.4026 -90.6674 295.1915
v 1095.9920 -83.3865 295.1907
f 4564 4565 4566
v 1104.4082 -101.4218 293.1030
v 1104.4086 -101.4219 295.1890
v 1090.4026 -90.6674 295.1915
f 4567 4568 4569
v 1109.9987 -94.1428 293.1021
v 1109.9991 -94.1429 295.1881
v 1104.4086 -101.4219 295.1890
f 4570 4571 4572
v 1061.4680 -56.8772 293.1109
v 1071.6942 -64.7286 295.1950
v 1071.6939 -64.7285 293.1091
f 4573 4574 4575
v 1055.8785 -64.1571 293.1117
v 1061.4684 -56.8772 295.1969
v 1061.4680 -56.8772 293.1109
f 4576 4577 4578
v 1066.1024 -72.0085 293.1100
v 1055.8789 -64.1571 295.1977
v 1055.8785 -64.1571 293.1117
f 4579 4580 4581
v 1071.6939 -64.7285 293.1091
v 1066.1028 -72.0085 295.1959
v 1066.1024 -72.0085 293.1100
f 4582 4583 4584
v 1047.8186 -64.2280 265.7781
v 1059.3520 -49.0346 293.1113
v 1059.3472 -49.0351 265.7763
f 4585 4586 4587
v 1101.9205 -105.7723 265.7683
v 1047.8234 -64.2276 293.1131
v 1047.8186 -64.2280 265.7781
f 4588 4589 4590
v 1113.5359 -90.6466 265.7665
v 1101.9256 -105.7721 293.1033
v 1101.9205 -105.7723 265.7683
f 4591 4592 4593
v 1059.3472 -49.0351 265.7763
v 1113.5410 -90.6464 293.1015
v 1113.5359 -90.6466 265.7665
f 4594 4595 4596
v 1095.9917 -83.3864 293.1048
v 1109.9991 -94.1429 295.1881
v 1109.9987 -94.1428 293.1021
f 4597 4598 4599
v 1090.4021 -90.6674 293.1056
v 1095.9920 -83.3865 295.1907
v 1095.9917 -83.3864 293.1048
f 4600 4601 4602
v 1104.4082 -101.4218 293.1030
v 1090.4026 -90.6674 295.1915
v 1090.4021 -90.6674 293.1056
f 4603 4604 4605
v 1109.9987 -94.1428 293.1021
v 1104.4086 -101.4219 295.1890
v 1104.4082 -101.4218 293.1030
f 4606 4607 4608

g building_ID_F39B9D38-71A9-4926-8560-DCD06E6AD63B
v 926.2899 -107.6458 265.7534
v 929.5184 -81.6907 265.7533
v 933.6855 -113.3825 265.7521
f 4609 4610 4611
v 933.6855 -113.3825 265.7521
v 929.5184 -81.6907 265.7533
v 937.4217 -116.2565 265.7515
f 4612 4613 4614
v 929.5184 -81.6907 265.7533
v 926.2899 -107.6458 265.7534
v 915.8129 -99.5188 265.7550
f 4615 4616 4617
v 942.2966 -120.0075 265.7507
v 937.4217 -116.2565 265.7515
v 929.5184 -81.6907 265.7533
f 4618 4619 4620
v 971.1495 -74.0044 265.7472
v 942.2966 -120.0075 265.7507
v 929.5184 -81.6907 265.7533
f 4621 4622 4623
v 976.1045 -132.5589 265.7454
v 947.4858 -123.9993 265.7498
v 942.2966 -120.0075 265.7507
f 4624 4625 4626
v 976.1045 -132.5589 265.7454
v 969.5670 -140.9863 265.7462
v 958.3712 -132.3734 265.7481
f 4627 4628 4629
v 958.3712 -132.3734 265.7481
v 947.4858 -123.9993 265.7498
v 976.1045 -132.5589 265.7454
f 4630 4631 4632
v 971.1495 -74.0044 265.7472
v 976.1045 -132.5589 265.7454
v 942.2966 -120.0075 265.7507
f 4633 4634 4635
v 980.6168 -81.2907 265.7455
v 991.5012 -89.6677 265.7437
v 976.1045 -132.5589 265.7454
f 4636 4637 4638
v 991.5012 -89.6677 265.7437
v 996.2174 -93.2973 265.7430
v 995.5641 -94.1456 265.7431
f 4639 4640 4641
v 991.5012 -89.6677 265.7437
v 995.5641 -94.1456 265.7431
v 976.1045 -132.5589 265.7454
f 4642 4643 4644
v 976.1045 -132.5589 265.7454
v 971.1495 -74.0044 265.7472
v 980.6168 -81.2907 265.7455
f 4645 4646 4647
v 959.4018 -64.9631 265.7490
v 971.1495 -74.0044 265.7472
v 929.5184 -81.6907 265.7533
f 4648 4649 4650
v 976.1045 -132.5589 265.7454
v 995.5641 -94.1456 265.7431
v 998.4552 -96.3713 265.7426
f 4651 4652 4653
v 976.1045 -132.5589 265.7454
v 998.4552 -96.3713 265.7426
v 1002.5553 -98.1762 265.7419
f 4654 4655 4656
v 998.4552 -96.3713 265.7426
v 999.1074 -95.5220 265.7425
v 1002.5553 -98.1762 265.7419
f 4657 4658 4659
v 959.4018 -64.9631 265.7490
v 929.5184 -81.6907 265.7533
v 948.7071 -56.7315 265.7507
f 4660 4661 4662
v 947.4872 -123.9992 274.3565
v 980.6183 -81.2906 274.3522
v 975.4301 -77.2978 275.4901
f 4663 4664 4665
v 975.4301 -77.2978 275.4901
v 942.2981 -120.0074 275.4944
v 947.4872 -123.9992 274.3565
f 4666 4667 4668
v 942.2981 -120.0074 275.4944
v 975.4301 -77.2978 275.4901
v 970.5561 -73.5467 274.3540
f 4669 4670 4671
v 970.5561 -73.5467 274.3540
v 937.4231 -116.2564 274.3582
v 942.2981 -120.0074 275.4944
f 4672 4673 4674
v 995.9438 -106.7724 274.3735
v 1002.5568 -98.1761 274.3806
v 1000.8204 -96.8395 274.7779
f 4675 4676 4677
v 995.9438 -106.7724 274.3735
v 1000.8204 -96.8395 274.7779
v 999.1090 -95.5219 275.1692
f 4678 4679 4680
v 991.5031 -89.6676 276.9103
v 995.5659 -94.1455 275.8308
v 996.2191 -93.2973 275.8307
f 4681 4682 4683
v 989.3308 -115.3675 274.3664
v 995.9438 -106.7724 274.3735
v 998.4567 -96.3712 275.1683
f 4684 4685 4686
v 958.3731 -132.3734 276.9147
v 982.7189 -123.9627 274.3592
v 995.5659 -94.1455 275.8308
f 4687 4688 4689
v 989.3308 -115.3675 274.3664
v 998.4567 -96.3712 275.1683
v 995.5659 -94.1455 275.8308
f 4690 4691 4692
v 958.3731 -132.3734 276.9147
v 995.5659 -94.1455 275.8308
v 991.5031 -89.6676 276.9103
f 4693 4694 4695
v 999.1090 -95.5219 275.1692
v 998.4567 -96.3712 275.1683
v 995.9438 -106.7724 274.3735
f 4696 4697 4698
v 982.7189 -123.9627 274.3592
v 989.3308 -115.3675 274.3664
v 995.5659 -94.1455 275.8308
f 4699 4700 4701
v 958.3731 -132.3734 276.9147
v 976.1059 -132.5589 274.3521
v 982.7189 -123.9627 274.3592
f 4702 4703 4704
v 958.3731 -132.3734 276.9147
v 969.5684 -140.9863 274.3529
v 976.1059 -132.5589 274.3521
f 4705 4706 4707
v 958.3731 -132.3734 276.9147
v 991.5031 -89.6676 276.9103
v 980.6183 -81.2906 274.3522
f 4708 4709 4710
v 980.6183 -81.2906 274.3522
v 947.4872 -123.9992 274.3565
v 958.3731 -132.3734 276.9147
f 4711 4712 4713
v 959.4036 -64.9629 276.9156
v 926.2917 -107.6457 276.9200
v 933.6870 -113.3824 275.2158
f 4714 4715 4716
v 933.6870 -113.3824 275.2158
v 970.5561 -73.5467 274.3540
v 959.4036 -64.9629 276.9156
f 4717 4718 4719
v 937.4231 -116.2564 274.3582
v 970.5561 -73.5467 274.3540
v 933.6870 -113.3824 275.2158
f 4720 4721 4722
v 932.6036 -77.6800 274.5406
v 959.4036 -64.9629 276.9156
v 948.7084 -56.7314 274.5184
f 4723 4724 4725
v 926.2917 -107.6457 276.9200
v 932.6036 -77.6800 274.5406
v 915.8142 -99.5187 274.5647
f 4726 4727 4728
v 959.4036 -64.9629 276.9156
v 932.6036 -77.6800 274.5406
v 926.2917 -107.6457 276.9200
f 4729 4730 4731
v 969.5684 -140.9863 274.3529
v 976.1045 -132.5589 265.7454
v 976.1059 -132.5589 274.3521
f 4732 4733 4734
v 969.5684 -140.9863 274.3529
v 969.5670 -140.9863 265.7462
v 976.1045 -132.5589 265.7454
f 4735 4736 4737
v 1002.5553 -98.1762 265.7419
v 995.9438 -106.7724 274.3735
v 989.3308 -115.3675 274.3664
f 4738 4739 4740
v 1002.5553 -98.1762 265.7419
v 989.3308 -115.3675 274.3664
v 982.7189 -123.9627 274.3592
f 4741 4742 4743
v 976.1059 -132.5589 274.3521
v 976.1045 -132.5589 265.7454
v 982.7189 -123.9627 274.3592
f 4744 4745 4746
v 1002.5568 -98.1761 274.3806
v 1002.5553 -98.1762 265.7419
v 999.1074 -95.5220 265.7425
f 4747 4748 4749
v 998.4552 -96.3713 265.7426
v 998.4567 -96.3712 275.1683
v 999.1090 -95.5219 275.1692
f 4750 4751 4752
v 998.4552 -96.3713 265.7426
v 999.1090 -95.5219 275.1692
v 999.1074 -95.5220 265.7425
f 4753 4754 4755
v 995.5641 -94.1456 265.7431
v 995.5659 -94.1455 275.8308
v 998.4567 -96.3712 275.1683
f 4756 4757 4758
v 996.2174 -93.2973 265.7430
v 996.2191 -93.2973 275.8307
v 995.5659 -94.1455 275.8308
f 4759 4760 4761
v 929.5184 -81.6907 265.7533
v 915.8129 -99.5188 265.7550
v 915.8142 -99.5187 274.5647
f 4762 4763 4764
v 929.5184 -81.6907 265.7533
v 915.8142 -99.5187 274.5647
v 932.6036 -77.6800 274.5406
f 4765 4766 4767
v 948.7079 -56.7315 271.2145
v 948.7071 -56.7315 265.7507
v 932.6036 -77.6800 274.5406
f 4768 4769 4770
v 929.5184 -81.6907 265.7533
v 932.6036 -77.6800 274.5406
v 948.7071 -56.7315 265.7507
f 4771 4772 4773
v 926.2899 -107.6458 265.7534
v 933.6870 -113.3824 275.2158
v 926.2917 -107.6457 276.9200
f 4774 4775 4776
v 933.6870 -113.3824 275.2158
v 926.2899 -107.6458 265.7534
v 933.6855 -113.3825 265.7521
f 4777 4778 4779
v 926.2899 -107.6458 265.7534
v 926.2917 -107.6457 276.9200
v 915.8142 -99.5187 274.5647
f 4780 4781 4782
v 915.8129 -99.5188 265.7550
v 926.2899 -107.6458 265.7534
v 915.8142 -99.5187 274.5647
f 4783 4784 4785
v 947.4872 -123.9992 274.3565
v 969.5684 -140.9863 274.3529
v 958.3731 -132.3734 276.9147
f 4786 4787 4788
v 969.5670 -140.9863 265.7462
v 969.5684 -140.9863 274.3529
v 947.4872 -123.9992 274.3565
f 4789 4790 4791
v 947.4872 -123.9992 274.3565
v 958.3712 -132.3734 265.7481
v 969.5670 -140.9863 265.7462
f 4792 4793 4794
v 958.3712 -132.3734 265.7481
v 937.4231 -116.2564 274.3582
v 947.4858 -123.9993 265.7498
f 4795 4796 4797
v 937.4231 -116.2564 274.3582
v 958.3712 -132.3734 265.7481
v 947.4872 -123.9992 274.3565
f 4798 4799 4800
v 947.4858 -123.9993 265.7498
v 933.6870 -113.3824 275.2158
v 942.2966 -120.0075 265.7507
f 4801 4802 4803
v 937.4231 -116.2564 274.3582
v 933.6870 -113.3824 275.2158
v 947.4858 -123.9993 265.7498
f 4804 4805 4806
v 942.2966 -120.0075 265.7507
v 933.6870 -113.3824 275.2158
v 937.4217 -116.2565 265.7515
f 4807 4808 4809
v 933.6855 -113.3825 265.7521
v 937.4217 -116.2565 265.7515
v 933.6870 -113.3824 275.2158
f 4810 4811 4812
v 942.2981 -120.0074 275.4944
v 937.4231 -116.2564 274.3582
v 947.4872 -123.9992 274.3565
f 4813 4814 4815
v 948.7079 -56.7315 271.2145
v 971.1495 -74.0044 265.7472
v 959.4018 -64.9631 265.7490
f 4816 4817 4818
v 948.7079 -56.7315 271.2145
v 948.7084 -56.7314 274.5184
v 971.1495 -74.0044 265.7472
f 4819 4820 4821
v 948.7084 -56.7314 274.5184
v 959.4036 -64.9629 276.9156
v 971.1495 -74.0044 265.7472
f 4822 4823 4824
v 959.4018 -64.9631 265.7490
v 948.7071 -56.7315 265.7507
v 948.7079 -56.7315 271.2145
f 4825 4826 4827
v 971.1495 -74.0044 265.7472
v 959.4036 -64.9629 276.9156
v 970.5561 -73.5467 274.3540
f 4828 4829 4830
v 970.5561 -73.5467 274.3540
v 980.6183 -81.2906 274.3522
v 980.6168 -81.2907 265.7455
f 4831 4832 4833
v 996.2174 -93.2973 265.7430
v 980.6183 -81.2906 274.3522
v 991.5031 -89.6676 276.9103
f 4834 4835 4836
v 996.2191 -93.2973 275.8307
v 996.2174 -93.2973 265.7430
v 991.5031 -89.6676 276.9103
f 4837 4838 4839
v 980.6168 -81.2907 265.7455
v 980.6183 -81.2906 274.3522
v 991.5012 -89.6677 265.7437
f 4840 4841 4842
v 980.6168 -81.2907 265.7455
v 971.1495 -74.0044 265.7472
v 970.5561 -73.5467 274.3540
f 4843 4844 4845
v 980.6183 -81.2906 274.3522
v 996.2174 -93.2973 265.7430
v 991.5012 -89.6677 265.7437
f 4846 4847 4848
v 970.5561 -73.5467 274.3540
v 975.4301 -77.2978 275.4901
v 980.6183 -81.2906 274.3522
f 4849 4850 4851
v 1002.5568 -98.1761 274.3806
v 995.9438 -106.7724 274.3735
v 1002.5553 -98.1762 265.7419
f 4852 4853 4854
v 976.1045 -132.5589 265.7454
v 1002.5553 -98.1762 265.7419
v 982.7189 -123.9627 274.3592
f 4855 4856 4857
v 999.1090 -95.5219 275.1692
v 1000.8204 -96.8395 274.7779
v 999.1074 -95.5220 265.7425
f 4858 4859 4860
v 1002.5568 -98.1761 274.3806
v 999.1074 -95.5220 265.7425
v 1000.8204 -96.8395 274.7779
f 4861 4862 4863
v 995.5641 -94.1456 265.7431
v 998.4567 -96.3712 275.1683
v 998.4552 -96.3713 265.7426
f 4864 4865 4866
v 996.2174 -93.2973 265.7430
v 995.5659 -94.1455 275.8308
v 995.5641 -94.1456 265.7431
f 4867 4868 4869
v 932.6036 -77.6800 274.5406
v 948.7084 -56.7314 274.5184
v 948.7079 -56.7315 271.2145
f 4870 4871 4872

g building_ID_AF4B8B02-04C3-4F14-B88C-813E880B8857
v 897.3971 -189.2093 273.9482
v 890.7255 -184.2175 273.9493
v 893.2033 -178.2872 273.9491
f 4873 4874 4875
v 897.3971 -189.2093 273.9482
v 889.9537 -186.0144 273.9493
v 890.7255 -184.2175 273.9493
f 4876 4877 4878
v 893.2653 -178.3143 273.9491
v 893.3558 -178.1026 273.9491
v 915.7641 -187.6106 273.9456
f 4879 4880 4881
v 893.2653 -178.3143 273.9491
v 915.7641 -187.6106 273.9456
v 897.3971 -189.2093 273.9482
f 4882 4883 4884
v 912.3868 -195.5703 273.9459
v 897.3971 -189.2093 273.9482
v 915.7641 -187.6106 273.9456
f 4885 4886 4887
v 893.2033 -178.2872 273.9491
v 893.2653 -178.3143 273.9491
v 897.3971 -189.2093 273.9482
f 4888 4889 4890
v 890.7271 -184.2176 284.6579
v 897.3986 -189.2094 284.6568
v 915.7658 -187.6105 284.6542
f 4891 4892 4893
v 915.7658 -187.6105 284.6542
v 897.3986 -189.2094 284.6568
v 912.3884 -195.5704 284.6545
f 4894 4895 4896
v 893.2669 -178.3144 284.6577
v 915.7658 -187.6105 284.6542
v 893.3574 -178.1026 284.6577
f 4897 4898 4899
v 890.7271 -184.2176 284.6579
v 893.2669 -178.3144 284.6577
v 893.2050 -178.2872 284.6577
f 4900 4901 4902
v 890.7271 -184.2176 284.6579
v 889.9553 -186.0145 284.6579
v 897.3986 -189.2094 284.6568
f 4903 4904 4905
v 890.7271 -184.2176 284.6579
v 915.7658 -187.6105 284.6542
v 893.2669 -178.3144 284.6577
f 4906 4907 4908
v 893.2653 -178.3143 273.9491
v 893.2669 -178.3144 284.6577
v 893.3574 -178.1026 284.6577
f 4909 4910 4911
v 893.2033 -178.2872 273.9491
v 893.2050 -178.2872 284.6577
v 893.2669 -178.3144 284.6577
f 4912 4913 4914
v 893.2033 -178.2872 273.9491
v 890.7271 -184.2176 284.6579
v 893.2050 -178.2872 284.6577
f 4915 4916 4917
v 889.9537 -186.0144 273.9493
v 889.9553 -186.0145 284.6579
v 890.7271 -184.2176 284.6579
f 4918 4919 4920
v 897.3971 -189.2093 273.9482
v 897.3986 -189.2094 284.6568
v 889.9553 -186.0145 284.6579
f 4921 4922 4923
v 912.3868 -195.5703 273.9459
v 912.3884 -195.5704 284.6545
v 897.3986 -189.2094 284.6568
f 4924 4925 4926
v 915.7641 -187.6106 273.9456
v 915.7658 -187.6105 284.6542
v 912.3884 -195.5704 284.6545
f 4927 4928 4929
v 893.3558 -178.1026 273.9491
v 893.3574 -178.1026 284.6577
v 915.7658 -187.6105 284.6542
f 4930 4931 4932
v 893.2653 -178.3143 273.9491
v 893.3574 -178.1026 284.6577
v 893.3558 -178.1026 273.9491
f 4933 4934 4935
v 893.2033 -178.2872 273.9491
v 893.2669 -178.3144 284.6577
v 893.2653 -178.3143 273.9491
f 4936 4937 4938
v 890.7255 -184.2175 273.9493
v 890.7271 -184.2176 284.6579
v 893.2033 -178.2872 273.9491
f 4939 4940 4941
v 889.9537 -186.0144 273.9493
v 890.7271 -184.2176 284.6579
v 890.7255 -184.2175 273.9493
f 4942 4943 4944
v 897.3971 -189.2093 273.9482
v 889.9553 -186.0145 284.6579
v 889.9537 -186.0144 273.9493
f 4945 4946 4947
v 912.3868 -195.5703 273.9459
v 897.3986 -189.2094 284.6568
v 897.3971 -189.2093 273.9482
f 4948 4949 4950
v 915.7641 -187.6106 273.9456
v 912.3884 -195.5704 284.6545
v 912.3868 -195.5703 273.9459
f 4951 4952 4953
v 893.3558 -178.1026 273.9491
v 915.7658 -187.6105 284.6542
v 915.7641 -187.6106 273.9456
f 4954 4955 4956

g building_ID_3B9AE07C-1F70-491C-A8B3-D77BBF1E74D7
v 853.4491 -207.4924 284.5742
v 851.7225 -210.7097 284.5744
v 856.7933 -209.2983 284.5737
f 4957 4958 4959
v 885.7103 -228.9486 284.5691
v 856.7933 -209.2983 284.5737
v 851.7225 -210.7097 284.5744
f 4960 4961 4962
v 856.9742 -208.9639 284.5737
v 856.7933 -209.2983 284.5737
v 887.6117 -225.4047 284.5690
f 4963 4964 4965
v 885.7103 -228.9486 284.5691
v 887.6117 -225.4047 284.5690
v 856.7933 -209.2983 284.5737
f 4966 4967 4968
v 853.4481 -207.4924 277.8755
v 853.4491 -207.4924 284.5742
v 856.7933 -209.2983 284.5737
f 4969 4970 4971
v 851.7215 -210.7097 277.8757
v 851.7225 -210.7097 284.5744
v 853.4491 -207.4924 284.5742
f 4972 4973 4974
v 885.7093 -228.9485 277.8703
v 885.7103 -228.9486 284.5691
v 851.7225 -210.7097 284.5744
f 4975 4976 4977
v 887.6107 -225.4047 277.8702
v 887.6117 -225.4047 284.5690
v 885.7103 -228.9486 284.5691
f 4978 4979 4980
v 901.1000 -213.5151 288.3614
v 908.3447 -215.4864 288.3602
v 896.8592 -211.2387 288.3621
f 4981 4982 4983
v 895.5810 -210.5533 288.3623
v 896.8592 -211.2387 288.3621
v 908.3447 -215.4864 288.3602
f 4984 4985 4986
v 908.3447 -215.4864 288.3602
v 902.3931 -214.2085 288.3611
v 903.7632 -214.9442 288.3609
f 4987 4988 4989
v 908.3447 -215.4864 288.3602
v 901.1000 -213.5151 288.3614
v 902.3931 -214.2085 288.3611
f 4990 4991 4992
v 889.4955 -224.9608 288.3625
v 901.1000 -213.5151 288.3614
v 896.8592 -211.2387 288.3621
f 4993 4994 4995
v 899.5231 -231.7967 288.3609
v 908.3447 -215.4864 288.3602
v 903.7632 -214.9442 288.3609
f 4996 4997 4998
v 890.4115 -207.7784 288.3631
v 908.3447 -215.4864 288.3602
v 888.7599 -206.8931 288.3633
f 4999 5000 5001
v 887.4968 -206.2147 288.3635
v 888.7599 -206.8931 288.3633
v 908.3447 -215.4864 288.3602
f 5002 5003 5004
v 908.3447 -215.4864 288.3602
v 894.5026 -209.9744 288.3624
v 895.5810 -210.5533 288.3623
f 5005 5006 5007
v 894.5026 -209.9744 288.3624
v 890.4115 -207.7784 288.3631
v 883.0468 -221.5016 288.3636
f 5008 5009 5010
v 908.3447 -215.4864 288.3602
v 890.4115 -207.7784 288.3631
v 894.5026 -209.9744 288.3624
f 5011 5012 5013
v 887.4968 -206.2147 288.3635
v 908.3447 -215.4864 288.3602
v 865.7893 -192.6507 288.3669
f 5014 5015 5016
v 899.5231 -231.7967 288.3609
v 893.7353 -227.2362 288.3618
v 889.4955 -224.9608 288.3625
f 5017 5018 5019
v 895.0295 -227.9307 288.3616
v 899.5231 -231.7967 288.3609
v 896.4005 -228.6673 288.3614
f 5020 5021 5022
v 903.7632 -214.9442 288.3609
v 896.4005 -228.6673 288.3614
v 899.5231 -231.7967 288.3609
f 5023 5024 5025
v 893.7353 -227.2362 288.3618
v 899.5231 -231.7967 288.3609
v 895.0295 -227.9307 288.3616
f 5026 5027 5028
v 899.5231 -231.7967 288.3609
v 889.4955 -224.9608 288.3625
v 888.2183 -224.2755 288.3627
f 5029 5030 5031
v 893.7353 -227.2362 288.3618
v 901.1000 -213.5151 288.3614
v 889.4955 -224.9608 288.3625
f 5032 5033 5034
v 887.1399 -223.6976 288.3630
v 894.5026 -209.9744 288.3624
v 883.0468 -221.5016 288.3636
f 5035 5036 5037
v 899.5231 -231.7967 288.3609
v 881.3972 -220.6152 288.3639
v 880.1330 -219.9369 288.3641
f 5038 5039 5040
v 899.5231 -231.7967 288.3609
v 887.1399 -223.6976 288.3630
v 883.0468 -221.5016 288.3636
f 5041 5042 5043
v 881.3972 -220.6152 288.3639
v 899.5231 -231.7967 288.3609
v 883.0468 -221.5016 288.3636
f 5044 5045 5046
v 899.5231 -231.7967 288.3609
v 888.2183 -224.2755 288.3627
v 887.1399 -223.6976 288.3630
f 5047 5048 5049
v 856.9747 -208.9639 288.3676
v 899.5231 -231.7967 288.3609
v 880.1330 -219.9369 288.3641
f 5050 5051 5052
v 880.1330 -219.9369 288.3641
v 887.4968 -206.2147 288.3635
v 883.5065 -204.0740 288.3642
f 5053 5054 5055
v 875.1946 -199.6128 288.3654
v 876.7882 -200.4680 288.3652
v 865.7893 -192.6507 288.3669
f 5056 5057 5058
v 880.7495 -202.5936 288.3646
v 865.7893 -192.6507 288.3669
v 876.7882 -200.4680 288.3652
f 5059 5060 5061
v 865.7893 -192.6507 288.3669
v 880.7495 -202.5936 288.3646
v 883.5065 -204.0740 288.3642
f 5062 5063 5064
v 876.7882 -200.4680 288.3652
v 873.3848 -216.3157 288.3651
v 880.7495 -202.5936 288.3646
f 5065 5066 5067
v 867.2800 -195.3656 288.3666
v 868.5072 -196.0239 288.3665
v 865.7893 -192.6507 288.3669
f 5068 5069 5070
v 869.7964 -196.7164 288.3663
v 865.7893 -192.6507 288.3669
v 868.5072 -196.0239 288.3665
f 5071 5072 5073
v 869.7964 -196.7164 288.3663
v 862.4337 -210.4385 288.3668
v 874.1490 -199.0530 288.3656
f 5074 5075 5076
v 865.7893 -192.6507 288.3669
v 869.7964 -196.7164 288.3663
v 874.1490 -199.0530 288.3656
f 5077 5078 5079
v 867.2800 -195.3656 288.3666
v 865.7893 -192.6507 288.3669
v 856.9747 -208.9639 288.3676
f 5080 5081 5082
v 875.1946 -199.6128 288.3654
v 865.7893 -192.6507 288.3669
v 874.1490 -199.0530 288.3656
f 5083 5084 5085
v 865.7893 -192.6507 288.3669
v 883.5065 -204.0740 288.3642
v 887.4968 -206.2147 288.3635
f 5086 5087 5088
v 856.9747 -208.9639 288.3676
v 876.1438 -217.7961 288.3647
v 873.3848 -216.3157 288.3651
f 5089 5090 5091
v 856.9747 -208.9639 288.3676
v 869.4246 -214.1911 288.3658
v 867.8309 -213.3359 288.3660
f 5092 5093 5094
v 869.4246 -214.1911 288.3658
v 873.3848 -216.3157 288.3651
v 876.7882 -200.4680 288.3652
f 5095 5096 5097
v 873.3848 -216.3157 288.3651
v 869.4246 -214.1911 288.3658
v 856.9747 -208.9639 288.3676
f 5098 5099 5100
v 866.7854 -212.7741 288.3662
v 862.4337 -210.4385 288.3668
v 856.9747 -208.9639 288.3676
f 5101 5102 5103
v 859.9153 -209.0877 288.3672
v 856.9747 -208.9639 288.3676
v 862.4337 -210.4385 288.3668
f 5104 5105 5106
v 867.2800 -195.3656 288.3666
v 856.9747 -208.9639 288.3676
v 859.9153 -209.0877 288.3672
f 5107 5108 5109
v 867.8309 -213.3359 288.3660
v 866.7854 -212.7741 288.3662
v 856.9747 -208.9639 288.3676
f 5110 5111 5112
v 866.7854 -212.7741 288.3662
v 874.1490 -199.0530 288.3656
v 862.4337 -210.4385 288.3668
f 5113 5114 5115
v 880.1330 -219.9369 288.3641
v 876.1438 -217.7961 288.3647
v 856.9747 -208.9639 288.3676
f 5116 5117 5118
v 880.1330 -219.9369 288.3641
v 883.5065 -204.0740 288.3642
v 876.1438 -217.7961 288.3647
f 5119 5120 5121
v 908.3431 -215.4863 277.8676
v 908.3447 -215.4864 288.3602
v 899.5231 -231.7967 288.3609
f 5122 5123 5124
v 865.7878 -192.6506 277.8743
v 865.7893 -192.6507 288.3669
v 908.3447 -215.4864 288.3602
f 5125 5126 5127
v 899.5215 -231.7965 277.8683
v 899.5231 -231.7967 288.3609
v 887.6117 -225.4047 284.5690
f 5128 5129 5130
v 856.9747 -208.9639 288.3676
v 887.6117 -225.4047 284.5690
v 899.5231 -231.7967 288.3609
f 5131 5132 5133
v 856.9747 -208.9639 288.3676
v 856.9742 -208.9639 284.5737
v 887.6117 -225.4047 284.5690
f 5134 5135 5136
v 902.3934 -214.2085 289.6871
v 895.0297 -227.9307 289.6876
v 896.4005 -228.6673 288.3614
f 5137 5138 5139
v 896.4005 -228.6673 288.3614
v 903.7632 -214.9442 288.3609
v 902.3934 -214.2085 289.6871
f 5140 5141 5142
v 901.1000 -213.5151 288.3614
v 893.7353 -227.2362 288.3618
v 895.0297 -227.9307 289.6876
f 5143 5144 5145
v 895.0297 -227.9307 289.6876
v 902.3934 -214.2085 289.6871
v 901.1000 -213.5151 288.3614
f 5146 5147 5148
v 874.1490 -199.0530 288.3656
v 866.7854 -212.7741 288.3662
v 867.8311 -213.3359 289.6919
f 5149 5150 5151
v 867.8311 -213.3359 289.6919
v 875.1947 -199.6128 289.6913
v 874.1490 -199.0530 288.3656
f 5152 5153 5154
v 869.4246 -214.1911 288.3658
v 876.7882 -200.4680 288.3652
v 867.8311 -213.3359 289.6919
f 5155 5156 5157
v 867.2800 -195.3656 288.3666
v 859.9153 -209.0877 288.3672
v 861.1427 -209.7461 289.6929
f 5158 5159 5160
v 861.1427 -209.7461 289.6929
v 868.5074 -196.0239 289.6924
v 867.2800 -195.3656 288.3666
f 5161 5162 5163
v 880.1330 -219.9369 288.3641
v 888.7601 -206.8931 289.6892
v 887.4968 -206.2147 288.3635
f 5164 5165 5166
v 888.7601 -206.8931 289.6892
v 880.1330 -219.9369 288.3641
v 881.3974 -220.6152 289.6898
f 5167 5168 5169
v 890.4115 -207.7784 288.3631
v 881.3974 -220.6152 289.6898
v 883.0468 -221.5016 288.3636
f 5170 5171 5172
v 881.3974 -220.6152 289.6898
v 890.4115 -207.7784 288.3631
v 888.7601 -206.8931 289.6892
f 5173 5174 5175
v 873.3848 -216.3157 288.3651
v 882.0129 -203.2720 289.6903
v 880.7495 -202.5936 288.3646
f 5176 5177 5178
v 882.0129 -203.2720 289.6903
v 873.3848 -216.3157 288.3651
v 874.6492 -216.9942 289.6908
f 5179 5180 5181
v 874.6492 -216.9942 289.6908
v 883.5065 -204.0740 288.3642
v 882.0129 -203.2720 289.6903
f 5182 5183 5184
v 883.5065 -204.0740 288.3642
v 874.6492 -216.9942 289.6908
v 876.1438 -217.7961 288.3647
f 5185 5186 5187
v 888.2185 -224.2754 289.6887
v 895.5813 -210.5533 289.6882
v 894.5026 -209.9744 288.3624
f 5188 5189 5190
v 894.5026 -209.9744 288.3624
v 887.1399 -223.6976 288.3630
v 888.2185 -224.2754 289.6887
f 5191 5192 5193
v 896.8592 -211.2387 288.3621
v 888.2185 -224.2754 289.6887
v 889.4955 -224.9608 288.3625
f 5194 5195 5196
v 888.2185 -224.2754 289.6887
v 896.8592 -211.2387 288.3621
v 895.5813 -210.5533 289.6882
f 5197 5198 5199
v 856.7923 -209.2982 277.8750
v 856.7933 -209.2983 284.5737
v 856.9742 -208.9639 284.5737
f 5200 5201 5202
v 856.9742 -208.9639 284.5737
v 859.3952 -204.4813 277.8748
v 856.7923 -209.2982 277.8750
f 5203 5204 5205
v 856.9742 -208.9639 284.5737
v 865.7893 -192.6507 288.3669
v 859.3952 -204.4813 277.8748
f 5206 5207 5208
v 865.7893 -192.6507 288.3669
v 865.7878 -192.6506 277.8743
v 859.3952 -204.4813 277.8748
f 5209 5210 5211
v 856.9747 -208.9639 288.3676
v 865.7893 -192.6507 288.3669
v 856.9742 -208.9639 284.5737
f 5212 5213 5214
v 859.3952 -204.4813 277.8748
v 865.7878 -192.6506 277.8743
v 908.3431 -215.4863 277.8676
f 5215 5216 5217
v 899.5215 -231.7965 277.8683
v 887.6107 -225.4047 277.8702
v 908.3431 -215.4863 277.8676
f 5218 5219 5220
v 908.3431 -215.4863 277.8676
v 887.6107 -225.4047 277.8702
v 859.3952 -204.4813 277.8748
f 5221 5222 5223
v 856.7923 -209.2982 277.8750
v 887.6107 -225.4047 277.8702
v 885.7093 -228.9485 277.8703
f 5224 5225 5226
v 853.4481 -207.4924 277.8755
v 856.7923 -209.2982 277.8750
v 851.7215 -210.7097 277.8757
f 5227 5228 5229
v 885.7093 -228.9485 277.8703
v 851.7215 -210.7097 277.8757
v 856.7923 -209.2982 277.8750
f 5230 5231 5232
v 856.7923 -209.2982 277.8750
v 859.3952 -204.4813 277.8748
v 887.6107 -225.4047 277.8702
f 5233 5234 5235
v 895.0297 -227.9307 289.6876
v 895.0295 -227.9307 288.3616
v 896.4005 -228.6673 288.3614
f 5236 5237 5238
v 895.0295 -227.9307 288.3616
v 895.0297 -227.9307 289.6876
v 893.7353 -227.2362 288.3618
f 5239 5240 5241
v 902.3931 -214.2085 288.3611
v 901.1000 -213.5151 288.3614
v 902.3934 -214.2085 289.6871
f 5242 5243 5244
v 902.3934 -214.2085 289.6871
v 903.7632 -214.9442 288.3609
v 902.3931 -214.2085 288.3611
f 5245 5246 5247
v 867.8309 -213.3359 288.3660
v 869.4246 -214.1911 288.3658
v 867.8311 -213.3359 289.6919
f 5248 5249 5250
v 867.8311 -213.3359 289.6919
v 866.7854 -212.7741 288.3662
v 867.8309 -213.3359 288.3660
f 5251 5252 5253
v 875.1947 -199.6128 289.6913
v 875.1946 -199.6128 288.3654
v 874.1490 -199.0530 288.3656
f 5254 5255 5256
v 875.1946 -199.6128 288.3654
v 875.1947 -199.6128 289.6913
v 876.7882 -200.4680 288.3652
f 5257 5258 5259
v 868.5074 -196.0239 289.6924
v 868.5072 -196.0239 288.3665
v 867.2800 -195.3656 288.3666
f 5260 5261 5262
v 868.5072 -196.0239 288.3665
v 868.5074 -196.0239 289.6924
v 869.7964 -196.7164 288.3663
f 5263 5264 5265
v 861.1427 -209.7461 289.6929
v 859.9153 -209.0877 288.3672
v 862.4337 -210.4385 288.3668
f 5266 5267 5268
v 888.7601 -206.8931 289.6892
v 888.7599 -206.8931 288.3633
v 887.4968 -206.2147 288.3635
f 5269 5270 5271
v 888.7599 -206.8931 288.3633
v 888.7601 -206.8931 289.6892
v 890.4115 -207.7784 288.3631
f 5272 5273 5274
v 881.3972 -220.6152 288.3639
v 883.0468 -221.5016 288.3636
v 881.3974 -220.6152 289.6898
f 5275 5276 5277
v 881.3974 -220.6152 289.6898
v 880.1330 -219.9369 288.3641
v 881.3972 -220.6152 288.3639
f 5278 5279 5280
v 882.0129 -203.2720 289.6903
v 883.5065 -204.0740 288.3642
v 880.7495 -202.5936 288.3646
f 5281 5282 5283
v 874.6492 -216.9942 289.6908
v 873.3848 -216.3157 288.3651
v 876.1438 -217.7961 288.3647
f 5284 5285 5286
v 869.7964 -196.7164 288.3663
v 861.1427 -209.7461 289.6929
v 862.4337 -210.4385 288.3668
f 5287 5288 5289
v 861.1427 -209.7461 289.6929
v 869.7964 -196.7164 288.3663
v 868.5074 -196.0239 289.6924
f 5290 5291 5292
v 895.5813 -210.5533 289.6882
v 895.5810 -210.5533 288.3623
v 894.5026 -209.9744 288.3624
f 5293 5294 5295
v 895.5810 -210.5533 288.3623
v 895.5813 -210.5533 289.6882
v 896.8592 -211.2387 288.3621
f 5296 5297 5298
v 888.2183 -224.2755 288.3627
v 889.4955 -224.9608 288.3625
v 888.2185 -224.2754 289.6887
f 5299 5300 5301
v 888.2185 -224.2754 289.6887
v 887.1399 -223.6976 288.3630
v 888.2183 -224.2755 288.3627
f 5302 5303 5304
v 853.4481 -207.4924 277.8755
v 856.7933 -209.2983 284.5737
v 856.7923 -209.2982 277.8750
f 5305 5306 5307
v 851.7215 -210.7097 277.8757
v 853.4491 -207.4924 284.5742
v 853.4481 -207.4924 277.8755
f 5308 5309 5310
v 885.7093 -228.9485 277.8703
v 851.7225 -210.7097 284.5744
v 851.7215 -210.7097 277.8757
f 5311 5312 5313
v 887.6107 -225.4047 277.8702
v 885.7103 -228.9486 284.5691
v 885.7093 -228.9485 277.8703
f 5314 5315 5316
v 908.3431 -215.4863 277.8676
v 899.5231 -231.7967 288.3609
v 899.5215 -231.7965 277.8683
f 5317 5318 5319
v 865.7878 -192.6506 277.8743
v 908.3447 -215.4864 288.3602
v 908.3431 -215.4863 277.8676
f 5320 5321 5322
v 899.5215 -231.7965 277.8683
v 887.6117 -225.4047 284.5690
v 887.6107 -225.4047 277.8702
f 5323 5324 5325
v 876.7882 -200.4680 288.3652
v 875.1947 -199.6128 289.6913
v 867.8311 -213.3359 289.6919
f 5326 5327 5328

g building_ID_1306AF4D-0B7B-4F23-B228-6B108D24BB5A
v 913.6000 -192.8507 273.9458
v 930.3585 -194.8666 273.9432
v 928.4685 -199.3194 273.9433
f 5329 5330 5331
v 913.6000 -192.8507 273.9458
v 913.4897 -192.9694 273.9458
v 915.3817 -188.5115 273.9456
f 5332 5333 5334
v 915.3817 -188.5115 273.9456
v 930.3585 -194.8666 273.9432
v 913.6000 -192.8507 273.9458
f 5335 5336 5337
v 913.4897 -192.9694 273.9458
v 913.6000 -192.8507 273.9458
v 913.5377 -192.9905 273.9458
f 5338 5339 5340
v 913.6012 -192.8508 281.0025
v 928.4697 -199.3194 281.0001
v 930.3596 -194.8666 281.0000
f 5341 5342 5343
v 915.3828 -188.5116 281.0023
v 913.6012 -192.8508 281.0025
v 930.3596 -194.8666 281.0000
f 5344 5345 5346
v 913.4908 -192.9694 281.0025
v 913.6012 -192.8508 281.0025
v 915.3828 -188.5116 281.0023
f 5347 5348 5349
v 913.6012 -192.8508 281.0025
v 913.4908 -192.9694 281.0025
v 913.5388 -192.9905 281.0025
f 5350 5351 5352
v 913.4897 -192.9694 273.9458
v 913.4908 -192.9694 281.0025
v 915.3828 -188.5116 281.0023
f 5353 5354 5355
v 913.5377 -192.9905 273.9458
v 913.5388 -192.9905 281.0025
v 913.4908 -192.9694 281.0025
f 5356 5357 5358
v 913.6000 -192.8507 273.9458
v 913.6012 -192.8508 281.0025
v 913.5388 -192.9905 281.0025
f 5359 5360 5361
v 928.4685 -199.3194 273.9433
v 928.4697 -199.3194 281.0001
v 913.6012 -192.8508 281.0025
f 5362 5363 5364
v 930.3585 -194.8666 273.9432
v 930.3596 -194.8666 281.0000
v 928.4697 -199.3194 281.0001
f 5365 5366 5367
v 913.4897 -192.9694 273.9458
v 915.3828 -188.5116 281.0023
v 915.3817 -188.5115 273.9456
f 5368 5369 5370
v 913.5377 -192.9905 273.9458
v 913.4908 -192.9694 281.0025
v 913.4897 -192.9694 273.9458
f 5371 5372 5373
v 913.6000 -192.8507 273.9458
v 913.5388 -192.9905 281.0025
v 913.5377 -192.9905 273.9458
f 5374 5375 5376
v 928.4685 -199.3194 273.9433
v 913.6012 -192.8508 281.0025
v 913.6000 -192.8507 273.9458
f 5377 5378 5379
v 930.3585 -194.8666 273.9432
v 928.4697 -199.3194 281.0001
v 928.4685 -199.3194 273.9433
f 5380 5381 5382
v 915.3817 -188.5115 273.9456
v 915.3828 -188.5116 281.0023
v 930.3585 -194.8666 273.9432
f 5383 5384 5385
v 930.3596 -194.8666 281.0000
v 930.3585 -194.8666 273.9432
v 915.3828 -188.5116 281.0023
f 5386 5387 5388
