# Grid Center: 2617000, 1265400
# Global Anchor: 7.64977475454284, 47.53283995868075, 0.0

g building_ID_85170B27-1401-44B7-B718-83F309EA57FC
v 978.7333 504.7041 273.7819
v 1038.4867 458.5175 273.7758
v 1056.4708 481.7840 273.7711
f 1 2 3
v 1056.4708 481.7840 273.7711
v 996.7164 527.9696 273.7773
v 978.7333 504.7041 273.7819
f 4 5 6
v 978.7323 504.7034 268.0941
v 978.7333 504.7041 273.7819
v 996.7164 527.9696 273.7773
f 7 8 9
v 1033.5559 499.4932 264.3869
v 996.7154 527.9689 268.0894
v 996.7164 527.9696 273.7773
f 10 11 12
v 996.7148 527.9686 264.3906
v 996.7154 527.9689 268.0894
v 1033.5559 499.4932 264.3869
f 13 14 15
v 1056.4676 481.7822 255.3408
v 1033.5559 499.4932 264.3869
v 1056.4708 481.7840 273.7711
f 16 17 18
v 1056.4676 481.7822 255.3408
v 996.7133 527.9676 255.3469
v 1033.5544 499.4923 255.3732
f 19 20 21
v 1033.5559 499.4932 264.3869
v 1056.4676 481.7822 255.3408
v 1033.5544 499.4923 255.3732
f 22 23 24
v 1056.4708 481.7840 273.7711
v 1033.5559 499.4932 264.3869
v 996.7164 527.9696 273.7773
f 25 26 27
v 998.3961 530.1460 255.3464
v 998.3961 530.1460 255.3764
v 996.7133 527.9676 255.3769
f 28 29 30
v 996.7154 527.9689 268.0894
v 939.3636 575.5169 268.0942
v 919.8232 550.2376 268.0991
f 31 32 33
v 998.3982 530.1474 268.0889
v 939.3636 575.5169 268.0942
v 996.7154 527.9689 268.0894
f 34 35 36
v 978.7323 504.7034 268.0941
v 996.7154 527.9689 268.0894
v 919.8232 550.2376 268.0991
f 37 38 39
v 926.8583 526.4987 291.9913
v 918.3062 540.2705 291.9914
v 914.8412 535.7878 291.9923
f 40 41 42
v 918.3062 540.2705 291.9914
v 926.8583 526.4987 291.9913
v 930.3232 530.9823 291.9904
f 43 44 45
v 926.8579 526.4985 290.2854
v 926.8583 526.4987 291.9913
v 914.8412 535.7878 291.9923
f 46 47 48
v 914.8410 535.7876 290.2864
v 914.8412 535.7878 291.9923
v 918.3062 540.2705 291.9914
f 49 50 51
v 930.3230 530.9821 290.2845
v 930.3232 530.9823 291.9904
v 926.8583 526.4987 291.9913
f 52 53 54
v 918.3059 540.2702 290.2855
v 918.3062 540.2705 291.9914
v 930.3232 530.9823 291.9904
f 55 56 57
v 999.3681 529.3995 255.3764
v 999.3696 529.4004 264.3901
v 997.8152 527.3786 264.3905
f 58 59 60
v 1021.4906 509.1825 255.3744
v 1021.4921 509.1834 264.3881
v 1033.7587 499.7557 264.3869
f 61 62 63
v 1023.1664 511.3629 255.3740
v 1023.1679 511.3638 264.3877
v 1021.4921 509.1834 264.3881
f 64 65 66
v 1003.8135 526.2355 255.3759
v 1003.8151 526.2365 264.3896
v 1023.1679 511.3638 264.3877
f 67 68 69
v 1002.1357 524.0551 255.3764
v 1002.1373 524.0561 264.3901
v 1003.8151 526.2365 264.3896
f 70 71 72
v 997.8137 527.3776 255.3768
v 997.8152 527.3786 264.3905
v 1002.1373 524.0561 264.3901
f 73 74 75
v 998.3976 530.1470 264.3901
v 998.3982 530.1474 268.0889
v 996.7148 527.9686 264.3906
f 76 77 78
v 1002.1357 524.0551 255.3764
v 1021.4906 509.1825 255.3744
v 996.7133 527.9676 255.3769
f 79 80 81
v 1033.5544 499.4923 255.3732
v 996.7133 527.9676 255.3769
v 1021.4906 509.1825 255.3744
f 82 83 84
v 1033.5544 499.4923 255.3732
v 1021.4906 509.1825 255.3744
v 1033.7571 499.7547 255.3732
f 85 86 87
v 1003.8135 526.2355 255.3759
v 1021.4906 509.1825 255.3744
v 1002.1357 524.0551 255.3764
f 88 89 90
v 998.3961 530.1460 255.3764
v 997.8137 527.3776 255.3768
v 996.7133 527.9676 255.3769
f 91 92 93
v 1002.1357 524.0551 255.3764
v 996.7133 527.9676 255.3769
v 997.8137 527.3776 255.3768
f 94 95 96
v 1023.1664 511.3629 255.3740
v 1021.4906 509.1825 255.3744
v 1003.8135 526.2355 255.3759
f 97 98 99
v 999.3681 529.3995 255.3764
v 997.8137 527.3776 255.3768
v 998.3961 530.1460 255.3764
f 100 101 102
v 998.3976 530.1470 264.3901
v 996.7148 527.9686 264.3906
v 997.8152 527.3786 264.3905
f 103 104 105
v 1002.1373 524.0561 264.3901
v 997.8152 527.3786 264.3905
v 996.7148 527.9686 264.3906
f 106 107 108
v 997.8152 527.3786 264.3905
v 999.3696 529.4004 264.3901
v 998.3976 530.1470 264.3901
f 109 110 111
v 1002.1373 524.0561 264.3901
v 996.7148 527.9686 264.3906
v 1021.4921 509.1834 264.3881
f 112 113 114
v 1033.5559 499.4932 264.3869
v 1021.4921 509.1834 264.3881
v 996.7148 527.9686 264.3906
f 115 116 117
v 1021.4921 509.1834 264.3881
v 1023.1679 511.3638 264.3877
v 1003.8151 526.2365 264.3896
f 118 119 120
v 1033.5559 499.4932 264.3869
v 1033.7587 499.7557 264.3869
v 1021.4921 509.1834 264.3881
f 121 122 123
v 1002.1373 524.0561 264.3901
v 1021.4921 509.1834 264.3881
v 1003.8151 526.2365 264.3896
f 124 125 126
v 1033.7571 499.7547 255.3732
v 1033.7587 499.7557 264.3869
v 1033.5559 499.4932 264.3869
f 127 128 129
v 918.3059 540.2702 290.2855
v 907.1408 533.8282 290.2876
v 914.8410 535.7876 290.2864
f 130 131 132
v 926.8579 526.4985 290.2854
v 914.8410 535.7876 290.2864
v 907.1408 533.8282 290.2876
f 133 134 135
v 989.2803 484.6937 290.2792
v 926.8579 526.4985 290.2854
v 985.6577 480.0065 290.2801
f 136 137 138
v 907.1408 533.8282 290.2876
v 985.6577 480.0065 290.2801
v 926.8579 526.4985 290.2854
f 139 140 141
v 985.6577 480.0065 290.2801
v 907.1408 533.8282 290.2876
v 1025.8038 442.1073 290.2765
f 142 143 144
v 930.3230 530.9821 290.2845
v 919.8266 550.2401 290.2844
v 918.3059 540.2702 290.2855
f 145 146 147
v 907.1408 533.8282 290.2876
v 918.3059 540.2702 290.2855
v 919.8266 550.2401 290.2844
f 148 149 150
v 919.8266 550.2401 290.2844
v 930.3230 530.9821 290.2845
v 989.2803 484.6937 290.2792
f 151 152 153
v 930.3230 530.9821 290.2845
v 926.8579 526.4985 290.2854
v 989.2803 484.6937 290.2792
f 154 155 156
v 1038.4896 458.5191 290.2733
v 919.8266 550.2401 290.2844
v 989.2803 484.6937 290.2792
f 157 158 159
v 985.6577 480.0065 290.2801
v 1007.9523 460.8919 290.2780
v 1001.5077 467.7541 290.2785
f 160 161 162
v 1016.4845 463.6110 290.2765
v 1011.9779 457.7801 290.2776
v 1025.8038 442.1073 290.2765
f 163 164 165
v 1007.9523 460.8919 290.2780
v 1025.8038 442.1073 290.2765
v 1011.9779 457.7801 290.2776
f 166 167 168
v 1025.8038 442.1073 290.2765
v 1007.9523 460.8919 290.2780
v 985.6577 480.0065 290.2801
f 169 170 171
v 1038.4896 458.5191 290.2733
v 1005.1303 472.4423 290.2776
v 1012.4589 466.7217 290.2769
f 172 173 174
v 1001.5077 467.7541 290.2785
v 1012.4589 466.7217 290.2769
v 1005.1303 472.4423 290.2776
f 175 176 177
v 1012.4589 466.7217 290.2769
v 1016.4845 463.6110 290.2765
v 1038.4896 458.5191 290.2733
f 178 179 180
v 1025.8038 442.1073 290.2765
v 1038.4896 458.5191 290.2733
v 1016.4845 463.6110 290.2765
f 181 182 183
v 1012.4589 466.7217 290.2769
v 1001.5077 467.7541 290.2785
v 1007.9523 460.8919 290.2780
f 184 185 186
v 989.2803 484.6937 290.2792
v 1005.1303 472.4423 290.2776
v 1038.4896 458.5191 290.2733
f 187 188 189
v 915.2456 527.5634 288.2960
v 1025.8034 442.1071 288.2855
v 1025.8038 442.1073 290.2765
f 190 191 192
v 907.1373 533.8258 267.5324
v 915.2456 527.5634 288.2960
v 907.1408 533.8282 290.2876
f 193 194 195
v 915.2424 527.5611 267.5317
v 915.2456 527.5634 288.2960
v 907.1373 533.8258 267.5324
f 196 197 198
v 981.4478 384.7257 255.3593
v 981.4532 384.7285 288.2962
v 870.8953 470.1838 288.3067
f 199 200 201
v 1025.8034 442.1071 288.2855
v 915.2456 527.5634 288.2960
v 870.8953 470.1838 288.3067
f 202 203 204
v 870.8953 470.1838 288.3067
v 981.4532 384.7285 288.2962
v 1025.8034 442.1071 288.2855
f 205 206 207
v 870.8905 470.1806 255.3698
v 870.8953 470.1838 288.3067
v 873.6267 473.7194 267.5418
f 208 209 210
v 915.2456 527.5634 288.2960
v 873.6267 473.7194 267.5418
v 870.8953 470.1838 288.3067
f 211 212 213
v 873.6249 473.7183 255.3692
v 870.8905 470.1806 255.3698
v 873.6267 473.7194 267.5418
f 214 215 216
v 915.2456 527.5634 288.2960
v 915.2424 527.5611 267.5317
v 873.6267 473.7194 267.5418
f 217 218 219
v 865.6426 479.8876 255.3698
v 865.6444 479.8887 267.5424
v 900.9489 525.8195 267.5340
f 220 221 222
v 900.9489 525.8195 267.5340
v 865.6444 479.8887 267.5424
v 873.6267 473.7194 267.5418
f 223 224 225
v 907.1373 533.8258 267.5324
v 900.9489 525.8195 267.5340
v 915.2424 527.5611 267.5317
f 226 227 228
v 873.6267 473.7194 267.5418
v 915.2424 527.5611 267.5317
v 900.9489 525.8195 267.5340
f 229 230 231
v 873.6249 473.7183 255.3692
v 873.6267 473.7194 267.5418
v 865.6444 479.8887 267.5424
f 232 233 234
v 1001.5080 467.7542 291.9845
v 989.2806 484.6938 291.9852
v 985.6581 480.0066 291.9861
f 235 236 237
v 989.2806 484.6938 291.9852
v 1001.5080 467.7542 291.9845
v 1005.1306 472.4425 291.9836
f 238 239 240
v 985.6577 480.0065 290.2801
v 985.6581 480.0066 291.9861
v 989.2806 484.6938 291.9852
f 241 242 243
v 1001.5077 467.7541 290.2785
v 1001.5080 467.7542 291.9845
v 985.6581 480.0066 291.9861
f 244 245 246
v 1005.1303 472.4423 290.2776
v 1005.1306 472.4425 291.9836
v 1001.5080 467.7542 291.9845
f 247 248 249
v 989.2803 484.6937 290.2792
v 989.2806 484.6938 291.9852
v 1005.1306 472.4425 291.9836
f 250 251 252
v 1012.4592 466.7220 292.2678
v 1007.9527 460.8921 292.2689
v 1011.9783 457.7803 292.2685
f 253 254 255
v 1011.9783 457.7803 292.2685
v 1016.4848 463.6112 292.2674
v 1012.4592 466.7220 292.2678
f 256 257 258
v 1007.9523 460.8919 290.2780
v 1007.9527 460.8921 292.2689
v 1012.4592 466.7220 292.2678
f 259 260 261
v 1011.9779 457.7801 290.2776
v 1011.9783 457.7803 292.2685
v 1007.9527 460.8921 292.2689
f 262 263 264
v 1016.4845 463.6110 290.2765
v 1016.4848 463.6112 292.2674
v 1011.9783 457.7803 292.2685
f 265 266 267
v 1012.4589 466.7217 290.2769
v 1012.4592 466.7220 292.2678
v 1016.4848 463.6112 292.2674
f 268 269 270
v 919.8232 550.2376 268.0991
v 919.8266 550.2401 290.2844
v 978.7333 504.7041 273.7819
f 271 272 273
v 919.8266 550.2401 290.2844
v 1038.4896 458.5191 290.2733
v 978.7333 504.7041 273.7819
f 274 275 276
v 978.7323 504.7034 268.0941
v 919.8232 550.2376 268.0991
v 978.7333 504.7041 273.7819
f 277 278 279
v 939.3616 575.5155 255.3516
v 939.3636 575.5169 268.0942
v 998.3976 530.1470 264.3901
f 280 281 282
v 939.3616 575.5155 255.3516
v 998.3961 530.1460 255.3764
v 998.3961 530.1460 255.3464
f 283 284 285
v 998.3982 530.1474 268.0889
v 998.3976 530.1470 264.3901
v 939.3636 575.5169 268.0942
f 286 287 288
v 999.3696 529.4004 264.3901
v 999.3681 529.3995 255.3764
v 998.3961 530.1460 255.3764
f 289 290 291
v 913.4673 542.0153 255.3583
v 907.1365 533.8255 255.3598
v 907.1373 533.8258 267.5324
f 292 293 294
v 900.9489 525.8195 267.5340
v 907.1373 533.8258 267.5324
v 907.1365 533.8255 255.3598
f 295 296 297
v 919.8232 550.2376 268.0991
v 907.1373 533.8258 267.5324
v 907.1408 533.8282 290.2876
f 298 299 300
v 919.8232 550.2376 268.0991
v 939.3636 575.5169 268.0942
v 939.3616 575.5155 255.3516
f 301 302 303
v 907.1373 533.8258 267.5324
v 919.8232 550.2376 268.0991
v 913.4673 542.0153 255.3583
f 304 305 306
v 919.8232 550.2376 268.0991
v 919.8212 550.2362 255.3566
v 913.4673 542.0153 255.3583
f 307 308 309
v 919.8266 550.2401 290.2844
v 919.8232 550.2376 268.0991
v 907.1408 533.8282 290.2876
f 310 311 312
v 1056.4708 481.7840 273.7711
v 1038.4867 458.5175 273.7758
v 1056.4676 481.7822 255.3408
f 313 314 315
v 1038.4867 458.5175 273.7758
v 1034.4014 453.2337 255.3465
v 1038.4835 458.5158 255.3455
f 316 317 318
v 1025.8034 442.1071 288.2855
v 1038.4867 458.5175 273.7758
v 1038.4896 458.5191 290.2733
f 319 320 321
v 1025.8034 442.1071 288.2855
v 981.4532 384.7285 288.2962
v 981.4478 384.7257 255.3593
f 322 323 324
v 1025.8034 442.1071 288.2855
v 1025.7977 442.1040 255.3486
v 1038.4867 458.5175 273.7758
f 325 326 327
v 1025.7977 442.1040 255.3486
v 1034.4014 453.2337 255.3465
v 1038.4867 458.5175 273.7758
f 328 329 330
v 1025.8038 442.1073 290.2765
v 1025.8034 442.1071 288.2855
v 1038.4896 458.5191 290.2733
f 331 332 333
v 1038.4835 458.5158 255.3455
v 996.7133 527.9676 255.3469
v 1056.4676 481.7822 255.3408
f 334 335 336
v 996.7133 527.9676 255.3469
v 1038.4835 458.5158 255.3455
v 1034.4014 453.2337 255.3465
f 337 338 339
v 996.7133 527.9676 255.3469
v 939.3616 575.5155 255.3516
v 998.3961 530.1460 255.3464
f 340 341 342
v 919.8212 550.2362 255.3566
v 996.7133 527.9676 255.3469
v 913.4673 542.0153 255.3583
f 343 344 345
v 996.7133 527.9676 255.3469
v 907.1365 533.8255 255.3598
v 913.4673 542.0153 255.3583
f 346 347 348
v 939.3616 575.5155 255.3516
v 996.7133 527.9676 255.3469
v 919.8212 550.2362 255.3566
f 349 350 351
v 1025.7977 442.1040 255.3486
v 900.9471 525.8182 255.3614
v 996.7133 527.9676 255.3469
f 352 353 354
v 873.6249 473.7183 255.3692
v 1025.7977 442.1040 255.3486
v 981.4478 384.7257 255.3593
f 355 356 357
v 981.4478 384.7257 255.3593
v 870.8905 470.1806 255.3698
v 873.6249 473.7183 255.3692
f 358 359 360
v 865.6426 479.8876 255.3698
v 900.9471 525.8182 255.3614
v 873.6249 473.7183 255.3692
f 361 362 363
v 900.9471 525.8182 255.3614
v 907.1365 533.8255 255.3598
v 996.7133 527.9676 255.3469
f 364 365 366
v 1025.7977 442.1040 255.3486
v 873.6249 473.7183 255.3692
v 900.9471 525.8182 255.3614
f 367 368 369
v 1034.4014 453.2337 255.3465
v 1025.7977 442.1040 255.3486
v 996.7133 527.9676 255.3469
f 370 371 372
v 978.7323 504.7034 268.0941
v 996.7164 527.9696 273.7773
v 996.7154 527.9689 268.0894
f 373 374 375
v 996.7133 527.9676 255.3469
v 996.7133 527.9676 255.3769
v 1033.5544 499.4923 255.3732
f 376 377 378
v 998.3961 530.1460 255.3464
v 996.7133 527.9676 255.3769
v 996.7133 527.9676 255.3469
f 379 380 381
v 926.8579 526.4985 290.2854
v 914.8412 535.7878 291.9923
v 914.8410 535.7876 290.2864
f 382 383 384
v 914.8410 535.7876 290.2864
v 918.3062 540.2705 291.9914
v 918.3059 540.2702 290.2855
f 385 386 387
v 930.3230 530.9821 290.2845
v 926.8583 526.4987 291.9913
v 926.8579 526.4985 290.2854
f 388 389 390
v 918.3059 540.2702 290.2855
v 930.3232 530.9823 291.9904
v 930.3230 530.9821 290.2845
f 391 392 393
v 999.3681 529.3995 255.3764
v 997.8152 527.3786 264.3905
v 997.8137 527.3776 255.3768
f 394 395 396
v 1021.4906 509.1825 255.3744
v 1033.7587 499.7557 264.3869
v 1033.7571 499.7547 255.3732
f 397 398 399
v 1023.1664 511.3629 255.3740
v 1021.4921 509.1834 264.3881
v 1021.4906 509.1825 255.3744
f 400 401 402
v 1003.8135 526.2355 255.3759
v 1023.1679 511.3638 264.3877
v 1023.1664 511.3629 255.3740
f 403 404 405
v 1002.1357 524.0551 255.3764
v 1003.8151 526.2365 264.3896
v 1003.8135 526.2355 255.3759
f 406 407 408
v 997.8137 527.3776 255.3768
v 1002.1373 524.0561 264.3901
v 1002.1357 524.0551 255.3764
f 409 410 411
v 998.3982 530.1474 268.0889
v 996.7154 527.9689 268.0894
v 996.7148 527.9686 264.3906
f 412 413 414
v 1033.7571 499.7547 255.3732
v 1033.5559 499.4932 264.3869
v 1033.5544 499.4923 255.3732
f 415 416 417
v 915.2456 527.5634 288.2960
v 1025.8038 442.1073 290.2765
v 907.1408 533.8282 290.2876
f 418 419 420
v 981.4478 384.7257 255.3593
v 870.8953 470.1838 288.3067
v 870.8905 470.1806 255.3698
f 421 422 423
v 865.6426 479.8876 255.3698
v 900.9489 525.8195 267.5340
v 900.9471 525.8182 255.3614
f 424 425 426
v 873.6249 473.7183 255.3692
v 865.6444 479.8887 267.5424
v 865.6426 479.8876 255.3698
f 427 428 429
v 985.6577 480.0065 290.2801
v 989.2806 484.6938 291.9852
v 989.2803 484.6937 290.2792
f 430 431 432
v 1001.5077 467.7541 290.2785
v 985.6581 480.0066 291.9861
v 985.6577 480.0065 290.2801
f 433 434 435
v 1005.1303 472.4423 290.2776
v 1001.5080 467.7542 291.9845
v 1001.5077 467.7541 290.2785
f 436 437 438
v 989.2803 484.6937 290.2792
v 1005.1306 472.4425 291.9836
v 1005.1303 472.4423 290.2776
f 439 440 441
v 1007.9523 460.8919 290.2780
v 1012.4592 466.7220 292.2678
v 1012.4589 466.7217 290.2769
f 442 443 444
v 1011.9779 457.7801 290.2776
v 1007.9527 460.8921 292.2689
v 1007.9523 460.8919 290.2780
f 445 446 447
v 1016.4845 463.6110 290.2765
v 1011.9783 457.7803 292.2685
v 1011.9779 457.7801 290.2776
f 448 449 450
v 1012.4589 466.7217 290.2769
v 1016.4848 463.6112 292.2674
v 1016.4845 463.6110 290.2765
f 451 452 453
v 1038.4896 458.5191 290.2733
v 1038.4867 458.5175 273.7758
v 978.7333 504.7041 273.7819
f 454 455 456
v 939.3616 575.5155 255.3516
v 998.3976 530.1470 264.3901
v 998.3961 530.1460 255.3764
f 457 458 459
v 999.3696 529.4004 264.3901
v 998.3961 530.1460 255.3764
v 998.3976 530.1470 264.3901
f 460 461 462
v 900.9489 525.8195 267.5340
v 907.1365 533.8255 255.3598
v 900.9471 525.8182 255.3614
f 463 464 465
v 919.8232 550.2376 268.0991
v 939.3616 575.5155 255.3516
v 919.8212 550.2362 255.3566
f 466 467 468
v 1038.4867 458.5175 273.7758
v 1038.4835 458.5158 255.3455
v 1056.4676 481.7822 255.3408
f 469 470 471
v 1025.8034 442.1071 288.2855
v 981.4478 384.7257 255.3593
v 1025.7977 442.1040 255.3486
f 472 473 474

g building_ID_3C1147F9-F4B4-4138-A46D-439BFE8247DF
v 950.0053 606.2688 258.3180
v 949.4780 613.2101 258.3174
v 953.1813 610.3672 258.3172
f 475 476 477
v 949.4780 613.2101 258.3174
v 950.0053 606.2688 258.3180
v 946.3161 609.1246 258.3183
f 478 479 480
v 953.1823 610.3680 264.9720
v 946.3171 609.1254 264.9731
v 950.0064 606.2696 264.9728
f 481 482 483
v 946.3171 609.1254 264.9731
v 953.1823 610.3680 264.9720
v 949.4790 613.2109 264.9722
f 484 485 486
v 949.4780 613.2101 258.3174
v 949.4790 613.2109 264.9722
v 953.1823 610.3680 264.9720
f 487 488 489
v 946.3161 609.1246 258.3183
v 946.3171 609.1254 264.9731
v 949.4790 613.2109 264.9722
f 490 491 492
v 950.0053 606.2688 258.3180
v 950.0064 606.2696 264.9728
v 946.3171 609.1254 264.9731
f 493 494 495
v 953.1813 610.3672 258.3172
v 953.1823 610.3680 264.9720
v 950.0064 606.2696 264.9728
f 496 497 498
v 949.4780 613.2101 258.3174
v 953.1823 610.3680 264.9720
v 953.1813 610.3672 258.3172
f 499 500 501
v 946.3161 609.1246 258.3183
v 949.4790 613.2109 264.9722
v 949.4780 613.2101 258.3174
f 502 503 504
v 950.0053 606.2688 258.3180
v 946.3171 609.1254 264.9731
v 946.3161 609.1246 258.3183
f 505 506 507
v 953.1813 610.3672 258.3172
v 950.0064 606.2696 264.9728
v 950.0053 606.2688 258.3180
f 508 509 510

g building_ID_7BF39B85-9300-4275-B464-1DAC1983E3ED
v 928.4315 693.2105 282.9806
v 926.6823 692.0452 282.6920
v 927.8497 690.6871 282.6920
f 511 512 513
v 927.8497 690.6871 282.6920
v 929.2579 692.2493 282.9806
v 928.4315 693.2105 282.9806
f 514 515 516
v 927.8725 694.3480 282.9806
v 925.8906 693.6532 282.6920
v 926.6823 692.0452 282.6920
f 517 518 519
v 926.6823 692.0452 282.6920
v 928.4315 693.2105 282.9806
v 927.8725 694.3480 282.9806
f 520 521 522
v 927.6129 695.5907 282.9805
v 925.5244 695.4112 282.6918
v 925.8906 693.6532 282.6920
f 523 524 525
v 925.8906 693.6532 282.6920
v 927.8725 694.3480 282.9806
v 927.6129 695.5907 282.9805
f 526 527 528
v 927.6703 696.8605 282.9803
v 925.6052 697.2070 282.6916
v 925.5244 695.4112 282.6918
f 529 530 531
v 925.5244 695.4112 282.6918
v 927.6129 695.5907 282.9805
v 927.6703 696.8605 282.9803
f 532 533 534
v 930.6260 687.4706 282.3169
v 929.3199 689.6642 282.6919
v 928.5701 688.2351 282.3172
f 535 536 537
v 929.3199 689.6642 282.6919
v 930.6260 687.4706 282.3169
v 930.9993 689.0397 282.6917
f 538 539 540
v 928.5701 688.2351 282.3172
v 927.8497 690.6871 282.6920
v 926.7704 689.4880 282.3173
f 541 542 543
v 927.8497 690.6871 282.6920
v 928.5701 688.2351 282.3172
v 929.3199 689.6642 282.6919
f 544 545 546
v 927.8497 690.6871 282.6920
v 926.6823 692.0452 282.6920
v 925.3399 691.1517 282.3173
f 547 548 549
v 925.3399 691.1517 282.3173
v 926.7704 689.4880 282.3173
v 927.8497 690.6871 282.6920
f 550 551 552
v 926.6823 692.0452 282.6920
v 925.8906 693.6532 282.6920
v 924.3702 693.1213 282.3172
f 553 554 555
v 924.3702 693.1213 282.3172
v 925.3399 691.1517 282.3173
v 926.6823 692.0452 282.6920
f 556 557 558
v 938.7670 689.7607 282.3155
v 936.2142 689.8206 282.6909
v 937.0125 688.4265 282.3159
f 559 560 561
v 936.2142 689.8206 282.6909
v 938.7670 689.7607 282.3155
v 937.6472 690.9098 282.6905
f 562 563 564
v 937.0125 688.4265 282.3159
v 934.5584 689.1221 282.6912
v 934.9852 687.5710 282.3163
f 565 566 567
v 934.5584 689.1221 282.6912
v 937.0125 688.4265 282.3159
v 936.2142 689.8206 282.6909
f 568 569 570
v 934.9852 687.5710 282.3163
v 932.7827 688.8549 282.6915
v 932.8104 687.2447 282.3166
f 571 572 573
v 932.7827 688.8549 282.6915
v 934.9852 687.5710 282.3163
v 934.5584 689.1221 282.6912
f 574 575 576
v 932.8104 687.2447 282.3166
v 930.9993 689.0397 282.6917
v 930.6260 687.4706 282.3169
f 577 578 579
v 930.9993 689.0397 282.6917
v 932.8104 687.2447 282.3166
v 932.7827 688.8549 282.6915
f 580 581 582
v 941.0390 693.5006 282.3148
v 940.1386 691.4881 282.3151
v 941.0002 690.9647 281.8780
f 583 584 585
v 941.0002 690.9647 281.8780
v 942.0052 693.2090 281.8777
v 941.0390 693.5006 282.3148
f 586 587 588
v 941.0002 690.9647 281.8780
v 938.7670 689.7607 282.3155
v 939.4730 689.0388 281.8785
f 589 590 591
v 938.7670 689.7607 282.3155
v 941.0002 690.9647 281.8780
v 940.1386 691.4881 282.3151
f 592 593 594
v 939.4730 689.0388 281.8785
v 937.0125 688.4265 282.3159
v 937.5151 687.5501 281.8789
f 595 596 597
v 937.0125 688.4265 282.3159
v 939.4730 689.0388 281.8785
v 938.7670 689.7607 282.3155
f 598 599 600
v 937.5151 687.5501 281.8789
v 934.9852 687.5710 282.3163
v 935.2535 686.5952 281.8794
f 601 602 603
v 934.9852 687.5710 282.3163
v 937.5151 687.5501 281.8789
v 937.0125 688.4265 282.3159
f 604 605 606
v 935.2535 686.5952 281.8794
v 932.8104 687.2447 282.3166
v 932.8276 686.2327 281.8798
f 607 608 609
v 932.8104 687.2447 282.3166
v 935.2535 686.5952 281.8794
v 934.9852 687.5710 282.3163
f 610 611 612
v 932.8276 686.2327 281.8798
v 930.6260 687.4706 282.3169
v 930.3922 686.4842 281.8801
f 613 614 615
v 930.6260 687.4706 282.3169
v 932.8276 686.2327 281.8798
v 932.8104 687.2447 282.3166
f 616 617 618
v 930.3922 686.4842 281.8801
v 928.5701 688.2351 282.3172
v 928.0986 687.3363 281.8804
f 619 620 621
v 928.5701 688.2351 282.3172
v 930.3922 686.4842 281.8801
v 930.6260 687.4706 282.3169
f 622 623 624
v 928.0986 687.3363 281.8804
v 926.7704 689.4880 282.3173
v 926.0913 688.7347 281.8806
f 625 626 627
v 926.7704 689.4880 282.3173
v 928.0986 687.3363 281.8804
v 928.5701 688.2351 282.3172
f 628 629 630
v 926.7704 689.4880 282.3173
v 925.3399 691.1517 282.3173
v 924.4964 690.5900 281.8806
f 631 632 633
v 924.4964 690.5900 281.8806
v 926.0913 688.7347 281.8806
v 926.7704 689.4880 282.3173
f 634 635 636
v 925.3399 691.1517 282.3173
v 924.3702 693.1213 282.3172
v 923.4143 692.7868 281.8805
f 637 638 639
v 923.4143 692.7868 281.8805
v 924.4964 690.5900 281.8806
v 925.3399 691.1517 282.3173
f 640 641 642
v 924.3702 693.1213 282.3172
v 923.9200 695.2735 282.3172
v 922.9117 695.1861 281.8803
f 643 644 645
v 922.9117 695.1861 281.8803
v 923.4143 692.7868 281.8805
v 924.3702 693.1213 282.3172
f 646 647 648
v 923.9200 695.2735 282.3172
v 924.0199 697.4721 282.3169
v 923.0233 697.6398 281.8800
f 649 650 651
v 923.0233 697.6398 281.8800
v 922.9117 695.1861 281.8803
v 923.9200 695.2735 282.3172
f 652 653 654
v 941.4274 700.3945 281.8770
v 942.2242 698.0774 281.8772
v 942.5623 698.1483 281.4071
f 655 656 657
v 942.5623 698.1483 281.4071
v 941.7358 700.5486 281.4070
v 941.4274 700.3945 281.8770
f 658 659 660
v 941.7314 700.5449 254.1279
v 941.7358 700.5486 281.4070
v 942.5623 698.1483 281.4071
f 661 662 663
v 942.2242 698.0774 281.8772
v 942.4216 695.6309 281.8773
v 942.7665 695.6169 281.4074
f 664 665 666
v 942.7665 695.6169 281.4074
v 942.5623 698.1483 281.4071
v 942.2242 698.0774 281.8772
f 667 668 669
v 942.5580 698.1447 254.1280
v 942.5623 698.1483 281.4071
v 942.7665 695.6169 281.4074
f 670 671 672
v 942.4216 695.6309 281.8773
v 942.0052 693.2090 281.8777
v 942.3348 693.1090 281.4077
f 673 674 675
v 942.3348 693.1090 281.4077
v 942.7665 695.6169 281.4074
v 942.4216 695.6309 281.8773
f 676 677 678
v 942.7622 695.6132 254.1283
v 942.7665 695.6169 281.4074
v 942.3348 693.1090 281.4077
f 679 680 681
v 942.0052 693.2090 281.8777
v 941.0002 690.9647 281.8780
v 941.2946 690.7858 281.4081
f 682 683 684
v 941.2946 690.7858 281.4081
v 942.3348 693.1090 281.4077
v 942.0052 693.2090 281.8777
f 685 686 687
v 942.3304 693.1054 254.1286
v 942.3348 693.1090 281.4077
v 941.2946 690.7858 281.4081
f 688 689 690
v 941.2946 690.7858 281.4081
v 939.4730 689.0388 281.8785
v 939.7122 688.7911 281.4086
f 691 692 693
v 939.4730 689.0388 281.8785
v 941.2946 690.7858 281.4081
v 941.0002 690.9647 281.8780
f 694 695 696
v 941.2903 690.7822 254.1290
v 941.2946 690.7858 281.4081
v 939.7122 688.7911 281.4086
f 697 698 699
v 939.7122 688.7911 281.4086
v 937.5151 687.5501 281.8789
v 937.6872 687.2515 281.4090
f 700 701 702
v 937.5151 687.5501 281.8789
v 939.7122 688.7911 281.4086
v 939.4730 689.0388 281.8785
f 703 704 705
v 939.7079 688.7875 254.1295
v 939.7122 688.7911 281.4086
v 937.6872 687.2515 281.4090
f 706 707 708
v 937.6872 687.2515 281.4090
v 935.2535 686.5952 281.8794
v 935.3455 686.2618 281.4095
f 709 710 711
v 935.2535 686.5952 281.8794
v 937.6872 687.2515 281.4090
v 937.5151 687.5501 281.8789
f 712 713 714
v 937.6829 687.2479 254.1299
v 937.6872 687.2515 281.4090
v 935.3455 686.2618 281.4095
f 715 716 717
v 935.3455 686.2618 281.4095
v 932.8276 686.2327 281.8798
v 932.8346 685.8866 281.4099
f 718 719 720
v 932.8276 686.2327 281.8798
v 935.3455 686.2618 281.4095
v 935.2535 686.5952 281.8794
f 721 722 723
v 935.3412 686.2582 254.1304
v 935.3455 686.2618 281.4095
v 932.8346 685.8866 281.4099
f 724 725 726
v 930.4701 694.5681 283.1612
v 928.4315 693.2105 282.9806
v 929.2579 692.2493 282.9806
f 727 728 729
v 929.2579 692.2493 282.9806
v 930.8978 694.0699 283.1612
v 930.4701 694.5681 283.1612
f 730 731 732
v 930.4701 694.5681 283.1612
v 927.8725 694.3480 282.9806
v 928.4315 693.2105 282.9806
f 733 734 735
v 927.8725 694.3480 282.9806
v 930.4701 694.5681 283.1612
v 930.1797 695.1559 283.1612
f 736 737 738
v 930.1797 695.1559 283.1612
v 927.6129 695.5907 282.9805
v 927.8725 694.3480 282.9806
f 739 740 741
v 927.6129 695.5907 282.9805
v 930.1797 695.1559 283.1612
v 930.0464 695.8002 283.1611
f 742 743 744
v 930.0752 696.4571 283.1610
v 927.6703 696.8605 282.9803
v 927.6129 695.5907 282.9805
f 745 746 747
v 927.6129 695.5907 282.9805
v 930.0464 695.8002 283.1611
v 930.0752 696.4571 283.1610
f 748 749 750
v 932.7454 690.9550 282.9803
v 933.3522 693.4974 283.1609
v 932.7020 693.4001 283.1610
f 751 752 753
v 933.3522 693.4974 283.1609
v 932.7454 690.9550 282.9803
v 934.0009 691.1436 282.9800
f 754 755 756
v 931.4848 691.0864 282.9804
v 932.7020 693.4001 283.1610
v 932.0501 693.4668 283.1611
f 757 758 759
v 932.7020 693.4001 283.1610
v 931.4848 691.0864 282.9804
v 932.7454 690.9550 282.9803
f 760 761 762
v 931.4848 691.0864 282.9804
v 932.0501 693.4668 283.1611
v 931.4358 693.6965 283.1611
f 763 764 765
v 931.4358 693.6965 283.1611
v 930.2970 691.5265 282.9805
v 931.4848 691.0864 282.9804
f 766 767 768
v 930.8978 694.0699 283.1612
v 929.2579 692.2493 282.9806
v 930.2970 691.5265 282.9805
f 769 770 771
v 930.2970 691.5265 282.9805
v 931.4358 693.6965 283.1611
v 930.8978 694.0699 283.1612
f 772 773 774
v 932.7827 688.8549 282.6915
v 934.0009 691.1436 282.9800
v 932.7454 690.9550 282.9803
f 775 776 777
v 934.0009 691.1436 282.9800
v 932.7827 688.8549 282.6915
v 934.5584 689.1221 282.6912
f 778 779 780
v 930.9993 689.0397 282.6917
v 932.7454 690.9550 282.9803
v 931.4848 691.0864 282.9804
f 781 782 783
v 932.7454 690.9550 282.9803
v 930.9993 689.0397 282.6917
v 932.7827 688.8549 282.6915
f 784 785 786
v 930.2970 691.5265 282.9805
v 929.3199 689.6642 282.6919
v 930.9993 689.0397 282.6917
f 787 788 789
v 930.9993 689.0397 282.6917
v 931.4848 691.0864 282.9804
v 930.2970 691.5265 282.9805
f 790 791 792
v 927.8497 690.6871 282.6920
v 930.2970 691.5265 282.9805
v 929.2579 692.2493 282.9806
f 793 794 795
v 930.2970 691.5265 282.9805
v 927.8497 690.6871 282.6920
v 929.3199 689.6642 282.6919
f 796 797 798
v 939.6609 697.5264 282.6895
v 939.8061 695.7360 282.6897
v 941.4119 695.6706 282.3145
f 799 800 801
v 941.4119 695.6706 282.3145
v 941.2357 697.8650 282.3143
v 939.6609 697.5264 282.6895
f 802 803 804
v 939.8061 695.7360 282.6897
v 939.5003 693.9638 282.6899
v 941.0390 693.5006 282.3148
f 805 806 807
v 941.0390 693.5006 282.3148
v 941.4119 695.6706 282.3145
v 939.8061 695.7360 282.6897
f 808 809 810
v 941.2357 697.8650 282.3143
v 941.4119 695.6706 282.3145
v 942.4216 695.6309 281.8773
f 811 812 813
v 942.4216 695.6309 281.8773
v 942.2242 698.0774 281.8772
v 941.2357 697.8650 282.3143
f 814 815 816
v 941.4119 695.6706 282.3145
v 941.0390 693.5006 282.3148
v 942.0052 693.2090 281.8777
f 817 818 819
v 942.0052 693.2090 281.8777
v 942.4216 695.6309 281.8773
v 941.4119 695.6706 282.3145
f 820 821 822
v 939.3112 701.7721 282.3141
v 940.5193 699.9420 282.3141
v 941.4274 700.3945 281.8770
f 823 824 825
v 941.4274 700.3945 281.8770
v 940.0779 702.4370 281.8770
v 939.3112 701.7721 282.3141
f 826 827 828
v 940.5193 699.9420 282.3141
v 941.2357 697.8650 282.3143
v 942.2242 698.0774 281.8772
f 829 830 831
v 942.2242 698.0774 281.8772
v 941.4274 700.3945 281.8770
v 940.5193 699.9420 282.3141
f 832 833 834
v 938.4600 704.3593 281.4070
v 940.0779 702.4370 281.8770
v 940.3394 702.6623 281.4070
f 835 836 837
v 940.0779 702.4370 281.8770
v 938.4600 704.3593 281.4070
v 938.2623 704.0749 281.8771
f 838 839 840
v 938.4557 704.3556 254.1279
v 938.4600 704.3593 281.4070
v 940.3394 702.6623 281.4070
f 841 842 843
v 940.0779 702.4370 281.8770
v 941.4274 700.3945 281.8770
v 941.7358 700.5486 281.4070
f 844 845 846
v 941.7358 700.5486 281.4070
v 940.3394 702.6623 281.4070
v 940.0779 702.4370 281.8770
f 847 848 849
v 940.3351 702.6586 254.1279
v 940.3394 702.6623 281.4070
v 941.7358 700.5486 281.4070
f 850 851 852
v 935.2727 695.9182 283.1603
v 937.7114 695.8206 282.9790
v 937.6098 697.0859 282.9789
f 853 854 855
v 937.6098 697.0859 282.9789
v 935.2204 696.5733 283.1603
v 935.2727 695.9182 283.1603
f 856 857 858
v 935.1609 695.2705 283.1604
v 937.4951 694.5662 282.9792
v 937.7114 695.8206 282.9790
f 859 860 861
v 937.7114 695.8206 282.9790
v 935.2727 695.9182 283.1603
v 935.1609 695.2705 283.1604
f 862 863 864
v 937.7114 695.8206 282.9790
v 939.8061 695.7360 282.6897
v 939.6609 697.5264 282.6895
f 865 866 867
v 939.6609 697.5264 282.6895
v 937.6098 697.0859 282.9789
v 937.7114 695.8206 282.9790
f 868 869 870
v 937.4951 694.5662 282.9792
v 939.5003 693.9638 282.6899
v 939.8061 695.7360 282.6897
f 871 872 873
v 939.8061 695.7360 282.6897
v 937.7114 695.8206 282.9790
v 937.4951 694.5662 282.9792
f 874 875 876
v 935.0061 697.1939 283.1602
v 937.1970 698.2860 282.9788
v 936.4978 699.3428 282.9788
f 877 878 879
v 936.4978 699.3428 282.9788
v 934.6456 697.7419 283.1602
v 935.0061 697.1939 283.1602
f 880 881 882
v 935.2204 696.5733 283.1603
v 937.6098 697.0859 282.9789
v 937.1970 698.2860 282.9788
f 883 884 885
v 937.1970 698.2860 282.9788
v 935.0061 697.1939 283.1602
v 935.2204 696.5733 283.1603
f 886 887 888
v 937.1970 698.2860 282.9788
v 939.0764 699.2229 282.6894
v 938.0894 700.7185 282.6894
f 889 890 891
v 938.0894 700.7185 282.6894
v 936.4978 699.3428 282.9788
v 937.1970 698.2860 282.9788
f 892 893 894
v 937.6098 697.0859 282.9789
v 939.6609 697.5264 282.6895
v 939.0764 699.2229 282.6894
f 895 896 897
v 939.0764 699.2229 282.6894
v 937.1970 698.2860 282.9788
v 937.6098 697.0859 282.9789
f 898 899 900
v 938.0894 700.7185 282.6894
v 939.0764 699.2229 282.6894
v 940.5193 699.9420 282.3141
f 901 902 903
v 940.5193 699.9420 282.3141
v 939.3112 701.7721 282.3141
v 938.0894 700.7185 282.6894
f 904 905 906
v 939.0764 699.2229 282.6894
v 939.6609 697.5264 282.6895
v 941.2357 697.8650 282.3143
f 907 908 909
v 941.2357 697.8650 282.3143
v 940.5193 699.9420 282.3141
v 939.0764 699.2229 282.6894
f 910 911 912
v 935.1712 691.6375 282.9798
v 934.4830 694.1523 283.1607
v 933.9579 693.7537 283.1608
f 913 914 915
v 934.4830 694.1523 283.1607
v 935.1712 691.6375 282.9798
v 936.1843 692.4077 282.9796
f 916 917 918
v 934.0009 691.1436 282.9800
v 933.9579 693.7537 283.1608
v 933.3522 693.4974 283.1609
f 919 920 921
v 933.9579 693.7537 283.1608
v 934.0009 691.1436 282.9800
v 935.1712 691.6375 282.9798
f 922 923 924
v 936.2142 689.8206 282.6909
v 936.1843 692.4077 282.9796
v 935.1712 691.6375 282.9798
f 925 926 927
v 936.1843 692.4077 282.9796
v 936.2142 689.8206 282.6909
v 937.6472 690.9098 282.6905
f 928 929 930
v 934.5584 689.1221 282.6912
v 935.1712 691.6375 282.9798
v 934.0009 691.1436 282.9800
f 931 932 933
v 935.1712 691.6375 282.9798
v 934.5584 689.1221 282.6912
v 936.2142 689.8206 282.6909
f 934 935 936
v 935.1609 695.2705 283.1604
v 936.9759 693.4056 282.9794
v 937.4951 694.5662 282.9792
f 937 938 939
v 936.9759 693.4056 282.9794
v 935.1609 695.2705 283.1604
v 934.8923 694.6682 283.1605
f 940 941 942
v 936.1843 692.4077 282.9796
v 934.8923 694.6682 283.1605
v 934.4830 694.1523 283.1607
f 943 944 945
v 934.8923 694.6682 283.1605
v 936.1843 692.4077 282.9796
v 936.9759 693.4056 282.9794
f 946 947 948
v 936.9759 693.4056 282.9794
v 938.7660 692.3208 282.6902
v 939.5003 693.9638 282.6899
f 949 950 951
v 939.5003 693.9638 282.6899
v 937.4951 694.5662 282.9792
v 936.9759 693.4056 282.9794
f 952 953 954
v 937.6472 690.9098 282.6905
v 936.9759 693.4056 282.9794
v 936.1843 692.4077 282.9796
f 955 956 957
v 936.9759 693.4056 282.9794
v 937.6472 690.9098 282.6905
v 938.7660 692.3208 282.6902
f 958 959 960
v 939.5003 693.9638 282.6899
v 938.7660 692.3208 282.6902
v 940.1386 691.4881 282.3151
f 961 962 963
v 940.1386 691.4881 282.3151
v 941.0390 693.5006 282.3148
v 939.5003 693.9638 282.6899
f 964 965 966
v 940.1386 691.4881 282.3151
v 937.6472 690.9098 282.6905
v 938.7670 689.7607 282.3155
f 967 968 969
v 937.6472 690.9098 282.6905
v 940.1386 691.4881 282.3151
v 938.7660 692.3208 282.6902
f 970 971 972
v 930.2669 697.0866 283.1609
v 928.0416 698.0775 282.9802
v 927.6703 696.8605 282.9803
f 973 974 975
v 927.6703 696.8605 282.9803
v 930.0752 696.4571 283.1610
v 930.2669 697.0866 283.1609
f 976 977 978
v 928.7015 699.1658 282.9799
v 930.2669 697.0866 283.1609
v 930.6104 697.6496 283.1608
f 979 980 981
v 930.2669 697.0866 283.1609
v 928.7015 699.1658 282.9799
v 928.0416 698.0775 282.9802
f 982 983 984
v 931.0796 698.1113 283.1607
v 929.6118 700.0563 282.9797
v 928.7015 699.1658 282.9799
f 985 986 987
v 928.7015 699.1658 282.9799
v 930.6104 697.6496 283.1608
v 931.0796 698.1113 283.1607
f 988 989 990
v 930.7115 700.6943 282.9795
v 931.0796 698.1113 283.1607
v 931.6495 698.4409 283.1606
f 991 992 993
v 931.0796 698.1113 283.1607
v 930.7115 700.6943 282.9795
v 929.6118 700.0563 282.9797
f 994 995 996
v 931.9345 701.0370 282.9793
v 931.6495 698.4409 283.1606
v 932.2829 698.6192 283.1605
f 997 998 999
v 931.6495 698.4409 283.1606
v 931.9345 701.0370 282.9793
v 930.7115 700.6943 282.9795
f 1000 1001 1002
v 933.2025 701.0667 282.9791
v 932.2829 698.6192 283.1605
v 932.9390 698.6344 283.1604
f 1003 1004 1005
v 932.2829 698.6192 283.1605
v 933.2025 701.0667 282.9791
v 931.9345 701.0370 282.9793
f 1006 1007 1008
v 934.4357 700.7783 282.9789
v 932.9390 698.6344 283.1604
v 933.5786 698.4857 283.1603
f 1009 1010 1011
v 932.9390 698.6344 283.1604
v 934.4357 700.7783 282.9789
v 933.2025 701.0667 282.9791
f 1012 1013 1014
v 935.5581 700.1913 282.9788
v 933.5786 698.4857 283.1603
v 934.1588 698.1811 283.1603
f 1015 1016 1017
v 933.5786 698.4857 283.1603
v 935.5581 700.1913 282.9788
v 934.4357 700.7783 282.9789
f 1018 1019 1020
v 928.0416 698.0775 282.9802
v 926.1288 698.9276 282.6913
v 925.6052 697.2070 282.6916
f 1021 1022 1023
v 925.6052 697.2070 282.6916
v 927.6703 696.8605 282.9803
v 928.0416 698.0775 282.9802
f 1024 1025 1026
v 928.7015 699.1658 282.9799
v 927.0639 700.4680 282.6910
v 926.1288 698.9276 282.6913
f 1027 1028 1029
v 926.1288 698.9276 282.6913
v 928.0416 698.0775 282.9802
v 928.7015 699.1658 282.9799
f 1030 1031 1032
v 928.3493 701.7266 282.6907
v 928.7015 699.1658 282.9799
v 929.6118 700.0563 282.9797
f 1033 1034 1035
v 928.7015 699.1658 282.9799
v 928.3493 701.7266 282.6907
v 927.0639 700.4680 282.6910
f 1036 1037 1038
v 929.9057 702.6274 282.6904
v 929.6118 700.0563 282.9797
v 930.7115 700.6943 282.9795
f 1039 1040 1041
v 929.6118 700.0563 282.9797
v 929.9057 702.6274 282.6904
v 928.3493 701.7266 282.6907
f 1042 1043 1044
v 931.6350 703.1148 282.6901
v 930.7115 700.6943 282.9795
v 931.9345 701.0370 282.9793
f 1045 1046 1047
v 930.7115 700.6943 282.9795
v 931.6350 703.1148 282.6901
v 929.9057 702.6274 282.6904
f 1048 1049 1050
v 933.4281 703.1560 282.6898
v 931.9345 701.0370 282.9793
v 933.2025 701.0667 282.9791
f 1051 1052 1053
v 931.9345 701.0370 282.9793
v 933.4281 703.1560 282.6898
v 931.6350 703.1148 282.6901
f 1054 1055 1056
v 935.1739 702.7483 282.6896
v 933.2025 701.0667 282.9791
v 934.4357 700.7783 282.9789
f 1057 1058 1059
v 933.2025 701.0667 282.9791
v 935.1739 702.7483 282.6896
v 933.4281 703.1560 282.6898
f 1060 1061 1062
v 935.5581 700.1913 282.9788
v 936.7597 701.9181 282.6895
v 935.1739 702.7483 282.6896
f 1063 1064 1065
v 935.1739 702.7483 282.6896
v 934.4357 700.7783 282.9789
v 935.5581 700.1913 282.9788
f 1066 1067 1068
v 925.8906 693.6532 282.6920
v 925.5244 695.4112 282.6918
v 923.9200 695.2735 282.3172
f 1069 1070 1071
v 923.9200 695.2735 282.3172
v 924.3702 693.1213 282.3172
v 925.8906 693.6532 282.6920
f 1072 1073 1074
v 925.5244 695.4112 282.6918
v 925.6052 697.2070 282.6916
v 924.0199 697.4721 282.3169
f 1075 1076 1077
v 924.0199 697.4721 282.3169
v 923.9200 695.2735 282.3172
v 925.5244 695.4112 282.6918
f 1078 1079 1080
v 925.6052 697.2070 282.6916
v 926.1288 698.9276 282.6913
v 924.6615 699.5804 282.3166
f 1081 1082 1083
v 924.6615 699.5804 282.3166
v 924.0199 697.4721 282.3169
v 925.6052 697.2070 282.6916
f 1084 1085 1086
v 926.1288 698.9276 282.6913
v 927.0639 700.4680 282.6910
v 925.8065 701.4663 282.3162
f 1087 1088 1089
v 925.8065 701.4663 282.3162
v 924.6615 699.5804 282.3166
v 926.1288 698.9276 282.6913
f 1090 1091 1092
v 925.8065 701.4663 282.3162
v 928.3493 701.7266 282.6907
v 927.3807 703.0081 282.3158
f 1093 1094 1095
v 928.3493 701.7266 282.6907
v 925.8065 701.4663 282.3162
v 927.0639 700.4680 282.6910
f 1096 1097 1098
v 927.3807 703.0081 282.3158
v 929.9057 702.6274 282.6904
v 929.2876 704.1130 282.3154
f 1099 1100 1101
v 929.9057 702.6274 282.6904
v 927.3807 703.0081 282.3158
v 928.3493 701.7266 282.6907
f 1102 1103 1104
v 929.2876 704.1130 282.3154
v 931.6350 703.1148 282.6901
v 931.4052 704.7083 282.3150
f 1105 1106 1107
v 931.6350 703.1148 282.6901
v 929.2876 704.1130 282.3154
v 929.9057 702.6274 282.6904
f 1108 1109 1110
v 931.4052 704.7083 282.3150
v 933.4281 703.1560 282.6898
v 933.6023 704.7575 282.3147
f 1111 1112 1113
v 933.4281 703.1560 282.6898
v 931.4052 704.7083 282.3150
v 931.6350 703.1148 282.6901
f 1114 1115 1116
v 932.8346 685.8866 281.4099
v 930.3922 686.4842 281.8801
v 930.3123 686.1484 281.4102
f 1117 1118 1119
v 930.3922 686.4842 281.8801
v 932.8346 685.8866 281.4099
v 932.8276 686.2327 281.8798
f 1120 1121 1122
v 932.8303 685.8830 254.1308
v 932.8346 685.8866 281.4099
v 930.3123 686.1484 281.4102
f 1123 1124 1125
v 930.3123 686.1484 281.4102
v 928.0986 687.3363 281.8804
v 927.9377 687.0297 281.4105
f 1126 1127 1128
v 928.0986 687.3363 281.8804
v 930.3123 686.1484 281.4102
v 930.3922 686.4842 281.8801
f 1129 1130 1131
v 930.3080 686.1448 254.1311
v 930.3123 686.1484 281.4102
v 927.9377 687.0297 281.4105
f 1132 1133 1134
v 927.9334 687.0261 254.1314
v 927.9377 687.0297 281.4105
v 925.8586 688.4762 281.4106
f 1135 1136 1137
v 925.8586 688.4762 281.4106
v 924.4964 690.5900 281.8806
v 924.2078 690.3976 281.4107
f 1138 1139 1140
v 924.4964 690.5900 281.8806
v 925.8586 688.4762 281.4106
v 926.0913 688.7347 281.8806
f 1141 1142 1143
v 925.8543 688.4726 254.1315
v 925.8586 688.4762 281.4106
v 924.2078 690.3976 281.4107
f 1144 1145 1146
v 924.4964 690.5900 281.8806
v 923.4143 692.7868 281.8805
v 923.0879 692.6726 281.4106
f 1147 1148 1149
v 923.0879 692.6726 281.4106
v 924.2078 690.3976 281.4107
v 924.4964 690.5900 281.8806
f 1150 1151 1152
v 924.2035 690.3940 254.1316
v 924.2078 690.3976 281.4107
v 923.0879 692.6726 281.4106
f 1153 1154 1155
v 923.4143 692.7868 281.8805
v 922.9117 695.1861 281.8803
v 922.5685 695.1570 281.4104
f 1156 1157 1158
v 922.5685 695.1570 281.4104
v 923.0879 692.6726 281.4106
v 923.4143 692.7868 281.8805
f 1159 1160 1161
v 923.0836 692.6690 254.1315
v 923.0879 692.6726 281.4106
v 922.5685 695.1570 281.4104
f 1162 1163 1164
v 922.9117 695.1861 281.8803
v 923.0233 697.6398 281.8800
v 922.6833 697.6966 281.4101
f 1165 1166 1167
v 922.6833 697.6966 281.4101
v 922.5685 695.1570 281.4104
v 922.9117 695.1861 281.8803
f 1168 1169 1170
v 922.5643 695.1534 254.1313
v 922.5685 695.1570 281.4104
v 922.6833 697.6966 281.4101
f 1171 1172 1173
v 923.0233 697.6398 281.8800
v 923.7396 699.9919 281.8797
v 923.4249 700.1316 281.4097
f 1174 1175 1176
v 923.4249 700.1316 281.4097
v 922.6833 697.6966 281.4101
v 923.0233 697.6398 281.8800
f 1177 1178 1179
v 922.6791 697.6930 254.1310
v 922.6833 697.6966 281.4101
v 923.4249 700.1316 281.4097
f 1180 1181 1182
v 923.7396 699.9919 281.8797
v 925.0152 702.0934 281.8793
v 924.7457 702.3081 281.4093
f 1183 1184 1185
v 924.7457 702.3081 281.4093
v 923.4249 700.1316 281.4097
v 923.7396 699.9919 281.8797
f 1186 1187 1188
v 923.4206 700.1280 254.1306
v 923.4249 700.1316 281.4097
v 924.7457 702.3081 281.4093
f 1189 1190 1191
v 924.7457 702.3081 281.4093
v 926.7727 703.8147 281.8788
v 926.5645 704.0891 281.4088
f 1192 1193 1194
v 926.7727 703.8147 281.8788
v 924.7457 702.3081 281.4093
v 925.0152 702.0934 281.8793
f 1195 1196 1197
v 924.7414 702.3044 254.1302
v 924.7457 702.3081 281.4093
v 926.5645 704.0891 281.4088
f 1198 1199 1200
v 926.5645 704.0891 281.4088
v 928.8980 705.0450 281.8784
v 928.7668 705.3642 281.4084
f 1201 1202 1203
v 928.8980 705.0450 281.8784
v 926.5645 704.0891 281.4088
v 926.7727 703.8147 281.8788
f 1204 1205 1206
v 926.5601 704.0855 254.1297
v 926.5645 704.0891 281.4088
v 928.7668 705.3642 281.4084
f 1207 1208 1209
v 928.7668 705.3642 281.4084
v 931.2618 705.7106 281.8780
v 931.2126 706.0516 281.4079
f 1210 1211 1212
v 931.2618 705.7106 281.8780
v 928.7668 705.3642 281.4084
v 928.8980 705.0450 281.8784
f 1213 1214 1215
v 928.7625 705.3605 254.1293
v 928.7668 705.3642 281.4084
v 931.2126 706.0516 281.4079
f 1216 1217 1218
v 931.2126 706.0516 281.4079
v 933.7119 705.7660 281.8776
v 933.7488 706.1099 281.4075
f 1219 1220 1221
v 933.7119 705.7660 281.8776
v 931.2126 706.0516 281.4079
v 931.2618 705.7106 281.8780
f 1222 1223 1224
v 931.2083 706.0480 254.1288
v 931.2126 706.0516 281.4079
v 933.7488 706.1099 281.4075
f 1225 1226 1227
v 933.7488 706.1099 281.4075
v 936.0954 705.2097 281.8773
v 936.2162 705.5333 281.4072
f 1228 1229 1230
v 936.0954 705.2097 281.8773
v 933.7488 706.1099 281.4075
v 933.7119 705.7660 281.8776
f 1231 1232 1233
v 933.7445 706.1062 254.1284
v 933.7488 706.1099 281.4075
v 936.2162 705.5333 281.4072
f 1234 1235 1236
v 936.0954 705.2097 281.8773
v 938.2623 704.0749 281.8771
v 938.4600 704.3593 281.4070
f 1237 1238 1239
v 938.4600 704.3593 281.4070
v 936.2162 705.5333 281.4072
v 936.0954 705.2097 281.8773
f 1240 1241 1242
v 936.2118 705.5296 254.1281
v 936.2162 705.5333 281.4072
v 938.4600 704.3593 281.4070
f 1243 1244 1245
v 924.0199 697.4721 282.3169
v 924.6615 699.5804 282.3166
v 923.7396 699.9919 281.8797
f 1246 1247 1248
v 923.7396 699.9919 281.8797
v 923.0233 697.6398 281.8800
v 924.0199 697.4721 282.3169
f 1249 1250 1251
v 924.6615 699.5804 282.3166
v 925.8065 701.4663 282.3162
v 925.0152 702.0934 281.8793
f 1252 1253 1254
v 925.0152 702.0934 281.8793
v 923.7396 699.9919 281.8797
v 924.6615 699.5804 282.3166
f 1255 1256 1257
v 925.0152 702.0934 281.8793
v 927.3807 703.0081 282.3158
v 926.7727 703.8147 281.8788
f 1258 1259 1260
v 927.3807 703.0081 282.3158
v 925.0152 702.0934 281.8793
v 925.8065 701.4663 282.3162
f 1261 1262 1263
v 926.7727 703.8147 281.8788
v 929.2876 704.1130 282.3154
v 928.8980 705.0450 281.8784
f 1264 1265 1266
v 929.2876 704.1130 282.3154
v 926.7727 703.8147 281.8788
v 927.3807 703.0081 282.3158
f 1267 1268 1269
v 928.8980 705.0450 281.8784
v 931.4052 704.7083 282.3150
v 931.2618 705.7106 281.8780
f 1270 1271 1272
v 931.4052 704.7083 282.3150
v 928.8980 705.0450 281.8784
v 929.2876 704.1130 282.3154
f 1273 1274 1275
v 931.2618 705.7106 281.8780
v 933.6023 704.7575 282.3147
v 933.7119 705.7660 281.8776
f 1276 1277 1278
v 933.6023 704.7575 282.3147
v 931.2618 705.7106 281.8780
v 931.4052 704.7083 282.3150
f 1279 1280 1281
v 933.7119 705.7660 281.8776
v 935.7389 704.2597 282.3145
v 936.0954 705.2097 281.8773
f 1282 1283 1284
v 935.7389 704.2597 282.3145
v 933.7119 705.7660 281.8776
v 933.6023 704.7575 282.3147
f 1285 1286 1287
v 936.0954 705.2097 281.8773
v 937.6822 703.2435 282.3142
v 938.2623 704.0749 281.8771
f 1288 1289 1290
v 937.6822 703.2435 282.3142
v 936.0954 705.2097 281.8773
v 935.7389 704.2597 282.3145
f 1291 1292 1293
v 933.6023 704.7575 282.3147
v 935.1739 702.7483 282.6896
v 935.7389 704.2597 282.3145
f 1294 1295 1296
v 935.1739 702.7483 282.6896
v 933.6023 704.7575 282.3147
v 933.4281 703.1560 282.6898
f 1297 1298 1299
v 935.7389 704.2597 282.3145
v 936.7597 701.9181 282.6895
v 937.6822 703.2435 282.3142
f 1300 1301 1302
v 936.7597 701.9181 282.6895
v 935.7389 704.2597 282.3145
v 935.1739 702.7483 282.6896
f 1303 1304 1305
v 936.7597 701.9181 282.6895
v 938.0894 700.7185 282.6894
v 939.3112 701.7721 282.3141
f 1306 1307 1308
v 939.3112 701.7721 282.3141
v 937.6822 703.2435 282.3142
v 936.7597 701.9181 282.6895
f 1309 1310 1311
v 937.6822 703.2435 282.3142
v 939.3112 701.7721 282.3141
v 940.0779 702.4370 281.8770
f 1312 1313 1314
v 940.0779 702.4370 281.8770
v 938.2623 704.0749 281.8771
v 937.6822 703.2435 282.3142
f 1315 1316 1317
v 934.6456 697.7419 283.1602
v 936.4978 699.3428 282.9788
v 935.5581 700.1913 282.9788
f 1318 1319 1320
v 935.5581 700.1913 282.9788
v 934.1588 698.1811 283.1603
v 934.6456 697.7419 283.1602
f 1321 1322 1323
v 938.0894 700.7185 282.6894
v 935.5581 700.1913 282.9788
v 936.4978 699.3428 282.9788
f 1324 1325 1326
v 935.5581 700.1913 282.9788
v 938.0894 700.7185 282.6894
v 936.7597 701.9181 282.6895
f 1327 1328 1329
v 932.6570 696.0242 283.2227
v 930.4701 694.5681 283.1612
v 930.8978 694.0699 283.1612
f 1330 1331 1332
v 930.4701 694.5681 283.1612
v 932.6570 696.0242 283.2227
v 930.1797 695.1559 283.1612
f 1333 1334 1335
v 932.6570 696.0242 283.2227
v 930.0464 695.8002 283.1611
v 930.1797 695.1559 283.1612
f 1336 1337 1338
v 930.0464 695.8002 283.1611
v 932.6570 696.0242 283.2227
v 930.0752 696.4571 283.1610
f 1339 1340 1341
v 932.6570 696.0242 283.2227
v 935.2727 695.9182 283.1603
v 935.2204 696.5733 283.1603
f 1342 1343 1344
v 935.2727 695.9182 283.1603
v 932.6570 696.0242 283.2227
v 935.1609 695.2705 283.1604
f 1345 1346 1347
v 933.9579 693.7537 283.1608
v 934.4830 694.1523 283.1607
v 932.6570 696.0242 283.2227
f 1348 1349 1350
v 932.6570 696.0242 283.2227
v 933.3522 693.4974 283.1609
v 933.9579 693.7537 283.1608
f 1351 1352 1353
v 932.7020 693.4001 283.1610
v 933.3522 693.4974 283.1609
v 932.6570 696.0242 283.2227
f 1354 1355 1356
v 932.6570 696.0242 283.2227
v 932.0501 693.4668 283.1611
v 932.7020 693.4001 283.1610
f 1357 1358 1359
v 931.4358 693.6965 283.1611
v 932.0501 693.4668 283.1611
v 932.6570 696.0242 283.2227
f 1360 1361 1362
v 932.6570 696.0242 283.2227
v 930.8978 694.0699 283.1612
v 931.4358 693.6965 283.1611
f 1363 1364 1365
v 932.6570 696.0242 283.2227
v 934.8923 694.6682 283.1605
v 935.1609 695.2705 283.1604
f 1366 1367 1368
v 934.8923 694.6682 283.1605
v 932.6570 696.0242 283.2227
v 934.4830 694.1523 283.1607
f 1369 1370 1371
v 932.6570 696.0242 283.2227
v 930.2669 697.0866 283.1609
v 930.0752 696.4571 283.1610
f 1372 1373 1374
v 930.2669 697.0866 283.1609
v 932.6570 696.0242 283.2227
v 930.6104 697.6496 283.1608
f 1375 1376 1377
v 931.0796 698.1113 283.1607
v 930.6104 697.6496 283.1608
v 932.6570 696.0242 283.2227
f 1378 1379 1380
v 932.6570 696.0242 283.2227
v 931.6495 698.4409 283.1606
v 931.0796 698.1113 283.1607
f 1381 1382 1383
v 932.2829 698.6192 283.1605
v 931.6495 698.4409 283.1606
v 932.6570 696.0242 283.2227
f 1384 1385 1386
v 932.6570 696.0242 283.2227
v 932.9390 698.6344 283.1604
v 932.2829 698.6192 283.1605
f 1387 1388 1389
v 933.5786 698.4857 283.1603
v 932.9390 698.6344 283.1604
v 932.6570 696.0242 283.2227
f 1390 1391 1392
v 932.6570 696.0242 283.2227
v 934.1588 698.1811 283.1603
v 933.5786 698.4857 283.1603
f 1393 1394 1395
v 928.0986 687.3363 281.8804
v 926.0913 688.7347 281.8806
v 925.8586 688.4762 281.4106
f 1396 1397 1398
v 925.8586 688.4762 281.4106
v 927.9377 687.0297 281.4105
v 928.0986 687.3363 281.8804
f 1399 1400 1401
v 932.6570 696.0242 283.2227
v 934.6456 697.7419 283.1602
v 934.1588 698.1811 283.1603
f 1402 1403 1404
v 935.2204 696.5733 283.1603
v 935.0061 697.1939 283.1602
v 932.6570 696.0242 283.2227
f 1405 1406 1407
v 934.6456 697.7419 283.1602
v 932.6570 696.0242 283.2227
v 935.0061 697.1939 283.1602
f 1408 1409 1410
v 942.5580 698.1447 254.1280
v 931.2083 706.0480 254.1288
v 941.7314 700.5449 254.1279
f 1411 1412 1413
v 942.5580 698.1447 254.1280
v 942.7622 695.6132 254.1283
v 928.7625 705.3605 254.1293
f 1414 1415 1416
v 942.3304 693.1054 254.1286
v 926.5601 704.0855 254.1297
v 928.7625 705.3605 254.1293
f 1417 1418 1419
v 928.7625 705.3605 254.1293
v 942.7622 695.6132 254.1283
v 942.3304 693.1054 254.1286
f 1420 1421 1422
v 942.3304 693.1054 254.1286
v 941.2903 690.7822 254.1290
v 926.5601 704.0855 254.1297
f 1423 1424 1425
v 940.3351 702.6586 254.1279
v 941.7314 700.5449 254.1279
v 938.4557 704.3556 254.1279
f 1426 1427 1428
v 938.4557 704.3556 254.1279
v 941.7314 700.5449 254.1279
v 936.2118 705.5296 254.1281
f 1429 1430 1431
v 941.7314 700.5449 254.1279
v 933.7445 706.1062 254.1284
v 936.2118 705.5296 254.1281
f 1432 1433 1434
v 933.7445 706.1062 254.1284
v 941.7314 700.5449 254.1279
v 931.2083 706.0480 254.1288
f 1435 1436 1437
v 931.2083 706.0480 254.1288
v 942.5580 698.1447 254.1280
v 928.7625 705.3605 254.1293
f 1438 1439 1440
v 923.4206 700.1280 254.1306
v 941.2903 690.7822 254.1290
v 939.7079 688.7875 254.1295
f 1441 1442 1443
v 937.6829 687.2479 254.1299
v 935.3412 686.2582 254.1304
v 922.5643 695.1534 254.1313
f 1444 1445 1446
v 935.3412 686.2582 254.1304
v 932.8303 685.8830 254.1308
v 922.5643 695.1534 254.1313
f 1447 1448 1449
v 927.9334 687.0261 254.1314
v 924.2035 690.3940 254.1316
v 930.3080 686.1448 254.1311
f 1450 1451 1452
v 923.0836 692.6690 254.1315
v 932.8303 685.8830 254.1308
v 930.3080 686.1448 254.1311
f 1453 1454 1455
v 925.8543 688.4726 254.1315
v 924.2035 690.3940 254.1316
v 927.9334 687.0261 254.1314
f 1456 1457 1458
v 941.2903 690.7822 254.1290
v 923.4206 700.1280 254.1306
v 924.7414 702.3044 254.1302
f 1459 1460 1461
v 924.7414 702.3044 254.1302
v 926.5601 704.0855 254.1297
v 941.2903 690.7822 254.1290
f 1462 1463 1464
v 932.8303 685.8830 254.1308
v 923.0836 692.6690 254.1315
v 922.5643 695.1534 254.1313
f 1465 1466 1467
v 922.5643 695.1534 254.1313
v 922.6791 697.6930 254.1310
v 937.6829 687.2479 254.1299
f 1468 1469 1470
v 937.6829 687.2479 254.1299
v 922.6791 697.6930 254.1310
v 923.4206 700.1280 254.1306
f 1471 1472 1473
v 930.3080 686.1448 254.1311
v 924.2035 690.3940 254.1316
v 923.0836 692.6690 254.1315
f 1474 1475 1476
v 923.4206 700.1280 254.1306
v 939.7079 688.7875 254.1295
v 937.6829 687.2479 254.1299
f 1477 1478 1479
v 941.7314 700.5449 254.1279
v 942.5623 698.1483 281.4071
v 942.5580 698.1447 254.1280
f 1480 1481 1482
v 942.5580 698.1447 254.1280
v 942.7665 695.6169 281.4074
v 942.7622 695.6132 254.1283
f 1483 1484 1485
v 942.7622 695.6132 254.1283
v 942.3348 693.1090 281.4077
v 942.3304 693.1054 254.1286
f 1486 1487 1488
v 942.3304 693.1054 254.1286
v 941.2946 690.7858 281.4081
v 941.2903 690.7822 254.1290
f 1489 1490 1491
v 941.2903 690.7822 254.1290
v 939.7122 688.7911 281.4086
v 939.7079 688.7875 254.1295
f 1492 1493 1494
v 939.7079 688.7875 254.1295
v 937.6872 687.2515 281.4090
v 937.6829 687.2479 254.1299
f 1495 1496 1497
v 937.6829 687.2479 254.1299
v 935.3455 686.2618 281.4095
v 935.3412 686.2582 254.1304
f 1498 1499 1500
v 935.3412 686.2582 254.1304
v 932.8346 685.8866 281.4099
v 932.8303 685.8830 254.1308
f 1501 1502 1503
v 938.4557 704.3556 254.1279
v 940.3394 702.6623 281.4070
v 940.3351 702.6586 254.1279
f 1504 1505 1506
v 940.3351 702.6586 254.1279
v 941.7358 700.5486 281.4070
v 941.7314 700.5449 254.1279
f 1507 1508 1509
v 932.8303 685.8830 254.1308
v 930.3123 686.1484 281.4102
v 930.3080 686.1448 254.1311
f 1510 1511 1512
v 930.3080 686.1448 254.1311
v 927.9377 687.0297 281.4105
v 927.9334 687.0261 254.1314
f 1513 1514 1515
v 927.9334 687.0261 254.1314
v 925.8586 688.4762 281.4106
v 925.8543 688.4726 254.1315
f 1516 1517 1518
v 925.8543 688.4726 254.1315
v 924.2078 690.3976 281.4107
v 924.2035 690.3940 254.1316
f 1519 1520 1521
v 924.2035 690.3940 254.1316
v 923.0879 692.6726 281.4106
v 923.0836 692.6690 254.1315
f 1522 1523 1524
v 923.0836 692.6690 254.1315
v 922.5685 695.1570 281.4104
v 922.5643 695.1534 254.1313
f 1525 1526 1527
v 922.5643 695.1534 254.1313
v 922.6833 697.6966 281.4101
v 922.6791 697.6930 254.1310
f 1528 1529 1530
v 922.6791 697.6930 254.1310
v 923.4249 700.1316 281.4097
v 923.4206 700.1280 254.1306
f 1531 1532 1533
v 923.4206 700.1280 254.1306
v 924.7457 702.3081 281.4093
v 924.7414 702.3044 254.1302
f 1534 1535 1536
v 924.7414 702.3044 254.1302
v 926.5645 704.0891 281.4088
v 926.5601 704.0855 254.1297
f 1537 1538 1539
v 926.5601 704.0855 254.1297
v 928.7668 705.3642 281.4084
v 928.7625 705.3605 254.1293
f 1540 1541 1542
v 928.7625 705.3605 254.1293
v 931.2126 706.0516 281.4079
v 931.2083 706.0480 254.1288
f 1543 1544 1545
v 931.2083 706.0480 254.1288
v 933.7488 706.1099 281.4075
v 933.7445 706.1062 254.1284
f 1546 1547 1548
v 933.7445 706.1062 254.1284
v 936.2162 705.5333 281.4072
v 936.2118 705.5296 254.1281
f 1549 1550 1551
v 936.2118 705.5296 254.1281
v 938.4600 704.3593 281.4070
v 938.4557 704.3556 254.1279
f 1552 1553 1554

g building_ID_6F9B44AE-364B-479D-AF28-00AD64A570C4
v 937.8826 710.8958 281.8834
v 936.1328 710.9396 282.1807
v 936.6810 709.9281 281.8837
f 1555 1556 1557
v 936.1328 710.9396 282.1807
v 937.8826 710.8958 281.8834
v 937.1139 711.7300 282.1804
f 1558 1559 1560
v 936.6810 709.9281 281.8837
v 934.9974 710.4326 282.1809
v 935.2914 709.3068 281.8840
f 1561 1562 1563
v 934.9974 710.4326 282.1809
v 936.6810 709.9281 281.8837
v 936.1328 710.9396 282.1807
f 1564 1565 1566
v 938.3661 710.3725 281.5384
v 936.6810 709.9281 281.8837
v 937.0263 709.2921 281.5387
f 1567 1568 1569
v 936.6810 709.9281 281.8837
v 938.3661 710.3725 281.5384
v 937.8826 710.8958 281.8834
f 1570 1571 1572
v 937.0263 709.2921 281.5387
v 935.2914 709.3068 281.8840
v 935.4754 708.5993 281.5390
f 1573 1574 1575
v 935.2914 709.3068 281.8840
v 937.0263 709.2921 281.5387
v 936.6810 709.9281 281.8837
f 1576 1577 1578
v 935.4754 708.5993 281.5390
v 933.8008 709.0708 281.8842
v 933.8117 708.3357 281.5393
f 1579 1580 1581
v 933.8008 709.0708 281.8842
v 935.4754 708.5993 281.5390
v 935.2914 709.3068 281.8840
f 1582 1583 1584
v 933.8008 709.0708 281.8842
v 932.3032 709.2338 281.8844
v 932.1422 708.5181 281.5395
f 1585 1586 1587
v 932.1422 708.5181 281.5395
v 933.8117 708.3357 281.5393
v 933.8008 709.0708 281.8842
f 1588 1589 1590
v 932.3032 709.2338 281.8844
v 930.8927 709.7876 281.8846
v 930.5689 709.1354 281.5397
f 1591 1592 1593
v 930.5689 709.1354 281.5397
v 932.1422 708.5181 281.5395
v 932.3032 709.2338 281.8844
f 1594 1595 1596
v 930.8927 709.7876 281.8846
v 929.6582 710.6968 281.8846
v 929.1936 710.1491 281.5398
f 1597 1598 1599
v 929.1936 710.1491 281.5398
v 930.5689 709.1354 281.5397
v 930.8927 709.7876 281.8846
f 1600 1601 1602
v 935.4173 712.2575 282.4076
v 934.9453 714.0818 282.5515
v 934.5855 713.7928 282.5516
f 1603 1604 1605
v 934.9453 714.0818 282.5515
v 935.4173 712.2575 282.4076
v 936.1119 712.8177 282.4075
f 1606 1607 1608
v 934.6154 711.8986 282.4078
v 934.5855 713.7928 282.5516
v 934.1700 713.6078 282.5516
f 1609 1610 1611
v 934.5855 713.7928 282.5516
v 934.6154 711.8986 282.4078
v 935.4173 712.2575 282.4076
f 1612 1613 1614
v 937.1139 711.7300 282.1804
v 936.1119 712.8177 282.4075
v 935.4173 712.2575 282.4076
f 1615 1616 1617
v 935.4173 712.2575 282.4076
v 936.1328 710.9396 282.1807
v 937.1139 711.7300 282.1804
f 1618 1619 1620
v 936.1328 710.9396 282.1807
v 935.4173 712.2575 282.4076
v 934.6154 711.8986 282.4078
f 1621 1622 1623
v 934.6154 711.8986 282.4078
v 934.9974 710.4326 282.1809
v 936.1328 710.9396 282.1807
f 1624 1625 1626
v 937.0111 714.3832 282.4071
v 935.4094 714.8925 282.5513
v 935.2263 714.4570 282.5514
f 1627 1628 1629
v 935.2263 714.4570 282.5514
v 936.6548 713.5411 282.4073
v 937.0111 714.3832 282.4071
f 1630 1631 1632
v 936.1119 712.8177 282.4075
v 935.2263 714.4570 282.5514
v 934.9453 714.0818 282.5515
f 1633 1634 1635
v 935.2263 714.4570 282.5514
v 936.1119 712.8177 282.4075
v 936.6548 713.5411 282.4073
f 1636 1637 1638
v 937.8816 712.7539 282.1802
v 937.0111 714.3832 282.4071
v 936.6548 713.5411 282.4073
f 1639 1640 1641
v 937.0111 714.3832 282.4071
v 937.8816 712.7539 282.1802
v 938.3848 713.9464 282.1800
f 1642 1643 1644
v 937.1139 711.7300 282.1804
v 936.6548 713.5411 282.4073
v 936.1119 712.8177 282.4075
f 1645 1646 1647
v 936.6548 713.5411 282.4073
v 937.1139 711.7300 282.1804
v 937.8816 712.7539 282.1802
f 1648 1649 1650
v 939.4389 713.6096 281.8829
v 937.8816 712.7539 282.1802
v 938.8219 712.1503 281.8831
f 1651 1652 1653
v 937.8816 712.7539 282.1802
v 939.4389 713.6096 281.8829
v 938.3848 713.9464 282.1800
f 1654 1655 1656
v 938.8219 712.1503 281.8831
v 937.1139 711.7300 282.1804
v 937.8826 710.8958 281.8834
f 1657 1658 1659
v 937.1139 711.7300 282.1804
v 938.8219 712.1503 281.8831
v 937.8816 712.7539 282.1802
f 1660 1661 1662
v 933.7810 710.2399 282.1811
v 934.6154 711.8986 282.4078
v 933.7551 711.7619 282.4079
f 1663 1664 1665
v 934.6154 711.8986 282.4078
v 933.7810 710.2399 282.1811
v 934.9974 710.4326 282.1809
f 1666 1667 1668
v 932.8904 711.8573 282.4080
v 932.5573 710.3731 282.1812
v 933.7810 710.2399 282.1811
f 1669 1670 1671
v 933.7810 710.2399 282.1811
v 933.7551 711.7619 282.4079
v 932.8904 711.8573 282.4080
f 1672 1673 1674
v 935.2914 709.3068 281.8840
v 933.7810 710.2399 282.1811
v 933.8008 709.0708 281.8842
f 1675 1676 1677
v 933.7810 710.2399 282.1811
v 935.2914 709.3068 281.8840
v 934.9974 710.4326 282.1809
f 1678 1679 1680
v 933.7810 710.2399 282.1811
v 932.5573 710.3731 282.1812
v 932.3032 709.2338 281.8844
f 1681 1682 1683
v 932.3032 709.2338 281.8844
v 933.8008 709.0708 281.8842
v 933.7810 710.2399 282.1811
f 1684 1685 1686
v 932.5573 710.3731 282.1812
v 931.4065 710.8252 282.1814
v 930.8927 709.7876 281.8846
f 1687 1688 1689
v 930.8927 709.7876 281.8846
v 932.3032 709.2338 281.8844
v 932.5573 710.3731 282.1812
f 1690 1691 1692
v 931.4065 710.8252 282.1814
v 930.3995 711.5679 282.1814
v 929.6582 710.6968 281.8846
f 1693 1694 1695
v 929.6582 710.6968 281.8846
v 930.8927 709.7876 281.8846
v 931.4065 710.8252 282.1814
f 1696 1697 1698
v 930.3995 711.5679 282.1814
v 929.5982 712.5521 282.1814
v 928.6784 711.9035 281.8846
f 1699 1700 1701
v 928.6784 711.9035 281.8846
v 929.6582 710.6968 281.8846
v 930.3995 711.5679 282.1814
f 1702 1703 1704
v 929.5982 712.5521 282.1814
v 929.0553 713.7195 282.1814
v 928.0132 713.3322 281.8846
f 1705 1706 1707
v 928.0132 713.3322 281.8846
v 928.6784 711.9035 281.8846
v 929.5982 712.5521 282.1814
f 1708 1709 1710
v 929.0553 713.7195 282.1814
v 928.8027 714.9942 282.1813
v 927.7035 714.8950 281.8844
f 1711 1712 1713
v 927.7035 714.8950 281.8844
v 928.0132 713.3322 281.8846
v 929.0553 713.7195 282.1814
f 1714 1715 1716
v 928.8027 714.9942 282.1813
v 928.8582 716.2979 282.1811
v 927.7717 716.4899 281.8843
f 1717 1718 1719
v 927.7717 716.4899 281.8843
v 927.7035 714.8950 281.8844
v 928.8027 714.9942 282.1813
f 1720 1721 1722
v 927.7717 716.4899 281.8843
v 929.2166 717.5470 282.1809
v 928.2118 718.0196 281.8840
f 1723 1724 1725
v 929.2166 717.5470 282.1809
v 927.7717 716.4899 281.8843
v 928.8582 716.2979 282.1811
f 1726 1727 1728
v 928.2118 718.0196 281.8840
v 929.8576 718.6623 282.1807
v 928.9955 719.3876 281.8838
f 1729 1730 1731
v 929.8576 718.6623 282.1807
v 928.2118 718.0196 281.8840
v 929.2166 717.5470 282.1809
f 1732 1733 1734
v 928.9955 719.3876 281.8838
v 930.7390 719.5769 282.1805
v 930.0745 720.5066 281.8835
f 1735 1736 1737
v 930.7390 719.5769 282.1805
v 928.9955 719.3876 281.8838
v 929.8576 718.6623 282.1807
f 1738 1739 1740
v 930.0745 720.5066 281.8835
v 931.8057 720.2311 282.1802
v 931.3816 721.3081 281.8832
f 1741 1742 1743
v 931.8057 720.2311 282.1802
v 930.0745 720.5066 281.8835
v 930.7390 719.5769 282.1805
f 1744 1745 1746
v 931.3816 721.3081 281.8832
v 932.9917 720.5838 282.1800
v 932.8328 721.7412 281.8829
f 1747 1748 1749
v 932.9917 720.5838 282.1800
v 931.3816 721.3081 281.8832
v 931.8057 720.2311 282.1802
f 1750 1751 1752
v 932.8328 721.7412 281.8829
v 934.2198 720.6146 282.1799
v 934.3398 721.7772 281.8827
f 1753 1754 1755
v 934.2198 720.6146 282.1799
v 932.8328 721.7412 281.8829
v 932.9917 720.5838 282.1800
f 1756 1757 1758
v 932.4871 714.0224 282.5518
v 930.7975 713.3979 282.4082
v 931.3636 712.7014 282.4082
f 1759 1760 1761
v 930.7975 713.3979 282.4082
v 932.4871 714.0224 282.5518
v 932.1951 714.3831 282.5518
f 1762 1763 1764
v 931.9963 714.8096 282.5518
v 930.4127 714.2238 282.4081
v 930.7975 713.3979 282.4082
f 1765 1766 1767
v 930.7975 713.3979 282.4082
v 932.1951 714.3831 282.5518
v 931.9963 714.8096 282.5518
f 1768 1769 1770
v 931.9963 714.8096 282.5518
v 930.2351 715.1253 282.4081
v 930.4127 714.2238 282.4081
f 1771 1772 1773
v 930.2351 715.1253 282.4081
v 931.9963 714.8096 282.5518
v 931.9035 715.2769 282.5518
f 1774 1775 1776
v 931.9238 715.7538 282.5517
v 930.2746 716.0463 282.4079
v 930.2351 715.1253 282.4081
f 1777 1778 1779
v 930.2351 715.1253 282.4081
v 931.9035 715.2769 282.5518
v 931.9238 715.7538 282.5517
f 1780 1781 1782
v 930.5280 716.9296 282.4078
v 931.9238 715.7538 282.5517
v 932.0550 716.2104 282.5517
f 1783 1784 1785
v 931.9238 715.7538 282.5517
v 930.5280 716.9296 282.4078
v 930.2746 716.0463 282.4079
f 1786 1787 1788
v 930.9810 717.7183 282.4077
v 932.0550 716.2104 282.5517
v 932.2891 716.6199 282.5516
f 1789 1790 1791
v 932.0550 716.2104 282.5517
v 930.9810 717.7183 282.4077
v 930.5280 716.9296 282.4078
f 1792 1793 1794
v 930.9810 717.7183 282.4077
v 932.2891 716.6199 282.5516
v 932.6120 716.9539 282.5515
f 1795 1796 1797
v 932.6120 716.9539 282.5515
v 931.6038 718.3656 282.4075
v 930.9810 717.7183 282.4077
f 1798 1799 1800
v 932.3580 718.8276 282.4073
v 932.6120 716.9539 282.5515
v 933.0026 717.1929 282.5514
f 1801 1802 1803
v 932.6120 716.9539 282.5515
v 932.3580 718.8276 282.4073
v 931.6038 718.3656 282.4075
f 1804 1805 1806
v 933.2780 713.5852 282.5518
v 932.0762 712.1765 282.4081
v 932.8904 711.8573 282.4080
f 1807 1808 1809
v 932.0762 712.1765 282.4081
v 933.2780 713.5852 282.5518
v 932.8554 713.7513 282.5518
f 1810 1811 1812
v 932.4871 714.0224 282.5518
v 931.3636 712.7014 282.4082
v 932.0762 712.1765 282.4081
f 1813 1814 1815
v 932.0762 712.1765 282.4081
v 932.8554 713.7513 282.5518
v 932.4871 714.0224 282.5518
f 1816 1817 1818
v 932.0762 712.1765 282.4081
v 931.4065 710.8252 282.1814
v 932.5573 710.3731 282.1812
f 1819 1820 1821
v 932.5573 710.3731 282.1812
v 932.8904 711.8573 282.4080
v 932.0762 712.1765 282.4081
f 1822 1823 1824
v 931.3636 712.7014 282.4082
v 930.3995 711.5679 282.1814
v 931.4065 710.8252 282.1814
f 1825 1826 1827
v 931.4065 710.8252 282.1814
v 932.0762 712.1765 282.4081
v 931.3636 712.7014 282.4082
f 1828 1829 1830
v 933.7551 711.7619 282.4079
v 934.1700 713.6078 282.5516
v 933.7249 713.5360 282.5517
f 1831 1832 1833
v 934.1700 713.6078 282.5516
v 933.7551 711.7619 282.4079
v 934.6154 711.8986 282.4078
f 1834 1835 1836
v 933.2780 713.5852 282.5518
v 932.8904 711.8573 282.4080
v 933.7551 711.7619 282.4079
f 1837 1838 1839
v 933.7551 711.7619 282.4079
v 933.7249 713.5360 282.5517
v 933.2780 713.5852 282.5518
f 1840 1841 1842
v 932.3580 718.8276 282.4073
v 933.0026 717.1929 282.5514
v 933.4360 717.3227 282.5513
f 1843 1844 1845
v 933.4360 717.3227 282.5513
v 933.1977 719.0773 282.4072
v 932.3580 718.8276 282.4073
f 1846 1847 1848
v 934.0657 719.0990 282.4070
v 933.4360 717.3227 282.5513
v 933.8860 717.3335 282.5513
f 1849 1850 1851
v 933.4360 717.3227 282.5513
v 934.0657 719.0990 282.4070
v 933.1977 719.0773 282.4072
f 1852 1853 1854
v 935.4857 715.3643 282.5513
v 935.4500 715.8394 282.5512
v 933.6929 715.4401 282.6005
f 1855 1856 1857
v 934.3237 717.2254 282.5512
v 934.9121 718.8888 282.4069
v 934.0657 719.0990 282.4070
f 1858 1859 1860
v 934.0657 719.0990 282.4070
v 933.8860 717.3335 282.5513
v 934.3237 717.2254 282.5512
f 1861 1862 1863
v 934.3237 717.2254 282.5512
v 935.6820 718.4647 282.4069
v 934.9121 718.8888 282.4069
f 1864 1865 1866
v 935.6820 718.4647 282.4069
v 934.3237 717.2254 282.5512
v 934.7221 717.0043 282.5512
f 1867 1868 1869
v 934.7221 717.0043 282.5512
v 936.3254 717.8490 282.4069
v 935.6820 718.4647 282.4069
f 1870 1871 1872
v 936.3254 717.8490 282.4069
v 934.7221 717.0043 282.5512
v 935.0562 716.6865 282.5512
f 1873 1874 1875
v 935.3032 716.2898 282.5512
v 936.8043 717.0817 282.4069
v 936.3254 717.8490 282.4069
f 1876 1877 1878
v 936.3254 717.8490 282.4069
v 935.0562 716.6865 282.5512
v 935.3032 716.2898 282.5512
f 1879 1880 1881
v 930.7975 713.3979 282.4082
v 929.5982 712.5521 282.1814
v 930.3995 711.5679 282.1814
f 1882 1883 1884
v 930.3995 711.5679 282.1814
v 931.3636 712.7014 282.4082
v 930.7975 713.3979 282.4082
f 1885 1886 1887
v 930.4127 714.2238 282.4081
v 929.0553 713.7195 282.1814
v 929.5982 712.5521 282.1814
f 1888 1889 1890
v 929.5982 712.5521 282.1814
v 930.7975 713.3979 282.4082
v 930.4127 714.2238 282.4081
f 1891 1892 1893
v 930.2351 715.1253 282.4081
v 928.8027 714.9942 282.1813
v 929.0553 713.7195 282.1814
f 1894 1895 1896
v 929.0553 713.7195 282.1814
v 930.4127 714.2238 282.4081
v 930.2351 715.1253 282.4081
f 1897 1898 1899
v 928.8582 716.2979 282.1811
v 930.2351 715.1253 282.4081
v 930.2746 716.0463 282.4079
f 1900 1901 1902
v 930.2351 715.1253 282.4081
v 928.8582 716.2979 282.1811
v 928.8027 714.9942 282.1813
f 1903 1904 1905
v 929.2166 717.5470 282.1809
v 930.2746 716.0463 282.4079
v 930.5280 716.9296 282.4078
f 1906 1907 1908
v 930.2746 716.0463 282.4079
v 929.2166 717.5470 282.1809
v 928.8582 716.2979 282.1811
f 1909 1910 1911
v 929.2166 717.5470 282.1809
v 930.5280 716.9296 282.4078
v 930.9810 717.7183 282.4077
f 1912 1913 1914
v 930.9810 717.7183 282.4077
v 929.8576 718.6623 282.1807
v 929.2166 717.5470 282.1809
f 1915 1916 1917
v 930.7390 719.5769 282.1805
v 930.9810 717.7183 282.4077
v 931.6038 718.3656 282.4075
f 1918 1919 1920
v 930.9810 717.7183 282.4077
v 930.7390 719.5769 282.1805
v 929.8576 718.6623 282.1807
f 1921 1922 1923
v 931.8057 720.2311 282.1802
v 931.6038 718.3656 282.4075
v 932.3580 718.8276 282.4073
f 1924 1925 1926
v 931.6038 718.3656 282.4075
v 931.8057 720.2311 282.1802
v 930.7390 719.5769 282.1805
f 1927 1928 1929
v 931.8057 720.2311 282.1802
v 932.3580 718.8276 282.4073
v 933.1977 719.0773 282.4072
f 1930 1931 1932
v 933.1977 719.0773 282.4072
v 932.9917 720.5838 282.1800
v 931.8057 720.2311 282.1802
f 1933 1934 1935
v 934.2198 720.6146 282.1799
v 933.1977 719.0773 282.4072
v 934.0657 719.0990 282.4070
f 1936 1937 1938
v 933.1977 719.0773 282.4072
v 934.2198 720.6146 282.1799
v 932.9917 720.5838 282.1800
f 1939 1940 1941
v 934.0657 719.0990 282.4070
v 935.4169 720.3194 282.1797
v 934.2198 720.6146 282.1799
f 1942 1943 1944
v 935.4169 720.3194 282.1797
v 934.0657 719.0990 282.4070
v 934.9121 718.8888 282.4069
f 1945 1946 1947
v 935.6820 718.4647 282.4069
v 936.5053 719.7175 282.1796
v 935.4169 720.3194 282.1797
f 1948 1949 1950
v 935.4169 720.3194 282.1797
v 934.9121 718.8888 282.4069
v 935.6820 718.4647 282.4069
f 1951 1952 1953
v 936.3254 717.8490 282.4069
v 937.4170 718.8460 282.1796
v 936.5053 719.7175 282.1796
f 1954 1955 1956
v 936.5053 719.7175 282.1796
v 935.6820 718.4647 282.4069
v 936.3254 717.8490 282.4069
f 1957 1958 1959
v 936.3254 717.8490 282.4069
v 938.0941 717.7622 282.1796
v 937.4170 718.8460 282.1796
f 1960 1961 1962
v 938.0941 717.7622 282.1796
v 936.3254 717.8490 282.4069
v 936.8043 717.0817 282.4069
f 1963 1964 1965
v 937.0879 716.2110 282.4069
v 938.4938 716.5312 282.1797
v 938.0941 717.7622 282.1796
f 1966 1967 1968
v 938.0941 717.7622 282.1796
v 936.8043 717.0817 282.4069
v 937.0879 716.2110 282.4069
f 1969 1970 1971
v 937.1585 715.2927 282.4070
v 938.5933 715.2319 282.1798
v 938.4938 716.5312 282.1797
f 1972 1973 1974
v 938.4938 716.5312 282.1797
v 937.0879 716.2110 282.4069
v 937.1585 715.2927 282.4070
f 1975 1976 1977
v 934.1700 713.6078 282.5516
v 934.5855 713.7928 282.5516
v 933.6929 715.4401 282.6005
f 1978 1979 1980
v 933.6929 715.4401 282.6005
v 933.7249 713.5360 282.5517
v 934.1700 713.6078 282.5516
f 1981 1982 1983
v 934.9453 714.0818 282.5515
v 935.2263 714.4570 282.5514
v 933.6929 715.4401 282.6005
f 1984 1985 1986
v 933.6929 715.4401 282.6005
v 934.5855 713.7928 282.5516
v 934.9453 714.0818 282.5515
f 1987 1988 1989
v 933.6929 715.4401 282.6005
v 931.9963 714.8096 282.5518
v 932.1951 714.3831 282.5518
f 1990 1991 1992
v 931.9963 714.8096 282.5518
v 933.6929 715.4401 282.6005
v 931.9035 715.2769 282.5518
f 1993 1994 1995
v 933.6929 715.4401 282.6005
v 931.9238 715.7538 282.5517
v 931.9035 715.2769 282.5518
f 1996 1997 1998
v 931.9238 715.7538 282.5517
v 933.6929 715.4401 282.6005
v 932.0550 716.2104 282.5517
f 1999 2000 2001
v 933.6929 715.4401 282.6005
v 932.4871 714.0224 282.5518
v 932.8554 713.7513 282.5518
f 2002 2003 2004
v 932.4871 714.0224 282.5518
v 933.6929 715.4401 282.6005
v 932.1951 714.3831 282.5518
f 2005 2006 2007
v 933.6929 715.4401 282.6005
v 933.2780 713.5852 282.5518
v 933.7249 713.5360 282.5517
f 2008 2009 2010
v 933.2780 713.5852 282.5518
v 933.6929 715.4401 282.6005
v 932.8554 713.7513 282.5518
f 2011 2012 2013
v 932.2891 716.6199 282.5516
v 932.0550 716.2104 282.5517
v 933.6929 715.4401 282.6005
f 2014 2015 2016
v 933.6929 715.4401 282.6005
v 932.6120 716.9539 282.5515
v 932.2891 716.6199 282.5516
f 2017 2018 2019
v 933.0026 717.1929 282.5514
v 932.6120 716.9539 282.5515
v 933.6929 715.4401 282.6005
f 2020 2021 2022
v 933.6929 715.4401 282.6005
v 933.4360 717.3227 282.5513
v 933.0026 717.1929 282.5514
f 2023 2024 2025
v 933.8860 717.3335 282.5513
v 933.6929 715.4401 282.6005
v 934.3237 717.2254 282.5512
f 2026 2027 2028
v 933.6929 715.4401 282.6005
v 933.8860 717.3335 282.5513
v 933.4360 717.3227 282.5513
f 2029 2030 2031
v 933.6929 715.4401 282.6005
v 934.7221 717.0043 282.5512
v 934.3237 717.2254 282.5512
f 2032 2033 2034
v 934.7221 717.0043 282.5512
v 933.6929 715.4401 282.6005
v 935.0562 716.6865 282.5512
f 2035 2036 2037
v 933.6929 715.4401 282.6005
v 935.3032 716.2898 282.5512
v 935.0562 716.6865 282.5512
f 2038 2039 2040
v 935.3032 716.2898 282.5512
v 933.6929 715.4401 282.6005
v 935.4500 715.8394 282.5512
f 2041 2042 2043
v 933.8118 708.0809 254.0292
v 926.7728 714.8057 254.0295
v 927.3586 718.4151 254.0290
f 2044 2045 2046
v 937.1383 709.0720 254.0286
v 928.2637 719.9946 254.0287
v 934.4350 722.7541 254.0275
f 2047 2048 2049
v 927.3586 718.4151 254.0290
v 928.2637 719.9946 254.0287
v 933.8118 708.0809 254.0292
f 2050 2051 2052
v 934.4350 722.7541 254.0275
v 928.2637 719.9946 254.0287
v 931.0196 722.2122 254.0280
f 2053 2054 2055
v 940.4784 716.9790 254.0272
v 940.6195 715.1417 254.0274
v 939.9121 718.7195 254.0271
f 2056 2057 2058
v 929.6582 710.6968 281.8846
v 928.6784 711.9035 281.8846
v 928.0993 711.4960 281.5398
f 2059 2060 2061
v 928.0993 711.4960 281.5398
v 929.1936 710.1491 281.5398
v 929.6582 710.6968 281.8846
f 2062 2063 2064
v 928.6784 711.9035 281.8846
v 928.0132 713.3322 281.8846
v 927.3575 713.0889 281.5397
f 2065 2066 2067
v 927.3575 713.0889 281.5397
v 928.0993 711.4960 281.5398
v 928.6784 711.9035 281.8846
f 2068 2069 2070
v 928.0132 713.3322 281.8846
v 927.7035 714.8950 281.8844
v 927.0132 714.8318 281.5396
f 2071 2072 2073
v 927.0132 714.8318 281.5396
v 927.3575 713.0889 281.5397
v 928.0132 713.3322 281.8846
f 2074 2075 2076
v 927.7035 714.8950 281.8844
v 927.7717 716.4899 281.8843
v 927.0890 716.6116 281.5393
f 2077 2078 2079
v 927.0890 716.6116 281.5393
v 927.0132 714.8318 281.5396
v 927.7035 714.8950 281.8844
f 2080 2081 2082
v 927.0890 716.6116 281.5393
v 928.2118 718.0196 281.8840
v 927.5786 718.3173 281.5391
f 2083 2084 2085
v 928.2118 718.0196 281.8840
v 927.0890 716.6116 281.5393
v 927.7717 716.4899 281.8843
f 2086 2087 2088
v 927.5786 718.3173 281.5391
v 928.9955 719.3876 281.8838
v 928.4546 719.8429 281.5388
f 2089 2090 2091
v 928.9955 719.3876 281.8838
v 927.5786 718.3173 281.5391
v 928.2118 718.0196 281.8840
f 2092 2093 2094
v 928.4546 719.8429 281.5388
v 930.0745 720.5066 281.8835
v 929.6580 721.0917 281.5385
f 2095 2096 2097
v 930.0745 720.5066 281.8835
v 928.4546 719.8429 281.5388
v 928.9955 719.3876 281.8838
f 2098 2099 2100
v 929.6580 721.0917 281.5385
v 931.3816 721.3081 281.8832
v 931.1154 721.9857 281.5381
f 2101 2102 2103
v 931.3816 721.3081 281.8832
v 929.6580 721.0917 281.5385
v 930.0745 720.5066 281.8835
f 2104 2105 2106
v 931.1154 721.9857 281.5381
v 932.8328 721.7412 281.8829
v 932.7336 722.4674 281.5379
f 2107 2108 2109
v 932.8328 721.7412 281.8829
v 931.1154 721.9857 281.5381
v 931.3816 721.3081 281.8832
f 2110 2111 2112
v 932.7336 722.4674 281.5379
v 934.3398 721.7772 281.8827
v 934.4137 722.5080 281.5376
f 2113 2114 2115
v 934.3398 721.7772 281.8827
v 932.7336 722.4674 281.5379
v 932.8328 721.7412 281.8829
f 2116 2117 2118
v 934.3398 721.7772 281.8827
v 935.8048 721.4153 281.8825
v 936.0476 722.1045 281.5374
f 2119 2120 2121
v 936.0476 722.1045 281.5374
v 934.4137 722.5080 281.5376
v 934.3398 721.7772 281.8827
f 2122 2123 2124
v 935.8048 721.4153 281.8825
v 937.1368 720.6778 281.8824
v 937.5344 721.2816 281.5373
f 2125 2126 2127
v 937.5344 721.2816 281.5373
v 936.0476 722.1045 281.5374
v 935.8048 721.4153 281.8825
f 2128 2129 2130
v 937.1368 720.6778 281.8824
v 938.2539 719.6118 281.8824
v 938.7781 720.0932 281.5372
f 2131 2132 2133
v 938.7781 720.0932 281.5372
v 937.5344 721.2816 281.5373
v 937.1368 720.6778 281.8824
f 2134 2135 2136
v 938.2539 719.6118 281.8824
v 939.0824 718.2826 281.8824
v 939.7042 718.6108 281.5373
f 2137 2138 2139
v 939.7042 718.6108 281.5373
v 938.7781 720.0932 281.5372
v 938.2539 719.6118 281.8824
f 2140 2141 2142
v 939.0824 718.2826 281.8824
v 939.5733 716.7762 281.8825
v 940.2517 716.9293 281.5374
f 2143 2144 2145
v 940.2517 716.9293 281.5374
v 939.7042 718.6108 281.5373
v 939.0824 718.2826 281.8824
f 2146 2147 2148
v 939.5733 716.7762 281.8825
v 939.6950 715.1849 281.8827
v 940.3879 715.1561 281.5376
f 2149 2150 2151
v 940.3879 715.1561 281.5376
v 940.2517 716.9293 281.5374
v 939.5733 716.7762 281.8825
f 2152 2153 2154
v 926.7771 714.8094 281.1686
v 927.0890 716.6116 281.5393
v 926.8561 716.6532 281.1684
f 2155 2156 2157
v 927.0890 716.6116 281.5393
v 926.7771 714.8094 281.1686
v 927.0132 714.8318 281.5396
f 2158 2159 2160
v 926.7728 714.8057 254.0295
v 926.7771 714.8094 281.1686
v 926.8561 716.6532 281.1684
f 2161 2162 2163
v 926.8561 716.6532 281.1684
v 927.5786 718.3173 281.5391
v 927.3628 718.4188 281.1681
f 2164 2165 2166
v 927.5786 718.3173 281.5391
v 926.8561 716.6532 281.1684
v 927.0890 716.6116 281.5393
f 2167 2168 2169
v 926.8518 716.6495 254.0293
v 926.8561 716.6532 281.1684
v 927.3628 718.4188 281.1681
f 2170 2171 2172
v 927.3586 718.4151 254.0290
v 927.3628 718.4188 281.1681
v 928.2680 719.9984 281.1678
f 2173 2174 2175
v 928.2637 719.9946 254.0287
v 928.2680 719.9984 281.1678
v 929.5154 721.2910 281.1675
f 2176 2177 2178
v 929.5154 721.2910 281.1675
v 931.1154 721.9857 281.5381
v 931.0239 722.2160 281.1671
f 2179 2180 2181
v 931.1154 721.9857 281.5381
v 929.5154 721.2910 281.1675
v 929.6580 721.0917 281.5385
f 2182 2183 2184
v 929.5112 721.2872 254.0284
v 929.5154 721.2910 281.1675
v 931.0239 722.2160 281.1671
f 2185 2186 2187
v 931.0239 722.2160 281.1671
v 932.7336 722.4674 281.5379
v 932.7002 722.7144 281.1668
f 2188 2189 2190
v 932.7336 722.4674 281.5379
v 931.0239 722.2160 281.1671
v 931.1154 721.9857 281.5381
f 2191 2192 2193
v 931.0196 722.2122 254.0280
v 931.0239 722.2160 281.1671
v 932.7002 722.7144 281.1668
f 2194 2195 2196
v 932.6959 722.7107 254.0277
v 932.7002 722.7144 281.1668
v 934.4393 722.7578 281.1666
f 2197 2198 2199
v 934.4350 722.7541 254.0275
v 934.4393 722.7578 281.1666
v 936.1312 722.3393 281.1664
f 2200 2201 2202
v 936.0476 722.1045 281.5374
v 937.5344 721.2816 281.5373
v 937.6699 721.4882 281.1662
f 2203 2204 2205
v 937.6699 721.4882 281.1662
v 936.1312 722.3393 281.1664
v 936.0476 722.1045 281.5374
f 2206 2207 2208
v 936.1269 722.3356 254.0273
v 936.1312 722.3393 281.1664
v 937.6699 721.4882 281.1662
f 2209 2210 2211
v 937.5344 721.2816 281.5373
v 938.7781 720.0932 281.5372
v 938.9585 720.2567 281.1662
f 2212 2213 2214
v 938.9585 720.2567 281.1662
v 937.6699 721.4882 281.1662
v 937.5344 721.2816 281.5373
f 2215 2216 2217
v 937.6656 721.4845 254.0271
v 937.6699 721.4882 281.1662
v 938.9585 720.2567 281.1662
f 2218 2219 2220
v 938.7781 720.0932 281.5372
v 939.7042 718.6108 281.5373
v 939.9164 718.7231 281.1662
f 2221 2222 2223
v 939.9164 718.7231 281.1662
v 938.9585 720.2567 281.1662
v 938.7781 720.0932 281.5372
f 2224 2225 2226
v 938.9542 720.2531 254.0271
v 938.9585 720.2567 281.1662
v 939.9164 718.7231 281.1662
f 2227 2228 2229
v 939.7042 718.6108 281.5373
v 940.2517 716.9293 281.5374
v 940.4828 716.9827 281.1663
f 2230 2231 2232
v 940.4828 716.9827 281.1663
v 939.9164 718.7231 281.1662
v 939.7042 718.6108 281.5373
f 2233 2234 2235
v 939.9121 718.7195 254.0271
v 939.9164 718.7231 281.1662
v 940.4828 716.9827 281.1663
f 2236 2237 2238
v 940.2517 716.9293 281.5374
v 940.3879 715.1561 281.5376
v 940.6238 715.1454 281.1665
f 2239 2240 2241
v 940.6238 715.1454 281.1665
v 940.4828 716.9827 281.1663
v 940.2517 716.9293 281.5374
f 2242 2243 2244
v 940.4784 716.9790 254.0272
v 940.4828 716.9827 281.1663
v 940.6238 715.1454 281.1665
f 2245 2246 2247
v 934.4137 722.5080 281.5376
v 936.0476 722.1045 281.5374
v 936.1312 722.3393 281.1664
f 2248 2249 2250
v 936.1312 722.3393 281.1664
v 934.4393 722.7578 281.1666
v 934.4137 722.5080 281.5376
f 2251 2252 2253
v 940.1022 713.3988 281.5378
v 938.8219 712.1503 281.8831
v 939.4139 711.7706 281.5381
f 2254 2255 2256
v 938.8219 712.1503 281.8831
v 940.1022 713.3988 281.5378
v 939.4389 713.6096 281.8829
f 2257 2258 2259
v 939.4139 711.7706 281.5381
v 937.8826 710.8958 281.8834
v 938.3661 710.3725 281.5384
f 2260 2261 2262
v 937.8826 710.8958 281.8834
v 939.4139 711.7706 281.5381
v 938.8219 712.1503 281.8831
f 2263 2264 2265
v 940.6238 715.1454 281.1665
v 940.1022 713.3988 281.5378
v 940.3280 713.3271 281.1668
f 2266 2267 2268
v 940.1022 713.3988 281.5378
v 940.6238 715.1454 281.1665
v 940.3879 715.1561 281.5376
f 2269 2270 2271
v 940.6195 715.1417 254.0274
v 940.6238 715.1454 281.1665
v 940.3280 713.3271 281.1668
f 2272 2273 2274
v 940.3280 713.3271 281.1668
v 939.4139 711.7706 281.5381
v 939.6155 711.6401 281.1671
f 2275 2276 2277
v 939.4139 711.7706 281.5381
v 940.3280 713.3271 281.1668
v 940.1022 713.3988 281.5378
f 2278 2279 2280
v 940.3237 713.3234 254.0277
v 940.3280 713.3271 281.1668
v 939.6155 711.6401 281.1671
f 2281 2282 2283
v 939.6155 711.6401 281.1671
v 938.3661 710.3725 281.5384
v 938.5316 710.1930 281.1674
f 2284 2285 2286
v 938.3661 710.3725 281.5384
v 939.6155 711.6401 281.1671
v 939.4139 711.7706 281.5381
f 2287 2288 2289
v 939.6112 711.6364 254.0280
v 939.6155 711.6401 281.1671
v 938.5316 710.1930 281.1674
f 2290 2291 2292
v 938.5273 710.1893 254.0283
v 938.5316 710.1930 281.1674
v 937.1426 709.0757 281.1677
f 2293 2294 2295
v 937.1383 709.0720 254.0286
v 937.1426 709.0757 281.1677
v 935.5387 708.3571 281.1680
f 2296 2297 2298
v 935.5387 708.3571 281.1680
v 933.8117 708.3357 281.5393
v 933.8160 708.0846 281.1683
f 2299 2300 2301
v 933.8117 708.3357 281.5393
v 935.5387 708.3571 281.1680
v 935.4754 708.5993 281.5390
f 2302 2303 2304
v 935.5344 708.3534 254.0289
v 935.5387 708.3571 281.1680
v 933.8160 708.0846 281.1683
f 2305 2306 2307
v 933.8117 708.3357 281.5393
v 932.1422 708.5181 281.5395
v 932.0885 708.2743 281.1685
f 2308 2309 2310
v 932.0885 708.2743 281.1685
v 933.8160 708.0846 281.1683
v 933.8117 708.3357 281.5393
f 2311 2312 2313
v 933.8118 708.0809 254.0292
v 933.8160 708.0846 281.1683
v 932.0885 708.2743 281.1685
f 2314 2315 2316
v 932.1422 708.5181 281.5395
v 930.5689 709.1354 281.5397
v 930.4603 708.9137 281.1687
f 2317 2318 2319
v 930.4603 708.9137 281.1687
v 932.0885 708.2743 281.1685
v 932.1422 708.5181 281.5395
f 2320 2321 2322
v 932.0843 708.2706 254.0294
v 932.0885 708.2743 281.1685
v 930.4603 708.9137 281.1687
f 2323 2324 2325
v 930.5689 709.1354 281.5397
v 929.1936 710.1491 281.5398
v 929.0351 709.9635 281.1688
f 2326 2327 2328
v 929.0351 709.9635 281.1688
v 930.4603 708.9137 281.1687
v 930.5689 709.1354 281.5397
f 2329 2330 2331
v 930.4560 708.9100 254.0296
v 930.4603 708.9137 281.1687
v 929.0351 709.9635 281.1688
f 2332 2333 2334
v 929.1936 710.1491 281.5398
v 928.0993 711.4960 281.5398
v 927.9028 711.3565 281.1688
f 2335 2336 2337
v 927.9028 711.3565 281.1688
v 929.0351 709.9635 281.1688
v 929.1936 710.1491 281.5398
f 2338 2339 2340
v 929.0308 709.9598 254.0297
v 929.0351 709.9635 281.1688
v 927.9028 711.3565 281.1688
f 2341 2342 2343
v 928.0993 711.4960 281.5398
v 927.3575 713.0889 281.5397
v 927.1333 713.0074 281.1687
f 2344 2345 2346
v 927.1333 713.0074 281.1687
v 927.9028 711.3565 281.1688
v 928.0993 711.4960 281.5398
f 2347 2348 2349
v 927.8986 711.3528 254.0297
v 927.9028 711.3565 281.1688
v 927.1333 713.0074 281.1687
f 2350 2351 2352
v 927.3575 713.0889 281.5397
v 927.0132 714.8318 281.5396
v 926.7771 714.8094 281.1686
f 2353 2354 2355
v 926.7771 714.8094 281.1686
v 927.1333 713.0074 281.1687
v 927.3575 713.0889 281.5397
f 2356 2357 2358
v 927.1290 713.0039 254.0296
v 927.1333 713.0074 281.1687
v 926.7771 714.8094 281.1686
f 2359 2360 2361
v 934.2198 720.6146 282.1799
v 935.4169 720.3194 282.1797
v 935.8048 721.4153 281.8825
f 2362 2363 2364
v 935.8048 721.4153 281.8825
v 934.3398 721.7772 281.8827
v 934.2198 720.6146 282.1799
f 2365 2366 2367
v 935.4169 720.3194 282.1797
v 936.5053 719.7175 282.1796
v 937.1368 720.6778 281.8824
f 2368 2369 2370
v 937.1368 720.6778 281.8824
v 935.8048 721.4153 281.8825
v 935.4169 720.3194 282.1797
f 2371 2372 2373
v 936.5053 719.7175 282.1796
v 937.4170 718.8460 282.1796
v 938.2539 719.6118 281.8824
f 2374 2375 2376
v 938.2539 719.6118 281.8824
v 937.1368 720.6778 281.8824
v 936.5053 719.7175 282.1796
f 2377 2378 2379
v 937.4170 718.8460 282.1796
v 938.0941 717.7622 282.1796
v 939.0824 718.2826 281.8824
f 2380 2381 2382
v 939.0824 718.2826 281.8824
v 938.2539 719.6118 281.8824
v 937.4170 718.8460 282.1796
f 2383 2384 2385
v 938.0941 717.7622 282.1796
v 938.4938 716.5312 282.1797
v 939.5733 716.7762 281.8825
f 2386 2387 2388
v 939.5733 716.7762 281.8825
v 939.0824 718.2826 281.8824
v 938.0941 717.7622 282.1796
f 2389 2390 2391
v 938.4938 716.5312 282.1797
v 938.5933 715.2319 282.1798
v 939.6950 715.1849 281.8827
f 2392 2393 2394
v 939.6950 715.1849 281.8827
v 939.5733 716.7762 281.8825
v 938.4938 716.5312 282.1797
f 2395 2396 2397
v 939.6950 715.1849 281.8827
v 938.3848 713.9464 282.1800
v 939.4389 713.6096 281.8829
f 2398 2399 2400
v 938.3848 713.9464 282.1800
v 939.6950 715.1849 281.8827
v 938.5933 715.2319 282.1798
f 2401 2402 2403
v 940.3879 715.1561 281.5376
v 939.4389 713.6096 281.8829
v 940.1022 713.3988 281.5378
f 2404 2405 2406
v 939.4389 713.6096 281.8829
v 940.3879 715.1561 281.5376
v 939.6950 715.1849 281.8827
f 2407 2408 2409
v 935.4500 715.8394 282.5512
v 937.0879 716.2110 282.4069
v 936.8043 717.0817 282.4069
f 2410 2411 2412
v 936.8043 717.0817 282.4069
v 935.3032 716.2898 282.5512
v 935.4500 715.8394 282.5512
f 2413 2414 2415
v 935.4857 715.3643 282.5513
v 937.1585 715.2927 282.4070
v 937.0879 716.2110 282.4069
f 2416 2417 2418
v 937.0879 716.2110 282.4069
v 935.4500 715.8394 282.5512
v 935.4857 715.3643 282.5513
f 2419 2420 2421
v 937.0111 714.3832 282.4071
v 935.4857 715.3643 282.5513
v 935.4094 714.8925 282.5513
f 2422 2423 2424
v 935.4857 715.3643 282.5513
v 937.0111 714.3832 282.4071
v 937.1585 715.2927 282.4070
f 2425 2426 2427
v 938.3848 713.9464 282.1800
v 937.1585 715.2927 282.4070
v 937.0111 714.3832 282.4071
f 2428 2429 2430
v 937.1585 715.2927 282.4070
v 938.3848 713.9464 282.1800
v 938.5933 715.2319 282.1798
f 2431 2432 2433
v 927.5786 718.3173 281.5391
v 928.4546 719.8429 281.5388
v 928.2680 719.9984 281.1678
f 2434 2435 2436
v 928.2680 719.9984 281.1678
v 927.3628 718.4188 281.1681
v 927.5786 718.3173 281.5391
f 2437 2438 2439
v 929.6580 721.0917 281.5385
v 928.2680 719.9984 281.1678
v 928.4546 719.8429 281.5388
f 2440 2441 2442
v 928.2680 719.9984 281.1678
v 929.6580 721.0917 281.5385
v 929.5154 721.2910 281.1675
f 2443 2444 2445
v 932.7336 722.4674 281.5379
v 934.4137 722.5080 281.5376
v 934.4393 722.7578 281.1666
f 2446 2447 2448
v 934.4393 722.7578 281.1666
v 932.7002 722.7144 281.1668
v 932.7336 722.4674 281.5379
f 2449 2450 2451
v 938.5316 710.1930 281.1674
v 937.0263 709.2921 281.5387
v 937.1426 709.0757 281.1677
f 2452 2453 2454
v 937.0263 709.2921 281.5387
v 938.5316 710.1930 281.1674
v 938.3661 710.3725 281.5384
f 2455 2456 2457
v 935.5387 708.3571 281.1680
v 937.1426 709.0757 281.1677
v 937.0263 709.2921 281.5387
f 2458 2459 2460
v 937.0263 709.2921 281.5387
v 935.4754 708.5993 281.5390
v 935.5387 708.3571 281.1680
f 2461 2462 2463
v 935.4094 714.8925 282.5513
v 935.4857 715.3643 282.5513
v 933.6929 715.4401 282.6005
f 2464 2465 2466
v 933.6929 715.4401 282.6005
v 935.2263 714.4570 282.5514
v 935.4094 714.8925 282.5513
f 2467 2468 2469
v 937.1383 709.0720 254.0286
v 939.6112 711.6364 254.0280
v 938.5273 710.1893 254.0283
f 2470 2471 2472
v 939.6112 711.6364 254.0280
v 937.1383 709.0720 254.0286
v 940.3237 713.3234 254.0277
f 2473 2474 2475
v 933.8118 708.0809 254.0292
v 928.2637 719.9946 254.0287
v 935.5344 708.3534 254.0289
f 2476 2477 2478
v 935.5344 708.3534 254.0289
v 928.2637 719.9946 254.0287
v 937.1383 709.0720 254.0286
f 2479 2480 2481
v 939.9121 718.7195 254.0271
v 940.3237 713.3234 254.0277
v 937.1383 709.0720 254.0286
f 2482 2483 2484
v 940.3237 713.3234 254.0277
v 939.9121 718.7195 254.0271
v 940.6195 715.1417 254.0274
f 2485 2486 2487
v 939.9121 718.7195 254.0271
v 937.1383 709.0720 254.0286
v 934.4350 722.7541 254.0275
f 2488 2489 2490
v 934.4350 722.7541 254.0275
v 937.6656 721.4845 254.0271
v 938.9542 720.2531 254.0271
f 2491 2492 2493
v 934.4350 722.7541 254.0275
v 938.9542 720.2531 254.0271
v 939.9121 718.7195 254.0271
f 2494 2495 2496
v 930.4560 708.9100 254.0296
v 933.8118 708.0809 254.0292
v 932.0843 708.2706 254.0294
f 2497 2498 2499
v 929.0308 709.9598 254.0297
v 933.8118 708.0809 254.0292
v 930.4560 708.9100 254.0296
f 2500 2501 2502
v 927.8986 711.3528 254.0297
v 926.7728 714.8057 254.0295
v 933.8118 708.0809 254.0292
f 2503 2504 2505
v 929.0308 709.9598 254.0297
v 927.8986 711.3528 254.0297
v 933.8118 708.0809 254.0292
f 2506 2507 2508
v 927.1290 713.0039 254.0296
v 926.7728 714.8057 254.0295
v 927.8986 711.3528 254.0297
f 2509 2510 2511
v 926.8518 716.6495 254.0293
v 927.3586 718.4151 254.0290
v 926.7728 714.8057 254.0295
f 2512 2513 2514
v 934.4350 722.7541 254.0275
v 936.1269 722.3356 254.0273
v 937.6656 721.4845 254.0271
f 2515 2516 2517
v 932.6959 722.7107 254.0277
v 934.4350 722.7541 254.0275
v 931.0196 722.2122 254.0280
f 2518 2519 2520
v 931.0196 722.2122 254.0280
v 928.2637 719.9946 254.0287
v 929.5112 721.2872 254.0284
f 2521 2522 2523
v 926.7728 714.8057 254.0295
v 926.8561 716.6532 281.1684
v 926.8518 716.6495 254.0293
f 2524 2525 2526
v 926.8518 716.6495 254.0293
v 927.3628 718.4188 281.1681
v 927.3586 718.4151 254.0290
f 2527 2528 2529
v 927.3586 718.4151 254.0290
v 928.2680 719.9984 281.1678
v 928.2637 719.9946 254.0287
f 2530 2531 2532
v 928.2637 719.9946 254.0287
v 929.5154 721.2910 281.1675
v 929.5112 721.2872 254.0284
f 2533 2534 2535
v 929.5112 721.2872 254.0284
v 931.0239 722.2160 281.1671
v 931.0196 722.2122 254.0280
f 2536 2537 2538
v 931.0196 722.2122 254.0280
v 932.7002 722.7144 281.1668
v 932.6959 722.7107 254.0277
f 2539 2540 2541
v 932.6959 722.7107 254.0277
v 934.4393 722.7578 281.1666
v 934.4350 722.7541 254.0275
f 2542 2543 2544
v 934.4350 722.7541 254.0275
v 936.1312 722.3393 281.1664
v 936.1269 722.3356 254.0273
f 2545 2546 2547
v 936.1269 722.3356 254.0273
v 937.6699 721.4882 281.1662
v 937.6656 721.4845 254.0271
f 2548 2549 2550
v 937.6656 721.4845 254.0271
v 938.9585 720.2567 281.1662
v 938.9542 720.2531 254.0271
f 2551 2552 2553
v 938.9542 720.2531 254.0271
v 939.9164 718.7231 281.1662
v 939.9121 718.7195 254.0271
f 2554 2555 2556
v 939.9121 718.7195 254.0271
v 940.4828 716.9827 281.1663
v 940.4784 716.9790 254.0272
f 2557 2558 2559
v 940.4784 716.9790 254.0272
v 940.6238 715.1454 281.1665
v 940.6195 715.1417 254.0274
f 2560 2561 2562
v 940.6195 715.1417 254.0274
v 940.3280 713.3271 281.1668
v 940.3237 713.3234 254.0277
f 2563 2564 2565
v 940.3237 713.3234 254.0277
v 939.6155 711.6401 281.1671
v 939.6112 711.6364 254.0280
f 2566 2567 2568
v 939.6112 711.6364 254.0280
v 938.5316 710.1930 281.1674
v 938.5273 710.1893 254.0283
f 2569 2570 2571
v 938.5273 710.1893 254.0283
v 937.1426 709.0757 281.1677
v 937.1383 709.0720 254.0286
f 2572 2573 2574
v 937.1383 709.0720 254.0286
v 935.5387 708.3571 281.1680
v 935.5344 708.3534 254.0289
f 2575 2576 2577
v 935.5344 708.3534 254.0289
v 933.8160 708.0846 281.1683
v 933.8118 708.0809 254.0292
f 2578 2579 2580
v 933.8118 708.0809 254.0292
v 932.0885 708.2743 281.1685
v 932.0843 708.2706 254.0294
f 2581 2582 2583
v 932.0843 708.2706 254.0294
v 930.4603 708.9137 281.1687
v 930.4560 708.9100 254.0296
f 2584 2585 2586
v 930.4560 708.9100 254.0296
v 929.0351 709.9635 281.1688
v 929.0308 709.9598 254.0297
f 2587 2588 2589
v 929.0308 709.9598 254.0297
v 927.9028 711.3565 281.1688
v 927.8986 711.3528 254.0297
f 2590 2591 2592
v 927.8986 711.3528 254.0297
v 927.1333 713.0074 281.1687
v 927.1290 713.0039 254.0296
f 2593 2594 2595
v 927.1290 713.0039 254.0296
v 926.7771 714.8094 281.1686
v 926.7728 714.8057 254.0295
f 2596 2597 2598

g building_ID_606A4B5A-6F67-4EEA-9604-02FFDE0DA231
v 915.5104 722.7529 254.5322
v 914.6538 721.7742 254.5325
v 915.1448 722.5029 254.5323
f 2599 2600 2601
v 915.5104 722.7529 254.5322
v 915.9268 722.9037 254.5321
v 914.5587 721.3414 254.5325
f 2602 2603 2604
v 916.8047 722.8794 254.5320
v 914.6993 720.4741 254.5326
v 916.3670 722.9476 254.5321
f 2605 2606 2607
v 914.5745 720.8994 254.5326
v 915.9268 722.9037 254.5321
v 916.3670 722.9476 254.5321
f 2608 2609 2610
v 917.2112 722.7053 254.5320
v 914.9253 720.0934 254.5326
v 916.8047 722.8794 254.5320
f 2611 2612 2613
v 914.8539 722.1696 254.5324
v 915.1448 722.5029 254.5323
v 914.6538 721.7742 254.5325
f 2614 2615 2616
v 914.6538 721.7742 254.5325
v 915.5104 722.7529 254.5322
v 914.5587 721.3414 254.5325
f 2617 2618 2619
v 915.9268 722.9037 254.5321
v 914.5745 720.8994 254.5326
v 914.5587 721.3414 254.5325
f 2620 2621 2622
v 914.5745 720.8994 254.5326
v 916.3670 722.9476 254.5321
v 914.6993 720.4741 254.5326
f 2623 2624 2625
v 914.6993 720.4741 254.5326
v 916.8047 722.8794 254.5320
v 914.9253 720.0934 254.5326
f 2626 2627 2628
v 914.9253 720.0934 254.5326
v 917.2112 722.7053 254.5320
v 915.2395 719.7816 254.5326
f 2629 2630 2631
v 917.5625 722.4344 254.5320
v 917.8356 722.0857 254.5320
v 915.6219 719.5576 254.5326
f 2632 2633 2634
v 917.8356 722.0857 254.5320
v 918.0125 721.6802 254.5320
v 916.0475 719.4355 254.5325
f 2635 2636 2637
v 918.0432 720.8021 254.5321
v 916.9217 719.5211 254.5324
v 918.0833 721.2430 254.5320
f 2638 2639 2640
v 916.4905 719.4233 254.5325
v 918.0125 721.6802 254.5320
v 918.0833 721.2430 254.5320
f 2641 2642 2643
v 917.8940 720.3845 254.5321
v 917.3153 719.7241 254.5323
v 918.0432 720.8021 254.5321
f 2644 2645 2646
v 915.6219 719.5576 254.5326
v 917.8356 722.0857 254.5320
v 916.0475 719.4355 254.5325
f 2647 2648 2649
v 917.5625 722.4344 254.5320
v 915.6219 719.5576 254.5326
v 915.2395 719.7816 254.5326
f 2650 2651 2652
v 918.0432 720.8021 254.5321
v 917.3153 719.7241 254.5323
v 916.9217 719.5211 254.5324
f 2653 2654 2655
v 916.9217 719.5211 254.5324
v 916.4905 719.4233 254.5325
v 918.0833 721.2430 254.5320
f 2656 2657 2658
v 918.0125 721.6802 254.5320
v 916.4905 719.4233 254.5325
v 916.0475 719.4355 254.5325
f 2659 2660 2661
v 917.8940 720.3845 254.5321
v 917.6470 720.0181 254.5322
v 917.3153 719.7241 254.5323
f 2662 2663 2664
v 917.2112 722.7053 254.5320
v 917.5625 722.4344 254.5320
v 915.2395 719.7816 254.5326
f 2665 2666 2667
v 918.0858 721.2452 270.5425
v 917.8965 720.3867 270.5426
v 918.0456 720.8043 270.5426
f 2668 2669 2670
v 918.0150 721.6823 270.5425
v 917.8965 720.3867 270.5426
v 918.0858 721.2452 270.5425
f 2671 2672 2673
v 917.5650 722.4366 270.5425
v 918.0150 721.6823 270.5425
v 917.8381 722.0878 270.5425
f 2674 2675 2676
v 917.8965 720.3867 270.5426
v 918.0150 721.6823 270.5425
v 917.5650 722.4366 270.5425
f 2677 2678 2679
v 917.3177 719.7262 270.5428
v 917.8965 720.3867 270.5426
v 917.5650 722.4366 270.5425
f 2680 2681 2682
v 916.9242 719.5233 270.5429
v 917.3177 719.7262 270.5428
v 916.4930 719.4255 270.5430
f 2683 2684 2685
v 917.8965 720.3867 270.5426
v 917.3177 719.7262 270.5428
v 917.6496 720.0204 270.5427
f 2686 2687 2688
v 916.0500 719.4376 270.5430
v 916.4930 719.4255 270.5430
v 915.6243 719.5598 270.5431
f 2689 2690 2691
v 917.3177 719.7262 270.5428
v 915.6243 719.5598 270.5431
v 916.4930 719.4255 270.5430
f 2692 2693 2694
v 915.6243 719.5598 270.5431
v 917.3177 719.7262 270.5428
v 914.5769 720.9016 270.5431
f 2695 2696 2697
v 914.5769 720.9016 270.5431
v 917.3177 719.7262 270.5428
v 917.5650 722.4366 270.5425
f 2698 2699 2700
v 915.9293 722.9059 270.5426
v 917.5650 722.4366 270.5425
v 916.8072 722.8816 270.5425
f 2701 2702 2703
v 916.3694 722.9497 270.5426
v 915.9293 722.9059 270.5426
v 916.8072 722.8816 270.5425
f 2704 2705 2706
v 915.5129 722.7550 270.5427
v 914.8563 722.1718 270.5429
v 915.9293 722.9059 270.5426
f 2707 2708 2709
v 917.5650 722.4366 270.5425
v 915.9293 722.9059 270.5426
v 914.5769 720.9016 270.5431
f 2710 2711 2712
v 915.5129 722.7550 270.5427
v 915.1472 722.5050 270.5428
v 914.8563 722.1718 270.5429
f 2713 2714 2715
v 914.9278 720.0957 270.5431
v 915.2420 719.7838 270.5431
v 914.7018 720.4762 270.5431
f 2716 2717 2718
v 915.2420 719.7838 270.5431
v 915.6243 719.5598 270.5431
v 914.7018 720.4762 270.5431
f 2719 2720 2721
v 914.5769 720.9016 270.5431
v 914.8563 722.1718 270.5429
v 914.6563 721.7763 270.5430
f 2722 2723 2724
v 914.6563 721.7763 270.5430
v 914.5611 721.3436 270.5430
v 914.5769 720.9016 270.5431
f 2725 2726 2727
v 914.7018 720.4762 270.5431
v 915.6243 719.5598 270.5431
v 914.5769 720.9016 270.5431
f 2728 2729 2730
v 914.5769 720.9016 270.5431
v 915.9293 722.9059 270.5426
v 914.8563 722.1718 270.5429
f 2731 2732 2733
v 917.2137 722.7075 270.5425
v 916.8072 722.8816 270.5425
v 917.5650 722.4366 270.5425
f 2734 2735 2736
v 915.9268 722.9037 254.5321
v 915.9293 722.9059 270.5426
v 916.3694 722.9497 270.5426
f 2737 2738 2739
v 915.5104 722.7529 254.5322
v 915.5129 722.7550 270.5427
v 915.9293 722.9059 270.5426
f 2740 2741 2742
v 915.1448 722.5029 254.5323
v 915.1472 722.5050 270.5428
v 915.5129 722.7550 270.5427
f 2743 2744 2745
v 914.8539 722.1696 254.5324
v 914.8563 722.1718 270.5429
v 915.1472 722.5050 270.5428
f 2746 2747 2748
v 914.6538 721.7742 254.5325
v 914.6563 721.7763 270.5430
v 914.8539 722.1696 254.5324
f 2749 2750 2751
v 914.5587 721.3414 254.5325
v 914.5611 721.3436 270.5430
v 914.6538 721.7742 254.5325
f 2752 2753 2754
v 914.5745 720.8994 254.5326
v 914.5769 720.9016 270.5431
v 914.5587 721.3414 254.5325
f 2755 2756 2757
v 914.6993 720.4741 254.5326
v 914.7018 720.4762 270.5431
v 914.5769 720.9016 270.5431
f 2758 2759 2760
v 914.9253 720.0934 254.5326
v 914.9278 720.0957 270.5431
v 914.6993 720.4741 254.5326
f 2761 2762 2763
v 915.2395 719.7816 254.5326
v 915.2420 719.7838 270.5431
v 914.9253 720.0934 254.5326
f 2764 2765 2766
v 915.6219 719.5576 254.5326
v 915.6243 719.5598 270.5431
v 915.2420 719.7838 270.5431
f 2767 2768 2769
v 916.0475 719.4355 254.5325
v 916.0500 719.4376 270.5430
v 915.6243 719.5598 270.5431
f 2770 2771 2772
v 916.4905 719.4233 254.5325
v 916.4930 719.4255 270.5430
v 916.0500 719.4376 270.5430
f 2773 2774 2775
v 916.9217 719.5211 254.5324
v 916.9242 719.5233 270.5429
v 916.4930 719.4255 270.5430
f 2776 2777 2778
v 917.3153 719.7241 254.5323
v 917.3177 719.7262 270.5428
v 916.9242 719.5233 270.5429
f 2779 2780 2781
v 917.6470 720.0181 254.5322
v 917.6496 720.0204 270.5427
v 917.3177 719.7262 270.5428
f 2782 2783 2784
v 917.8940 720.3845 254.5321
v 917.8965 720.3867 270.5426
v 917.6496 720.0204 270.5427
f 2785 2786 2787
v 918.0432 720.8021 254.5321
v 918.0456 720.8043 270.5426
v 917.8965 720.3867 270.5426
f 2788 2789 2790
v 918.0833 721.2430 254.5320
v 918.0858 721.2452 270.5425
v 918.0456 720.8043 270.5426
f 2791 2792 2793
v 918.0125 721.6802 254.5320
v 918.0150 721.6823 270.5425
v 918.0858 721.2452 270.5425
f 2794 2795 2796
v 917.8356 722.0857 254.5320
v 917.8381 722.0878 270.5425
v 918.0150 721.6823 270.5425
f 2797 2798 2799
v 917.5625 722.4344 254.5320
v 917.5650 722.4366 270.5425
v 917.8381 722.0878 270.5425
f 2800 2801 2802
v 917.2112 722.7053 254.5320
v 917.2137 722.7075 270.5425
v 917.5650 722.4366 270.5425
f 2803 2804 2805
v 916.8047 722.8794 254.5320
v 916.8072 722.8816 270.5425
v 917.2137 722.7075 270.5425
f 2806 2807 2808
v 916.3670 722.9476 254.5321
v 916.3694 722.9497 270.5426
v 916.8072 722.8816 270.5425
f 2809 2810 2811
v 915.9268 722.9037 254.5321
v 916.3694 722.9497 270.5426
v 916.3670 722.9476 254.5321
f 2812 2813 2814
v 915.5104 722.7529 254.5322
v 915.9293 722.9059 270.5426
v 915.9268 722.9037 254.5321
f 2815 2816 2817
v 915.1448 722.5029 254.5323
v 915.5129 722.7550 270.5427
v 915.5104 722.7529 254.5322
f 2818 2819 2820
v 914.8539 722.1696 254.5324
v 915.1472 722.5050 270.5428
v 915.1448 722.5029 254.5323
f 2821 2822 2823
v 914.6563 721.7763 270.5430
v 914.8563 722.1718 270.5429
v 914.8539 722.1696 254.5324
f 2824 2825 2826
v 914.5611 721.3436 270.5430
v 914.6563 721.7763 270.5430
v 914.6538 721.7742 254.5325
f 2827 2828 2829
v 914.5769 720.9016 270.5431
v 914.5611 721.3436 270.5430
v 914.5587 721.3414 254.5325
f 2830 2831 2832
v 914.6993 720.4741 254.5326
v 914.5769 720.9016 270.5431
v 914.5745 720.8994 254.5326
f 2833 2834 2835
v 914.9278 720.0957 270.5431
v 914.7018 720.4762 270.5431
v 914.6993 720.4741 254.5326
f 2836 2837 2838
v 915.2420 719.7838 270.5431
v 914.9278 720.0957 270.5431
v 914.9253 720.0934 254.5326
f 2839 2840 2841
v 915.6219 719.5576 254.5326
v 915.2420 719.7838 270.5431
v 915.2395 719.7816 254.5326
f 2842 2843 2844
v 916.0475 719.4355 254.5325
v 915.6243 719.5598 270.5431
v 915.6219 719.5576 254.5326
f 2845 2846 2847
v 916.4905 719.4233 254.5325
v 916.0500 719.4376 270.5430
v 916.0475 719.4355 254.5325
f 2848 2849 2850
v 916.9217 719.5211 254.5324
v 916.4930 719.4255 270.5430
v 916.4905 719.4233 254.5325
f 2851 2852 2853
v 917.3153 719.7241 254.5323
v 916.9242 719.5233 270.5429
v 916.9217 719.5211 254.5324
f 2854 2855 2856
v 917.6470 720.0181 254.5322
v 917.3177 719.7262 270.5428
v 917.3153 719.7241 254.5323
f 2857 2858 2859
v 917.8940 720.3845 254.5321
v 917.6496 720.0204 270.5427
v 917.6470 720.0181 254.5322
f 2860 2861 2862
v 918.0432 720.8021 254.5321
v 917.8965 720.3867 270.5426
v 917.8940 720.3845 254.5321
f 2863 2864 2865
v 918.0833 721.2430 254.5320
v 918.0456 720.8043 270.5426
v 918.0432 720.8021 254.5321
f 2866 2867 2868
v 918.0125 721.6802 254.5320
v 918.0858 721.2452 270.5425
v 918.0833 721.2430 254.5320
f 2869 2870 2871
v 917.8356 722.0857 254.5320
v 918.0150 721.6823 270.5425
v 918.0125 721.6802 254.5320
f 2872 2873 2874
v 917.5625 722.4344 254.5320
v 917.8381 722.0878 270.5425
v 917.8356 722.0857 254.5320
f 2875 2876 2877
v 917.2112 722.7053 254.5320
v 917.5650 722.4366 270.5425
v 917.5625 722.4344 254.5320
f 2878 2879 2880
v 916.8047 722.8794 254.5320
v 917.2137 722.7075 270.5425
v 917.2112 722.7053 254.5320
f 2881 2882 2883
v 916.3670 722.9476 254.5321
v 916.8072 722.8816 270.5425
v 916.8047 722.8794 254.5320
f 2884 2885 2886

g building_ID_B347FA9A-BA22-4734-B640-62CF1C850E7C
v 921.2846 701.5136 268.7073
v 912.4555 709.6351 268.7076
v 921.2023 701.4239 268.7073
f 2887 2888 2889
v 905.9226 702.5318 268.7093
v 921.2023 701.4239 268.7073
v 912.4555 709.6351 268.7076
f 2890 2891 2892
v 922.4852 700.2375 268.7072
v 921.2023 701.4239 268.7073
v 916.0175 693.2419 268.7089
f 2893 2894 2895
v 905.9226 702.5318 268.7093
v 916.0175 693.2419 268.7089
v 921.2023 701.4239 268.7073
f 2896 2897 2898
v 921.2837 701.5129 262.9415
v 912.4546 709.6344 262.9418
v 921.2846 701.5136 268.7073
f 2899 2900 2901
v 922.4829 700.2354 254.0597
v 922.4852 700.2375 268.7072
v 916.0175 693.2419 268.7089
f 2902 2903 2904
v 916.1522 713.3593 254.0592
v 916.1535 713.3605 262.9409
v 919.0418 716.4757 262.9401
f 2905 2906 2907
v 919.0405 716.4745 254.0584
v 919.0418 716.4757 262.9401
v 927.7093 708.4626 262.9398
f 2908 2909 2910
v 922.4829 700.2354 254.0597
v 921.2001 701.4219 254.0598
v 921.2023 701.4239 268.7073
f 2911 2912 2913
v 921.2023 701.4239 268.7073
v 922.4852 700.2375 268.7072
v 922.4829 700.2354 254.0597
f 2914 2915 2916
v 916.1535 713.3605 262.9409
v 921.2837 701.5129 262.9415
v 927.7093 708.4626 262.9398
f 2917 2918 2919
v 919.0418 716.4757 262.9401
v 916.1535 713.3605 262.9409
v 927.7093 708.4626 262.9398
f 2920 2921 2922
v 912.4546 709.6344 262.9418
v 916.1535 713.3605 262.9409
v 916.0069 713.4958 262.9409
f 2923 2924 2925
v 921.2837 701.5129 262.9415
v 916.1535 713.3605 262.9409
v 912.4546 709.6344 262.9418
f 2926 2927 2928
v 884.2058 728.9717 269.4985
v 897.8759 716.3783 269.4979
v 904.7689 723.8726 269.4961
f 2929 2930 2931
v 904.7689 723.8726 269.4961
v 891.1188 736.4760 269.4967
v 884.2058 728.9717 269.4985
f 2932 2933 2934
v 884.2036 728.9696 254.0620
v 884.2058 728.9717 269.4985
v 891.1188 736.4760 269.4967
f 2935 2936 2937
v 897.8763 716.3786 272.4208
v 897.9851 716.2784 272.4208
v 904.7693 723.8731 272.4190
f 2938 2939 2940
v 916.0084 713.4972 272.4186
v 897.9851 716.2784 272.4208
v 905.9231 702.5323 272.4212
f 2941 2942 2943
v 894.7758 712.7911 272.4217
v 905.9231 702.5323 272.4212
v 897.9851 716.2784 272.4208
f 2944 2945 2946
v 904.7693 723.8731 272.4190
v 897.9851 716.2784 272.4208
v 916.0084 713.4972 272.4186
f 2947 2948 2949
v 897.7797 716.0554 254.0615
v 894.7730 712.7886 254.0623
v 897.9851 716.2784 272.4208
f 2950 2951 2952
v 894.7758 712.7911 272.4217
v 897.9851 716.2784 272.4208
v 894.7730 712.7886 254.0623
f 2953 2954 2955
v 897.7797 716.0554 254.0615
v 897.9851 716.2784 272.4208
v 897.9823 716.2758 254.0614
f 2956 2957 2958
v 897.8759 716.3783 269.4979
v 897.8763 716.3786 272.4208
v 904.7693 723.8731 272.4190
f 2959 2960 2961
v 912.4546 709.6344 262.9418
v 916.0069 713.4958 262.9409
v 912.4555 709.6351 268.7076
f 2962 2963 2964
v 916.0084 713.4972 272.4186
v 912.4555 709.6351 268.7076
v 916.0069 713.4958 262.9409
f 2965 2966 2967
v 905.9226 702.5318 268.7093
v 912.4555 709.6351 268.7076
v 905.9231 702.5323 272.4212
f 2968 2969 2970
v 916.0084 713.4972 272.4186
v 905.9231 702.5323 272.4212
v 912.4555 709.6351 268.7076
f 2971 2972 2973
v 921.2837 701.5129 262.9415
v 921.2824 701.5117 254.0598
v 927.7093 708.4626 262.9398
f 2974 2975 2976
v 927.7093 708.4626 262.9398
v 921.2824 701.5117 254.0598
v 927.7078 708.4613 254.0581
f 2977 2978 2979
v 921.2824 701.5117 254.0598
v 921.2837 701.5129 262.9415
v 921.2001 701.4219 254.0598
f 2980 2981 2982
v 921.2023 701.4239 268.7073
v 921.2001 701.4219 254.0598
v 921.2837 701.5129 262.9415
f 2983 2984 2985
v 921.2846 701.5136 268.7073
v 921.2023 701.4239 268.7073
v 921.2837 701.5129 262.9415
f 2986 2987 2988
v 897.8759 716.3783 269.4979
v 897.9823 716.2758 254.0614
v 897.9851 716.2784 272.4208
f 2989 2990 2991
v 897.9823 716.2758 254.0614
v 897.8759 716.3783 269.4979
v 884.2036 728.9696 254.0620
f 2992 2993 2994
v 884.2058 728.9717 269.4985
v 884.2036 728.9696 254.0620
v 897.8759 716.3783 269.4979
f 2995 2996 2997
v 897.9851 716.2784 272.4208
v 897.8763 716.3786 272.4208
v 897.8759 716.3783 269.4979
f 2998 2999 3000
v 891.1188 736.4760 269.4967
v 904.7689 723.8726 269.4961
v 891.1165 736.4739 254.0602
f 3001 3002 3003
v 904.9770 723.6770 254.0597
v 891.1165 736.4739 254.0602
v 904.7689 723.8726 269.4961
f 3004 3005 3006
v 916.0084 713.4972 272.4186
v 904.7689 723.8726 269.4961
v 904.7693 723.8731 272.4190
f 3007 3008 3009
v 916.1522 713.3593 254.0592
v 916.0069 713.4958 262.9409
v 916.1535 713.3605 262.9409
f 3010 3011 3012
v 904.7689 723.8726 269.4961
v 916.0069 713.4958 262.9409
v 904.9770 723.6770 254.0597
f 3013 3014 3015
v 916.0069 713.4958 262.9409
v 916.1522 713.3593 254.0592
v 904.9770 723.6770 254.0597
f 3016 3017 3018
v 916.0084 713.4972 272.4186
v 916.0069 713.4958 262.9409
v 904.7689 723.8726 269.4961
f 3019 3020 3021
v 916.0153 693.2399 254.0614
v 897.9823 716.2758 254.0614
v 921.2001 701.4219 254.0598
f 3022 3023 3024
v 922.4829 700.2354 254.0597
v 916.0153 693.2399 254.0614
v 921.2001 701.4219 254.0598
f 3025 3026 3027
v 921.2824 701.5117 254.0598
v 916.1522 713.3593 254.0592
v 927.7078 708.4613 254.0581
f 3028 3029 3030
v 927.7078 708.4613 254.0581
v 916.1522 713.3593 254.0592
v 919.0405 716.4745 254.0584
f 3031 3032 3033
v 921.2001 701.4219 254.0598
v 897.9823 716.2758 254.0614
v 921.2824 701.5117 254.0598
f 3034 3035 3036
v 916.0153 693.2399 254.0614
v 897.7797 716.0554 254.0615
v 897.9823 716.2758 254.0614
f 3037 3038 3039
v 897.9823 716.2758 254.0614
v 904.9770 723.6770 254.0597
v 921.2824 701.5117 254.0598
f 3040 3041 3042
v 916.1522 713.3593 254.0592
v 921.2824 701.5117 254.0598
v 904.9770 723.6770 254.0597
f 3043 3044 3045
v 891.1165 736.4739 254.0602
v 904.9770 723.6770 254.0597
v 884.2036 728.9696 254.0620
f 3046 3047 3048
v 897.9823 716.2758 254.0614
v 884.2036 728.9696 254.0620
v 904.9770 723.6770 254.0597
f 3049 3050 3051
v 897.7797 716.0554 254.0615
v 916.0153 693.2399 254.0614
v 894.7730 712.7886 254.0623
f 3052 3053 3054
v 916.0175 693.2419 268.7089
v 905.9226 702.5318 268.7093
v 916.0153 693.2399 254.0614
f 3055 3056 3057
v 905.9226 702.5318 268.7093
v 905.9231 702.5323 272.4212
v 894.7758 712.7911 272.4217
f 3058 3059 3060
v 916.0153 693.2399 254.0614
v 905.9226 702.5318 268.7093
v 894.7730 712.7886 254.0623
f 3061 3062 3063
v 894.7730 712.7886 254.0623
v 905.9226 702.5318 268.7093
v 894.7758 712.7911 272.4217
f 3064 3065 3066
v 912.4546 709.6344 262.9418
v 912.4555 709.6351 268.7076
v 921.2846 701.5136 268.7073
f 3067 3068 3069
v 922.4829 700.2354 254.0597
v 916.0175 693.2419 268.7089
v 916.0153 693.2399 254.0614
f 3070 3071 3072
v 916.1522 713.3593 254.0592
v 919.0418 716.4757 262.9401
v 919.0405 716.4745 254.0584
f 3073 3074 3075
v 919.0405 716.4745 254.0584
v 927.7093 708.4626 262.9398
v 927.7078 708.4613 254.0581
f 3076 3077 3078
v 884.2036 728.9696 254.0620
v 891.1188 736.4760 269.4967
v 891.1165 736.4739 254.0602
f 3079 3080 3081
v 897.8759 716.3783 269.4979
v 904.7693 723.8731 272.4190
v 904.7689 723.8726 269.4961
f 3082 3083 3084

g building_ID_33D937B2-B24A-4158-ACB6-46B1985D8185
v 909.3253 727.9033 254.4765
v 909.6910 728.1533 254.4764
v 912.0746 725.7850 254.4764
f 3085 3086 3087
v 909.6910 728.1533 254.4764
v 910.1074 728.3042 254.4764
v 912.2237 726.2025 254.4763
f 3088 3089 3090
v 910.9853 728.2799 254.4762
v 912.1930 727.0807 254.4762
v 910.5475 728.3481 254.4763
f 3091 3092 3093
v 912.2639 726.6435 254.4762
v 910.1074 728.3042 254.4764
v 910.5475 728.3481 254.4763
f 3094 3095 3096
v 911.8276 725.4186 254.4764
v 909.0344 727.5701 254.4766
v 909.3253 727.9033 254.4765
f 3097 3098 3099
v 910.6710 724.8238 254.4767
v 908.7550 726.2998 254.4768
v 908.7392 726.7419 254.4767
f 3100 3101 3102
v 908.7392 726.7419 254.4767
v 908.8343 727.1747 254.4767
v 911.1023 724.9216 254.4766
f 3103 3104 3105
v 909.1059 725.4939 254.4768
v 908.8799 725.8746 254.4768
v 909.8024 724.9581 254.4768
f 3106 3107 3108
v 908.8799 725.8746 254.4768
v 908.7550 726.2998 254.4768
v 910.2281 724.8360 254.4767
f 3109 3110 3111
v 909.0344 727.5701 254.4766
v 911.4959 725.1246 254.4765
v 908.8343 727.1747 254.4767
f 3112 3113 3114
v 910.9853 728.2799 254.4762
v 911.3918 728.1058 254.4762
v 911.7431 727.8349 254.4762
f 3115 3116 3117
v 910.9853 728.2799 254.4762
v 912.0161 727.4861 254.4762
v 912.1930 727.0807 254.4762
f 3118 3119 3120
v 910.5475 728.3481 254.4763
v 912.1930 727.0807 254.4762
v 912.2639 726.6435 254.4762
f 3121 3122 3123
v 912.2237 726.2025 254.4763
v 912.0746 725.7850 254.4764
v 909.6910 728.1533 254.4764
f 3124 3125 3126
v 912.2237 726.2025 254.4763
v 910.1074 728.3042 254.4764
v 912.2639 726.6435 254.4762
f 3127 3128 3129
v 909.3253 727.9033 254.4765
v 912.0746 725.7850 254.4764
v 911.8276 725.4186 254.4764
f 3130 3131 3132
v 909.4200 725.1821 254.4768
v 909.1059 725.4939 254.4768
v 909.8024 724.9581 254.4768
f 3133 3134 3135
v 909.8024 724.9581 254.4768
v 908.8799 725.8746 254.4768
v 910.2281 724.8360 254.4767
f 3136 3137 3138
v 910.6710 724.8238 254.4767
v 908.7392 726.7419 254.4767
v 911.1023 724.9216 254.4766
f 3139 3140 3141
v 910.2281 724.8360 254.4767
v 908.7550 726.2998 254.4768
v 910.6710 724.8238 254.4767
f 3142 3143 3144
v 911.1023 724.9216 254.4766
v 908.8343 727.1747 254.4767
v 911.4959 725.1246 254.4765
f 3145 3146 3147
v 909.0344 727.5701 254.4766
v 911.8276 725.4186 254.4764
v 911.4959 725.1246 254.4765
f 3148 3149 3150
v 910.9853 728.2799 254.4762
v 911.7431 727.8349 254.4762
v 912.0161 727.4861 254.4762
f 3151 3152 3153
v 912.2252 726.2040 264.2240
v 911.4973 725.1259 264.2242
v 912.0761 725.7863 264.2241
f 3154 3155 3156
v 912.2252 726.2040 264.2240
v 912.2654 726.6448 264.2239
v 911.1038 724.9229 264.2243
f 3157 3158 3159
v 912.0177 727.4875 264.2239
v 910.2296 724.8373 264.2244
v 912.1946 727.0820 264.2239
f 3160 3161 3162
v 910.6726 724.8251 264.2244
v 912.2654 726.6448 264.2239
v 912.1946 727.0820 264.2239
f 3163 3164 3165
v 911.7446 727.8362 264.2239
v 909.8039 724.9594 264.2245
v 912.0177 727.4875 264.2239
f 3166 3167 3168
v 911.8291 725.4201 264.2241
v 912.0761 725.7863 264.2241
v 911.4973 725.1259 264.2242
f 3169 3170 3171
v 911.4973 725.1259 264.2242
v 912.2252 726.2040 264.2240
v 911.1038 724.9229 264.2243
f 3172 3173 3174
v 912.2654 726.6448 264.2239
v 910.6726 724.8251 264.2244
v 911.1038 724.9229 264.2243
f 3175 3176 3177
v 910.6726 724.8251 264.2244
v 912.1946 727.0820 264.2239
v 910.2296 724.8373 264.2244
f 3178 3179 3180
v 910.2296 724.8373 264.2244
v 912.0177 727.4875 264.2239
v 909.8039 724.9594 264.2245
f 3181 3182 3183
v 909.8039 724.9594 264.2245
v 911.7446 727.8362 264.2239
v 909.4215 725.1834 264.2245
f 3184 3185 3186
v 911.3933 728.1071 264.2239
v 910.9868 728.2812 264.2239
v 909.1073 725.4954 264.2245
f 3187 3188 3189
v 910.9868 728.2812 264.2239
v 910.5490 728.3494 264.2240
v 908.8814 725.8759 264.2245
f 3190 3191 3192
v 909.6924 728.1547 264.2241
v 908.7407 726.7432 264.2244
v 910.1088 728.3056 264.2241
f 3193 3194 3195
v 908.7565 726.3012 264.2245
v 910.5490 728.3494 264.2240
v 910.1088 728.3056 264.2241
f 3196 3197 3198
v 909.3268 727.9047 264.2242
v 908.8359 727.1760 264.2244
v 909.6924 728.1547 264.2241
f 3199 3200 3201
v 909.1073 725.4954 264.2245
v 910.9868 728.2812 264.2239
v 908.8814 725.8759 264.2245
f 3202 3203 3204
v 911.3933 728.1071 264.2239
v 909.1073 725.4954 264.2245
v 909.4215 725.1834 264.2245
f 3205 3206 3207
v 909.6924 728.1547 264.2241
v 908.8359 727.1760 264.2244
v 908.7407 726.7432 264.2244
f 3208 3209 3210
v 908.7407 726.7432 264.2244
v 908.7565 726.3012 264.2245
v 910.1088 728.3056 264.2241
f 3211 3212 3213
v 910.5490 728.3494 264.2240
v 908.7565 726.3012 264.2245
v 908.8814 725.8759 264.2245
f 3214 3215 3216
v 909.3268 727.9047 264.2242
v 909.0359 727.5714 264.2243
v 908.8359 727.1760 264.2244
f 3217 3218 3219
v 911.7446 727.8362 264.2239
v 911.3933 728.1071 264.2239
v 909.4215 725.1834 264.2245
f 3220 3221 3222
v 910.1074 728.3042 254.4764
v 910.1088 728.3056 264.2241
v 910.5490 728.3494 264.2240
f 3223 3224 3225
v 909.6910 728.1533 254.4764
v 909.6924 728.1547 264.2241
v 910.1088 728.3056 264.2241
f 3226 3227 3228
v 909.3253 727.9033 254.4765
v 909.3268 727.9047 264.2242
v 909.6924 728.1547 264.2241
f 3229 3230 3231
v 909.0344 727.5701 254.4766
v 909.0359 727.5714 264.2243
v 909.3268 727.9047 264.2242
f 3232 3233 3234
v 908.8343 727.1747 254.4767
v 908.8359 727.1760 264.2244
v 909.0359 727.5714 264.2243
f 3235 3236 3237
v 908.7392 726.7419 254.4767
v 908.7407 726.7432 264.2244
v 908.8359 727.1760 264.2244
f 3238 3239 3240
v 908.7550 726.2998 254.4768
v 908.7565 726.3012 264.2245
v 908.7407 726.7432 264.2244
f 3241 3242 3243
v 908.8799 725.8746 254.4768
v 908.8814 725.8759 264.2245
v 908.7565 726.3012 264.2245
f 3244 3245 3246
v 909.1059 725.4939 254.4768
v 909.1073 725.4954 264.2245
v 908.8814 725.8759 264.2245
f 3247 3248 3249
v 909.4200 725.1821 254.4768
v 909.4215 725.1834 264.2245
v 909.1073 725.4954 264.2245
f 3250 3251 3252
v 909.8024 724.9581 254.4768
v 909.8039 724.9594 264.2245
v 909.4215 725.1834 264.2245
f 3253 3254 3255
v 910.2281 724.8360 254.4767
v 910.2296 724.8373 264.2244
v 909.8039 724.9594 264.2245
f 3256 3257 3258
v 910.6710 724.8238 254.4767
v 910.6726 724.8251 264.2244
v 910.2296 724.8373 264.2244
f 3259 3260 3261
v 911.1023 724.9216 254.4766
v 911.1038 724.9229 264.2243
v 910.6726 724.8251 264.2244
f 3262 3263 3264
v 911.4959 725.1246 254.4765
v 911.4973 725.1259 264.2242
v 911.1038 724.9229 264.2243
f 3265 3266 3267
v 911.8276 725.4186 254.4764
v 911.8291 725.4201 264.2241
v 911.4973 725.1259 264.2242
f 3268 3269 3270
v 912.0746 725.7850 254.4764
v 912.0761 725.7863 264.2241
v 911.8291 725.4201 264.2241
f 3271 3272 3273
v 912.2237 726.2025 254.4763
v 912.2252 726.2040 264.2240
v 912.0761 725.7863 264.2241
f 3274 3275 3276
v 912.2639 726.6435 254.4762
v 912.2654 726.6448 264.2239
v 912.2237 726.2025 254.4763
f 3277 3278 3279
v 912.1930 727.0807 254.4762
v 912.1946 727.0820 264.2239
v 912.2639 726.6435 254.4762
f 3280 3281 3282
v 912.0161 727.4861 254.4762
v 912.0177 727.4875 264.2239
v 912.1946 727.0820 264.2239
f 3283 3284 3285
v 911.7431 727.8349 254.4762
v 911.7446 727.8362 264.2239
v 912.0177 727.4875 264.2239
f 3286 3287 3288
v 911.3918 728.1058 254.4762
v 911.3933 728.1071 264.2239
v 911.7446 727.8362 264.2239
f 3289 3290 3291
v 910.9853 728.2799 254.4762
v 910.9868 728.2812 264.2239
v 911.3933 728.1071 264.2239
f 3292 3293 3294
v 910.5475 728.3481 254.4763
v 910.5490 728.3494 264.2240
v 910.9868 728.2812 264.2239
f 3295 3296 3297
v 910.1074 728.3042 254.4764
v 910.5490 728.3494 264.2240
v 910.5475 728.3481 254.4763
f 3298 3299 3300
v 909.6910 728.1533 254.4764
v 910.1088 728.3056 264.2241
v 910.1074 728.3042 254.4764
f 3301 3302 3303
v 909.3253 727.9033 254.4765
v 909.6924 728.1547 264.2241
v 909.6910 728.1533 254.4764
f 3304 3305 3306
v 909.0344 727.5701 254.4766
v 909.3268 727.9047 264.2242
v 909.3253 727.9033 254.4765
f 3307 3308 3309
v 908.8343 727.1747 254.4767
v 909.0359 727.5714 264.2243
v 909.0344 727.5701 254.4766
f 3310 3311 3312
v 908.7392 726.7419 254.4767
v 908.8359 727.1760 264.2244
v 908.8343 727.1747 254.4767
f 3313 3314 3315
v 908.7550 726.2998 254.4768
v 908.7407 726.7432 264.2244
v 908.7392 726.7419 254.4767
f 3316 3317 3318
v 908.8799 725.8746 254.4768
v 908.7565 726.3012 264.2245
v 908.7550 726.2998 254.4768
f 3319 3320 3321
v 909.1059 725.4939 254.4768
v 908.8814 725.8759 264.2245
v 908.8799 725.8746 254.4768
f 3322 3323 3324
v 909.4200 725.1821 254.4768
v 909.1073 725.4954 264.2245
v 909.1059 725.4939 254.4768
f 3325 3326 3327
v 909.8024 724.9581 254.4768
v 909.4215 725.1834 264.2245
v 909.4200 725.1821 254.4768
f 3328 3329 3330
v 910.2281 724.8360 254.4767
v 909.8039 724.9594 264.2245
v 909.8024 724.9581 254.4768
f 3331 3332 3333
v 910.6710 724.8238 254.4767
v 910.2296 724.8373 264.2244
v 910.2281 724.8360 254.4767
f 3334 3335 3336
v 911.1023 724.9216 254.4766
v 910.6726 724.8251 264.2244
v 910.6710 724.8238 254.4767
f 3337 3338 3339
v 911.4959 725.1246 254.4765
v 911.1038 724.9229 264.2243
v 911.1023 724.9216 254.4766
f 3340 3341 3342
v 911.8276 725.4186 254.4764
v 911.4973 725.1259 264.2242
v 911.4959 725.1246 254.4765
f 3343 3344 3345
v 912.0746 725.7850 254.4764
v 911.8291 725.4201 264.2241
v 911.8276 725.4186 254.4764
f 3346 3347 3348
v 912.2237 726.2025 254.4763
v 912.0761 725.7863 264.2241
v 912.0746 725.7850 254.4764
f 3349 3350 3351
v 912.2654 726.6448 264.2239
v 912.2252 726.2040 264.2240
v 912.2237 726.2025 254.4763
f 3352 3353 3354
v 912.1946 727.0820 264.2239
v 912.2654 726.6448 264.2239
v 912.2639 726.6435 254.4762
f 3355 3356 3357
v 912.0161 727.4861 254.4762
v 912.1946 727.0820 264.2239
v 912.1930 727.0807 254.4762
f 3358 3359 3360
v 911.7431 727.8349 254.4762
v 912.0177 727.4875 264.2239
v 912.0161 727.4861 254.4762
f 3361 3362 3363
v 911.3918 728.1058 254.4762
v 911.7446 727.8362 264.2239
v 911.7431 727.8349 254.4762
f 3364 3365 3366
v 910.9853 728.2799 254.4762
v 911.3933 728.1071 264.2239
v 911.3918 728.1058 254.4762
f 3367 3368 3369
v 910.5475 728.3481 254.4763
v 910.9868 728.2812 264.2239
v 910.9853 728.2799 254.4762
f 3370 3371 3372

g building_ID_110C4722-E712-42B0-BC89-3F7A09421EF0
v 912.6946 725.4293 254.4223
v 912.0381 724.8461 254.4225
v 912.3289 725.1793 254.4224
f 3373 3374 3375
v 912.6946 725.4293 254.4223
v 913.1110 725.5803 254.4222
v 912.0381 724.8461 254.4225
f 3376 3377 3378
v 914.7467 725.1109 254.4221
v 913.1110 725.5803 254.4222
v 913.9889 725.5558 254.4221
f 3379 3380 3381
v 913.5511 725.6240 254.4222
v 913.9889 725.5558 254.4221
v 913.1110 725.5803 254.4222
f 3382 3383 3384
v 913.1110 725.5803 254.4222
v 914.7467 725.1109 254.4221
v 911.7587 723.5759 254.4227
f 3385 3386 3387
v 911.7428 724.0179 254.4226
v 911.8380 724.4506 254.4225
v 911.7587 723.5759 254.4227
f 3388 3389 3390
v 912.0381 724.8461 254.4225
v 911.7587 723.5759 254.4227
v 911.8380 724.4506 254.4225
f 3391 3392 3393
v 912.0381 724.8461 254.4225
v 913.1110 725.5803 254.4222
v 911.7587 723.5759 254.4227
f 3394 3395 3396
v 911.8835 723.1505 254.4227
v 911.7587 723.5759 254.4227
v 912.8060 722.2341 254.4227
f 3397 3398 3399
v 912.1095 722.7700 254.4227
v 911.8835 723.1505 254.4227
v 912.4237 722.4582 254.4227
f 3400 3401 3402
v 914.7467 725.1109 254.4221
v 913.9889 725.5558 254.4221
v 914.3955 725.3818 254.4221
f 3403 3404 3405
v 915.1967 724.3566 254.4221
v 914.7467 725.1109 254.4221
v 915.0198 724.7621 254.4221
f 3406 3407 3408
v 915.0783 723.0610 254.4222
v 914.7467 725.1109 254.4221
v 915.1967 724.3566 254.4221
f 3409 3410 3411
v 915.0783 723.0610 254.4222
v 915.2676 723.9195 254.4221
v 915.2273 723.4786 254.4222
f 3412 3413 3414
v 915.1967 724.3566 254.4221
v 915.2676 723.9195 254.4221
v 915.0783 723.0610 254.4222
f 3415 3416 3417
v 914.4995 722.4006 254.4224
v 914.7467 725.1109 254.4221
v 915.0783 723.0610 254.4222
f 3418 3419 3420
v 913.2317 722.1119 254.4226
v 912.8060 722.2341 254.4227
v 913.6747 722.0998 254.4226
f 3421 3422 3423
v 912.8060 722.2341 254.4227
v 912.4237 722.4582 254.4227
v 911.8835 723.1505 254.4227
f 3424 3425 3426
v 912.8060 722.2341 254.4227
v 914.4995 722.4006 254.4224
v 913.6747 722.0998 254.4226
f 3427 3428 3429
v 914.4995 722.4006 254.4224
v 914.1059 722.1976 254.4225
v 913.6747 722.0998 254.4226
f 3430 3431 3432
v 911.7587 723.5759 254.4227
v 914.4995 722.4006 254.4224
v 912.8060 722.2341 254.4227
f 3433 3434 3435
v 914.4995 722.4006 254.4224
v 915.0783 723.0610 254.4222
v 914.8313 722.6947 254.4223
f 3436 3437 3438
v 914.4995 722.4006 254.4224
v 911.7587 723.5759 254.4227
v 914.7467 725.1109 254.4221
f 3439 3440 3441
v 915.2690 723.9208 264.2238
v 915.0797 723.0623 264.2239
v 915.2289 723.4800 264.2239
f 3442 3443 3444
v 915.1982 724.3580 264.2238
v 915.0797 723.0623 264.2239
v 915.2690 723.9208 264.2238
f 3445 3446 3447
v 914.7482 725.1122 264.2238
v 915.1982 724.3580 264.2238
v 915.0213 724.7635 264.2238
f 3448 3449 3450
v 915.0797 723.0623 264.2239
v 915.1982 724.3580 264.2238
v 914.7482 725.1122 264.2238
f 3451 3452 3453
v 914.5010 722.4019 264.2241
v 915.0797 723.0623 264.2239
v 914.7482 725.1122 264.2238
f 3454 3455 3456
v 914.1074 722.1989 264.2242
v 914.5010 722.4019 264.2241
v 913.6762 722.1011 264.2243
f 3457 3458 3459
v 915.0797 723.0623 264.2239
v 914.5010 722.4019 264.2241
v 914.8328 722.6960 264.2240
f 3460 3461 3462
v 913.2332 722.1133 264.2243
v 913.6762 722.1011 264.2243
v 912.8076 722.2354 264.2244
f 3463 3464 3465
v 914.5010 722.4019 264.2241
v 912.8076 722.2354 264.2244
v 913.6762 722.1011 264.2243
f 3466 3467 3468
v 912.8076 722.2354 264.2244
v 914.5010 722.4019 264.2241
v 911.7602 723.5773 264.2244
f 3469 3470 3471
v 911.7602 723.5773 264.2244
v 914.5010 722.4019 264.2241
v 914.7482 725.1122 264.2238
f 3472 3473 3474
v 913.1125 725.5816 264.2239
v 914.7482 725.1122 264.2238
v 913.9904 725.5573 264.2238
f 3475 3476 3477
v 913.5527 725.6254 264.2239
v 913.1125 725.5816 264.2239
v 913.9904 725.5573 264.2238
f 3478 3479 3480
v 912.6961 725.4306 264.2240
v 912.0396 724.8475 264.2242
v 913.1125 725.5816 264.2239
f 3481 3482 3483
v 914.7482 725.1122 264.2238
v 913.1125 725.5816 264.2239
v 911.7602 723.5773 264.2244
f 3484 3485 3486
v 912.6961 725.4306 264.2240
v 912.3305 725.1806 264.2241
v 912.0396 724.8475 264.2242
f 3487 3488 3489
v 912.1110 722.7713 264.2244
v 912.4252 722.4595 264.2244
v 911.8851 723.1519 264.2244
f 3490 3491 3492
v 912.4252 722.4595 264.2244
v 912.8076 722.2354 264.2244
v 911.8851 723.1519 264.2244
f 3493 3494 3495
v 911.7602 723.5773 264.2244
v 912.0396 724.8475 264.2242
v 911.8395 724.4520 264.2242
f 3496 3497 3498
v 911.8395 724.4520 264.2242
v 911.7444 724.0192 264.2243
v 911.7602 723.5773 264.2244
f 3499 3500 3501
v 911.8851 723.1519 264.2244
v 912.8076 722.2354 264.2244
v 911.7602 723.5773 264.2244
f 3502 3503 3504
v 911.7602 723.5773 264.2244
v 913.1125 725.5816 264.2239
v 912.0396 724.8475 264.2242
f 3505 3506 3507
v 914.3970 725.3831 264.2238
v 913.9904 725.5573 264.2238
v 914.7482 725.1122 264.2238
f 3508 3509 3510
v 913.1110 725.5803 254.4222
v 913.1125 725.5816 264.2239
v 913.5527 725.6254 264.2239
f 3511 3512 3513
v 912.6946 725.4293 254.4223
v 912.6961 725.4306 264.2240
v 913.1125 725.5816 264.2239
f 3514 3515 3516
v 912.3289 725.1793 254.4224
v 912.3305 725.1806 264.2241
v 912.6961 725.4306 264.2240
f 3517 3518 3519
v 912.0381 724.8461 254.4225
v 912.0396 724.8475 264.2242
v 912.3305 725.1806 264.2241
f 3520 3521 3522
v 911.8380 724.4506 254.4225
v 911.8395 724.4520 264.2242
v 912.0396 724.8475 264.2242
f 3523 3524 3525
v 911.7428 724.0179 254.4226
v 911.7444 724.0192 264.2243
v 911.8395 724.4520 264.2242
f 3526 3527 3528
v 911.7587 723.5759 254.4227
v 911.7602 723.5773 264.2244
v 911.7444 724.0192 264.2243
f 3529 3530 3531
v 911.8835 723.1505 254.4227
v 911.8851 723.1519 264.2244
v 911.7602 723.5773 264.2244
f 3532 3533 3534
v 912.1095 722.7700 254.4227
v 912.1110 722.7713 264.2244
v 911.8851 723.1519 264.2244
f 3535 3536 3537
v 912.4237 722.4582 254.4227
v 912.4252 722.4595 264.2244
v 912.1110 722.7713 264.2244
f 3538 3539 3540
v 912.8060 722.2341 254.4227
v 912.8076 722.2354 264.2244
v 912.4252 722.4595 264.2244
f 3541 3542 3543
v 913.2317 722.1119 254.4226
v 913.2332 722.1133 264.2243
v 912.8076 722.2354 264.2244
f 3544 3545 3546
v 913.6747 722.0998 254.4226
v 913.6762 722.1011 264.2243
v 913.2332 722.1133 264.2243
f 3547 3548 3549
v 914.1059 722.1976 254.4225
v 914.1074 722.1989 264.2242
v 913.6762 722.1011 264.2243
f 3550 3551 3552
v 914.4995 722.4006 254.4224
v 914.5010 722.4019 264.2241
v 914.1074 722.1989 264.2242
f 3553 3554 3555
v 914.8313 722.6947 254.4223
v 914.8328 722.6960 264.2240
v 914.5010 722.4019 264.2241
f 3556 3557 3558
v 915.0783 723.0610 254.4222
v 915.0797 723.0623 264.2239
v 914.8328 722.6960 264.2240
f 3559 3560 3561
v 915.2273 723.4786 254.4222
v 915.2289 723.4800 264.2239
v 915.0797 723.0623 264.2239
f 3562 3563 3564
v 915.2676 723.9195 254.4221
v 915.2690 723.9208 264.2238
v 915.2289 723.4800 264.2239
f 3565 3566 3567
v 915.1967 724.3566 254.4221
v 915.1982 724.3580 264.2238
v 915.2690 723.9208 264.2238
f 3568 3569 3570
v 915.0198 724.7621 254.4221
v 915.0213 724.7635 264.2238
v 915.1982 724.3580 264.2238
f 3571 3572 3573
v 914.7467 725.1109 254.4221
v 914.7482 725.1122 264.2238
v 915.0213 724.7635 264.2238
f 3574 3575 3576
v 914.3955 725.3818 254.4221
v 914.3970 725.3831 264.2238
v 914.7482 725.1122 264.2238
f 3577 3578 3579
v 913.9889 725.5558 254.4221
v 913.9904 725.5573 264.2238
v 914.3970 725.3831 264.2238
f 3580 3581 3582
v 913.5511 725.6240 254.4222
v 913.5527 725.6254 264.2239
v 913.9904 725.5573 264.2238
f 3583 3584 3585
v 913.1110 725.5803 254.4222
v 913.5527 725.6254 264.2239
v 913.5511 725.6240 254.4222
f 3586 3587 3588
v 912.6946 725.4293 254.4223
v 913.1125 725.5816 264.2239
v 913.1110 725.5803 254.4222
f 3589 3590 3591
v 912.3289 725.1793 254.4224
v 912.6961 725.4306 264.2240
v 912.6946 725.4293 254.4223
f 3592 3593 3594
v 912.0381 724.8461 254.4225
v 912.3305 725.1806 264.2241
v 912.3289 725.1793 254.4224
f 3595 3596 3597
v 911.8380 724.4506 254.4225
v 912.0396 724.8475 264.2242
v 912.0381 724.8461 254.4225
f 3598 3599 3600
v 911.7428 724.0179 254.4226
v 911.8395 724.4520 264.2242
v 911.8380 724.4506 254.4225
f 3601 3602 3603
v 911.7587 723.5759 254.4227
v 911.7444 724.0192 264.2243
v 911.7428 724.0179 254.4226
f 3604 3605 3606
v 911.8835 723.1505 254.4227
v 911.7602 723.5773 264.2244
v 911.7587 723.5759 254.4227
f 3607 3608 3609
v 912.1095 722.7700 254.4227
v 911.8851 723.1519 264.2244
v 911.8835 723.1505 254.4227
f 3610 3611 3612
v 912.4237 722.4582 254.4227
v 912.1110 722.7713 264.2244
v 912.1095 722.7700 254.4227
f 3613 3614 3615
v 912.8060 722.2341 254.4227
v 912.4252 722.4595 264.2244
v 912.4237 722.4582 254.4227
f 3616 3617 3618
v 913.2317 722.1119 254.4226
v 912.8076 722.2354 264.2244
v 912.8060 722.2341 254.4227
f 3619 3620 3621
v 913.6747 722.0998 254.4226
v 913.2332 722.1133 264.2243
v 913.2317 722.1119 254.4226
f 3622 3623 3624
v 914.1059 722.1976 254.4225
v 913.6762 722.1011 264.2243
v 913.6747 722.0998 254.4226
f 3625 3626 3627
v 914.4995 722.4006 254.4224
v 914.1074 722.1989 264.2242
v 914.1059 722.1976 254.4225
f 3628 3629 3630
v 914.8313 722.6947 254.4223
v 914.5010 722.4019 264.2241
v 914.4995 722.4006 254.4224
f 3631 3632 3633
v 915.0783 723.0610 254.4222
v 914.8328 722.6960 264.2240
v 914.8313 722.6947 254.4223
f 3634 3635 3636
v 915.2273 723.4786 254.4222
v 915.0797 723.0623 264.2239
v 915.0783 723.0610 254.4222
f 3637 3638 3639
v 915.2676 723.9195 254.4221
v 915.2289 723.4800 264.2239
v 915.2273 723.4786 254.4222
f 3640 3641 3642
v 915.1967 724.3566 254.4221
v 915.2690 723.9208 264.2238
v 915.2676 723.9195 254.4221
f 3643 3644 3645
v 915.0198 724.7621 254.4221
v 915.1982 724.3580 264.2238
v 915.1967 724.3566 254.4221
f 3646 3647 3648
v 914.7467 725.1109 254.4221
v 915.0213 724.7635 264.2238
v 915.0198 724.7621 254.4221
f 3649 3650 3651
v 914.3955 725.3818 254.4221
v 914.7482 725.1122 264.2238
v 914.7467 725.1109 254.4221
f 3652 3653 3654
v 913.9889 725.5558 254.4221
v 914.3970 725.3831 264.2238
v 914.3955 725.3818 254.4221
f 3655 3656 3657
v 913.5511 725.6240 254.4222
v 913.9904 725.5573 264.2238
v 913.9889 725.5558 254.4221
f 3658 3659 3660

g building_ID_E13376B3-9AD4-46A4-8410-5577858BAC87
v 925.8833 722.3448 281.2159
v 928.3243 722.7012 281.2155
v 925.8783 722.6799 281.7228
f 3661 3662 3663
v 925.8740 722.6760 254.0847
v 925.8783 722.6799 281.7228
v 928.3243 722.7012 281.2155
f 3664 3665 3666
v 928.3200 722.6974 254.0844
v 928.3243 722.7012 281.2155
v 925.8833 722.3448 281.2159
f 3667 3668 3669
v 925.8833 722.3448 281.2159
v 923.5110 722.9322 281.7231
v 923.4330 722.6064 281.2162
f 3670 3671 3672
v 923.5110 722.9322 281.7231
v 925.8833 722.3448 281.2159
v 925.8783 722.6799 281.7228
f 3673 3674 3675
v 925.8791 722.3410 254.0848
v 925.8833 722.3448 281.2159
v 923.4330 722.6064 281.2162
f 3676 3677 3678
v 923.5067 722.9284 254.0850
v 923.5110 722.9322 281.7231
v 925.8783 722.6799 281.7228
f 3679 3680 3681
v 921.2779 723.7633 254.0853
v 921.2822 723.7671 281.7234
v 923.5110 722.9322 281.7231
f 3682 3683 3684
v 923.4288 722.6026 254.0851
v 923.4330 722.6064 281.2162
v 921.1254 723.4695 281.2164
f 3685 3686 3687
v 921.2822 723.7671 281.7234
v 919.3319 725.1324 281.7235
v 919.1062 724.8829 281.2166
f 3688 3689 3690
v 919.1062 724.8829 281.2166
v 921.1254 723.4695 281.2164
v 921.2822 723.7671 281.7234
f 3691 3692 3693
v 921.1212 723.4657 254.0853
v 921.1254 723.4695 281.2164
v 919.1062 724.8829 281.2166
f 3694 3695 3696
v 919.3276 725.1286 254.0854
v 919.3319 725.1324 281.7235
v 921.2822 723.7671 281.7234
f 3697 3698 3699
v 919.3319 725.1324 281.7235
v 917.7848 726.9395 281.7235
v 917.5042 726.7541 281.2166
f 3700 3701 3702
v 917.5042 726.7541 281.2166
v 919.1062 724.8829 281.2166
v 919.3319 725.1324 281.7235
f 3703 3704 3705
v 919.1020 724.8791 254.0855
v 919.1062 724.8829 281.2166
v 917.5042 726.7541 281.2166
f 3706 3707 3708
v 917.7805 726.9356 254.0854
v 917.7848 726.9395 281.7235
v 919.3319 725.1324 281.7235
f 3709 3710 3711
v 917.7848 726.9395 281.7235
v 916.7345 729.0773 281.7234
v 916.4172 728.9670 281.2165
f 3712 3713 3714
v 916.4172 728.9670 281.2165
v 917.5042 726.7541 281.2166
v 917.7848 726.9395 281.7235
f 3715 3716 3717
v 917.5000 726.7504 254.0855
v 917.5042 726.7541 281.2166
v 916.4172 728.9670 281.2165
f 3718 3719 3720
v 916.7303 729.0735 254.0853
v 916.7345 729.0773 281.7234
v 917.7848 726.9395 281.7235
f 3721 3722 3723
v 916.7345 729.0773 281.7234
v 916.2508 731.4115 281.7232
v 915.9157 731.3843 281.2163
f 3724 3725 3726
v 915.9157 731.3843 281.2163
v 916.4172 728.9670 281.2165
v 916.7345 729.0773 281.7234
f 3727 3728 3729
v 916.4130 728.9632 254.0854
v 916.4172 728.9670 281.2165
v 915.9157 731.3843 281.2163
f 3730 3731 3732
v 916.2465 731.4076 254.0852
v 916.2508 731.4115 281.7232
v 916.7345 729.0773 281.7234
f 3733 3734 3735
v 916.2508 731.4115 281.7232
v 916.3602 733.7952 281.7229
v 916.0293 733.8520 281.2160
f 3736 3737 3738
v 916.0293 733.8520 281.2160
v 915.9157 731.3843 281.2163
v 916.2508 731.4115 281.7232
f 3739 3740 3741
v 915.9114 731.3805 254.0853
v 915.9157 731.3843 281.2163
v 916.0293 733.8520 281.2160
f 3742 3743 3744
v 916.3559 733.7913 254.0849
v 916.3602 733.7952 281.7229
v 916.2508 731.4115 281.7232
f 3745 3746 3747
v 916.3602 733.7952 281.7229
v 917.0593 736.0783 281.7226
v 916.7536 736.2151 281.2156
f 3748 3749 3750
v 916.7536 736.2151 281.2156
v 916.0293 733.8520 281.2160
v 916.3602 733.7952 281.7229
f 3751 3752 3753
v 916.0251 733.8482 254.0850
v 916.0293 733.8520 281.2160
v 916.7536 736.2151 281.2156
f 3754 3755 3756
v 917.0550 736.0744 254.0846
v 917.0593 736.0783 281.7226
v 916.3602 733.7952 281.7229
f 3757 3758 3759
v 916.7536 736.2151 281.2156
v 918.3018 738.1170 281.7222
v 918.0403 738.3256 281.2152
f 3760 3761 3762
v 918.3018 738.1170 281.7222
v 916.7536 736.2151 281.2156
v 917.0593 736.0783 281.7226
f 3763 3764 3765
v 916.7494 736.2113 254.0846
v 916.7536 736.2151 281.2156
v 918.0403 738.3256 281.2152
f 3766 3767 3768
v 918.2974 738.1131 254.0842
v 918.3018 738.1170 281.7222
v 917.0593 736.0783 281.7226
f 3769 3770 3771
v 918.0403 738.3256 281.2152
v 920.0102 739.7834 281.7217
v 919.8099 740.0518 281.2147
f 3772 3773 3774
v 920.0102 739.7834 281.7217
v 918.0403 738.3256 281.2152
v 918.3018 738.1170 281.7222
f 3775 3776 3777
v 918.0360 738.3218 254.0842
v 918.0403 738.3256 281.2152
v 919.8099 740.0518 281.2147
f 3778 3779 3780
v 920.0059 739.7795 254.0837
v 920.0102 739.7834 281.7217
v 918.3018 738.1170 281.7222
f 3781 3782 3783
v 919.8099 740.0518 281.2147
v 922.0784 740.9727 281.7213
v 921.9501 741.2831 281.2143
f 3784 3785 3786
v 922.0784 740.9727 281.7213
v 919.8099 740.0518 281.2147
v 920.0102 739.7834 281.7217
f 3787 3788 3789
v 919.8056 740.0480 254.0837
v 919.8099 740.0518 281.2147
v 921.9501 741.2831 281.2143
f 3790 3791 3792
v 922.0741 740.9688 254.0833
v 922.0784 740.9727 281.7213
v 920.0102 739.7834 281.7217
f 3793 3794 3795
v 921.9501 741.2831 281.2143
v 924.3760 741.6116 281.7209
v 924.3289 741.9447 281.2138
f 3796 3797 3798
v 924.3760 741.6116 281.7209
v 921.9501 741.2831 281.2143
v 922.0784 740.9727 281.7213
f 3799 3800 3801
v 921.9459 741.2793 254.0833
v 921.9501 741.2831 281.2143
v 924.3289 741.9447 281.2138
f 3802 3803 3804
v 924.3717 741.6077 254.0829
v 924.3760 741.6116 281.7209
v 922.0784 740.9727 281.7213
f 3805 3806 3807
v 924.3289 741.9447 281.2138
v 926.7581 741.6583 281.7205
v 926.7939 741.9931 281.2135
f 3808 3809 3810
v 926.7581 741.6583 281.7205
v 924.3289 741.9447 281.2138
v 924.3760 741.6116 281.7209
f 3811 3812 3813
v 924.3246 741.9409 254.0828
v 924.3289 741.9447 281.2138
v 926.7939 741.9931 281.2135
f 3814 3815 3816
v 926.7538 741.6544 254.0825
v 926.7581 741.6583 281.7205
v 924.3760 741.6116 281.7209
f 3817 3818 3819
v 926.7939 741.9931 281.2135
v 929.0736 741.1110 281.7203
v 929.1924 741.4257 281.2132
f 3820 3821 3822
v 929.0736 741.1110 281.7203
v 926.7939 741.9931 281.2135
v 926.7581 741.6583 281.7205
f 3823 3824 3825
v 926.7897 741.9893 254.0825
v 926.7939 741.9931 281.2135
v 929.1924 741.4257 281.2132
f 3826 3827 3828
v 929.0693 741.1072 254.0823
v 929.0736 741.1110 281.7203
v 926.7581 741.6583 281.7205
f 3829 3830 3831
v 929.1924 741.4257 281.2132
v 931.1797 740.0024 281.7201
v 931.3713 740.2778 281.2130
f 3832 3833 3834
v 931.1797 740.0024 281.7201
v 929.1924 741.4257 281.2132
v 929.0736 741.1110 281.7203
f 3835 3836 3837
v 929.1881 741.4218 254.0822
v 929.1924 741.4257 281.2132
v 931.3713 740.2778 281.2130
f 3838 3839 3840
v 931.1753 739.9985 254.0820
v 931.1797 740.0024 281.7201
v 929.0736 741.1110 281.7203
f 3841 3842 3843
v 931.1797 740.0024 281.7201
v 932.9423 738.4037 281.7200
v 933.1969 738.6230 281.2129
f 3844 3845 3846
v 933.1969 738.6230 281.2129
v 931.3713 740.2778 281.2130
v 931.1797 740.0024 281.7201
f 3847 3848 3849
v 931.3670 740.2740 254.0819
v 931.3713 740.2778 281.2130
v 933.1969 738.6230 281.2129
f 3850 3851 3852
v 932.9380 738.3998 254.0819
v 932.9423 738.4037 281.7200
v 931.1797 740.0024 281.7201
f 3853 3854 3855
v 932.9423 738.4037 281.7200
v 934.2510 736.4142 281.7200
v 934.5523 736.5633 281.2130
f 3856 3857 3858
v 934.5523 736.5633 281.2130
v 933.1969 738.6230 281.2129
v 932.9423 738.4037 281.7200
f 3859 3860 3861
v 933.1926 738.6191 254.0818
v 933.1969 738.6230 281.2129
v 934.5523 736.5633 281.2130
f 3862 3863 3864
v 934.2466 736.4104 254.0819
v 934.2510 736.4142 281.7200
v 932.9423 738.4037 281.7200
f 3865 3866 3867
v 934.5523 736.5633 281.2130
v 935.0249 734.1612 281.7202
v 935.3530 734.2302 281.2131
f 3868 3869 3870
v 935.0249 734.1612 281.7202
v 934.5523 736.5633 281.2130
v 934.2510 736.4142 281.7200
f 3871 3872 3873
v 934.5480 736.5595 254.0819
v 934.5523 736.5633 281.2130
v 935.3530 734.2302 281.2131
f 3874 3875 3876
v 935.0206 734.1573 254.0821
v 935.0249 734.1612 281.7202
v 934.2510 736.4142 281.7200
f 3877 3878 3879
v 935.0249 734.1612 281.7202
v 935.2135 731.7827 281.7204
v 935.5484 731.7687 281.2134
f 3880 3881 3882
v 935.5484 731.7687 281.2134
v 935.3530 734.2302 281.2131
v 935.0249 734.1612 281.7202
f 3883 3884 3885
v 935.3488 734.2264 254.0820
v 935.3530 734.2302 281.2131
v 935.5484 731.7687 281.2134
f 3886 3887 3888
v 935.2092 731.7789 254.0823
v 935.2135 731.7827 281.7204
v 935.0249 734.1612 281.7202
f 3889 3890 3891
v 935.5484 731.7687 281.2134
v 934.8063 729.4318 281.7208
v 935.1259 729.3349 281.2137
f 3892 3893 3894
v 934.8063 729.4318 281.7208
v 935.5484 731.7687 281.2134
v 935.2135 731.7827 281.7204
f 3895 3896 3897
v 935.5442 731.7649 254.0823
v 935.5484 731.7687 281.2134
v 935.1259 729.3349 281.2137
f 3898 3899 3900
v 934.8019 729.4280 254.0827
v 934.8063 729.4318 281.7208
v 935.2135 731.7827 281.7204
f 3901 3902 3903
v 933.8231 727.2506 254.0831
v 933.8274 727.2544 281.7212
v 934.8063 729.4318 281.7208
f 3904 3905 3906
v 935.1217 729.3311 254.0826
v 935.1259 729.3349 281.2137
v 934.1139 727.0796 281.2141
f 3907 3908 3909
v 932.9889 727.7658 282.1922
v 930.5665 727.2103 282.5976
v 931.6544 726.0903 282.1926
f 3910 3911 3912
v 930.5665 727.2103 282.5976
v 932.9889 727.7658 282.1922
v 931.6551 728.5774 282.5973
f 3913 3914 3915
v 933.8274 727.2544 281.7212
v 931.6544 726.0903 282.1926
v 932.3404 725.3855 281.7216
f 3916 3917 3918
v 931.6544 726.0903 282.1926
v 933.8274 727.2544 281.7212
v 932.9889 727.7658 282.1922
f 3919 3920 3921
v 934.1096 727.0759 254.0830
v 934.1139 727.0796 281.2141
v 932.5737 725.1467 281.2146
f 3922 3923 3924
v 929.9181 729.6371 282.9095
v 927.8945 730.8715 283.1056
v 927.4951 730.3716 283.1057
f 3925 3926 3927
v 927.4951 730.3716 283.1057
v 929.1485 728.6711 282.9097
v 929.9181 729.6371 282.9095
f 3928 3929 3930
v 930.5665 727.2103 282.5976
v 929.9181 729.6371 282.9095
v 929.1485 728.6711 282.9097
f 3931 3932 3933
v 929.9181 729.6371 282.9095
v 930.5665 727.2103 282.5976
v 931.6551 728.5774 282.5973
f 3934 3935 3936
v 928.1560 731.4549 283.1055
v 928.2657 732.0855 283.1054
v 925.7230 732.1953 283.1718
f 3937 3938 3939
v 923.1845 731.9851 283.1062
v 920.8189 731.7895 282.9105
v 921.0697 730.5808 282.9106
f 3940 3941 3942
v 921.0697 730.5808 282.9106
v 923.3138 731.3598 283.1062
v 923.1845 731.9851 283.1062
f 3943 3944 3945
v 923.2142 732.6240 283.1061
v 920.8763 733.0243 282.9104
v 920.8189 731.7895 282.9105
f 3946 3947 3948
v 920.8189 731.7895 282.9105
v 923.1845 731.9851 283.1062
v 923.2142 732.6240 283.1061
f 3949 3950 3951
v 923.2142 732.6240 283.1061
v 921.2384 734.2053 282.9102
v 920.8763 733.0243 282.9104
f 3952 3953 3954
v 921.2384 734.2053 282.9102
v 923.2142 732.6240 283.1061
v 923.4008 733.2365 283.1060
f 3955 3956 3957
v 921.8813 735.2605 282.9100
v 923.4008 733.2365 283.1060
v 923.7343 733.7816 283.1059
f 3958 3959 3960
v 923.4008 733.2365 283.1060
v 921.8813 735.2605 282.9100
v 921.2384 734.2053 282.9102
f 3961 3962 3963
v 924.1915 734.2294 283.1058
v 922.7656 736.1231 282.9097
v 921.8813 735.2605 282.9100
f 3964 3965 3966
v 921.8813 735.2605 282.9100
v 923.7343 733.7816 283.1059
v 924.1915 734.2294 283.1058
f 3967 3968 3969
v 922.7656 736.1231 282.9097
v 924.1915 734.2294 283.1058
v 924.7464 734.5479 283.1056
f 3970 3971 3972
v 924.7464 734.5479 283.1056
v 923.8362 736.7403 282.9095
v 922.7656 736.1231 282.9097
f 3973 3974 3975
v 925.0261 737.0691 282.9093
v 924.7464 734.5479 283.1056
v 925.3618 734.7183 283.1055
f 3976 3977 3978
v 924.7464 734.5479 283.1056
v 925.0261 737.0691 282.9093
v 923.8362 736.7403 282.9095
f 3979 3980 3981
v 926.2581 737.0938 282.9091
v 925.3618 734.7183 283.1055
v 925.9998 734.7305 283.1054
f 3982 3983 3984
v 925.3618 734.7183 283.1055
v 926.2581 737.0938 282.9091
v 925.0261 737.0691 282.9093
f 3985 3986 3987
v 927.4573 736.8106 282.9090
v 925.9998 734.7305 283.1054
v 926.6204 734.5838 283.1054
f 3988 3989 3990
v 925.9998 734.7305 283.1054
v 927.4573 736.8106 282.9090
v 926.2581 737.0938 282.9091
f 3991 3992 3993
v 927.4573 736.8106 282.9090
v 926.6204 734.5838 283.1054
v 927.1846 734.2874 283.1053
f 3994 3995 3996
v 927.1846 734.2874 283.1053
v 928.5468 736.2377 282.9089
v 927.4573 736.8106 282.9090
f 3997 3998 3999
v 927.6574 733.8581 283.1053
v 929.4595 735.4083 282.9089
v 928.5468 736.2377 282.9089
f 4000 4001 4002
v 928.5468 736.2377 282.9089
v 927.1846 734.2874 283.1053
v 927.6574 733.8581 283.1053
f 4003 4004 4005
v 928.0080 733.3262 283.1053
v 930.1368 734.3795 282.9089
v 929.4595 735.4083 282.9089
f 4006 4007 4008
v 929.4595 735.4083 282.9089
v 927.6574 733.8581 283.1053
v 928.0080 733.3262 283.1053
f 4009 4010 4011
v 928.2154 732.7216 283.1053
v 930.5377 733.2134 282.9090
v 930.1368 734.3795 282.9089
f 4012 4013 4014
v 930.1368 734.3795 282.9089
v 928.0080 733.3262 283.1053
v 928.2154 732.7216 283.1053
f 4015 4016 4017
v 928.2657 732.0855 283.1054
v 930.6354 731.9821 282.9091
v 930.5377 733.2134 282.9090
f 4018 4019 4020
v 930.5377 733.2134 282.9090
v 928.2154 732.7216 283.1053
v 928.2657 732.0855 283.1054
f 4021 4022 4023
v 928.1560 731.4549 283.1055
v 930.4251 730.7647 282.9092
v 930.6354 731.9821 282.9091
f 4024 4025 4026
v 930.6354 731.9821 282.9091
v 928.2657 732.0855 283.1054
v 928.1560 731.4549 283.1055
f 4027 4028 4029
v 927.8945 730.8715 283.1056
v 929.9181 729.6371 282.9095
v 930.4251 730.7647 282.9092
f 4030 4031 4032
v 930.4251 730.7647 282.9092
v 928.1560 731.4549 283.1055
v 927.8945 730.8715 283.1056
f 4033 4034 4035
v 920.8189 731.7895 282.9105
v 918.7885 731.6219 282.5988
v 919.1429 729.9129 282.5990
f 4036 4037 4038
v 919.1429 729.9129 282.5990
v 921.0697 730.5808 282.9106
v 920.8189 731.7895 282.9105
f 4039 4040 4041
v 919.1384 729.9090 254.0849
v 919.1429 729.9129 282.5990
v 918.7885 731.6219 282.5988
f 4042 4043 4044
v 920.8189 731.7895 282.9105
v 918.8682 733.3666 282.5986
v 918.7885 731.6219 282.5988
f 4045 4046 4047
v 918.8682 733.3666 282.5986
v 920.8189 731.7895 282.9105
v 920.8763 733.0243 282.9104
f 4048 4049 4050
v 918.7841 731.6178 254.0847
v 918.7885 731.6219 282.5988
v 918.8682 733.3666 282.5986
f 4051 4052 4053
v 921.2384 734.2053 282.9102
v 919.3806 735.0382 282.5984
v 918.8682 733.3666 282.5986
f 4054 4055 4056
v 918.8682 733.3666 282.5986
v 920.8763 733.0243 282.9104
v 921.2384 734.2053 282.9102
f 4057 4058 4059
v 918.8637 733.3627 254.0846
v 918.8682 733.3666 282.5986
v 919.3806 735.0382 282.5984
f 4060 4061 4062
v 921.8813 735.2605 282.9100
v 920.2906 736.5308 282.5981
v 919.3806 735.0382 282.5984
f 4063 4064 4065
v 919.3806 735.0382 282.5984
v 921.2384 734.2053 282.9102
v 921.8813 735.2605 282.9100
f 4066 4067 4068
v 919.3762 735.0342 254.0844
v 919.3806 735.0382 282.5984
v 920.2906 736.5308 282.5981
f 4069 4070 4071
v 921.5409 737.7513 282.5977
v 921.8813 735.2605 282.9100
v 922.7656 736.1231 282.9097
f 4072 4073 4074
v 921.8813 735.2605 282.9100
v 921.5409 737.7513 282.5977
v 920.2906 736.5308 282.5981
f 4075 4076 4077
v 920.2862 736.5268 254.0841
v 920.2906 736.5308 282.5981
v 921.5409 737.7513 282.5977
f 4078 4079 4080
v 923.0552 738.6223 282.5974
v 922.7656 736.1231 282.9097
v 923.8362 736.7403 282.9095
f 4081 4082 4083
v 922.7656 736.1231 282.9097
v 923.0552 738.6223 282.5974
v 921.5409 737.7513 282.5977
f 4084 4085 4086
v 921.5364 737.7474 254.0837
v 921.5409 737.7513 282.5977
v 923.0552 738.6223 282.5974
f 4087 4088 4089
v 924.7365 739.0888 282.5971
v 923.8362 736.7403 282.9095
v 925.0261 737.0691 282.9093
f 4090 4091 4092
v 923.8362 736.7403 282.9095
v 924.7365 739.0888 282.5971
v 923.0552 738.6223 282.5974
f 4093 4094 4095
v 923.0507 738.6183 254.0834
v 923.0552 738.6223 282.5974
v 924.7365 739.0888 282.5971
f 4096 4097 4098
v 926.4795 739.1232 282.5969
v 925.0261 737.0691 282.9093
v 926.2581 737.0938 282.9091
f 4099 4100 4101
v 925.0261 737.0691 282.9093
v 926.4795 739.1232 282.5969
v 924.7365 739.0888 282.5971
f 4102 4103 4104
v 924.7319 739.0848 254.0831
v 924.7365 739.0888 282.5971
v 926.4795 739.1232 282.5969
f 4105 4106 4107
v 928.1764 738.7216 282.5967
v 926.2581 737.0938 282.9091
v 927.4573 736.8106 282.9090
f 4108 4109 4110
v 926.2581 737.0938 282.9091
v 928.1764 738.7216 282.5967
v 926.4795 739.1232 282.5969
f 4111 4112 4113
v 926.4750 739.1191 254.0829
v 926.4795 739.1232 282.5969
v 928.1764 738.7216 282.5967
f 4114 4115 4116
v 929.7182 737.9105 282.5965
v 927.4573 736.8106 282.9090
v 928.5468 736.2377 282.9089
f 4117 4118 4119
v 927.4573 736.8106 282.9090
v 929.7182 737.9105 282.5965
v 928.1764 738.7216 282.5967
f 4120 4121 4122
v 928.1719 738.7176 254.0826
v 928.1764 738.7216 282.5967
v 929.7182 737.9105 282.5965
f 4123 4124 4125
v 931.0081 736.7410 282.5965
v 928.5468 736.2377 282.9089
v 929.4595 735.4083 282.9089
f 4126 4127 4128
v 928.5468 736.2377 282.9089
v 931.0081 736.7410 282.5965
v 929.7182 737.9105 282.5965
f 4129 4130 4131
v 929.7137 737.9064 254.0824
v 929.7182 737.9105 282.5965
v 931.0081 736.7410 282.5965
f 4132 4133 4134
v 930.1368 734.3795 282.9089
v 931.9661 735.2844 282.5965
v 931.0081 736.7410 282.5965
f 4135 4136 4137
v 931.0081 736.7410 282.5965
v 929.4595 735.4083 282.9089
v 930.1368 734.3795 282.9089
f 4138 4139 4140
v 931.0035 736.7371 254.0824
v 931.0081 736.7410 282.5965
v 931.9661 735.2844 282.5965
f 4141 4142 4143
v 930.5377 733.2134 282.9090
v 932.5327 733.6340 282.5966
v 931.9661 735.2844 282.5965
f 4144 4145 4146
v 931.9661 735.2844 282.5965
v 930.1368 734.3795 282.9089
v 930.5377 733.2134 282.9090
f 4147 4148 4149
v 931.9616 735.2805 254.0824
v 931.9661 735.2844 282.5965
v 932.5327 733.6340 282.5966
f 4150 4151 4152
v 930.6354 731.9821 282.9091
v 932.6700 731.8936 282.5968
v 932.5327 733.6340 282.5966
f 4153 4154 4155
v 932.5327 733.6340 282.5966
v 930.5377 733.2134 282.9090
v 930.6354 731.9821 282.9091
f 4156 4157 4158
v 932.5282 733.6300 254.0825
v 932.5327 733.6340 282.5966
v 932.6700 731.8936 282.5968
f 4159 4160 4161
v 930.4251 730.7647 282.9092
v 932.3724 730.1725 282.5970
v 932.6700 731.8936 282.5968
f 4162 4163 4164
v 932.6700 731.8936 282.5968
v 930.6354 731.9821 282.9091
v 930.4251 730.7647 282.9092
f 4165 4166 4167
v 932.6655 731.8896 254.0827
v 932.6700 731.8936 282.5968
v 932.3724 730.1725 282.5970
f 4168 4169 4170
v 930.4251 730.7647 282.9092
v 931.6551 728.5774 282.5973
v 932.3724 730.1725 282.5970
f 4171 4172 4173
v 931.6551 728.5774 282.5973
v 930.4251 730.7647 282.9092
v 929.9181 729.6371 282.9095
f 4174 4175 4176
v 932.3679 730.1684 254.0829
v 932.3724 730.1725 282.5970
v 931.6551 728.5774 282.5973
f 4177 4178 4179
v 923.5110 722.9322 281.7231
v 921.2822 723.7671 281.7234
v 921.1254 723.4695 281.2164
f 4180 4181 4182
v 921.1254 723.4695 281.2164
v 923.4330 722.6064 281.2162
v 923.5110 722.9322 281.7231
f 4183 4184 4185
v 934.8063 729.4318 281.7208
v 933.8274 727.2544 281.7212
v 934.1139 727.0796 281.2141
f 4186 4187 4188
v 934.1139 727.0796 281.2141
v 935.1259 729.3349 281.2137
v 934.8063 729.4318 281.7208
f 4189 4190 4191
v 932.9889 727.7658 282.1922
v 931.6507 728.5735 254.0832
v 931.6551 728.5774 282.5973
f 4192 4193 4194
v 933.8274 727.2544 281.7212
v 931.6507 728.5735 254.0832
v 932.9889 727.7658 282.1922
f 4195 4196 4197
v 933.8274 727.2544 281.7212
v 932.9845 727.7619 254.0831
v 931.6507 728.5735 254.0832
f 4198 4199 4200
v 933.8274 727.2544 281.7212
v 933.8231 727.2506 254.0831
v 932.9845 727.7619 254.0831
f 4201 4202 4203
v 932.3404 725.3855 281.7216
v 934.1139 727.0796 281.2141
v 933.8274 727.2544 281.7212
f 4204 4205 4206
v 934.1139 727.0796 281.2141
v 932.3404 725.3855 281.7216
v 932.5737 725.1467 281.2146
f 4207 4208 4209
v 925.7230 732.1953 283.1718
v 927.8945 730.8715 283.1056
v 928.1560 731.4549 283.1055
f 4210 4211 4212
v 927.8945 730.8715 283.1056
v 925.7230 732.1953 283.1718
v 927.4951 730.3716 283.1057
f 4213 4214 4215
v 925.7230 732.1953 283.1718
v 923.1845 731.9851 283.1062
v 923.3138 731.3598 283.1062
f 4216 4217 4218
v 923.1845 731.9851 283.1062
v 925.7230 732.1953 283.1718
v 923.2142 732.6240 283.1061
f 4219 4220 4221
v 925.7230 732.1953 283.1718
v 923.4008 733.2365 283.1060
v 923.2142 732.6240 283.1061
f 4222 4223 4224
v 923.4008 733.2365 283.1060
v 925.7230 732.1953 283.1718
v 923.7343 733.7816 283.1059
f 4225 4226 4227
v 924.1915 734.2294 283.1058
v 923.7343 733.7816 283.1059
v 925.7230 732.1953 283.1718
f 4228 4229 4230
v 925.7230 732.1953 283.1718
v 924.7464 734.5479 283.1056
v 924.1915 734.2294 283.1058
f 4231 4232 4233
v 925.3618 734.7183 283.1055
v 924.7464 734.5479 283.1056
v 925.7230 732.1953 283.1718
f 4234 4235 4236
v 925.7230 732.1953 283.1718
v 925.9998 734.7305 283.1054
v 925.3618 734.7183 283.1055
f 4237 4238 4239
v 926.6204 734.5838 283.1054
v 925.9998 734.7305 283.1054
v 925.7230 732.1953 283.1718
f 4240 4241 4242
v 925.7230 732.1953 283.1718
v 927.1846 734.2874 283.1053
v 926.6204 734.5838 283.1054
f 4243 4244 4245
v 925.7230 732.1953 283.1718
v 927.6574 733.8581 283.1053
v 927.1846 734.2874 283.1053
f 4246 4247 4248
v 927.6574 733.8581 283.1053
v 925.7230 732.1953 283.1718
v 928.0080 733.3262 283.1053
f 4249 4250 4251
v 925.7230 732.1953 283.1718
v 928.2154 732.7216 283.1053
v 928.0080 733.3262 283.1053
f 4252 4253 4254
v 928.2154 732.7216 283.1053
v 925.7230 732.1953 283.1718
v 928.2657 732.0855 283.1054
f 4255 4256 4257
v 925.7184 732.1913 254.0837
v 923.3138 731.3598 283.1062
v 921.0697 730.5808 282.9106
f 4258 4259 4260
v 923.3138 731.3598 283.1062
v 925.7184 732.1913 254.0837
v 925.7230 732.1953 283.1718
f 4261 4262 4263
v 925.7184 732.1913 254.0837
v 921.0697 730.5808 282.9106
v 923.3093 731.3557 254.0841
f 4264 4265 4266
v 921.0652 730.5768 254.0845
v 919.1429 729.9129 282.5990
v 919.1384 729.9090 254.0849
f 4267 4268 4269
v 919.1429 729.9129 282.5990
v 921.0652 730.5768 254.0845
v 923.3093 731.3557 254.0841
f 4270 4271 4272
v 921.0697 730.5808 282.9106
v 919.1429 729.9129 282.5990
v 923.3093 731.3557 254.0841
f 4273 4274 4275
v 931.6500 726.0865 254.0835
v 932.3361 725.3817 254.0835
v 929.1485 728.6711 282.9097
f 4276 4277 4278
v 932.5695 725.1430 254.0835
v 932.5737 725.1467 281.2146
v 932.3361 725.3817 254.0835
f 4279 4280 4281
v 930.5620 727.2064 254.0835
v 925.7230 732.1953 283.1718
v 929.1439 728.6671 254.0836
f 4282 4283 4284
v 927.4905 730.3676 254.0836
v 925.7230 732.1953 283.1718
v 925.7184 732.1913 254.0837
f 4285 4286 4287
v 929.1439 728.6671 254.0836
v 925.7230 732.1953 283.1718
v 927.4905 730.3676 254.0836
f 4288 4289 4290
v 931.6500 726.0865 254.0835
v 927.4951 730.3716 283.1057
v 930.5620 727.2064 254.0835
f 4291 4292 4293
v 931.6544 726.0903 282.1926
v 932.5737 725.1467 281.2146
v 932.3404 725.3855 281.7216
f 4294 4295 4296
v 930.5665 727.2103 282.5976
v 932.5737 725.1467 281.2146
v 931.6544 726.0903 282.1926
f 4297 4298 4299
v 929.1485 728.6711 282.9097
v 927.4951 730.3716 283.1057
v 931.6500 726.0865 254.0835
f 4300 4301 4302
v 925.7230 732.1953 283.1718
v 930.5620 727.2064 254.0835
v 927.4951 730.3716 283.1057
f 4303 4304 4305
v 929.1485 728.6711 282.9097
v 932.5737 725.1467 281.2146
v 930.5665 727.2103 282.5976
f 4306 4307 4308
v 929.1485 728.6711 282.9097
v 932.3361 725.3817 254.0835
v 932.5737 725.1467 281.2146
f 4309 4310 4311
v 918.0360 738.3218 254.0842
v 917.0550 736.0744 254.0846
v 916.7494 736.2113 254.0846
f 4312 4313 4314
v 918.2974 738.1131 254.0842
v 918.0360 738.3218 254.0842
v 920.0059 739.7795 254.0837
f 4315 4316 4317
v 918.2974 738.1131 254.0842
v 917.0550 736.0744 254.0846
v 918.0360 738.3218 254.0842
f 4318 4319 4320
v 916.2465 731.4076 254.0852
v 916.0251 733.8482 254.0850
v 916.3559 733.7913 254.0849
f 4321 4322 4323
v 916.3559 733.7913 254.0849
v 916.0251 733.8482 254.0850
v 916.7494 736.2113 254.0846
f 4324 4325 4326
v 919.3762 735.0342 254.0844
v 923.3093 731.3557 254.0841
v 918.8637 733.3627 254.0846
f 4327 4328 4329
v 916.3559 733.7913 254.0849
v 916.7494 736.2113 254.0846
v 917.0550 736.0744 254.0846
f 4330 4331 4332
v 919.8056 740.0480 254.0837
v 920.0059 739.7795 254.0837
v 918.0360 738.3218 254.0842
f 4333 4334 4335
v 919.8056 740.0480 254.0837
v 922.0741 740.9688 254.0833
v 920.0059 739.7795 254.0837
f 4336 4337 4338
v 924.3717 741.6077 254.0829
v 922.0741 740.9688 254.0833
v 921.9459 741.2793 254.0833
f 4339 4340 4341
v 921.9459 741.2793 254.0833
v 924.3246 741.9409 254.0828
v 924.3717 741.6077 254.0829
f 4342 4343 4344
v 923.0507 738.6183 254.0834
v 925.7184 732.1913 254.0837
v 921.5364 737.7474 254.0837
f 4345 4346 4347
v 920.2862 736.5268 254.0841
v 921.5364 737.7474 254.0837
v 923.3093 731.3557 254.0841
f 4348 4349 4350
v 923.3093 731.3557 254.0841
v 919.3762 735.0342 254.0844
v 920.2862 736.5268 254.0841
f 4351 4352 4353
v 925.7184 732.1913 254.0837
v 924.7319 739.0848 254.0831
v 926.4750 739.1191 254.0829
f 4354 4355 4356
v 921.9459 741.2793 254.0833
v 922.0741 740.9688 254.0833
v 919.8056 740.0480 254.0837
f 4357 4358 4359
v 925.7184 732.1913 254.0837
v 923.0507 738.6183 254.0834
v 924.7319 739.0848 254.0831
f 4360 4361 4362
v 916.2465 731.4076 254.0852
v 916.7303 729.0735 254.0853
v 915.9114 731.3805 254.0853
f 4363 4364 4365
v 916.2465 731.4076 254.0852
v 915.9114 731.3805 254.0853
v 916.0251 733.8482 254.0850
f 4366 4367 4368
v 921.0652 730.5768 254.0845
v 919.1384 729.9090 254.0849
v 918.7841 731.6178 254.0847
f 4369 4370 4371
v 917.7805 726.9356 254.0854
v 916.4130 728.9632 254.0854
v 916.7303 729.0735 254.0853
f 4372 4373 4374
v 915.9114 731.3805 254.0853
v 916.7303 729.0735 254.0853
v 916.4130 728.9632 254.0854
f 4375 4376 4377
v 919.3276 725.1286 254.0854
v 919.1020 724.8791 254.0855
v 917.5000 726.7504 254.0855
f 4378 4379 4380
v 916.4130 728.9632 254.0854
v 917.7805 726.9356 254.0854
v 917.5000 726.7504 254.0855
f 4381 4382 4383
v 919.3276 725.1286 254.0854
v 917.5000 726.7504 254.0855
v 917.7805 726.9356 254.0854
f 4384 4385 4386
v 923.3093 731.3557 254.0841
v 921.0652 730.5768 254.0845
v 918.8637 733.3627 254.0846
f 4387 4388 4389
v 921.0652 730.5768 254.0845
v 918.7841 731.6178 254.0847
v 918.8637 733.3627 254.0846
f 4390 4391 4392
v 923.4288 722.6026 254.0851
v 921.1212 723.4657 254.0853
v 921.2779 723.7633 254.0853
f 4393 4394 4395
v 921.2779 723.7633 254.0853
v 921.1212 723.4657 254.0853
v 919.1020 724.8791 254.0855
f 4396 4397 4398
v 923.5067 722.9284 254.0850
v 925.8791 722.3410 254.0848
v 923.4288 722.6026 254.0851
f 4399 4400 4401
v 921.2779 723.7633 254.0853
v 923.5067 722.9284 254.0850
v 923.4288 722.6026 254.0851
f 4402 4403 4404
v 925.8740 722.6760 254.0847
v 925.8791 722.3410 254.0848
v 923.5067 722.9284 254.0850
f 4405 4406 4407
v 919.3276 725.1286 254.0854
v 921.2779 723.7633 254.0853
v 919.1020 724.8791 254.0855
f 4408 4409 4410
v 921.5364 737.7474 254.0837
v 925.7184 732.1913 254.0837
v 923.3093 731.3557 254.0841
f 4411 4412 4413
v 924.3246 741.9409 254.0828
v 926.7538 741.6544 254.0825
v 924.3717 741.6077 254.0829
f 4414 4415 4416
v 929.0693 741.1072 254.0823
v 926.7538 741.6544 254.0825
v 926.7897 741.9893 254.0825
f 4417 4418 4419
v 931.3670 740.2740 254.0819
v 931.1753 739.9985 254.0820
v 929.0693 741.1072 254.0823
f 4420 4421 4422
v 926.7897 741.9893 254.0825
v 929.1881 741.4218 254.0822
v 929.0693 741.1072 254.0823
f 4423 4424 4425
v 929.7137 737.9064 254.0824
v 925.7184 732.1913 254.0837
v 928.1719 738.7176 254.0826
f 4426 4427 4428
v 925.7184 732.1913 254.0837
v 929.7137 737.9064 254.0824
v 931.0035 736.7371 254.0824
f 4429 4430 4431
v 931.0035 736.7371 254.0824
v 931.9616 735.2805 254.0824
v 925.7184 732.1913 254.0837
f 4432 4433 4434
v 931.3670 740.2740 254.0819
v 929.0693 741.1072 254.0823
v 929.1881 741.4218 254.0822
f 4435 4436 4437
v 926.7897 741.9893 254.0825
v 926.7538 741.6544 254.0825
v 924.3246 741.9409 254.0828
f 4438 4439 4440
v 932.9380 738.3998 254.0819
v 931.1753 739.9985 254.0820
v 933.1926 738.6191 254.0818
f 4441 4442 4443
v 932.9380 738.3998 254.0819
v 933.1926 738.6191 254.0818
v 934.5480 736.5595 254.0819
f 4444 4445 4446
v 934.2466 736.4104 254.0819
v 932.9380 738.3998 254.0819
v 934.5480 736.5595 254.0819
f 4447 4448 4449
v 925.7184 732.1913 254.0837
v 931.9616 735.2805 254.0824
v 927.4905 730.3676 254.0836
f 4450 4451 4452
v 935.0206 734.1573 254.0821
v 934.2466 736.4104 254.0819
v 935.3488 734.2264 254.0820
f 4453 4454 4455
v 934.5480 736.5595 254.0819
v 935.3488 734.2264 254.0820
v 934.2466 736.4104 254.0819
f 4456 4457 4458
v 935.3488 734.2264 254.0820
v 935.5442 731.7649 254.0823
v 935.0206 734.1573 254.0821
f 4459 4460 4461
v 933.1926 738.6191 254.0818
v 931.1753 739.9985 254.0820
v 931.3670 740.2740 254.0819
f 4462 4463 4464
v 932.5282 733.6300 254.0825
v 927.4905 730.3676 254.0836
v 931.9616 735.2805 254.0824
f 4465 4466 4467
v 932.3679 730.1684 254.0829
v 929.1439 728.6671 254.0836
v 927.4905 730.3676 254.0836
f 4468 4469 4470
v 930.5620 727.2064 254.0835
v 931.6507 728.5735 254.0832
v 932.9845 727.7619 254.0831
f 4471 4472 4473
v 929.1439 728.6671 254.0836
v 932.3679 730.1684 254.0829
v 931.6507 728.5735 254.0832
f 4474 4475 4476
v 932.3679 730.1684 254.0829
v 927.4905 730.3676 254.0836
v 932.6655 731.8896 254.0827
f 4477 4478 4479
v 930.5620 727.2064 254.0835
v 929.1439 728.6671 254.0836
v 931.6507 728.5735 254.0832
f 4480 4481 4482
v 925.8791 722.3410 254.0848
v 925.8740 722.6760 254.0847
v 928.3200 722.6974 254.0844
f 4483 4484 4485
v 931.6500 726.0865 254.0835
v 930.5620 727.2064 254.0835
v 932.9845 727.7619 254.0831
f 4486 4487 4488
v 933.8231 727.2506 254.0831
v 932.3361 725.3817 254.0835
v 931.6500 726.0865 254.0835
f 4489 4490 4491
v 935.1217 729.3311 254.0826
v 934.8019 729.4280 254.0827
v 935.2092 731.7789 254.0823
f 4492 4493 4494
v 935.2092 731.7789 254.0823
v 935.0206 734.1573 254.0821
v 935.5442 731.7649 254.0823
f 4495 4496 4497
v 935.5442 731.7649 254.0823
v 935.1217 729.3311 254.0826
v 935.2092 731.7789 254.0823
f 4498 4499 4500
v 932.5695 725.1430 254.0835
v 932.3361 725.3817 254.0835
v 933.8231 727.2506 254.0831
f 4501 4502 4503
v 933.8231 727.2506 254.0831
v 931.6500 726.0865 254.0835
v 932.9845 727.7619 254.0831
f 4504 4505 4506
v 933.8231 727.2506 254.0831
v 934.8019 729.4280 254.0827
v 934.1096 727.0759 254.0830
f 4507 4508 4509
v 932.5695 725.1430 254.0835
v 933.8231 727.2506 254.0831
v 934.1096 727.0759 254.0830
f 4510 4511 4512
v 934.8019 729.4280 254.0827
v 935.1217 729.3311 254.0826
v 934.1096 727.0759 254.0830
f 4513 4514 4515
v 932.6655 731.8896 254.0827
v 927.4905 730.3676 254.0836
v 932.5282 733.6300 254.0825
f 4516 4517 4518
v 928.1719 738.7176 254.0826
v 925.7184 732.1913 254.0837
v 926.4750 739.1191 254.0829
f 4519 4520 4521
v 925.8740 722.6760 254.0847
v 928.3243 722.7012 281.2155
v 928.3200 722.6974 254.0844
f 4522 4523 4524
v 928.3200 722.6974 254.0844
v 925.8833 722.3448 281.2159
v 925.8791 722.3410 254.0848
f 4525 4526 4527
v 925.8791 722.3410 254.0848
v 923.4330 722.6064 281.2162
v 923.4288 722.6026 254.0851
f 4528 4529 4530
v 923.5067 722.9284 254.0850
v 925.8783 722.6799 281.7228
v 925.8740 722.6760 254.0847
f 4531 4532 4533
v 921.2779 723.7633 254.0853
v 923.5110 722.9322 281.7231
v 923.5067 722.9284 254.0850
f 4534 4535 4536
v 923.4288 722.6026 254.0851
v 921.1254 723.4695 281.2164
v 921.1212 723.4657 254.0853
f 4537 4538 4539
v 921.1212 723.4657 254.0853
v 919.1062 724.8829 281.2166
v 919.1020 724.8791 254.0855
f 4540 4541 4542
v 919.3276 725.1286 254.0854
v 921.2822 723.7671 281.7234
v 921.2779 723.7633 254.0853
f 4543 4544 4545
v 919.1020 724.8791 254.0855
v 917.5042 726.7541 281.2166
v 917.5000 726.7504 254.0855
f 4546 4547 4548
v 917.7805 726.9356 254.0854
v 919.3319 725.1324 281.7235
v 919.3276 725.1286 254.0854
f 4549 4550 4551
v 917.5000 726.7504 254.0855
v 916.4172 728.9670 281.2165
v 916.4130 728.9632 254.0854
f 4552 4553 4554
v 916.7303 729.0735 254.0853
v 917.7848 726.9395 281.7235
v 917.7805 726.9356 254.0854
f 4555 4556 4557
v 916.4130 728.9632 254.0854
v 915.9157 731.3843 281.2163
v 915.9114 731.3805 254.0853
f 4558 4559 4560
v 916.2465 731.4076 254.0852
v 916.7345 729.0773 281.7234
v 916.7303 729.0735 254.0853
f 4561 4562 4563
v 915.9114 731.3805 254.0853
v 916.0293 733.8520 281.2160
v 916.0251 733.8482 254.0850
f 4564 4565 4566
v 916.3559 733.7913 254.0849
v 916.2508 731.4115 281.7232
v 916.2465 731.4076 254.0852
f 4567 4568 4569
v 916.0251 733.8482 254.0850
v 916.7536 736.2151 281.2156
v 916.7494 736.2113 254.0846
f 4570 4571 4572
v 917.0550 736.0744 254.0846
v 916.3602 733.7952 281.7229
v 916.3559 733.7913 254.0849
f 4573 4574 4575
v 916.7494 736.2113 254.0846
v 918.0403 738.3256 281.2152
v 918.0360 738.3218 254.0842
f 4576 4577 4578
v 918.2974 738.1131 254.0842
v 917.0593 736.0783 281.7226
v 917.0550 736.0744 254.0846
f 4579 4580 4581
v 918.0360 738.3218 254.0842
v 919.8099 740.0518 281.2147
v 919.8056 740.0480 254.0837
f 4582 4583 4584
v 920.0059 739.7795 254.0837
v 918.3018 738.1170 281.7222
v 918.2974 738.1131 254.0842
f 4585 4586 4587
v 919.8056 740.0480 254.0837
v 921.9501 741.2831 281.2143
v 921.9459 741.2793 254.0833
f 4588 4589 4590
v 922.0741 740.9688 254.0833
v 920.0102 739.7834 281.7217
v 920.0059 739.7795 254.0837
f 4591 4592 4593
v 921.9459 741.2793 254.0833
v 924.3289 741.9447 281.2138
v 924.3246 741.9409 254.0828
f 4594 4595 4596
v 924.3717 741.6077 254.0829
v 922.0784 740.9727 281.7213
v 922.0741 740.9688 254.0833
f 4597 4598 4599
v 924.3246 741.9409 254.0828
v 926.7939 741.9931 281.2135
v 926.7897 741.9893 254.0825
f 4600 4601 4602
v 926.7538 741.6544 254.0825
v 924.3760 741.6116 281.7209
v 924.3717 741.6077 254.0829
f 4603 4604 4605
v 926.7897 741.9893 254.0825
v 929.1924 741.4257 281.2132
v 929.1881 741.4218 254.0822
f 4606 4607 4608
v 929.0693 741.1072 254.0823
v 926.7581 741.6583 281.7205
v 926.7538 741.6544 254.0825
f 4609 4610 4611
v 929.1881 741.4218 254.0822
v 931.3713 740.2778 281.2130
v 931.3670 740.2740 254.0819
f 4612 4613 4614
v 931.1753 739.9985 254.0820
v 929.0736 741.1110 281.7203
v 929.0693 741.1072 254.0823
f 4615 4616 4617
v 931.3670 740.2740 254.0819
v 933.1969 738.6230 281.2129
v 933.1926 738.6191 254.0818
f 4618 4619 4620
v 932.9380 738.3998 254.0819
v 931.1797 740.0024 281.7201
v 931.1753 739.9985 254.0820
f 4621 4622 4623
v 933.1926 738.6191 254.0818
v 934.5523 736.5633 281.2130
v 934.5480 736.5595 254.0819
f 4624 4625 4626
v 934.2466 736.4104 254.0819
v 932.9423 738.4037 281.7200
v 932.9380 738.3998 254.0819
f 4627 4628 4629
v 934.5480 736.5595 254.0819
v 935.3530 734.2302 281.2131
v 935.3488 734.2264 254.0820
f 4630 4631 4632
v 935.0206 734.1573 254.0821
v 934.2510 736.4142 281.7200
v 934.2466 736.4104 254.0819
f 4633 4634 4635
v 935.3488 734.2264 254.0820
v 935.5484 731.7687 281.2134
v 935.5442 731.7649 254.0823
f 4636 4637 4638
v 935.2092 731.7789 254.0823
v 935.0249 734.1612 281.7202
v 935.0206 734.1573 254.0821
f 4639 4640 4641
v 935.5442 731.7649 254.0823
v 935.1259 729.3349 281.2137
v 935.1217 729.3311 254.0826
f 4642 4643 4644
v 934.8019 729.4280 254.0827
v 935.2135 731.7827 281.7204
v 935.2092 731.7789 254.0823
f 4645 4646 4647
v 933.8231 727.2506 254.0831
v 934.8063 729.4318 281.7208
v 934.8019 729.4280 254.0827
f 4648 4649 4650
v 935.1217 729.3311 254.0826
v 934.1139 727.0796 281.2141
v 934.1096 727.0759 254.0830
f 4651 4652 4653
v 934.1096 727.0759 254.0830
v 932.5737 725.1467 281.2146
v 932.5695 725.1430 254.0835
f 4654 4655 4656
v 919.1384 729.9090 254.0849
v 918.7885 731.6219 282.5988
v 918.7841 731.6178 254.0847
f 4657 4658 4659
v 918.7841 731.6178 254.0847
v 918.8682 733.3666 282.5986
v 918.8637 733.3627 254.0846
f 4660 4661 4662
v 918.8637 733.3627 254.0846
v 919.3806 735.0382 282.5984
v 919.3762 735.0342 254.0844
f 4663 4664 4665
v 919.3762 735.0342 254.0844
v 920.2906 736.5308 282.5981
v 920.2862 736.5268 254.0841
f 4666 4667 4668
v 920.2862 736.5268 254.0841
v 921.5409 737.7513 282.5977
v 921.5364 737.7474 254.0837
f 4669 4670 4671
v 921.5364 737.7474 254.0837
v 923.0552 738.6223 282.5974
v 923.0507 738.6183 254.0834
f 4672 4673 4674
v 923.0507 738.6183 254.0834
v 924.7365 739.0888 282.5971
v 924.7319 739.0848 254.0831
f 4675 4676 4677
v 924.7319 739.0848 254.0831
v 926.4795 739.1232 282.5969
v 926.4750 739.1191 254.0829
f 4678 4679 4680
v 926.4750 739.1191 254.0829
v 928.1764 738.7216 282.5967
v 928.1719 738.7176 254.0826
f 4681 4682 4683
v 928.1719 738.7176 254.0826
v 929.7182 737.9105 282.5965
v 929.7137 737.9064 254.0824
f 4684 4685 4686
v 929.7137 737.9064 254.0824
v 931.0081 736.7410 282.5965
v 931.0035 736.7371 254.0824
f 4687 4688 4689
v 931.0035 736.7371 254.0824
v 931.9661 735.2844 282.5965
v 931.9616 735.2805 254.0824
f 4690 4691 4692
v 931.9616 735.2805 254.0824
v 932.5327 733.6340 282.5966
v 932.5282 733.6300 254.0825
f 4693 4694 4695
v 932.5282 733.6300 254.0825
v 932.6700 731.8936 282.5968
v 932.6655 731.8896 254.0827
f 4696 4697 4698
v 932.6655 731.8896 254.0827
v 932.3724 730.1725 282.5970
v 932.3679 730.1684 254.0829
f 4699 4700 4701
v 932.3679 730.1684 254.0829
v 931.6551 728.5774 282.5973
v 931.6507 728.5735 254.0832
f 4702 4703 4704

g building_ID_C5FF046A-0997-4DDE-8F6F-5CCDF82DC292
v 923.7407 723.8906 282.1940
v 922.4724 726.0260 282.5989
v 921.7407 724.6389 282.1942
f 4705 4706 4707
v 922.4724 726.0260 282.5989
v 923.7407 723.8906 282.1940
v 924.1028 725.4146 282.5988
f 4708 4709 4710
v 921.7407 724.6389 282.1942
v 921.0451 727.0238 282.5990
v 919.9930 725.8616 282.1943
f 4711 4712 4713
v 921.0451 727.0238 282.5990
v 921.7407 724.6389 282.1942
v 922.4724 726.0260 282.5989
f 4714 4715 4716
v 921.0451 727.0238 282.5990
v 919.9107 728.3478 282.5990
v 918.6054 727.4823 282.1943
f 4717 4718 4719
v 918.6054 727.4823 282.1943
v 919.9930 725.8616 282.1943
v 921.0451 727.0238 282.5990
f 4720 4721 4722
v 919.9107 728.3478 282.5990
v 919.1429 729.9129 282.5990
v 917.6635 729.3998 282.1943
f 4723 4724 4725
v 917.6635 729.3998 282.1943
v 918.6054 727.4823 282.1943
v 919.9107 728.3478 282.5990
f 4726 4727 4728
v 923.5110 722.9322 281.7231
v 921.7407 724.6389 282.1942
v 921.2822 723.7671 281.7234
f 4729 4730 4731
v 921.7407 724.6389 282.1942
v 923.5110 722.9322 281.7231
v 923.7407 723.8906 282.1940
f 4732 4733 4734
v 923.5067 722.9284 254.0850
v 923.5110 722.9322 281.7231
v 921.2822 723.7671 281.7234
f 4735 4736 4737
v 921.2822 723.7671 281.7234
v 919.9930 725.8616 282.1943
v 919.3319 725.1324 281.7235
f 4738 4739 4740
v 919.9930 725.8616 282.1943
v 921.2822 723.7671 281.7234
v 921.7407 724.6389 282.1942
f 4741 4742 4743
v 921.2779 723.7633 254.0853
v 921.2822 723.7671 281.7234
v 919.3319 725.1324 281.7235
f 4744 4745 4746
v 919.9930 725.8616 282.1943
v 918.6054 727.4823 282.1943
v 917.7848 726.9395 281.7235
f 4747 4748 4749
v 917.7848 726.9395 281.7235
v 919.3319 725.1324 281.7235
v 919.9930 725.8616 282.1943
f 4750 4751 4752
v 919.3276 725.1286 254.0854
v 919.3319 725.1324 281.7235
v 917.7848 726.9395 281.7235
f 4753 4754 4755
v 918.6054 727.4823 282.1943
v 917.6635 729.3998 282.1943
v 916.7345 729.0773 281.7234
f 4756 4757 4758
v 916.7345 729.0773 281.7234
v 917.7848 726.9395 281.7235
v 918.6054 727.4823 282.1943
f 4759 4760 4761
v 917.7805 726.9356 254.0854
v 917.7848 726.9395 281.7235
v 916.7345 729.0773 281.7234
f 4762 4763 4764
v 932.3404 725.3855 281.7216
v 929.9490 724.8000 282.1930
v 930.4366 723.9475 281.7220
f 4765 4766 4767
v 929.9490 724.8000 282.1930
v 932.3404 725.3855 281.7216
v 931.6544 726.0903 282.1926
f 4768 4769 4770
v 930.4366 723.9475 281.7220
v 927.9768 723.9742 282.1934
v 928.2362 723.0255 281.7225
f 4771 4772 4773
v 927.9768 723.9742 282.1934
v 930.4366 723.9475 281.7220
v 929.9490 724.8000 282.1930
f 4774 4775 4776
v 928.2362 723.0255 281.7225
v 925.8620 723.6649 282.1937
v 925.8783 722.6799 281.7228
f 4777 4778 4779
v 925.8620 723.6649 282.1937
v 928.2362 723.0255 281.7225
v 927.9768 723.9742 282.1934
f 4780 4781 4782
v 925.8783 722.6799 281.7228
v 923.7407 723.8906 282.1940
v 923.5110 722.9322 281.7231
f 4783 4784 4785
v 923.7407 723.8906 282.1940
v 925.8783 722.6799 281.7228
v 925.8620 723.6649 282.1937
f 4786 4787 4788
v 925.8740 722.6760 254.0847
v 925.8783 722.6799 281.7228
v 923.5110 722.9322 281.7231
f 4789 4790 4791
v 932.5695 725.1430 254.0835
v 932.5737 725.1467 281.2146
v 930.6018 723.6551 281.2150
f 4792 4793 4794
v 930.6018 723.6551 281.2150
v 928.2362 723.0255 281.7225
v 928.3243 722.7012 281.2155
f 4795 4796 4797
v 928.2362 723.0255 281.7225
v 930.6018 723.6551 281.2150
v 930.4366 723.9475 281.7220
f 4798 4799 4800
v 930.5975 723.6513 254.0839
v 930.6018 723.6551 281.2150
v 928.3243 722.7012 281.2155
f 4801 4802 4803
v 928.2362 723.0255 281.7225
v 925.8783 722.6799 281.7228
v 928.3243 722.7012 281.2155
f 4804 4805 4806
v 928.3200 722.6974 254.0844
v 928.3243 722.7012 281.2155
v 925.8740 722.6760 254.0847
f 4807 4808 4809
v 923.4233 727.8325 282.9106
v 925.1294 729.7130 283.1061
v 924.5330 729.9365 283.1062
f 4810 4811 4812
v 925.1294 729.7130 283.1061
v 923.4233 727.8325 282.9106
v 924.5771 727.4004 282.9105
f 4813 4814 4815
v 924.0099 730.3020 283.1062
v 922.4142 728.5392 282.9107
v 923.4233 727.8325 282.9106
f 4816 4817 4818
v 923.4233 727.8325 282.9106
v 924.5330 729.9365 283.1062
v 924.0099 730.3020 283.1062
f 4819 4820 4821
v 923.5952 730.7870 283.1062
v 921.6127 729.4744 282.9107
v 922.4142 728.5392 282.9107
f 4822 4823 4824
v 922.4142 728.5392 282.9107
v 924.0099 730.3020 283.1062
v 923.5952 730.7870 283.1062
f 4825 4826 4827
v 923.3138 731.3598 283.1062
v 921.0697 730.5808 282.9106
v 921.6127 729.4744 282.9107
f 4828 4829 4830
v 921.6127 729.4744 282.9107
v 923.5952 730.7870 283.1062
v 923.3138 731.3598 283.1062
f 4831 4832 4833
v 923.4233 727.8325 282.9106
v 922.4724 726.0260 282.5989
v 924.1028 725.4146 282.5988
f 4834 4835 4836
v 924.1028 725.4146 282.5988
v 924.5771 727.4004 282.9105
v 923.4233 727.8325 282.9106
f 4837 4838 4839
v 921.0451 727.0238 282.5990
v 923.4233 727.8325 282.9106
v 922.4142 728.5392 282.9107
f 4840 4841 4842
v 923.4233 727.8325 282.9106
v 921.0451 727.0238 282.5990
v 922.4724 726.0260 282.5989
f 4843 4844 4845
v 922.4142 728.5392 282.9107
v 919.9107 728.3478 282.5990
v 921.0451 727.0238 282.5990
f 4846 4847 4848
v 919.9107 728.3478 282.5990
v 922.4142 728.5392 282.9107
v 921.6127 729.4744 282.9107
f 4849 4850 4851
v 921.0697 730.5808 282.9106
v 919.1429 729.9129 282.5990
v 919.9107 728.3478 282.5990
f 4852 4853 4854
v 919.9107 728.3478 282.5990
v 921.6127 729.4744 282.9107
v 921.0697 730.5808 282.9106
f 4855 4856 4857
v 928.1625 727.9258 282.9099
v 927.4951 730.3716 283.1057
v 926.9851 729.9850 283.1058
f 4858 4859 4860
v 927.4951 730.3716 283.1057
v 928.1625 727.9258 282.9099
v 929.1485 728.6711 282.9097
f 4861 4862 4863
v 928.1625 727.9258 282.9099
v 926.9851 729.9850 283.1058
v 926.3964 729.7385 283.1060
f 4864 4865 4866
v 926.3964 729.7385 283.1060
v 927.0233 727.4488 282.9101
v 928.1625 727.9258 282.9099
f 4867 4868 4869
v 925.8027 727.2702 282.9103
v 926.3964 729.7385 283.1060
v 925.7642 729.6463 283.1061
f 4870 4871 4872
v 926.3964 729.7385 283.1060
v 925.8027 727.2702 282.9103
v 927.0233 727.4488 282.9101
f 4873 4874 4875
v 924.5771 727.4004 282.9105
v 925.7642 729.6463 283.1061
v 925.1294 729.7130 283.1061
f 4876 4877 4878
v 925.7642 729.6463 283.1061
v 924.5771 727.4004 282.9105
v 925.8027 727.2702 282.9103
f 4879 4880 4881
v 929.1727 726.1570 282.5980
v 929.1485 728.6711 282.9097
v 928.1625 727.9258 282.9099
f 4882 4883 4884
v 929.1485 728.6711 282.9097
v 929.1727 726.1570 282.5980
v 930.5665 727.2103 282.5976
f 4885 4886 4887
v 927.5629 725.4824 282.5983
v 928.1625 727.9258 282.9099
v 927.0233 727.4488 282.9101
f 4888 4889 4890
v 928.1625 727.9258 282.9099
v 927.5629 725.4824 282.5983
v 929.1727 726.1570 282.5980
f 4891 4892 4893
v 925.8362 725.2300 282.5985
v 927.0233 727.4488 282.9101
v 925.8027 727.2702 282.9103
f 4894 4895 4896
v 927.0233 727.4488 282.9101
v 925.8362 725.2300 282.5985
v 927.5629 725.4824 282.5983
f 4897 4898 4899
v 924.1028 725.4146 282.5988
v 925.8027 727.2702 282.9103
v 924.5771 727.4004 282.9105
f 4900 4901 4902
v 925.8027 727.2702 282.9103
v 924.1028 725.4146 282.5988
v 925.8362 725.2300 282.5985
f 4903 4904 4905
v 931.6544 726.0903 282.1926
v 929.1727 726.1570 282.5980
v 929.9490 724.8000 282.1930
f 4906 4907 4908
v 929.1727 726.1570 282.5980
v 931.6544 726.0903 282.1926
v 930.5665 727.2103 282.5976
f 4909 4910 4911
v 929.9490 724.8000 282.1930
v 927.5629 725.4824 282.5983
v 927.9768 723.9742 282.1934
f 4912 4913 4914
v 927.5629 725.4824 282.5983
v 929.9490 724.8000 282.1930
v 929.1727 726.1570 282.5980
f 4915 4916 4917
v 927.9768 723.9742 282.1934
v 925.8362 725.2300 282.5985
v 925.8620 723.6649 282.1937
f 4918 4919 4920
v 925.8362 725.2300 282.5985
v 927.9768 723.9742 282.1934
v 927.5629 725.4824 282.5983
f 4921 4922 4923
v 925.8620 723.6649 282.1937
v 924.1028 725.4146 282.5988
v 923.7407 723.8906 282.1940
f 4924 4925 4926
v 924.1028 725.4146 282.5988
v 925.8620 723.6649 282.1937
v 925.8362 725.2300 282.5985
f 4927 4928 4929
v 919.1429 729.9129 282.5990
v 918.7885 731.6219 282.5988
v 917.2291 731.4929 282.1941
f 4930 4931 4932
v 917.2291 731.4929 282.1941
v 917.6635 729.3998 282.1943
v 919.1429 729.9129 282.5990
f 4933 4934 4935
v 918.7841 731.6178 254.0847
v 918.7885 731.6219 282.5988
v 919.1429 729.9129 282.5990
f 4936 4937 4938
v 918.7885 731.6219 282.5988
v 918.8682 733.3666 282.5986
v 917.3288 733.6296 282.1938
f 4939 4940 4941
v 917.3288 733.6296 282.1938
v 917.2291 731.4929 282.1941
v 918.7885 731.6219 282.5988
f 4942 4943 4944
v 918.8637 733.3627 254.0846
v 918.8682 733.3666 282.5986
v 918.7885 731.6219 282.5988
f 4945 4946 4947
v 918.8682 733.3666 282.5986
v 919.3806 735.0382 282.5984
v 917.9543 735.6770 282.1935
f 4948 4949 4950
v 917.9543 735.6770 282.1935
v 917.3288 733.6296 282.1938
v 918.8682 733.3666 282.5986
f 4951 4952 4953
v 919.3762 735.0342 254.0844
v 919.3806 735.0382 282.5984
v 918.8682 733.3666 282.5986
f 4954 4955 4956
v 917.9543 735.6770 282.1935
v 920.2906 736.5308 282.5981
v 919.0692 737.5050 282.1931
f 4957 4958 4959
v 920.2906 736.5308 282.5981
v 917.9543 735.6770 282.1935
v 919.3806 735.0382 282.5984
f 4960 4961 4962
v 920.2862 736.5268 254.0841
v 920.2906 736.5308 282.5981
v 919.3806 735.0382 282.5984
f 4963 4964 4965
v 919.0692 737.5050 282.1931
v 921.5409 737.7513 282.5977
v 920.6021 738.9988 282.1927
f 4966 4967 4968
v 921.5409 737.7513 282.5977
v 919.0692 737.5050 282.1931
v 920.2906 736.5308 282.5981
f 4969 4970 4971
v 921.5364 737.7474 254.0837
v 921.5409 737.7513 282.5977
v 920.2906 736.5308 282.5981
f 4972 4973 4974
v 920.6021 738.9988 282.1927
v 923.0552 738.6223 282.5974
v 922.4560 740.0659 282.1923
f 4975 4976 4977
v 923.0552 738.6223 282.5974
v 920.6021 738.9988 282.1927
v 921.5409 737.7513 282.5977
f 4978 4979 4980
v 923.0507 738.6183 254.0834
v 923.0552 738.6223 282.5974
v 921.5409 737.7513 282.5977
f 4981 4982 4983
v 922.4560 740.0659 282.1923
v 924.7365 739.0888 282.5971
v 924.5155 740.6383 282.1920
f 4984 4985 4986
v 924.7365 739.0888 282.5971
v 922.4560 740.0659 282.1923
v 923.0552 738.6223 282.5974
f 4987 4988 4989
v 924.7319 739.0848 254.0831
v 924.7365 739.0888 282.5971
v 923.0552 738.6223 282.5974
f 4990 4991 4992
v 924.5155 740.6383 282.1920
v 926.4795 739.1232 282.5969
v 926.6506 740.6796 282.1917
f 4993 4994 4995
v 926.4795 739.1232 282.5969
v 924.5155 740.6383 282.1920
v 924.7365 739.0888 282.5971
f 4996 4997 4998
v 926.4750 739.1191 254.0829
v 926.4795 739.1232 282.5969
v 924.7365 739.0888 282.5971
f 4999 5000 5001
v 926.6506 740.6796 282.1917
v 928.1764 738.7216 282.5967
v 928.7273 740.1891 282.1914
f 5002 5003 5004
v 928.1764 738.7216 282.5967
v 926.6506 740.6796 282.1917
v 926.4795 739.1232 282.5969
f 5005 5006 5007
v 928.1719 738.7176 254.0826
v 928.1764 738.7216 282.5967
v 926.4795 739.1232 282.5969
f 5008 5009 5010
v 928.7273 740.1891 282.1914
v 929.7182 737.9105 282.5965
v 930.6146 739.1950 282.1912
f 5011 5012 5013
v 929.7182 737.9105 282.5965
v 928.7273 740.1891 282.1914
v 928.1764 738.7216 282.5967
f 5014 5015 5016
v 929.7137 737.9064 254.0824
v 929.7182 737.9105 282.5965
v 928.1764 738.7216 282.5967
f 5017 5018 5019
v 929.7182 737.9105 282.5965
v 931.0081 736.7410 282.5965
v 932.1957 737.7608 282.1912
f 5020 5021 5022
v 932.1957 737.7608 282.1912
v 930.6146 739.1950 282.1912
v 929.7182 737.9105 282.5965
f 5023 5024 5025
v 931.0035 736.7371 254.0824
v 931.0081 736.7410 282.5965
v 929.7182 737.9105 282.5965
f 5026 5027 5028
v 931.0081 736.7410 282.5965
v 931.9661 735.2844 282.5965
v 933.3699 735.9776 282.1912
f 5029 5030 5031
v 933.3699 735.9776 282.1912
v 932.1957 737.7608 282.1912
v 931.0081 736.7410 282.5965
f 5032 5033 5034
v 931.9616 735.2805 254.0824
v 931.9661 735.2844 282.5965
v 931.0081 736.7410 282.5965
f 5035 5036 5037
v 931.9661 735.2844 282.5965
v 932.5327 733.6340 282.5966
v 934.0635 733.9578 282.1914
f 5038 5039 5040
v 934.0635 733.9578 282.1914
v 933.3699 735.9776 282.1912
v 931.9661 735.2844 282.5965
f 5041 5042 5043
v 932.5282 733.6300 254.0825
v 932.5327 733.6340 282.5966
v 931.9661 735.2844 282.5965
f 5044 5045 5046
v 932.5327 733.6340 282.5966
v 932.6700 731.8936 282.5968
v 934.2328 731.8254 282.1916
f 5047 5048 5049
v 934.2328 731.8254 282.1916
v 934.0635 733.9578 282.1914
v 932.5327 733.6340 282.5966
f 5050 5051 5052
v 932.6655 731.8896 254.0827
v 932.6700 731.8936 282.5968
v 932.5327 733.6340 282.5966
f 5053 5054 5055
v 932.6700 731.8936 282.5968
v 932.3724 730.1725 282.5970
v 933.8672 729.7184 282.1919
f 5056 5057 5058
v 933.8672 729.7184 282.1919
v 934.2328 731.8254 282.1916
v 932.6700 731.8936 282.5968
f 5059 5060 5061
v 932.3679 730.1684 254.0829
v 932.3724 730.1725 282.5970
v 932.6700 731.8936 282.5968
f 5062 5063 5064
v 932.3724 730.1725 282.5970
v 931.6551 728.5774 282.5973
v 932.9889 727.7658 282.1922
f 5065 5066 5067
v 932.9889 727.7658 282.1922
v 933.8672 729.7184 282.1919
v 932.3724 730.1725 282.5970
f 5068 5069 5070
v 931.6507 728.5735 254.0832
v 931.6551 728.5774 282.5973
v 932.3724 730.1725 282.5970
f 5071 5072 5073
v 917.6635 729.3998 282.1943
v 917.2291 731.4929 282.1941
v 916.2508 731.4115 281.7232
f 5074 5075 5076
v 916.2508 731.4115 281.7232
v 916.7345 729.0773 281.7234
v 917.6635 729.3998 282.1943
f 5077 5078 5079
v 916.7303 729.0735 254.0853
v 916.7345 729.0773 281.7234
v 916.2508 731.4115 281.7232
f 5080 5081 5082
v 917.2291 731.4929 282.1941
v 917.3288 733.6296 282.1938
v 916.3602 733.7952 281.7229
f 5083 5084 5085
v 916.3602 733.7952 281.7229
v 916.2508 731.4115 281.7232
v 917.2291 731.4929 282.1941
f 5086 5087 5088
v 916.2465 731.4076 254.0852
v 916.2508 731.4115 281.7232
v 916.3602 733.7952 281.7229
f 5089 5090 5091
v 917.3288 733.6296 282.1938
v 917.9543 735.6770 282.1935
v 917.0593 736.0783 281.7226
f 5092 5093 5094
v 917.0593 736.0783 281.7226
v 916.3602 733.7952 281.7229
v 917.3288 733.6296 282.1938
f 5095 5096 5097
v 916.3559 733.7913 254.0849
v 916.3602 733.7952 281.7229
v 917.0593 736.0783 281.7226
f 5098 5099 5100
v 917.9543 735.6770 282.1935
v 919.0692 737.5050 282.1931
v 918.3018 738.1170 281.7222
f 5101 5102 5103
v 918.3018 738.1170 281.7222
v 917.0593 736.0783 281.7226
v 917.9543 735.6770 282.1935
f 5104 5105 5106
v 917.0550 736.0744 254.0846
v 917.0593 736.0783 281.7226
v 918.3018 738.1170 281.7222
f 5107 5108 5109
v 919.0692 737.5050 282.1931
v 920.6021 738.9988 282.1927
v 920.0102 739.7834 281.7217
f 5110 5111 5112
v 920.0102 739.7834 281.7217
v 918.3018 738.1170 281.7222
v 919.0692 737.5050 282.1931
f 5113 5114 5115
v 918.2974 738.1131 254.0842
v 918.3018 738.1170 281.7222
v 920.0102 739.7834 281.7217
f 5116 5117 5118
v 920.0102 739.7834 281.7217
v 922.4560 740.0659 282.1923
v 922.0784 740.9727 281.7213
f 5119 5120 5121
v 922.4560 740.0659 282.1923
v 920.0102 739.7834 281.7217
v 920.6021 738.9988 282.1927
f 5122 5123 5124
v 920.0059 739.7795 254.0837
v 920.0102 739.7834 281.7217
v 922.0784 740.9727 281.7213
f 5125 5126 5127
v 922.0784 740.9727 281.7213
v 924.5155 740.6383 282.1920
v 924.3760 741.6116 281.7209
f 5128 5129 5130
v 924.5155 740.6383 282.1920
v 922.0784 740.9727 281.7213
v 922.4560 740.0659 282.1923
f 5131 5132 5133
v 922.0741 740.9688 254.0833
v 922.0784 740.9727 281.7213
v 924.3760 741.6116 281.7209
f 5134 5135 5136
v 924.3760 741.6116 281.7209
v 926.6506 740.6796 282.1917
v 926.7581 741.6583 281.7205
f 5137 5138 5139
v 926.6506 740.6796 282.1917
v 924.3760 741.6116 281.7209
v 924.5155 740.6383 282.1920
f 5140 5141 5142
v 924.3717 741.6077 254.0829
v 924.3760 741.6116 281.7209
v 926.7581 741.6583 281.7205
f 5143 5144 5145
v 926.7581 741.6583 281.7205
v 928.7273 740.1891 282.1914
v 929.0736 741.1110 281.7203
f 5146 5147 5148
v 928.7273 740.1891 282.1914
v 926.7581 741.6583 281.7205
v 926.6506 740.6796 282.1917
f 5149 5150 5151
v 926.7538 741.6544 254.0825
v 926.7581 741.6583 281.7205
v 929.0736 741.1110 281.7203
f 5152 5153 5154
v 929.0736 741.1110 281.7203
v 930.6146 739.1950 282.1912
v 931.1797 740.0024 281.7201
f 5155 5156 5157
v 930.6146 739.1950 282.1912
v 929.0736 741.1110 281.7203
v 928.7273 740.1891 282.1914
f 5158 5159 5160
v 929.0693 741.1072 254.0823
v 929.0736 741.1110 281.7203
v 931.1797 740.0024 281.7201
f 5161 5162 5163
v 930.6146 739.1950 282.1912
v 932.1957 737.7608 282.1912
v 932.9423 738.4037 281.7200
f 5164 5165 5166
v 932.9423 738.4037 281.7200
v 931.1797 740.0024 281.7201
v 930.6146 739.1950 282.1912
f 5167 5168 5169
v 931.1753 739.9985 254.0820
v 931.1797 740.0024 281.7201
v 932.9423 738.4037 281.7200
f 5170 5171 5172
v 932.1957 737.7608 282.1912
v 933.3699 735.9776 282.1912
v 934.2510 736.4142 281.7200
f 5173 5174 5175
v 934.2510 736.4142 281.7200
v 932.9423 738.4037 281.7200
v 932.1957 737.7608 282.1912
f 5176 5177 5178
v 932.9380 738.3998 254.0819
v 932.9423 738.4037 281.7200
v 934.2510 736.4142 281.7200
f 5179 5180 5181
v 933.3699 735.9776 282.1912
v 934.0635 733.9578 282.1914
v 935.0249 734.1612 281.7202
f 5182 5183 5184
v 935.0249 734.1612 281.7202
v 934.2510 736.4142 281.7200
v 933.3699 735.9776 282.1912
f 5185 5186 5187
v 934.2466 736.4104 254.0819
v 934.2510 736.4142 281.7200
v 935.0249 734.1612 281.7202
f 5188 5189 5190
v 934.0635 733.9578 282.1914
v 934.2328 731.8254 282.1916
v 935.2135 731.7827 281.7204
f 5191 5192 5193
v 935.2135 731.7827 281.7204
v 935.0249 734.1612 281.7202
v 934.0635 733.9578 282.1914
f 5194 5195 5196
v 935.0206 734.1573 254.0821
v 935.0249 734.1612 281.7202
v 935.2135 731.7827 281.7204
f 5197 5198 5199
v 934.2328 731.8254 282.1916
v 933.8672 729.7184 282.1919
v 934.8063 729.4318 281.7208
f 5200 5201 5202
v 934.8063 729.4318 281.7208
v 935.2135 731.7827 281.7204
v 934.2328 731.8254 282.1916
f 5203 5204 5205
v 935.2092 731.7789 254.0823
v 935.2135 731.7827 281.7204
v 934.8063 729.4318 281.7208
f 5206 5207 5208
v 933.8672 729.7184 282.1919
v 932.9889 727.7658 282.1922
v 933.8274 727.2544 281.7212
f 5209 5210 5211
v 933.8274 727.2544 281.7212
v 934.8063 729.4318 281.7208
v 933.8672 729.7184 282.1919
f 5212 5213 5214
v 934.8019 729.4280 254.0827
v 934.8063 729.4318 281.7208
v 933.8274 727.2544 281.7212
f 5215 5216 5217
v 932.5737 725.1467 281.2146
v 930.4366 723.9475 281.7220
v 930.6018 723.6551 281.2150
f 5218 5219 5220
v 930.4366 723.9475 281.7220
v 932.5737 725.1467 281.2146
v 932.3404 725.3855 281.7216
f 5221 5222 5223
v 924.5330 729.9365 283.1062
v 925.1294 729.7130 283.1061
v 925.7230 732.1953 283.1718
f 5224 5225 5226
v 925.7230 732.1953 283.1718
v 924.0099 730.3020 283.1062
v 924.5330 729.9365 283.1062
f 5227 5228 5229
v 925.7230 732.1953 283.1718
v 923.5952 730.7870 283.1062
v 924.0099 730.3020 283.1062
f 5230 5231 5232
v 923.5952 730.7870 283.1062
v 925.7230 732.1953 283.1718
v 923.3138 731.3598 283.1062
f 5233 5234 5235
v 921.0652 730.5768 254.0845
v 919.1429 729.9129 282.5990
v 921.0697 730.5808 282.9106
f 5236 5237 5238
v 919.1429 729.9129 282.5990
v 921.0652 730.5768 254.0845
v 919.1384 729.9090 254.0849
f 5239 5240 5241
v 921.0652 730.5768 254.0845
v 921.0697 730.5808 282.9106
v 923.3093 731.3557 254.0841
f 5242 5243 5244
v 925.7184 732.1913 254.0837
v 923.3138 731.3598 283.1062
v 925.7230 732.1953 283.1718
f 5245 5246 5247
v 923.3138 731.3598 283.1062
v 925.7184 732.1913 254.0837
v 923.3093 731.3557 254.0841
f 5248 5249 5250
v 921.0697 730.5808 282.9106
v 923.3138 731.3598 283.1062
v 923.3093 731.3557 254.0841
f 5251 5252 5253
v 926.9851 729.9850 283.1058
v 927.4951 730.3716 283.1057
v 925.7230 732.1953 283.1718
f 5254 5255 5256
v 925.7230 732.1953 283.1718
v 926.3964 729.7385 283.1060
v 926.9851 729.9850 283.1058
f 5257 5258 5259
v 925.7642 729.6463 283.1061
v 926.3964 729.7385 283.1060
v 925.7230 732.1953 283.1718
f 5260 5261 5262
v 925.7230 732.1953 283.1718
v 925.1294 729.7130 283.1061
v 925.7642 729.6463 283.1061
f 5263 5264 5265
v 933.8274 727.2544 281.7212
v 932.9845 727.7619 254.0831
v 933.8231 727.2506 254.0831
f 5266 5267 5268
v 933.8274 727.2544 281.7212
v 931.6507 728.5735 254.0832
v 932.9845 727.7619 254.0831
f 5269 5270 5271
v 931.6507 728.5735 254.0832
v 932.9889 727.7658 282.1922
v 931.6551 728.5774 282.5973
f 5272 5273 5274
v 933.8274 727.2544 281.7212
v 932.9889 727.7658 282.1922
v 931.6507 728.5735 254.0832
f 5275 5276 5277
v 932.5737 725.1467 281.2146
v 931.6544 726.0903 282.1926
v 932.3404 725.3855 281.7216
f 5278 5279 5280
v 930.5665 727.2103 282.5976
v 931.6544 726.0903 282.1926
v 932.5737 725.1467 281.2146
f 5281 5282 5283
v 931.6500 726.0865 254.0835
v 927.4951 730.3716 283.1057
v 929.1485 728.6711 282.9097
f 5284 5285 5286
v 929.1485 728.6711 282.9097
v 930.5665 727.2103 282.5976
v 932.5737 725.1467 281.2146
f 5287 5288 5289
v 930.5620 727.2064 254.0835
v 925.7230 732.1953 283.1718
v 927.4951 730.3716 283.1057
f 5290 5291 5292
v 932.5737 725.1467 281.2146
v 932.3361 725.3817 254.0835
v 929.1485 728.6711 282.9097
f 5293 5294 5295
v 931.6500 726.0865 254.0835
v 929.1485 728.6711 282.9097
v 932.3361 725.3817 254.0835
f 5296 5297 5298
v 932.5695 725.1430 254.0835
v 932.3361 725.3817 254.0835
v 932.5737 725.1467 281.2146
f 5299 5300 5301
v 927.4905 730.3676 254.0836
v 925.7184 732.1913 254.0837
v 925.7230 732.1953 283.1718
f 5302 5303 5304
v 925.7230 732.1953 283.1718
v 929.1439 728.6671 254.0836
v 927.4905 730.3676 254.0836
f 5305 5306 5307
v 925.7230 732.1953 283.1718
v 930.5620 727.2064 254.0835
v 929.1439 728.6671 254.0836
f 5308 5309 5310
v 927.4951 730.3716 283.1057
v 931.6500 726.0865 254.0835
v 930.5620 727.2064 254.0835
f 5311 5312 5313
v 934.2466 736.4104 254.0819
v 931.0035 736.7371 254.0824
v 932.9380 738.3998 254.0819
f 5314 5315 5316
v 934.2466 736.4104 254.0819
v 931.9616 735.2805 254.0824
v 931.0035 736.7371 254.0824
f 5317 5318 5319
v 931.1753 739.9985 254.0820
v 932.9380 738.3998 254.0819
v 929.7137 737.9064 254.0824
f 5320 5321 5322
v 931.0035 736.7371 254.0824
v 929.7137 737.9064 254.0824
v 932.9380 738.3998 254.0819
f 5323 5324 5325
v 929.0693 741.1072 254.0823
v 931.1753 739.9985 254.0820
v 929.7137 737.9064 254.0824
f 5326 5327 5328
v 931.9616 735.2805 254.0824
v 934.2466 736.4104 254.0819
v 935.0206 734.1573 254.0821
f 5329 5330 5331
v 934.8019 729.4280 254.0827
v 932.6655 731.8896 254.0827
v 935.2092 731.7789 254.0823
f 5332 5333 5334
v 932.3679 730.1684 254.0829
v 932.6655 731.8896 254.0827
v 934.8019 729.4280 254.0827
f 5335 5336 5337
v 932.5282 733.6300 254.0825
v 931.9616 735.2805 254.0824
v 935.0206 734.1573 254.0821
f 5338 5339 5340
v 935.2092 731.7789 254.0823
v 932.6655 731.8896 254.0827
v 932.5282 733.6300 254.0825
f 5341 5342 5343
v 935.2092 731.7789 254.0823
v 932.5282 733.6300 254.0825
v 935.0206 734.1573 254.0821
f 5344 5345 5346
v 928.1719 738.7176 254.0826
v 926.7538 741.6544 254.0825
v 929.0693 741.1072 254.0823
f 5347 5348 5349
v 929.7137 737.9064 254.0824
v 928.1719 738.7176 254.0826
v 929.0693 741.1072 254.0823
f 5350 5351 5352
v 926.4750 739.1191 254.0829
v 926.7538 741.6544 254.0825
v 928.1719 738.7176 254.0826
f 5353 5354 5355
v 926.7538 741.6544 254.0825
v 926.4750 739.1191 254.0829
v 924.3717 741.6077 254.0829
f 5356 5357 5358
v 924.7319 739.0848 254.0831
v 922.0741 740.9688 254.0833
v 924.3717 741.6077 254.0829
f 5359 5360 5361
v 924.7319 739.0848 254.0831
v 924.3717 741.6077 254.0829
v 926.4750 739.1191 254.0829
f 5362 5363 5364
v 922.0741 740.9688 254.0833
v 923.0507 738.6183 254.0834
v 920.0059 739.7795 254.0837
f 5365 5366 5367
v 918.2974 738.1131 254.0842
v 920.0059 739.7795 254.0837
v 921.5364 737.7474 254.0837
f 5368 5369 5370
v 923.0507 738.6183 254.0834
v 921.5364 737.7474 254.0837
v 920.0059 739.7795 254.0837
f 5371 5372 5373
v 920.2862 736.5268 254.0841
v 919.3762 735.0342 254.0844
v 918.2974 738.1131 254.0842
f 5374 5375 5376
v 921.5364 737.7474 254.0837
v 920.2862 736.5268 254.0841
v 918.2974 738.1131 254.0842
f 5377 5378 5379
v 924.7319 739.0848 254.0831
v 923.0507 738.6183 254.0834
v 922.0741 740.9688 254.0833
f 5380 5381 5382
v 932.9845 727.7619 254.0831
v 932.3679 730.1684 254.0829
v 934.8019 729.4280 254.0827
f 5383 5384 5385
v 932.3679 730.1684 254.0829
v 932.9845 727.7619 254.0831
v 931.6507 728.5735 254.0832
f 5386 5387 5388
v 934.8019 729.4280 254.0827
v 933.8231 727.2506 254.0831
v 932.9845 727.7619 254.0831
f 5389 5390 5391
v 929.1439 728.6671 254.0836
v 925.8740 722.6760 254.0847
v 927.4905 730.3676 254.0836
f 5392 5393 5394
v 930.5620 727.2064 254.0835
v 928.3200 722.6974 254.0844
v 929.1439 728.6671 254.0836
f 5395 5396 5397
v 927.4905 730.3676 254.0836
v 923.3093 731.3557 254.0841
v 925.7184 732.1913 254.0837
f 5398 5399 5400
v 930.5975 723.6513 254.0839
v 932.3361 725.3817 254.0835
v 932.5695 725.1430 254.0835
f 5401 5402 5403
v 931.6500 726.0865 254.0835
v 932.3361 725.3817 254.0835
v 930.5975 723.6513 254.0839
f 5404 5405 5406
v 929.1439 728.6671 254.0836
v 928.3200 722.6974 254.0844
v 925.8740 722.6760 254.0847
f 5407 5408 5409
v 928.3200 722.6974 254.0844
v 930.5620 727.2064 254.0835
v 930.5975 723.6513 254.0839
f 5410 5411 5412
v 925.8740 722.6760 254.0847
v 923.5067 722.9284 254.0850
v 927.4905 730.3676 254.0836
f 5413 5414 5415
v 930.5620 727.2064 254.0835
v 931.6500 726.0865 254.0835
v 930.5975 723.6513 254.0839
f 5416 5417 5418
v 923.3093 731.3557 254.0841
v 927.4905 730.3676 254.0836
v 923.5067 722.9284 254.0850
f 5419 5420 5421
v 916.3559 733.7913 254.0849
v 918.8637 733.3627 254.0846
v 918.7841 731.6178 254.0847
f 5422 5423 5424
v 919.3762 735.0342 254.0844
v 918.8637 733.3627 254.0846
v 917.0550 736.0744 254.0846
f 5425 5426 5427
v 916.3559 733.7913 254.0849
v 917.0550 736.0744 254.0846
v 918.8637 733.3627 254.0846
f 5428 5429 5430
v 918.2974 738.1131 254.0842
v 919.3762 735.0342 254.0844
v 917.0550 736.0744 254.0846
f 5431 5432 5433
v 916.3559 733.7913 254.0849
v 918.7841 731.6178 254.0847
v 916.2465 731.4076 254.0852
f 5434 5435 5436
v 919.3276 725.1286 254.0854
v 921.0652 730.5768 254.0845
v 921.2779 723.7633 254.0853
f 5437 5438 5439
v 923.3093 731.3557 254.0841
v 921.2779 723.7633 254.0853
v 921.0652 730.5768 254.0845
f 5440 5441 5442
v 919.1384 729.9090 254.0849
v 921.0652 730.5768 254.0845
v 919.3276 725.1286 254.0854
f 5443 5444 5445
v 916.7303 729.0735 254.0853
v 916.2465 731.4076 254.0852
v 919.1384 729.9090 254.0849
f 5446 5447 5448
v 919.1384 729.9090 254.0849
v 916.2465 731.4076 254.0852
v 918.7841 731.6178 254.0847
f 5449 5450 5451
v 919.1384 729.9090 254.0849
v 917.7805 726.9356 254.0854
v 916.7303 729.0735 254.0853
f 5452 5453 5454
v 917.7805 726.9356 254.0854
v 919.1384 729.9090 254.0849
v 919.3276 725.1286 254.0854
f 5455 5456 5457
v 921.2779 723.7633 254.0853
v 923.3093 731.3557 254.0841
v 923.5067 722.9284 254.0850
f 5458 5459 5460
v 923.5067 722.9284 254.0850
v 921.2822 723.7671 281.7234
v 921.2779 723.7633 254.0853
f 5461 5462 5463
v 921.2779 723.7633 254.0853
v 919.3319 725.1324 281.7235
v 919.3276 725.1286 254.0854
f 5464 5465 5466
v 919.3276 725.1286 254.0854
v 917.7848 726.9395 281.7235
v 917.7805 726.9356 254.0854
f 5467 5468 5469
v 917.7805 726.9356 254.0854
v 916.7345 729.0773 281.7234
v 916.7303 729.0735 254.0853
f 5470 5471 5472
v 925.8740 722.6760 254.0847
v 923.5110 722.9322 281.7231
v 923.5067 722.9284 254.0850
f 5473 5474 5475
v 932.5695 725.1430 254.0835
v 930.6018 723.6551 281.2150
v 930.5975 723.6513 254.0839
f 5476 5477 5478
v 930.5975 723.6513 254.0839
v 928.3243 722.7012 281.2155
v 928.3200 722.6974 254.0844
f 5479 5480 5481
v 928.3243 722.7012 281.2155
v 925.8783 722.6799 281.7228
v 925.8740 722.6760 254.0847
f 5482 5483 5484
v 918.7841 731.6178 254.0847
v 919.1429 729.9129 282.5990
v 919.1384 729.9090 254.0849
f 5485 5486 5487
v 918.8637 733.3627 254.0846
v 918.7885 731.6219 282.5988
v 918.7841 731.6178 254.0847
f 5488 5489 5490
v 919.3762 735.0342 254.0844
v 918.8682 733.3666 282.5986
v 918.8637 733.3627 254.0846
f 5491 5492 5493
v 920.2862 736.5268 254.0841
v 919.3806 735.0382 282.5984
v 919.3762 735.0342 254.0844
f 5494 5495 5496
v 921.5364 737.7474 254.0837
v 920.2906 736.5308 282.5981
v 920.2862 736.5268 254.0841
f 5497 5498 5499
v 923.0507 738.6183 254.0834
v 921.5409 737.7513 282.5977
v 921.5364 737.7474 254.0837
f 5500 5501 5502
v 924.7319 739.0848 254.0831
v 923.0552 738.6223 282.5974
v 923.0507 738.6183 254.0834
f 5503 5504 5505
v 926.4750 739.1191 254.0829
v 924.7365 739.0888 282.5971
v 924.7319 739.0848 254.0831
f 5506 5507 5508
v 928.1719 738.7176 254.0826
v 926.4795 739.1232 282.5969
v 926.4750 739.1191 254.0829
f 5509 5510 5511
v 929.7137 737.9064 254.0824
v 928.1764 738.7216 282.5967
v 928.1719 738.7176 254.0826
f 5512 5513 5514
v 931.0035 736.7371 254.0824
v 929.7182 737.9105 282.5965
v 929.7137 737.9064 254.0824
f 5515 5516 5517
v 931.9616 735.2805 254.0824
v 931.0081 736.7410 282.5965
v 931.0035 736.7371 254.0824
f 5518 5519 5520
v 932.5282 733.6300 254.0825
v 931.9661 735.2844 282.5965
v 931.9616 735.2805 254.0824
f 5521 5522 5523
v 932.6655 731.8896 254.0827
v 932.5327 733.6340 282.5966
v 932.5282 733.6300 254.0825
f 5524 5525 5526
v 932.3679 730.1684 254.0829
v 932.6700 731.8936 282.5968
v 932.6655 731.8896 254.0827
f 5527 5528 5529
v 931.6507 728.5735 254.0832
v 932.3724 730.1725 282.5970
v 932.3679 730.1684 254.0829
f 5530 5531 5532
v 916.7303 729.0735 254.0853
v 916.2508 731.4115 281.7232
v 916.2465 731.4076 254.0852
f 5533 5534 5535
v 916.2465 731.4076 254.0852
v 916.3602 733.7952 281.7229
v 916.3559 733.7913 254.0849
f 5536 5537 5538
v 916.3559 733.7913 254.0849
v 917.0593 736.0783 281.7226
v 917.0550 736.0744 254.0846
f 5539 5540 5541
v 917.0550 736.0744 254.0846
v 918.3018 738.1170 281.7222
v 918.2974 738.1131 254.0842
f 5542 5543 5544
v 918.2974 738.1131 254.0842
v 920.0102 739.7834 281.7217
v 920.0059 739.7795 254.0837
f 5545 5546 5547
v 920.0059 739.7795 254.0837
v 922.0784 740.9727 281.7213
v 922.0741 740.9688 254.0833
f 5548 5549 5550
v 922.0741 740.9688 254.0833
v 924.3760 741.6116 281.7209
v 924.3717 741.6077 254.0829
f 5551 5552 5553
v 924.3717 741.6077 254.0829
v 926.7581 741.6583 281.7205
v 926.7538 741.6544 254.0825
f 5554 5555 5556
v 926.7538 741.6544 254.0825
v 929.0736 741.1110 281.7203
v 929.0693 741.1072 254.0823
f 5557 5558 5559
v 929.0693 741.1072 254.0823
v 931.1797 740.0024 281.7201
v 931.1753 739.9985 254.0820
f 5560 5561 5562
v 931.1753 739.9985 254.0820
v 932.9423 738.4037 281.7200
v 932.9380 738.3998 254.0819
f 5563 5564 5565
v 932.9380 738.3998 254.0819
v 934.2510 736.4142 281.7200
v 934.2466 736.4104 254.0819
f 5566 5567 5568
v 934.2466 736.4104 254.0819
v 935.0249 734.1612 281.7202
v 935.0206 734.1573 254.0821
f 5569 5570 5571
v 935.0206 734.1573 254.0821
v 935.2135 731.7827 281.7204
v 935.2092 731.7789 254.0823
f 5572 5573 5574
v 935.2092 731.7789 254.0823
v 934.8063 729.4318 281.7208
v 934.8019 729.4280 254.0827
f 5575 5576 5577
v 934.8019 729.4280 254.0827
v 933.8274 727.2544 281.7212
v 933.8231 727.2506 254.0831
f 5578 5579 5580

g building_ID_16115BCA-2B4A-4D9F-ACF3-C6A289945899
v 909.8916 738.0796 254.5323
v 909.2350 737.4964 254.5324
v 909.5259 737.8296 254.5323
f 5581 5582 5583
v 909.8916 738.0796 254.5323
v 910.3080 738.2305 254.5322
v 909.2350 737.4964 254.5324
f 5584 5585 5586
v 911.9437 737.7612 254.5320
v 910.3080 738.2305 254.5322
v 911.1859 738.2062 254.5321
f 5587 5588 5589
v 910.7481 738.2743 254.5321
v 911.1859 738.2062 254.5321
v 910.3080 738.2305 254.5322
f 5590 5591 5592
v 910.3080 738.2305 254.5322
v 911.9437 737.7612 254.5320
v 908.9557 736.2262 254.5326
f 5593 5594 5595
v 908.9398 736.6682 254.5326
v 909.0349 737.1009 254.5325
v 908.9557 736.2262 254.5326
f 5596 5597 5598
v 909.2350 737.4964 254.5324
v 908.9557 736.2262 254.5326
v 909.0349 737.1009 254.5325
f 5599 5600 5601
v 909.2350 737.4964 254.5324
v 910.3080 738.2305 254.5322
v 908.9557 736.2262 254.5326
f 5602 5603 5604
v 909.0805 735.8008 254.5326
v 908.9557 736.2262 254.5326
v 910.0030 734.8844 254.5326
f 5605 5606 5607
v 909.3065 735.4203 254.5327
v 909.0805 735.8008 254.5326
v 909.6206 735.1085 254.5326
f 5608 5609 5610
v 911.9437 737.7612 254.5320
v 911.1859 738.2062 254.5321
v 911.5924 738.0321 254.5320
f 5611 5612 5613
v 912.3937 737.0069 254.5320
v 911.9437 737.7612 254.5320
v 912.2167 737.4124 254.5320
f 5614 5615 5616
v 912.2752 735.7113 254.5322
v 911.9437 737.7612 254.5320
v 912.3937 737.0069 254.5320
f 5617 5618 5619
v 912.2752 735.7113 254.5322
v 912.4645 736.5698 254.5321
v 912.4243 736.1289 254.5321
f 5620 5621 5622
v 912.3937 737.0069 254.5320
v 912.4645 736.5698 254.5321
v 912.2752 735.7113 254.5322
f 5623 5624 5625
v 911.6964 735.0509 254.5324
v 911.9437 737.7612 254.5320
v 912.2752 735.7113 254.5322
f 5626 5627 5628
v 910.4287 734.7622 254.5326
v 910.0030 734.8844 254.5326
v 910.8716 734.7501 254.5325
f 5629 5630 5631
v 910.0030 734.8844 254.5326
v 909.6206 735.1085 254.5326
v 909.0805 735.8008 254.5326
f 5632 5633 5634
v 910.0030 734.8844 254.5326
v 911.6964 735.0509 254.5324
v 910.8716 734.7501 254.5325
f 5635 5636 5637
v 911.6964 735.0509 254.5324
v 911.3029 734.8479 254.5324
v 910.8716 734.7501 254.5325
f 5638 5639 5640
v 908.9557 736.2262 254.5326
v 911.6964 735.0509 254.5324
v 910.0030 734.8844 254.5326
f 5641 5642 5643
v 911.6964 735.0509 254.5324
v 912.2752 735.7113 254.5322
v 912.0282 735.3450 254.5323
f 5644 5645 5646
v 911.6964 735.0509 254.5324
v 908.9557 736.2262 254.5326
v 911.9437 737.7612 254.5320
f 5647 5648 5649
v 912.4671 736.5722 271.4886
v 912.2778 735.7137 271.4887
v 912.4269 736.1313 271.4886
f 5650 5651 5652
v 912.3963 737.0093 271.4885
v 912.2778 735.7137 271.4887
v 912.4671 736.5722 271.4886
f 5653 5654 5655
v 911.9463 737.7636 271.4885
v 912.3963 737.0093 271.4885
v 912.2194 737.4148 271.4885
f 5656 5657 5658
v 912.2778 735.7137 271.4887
v 912.3963 737.0093 271.4885
v 911.9463 737.7636 271.4885
f 5659 5660 5661
v 911.6990 735.0533 271.4889
v 912.2778 735.7137 271.4887
v 911.9463 737.7636 271.4885
f 5662 5663 5664
v 911.3055 734.8503 271.4889
v 911.6990 735.0533 271.4889
v 910.8743 734.7525 271.4890
f 5665 5666 5667
v 912.2778 735.7137 271.4887
v 911.6990 735.0533 271.4889
v 912.0308 735.3473 271.4888
f 5668 5669 5670
v 910.4313 734.7646 271.4891
v 910.8743 734.7525 271.4890
v 910.0056 734.8868 271.4891
f 5671 5672 5673
v 911.6990 735.0533 271.4889
v 910.0056 734.8868 271.4891
v 910.8743 734.7525 271.4890
f 5674 5675 5676
v 910.0056 734.8868 271.4891
v 911.6990 735.0533 271.4889
v 908.9582 736.2285 271.4891
f 5677 5678 5679
v 908.9582 736.2285 271.4891
v 911.6990 735.0533 271.4889
v 911.9463 737.7636 271.4885
f 5680 5681 5682
v 910.3106 738.2330 271.4887
v 911.9463 737.7636 271.4885
v 911.1885 738.2085 271.4886
f 5683 5684 5685
v 910.7507 738.2767 271.4886
v 910.3106 738.2330 271.4887
v 911.1885 738.2085 271.4886
f 5686 5687 5688
v 909.8942 738.0820 271.4888
v 909.2376 737.4987 271.4889
v 910.3106 738.2330 271.4887
f 5689 5690 5691
v 911.9463 737.7636 271.4885
v 910.3106 738.2330 271.4887
v 908.9582 736.2285 271.4891
f 5692 5693 5694
v 909.8942 738.0820 271.4888
v 909.5285 737.8320 271.4888
v 909.2376 737.4987 271.4889
f 5695 5696 5697
v 909.3090 735.4226 271.4892
v 909.6232 735.1107 271.4891
v 909.0831 735.8032 271.4891
f 5698 5699 5700
v 909.6232 735.1107 271.4891
v 910.0056 734.8868 271.4891
v 909.0831 735.8032 271.4891
f 5701 5702 5703
v 908.9582 736.2285 271.4891
v 909.2376 737.4987 271.4889
v 909.0376 737.1033 271.4890
f 5704 5705 5706
v 909.0376 737.1033 271.4890
v 908.9424 736.6706 271.4891
v 908.9582 736.2285 271.4891
f 5707 5708 5709
v 909.0831 735.8032 271.4891
v 910.0056 734.8868 271.4891
v 908.9582 736.2285 271.4891
f 5710 5711 5712
v 908.9582 736.2285 271.4891
v 910.3106 738.2330 271.4887
v 909.2376 737.4987 271.4889
f 5713 5714 5715
v 911.5951 738.0345 271.4885
v 911.1885 738.2085 271.4886
v 911.9463 737.7636 271.4885
f 5716 5717 5718
v 910.3080 738.2305 254.5322
v 910.3106 738.2330 271.4887
v 910.7507 738.2767 271.4886
f 5719 5720 5721
v 909.8916 738.0796 254.5323
v 909.8942 738.0820 271.4888
v 910.3106 738.2330 271.4887
f 5722 5723 5724
v 909.5259 737.8296 254.5323
v 909.5285 737.8320 271.4888
v 909.8942 738.0820 271.4888
f 5725 5726 5727
v 909.2350 737.4964 254.5324
v 909.2376 737.4987 271.4889
v 909.5285 737.8320 271.4888
f 5728 5729 5730
v 909.0349 737.1009 254.5325
v 909.0376 737.1033 271.4890
v 909.2376 737.4987 271.4889
f 5731 5732 5733
v 908.9398 736.6682 254.5326
v 908.9424 736.6706 271.4891
v 909.0376 737.1033 271.4890
f 5734 5735 5736
v 908.9557 736.2262 254.5326
v 908.9582 736.2285 271.4891
v 908.9424 736.6706 271.4891
f 5737 5738 5739
v 909.0805 735.8008 254.5326
v 909.0831 735.8032 271.4891
v 908.9557 736.2262 254.5326
f 5740 5741 5742
v 909.3065 735.4203 254.5327
v 909.3090 735.4226 271.4892
v 909.0805 735.8008 254.5326
f 5743 5744 5745
v 909.6206 735.1085 254.5326
v 909.6232 735.1107 271.4891
v 909.3065 735.4203 254.5327
f 5746 5747 5748
v 910.0030 734.8844 254.5326
v 910.0056 734.8868 271.4891
v 909.6206 735.1085 254.5326
f 5749 5750 5751
v 910.4287 734.7622 254.5326
v 910.4313 734.7646 271.4891
v 910.0056 734.8868 271.4891
f 5752 5753 5754
v 910.8716 734.7501 254.5325
v 910.8743 734.7525 271.4890
v 910.4313 734.7646 271.4891
f 5755 5756 5757
v 911.3029 734.8479 254.5324
v 911.3055 734.8503 271.4889
v 910.8743 734.7525 271.4890
f 5758 5759 5760
v 911.6964 735.0509 254.5324
v 911.6990 735.0533 271.4889
v 911.3055 734.8503 271.4889
f 5761 5762 5763
v 912.0282 735.3450 254.5323
v 912.0308 735.3473 271.4888
v 911.6990 735.0533 271.4889
f 5764 5765 5766
v 912.2752 735.7113 254.5322
v 912.2778 735.7137 271.4887
v 912.0308 735.3473 271.4888
f 5767 5768 5769
v 912.4243 736.1289 254.5321
v 912.4269 736.1313 271.4886
v 912.2778 735.7137 271.4887
f 5770 5771 5772
v 912.4645 736.5698 254.5321
v 912.4671 736.5722 271.4886
v 912.4269 736.1313 271.4886
f 5773 5774 5775
v 912.3937 737.0069 254.5320
v 912.3963 737.0093 271.4885
v 912.4671 736.5722 271.4886
f 5776 5777 5778
v 912.2167 737.4124 254.5320
v 912.2194 737.4148 271.4885
v 912.3963 737.0093 271.4885
f 5779 5780 5781
v 911.9437 737.7612 254.5320
v 911.9463 737.7636 271.4885
v 912.2194 737.4148 271.4885
f 5782 5783 5784
v 911.5924 738.0321 254.5320
v 911.5951 738.0345 271.4885
v 911.9463 737.7636 271.4885
f 5785 5786 5787
v 911.1859 738.2062 254.5321
v 911.1885 738.2085 271.4886
v 911.5951 738.0345 271.4885
f 5788 5789 5790
v 910.7481 738.2743 254.5321
v 910.7507 738.2767 271.4886
v 911.1885 738.2085 271.4886
f 5791 5792 5793
v 910.3080 738.2305 254.5322
v 910.7507 738.2767 271.4886
v 910.7481 738.2743 254.5321
f 5794 5795 5796
v 909.8916 738.0796 254.5323
v 910.3106 738.2330 271.4887
v 910.3080 738.2305 254.5322
f 5797 5798 5799
v 909.5259 737.8296 254.5323
v 909.8942 738.0820 271.4888
v 909.8916 738.0796 254.5323
f 5800 5801 5802
v 909.2350 737.4964 254.5324
v 909.5285 737.8320 271.4888
v 909.5259 737.8296 254.5323
f 5803 5804 5805
v 909.0349 737.1009 254.5325
v 909.2376 737.4987 271.4889
v 909.2350 737.4964 254.5324
f 5806 5807 5808
v 908.9398 736.6682 254.5326
v 909.0376 737.1033 271.4890
v 909.0349 737.1009 254.5325
f 5809 5810 5811
v 908.9557 736.2262 254.5326
v 908.9424 736.6706 271.4891
v 908.9398 736.6682 254.5326
f 5812 5813 5814
v 909.0831 735.8032 271.4891
v 908.9582 736.2285 271.4891
v 908.9557 736.2262 254.5326
f 5815 5816 5817
v 909.3090 735.4226 271.4892
v 909.0831 735.8032 271.4891
v 909.0805 735.8008 254.5326
f 5818 5819 5820
v 909.6232 735.1107 271.4891
v 909.3090 735.4226 271.4892
v 909.3065 735.4203 254.5327
f 5821 5822 5823
v 910.0056 734.8868 271.4891
v 909.6232 735.1107 271.4891
v 909.6206 735.1085 254.5326
f 5824 5825 5826
v 910.4287 734.7622 254.5326
v 910.0056 734.8868 271.4891
v 910.0030 734.8844 254.5326
f 5827 5828 5829
v 910.8716 734.7501 254.5325
v 910.4313 734.7646 271.4891
v 910.4287 734.7622 254.5326
f 5830 5831 5832
v 911.3029 734.8479 254.5324
v 910.8743 734.7525 271.4890
v 910.8716 734.7501 254.5325
f 5833 5834 5835
v 911.6964 735.0509 254.5324
v 911.3055 734.8503 271.4889
v 911.3029 734.8479 254.5324
f 5836 5837 5838
v 912.0282 735.3450 254.5323
v 911.6990 735.0533 271.4889
v 911.6964 735.0509 254.5324
f 5839 5840 5841
v 912.2752 735.7113 254.5322
v 912.0308 735.3473 271.4888
v 912.0282 735.3450 254.5323
f 5842 5843 5844
v 912.4243 736.1289 254.5321
v 912.2778 735.7137 271.4887
v 912.2752 735.7113 254.5322
f 5845 5846 5847
v 912.4645 736.5698 254.5321
v 912.4269 736.1313 271.4886
v 912.4243 736.1289 254.5321
f 5848 5849 5850
v 912.3937 737.0069 254.5320
v 912.4671 736.5722 271.4886
v 912.4645 736.5698 254.5321
f 5851 5852 5853
v 912.2167 737.4124 254.5320
v 912.3963 737.0093 271.4885
v 912.3937 737.0069 254.5320
f 5854 5855 5856
v 911.9437 737.7612 254.5320
v 912.2194 737.4148 271.4885
v 912.2167 737.4124 254.5320
f 5857 5858 5859
v 911.5924 738.0321 254.5320
v 911.9463 737.7636 271.4885
v 911.9437 737.7612 254.5320
f 5860 5861 5862
v 911.1859 738.2062 254.5321
v 911.5951 738.0345 271.4885
v 911.5924 738.0321 254.5320
f 5863 5864 5865
v 910.7481 738.2743 254.5321
v 911.1885 738.2085 271.4886
v 911.1859 738.2062 254.5321
f 5866 5867 5868

g building_ID_9A258B3E-3B5C-4B78-8A61-7F2F6F518467
v 907.5839 734.8368 254.5230
v 906.9273 734.2537 254.5231
v 907.2183 734.5868 254.5230
f 5869 5870 5871
v 907.5839 734.8368 254.5230
v 908.0003 734.9878 254.5229
v 906.9273 734.2537 254.5231
f 5872 5873 5874
v 909.6360 734.5184 254.5227
v 908.0003 734.9878 254.5229
v 908.8782 734.9635 254.5228
f 5875 5876 5877
v 908.4404 735.0316 254.5228
v 908.8782 734.9635 254.5228
v 908.0003 734.9878 254.5229
f 5878 5879 5880
v 908.0003 734.9878 254.5229
v 909.6360 734.5184 254.5227
v 906.6480 732.9835 254.5233
f 5881 5882 5883
v 906.6322 733.4254 254.5233
v 906.7273 733.8582 254.5232
v 906.6480 732.9835 254.5233
f 5884 5885 5886
v 906.9273 734.2537 254.5231
v 906.6480 732.9835 254.5233
v 906.7273 733.8582 254.5232
f 5887 5888 5889
v 906.9273 734.2537 254.5231
v 908.0003 734.9878 254.5229
v 906.6480 732.9835 254.5233
f 5890 5891 5892
v 906.7728 732.5581 254.5233
v 906.6480 732.9835 254.5233
v 907.6953 731.6416 254.5233
f 5893 5894 5895
v 906.9988 732.1775 254.5234
v 906.7728 732.5581 254.5233
v 907.3130 731.8657 254.5233
f 5896 5897 5898
v 909.6360 734.5184 254.5227
v 908.8782 734.9635 254.5228
v 909.2847 734.7893 254.5227
f 5899 5900 5901
v 910.0860 733.7642 254.5227
v 909.6360 734.5184 254.5227
v 909.9091 734.1696 254.5227
f 5902 5903 5904
v 909.9675 732.4685 254.5229
v 909.6360 734.5184 254.5227
v 910.0860 733.7642 254.5227
f 5905 5906 5907
v 909.9675 732.4685 254.5229
v 910.1568 733.3270 254.5228
v 910.1167 732.8862 254.5228
f 5908 5909 5910
v 910.0860 733.7642 254.5227
v 910.1568 733.3270 254.5228
v 909.9675 732.4685 254.5229
f 5911 5912 5913
v 909.3888 731.8081 254.5231
v 909.6360 734.5184 254.5227
v 909.9675 732.4685 254.5229
f 5914 5915 5916
v 908.1210 731.5195 254.5233
v 907.6953 731.6416 254.5233
v 908.5640 731.5073 254.5232
f 5917 5918 5919
v 907.6953 731.6416 254.5233
v 907.3130 731.8657 254.5233
v 906.7728 732.5581 254.5233
f 5920 5921 5922
v 907.6953 731.6416 254.5233
v 909.3888 731.8081 254.5231
v 908.5640 731.5073 254.5232
f 5923 5924 5925
v 909.3888 731.8081 254.5231
v 908.9952 731.6051 254.5231
v 908.5640 731.5073 254.5232
f 5926 5927 5928
v 906.6480 732.9835 254.5233
v 909.3888 731.8081 254.5231
v 907.6953 731.6416 254.5233
f 5929 5930 5931
v 909.3888 731.8081 254.5231
v 909.9675 732.4685 254.5229
v 909.7206 732.1022 254.5230
f 5932 5933 5934
v 909.3888 731.8081 254.5231
v 906.6480 732.9835 254.5233
v 909.6360 734.5184 254.5227
f 5935 5936 5937
v 910.1602 733.3301 276.3071
v 909.9709 732.4716 276.3072
v 910.1200 732.8892 276.3071
f 5938 5939 5940
v 910.0894 733.7672 276.3070
v 909.9709 732.4716 276.3072
v 910.1602 733.3301 276.3071
f 5941 5942 5943
v 909.6394 734.5215 276.3070
v 910.0894 733.7672 276.3070
v 909.9125 734.1727 276.3070
f 5944 5945 5946
v 909.9709 732.4716 276.3072
v 910.0894 733.7672 276.3070
v 909.6394 734.5215 276.3070
f 5947 5948 5949
v 909.3921 731.8111 276.3074
v 909.9709 732.4716 276.3072
v 909.6394 734.5215 276.3070
f 5950 5951 5952
v 908.9986 731.6082 276.3074
v 909.3921 731.8111 276.3074
v 908.5674 731.5104 276.3075
f 5953 5954 5955
v 909.9709 732.4716 276.3072
v 909.3921 731.8111 276.3074
v 909.7239 732.1053 276.3073
f 5956 5957 5958
v 908.1244 731.5225 276.3076
v 908.5674 731.5104 276.3075
v 907.6987 731.6447 276.3076
f 5959 5960 5961
v 909.3921 731.8111 276.3074
v 907.6987 731.6447 276.3076
v 908.5674 731.5104 276.3075
f 5962 5963 5964
v 907.6987 731.6447 276.3076
v 909.3921 731.8111 276.3074
v 906.6513 732.9864 276.3076
f 5965 5966 5967
v 906.6513 732.9864 276.3076
v 909.3921 731.8111 276.3074
v 909.6394 734.5215 276.3070
f 5968 5969 5970
v 908.0037 734.9909 276.3072
v 909.6394 734.5215 276.3070
v 908.8816 734.9664 276.3071
f 5971 5972 5973
v 908.4438 735.0346 276.3071
v 908.0037 734.9909 276.3072
v 908.8816 734.9664 276.3071
f 5974 5975 5976
v 907.5873 734.8399 276.3073
v 906.9307 734.2566 276.3074
v 908.0037 734.9909 276.3072
f 5977 5978 5979
v 909.6394 734.5215 276.3070
v 908.0037 734.9909 276.3072
v 906.6513 732.9864 276.3076
f 5980 5981 5982
v 907.5873 734.8399 276.3073
v 907.2216 734.5899 276.3073
v 906.9307 734.2566 276.3074
f 5983 5984 5985
v 907.0021 732.1805 276.3077
v 907.3163 731.8686 276.3076
v 906.7762 732.5611 276.3076
f 5986 5987 5988
v 907.3163 731.8686 276.3076
v 907.6987 731.6447 276.3076
v 906.7762 732.5611 276.3076
f 5989 5990 5991
v 906.6513 732.9864 276.3076
v 906.9307 734.2566 276.3074
v 906.7307 733.8612 276.3075
f 5992 5993 5994
v 906.7307 733.8612 276.3075
v 906.6355 733.4285 276.3076
v 906.6513 732.9864 276.3076
f 5995 5996 5997
v 906.7762 732.5611 276.3076
v 907.6987 731.6447 276.3076
v 906.6513 732.9864 276.3076
f 5998 5999 6000
v 906.6513 732.9864 276.3076
v 908.0037 734.9909 276.3072
v 906.9307 734.2566 276.3074
f 6001 6002 6003
v 909.2881 734.7924 276.3070
v 908.8816 734.9664 276.3071
v 909.6394 734.5215 276.3070
f 6004 6005 6006
v 908.0003 734.9878 254.5229
v 908.0037 734.9909 276.3072
v 908.4438 735.0346 276.3071
f 6007 6008 6009
v 907.5839 734.8368 254.5230
v 907.5873 734.8399 276.3073
v 908.0037 734.9909 276.3072
f 6010 6011 6012
v 907.2183 734.5868 254.5230
v 907.2216 734.5899 276.3073
v 907.5873 734.8399 276.3073
f 6013 6014 6015
v 906.9273 734.2537 254.5231
v 906.9307 734.2566 276.3074
v 907.2216 734.5899 276.3073
f 6016 6017 6018
v 906.7273 733.8582 254.5232
v 906.7307 733.8612 276.3075
v 906.9307 734.2566 276.3074
f 6019 6020 6021
v 906.6322 733.4254 254.5233
v 906.6355 733.4285 276.3076
v 906.7307 733.8612 276.3075
f 6022 6023 6024
v 906.6480 732.9835 254.5233
v 906.6513 732.9864 276.3076
v 906.6322 733.4254 254.5233
f 6025 6026 6027
v 906.7728 732.5581 254.5233
v 906.7762 732.5611 276.3076
v 906.6480 732.9835 254.5233
f 6028 6029 6030
v 906.9988 732.1775 254.5234
v 907.0021 732.1805 276.3077
v 906.7762 732.5611 276.3076
f 6031 6032 6033
v 907.3130 731.8657 254.5233
v 907.3163 731.8686 276.3076
v 907.0021 732.1805 276.3077
f 6034 6035 6036
v 907.6953 731.6416 254.5233
v 907.6987 731.6447 276.3076
v 907.3163 731.8686 276.3076
f 6037 6038 6039
v 908.1210 731.5195 254.5233
v 908.1244 731.5225 276.3076
v 907.6987 731.6447 276.3076
f 6040 6041 6042
v 908.5640 731.5073 254.5232
v 908.5674 731.5104 276.3075
v 908.1244 731.5225 276.3076
f 6043 6044 6045
v 908.9952 731.6051 254.5231
v 908.9986 731.6082 276.3074
v 908.5674 731.5104 276.3075
f 6046 6047 6048
v 909.3888 731.8081 254.5231
v 909.3921 731.8111 276.3074
v 908.9986 731.6082 276.3074
f 6049 6050 6051
v 909.7206 732.1022 254.5230
v 909.7239 732.1053 276.3073
v 909.3921 731.8111 276.3074
f 6052 6053 6054
v 909.9675 732.4685 254.5229
v 909.9709 732.4716 276.3072
v 909.7239 732.1053 276.3073
f 6055 6056 6057
v 910.1167 732.8862 254.5228
v 910.1200 732.8892 276.3071
v 909.9709 732.4716 276.3072
f 6058 6059 6060
v 910.1568 733.3270 254.5228
v 910.1602 733.3301 276.3071
v 910.1200 732.8892 276.3071
f 6061 6062 6063
v 910.0860 733.7642 254.5227
v 910.0894 733.7672 276.3070
v 910.1602 733.3301 276.3071
f 6064 6065 6066
v 909.9091 734.1696 254.5227
v 909.9125 734.1727 276.3070
v 910.0894 733.7672 276.3070
f 6067 6068 6069
v 909.6360 734.5184 254.5227
v 909.6394 734.5215 276.3070
v 909.9125 734.1727 276.3070
f 6070 6071 6072
v 909.2847 734.7893 254.5227
v 909.2881 734.7924 276.3070
v 909.6394 734.5215 276.3070
f 6073 6074 6075
v 908.8782 734.9635 254.5228
v 908.8816 734.9664 276.3071
v 909.2881 734.7924 276.3070
f 6076 6077 6078
v 908.4404 735.0316 254.5228
v 908.4438 735.0346 276.3071
v 908.8816 734.9664 276.3071
f 6079 6080 6081
v 908.0003 734.9878 254.5229
v 908.4438 735.0346 276.3071
v 908.4404 735.0316 254.5228
f 6082 6083 6084
v 907.5839 734.8368 254.5230
v 908.0037 734.9909 276.3072
v 908.0003 734.9878 254.5229
f 6085 6086 6087
v 907.2183 734.5868 254.5230
v 907.5873 734.8399 276.3073
v 907.5839 734.8368 254.5230
f 6088 6089 6090
v 906.9273 734.2537 254.5231
v 907.2216 734.5899 276.3073
v 907.2183 734.5868 254.5230
f 6091 6092 6093
v 906.7273 733.8582 254.5232
v 906.9307 734.2566 276.3074
v 906.9273 734.2537 254.5231
f 6094 6095 6096
v 906.6322 733.4254 254.5233
v 906.7307 733.8612 276.3075
v 906.7273 733.8582 254.5232
f 6097 6098 6099
v 906.6513 732.9864 276.3076
v 906.6355 733.4285 276.3076
v 906.6322 733.4254 254.5233
f 6100 6101 6102
v 906.7762 732.5611 276.3076
v 906.6513 732.9864 276.3076
v 906.6480 732.9835 254.5233
f 6103 6104 6105
v 906.9988 732.1775 254.5234
v 906.7762 732.5611 276.3076
v 906.7728 732.5581 254.5233
f 6106 6107 6108
v 907.3130 731.8657 254.5233
v 907.0021 732.1805 276.3077
v 906.9988 732.1775 254.5234
f 6109 6110 6111
v 907.6953 731.6416 254.5233
v 907.3163 731.8686 276.3076
v 907.3130 731.8657 254.5233
f 6112 6113 6114
v 908.1210 731.5195 254.5233
v 907.6987 731.6447 276.3076
v 907.6953 731.6416 254.5233
f 6115 6116 6117
v 908.5640 731.5073 254.5232
v 908.1244 731.5225 276.3076
v 908.1210 731.5195 254.5233
f 6118 6119 6120
v 908.9952 731.6051 254.5231
v 908.5674 731.5104 276.3075
v 908.5640 731.5073 254.5232
f 6121 6122 6123
v 909.3888 731.8081 254.5231
v 908.9986 731.6082 276.3074
v 908.9952 731.6051 254.5231
f 6124 6125 6126
v 909.7206 732.1022 254.5230
v 909.3921 731.8111 276.3074
v 909.3888 731.8081 254.5231
f 6127 6128 6129
v 909.9675 732.4685 254.5229
v 909.7239 732.1053 276.3073
v 909.7206 732.1022 254.5230
f 6130 6131 6132
v 910.1167 732.8862 254.5228
v 909.9709 732.4716 276.3072
v 909.9675 732.4685 254.5229
f 6133 6134 6135
v 910.1568 733.3270 254.5228
v 910.1200 732.8892 276.3071
v 910.1167 732.8862 254.5228
f 6136 6137 6138
v 910.0860 733.7642 254.5227
v 910.1602 733.3301 276.3071
v 910.1568 733.3270 254.5228
f 6139 6140 6141
v 909.9091 734.1696 254.5227
v 910.0894 733.7672 276.3070
v 910.0860 733.7642 254.5227
f 6142 6143 6144
v 909.6360 734.5184 254.5227
v 909.9125 734.1727 276.3070
v 909.9091 734.1696 254.5227
f 6145 6146 6147
v 909.2847 734.7893 254.5227
v 909.6394 734.5215 276.3070
v 909.6360 734.5184 254.5227
f 6148 6149 6150
v 908.8782 734.9635 254.5228
v 909.2881 734.7924 276.3070
v 909.2847 734.7893 254.5227
f 6151 6152 6153
v 908.4404 735.0316 254.5228
v 908.8816 734.9664 276.3071
v 908.8782 734.9635 254.5228
f 6154 6155 6156

g building_ID_248A113E-C370-45A3-AC92-04D9EED5A327
v 904.5329 737.8000 254.5272
v 903.6763 736.8214 254.5274
v 904.1672 737.5500 254.5272
f 6157 6158 6159
v 904.5329 737.8000 254.5272
v 904.9493 737.9509 254.5271
v 903.5811 736.3886 254.5275
f 6160 6161 6162
v 905.8272 737.9265 254.5270
v 903.7218 735.5213 254.5275
v 905.3894 737.9947 254.5270
f 6163 6164 6165
v 903.5970 735.9465 254.5275
v 904.9493 737.9509 254.5271
v 905.3894 737.9947 254.5270
f 6166 6167 6168
v 906.2338 737.7525 254.5269
v 903.9478 735.1406 254.5275
v 905.8272 737.9265 254.5270
f 6169 6170 6171
v 903.8764 737.2168 254.5273
v 904.1672 737.5500 254.5272
v 903.6763 736.8214 254.5274
f 6172 6173 6174
v 903.6763 736.8214 254.5274
v 904.5329 737.8000 254.5272
v 903.5811 736.3886 254.5275
f 6175 6176 6177
v 904.9493 737.9509 254.5271
v 903.5970 735.9465 254.5275
v 903.5811 736.3886 254.5275
f 6178 6179 6180
v 903.5970 735.9465 254.5275
v 905.3894 737.9947 254.5270
v 903.7218 735.5213 254.5275
f 6181 6182 6183
v 903.7218 735.5213 254.5275
v 905.8272 737.9265 254.5270
v 903.9478 735.1406 254.5275
f 6184 6185 6186
v 903.9478 735.1406 254.5275
v 906.2338 737.7525 254.5269
v 904.2620 734.8288 254.5275
f 6187 6188 6189
v 906.5850 737.4815 254.5269
v 906.8581 737.1328 254.5269
v 904.6443 734.6048 254.5275
f 6190 6191 6192
v 906.8581 737.1328 254.5269
v 907.0350 736.7274 254.5269
v 905.0700 734.4827 254.5274
f 6193 6194 6195
v 907.0656 735.8492 254.5269
v 905.9442 734.5683 254.5272
v 907.1058 736.2902 254.5270
f 6196 6197 6198
v 905.5130 734.4704 254.5273
v 907.0350 736.7274 254.5269
v 907.1058 736.2902 254.5270
f 6199 6200 6201
v 906.9165 735.4317 254.5270
v 906.3377 734.7713 254.5272
v 907.0656 735.8492 254.5269
f 6202 6203 6204
v 904.6443 734.6048 254.5275
v 906.8581 737.1328 254.5269
v 905.0700 734.4827 254.5274
f 6205 6206 6207
v 906.5850 737.4815 254.5269
v 904.6443 734.6048 254.5275
v 904.2620 734.8288 254.5275
f 6208 6209 6210
v 907.0656 735.8492 254.5269
v 906.3377 734.7713 254.5272
v 905.9442 734.5683 254.5272
f 6211 6212 6213
v 905.9442 734.5683 254.5272
v 905.5130 734.4704 254.5273
v 907.1058 736.2902 254.5270
f 6214 6215 6216
v 907.0350 736.7274 254.5269
v 905.5130 734.4704 254.5273
v 905.0700 734.4827 254.5274
f 6217 6218 6219
v 906.9165 735.4317 254.5270
v 906.6696 735.0653 254.5271
v 906.3377 734.7713 254.5272
f 6220 6221 6222
v 906.2338 737.7525 254.5269
v 906.5850 737.4815 254.5269
v 904.2620 734.8288 254.5275
f 6223 6224 6225
v 907.1092 736.2932 276.3072
v 906.9199 735.4347 276.3073
v 907.0690 735.8523 276.3072
f 6226 6227 6228
v 907.0383 736.7303 276.3071
v 906.9199 735.4347 276.3073
v 907.1092 736.2932 276.3072
f 6229 6230 6231
v 906.5883 737.4845 276.3071
v 907.0383 736.7303 276.3071
v 906.8615 737.1358 276.3071
f 6232 6233 6234
v 906.9199 735.4347 276.3073
v 907.0383 736.7303 276.3071
v 906.5883 737.4845 276.3071
f 6235 6236 6237
v 906.3411 734.7742 276.3074
v 906.9199 735.4347 276.3073
v 906.5883 737.4845 276.3071
f 6238 6239 6240
v 905.9475 734.5714 276.3075
v 906.3411 734.7742 276.3074
v 905.5163 734.4735 276.3076
f 6241 6242 6243
v 906.9199 735.4347 276.3073
v 906.3411 734.7742 276.3074
v 906.6729 735.0684 276.3074
f 6244 6245 6246
v 905.0734 734.4856 276.3077
v 905.5163 734.4735 276.3076
v 904.6477 734.6079 276.3077
f 6247 6248 6249
v 906.3411 734.7742 276.3074
v 904.6477 734.6079 276.3077
v 905.5163 734.4735 276.3076
f 6250 6251 6252
v 904.6477 734.6079 276.3077
v 906.3411 734.7742 276.3074
v 903.6003 735.9496 276.3077
f 6253 6254 6255
v 903.6003 735.9496 276.3077
v 906.3411 734.7742 276.3074
v 906.5883 737.4845 276.3071
f 6256 6257 6258
v 904.9527 737.9539 276.3073
v 906.5883 737.4845 276.3071
v 905.8305 737.9296 276.3072
f 6259 6260 6261
v 905.3928 737.9978 276.3072
v 904.9527 737.9539 276.3073
v 905.8305 737.9296 276.3072
f 6262 6263 6264
v 904.5363 737.8031 276.3074
v 903.8797 737.2198 276.3075
v 904.9527 737.9539 276.3073
f 6265 6266 6267
v 906.5883 737.4845 276.3071
v 904.9527 737.9539 276.3073
v 903.6003 735.9496 276.3077
f 6268 6269 6270
v 904.5363 737.8031 276.3074
v 904.1706 737.5530 276.3074
v 903.8797 737.2198 276.3075
f 6271 6272 6273
v 903.9511 735.1437 276.3077
v 904.2653 734.8318 276.3077
v 903.7251 735.5242 276.3077
f 6274 6275 6276
v 904.2653 734.8318 276.3077
v 904.6477 734.6079 276.3077
v 903.7251 735.5242 276.3077
f 6277 6278 6279
v 903.6003 735.9496 276.3077
v 903.8797 737.2198 276.3075
v 903.6797 736.8243 276.3076
f 6280 6281 6282
v 903.6797 736.8243 276.3076
v 903.5845 736.3917 276.3077
v 903.6003 735.9496 276.3077
f 6283 6284 6285
v 903.7251 735.5242 276.3077
v 904.6477 734.6079 276.3077
v 903.6003 735.9496 276.3077
f 6286 6287 6288
v 903.6003 735.9496 276.3077
v 904.9527 737.9539 276.3073
v 903.8797 737.2198 276.3075
f 6289 6290 6291
v 906.2371 737.7555 276.3071
v 905.8305 737.9296 276.3072
v 906.5883 737.4845 276.3071
f 6292 6293 6294
v 904.9493 737.9509 254.5271
v 904.9527 737.9539 276.3073
v 905.3928 737.9978 276.3072
f 6295 6296 6297
v 904.5329 737.8000 254.5272
v 904.5363 737.8031 276.3074
v 904.9527 737.9539 276.3073
f 6298 6299 6300
v 904.1672 737.5500 254.5272
v 904.1706 737.5530 276.3074
v 904.5363 737.8031 276.3074
f 6301 6302 6303
v 903.8764 737.2168 254.5273
v 903.8797 737.2198 276.3075
v 904.1706 737.5530 276.3074
f 6304 6305 6306
v 903.6763 736.8214 254.5274
v 903.6797 736.8243 276.3076
v 903.8797 737.2198 276.3075
f 6307 6308 6309
v 903.5811 736.3886 254.5275
v 903.5845 736.3917 276.3077
v 903.6797 736.8243 276.3076
f 6310 6311 6312
v 903.5970 735.9465 254.5275
v 903.6003 735.9496 276.3077
v 903.5845 736.3917 276.3077
f 6313 6314 6315
v 903.7218 735.5213 254.5275
v 903.7251 735.5242 276.3077
v 903.6003 735.9496 276.3077
f 6316 6317 6318
v 903.9478 735.1406 254.5275
v 903.9511 735.1437 276.3077
v 903.7251 735.5242 276.3077
f 6319 6320 6321
v 904.2620 734.8288 254.5275
v 904.2653 734.8318 276.3077
v 903.9511 735.1437 276.3077
f 6322 6323 6324
v 904.6443 734.6048 254.5275
v 904.6477 734.6079 276.3077
v 904.2653 734.8318 276.3077
f 6325 6326 6327
v 905.0700 734.4827 254.5274
v 905.0734 734.4856 276.3077
v 904.6477 734.6079 276.3077
f 6328 6329 6330
v 905.5130 734.4704 254.5273
v 905.5163 734.4735 276.3076
v 905.0734 734.4856 276.3077
f 6331 6332 6333
v 905.9442 734.5683 254.5272
v 905.9475 734.5714 276.3075
v 905.5163 734.4735 276.3076
f 6334 6335 6336
v 906.3377 734.7713 254.5272
v 906.3411 734.7742 276.3074
v 905.9475 734.5714 276.3075
f 6337 6338 6339
v 906.6696 735.0653 254.5271
v 906.6729 735.0684 276.3074
v 906.3411 734.7742 276.3074
f 6340 6341 6342
v 906.9165 735.4317 254.5270
v 906.9199 735.4347 276.3073
v 906.6729 735.0684 276.3074
f 6343 6344 6345
v 907.0656 735.8492 254.5269
v 907.0690 735.8523 276.3072
v 906.9199 735.4347 276.3073
f 6346 6347 6348
v 907.1058 736.2902 254.5270
v 907.1092 736.2932 276.3072
v 907.0690 735.8523 276.3072
f 6349 6350 6351
v 907.0350 736.7274 254.5269
v 907.0383 736.7303 276.3071
v 907.1092 736.2932 276.3072
f 6352 6353 6354
v 906.8581 737.1328 254.5269
v 906.8615 737.1358 276.3071
v 907.0383 736.7303 276.3071
f 6355 6356 6357
v 906.5850 737.4815 254.5269
v 906.5883 737.4845 276.3071
v 906.8615 737.1358 276.3071
f 6358 6359 6360
v 906.2338 737.7525 254.5269
v 906.2371 737.7555 276.3071
v 906.5883 737.4845 276.3071
f 6361 6362 6363
v 905.8272 737.9265 254.5270
v 905.8305 737.9296 276.3072
v 906.2371 737.7555 276.3071
f 6364 6365 6366
v 905.3894 737.9947 254.5270
v 905.3928 737.9978 276.3072
v 905.8305 737.9296 276.3072
f 6367 6368 6369
v 904.9493 737.9509 254.5271
v 905.3928 737.9978 276.3072
v 905.3894 737.9947 254.5270
f 6370 6371 6372
v 904.5329 737.8000 254.5272
v 904.9527 737.9539 276.3073
v 904.9493 737.9509 254.5271
f 6373 6374 6375
v 904.1672 737.5500 254.5272
v 904.5363 737.8031 276.3074
v 904.5329 737.8000 254.5272
f 6376 6377 6378
v 903.8764 737.2168 254.5273
v 904.1706 737.5530 276.3074
v 904.1672 737.5500 254.5272
f 6379 6380 6381
v 903.6763 736.8214 254.5274
v 903.8797 737.2198 276.3075
v 903.8764 737.2168 254.5273
f 6382 6383 6384
v 903.5811 736.3886 254.5275
v 903.6797 736.8243 276.3076
v 903.6763 736.8214 254.5274
f 6385 6386 6387
v 903.5970 735.9465 254.5275
v 903.5845 736.3917 276.3077
v 903.5811 736.3886 254.5275
f 6388 6389 6390
v 903.7218 735.5213 254.5275
v 903.6003 735.9496 276.3077
v 903.5970 735.9465 254.5275
f 6391 6392 6393
v 903.9478 735.1406 254.5275
v 903.7251 735.5242 276.3077
v 903.7218 735.5213 254.5275
f 6394 6395 6396
v 904.2620 734.8288 254.5275
v 903.9511 735.1437 276.3077
v 903.9478 735.1406 254.5275
f 6397 6398 6399
v 904.6443 734.6048 254.5275
v 904.2653 734.8318 276.3077
v 904.2620 734.8288 254.5275
f 6400 6401 6402
v 905.0700 734.4827 254.5274
v 904.6477 734.6079 276.3077
v 904.6443 734.6048 254.5275
f 6403 6404 6405
v 905.5130 734.4704 254.5273
v 905.0734 734.4856 276.3077
v 905.0700 734.4827 254.5274
f 6406 6407 6408
v 905.9442 734.5683 254.5272
v 905.5163 734.4735 276.3076
v 905.5130 734.4704 254.5273
f 6409 6410 6411
v 906.3377 734.7713 254.5272
v 905.9475 734.5714 276.3075
v 905.9442 734.5683 254.5272
f 6412 6413 6414
v 906.6696 735.0653 254.5271
v 906.3411 734.7742 276.3074
v 906.3377 734.7713 254.5272
f 6415 6416 6417
v 906.9165 735.4317 254.5270
v 906.6729 735.0684 276.3074
v 906.6696 735.0653 254.5271
f 6418 6419 6420
v 907.0656 735.8492 254.5269
v 906.9199 735.4347 276.3073
v 906.9165 735.4317 254.5270
f 6421 6422 6423
v 907.1058 736.2902 254.5270
v 907.0690 735.8523 276.3072
v 907.0656 735.8492 254.5269
f 6424 6425 6426
v 907.0350 736.7274 254.5269
v 907.1092 736.2932 276.3072
v 907.1058 736.2902 254.5270
f 6427 6428 6429
v 906.8581 737.1328 254.5269
v 907.0383 736.7303 276.3071
v 907.0350 736.7274 254.5269
f 6430 6431 6432
v 906.5850 737.4815 254.5269
v 906.8615 737.1358 276.3071
v 906.8581 737.1328 254.5269
f 6433 6434 6435
v 906.2338 737.7525 254.5269
v 906.5883 737.4845 276.3071
v 906.5850 737.4815 254.5269
f 6436 6437 6438
v 905.8272 737.9265 254.5270
v 906.2371 737.7555 276.3071
v 906.2338 737.7525 254.5269
f 6439 6440 6441
v 905.3894 737.9947 254.5270
v 905.8305 737.9296 276.3072
v 905.8272 737.9265 254.5270
f 6442 6443 6444

g building_ID_D107CD4F-EA75-42D6-88F3-2E109F02C0CA
v 901.4823 740.5242 254.5353
v 900.6256 739.5455 254.5355
v 901.1166 740.2742 254.5354
f 6445 6446 6447
v 901.4823 740.5242 254.5353
v 901.8986 740.6750 254.5352
v 900.5305 739.1127 254.5356
f 6448 6449 6450
v 902.7766 740.6507 254.5351
v 900.6712 738.2454 254.5356
v 902.3388 740.7189 254.5351
f 6451 6452 6453
v 900.5464 738.6707 254.5356
v 901.8986 740.6750 254.5352
v 902.3388 740.7189 254.5351
f 6454 6455 6456
v 903.1831 740.4766 254.5350
v 900.8972 737.8647 254.5357
v 902.7766 740.6507 254.5351
f 6457 6458 6459
v 900.8257 739.9409 254.5354
v 901.1166 740.2742 254.5354
v 900.6256 739.5455 254.5355
f 6460 6461 6462
v 900.6256 739.5455 254.5355
v 901.4823 740.5242 254.5353
v 900.5305 739.1127 254.5356
f 6463 6464 6465
v 901.8986 740.6750 254.5352
v 900.5464 738.6707 254.5356
v 900.5305 739.1127 254.5356
f 6466 6467 6468
v 900.5464 738.6707 254.5356
v 902.3388 740.7189 254.5351
v 900.6712 738.2454 254.5356
f 6469 6470 6471
v 900.6712 738.2454 254.5356
v 902.7766 740.6507 254.5351
v 900.8972 737.8647 254.5357
f 6472 6473 6474
v 900.8972 737.8647 254.5357
v 903.1831 740.4766 254.5350
v 901.2113 737.5529 254.5357
f 6475 6476 6477
v 903.5344 740.2056 254.5350
v 903.8074 739.8570 254.5350
v 901.5937 737.3289 254.5356
f 6478 6479 6480
v 903.8074 739.8570 254.5350
v 903.9844 739.4515 254.5350
v 902.0194 737.2068 254.5356
f 6481 6482 6483
v 904.0150 738.5734 254.5351
v 902.8936 737.2924 254.5354
v 904.0552 739.0142 254.5351
f 6484 6485 6486
v 902.4623 737.1945 254.5355
v 903.9844 739.4515 254.5350
v 904.0552 739.0142 254.5351
f 6487 6488 6489
v 903.8659 738.1558 254.5352
v 903.2871 737.4953 254.5354
v 904.0150 738.5734 254.5351
f 6490 6491 6492
v 901.5937 737.3289 254.5356
v 903.8074 739.8570 254.5350
v 902.0194 737.2068 254.5356
f 6493 6494 6495
v 903.5344 740.2056 254.5350
v 901.5937 737.3289 254.5356
v 901.2113 737.5529 254.5357
f 6496 6497 6498
v 904.0150 738.5734 254.5351
v 903.2871 737.4953 254.5354
v 902.8936 737.2924 254.5354
f 6499 6500 6501
v 902.8936 737.2924 254.5354
v 902.4623 737.1945 254.5355
v 904.0552 739.0142 254.5351
f 6502 6503 6504
v 903.9844 739.4515 254.5350
v 902.4623 737.1945 254.5355
v 902.0194 737.2068 254.5356
f 6505 6506 6507
v 903.8659 738.1558 254.5352
v 903.6189 737.7894 254.5353
v 903.2871 737.4953 254.5354
f 6508 6509 6510
v 903.1831 740.4766 254.5350
v 903.5344 740.2056 254.5350
v 901.2113 737.5529 254.5357
f 6511 6512 6513
v 904.0184 738.5764 276.3073
v 903.2905 737.4984 276.3076
v 903.8692 738.1588 276.3074
f 6514 6515 6516
v 904.0184 738.5764 276.3073
v 904.0585 739.0173 276.3073
v 902.8969 737.2955 276.3076
f 6517 6518 6519
v 903.8108 739.8599 276.3072
v 902.0227 737.2098 276.3078
v 903.9877 739.4545 276.3072
f 6520 6521 6522
v 902.4656 737.1976 276.3077
v 904.0585 739.0173 276.3073
v 903.9877 739.4545 276.3072
f 6523 6524 6525
v 903.5377 740.2087 276.3072
v 901.5971 737.3319 276.3078
v 903.8108 739.8599 276.3072
f 6526 6527 6528
v 903.6222 737.7925 276.3075
v 903.8692 738.1588 276.3074
v 903.2905 737.4984 276.3076
f 6529 6530 6531
v 903.2905 737.4984 276.3076
v 904.0184 738.5764 276.3073
v 902.8969 737.2955 276.3076
f 6532 6533 6534
v 904.0585 739.0173 276.3073
v 902.4656 737.1976 276.3077
v 902.8969 737.2955 276.3076
f 6535 6536 6537
v 902.4656 737.1976 276.3077
v 903.9877 739.4545 276.3072
v 902.0227 737.2098 276.3078
f 6538 6539 6540
v 902.0227 737.2098 276.3078
v 903.8108 739.8599 276.3072
v 901.5971 737.3319 276.3078
f 6541 6542 6543
v 901.5971 737.3319 276.3078
v 903.5377 740.2087 276.3072
v 901.2146 737.5560 276.3079
f 6544 6545 6546
v 903.1864 740.4796 276.3072
v 902.7799 740.6538 276.3073
v 900.9005 737.8678 276.3079
f 6547 6548 6549
v 902.7799 740.6538 276.3073
v 902.3421 740.7219 276.3073
v 900.6745 738.2484 276.3078
f 6550 6551 6552
v 901.4856 740.5271 276.3075
v 900.5338 739.1158 276.3078
v 901.9020 740.6781 276.3074
f 6553 6554 6555
v 900.5496 738.6737 276.3078
v 902.3421 740.7219 276.3073
v 901.9020 740.6781 276.3074
f 6556 6557 6558
v 901.1199 740.2771 276.3076
v 900.6290 739.5485 276.3077
v 901.4856 740.5271 276.3075
f 6559 6560 6561
v 900.9005 737.8678 276.3079
v 902.7799 740.6538 276.3073
v 900.6745 738.2484 276.3078
f 6562 6563 6564
v 903.1864 740.4796 276.3072
v 900.9005 737.8678 276.3079
v 901.2146 737.5560 276.3079
f 6565 6566 6567
v 901.4856 740.5271 276.3075
v 900.6290 739.5485 276.3077
v 900.5338 739.1158 276.3078
f 6568 6569 6570
v 900.5338 739.1158 276.3078
v 900.5496 738.6737 276.3078
v 901.9020 740.6781 276.3074
f 6571 6572 6573
v 902.3421 740.7219 276.3073
v 900.5496 738.6737 276.3078
v 900.6745 738.2484 276.3078
f 6574 6575 6576
v 901.1199 740.2771 276.3076
v 900.8291 739.9440 276.3076
v 900.6290 739.5485 276.3077
f 6577 6578 6579
v 903.5377 740.2087 276.3072
v 903.1864 740.4796 276.3072
v 901.2146 737.5560 276.3079
f 6580 6581 6582
v 901.8986 740.6750 254.5352
v 901.9020 740.6781 276.3074
v 902.3421 740.7219 276.3073
f 6583 6584 6585
v 901.4823 740.5242 254.5353
v 901.4856 740.5271 276.3075
v 901.9020 740.6781 276.3074
f 6586 6587 6588
v 901.1166 740.2742 254.5354
v 901.1199 740.2771 276.3076
v 901.4856 740.5271 276.3075
f 6589 6590 6591
v 900.8257 739.9409 254.5354
v 900.8291 739.9440 276.3076
v 901.1199 740.2771 276.3076
f 6592 6593 6594
v 900.6256 739.5455 254.5355
v 900.6290 739.5485 276.3077
v 900.8291 739.9440 276.3076
f 6595 6596 6597
v 900.5305 739.1127 254.5356
v 900.5338 739.1158 276.3078
v 900.6290 739.5485 276.3077
f 6598 6599 6600
v 900.5464 738.6707 254.5356
v 900.5496 738.6737 276.3078
v 900.5338 739.1158 276.3078
f 6601 6602 6603
v 900.6712 738.2454 254.5356
v 900.6745 738.2484 276.3078
v 900.5496 738.6737 276.3078
f 6604 6605 6606
v 900.8972 737.8647 254.5357
v 900.9005 737.8678 276.3079
v 900.6745 738.2484 276.3078
f 6607 6608 6609
v 901.2113 737.5529 254.5357
v 901.2146 737.5560 276.3079
v 900.9005 737.8678 276.3079
f 6610 6611 6612
v 901.5937 737.3289 254.5356
v 901.5971 737.3319 276.3078
v 901.2146 737.5560 276.3079
f 6613 6614 6615
v 902.0194 737.2068 254.5356
v 902.0227 737.2098 276.3078
v 901.5971 737.3319 276.3078
f 6616 6617 6618
v 902.4623 737.1945 254.5355
v 902.4656 737.1976 276.3077
v 902.0227 737.2098 276.3078
f 6619 6620 6621
v 902.8936 737.2924 254.5354
v 902.8969 737.2955 276.3076
v 902.4656 737.1976 276.3077
f 6622 6623 6624
v 903.2871 737.4953 254.5354
v 903.2905 737.4984 276.3076
v 902.8969 737.2955 276.3076
f 6625 6626 6627
v 903.6189 737.7894 254.5353
v 903.6222 737.7925 276.3075
v 903.2905 737.4984 276.3076
f 6628 6629 6630
v 903.8659 738.1558 254.5352
v 903.8692 738.1588 276.3074
v 903.6222 737.7925 276.3075
f 6631 6632 6633
v 904.0150 738.5734 254.5351
v 904.0184 738.5764 276.3073
v 903.8692 738.1588 276.3074
f 6634 6635 6636
v 904.0552 739.0142 254.5351
v 904.0585 739.0173 276.3073
v 904.0184 738.5764 276.3073
f 6637 6638 6639
v 903.9844 739.4515 254.5350
v 903.9877 739.4545 276.3072
v 904.0585 739.0173 276.3073
f 6640 6641 6642
v 903.8074 739.8570 254.5350
v 903.8108 739.8599 276.3072
v 903.9877 739.4545 276.3072
f 6643 6644 6645
v 903.5344 740.2056 254.5350
v 903.5377 740.2087 276.3072
v 903.8108 739.8599 276.3072
f 6646 6647 6648
v 903.1831 740.4766 254.5350
v 903.1864 740.4796 276.3072
v 903.5377 740.2087 276.3072
f 6649 6650 6651
v 902.7766 740.6507 254.5351
v 902.7799 740.6538 276.3073
v 903.1864 740.4796 276.3072
f 6652 6653 6654
v 902.3388 740.7189 254.5351
v 902.3421 740.7219 276.3073
v 902.7799 740.6538 276.3073
f 6655 6656 6657
v 901.8986 740.6750 254.5352
v 902.3421 740.7219 276.3073
v 902.3388 740.7189 254.5351
f 6658 6659 6660
v 901.4823 740.5242 254.5353
v 901.9020 740.6781 276.3074
v 901.8986 740.6750 254.5352
f 6661 6662 6663
v 901.1166 740.2742 254.5354
v 901.4856 740.5271 276.3075
v 901.4823 740.5242 254.5353
f 6664 6665 6666
v 900.8257 739.9409 254.5354
v 901.1199 740.2771 276.3076
v 901.1166 740.2742 254.5354
f 6667 6668 6669
v 900.6256 739.5455 254.5355
v 900.8291 739.9440 276.3076
v 900.8257 739.9409 254.5354
f 6670 6671 6672
v 900.5305 739.1127 254.5356
v 900.6290 739.5485 276.3077
v 900.6256 739.5455 254.5355
f 6673 6674 6675
v 900.5464 738.6707 254.5356
v 900.5338 739.1158 276.3078
v 900.5305 739.1127 254.5356
f 6676 6677 6678
v 900.6712 738.2454 254.5356
v 900.5496 738.6737 276.3078
v 900.5464 738.6707 254.5356
f 6679 6680 6681
v 900.8972 737.8647 254.5357
v 900.6745 738.2484 276.3078
v 900.6712 738.2454 254.5356
f 6682 6683 6684
v 901.2113 737.5529 254.5357
v 900.9005 737.8678 276.3079
v 900.8972 737.8647 254.5357
f 6685 6686 6687
v 901.5937 737.3289 254.5356
v 901.2146 737.5560 276.3079
v 901.2113 737.5529 254.5357
f 6688 6689 6690
v 902.0194 737.2068 254.5356
v 901.5971 737.3319 276.3078
v 901.5937 737.3289 254.5356
f 6691 6692 6693
v 902.4623 737.1945 254.5355
v 902.0227 737.2098 276.3078
v 902.0194 737.2068 254.5356
f 6694 6695 6696
v 902.8936 737.2924 254.5354
v 902.4656 737.1976 276.3077
v 902.4623 737.1945 254.5355
f 6697 6698 6699
v 903.2871 737.4953 254.5354
v 902.8969 737.2955 276.3076
v 902.8936 737.2924 254.5354
f 6700 6701 6702
v 903.6189 737.7894 254.5353
v 903.2905 737.4984 276.3076
v 903.2871 737.4953 254.5354
f 6703 6704 6705
v 903.8659 738.1558 254.5352
v 903.6222 737.7925 276.3075
v 903.6189 737.7894 254.5353
f 6706 6707 6708
v 904.0150 738.5734 254.5351
v 903.8692 738.1588 276.3074
v 903.8659 738.1558 254.5352
f 6709 6710 6711
v 904.0552 739.0142 254.5351
v 904.0184 738.5764 276.3073
v 904.0150 738.5734 254.5351
f 6712 6713 6714
v 903.9844 739.4515 254.5350
v 904.0585 739.0173 276.3073
v 904.0552 739.0142 254.5351
f 6715 6716 6717
v 903.8074 739.8570 254.5350
v 903.9877 739.4545 276.3072
v 903.9844 739.4515 254.5350
f 6718 6719 6720
v 903.5344 740.2056 254.5350
v 903.8108 739.8599 276.3072
v 903.8074 739.8570 254.5350
f 6721 6722 6723
v 903.1831 740.4766 254.5350
v 903.5377 740.2087 276.3072
v 903.5344 740.2056 254.5350
f 6724 6725 6726
v 902.7766 740.6507 254.5351
v 903.1864 740.4796 276.3072
v 903.1831 740.4766 254.5350
f 6727 6728 6729
v 902.3388 740.7189 254.5351
v 902.7799 740.6538 276.3073
v 902.7766 740.6507 254.5351
f 6730 6731 6732

g building_ID_6DD4F98D-4E5C-4503-A18F-6E048F66931C
v 906.7939 740.8040 254.4925
v 905.9373 739.8252 254.4927
v 906.4282 740.5538 254.4926
f 6733 6734 6735
v 906.7939 740.8040 254.4925
v 907.2103 740.9548 254.4924
v 905.8421 739.3925 254.4928
f 6736 6737 6738
v 908.0883 740.9305 254.4923
v 905.9828 738.5251 254.4929
v 907.6504 740.9985 254.4923
f 6739 6740 6741
v 905.8579 738.9504 254.4928
v 907.2103 740.9548 254.4924
v 907.6504 740.9985 254.4923
f 6742 6743 6744
v 908.4948 740.7563 254.4923
v 906.2088 738.1445 254.4929
v 908.0883 740.9305 254.4923
f 6745 6746 6747
v 906.1374 740.2207 254.4926
v 906.4282 740.5538 254.4926
v 905.9373 739.8252 254.4927
f 6748 6749 6750
v 905.9373 739.8252 254.4927
v 906.7939 740.8040 254.4925
v 905.8421 739.3925 254.4928
f 6751 6752 6753
v 907.2103 740.9548 254.4924
v 905.8579 738.9504 254.4928
v 905.8421 739.3925 254.4928
f 6754 6755 6756
v 905.8579 738.9504 254.4928
v 907.6504 740.9985 254.4923
v 905.9828 738.5251 254.4929
f 6757 6758 6759
v 905.9828 738.5251 254.4929
v 908.0883 740.9305 254.4923
v 906.2088 738.1445 254.4929
f 6760 6761 6762
v 906.2088 738.1445 254.4929
v 908.4948 740.7563 254.4923
v 906.5230 737.8327 254.4929
f 6763 6764 6765
v 908.8460 740.4854 254.4922
v 909.1191 740.1366 254.4922
v 906.9054 737.6086 254.4928
f 6766 6767 6768
v 909.1191 740.1366 254.4922
v 909.2960 739.7312 254.4923
v 907.3310 737.4865 254.4928
f 6769 6770 6771
v 909.3266 738.8531 254.4924
v 908.2052 737.5722 254.4927
v 909.3669 739.2940 254.4923
f 6772 6773 6774
v 907.7740 737.4743 254.4927
v 909.2960 739.7312 254.4923
v 909.3669 739.2940 254.4923
f 6775 6776 6777
v 909.1776 738.4355 254.4924
v 908.5988 737.7751 254.4926
v 909.3266 738.8531 254.4924
f 6778 6779 6780
v 906.9054 737.6086 254.4928
v 909.1191 740.1366 254.4922
v 907.3310 737.4865 254.4928
f 6781 6782 6783
v 908.8460 740.4854 254.4922
v 906.9054 737.6086 254.4928
v 906.5230 737.8327 254.4929
f 6784 6785 6786
v 909.3266 738.8531 254.4924
v 908.5988 737.7751 254.4926
v 908.2052 737.5722 254.4927
f 6787 6788 6789
v 908.2052 737.5722 254.4927
v 907.7740 737.4743 254.4927
v 909.3669 739.2940 254.4923
f 6790 6791 6792
v 909.2960 739.7312 254.4923
v 907.7740 737.4743 254.4927
v 907.3310 737.4865 254.4928
f 6793 6794 6795
v 909.1776 738.4355 254.4924
v 908.9306 738.0692 254.4925
v 908.5988 737.7751 254.4926
f 6796 6797 6798
v 908.4948 740.7563 254.4923
v 908.8460 740.4854 254.4922
v 906.5230 737.8327 254.4929
f 6799 6800 6801
v 909.3293 738.8556 271.4888
v 908.6014 737.7775 271.4890
v 909.1801 738.4379 271.4888
f 6802 6803 6804
v 909.3293 738.8556 271.4888
v 909.3694 739.2964 271.4887
v 908.2079 737.5745 271.4891
f 6805 6806 6807
v 909.1217 740.1391 271.4886
v 907.3336 737.4889 271.4892
v 909.2987 739.7336 271.4887
f 6808 6809 6810
v 907.7766 737.4767 271.4891
v 909.3694 739.2964 271.4887
v 909.2987 739.7336 271.4887
f 6811 6812 6813
v 908.8487 740.4878 271.4886
v 906.9080 737.6110 271.4892
v 909.1217 740.1391 271.4886
f 6814 6815 6816
v 908.9332 738.0716 271.4889
v 909.1801 738.4379 271.4888
v 908.6014 737.7775 271.4890
f 6817 6818 6819
v 908.6014 737.7775 271.4890
v 909.3293 738.8556 271.4888
v 908.2079 737.5745 271.4891
f 6820 6821 6822
v 909.3694 739.2964 271.4887
v 907.7766 737.4767 271.4891
v 908.2079 737.5745 271.4891
f 6823 6824 6825
v 907.7766 737.4767 271.4891
v 909.2987 739.7336 271.4887
v 907.3336 737.4889 271.4892
f 6826 6827 6828
v 907.3336 737.4889 271.4892
v 909.1217 740.1391 271.4886
v 906.9080 737.6110 271.4892
f 6829 6830 6831
v 906.9080 737.6110 271.4892
v 908.8487 740.4878 271.4886
v 906.5256 737.8351 271.4893
f 6832 6833 6834
v 908.4974 740.7587 271.4887
v 908.0908 740.9328 271.4887
v 906.2114 738.1469 271.4893
f 6835 6836 6837
v 908.0908 740.9328 271.4887
v 907.6531 741.0010 271.4887
v 905.9855 738.5275 271.4893
f 6838 6839 6840
v 906.7965 740.8063 271.4889
v 905.8448 739.3948 271.4892
v 907.2129 740.9572 271.4888
f 6841 6842 6843
v 905.8606 738.9529 271.4892
v 907.6531 741.0010 271.4887
v 907.2129 740.9572 271.4888
f 6844 6845 6846
v 906.4309 740.5563 271.4890
v 905.9399 739.8276 271.4891
v 906.7965 740.8063 271.4889
f 6847 6848 6849
v 906.2114 738.1469 271.4893
v 908.0908 740.9328 271.4887
v 905.9855 738.5275 271.4893
f 6850 6851 6852
v 908.4974 740.7587 271.4887
v 906.2114 738.1469 271.4893
v 906.5256 737.8351 271.4893
f 6853 6854 6855
v 906.7965 740.8063 271.4889
v 905.9399 739.8276 271.4891
v 905.8448 739.3948 271.4892
f 6856 6857 6858
v 905.8448 739.3948 271.4892
v 905.8606 738.9529 271.4892
v 907.2129 740.9572 271.4888
f 6859 6860 6861
v 907.6531 741.0010 271.4887
v 905.8606 738.9529 271.4892
v 905.9855 738.5275 271.4893
f 6862 6863 6864
v 906.4309 740.5563 271.4890
v 906.1400 740.2231 271.4890
v 905.9399 739.8276 271.4891
f 6865 6866 6867
v 908.8487 740.4878 271.4886
v 908.4974 740.7587 271.4887
v 906.5256 737.8351 271.4893
f 6868 6869 6870
v 907.2103 740.9548 254.4924
v 907.2129 740.9572 271.4888
v 907.6531 741.0010 271.4887
f 6871 6872 6873
v 906.7939 740.8040 254.4925
v 906.7965 740.8063 271.4889
v 907.2129 740.9572 271.4888
f 6874 6875 6876
v 906.4282 740.5538 254.4926
v 906.4309 740.5563 271.4890
v 906.7965 740.8063 271.4889
f 6877 6878 6879
v 906.1374 740.2207 254.4926
v 906.1400 740.2231 271.4890
v 906.4309 740.5563 271.4890
f 6880 6881 6882
v 905.9373 739.8252 254.4927
v 905.9399 739.8276 271.4891
v 906.1400 740.2231 271.4890
f 6883 6884 6885
v 905.8421 739.3925 254.4928
v 905.8448 739.3948 271.4892
v 905.9399 739.8276 271.4891
f 6886 6887 6888
v 905.8579 738.9504 254.4928
v 905.8606 738.9529 271.4892
v 905.8448 739.3948 271.4892
f 6889 6890 6891
v 905.9828 738.5251 254.4929
v 905.9855 738.5275 271.4893
v 905.8606 738.9529 271.4892
f 6892 6893 6894
v 906.2088 738.1445 254.4929
v 906.2114 738.1469 271.4893
v 905.9855 738.5275 271.4893
f 6895 6896 6897
v 906.5230 737.8327 254.4929
v 906.5256 737.8351 271.4893
v 906.2114 738.1469 271.4893
f 6898 6899 6900
v 906.9054 737.6086 254.4928
v 906.9080 737.6110 271.4892
v 906.5256 737.8351 271.4893
f 6901 6902 6903
v 907.3310 737.4865 254.4928
v 907.3336 737.4889 271.4892
v 906.9080 737.6110 271.4892
f 6904 6905 6906
v 907.7740 737.4743 254.4927
v 907.7766 737.4767 271.4891
v 907.3336 737.4889 271.4892
f 6907 6908 6909
v 908.2052 737.5722 254.4927
v 908.2079 737.5745 271.4891
v 907.7766 737.4767 271.4891
f 6910 6911 6912
v 908.5988 737.7751 254.4926
v 908.6014 737.7775 271.4890
v 908.2079 737.5745 271.4891
f 6913 6914 6915
v 908.9306 738.0692 254.4925
v 908.9332 738.0716 271.4889
v 908.6014 737.7775 271.4890
f 6916 6917 6918
v 909.1776 738.4355 254.4924
v 909.1801 738.4379 271.4888
v 908.9332 738.0716 271.4889
f 6919 6920 6921
v 909.3266 738.8531 254.4924
v 909.3293 738.8556 271.4888
v 909.1801 738.4379 271.4888
f 6922 6923 6924
v 909.3669 739.2940 254.4923
v 909.3694 739.2964 271.4887
v 909.3293 738.8556 271.4888
f 6925 6926 6927
v 909.2960 739.7312 254.4923
v 909.2987 739.7336 271.4887
v 909.3694 739.2964 271.4887
f 6928 6929 6930
v 909.1191 740.1366 254.4922
v 909.1217 740.1391 271.4886
v 909.2987 739.7336 271.4887
f 6931 6932 6933
v 908.8460 740.4854 254.4922
v 908.8487 740.4878 271.4886
v 909.1217 740.1391 271.4886
f 6934 6935 6936
v 908.4948 740.7563 254.4923
v 908.4974 740.7587 271.4887
v 908.8487 740.4878 271.4886
f 6937 6938 6939
v 908.0883 740.9305 254.4923
v 908.0908 740.9328 271.4887
v 908.4974 740.7587 271.4887
f 6940 6941 6942
v 907.6504 740.9985 254.4923
v 907.6531 741.0010 271.4887
v 908.0908 740.9328 271.4887
f 6943 6944 6945
v 907.2103 740.9548 254.4924
v 907.6531 741.0010 271.4887
v 907.6504 740.9985 254.4923
f 6946 6947 6948
v 906.7939 740.8040 254.4925
v 907.2129 740.9572 271.4888
v 907.2103 740.9548 254.4924
f 6949 6950 6951
v 906.4282 740.5538 254.4926
v 906.7965 740.8063 271.4889
v 906.7939 740.8040 254.4925
f 6952 6953 6954
v 906.1374 740.2207 254.4926
v 906.4309 740.5563 271.4890
v 906.4282 740.5538 254.4926
f 6955 6956 6957
v 905.9373 739.8252 254.4927
v 906.1400 740.2231 271.4890
v 906.1374 740.2207 254.4926
f 6958 6959 6960
v 905.8421 739.3925 254.4928
v 905.9399 739.8276 271.4891
v 905.9373 739.8252 254.4927
f 6961 6962 6963
v 905.8579 738.9504 254.4928
v 905.8448 739.3948 271.4892
v 905.8421 739.3925 254.4928
f 6964 6965 6966
v 905.9828 738.5251 254.4929
v 905.8606 738.9529 271.4892
v 905.8579 738.9504 254.4928
f 6967 6968 6969
v 906.2088 738.1445 254.4929
v 905.9855 738.5275 271.4893
v 905.9828 738.5251 254.4929
f 6970 6971 6972
v 906.5230 737.8327 254.4929
v 906.2114 738.1469 271.4893
v 906.2088 738.1445 254.4929
f 6973 6974 6975
v 906.9054 737.6086 254.4928
v 906.5256 737.8351 271.4893
v 906.5230 737.8327 254.4929
f 6976 6977 6978
v 907.3310 737.4865 254.4928
v 906.9080 737.6110 271.4892
v 906.9054 737.6086 254.4928
f 6979 6980 6981
v 907.7740 737.4743 254.4927
v 907.3336 737.4889 271.4892
v 907.3310 737.4865 254.4928
f 6982 6983 6984
v 908.2052 737.5722 254.4927
v 907.7766 737.4767 271.4891
v 907.7740 737.4743 254.4927
f 6985 6986 6987
v 908.5988 737.7751 254.4926
v 908.2079 737.5745 271.4891
v 908.2052 737.5722 254.4927
f 6988 6989 6990
v 908.9306 738.0692 254.4925
v 908.6014 737.7775 271.4890
v 908.5988 737.7751 254.4926
f 6991 6992 6993
v 909.1776 738.4355 254.4924
v 908.9332 738.0716 271.4889
v 908.9306 738.0692 254.4925
f 6994 6995 6996
v 909.3266 738.8531 254.4924
v 909.1801 738.4379 271.4888
v 909.1776 738.4355 254.4924
f 6997 6998 6999
v 909.3669 739.2940 254.4923
v 909.3293 738.8556 271.4888
v 909.3266 738.8531 254.4924
f 7000 7001 7002
v 909.2960 739.7312 254.4923
v 909.3694 739.2964 271.4887
v 909.3669 739.2940 254.4923
f 7003 7004 7005
v 909.1191 740.1366 254.4922
v 909.2987 739.7336 271.4887
v 909.2960 739.7312 254.4923
f 7006 7007 7008
v 908.8460 740.4854 254.4922
v 909.1217 740.1391 271.4886
v 909.1191 740.1366 254.4922
f 7009 7010 7011
v 908.4948 740.7563 254.4923
v 908.8487 740.4878 271.4886
v 908.8460 740.4854 254.4922
f 7012 7013 7014
v 908.0883 740.9305 254.4923
v 908.4974 740.7587 271.4887
v 908.4948 740.7563 254.4923
f 7015 7016 7017
v 907.6504 740.9985 254.4923
v 908.0908 740.9328 271.4887
v 908.0883 740.9305 254.4923
f 7018 7019 7020

g building_ID_32F02F3A-3A5E-4307-99C3-B0453D381EBC
v 889.2061 793.3263 255.0726
v 904.2419 797.8308 255.0700
v 906.8723 789.0490 255.0707
f 7021 7022 7023
v 886.1985 792.3803 255.0732
v 889.2061 793.3263 255.0726
v 888.9772 783.6870 255.0739
f 7024 7025 7026
v 906.8723 789.0490 255.0707
v 888.9772 783.6870 255.0739
v 889.2061 793.3263 255.0726
f 7027 7028 7029
v 889.2075 793.3277 265.0763
v 886.2001 792.3818 265.0769
v 888.9788 783.6884 265.0776
f 7030 7031 7032
v 904.2434 797.8324 265.0737
v 889.2075 793.3277 265.0763
v 906.8738 789.0505 265.0744
f 7033 7034 7035
v 888.9788 783.6884 265.0776
v 906.8738 789.0505 265.0744
v 889.2075 793.3277 265.0763
f 7036 7037 7038
v 886.1985 792.3803 255.0732
v 886.2001 792.3818 265.0769
v 889.2075 793.3277 265.0763
f 7039 7040 7041
v 888.9772 783.6870 255.0739
v 888.9788 783.6884 265.0776
v 886.2001 792.3818 265.0769
f 7042 7043 7044
v 906.8723 789.0490 255.0707
v 906.8738 789.0505 265.0744
v 888.9788 783.6884 265.0776
f 7045 7046 7047
v 904.2419 797.8308 255.0700
v 904.2434 797.8324 265.0737
v 906.8738 789.0505 265.0744
f 7048 7049 7050
v 889.2061 793.3263 255.0726
v 889.2075 793.3277 265.0763
v 904.2434 797.8324 265.0737
f 7051 7052 7053
v 886.1985 792.3803 255.0732
v 889.2075 793.3277 265.0763
v 889.2061 793.3263 255.0726
f 7054 7055 7056
v 888.9772 783.6870 255.0739
v 886.2001 792.3818 265.0769
v 886.1985 792.3803 255.0732
f 7057 7058 7059
v 906.8723 789.0490 255.0707
v 888.9788 783.6884 265.0776
v 888.9772 783.6870 255.0739
f 7060 7061 7062
v 904.2419 797.8308 255.0700
v 906.8738 789.0505 265.0744
v 906.8723 789.0490 255.0707
f 7063 7064 7065
v 889.2061 793.3263 255.0726
v 904.2434 797.8324 265.0737
v 904.2419 797.8308 255.0700
f 7066 7067 7068

g building_ID_D33AD17F-81B4-4DDA-A7A1-3594A173DED7
v 893.7513 838.0599 264.8491
v 897.6566 825.4986 264.8501
v 904.1679 827.5240 264.3440
f 7069 7070 7071
v 904.1679 827.5240 264.3440
v 900.2615 840.0853 264.3429
v 893.7513 838.0599 264.8491
f 7072 7073 7074
v 900.2614 840.0852 263.7109
v 900.2615 840.0853 264.3429
v 904.1679 827.5240 264.3440
f 7075 7076 7077
v 887.1188 835.9975 264.4713
v 891.0231 823.4363 264.4724
v 897.6566 825.4986 264.8501
f 7078 7079 7080
v 897.6566 825.4986 264.8501
v 893.7513 838.0599 264.8491
v 887.1188 835.9975 264.4713
f 7081 7082 7083
v 887.1188 835.9975 264.4713
v 884.6119 821.4436 264.8524
v 891.0231 823.4363 264.4724
f 7084 7085 7086
v 884.6119 821.4436 264.8524
v 887.1188 835.9975 264.4713
v 880.7066 834.0038 264.8514
f 7087 7088 7089
v 860.6285 872.8075 254.7464
v 905.1284 827.1700 254.7462
v 877.6380 818.6228 254.7511
f 7090 7091 7092
v 905.1284 827.1700 254.7462
v 860.6285 872.8075 254.7464
v 888.2650 881.4003 254.7414
f 7093 7094 7095
v 868.8375 871.9809 263.7111
v 860.6298 872.8089 263.7121
v 862.9426 870.1487 263.7121
f 7096 7097 7098
v 865.8150 859.4772 263.7131
v 862.9426 870.1487 263.7121
v 860.6298 872.8089 263.7121
f 7099 7100 7101
v 878.2301 863.3368 263.7108
v 878.7447 863.5745 263.7107
v 874.9514 873.8824 263.7100
f 7102 7103 7104
v 860.6298 872.8089 263.7121
v 868.8375 871.9809 263.7111
v 874.9514 873.8824 263.7100
f 7105 7106 7107
v 875.9612 874.1958 263.7098
v 874.9514 873.8824 263.7100
v 878.7447 863.5745 263.7107
f 7108 7109 7110
v 888.2664 881.4017 263.7071
v 860.6298 872.8089 263.7121
v 874.9514 873.8824 263.7100
f 7111 7112 7113
v 878.2301 863.3368 263.7108
v 878.7656 863.5035 263.7108
v 878.7447 863.5745 263.7107
f 7114 7115 7116
v 866.2213 859.6031 263.7130
v 862.9426 870.1487 263.7121
v 865.8150 859.4772 263.7131
f 7117 7118 7119
v 865.8150 859.4772 263.7131
v 860.6298 872.8089 263.7121
v 870.0732 845.7810 263.7143
f 7120 7121 7122
v 888.2664 881.4017 263.7071
v 875.9612 874.1958 263.7098
v 881.8941 876.0408 263.7087
f 7123 7124 7125
v 891.3751 867.5026 263.7085
v 888.2664 881.4017 263.7071
v 887.9311 877.9177 263.7076
f 7126 7127 7128
v 881.8941 876.0408 263.7087
v 887.9311 877.9177 263.7076
v 888.2664 881.4017 263.7071
f 7129 7130 7131
v 887.9311 877.9177 263.7076
v 891.1879 867.4441 263.7085
v 891.3751 867.5026 263.7085
f 7132 7133 7134
v 895.6561 853.7363 263.7097
v 888.2664 881.4017 263.7071
v 891.3751 867.5026 263.7085
f 7135 7136 7137
v 874.9514 873.8824 263.7100
v 875.9612 874.1958 263.7098
v 888.2664 881.4017 263.7071
f 7138 7139 7140
v 878.7447 863.5745 263.7107
v 879.2171 863.7212 263.7107
v 875.9612 874.1958 263.7098
f 7141 7142 7143
v 895.8358 852.4939 263.7099
v 895.6561 853.7363 263.7097
v 889.4921 851.8189 263.7108
f 7144 7145 7146
v 889.4921 851.8189 263.7108
v 883.0257 849.8082 263.7120
v 883.8650 848.7710 263.7120
f 7147 7148 7149
v 900.2614 840.0852 263.7109
v 888.2664 881.4017 263.7071
v 895.6561 853.7363 263.7097
f 7150 7151 7152
v 883.0257 849.8082 263.7120
v 876.3884 847.7451 263.7132
v 883.0019 847.9923 263.7123
f 7153 7154 7155
v 876.3884 847.7451 263.7132
v 870.9921 844.2586 263.7144
v 876.9369 846.1066 263.7133
f 7156 7157 7158
v 874.3503 832.0267 263.7155
v 870.9921 844.2586 263.7144
v 870.0732 845.7810 263.7143
f 7159 7160 7161
v 876.9369 846.1066 263.7133
v 883.0019 847.9923 263.7123
v 876.3884 847.7451 263.7132
f 7162 7163 7164
v 883.8650 848.7710 263.7120
v 883.0257 849.8082 263.7120
v 883.0019 847.9923 263.7123
f 7165 7166 7167
v 878.2565 819.4665 263.7166
v 874.3503 832.0267 263.7155
v 877.6393 818.6241 263.7168
f 7168 7169 7170
v 870.0732 845.7810 263.7143
v 877.6393 818.6241 263.7168
v 874.3503 832.0267 263.7155
f 7171 7172 7173
v 877.6393 818.6241 263.7168
v 884.6118 821.4434 263.7155
v 878.2565 819.4665 263.7166
f 7174 7175 7176
v 884.6118 821.4434 263.7155
v 877.6393 818.6241 263.7168
v 891.0230 823.4362 263.7144
f 7177 7178 7179
v 870.9921 844.2586 263.7144
v 874.3503 832.0267 263.7155
v 874.7566 832.1527 263.7155
f 7180 7181 7182
v 877.6393 818.6241 263.7168
v 870.0732 845.7810 263.7143
v 860.6298 872.8089 263.7121
f 7183 7184 7185
v 883.8650 848.7710 263.7120
v 889.9099 850.6517 263.7109
v 889.4921 851.8189 263.7108
f 7186 7187 7188
v 900.2614 840.0852 263.7109
v 895.8358 852.4939 263.7099
v 899.7451 839.9246 263.7110
f 7189 7190 7191
v 888.2664 881.4017 263.7071
v 900.2614 840.0852 263.7109
v 905.1298 827.1714 263.7119
f 7192 7193 7194
v 889.9099 850.6517 263.7109
v 895.8358 852.4939 263.7099
v 889.4921 851.8189 263.7108
f 7195 7196 7197
v 883.0019 847.9923 263.7123
v 887.7742 836.2017 263.7131
v 883.8650 848.7710 263.7120
f 7198 7199 7200
v 905.1298 827.1714 263.7119
v 904.1677 827.5239 263.7120
v 897.6564 825.4984 263.7132
f 7201 7202 7203
v 891.0230 823.4362 263.7144
v 905.1298 827.1714 263.7119
v 897.6564 825.4984 263.7132
f 7204 7205 7206
v 904.1677 827.5239 263.7120
v 905.1298 827.1714 263.7119
v 900.2614 840.0852 263.7109
f 7207 7208 7209
v 905.1298 827.1714 263.7119
v 891.0230 823.4362 263.7144
v 877.6393 818.6241 263.7168
f 7210 7211 7212
v 887.7742 836.2017 263.7131
v 883.0019 847.9923 263.7123
v 886.7644 835.8874 263.7133
f 7213 7214 7215
v 895.8358 852.4939 263.7099
v 900.2614 840.0852 263.7109
v 895.6561 853.7363 263.7097
f 7216 7217 7218
v 870.0732 845.7810 263.7143
v 870.9921 844.2586 263.7144
v 876.3884 847.7451 263.7132
f 7219 7220 7221
v 877.6380 818.6228 254.7511
v 877.6393 818.6241 263.7168
v 860.6298 872.8089 263.7121
f 7222 7223 7224
v 905.1284 827.1700 254.7462
v 905.1298 827.1714 263.7119
v 877.6393 818.6241 263.7168
f 7225 7226 7227
v 888.2650 881.4003 254.7414
v 888.2664 881.4017 263.7071
v 905.1298 827.1714 263.7119
f 7228 7229 7230
v 860.6285 872.8075 254.7464
v 860.6298 872.8089 263.7121
v 888.2664 881.4017 263.7071
f 7231 7232 7233
v 887.7743 836.2017 263.9651
v 893.8193 838.0806 264.3441
v 883.8650 848.7710 263.9640
f 7234 7235 7236
v 889.9100 850.6519 264.3429
v 883.8650 848.7710 263.9640
v 893.8193 838.0806 264.3441
f 7237 7238 7239
v 887.7742 836.2017 263.7131
v 887.7743 836.2017 263.9651
v 883.8650 848.7710 263.9640
f 7240 7241 7242
v 899.7451 839.9246 263.9630
v 895.8358 852.4939 263.9619
v 889.9100 850.6519 264.3429
f 7243 7244 7245
v 889.9100 850.6519 264.3429
v 893.8193 838.0806 264.3441
v 899.7451 839.9246 263.9630
f 7246 7247 7248
v 895.8358 852.4939 263.7099
v 895.8358 852.4939 263.9619
v 899.7451 839.9246 263.9630
f 7249 7250 7251
v 884.6119 821.4436 264.8524
v 880.7066 834.0038 264.8514
v 874.3504 832.0268 264.4735
f 7252 7253 7254
v 874.3504 832.0268 264.4735
v 878.2567 819.4666 264.4746
v 884.6119 821.4436 264.8524
f 7255 7256 7257
v 874.7567 832.1527 263.9675
v 876.9370 846.1067 264.3453
v 870.9922 844.2586 263.9664
f 7258 7259 7260
v 876.9370 846.1067 264.3453
v 874.7567 832.1527 263.9675
v 880.7006 834.0018 264.3464
f 7261 7262 7263
v 880.7006 834.0018 264.3464
v 883.0020 847.9924 263.9643
v 876.9370 846.1067 264.3453
f 7264 7265 7266
v 886.7645 835.8875 263.9653
v 883.0020 847.9924 263.9643
v 880.7006 834.0018 264.3464
f 7267 7268 7269
v 883.0019 847.9923 263.7123
v 883.0020 847.9924 263.9643
v 886.7645 835.8875 263.9653
f 7270 7271 7272
v 878.2565 819.4665 263.7166
v 878.2567 819.4666 264.4746
v 874.3504 832.0268 264.4735
f 7273 7274 7275
v 874.7566 832.1527 263.7155
v 874.7567 832.1527 263.9675
v 870.9922 844.2586 263.9664
f 7276 7277 7278
v 875.9612 874.1958 263.9618
v 879.2172 863.7213 263.9627
v 885.1521 865.5664 264.4676
f 7279 7280 7281
v 885.1521 865.5664 264.4676
v 881.8942 876.0409 264.4666
v 875.9612 874.1958 263.9618
f 7282 7283 7284
v 891.1879 867.4442 263.9605
v 887.9311 877.9177 263.9595
v 881.8942 876.0409 264.4666
f 7285 7286 7287
v 885.1521 865.5664 264.4676
v 891.1879 867.4442 263.9605
v 881.8942 876.0409 264.4666
f 7288 7289 7290
v 879.2171 863.7212 263.7107
v 879.2172 863.7213 263.9627
v 875.9612 874.1958 263.9618
f 7291 7292 7293
v 887.9311 877.9177 263.7076
v 887.9311 877.9177 263.9595
v 891.1879 867.4442 263.9605
f 7294 7295 7296
v 895.6562 853.7365 264.5947
v 891.3752 867.5027 264.5935
v 885.2112 865.5853 264.8466
f 7297 7298 7299
v 885.2112 865.5853 264.8466
v 889.4922 851.8190 264.8478
v 895.6562 853.7365 264.5947
f 7300 7301 7302
v 885.2112 865.5853 264.8466
v 883.0259 849.8083 264.5970
v 889.4922 851.8190 264.8478
f 7303 7304 7305
v 883.0259 849.8083 264.5970
v 885.2112 865.5853 264.8466
v 878.7448 863.5746 264.5957
f 7306 7307 7308
v 878.7657 863.5036 264.4688
v 876.3885 847.7452 264.9762
v 883.0259 849.8083 264.4700
f 7309 7310 7311
v 876.3885 847.7452 264.9762
v 878.7657 863.5036 264.4688
v 872.1303 861.4405 264.9749
f 7312 7313 7314
v 870.0733 845.7811 264.4723
v 872.1303 861.4405 264.9749
v 865.8151 859.4773 264.4711
f 7315 7316 7317
v 872.1303 861.4405 264.9749
v 870.0733 845.7811 264.4723
v 876.3885 847.7452 264.9762
f 7318 7319 7320
v 866.2213 859.6031 263.9650
v 868.8376 871.9810 264.4690
v 862.9427 870.1487 263.9641
f 7321 7322 7323
v 868.8376 871.9810 264.4690
v 866.2213 859.6031 263.9650
v 872.1162 861.4364 264.4699
f 7324 7325 7326
v 872.1162 861.4364 264.4699
v 878.2301 863.3369 263.9628
v 868.8376 871.9810 264.4690
f 7327 7328 7329
v 874.9515 873.8825 263.9620
v 868.8376 871.9810 264.4690
v 878.2301 863.3369 263.9628
f 7330 7331 7332
v 891.3751 867.5026 263.7085
v 891.3752 867.5027 264.5935
v 895.6562 853.7365 264.5947
f 7333 7334 7335
v 870.0732 845.7810 263.7143
v 870.0733 845.7811 264.4723
v 865.8151 859.4773 264.4711
f 7336 7337 7338
v 878.7657 863.5036 264.4688
v 883.0259 849.8083 264.4700
v 883.0259 849.8083 264.5970
f 7339 7340 7341
v 878.7656 863.5035 263.7108
v 878.7657 863.5036 264.4688
v 878.7447 863.5745 263.7107
f 7342 7343 7344
v 878.7448 863.5746 264.5957
v 878.7447 863.5745 263.7107
v 878.7657 863.5036 264.4688
f 7345 7346 7347
v 866.2213 859.6031 263.7130
v 866.2213 859.6031 263.9650
v 862.9427 870.1487 263.9641
f 7348 7349 7350
v 874.9514 873.8824 263.7100
v 874.9515 873.8825 263.9620
v 878.2301 863.3369 263.9628
f 7351 7352 7353
v 889.9100 850.6519 264.3429
v 889.9099 850.6517 263.7109
v 883.8650 848.7710 263.7120
f 7354 7355 7356
v 883.8650 848.7710 263.9640
v 889.9100 850.6519 264.3429
v 883.8650 848.7710 263.7120
f 7357 7358 7359
v 889.9099 850.6517 263.7109
v 895.8358 852.4939 263.9619
v 895.8358 852.4939 263.7099
f 7360 7361 7362
v 889.9100 850.6519 264.3429
v 895.8358 852.4939 263.9619
v 889.9099 850.6517 263.7109
f 7363 7364 7365
v 876.9369 846.1066 263.7133
v 870.9921 844.2586 263.7144
v 870.9922 844.2586 263.9664
f 7366 7367 7368
v 876.9370 846.1067 264.3453
v 876.9369 846.1066 263.7133
v 870.9922 844.2586 263.9664
f 7369 7370 7371
v 876.9369 846.1066 263.7133
v 876.9370 846.1067 264.3453
v 883.0019 847.9923 263.7123
f 7372 7373 7374
v 883.0020 847.9924 263.9643
v 883.0019 847.9923 263.7123
v 876.9370 846.1067 264.3453
f 7375 7376 7377
v 891.0230 823.4362 263.7144
v 897.6564 825.4984 263.7132
v 897.6566 825.4986 264.8501
f 7378 7379 7380
v 904.1677 827.5239 263.7120
v 904.1679 827.5240 264.3440
v 897.6564 825.4984 263.7132
f 7381 7382 7383
v 897.6566 825.4986 264.8501
v 897.6564 825.4984 263.7132
v 904.1679 827.5240 264.3440
f 7384 7385 7386
v 891.0230 823.4362 263.7144
v 897.6566 825.4986 264.8501
v 891.0231 823.4363 264.4724
f 7387 7388 7389
v 878.2565 819.4665 263.7166
v 884.6119 821.4436 264.8524
v 878.2567 819.4666 264.4746
f 7390 7391 7392
v 891.0231 823.4363 264.4724
v 884.6118 821.4434 263.7155
v 891.0230 823.4362 263.7144
f 7393 7394 7395
v 878.2565 819.4665 263.7166
v 884.6118 821.4434 263.7155
v 884.6119 821.4436 264.8524
f 7396 7397 7398
v 884.6119 821.4436 264.8524
v 884.6118 821.4434 263.7155
v 891.0231 823.4363 264.4724
f 7399 7400 7401
v 881.8942 876.0409 264.4666
v 881.8941 876.0408 263.7087
v 875.9612 874.1958 263.7098
f 7402 7403 7404
v 875.9612 874.1958 263.9618
v 881.8942 876.0409 264.4666
v 875.9612 874.1958 263.7098
f 7405 7406 7407
v 881.8941 876.0408 263.7087
v 887.9311 877.9177 263.9595
v 887.9311 877.9177 263.7076
f 7408 7409 7410
v 881.8942 876.0409 264.4666
v 887.9311 877.9177 263.9595
v 881.8941 876.0408 263.7087
f 7411 7412 7413
v 879.2172 863.7213 263.9627
v 878.7448 863.5746 264.5957
v 885.1521 865.5664 264.4676
f 7414 7415 7416
v 885.2112 865.5853 264.8466
v 885.1521 865.5664 264.4676
v 878.7448 863.5746 264.5957
f 7417 7418 7419
v 879.2171 863.7212 263.7107
v 878.7447 863.5745 263.7107
v 879.2172 863.7213 263.9627
f 7420 7421 7422
v 878.7448 863.5746 264.5957
v 879.2172 863.7213 263.9627
v 878.7447 863.5745 263.7107
f 7423 7424 7425
v 891.1879 867.4442 263.9605
v 885.2112 865.5853 264.8466
v 891.3752 867.5027 264.5935
f 7426 7427 7428
v 885.1521 865.5664 264.4676
v 885.2112 865.5853 264.8466
v 891.1879 867.4442 263.9605
f 7429 7430 7431
v 891.1879 867.4441 263.7085
v 891.1879 867.4442 263.9605
v 891.3751 867.5026 263.7085
f 7432 7433 7434
v 891.3752 867.5027 264.5935
v 891.3751 867.5026 263.7085
v 891.1879 867.4442 263.9605
f 7435 7436 7437
v 872.1162 861.4364 264.4699
v 866.2213 859.6031 263.9650
v 865.8151 859.4773 264.4711
f 7438 7439 7440
v 866.2213 859.6031 263.7130
v 865.8150 859.4772 263.7131
v 866.2213 859.6031 263.9650
f 7441 7442 7443
v 865.8151 859.4773 264.4711
v 866.2213 859.6031 263.9650
v 865.8150 859.4772 263.7131
f 7444 7445 7446
v 872.1303 861.4405 264.9749
v 872.1162 861.4364 264.4699
v 865.8151 859.4773 264.4711
f 7447 7448 7449
v 872.1162 861.4364 264.4699
v 872.1303 861.4405 264.9749
v 878.2301 863.3369 263.9628
f 7450 7451 7452
v 878.2301 863.3369 263.9628
v 872.1303 861.4405 264.9749
v 878.7657 863.5036 264.4688
f 7453 7454 7455
v 878.2301 863.3368 263.7108
v 878.2301 863.3369 263.9628
v 878.7656 863.5035 263.7108
f 7456 7457 7458
v 878.7657 863.5036 264.4688
v 878.7656 863.5035 263.7108
v 878.2301 863.3369 263.9628
f 7459 7460 7461
v 883.0257 849.8082 263.7120
v 889.4921 851.8189 263.7108
v 889.4922 851.8190 264.8478
f 7462 7463 7464
v 895.6561 853.7363 263.7097
v 895.6562 853.7365 264.5947
v 889.4921 851.8189 263.7108
f 7465 7466 7467
v 889.4922 851.8190 264.8478
v 889.4921 851.8189 263.7108
v 895.6562 853.7365 264.5947
f 7468 7469 7470
v 883.0259 849.8083 264.4700
v 889.4922 851.8190 264.8478
v 883.0259 849.8083 264.5970
f 7471 7472 7473
v 870.0732 845.7810 263.7143
v 876.3885 847.7452 264.9762
v 870.0733 845.7811 264.4723
f 7474 7475 7476
v 876.3884 847.7451 263.7132
v 876.3885 847.7452 264.9762
v 870.0732 845.7810 263.7143
f 7477 7478 7479
v 883.0257 849.8082 263.7120
v 883.0259 849.8083 264.4700
v 876.3884 847.7451 263.7132
f 7480 7481 7482
v 889.4922 851.8190 264.8478
v 883.0259 849.8083 264.4700
v 883.0257 849.8082 263.7120
f 7483 7484 7485
v 876.3884 847.7451 263.7132
v 883.0259 849.8083 264.4700
v 876.3885 847.7452 264.9762
f 7486 7487 7488
v 868.8376 871.9810 264.4690
v 868.8375 871.9809 263.7111
v 862.9426 870.1487 263.7121
f 7489 7490 7491
v 862.9427 870.1487 263.9641
v 868.8376 871.9810 264.4690
v 862.9426 870.1487 263.7121
f 7492 7493 7494
v 868.8375 871.9809 263.7111
v 874.9515 873.8825 263.9620
v 874.9514 873.8824 263.7100
f 7495 7496 7497
v 868.8376 871.9810 264.4690
v 874.9515 873.8825 263.9620
v 868.8375 871.9809 263.7111
f 7498 7499 7500
v 874.3504 832.0268 264.4735
v 880.7066 834.0038 264.8514
v 880.7006 834.0018 264.3464
f 7501 7502 7503
v 880.7006 834.0018 264.3464
v 880.7066 834.0038 264.8514
v 886.7645 835.8875 263.9653
f 7504 7505 7506
v 887.1188 835.9975 264.4713
v 886.7645 835.8875 263.9653
v 880.7066 834.0038 264.8514
f 7507 7508 7509
v 874.7567 832.1527 263.9675
v 874.3503 832.0267 263.7155
v 874.3504 832.0268 264.4735
f 7510 7511 7512
v 880.7006 834.0018 264.3464
v 874.7567 832.1527 263.9675
v 874.3504 832.0268 264.4735
f 7513 7514 7515
v 874.3503 832.0267 263.7155
v 874.7567 832.1527 263.9675
v 874.7566 832.1527 263.7155
f 7516 7517 7518
v 887.7743 836.2017 263.9651
v 886.7645 835.8875 263.9653
v 887.1188 835.9975 264.4713
f 7519 7520 7521
v 887.1188 835.9975 264.4713
v 893.8193 838.0806 264.3441
v 887.7743 836.2017 263.9651
f 7522 7523 7524
v 893.8193 838.0806 264.3441
v 893.7513 838.0599 264.8491
v 899.7451 839.9246 263.9630
f 7525 7526 7527
v 900.2615 840.0853 264.3429
v 899.7451 839.9246 263.9630
v 893.7513 838.0599 264.8491
f 7528 7529 7530
v 900.2614 840.0852 263.7109
v 899.7451 839.9246 263.9630
v 900.2615 840.0853 264.3429
f 7531 7532 7533
v 886.7644 835.8874 263.7133
v 886.7645 835.8875 263.9653
v 887.7742 836.2017 263.7131
f 7534 7535 7536
v 887.7743 836.2017 263.9651
v 887.7742 836.2017 263.7131
v 886.7645 835.8875 263.9653
f 7537 7538 7539
v 899.7451 839.9246 263.7110
v 899.7451 839.9246 263.9630
v 900.2614 840.0852 263.7109
f 7540 7541 7542
v 893.7513 838.0599 264.8491
v 893.8193 838.0806 264.3441
v 887.1188 835.9975 264.4713
f 7543 7544 7545
v 900.2614 840.0852 263.7109
v 904.1679 827.5240 264.3440
v 904.1677 827.5239 263.7120
f 7546 7547 7548
v 877.6380 818.6228 254.7511
v 860.6298 872.8089 263.7121
v 860.6285 872.8075 254.7464
f 7549 7550 7551
v 905.1284 827.1700 254.7462
v 877.6393 818.6241 263.7168
v 877.6380 818.6228 254.7511
f 7552 7553 7554
v 888.2650 881.4003 254.7414
v 905.1298 827.1714 263.7119
v 905.1284 827.1700 254.7462
f 7555 7556 7557
v 860.6285 872.8075 254.7464
v 888.2664 881.4017 263.7071
v 888.2650 881.4003 254.7414
f 7558 7559 7560
v 887.7742 836.2017 263.7131
v 883.8650 848.7710 263.9640
v 883.8650 848.7710 263.7120
f 7561 7562 7563
v 895.8358 852.4939 263.7099
v 899.7451 839.9246 263.9630
v 899.7451 839.9246 263.7110
f 7564 7565 7566
v 883.0019 847.9923 263.7123
v 886.7645 835.8875 263.9653
v 886.7644 835.8874 263.7133
f 7567 7568 7569
v 878.2565 819.4665 263.7166
v 874.3504 832.0268 264.4735
v 874.3503 832.0267 263.7155
f 7570 7571 7572
v 874.7566 832.1527 263.7155
v 870.9922 844.2586 263.9664
v 870.9921 844.2586 263.7144
f 7573 7574 7575
v 879.2171 863.7212 263.7107
v 875.9612 874.1958 263.9618
v 875.9612 874.1958 263.7098
f 7576 7577 7578
v 887.9311 877.9177 263.7076
v 891.1879 867.4442 263.9605
v 891.1879 867.4441 263.7085
f 7579 7580 7581
v 891.3751 867.5026 263.7085
v 895.6562 853.7365 264.5947
v 895.6561 853.7363 263.7097
f 7582 7583 7584
v 870.0732 845.7810 263.7143
v 865.8151 859.4773 264.4711
v 865.8150 859.4772 263.7131
f 7585 7586 7587
v 878.7657 863.5036 264.4688
v 883.0259 849.8083 264.5970
v 878.7448 863.5746 264.5957
f 7588 7589 7590
v 866.2213 859.6031 263.7130
v 862.9427 870.1487 263.9641
v 862.9426 870.1487 263.7121
f 7591 7592 7593
v 874.9514 873.8824 263.7100
v 878.2301 863.3369 263.9628
v 878.2301 863.3368 263.7108
f 7594 7595 7596
